date,pair,strategy_return,strategy_return_gross,position_change,segment,weight,weighted_return
2017-07-05,MCHP/TXN,-0.0,-0.0,0.0,0,0.3333333333333333,-0.0
2017-07-05,AMZN/META,0.0,0.0,0.0,0,0.3333333333333333,0.0
2017-07-05,MS/STT,0.0,0.0,0.0,0,0.3333333333333333,0.0
2017-07-06,MCHP/TXN,0.0,0.0,0.0,0,0.3333333333333333,0.0
2017-07-06,AMZN/META,-0.0,-0.0,0.0,0,0.3333333333333333,-0.0
2017-07-06,MS/STT,0.0,0.0,0.0,0,0.3333333333333333,0.0
2017-07-07,MCHP/TXN,0.0,0.0,0.0,0,0.3333333333333333,0.0
2017-07-07,AMZN/META,0.0,0.0,0.0,0,0.3333333333333333,0.0
2017-07-07,MS/STT,0.0012577576958123,0.0022577576958123,1.0,0,0.3333333333333333,0.0004192525652707
2017-07-10,MCHP/TXN,0.0,0.0,0.0,0,0.3333333333333333,0.0
2017-07-10,AMZN/META,0.0,0.0,0.0,0,0.3333333333333333,0.0
2017-07-10,MS/STT,0.0040013979579087,0.0040013979579087,0.0,0,0.3333333333333333,0.0013337993193029
2017-07-11,MCHP/TXN,0.0,0.0,0.0,0,0.3333333333333333,0.0
2017-07-11,AMZN/META,0.0,0.0,0.0,0,0.3333333333333333,0.0
2017-07-11,MS/STT,-0.0006757414446757,-0.0006757414446757,0.0,0,0.3333333333333333,-0.0002252471482252
2017-07-12,MCHP/TXN,0.0,0.0,0.0,0,0.3333333333333333,0.0
2017-07-12,AMZN/META,-0.0129641029904118,-0.0119641029904118,1.0,0,0.3333333333333333,-0.0043213676634706
2017-07-12,MS/STT,0.0101999986093888,0.0101999986093888,0.0,0,0.3333333333333333,0.0033999995364629
2017-07-13,MCHP/TXN,0.0,0.0,0.0,0,0.3333333333333333,0.0
2017-07-13,AMZN/META,-0.0034103032668881,-0.0034103032668881,0.0,0,0.3333333333333333,-0.0011367677556293
2017-07-13,MS/STT,-0.002668108488715,-0.002668108488715,0.0,0,0.3333333333333333,-0.0008893694962383
2017-07-14,MCHP/TXN,0.0,0.0,0.0,0,0.3333333333333333,0.0
2017-07-14,AMZN/META,-0.0026477217670166,-0.0026477217670166,0.0,0,0.3333333333333333,-0.0008825739223388
2017-07-14,MS/STT,0.0051976929199902,0.0051976929199902,0.0,0,0.3333333333333333,0.0017325643066634
2017-07-17,MCHP/TXN,-0.0,-0.0,0.0,0,0.3333333333333333,-0.0
2017-07-17,AMZN/META,0.0036627649256377,0.0036627649256377,0.0,0,0.3333333333333333,0.0012209216418792
2017-07-17,MS/STT,0.000894367699259,0.000894367699259,0.0,0,0.3333333333333333,0.0002981225664196
2017-07-18,MCHP/TXN,0.0,0.0,0.0,0,0.3333333333333333,0.0
2017-07-18,AMZN/META,-0.0086782877598457,-0.0086782877598457,0.0,0,0.3333333333333333,-0.0028927625866152
2017-07-18,MS/STT,-0.0001180664653144,-0.0001180664653144,0.0,0,0.3333333333333333,-3.935548843815708e-05
2017-07-19,MCHP/TXN,-0.0,-0.0,0.0,0,0.3333333333333333,-0.0
2017-07-19,AMZN/META,-0.004554197450627,-0.004554197450627,0.0,0,0.3333333333333333,-0.0015180658168756
2017-07-19,MS/STT,-0.025058601403889,-0.025058601403889,0.0,0,0.3333333333333333,-0.0083528671346296
2017-07-20,MCHP/TXN,0.0,0.0,0.0,0,0.3333333333333333,0.0
2017-07-20,AMZN/META,-0.0010276884513996,-0.0010276884513996,0.0,0,0.3333333333333333,-0.0003425628171332
2017-07-20,MS/STT,-0.001,-0.0,1.0,0,0.3333333333333333,-0.0003333333333333
2017-07-21,MCHP/TXN,0.0,0.0,0.0,0,0.3333333333333333,0.0
2017-07-21,AMZN/META,-0.0005467265994622,-0.0005467265994622,0.0,0,0.3333333333333333,-0.0001822421998207
2017-07-21,MS/STT,0.0,0.0,0.0,0,0.3333333333333333,0.0
2017-07-24,MCHP/TXN,-0.0,-0.0,0.0,0,0.3333333333333333,-0.0
2017-07-24,AMZN/META,-0.0022294430167845,-0.0022294430167845,0.0,0,0.3333333333333333,-0.0007431476722615
2017-07-24,MS/STT,-0.0,-0.0,0.0,0,0.3333333333333333,-0.0
2017-07-25,MCHP/TXN,0.0,0.0,0.0,0,0.3333333333333333,0.0
2017-07-25,AMZN/META,0.0032127857348705,0.0032127857348705,0.0,0,0.3333333333333333,0.0010709285782901
2017-07-25,MS/STT,0.0,0.0,0.0,0,0.3333333333333333,0.0
2017-07-26,MCHP/TXN,-0.0,-0.0,0.0,0,0.3333333333333333,-0.0
2017-07-26,AMZN/META,0.0027064646527032,0.0027064646527032,0.0,0,0.3333333333333333,0.0009021548842344
2017-07-26,MS/STT,-0.0,-0.0,0.0,0,0.3333333333333333,-0.0
2017-07-27,MCHP/TXN,0.0,0.0,0.0,0,0.3333333333333333,0.0
2017-07-27,AMZN/META,-0.0217678244487545,-0.0217678244487545,0.0,0,0.3333333333333333,-0.0072559414829181
2017-07-27,MS/STT,0.0,0.0,0.0,0,0.3333333333333333,0.0
2017-07-28,MCHP/TXN,-0.0,-0.0,0.0,0,0.3333333333333333,-0.0
2017-07-28,AMZN/META,-0.016052537103289,-0.016052537103289,0.0,0,0.3333333333333333,-0.0053508457010963
2017-07-28,MS/STT,-0.0,-0.0,0.0,0,0.3333333333333333,-0.0
2017-07-31,MCHP/TXN,0.0,0.0,0.0,0,0.3333333333333333,0.0
2017-07-31,AMZN/META,0.0020985891019512,0.0020985891019512,0.0,0,0.3333333333333333,0.0006995297006504
2017-07-31,MS/STT,0.0,0.0,0.0,0,0.3333333333333333,0.0
2017-08-01,MCHP/TXN,0.0,0.0,0.0,0,0.3333333333333333,0.0
2017-08-01,AMZN/META,0.0003713947129128,0.0003713947129128,0.0,0,0.3333333333333333,0.0001237982376376
2017-08-01,MS/STT,0.0,0.0,0.0,0,0.3333333333333333,0.0
2017-08-02,MCHP/TXN,-0.0,-0.0,0.0,0,0.3333333333333333,-0.0
2017-08-02,AMZN/META,0.0021151138561345,0.0021151138561345,0.0,0,0.3333333333333333,0.0007050379520448
2017-08-02,MS/STT,-0.0,-0.0,0.0,0,0.3333333333333333,-0.0
2017-08-03,MCHP/TXN,-0.0,-0.0,0.0,0,0.3333333333333333,-0.0
2017-08-03,AMZN/META,-0.0001442424623775,-0.0001442424623775,0.0,0,0.3333333333333333,-4.808082079253189e-05
2017-08-03,MS/STT,0.0,0.0,0.0,0,0.3333333333333333,0.0
2017-08-04,MCHP/TXN,-0.0,-0.0,0.0,0,0.3333333333333333,-0.0
2017-08-04,AMZN/META,-0.0038810930291894,-0.0038810930291894,0.0,0,0.3333333333333333,-0.0012936976763964
2017-08-04,MS/STT,0.0,0.0,0.0,0,0.3333333333333333,0.0
2017-08-07,MCHP/TXN,-0.0029304807780882,-0.0019304807780882,1.0,0,0.3333333333333333,-0.0009768269260294
2017-08-07,AMZN/META,-0.0077735020342235,-0.0077735020342235,0.0,0,0.3333333333333333,-0.0025911673447411
2017-08-07,MS/STT,0.0,0.0,0.0,0,0.3333333333333333,0.0
2017-08-08,MCHP/TXN,0.0037454235105269,0.0037454235105269,0.0,0,0.3333333333333333,0.0012484745035089
2017-08-08,AMZN/META,-0.001,-0.0,1.0,0,0.3333333333333333,-0.0003333333333333
2017-08-08,MS/STT,-0.0,-0.0,0.0,0,0.3333333333333333,-0.0
2017-08-09,MCHP/TXN,0.0036900574469646,0.0036900574469646,0.0,0,0.3333333333333333,0.0012300191489882
2017-08-09,AMZN/META,0.0,0.0,0.0,0,0.3333333333333333,0.0
2017-08-09,MS/STT,-0.0,-0.0,0.0,0,0.3333333333333333,-0.0
2017-08-10,MCHP/TXN,-0.0023209484421476,-0.0023209484421476,0.0,0,0.3333333333333333,-0.0007736494807158
2017-08-10,AMZN/META,-0.0,-0.0,0.0,0,0.3333333333333333,-0.0
2017-08-10,MS/STT,-0.0,-0.0,0.0,0,0.3333333333333333,-0.0
2017-08-11,MCHP/TXN,-0.0009578140342918,-0.0009578140342918,0.0,0,0.3333333333333333,-0.0003192713447639
2017-08-11,AMZN/META,-0.0,-0.0,0.0,0,0.3333333333333333,-0.0
2017-08-11,MS/STT,-0.0,-0.0,0.0,0,0.3333333333333333,-0.0
2017-08-14,MCHP/TXN,-0.0004718218306187,-0.0004718218306187,0.0,0,0.3333333333333333,-0.0001572739435395
2017-08-14,AMZN/META,0.0,0.0,0.0,0,0.3333333333333333,0.0
2017-08-14,MS/STT,0.0,0.0,0.0,0,0.3333333333333333,0.0
2017-08-15,MCHP/TXN,-0.0020313622933348,-0.0020313622933348,0.0,0,0.3333333333333333,-0.0006771207644449
2017-08-15,AMZN/META,0.0,0.0,0.0,0,0.3333333333333333,0.0
2017-08-15,MS/STT,-0.0,-0.0,0.0,0,0.3333333333333333,-0.0
2017-08-16,MCHP/TXN,0.004317967617096,0.004317967617096,0.0,0,0.3333333333333333,0.001439322539032
2017-08-16,AMZN/META,-0.0,-0.0,0.0,0,0.3333333333333333,-0.0
2017-08-16,MS/STT,-0.0,-0.0,0.0,0,0.3333333333333333,-0.0
2017-08-17,MCHP/TXN,-0.0061708211503245,-0.0061708211503245,0.0,0,0.3333333333333333,-0.0020569403834415
2017-08-17,AMZN/META,-0.0,-0.0,0.0,0,0.3333333333333333,-0.0
2017-08-17,MS/STT,-0.0,-0.0,0.0,0,0.3333333333333333,-0.0
2017-08-18,MCHP/TXN,-0.0009827206184643,-0.0009827206184643,0.0,0,0.3333333333333333,-0.0003275735394881
2017-08-18,AMZN/META,0.0,0.0,0.0,0,0.3333333333333333,0.0
2017-08-18,MS/STT,0.0,0.0,0.0,0,0.3333333333333333,0.0
2017-08-21,MCHP/TXN,-0.0003438837592093,-0.0003438837592093,0.0,0,0.3333333333333333,-0.0001146279197364
2017-08-21,AMZN/META,0.0,0.0,0.0,0,0.3333333333333333,0.0
2017-08-21,MS/STT,-0.0,-0.0,0.0,0,0.3333333333333333,-0.0
2017-08-22,MCHP/TXN,0.0004976792041257,0.0004976792041257,0.0,0,0.3333333333333333,0.0001658930680419
2017-08-22,AMZN/META,0.0,0.0,0.0,0,0.3333333333333333,0.0
2017-08-22,MS/STT,0.0,0.0,0.0,0,0.3333333333333333,0.0
2017-08-23,MCHP/TXN,9.410559689058558e-05,9.410559689058558e-05,0.0,0,0.3333333333333333,3.136853229686186e-05
2017-08-23,AMZN/META,-0.0,-0.0,0.0,0,0.3333333333333333,-0.0
2017-08-23,MS/STT,0.0,0.0,0.0,0,0.3333333333333333,0.0
2017-08-24,MCHP/TXN,0.0036712129623098,0.0036712129623098,0.0,0,0.3333333333333333,0.0012237376541032
2017-08-24,AMZN/META,-0.0,-0.0,0.0,0,0.3333333333333333,-0.0
2017-08-24,MS/STT,0.0,0.0,0.0,0,0.3333333333333333,0.0
2017-08-25,MCHP/TXN,-0.0016762424912681,-0.0016762424912681,0.0,0,0.3333333333333333,-0.0005587474970893
2017-08-25,AMZN/META,-0.0,-0.0,0.0,0,0.3333333333333333,-0.0
2017-08-25,MS/STT,0.0,0.0,0.0,0,0.3333333333333333,0.0
2017-08-28,MCHP/TXN,-0.0071748317327993,-0.0071748317327993,0.0,0,0.3333333333333333,-0.0023916105775997
2017-08-28,AMZN/META,0.0,0.0,0.0,0,0.3333333333333333,0.0
2017-08-28,MS/STT,-0.0,-0.0,0.0,0,0.3333333333333333,-0.0
2017-08-29,MCHP/TXN,0.0016452833250497,0.0016452833250497,0.0,0,0.3333333333333333,0.0005484277750165
2017-08-29,AMZN/META,0.0,0.0,0.0,0,0.3333333333333333,0.0
2017-08-29,MS/STT,0.0,0.0,0.0,0,0.3333333333333333,0.0
2017-08-30,MCHP/TXN,0.0004180173791274,0.0004180173791274,0.0,0,0.3333333333333333,0.0001393391263758
2017-08-30,AMZN/META,0.0,0.0,0.0,0,0.3333333333333333,0.0
2017-08-30,MS/STT,0.0,0.0,0.0,0,0.3333333333333333,0.0
2017-08-31,MCHP/TXN,-0.0016269199265236,-0.0016269199265236,0.0,0,0.3333333333333333,-0.0005423066421745
2017-08-31,AMZN/META,0.0,0.0,0.0,0,0.3333333333333333,0.0
2017-08-31,MS/STT,-0.0,-0.0,0.0,0,0.3333333333333333,-0.0
2017-09-01,MCHP/TXN,-0.001,-0.0,1.0,0,0.3333333333333333,-0.0003333333333333
2017-09-01,AMZN/META,0.0,0.0,0.0,0,0.3333333333333333,0.0
2017-09-01,MS/STT,0.0,0.0,0.0,0,0.3333333333333333,0.0
2017-09-05,MCHP/TXN,0.0,0.0,0.0,0,0.3333333333333333,0.0
2017-09-05,AMZN/META,-0.0,-0.0,0.0,0,0.3333333333333333,-0.0
2017-09-05,MS/STT,-0.0,-0.0,0.0,0,0.3333333333333333,-0.0
2017-09-06,MCHP/TXN,0.0,0.0,0.0,0,0.3333333333333333,0.0
2017-09-06,AMZN/META,0.0,0.0,0.0,0,0.3333333333333333,0.0
2017-09-06,MS/STT,0.0,0.0,0.0,0,0.3333333333333333,0.0
2017-09-07,MCHP/TXN,-0.0,-0.0,0.0,0,0.3333333333333333,-0.0
2017-09-07,AMZN/META,0.0,0.0,0.0,0,0.3333333333333333,0.0
2017-09-07,MS/STT,-0.0,-0.0,0.0,0,0.3333333333333333,-0.0
2017-09-08,MCHP/TXN,-0.0,-0.0,0.0,0,0.3333333333333333,-0.0
2017-09-08,AMZN/META,-0.0,-0.0,0.0,0,0.3333333333333333,-0.0
2017-09-08,MS/STT,-0.0,-0.0,0.0,0,0.3333333333333333,-0.0
2017-09-11,MCHP/TXN,-0.0,-0.0,0.0,0,0.3333333333333333,-0.0
2017-09-11,AMZN/META,0.0,0.0,0.0,0,0.3333333333333333,0.0
2017-09-11,MS/STT,0.0040654969330034,0.0050654969330034,1.0,0,0.3333333333333333,0.0013551656443344
2017-09-12,MCHP/TXN,0.0,0.0,0.0,0,0.3333333333333333,0.0
2017-09-12,AMZN/META,-0.0,-0.0,0.0,0,0.3333333333333333,-0.0
2017-09-12,MS/STT,0.0040134478374172,0.0040134478374172,0.0,0,0.3333333333333333,0.0013378159458057
2017-09-13,MCHP/TXN,-0.0,-0.0,0.0,0,0.3333333333333333,-0.0
2017-09-13,AMZN/META,-0.0,-0.0,0.0,0,0.3333333333333333,-0.0
2017-09-13,MS/STT,0.0088942485758282,0.0088942485758282,0.0,0,0.3333333333333333,0.002964749525276
2017-09-14,MCHP/TXN,0.0,0.0,0.0,0,0.3333333333333333,0.0
2017-09-14,AMZN/META,-0.0,-0.0,0.0,0,0.3333333333333333,-0.0
2017-09-14,MS/STT,0.0031685958408178,0.0031685958408178,0.0,0,0.3333333333333333,0.0010561986136059
2017-09-15,MCHP/TXN,0.0,0.0,0.0,0,0.3333333333333333,0.0
2017-09-15,AMZN/META,0.0,0.0,0.0,0,0.3333333333333333,0.0
2017-09-15,MS/STT,0.0023891071992822,0.0023891071992822,0.0,0,0.3333333333333333,0.0007963690664274
2017-09-18,MCHP/TXN,-0.003862467774951,-0.002862467774951,1.0,0,0.3333333333333333,-0.001287489258317
2017-09-18,AMZN/META,-0.0,-0.0,0.0,0,0.3333333333333333,-0.0
2017-09-18,MS/STT,0.0048245650801824,0.0048245650801824,0.0,0,0.3333333333333333,0.0016081883600608
2017-09-19,MCHP/TXN,-0.0047625507715228,-0.0047625507715228,0.0,0,0.3333333333333333,-0.0015875169238409
2017-09-19,AMZN/META,0.0,0.0,0.0,0,0.3333333333333333,0.0
2017-09-19,MS/STT,-0.0004789627400808,-0.0004789627400808,0.0,0,0.3333333333333333,-0.0001596542466936
2017-09-20,MCHP/TXN,-0.005149747260073,-0.005149747260073,0.0,0,0.3333333333333333,-0.0017165824200243
2017-09-20,AMZN/META,-0.0,-0.0,0.0,0,0.3333333333333333,-0.0
2017-09-20,MS/STT,0.0018143787476445,0.0018143787476445,0.0,0,0.3333333333333333,0.0006047929158815
2017-09-21,MCHP/TXN,-0.0012470372487531,-0.0012470372487531,0.0,0,0.3333333333333333,-0.0004156790829177
2017-09-21,AMZN/META,-0.0,-0.0,0.0,0,0.3333333333333333,-0.0
2017-09-21,MS/STT,0.003537750288615,0.003537750288615,0.0,0,0.3333333333333333,0.001179250096205
2017-09-22,MCHP/TXN,-0.009294669669715,-0.009294669669715,0.0,0,0.3333333333333333,-0.0030982232232383
2017-09-22,AMZN/META,0.0,0.0,0.0,0,0.3333333333333333,0.0
2017-09-22,MS/STT,0.0014296646902639,0.0014296646902639,0.0,0,0.3333333333333333,0.0004765548967546
2017-09-25,MCHP/TXN,-0.0021836695055672,-0.0021836695055672,0.0,0,0.3333333333333333,-0.000727889835189
2017-09-25,AMZN/META,-0.0,-0.0,0.0,0,0.3333333333333333,-0.0
2017-09-25,MS/STT,-4.224056953925233e-05,-4.224056953925233e-05,0.0,0,0.3333333333333333,-1.4080189846417443e-05
2017-09-26,MCHP/TXN,-0.0027890705503364,-0.0027890705503364,0.0,0,0.3333333333333333,-0.0009296901834454
2017-09-26,AMZN/META,0.0,0.0,0.0,0,0.3333333333333333,0.0
2017-09-26,MS/STT,-0.0004664293511667,-0.0004664293511667,0.0,0,0.3333333333333333,-0.0001554764503889
2017-09-27,MCHP/TXN,-0.0021006779787104,-0.0021006779787104,0.0,0,0.3333333333333333,-0.0007002259929034
2017-09-27,AMZN/META,0.0,0.0,0.0,0,0.3333333333333333,0.0
2017-09-27,MS/STT,-0.0011024425395234,-0.0011024425395234,0.0,0,0.3333333333333333,-0.0003674808465078
2017-09-28,MCHP/TXN,-0.0045834142588789,-0.0045834142588789,0.0,0,0.3333333333333333,-0.0015278047529596
2017-09-28,AMZN/META,0.0,0.0,0.0,0,0.3333333333333333,0.0
2017-09-28,MS/STT,-0.0004100372961797,-0.0004100372961797,0.0,0,0.3333333333333333,-0.0001366790987265
2017-09-29,MCHP/TXN,0.0030030858289344,0.0030030858289344,0.0,0,0.3333333333333333,0.0010010286096448
2017-09-29,AMZN/META,0.0,0.0,0.0,0,0.3333333333333333,0.0
2017-09-29,MS/STT,-0.0005030389472376,-0.0005030389472376,0.0,0,0.3333333333333333,-0.0001676796490792
2017-10-02,MCHP/TXN,0.0034460233715891,0.0034460233715891,0.0,0,0.3333333333333333,0.0011486744571963
2017-10-02,AMZN/META,-0.0,-0.0,0.0,0,0.3333333333333333,-0.0
2017-10-02,MS/STT,0.004510431683069,0.004510431683069,0.0,0,0.3333333333333333,0.0015034772276896
2017-10-03,MCHP/TXN,0.0,0.0,0.0,1,0.25,0.0
2017-10-03,MS/STT,0.0,0.0,0.0,1,0.25,0.0
2017-10-03,TLH/VGLT,0.0,0.0,0.0,1,0.25,0.0
2017-10-03,AMD/AVGO,0.0,0.0,0.0,1,0.25,0.0
2017-10-04,MCHP/TXN,-0.0,-0.0,0.0,1,0.25,-0.0
2017-10-04,MS/STT,-0.0,-0.0,0.0,1,0.25,-0.0
2017-10-04,TLH/VGLT,-0.0,-0.0,0.0,1,0.25,-0.0
2017-10-04,AMD/AVGO,-0.0,-0.0,0.0,1,0.25,-0.0
2017-10-05,MCHP/TXN,0.0,0.0,0.0,1,0.25,0.0
2017-10-05,MS/STT,-0.0,-0.0,0.0,1,0.25,-0.0
2017-10-05,TLH/VGLT,0.0,0.0,0.0,1,0.25,0.0
2017-10-05,AMD/AVGO,-0.0,-0.0,0.0,1,0.25,-0.0
2017-10-06,MCHP/TXN,0.0,0.0,0.0,1,0.25,0.0
2017-10-06,MS/STT,0.0,0.0,0.0,1,0.25,0.0
2017-10-06,TLH/VGLT,-0.0,-0.0,0.0,1,0.25,-0.0
2017-10-06,AMD/AVGO,-0.0,-0.0,0.0,1,0.25,-0.0
2017-10-09,MCHP/TXN,0.0,0.0,0.0,1,0.25,0.0
2017-10-09,MS/STT,-0.0,-0.0,0.0,1,0.25,-0.0
2017-10-09,TLH/VGLT,0.0,0.0,0.0,1,0.25,0.0
2017-10-09,AMD/AVGO,0.0,0.0,0.0,1,0.25,0.0
2017-10-10,MCHP/TXN,0.0,0.0,0.0,1,0.25,0.0
2017-10-10,MS/STT,-0.0,-0.0,0.0,1,0.25,-0.0
2017-10-10,TLH/VGLT,-0.0,-0.0,0.0,1,0.25,-0.0
2017-10-10,AMD/AVGO,0.0,0.0,0.0,1,0.25,0.0
2017-10-11,MCHP/TXN,0.0,0.0,0.0,1,0.25,0.0
2017-10-11,MS/STT,-0.0,-0.0,0.0,1,0.25,-0.0
2017-10-11,TLH/VGLT,-0.0,-0.0,0.0,1,0.25,-0.0
2017-10-11,AMD/AVGO,-0.0,-0.0,0.0,1,0.25,-0.0
2017-10-12,MCHP/TXN,-0.0,-0.0,0.0,1,0.25,-0.0
2017-10-12,MS/STT,-0.0,-0.0,0.0,1,0.25,-0.0
2017-10-12,TLH/VGLT,0.0,0.0,0.0,1,0.25,0.0
2017-10-12,AMD/AVGO,0.0,0.0,0.0,1,0.25,0.0
2017-10-13,MCHP/TXN,0.0,0.0,0.0,1,0.25,0.0
2017-10-13,MS/STT,-0.0,-0.0,0.0,1,0.25,-0.0
2017-10-13,TLH/VGLT,-0.0,-0.0,0.0,1,0.25,-0.0
2017-10-13,AMD/AVGO,0.0,0.0,0.0,1,0.25,0.0
2017-10-16,MCHP/TXN,0.0,0.0,0.0,1,0.25,0.0
2017-10-16,MS/STT,0.0,0.0,0.0,1,0.25,0.0
2017-10-16,TLH/VGLT,-0.0,-0.0,0.0,1,0.25,-0.0
2017-10-16,AMD/AVGO,0.0,0.0,0.0,1,0.25,0.0
2017-10-17,MCHP/TXN,0.0,0.0,0.0,1,0.25,0.0
2017-10-17,MS/STT,0.0,0.0,0.0,1,0.25,0.0
2017-10-17,TLH/VGLT,-0.0,-0.0,0.0,1,0.25,-0.0
2017-10-17,AMD/AVGO,0.0,0.0,0.0,1,0.25,0.0
2017-10-18,MCHP/TXN,-0.0,-0.0,0.0,1,0.25,-0.0
2017-10-18,MS/STT,0.0,0.0,0.0,1,0.25,0.0
2017-10-18,TLH/VGLT,0.0,0.0,0.0,1,0.25,0.0
2017-10-18,AMD/AVGO,-0.0,-0.0,0.0,1,0.25,-0.0
2017-10-19,MCHP/TXN,-0.0,-0.0,0.0,1,0.25,-0.0
2017-10-19,MS/STT,0.0,0.0,0.0,1,0.25,0.0
2017-10-19,TLH/VGLT,-0.0,-0.0,0.0,1,0.25,-0.0
2017-10-19,AMD/AVGO,-0.0,-0.0,0.0,1,0.25,-0.0
2017-10-20,MCHP/TXN,0.0,0.0,0.0,1,0.25,0.0
2017-10-20,MS/STT,0.0,0.0,0.0,1,0.25,0.0
2017-10-20,TLH/VGLT,0.0,0.0,0.0,1,0.25,0.0
2017-10-20,AMD/AVGO,-0.0,-0.0,0.0,1,0.25,-0.0
2017-10-23,MCHP/TXN,0.0,0.0,0.0,1,0.25,0.0
2017-10-23,MS/STT,0.0,0.0,0.0,1,0.25,0.0
2017-10-23,TLH/VGLT,0.0,0.0,0.0,1,0.25,0.0
2017-10-23,AMD/AVGO,0.0,0.0,0.0,1,0.25,0.0
2017-10-24,MCHP/TXN,-0.0,-0.0,0.0,1,0.25,-0.0
2017-10-24,MS/STT,-0.0046182415224168,-0.0036182415224168,1.0,1,0.25,-0.0011545603806042
2017-10-24,TLH/VGLT,-0.0,-0.0,0.0,1,0.25,-0.0
2017-10-24,AMD/AVGO,-0.0,-0.0,0.0,1,0.25,-0.0
2017-10-25,MCHP/TXN,0.0,0.0,0.0,1,0.25,0.0
2017-10-25,MS/STT,-0.0057942451686106,-0.0057942451686106,0.0,1,0.25,-0.0014485612921526
2017-10-25,TLH/VGLT,0.0,0.0,0.0,1,0.25,0.0
2017-10-25,AMD/AVGO,-0.0,-0.0,0.0,1,0.25,-0.0
2017-10-26,MCHP/TXN,-0.0,-0.0,0.0,1,0.25,-0.0
2017-10-26,MS/STT,0.0008606311337302,0.0008606311337302,0.0,1,0.25,0.0002151577834325
2017-10-26,TLH/VGLT,0.0,0.0,0.0,1,0.25,0.0
2017-10-26,AMD/AVGO,-0.0,-0.0,0.0,1,0.25,-0.0
2017-10-27,MCHP/TXN,0.0,0.0,0.0,1,0.25,0.0
2017-10-27,MS/STT,-0.0101433682001443,-0.0101433682001443,0.0,1,0.25,-0.002535842050036
2017-10-27,TLH/VGLT,-0.0,-0.0,0.0,1,0.25,-0.0
2017-10-27,AMD/AVGO,-0.0273773790112809,-0.0263773790112809,1.0,1,0.25,-0.0068443447528202
2017-10-30,MCHP/TXN,-0.0,-0.0,0.0,1,0.25,-0.0
2017-10-30,MS/STT,0.0036398485349784,0.0036398485349784,0.0,1,0.25,0.0009099621337446
2017-10-30,TLH/VGLT,-0.0,-0.0,0.0,1,0.25,-0.0
2017-10-30,AMD/AVGO,-0.0556591231159218,-0.0556591231159218,0.0,1,0.25,-0.0139147807789804
2017-10-31,MCHP/TXN,0.0046253396316097,0.0056253396316097,1.0,1,0.25,0.0011563349079024
2017-10-31,MS/STT,-0.0015459911013951,-0.0015459911013951,0.0,1,0.25,-0.0003864977753487
2017-10-31,TLH/VGLT,0.0,0.0,0.0,1,0.25,0.0
2017-10-31,AMD/AVGO,-0.0007587358391812,-0.0007587358391812,0.0,1,0.25,-0.0001896839597953
2017-11-01,MCHP/TXN,0.005855085878806,0.005855085878806,0.0,1,0.25,0.0014637714697015
2017-11-01,MS/STT,0.005223794715083,0.005223794715083,0.0,1,0.25,0.0013059486787707
2017-11-01,TLH/VGLT,-0.0,-0.0,0.0,1,0.25,-0.0
2017-11-01,AMD/AVGO,0.0002976671561799,0.0002976671561799,0.0,1,0.25,7.441678904498984e-05
2017-11-02,MCHP/TXN,0.000576577690331,0.000576577690331,0.0,1,0.25,0.0001441444225827
2017-11-02,MS/STT,-0.0072110700404924,-0.0072110700404924,0.0,1,0.25,-0.0018027675101231
2017-11-02,TLH/VGLT,-0.0,-0.0,0.0,1,0.25,-0.0
2017-11-02,AMD/AVGO,0.0018971168339297,0.0018971168339297,0.0,1,0.25,0.0004742792084824
2017-11-03,MCHP/TXN,0.0063054074063635,0.0063054074063635,0.0,1,0.25,0.0015763518515908
2017-11-03,MS/STT,0.0043456243879311,0.0043456243879311,0.0,1,0.25,0.0010864060969827
2017-11-03,TLH/VGLT,-0.0,-0.0,0.0,1,0.25,-0.0
2017-11-03,AMD/AVGO,-0.0148095063804173,-0.0148095063804173,0.0,1,0.25,-0.0037023765951043
2017-11-06,MCHP/TXN,-0.0041988332059657,-0.0041988332059657,0.0,1,0.25,-0.0010497083014914
2017-11-06,MS/STT,-0.0024895029991353,-0.0024895029991353,0.0,1,0.25,-0.0006223757497838
2017-11-06,TLH/VGLT,-0.0,-0.0,0.0,1,0.25,-0.0
2017-11-06,AMD/AVGO,0.0296064105071305,0.0296064105071305,0.0,1,0.25,0.0074016026267826
2017-11-07,MCHP/TXN,0.0162538265635932,0.0162538265635932,0.0,1,0.25,0.0040634566408983
2017-11-07,MS/STT,-0.0021237432012922,-0.0021237432012922,0.0,1,0.25,-0.000530935800323
2017-11-07,TLH/VGLT,-0.0,-0.0,0.0,1,0.25,-0.0
2017-11-07,AMD/AVGO,0.0161552314951567,0.0161552314951567,0.0,1,0.25,0.0040388078737891
2017-11-08,MCHP/TXN,-0.0059912245378861,-0.0059912245378861,0.0,1,0.25,-0.0014978061344715
2017-11-08,MS/STT,0.0081693327095405,0.0081693327095405,0.0,1,0.25,0.0020423331773851
2017-11-08,TLH/VGLT,0.0,0.0,0.0,1,0.25,0.0
2017-11-08,AMD/AVGO,-0.0161671062554362,-0.0161671062554362,0.0,1,0.25,-0.004041776563859
2017-11-09,MCHP/TXN,0.000717818947531,0.000717818947531,0.0,1,0.25,0.0001794547368827
2017-11-09,MS/STT,0.0005647056583284,0.0005647056583284,0.0,1,0.25,0.0001411764145821
2017-11-09,TLH/VGLT,-0.0,-0.0,0.0,1,0.25,-0.0
2017-11-09,AMD/AVGO,-0.0130237133436813,-0.0130237133436813,0.0,1,0.25,-0.0032559283359203
2017-11-10,MCHP/TXN,-0.0040981637965339,-0.0040981637965339,0.0,1,0.25,-0.0010245409491334
2017-11-10,MS/STT,4.358219358083013e-05,4.358219358083013e-05,0.0,1,0.25,1.0895548395207532e-05
2017-11-10,TLH/VGLT,0.0,0.0,0.0,1,0.25,0.0
2017-11-10,AMD/AVGO,0.0076128848608232,0.0076128848608232,0.0,1,0.25,0.0019032212152058
2017-11-13,MCHP/TXN,0.0029959988139327,0.0029959988139327,0.0,1,0.25,0.0007489997034831
2017-11-13,MS/STT,0.0021450589637279,0.0021450589637279,0.0,1,0.25,0.0005362647409319
2017-11-13,TLH/VGLT,-0.0,-0.0,0.0,1,0.25,-0.0
2017-11-13,AMD/AVGO,-0.0077023938972299,-0.0077023938972299,0.0,1,0.25,-0.0019255984743074
2017-11-14,MCHP/TXN,-0.0003753487213113,-0.0003753487213113,0.0,1,0.25,-9.383718032784356e-05
2017-11-14,MS/STT,0.0054132651405995,0.0054132651405995,0.0,1,0.25,0.0013533162851498
2017-11-14,TLH/VGLT,-0.0,-0.0,0.0,1,0.25,-0.0
2017-11-14,AMD/AVGO,0.0046371316989823,0.0046371316989823,0.0,1,0.25,0.0011592829247455
2017-11-15,MCHP/TXN,0.0053493341927245,0.0053493341927245,0.0,1,0.25,0.0013373335481811
2017-11-15,MS/STT,0.0058971411571028,0.0058971411571028,0.0,1,0.25,0.0014742852892757
2017-11-15,TLH/VGLT,-0.0,-0.0,0.0,1,0.25,-0.0
2017-11-15,AMD/AVGO,-0.0066726267077636,-0.0066726267077636,0.0,1,0.25,-0.0016681566769409
2017-11-16,MCHP/TXN,0.0038201289026255,0.0038201289026255,0.0,1,0.25,0.0009550322256563
2017-11-16,MS/STT,-0.0028532713835311,-0.0028532713835311,0.0,1,0.25,-0.0007133178458827
2017-11-16,TLH/VGLT,0.0,0.0,0.0,1,0.25,0.0
2017-11-16,AMD/AVGO,-0.0039248881231588,-0.0039248881231588,0.0,1,0.25,-0.0009812220307897
2017-11-17,MCHP/TXN,-0.0058280524033923,-0.0058280524033923,0.0,1,0.25,-0.001457013100848
2017-11-17,MS/STT,-0.0015556046192197,-0.0015556046192197,0.0,1,0.25,-0.0003889011548049
2017-11-17,TLH/VGLT,-0.0,-0.0,0.0,1,0.25,-0.0
2017-11-17,AMD/AVGO,0.0062959130205624,0.0062959130205624,0.0,1,0.25,0.0015739782551406
2017-11-20,MCHP/TXN,0.0011476316329361,0.0011476316329361,0.0,1,0.25,0.000286907908234
2017-11-20,MS/STT,-0.001,0.0,1.0,1,0.25,-0.00025
2017-11-20,TLH/VGLT,-0.0,-0.0,0.0,1,0.25,-0.0
2017-11-20,AMD/AVGO,-0.0072690694899694,-0.0072690694899694,0.0,1,0.25,-0.0018172673724923
2017-11-21,MCHP/TXN,0.0032123763744247,0.0032123763744247,0.0,1,0.25,0.0008030940936061
2017-11-21,MS/STT,0.0,0.0,0.0,1,0.25,0.0
2017-11-21,TLH/VGLT,-0.0,-0.0,0.0,1,0.25,-0.0
2017-11-21,AMD/AVGO,-0.0003947962301727,-0.0003947962301727,0.0,1,0.25,-9.869905754318183e-05
2017-11-22,MCHP/TXN,0.0001465293765694,0.0001465293765694,0.0,1,0.25,3.663234414237168e-05
2017-11-22,MS/STT,-0.0,-0.0,0.0,1,0.25,-0.0
2017-11-22,TLH/VGLT,0.0,0.0,0.0,1,0.25,0.0
2017-11-22,AMD/AVGO,0.0008440430074002,0.0008440430074002,0.0,1,0.25,0.00021101075185
2017-11-24,MCHP/TXN,0.0046216399204216,0.0046216399204216,0.0,1,0.25,0.0011554099801054
2017-11-24,MS/STT,0.0,0.0,0.0,1,0.25,0.0
2017-11-24,TLH/VGLT,0.0,0.0,0.0,1,0.25,0.0
2017-11-24,AMD/AVGO,-0.001,-0.0,1.0,1,0.25,-0.00025
2017-11-27,MCHP/TXN,0.0054274161036904,0.0054274161036904,0.0,1,0.25,0.0013568540259226
2017-11-27,MS/STT,0.0,0.0,0.0,1,0.25,0.0
2017-11-27,TLH/VGLT,0.0,0.0,0.0,1,0.25,0.0
2017-11-27,AMD/AVGO,0.0,0.0,0.0,1,0.25,0.0
2017-11-28,MCHP/TXN,-0.001,-0.0,1.0,1,0.25,-0.00025
2017-11-28,MS/STT,0.0,0.0,0.0,1,0.25,0.0
2017-11-28,TLH/VGLT,-0.0,-0.0,0.0,1,0.25,-0.0
2017-11-28,AMD/AVGO,-0.0,-0.0,0.0,1,0.25,-0.0
2017-11-29,MCHP/TXN,0.0,0.0,0.0,1,0.25,0.0
2017-11-29,MS/STT,0.0,0.0,0.0,1,0.25,0.0
2017-11-29,TLH/VGLT,0.0,0.0,0.0,1,0.25,0.0
2017-11-29,AMD/AVGO,-0.0,-0.0,0.0,1,0.25,-0.0
2017-11-30,MCHP/TXN,0.0,0.0,0.0,1,0.25,0.0
2017-11-30,MS/STT,-0.0,-0.0,0.0,1,0.25,-0.0
2017-11-30,TLH/VGLT,-0.0005479724179856,0.0004520275820143,1.0,1,0.25,-0.0001369931044964
2017-11-30,AMD/AVGO,-0.0,-0.0,0.0,1,0.25,-0.0
2017-12-01,MCHP/TXN,-0.0,-0.0,0.0,1,0.25,-0.0
2017-12-01,MS/STT,0.0,0.0,0.0,1,0.25,0.0
2017-12-01,TLH/VGLT,0.0015318563411584,0.0015318563411584,0.0,1,0.25,0.0003829640852896
2017-12-01,AMD/AVGO,0.0,0.0,0.0,1,0.25,0.0
2017-12-04,MCHP/TXN,-0.0,-0.0,0.0,1,0.25,-0.0
2017-12-04,MS/STT,-0.0,-0.0,0.0,1,0.25,-0.0
2017-12-04,TLH/VGLT,0.0005016993159989,0.0005016993159989,0.0,1,0.25,0.0001254248289997
2017-12-04,AMD/AVGO,-0.0,-0.0,0.0,1,0.25,-0.0
2017-12-05,MCHP/TXN,0.0,0.0,0.0,1,0.25,0.0
2017-12-05,MS/STT,-0.0,-0.0,0.0,1,0.25,-0.0
2017-12-05,TLH/VGLT,0.000604383892407,0.000604383892407,0.0,1,0.25,0.0001510959731017
2017-12-05,AMD/AVGO,-0.0,-0.0,0.0,1,0.25,-0.0
2017-12-06,MCHP/TXN,0.0,0.0,0.0,1,0.25,0.0
2017-12-06,MS/STT,-0.0,-0.0,0.0,1,0.25,-0.0
2017-12-06,TLH/VGLT,7.893535116852123e-05,7.893535116852123e-05,0.0,1,0.25,1.9733837792130303e-05
2017-12-06,AMD/AVGO,0.0,0.0,0.0,1,0.25,0.0
2017-12-07,MCHP/TXN,-0.0,-0.0,0.0,1,0.25,-0.0
2017-12-07,MS/STT,0.0,0.0,0.0,1,0.25,0.0
2017-12-07,TLH/VGLT,-0.0010235830854676,-0.0010235830854676,0.0,1,0.25,-0.0002558957713669
2017-12-07,AMD/AVGO,0.0,0.0,0.0,1,0.25,0.0
2017-12-08,MCHP/TXN,0.0,0.0,0.0,1,0.25,0.0
2017-12-08,MS/STT,0.0,0.0,0.0,1,0.25,0.0
2017-12-08,TLH/VGLT,0.0008475457563008,0.0008475457563008,0.0,1,0.25,0.0002118864390752
2017-12-08,AMD/AVGO,0.0,0.0,0.0,1,0.25,0.0
2017-12-11,MCHP/TXN,0.0,0.0,0.0,1,0.25,0.0
2017-12-11,MS/STT,0.0,0.0,0.0,1,0.25,0.0
2017-12-11,TLH/VGLT,-0.0008219200967099,-0.0008219200967099,0.0,1,0.25,-0.0002054800241774
2017-12-11,AMD/AVGO,0.0,0.0,0.0,1,0.25,0.0
2017-12-12,MCHP/TXN,0.0,0.0,0.0,1,0.25,0.0
2017-12-12,MS/STT,0.0,0.0,0.0,1,0.25,0.0
2017-12-12,TLH/VGLT,0.0006295518961252,0.0006295518961252,0.0,1,0.25,0.0001573879740313
2017-12-12,AMD/AVGO,0.0097241989152146,0.0107241989152146,1.0,1,0.25,0.0024310497288036
2017-12-13,MCHP/TXN,-0.0,-0.0,0.0,1,0.25,-0.0
2017-12-13,MS/STT,-0.0,-0.0,0.0,1,0.25,-0.0
2017-12-13,TLH/VGLT,0.0001874327483211,0.0001874327483211,0.0,1,0.25,4.6858187080285085e-05
2017-12-13,AMD/AVGO,-0.0045486464497674,-0.0045486464497674,0.0,1,0.25,-0.0011371616124418
2017-12-14,MCHP/TXN,0.0,0.0,0.0,1,0.25,0.0
2017-12-14,MS/STT,0.0,0.0,0.0,1,0.25,0.0
2017-12-14,TLH/VGLT,0.0013098908992267,0.0013098908992267,0.0,1,0.25,0.0003274727248066
2017-12-14,AMD/AVGO,-0.006030373387183,-0.006030373387183,0.0,1,0.25,-0.0015075933467957
2017-12-15,MCHP/TXN,-0.000334644263083,0.0006653557369169,1.0,1,0.25,-8.366106577076363e-05
2017-12-15,MS/STT,0.0,0.0,0.0,1,0.25,0.0
2017-12-15,TLH/VGLT,0.0008232553299702,0.0008232553299702,0.0,1,0.25,0.0002058138324925
2017-12-15,AMD/AVGO,0.0039834212089971,0.0039834212089971,0.0,1,0.25,0.0009958553022492
2017-12-18,MCHP/TXN,-0.0009944623532965,-0.0009944623532965,0.0,1,0.25,-0.0002486155883241
2017-12-18,MS/STT,0.0,0.0,0.0,1,0.25,0.0
2017-12-18,TLH/VGLT,-0.0012285020497176,-0.0012285020497176,0.0,1,0.25,-0.0003071255124294
2017-12-18,AMD/AVGO,-0.033492605939656,-0.033492605939656,0.0,1,0.25,-0.008373151484914
2017-12-19,MCHP/TXN,-0.0017223818554974,-0.0017223818554974,0.0,1,0.25,-0.0004305954638743
2017-12-19,MS/STT,-0.0,-0.0,0.0,1,0.25,-0.0
2017-12-19,TLH/VGLT,-0.000918845775136,-0.000918845775136,0.0,1,0.25,-0.000229711443784
2017-12-19,AMD/AVGO,0.0001098187878009,0.0001098187878009,0.0,1,0.25,2.7454696950236877e-05
2017-12-20,MCHP/TXN,-0.000926313266446,-0.000926313266446,0.0,1,0.25,-0.0002315783166115
2017-12-20,MS/STT,-0.0,-0.0,0.0,1,0.25,-0.0
2017-12-20,TLH/VGLT,-0.0019641874910326,-0.0019641874910326,0.0,1,0.25,-0.0004910468727581
2017-12-20,AMD/AVGO,0.0022276264659013,0.0022276264659013,0.0,1,0.25,0.0005569066164753
2017-12-21,MCHP/TXN,0.0004718815385707,0.0004718815385707,0.0,1,0.25,0.0001179703846426
2017-12-21,MS/STT,-0.0,-0.0,0.0,1,0.25,-0.0
2017-12-21,TLH/VGLT,0.0009703654519458,0.0009703654519458,0.0,1,0.25,0.0002425913629864
2017-12-21,AMD/AVGO,-0.0034652889886177,-0.0034652889886177,0.0,1,0.25,-0.0008663222471544
2017-12-22,MCHP/TXN,-0.0028813459223841,-0.0028813459223841,0.0,1,0.25,-0.000720336480596
2017-12-22,MS/STT,0.0,0.0,0.0,1,0.25,0.0
2017-12-22,TLH/VGLT,0.0003008368265597,0.0003008368265597,0.0,1,0.25,7.520920663994106e-05
2017-12-22,AMD/AVGO,0.0178331798796498,0.0178331798796498,0.0,1,0.25,0.0044582949699124
2017-12-26,MCHP/TXN,-0.0014886513299505,-0.0014886513299505,0.0,1,0.25,-0.0003721628324876
2017-12-26,MS/STT,-0.0,-0.0,0.0,1,0.25,-0.0
2017-12-26,TLH/VGLT,0.0004306276353232,0.0004306276353232,0.0,1,0.25,0.0001076569088308
2017-12-26,AMD/AVGO,-0.0041370867927822,-0.0041370867927822,0.0,1,0.25,-0.0010342716981955
2017-12-27,MCHP/TXN,-0.0032033001074674,-0.0032033001074674,0.0,1,0.25,-0.0008008250268668
2017-12-27,MS/STT,-0.0,-0.0,0.0,1,0.25,-0.0
2017-12-27,TLH/VGLT,0.0012066520632045,0.0012066520632045,0.0,1,0.25,0.0003016630158011
2017-12-27,AMD/AVGO,-0.0014455352504189,-0.0014455352504189,0.0,1,0.25,-0.0003613838126047
2017-12-28,MCHP/TXN,-0.0005963291618941,-0.0005963291618941,0.0,1,0.25,-0.0001490822904735
2017-12-28,MS/STT,-0.0,-0.0,0.0,1,0.25,-0.0
2017-12-28,TLH/VGLT,-0.001,-0.0,1.0,1,0.25,-0.00025
2017-12-28,AMD/AVGO,0.0015099472511131,0.0015099472511131,0.0,1,0.25,0.0003774868127782
2017-12-29,MCHP/TXN,-0.0013948648628595,-0.0013948648628595,0.0,1,0.25,-0.0003487162157148
2017-12-29,MS/STT,-0.0,-0.0,0.0,1,0.25,-0.0
2017-12-29,TLH/VGLT,-0.0,-0.0,0.0,1,0.25,-0.0
2017-12-29,AMD/AVGO,0.0063164151376489,0.0063164151376489,0.0,1,0.25,0.0015791037844122
2018-01-02,MCHP/TXN,0.0059479960334917,0.0059479960334917,0.0,1,0.25,0.0014869990083729
2018-01-02,MS/STT,0.0,0.0,0.0,1,0.25,0.0
2018-01-02,TLH/VGLT,0.0,0.0,0.0,1,0.25,0.0
2018-01-02,AMD/AVGO,-0.0151590958808796,-0.0151590958808796,0.0,1,0.25,-0.0037897739702199
2018-01-03,AMZN/META,0.0,0.0,0.0,2,0.25,0.0
2018-01-03,MCHP/TXN,0.0,0.0,0.0,2,0.25,0.0
2018-01-03,EEM/IEMG,0.0,0.0,0.0,2,0.25,0.0
2018-01-03,TLH/VGLT,-0.0,-0.0,0.0,2,0.25,-0.0
2018-01-04,AMZN/META,0.0018400385620582,0.0028400385620582,1.0,2,0.25,0.0004600096405145
2018-01-04,MCHP/TXN,-0.0,-0.0,0.0,2,0.25,-0.0
2018-01-04,EEM/IEMG,0.0,0.0,0.0,2,0.25,0.0
2018-01-04,TLH/VGLT,-0.0,-0.0,0.0,2,0.25,-0.0
2018-01-05,AMZN/META,-0.0023479218918184,-0.0023479218918184,0.0,2,0.25,-0.0005869804729546
2018-01-05,MCHP/TXN,0.0,0.0,0.0,2,0.25,0.0
2018-01-05,EEM/IEMG,-0.0,-0.0,0.0,2,0.25,-0.0
2018-01-05,TLH/VGLT,0.0,0.0,0.0,2,0.25,0.0
2018-01-08,AMZN/META,0.0007373485147667,0.0007373485147667,0.0,2,0.25,0.0001843371286916
2018-01-08,MCHP/TXN,0.0,0.0,0.0,2,0.25,0.0
2018-01-08,EEM/IEMG,-0.0,-0.0,0.0,2,0.25,-0.0
2018-01-08,TLH/VGLT,0.0,0.0,0.0,2,0.25,0.0
2018-01-09,AMZN/META,0.0031277730193252,0.0031277730193252,0.0,2,0.25,0.0007819432548313
2018-01-09,MCHP/TXN,0.0,0.0,0.0,2,0.25,0.0
2018-01-09,EEM/IEMG,0.0,0.0,0.0,2,0.25,0.0
2018-01-09,TLH/VGLT,0.0,0.0,0.0,2,0.25,0.0
2018-01-10,AMZN/META,0.0005937077642567,0.0005937077642567,0.0,2,0.25,0.0001484269410641
2018-01-10,MCHP/TXN,0.0,0.0,0.0,2,0.25,0.0
2018-01-10,EEM/IEMG,0.0,0.0,0.0,2,0.25,0.0
2018-01-10,TLH/VGLT,-0.0,-0.0,0.0,2,0.25,-0.0
2018-01-11,AMZN/META,0.0070050373784534,0.0070050373784534,0.0,2,0.25,0.0017512593446133
2018-01-11,MCHP/TXN,-0.0,-0.0,0.0,2,0.25,-0.0
2018-01-11,EEM/IEMG,-0.0,-0.0,0.0,2,0.25,-0.0
2018-01-11,TLH/VGLT,-0.0,-0.0,0.0,2,0.25,-0.0
2018-01-12,AMZN/META,0.0362353871624877,0.0362353871624877,0.0,2,0.25,0.0090588467906219
2018-01-12,MCHP/TXN,0.0,0.0,0.0,2,0.25,0.0
2018-01-12,EEM/IEMG,-0.0,-0.0,0.0,2,0.25,-0.0
2018-01-12,TLH/VGLT,-0.0,-0.0,0.0,2,0.25,-0.0
2018-01-16,AMZN/META,-0.001,-0.0,1.0,2,0.25,-0.00025
2018-01-16,MCHP/TXN,0.0,0.0,0.0,2,0.25,0.0
2018-01-16,EEM/IEMG,0.0,0.0,0.0,2,0.25,0.0
2018-01-16,TLH/VGLT,-0.0,-0.0,0.0,2,0.25,-0.0
2018-01-17,AMZN/META,-0.0009574465989779,4.255340102206716e-05,1.0,2,0.25,-0.0002393616497444
2018-01-17,MCHP/TXN,0.0,0.0,0.0,2,0.25,0.0
2018-01-17,EEM/IEMG,-0.0009289974870561,7.10025129438005e-05,1.0,2,0.25,-0.000232249371764
2018-01-17,TLH/VGLT,-0.0,-0.0,0.0,2,0.25,-0.0
2018-01-18,AMZN/META,0.0082635077791712,0.0082635077791712,0.0,2,0.25,0.0020658769447928
2018-01-18,MCHP/TXN,-0.0,-0.0,0.0,2,0.25,-0.0
2018-01-18,EEM/IEMG,-8.678724114429329e-05,-8.678724114429329e-05,0.0,2,0.25,-2.169681028607332e-05
2018-01-18,TLH/VGLT,0.0,0.0,0.0,2,0.25,0.0
2018-01-19,AMZN/META,0.0048455741983398,0.0048455741983398,0.0,2,0.25,0.0012113935495849
2018-01-19,MCHP/TXN,0.0,0.0,0.0,2,0.25,0.0
2018-01-19,EEM/IEMG,8.27335300516397e-05,8.27335300516397e-05,0.0,2,0.25,2.0683382512909925e-05
2018-01-19,TLH/VGLT,0.0,0.0,0.0,2,0.25,0.0
2018-01-22,AMZN/META,0.0047438705747276,0.0047438705747276,0.0,2,0.25,0.0011859676436819
2018-01-22,MCHP/TXN,0.0,0.0,0.0,2,0.25,0.0
2018-01-22,EEM/IEMG,8.663427625109075e-05,8.663427625109075e-05,0.0,2,0.25,2.1658569062772688e-05
2018-01-22,TLH/VGLT,-0.0,-0.0,0.0,2,0.25,-0.0
2018-01-23,AMZN/META,0.0036029911794955,0.0036029911794955,0.0,2,0.25,0.0009007477948738
2018-01-23,MCHP/TXN,0.0,0.0,0.0,2,0.25,0.0
2018-01-23,EEM/IEMG,-0.0003406595397438,-0.0003406595397438,0.0,2,0.25,-8.516488493595789e-05
2018-01-23,TLH/VGLT,0.0,0.0,0.0,2,0.25,0.0
2018-01-24,AMZN/META,-0.007897305609443,-0.007897305609443,0.0,2,0.25,-0.0019743264023607
2018-01-24,MCHP/TXN,-0.0,-0.0,0.0,2,0.25,-0.0
2018-01-24,EEM/IEMG,0.0003873603765896,0.0003873603765896,0.0,2,0.25,9.684009414741017e-05
2018-01-24,TLH/VGLT,0.0,0.0,0.0,2,0.25,0.0
2018-01-25,AMZN/META,-0.0024827130178682,-0.0024827130178682,0.0,2,0.25,-0.000620678254467
2018-01-25,MCHP/TXN,0.0,0.0,0.0,2,0.25,0.0
2018-01-25,EEM/IEMG,-0.0003674322606585,-0.0003674322606585,0.0,2,0.25,-9.185806516463224e-05
2018-01-25,TLH/VGLT,-0.0,-0.0,0.0,2,0.25,-0.0
2018-01-26,AMZN/META,0.0019277943942752,0.0019277943942752,0.0,2,0.25,0.0004819485985688
2018-01-26,MCHP/TXN,-0.0,-0.0,0.0,2,0.25,-0.0
2018-01-26,EEM/IEMG,7.72085747019651e-05,7.72085747019651e-05,0.0,2,0.25,1.930214367549128e-05
2018-01-26,TLH/VGLT,0.0,0.0,0.0,2,0.25,0.0
2018-01-29,AMZN/META,-0.0174327717374987,-0.0174327717374987,0.0,2,0.25,-0.0043581929343746
2018-01-29,MCHP/TXN,-0.0,-0.0,0.0,2,0.25,-0.0
2018-01-29,EEM/IEMG,0.0001935222509911,0.0001935222509911,0.0,2,0.25,4.838056274779773e-05
2018-01-29,TLH/VGLT,-0.0,-0.0,0.0,2,0.25,-0.0
2018-01-30,AMZN/META,-0.0014057589945184,-0.0014057589945184,0.0,2,0.25,-0.0003514397486296
2018-01-30,MCHP/TXN,-0.0,-0.0,0.0,2,0.25,-0.0
2018-01-30,EEM/IEMG,7.668846279127065e-05,7.668846279127065e-05,0.0,2,0.25,1.917211569781766e-05
2018-01-30,TLH/VGLT,0.0,0.0,0.0,2,0.25,0.0
2018-01-31,AMZN/META,-0.004132762062124,-0.004132762062124,0.0,2,0.25,-0.001033190515531
2018-01-31,MCHP/TXN,-0.0,-0.0,0.0,2,0.25,-0.0
2018-01-31,EEM/IEMG,-0.0004599031776771,-0.0004599031776771,0.0,2,0.25,-0.0001149757944192
2018-01-31,TLH/VGLT,-0.0,-0.0,0.0,2,0.25,-0.0
2018-02-01,AMZN/META,0.036412913794661,0.036412913794661,0.0,2,0.25,0.0091032284486652
2018-02-01,MCHP/TXN,0.0,0.0,0.0,2,0.25,0.0
2018-02-01,EEM/IEMG,0.0003891296760172,0.0003891296760172,0.0,2,0.25,9.728241900430434e-05
2018-02-01,TLH/VGLT,0.0,0.0,0.0,2,0.25,0.0
2018-02-02,AMZN/META,-0.0197889939842034,-0.0197889939842034,0.0,2,0.25,-0.0049472484960508
2018-02-02,MCHP/TXN,-0.0,-0.0,0.0,2,0.25,-0.0
2018-02-02,EEM/IEMG,8.976923485908983e-05,8.976923485908983e-05,0.0,2,0.25,2.2442308714772455e-05
2018-02-02,TLH/VGLT,0.0,0.0,0.0,2,0.25,0.0
2018-02-05,AMZN/META,-0.0196052590877792,-0.0196052590877792,0.0,2,0.25,-0.0049013147719448
2018-02-05,MCHP/TXN,-0.0,-0.0,0.0,2,0.25,-0.0
2018-02-05,EEM/IEMG,0.0002239041465122,0.0002239041465122,0.0,2,0.25,5.597603662805998e-05
2018-02-05,TLH/VGLT,-0.0014086979118307,-0.0004086979118307,1.0,2,0.25,-0.0003521744779576
2018-02-06,AMZN/META,0.0001106803184447,0.0001106803184447,0.0,2,0.25,2.7670079611196868e-05
2018-02-06,MCHP/TXN,-0.0,-0.0,0.0,2,0.25,-0.0
2018-02-06,EEM/IEMG,-0.0012204972447278,-0.0012204972447278,0.0,2,0.25,-0.0003051243111819
2018-02-06,TLH/VGLT,-0.0004528355106706,-0.0004528355106706,0.0,2,0.25,-0.0001132088776676
2018-02-07,AMZN/META,-0.0108799997471553,-0.0108799997471553,0.0,2,0.25,-0.0027199999367888
2018-02-07,MCHP/TXN,0.0,0.0,0.0,2,0.25,0.0
2018-02-07,EEM/IEMG,0.0003588004066961,0.0003588004066961,0.0,2,0.25,8.970010167404032e-05
2018-02-07,TLH/VGLT,-0.0006610653943384,-0.0006610653943384,0.0,2,0.25,-0.0001652663485846
2018-02-08,AMZN/META,-0.0131021478231026,-0.0131021478231026,0.0,2,0.25,-0.0032755369557756
2018-02-08,MCHP/TXN,-0.0,-0.0,0.0,2,0.25,-0.0
2018-02-08,EEM/IEMG,0.000105944679869,0.000105944679869,0.0,2,0.25,2.648616996725356e-05
2018-02-08,TLH/VGLT,-0.0003572712973957,-0.0003572712973957,0.0,2,0.25,-8.931782434892914e-05
2018-02-09,AMZN/META,0.0196841505455064,0.0196841505455064,0.0,2,0.25,0.0049210376363766
2018-02-09,MCHP/TXN,0.0,0.0,0.0,2,0.25,0.0
2018-02-09,EEM/IEMG,0.0010427400775714,0.0010427400775714,0.0,2,0.25,0.0002606850193928
2018-02-09,TLH/VGLT,-0.0009460056562236,-0.0009460056562236,0.0,2,0.25,-0.0002365014140559
2018-02-12,AMZN/META,-0.0116779269322764,-0.0116779269322764,0.0,2,0.25,-0.0029194817330691
2018-02-12,MCHP/TXN,-0.0,-0.0,0.0,2,0.25,-0.0
2018-02-12,EEM/IEMG,-0.0005229591292702,-0.0005229591292702,0.0,2,0.25,-0.0001307397823175
2018-02-12,TLH/VGLT,0.000971762787012,0.000971762787012,0.0,2,0.25,0.000242940696753
2018-02-13,AMZN/META,-0.001,-0.0,1.0,2,0.25,-0.00025
2018-02-13,MCHP/TXN,0.0,0.0,0.0,2,0.25,0.0
2018-02-13,EEM/IEMG,-0.001,-0.0,1.0,2,0.25,-0.00025
2018-02-13,TLH/VGLT,0.0002698002878216,0.0002698002878216,0.0,2,0.25,6.745007195540619e-05
2018-02-14,AMZN/META,0.0,0.0,0.0,2,0.25,0.0
2018-02-14,MCHP/TXN,0.0,0.0,0.0,2,0.25,0.0
2018-02-14,EEM/IEMG,0.0,0.0,0.0,2,0.25,0.0
2018-02-14,TLH/VGLT,-7.576449009720898e-05,-7.576449009720898e-05,0.0,2,0.25,-1.8941122524302245e-05
2018-02-15,AMZN/META,-0.0,-0.0,0.0,2,0.25,-0.0
2018-02-15,MCHP/TXN,0.0,0.0,0.0,2,0.25,0.0
2018-02-15,EEM/IEMG,0.0,0.0,0.0,2,0.25,0.0
2018-02-15,TLH/VGLT,0.0007206054057406,0.0007206054057406,0.0,2,0.25,0.0001801513514351
2018-02-16,AMZN/META,-0.0,-0.0,0.0,2,0.25,-0.0
2018-02-16,MCHP/TXN,-0.0,-0.0,0.0,2,0.25,-0.0
2018-02-16,EEM/IEMG,0.0,0.0,0.0,2,0.25,0.0
2018-02-16,TLH/VGLT,0.0002290054477211,0.0002290054477211,0.0,2,0.25,5.725136193027802e-05
2018-02-20,AMZN/META,-0.0,-0.0,0.0,2,0.25,-0.0
2018-02-20,MCHP/TXN,-0.0,-0.0,0.0,2,0.25,-0.0
2018-02-20,EEM/IEMG,-0.0,-0.0,0.0,2,0.25,-0.0
2018-02-20,TLH/VGLT,-0.0003735485720459,-0.0003735485720459,0.0,2,0.25,-9.338714301147908e-05
2018-02-21,AMZN/META,0.0,0.0,0.0,2,0.25,0.0
2018-02-21,MCHP/TXN,-0.0,-0.0,0.0,2,0.25,-0.0
2018-02-21,EEM/IEMG,0.0,0.0,0.0,2,0.25,0.0
2018-02-21,TLH/VGLT,-0.0018480504335518,-0.0018480504335518,0.0,2,0.25,-0.0004620126083879
2018-02-22,AMZN/META,0.0,0.0,0.0,2,0.25,0.0
2018-02-22,MCHP/TXN,0.0,0.0,0.0,2,0.25,0.0
2018-02-22,EEM/IEMG,-0.0,-0.0,0.0,2,0.25,-0.0
2018-02-22,TLH/VGLT,-0.0002271147195336,-0.0002271147195336,0.0,2,0.25,-5.677867988341452e-05
2018-02-23,AMZN/META,0.0,0.0,0.0,2,0.25,0.0
2018-02-23,MCHP/TXN,0.0,0.0,0.0,2,0.25,0.0
2018-02-23,EEM/IEMG,0.0,0.0,0.0,2,0.25,0.0
2018-02-23,TLH/VGLT,0.0006180910787986,0.0006180910787986,0.0,2,0.25,0.0001545227696996
2018-02-26,AMZN/META,0.0,0.0,0.0,2,0.25,0.0
2018-02-26,MCHP/TXN,0.0,0.0,0.0,2,0.25,0.0
2018-02-26,EEM/IEMG,0.0,0.0,0.0,2,0.25,0.0
2018-02-26,TLH/VGLT,7.063333474440692e-05,7.063333474440692e-05,0.0,2,0.25,1.765833368610173e-05
2018-02-27,AMZN/META,-0.0,-0.0,0.0,2,0.25,-0.0
2018-02-27,MCHP/TXN,-0.0,-0.0,0.0,2,0.25,-0.0
2018-02-27,EEM/IEMG,-0.0,-0.0,0.0,2,0.25,-0.0
2018-02-27,TLH/VGLT,0.0005980066514632,0.0005980066514632,0.0,2,0.25,0.0001495016628658
2018-02-28,AMZN/META,-0.0,-0.0,0.0,2,0.25,-0.0
2018-02-28,MCHP/TXN,-0.0,-0.0,0.0,2,0.25,-0.0
2018-02-28,EEM/IEMG,-0.0,-0.0,0.0,2,0.25,-0.0
2018-02-28,TLH/VGLT,0.0006618657928306,0.0006618657928306,0.0,2,0.25,0.0001654664482076
2018-03-01,AMZN/META,-0.0,-0.0,0.0,2,0.25,-0.0
2018-03-01,MCHP/TXN,-0.0,-0.0,0.0,2,0.25,-0.0
2018-03-01,EEM/IEMG,-0.0,-0.0,0.0,2,0.25,-0.0
2018-03-01,TLH/VGLT,0.0003636841812982,0.0003636841812982,0.0,2,0.25,9.092104532455756e-05
2018-03-02,AMZN/META,0.0,0.0,0.0,2,0.25,0.0
2018-03-02,MCHP/TXN,-0.0,-0.0,0.0,2,0.25,-0.0
2018-03-02,EEM/IEMG,0.0,0.0,0.0,2,0.25,0.0
2018-03-02,TLH/VGLT,-0.0006965296334465,-0.0006965296334465,0.0,2,0.25,-0.0001741324083616
2018-03-05,AMZN/META,0.0,0.0,0.0,2,0.25,0.0
2018-03-05,MCHP/TXN,-0.0,-0.0,0.0,2,0.25,-0.0
2018-03-05,EEM/IEMG,0.0,0.0,0.0,2,0.25,0.0
2018-03-05,TLH/VGLT,-0.001,0.0,1.0,2,0.25,-0.00025
2018-03-06,AMZN/META,-0.0,-0.0,0.0,2,0.25,-0.0
2018-03-06,MCHP/TXN,-0.0,-0.0,0.0,2,0.25,-0.0
2018-03-06,EEM/IEMG,-0.0,-0.0,0.0,2,0.25,-0.0
2018-03-06,TLH/VGLT,0.0,0.0,0.0,2,0.25,0.0
2018-03-07,AMZN/META,0.0,0.0,0.0,2,0.25,0.0
2018-03-07,MCHP/TXN,-0.0,-0.0,0.0,2,0.25,-0.0
2018-03-07,EEM/IEMG,0.0,0.0,0.0,2,0.25,0.0
2018-03-07,TLH/VGLT,-0.0,-0.0,0.0,2,0.25,-0.0
2018-03-08,AMZN/META,-0.0,-0.0,0.0,2,0.25,-0.0
2018-03-08,MCHP/TXN,0.0,0.0,0.0,2,0.25,0.0
2018-03-08,EEM/IEMG,0.0,0.0,0.0,2,0.25,0.0
2018-03-08,TLH/VGLT,-0.0,-0.0,0.0,2,0.25,-0.0
2018-03-09,AMZN/META,0.0,0.0,0.0,2,0.25,0.0
2018-03-09,MCHP/TXN,-0.0,-0.0,0.0,2,0.25,-0.0
2018-03-09,EEM/IEMG,-0.0,-0.0,0.0,2,0.25,-0.0
2018-03-09,TLH/VGLT,0.0,0.0,0.0,2,0.25,0.0
2018-03-12,AMZN/META,-0.0,-0.0,0.0,2,0.25,-0.0
2018-03-12,MCHP/TXN,-0.0,-0.0,0.0,2,0.25,-0.0
2018-03-12,EEM/IEMG,0.0,0.0,0.0,2,0.25,0.0
2018-03-12,TLH/VGLT,-0.0,-0.0,0.0,2,0.25,-0.0
2018-03-13,AMZN/META,-0.0,-0.0,0.0,2,0.25,-0.0
2018-03-13,MCHP/TXN,0.0,0.0,0.0,2,0.25,0.0
2018-03-13,EEM/IEMG,0.0,0.0,0.0,2,0.25,0.0
2018-03-13,TLH/VGLT,-0.0,-0.0,0.0,2,0.25,-0.0
2018-03-14,AMZN/META,0.0,0.0,0.0,2,0.25,0.0
2018-03-14,MCHP/TXN,-0.0,-0.0,0.0,2,0.25,-0.0
2018-03-14,EEM/IEMG,-0.0,-0.0,0.0,2,0.25,-0.0
2018-03-14,TLH/VGLT,-0.0,-0.0,0.0,2,0.25,-0.0
2018-03-15,AMZN/META,0.0,0.0,0.0,2,0.25,0.0
2018-03-15,MCHP/TXN,-0.0,-0.0,0.0,2,0.25,-0.0
2018-03-15,EEM/IEMG,0.0,0.0,0.0,2,0.25,0.0
2018-03-15,TLH/VGLT,-0.0009689615301134,3.1038469886541864e-05,1.0,2,0.25,-0.0002422403825283
2018-03-16,AMZN/META,0.0,0.0,0.0,2,0.25,0.0
2018-03-16,MCHP/TXN,-0.0,-0.0,0.0,2,0.25,-0.0
2018-03-16,EEM/IEMG,0.0,0.0,0.0,2,0.25,0.0
2018-03-16,TLH/VGLT,0.0006569495834263,0.0006569495834263,0.0,2,0.25,0.0001642373958565
2018-03-19,AMZN/META,-0.0,-0.0,0.0,2,0.25,-0.0
2018-03-19,MCHP/TXN,-0.0,-0.0,0.0,2,0.25,-0.0
2018-03-19,EEM/IEMG,0.0,0.0,0.0,2,0.25,0.0
2018-03-19,TLH/VGLT,-0.0001463283580876,-0.0001463283580876,0.0,2,0.25,-3.658208952190123e-05
2018-03-20,AMZN/META,-0.0270450665154374,-0.0260450665154374,1.0,2,0.25,-0.0067612666288593
2018-03-20,MCHP/TXN,0.0,0.0,0.0,2,0.25,0.0
2018-03-20,EEM/IEMG,-0.0,-0.0,0.0,2,0.25,-0.0
2018-03-20,TLH/VGLT,0.0002583152950467,0.0002583152950467,0.0,2,0.25,6.457882376168199e-05
2018-03-21,AMZN/META,0.005787992921315,0.005787992921315,0.0,2,0.25,0.0014469982303287
2018-03-21,MCHP/TXN,-0.0,-0.0,0.0,2,0.25,-0.0
2018-03-21,EEM/IEMG,0.0,0.0,0.0,2,0.25,0.0
2018-03-21,TLH/VGLT,-2.407903502371548e-05,-2.407903502371548e-05,0.0,2,0.25,-6.01975875592887e-06
2018-03-22,AMZN/META,-0.0088132371505153,-0.0088132371505153,0.0,2,0.25,-0.0022033092876288
2018-03-22,MCHP/TXN,-0.0,-0.0,0.0,2,0.25,-0.0
2018-03-22,EEM/IEMG,0.0,0.0,0.0,2,0.25,0.0
2018-03-22,TLH/VGLT,-0.0007314509732772,-0.0007314509732772,0.0,2,0.25,-0.0001828627433193
2018-03-23,AMZN/META,-0.0101796891413416,-0.0101796891413416,0.0,2,0.25,-0.0025449222853354
2018-03-23,MCHP/TXN,-0.0,-0.0,0.0,2,0.25,-0.0
2018-03-23,EEM/IEMG,-0.0,-0.0,0.0,2,0.25,-0.0
2018-03-23,TLH/VGLT,0.0001602185827034,0.0001602185827034,0.0,2,0.25,4.005464567586572e-05
2018-03-26,AMZN/META,-0.0115919806938876,-0.0115919806938876,0.0,2,0.25,-0.0028979951734719
2018-03-26,MCHP/TXN,0.0,0.0,0.0,2,0.25,0.0
2018-03-26,EEM/IEMG,-0.0,-0.0,0.0,2,0.25,-0.0
2018-03-26,TLH/VGLT,0.0001755740174417,0.0001755740174417,0.0,2,0.25,4.389350436043684e-05
2018-03-27,AMZN/META,-0.0183441405106087,-0.0183441405106087,0.0,2,0.25,-0.0045860351276521
2018-03-27,MCHP/TXN,-0.0,-0.0,0.0,2,0.25,-0.0
2018-03-27,EEM/IEMG,-0.0,-0.0,0.0,2,0.25,-0.0
2018-03-27,TLH/VGLT,-0.000278221960095,-0.000278221960095,0.0,2,0.25,-6.955549002376581e-05
2018-03-28,AMZN/META,0.0188944846581482,0.0188944846581482,0.0,2,0.25,0.004723621164537
2018-03-28,MCHP/TXN,0.0,0.0,0.0,2,0.25,0.0
2018-03-28,EEM/IEMG,-0.0,-0.0,0.0,2,0.25,-0.0
2018-03-28,TLH/VGLT,-0.000546163587176,-0.000546163587176,0.0,2,0.25,-0.000136540896794
2018-03-29,AMZN/META,0.0246844068427658,0.0246844068427658,0.0,2,0.25,0.0061711017106914
2018-03-29,MCHP/TXN,0.0,0.0,0.0,2,0.25,0.0
2018-03-29,EEM/IEMG,-0.0,-0.0,0.0,2,0.25,-0.0
2018-03-29,TLH/VGLT,-0.0004669405699782,-0.0004669405699782,0.0,2,0.25,-0.0001167351424945
2018-04-02,AMZN/META,0.0005497726904603,0.0005497726904603,0.0,2,0.25,0.000137443172615
2018-04-02,MCHP/TXN,-0.0,-0.0,0.0,2,0.25,-0.0
2018-04-02,EEM/IEMG,-0.0003217966851661,0.0006782033148338,1.0,2,0.25,-8.044917129154824e-05
2018-04-02,TLH/VGLT,-3.629453231704045e-05,-3.629453231704045e-05,0.0,2,0.25,-9.073633079260111e-06
2018-04-03,AMZN/META,-0.0021531931246979,-0.0021531931246979,0.0,2,0.25,-0.0005382982811744
2018-04-03,MCHP/TXN,0.0,0.0,0.0,2,0.25,0.0
2018-04-03,EEM/IEMG,-0.0004284039322101,-0.0004284039322101,0.0,2,0.25,-0.0001071009830525
2018-04-03,TLH/VGLT,0.0005418683720613,0.0005418683720613,0.0,2,0.25,0.0001354670930153
2018-04-04,AMZN/META,-0.0088796698254908,-0.0088796698254908,0.0,2,0.25,-0.0022199174563727
2018-04-04,MCHP/TXN,0.0,0.0,0.0,2,0.25,0.0
2018-04-04,EEM/IEMG,-0.0001445681883167,-0.0001445681883167,0.0,2,0.25,-3.614204707919022e-05
2018-04-04,TLH/VGLT,0.0003859867553202,0.0003859867553202,0.0,2,0.25,9.649668883007025e-05
2018-04-05,MS/SCHW,0.0,0.0,0.0,3,0.25,0.0
2018-04-05,GOOGL/MSFT,-0.0,-0.0,0.0,3,0.25,-0.0
2018-04-05,HUM/UNH,0.0,0.0,0.0,3,0.25,0.0
2018-04-05,TLH/VGLT,0.0,0.0,0.0,3,0.25,0.0
2018-04-06,MS/SCHW,0.0,0.0,0.0,3,0.25,0.0
2018-04-06,GOOGL/MSFT,-0.0,-0.0,0.0,3,0.25,-0.0
2018-04-06,HUM/UNH,-0.0,-0.0,0.0,3,0.25,-0.0
2018-04-06,TLH/VGLT,0.0002166562545516,0.0012166562545516,1.0,3,0.25,5.416406363792261e-05
2018-04-09,MS/SCHW,0.0,0.0,0.0,3,0.25,0.0
2018-04-09,GOOGL/MSFT,-0.0,-0.0,0.0,3,0.25,-0.0
2018-04-09,HUM/UNH,-0.0,-0.0,0.0,3,0.25,-0.0
2018-04-09,TLH/VGLT,0.0004557192740067,0.0004557192740067,0.0,3,0.25,0.0001139298185016
2018-04-10,MS/SCHW,-0.0,-0.0,0.0,3,0.25,-0.0
2018-04-10,GOOGL/MSFT,0.0,0.0,0.0,3,0.25,0.0
2018-04-10,HUM/UNH,0.0,0.0,0.0,3,0.25,0.0
2018-04-10,TLH/VGLT,-0.0001220040384627,-0.0001220040384627,0.0,3,0.25,-3.0501009615677058e-05
2018-04-11,MS/SCHW,-0.0,-0.0,0.0,3,0.25,-0.0
2018-04-11,GOOGL/MSFT,-0.0,-0.0,0.0,3,0.25,-0.0
2018-04-11,HUM/UNH,-0.0,-0.0,0.0,3,0.25,-0.0
2018-04-11,TLH/VGLT,0.0007104850976158,0.0007104850976158,0.0,3,0.25,0.0001776212744039
2018-04-12,MS/SCHW,0.0,0.0,0.0,3,0.25,0.0
2018-04-12,GOOGL/MSFT,0.0,0.0,0.0,3,0.25,0.0
2018-04-12,HUM/UNH,0.0,0.0,0.0,3,0.25,0.0
2018-04-12,TLH/VGLT,-0.0006442147254495,-0.0006442147254495,0.0,3,0.25,-0.0001610536813623
2018-04-13,MS/SCHW,-0.0,-0.0,0.0,3,0.25,-0.0
2018-04-13,GOOGL/MSFT,-0.0,-0.0,0.0,3,0.25,-0.0
2018-04-13,HUM/UNH,-0.0,-0.0,0.0,3,0.25,-0.0
2018-04-13,TLH/VGLT,0.0004953023898808,0.0004953023898808,0.0,3,0.25,0.0001238255974702
2018-04-16,MS/SCHW,-0.0,-0.0,0.0,3,0.25,-0.0
2018-04-16,GOOGL/MSFT,0.0,0.0,0.0,3,0.25,0.0
2018-04-16,HUM/UNH,0.0,0.0,0.0,3,0.25,0.0
2018-04-16,TLH/VGLT,0.0001280192304178,0.0001280192304178,0.0,3,0.25,3.2004807604473904e-05
2018-04-17,MS/SCHW,-0.0071248755727855,-0.0061248755727855,1.0,3,0.25,-0.0017812188931963
2018-04-17,GOOGL/MSFT,-0.0,-0.0,0.0,3,0.25,-0.0
2018-04-17,HUM/UNH,0.0,0.0,0.0,3,0.25,0.0
2018-04-17,TLH/VGLT,0.0002866006708259,0.0002866006708259,0.0,3,0.25,7.165016770648349e-05
2018-04-18,MS/SCHW,0.0121139954048833,0.0121139954048833,0.0,3,0.25,0.0030284988512208
2018-04-18,GOOGL/MSFT,0.0,0.0,0.0,3,0.25,0.0
2018-04-18,HUM/UNH,0.0072165789646271,0.0082165789646271,1.0,3,0.25,0.0018041447411567
2018-04-18,TLH/VGLT,-0.0004286741693623,-0.0004286741693623,0.0,3,0.25,-0.0001071685423405
2018-04-19,MS/SCHW,0.0021356298116841,0.0021356298116841,0.0,3,0.25,0.000533907452921
2018-04-19,GOOGL/MSFT,-0.0,-0.0,0.0,3,0.25,-0.0
2018-04-19,HUM/UNH,-0.0022173939102578,-0.0022173939102578,0.0,3,0.25,-0.0005543484775644
2018-04-19,TLH/VGLT,-0.0006732470153031,-0.0006732470153031,0.0,3,0.25,-0.0001683117538257
2018-04-20,MS/SCHW,-0.013326769222734,-0.013326769222734,0.0,3,0.25,-0.0033316923056835
2018-04-20,GOOGL/MSFT,-0.0,-0.0,0.0,3,0.25,-0.0
2018-04-20,HUM/UNH,0.0008389509440503,0.0008389509440503,0.0,3,0.25,0.0002097377360125
2018-04-20,TLH/VGLT,-0.0004032373786172,-0.0004032373786172,0.0,3,0.25,-0.0001008093446543
2018-04-23,MS/SCHW,-0.0114264081645408,-0.0114264081645408,0.0,3,0.25,-0.0028566020411352
2018-04-23,GOOGL/MSFT,0.0,0.0,0.0,3,0.25,0.0
2018-04-23,HUM/UNH,0.002428979454689,0.002428979454689,0.0,3,0.25,0.0006072448636722
2018-04-23,TLH/VGLT,0.0004575621840017,0.0004575621840017,0.0,3,0.25,0.0001143905460004
2018-04-24,MS/SCHW,0.0011530087016707,0.0011530087016707,0.0,3,0.25,0.0002882521754176
2018-04-24,GOOGL/MSFT,0.0,0.0,0.0,3,0.25,0.0
2018-04-24,HUM/UNH,-0.0003393767914872,-0.0003393767914872,0.0,3,0.25,-8.48441978718053e-05
2018-04-24,TLH/VGLT,-0.0008116806303897,-0.0008116806303897,0.0,3,0.25,-0.0002029201575974
2018-04-25,MS/SCHW,-0.0116946119444923,-0.0116946119444923,0.0,3,0.25,-0.002923652986123
2018-04-25,GOOGL/MSFT,-0.0,-0.0,0.0,3,0.25,-0.0
2018-04-25,HUM/UNH,0.002323743374007,0.002323743374007,0.0,3,0.25,0.0005809358435017
2018-04-25,TLH/VGLT,-0.0005398739578423,-0.0005398739578423,0.0,3,0.25,-0.0001349684894605
2018-04-26,MS/SCHW,-0.0067976694919378,-0.0067976694919378,0.0,3,0.25,-0.0016994173729844
2018-04-26,GOOGL/MSFT,0.0,0.0,0.0,3,0.25,0.0
2018-04-26,HUM/UNH,-0.0072195399198963,-0.0072195399198963,0.0,3,0.25,-0.001804884979974
2018-04-26,TLH/VGLT,0.0005299981716267,0.0005299981716267,0.0,3,0.25,0.0001324995429066
2018-04-27,MS/SCHW,-0.0036637921655367,-0.0036637921655367,0.0,3,0.25,-0.0009159480413841
2018-04-27,GOOGL/MSFT,0.0,0.0,0.0,3,0.25,0.0
2018-04-27,HUM/UNH,-0.0077339710953758,-0.0077339710953758,0.0,3,0.25,-0.0019334927738439
2018-04-27,TLH/VGLT,0.001074859157122,0.001074859157122,0.0,3,0.25,0.0002687147892805
2018-04-30,MS/SCHW,-0.0001538580945614,-0.0001538580945614,0.0,3,0.25,-3.846452364036837e-05
2018-04-30,GOOGL/MSFT,-0.0,-0.0,0.0,3,0.25,-0.0
2018-04-30,HUM/UNH,0.0068213027462216,0.0068213027462216,0.0,3,0.25,0.0017053256865554
2018-04-30,TLH/VGLT,3.5626355692383574e-05,3.5626355692383574e-05,0.0,3,0.25,8.906588923095894e-06
2018-05-01,MS/SCHW,0.0026153406007381,0.0026153406007381,0.0,3,0.25,0.0006538351501845
2018-05-01,GOOGL/MSFT,-0.0,-0.0,0.0,3,0.25,-0.0
2018-05-01,HUM/UNH,9.996277256927509e-06,9.996277256927509e-06,0.0,3,0.25,2.4990693142318767e-06
2018-05-01,TLH/VGLT,-0.0003234726228102,-0.0003234726228102,0.0,3,0.25,-8.086815570257327e-05
2018-05-02,MS/SCHW,-0.0015063393098974,-0.0015063393098974,0.0,3,0.25,-0.0003765848274743
2018-05-02,GOOGL/MSFT,-0.0,-0.0,0.0,3,0.25,-0.0
2018-05-02,HUM/UNH,4.6631330929611765e-05,4.6631330929611765e-05,0.0,3,0.25,1.165783273240294e-05
2018-05-02,TLH/VGLT,-0.0004221836290271,-0.0004221836290271,0.0,3,0.25,-0.0001055459072567
2018-05-03,MS/SCHW,-0.0015987263626068,-0.0015987263626068,0.0,3,0.25,-0.0003996815906517
2018-05-03,GOOGL/MSFT,0.0,0.0,0.0,3,0.25,0.0
2018-05-03,HUM/UNH,-0.003129600993299,-0.003129600993299,0.0,3,0.25,-0.0007824002483247
2018-05-03,TLH/VGLT,-0.001,-0.0,1.0,3,0.25,-0.00025
2018-05-04,MS/SCHW,-0.0051826309075435,-0.0051826309075435,0.0,3,0.25,-0.0012956577268858
2018-05-04,GOOGL/MSFT,-0.0,-0.0,0.0,3,0.25,-0.0
2018-05-04,HUM/UNH,-0.0039053972592518,-0.0039053972592518,0.0,3,0.25,-0.0009763493148129
2018-05-04,TLH/VGLT,-0.0,-0.0,0.0,3,0.25,-0.0
2018-05-07,MS/SCHW,0.0039390205509564,0.0039390205509564,0.0,3,0.25,0.0009847551377391
2018-05-07,GOOGL/MSFT,0.0,0.0,0.0,3,0.25,0.0
2018-05-07,HUM/UNH,0.0012431407638882,0.0012431407638882,0.0,3,0.25,0.000310785190972
2018-05-07,TLH/VGLT,0.0,0.0,0.0,3,0.25,0.0
2018-05-08,MS/SCHW,0.0080758621705518,0.0080758621705518,0.0,3,0.25,0.0020189655426379
2018-05-08,GOOGL/MSFT,-0.0,-0.0,0.0,3,0.25,-0.0
2018-05-08,HUM/UNH,-0.0014715537301612,-0.0014715537301612,0.0,3,0.25,-0.0003678884325403
2018-05-08,TLH/VGLT,-0.0,-0.0,0.0,3,0.25,-0.0
2018-05-09,MS/SCHW,-0.0029575454033138,-0.0029575454033138,0.0,3,0.25,-0.0007393863508284
2018-05-09,GOOGL/MSFT,-0.0,-0.0,0.0,3,0.25,-0.0
2018-05-09,HUM/UNH,0.0006378796238299,0.0006378796238299,0.0,3,0.25,0.0001594699059574
2018-05-09,TLH/VGLT,0.0,0.0,0.0,3,0.25,0.0
2018-05-10,MS/SCHW,0.0065586595111935,0.0065586595111935,0.0,3,0.25,0.0016396648777983
2018-05-10,GOOGL/MSFT,-0.0,-0.0,0.0,3,0.25,-0.0
2018-05-10,HUM/UNH,-0.0012316379640338,-0.0012316379640338,0.0,3,0.25,-0.0003079094910084
2018-05-10,TLH/VGLT,-0.0,-0.0,0.0,3,0.25,-0.0
2018-05-11,MS/SCHW,-0.0017962641074021,-0.0017962641074021,0.0,3,0.25,-0.0004490660268505
2018-05-11,GOOGL/MSFT,-0.0,-0.0,0.0,3,0.25,-0.0
2018-05-11,HUM/UNH,-0.0089461712015569,-0.0089461712015569,0.0,3,0.25,-0.0022365428003892
2018-05-11,TLH/VGLT,-0.0,-0.0,0.0,3,0.25,-0.0
2018-05-14,MS/SCHW,-0.001,0.0,1.0,3,0.25,-0.00025
2018-05-14,GOOGL/MSFT,0.0,0.0,0.0,3,0.25,0.0
2018-05-14,HUM/UNH,-0.0062129056977798,-0.0062129056977798,0.0,3,0.25,-0.0015532264244449
2018-05-14,TLH/VGLT,-0.000283005972629,0.0007169940273709,1.0,3,0.25,-7.075149315727308e-05
2018-05-15,MS/SCHW,-0.0,-0.0,0.0,3,0.25,-0.0
2018-05-15,GOOGL/MSFT,0.0,0.0,0.0,3,0.25,0.0
2018-05-15,HUM/UNH,-0.001,-0.0,1.0,3,0.25,-0.00025
2018-05-15,TLH/VGLT,0.0004291323895067,0.0004291323895067,0.0,3,0.25,0.0001072830973766
2018-05-16,MS/SCHW,0.0,0.0,0.0,3,0.25,0.0
2018-05-16,GOOGL/MSFT,0.0,0.0,0.0,3,0.25,0.0
2018-05-16,HUM/UNH,0.0,0.0,0.0,3,0.25,0.0
2018-05-16,TLH/VGLT,0.0001553697301011,0.0001553697301011,0.0,3,0.25,3.884243252529798e-05
2018-05-17,MS/SCHW,-0.0,-0.0,0.0,3,0.25,-0.0
2018-05-17,GOOGL/MSFT,-0.0,-0.0,0.0,3,0.25,-0.0
2018-05-17,HUM/UNH,0.0,0.0,0.0,3,0.25,0.0
2018-05-17,TLH/VGLT,0.0012338594791486,0.0012338594791486,0.0,3,0.25,0.0003084648697871
2018-05-18,MS/SCHW,-0.0,-0.0,0.0,3,0.25,-0.0
2018-05-18,GOOGL/MSFT,0.0,0.0,0.0,3,0.25,0.0
2018-05-18,HUM/UNH,0.0,0.0,0.0,3,0.25,0.0
2018-05-18,TLH/VGLT,-0.0009478773278676,-0.0009478773278676,0.0,3,0.25,-0.0002369693319669
2018-05-21,MS/SCHW,0.0,0.0,0.0,3,0.25,0.0
2018-05-21,GOOGL/MSFT,0.0,0.0,0.0,3,0.25,0.0
2018-05-21,HUM/UNH,0.0,0.0,0.0,3,0.25,0.0
2018-05-21,TLH/VGLT,0.0003761636347774,0.0003761636347774,0.0,3,0.25,9.404090869436514e-05
2018-05-22,MS/SCHW,0.0,0.0,0.0,3,0.25,0.0
2018-05-22,GOOGL/MSFT,0.0,0.0,0.0,3,0.25,0.0
2018-05-22,HUM/UNH,-0.0,-0.0,0.0,3,0.25,-0.0
2018-05-22,TLH/VGLT,0.0001809244412976,0.0001809244412976,0.0,3,0.25,4.523111032440909e-05
2018-05-23,MS/SCHW,-0.0,-0.0,0.0,3,0.25,-0.0
2018-05-23,GOOGL/MSFT,0.0,0.0,0.0,3,0.25,0.0
2018-05-23,HUM/UNH,-0.0,-0.0,0.0,3,0.25,-0.0
2018-05-23,TLH/VGLT,0.0001202142415655,0.0001202142415655,0.0,3,0.25,3.005356039139381e-05
2018-05-24,MS/SCHW,0.0,0.0,0.0,3,0.25,0.0
2018-05-24,GOOGL/MSFT,-0.0,-0.0,0.0,3,0.25,-0.0
2018-05-24,HUM/UNH,-0.0,-0.0,0.0,3,0.25,-0.0
2018-05-24,TLH/VGLT,-0.0011107418279967,-0.0011107418279967,0.0,3,0.25,-0.0002776854569991
2018-05-25,MS/SCHW,-0.0,-0.0,0.0,3,0.25,-0.0
2018-05-25,GOOGL/MSFT,0.0,0.0,0.0,3,0.25,0.0
2018-05-25,HUM/UNH,0.0,0.0,0.0,3,0.25,0.0
2018-05-25,TLH/VGLT,0.0001308458812527,0.0001308458812527,0.0,3,0.25,3.271147031319709e-05
2018-05-29,MS/SCHW,-0.0,-0.0,0.0,3,0.25,-0.0
2018-05-29,GOOGL/MSFT,0.0,0.0,0.0,3,0.25,0.0
2018-05-29,HUM/UNH,-0.0,-0.0,0.0,3,0.25,-0.0
2018-05-29,TLH/VGLT,-0.0011009774455676,-0.0011009774455676,0.0,3,0.25,-0.0002752443613919
2018-05-30,MS/SCHW,0.0,0.0,0.0,3,0.25,0.0
2018-05-30,GOOGL/MSFT,0.0,0.0,0.0,3,0.25,0.0
2018-05-30,HUM/UNH,0.0,0.0,0.0,3,0.25,0.0
2018-05-30,TLH/VGLT,9.739495619825746e-05,9.739495619825746e-05,0.0,3,0.25,2.434873904956437e-05
2018-05-31,MS/SCHW,-0.0,-0.0,0.0,3,0.25,-0.0
2018-05-31,GOOGL/MSFT,-0.0,-0.0,0.0,3,0.25,-0.0
2018-05-31,HUM/UNH,-0.0,-0.0,0.0,3,0.25,-0.0
2018-05-31,TLH/VGLT,0.0001709491904652,0.0001709491904652,0.0,3,0.25,4.273729761630156e-05
2018-06-01,MS/SCHW,0.0,0.0,0.0,3,0.25,0.0
2018-06-01,GOOGL/MSFT,-0.0,-0.0,0.0,3,0.25,-0.0
2018-06-01,HUM/UNH,0.0,0.0,0.0,3,0.25,0.0
2018-06-01,TLH/VGLT,0.0001846160332647,0.0001846160332647,0.0,3,0.25,4.615400831619736e-05
2018-06-04,MS/SCHW,0.0,0.0,0.0,3,0.25,0.0
2018-06-04,GOOGL/MSFT,-0.0,-0.0,0.0,3,0.25,-0.0
2018-06-04,HUM/UNH,-0.0,-0.0,0.0,3,0.25,-0.0
2018-06-04,TLH/VGLT,0.0002275508506459,0.0002275508506459,0.0,3,0.25,5.688771266148745e-05
2018-06-05,MS/SCHW,-0.0,-0.0,0.0,3,0.25,-0.0
2018-06-05,GOOGL/MSFT,0.0,0.0,0.0,3,0.25,0.0
2018-06-05,HUM/UNH,-0.0,-0.0,0.0,3,0.25,-0.0
2018-06-05,TLH/VGLT,0.0003622957569838,0.0003622957569838,0.0,3,0.25,9.057393924596502e-05
2018-06-06,MS/SCHW,-0.0,-0.0,0.0,3,0.25,-0.0
2018-06-06,GOOGL/MSFT,0.0,0.0,0.0,3,0.25,0.0
2018-06-06,HUM/UNH,0.0,0.0,0.0,3,0.25,0.0
2018-06-06,TLH/VGLT,0.0005545084172847,0.0005545084172847,0.0,3,0.25,0.0001386271043211
2018-06-07,MS/SCHW,0.0,0.0,0.0,3,0.25,0.0
2018-06-07,GOOGL/MSFT,-0.0,-0.0,0.0,3,0.25,-0.0
2018-06-07,HUM/UNH,-0.0,-0.0,0.0,3,0.25,-0.0
2018-06-07,TLH/VGLT,-0.0012175922671263,-0.0012175922671263,0.0,3,0.25,-0.0003043980667815
2018-06-08,MS/SCHW,-0.0,-0.0,0.0,3,0.25,-0.0
2018-06-08,GOOGL/MSFT,0.0,0.0,0.0,3,0.25,0.0
2018-06-08,HUM/UNH,0.0,0.0,0.0,3,0.25,0.0
2018-06-08,TLH/VGLT,0.0002085909758458,0.0002085909758458,0.0,3,0.25,5.214774396147038e-05
2018-06-11,MS/SCHW,0.0,0.0,0.0,3,0.25,0.0
2018-06-11,GOOGL/MSFT,-0.0,-0.0,0.0,3,0.25,-0.0
2018-06-11,HUM/UNH,0.0,0.0,0.0,3,0.25,0.0
2018-06-11,TLH/VGLT,-0.001,0.0,1.0,3,0.25,-0.00025
2018-06-12,MS/SCHW,-0.0,-0.0,0.0,3,0.25,-0.0
2018-06-12,GOOGL/MSFT,-0.0,-0.0,0.0,3,0.25,-0.0
2018-06-12,HUM/UNH,-0.0,-0.0,0.0,3,0.25,-0.0
2018-06-12,TLH/VGLT,-0.0,-0.0,0.0,3,0.25,-0.0
2018-06-13,MS/SCHW,0.0,0.0,0.0,3,0.25,0.0
2018-06-13,GOOGL/MSFT,-0.0,-0.0,0.0,3,0.25,-0.0
2018-06-13,HUM/UNH,-0.0,-0.0,0.0,3,0.25,-0.0
2018-06-13,TLH/VGLT,-0.0,-0.0,0.0,3,0.25,-0.0
2018-06-14,MS/SCHW,0.0,0.0,0.0,3,0.25,0.0
2018-06-14,GOOGL/MSFT,-0.0,-0.0,0.0,3,0.25,-0.0
2018-06-14,HUM/UNH,0.0,0.0,0.0,3,0.25,0.0
2018-06-14,TLH/VGLT,-0.0,-0.0,0.0,3,0.25,-0.0
2018-06-15,MS/SCHW,0.0,0.0,0.0,3,0.25,0.0
2018-06-15,GOOGL/MSFT,-0.0,-0.0,0.0,3,0.25,-0.0
2018-06-15,HUM/UNH,0.0,0.0,0.0,3,0.25,0.0
2018-06-15,TLH/VGLT,0.0,0.0,0.0,3,0.25,0.0
2018-06-18,MS/SCHW,0.0,0.0,0.0,3,0.25,0.0
2018-06-18,GOOGL/MSFT,-0.0,-0.0,0.0,3,0.25,-0.0
2018-06-18,HUM/UNH,-0.0,-0.0,0.0,3,0.25,-0.0
2018-06-18,TLH/VGLT,0.0,0.0,0.0,3,0.25,0.0
2018-06-19,MS/SCHW,-0.0,-0.0,0.0,3,0.25,-0.0
2018-06-19,GOOGL/MSFT,0.0008500558809727,0.0018500558809727,1.0,3,0.25,0.0002125139702431
2018-06-19,HUM/UNH,0.0,0.0,0.0,3,0.25,0.0
2018-06-19,TLH/VGLT,-0.0,-0.0,0.0,3,0.25,-0.0
2018-06-20,MS/SCHW,-0.0,-0.0,0.0,3,0.25,-0.0
2018-06-20,GOOGL/MSFT,0.0034922830587991,0.0034922830587991,0.0,3,0.25,0.0008730707646997
2018-06-20,HUM/UNH,-0.0,-0.0,0.0,3,0.25,-0.0
2018-06-20,TLH/VGLT,0.0,0.0,0.0,3,0.25,0.0
2018-06-21,MS/SCHW,0.0,0.0,0.0,3,0.25,0.0
2018-06-21,GOOGL/MSFT,0.0015662450652261,0.0015662450652261,0.0,3,0.25,0.0003915612663065
2018-06-21,HUM/UNH,-0.0,-0.0,0.0,3,0.25,-0.0
2018-06-21,TLH/VGLT,0.0,0.0,0.0,3,0.25,0.0
2018-06-22,MS/SCHW,-0.0,-0.0,0.0,3,0.25,-0.0
2018-06-22,GOOGL/MSFT,-0.0039314253138344,-0.0039314253138344,0.0,3,0.25,-0.0009828563284586
2018-06-22,HUM/UNH,0.0,0.0,0.0,3,0.25,0.0
2018-06-22,TLH/VGLT,-0.0,-0.0,0.0,3,0.25,-0.0
2018-06-25,MS/SCHW,0.0,0.0,0.0,3,0.25,0.0
2018-06-25,GOOGL/MSFT,0.0003579798176127,0.0003579798176127,0.0,3,0.25,8.949495440319873e-05
2018-06-25,HUM/UNH,-0.0,-0.0,0.0,3,0.25,-0.0
2018-06-25,TLH/VGLT,0.0,0.0,0.0,3,0.25,0.0
2018-06-26,MS/SCHW,0.0,0.0,0.0,3,0.25,0.0
2018-06-26,GOOGL/MSFT,0.0064909177025739,0.0064909177025739,0.0,3,0.25,0.0016227294256434
2018-06-26,HUM/UNH,0.0003004660631218,0.0013004660631218,1.0,3,0.25,7.511651578047304e-05
2018-06-26,TLH/VGLT,-0.0,-0.0,0.0,3,0.25,-0.0
2018-06-27,MS/SCHW,0.0,0.0,0.0,3,0.25,0.0
2018-06-27,GOOGL/MSFT,-0.00240045964433,-0.00240045964433,0.0,3,0.25,-0.0006001149110825
2018-06-27,HUM/UNH,-0.0065268012476047,-0.0065268012476047,0.0,3,0.25,-0.0016317003119011
2018-06-27,TLH/VGLT,-0.0,-0.0,0.0,3,0.25,-0.0
2018-06-28,MS/SCHW,0.0,0.0,0.0,3,0.25,0.0
2018-06-28,GOOGL/MSFT,0.002237633963663,0.002237633963663,0.0,3,0.25,0.0005594084909157
2018-06-28,HUM/UNH,-0.0068083175289368,-0.0068083175289368,0.0,3,0.25,-0.0017020793822342
2018-06-28,TLH/VGLT,-0.0013103605582491,-0.0003103605582491,1.0,3,0.25,-0.0003275901395622
2018-06-29,MS/SCHW,0.0041961800010225,0.0051961800010225,1.0,3,0.25,0.0010490450002556
2018-06-29,GOOGL/MSFT,-0.0010685367614795,-0.0010685367614795,0.0,3,0.25,-0.0002671341903698
2018-06-29,HUM/UNH,0.0003634431223879,0.0003634431223879,0.0,3,0.25,9.086078059698448e-05
2018-06-29,TLH/VGLT,0.0006011297639211,0.0006011297639211,0.0,3,0.25,0.0001502824409802
2018-07-02,MS/SCHW,-0.0020810130641305,-0.0020810130641305,0.0,3,0.25,-0.0005202532660326
2018-07-02,GOOGL/MSFT,0.0027288090303843,0.0027288090303843,0.0,3,0.25,0.000682202257596
2018-07-02,HUM/UNH,0.0041364126435423,0.0041364126435423,0.0,3,0.25,0.0010341031608855
2018-07-02,TLH/VGLT,-0.0006272886584766,-0.0006272886584766,0.0,3,0.25,-0.0001568221646191
2018-07-03,MS/SCHW,-0.000807513235606,-0.000807513235606,0.0,3,0.25,-0.0002018783089015
2018-07-03,GOOGL/MSFT,0.0048171966453226,0.0048171966453226,0.0,3,0.25,0.0012042991613306
2018-07-03,HUM/UNH,-0.0037748874481307,-0.0037748874481307,0.0,3,0.25,-0.0009437218620326
2018-07-03,TLH/VGLT,0.0002355309728962,0.0002355309728962,0.0,3,0.25,5.888274322405234e-05
2018-07-05,INTU/MSFT,0.0,0.0,0.0,4,0.25,0.0
2018-07-05,AVGO/NXPI,0.0,0.0,0.0,4,0.25,0.0
2018-07-05,ADSK/NOW,0.0,0.0,0.0,4,0.25,0.0
2018-07-05,QQQ/XLK,-0.0,-0.0,0.0,4,0.25,-0.0
2018-07-06,INTU/MSFT,0.0,0.0,0.0,4,0.25,0.0
2018-07-06,AVGO/NXPI,0.0,0.0,0.0,4,0.25,0.0
2018-07-06,ADSK/NOW,0.0,0.0,0.0,4,0.25,0.0
2018-07-06,QQQ/XLK,0.0,0.0,0.0,4,0.25,0.0
2018-07-09,INTU/MSFT,0.0,0.0,0.0,4,0.25,0.0
2018-07-09,AVGO/NXPI,-0.0,-0.0,0.0,4,0.25,-0.0
2018-07-09,ADSK/NOW,0.0,0.0,0.0,4,0.25,0.0
2018-07-09,QQQ/XLK,0.0,0.0,0.0,4,0.25,0.0
2018-07-10,INTU/MSFT,-0.0012054052285895,-0.0002054052285895,1.0,4,0.25,-0.0003013513071473
2018-07-10,AVGO/NXPI,-0.0,-0.0,0.0,4,0.25,-0.0
2018-07-10,ADSK/NOW,0.0,0.0,0.0,4,0.25,0.0
2018-07-10,QQQ/XLK,-0.0,-0.0,0.0,4,0.25,-0.0
2018-07-11,INTU/MSFT,0.0022170396215817,0.0022170396215817,0.0,4,0.25,0.0005542599053954
2018-07-11,AVGO/NXPI,-0.0,-0.0,0.0,4,0.25,-0.0
2018-07-11,ADSK/NOW,0.0,0.0,0.0,4,0.25,0.0
2018-07-11,QQQ/XLK,-0.0,-0.0,0.0,4,0.25,-0.0
2018-07-12,INTU/MSFT,-0.0044700520812123,-0.0044700520812123,0.0,4,0.25,-0.001117513020303
2018-07-12,AVGO/NXPI,-0.0,-0.0,0.0,4,0.25,-0.0
2018-07-12,ADSK/NOW,0.0,0.0,0.0,4,0.25,0.0
2018-07-12,QQQ/XLK,0.0,0.0,0.0,4,0.25,0.0
2018-07-13,INTU/MSFT,-0.0071888667233611,-0.0071888667233611,0.0,4,0.25,-0.0017972166808402
2018-07-13,AVGO/NXPI,-0.0,-0.0,0.0,4,0.25,-0.0
2018-07-13,ADSK/NOW,-0.0,-0.0,0.0,4,0.25,-0.0
2018-07-13,QQQ/XLK,0.0,0.0,0.0,4,0.25,0.0
2018-07-16,INTU/MSFT,0.0043654258760472,0.0043654258760472,0.0,4,0.25,0.0010913564690118
2018-07-16,AVGO/NXPI,0.0124833832302623,0.0134833832302623,1.0,4,0.25,0.0031208458075655
2018-07-16,ADSK/NOW,-0.0,-0.0,0.0,4,0.25,-0.0
2018-07-16,QQQ/XLK,0.0,0.0,0.0,4,0.25,0.0
2018-07-17,INTU/MSFT,-0.0022099781170802,-0.0022099781170802,0.0,4,0.25,-0.00055249452927
2018-07-17,AVGO/NXPI,0.0177074756096151,0.0177074756096151,0.0,4,0.25,0.0044268689024037
2018-07-17,ADSK/NOW,0.0,0.0,0.0,4,0.25,0.0
2018-07-17,QQQ/XLK,-0.0,-0.0,0.0,4,0.25,-0.0
2018-07-18,INTU/MSFT,0.0080811797905595,0.0080811797905595,0.0,4,0.25,0.0020202949476398
2018-07-18,AVGO/NXPI,-0.0077104176142173,-0.0077104176142173,0.0,4,0.25,-0.0019276044035543
2018-07-18,ADSK/NOW,-0.0,-0.0,0.0,4,0.25,-0.0
2018-07-18,QQQ/XLK,-0.0,-0.0,0.0,4,0.25,-0.0
2018-07-19,INTU/MSFT,-0.0001091800920066,-0.0001091800920066,0.0,4,0.25,-2.729502300167496e-05
2018-07-19,AVGO/NXPI,0.014393491184312,0.014393491184312,0.0,4,0.25,0.003598372796078
2018-07-19,ADSK/NOW,0.0,0.0,0.0,4,0.25,0.0
2018-07-19,QQQ/XLK,-0.0,-0.0,0.0,4,0.25,-0.0
2018-07-20,INTU/MSFT,-0.0120911578050542,-0.0120911578050542,0.0,4,0.25,-0.0030227894512635
2018-07-20,AVGO/NXPI,0.0004933738327146,0.0004933738327146,0.0,4,0.25,0.0001233434581786
2018-07-20,ADSK/NOW,0.0,0.0,0.0,4,0.25,0.0
2018-07-20,QQQ/XLK,-0.0,-0.0,0.0,4,0.25,-0.0
2018-07-23,INTU/MSFT,-0.0057202708896961,-0.0057202708896961,0.0,4,0.25,-0.001430067722424
2018-07-23,AVGO/NXPI,0.0144399971619919,0.0144399971619919,0.0,4,0.25,0.0036099992904979
2018-07-23,ADSK/NOW,-0.0,-0.0,0.0,4,0.25,-0.0
2018-07-23,QQQ/XLK,-0.0,-0.0,0.0,4,0.25,-0.0
2018-07-24,INTU/MSFT,-0.0011937436281702,-0.0011937436281702,0.0,4,0.25,-0.0002984359070425
2018-07-24,AVGO/NXPI,0.0161689277326112,0.0161689277326112,0.0,4,0.25,0.0040422319331528
2018-07-24,ADSK/NOW,-0.0,-0.0,0.0,4,0.25,-0.0
2018-07-24,QQQ/XLK,-0.0,-0.0,0.0,4,0.25,-0.0
2018-07-25,INTU/MSFT,-0.0150005069033717,-0.0150005069033717,0.0,4,0.25,-0.0037501267258429
2018-07-25,AVGO/NXPI,0.0339727336134138,0.0339727336134138,0.0,4,0.25,0.0084931834033534
2018-07-25,ADSK/NOW,-0.0,-0.0,0.0,4,0.25,-0.0
2018-07-25,QQQ/XLK,0.0,0.0,0.0,4,0.25,0.0
2018-07-26,INTU/MSFT,0.0054201187425076,0.0054201187425076,0.0,4,0.25,0.0013550296856269
2018-07-26,AVGO/NXPI,0.0108208780037646,0.0108208780037646,0.0,4,0.25,0.0027052195009411
2018-07-26,ADSK/NOW,0.0256703705995101,0.0266703705995101,1.0,4,0.25,0.0064175926498775
2018-07-26,QQQ/XLK,0.0,0.0,0.0,4,0.25,0.0
2018-07-27,INTU/MSFT,0.0025934686179057,0.0025934686179057,0.0,4,0.25,0.0006483671544764
2018-07-27,AVGO/NXPI,-0.0140972273385371,-0.0140972273385371,0.0,4,0.25,-0.0035243068346342
2018-07-27,ADSK/NOW,-0.0112803976302207,-0.0112803976302207,0.0,4,0.25,-0.0028200994075551
2018-07-27,QQQ/XLK,0.0,0.0,0.0,4,0.25,0.0
2018-07-30,INTU/MSFT,-0.0053252607759899,-0.0053252607759899,0.0,4,0.25,-0.0013313151939974
2018-07-30,AVGO/NXPI,0.0130081698108766,0.0130081698108766,0.0,4,0.25,0.0032520424527191
2018-07-30,ADSK/NOW,-0.0039328068523734,-0.0039328068523734,0.0,4,0.25,-0.0009832017130933
2018-07-30,QQQ/XLK,0.0,0.0,0.0,4,0.25,0.0
2018-07-31,INTU/MSFT,-0.0009617992867919,-0.0009617992867919,0.0,4,0.25,-0.0002404498216979
2018-07-31,AVGO/NXPI,-0.0119327623772339,-0.0119327623772339,0.0,4,0.25,-0.0029831905943084
2018-07-31,ADSK/NOW,-0.01408737507543,-0.01408737507543,0.0,4,0.25,-0.0035218437688575
2018-07-31,QQQ/XLK,0.0,0.0,0.0,4,0.25,0.0
2018-08-01,INTU/MSFT,-0.0010919221630165,-0.0010919221630165,0.0,4,0.25,-0.0002729805407541
2018-08-01,AVGO/NXPI,-0.0151831242479139,-0.0151831242479139,0.0,4,0.25,-0.0037957810619784
2018-08-01,ADSK/NOW,0.0106727139792216,0.0106727139792216,0.0,4,0.25,0.0026681784948054
2018-08-01,QQQ/XLK,0.001737911045428,0.002737911045428,1.0,4,0.25,0.000434477761357
2018-08-02,INTU/MSFT,-0.0044026324481084,-0.0044026324481084,0.0,4,0.25,-0.0011006581120271
2018-08-02,AVGO/NXPI,-0.0020824166826061,-0.0020824166826061,0.0,4,0.25,-0.0005206041706515
2018-08-02,ADSK/NOW,0.003889388291645,0.003889388291645,0.0,4,0.25,0.0009723470729112
2018-08-02,QQQ/XLK,-0.0002609374081582,-0.0002609374081582,0.0,4,0.25,-6.523435203955044e-05
2018-08-03,INTU/MSFT,-0.0037488006166379,-0.0037488006166379,0.0,4,0.25,-0.0009372001541594
2018-08-03,AVGO/NXPI,0.0034100281579755,0.0034100281579755,0.0,4,0.25,0.0008525070394938
2018-08-03,ADSK/NOW,-0.009137510972932,-0.009137510972932,0.0,4,0.25,-0.002284377743233
2018-08-03,QQQ/XLK,0.0003267280976224,0.0003267280976224,0.0,4,0.25,8.168202440562231e-05
2018-08-06,INTU/MSFT,-0.001,-0.0,1.0,4,0.25,-0.00025
2018-08-06,AVGO/NXPI,-0.0039184958059404,-0.0039184958059404,0.0,4,0.25,-0.0009796239514851
2018-08-06,ADSK/NOW,0.0055040856469123,0.0055040856469123,0.0,4,0.25,0.001376021411728
2018-08-06,QQQ/XLK,-0.000152279435887,-0.000152279435887,0.0,4,0.25,-3.806985897176971e-05
2018-08-07,INTU/MSFT,0.0,0.0,0.0,4,0.25,0.0
2018-08-07,AVGO/NXPI,0.0114730815257721,0.0114730815257721,0.0,4,0.25,0.002868270381443
2018-08-07,ADSK/NOW,0.0009858312498079,0.0009858312498079,0.0,4,0.25,0.0002464578124519
2018-08-07,QQQ/XLK,0.000165621499459,0.000165621499459,0.0,4,0.25,4.140537486475333e-05
2018-08-08,INTU/MSFT,0.0,0.0,0.0,4,0.25,0.0
2018-08-08,AVGO/NXPI,-0.0019981902289199,-0.0019981902289199,0.0,4,0.25,-0.0004995475572299
2018-08-08,ADSK/NOW,0.0043777649024353,0.0043777649024353,0.0,4,0.25,0.0010944412256088
2018-08-08,QQQ/XLK,0.0007956783281838,0.0007956783281838,0.0,4,0.25,0.0001989195820459
2018-08-09,INTU/MSFT,-0.0,-0.0,0.0,4,0.25,-0.0
2018-08-09,AVGO/NXPI,-0.0083709845664776,-0.0083709845664776,0.0,4,0.25,-0.0020927461416194
2018-08-09,ADSK/NOW,0.0041885852844867,0.0041885852844867,0.0,4,0.25,0.0010471463211216
2018-08-09,QQQ/XLK,0.0005039700777553,0.0005039700777553,0.0,4,0.25,0.0001259925194388
2018-08-10,INTU/MSFT,-0.0,-0.0,0.0,4,0.25,-0.0
2018-08-10,AVGO/NXPI,-0.001,-0.0,1.0,4,0.25,-0.00025
2018-08-10,ADSK/NOW,-0.0019844233766934,-0.0019844233766934,0.0,4,0.25,-0.0004961058441733
2018-08-10,QQQ/XLK,-0.0003362681302354,-0.0003362681302354,0.0,4,0.25,-8.40670325588699e-05
2018-08-13,INTU/MSFT,-0.0,-0.0,0.0,4,0.25,-0.0
2018-08-13,AVGO/NXPI,0.0,0.0,0.0,4,0.25,0.0
2018-08-13,ADSK/NOW,-0.0034437561872589,-0.0034437561872589,0.0,4,0.25,-0.0008609390468147
2018-08-13,QQQ/XLK,-0.0001542709110479,-0.0001542709110479,0.0,4,0.25,-3.856772776198663e-05
2018-08-14,INTU/MSFT,0.0,0.0,0.0,4,0.25,0.0
2018-08-14,AVGO/NXPI,-0.0,-0.0,0.0,4,0.25,-0.0
2018-08-14,ADSK/NOW,-0.0035526465407666,-0.0035526465407666,0.0,4,0.25,-0.0008881616351916
2018-08-14,QQQ/XLK,7.053935756719476e-05,7.053935756719476e-05,0.0,4,0.25,1.763483939179869e-05
2018-08-15,INTU/MSFT,-0.0,-0.0,0.0,4,0.25,-0.0
2018-08-15,AVGO/NXPI,0.0,0.0,0.0,4,0.25,0.0
2018-08-15,ADSK/NOW,0.003161113254291,0.003161113254291,0.0,4,0.25,0.0007902783135727
2018-08-15,QQQ/XLK,0.0014180335015837,0.0014180335015837,0.0,4,0.25,0.0003545083753959
2018-08-16,INTU/MSFT,-0.0,-0.0,0.0,4,0.25,-0.0
2018-08-16,AVGO/NXPI,0.0,0.0,0.0,4,0.25,0.0
2018-08-16,ADSK/NOW,-0.0105203416577584,-0.0105203416577584,0.0,4,0.25,-0.0026300854144396
2018-08-16,QQQ/XLK,0.0006273878877638,0.0006273878877638,0.0,4,0.25,0.0001568469719409
2018-08-17,INTU/MSFT,0.0,0.0,0.0,4,0.25,0.0
2018-08-17,AVGO/NXPI,0.0,0.0,0.0,4,0.25,0.0
2018-08-17,ADSK/NOW,0.0002058670019205,0.0002058670019205,0.0,4,0.25,5.146675048013627e-05
2018-08-17,QQQ/XLK,0.0006581463241275,0.0006581463241275,0.0,4,0.25,0.0001645365810318
2018-08-20,INTU/MSFT,-0.0,-0.0,0.0,4,0.25,-0.0
2018-08-20,AVGO/NXPI,-0.0,-0.0,0.0,4,0.25,-0.0
2018-08-20,ADSK/NOW,-0.0024051253942269,-0.0024051253942269,0.0,4,0.25,-0.0006012813485567
2018-08-20,QQQ/XLK,-0.0003295635283245,-0.0003295635283245,0.0,4,0.25,-8.239088208112978e-05
2018-08-21,INTU/MSFT,-0.0,-0.0,0.0,4,0.25,-0.0
2018-08-21,AVGO/NXPI,0.0,0.0,0.0,4,0.25,0.0
2018-08-21,ADSK/NOW,-0.0029613131424281,-0.0029613131424281,0.0,4,0.25,-0.000740328285607
2018-08-21,QQQ/XLK,-0.000965495551291,-0.000965495551291,0.0,4,0.25,-0.0002413738878227
2018-08-22,INTU/MSFT,0.0038132252247192,0.0048132252247192,1.0,4,0.25,0.0009533063061798
2018-08-22,AVGO/NXPI,-0.0,-0.0,0.0,4,0.25,-0.0
2018-08-22,ADSK/NOW,-0.001,-0.0,1.0,4,0.25,-0.00025
2018-08-22,QQQ/XLK,-0.000372814171738,-0.000372814171738,0.0,4,0.25,-9.320354293452404e-05
2018-08-23,INTU/MSFT,-0.0024614140563136,-0.0024614140563136,0.0,4,0.25,-0.0006153535140784
2018-08-23,AVGO/NXPI,-0.0,-0.0,0.0,4,0.25,-0.0
2018-08-23,ADSK/NOW,0.0,0.0,0.0,4,0.25,0.0
2018-08-23,QQQ/XLK,0.0018150941214011,0.0018150941214011,0.0,4,0.25,0.0004537735303502
2018-08-24,INTU/MSFT,-0.003175586033754,-0.003175586033754,0.0,4,0.25,-0.0007938965084385
2018-08-24,AVGO/NXPI,0.0,0.0,0.0,4,0.25,0.0
2018-08-24,ADSK/NOW,-0.0,-0.0,0.0,4,0.25,-0.0
2018-08-24,QQQ/XLK,0.0005650118622011,0.0005650118622011,0.0,4,0.25,0.0001412529655502
2018-08-27,INTU/MSFT,0.015237505735934,0.015237505735934,0.0,4,0.25,0.0038093764339835
2018-08-27,AVGO/NXPI,0.0,0.0,0.0,4,0.25,0.0
2018-08-27,ADSK/NOW,0.0045121855697926,0.0055121855697926,1.0,4,0.25,0.0011280463924481
2018-08-27,QQQ/XLK,-0.0003420203757134,-0.0003420203757134,0.0,4,0.25,-8.550509392836162e-05
2018-08-28,INTU/MSFT,-0.0038478006028181,-0.0038478006028181,0.0,4,0.25,-0.0009619501507045
2018-08-28,AVGO/NXPI,0.0,0.0,0.0,4,0.25,0.0
2018-08-28,ADSK/NOW,-0.0024119664660501,-0.0024119664660501,0.0,4,0.25,-0.0006029916165125
2018-08-28,QQQ/XLK,-0.001,-0.0,1.0,4,0.25,-0.00025
2018-08-29,INTU/MSFT,0.005932416282836,0.005932416282836,0.0,4,0.25,0.001483104070709
2018-08-29,AVGO/NXPI,-0.0,-0.0,0.0,4,0.25,-0.0
2018-08-29,ADSK/NOW,0.0214762584723321,0.0214762584723321,0.0,4,0.25,0.005369064618083
2018-08-29,QQQ/XLK,0.0,0.0,0.0,4,0.25,0.0
2018-08-30,INTU/MSFT,-0.0017163784041593,-0.0017163784041593,0.0,4,0.25,-0.0004290946010398
2018-08-30,AVGO/NXPI,0.0,0.0,0.0,4,0.25,0.0
2018-08-30,ADSK/NOW,-0.0007729374022634,-0.0007729374022634,0.0,4,0.25,-0.0001932343505658
2018-08-30,QQQ/XLK,0.0,0.0,0.0,4,0.25,0.0
2018-08-31,INTU/MSFT,0.0004940867604848,0.0004940867604848,0.0,4,0.25,0.0001235216901212
2018-08-31,AVGO/NXPI,0.0,0.0,0.0,4,0.25,0.0
2018-08-31,ADSK/NOW,-0.0076217453578147,-0.0076217453578147,0.0,4,0.25,-0.0019054363394536
2018-08-31,QQQ/XLK,0.0,0.0,0.0,4,0.25,0.0
2018-09-04,INTU/MSFT,-0.0056267108541261,-0.0056267108541261,0.0,4,0.25,-0.0014066777135315
2018-09-04,AVGO/NXPI,-0.0,-0.0,0.0,4,0.25,-0.0
2018-09-04,ADSK/NOW,0.013946870560196,0.013946870560196,0.0,4,0.25,0.003486717640049
2018-09-04,QQQ/XLK,-0.0,-0.0,0.0,4,0.25,-0.0
2018-09-05,INTU/MSFT,-0.0135566611732915,-0.0135566611732915,0.0,4,0.25,-0.0033891652933228
2018-09-05,AVGO/NXPI,0.0,0.0,0.0,4,0.25,0.0
2018-09-05,ADSK/NOW,-0.0176304949136998,-0.0176304949136998,0.0,4,0.25,-0.0044076237284249
2018-09-05,QQQ/XLK,0.0,0.0,0.0,4,0.25,0.0
2018-09-06,INTU/MSFT,-0.0007569491242505,-0.0007569491242505,0.0,4,0.25,-0.0001892372810626
2018-09-06,AVGO/NXPI,-0.0,-0.0,0.0,4,0.25,-0.0
2018-09-06,ADSK/NOW,0.0090653286552725,0.0090653286552725,0.0,4,0.25,0.0022663321638181
2018-09-06,QQQ/XLK,-0.0,-0.0,0.0,4,0.25,-0.0
2018-09-07,INTU/MSFT,-0.0037630516020889,-0.0037630516020889,0.0,4,0.25,-0.0009407629005222
2018-09-07,AVGO/NXPI,0.0,0.0,0.0,4,0.25,0.0
2018-09-07,ADSK/NOW,0.0108886014985622,0.0108886014985622,0.0,4,0.25,0.0027221503746405
2018-09-07,QQQ/XLK,-0.0,-0.0,0.0,4,0.25,-0.0
2018-09-10,INTU/MSFT,-0.0014647898859307,-0.0014647898859307,0.0,4,0.25,-0.0003661974714826
2018-09-10,AVGO/NXPI,-0.0251470659684204,-0.0241470659684204,1.0,4,0.25,-0.0062867664921051
2018-09-10,ADSK/NOW,0.0020130816807099,0.0020130816807099,0.0,4,0.25,0.0005032704201774
2018-09-10,QQQ/XLK,0.0,0.0,0.0,4,0.25,0.0
2018-09-11,INTU/MSFT,0.0079325880534663,0.0079325880534663,0.0,4,0.25,0.0019831470133665
2018-09-11,AVGO/NXPI,0.0073274326567345,0.0073274326567345,0.0,4,0.25,0.0018318581641836
2018-09-11,ADSK/NOW,0.0011678155007745,0.0011678155007745,0.0,4,0.25,0.0002919538751936
2018-09-11,QQQ/XLK,-0.0,-0.0,0.0,4,0.25,-0.0
2018-09-12,INTU/MSFT,0.003141007180028,0.003141007180028,0.0,4,0.25,0.000785251795007
2018-09-12,AVGO/NXPI,0.0046776311316975,0.0046776311316975,0.0,4,0.25,0.0011694077829243
2018-09-12,ADSK/NOW,0.0101107932544196,0.0101107932544196,0.0,4,0.25,0.0025276983136049
2018-09-12,QQQ/XLK,0.0,0.0,0.0,4,0.25,0.0
2018-09-13,INTU/MSFT,0.0027474368098471,0.0027474368098471,0.0,4,0.25,0.0006868592024617
2018-09-13,AVGO/NXPI,-0.0041316515791949,-0.0041316515791949,0.0,4,0.25,-0.0010329128947987
2018-09-13,ADSK/NOW,0.0037862112313441,0.0037862112313441,0.0,4,0.25,0.000946552807836
2018-09-13,QQQ/XLK,-0.0,-0.0,0.0,4,0.25,-0.0
2018-09-14,INTU/MSFT,0.0028680918290381,0.0028680918290381,0.0,4,0.25,0.0007170229572595
2018-09-14,AVGO/NXPI,0.0005392999703277,0.0005392999703277,0.0,4,0.25,0.0001348249925819
2018-09-14,ADSK/NOW,-0.0046514809884317,-0.0046514809884317,0.0,4,0.25,-0.0011628702471079
2018-09-14,QQQ/XLK,-0.0,-0.0,0.0,4,0.25,-0.0
2018-09-17,INTU/MSFT,-0.0028774712592662,-0.0028774712592662,0.0,4,0.25,-0.0007193678148165
2018-09-17,AVGO/NXPI,-0.0053007948012711,-0.0053007948012711,0.0,4,0.25,-0.0013251987003177
2018-09-17,ADSK/NOW,-0.0178462771066373,-0.0178462771066373,0.0,4,0.25,-0.0044615692766593
2018-09-17,QQQ/XLK,-0.0,-0.0,0.0,4,0.25,-0.0
2018-09-18,INTU/MSFT,0.00092400791107,0.00092400791107,0.0,4,0.25,0.0002310019777675
2018-09-18,AVGO/NXPI,-0.013116862394387,-0.013116862394387,0.0,4,0.25,-0.0032792155985967
2018-09-18,ADSK/NOW,-0.008556111358193,-0.008556111358193,0.0,4,0.25,-0.0021390278395482
2018-09-18,QQQ/XLK,0.0,0.0,0.0,4,0.25,0.0
2018-09-19,INTU/MSFT,-0.001,0.0,1.0,4,0.25,-0.00025
2018-09-19,AVGO/NXPI,-0.003818342269281,-0.003818342269281,0.0,4,0.25,-0.0009545855673202
2018-09-19,ADSK/NOW,-0.0174088057895955,-0.0174088057895955,0.0,4,0.25,-0.0043522014473988
2018-09-19,QQQ/XLK,0.0,0.0,0.0,4,0.25,0.0
2018-09-20,INTU/MSFT,0.0,0.0,0.0,4,0.25,0.0
2018-09-20,AVGO/NXPI,-0.0022328486790795,-0.0022328486790795,0.0,4,0.25,-0.0005582121697698
2018-09-20,ADSK/NOW,-0.0085309947188954,-0.0085309947188954,0.0,4,0.25,-0.0021327486797238
2018-09-20,QQQ/XLK,-0.0,-0.0,0.0,4,0.25,-0.0
2018-09-21,INTU/MSFT,0.0,0.0,0.0,4,0.25,0.0
2018-09-21,AVGO/NXPI,-0.0090971608520531,-0.0090971608520531,0.0,4,0.25,-0.0022742902130132
2018-09-21,ADSK/NOW,0.0096971663189678,0.0096971663189678,0.0,4,0.25,0.0024242915797419
2018-09-21,QQQ/XLK,-0.0,-0.0,0.0,4,0.25,-0.0
2018-09-24,INTU/MSFT,0.0,0.0,0.0,4,0.25,0.0
2018-09-24,AVGO/NXPI,-0.0123530316037436,-0.0123530316037436,0.0,4,0.25,-0.0030882579009359
2018-09-24,ADSK/NOW,-0.001,0.0,1.0,4,0.25,-0.00025
2018-09-24,QQQ/XLK,-0.0,-0.0,0.0,4,0.25,-0.0
2018-09-25,INTU/MSFT,-0.0,-0.0,0.0,4,0.25,-0.0
2018-09-25,AVGO/NXPI,-0.0125569716616042,-0.0125569716616042,0.0,4,0.25,-0.003139242915401
2018-09-25,ADSK/NOW,0.0,0.0,0.0,4,0.25,0.0
2018-09-25,QQQ/XLK,0.0,0.0,0.0,4,0.25,0.0
2018-09-26,INTU/MSFT,-0.0,-0.0,0.0,4,0.25,-0.0
2018-09-26,AVGO/NXPI,0.0010710281260713,0.0010710281260713,0.0,4,0.25,0.0002677570315178
2018-09-26,ADSK/NOW,-0.0,-0.0,0.0,4,0.25,-0.0
2018-09-26,QQQ/XLK,0.0,0.0,0.0,4,0.25,0.0
2018-09-27,INTU/MSFT,0.0,0.0,0.0,4,0.25,0.0
2018-09-27,AVGO/NXPI,-0.0018166827174741,-0.0018166827174741,0.0,4,0.25,-0.0004541706793685
2018-09-27,ADSK/NOW,-0.0,-0.0,0.0,4,0.25,-0.0
2018-09-27,QQQ/XLK,-0.0021549629996973,-0.0011549629996973,1.0,4,0.25,-0.0005387407499243
2018-09-28,INTU/MSFT,-0.0,-0.0,0.0,4,0.25,-0.0
2018-09-28,AVGO/NXPI,-0.0008280061140474,-0.0008280061140474,0.0,4,0.25,-0.0002070015285118
2018-09-28,ADSK/NOW,0.0,0.0,0.0,4,0.25,0.0
2018-09-28,QQQ/XLK,0.0020052839335258,0.0020052839335258,0.0,4,0.25,0.0005013209833814
2018-10-01,INTU/MSFT,0.0,0.0,0.0,4,0.25,0.0
2018-10-01,AVGO/NXPI,-0.0092970276683028,-0.0092970276683028,0.0,4,0.25,-0.0023242569170757
2018-10-01,ADSK/NOW,-0.0,-0.0,0.0,4,0.25,-0.0
2018-10-01,QQQ/XLK,0.0014292372993856,0.0014292372993856,0.0,4,0.25,0.0003573093248464
2018-10-02,INTU/MSFT,-0.0,-0.0,0.0,4,0.25,-0.0
2018-10-02,AVGO/NXPI,0.0039209916923376,0.0039209916923376,0.0,4,0.25,0.0009802479230844
2018-10-02,ADSK/NOW,-0.0,-0.0,0.0,4,0.25,-0.0
2018-10-02,QQQ/XLK,0.0011747883977694,0.0011747883977694,0.0,4,0.25,0.0002936970994423
2018-10-03,INTU/MSFT,-0.0,-0.0,0.0,5,0.25,-0.0
2018-10-03,NVDA/NXPI,-0.0,-0.0,0.0,5,0.25,-0.0
2018-10-03,KO/MNST,-0.0,-0.0,0.0,5,0.25,-0.0
2018-10-03,NTRS/SCHW,0.0,0.0,0.0,5,0.25,0.0
2018-10-04,INTU/MSFT,-0.0,-0.0,0.0,5,0.25,-0.0
2018-10-04,NVDA/NXPI,-0.0,-0.0,0.0,5,0.25,-0.0
2018-10-04,KO/MNST,0.0,0.0,0.0,5,0.25,0.0
2018-10-04,NTRS/SCHW,0.0,0.0,0.0,5,0.25,0.0
2018-10-05,INTU/MSFT,0.0,0.0,0.0,5,0.25,0.0
2018-10-05,NVDA/NXPI,-0.0,-0.0,0.0,5,0.25,-0.0
2018-10-05,KO/MNST,-0.0,-0.0,0.0,5,0.25,-0.0
2018-10-05,NTRS/SCHW,-0.0,-0.0,0.0,5,0.25,-0.0
2018-10-08,INTU/MSFT,0.0,0.0,0.0,5,0.25,0.0
2018-10-08,NVDA/NXPI,-0.0,-0.0,0.0,5,0.25,-0.0
2018-10-08,KO/MNST,0.0,0.0,0.0,5,0.25,0.0
2018-10-08,NTRS/SCHW,-0.0,-0.0,0.0,5,0.25,-0.0
2018-10-09,INTU/MSFT,0.0,0.0,0.0,5,0.25,0.0
2018-10-09,NVDA/NXPI,0.0,0.0,0.0,5,0.25,0.0
2018-10-09,KO/MNST,-0.0,-0.0,0.0,5,0.25,-0.0
2018-10-09,NTRS/SCHW,0.0,0.0,0.0,5,0.25,0.0
2018-10-10,INTU/MSFT,-0.0,-0.0,0.0,5,0.25,-0.0
2018-10-10,NVDA/NXPI,-0.0,-0.0,0.0,5,0.25,-0.0
2018-10-10,KO/MNST,-0.0,-0.0,0.0,5,0.25,-0.0
2018-10-10,NTRS/SCHW,-0.0,-0.0,0.0,5,0.25,-0.0
2018-10-11,INTU/MSFT,0.0,0.0,0.0,5,0.25,0.0
2018-10-11,NVDA/NXPI,-0.0257725412270739,-0.0247725412270739,1.0,5,0.25,-0.0064431353067684
2018-10-11,KO/MNST,-0.0,-0.0,0.0,5,0.25,-0.0
2018-10-11,NTRS/SCHW,-0.0,-0.0,0.0,5,0.25,-0.0
2018-10-12,INTU/MSFT,-0.0,-0.0,0.0,5,0.25,-0.0
2018-10-12,NVDA/NXPI,0.0264482694548231,0.0264482694548231,0.0,5,0.25,0.0066120673637057
2018-10-12,KO/MNST,-0.0,-0.0,0.0,5,0.25,-0.0
2018-10-12,NTRS/SCHW,0.0,0.0,0.0,5,0.25,0.0
2018-10-15,INTU/MSFT,-0.0,-0.0,0.0,5,0.25,-0.0
2018-10-15,NVDA/NXPI,-0.0269912792278348,-0.0269912792278348,0.0,5,0.25,-0.0067478198069587
2018-10-15,KO/MNST,0.0,0.0,0.0,5,0.25,0.0
2018-10-15,NTRS/SCHW,-0.0,-0.0,0.0,5,0.25,-0.0
2018-10-16,INTU/MSFT,0.0,0.0,0.0,5,0.25,0.0
2018-10-16,NVDA/NXPI,0.0149463739420287,0.0149463739420287,0.0,5,0.25,0.0037365934855071
2018-10-16,KO/MNST,0.0,0.0,0.0,5,0.25,0.0
2018-10-16,NTRS/SCHW,0.0,0.0,0.0,5,0.25,0.0
2018-10-17,INTU/MSFT,-0.0,-0.0,0.0,5,0.25,-0.0
2018-10-17,NVDA/NXPI,-0.0019500269896159,-0.0019500269896159,0.0,5,0.25,-0.0004875067474039
2018-10-17,KO/MNST,0.0,0.0,0.0,5,0.25,0.0
2018-10-17,NTRS/SCHW,0.0,0.0,0.0,5,0.25,0.0
2018-10-18,INTU/MSFT,-0.0,-0.0,0.0,5,0.25,-0.0
2018-10-18,NVDA/NXPI,-0.0004262002821375,-0.0004262002821375,0.0,5,0.25,-0.0001065500705343
2018-10-18,KO/MNST,-0.0,-0.0,0.0,5,0.25,-0.0
2018-10-18,NTRS/SCHW,0.0079431770839231,0.0089431770839231,1.0,5,0.25,0.0019857942709807
2018-10-19,INTU/MSFT,0.0,0.0,0.0,5,0.25,0.0
2018-10-19,NVDA/NXPI,-0.0286251432608428,-0.0286251432608428,0.0,5,0.25,-0.0071562858152107
2018-10-19,KO/MNST,0.0,0.0,0.0,5,0.25,0.0
2018-10-19,NTRS/SCHW,-0.0012972662625635,-0.0012972662625635,0.0,5,0.25,-0.0003243165656408
2018-10-22,INTU/MSFT,0.0,0.0,0.0,5,0.25,0.0
2018-10-22,NVDA/NXPI,0.0112275826304995,0.0112275826304995,0.0,5,0.25,0.0028068956576248
2018-10-22,KO/MNST,-0.0,-0.0,0.0,5,0.25,-0.0
2018-10-22,NTRS/SCHW,0.0074793276846709,0.0074793276846709,0.0,5,0.25,0.0018698319211677
2018-10-23,INTU/MSFT,-0.0,-0.0,0.0,5,0.25,-0.0
2018-10-23,NVDA/NXPI,-0.0345711184061771,-0.0345711184061771,0.0,5,0.25,-0.0086427796015442
2018-10-23,KO/MNST,0.0,0.0,0.0,5,0.25,0.0
2018-10-23,NTRS/SCHW,0.0076924310552825,0.0076924310552825,0.0,5,0.25,0.0019231077638206
2018-10-24,INTU/MSFT,-0.0,-0.0,0.0,5,0.25,-0.0
2018-10-24,NVDA/NXPI,-0.0369949371822837,-0.0369949371822837,0.0,5,0.25,-0.0092487342955709
2018-10-24,KO/MNST,0.0,0.0,0.0,5,0.25,0.0
2018-10-24,NTRS/SCHW,0.0090086505114778,0.0090086505114778,0.0,5,0.25,0.0022521626278694
2018-10-25,INTU/MSFT,0.0226350485411418,0.0236350485411418,1.0,5,0.25,0.0056587621352854
2018-10-25,NVDA/NXPI,0.0153790943575764,0.0153790943575764,0.0,5,0.25,0.0038447735893941
2018-10-25,KO/MNST,-0.0,-0.0,0.0,5,0.25,-0.0
2018-10-25,NTRS/SCHW,-0.0009935456213754,-0.0009935456213754,0.0,5,0.25,-0.0002483864053438
2018-10-26,INTU/MSFT,0.003048360607377,0.003048360607377,0.0,5,0.25,0.0007620901518442
2018-10-26,NVDA/NXPI,-0.0168785175987122,-0.0168785175987122,0.0,5,0.25,-0.004219629399678
2018-10-26,KO/MNST,-0.0,-0.0,0.0,5,0.25,-0.0
2018-10-26,NTRS/SCHW,-0.0060653083429357,-0.0060653083429357,0.0,5,0.25,-0.0015163270857339
2018-10-29,INTU/MSFT,-0.0151358136615547,-0.0151358136615547,0.0,5,0.25,-0.0037839534153886
2018-10-29,NVDA/NXPI,-0.0404609845647363,-0.0404609845647363,0.0,5,0.25,-0.010115246141184
2018-10-29,KO/MNST,0.0,0.0,0.0,5,0.25,0.0
2018-10-29,NTRS/SCHW,0.0016668061485294,0.0016668061485294,0.0,5,0.25,0.0004167015371323
2018-10-30,INTU/MSFT,-0.0048442563088663,-0.0048442563088663,0.0,5,0.25,-0.0012110640772165
2018-10-30,NVDA/NXPI,0.0369963531865362,0.0369963531865362,0.0,5,0.25,0.009249088296634
2018-10-30,KO/MNST,0.0,0.0,0.0,5,0.25,0.0
2018-10-30,NTRS/SCHW,-0.0090826089864444,-0.0090826089864444,0.0,5,0.25,-0.0022706522466111
2018-10-31,INTU/MSFT,0.0023734053380983,0.0023734053380983,0.0,5,0.25,0.0005933513345245
2018-10-31,NVDA/NXPI,0.0273698168181813,0.0273698168181813,0.0,5,0.25,0.0068424542045453
2018-10-31,KO/MNST,0.0,0.0,0.0,5,0.25,0.0
2018-10-31,NTRS/SCHW,0.0010474898734344,0.0010474898734344,0.0,5,0.25,0.0002618724683586
2018-11-01,INTU/MSFT,-0.007598401411153,-0.007598401411153,0.0,5,0.25,-0.0018996003527882
2018-11-01,NVDA/NXPI,-0.0204620165501351,-0.0204620165501351,0.0,5,0.25,-0.0051155041375337
2018-11-01,KO/MNST,-0.0,-0.0,0.0,5,0.25,-0.0
2018-11-01,NTRS/SCHW,-0.0007635793349796,-0.0007635793349796,0.0,5,0.25,-0.0001908948337449
2018-11-02,INTU/MSFT,0.0002548255822748,0.0002548255822748,0.0,5,0.25,6.370639556872208e-05
2018-11-02,NVDA/NXPI,-0.009442026057311,-0.009442026057311,0.0,5,0.25,-0.0023605065143277
2018-11-02,KO/MNST,0.0,0.0,0.0,5,0.25,0.0
2018-11-02,NTRS/SCHW,-0.0053925402220446,-0.0053925402220446,0.0,5,0.25,-0.0013481350555111
2018-11-05,INTU/MSFT,0.0051370656350642,0.0051370656350642,0.0,5,0.25,0.001284266408766
2018-11-05,NVDA/NXPI,-0.0044793061303704,-0.0044793061303704,0.0,5,0.25,-0.0011198265325926
2018-11-05,KO/MNST,0.0,0.0,0.0,5,0.25,0.0
2018-11-05,NTRS/SCHW,0.0018852276968982,0.0018852276968982,0.0,5,0.25,0.0004713069242245
2018-11-06,INTU/MSFT,0.0025334351301004,0.0025334351301004,0.0,5,0.25,0.0006333587825251
2018-11-06,NVDA/NXPI,-0.0092311559310305,-0.0092311559310305,0.0,5,0.25,-0.0023077889827576
2018-11-06,KO/MNST,0.0,0.0,0.0,5,0.25,0.0
2018-11-06,NTRS/SCHW,-0.0036441845256072,-0.0036441845256072,0.0,5,0.25,-0.0009110461314018
2018-11-07,INTU/MSFT,0.0092610233586699,0.0092610233586699,0.0,5,0.25,0.0023152558396674
2018-11-07,NVDA/NXPI,-0.001,0.0,1.0,5,0.25,-0.00025
2018-11-07,KO/MNST,-0.0,-0.0,0.0,5,0.25,-0.0
2018-11-07,NTRS/SCHW,0.004053380327754,0.004053380327754,0.0,5,0.25,0.0010133450819385
2018-11-08,INTU/MSFT,-0.0035321851286297,-0.0035321851286297,0.0,5,0.25,-0.0008830462821574
2018-11-08,NVDA/NXPI,-0.0,-0.0,0.0,5,0.25,-0.0
2018-11-08,KO/MNST,0.0,0.0,0.0,5,0.25,0.0
2018-11-08,NTRS/SCHW,0.0016071344785647,0.0016071344785647,0.0,5,0.25,0.0004017836196411
2018-11-09,INTU/MSFT,-0.0100356781776755,-0.0100356781776755,0.0,5,0.25,-0.0025089195444188
2018-11-09,NVDA/NXPI,0.0,0.0,0.0,5,0.25,0.0
2018-11-09,KO/MNST,-0.0,-0.0,0.0,5,0.25,-0.0
2018-11-09,NTRS/SCHW,0.0048979749871759,0.0048979749871759,0.0,5,0.25,0.0012244937467939
2018-11-12,INTU/MSFT,0.001235020871086,0.001235020871086,0.0,5,0.25,0.0003087552177715
2018-11-12,NVDA/NXPI,-0.0,-0.0,0.0,5,0.25,-0.0
2018-11-12,KO/MNST,0.0,0.0,0.0,5,0.25,0.0
2018-11-12,NTRS/SCHW,0.0021745202133544,0.0021745202133544,0.0,5,0.25,0.0005436300533386
2018-11-13,INTU/MSFT,0.0004550961528328,0.0004550961528328,0.0,5,0.25,0.0001137740382082
2018-11-13,NVDA/NXPI,0.0,0.0,0.0,5,0.25,0.0
2018-11-13,KO/MNST,-0.0,-0.0,0.0,5,0.25,-0.0
2018-11-13,NTRS/SCHW,0.0002493240053845,0.0002493240053845,0.0,5,0.25,6.233100134613296e-05
2018-11-14,INTU/MSFT,-0.0023324253306814,-0.0023324253306814,0.0,5,0.25,-0.0005831063326703
2018-11-14,NVDA/NXPI,-0.0,-0.0,0.0,5,0.25,-0.0
2018-11-14,KO/MNST,0.0,0.0,0.0,5,0.25,0.0
2018-11-14,NTRS/SCHW,-0.001,0.0,1.0,5,0.25,-0.00025
2018-11-15,INTU/MSFT,0.0038417519980264,0.0038417519980264,0.0,5,0.25,0.0009604379995066
2018-11-15,NVDA/NXPI,0.0,0.0,0.0,5,0.25,0.0
2018-11-15,KO/MNST,-0.0,-0.0,0.0,5,0.25,-0.0
2018-11-15,NTRS/SCHW,-0.0,-0.0,0.0,5,0.25,-0.0
2018-11-16,INTU/MSFT,0.0113759376507229,0.0113759376507229,0.0,5,0.25,0.0028439844126807
2018-11-16,NVDA/NXPI,-0.0,-0.0,0.0,5,0.25,-0.0
2018-11-16,KO/MNST,0.0,0.0,0.0,5,0.25,0.0
2018-11-16,NTRS/SCHW,-0.0,-0.0,0.0,5,0.25,-0.0
2018-11-19,INTU/MSFT,0.0018064379621568,0.0018064379621568,0.0,5,0.25,0.0004516094905392
2018-11-19,NVDA/NXPI,-0.0,-0.0,0.0,5,0.25,-0.0
2018-11-19,KO/MNST,0.0,0.0,0.0,5,0.25,0.0
2018-11-19,NTRS/SCHW,-0.0,-0.0,0.0,5,0.25,-0.0
2018-11-20,INTU/MSFT,-0.0090875327794876,-0.0090875327794876,0.0,5,0.25,-0.0022718831948719
2018-11-20,NVDA/NXPI,0.0,0.0,0.0,5,0.25,0.0
2018-11-20,KO/MNST,-0.0,-0.0,0.0,5,0.25,-0.0
2018-11-20,NTRS/SCHW,-0.0,-0.0,0.0,5,0.25,-0.0
2018-11-21,INTU/MSFT,-0.001,0.0,1.0,5,0.25,-0.00025
2018-11-21,NVDA/NXPI,-0.0,-0.0,0.0,5,0.25,-0.0
2018-11-21,KO/MNST,-0.0122386228572623,-0.0112386228572623,1.0,5,0.25,-0.0030596557143155
2018-11-21,NTRS/SCHW,0.0,0.0,0.0,5,0.25,0.0
2018-11-23,INTU/MSFT,0.0,0.0,0.0,5,0.25,0.0
2018-11-23,NVDA/NXPI,0.0,0.0,0.0,5,0.25,0.0
2018-11-23,KO/MNST,-0.0004356228770334,-0.0004356228770334,0.0,5,0.25,-0.0001089057192583
2018-11-23,NTRS/SCHW,-0.0,-0.0,0.0,5,0.25,-0.0
2018-11-26,INTU/MSFT,0.0,0.0,0.0,5,0.25,0.0
2018-11-26,NVDA/NXPI,0.0,0.0,0.0,5,0.25,0.0
2018-11-26,KO/MNST,-0.0004805712135237,-0.0004805712135237,0.0,5,0.25,-0.0001201428033809
2018-11-26,NTRS/SCHW,0.0,0.0,0.0,5,0.25,0.0
2018-11-27,INTU/MSFT,0.0,0.0,0.0,5,0.25,0.0
2018-11-27,NVDA/NXPI,0.0,0.0,0.0,5,0.25,0.0
2018-11-27,KO/MNST,0.0043914309516424,0.0043914309516424,0.0,5,0.25,0.0010978577379106
2018-11-27,NTRS/SCHW,0.0,0.0,0.0,5,0.25,0.0
2018-11-28,INTU/MSFT,-0.0036663811904414,-0.0026663811904414,1.0,5,0.25,-0.0009165952976103
2018-11-28,NVDA/NXPI,0.0,0.0,0.0,5,0.25,0.0
2018-11-28,KO/MNST,0.0003330616232712,0.0003330616232712,0.0,5,0.25,8.326540581780535e-05
2018-11-28,NTRS/SCHW,-0.0,-0.0,0.0,5,0.25,-0.0
2018-11-29,INTU/MSFT,0.005592111639908,0.005592111639908,0.0,5,0.25,0.001398027909977
2018-11-29,NVDA/NXPI,-0.0,-0.0,0.0,5,0.25,-0.0
2018-11-29,KO/MNST,-0.0042886407380987,-0.0042886407380987,0.0,5,0.25,-0.0010721601845246
2018-11-29,NTRS/SCHW,-0.0,-0.0,0.0,5,0.25,-0.0
2018-11-30,INTU/MSFT,0.0061635877787003,0.0061635877787003,0.0,5,0.25,0.001540896944675
2018-11-30,NVDA/NXPI,0.0,0.0,0.0,5,0.25,0.0
2018-11-30,KO/MNST,0.0194503832515973,0.0194503832515973,0.0,5,0.25,0.0048625958128993
2018-11-30,NTRS/SCHW,-0.0,-0.0,0.0,5,0.25,-0.0
2018-12-03,INTU/MSFT,-0.0084259104079865,-0.0084259104079865,0.0,5,0.25,-0.0021064776019966
2018-12-03,NVDA/NXPI,0.0,0.0,0.0,5,0.25,0.0
2018-12-03,KO/MNST,-0.012176411338356,-0.012176411338356,0.0,5,0.25,-0.003044102834589
2018-12-03,NTRS/SCHW,0.0,0.0,0.0,5,0.25,0.0
2018-12-04,INTU/MSFT,0.0085660485637853,0.0085660485637853,0.0,5,0.25,0.0021415121409463
2018-12-04,NVDA/NXPI,-0.0,-0.0,0.0,5,0.25,-0.0
2018-12-04,KO/MNST,0.0061846761091837,0.0061846761091837,0.0,5,0.25,0.0015461690272959
2018-12-04,NTRS/SCHW,-0.0,-0.0,0.0,5,0.25,-0.0
2018-12-06,INTU/MSFT,0.0036170700703763,0.0036170700703763,0.0,5,0.25,0.000904267517594
2018-12-06,NVDA/NXPI,0.0,0.0,0.0,5,0.25,0.0
2018-12-06,KO/MNST,-0.0048164433674821,-0.0048164433674821,0.0,5,0.25,-0.0012041108418705
2018-12-06,NTRS/SCHW,0.0,0.0,0.0,5,0.25,0.0
2018-12-07,INTU/MSFT,0.0075006793268104,0.0075006793268104,0.0,5,0.25,0.0018751698317026
2018-12-07,NVDA/NXPI,-0.0,-0.0,0.0,5,0.25,-0.0
2018-12-07,KO/MNST,-0.0013565171882628,-0.0013565171882628,0.0,5,0.25,-0.0003391292970657
2018-12-07,NTRS/SCHW,-0.0,-0.0,0.0,5,0.25,-0.0
2018-12-10,INTU/MSFT,-0.0076630649745874,-0.0076630649745874,0.0,5,0.25,-0.0019157662436468
2018-12-10,NVDA/NXPI,0.0,0.0,0.0,5,0.25,0.0
2018-12-10,KO/MNST,0.0041406280602996,0.0041406280602996,0.0,5,0.25,0.0010351570150749
2018-12-10,NTRS/SCHW,-0.0,-0.0,0.0,5,0.25,-0.0
2018-12-11,INTU/MSFT,-0.0069374590600053,-0.0069374590600053,0.0,5,0.25,-0.0017343647650013
2018-12-11,NVDA/NXPI,-0.0,-0.0,0.0,5,0.25,-0.0
2018-12-11,KO/MNST,0.0023371763256894,0.0023371763256894,0.0,5,0.25,0.0005842940814223
2018-12-11,NTRS/SCHW,0.0,0.0,0.0,5,0.25,0.0
2018-12-12,INTU/MSFT,0.0031090981947581,0.0031090981947581,0.0,5,0.25,0.0007772745486895
2018-12-12,NVDA/NXPI,-0.0,-0.0,0.0,5,0.25,-0.0
2018-12-12,KO/MNST,-0.0045109391467791,-0.0045109391467791,0.0,5,0.25,-0.0011277347866947
2018-12-12,NTRS/SCHW,0.0,0.0,0.0,5,0.25,0.0
2018-12-13,INTU/MSFT,-0.0034490634932393,-0.0034490634932393,0.0,5,0.25,-0.0008622658733098
2018-12-13,NVDA/NXPI,0.0,0.0,0.0,5,0.25,0.0
2018-12-13,KO/MNST,0.0192592877407897,0.0192592877407897,0.0,5,0.25,0.0048148219351974
2018-12-13,NTRS/SCHW,-0.0,-0.0,0.0,5,0.25,-0.0
2018-12-14,INTU/MSFT,0.0048048621577811,0.0048048621577811,0.0,5,0.25,0.0012012155394452
2018-12-14,NVDA/NXPI,-0.0,-0.0,0.0,5,0.25,-0.0
2018-12-14,KO/MNST,0.0009525222697156,0.0009525222697156,0.0,5,0.25,0.0002381305674289
2018-12-14,NTRS/SCHW,-0.0,-0.0,0.0,5,0.25,-0.0
2018-12-17,INTU/MSFT,0.0112415013575716,0.0112415013575716,0.0,5,0.25,0.0028103753393929
2018-12-17,NVDA/NXPI,-0.0,-0.0,0.0,5,0.25,-0.0
2018-12-17,KO/MNST,-0.0101361639875937,-0.0101361639875937,0.0,5,0.25,-0.0025340409968984
2018-12-17,NTRS/SCHW,-0.0,-0.0,0.0,5,0.25,-0.0
2018-12-18,INTU/MSFT,-0.0050879901780769,-0.0050879901780769,0.0,5,0.25,-0.0012719975445192
2018-12-18,NVDA/NXPI,0.0,0.0,0.0,5,0.25,0.0
2018-12-18,KO/MNST,-7.788532787073457e-05,-7.788532787073457e-05,0.0,5,0.25,-1.947133196768364e-05
2018-12-18,NTRS/SCHW,0.0,0.0,0.0,5,0.25,0.0
2018-12-19,INTU/MSFT,-0.0034545103481463,-0.0034545103481463,0.0,5,0.25,-0.0008636275870365
2018-12-19,NVDA/NXPI,-0.0,-0.0,0.0,5,0.25,-0.0
2018-12-19,KO/MNST,0.0007426942984976,0.0007426942984976,0.0,5,0.25,0.0001856735746244
2018-12-19,NTRS/SCHW,-0.0,-0.0,0.0,5,0.25,-0.0
2018-12-20,INTU/MSFT,0.0056817888929563,0.0056817888929563,0.0,5,0.25,0.001420447223239
2018-12-20,NVDA/NXPI,-0.0,-0.0,0.0,5,0.25,-0.0
2018-12-20,KO/MNST,-0.001,-0.0,1.0,5,0.25,-0.00025
2018-12-20,NTRS/SCHW,0.0,0.0,0.0,5,0.25,0.0
2018-12-21,INTU/MSFT,0.0067699773814357,0.0067699773814357,0.0,5,0.25,0.0016924943453589
2018-12-21,NVDA/NXPI,-0.0,-0.0,0.0,5,0.25,-0.0
2018-12-21,KO/MNST,0.0,0.0,0.0,5,0.25,0.0
2018-12-21,NTRS/SCHW,0.0,0.0,0.0,5,0.25,0.0
2018-12-24,INTU/MSFT,0.0187691326001908,0.0187691326001908,0.0,5,0.25,0.0046922831500477
2018-12-24,NVDA/NXPI,-0.0,-0.0,0.0,5,0.25,-0.0
2018-12-24,KO/MNST,-0.0,-0.0,0.0,5,0.25,-0.0
2018-12-24,NTRS/SCHW,0.0,0.0,0.0,5,0.25,0.0
2018-12-26,INTU/MSFT,-0.0194377793135129,-0.0194377793135129,0.0,5,0.25,-0.0048594448283782
2018-12-26,NVDA/NXPI,0.0,0.0,0.0,5,0.25,0.0
2018-12-26,KO/MNST,0.0104783679206149,0.0114783679206149,1.0,5,0.25,0.0026195919801537
2018-12-26,NTRS/SCHW,0.0,0.0,0.0,5,0.25,0.0
2018-12-27,INTU/MSFT,-0.001,-0.0,1.0,5,0.25,-0.00025
2018-12-27,NVDA/NXPI,-0.0,-0.0,0.0,5,0.25,-0.0
2018-12-27,KO/MNST,0.0083379359135747,0.0083379359135747,0.0,5,0.25,0.0020844839783936
2018-12-27,NTRS/SCHW,-0.0,-0.0,0.0,5,0.25,-0.0
2018-12-28,INTU/MSFT,-0.0,-0.0,0.0,5,0.25,-0.0
2018-12-28,NVDA/NXPI,0.0,0.0,0.0,5,0.25,0.0
2018-12-28,KO/MNST,-0.0036761184827641,-0.0036761184827641,0.0,5,0.25,-0.000919029620691
2018-12-28,NTRS/SCHW,-0.0,-0.0,0.0,5,0.25,-0.0
2018-12-31,INTU/MSFT,0.0,0.0,0.0,5,0.25,0.0
2018-12-31,NVDA/NXPI,-0.0,-0.0,0.0,5,0.25,-0.0
2018-12-31,KO/MNST,0.001689961785387,0.001689961785387,0.0,5,0.25,0.0004224904463467
2018-12-31,NTRS/SCHW,0.0,0.0,0.0,5,0.25,0.0
2019-01-02,INTU/MSFT,0.0,0.0,0.0,5,0.25,0.0
2019-01-02,NVDA/NXPI,0.0,0.0,0.0,5,0.25,0.0
2019-01-02,KO/MNST,-0.0049119000440521,-0.0049119000440521,0.0,5,0.25,-0.001227975011013
2019-01-02,NTRS/SCHW,-0.0,-0.0,0.0,5,0.25,-0.0
2019-01-03,INTU/MSFT,-0.0,-0.0,0.0,5,0.25,-0.0
2019-01-03,NVDA/NXPI,-0.0,-0.0,0.0,5,0.25,-0.0
2019-01-03,KO/MNST,-0.0014530249954094,-0.0014530249954094,0.0,5,0.25,-0.0003632562488523
2019-01-03,NTRS/SCHW,0.0,0.0,0.0,5,0.25,0.0
2019-01-04,CRM/INTU,0.0,0.0,0.0,6,0.25,0.0
2019-01-04,CNC/HUM,0.0,0.0,0.0,6,0.25,0.0
2019-01-04,ADI/MU,0.0,0.0,0.0,6,0.25,0.0
2019-01-04,NTRS/SCHW,0.0,0.0,0.0,6,0.25,0.0
2019-01-07,CRM/INTU,0.0,0.0,0.0,6,0.25,0.0
2019-01-07,CNC/HUM,-0.0,-0.0,0.0,6,0.25,-0.0
2019-01-07,ADI/MU,-0.01761157022962,-0.01661157022962,1.0,6,0.25,-0.004402892557405
2019-01-07,NTRS/SCHW,0.0,0.0,0.0,6,0.25,0.0
2019-01-08,CRM/INTU,0.0,0.0,0.0,6,0.25,0.0
2019-01-08,CNC/HUM,-0.0,-0.0,0.0,6,0.25,-0.0
2019-01-08,ADI/MU,0.016084888301481,0.016084888301481,0.0,6,0.25,0.0040212220753702
2019-01-08,NTRS/SCHW,0.0,0.0,0.0,6,0.25,0.0
2019-01-09,CRM/INTU,0.0,0.0,0.0,6,0.25,0.0
2019-01-09,CNC/HUM,-0.0,-0.0,0.0,6,0.25,-0.0
2019-01-09,ADI/MU,-0.0122108157306098,-0.0122108157306098,0.0,6,0.25,-0.0030527039326524
2019-01-09,NTRS/SCHW,0.0,0.0,0.0,6,0.25,0.0
2019-01-10,CRM/INTU,-0.0,-0.0,0.0,6,0.25,-0.0
2019-01-10,CNC/HUM,-0.0,-0.0,0.0,6,0.25,-0.0
2019-01-10,ADI/MU,0.000446986262458,0.000446986262458,0.0,6,0.25,0.0001117465656145
2019-01-10,NTRS/SCHW,-0.0,-0.0,0.0,6,0.25,-0.0
2019-01-11,CRM/INTU,0.0,0.0,0.0,6,0.25,0.0
2019-01-11,CNC/HUM,0.0,0.0,0.0,6,0.25,0.0
2019-01-11,ADI/MU,0.0069183416485347,0.0069183416485347,0.0,6,0.25,0.0017295854121336
2019-01-11,NTRS/SCHW,-0.0,-0.0,0.0,6,0.25,-0.0
2019-01-14,CRM/INTU,-0.0,-0.0,0.0,6,0.25,-0.0
2019-01-14,CNC/HUM,-0.0,-0.0,0.0,6,0.25,-0.0
2019-01-14,ADI/MU,0.003962321723152,0.003962321723152,0.0,6,0.25,0.000990580430788
2019-01-14,NTRS/SCHW,-0.0,-0.0,0.0,6,0.25,-0.0
2019-01-15,CRM/INTU,0.0,0.0,0.0,6,0.25,0.0
2019-01-15,CNC/HUM,0.0,0.0,0.0,6,0.25,0.0
2019-01-15,ADI/MU,0.0103178232781175,0.0103178232781175,0.0,6,0.25,0.0025794558195293
2019-01-15,NTRS/SCHW,0.0,0.0,0.0,6,0.25,0.0
2019-01-16,CRM/INTU,-0.0,-0.0,0.0,6,0.25,-0.0
2019-01-16,CNC/HUM,0.0,0.0,0.0,6,0.25,0.0
2019-01-16,ADI/MU,0.0024381087358165,0.0024381087358165,0.0,6,0.25,0.0006095271839541
2019-01-16,NTRS/SCHW,0.0,0.0,0.0,6,0.25,0.0
2019-01-17,CRM/INTU,0.0,0.0,0.0,6,0.25,0.0
2019-01-17,CNC/HUM,-0.0,-0.0,0.0,6,0.25,-0.0
2019-01-17,ADI/MU,0.0061014931569274,0.0061014931569274,0.0,6,0.25,0.0015253732892318
2019-01-17,NTRS/SCHW,0.0004870349767975,0.0014870349767975,1.0,6,0.25,0.0001217587441993
2019-01-18,CRM/INTU,0.0,0.0,0.0,6,0.25,0.0
2019-01-18,CNC/HUM,0.0,0.0,0.0,6,0.25,0.0
2019-01-18,ADI/MU,-0.0129941514236615,-0.0129941514236615,0.0,6,0.25,-0.0032485378559153
2019-01-18,NTRS/SCHW,-0.001671786475656,-0.001671786475656,0.0,6,0.25,-0.000417946618914
2019-01-22,CRM/INTU,-0.0,-0.0,0.0,6,0.25,-0.0
2019-01-22,CNC/HUM,0.0,0.0,0.0,6,0.25,0.0
2019-01-22,ADI/MU,0.0138269374037716,0.0138269374037716,0.0,6,0.25,0.0034567343509429
2019-01-22,NTRS/SCHW,0.002416524240112,0.002416524240112,0.0,6,0.25,0.000604131060028
2019-01-23,CRM/INTU,0.0,0.0,0.0,6,0.25,0.0
2019-01-23,CNC/HUM,0.0,0.0,0.0,6,0.25,0.0
2019-01-23,ADI/MU,-0.0069400609533654,-0.0069400609533654,0.0,6,0.25,-0.0017350152383413
2019-01-23,NTRS/SCHW,-0.001425986724862,-0.001425986724862,0.0,6,0.25,-0.0003564966812155
2019-01-24,CRM/INTU,-0.0,-0.0,0.0,6,0.25,-0.0
2019-01-24,CNC/HUM,0.0,0.0,0.0,6,0.25,0.0
2019-01-24,ADI/MU,-0.0005505622595333,-0.0005505622595333,0.0,6,0.25,-0.0001376405648833
2019-01-24,NTRS/SCHW,-0.0035922825680028,-0.0035922825680028,0.0,6,0.25,-0.0008980706420007
2019-01-25,CRM/INTU,0.0,0.0,0.0,6,0.25,0.0
2019-01-25,CNC/HUM,-0.0,-0.0,0.0,6,0.25,-0.0
2019-01-25,ADI/MU,-0.016533965118543,-0.016533965118543,0.0,6,0.25,-0.0041334912796357
2019-01-25,NTRS/SCHW,0.0026221151313976,0.0026221151313976,0.0,6,0.25,0.0006555287828494
2019-01-28,CRM/INTU,-0.0,-0.0,0.0,6,0.25,-0.0
2019-01-28,CNC/HUM,0.0,0.0,0.0,6,0.25,0.0
2019-01-28,ADI/MU,0.0094198898508702,0.0094198898508702,0.0,6,0.25,0.0023549724627175
2019-01-28,NTRS/SCHW,0.0035395527659378,0.0035395527659378,0.0,6,0.25,0.0008848881914844
2019-01-29,CRM/INTU,-0.0,-0.0,0.0,6,0.25,-0.0
2019-01-29,CNC/HUM,-0.0,-0.0,0.0,6,0.25,-0.0
2019-01-29,ADI/MU,0.0072114674322604,0.0072114674322604,0.0,6,0.25,0.0018028668580651
2019-01-29,NTRS/SCHW,-0.0084803788414415,-0.0084803788414415,0.0,6,0.25,-0.0021200947103603
2019-01-30,CRM/INTU,0.0,0.0,0.0,6,0.25,0.0
2019-01-30,CNC/HUM,0.0,0.0,0.0,6,0.25,0.0
2019-01-30,ADI/MU,-0.0007731987364454,-0.0007731987364454,0.0,6,0.25,-0.0001932996841113
2019-01-30,NTRS/SCHW,0.0083587063022746,0.0083587063022746,0.0,6,0.25,0.0020896765755686
2019-01-31,CRM/INTU,0.0,0.0,0.0,6,0.25,0.0
2019-01-31,CNC/HUM,0.0,0.0,0.0,6,0.25,0.0
2019-01-31,ADI/MU,-0.0005085732801684,-0.0005085732801684,0.0,6,0.25,-0.0001271433200421
2019-01-31,NTRS/SCHW,-0.0039535841017118,-0.0039535841017118,0.0,6,0.25,-0.0009883960254279
2019-02-01,CRM/INTU,0.0,0.0,0.0,6,0.25,0.0
2019-02-01,CNC/HUM,-0.0,-0.0,0.0,6,0.25,-0.0
2019-02-01,ADI/MU,-0.0092335208773443,-0.0092335208773443,0.0,6,0.25,-0.002308380219336
2019-02-01,NTRS/SCHW,-0.0025809175764114,-0.0025809175764114,0.0,6,0.25,-0.0006452293941028
2019-02-04,CRM/INTU,-0.0,-0.0,0.0,6,0.25,-0.0
2019-02-04,CNC/HUM,0.0,0.0,0.0,6,0.25,0.0
2019-02-04,ADI/MU,-0.001,0.0,1.0,6,0.25,-0.00025
2019-02-04,NTRS/SCHW,0.0012593607551503,0.0012593607551503,0.0,6,0.25,0.0003148401887875
2019-02-05,CRM/INTU,-0.0,-0.0,0.0,6,0.25,-0.0
2019-02-05,CNC/HUM,-0.0,-0.0,0.0,6,0.25,-0.0
2019-02-05,ADI/MU,-0.0,-0.0,0.0,6,0.25,-0.0
2019-02-05,NTRS/SCHW,0.0104404022730413,0.0104404022730413,0.0,6,0.25,0.0026101005682603
2019-02-06,CRM/INTU,-0.0,-0.0,0.0,6,0.25,-0.0
2019-02-06,CNC/HUM,-0.0,-0.0,0.0,6,0.25,-0.0
2019-02-06,ADI/MU,0.0,0.0,0.0,6,0.25,0.0
2019-02-06,NTRS/SCHW,0.0084492406613013,0.0084492406613013,0.0,6,0.25,0.0021123101653253
2019-02-07,CRM/INTU,-0.0,-0.0,0.0,6,0.25,-0.0
2019-02-07,CNC/HUM,0.0,0.0,0.0,6,0.25,0.0
2019-02-07,ADI/MU,-0.0,-0.0,0.0,6,0.25,-0.0
2019-02-07,NTRS/SCHW,0.007894920910649,0.007894920910649,0.0,6,0.25,0.0019737302276622
2019-02-08,CRM/INTU,-0.0,-0.0,0.0,6,0.25,-0.0
2019-02-08,CNC/HUM,-0.0,-0.0,0.0,6,0.25,-0.0
2019-02-08,ADI/MU,-0.0,-0.0,0.0,6,0.25,-0.0
2019-02-08,NTRS/SCHW,0.0039702937861656,0.0039702937861656,0.0,6,0.25,0.0009925734465414
2019-02-11,CRM/INTU,0.0,0.0,0.0,6,0.25,0.0
2019-02-11,CNC/HUM,-0.0,-0.0,0.0,6,0.25,-0.0
2019-02-11,ADI/MU,-0.0,-0.0,0.0,6,0.25,-0.0
2019-02-11,NTRS/SCHW,0.0001864704887309,0.0001864704887309,0.0,6,0.25,4.661762218274807e-05
2019-02-12,CRM/INTU,0.0,0.0,0.0,6,0.25,0.0
2019-02-12,CNC/HUM,0.0,0.0,0.0,6,0.25,0.0
2019-02-12,ADI/MU,0.0,0.0,0.0,6,0.25,0.0
2019-02-12,NTRS/SCHW,-0.0010395638356138,-0.0010395638356138,0.0,6,0.25,-0.0002598909589034
2019-02-13,CRM/INTU,-0.0,-0.0,0.0,6,0.25,-0.0
2019-02-13,CNC/HUM,0.0,0.0,0.0,6,0.25,0.0
2019-02-13,ADI/MU,0.0,0.0,0.0,6,0.25,0.0
2019-02-13,NTRS/SCHW,-0.003613735324671,-0.003613735324671,0.0,6,0.25,-0.0009034338311677
2019-02-14,CRM/INTU,-0.0,-0.0,0.0,6,0.25,-0.0
2019-02-14,CNC/HUM,0.0,0.0,0.0,6,0.25,0.0
2019-02-14,ADI/MU,0.0,0.0,0.0,6,0.25,0.0
2019-02-14,NTRS/SCHW,-0.001,-0.0,1.0,6,0.25,-0.00025
2019-02-15,CRM/INTU,-0.0,-0.0,0.0,6,0.25,-0.0
2019-02-15,CNC/HUM,0.0,0.0,0.0,6,0.25,0.0
2019-02-15,ADI/MU,-0.0,-0.0,0.0,6,0.25,-0.0
2019-02-15,NTRS/SCHW,0.0,0.0,0.0,6,0.25,0.0
2019-02-19,CRM/INTU,0.0,0.0,0.0,6,0.25,0.0
2019-02-19,CNC/HUM,-0.0,-0.0,0.0,6,0.25,-0.0
2019-02-19,ADI/MU,0.0,0.0,0.0,6,0.25,0.0
2019-02-19,NTRS/SCHW,0.0,0.0,0.0,6,0.25,0.0
2019-02-20,CRM/INTU,-0.0,-0.0,0.0,6,0.25,-0.0
2019-02-20,CNC/HUM,0.0,0.0,0.0,6,0.25,0.0
2019-02-20,ADI/MU,-0.0,-0.0,0.0,6,0.25,-0.0
2019-02-20,NTRS/SCHW,-0.0,-0.0,0.0,6,0.25,-0.0
2019-02-21,CRM/INTU,0.0,0.0,0.0,6,0.25,0.0
2019-02-21,CNC/HUM,0.0,0.0,0.0,6,0.25,0.0
2019-02-21,ADI/MU,-0.0,-0.0,0.0,6,0.25,-0.0
2019-02-21,NTRS/SCHW,-0.0,-0.0,0.0,6,0.25,-0.0
2019-02-22,CRM/INTU,-0.0,-0.0,0.0,6,0.25,-0.0
2019-02-22,CNC/HUM,0.0,0.0,0.0,6,0.25,0.0
2019-02-22,ADI/MU,0.0,0.0,0.0,6,0.25,0.0
2019-02-22,NTRS/SCHW,0.0,0.0,0.0,6,0.25,0.0
2019-02-25,CRM/INTU,0.0048560986982294,0.0058560986982294,1.0,6,0.25,0.0012140246745573
2019-02-25,CNC/HUM,-0.0,-0.0,0.0,6,0.25,-0.0
2019-02-25,ADI/MU,-0.0,-0.0,0.0,6,0.25,-0.0
2019-02-25,NTRS/SCHW,-0.0,-0.0,0.0,6,0.25,-0.0
2019-02-26,CRM/INTU,0.0035455629210967,0.0035455629210967,0.0,6,0.25,0.0008863907302741
2019-02-26,CNC/HUM,-0.0,-0.0,0.0,6,0.25,-0.0
2019-02-26,ADI/MU,0.0,0.0,0.0,6,0.25,0.0
2019-02-26,NTRS/SCHW,0.0,0.0,0.0,6,0.25,0.0
2019-02-27,CRM/INTU,-0.0012588804456295,-0.0012588804456295,0.0,6,0.25,-0.0003147201114073
2019-02-27,CNC/HUM,-0.0,-0.0,0.0,6,0.25,-0.0
2019-02-27,ADI/MU,-0.0,-0.0,0.0,6,0.25,-0.0
2019-02-27,NTRS/SCHW,-0.0,-0.0,0.0,6,0.25,-0.0
2019-02-28,CRM/INTU,0.0066246164337083,0.0066246164337083,0.0,6,0.25,0.001656154108427
2019-02-28,CNC/HUM,-0.0048803001679868,-0.0038803001679868,1.0,6,0.25,-0.0012200750419967
2019-02-28,ADI/MU,-0.0,-0.0,0.0,6,0.25,-0.0
2019-02-28,NTRS/SCHW,-0.0,-0.0,0.0,6,0.25,-0.0
2019-03-01,CRM/INTU,-0.0028688226133179,-0.0028688226133179,0.0,6,0.25,-0.0007172056533294
2019-03-01,CNC/HUM,0.0141998764255168,0.0141998764255168,0.0,6,0.25,0.0035499691063792
2019-03-01,ADI/MU,0.0,0.0,0.0,6,0.25,0.0
2019-03-01,NTRS/SCHW,0.0,0.0,0.0,6,0.25,0.0
2019-03-04,CRM/INTU,-0.0179542011717843,-0.0179542011717843,0.0,6,0.25,-0.004488550292946
2019-03-04,CNC/HUM,-0.0241187358378043,-0.0241187358378043,0.0,6,0.25,-0.006029683959451
2019-03-04,ADI/MU,-0.0,-0.0,0.0,6,0.25,-0.0
2019-03-04,NTRS/SCHW,-0.0,-0.0,0.0,6,0.25,-0.0
2019-03-05,CRM/INTU,-0.0020066178418635,-0.0020066178418635,0.0,6,0.25,-0.0005016544604658
2019-03-05,CNC/HUM,0.0007863698635606,0.0007863698635606,0.0,6,0.25,0.0001965924658901
2019-03-05,ADI/MU,-0.0,-0.0,0.0,6,0.25,-0.0
2019-03-05,NTRS/SCHW,0.0,0.0,0.0,6,0.25,0.0
2019-03-06,CRM/INTU,-0.0003199101629323,-0.0003199101629323,0.0,6,0.25,-7.997754073307915e-05
2019-03-06,CNC/HUM,-0.0091124356475713,-0.0091124356475713,0.0,6,0.25,-0.0022781089118928
2019-03-06,ADI/MU,-0.0,-0.0,0.0,6,0.25,-0.0
2019-03-06,NTRS/SCHW,-0.0,-0.0,0.0,6,0.25,-0.0
2019-03-07,CRM/INTU,-0.0016022026605817,-0.0016022026605817,0.0,6,0.25,-0.0004005506651454
2019-03-07,CNC/HUM,-0.00832047277452,-0.00832047277452,0.0,6,0.25,-0.00208011819363
2019-03-07,ADI/MU,0.0029379517190691,0.0039379517190691,1.0,6,0.25,0.0007344879297672
2019-03-07,NTRS/SCHW,-0.0,-0.0,0.0,6,0.25,-0.0
2019-03-08,CRM/INTU,-0.0027491591092852,-0.0027491591092852,0.0,6,0.25,-0.0006872897773213
2019-03-08,CNC/HUM,-0.0010346959528193,-0.0010346959528193,0.0,6,0.25,-0.0002586739882048
2019-03-08,ADI/MU,0.0120327352218769,0.0120327352218769,0.0,6,0.25,0.0030081838054692
2019-03-08,NTRS/SCHW,-0.0,-0.0,0.0,6,0.25,-0.0
2019-03-11,CRM/INTU,0.0010001267400265,0.0010001267400265,0.0,6,0.25,0.0002500316850066
2019-03-11,CNC/HUM,0.009908777136955,0.009908777136955,0.0,6,0.25,0.0024771942842387
2019-03-11,ADI/MU,-0.0059882855583193,-0.0059882855583193,0.0,6,0.25,-0.0014970713895798
2019-03-11,NTRS/SCHW,0.0,0.0,0.0,6,0.25,0.0
2019-03-12,CRM/INTU,0.0026586201202454,0.0026586201202454,0.0,6,0.25,0.0006646550300613
2019-03-12,CNC/HUM,0.0002911498586672,0.0002911498586672,0.0,6,0.25,7.278746466680793e-05
2019-03-12,ADI/MU,0.0017186769841696,0.0017186769841696,0.0,6,0.25,0.0004296692460424
2019-03-12,NTRS/SCHW,0.0,0.0,0.0,6,0.25,0.0
2019-03-13,CRM/INTU,-0.0004821421848219,-0.0004821421848219,0.0,6,0.25,-0.0001205355462054
2019-03-13,CNC/HUM,0.016763588047513,0.016763588047513,0.0,6,0.25,0.0041908970118782
2019-03-13,ADI/MU,-0.0061015279547101,-0.0061015279547101,0.0,6,0.25,-0.0015253819886775
2019-03-13,NTRS/SCHW,-0.0,-0.0,0.0,6,0.25,-0.0
2019-03-14,CRM/INTU,-0.0024038149107529,-0.0024038149107529,0.0,6,0.25,-0.0006009537276882
2019-03-14,CNC/HUM,-0.0061790902426001,-0.0061790902426001,0.0,6,0.25,-0.00154477256065
2019-03-14,ADI/MU,-0.0061609532994572,-0.0061609532994572,0.0,6,0.25,-0.0015402383248643
2019-03-14,NTRS/SCHW,-0.0,-0.0,0.0,6,0.25,-0.0
2019-03-15,CRM/INTU,0.0005961304518538,0.0005961304518538,0.0,6,0.25,0.0001490326129634
2019-03-15,CNC/HUM,0.0018045812687018,0.0018045812687018,0.0,6,0.25,0.0004511453171754
2019-03-15,ADI/MU,0.0093188069991035,0.0093188069991035,0.0,6,0.25,0.0023297017497758
2019-03-15,NTRS/SCHW,-0.0,-0.0,0.0,6,0.25,-0.0
2019-03-18,CRM/INTU,0.002224343668688,0.002224343668688,0.0,6,0.25,0.000556085917172
2019-03-18,CNC/HUM,0.0046274028983139,0.0046274028983139,0.0,6,0.25,0.0011568507245784
2019-03-18,ADI/MU,0.001983715734995,0.001983715734995,0.0,6,0.25,0.0004959289337487
2019-03-18,NTRS/SCHW,-0.0,-0.0,0.0,6,0.25,-0.0
2019-03-19,CRM/INTU,0.0096797764925395,0.0096797764925395,0.0,6,0.25,0.0024199441231348
2019-03-19,CNC/HUM,0.0095462052080414,0.0095462052080414,0.0,6,0.25,0.0023865513020103
2019-03-19,ADI/MU,0.0058371798329581,0.0058371798329581,0.0,6,0.25,0.0014592949582395
2019-03-19,NTRS/SCHW,0.0,0.0,0.0,6,0.25,0.0
2019-03-20,CRM/INTU,-0.0013129162449796,-0.0013129162449796,0.0,6,0.25,-0.0003282290612449
2019-03-20,CNC/HUM,-0.0246658967402253,-0.0246658967402253,0.0,6,0.25,-0.0061664741850563
2019-03-20,ADI/MU,0.003191996374234,0.003191996374234,0.0,6,0.25,0.0007979990935585
2019-03-20,NTRS/SCHW,-0.0,-0.0,0.0,6,0.25,-0.0
2019-03-21,CRM/INTU,0.0037933659704579,0.0037933659704579,0.0,6,0.25,0.0009483414926144
2019-03-21,CNC/HUM,0.0030286300096275,0.0030286300096275,0.0,6,0.25,0.0007571575024068
2019-03-21,ADI/MU,0.0404056156078362,0.0404056156078362,0.0,6,0.25,0.010101403901959
2019-03-21,NTRS/SCHW,-0.0,-0.0,0.0,6,0.25,-0.0
2019-03-22,CRM/INTU,-0.001,-0.0,1.0,6,0.25,-0.00025
2019-03-22,CNC/HUM,-0.0040654533576361,-0.0040654533576361,0.0,6,0.25,-0.001016363339409
2019-03-22,ADI/MU,-0.0138033699795651,-0.0138033699795651,0.0,6,0.25,-0.0034508424948912
2019-03-22,NTRS/SCHW,-0.0,-0.0,0.0,6,0.25,-0.0
2019-03-25,CRM/INTU,-0.0,-0.0,0.0,6,0.25,-0.0
2019-03-25,CNC/HUM,-0.0063917794249795,-0.0063917794249795,0.0,6,0.25,-0.0015979448562448
2019-03-25,ADI/MU,-0.0025391769993503,-0.0025391769993503,0.0,6,0.25,-0.0006347942498375
2019-03-25,NTRS/SCHW,0.0,0.0,0.0,6,0.25,0.0
2019-03-26,CRM/INTU,-0.0,-0.0,0.0,6,0.25,-0.0
2019-03-26,CNC/HUM,-0.0109518523808744,-0.0109518523808744,0.0,6,0.25,-0.0027379630952186
2019-03-26,ADI/MU,-0.0117034238939417,-0.0117034238939417,0.0,6,0.25,-0.0029258559734854
2019-03-26,NTRS/SCHW,-0.0,-0.0,0.0,6,0.25,-0.0
2019-03-27,CRM/INTU,-0.0,-0.0,0.0,6,0.25,-0.0
2019-03-27,CNC/HUM,-0.001,0.0,1.0,6,0.25,-0.00025
2019-03-27,ADI/MU,-0.0032273467604388,-0.0032273467604388,0.0,6,0.25,-0.0008068366901097
2019-03-27,NTRS/SCHW,-0.0,-0.0,0.0,6,0.25,-0.0
2019-03-28,CRM/INTU,-0.0073943619141304,-0.0063943619141304,1.0,6,0.25,-0.0018485904785326
2019-03-28,CNC/HUM,-0.0,-0.0,0.0,6,0.25,-0.0
2019-03-28,ADI/MU,0.005677541007734,0.005677541007734,0.0,6,0.25,0.0014193852519335
2019-03-28,NTRS/SCHW,0.0,0.0,0.0,6,0.25,0.0
2019-03-29,CRM/INTU,0.0078416150942754,0.0078416150942754,0.0,6,0.25,0.0019604037735688
2019-03-29,CNC/HUM,0.0,0.0,0.0,6,0.25,0.0
2019-03-29,ADI/MU,0.0191346344252841,0.0191346344252841,0.0,6,0.25,0.004783658606321
2019-03-29,NTRS/SCHW,-0.0,-0.0,0.0,6,0.25,-0.0
2019-04-01,CRM/INTU,0.0026946099181846,0.0026946099181846,0.0,6,0.25,0.0006736524795461
2019-04-01,CNC/HUM,0.0,0.0,0.0,6,0.25,0.0
2019-04-01,ADI/MU,-0.0035206606073928,-0.0035206606073928,0.0,6,0.25,-0.0008801651518482
2019-04-01,NTRS/SCHW,0.0,0.0,0.0,6,0.25,0.0
2019-04-02,CRM/INTU,-0.0064745435899301,-0.0064745435899301,0.0,6,0.25,-0.0016186358974825
2019-04-02,CNC/HUM,-0.0,-0.0,0.0,6,0.25,-0.0
2019-04-02,ADI/MU,0.0030111804510634,0.0030111804510634,0.0,6,0.25,0.0007527951127658
2019-04-02,NTRS/SCHW,0.0,0.0,0.0,6,0.25,0.0
2019-04-03,CRM/INTU,0.0060534388892752,0.0060534388892752,0.0,6,0.25,0.0015133597223188
2019-04-03,CNC/HUM,0.0,0.0,0.0,6,0.25,0.0
2019-04-03,ADI/MU,-0.001,0.0,1.0,6,0.25,-0.00025
2019-04-03,NTRS/SCHW,-0.0,-0.0,0.0,6,0.25,-0.0
2019-04-04,CRM/INTU,-0.003673692794122,-0.003673692794122,0.0,6,0.25,-0.0009184231985305
2019-04-04,CNC/HUM,0.0,0.0,0.0,6,0.25,0.0
2019-04-04,ADI/MU,-0.0,-0.0,0.0,6,0.25,-0.0
2019-04-04,NTRS/SCHW,-0.0,-0.0,0.0,6,0.25,-0.0
2019-04-05,ADBE/CRM,0.0,0.0,0.0,7,0.25,0.0
2019-04-05,CNC/UNH,-0.0,-0.0,0.0,7,0.25,-0.0
2019-04-05,INTU/MSFT,0.0,0.0,0.0,7,0.25,0.0
2019-04-05,IEI/SCHR,0.0,0.0,0.0,7,0.25,0.0
2019-04-08,ADBE/CRM,-0.0,-0.0,0.0,7,0.25,-0.0
2019-04-08,CNC/UNH,-0.0,-0.0,0.0,7,0.25,-0.0
2019-04-08,INTU/MSFT,0.0,0.0,0.0,7,0.25,0.0
2019-04-08,IEI/SCHR,-0.0,-0.0,0.0,7,0.25,-0.0
2019-04-09,ADBE/CRM,-0.0,-0.0,0.0,7,0.25,-0.0
2019-04-09,CNC/UNH,-0.0,-0.0,0.0,7,0.25,-0.0
2019-04-09,INTU/MSFT,-0.0,-0.0,0.0,7,0.25,-0.0
2019-04-09,IEI/SCHR,-0.0,-0.0,0.0,7,0.25,-0.0
2019-04-10,ADBE/CRM,0.0,0.0,0.0,7,0.25,0.0
2019-04-10,CNC/UNH,-0.0,-0.0,0.0,7,0.25,-0.0
2019-04-10,INTU/MSFT,0.0,0.0,0.0,7,0.25,0.0
2019-04-10,IEI/SCHR,-0.0,-0.0,0.0,7,0.25,-0.0
2019-04-11,ADBE/CRM,0.0,0.0,0.0,7,0.25,0.0
2019-04-11,CNC/UNH,-0.0,-0.0,0.0,7,0.25,-0.0
2019-04-11,INTU/MSFT,-0.0,-0.0,0.0,7,0.25,-0.0
2019-04-11,IEI/SCHR,0.0,0.0,0.0,7,0.25,0.0
2019-04-12,ADBE/CRM,-0.0,-0.0,0.0,7,0.25,-0.0
2019-04-12,CNC/UNH,-0.0264803872652404,-0.0254803872652404,1.0,7,0.25,-0.0066200968163101
2019-04-12,INTU/MSFT,0.0,0.0,0.0,7,0.25,0.0
2019-04-12,IEI/SCHR,0.0,0.0,0.0,7,0.25,0.0
2019-04-15,ADBE/CRM,-0.0,-0.0,0.0,7,0.25,-0.0
2019-04-15,CNC/UNH,0.0206298687262862,0.0206298687262862,0.0,7,0.25,0.0051574671815715
2019-04-15,INTU/MSFT,-0.0,-0.0,0.0,7,0.25,-0.0
2019-04-15,IEI/SCHR,-0.0,-0.0,0.0,7,0.25,-0.0
2019-04-16,ADBE/CRM,-0.0,-0.0,0.0,7,0.25,-0.0
2019-04-16,CNC/UNH,-0.0115354498787545,-0.0115354498787545,0.0,7,0.25,-0.0028838624696886
2019-04-16,INTU/MSFT,0.0,0.0,0.0,7,0.25,0.0
2019-04-16,IEI/SCHR,0.0,0.0,0.0,7,0.25,0.0
2019-04-17,ADBE/CRM,-0.0,-0.0,0.0,7,0.25,-0.0
2019-04-17,CNC/UNH,0.0044252978704457,0.0044252978704457,0.0,7,0.25,0.0011063244676114
2019-04-17,INTU/MSFT,0.0,0.0,0.0,7,0.25,0.0
2019-04-17,IEI/SCHR,0.0,0.0,0.0,7,0.25,0.0
2019-04-18,ADBE/CRM,0.0,0.0,0.0,7,0.25,0.0
2019-04-18,CNC/UNH,0.0087290939915195,0.0087290939915195,0.0,7,0.25,0.0021822734978798
2019-04-18,INTU/MSFT,0.0,0.0,0.0,7,0.25,0.0
2019-04-18,IEI/SCHR,-0.0,-0.0,0.0,7,0.25,-0.0
2019-04-22,ADBE/CRM,0.0,0.0,0.0,7,0.25,0.0
2019-04-22,CNC/UNH,0.0178834260908858,0.0178834260908858,0.0,7,0.25,0.0044708565227214
2019-04-22,INTU/MSFT,-0.0,-0.0,0.0,7,0.25,-0.0
2019-04-22,IEI/SCHR,0.0,0.0,0.0,7,0.25,0.0
2019-04-23,ADBE/CRM,-0.0,-0.0,0.0,7,0.25,-0.0
2019-04-23,CNC/UNH,-0.0025995124818769,-0.0025995124818769,0.0,7,0.25,-0.0006498781204692
2019-04-23,INTU/MSFT,0.0,0.0,0.0,7,0.25,0.0
2019-04-23,IEI/SCHR,-0.0,-0.0,0.0,7,0.25,-0.0
2019-04-24,ADBE/CRM,-0.0,-0.0,0.0,7,0.25,-0.0
2019-04-24,CNC/UNH,-7.112426507206938e-05,-7.112426507206938e-05,0.0,7,0.25,-1.7781066268017344e-05
2019-04-24,INTU/MSFT,0.0,0.0,0.0,7,0.25,0.0
2019-04-24,IEI/SCHR,-0.0,-0.0,0.0,7,0.25,-0.0
2019-04-25,ADBE/CRM,0.0,0.0,0.0,7,0.25,0.0
2019-04-25,CNC/UNH,0.0011790976957812,0.0011790976957812,0.0,7,0.25,0.0002947744239453
2019-04-25,INTU/MSFT,0.0,0.0,0.0,7,0.25,0.0
2019-04-25,IEI/SCHR,-0.0,-0.0,0.0,7,0.25,-0.0
2019-04-26,ADBE/CRM,0.0,0.0,0.0,7,0.25,0.0
2019-04-26,CNC/UNH,0.0051075426312627,0.0051075426312627,0.0,7,0.25,0.0012768856578156
2019-04-26,INTU/MSFT,-0.0198764104960807,-0.0188764104960807,1.0,7,0.25,-0.0049691026240201
2019-04-26,IEI/SCHR,-0.0,-0.0,0.0,7,0.25,-0.0
2019-04-29,ADBE/CRM,-0.0,-0.0,0.0,7,0.25,-0.0
2019-04-29,CNC/UNH,0.0034032154735977,0.0034032154735977,0.0,7,0.25,0.0008508038683994
2019-04-29,INTU/MSFT,-0.0085635760673645,-0.0085635760673645,0.0,7,0.25,-0.0021408940168411
2019-04-29,IEI/SCHR,-0.0,-0.0,0.0,7,0.25,-0.0
2019-04-30,ADBE/CRM,-0.0,-0.0,0.0,7,0.25,-0.0
2019-04-30,CNC/UNH,-0.0090834895041334,-0.0090834895041334,0.0,7,0.25,-0.0022708723760333
2019-04-30,INTU/MSFT,0.0014219189624317,0.0014219189624317,0.0,7,0.25,0.0003554797406079
2019-04-30,IEI/SCHR,0.0,0.0,0.0,7,0.25,0.0
2019-05-01,ADBE/CRM,-0.0,-0.0,0.0,7,0.25,-0.0
2019-05-01,CNC/UNH,0.0070370124262611,0.0070370124262611,0.0,7,0.25,0.0017592531065652
2019-05-01,INTU/MSFT,0.0012888298285662,0.0012888298285662,0.0,7,0.25,0.0003222074571415
2019-05-01,IEI/SCHR,-0.0,-0.0,0.0,7,0.25,-0.0
2019-05-02,ADBE/CRM,0.0,0.0,0.0,7,0.25,0.0
2019-05-02,CNC/UNH,-0.0096477122928198,-0.0096477122928198,0.0,7,0.25,-0.0024119280732049
2019-05-02,INTU/MSFT,0.0113063998380442,0.0113063998380442,0.0,7,0.25,0.002826599959511
2019-05-02,IEI/SCHR,0.0,0.0,0.0,7,0.25,0.0
2019-05-03,ADBE/CRM,-0.0,-0.0,0.0,7,0.25,-0.0
2019-05-03,CNC/UNH,-0.0070340714057931,-0.0070340714057931,0.0,7,0.25,-0.0017585178514482
2019-05-03,INTU/MSFT,-0.0082548346388988,-0.0082548346388988,0.0,7,0.25,-0.0020637086597247
2019-05-03,IEI/SCHR,-0.0,-0.0,0.0,7,0.25,-0.0
2019-05-06,ADBE/CRM,0.0,0.0,0.0,7,0.25,0.0
2019-05-06,CNC/UNH,0.0069049322166938,0.0069049322166938,0.0,7,0.25,0.0017262330541734
2019-05-06,INTU/MSFT,0.00292297073443,0.00292297073443,0.0,7,0.25,0.0007307426836075
2019-05-06,IEI/SCHR,-0.0,-0.0,0.0,7,0.25,-0.0
2019-05-07,ADBE/CRM,-0.0,-0.0,0.0,7,0.25,-0.0
2019-05-07,CNC/UNH,-0.0062179986375564,-0.0062179986375564,0.0,7,0.25,-0.0015544996593891
2019-05-07,INTU/MSFT,0.005976976706575,0.005976976706575,0.0,7,0.25,0.0014942441766437
2019-05-07,IEI/SCHR,-0.0,-0.0,0.0,7,0.25,-0.0
2019-05-08,ADBE/CRM,0.0,0.0,0.0,7,0.25,0.0
2019-05-08,CNC/UNH,-0.000745158999197,-0.000745158999197,0.0,7,0.25,-0.0001862897497992
2019-05-08,INTU/MSFT,-0.0004192666564098,-0.0004192666564098,0.0,7,0.25,-0.0001048166641024
2019-05-08,IEI/SCHR,0.0,0.0,0.0,7,0.25,0.0
2019-05-09,ADBE/CRM,-0.0,-0.0,0.0,7,0.25,-0.0
2019-05-09,CNC/UNH,0.006159930480296,0.006159930480296,0.0,7,0.25,0.001539982620074
2019-05-09,INTU/MSFT,-0.0045032895794018,-0.0045032895794018,0.0,7,0.25,-0.0011258223948504
2019-05-09,IEI/SCHR,0.0,0.0,0.0,7,0.25,0.0
2019-05-10,ADBE/CRM,0.0,0.0,0.0,7,0.25,0.0
2019-05-10,CNC/UNH,-0.001,0.0,1.0,7,0.25,-0.00025
2019-05-10,INTU/MSFT,-0.0024324299199829,-0.0024324299199829,0.0,7,0.25,-0.0006081074799957
2019-05-10,IEI/SCHR,-0.0,-0.0,0.0,7,0.25,-0.0
2019-05-13,ADBE/CRM,-0.0,-0.0,0.0,7,0.25,-0.0
2019-05-13,CNC/UNH,-0.0,-0.0,0.0,7,0.25,-0.0
2019-05-13,INTU/MSFT,0.0056017885449139,0.0056017885449139,0.0,7,0.25,0.0014004471362284
2019-05-13,IEI/SCHR,-0.0,-0.0,0.0,7,0.25,-0.0
2019-05-14,ADBE/CRM,0.0,0.0,0.0,7,0.25,0.0
2019-05-14,CNC/UNH,-0.0,-0.0,0.0,7,0.25,-0.0
2019-05-14,INTU/MSFT,-1.954247796933986e-05,-1.954247796933986e-05,0.0,7,0.25,-4.885619492334965e-06
2019-05-14,IEI/SCHR,-0.0,-0.0,0.0,7,0.25,-0.0
2019-05-15,ADBE/CRM,-0.0,-0.0,0.0,7,0.25,-0.0
2019-05-15,CNC/UNH,0.0,0.0,0.0,7,0.25,0.0
2019-05-15,INTU/MSFT,-0.0050136016396317,-0.0050136016396317,0.0,7,0.25,-0.0012534004099079
2019-05-15,IEI/SCHR,-0.0,-0.0,0.0,7,0.25,-0.0
2019-05-16,ADBE/CRM,0.0005985313262596,0.0015985313262596,1.0,7,0.25,0.0001496328315649
2019-05-16,CNC/UNH,-0.0,-0.0,0.0,7,0.25,-0.0
2019-05-16,INTU/MSFT,-0.0068278018322765,-0.0068278018322765,0.0,7,0.25,-0.0017069504580691
2019-05-16,IEI/SCHR,0.0,0.0,0.0,7,0.25,0.0
2019-05-17,ADBE/CRM,-0.008050771011897,-0.008050771011897,0.0,7,0.25,-0.0020126927529742
2019-05-17,CNC/UNH,0.0,0.0,0.0,7,0.25,0.0
2019-05-17,INTU/MSFT,0.0006797694274875,0.0006797694274875,0.0,7,0.25,0.0001699423568718
2019-05-17,IEI/SCHR,-0.0,-0.0,0.0,7,0.25,-0.0
2019-05-20,ADBE/CRM,0.012026586606951,0.012026586606951,0.0,7,0.25,0.0030066466517377
2019-05-20,CNC/UNH,0.0,0.0,0.0,7,0.25,0.0
2019-05-20,INTU/MSFT,0.0058949758995965,0.0058949758995965,0.0,7,0.25,0.0014737439748991
2019-05-20,IEI/SCHR,0.0,0.0,0.0,7,0.25,0.0
2019-05-21,ADBE/CRM,-0.0049045221020537,-0.0049045221020537,0.0,7,0.25,-0.0012261305255134
2019-05-21,CNC/UNH,-0.0037683849997579,-0.0027683849997579,1.0,7,0.25,-0.0009420962499394
2019-05-21,INTU/MSFT,0.0006214166107938,0.0006214166107938,0.0,7,0.25,0.0001553541526984
2019-05-21,IEI/SCHR,0.0,0.0,0.0,7,0.25,0.0
2019-05-22,ADBE/CRM,0.0007502355922008,0.0007502355922008,0.0,7,0.25,0.0001875588980502
2019-05-22,CNC/UNH,-0.0001592699877839,-0.0001592699877839,0.0,7,0.25,-3.981749694599189e-05
2019-05-22,INTU/MSFT,-0.0013401588805417,-0.0013401588805417,0.0,7,0.25,-0.0003350397201354
2019-05-22,IEI/SCHR,-0.0,-0.0,0.0,7,0.25,-0.0
2019-05-23,ADBE/CRM,-0.0021382008074355,-0.0021382008074355,0.0,7,0.25,-0.0005345502018588
2019-05-23,CNC/UNH,0.0009630025860806,0.0009630025860806,0.0,7,0.25,0.0002407506465201
2019-05-23,INTU/MSFT,-0.001,0.0,1.0,7,0.25,-0.00025
2019-05-23,IEI/SCHR,-0.0,-0.0,0.0,7,0.25,-0.0
2019-05-24,ADBE/CRM,0.0020799835756713,0.0020799835756713,0.0,7,0.25,0.0005199958939178
2019-05-24,CNC/UNH,0.0044943025787799,0.0044943025787799,0.0,7,0.25,0.0011235756446949
2019-05-24,INTU/MSFT,-0.0,-0.0,0.0,7,0.25,-0.0
2019-05-24,IEI/SCHR,-0.0,-0.0,0.0,7,0.25,-0.0
2019-05-28,ADBE/CRM,-0.003109124644213,-0.003109124644213,0.0,7,0.25,-0.0007772811610532
2019-05-28,CNC/UNH,0.0118029135148268,0.0118029135148268,0.0,7,0.25,0.0029507283787067
2019-05-28,INTU/MSFT,0.001321400829642,0.002321400829642,1.0,7,0.25,0.0003303502074105
2019-05-28,IEI/SCHR,-0.0,-0.0,0.0,7,0.25,-0.0
2019-05-29,ADBE/CRM,-0.0006009022354063,-0.0006009022354063,0.0,7,0.25,-0.0001502255588515
2019-05-29,CNC/UNH,-0.0002555849740768,-0.0002555849740768,0.0,7,0.25,-6.389624351920052e-05
2019-05-29,INTU/MSFT,0.0033916843881006,0.0033916843881006,0.0,7,0.25,0.0008479210970251
2019-05-29,IEI/SCHR,-0.0010708372618183,-7.083726181830757e-05,1.0,7,0.25,-0.0002677093154545
2019-05-30,ADBE/CRM,0.0083297737442096,0.0083297737442096,0.0,7,0.25,0.0020824434360524
2019-05-30,CNC/UNH,0.00082584267499,0.00082584267499,0.0,7,0.25,0.0002064606687475
2019-05-30,INTU/MSFT,0.0062628984011317,0.0062628984011317,0.0,7,0.25,0.0015657246002829
2019-05-30,IEI/SCHR,-0.0002005114028472,-0.0002005114028472,0.0,7,0.25,-5.012785071180396e-05
2019-05-31,ADBE/CRM,-0.0094979526213598,-0.0094979526213598,0.0,7,0.25,-0.0023744881553399
2019-05-31,CNC/UNH,0.0087957978389832,0.0087957978389832,0.0,7,0.25,0.0021989494597458
2019-05-31,INTU/MSFT,-0.0048524520556832,-0.0048524520556832,0.0,7,0.25,-0.0012131130139208
2019-05-31,IEI/SCHR,-0.0009178246298877,-0.0009178246298877,0.0,7,0.25,-0.0002294561574719
2019-06-03,ADBE/CRM,-0.0040552116901558,-0.0040552116901558,0.0,7,0.25,-0.0010138029225389
2019-06-03,CNC/UNH,-0.0147213193170269,-0.0147213193170269,0.0,7,0.25,-0.0036803298292567
2019-06-03,INTU/MSFT,-0.0081095489079825,-0.0081095489079825,0.0,7,0.25,-0.0020273872269956
2019-06-03,IEI/SCHR,-0.0006340479237896,-0.0006340479237896,0.0,7,0.25,-0.0001585119809474
2019-06-04,ADBE/CRM,0.0055669186778393,0.0055669186778393,0.0,7,0.25,0.0013917296694598
2019-06-04,CNC/UNH,-0.0006199044646931,-0.0006199044646931,0.0,7,0.25,-0.0001549761161732
2019-06-04,INTU/MSFT,0.0020489718524714,0.0020489718524714,0.0,7,0.25,0.0005122429631178
2019-06-04,IEI/SCHR,0.0002991362161019,0.0002991362161019,0.0,7,0.25,7.478405402547598e-05
2019-06-05,ADBE/CRM,0.021509304417667,0.021509304417667,0.0,7,0.25,0.0053773261044167
2019-06-05,CNC/UNH,-0.0062882345749831,-0.0062882345749831,0.0,7,0.25,-0.0015720586437457
2019-06-05,INTU/MSFT,0.0052750168783699,0.0052750168783699,0.0,7,0.25,0.0013187542195924
2019-06-05,IEI/SCHR,-2.9277626224384534e-05,-2.9277626224384534e-05,0.0,7,0.25,-7.319406556096133e-06
2019-06-06,ADBE/CRM,-7.796017264615557e-05,-7.796017264615557e-05,0.0,7,0.25,-1.949004316153889e-05
2019-06-06,CNC/UNH,0.0028770401884342,0.0028770401884342,0.0,7,0.25,0.0007192600471085
2019-06-06,INTU/MSFT,0.0079573900898356,0.0079573900898356,0.0,7,0.25,0.0019893475224589
2019-06-06,IEI/SCHR,0.0003041285641381,0.0003041285641381,0.0,7,0.25,7.603214103452506e-05
2019-06-07,ADBE/CRM,0.0014409906310214,0.0014409906310214,0.0,7,0.25,0.0003602476577553
2019-06-07,CNC/UNH,-0.0127392740536512,-0.0127392740536512,0.0,7,0.25,-0.0031848185134128
2019-06-07,INTU/MSFT,0.010426580195797,0.010426580195797,0.0,7,0.25,0.0026066450489492
2019-06-07,IEI/SCHR,-0.0005049786613285,-0.0005049786613285,0.0,7,0.25,-0.0001262446653321
2019-06-10,ADBE/CRM,-0.0327410895266369,-0.0327410895266369,0.0,7,0.25,-0.0081852723816592
2019-06-10,CNC/UNH,0.0001935191461759,0.0001935191461759,0.0,7,0.25,4.837978654397503e-05
2019-06-10,INTU/MSFT,0.000878717158828,0.000878717158828,0.0,7,0.25,0.000219679289707
2019-06-10,IEI/SCHR,0.0004639111878398,0.0004639111878398,0.0,7,0.25,0.0001159777969599
2019-06-11,ADBE/CRM,-0.0028054575166476,-0.0028054575166476,0.0,7,0.25,-0.0007013643791619
2019-06-11,CNC/UNH,0.0021193189660904,0.0021193189660904,0.0,7,0.25,0.0005298297415226
2019-06-11,INTU/MSFT,0.0034551854436889,0.0034551854436889,0.0,7,0.25,0.0008637963609222
2019-06-11,IEI/SCHR,6.84957470800691e-05,6.84957470800691e-05,0.0,7,0.25,1.7123936770017275e-05
2019-06-12,ADBE/CRM,0.0028525842392073,0.0028525842392073,0.0,7,0.25,0.0007131460598018
2019-06-12,CNC/UNH,0.001375516819952,0.001375516819952,0.0,7,0.25,0.000343879204988
2019-06-12,INTU/MSFT,-0.0038094965650537,-0.0038094965650537,0.0,7,0.25,-0.0009523741412634
2019-06-12,IEI/SCHR,-0.0001957757750226,-0.0001957757750226,0.0,7,0.25,-4.894394375566315e-05
2019-06-13,ADBE/CRM,-0.001,0.0,1.0,7,0.25,-0.00025
2019-06-13,CNC/UNH,-0.0010530088376046,-0.0010530088376046,0.0,7,0.25,-0.0002632522094011
2019-06-13,INTU/MSFT,0.0041258810348318,0.0041258810348318,0.0,7,0.25,0.0010314702587079
2019-06-13,IEI/SCHR,-0.0004366799704312,-0.0004366799704312,0.0,7,0.25,-0.0001091699926078
2019-06-14,ADBE/CRM,-0.0,-0.0,0.0,7,0.25,-0.0
2019-06-14,CNC/UNH,-0.0053511162306331,-0.0053511162306331,0.0,7,0.25,-0.0013377790576582
2019-06-14,INTU/MSFT,0.0052964710511442,0.0052964710511442,0.0,7,0.25,0.001324117762786
2019-06-14,IEI/SCHR,-6.971224455078883e-05,-6.971224455078883e-05,0.0,7,0.25,-1.7428061137697206e-05
2019-06-17,ADBE/CRM,-0.0,-0.0,0.0,7,0.25,-0.0
2019-06-17,CNC/UNH,0.006317725603444,0.006317725603444,0.0,7,0.25,0.001579431400861
2019-06-17,INTU/MSFT,0.0008767211284158,0.0008767211284158,0.0,7,0.25,0.0002191802821039
2019-06-17,IEI/SCHR,0.0001014813246038,0.0001014813246038,0.0,7,0.25,2.5370331150962347e-05
2019-06-18,ADBE/CRM,-0.0,-0.0,0.0,7,0.25,-0.0
2019-06-18,CNC/UNH,-0.001,-0.0,1.0,7,0.25,-0.00025
2019-06-18,INTU/MSFT,0.0051048260930648,0.0051048260930648,0.0,7,0.25,0.0012762065232662
2019-06-18,IEI/SCHR,-0.000442468609267,-0.000442468609267,0.0,7,0.25,-0.0001106171523167
2019-06-19,ADBE/CRM,-0.0,-0.0,0.0,7,0.25,-0.0
2019-06-19,CNC/UNH,0.0,0.0,0.0,7,0.25,0.0
2019-06-19,INTU/MSFT,-0.0044289018555774,-0.0044289018555774,0.0,7,0.25,-0.0011072254638943
2019-06-19,IEI/SCHR,-0.0002552476051376,-0.0002552476051376,0.0,7,0.25,-6.38119012844227e-05
2019-06-20,ADBE/CRM,-0.0,-0.0,0.0,7,0.25,-0.0
2019-06-20,CNC/UNH,-0.0,-0.0,0.0,7,0.25,-0.0
2019-06-20,INTU/MSFT,-0.0004422593169379,-0.0004422593169379,0.0,7,0.25,-0.0001105648292344
2019-06-20,IEI/SCHR,-2.8069635512327013e-05,-2.8069635512327013e-05,0.0,7,0.25,-7.017408878081753e-06
2019-06-21,ADBE/CRM,0.0,0.0,0.0,7,0.25,0.0
2019-06-21,CNC/UNH,0.0,0.0,0.0,7,0.25,0.0
2019-06-21,INTU/MSFT,0.0077396429128026,0.0077396429128026,0.0,7,0.25,0.0019349107282006
2019-06-21,IEI/SCHR,0.0002943416609482,0.0002943416609482,0.0,7,0.25,7.358541523707332e-05
2019-06-24,ADBE/CRM,-0.0,-0.0,0.0,7,0.25,-0.0
2019-06-24,CNC/UNH,-0.0,-0.0,0.0,7,0.25,-0.0
2019-06-24,INTU/MSFT,-0.001,0.0,1.0,7,0.25,-0.00025
2019-06-24,IEI/SCHR,-0.0002601727972183,-0.0002601727972183,0.0,7,0.25,-6.504319930459893e-05
2019-06-25,ADBE/CRM,0.0,0.0,0.0,7,0.25,0.0
2019-06-25,CNC/UNH,0.0,0.0,0.0,7,0.25,0.0
2019-06-25,INTU/MSFT,-0.0,-0.0,0.0,7,0.25,-0.0
2019-06-25,IEI/SCHR,-0.001,-0.0,1.0,7,0.25,-0.00025
2019-06-26,ADBE/CRM,-0.0,-0.0,0.0,7,0.25,-0.0
2019-06-26,CNC/UNH,-0.0,-0.0,0.0,7,0.25,-0.0
2019-06-26,INTU/MSFT,0.0,0.0,0.0,7,0.25,0.0
2019-06-26,IEI/SCHR,0.0,0.0,0.0,7,0.25,0.0
2019-06-27,ADBE/CRM,-0.0,-0.0,0.0,7,0.25,-0.0
2019-06-27,CNC/UNH,0.0,0.0,0.0,7,0.25,0.0
2019-06-27,INTU/MSFT,-0.0,-0.0,0.0,7,0.25,-0.0
2019-06-27,IEI/SCHR,0.0,0.0,0.0,7,0.25,0.0
2019-06-28,ADBE/CRM,0.0,0.0,0.0,7,0.25,0.0
2019-06-28,CNC/UNH,-0.0,-0.0,0.0,7,0.25,-0.0
2019-06-28,INTU/MSFT,-0.0,-0.0,0.0,7,0.25,-0.0
2019-06-28,IEI/SCHR,0.0,0.0,0.0,7,0.25,0.0
2019-07-01,ADBE/CRM,-0.0,-0.0,0.0,7,0.25,-0.0
2019-07-01,CNC/UNH,0.0,0.0,0.0,7,0.25,0.0
2019-07-01,INTU/MSFT,0.0,0.0,0.0,7,0.25,0.0
2019-07-01,IEI/SCHR,-0.0,-0.0,0.0,7,0.25,-0.0
2019-07-02,ADBE/CRM,-0.0,-0.0,0.0,7,0.25,-0.0
2019-07-02,CNC/UNH,0.0,0.0,0.0,7,0.25,0.0
2019-07-02,INTU/MSFT,0.0,0.0,0.0,7,0.25,0.0
2019-07-02,IEI/SCHR,-0.0,-0.0,0.0,7,0.25,-0.0
2019-07-03,ADBE/CRM,-0.0,-0.0,0.0,7,0.25,-0.0
2019-07-03,CNC/UNH,0.0,0.0,0.0,7,0.25,0.0
2019-07-03,INTU/MSFT,-0.0,-0.0,0.0,7,0.25,-0.0
2019-07-03,IEI/SCHR,-0.0,-0.0,0.0,7,0.25,-0.0
2019-07-05,ADBE/CRM,-0.0,-0.0,0.0,7,0.25,-0.0
2019-07-05,CNC/UNH,0.0,0.0,0.0,7,0.25,0.0
2019-07-05,INTU/MSFT,-0.0,-0.0,0.0,7,0.25,-0.0
2019-07-05,IEI/SCHR,0.0,0.0,0.0,7,0.25,0.0
2019-07-08,CNC/HUM,0.0,0.0,0.0,8,0.25,0.0
2019-07-08,AXP/V,0.0,0.0,0.0,8,0.25,0.0
2019-07-08,CRM/INTU,-0.0,-0.0,0.0,8,0.25,-0.0
2019-07-08,ADI/MU,0.0,0.0,0.0,8,0.25,0.0
2019-07-09,CNC/HUM,-0.0,-0.0,0.0,8,0.25,-0.0
2019-07-09,AXP/V,0.0,0.0,0.0,8,0.25,0.0
2019-07-09,CRM/INTU,0.0,0.0,0.0,8,0.25,0.0
2019-07-09,ADI/MU,0.0,0.0,0.0,8,0.25,0.0
2019-07-10,CNC/HUM,0.0,0.0,0.0,8,0.25,0.0
2019-07-10,AXP/V,0.0,0.0,0.0,8,0.25,0.0
2019-07-10,CRM/INTU,0.0,0.0,0.0,8,0.25,0.0
2019-07-10,ADI/MU,0.0,0.0,0.0,8,0.25,0.0
2019-07-11,CNC/HUM,0.0,0.0,0.0,8,0.25,0.0
2019-07-11,AXP/V,0.0,0.0,0.0,8,0.25,0.0
2019-07-11,CRM/INTU,0.0,0.0,0.0,8,0.25,0.0
2019-07-11,ADI/MU,0.0,0.0,0.0,8,0.25,0.0
2019-07-12,CNC/HUM,0.0,0.0,0.0,8,0.25,0.0
2019-07-12,AXP/V,-0.0,-0.0,0.0,8,0.25,-0.0
2019-07-12,CRM/INTU,-0.0,-0.0,0.0,8,0.25,-0.0
2019-07-12,ADI/MU,0.0,0.0,0.0,8,0.25,0.0
2019-07-15,CNC/HUM,0.0093170769413966,0.0103170769413966,1.0,8,0.25,0.0023292692353491
2019-07-15,AXP/V,-0.0,-0.0,0.0,8,0.25,-0.0
2019-07-15,CRM/INTU,0.0,0.0,0.0,8,0.25,0.0
2019-07-15,ADI/MU,-0.0,-0.0,0.0,8,0.25,-0.0
2019-07-16,CNC/HUM,0.000232497385491,0.000232497385491,0.0,8,0.25,5.8124346372768576e-05
2019-07-16,AXP/V,-0.0,-0.0,0.0,8,0.25,-0.0
2019-07-16,CRM/INTU,-0.0,-0.0,0.0,8,0.25,-0.0
2019-07-16,ADI/MU,-0.0,-0.0,0.0,8,0.25,-0.0
2019-07-17,CNC/HUM,0.0019376411461813,0.0019376411461813,0.0,8,0.25,0.0004844102865453
2019-07-17,AXP/V,0.0,0.0,0.0,8,0.25,0.0
2019-07-17,CRM/INTU,0.0,0.0,0.0,8,0.25,0.0
2019-07-17,ADI/MU,0.0,0.0,0.0,8,0.25,0.0
2019-07-18,CNC/HUM,-0.0034965862530215,-0.0034965862530215,0.0,8,0.25,-0.0008741465632553
2019-07-18,AXP/V,0.0,0.0,0.0,8,0.25,0.0
2019-07-18,CRM/INTU,-0.0,-0.0,0.0,8,0.25,-0.0
2019-07-18,ADI/MU,0.0,0.0,0.0,8,0.25,0.0
2019-07-19,CNC/HUM,0.0004052845404612,0.0004052845404612,0.0,8,0.25,0.0001013211351153
2019-07-19,AXP/V,0.0,0.0,0.0,8,0.25,0.0
2019-07-19,CRM/INTU,0.0,0.0,0.0,8,0.25,0.0
2019-07-19,ADI/MU,0.0,0.0,0.0,8,0.25,0.0
2019-07-22,CNC/HUM,-0.0043454071781317,-0.0043454071781317,0.0,8,0.25,-0.0010863517945329
2019-07-22,AXP/V,0.0,0.0,0.0,8,0.25,0.0
2019-07-22,CRM/INTU,0.0,0.0,0.0,8,0.25,0.0
2019-07-22,ADI/MU,0.0,0.0,0.0,8,0.25,0.0
2019-07-23,CNC/HUM,0.0036959133419441,0.0036959133419441,0.0,8,0.25,0.000923978335486
2019-07-23,AXP/V,-0.0,-0.0,0.0,8,0.25,-0.0
2019-07-23,CRM/INTU,-0.0,-0.0,0.0,8,0.25,-0.0
2019-07-23,ADI/MU,-0.0,-0.0,0.0,8,0.25,-0.0
2019-07-24,CNC/HUM,0.0206758164263636,0.0206758164263636,0.0,8,0.25,0.0051689541065909
2019-07-24,AXP/V,0.0,0.0,0.0,8,0.25,0.0
2019-07-24,CRM/INTU,0.0,0.0,0.0,8,0.25,0.0
2019-07-24,ADI/MU,-0.0,-0.0,0.0,8,0.25,-0.0
2019-07-25,CNC/HUM,-0.0065934100967451,-0.0065934100967451,0.0,8,0.25,-0.0016483525241862
2019-07-25,AXP/V,-0.0,-0.0,0.0,8,0.25,-0.0
2019-07-25,CRM/INTU,0.0007877572908577,0.0017877572908577,1.0,8,0.25,0.0001969393227144
2019-07-25,ADI/MU,0.0,0.0,0.0,8,0.25,0.0
2019-07-26,CNC/HUM,0.0029528874435407,0.0029528874435407,0.0,8,0.25,0.0007382218608851
2019-07-26,AXP/V,0.0,0.0,0.0,8,0.25,0.0
2019-07-26,CRM/INTU,0.0011419261379879,0.0011419261379879,0.0,8,0.25,0.0002854815344969
2019-07-26,ADI/MU,-0.0,-0.0,0.0,8,0.25,-0.0
2019-07-29,CNC/HUM,-0.006970998828133,-0.006970998828133,0.0,8,0.25,-0.0017427497070332
2019-07-29,AXP/V,-0.0,-0.0,0.0,8,0.25,-0.0
2019-07-29,CRM/INTU,0.0096017080660315,0.0096017080660315,0.0,8,0.25,0.0024004270165078
2019-07-29,ADI/MU,-0.0,-0.0,0.0,8,0.25,-0.0
2019-07-30,CNC/HUM,-0.008343498066684,-0.008343498066684,0.0,8,0.25,-0.002085874516671
2019-07-30,AXP/V,-0.0,-0.0,0.0,8,0.25,-0.0
2019-07-30,CRM/INTU,-0.0053859979940447,-0.0053859979940447,0.0,8,0.25,-0.0013464994985111
2019-07-30,ADI/MU,0.0,0.0,0.0,8,0.25,0.0
2019-07-31,CNC/HUM,-0.039045799878206,-0.039045799878206,0.0,8,0.25,-0.0097614499695515
2019-07-31,AXP/V,-0.0,-0.0,0.0,8,0.25,-0.0
2019-07-31,CRM/INTU,0.0052927304407667,0.0052927304407667,0.0,8,0.25,0.0013231826101916
2019-07-31,ADI/MU,-0.0,-0.0,0.0,8,0.25,-0.0
2019-08-01,CNC/HUM,-0.0081460103173518,-0.0081460103173518,0.0,8,0.25,-0.0020365025793379
2019-08-01,AXP/V,0.0,0.0,0.0,8,0.25,0.0
2019-08-01,CRM/INTU,0.0145438250579209,0.0145438250579209,0.0,8,0.25,0.0036359562644802
2019-08-01,ADI/MU,-0.0,-0.0,0.0,8,0.25,-0.0
2019-08-02,CNC/HUM,0.0066507878820709,0.0066507878820709,0.0,8,0.25,0.0016626969705177
2019-08-02,AXP/V,-0.0,-0.0,0.0,8,0.25,-0.0
2019-08-02,CRM/INTU,0.01403893678671,0.01403893678671,0.0,8,0.25,0.0035097341966775
2019-08-02,ADI/MU,0.0,0.0,0.0,8,0.25,0.0
2019-08-05,CNC/HUM,-0.0009483259619808,-0.0009483259619808,0.0,8,0.25,-0.0002370814904952
2019-08-05,AXP/V,-0.0,-0.0,0.0,8,0.25,-0.0
2019-08-05,CRM/INTU,-0.0062891431823061,-0.0062891431823061,0.0,8,0.25,-0.0015722857955765
2019-08-05,ADI/MU,-0.0,-0.0,0.0,8,0.25,-0.0
2019-08-06,CNC/HUM,-0.0094899737818303,-0.0094899737818303,0.0,8,0.25,-0.0023724934454575
2019-08-06,AXP/V,0.0,0.0,0.0,8,0.25,0.0
2019-08-06,CRM/INTU,0.0108593836230543,0.0108593836230543,0.0,8,0.25,0.0027148459057635
2019-08-06,ADI/MU,0.0,0.0,0.0,8,0.25,0.0
2019-08-07,CNC/HUM,-0.0035696744700231,-0.0035696744700231,0.0,8,0.25,-0.0008924186175057
2019-08-07,AXP/V,0.0,0.0,0.0,8,0.25,0.0
2019-08-07,CRM/INTU,0.0021756892632875,0.0021756892632875,0.0,8,0.25,0.0005439223158218
2019-08-07,ADI/MU,-0.0,-0.0,0.0,8,0.25,-0.0
2019-08-08,CNC/HUM,0.0005140700000885,0.0005140700000885,0.0,8,0.25,0.0001285175000221
2019-08-08,AXP/V,0.0,0.0,0.0,8,0.25,0.0
2019-08-08,CRM/INTU,0.0043459554560922,0.0043459554560922,0.0,8,0.25,0.001086488864023
2019-08-08,ADI/MU,-0.0,-0.0,0.0,8,0.25,-0.0
2019-08-09,CNC/HUM,-0.001,0.0,1.0,8,0.25,-0.00025
2019-08-09,AXP/V,-0.0,-0.0,0.0,8,0.25,-0.0
2019-08-09,CRM/INTU,0.0015766178806252,0.0015766178806252,0.0,8,0.25,0.0003941544701563
2019-08-09,ADI/MU,-0.0,-0.0,0.0,8,0.25,-0.0
2019-08-12,CNC/HUM,0.0,0.0,0.0,8,0.25,0.0
2019-08-12,AXP/V,-0.0,-0.0,0.0,8,0.25,-0.0
2019-08-12,CRM/INTU,0.0044150172580843,0.0044150172580843,0.0,8,0.25,0.001103754314521
2019-08-12,ADI/MU,0.0,0.0,0.0,8,0.25,0.0
2019-08-13,CNC/HUM,0.0,0.0,0.0,8,0.25,0.0
2019-08-13,AXP/V,-0.0,-0.0,0.0,8,0.25,-0.0
2019-08-13,CRM/INTU,-0.0025243405425423,-0.0025243405425423,0.0,8,0.25,-0.0006310851356355
2019-08-13,ADI/MU,0.0,0.0,0.0,8,0.25,0.0
2019-08-14,CNC/HUM,-0.0,-0.0,0.0,8,0.25,-0.0
2019-08-14,AXP/V,-0.0,-0.0,0.0,8,0.25,-0.0
2019-08-14,CRM/INTU,-0.0008866152663885,-0.0008866152663885,0.0,8,0.25,-0.0002216538165971
2019-08-14,ADI/MU,-0.0,-0.0,0.0,8,0.25,-0.0
2019-08-15,CNC/HUM,-0.0,-0.0,0.0,8,0.25,-0.0
2019-08-15,AXP/V,0.0,0.0,0.0,8,0.25,0.0
2019-08-15,CRM/INTU,-0.0089428785628637,-0.0089428785628637,0.0,8,0.25,-0.0022357196407159
2019-08-15,ADI/MU,0.0,0.0,0.0,8,0.25,0.0
2019-08-16,CNC/HUM,0.0,0.0,0.0,8,0.25,0.0
2019-08-16,AXP/V,-0.0,-0.0,0.0,8,0.25,-0.0
2019-08-16,CRM/INTU,-0.0030117240820928,-0.0030117240820928,0.0,8,0.25,-0.0007529310205232
2019-08-16,ADI/MU,0.0,0.0,0.0,8,0.25,0.0
2019-08-19,CNC/HUM,0.0,0.0,0.0,8,0.25,0.0
2019-08-19,AXP/V,0.0,0.0,0.0,8,0.25,0.0
2019-08-19,CRM/INTU,0.0060693475087334,0.0060693475087334,0.0,8,0.25,0.0015173368771833
2019-08-19,ADI/MU,0.0,0.0,0.0,8,0.25,0.0
2019-08-20,CNC/HUM,-0.0,-0.0,0.0,8,0.25,-0.0
2019-08-20,AXP/V,0.0,0.0,0.0,8,0.25,0.0
2019-08-20,CRM/INTU,-0.0095930984676786,-0.0095930984676786,0.0,8,0.25,-0.0023982746169196
2019-08-20,ADI/MU,-0.0,-0.0,0.0,8,0.25,-0.0
2019-08-21,CNC/HUM,0.0,0.0,0.0,8,0.25,0.0
2019-08-21,AXP/V,-0.0027198809318697,-0.0017198809318697,1.0,8,0.25,-0.0006799702329674
2019-08-21,CRM/INTU,-0.001,0.0,1.0,8,0.25,-0.00025
2019-08-21,ADI/MU,0.0,0.0,0.0,8,0.25,0.0
2019-08-22,CNC/HUM,-0.0,-0.0,0.0,8,0.25,-0.0
2019-08-22,AXP/V,0.0019180176393818,0.0019180176393818,0.0,8,0.25,0.0004795044098454
2019-08-22,CRM/INTU,0.0,0.0,0.0,8,0.25,0.0
2019-08-22,ADI/MU,0.0,0.0,0.0,8,0.25,0.0
2019-08-23,CNC/HUM,0.0,0.0,0.0,8,0.25,0.0
2019-08-23,AXP/V,-2.506539088405613e-05,-2.506539088405613e-05,0.0,8,0.25,-6.266347721014032e-06
2019-08-23,CRM/INTU,0.0,0.0,0.0,8,0.25,0.0
2019-08-23,ADI/MU,0.0,0.0,0.0,8,0.25,0.0
2019-08-26,CNC/HUM,-0.0,-0.0,0.0,8,0.25,-0.0
2019-08-26,AXP/V,-0.0050115053257667,-0.0050115053257667,0.0,8,0.25,-0.0012528763314416
2019-08-26,CRM/INTU,0.0,0.0,0.0,8,0.25,0.0
2019-08-26,ADI/MU,-0.0,-0.0,0.0,8,0.25,-0.0
2019-08-27,CNC/HUM,-0.0,-0.0,0.0,8,0.25,-0.0
2019-08-27,AXP/V,-0.0053494791911719,-0.0053494791911719,0.0,8,0.25,-0.0013373697977929
2019-08-27,CRM/INTU,-0.0,-0.0,0.0,8,0.25,-0.0
2019-08-27,ADI/MU,-0.0,-0.0,0.0,8,0.25,-0.0
2019-08-28,CNC/HUM,0.0062802352408043,0.0072802352408043,1.0,8,0.25,0.001570058810201
2019-08-28,AXP/V,0.0038696354350504,0.0038696354350504,0.0,8,0.25,0.0009674088587626
2019-08-28,CRM/INTU,-0.0,-0.0,0.0,8,0.25,-0.0
2019-08-28,ADI/MU,0.0,0.0,0.0,8,0.25,0.0
2019-08-29,CNC/HUM,0.0002172400414195,0.0002172400414195,0.0,8,0.25,5.431001035489764e-05
2019-08-29,AXP/V,-0.002223142789402,-0.002223142789402,0.0,8,0.25,-0.0005557856973505
2019-08-29,CRM/INTU,0.0,0.0,0.0,8,0.25,0.0
2019-08-29,ADI/MU,0.0,0.0,0.0,8,0.25,0.0
2019-08-30,CNC/HUM,0.0063532469799836,0.0063532469799836,0.0,8,0.25,0.0015883117449959
2019-08-30,AXP/V,-0.0001811143629238,-0.0001811143629238,0.0,8,0.25,-4.5278590730960224e-05
2019-08-30,CRM/INTU,-0.0,-0.0,0.0,8,0.25,-0.0
2019-08-30,ADI/MU,0.0,0.0,0.0,8,0.25,0.0
2019-09-03,CNC/HUM,-0.0029079946008882,-0.0029079946008882,0.0,8,0.25,-0.000726998650222
2019-09-03,AXP/V,-0.0045669506636036,-0.0045669506636036,0.0,8,0.25,-0.0011417376659009
2019-09-03,CRM/INTU,-0.0,-0.0,0.0,8,0.25,-0.0
2019-09-03,ADI/MU,0.0,0.0,0.0,8,0.25,0.0
2019-09-04,CNC/HUM,-0.0102665416698365,-0.0102665416698365,0.0,8,0.25,-0.0025666354174591
2019-09-04,AXP/V,-0.0053978625746596,-0.0053978625746596,0.0,8,0.25,-0.0013494656436649
2019-09-04,CRM/INTU,-0.0,-0.0,0.0,8,0.25,-0.0
2019-09-04,ADI/MU,0.0,0.0,0.0,8,0.25,0.0
2019-09-05,CNC/HUM,-0.002821269877329,-0.002821269877329,0.0,8,0.25,-0.0007053174693322
2019-09-05,AXP/V,-0.0012778607247241,-0.0012778607247241,0.0,8,0.25,-0.000319465181181
2019-09-05,CRM/INTU,-0.0,-0.0,0.0,8,0.25,-0.0
2019-09-05,ADI/MU,0.0,0.0,0.0,8,0.25,0.0
2019-09-06,CNC/HUM,-0.0009420408060166,-0.0009420408060166,0.0,8,0.25,-0.0002355102015041
2019-09-06,AXP/V,-0.0048359699657011,-0.0048359699657011,0.0,8,0.25,-0.0012089924914252
2019-09-06,CRM/INTU,-0.0,-0.0,0.0,8,0.25,-0.0
2019-09-06,ADI/MU,0.0,0.0,0.0,8,0.25,0.0
2019-09-09,CNC/HUM,0.0025928628614633,0.0025928628614633,0.0,8,0.25,0.0006482157153658
2019-09-09,AXP/V,0.012030984167894,0.012030984167894,0.0,8,0.25,0.0030077460419735
2019-09-09,CRM/INTU,0.0,0.0,0.0,8,0.25,0.0
2019-09-09,ADI/MU,0.0,0.0,0.0,8,0.25,0.0
2019-09-10,CNC/HUM,-0.0054261292821857,-0.0054261292821857,0.0,8,0.25,-0.0013565323205464
2019-09-10,AXP/V,0.0072640831688245,0.0072640831688245,0.0,8,0.25,0.0018160207922061
2019-09-10,CRM/INTU,0.0,0.0,0.0,8,0.25,0.0
2019-09-10,ADI/MU,-0.0,-0.0,0.0,8,0.25,-0.0
2019-09-11,CNC/HUM,0.0038123072911974,0.0038123072911974,0.0,8,0.25,0.0009530768227993
2019-09-11,AXP/V,0.006968298621757,0.006968298621757,0.0,8,0.25,0.0017420746554392
2019-09-11,CRM/INTU,0.0,0.0,0.0,8,0.25,0.0
2019-09-11,ADI/MU,0.0,0.0,0.0,8,0.25,0.0
2019-09-12,CNC/HUM,-0.0057527555433128,-0.0057527555433128,0.0,8,0.25,-0.0014381888858282
2019-09-12,AXP/V,-0.006210758363606,-0.006210758363606,0.0,8,0.25,-0.0015526895909015
2019-09-12,CRM/INTU,-5.363503822639407e-06,0.0009946364961773,1.0,8,0.25,-1.3408759556598517e-06
2019-09-12,ADI/MU,-0.0,-0.0,0.0,8,0.25,-0.0
2019-09-13,CNC/HUM,0.011352041466105,0.011352041466105,0.0,8,0.25,0.0028380103665262
2019-09-13,AXP/V,0.0029392713843233,0.0029392713843233,0.0,8,0.25,0.0007348178460808
2019-09-13,CRM/INTU,0.0016358801080376,0.0016358801080376,0.0,8,0.25,0.0004089700270094
2019-09-13,ADI/MU,-0.0,-0.0,0.0,8,0.25,-0.0
2019-09-16,CNC/HUM,0.0029766914709528,0.0029766914709528,0.0,8,0.25,0.0007441728677382
2019-09-16,AXP/V,-0.0017714823125199,-0.0017714823125199,0.0,8,0.25,-0.0004428705781299
2019-09-16,CRM/INTU,0.0008641691210535,0.0008641691210535,0.0,8,0.25,0.0002160422802633
2019-09-16,ADI/MU,0.0,0.0,0.0,8,0.25,0.0
2019-09-17,CNC/HUM,-0.0062037222394983,-0.0062037222394983,0.0,8,0.25,-0.0015509305598745
2019-09-17,AXP/V,0.0039639032451675,0.0039639032451675,0.0,8,0.25,0.0009909758112918
2019-09-17,CRM/INTU,0.0051196576170215,0.0051196576170215,0.0,8,0.25,0.0012799144042553
2019-09-17,ADI/MU,0.0,0.0,0.0,8,0.25,0.0
2019-09-18,CNC/HUM,-0.0049958184906694,-0.0049958184906694,0.0,8,0.25,-0.0012489546226673
2019-09-18,AXP/V,-0.001,-0.0,1.0,8,0.25,-0.00025
2019-09-18,CRM/INTU,-0.0002475400468515,-0.0002475400468515,0.0,8,0.25,-6.188501171289123e-05
2019-09-18,ADI/MU,-0.0,-0.0,0.0,8,0.25,-0.0
2019-09-19,CNC/HUM,0.0091718918924658,0.0091718918924658,0.0,8,0.25,0.0022929729731164
2019-09-19,AXP/V,0.0,0.0,0.0,8,0.25,0.0
2019-09-19,CRM/INTU,-0.000278704013485,-0.000278704013485,0.0,8,0.25,-6.967600337125912e-05
2019-09-19,ADI/MU,-0.0,-0.0,0.0,8,0.25,-0.0
2019-09-20,CNC/HUM,-0.0021897297976766,-0.0021897297976766,0.0,8,0.25,-0.0005474324494191
2019-09-20,AXP/V,-0.0,-0.0,0.0,8,0.25,-0.0
2019-09-20,CRM/INTU,-0.0072676548977723,-0.0072676548977723,0.0,8,0.25,-0.001816913724443
2019-09-20,ADI/MU,-0.0,-0.0,0.0,8,0.25,-0.0
2019-09-23,CNC/HUM,4.693113307781128e-05,4.693113307781128e-05,0.0,8,0.25,1.173278326945282e-05
2019-09-23,AXP/V,-0.0,-0.0,0.0,8,0.25,-0.0
2019-09-23,CRM/INTU,0.0017268528007528,0.0017268528007528,0.0,8,0.25,0.0004317132001882
2019-09-23,ADI/MU,0.0,0.0,0.0,8,0.25,0.0
2019-09-24,CNC/HUM,-0.000870634540604,-0.000870634540604,0.0,8,0.25,-0.000217658635151
2019-09-24,AXP/V,-0.0,-0.0,0.0,8,0.25,-0.0
2019-09-24,CRM/INTU,0.0029022917866496,0.0029022917866496,0.0,8,0.25,0.0007255729466624
2019-09-24,ADI/MU,0.0,0.0,0.0,8,0.25,0.0
2019-09-25,CNC/HUM,-0.001,-0.0,1.0,8,0.25,-0.00025
2019-09-25,AXP/V,-0.0,-0.0,0.0,8,0.25,-0.0
2019-09-25,CRM/INTU,-0.0009412950443453,-0.0009412950443453,0.0,8,0.25,-0.0002353237610863
2019-09-25,ADI/MU,0.0,0.0,0.0,8,0.25,0.0
2019-09-26,CNC/HUM,0.0,0.0,0.0,8,0.25,0.0
2019-09-26,AXP/V,0.0,0.0,0.0,8,0.25,0.0
2019-09-26,CRM/INTU,0.007743129108223,0.007743129108223,0.0,8,0.25,0.0019357822770557
2019-09-26,ADI/MU,-0.0,-0.0,0.0,8,0.25,-0.0
2019-09-27,CNC/HUM,-0.0,-0.0,0.0,8,0.25,-0.0
2019-09-27,AXP/V,-0.0,-0.0,0.0,8,0.25,-0.0
2019-09-27,CRM/INTU,0.0048067119928716,0.0048067119928716,0.0,8,0.25,0.0012016779982179
2019-09-27,ADI/MU,-0.0,-0.0,0.0,8,0.25,-0.0
2019-09-30,CNC/HUM,-0.0,-0.0,0.0,8,0.25,-0.0
2019-09-30,AXP/V,-0.0,-0.0,0.0,8,0.25,-0.0
2019-09-30,CRM/INTU,0.0038110338593773,0.0038110338593773,0.0,8,0.25,0.0009527584648443
2019-09-30,ADI/MU,-0.0,-0.0,0.0,8,0.25,-0.0
2019-10-01,CNC/HUM,0.0,0.0,0.0,8,0.25,0.0
2019-10-01,AXP/V,0.0,0.0,0.0,8,0.25,0.0
2019-10-01,CRM/INTU,0.0002227482086353,0.0002227482086353,0.0,8,0.25,5.568705215883493e-05
2019-10-01,ADI/MU,0.0015408467943306,0.0025408467943306,1.0,8,0.25,0.0003852116985826
2019-10-02,CNC/HUM,0.0,0.0,0.0,8,0.25,0.0
2019-10-02,AXP/V,-0.0,-0.0,0.0,8,0.25,-0.0
2019-10-02,CRM/INTU,0.0071163844964735,0.0071163844964735,0.0,8,0.25,0.0017790961241183
2019-10-02,ADI/MU,1.8591967030908463e-05,1.8591967030908463e-05,0.0,8,0.25,4.647991757727116e-06
2019-10-03,CNC/HUM,-0.0,-0.0,0.0,8,0.25,-0.0
2019-10-03,AXP/V,0.0,0.0,0.0,8,0.25,0.0
2019-10-03,CRM/INTU,-0.006770906751331,-0.006770906751331,0.0,8,0.25,-0.0016927266878327
2019-10-03,ADI/MU,0.0085211579190858,0.0085211579190858,0.0,8,0.25,0.0021302894797714
2019-10-04,CNC/HUM,0.0,0.0,0.0,9,0.25,0.0
2019-10-04,AMZN/GOOGL,0.0,0.0,0.0,9,0.25,0.0
2019-10-04,INTU/NOW,-0.0,-0.0,0.0,9,0.25,-0.0
2019-10-04,EFA/VEA,0.0,0.0,0.0,9,0.25,0.0
2019-10-07,CNC/HUM,-0.0,-0.0,0.0,9,0.25,-0.0
2019-10-07,AMZN/GOOGL,0.0,0.0,0.0,9,0.25,0.0
2019-10-07,INTU/NOW,-0.0,-0.0,0.0,9,0.25,-0.0
2019-10-07,EFA/VEA,0.0,0.0,0.0,9,0.25,0.0
2019-10-08,CNC/HUM,0.0,0.0,0.0,9,0.25,0.0
2019-10-08,AMZN/GOOGL,-0.0,-0.0,0.0,9,0.25,-0.0
2019-10-08,INTU/NOW,-0.0,-0.0,0.0,9,0.25,-0.0
2019-10-08,EFA/VEA,0.0,0.0,0.0,9,0.25,0.0
2019-10-09,CNC/HUM,-0.0,-0.0,0.0,9,0.25,-0.0
2019-10-09,AMZN/GOOGL,0.0,0.0,0.0,9,0.25,0.0
2019-10-09,INTU/NOW,0.0,0.0,0.0,9,0.25,0.0
2019-10-09,EFA/VEA,-0.0,-0.0,0.0,9,0.25,-0.0
2019-10-10,CNC/HUM,0.0,0.0,0.0,9,0.25,0.0
2019-10-10,AMZN/GOOGL,0.0,0.0,0.0,9,0.25,0.0
2019-10-10,INTU/NOW,0.0,0.0,0.0,9,0.25,0.0
2019-10-10,EFA/VEA,0.0,0.0,0.0,9,0.25,0.0
2019-10-11,CNC/HUM,0.0,0.0,0.0,9,0.25,0.0
2019-10-11,AMZN/GOOGL,0.0,0.0,0.0,9,0.25,0.0
2019-10-11,INTU/NOW,-0.0,-0.0,0.0,9,0.25,-0.0
2019-10-11,EFA/VEA,0.0,0.0,0.0,9,0.25,0.0
2019-10-14,CNC/HUM,0.0013588296830837,0.0023588296830837,1.0,9,0.25,0.0003397074207709
2019-10-14,AMZN/GOOGL,0.0,0.0,0.0,9,0.25,0.0
2019-10-14,INTU/NOW,-0.0,-0.0,0.0,9,0.25,-0.0
2019-10-14,EFA/VEA,-0.0,-0.0,0.0,9,0.25,-0.0
2019-10-15,CNC/HUM,-0.0195605637391144,-0.0195605637391144,0.0,9,0.25,-0.0048901409347786
2019-10-15,AMZN/GOOGL,0.0,0.0,0.0,9,0.25,0.0
2019-10-15,INTU/NOW,0.0,0.0,0.0,9,0.25,0.0
2019-10-15,EFA/VEA,0.0,0.0,0.0,9,0.25,0.0
2019-10-16,CNC/HUM,0.0055851078604508,0.0055851078604508,0.0,9,0.25,0.0013962769651127
2019-10-16,AMZN/GOOGL,-0.0,-0.0,0.0,9,0.25,-0.0
2019-10-16,INTU/NOW,0.0,0.0,0.0,9,0.25,0.0
2019-10-16,EFA/VEA,0.0,0.0,0.0,9,0.25,0.0
2019-10-17,CNC/HUM,-0.0099804206709578,-0.0099804206709578,0.0,9,0.25,-0.0024951051677394
2019-10-17,AMZN/GOOGL,0.0,0.0,0.0,9,0.25,0.0
2019-10-17,INTU/NOW,0.0049823998435084,0.0059823998435084,1.0,9,0.25,0.0012455999608771
2019-10-17,EFA/VEA,-0.0,-0.0,0.0,9,0.25,-0.0
2019-10-18,CNC/HUM,-0.0106445726789052,-0.0106445726789052,0.0,9,0.25,-0.0026611431697263
2019-10-18,AMZN/GOOGL,0.0,0.0,0.0,9,0.25,0.0
2019-10-18,INTU/NOW,-0.0053745240407515,-0.0053745240407515,0.0,9,0.25,-0.0013436310101878
2019-10-18,EFA/VEA,0.0,0.0,0.0,9,0.25,0.0
2019-10-21,CNC/HUM,-0.0042597940693052,-0.0042597940693052,0.0,9,0.25,-0.0010649485173263
2019-10-21,AMZN/GOOGL,-0.0,-0.0,0.0,9,0.25,-0.0
2019-10-21,INTU/NOW,-0.002306988259565,-0.002306988259565,0.0,9,0.25,-0.0005767470648912
2019-10-21,EFA/VEA,-0.0,-0.0,0.0,9,0.25,-0.0
2019-10-22,CNC/HUM,0.0178889512390426,0.0178889512390426,0.0,9,0.25,0.0044722378097606
2019-10-22,AMZN/GOOGL,0.0,0.0,0.0,9,0.25,0.0
2019-10-22,INTU/NOW,0.004181782525367,0.004181782525367,0.0,9,0.25,0.0010454456313417
2019-10-22,EFA/VEA,0.0,0.0,0.0,9,0.25,0.0
2019-10-23,CNC/HUM,-0.0029723874379304,-0.0029723874379304,0.0,9,0.25,-0.0007430968594826
2019-10-23,AMZN/GOOGL,0.0,0.0,0.0,9,0.25,0.0
2019-10-23,INTU/NOW,-0.0194062826196969,-0.0194062826196969,0.0,9,0.25,-0.0048515706549242
2019-10-23,EFA/VEA,0.0,0.0,0.0,9,0.25,0.0
2019-10-24,CNC/HUM,0.0019889346366043,0.0019889346366043,0.0,9,0.25,0.000497233659151
2019-10-24,AMZN/GOOGL,-0.0,-0.0,0.0,9,0.25,-0.0
2019-10-24,INTU/NOW,0.0202473749213853,0.0202473749213853,0.0,9,0.25,0.0050618437303463
2019-10-24,EFA/VEA,0.0,0.0,0.0,9,0.25,0.0
2019-10-25,CNC/HUM,0.0013846607491256,0.0013846607491256,0.0,9,0.25,0.0003461651872814
2019-10-25,AMZN/GOOGL,0.0,0.0,0.0,9,0.25,0.0
2019-10-25,INTU/NOW,0.0080871813249216,0.0080871813249216,0.0,9,0.25,0.0020217953312304
2019-10-25,EFA/VEA,0.0,0.0,0.0,9,0.25,0.0
2019-10-28,CNC/HUM,7.522776469685066e-05,7.522776469685066e-05,0.0,9,0.25,1.8806941174212665e-05
2019-10-28,AMZN/GOOGL,0.0,0.0,0.0,9,0.25,0.0
2019-10-28,INTU/NOW,0.0025422713446979,0.0025422713446979,0.0,9,0.25,0.0006355678361744
2019-10-28,EFA/VEA,-0.0,-0.0,0.0,9,0.25,-0.0
2019-10-29,CNC/HUM,-0.0039746804730904,-0.0039746804730904,0.0,9,0.25,-0.0009936701182726
2019-10-29,AMZN/GOOGL,-0.0,-0.0,0.0,9,0.25,-0.0
2019-10-29,INTU/NOW,-0.0048043742992872,-0.0048043742992872,0.0,9,0.25,-0.0012010935748218
2019-10-29,EFA/VEA,0.0,0.0,0.0,9,0.25,0.0
2019-10-30,CNC/HUM,0.0343714700004996,0.0343714700004996,0.0,9,0.25,0.0085928675001249
2019-10-30,AMZN/GOOGL,-0.0,-0.0,0.0,9,0.25,-0.0
2019-10-30,INTU/NOW,0.0080387740243547,0.0080387740243547,0.0,9,0.25,0.0020096935060886
2019-10-30,EFA/VEA,0.0,0.0,0.0,9,0.25,0.0
2019-10-31,CNC/HUM,-0.0065282581337486,-0.0065282581337486,0.0,9,0.25,-0.0016320645334371
2019-10-31,AMZN/GOOGL,-0.0,-0.0,0.0,9,0.25,-0.0
2019-10-31,INTU/NOW,0.003401105500525,0.003401105500525,0.0,9,0.25,0.0008502763751312
2019-10-31,EFA/VEA,0.0,0.0,0.0,9,0.25,0.0
2019-11-01,CNC/HUM,-0.0108433011818329,-0.0108433011818329,0.0,9,0.25,-0.0027108252954582
2019-11-01,AMZN/GOOGL,0.0,0.0,0.0,9,0.25,0.0
2019-11-01,INTU/NOW,0.0105485750655034,0.0105485750655034,0.0,9,0.25,0.0026371437663758
2019-11-01,EFA/VEA,-0.0,-0.0,0.0,9,0.25,-0.0
2019-11-04,CNC/HUM,-0.0046319456056856,-0.0046319456056856,0.0,9,0.25,-0.0011579864014214
2019-11-04,AMZN/GOOGL,0.0,0.0,0.0,9,0.25,0.0
2019-11-04,INTU/NOW,-0.0034321846394607,-0.0034321846394607,0.0,9,0.25,-0.0008580461598651
2019-11-04,EFA/VEA,-0.0,-0.0,0.0,9,0.25,-0.0
2019-11-05,CNC/HUM,0.005707364739796,0.005707364739796,0.0,9,0.25,0.001426841184949
2019-11-05,AMZN/GOOGL,0.0,0.0,0.0,9,0.25,0.0
2019-11-05,INTU/NOW,-0.0030764618189387,-0.0030764618189387,0.0,9,0.25,-0.0007691154547346
2019-11-05,EFA/VEA,-0.0,-0.0,0.0,9,0.25,-0.0
2019-11-06,CNC/HUM,-0.0290673165000273,-0.0290673165000273,0.0,9,0.25,-0.0072668291250068
2019-11-06,AMZN/GOOGL,0.0,0.0,0.0,9,0.25,0.0
2019-11-06,INTU/NOW,-0.0013927091087305,-0.0013927091087305,0.0,9,0.25,-0.0003481772771826
2019-11-06,EFA/VEA,-0.0007498127381173,0.0002501872618826,1.0,9,0.25,-0.0001874531845293
2019-11-07,CNC/HUM,-0.0049751627285544,-0.0049751627285544,0.0,9,0.25,-0.0012437906821386
2019-11-07,AMZN/GOOGL,0.0,0.0,0.0,9,0.25,0.0
2019-11-07,INTU/NOW,-0.0161322574773385,-0.0161322574773385,0.0,9,0.25,-0.0040330643693346
2019-11-07,EFA/VEA,-0.0006975419800654,-0.0006975419800654,0.0,9,0.25,-0.0001743854950163
2019-11-08,CNC/HUM,-0.001,-0.0,1.0,9,0.25,-0.00025
2019-11-08,AMZN/GOOGL,0.0,0.0,0.0,9,0.25,0.0
2019-11-08,INTU/NOW,0.0170052699502614,0.0170052699502614,0.0,9,0.25,0.0042513174875653
2019-11-08,EFA/VEA,0.000759480097948,0.000759480097948,0.0,9,0.25,0.000189870024487
2019-11-11,CNC/HUM,0.0,0.0,0.0,9,0.25,0.0
2019-11-11,AMZN/GOOGL,-0.0,-0.0,0.0,9,0.25,-0.0
2019-11-11,INTU/NOW,-0.0029038015434738,-0.0029038015434738,0.0,9,0.25,-0.0007259503858684
2019-11-11,EFA/VEA,-0.0001860097993785,-0.0001860097993785,0.0,9,0.25,-4.650244984463319e-05
2019-11-12,CNC/HUM,-0.0,-0.0,0.0,9,0.25,-0.0
2019-11-12,AMZN/GOOGL,-0.0,-0.0,0.0,9,0.25,-0.0
2019-11-12,INTU/NOW,0.0004142179914377,0.0004142179914377,0.0,9,0.25,0.0001035544978594
2019-11-12,EFA/VEA,0.0001010282344093,0.0001010282344093,0.0,9,0.25,2.5257058602348145e-05
2019-11-13,CNC/HUM,-0.0,-0.0,0.0,9,0.25,-0.0
2019-11-13,AMZN/GOOGL,0.0,0.0,0.0,9,0.25,0.0
2019-11-13,INTU/NOW,-0.001,0.0,1.0,9,0.25,-0.00025
2019-11-13,EFA/VEA,-0.0001071320283312,-0.0001071320283312,0.0,9,0.25,-2.678300708281241e-05
2019-11-14,CNC/HUM,0.0,0.0,0.0,9,0.25,0.0
2019-11-14,AMZN/GOOGL,0.0,0.0,0.0,9,0.25,0.0
2019-11-14,INTU/NOW,0.0,0.0,0.0,9,0.25,0.0
2019-11-14,EFA/VEA,-0.0010340617264328,-0.0010340617264328,0.0,9,0.25,-0.0002585154316082
2019-11-15,CNC/HUM,0.0,0.0,0.0,9,0.25,0.0
2019-11-15,AMZN/GOOGL,0.0,0.0,0.0,9,0.25,0.0
2019-11-15,INTU/NOW,-0.0,-0.0,0.0,9,0.25,-0.0
2019-11-15,EFA/VEA,9.285083765054144e-05,9.285083765054144e-05,0.0,9,0.25,2.321270941263536e-05
2019-11-18,CNC/HUM,-0.0,-0.0,0.0,9,0.25,-0.0
2019-11-18,AMZN/GOOGL,0.0082330111210785,0.0092330111210785,1.0,9,0.25,0.0020582527802696
2019-11-18,INTU/NOW,-0.0,-0.0,0.0,9,0.25,-0.0
2019-11-18,EFA/VEA,-1.8060014877626883e-06,-1.8060014877626883e-06,0.0,9,0.25,-4.5150037194067213e-07
2019-11-19,CNC/HUM,0.0,0.0,0.0,9,0.25,0.0
2019-11-19,AMZN/GOOGL,0.0034894083883794,0.0034894083883794,0.0,9,0.25,0.0008723520970948
2019-11-19,INTU/NOW,-0.0,-0.0,0.0,9,0.25,-0.0
2019-11-19,EFA/VEA,0.0002788041753856,0.0002788041753856,0.0,9,0.25,6.970104384642206e-05
2019-11-20,CNC/HUM,0.0,0.0,0.0,9,0.25,0.0
2019-11-20,AMZN/GOOGL,0.0035580572713945,0.0035580572713945,0.0,9,0.25,0.0008895143178486
2019-11-20,INTU/NOW,-0.0,-0.0,0.0,9,0.25,-0.0
2019-11-20,EFA/VEA,-9.091931917664346e-05,-9.091931917664346e-05,0.0,9,0.25,-2.2729829794160862e-05
2019-11-21,CNC/HUM,-0.0,-0.0,0.0,9,0.25,-0.0
2019-11-21,AMZN/GOOGL,-0.0014960680755535,-0.0014960680755535,0.0,9,0.25,-0.0003740170188883
2019-11-21,INTU/NOW,-0.0,-0.0,0.0,9,0.25,-0.0
2019-11-21,EFA/VEA,4.652490417902969e-05,4.652490417902969e-05,0.0,9,0.25,1.1631226044757422e-05
2019-11-22,CNC/HUM,0.0,0.0,0.0,9,0.25,0.0
2019-11-22,AMZN/GOOGL,0.0054898066044843,0.0054898066044843,0.0,9,0.25,0.001372451651121
2019-11-22,INTU/NOW,-0.0,-0.0,0.0,9,0.25,-0.0
2019-11-22,EFA/VEA,0.0008041859523313,0.0008041859523313,0.0,9,0.25,0.0002010464880828
2019-11-25,CNC/HUM,0.0,0.0,0.0,9,0.25,0.0
2019-11-25,AMZN/GOOGL,0.0002396780025506,0.0002396780025506,0.0,9,0.25,5.991950063765149e-05
2019-11-25,INTU/NOW,-0.0077468306177728,-0.0067468306177728,1.0,9,0.25,-0.0019367076544432
2019-11-25,EFA/VEA,6.748128980687327e-05,6.748128980687327e-05,0.0,9,0.25,1.6870322451718317e-05
2019-11-26,CNC/HUM,0.0,0.0,0.0,9,0.25,0.0
2019-11-26,AMZN/GOOGL,0.0013415397311584,0.0013415397311584,0.0,9,0.25,0.0003353849327896
2019-11-26,INTU/NOW,0.0239398319665284,0.0239398319665284,0.0,9,0.25,0.0059849579916321
2019-11-26,EFA/VEA,-0.0006397769615487,-0.0006397769615487,0.0,9,0.25,-0.0001599442403871
2019-11-27,CNC/HUM,-0.0,-0.0,0.0,9,0.25,-0.0
2019-11-27,AMZN/GOOGL,0.004900199943277,0.004900199943277,0.0,9,0.25,0.0012250499858192
2019-11-27,INTU/NOW,-0.0122495631713492,-0.0122495631713492,0.0,9,0.25,-0.0030623907928373
2019-11-27,EFA/VEA,-9.294553792606564e-05,-9.294553792606564e-05,0.0,9,0.25,-2.323638448151641e-05
2019-11-29,CNC/HUM,-0.0,-0.0,0.0,9,0.25,-0.0
2019-11-29,AMZN/GOOGL,0.0002096316153683,0.0002096316153683,0.0,9,0.25,5.240790384209775e-05
2019-11-29,INTU/NOW,-0.0103844913788897,-0.0103844913788897,0.0,9,0.25,-0.0025961228447224
2019-11-29,EFA/VEA,0.000362555712794,0.000362555712794,0.0,9,0.25,9.063892819851068e-05
2019-12-02,CNC/HUM,-0.0,-0.0,0.0,9,0.25,-0.0
2019-12-02,AMZN/GOOGL,0.0033522404535952,0.0033522404535952,0.0,9,0.25,0.0008380601133988
2019-12-02,INTU/NOW,0.0006025118882662,0.0006025118882662,0.0,9,0.25,0.0001506279720665
2019-12-02,EFA/VEA,-0.0003247926112599,-0.0003247926112599,0.0,9,0.25,-8.119815281498411e-05
2019-12-03,CNC/HUM,0.0,0.0,0.0,9,0.25,0.0
2019-12-03,AMZN/GOOGL,-0.0052962969851011,-0.0052962969851011,0.0,9,0.25,-0.0013240742462752
2019-12-03,INTU/NOW,-0.0094682462044838,-0.0094682462044838,0.0,9,0.25,-0.0023670615511209
2019-12-03,EFA/VEA,5.134851356494867e-05,5.134851356494867e-05,0.0,9,0.25,1.2837128391237167e-05
2019-12-04,CNC/HUM,0.0,0.0,0.0,9,0.25,0.0
2019-12-04,AMZN/GOOGL,-0.0136797419897696,-0.0136797419897696,0.0,9,0.25,-0.0034199354974424
2019-12-04,INTU/NOW,0.0076600436153304,0.0076600436153304,0.0,9,0.25,0.0019150109038326
2019-12-04,EFA/VEA,-0.001,0.0,1.0,9,0.25,-0.00025
2019-12-05,CNC/HUM,0.0,0.0,0.0,9,0.25,0.0
2019-12-05,AMZN/GOOGL,-0.0080936597380244,-0.0080936597380244,0.0,9,0.25,-0.0020234149345061
2019-12-05,INTU/NOW,-0.0004334217512743,-0.0004334217512743,0.0,9,0.25,-0.0001083554378185
2019-12-05,EFA/VEA,-0.0,-0.0,0.0,9,0.25,-0.0
2019-12-06,CNC/HUM,-0.0,-0.0,0.0,9,0.25,-0.0
2019-12-06,AMZN/GOOGL,-0.0034863382642518,-0.0034863382642518,0.0,9,0.25,-0.0008715845660629
2019-12-06,INTU/NOW,0.0076568197921912,0.0076568197921912,0.0,9,0.25,0.0019142049480478
2019-12-06,EFA/VEA,0.0,0.0,0.0,9,0.25,0.0
2019-12-09,CNC/HUM,0.0,0.0,0.0,9,0.25,0.0
2019-12-09,AMZN/GOOGL,-0.0021290389196603,-0.0021290389196603,0.0,9,0.25,-0.000532259729915
2019-12-09,INTU/NOW,0.001761941944438,0.001761941944438,0.0,9,0.25,0.0004404854861095
2019-12-09,EFA/VEA,0.0,0.0,0.0,9,0.25,0.0
2019-12-10,CNC/HUM,0.0,0.0,0.0,9,0.25,0.0
2019-12-10,AMZN/GOOGL,-0.0021569811024405,-0.0021569811024405,0.0,9,0.25,-0.0005392452756101
2019-12-10,INTU/NOW,-0.0054701947471808,-0.0054701947471808,0.0,9,0.25,-0.0013675486867952
2019-12-10,EFA/VEA,-0.0,-0.0,0.0,9,0.25,-0.0
2019-12-11,CNC/HUM,0.0,0.0,0.0,9,0.25,0.0
2019-12-11,AMZN/GOOGL,0.0014149873241758,0.0014149873241758,0.0,9,0.25,0.0003537468310439
2019-12-11,INTU/NOW,-0.0017582899352113,-0.0017582899352113,0.0,9,0.25,-0.0004395724838028
2019-12-11,EFA/VEA,-0.0,-0.0,0.0,9,0.25,-0.0
2019-12-12,CNC/HUM,0.0,0.0,0.0,9,0.25,0.0
2019-12-12,AMZN/GOOGL,0.0005165212829689,0.0005165212829689,0.0,9,0.25,0.0001291303207422
2019-12-12,INTU/NOW,0.0042966709903244,0.0042966709903244,0.0,9,0.25,0.0010741677475811
2019-12-12,EFA/VEA,-0.0,-0.0,0.0,9,0.25,-0.0
2019-12-13,CNC/HUM,0.0,0.0,0.0,9,0.25,0.0
2019-12-13,AMZN/GOOGL,0.0008809768994228,0.0008809768994228,0.0,9,0.25,0.0002202442248557
2019-12-13,INTU/NOW,0.0091753726488925,0.0091753726488925,0.0,9,0.25,0.0022938431622231
2019-12-13,EFA/VEA,0.0,0.0,0.0,9,0.25,0.0
2019-12-16,CNC/HUM,-0.0085459392961587,-0.0075459392961587,1.0,9,0.25,-0.0021364848240396
2019-12-16,AMZN/GOOGL,-0.001,0.0,1.0,9,0.25,-0.00025
2019-12-16,INTU/NOW,-0.000710365651658,-0.000710365651658,0.0,9,0.25,-0.0001775914129145
2019-12-16,EFA/VEA,0.0,0.0,0.0,9,0.25,0.0
2019-12-17,CNC/HUM,-0.0034456018220691,-0.0034456018220691,0.0,9,0.25,-0.0008614004555172
2019-12-17,AMZN/GOOGL,-0.0,-0.0,0.0,9,0.25,-0.0
2019-12-17,INTU/NOW,-0.0012321977429815,-0.0012321977429815,0.0,9,0.25,-0.0003080494357453
2019-12-17,EFA/VEA,-0.0,-0.0,0.0,9,0.25,-0.0
2019-12-18,CNC/HUM,0.002831523638307,0.002831523638307,0.0,9,0.25,0.0007078809095767
2019-12-18,AMZN/GOOGL,0.0,0.0,0.0,9,0.25,0.0
2019-12-18,INTU/NOW,0.0056197849456709,0.0056197849456709,0.0,9,0.25,0.0014049462364177
2019-12-18,EFA/VEA,-0.0003952966952145,0.0006047033047854,1.0,9,0.25,-9.882417380363442e-05
2019-12-19,CNC/HUM,0.0128307079629974,0.0128307079629974,0.0,9,0.25,0.0032076769907493
2019-12-19,AMZN/GOOGL,0.0,0.0,0.0,9,0.25,0.0
2019-12-19,INTU/NOW,0.0009268398912887,0.0009268398912887,0.0,9,0.25,0.0002317099728221
2019-12-19,EFA/VEA,-0.000456065530277,-0.000456065530277,0.0,9,0.25,-0.0001140163825692
2019-12-20,CNC/HUM,-0.005061931689072,-0.005061931689072,0.0,9,0.25,-0.001265482922268
2019-12-20,AMZN/GOOGL,-0.0,-0.0,0.0,9,0.25,-0.0
2019-12-20,INTU/NOW,0.0027661982458466,0.0027661982458466,0.0,9,0.25,0.0006915495614616
2019-12-20,EFA/VEA,-0.0004375838157047,-0.0004375838157047,0.0,9,0.25,-0.0001093959539261
2019-12-23,CNC/HUM,0.0076565952122364,0.0076565952122364,0.0,9,0.25,0.0019141488030591
2019-12-23,AMZN/GOOGL,-0.0,-0.0,0.0,9,0.25,-0.0
2019-12-23,INTU/NOW,-0.001,-0.0,1.0,9,0.25,-0.00025
2019-12-23,EFA/VEA,0.0001010676804732,0.0001010676804732,0.0,9,0.25,2.526692011830239e-05
2019-12-24,CNC/HUM,0.0009970257222178,0.0009970257222178,0.0,9,0.25,0.0002492564305544
2019-12-24,AMZN/GOOGL,-0.0,-0.0,0.0,9,0.25,-0.0
2019-12-24,INTU/NOW,-0.0,-0.0,0.0,9,0.25,-0.0
2019-12-24,EFA/VEA,-4.339916875367021e-05,-4.339916875367021e-05,0.0,9,0.25,-1.0849792188417552e-05
2019-12-26,CNC/HUM,-0.0011358318482637,-0.0011358318482637,0.0,9,0.25,-0.0002839579620659
2019-12-26,AMZN/GOOGL,-0.0,-0.0,0.0,9,0.25,-0.0
2019-12-26,INTU/NOW,0.0,0.0,0.0,9,0.25,0.0
2019-12-26,EFA/VEA,-0.0001412557002963,-0.0001412557002963,0.0,9,0.25,-3.531392507409701e-05
2019-12-27,CNC/HUM,-0.0008594022097085,-0.0008594022097085,0.0,9,0.25,-0.0002148505524271
2019-12-27,AMZN/GOOGL,-0.0,-0.0,0.0,9,0.25,-0.0
2019-12-27,INTU/NOW,-0.0,-0.0,0.0,9,0.25,-0.0
2019-12-27,EFA/VEA,-0.000512889306858,-0.000512889306858,0.0,9,0.25,-0.0001282223267145
2019-12-30,CNC/HUM,0.0009018579913742,0.0009018579913742,0.0,9,0.25,0.0002254644978435
2019-12-30,AMZN/GOOGL,-0.0,-0.0,0.0,9,0.25,-0.0
2019-12-30,INTU/NOW,-0.0,-0.0,0.0,9,0.25,-0.0
2019-12-30,EFA/VEA,-6.648334994530981e-05,-6.648334994530981e-05,0.0,9,0.25,-1.6620837486327453e-05
2019-12-31,CNC/HUM,0.0011042597307219,0.0011042597307219,0.0,9,0.25,0.0002760649326804
2019-12-31,AMZN/GOOGL,-0.0,-0.0,0.0,9,0.25,-0.0
2019-12-31,INTU/NOW,-0.0,-0.0,0.0,9,0.25,-0.0
2019-12-31,EFA/VEA,-0.0004524391074685,-0.0004524391074685,0.0,9,0.25,-0.0001131097768671
2020-01-02,CNC/HUM,-0.0003452618758864,-0.0003452618758864,0.0,9,0.25,-8.631546897162015e-05
2020-01-02,AMZN/GOOGL,0.0,0.0,0.0,9,0.25,0.0
2020-01-02,INTU/NOW,0.0,0.0,0.0,9,0.25,0.0
2020-01-02,EFA/VEA,0.0009040060511325,0.0009040060511325,0.0,9,0.25,0.0002260015127831
2020-01-03,CNC/HUM,-0.0071602725979058,-0.0071602725979058,0.0,9,0.25,-0.0017900681494764
2020-01-03,AMZN/GOOGL,0.0,0.0,0.0,9,0.25,0.0
2020-01-03,INTU/NOW,-0.0,-0.0,0.0,9,0.25,-0.0
2020-01-03,EFA/VEA,-5.449820704147997e-05,-5.449820704147997e-05,0.0,9,0.25,-1.3624551760369992e-05
2020-01-06,CNC/HUM,-0.0,-0.0,0.0,10,0.3333333333333333,-0.0
2020-01-06,AXP/V,0.0,0.0,0.0,10,0.3333333333333333,0.0
2020-01-06,CSX/UNP,-0.0,-0.0,0.0,10,0.3333333333333333,-0.0
2020-01-07,CNC/HUM,-0.0,-0.0,0.0,10,0.3333333333333333,-0.0
2020-01-07,AXP/V,0.0,0.0,0.0,10,0.3333333333333333,0.0
2020-01-07,CSX/UNP,-0.0,-0.0,0.0,10,0.3333333333333333,-0.0
2020-01-08,CNC/HUM,0.0,0.0,0.0,10,0.3333333333333333,0.0
2020-01-08,AXP/V,0.0,0.0,0.0,10,0.3333333333333333,0.0
2020-01-08,CSX/UNP,0.0031578387883176,0.0041578387883176,1.0,10,0.3333333333333333,0.0010526129294392
2020-01-09,CNC/HUM,-0.0,-0.0,0.0,10,0.3333333333333333,-0.0
2020-01-09,AXP/V,-0.0,-0.0,0.0,10,0.3333333333333333,-0.0
2020-01-09,CSX/UNP,-0.0050247447446211,-0.0050247447446211,0.0,10,0.3333333333333333,-0.0016749149148737
2020-01-10,CNC/HUM,-0.0035571649038481,-0.0025571649038481,1.0,10,0.3333333333333333,-0.001185721634616
2020-01-10,AXP/V,0.0,0.0,0.0,10,0.3333333333333333,0.0
2020-01-10,CSX/UNP,-0.001594176150099,-0.001594176150099,0.0,10,0.3333333333333333,-0.000531392050033
2020-01-13,CNC/HUM,-0.0060069759411467,-0.0060069759411467,0.0,10,0.3333333333333333,-0.0020023253137155
2020-01-13,AXP/V,0.0,0.0,0.0,10,0.3333333333333333,0.0
2020-01-13,CSX/UNP,-0.0012114339184157,-0.0012114339184157,0.0,10,0.3333333333333333,-0.0004038113061385
2020-01-14,CNC/HUM,0.0020167303079919,0.0020167303079919,0.0,10,0.3333333333333333,0.0006722434359973
2020-01-14,AXP/V,0.0,0.0,0.0,10,0.3333333333333333,0.0
2020-01-14,CSX/UNP,0.0030750510789349,0.0030750510789349,0.0,10,0.3333333333333333,0.0010250170263116
2020-01-15,CNC/HUM,0.0037966535923632,0.0037966535923632,0.0,10,0.3333333333333333,0.0012655511974544
2020-01-15,AXP/V,0.0,0.0,0.0,10,0.3333333333333333,0.0
2020-01-15,CSX/UNP,-0.0018517593169619,-0.0018517593169619,0.0,10,0.3333333333333333,-0.0006172531056539
2020-01-16,CNC/HUM,0.0016555410886801,0.0016555410886801,0.0,10,0.3333333333333333,0.00055184702956
2020-01-16,AXP/V,-0.0018668285093108,-0.0008668285093108,1.0,10,0.3333333333333333,-0.0006222761697702
2020-01-16,CSX/UNP,0.0001939119098605,0.0001939119098605,0.0,10,0.3333333333333333,6.463730328686173e-05
2020-01-17,CNC/HUM,0.0024415130722528,0.0024415130722528,0.0,10,0.3333333333333333,0.0008138376907509
2020-01-17,AXP/V,-0.007437210378638,-0.007437210378638,0.0,10,0.3333333333333333,-0.0024790701262126
2020-01-17,CSX/UNP,0.0063440193403365,0.0063440193403365,0.0,10,0.3333333333333333,0.0021146731134455
2020-01-21,CNC/HUM,-0.008416529969355,-0.008416529969355,0.0,10,0.3333333333333333,-0.002805509989785
2020-01-21,AXP/V,-0.0104423952421645,-0.0104423952421645,0.0,10,0.3333333333333333,-0.0034807984140548
2020-01-21,CSX/UNP,-0.0003569447284468,-0.0003569447284468,0.0,10,0.3333333333333333,-0.0001189815761489
2020-01-22,CNC/HUM,-0.0058749397987835,-0.0058749397987835,0.0,10,0.3333333333333333,-0.0019583132662611
2020-01-22,AXP/V,0.001506569285103,0.001506569285103,0.0,10,0.3333333333333333,0.000502189761701
2020-01-22,CSX/UNP,-0.0036391695406145,-0.0036391695406145,0.0,10,0.3333333333333333,-0.0012130565135381
2020-01-23,CNC/HUM,-0.0107586040877976,-0.0107586040877976,0.0,10,0.3333333333333333,-0.0035862013625992
2020-01-23,AXP/V,0.0033705726992826,0.0033705726992826,0.0,10,0.3333333333333333,0.0011235242330942
2020-01-23,CSX/UNP,0.0086987351791688,0.0086987351791688,0.0,10,0.3333333333333333,0.0028995783930562
2020-01-24,CNC/HUM,-0.0037048970281915,-0.0037048970281915,0.0,10,0.3333333333333333,-0.0012349656760638
2020-01-24,AXP/V,0.0164971915672167,0.0164971915672167,0.0,10,0.3333333333333333,0.0054990638557389
2020-01-24,CSX/UNP,-0.0050099873834959,-0.0050099873834959,0.0,10,0.3333333333333333,-0.0016699957944986
2020-01-27,CNC/HUM,0.0004121744978363,0.0004121744978363,0.0,10,0.3333333333333333,0.0001373914992787
2020-01-27,AXP/V,-0.0050678472836007,-0.0050678472836007,0.0,10,0.3333333333333333,-0.0016892824278669
2020-01-27,CSX/UNP,-0.0141608984636708,-0.0141608984636708,0.0,10,0.3333333333333333,-0.0047202994878902
2020-01-28,CNC/HUM,-9.249207097030244e-05,-9.249207097030244e-05,0.0,10,0.3333333333333333,-3.0830690323434146e-05
2020-01-28,AXP/V,0.0026969814780971,0.0026969814780971,0.0,10,0.3333333333333333,0.0008989938260323
2020-01-28,CSX/UNP,-0.0020486819989577,-0.0020486819989577,0.0,10,0.3333333333333333,-0.0006828939996525
2020-01-29,CNC/HUM,-0.0019835242478632,-0.0019835242478632,0.0,10,0.3333333333333333,-0.0006611747492877
2020-01-29,AXP/V,-0.00814524775934,-0.00814524775934,0.0,10,0.3333333333333333,-0.0027150825864466
2020-01-29,CSX/UNP,-0.0002655950411387,-0.0002655950411387,0.0,10,0.3333333333333333,-8.853168037957436e-05
2020-01-30,CNC/HUM,-0.0052021994141476,-0.0052021994141476,0.0,10,0.3333333333333333,-0.0017340664713825
2020-01-30,AXP/V,-0.0042697456469557,-0.0042697456469557,0.0,10,0.3333333333333333,-0.0014232485489852
2020-01-30,CSX/UNP,0.0027850578264268,0.0027850578264268,0.0,10,0.3333333333333333,0.0009283526088089
2020-01-31,CNC/HUM,-0.0085939590844794,-0.0085939590844794,0.0,10,0.3333333333333333,-0.0028646530281598
2020-01-31,AXP/V,0.0143914982949433,0.0143914982949433,0.0,10,0.3333333333333333,0.0047971660983144
2020-01-31,CSX/UNP,-0.003886246167433,-0.003886246167433,0.0,10,0.3333333333333333,-0.0012954153891443
2020-02-03,CNC/HUM,-0.0062845708509108,-0.0062845708509108,0.0,10,0.3333333333333333,-0.0020948569503036
2020-02-03,AXP/V,-0.0015041205766246,-0.0015041205766246,0.0,10,0.3333333333333333,-0.0005013735255415
2020-02-03,CSX/UNP,-0.0013273054613969,-0.0013273054613969,0.0,10,0.3333333333333333,-0.0004424351537989
2020-02-04,CNC/HUM,0.0235790525274402,0.0235790525274402,0.0,10,0.3333333333333333,0.0078596841758134
2020-02-04,AXP/V,-0.0049905443660979,-0.0049905443660979,0.0,10,0.3333333333333333,-0.0016635147886993
2020-02-04,CSX/UNP,0.005919846822448,0.005919846822448,0.0,10,0.3333333333333333,0.0019732822741493
2020-02-05,CNC/HUM,0.0156089012397023,0.0156089012397023,0.0,10,0.3333333333333333,0.0052029670799007
2020-02-05,AXP/V,0.0078203192551304,0.0078203192551304,0.0,10,0.3333333333333333,0.0026067730850434
2020-02-05,CSX/UNP,-0.001,0.0,1.0,10,0.3333333333333333,-0.0003333333333333
2020-02-06,CNC/HUM,0.000123650092559,0.000123650092559,0.0,10,0.3333333333333333,4.121669751967579e-05
2020-02-06,AXP/V,-0.001774130138671,-0.001774130138671,0.0,10,0.3333333333333333,-0.0005913767128903
2020-02-06,CSX/UNP,0.0,0.0,0.0,10,0.3333333333333333,0.0
2020-02-07,CNC/HUM,-0.001,-0.0,1.0,10,0.3333333333333333,-0.0003333333333333
2020-02-07,AXP/V,-0.0037802649322595,-0.0037802649322595,0.0,10,0.3333333333333333,-0.0012600883107531
2020-02-07,CSX/UNP,-0.0,-0.0,0.0,10,0.3333333333333333,-0.0
2020-02-10,CNC/HUM,0.0,0.0,0.0,10,0.3333333333333333,0.0
2020-02-10,AXP/V,-0.0077536876758243,-0.0077536876758243,0.0,10,0.3333333333333333,-0.0025845625586081
2020-02-10,CSX/UNP,-0.0,-0.0,0.0,10,0.3333333333333333,-0.0
2020-02-11,CNC/HUM,0.0,0.0,0.0,10,0.3333333333333333,0.0
2020-02-11,AXP/V,0.0069329509050752,0.0069329509050752,0.0,10,0.3333333333333333,0.002310983635025
2020-02-11,CSX/UNP,-0.0,-0.0,0.0,10,0.3333333333333333,-0.0
2020-02-12,CNC/HUM,0.0,0.0,0.0,10,0.3333333333333333,0.0
2020-02-12,AXP/V,-0.0077825116564109,-0.0077825116564109,0.0,10,0.3333333333333333,-0.0025941705521369
2020-02-12,CSX/UNP,-0.0,-0.0,0.0,10,0.3333333333333333,-0.0
2020-02-13,CNC/HUM,0.0,0.0,0.0,10,0.3333333333333333,0.0
2020-02-13,AXP/V,-0.001,-0.0,1.0,10,0.3333333333333333,-0.0003333333333333
2020-02-13,CSX/UNP,-0.0,-0.0,0.0,10,0.3333333333333333,-0.0
2020-02-14,CNC/HUM,0.0005865105430883,0.0015865105430883,1.0,10,0.3333333333333333,0.0001955035143627
2020-02-14,AXP/V,0.0,0.0,0.0,10,0.3333333333333333,0.0
2020-02-14,CSX/UNP,-0.0,-0.0,0.0,10,0.3333333333333333,-0.0
2020-02-18,CNC/HUM,0.0165406484472195,0.0165406484472195,0.0,10,0.3333333333333333,0.0055135494824065
2020-02-18,AXP/V,0.0,0.0,0.0,10,0.3333333333333333,0.0
2020-02-18,CSX/UNP,-0.0,-0.0,0.0,10,0.3333333333333333,-0.0
2020-02-19,CNC/HUM,-0.0068717276125097,-0.0068717276125097,0.0,10,0.3333333333333333,-0.0022905758708365
2020-02-19,AXP/V,0.0,0.0,0.0,10,0.3333333333333333,0.0
2020-02-19,CSX/UNP,0.0,0.0,0.0,10,0.3333333333333333,0.0
2020-02-20,CNC/HUM,0.0030235077648501,0.0030235077648501,0.0,10,0.3333333333333333,0.0010078359216167
2020-02-20,AXP/V,-0.0,-0.0,0.0,10,0.3333333333333333,-0.0
2020-02-20,CSX/UNP,-0.0,-0.0,0.0,10,0.3333333333333333,-0.0
2020-02-21,CNC/HUM,0.0008091911678935,0.0008091911678935,0.0,10,0.3333333333333333,0.0002697303892978
2020-02-21,AXP/V,-0.0,-0.0,0.0,10,0.3333333333333333,-0.0
2020-02-21,CSX/UNP,-0.0,-0.0,0.0,10,0.3333333333333333,-0.0
2020-02-24,CNC/HUM,0.0036115507553777,0.0036115507553777,0.0,10,0.3333333333333333,0.0012038502517925
2020-02-24,AXP/V,-0.0,-0.0,0.0,10,0.3333333333333333,-0.0
2020-02-24,CSX/UNP,-0.0,-0.0,0.0,10,0.3333333333333333,-0.0
2020-02-25,CNC/HUM,0.0034007052318002,0.0034007052318002,0.0,10,0.3333333333333333,0.0011335684106
2020-02-25,AXP/V,-0.0,-0.0,0.0,10,0.3333333333333333,-0.0
2020-02-25,CSX/UNP,-0.0,-0.0,0.0,10,0.3333333333333333,-0.0
2020-02-26,CNC/HUM,-0.0044259257855283,-0.0044259257855283,0.0,10,0.3333333333333333,-0.0014753085951761
2020-02-26,AXP/V,0.0,0.0,0.0,10,0.3333333333333333,0.0
2020-02-26,CSX/UNP,-0.0171649010236489,-0.0161649010236489,1.0,10,0.3333333333333333,-0.0057216336745496
2020-02-27,CNC/HUM,0.0145154623288799,0.0145154623288799,0.0,10,0.3333333333333333,0.0048384874429599
2020-02-27,AXP/V,-0.0,-0.0,0.0,10,0.3333333333333333,-0.0
2020-02-27,CSX/UNP,-0.001,-0.0,1.0,10,0.3333333333333333,-0.0003333333333333
2020-02-28,CNC/HUM,-0.0075787122746419,-0.0075787122746419,0.0,10,0.3333333333333333,-0.0025262374248806
2020-02-28,AXP/V,0.0,0.0,0.0,10,0.3333333333333333,0.0
2020-02-28,CSX/UNP,0.0101866479349571,0.0111866479349571,1.0,10,0.3333333333333333,0.0033955493116523
2020-03-02,CNC/HUM,-0.0320159529200425,-0.0320159529200425,0.0,10,0.3333333333333333,-0.0106719843066808
2020-03-02,AXP/V,0.0,0.0,0.0,10,0.3333333333333333,0.0
2020-03-02,CSX/UNP,0.0001581472748048,0.0001581472748048,0.0,10,0.3333333333333333,5.2715758268272776e-05
2020-03-03,CNC/HUM,0.0258020367029635,0.0258020367029635,0.0,10,0.3333333333333333,0.0086006789009878
2020-03-03,AXP/V,-0.0038014244341791,-0.0028014244341791,1.0,10,0.3333333333333333,-0.0012671414780597
2020-03-03,CSX/UNP,-6.090902139867421e-05,-6.090902139867421e-05,0.0,10,0.3333333333333333,-2.0303007132891403e-05
2020-03-04,CNC/HUM,-0.0287398583882115,-0.0287398583882115,0.0,10,0.3333333333333333,-0.0095799527960705
2020-03-04,AXP/V,0.0043908046106752,0.0043908046106752,0.0,10,0.3333333333333333,0.0014636015368917
2020-03-04,CSX/UNP,-0.0008142369833796,-0.0008142369833796,0.0,10,0.3333333333333333,-0.0002714123277932
2020-03-05,CNC/HUM,-0.0142252351242914,-0.0142252351242914,0.0,10,0.3333333333333333,-0.0047417450414304
2020-03-05,AXP/V,0.0037084008466303,0.0037084008466303,0.0,10,0.3333333333333333,0.0012361336155434
2020-03-05,CSX/UNP,-0.0083086884868577,-0.0083086884868577,0.0,10,0.3333333333333333,-0.0027695628289525
2020-03-06,CNC/HUM,-0.0017245326627147,-0.0017245326627147,0.0,10,0.3333333333333333,-0.0005748442209049
2020-03-06,AXP/V,-0.0025889069716386,-0.0025889069716386,0.0,10,0.3333333333333333,-0.0008629689905462
2020-03-06,CSX/UNP,0.0085454373417668,0.0085454373417668,0.0,10,0.3333333333333333,0.0028484791139222
2020-03-09,CNC/HUM,0.0278094911288988,0.0278094911288988,0.0,10,0.3333333333333333,0.0092698303762996
2020-03-09,AXP/V,0.0011924173134716,0.0011924173134716,0.0,10,0.3333333333333333,0.0003974724378238
2020-03-09,CSX/UNP,-0.0275484642238148,-0.0275484642238148,0.0,10,0.3333333333333333,-0.0091828214079382
2020-03-10,CNC/HUM,0.0138267504192494,0.0138267504192494,0.0,10,0.3333333333333333,0.0046089168064164
2020-03-10,AXP/V,-0.0161947516101707,-0.0161947516101707,0.0,10,0.3333333333333333,-0.0053982505367235
2020-03-10,CSX/UNP,0.0292324566146041,0.0292324566146041,0.0,10,0.3333333333333333,0.009744152204868
2020-03-11,CNC/HUM,0.0210969460968344,0.0210969460968344,0.0,10,0.3333333333333333,0.0070323153656114
2020-03-11,AXP/V,-0.0029026948964298,-0.0029026948964298,0.0,10,0.3333333333333333,-0.0009675649654766
2020-03-11,CSX/UNP,0.0099885186605771,0.0099885186605771,0.0,10,0.3333333333333333,0.0033295062201923
2020-03-12,CNC/HUM,0.059928218764388,0.059928218764388,0.0,10,0.3333333333333333,0.0199760729214626
2020-03-12,AXP/V,-0.0105948634325971,-0.0105948634325971,0.0,10,0.3333333333333333,-0.003531621144199
2020-03-12,CSX/UNP,-0.0036930608031793,-0.0036930608031793,0.0,10,0.3333333333333333,-0.0012310202677264
2020-03-13,CNC/HUM,-0.001,0.0,1.0,10,0.3333333333333333,-0.0003333333333333
2020-03-13,AXP/V,0.0237725642838901,0.0237725642838901,0.0,10,0.3333333333333333,0.00792418809463
2020-03-13,CSX/UNP,0.0165399081808729,0.0165399081808729,0.0,10,0.3333333333333333,0.0055133027269576
2020-03-16,CNC/HUM,-0.0308891540994855,-0.0298891540994855,1.0,10,0.3333333333333333,-0.0102963846998285
2020-03-16,AXP/V,0.0209627976916381,0.0209627976916381,0.0,10,0.3333333333333333,0.006987599230546
2020-03-16,CSX/UNP,-0.0110092043500749,-0.0110092043500749,0.0,10,0.3333333333333333,-0.0036697347833583
2020-03-17,CNC/HUM,-0.0226187630224849,-0.0226187630224849,0.0,10,0.3333333333333333,-0.0075395876741616
2020-03-17,AXP/V,-0.0187684932036007,-0.0187684932036007,0.0,10,0.3333333333333333,-0.0062561644012002
2020-03-17,CSX/UNP,-0.0288784160528352,-0.0288784160528352,0.0,10,0.3333333333333333,-0.0096261386842784
2020-03-18,CNC/HUM,-0.0245442822281158,-0.0245442822281158,0.0,10,0.3333333333333333,-0.0081814274093719
2020-03-18,AXP/V,-0.0284974608006429,-0.0284974608006429,0.0,10,0.3333333333333333,-0.0094991536002143
2020-03-18,CSX/UNP,-0.0361586660211775,-0.0361586660211775,0.0,10,0.3333333333333333,-0.0120528886737258
2020-03-19,CNC/HUM,0.0173590003533033,0.0173590003533033,0.0,10,0.3333333333333333,0.0057863334511011
2020-03-19,AXP/V,0.0036651715643197,0.0036651715643197,0.0,10,0.3333333333333333,0.0012217238547732
2020-03-19,CSX/UNP,-0.001,-0.0,1.0,10,0.3333333333333333,-0.0003333333333333
2020-03-20,CNC/HUM,-0.0276567000837378,-0.0276567000837378,0.0,10,0.3333333333333333,-0.0092189000279126
2020-03-20,AXP/V,0.0052506565651418,0.0052506565651418,0.0,10,0.3333333333333333,0.0017502188550472
2020-03-20,CSX/UNP,0.0200466027467531,0.0210466027467531,1.0,10,0.3333333333333333,0.0066822009155843
2020-03-23,CNC/HUM,-0.016807239603377,-0.016807239603377,0.0,10,0.3333333333333333,-0.0056024132011256
2020-03-23,AXP/V,0.0159964993759102,0.0159964993759102,0.0,10,0.3333333333333333,0.0053321664586367
2020-03-23,CSX/UNP,-6.217687708763539e-05,-6.217687708763539e-05,0.0,10,0.3333333333333333,-2.072562569587846e-05
2020-03-24,CNC/HUM,0.0280796253539065,0.0280796253539065,0.0,10,0.3333333333333333,0.0093598751179688
2020-03-24,AXP/V,0.0090352237033946,0.0090352237033946,0.0,10,0.3333333333333333,0.0030117412344648
2020-03-24,CSX/UNP,0.0060467322031024,0.0060467322031024,0.0,10,0.3333333333333333,0.0020155774010341
2020-03-25,CNC/HUM,0.061867228863454,0.061867228863454,0.0,10,0.3333333333333333,0.0206224096211513
2020-03-25,AXP/V,0.0021161963481942,0.0021161963481942,0.0,10,0.3333333333333333,0.0007053987827314
2020-03-25,CSX/UNP,0.0103222832109071,0.0103222832109071,0.0,10,0.3333333333333333,0.0034407610703023
2020-03-26,CNC/HUM,0.0334998027717517,0.0334998027717517,0.0,10,0.3333333333333333,0.0111666009239172
2020-03-26,AXP/V,-0.0119597448120887,-0.0119597448120887,0.0,10,0.3333333333333333,-0.0039865816040295
2020-03-26,CSX/UNP,0.0263374452404214,0.0263374452404214,0.0,10,0.3333333333333333,0.0087791484134738
2020-03-27,CNC/HUM,0.0082092059070183,0.0082092059070183,0.0,10,0.3333333333333333,0.0027364019690061
2020-03-27,AXP/V,0.0057156392035097,0.0057156392035097,0.0,10,0.3333333333333333,0.0019052130678365
2020-03-27,CSX/UNP,0.0028461638404239,0.0028461638404239,0.0,10,0.3333333333333333,0.0009487212801413
2020-03-30,CNC/HUM,0.0095328677973966,0.0095328677973966,0.0,10,0.3333333333333333,0.0031776225991322
2020-03-30,AXP/V,-0.001,0.0,1.0,10,0.3333333333333333,-0.0003333333333333
2020-03-30,CSX/UNP,-0.0084978740124108,-0.0084978740124108,0.0,10,0.3333333333333333,-0.0028326246708036
2020-03-31,CNC/HUM,-0.0071562861941287,-0.0071562861941287,0.0,10,0.3333333333333333,-0.0023854287313762
2020-03-31,AXP/V,0.0,0.0,0.0,10,0.3333333333333333,0.0
2020-03-31,CSX/UNP,0.0087582158613337,0.0087582158613337,0.0,10,0.3333333333333333,0.0029194052871112
2020-04-01,CNC/HUM,-0.0047482867734905,-0.0047482867734905,0.0,10,0.3333333333333333,-0.0015827622578301
2020-04-01,AXP/V,0.0,0.0,0.0,10,0.3333333333333333,0.0
2020-04-01,CSX/UNP,0.0001749839898074,0.0001749839898074,0.0,10,0.3333333333333333,5.832799660248784e-05
2020-04-02,CNC/HUM,0.0008245485427511,0.0008245485427511,0.0,10,0.3333333333333333,0.0002748495142503
2020-04-02,AXP/V,0.0,0.0,0.0,10,0.3333333333333333,0.0
2020-04-02,CSX/UNP,0.0062255277854251,0.0062255277854251,0.0,10,0.3333333333333333,0.002075175928475
2020-04-03,CNC/HUM,-0.0031242774298176,-0.0031242774298176,0.0,10,0.3333333333333333,-0.0010414258099392
2020-04-03,AXP/V,-0.0,-0.0,0.0,10,0.3333333333333333,-0.0
2020-04-03,CSX/UNP,-0.0122163170726361,-0.0122163170726361,0.0,10,0.3333333333333333,-0.0040721056908787
2020-04-06,CNC/UNH,0.0,0.0,0.0,11,0.25,0.0
2020-04-06,ABBV/MRK,0.0,0.0,0.0,11,0.25,0.0
2020-04-06,ADBE/NOW,0.0,0.0,0.0,11,0.25,0.0
2020-04-06,MS/STT,0.0,0.0,0.0,11,0.25,0.0
2020-04-07,CNC/UNH,-0.0,-0.0,0.0,11,0.25,-0.0
2020-04-07,ABBV/MRK,-0.0,-0.0,0.0,11,0.25,-0.0
2020-04-07,ADBE/NOW,-0.0,-0.0,0.0,11,0.25,-0.0
2020-04-07,MS/STT,-0.0,-0.0,0.0,11,0.25,-0.0
2020-04-08,CNC/UNH,0.0,0.0,0.0,11,0.25,0.0
2020-04-08,ABBV/MRK,0.0,0.0,0.0,11,0.25,0.0
2020-04-08,ADBE/NOW,-0.0,-0.0,0.0,11,0.25,-0.0
2020-04-08,MS/STT,0.0,0.0,0.0,11,0.25,0.0
2020-04-09,CNC/UNH,-0.0,-0.0,0.0,11,0.25,-0.0
2020-04-09,ABBV/MRK,0.0,0.0,0.0,11,0.25,0.0
2020-04-09,ADBE/NOW,-0.0,-0.0,0.0,11,0.25,-0.0
2020-04-09,MS/STT,0.0,0.0,0.0,11,0.25,0.0
2020-04-13,CNC/UNH,0.0,0.0,0.0,11,0.25,0.0
2020-04-13,ABBV/MRK,-0.0,-0.0,0.0,11,0.25,-0.0
2020-04-13,ADBE/NOW,-0.0,-0.0,0.0,11,0.25,-0.0
2020-04-13,MS/STT,-0.0,-0.0,0.0,11,0.25,-0.0
2020-04-14,CNC/UNH,0.0,0.0,0.0,11,0.25,0.0
2020-04-14,ABBV/MRK,0.0,0.0,0.0,11,0.25,0.0
2020-04-14,ADBE/NOW,0.0,0.0,0.0,11,0.25,0.0
2020-04-14,MS/STT,-0.0,-0.0,0.0,11,0.25,-0.0
2020-04-15,CNC/UNH,0.0,0.0,0.0,11,0.25,0.0
2020-04-15,ABBV/MRK,-0.0,-0.0,0.0,11,0.25,-0.0
2020-04-15,ADBE/NOW,-0.0,-0.0,0.0,11,0.25,-0.0
2020-04-15,MS/STT,0.0,0.0,0.0,11,0.25,0.0
2020-04-16,CNC/UNH,0.0,0.0,0.0,11,0.25,0.0
2020-04-16,ABBV/MRK,0.0,0.0,0.0,11,0.25,0.0
2020-04-16,ADBE/NOW,0.0,0.0,0.0,11,0.25,0.0
2020-04-16,MS/STT,-0.0,-0.0,0.0,11,0.25,-0.0
2020-04-17,CNC/UNH,-0.0,-0.0,0.0,11,0.25,-0.0
2020-04-17,ABBV/MRK,-0.0,-0.0,0.0,11,0.25,-0.0
2020-04-17,ADBE/NOW,-0.0,-0.0,0.0,11,0.25,-0.0
2020-04-17,MS/STT,0.0,0.0,0.0,11,0.25,0.0
2020-04-20,CNC/UNH,-0.0,-0.0,0.0,11,0.25,-0.0
2020-04-20,ABBV/MRK,-0.0,-0.0,0.0,11,0.25,-0.0
2020-04-20,ADBE/NOW,-0.0,-0.0,0.0,11,0.25,-0.0
2020-04-20,MS/STT,-0.0,-0.0,0.0,11,0.25,-0.0
2020-04-21,CNC/UNH,-0.0,-0.0,0.0,11,0.25,-0.0
2020-04-21,ABBV/MRK,-0.0,-0.0,0.0,11,0.25,-0.0
2020-04-21,ADBE/NOW,-0.0,-0.0,0.0,11,0.25,-0.0
2020-04-21,MS/STT,-0.0,-0.0,0.0,11,0.25,-0.0
2020-04-22,CNC/UNH,-0.0,-0.0,0.0,11,0.25,-0.0
2020-04-22,ABBV/MRK,0.0,0.0,0.0,11,0.25,0.0
2020-04-22,ADBE/NOW,-0.0,-0.0,0.0,11,0.25,-0.0
2020-04-22,MS/STT,0.0,0.0,0.0,11,0.25,0.0
2020-04-23,CNC/UNH,0.0,0.0,0.0,11,0.25,0.0
2020-04-23,ABBV/MRK,0.0,0.0,0.0,11,0.25,0.0
2020-04-23,ADBE/NOW,0.0,0.0,0.0,11,0.25,0.0
2020-04-23,MS/STT,-0.0,-0.0,0.0,11,0.25,-0.0
2020-04-24,CNC/UNH,0.0,0.0,0.0,11,0.25,0.0
2020-04-24,ABBV/MRK,-0.0,-0.0,0.0,11,0.25,-0.0
2020-04-24,ADBE/NOW,0.0,0.0,0.0,11,0.25,0.0
2020-04-24,MS/STT,0.0,0.0,0.0,11,0.25,0.0
2020-04-27,CNC/UNH,0.0,0.0,0.0,11,0.25,0.0
2020-04-27,ABBV/MRK,0.0,0.0,0.0,11,0.25,0.0
2020-04-27,ADBE/NOW,0.0,0.0,0.0,11,0.25,0.0
2020-04-27,MS/STT,-0.0,-0.0,0.0,11,0.25,-0.0
2020-04-28,CNC/UNH,0.0,0.0,0.0,11,0.25,0.0
2020-04-28,ABBV/MRK,-0.0,-0.0,0.0,11,0.25,-0.0
2020-04-28,ADBE/NOW,-0.0,-0.0,0.0,11,0.25,-0.0
2020-04-28,MS/STT,0.0,0.0,0.0,11,0.25,0.0
2020-04-29,CNC/UNH,0.0,0.0,0.0,11,0.25,0.0
2020-04-29,ABBV/MRK,-0.0,-0.0,0.0,11,0.25,-0.0
2020-04-29,ADBE/NOW,-0.0,-0.0,0.0,11,0.25,-0.0
2020-04-29,MS/STT,0.0,0.0,0.0,11,0.25,0.0
2020-04-30,CNC/UNH,0.0,0.0,0.0,11,0.25,0.0
2020-04-30,ABBV/MRK,-0.0,-0.0,0.0,11,0.25,-0.0
2020-04-30,ADBE/NOW,-0.0,-0.0,0.0,11,0.25,-0.0
2020-04-30,MS/STT,-0.0,-0.0,0.0,11,0.25,-0.0
2020-05-01,CNC/UNH,-0.0,-0.0,0.0,11,0.25,-0.0
2020-05-01,ABBV/MRK,-0.0,-0.0,0.0,11,0.25,-0.0
2020-05-01,ADBE/NOW,-0.0,-0.0,0.0,11,0.25,-0.0
2020-05-01,MS/STT,0.0,0.0,0.0,11,0.25,0.0
2020-05-04,CNC/UNH,0.0,0.0,0.0,11,0.25,0.0
2020-05-04,ABBV/MRK,-0.0,-0.0,0.0,11,0.25,-0.0
2020-05-04,ADBE/NOW,-0.0,-0.0,0.0,11,0.25,-0.0
2020-05-04,MS/STT,0.0,0.0,0.0,11,0.25,0.0
2020-05-05,CNC/UNH,-0.0,-0.0,0.0,11,0.25,-0.0
2020-05-05,ABBV/MRK,-0.0,-0.0,0.0,11,0.25,-0.0
2020-05-05,ADBE/NOW,-0.0,-0.0,0.0,11,0.25,-0.0
2020-05-05,MS/STT,0.0,0.0,0.0,11,0.25,0.0
2020-05-06,CNC/UNH,0.0,0.0,0.0,11,0.25,0.0
2020-05-06,ABBV/MRK,-0.0,-0.0,0.0,11,0.25,-0.0
2020-05-06,ADBE/NOW,0.0,0.0,0.0,11,0.25,0.0
2020-05-06,MS/STT,0.0,0.0,0.0,11,0.25,0.0
2020-05-07,CNC/UNH,-0.0,-0.0,0.0,11,0.25,-0.0
2020-05-07,ABBV/MRK,-0.0,-0.0,0.0,11,0.25,-0.0
2020-05-07,ADBE/NOW,-0.0,-0.0,0.0,11,0.25,-0.0
2020-05-07,MS/STT,0.0,0.0,0.0,11,0.25,0.0
2020-05-08,CNC/UNH,-0.0,-0.0,0.0,11,0.25,-0.0
2020-05-08,ABBV/MRK,0.0,0.0,0.0,11,0.25,0.0
2020-05-08,ADBE/NOW,0.0,0.0,0.0,11,0.25,0.0
2020-05-08,MS/STT,0.0,0.0,0.0,11,0.25,0.0
2020-05-11,CNC/UNH,-0.0,-0.0,0.0,11,0.25,-0.0
2020-05-11,ABBV/MRK,0.0,0.0,0.0,11,0.25,0.0
2020-05-11,ADBE/NOW,0.0,0.0,0.0,11,0.25,0.0
2020-05-11,MS/STT,0.0,0.0,0.0,11,0.25,0.0
2020-05-12,CNC/UNH,0.0,0.0,0.0,11,0.25,0.0
2020-05-12,ABBV/MRK,-0.0,-0.0,0.0,11,0.25,-0.0
2020-05-12,ADBE/NOW,0.0,0.0,0.0,11,0.25,0.0
2020-05-12,MS/STT,-0.0,-0.0,0.0,11,0.25,-0.0
2020-05-13,CNC/UNH,-0.0,-0.0,0.0,11,0.25,-0.0
2020-05-13,ABBV/MRK,0.0,0.0,0.0,11,0.25,0.0
2020-05-13,ADBE/NOW,-0.0,-0.0,0.0,11,0.25,-0.0
2020-05-13,MS/STT,0.0,0.0,0.0,11,0.25,0.0
2020-05-14,CNC/UNH,0.0,0.0,0.0,11,0.25,0.0
2020-05-14,ABBV/MRK,0.0,0.0,0.0,11,0.25,0.0
2020-05-14,ADBE/NOW,-0.0,-0.0,0.0,11,0.25,-0.0
2020-05-14,MS/STT,0.0,0.0,0.0,11,0.25,0.0
2020-05-15,CNC/UNH,-0.0,-0.0,0.0,11,0.25,-0.0
2020-05-15,ABBV/MRK,-0.0,-0.0,0.0,11,0.25,-0.0
2020-05-15,ADBE/NOW,0.0,0.0,0.0,11,0.25,0.0
2020-05-15,MS/STT,-0.0,-0.0,0.0,11,0.25,-0.0
2020-05-18,CNC/UNH,0.0,0.0,0.0,11,0.25,0.0
2020-05-18,ABBV/MRK,-0.0,-0.0,0.0,11,0.25,-0.0
2020-05-18,ADBE/NOW,0.0,0.0,0.0,11,0.25,0.0
2020-05-18,MS/STT,0.0,0.0,0.0,11,0.25,0.0
2020-05-19,CNC/UNH,-0.0,-0.0,0.0,11,0.25,-0.0
2020-05-19,ABBV/MRK,-0.0,-0.0,0.0,11,0.25,-0.0
2020-05-19,ADBE/NOW,-0.0,-0.0,0.0,11,0.25,-0.0
2020-05-19,MS/STT,-0.0,-0.0,0.0,11,0.25,-0.0
2020-05-20,CNC/UNH,0.0,0.0,0.0,11,0.25,0.0
2020-05-20,ABBV/MRK,-0.0,-0.0,0.0,11,0.25,-0.0
2020-05-20,ADBE/NOW,0.0,0.0,0.0,11,0.25,0.0
2020-05-20,MS/STT,0.0,0.0,0.0,11,0.25,0.0
2020-05-21,CNC/UNH,-0.0,-0.0,0.0,11,0.25,-0.0
2020-05-21,ABBV/MRK,-0.0,-0.0,0.0,11,0.25,-0.0
2020-05-21,ADBE/NOW,0.0,0.0,0.0,11,0.25,0.0
2020-05-21,MS/STT,-0.0,-0.0,0.0,11,0.25,-0.0
2020-05-22,CNC/UNH,0.0,0.0,0.0,11,0.25,0.0
2020-05-22,ABBV/MRK,0.0,0.0,0.0,11,0.25,0.0
2020-05-22,ADBE/NOW,0.0,0.0,0.0,11,0.25,0.0
2020-05-22,MS/STT,0.0,0.0,0.0,11,0.25,0.0
2020-05-26,CNC/UNH,0.0,0.0,0.0,11,0.25,0.0
2020-05-26,ABBV/MRK,0.0,0.0,0.0,11,0.25,0.0
2020-05-26,ADBE/NOW,-0.0,-0.0,0.0,11,0.25,-0.0
2020-05-26,MS/STT,0.0,0.0,0.0,11,0.25,0.0
2020-05-27,CNC/UNH,0.0,0.0,0.0,11,0.25,0.0
2020-05-27,ABBV/MRK,0.0,0.0,0.0,11,0.25,0.0
2020-05-27,ADBE/NOW,0.0,0.0,0.0,11,0.25,0.0
2020-05-27,MS/STT,0.0,0.0,0.0,11,0.25,0.0
2020-05-28,CNC/UNH,-0.0,-0.0,0.0,11,0.25,-0.0
2020-05-28,ABBV/MRK,0.0,0.0,0.0,11,0.25,0.0
2020-05-28,ADBE/NOW,0.0,0.0,0.0,11,0.25,0.0
2020-05-28,MS/STT,0.0154868684735015,0.0164868684735015,1.0,11,0.25,0.0038717171183753
2020-05-29,CNC/UNH,0.0,0.0,0.0,11,0.25,0.0
2020-05-29,ABBV/MRK,0.0,0.0,0.0,11,0.25,0.0
2020-05-29,ADBE/NOW,0.0,0.0,0.0,11,0.25,0.0
2020-05-29,MS/STT,-0.0080653022031797,-0.0080653022031797,0.0,11,0.25,-0.0020163255507949
2020-06-01,CNC/UNH,0.0,0.0,0.0,11,0.25,0.0
2020-06-01,ABBV/MRK,-0.0,-0.0,0.0,11,0.25,-0.0
2020-06-01,ADBE/NOW,0.0,0.0,0.0,11,0.25,0.0
2020-06-01,MS/STT,0.0037373480474739,0.0037373480474739,0.0,11,0.25,0.0009343370118684
2020-06-02,CNC/UNH,-0.0,-0.0,0.0,11,0.25,-0.0
2020-06-02,ABBV/MRK,0.0,0.0,0.0,11,0.25,0.0
2020-06-02,ADBE/NOW,-0.0,-0.0,0.0,11,0.25,-0.0
2020-06-02,MS/STT,-0.0077433514807251,-0.0077433514807251,0.0,11,0.25,-0.0019358378701812
2020-06-03,CNC/UNH,0.0,0.0,0.0,11,0.25,0.0
2020-06-03,ABBV/MRK,0.0,0.0,0.0,11,0.25,0.0
2020-06-03,ADBE/NOW,0.0,0.0,0.0,11,0.25,0.0
2020-06-03,MS/STT,0.0054531583169474,0.0054531583169474,0.0,11,0.25,0.0013632895792368
2020-06-04,CNC/UNH,-0.0,-0.0,0.0,11,0.25,-0.0
2020-06-04,ABBV/MRK,-0.0,-0.0,0.0,11,0.25,-0.0
2020-06-04,ADBE/NOW,0.0,0.0,0.0,11,0.25,0.0
2020-06-04,MS/STT,-0.0001825804363868,-0.0001825804363868,0.0,11,0.25,-4.564510909670196e-05
2020-06-05,CNC/UNH,0.0,0.0,0.0,11,0.25,0.0
2020-06-05,ABBV/MRK,0.0,0.0,0.0,11,0.25,0.0
2020-06-05,ADBE/NOW,-0.0,-0.0,0.0,11,0.25,-0.0
2020-06-05,MS/STT,0.0010696581584624,0.0010696581584624,0.0,11,0.25,0.0002674145396156
2020-06-08,CNC/UNH,-0.0,-0.0,0.0,11,0.25,-0.0
2020-06-08,ABBV/MRK,0.0,0.0,0.0,11,0.25,0.0
2020-06-08,ADBE/NOW,0.0,0.0,0.0,11,0.25,0.0
2020-06-08,MS/STT,-0.0049214218866745,-0.0049214218866745,0.0,11,0.25,-0.0012303554716686
2020-06-09,CNC/UNH,0.0,0.0,0.0,11,0.25,0.0
2020-06-09,ABBV/MRK,-0.0,-0.0,0.0,11,0.25,-0.0
2020-06-09,ADBE/NOW,-0.0,-0.0,0.0,11,0.25,-0.0
2020-06-09,MS/STT,-0.0062052640517696,-0.0062052640517696,0.0,11,0.25,-0.0015513160129424
2020-06-10,CNC/UNH,0.0,0.0,0.0,11,0.25,0.0
2020-06-10,ABBV/MRK,-0.0,-0.0,0.0,11,0.25,-0.0
2020-06-10,ADBE/NOW,0.0,0.0,0.0,11,0.25,0.0
2020-06-10,MS/STT,-0.0083863844814937,-0.0083863844814937,0.0,11,0.25,-0.0020965961203734
2020-06-11,CNC/UNH,-0.0,-0.0,0.0,11,0.25,-0.0
2020-06-11,ABBV/MRK,-0.0,-0.0,0.0,11,0.25,-0.0
2020-06-11,ADBE/NOW,-0.0,-0.0,0.0,11,0.25,-0.0
2020-06-11,MS/STT,0.0135389473620936,0.0135389473620936,0.0,11,0.25,0.0033847368405234
2020-06-12,CNC/UNH,-0.0098416504462591,-0.0088416504462591,1.0,11,0.25,-0.0024604126115647
2020-06-12,ABBV/MRK,-0.0058029610867374,-0.0048029610867374,1.0,11,0.25,-0.0014507402716843
2020-06-12,ADBE/NOW,0.0,0.0,0.0,11,0.25,0.0
2020-06-12,MS/STT,-0.0069211020036474,-0.0069211020036474,0.0,11,0.25,-0.0017302755009118
2020-06-15,CNC/UNH,0.0020239294933641,0.0020239294933641,0.0,11,0.25,0.000505982373341
2020-06-15,ABBV/MRK,-0.02385539264682,-0.02385539264682,0.0,11,0.25,-0.005963848161705
2020-06-15,ADBE/NOW,-0.0,-0.0,0.0,11,0.25,-0.0
2020-06-15,MS/STT,-0.0167709369830959,-0.0167709369830959,0.0,11,0.25,-0.0041927342457739
2020-06-16,CNC/UNH,-0.0006381786558238,-0.0006381786558238,0.0,11,0.25,-0.0001595446639559
2020-06-16,ABBV/MRK,0.0213197861527366,0.0213197861527366,0.0,11,0.25,0.0053299465381841
2020-06-16,ADBE/NOW,0.0,0.0,0.0,11,0.25,0.0
2020-06-16,MS/STT,-0.0021362609909974,-0.0021362609909974,0.0,11,0.25,-0.0005340652477493
2020-06-17,CNC/UNH,0.0028130063360394,0.0028130063360394,0.0,11,0.25,0.0007032515840098
2020-06-17,ABBV/MRK,-0.0057043830761365,-0.0057043830761365,0.0,11,0.25,-0.0014260957690341
2020-06-17,ADBE/NOW,0.0,0.0,0.0,11,0.25,0.0
2020-06-17,MS/STT,0.0018209050321564,0.0018209050321564,0.0,11,0.25,0.0004552262580391
2020-06-18,CNC/UNH,-0.0049965898526837,-0.0049965898526837,0.0,11,0.25,-0.0012491474631709
2020-06-18,ABBV/MRK,-0.0019950606238296,-0.0019950606238296,0.0,11,0.25,-0.0004987651559574
2020-06-18,ADBE/NOW,0.0,0.0,0.0,11,0.25,0.0
2020-06-18,MS/STT,0.0034295213192159,0.0034295213192159,0.0,11,0.25,0.0008573803298039
2020-06-19,CNC/UNH,0.0002480843739617,0.0002480843739617,0.0,11,0.25,6.202109349044642e-05
2020-06-19,ABBV/MRK,0.0151243530062345,0.0151243530062345,0.0,11,0.25,0.0037810882515586
2020-06-19,ADBE/NOW,0.0,0.0,0.0,11,0.25,0.0
2020-06-19,MS/STT,0.021616820024648,0.021616820024648,0.0,11,0.25,0.005404205006162
2020-06-22,CNC/UNH,0.0101653817152995,0.0101653817152995,0.0,11,0.25,0.0025413454288248
2020-06-22,ABBV/MRK,-0.012459833558317,-0.012459833558317,0.0,11,0.25,-0.0031149583895792
2020-06-22,ADBE/NOW,0.0,0.0,0.0,11,0.25,0.0
2020-06-22,MS/STT,-0.0165259320365385,-0.0165259320365385,0.0,11,0.25,-0.0041314830091346
2020-06-23,CNC/UNH,0.0053186552493451,0.0053186552493451,0.0,11,0.25,0.0013296638123362
2020-06-23,ABBV/MRK,0.0034804357020677,0.0034804357020677,0.0,11,0.25,0.0008701089255169
2020-06-23,ADBE/NOW,0.0,0.0,0.0,11,0.25,0.0
2020-06-23,MS/STT,0.0005531108952061,0.0005531108952061,0.0,11,0.25,0.0001382777238015
2020-06-24,CNC/UNH,-0.0039497143589721,-0.0039497143589721,0.0,11,0.25,-0.000987428589743
2020-06-24,ABBV/MRK,-0.006345722870943,-0.006345722870943,0.0,11,0.25,-0.0015864307177357
2020-06-24,ADBE/NOW,-0.0,-0.0,0.0,11,0.25,-0.0
2020-06-24,MS/STT,-0.001,0.0,1.0,11,0.25,-0.00025
2020-06-25,CNC/UNH,0.0040611894628459,0.0040611894628459,0.0,11,0.25,0.0010152973657114
2020-06-25,ABBV/MRK,0.0018903480521911,0.0018903480521911,0.0,11,0.25,0.0004725870130477
2020-06-25,ADBE/NOW,-0.0,-0.0,0.0,11,0.25,-0.0
2020-06-25,MS/STT,0.0,0.0,0.0,11,0.25,0.0
2020-06-26,CNC/UNH,0.0056928211108066,0.0056928211108066,0.0,11,0.25,0.0014232052777016
2020-06-26,ABBV/MRK,-0.0111473706788641,-0.0111473706788641,0.0,11,0.25,-0.002786842669716
2020-06-26,ADBE/NOW,-0.0,-0.0,0.0,11,0.25,-0.0
2020-06-26,MS/STT,0.0,0.0,0.0,11,0.25,0.0
2020-06-29,CNC/UNH,-0.0141731577634867,-0.0141731577634867,0.0,11,0.25,-0.0035432894408716
2020-06-29,ABBV/MRK,0.0083926331006949,0.0083926331006949,0.0,11,0.25,0.0020981582751737
2020-06-29,ADBE/NOW,0.0,0.0,0.0,11,0.25,0.0
2020-06-29,MS/STT,-0.0,-0.0,0.0,11,0.25,-0.0
2020-06-30,CNC/UNH,0.0039405944266681,0.0039405944266681,0.0,11,0.25,0.000985148606667
2020-06-30,ABBV/MRK,0.0072413668686208,0.0072413668686208,0.0,11,0.25,0.0018103417171552
2020-06-30,ADBE/NOW,0.0,0.0,0.0,11,0.25,0.0
2020-06-30,MS/STT,-0.0,-0.0,0.0,11,0.25,-0.0
2020-07-01,CNC/UNH,-0.0068305958140681,-0.0068305958140681,0.0,11,0.25,-0.001707648953517
2020-07-01,ABBV/MRK,0.0051054970736753,0.0051054970736753,0.0,11,0.25,0.0012763742684188
2020-07-01,ADBE/NOW,-0.0,-0.0,0.0,11,0.25,-0.0
2020-07-01,MS/STT,0.0,0.0,0.0,11,0.25,0.0
2020-07-02,CNC/UNH,-0.0060861610601179,-0.0060861610601179,0.0,11,0.25,-0.0015215402650294
2020-07-02,ABBV/MRK,0.0069548007087999,0.0069548007087999,0.0,11,0.25,0.0017387001771999
2020-07-02,ADBE/NOW,0.0,0.0,0.0,11,0.25,0.0
2020-07-02,MS/STT,-0.0,-0.0,0.0,11,0.25,-0.0
2020-07-06,CNC/UNH,0.0081760556735674,0.0081760556735674,0.0,11,0.25,0.0020440139183918
2020-07-06,ABBV/MRK,0.0072022176156132,0.0072022176156132,0.0,11,0.25,0.0018005544039033
2020-07-06,ADBE/NOW,0.0,0.0,0.0,11,0.25,0.0
2020-07-06,MS/STT,0.0,0.0,0.0,11,0.25,0.0
2020-07-07,AXP/MA,0.0,0.0,0.0,12,0.25,0.0
2020-07-07,MCHP/NXPI,-0.0,-0.0,0.0,12,0.25,-0.0
2020-07-07,QQQ/XLK,0.0,0.0,0.0,12,0.25,0.0
2020-07-07,NSC/UNP,0.0,0.0,0.0,12,0.25,0.0
2020-07-08,AXP/MA,0.0,0.0,0.0,12,0.25,0.0
2020-07-08,MCHP/NXPI,-0.0,-0.0,0.0,12,0.25,-0.0
2020-07-08,QQQ/XLK,0.0002240745756076,0.0012240745756076,1.0,12,0.25,5.601864390190973e-05
2020-07-08,NSC/UNP,-0.0,-0.0,0.0,12,0.25,-0.0
2020-07-09,AXP/MA,-0.0,-0.0,0.0,12,0.25,-0.0
2020-07-09,MCHP/NXPI,0.0,0.0,0.0,12,0.25,0.0
2020-07-09,QQQ/XLK,-0.0025423409973459,-0.0025423409973459,0.0,12,0.25,-0.0006355852493364
2020-07-09,NSC/UNP,0.0,0.0,0.0,12,0.25,0.0
2020-07-10,AXP/MA,-0.0,-0.0,0.0,12,0.25,-0.0
2020-07-10,MCHP/NXPI,-0.0,-0.0,0.0,12,0.25,-0.0
2020-07-10,QQQ/XLK,-0.003627047624148,-0.003627047624148,0.0,12,0.25,-0.000906761906037
2020-07-10,NSC/UNP,0.0,0.0,0.0,12,0.25,0.0
2020-07-13,AXP/MA,-0.0,-0.0,0.0,12,0.25,-0.0
2020-07-13,MCHP/NXPI,-0.0,-0.0,0.0,12,0.25,-0.0
2020-07-13,QQQ/XLK,0.0003785727767784,0.0003785727767784,0.0,12,0.25,9.464319419460789e-05
2020-07-13,NSC/UNP,-0.0,-0.0,0.0,12,0.25,-0.0
2020-07-14,AXP/MA,0.0,0.0,0.0,12,0.25,0.0
2020-07-14,MCHP/NXPI,0.0,0.0,0.0,12,0.25,0.0
2020-07-14,QQQ/XLK,0.0020204502965372,0.0020204502965372,0.0,12,0.25,0.0005051125741343
2020-07-14,NSC/UNP,0.0,0.0,0.0,12,0.25,0.0
2020-07-15,AXP/MA,0.0,0.0,0.0,12,0.25,0.0
2020-07-15,MCHP/NXPI,-0.0,-0.0,0.0,12,0.25,-0.0
2020-07-15,QQQ/XLK,0.0016096243709095,0.0016096243709095,0.0,12,0.25,0.0004024060927273
2020-07-15,NSC/UNP,-0.0,-0.0,0.0,12,0.25,-0.0
2020-07-16,AXP/MA,-0.0,-0.0,0.0,12,0.25,-0.0
2020-07-16,MCHP/NXPI,-0.0,-0.0,0.0,12,0.25,-0.0
2020-07-16,QQQ/XLK,-0.0025561179062431,-0.0025561179062431,0.0,12,0.25,-0.0006390294765607
2020-07-16,NSC/UNP,0.0,0.0,0.0,12,0.25,0.0
2020-07-17,AXP/MA,0.0,0.0,0.0,12,0.25,0.0
2020-07-17,MCHP/NXPI,-0.0,-0.0,0.0,12,0.25,-0.0
2020-07-17,QQQ/XLK,0.0018005588009603,0.0018005588009603,0.0,12,0.25,0.00045013970024
2020-07-17,NSC/UNP,0.0,0.0,0.0,12,0.25,0.0
2020-07-20,AXP/MA,0.0,0.0,0.0,12,0.25,0.0
2020-07-20,MCHP/NXPI,0.0,0.0,0.0,12,0.25,0.0
2020-07-20,QQQ/XLK,-0.001998573376535,-0.001998573376535,0.0,12,0.25,-0.0004996433441337
2020-07-20,NSC/UNP,-0.0,-0.0,0.0,12,0.25,-0.0
2020-07-21,AXP/MA,0.0175041638162087,0.0185041638162087,1.0,12,0.25,0.0043760409540521
2020-07-21,MCHP/NXPI,-0.0,-0.0,0.0,12,0.25,-0.0
2020-07-21,QQQ/XLK,0.0004116661169334,0.0004116661169334,0.0,12,0.25,0.0001029165292333
2020-07-21,NSC/UNP,0.0,0.0,0.0,12,0.25,0.0
2020-07-22,AXP/MA,-0.009989608408626,-0.009989608408626,0.0,12,0.25,-0.0024974021021565
2020-07-22,MCHP/NXPI,-0.0,-0.0,0.0,12,0.25,-0.0
2020-07-22,QQQ/XLK,0.0021247739180507,0.0021247739180507,0.0,12,0.25,0.0005311934795126
2020-07-22,NSC/UNP,-0.0,-0.0,0.0,12,0.25,-0.0
2020-07-23,AXP/MA,0.0069951258792201,0.0069951258792201,0.0,12,0.25,0.001748781469805
2020-07-23,MCHP/NXPI,-0.0,-0.0,0.0,12,0.25,-0.0
2020-07-23,QQQ/XLK,0.0006395663416546,0.0006395663416546,0.0,12,0.25,0.0001598915854136
2020-07-23,NSC/UNP,-0.0,-0.0,0.0,12,0.25,-0.0
2020-07-24,AXP/MA,-0.000225848040142,-0.000225848040142,0.0,12,0.25,-5.646201003550492e-05
2020-07-24,MCHP/NXPI,0.0,0.0,0.0,12,0.25,0.0
2020-07-24,QQQ/XLK,-0.0010728872443288,-0.0010728872443288,0.0,12,0.25,-0.0002682218110822
2020-07-24,NSC/UNP,0.0024417194169584,0.0034417194169584,1.0,12,0.25,0.0006104298542396
2020-07-27,AXP/MA,-0.0016484224581206,-0.0016484224581206,0.0,12,0.25,-0.0004121056145301
2020-07-27,MCHP/NXPI,-0.0,-0.0,0.0,12,0.25,-0.0
2020-07-27,QQQ/XLK,-0.0013992148789386,-0.0013992148789386,0.0,12,0.25,-0.0003498037197346
2020-07-27,NSC/UNP,-0.0048556962759663,-0.0048556962759663,0.0,12,0.25,-0.0012139240689915
2020-07-28,AXP/MA,-0.0012385897784855,-0.0012385897784855,0.0,12,0.25,-0.0003096474446213
2020-07-28,MCHP/NXPI,0.0,0.0,0.0,12,0.25,0.0
2020-07-28,QQQ/XLK,0.0007793304988841,0.0007793304988841,0.0,12,0.25,0.000194832624721
2020-07-28,NSC/UNP,0.0039631096779507,0.0039631096779507,0.0,12,0.25,0.0009907774194876
2020-07-29,AXP/MA,0.0044501719980968,0.0044501719980968,0.0,12,0.25,0.0011125429995242
2020-07-29,MCHP/NXPI,-0.0,-0.0,0.0,12,0.25,-0.0
2020-07-29,QQQ/XLK,0.0011978701254956,0.0011978701254956,0.0,12,0.25,0.0002994675313739
2020-07-29,NSC/UNP,-0.0075356503813109,-0.0075356503813109,0.0,12,0.25,-0.0018839125953277
2020-07-30,AXP/MA,-0.008279122442266,-0.008279122442266,0.0,12,0.25,-0.0020697806105665
2020-07-30,MCHP/NXPI,0.0,0.0,0.0,12,0.25,0.0
2020-07-30,QQQ/XLK,6.368239015585839e-05,6.368239015585839e-05,0.0,12,0.25,1.5920597538964598e-05
2020-07-30,NSC/UNP,-0.0067958785195668,-0.0067958785195668,0.0,12,0.25,-0.0016989696298917
2020-07-31,AXP/MA,-0.0050093073054303,-0.0050093073054303,0.0,12,0.25,-0.0012523268263575
2020-07-31,MCHP/NXPI,-0.0,-0.0,0.0,12,0.25,-0.0
2020-07-31,QQQ/XLK,0.0030911162187608,0.0030911162187608,0.0,12,0.25,0.0007727790546902
2020-07-31,NSC/UNP,-0.0061952109773554,-0.0061952109773554,0.0,12,0.25,-0.0015488027443388
2020-08-03,AXP/MA,-0.0066492210764186,-0.0066492210764186,0.0,12,0.25,-0.0016623052691046
2020-08-03,MCHP/NXPI,0.0,0.0,0.0,12,0.25,0.0
2020-08-03,QQQ/XLK,0.0051324957895024,0.0051324957895024,0.0,12,0.25,0.0012831239473756
2020-08-03,NSC/UNP,-4.115735435547396e-05,-4.115735435547396e-05,0.0,12,0.25,-1.028933858886849e-05
2020-08-04,AXP/MA,-0.0049112521075257,-0.0049112521075257,0.0,12,0.25,-0.0012278130268814
2020-08-04,MCHP/NXPI,0.0,0.0,0.0,12,0.25,0.0
2020-08-04,QQQ/XLK,-0.001,0.0,1.0,12,0.25,-0.00025
2020-08-04,NSC/UNP,0.0006747081971838,0.0006747081971838,0.0,12,0.25,0.0001686770492959
2020-08-05,AXP/MA,-0.0151663560571889,-0.0151663560571889,0.0,12,0.25,-0.0037915890142972
2020-08-05,MCHP/NXPI,-0.0,-0.0,0.0,12,0.25,-0.0
2020-08-05,QQQ/XLK,-0.0,-0.0,0.0,12,0.25,-0.0
2020-08-05,NSC/UNP,0.0104823872906519,0.0104823872906519,0.0,12,0.25,0.0026205968226629
2020-08-06,AXP/MA,-0.0014289000993389,-0.0014289000993389,0.0,12,0.25,-0.0003572250248347
2020-08-06,MCHP/NXPI,-0.0066893536150892,-0.0056893536150892,1.0,12,0.25,-0.0016723384037723
2020-08-06,QQQ/XLK,-0.0,-0.0,0.0,12,0.25,-0.0
2020-08-06,NSC/UNP,-0.0018718307239629,-0.0018718307239629,0.0,12,0.25,-0.0004679576809907
2020-08-07,AXP/MA,0.0179864121304566,0.0179864121304566,0.0,12,0.25,0.0044966030326141
2020-08-07,MCHP/NXPI,0.0050436718350794,0.0050436718350794,0.0,12,0.25,0.0012609179587698
2020-08-07,QQQ/XLK,0.0,0.0,0.0,12,0.25,0.0
2020-08-07,NSC/UNP,0.0028087188287797,0.0028087188287797,0.0,12,0.25,0.0007021797071949
2020-08-10,AXP/MA,0.0195270301486475,0.0195270301486475,0.0,12,0.25,0.0048817575371618
2020-08-10,MCHP/NXPI,0.0047925495723466,0.0047925495723466,0.0,12,0.25,0.0011981373930866
2020-08-10,QQQ/XLK,-0.0,-0.0,0.0,12,0.25,-0.0
2020-08-10,NSC/UNP,-0.0006295062916158,-0.0006295062916158,0.0,12,0.25,-0.0001573765729039
2020-08-11,AXP/MA,-0.0033959530165052,-0.0033959530165052,0.0,12,0.25,-0.0008489882541263
2020-08-11,MCHP/NXPI,0.0023354154531626,0.0023354154531626,0.0,12,0.25,0.0005838538632906
2020-08-11,QQQ/XLK,-0.0,-0.0,0.0,12,0.25,-0.0
2020-08-11,NSC/UNP,0.0068448903289944,0.0068448903289944,0.0,12,0.25,0.0017112225822486
2020-08-12,AXP/MA,-0.0047967416026835,-0.0047967416026835,0.0,12,0.25,-0.0011991854006708
2020-08-12,MCHP/NXPI,-0.0049750615174262,-0.0049750615174262,0.0,12,0.25,-0.0012437653793565
2020-08-12,QQQ/XLK,0.0,0.0,0.0,12,0.25,0.0
2020-08-12,NSC/UNP,0.0069623172128856,0.0069623172128856,0.0,12,0.25,0.0017405793032214
2020-08-13,AXP/MA,-0.0026313339843461,-0.0026313339843461,0.0,12,0.25,-0.0006578334960865
2020-08-13,MCHP/NXPI,-0.0006033509188168,-0.0006033509188168,0.0,12,0.25,-0.0001508377297042
2020-08-13,QQQ/XLK,0.0,0.0,0.0,12,0.25,0.0
2020-08-13,NSC/UNP,-0.0050096250141837,-0.0050096250141837,0.0,12,0.25,-0.0012524062535459
2020-08-14,AXP/MA,-0.0011288141010461,-0.0011288141010461,0.0,12,0.25,-0.0002822035252615
2020-08-14,MCHP/NXPI,-0.0031901987680775,-0.0031901987680775,0.0,12,0.25,-0.0007975496920193
2020-08-14,QQQ/XLK,-0.0,-0.0,0.0,12,0.25,-0.0
2020-08-14,NSC/UNP,0.0014531934863621,0.0014531934863621,0.0,12,0.25,0.0003632983715905
2020-08-17,AXP/MA,-0.001,0.0,1.0,12,0.25,-0.00025
2020-08-17,MCHP/NXPI,0.011334328081538,0.011334328081538,0.0,12,0.25,0.0028335820203845
2020-08-17,QQQ/XLK,0.0,0.0,0.0,12,0.25,0.0
2020-08-17,NSC/UNP,0.0017834184720296,0.0017834184720296,0.0,12,0.25,0.0004458546180074
2020-08-18,AXP/MA,0.0,0.0,0.0,12,0.25,0.0
2020-08-18,MCHP/NXPI,0.0230585109384234,0.0230585109384234,0.0,12,0.25,0.0057646277346058
2020-08-18,QQQ/XLK,0.0,0.0,0.0,12,0.25,0.0
2020-08-18,NSC/UNP,-0.0046042332934157,-0.0046042332934157,0.0,12,0.25,-0.0011510583233539
2020-08-19,AXP/MA,0.0,0.0,0.0,12,0.25,0.0
2020-08-19,MCHP/NXPI,0.0062405032063481,0.0062405032063481,0.0,12,0.25,0.001560125801587
2020-08-19,QQQ/XLK,0.0018530136973625,0.0028530136973625,1.0,12,0.25,0.0004632534243406
2020-08-19,NSC/UNP,0.0027519746031389,0.0027519746031389,0.0,12,0.25,0.0006879936507847
2020-08-20,AXP/MA,0.0,0.0,0.0,12,0.25,0.0
2020-08-20,MCHP/NXPI,-0.0063879782737138,-0.0063879782737138,0.0,12,0.25,-0.0015969945684284
2020-08-20,QQQ/XLK,-0.0006128483838916,-0.0006128483838916,0.0,12,0.25,-0.0001532120959729
2020-08-20,NSC/UNP,-0.001,-0.0,1.0,12,0.25,-0.00025
2020-08-21,AXP/MA,0.0,0.0,0.0,12,0.25,0.0
2020-08-21,MCHP/NXPI,0.0157783733178595,0.0157783733178595,0.0,12,0.25,0.0039445933294648
2020-08-21,QQQ/XLK,0.0026494563700455,0.0026494563700455,0.0,12,0.25,0.0006623640925113
2020-08-21,NSC/UNP,-0.0,-0.0,0.0,12,0.25,-0.0
2020-08-24,AXP/MA,-0.0,-0.0,0.0,12,0.25,-0.0
2020-08-24,MCHP/NXPI,-0.0109646965883907,-0.0109646965883907,0.0,12,0.25,-0.0027411741470976
2020-08-24,QQQ/XLK,0.0010183342679664,0.0010183342679664,0.0,12,0.25,0.0002545835669916
2020-08-24,NSC/UNP,-0.0,-0.0,0.0,12,0.25,-0.0
2020-08-25,AXP/MA,0.0,0.0,0.0,12,0.25,0.0
2020-08-25,MCHP/NXPI,-0.0045045980877078,-0.0045045980877078,0.0,12,0.25,-0.0011261495219269
2020-08-25,QQQ/XLK,-0.0015704944916953,-0.0015704944916953,0.0,12,0.25,-0.0003926236229238
2020-08-25,NSC/UNP,0.0,0.0,0.0,12,0.25,0.0
2020-08-26,AXP/MA,0.0,0.0,0.0,12,0.25,0.0
2020-08-26,MCHP/NXPI,-0.0077525821566,-0.0077525821566,0.0,12,0.25,-0.00193814553915
2020-08-26,QQQ/XLK,-0.0010279819858891,-0.0010279819858891,0.0,12,0.25,-0.0002569954964722
2020-08-26,NSC/UNP,-0.0,-0.0,0.0,12,0.25,-0.0
2020-08-27,AXP/MA,-0.0,-0.0,0.0,12,0.25,-0.0
2020-08-27,MCHP/NXPI,0.0040122461017108,0.0040122461017108,0.0,12,0.25,0.0010030615254277
2020-08-27,QQQ/XLK,0.0019966765292559,0.0019966765292559,0.0,12,0.25,0.0004991691323139
2020-08-27,NSC/UNP,0.0,0.0,0.0,12,0.25,0.0
2020-08-28,AXP/MA,0.0,0.0,0.0,12,0.25,0.0
2020-08-28,MCHP/NXPI,0.0119565491229318,0.0119565491229318,0.0,12,0.25,0.0029891372807329
2020-08-28,QQQ/XLK,0.0016663809393158,0.0016663809393158,0.0,12,0.25,0.0004165952348289
2020-08-28,NSC/UNP,0.0,0.0,0.0,12,0.25,0.0
2020-08-31,AXP/MA,-0.0,-0.0,0.0,12,0.25,-0.0
2020-08-31,MCHP/NXPI,0.0010074529360896,0.0010074529360896,0.0,12,0.25,0.0002518632340224
2020-08-31,QQQ/XLK,-0.0025755275958134,-0.0025755275958134,0.0,12,0.25,-0.0006438818989533
2020-08-31,NSC/UNP,-0.0,-0.0,0.0,12,0.25,-0.0
2020-09-01,AXP/MA,-0.0,-0.0,0.0,12,0.25,-0.0
2020-09-01,MCHP/NXPI,0.0047975763110228,0.0047975763110228,0.0,12,0.25,0.0011993940777557
2020-09-01,QQQ/XLK,0.0005480298044021,0.0005480298044021,0.0,12,0.25,0.0001370074511005
2020-09-01,NSC/UNP,0.0,0.0,0.0,12,0.25,0.0
2020-09-02,AXP/MA,-0.0,-0.0,0.0,12,0.25,-0.0
2020-09-02,MCHP/NXPI,-0.001,-0.0,1.0,12,0.25,-0.00025
2020-09-02,QQQ/XLK,-0.0005187378457332,-0.0005187378457332,0.0,12,0.25,-0.0001296844614333
2020-09-02,NSC/UNP,0.0,0.0,0.0,12,0.25,0.0
2020-09-03,AXP/MA,-0.0,-0.0,0.0,12,0.25,-0.0
2020-09-03,MCHP/NXPI,-0.0,-0.0,0.0,12,0.25,-0.0
2020-09-03,QQQ/XLK,-0.0017923842730366,-0.0017923842730366,0.0,12,0.25,-0.0004480960682591
2020-09-03,NSC/UNP,-0.0,-0.0,0.0,12,0.25,-0.0
2020-09-04,AXP/MA,-0.0207404766607014,-0.0197404766607014,1.0,12,0.25,-0.0051851191651753
2020-09-04,MCHP/NXPI,-0.0,-0.0,0.0,12,0.25,-0.0
2020-09-04,QQQ/XLK,3.5830254048926624e-05,3.5830254048926624e-05,0.0,12,0.25,8.957563512231656e-06
2020-09-04,NSC/UNP,0.0,0.0,0.0,12,0.25,0.0
2020-09-08,AXP/MA,-0.0009746584739669,-0.0009746584739669,0.0,12,0.25,-0.0002436646184917
2020-09-08,MCHP/NXPI,-0.0,-0.0,0.0,12,0.25,-0.0
2020-09-08,QQQ/XLK,0.0026040068899783,0.0026040068899783,0.0,12,0.25,0.0006510017224945
2020-09-08,NSC/UNP,-0.0,-0.0,0.0,12,0.25,-0.0
2020-09-09,AXP/MA,0.0167849391868202,0.0167849391868202,0.0,12,0.25,0.004196234796705
2020-09-09,MCHP/NXPI,-0.0,-0.0,0.0,12,0.25,-0.0
2020-09-09,QQQ/XLK,0.0008503922130701,0.0008503922130701,0.0,12,0.25,0.0002125980532675
2020-09-09,NSC/UNP,0.0,0.0,0.0,12,0.25,0.0
2020-09-10,AXP/MA,-0.0075239027060203,-0.0075239027060203,0.0,12,0.25,-0.001880975676505
2020-09-10,MCHP/NXPI,-0.0015949748321272,-0.0005949748321272,1.0,12,0.25,-0.0003987437080318
2020-09-10,QQQ/XLK,-0.0007889652126908,-0.0007889652126908,0.0,12,0.25,-0.0001972413031727
2020-09-10,NSC/UNP,-0.0,-0.0,0.0,12,0.25,-0.0
2020-09-11,AXP/MA,-0.007174422917306,-0.007174422917306,0.0,12,0.25,-0.0017936057293265
2020-09-11,MCHP/NXPI,-0.0053796338083692,-0.0053796338083692,0.0,12,0.25,-0.0013449084520923
2020-09-11,QQQ/XLK,-0.0001681545147769,-0.0001681545147769,0.0,12,0.25,-4.2038628694231616e-05
2020-09-11,NSC/UNP,-0.0,-0.0,0.0,12,0.25,-0.0
2020-09-14,AXP/MA,-0.0008488903296496,-0.0008488903296496,0.0,12,0.25,-0.0002122225824124
2020-09-14,MCHP/NXPI,0.0036619243340377,0.0036619243340377,0.0,12,0.25,0.0009154810835094
2020-09-14,QQQ/XLK,0.0013004416830157,0.0013004416830157,0.0,12,0.25,0.0003251104207539
2020-09-14,NSC/UNP,0.0,0.0,0.0,12,0.25,0.0
2020-09-15,AXP/MA,0.0032206519584714,0.0032206519584714,0.0,12,0.25,0.0008051629896178
2020-09-15,MCHP/NXPI,0.0016984752912626,0.0016984752912626,0.0,12,0.25,0.0004246188228156
2020-09-15,QQQ/XLK,-0.0024482173996441,-0.0024482173996441,0.0,12,0.25,-0.000612054349911
2020-09-15,NSC/UNP,0.0,0.0,0.0,12,0.25,0.0
2020-09-16,AXP/MA,0.0073960612017445,0.0073960612017445,0.0,12,0.25,0.0018490153004361
2020-09-16,MCHP/NXPI,-0.0043571933139799,-0.0043571933139799,0.0,12,0.25,-0.0010892983284949
2020-09-16,QQQ/XLK,-0.001,-0.0,1.0,12,0.25,-0.00025
2020-09-16,NSC/UNP,-0.0,-0.0,0.0,12,0.25,-0.0
2020-09-17,AXP/MA,0.0010563337457447,0.0010563337457447,0.0,12,0.25,0.0002640834364361
2020-09-17,MCHP/NXPI,0.0025765790816814,0.0025765790816814,0.0,12,0.25,0.0006441447704203
2020-09-17,QQQ/XLK,-0.0,-0.0,0.0,12,0.25,-0.0
2020-09-17,NSC/UNP,-0.0,-0.0,0.0,12,0.25,-0.0
2020-09-18,AXP/MA,-0.0023096173365635,-0.0023096173365635,0.0,12,0.25,-0.0005774043341408
2020-09-18,MCHP/NXPI,-0.0056845759648984,-0.0056845759648984,0.0,12,0.25,-0.0014211439912246
2020-09-18,QQQ/XLK,0.0008577988241535,0.0018577988241535,1.0,12,0.25,0.0002144497060383
2020-09-18,NSC/UNP,-0.0,-0.0,0.0,12,0.25,-0.0
2020-09-21,AXP/MA,0.0083359635047328,0.0083359635047328,0.0,12,0.25,0.0020839908761832
2020-09-21,MCHP/NXPI,0.0005719778124616,0.0005719778124616,0.0,12,0.25,0.0001429944531154
2020-09-21,QQQ/XLK,-0.0028221322780161,-0.0028221322780161,0.0,12,0.25,-0.000705533069504
2020-09-21,NSC/UNP,-0.0,-0.0,0.0,12,0.25,-0.0
2020-09-22,AXP/MA,0.0119603512545575,0.0119603512545575,0.0,12,0.25,0.0029900878136393
2020-09-22,MCHP/NXPI,-0.0006731005366943,-0.0006731005366943,0.0,12,0.25,-0.0001682751341735
2020-09-22,QQQ/XLK,0.0018117033844435,0.0018117033844435,0.0,12,0.25,0.0004529258461108
2020-09-22,NSC/UNP,0.0,0.0,0.0,12,0.25,0.0
2020-09-23,AXP/MA,-0.0063935980103798,-0.0063935980103798,0.0,12,0.25,-0.0015983995025949
2020-09-23,MCHP/NXPI,0.0009229139583079,0.0009229139583079,0.0,12,0.25,0.0002307284895769
2020-09-23,QQQ/XLK,-0.0004689710867033,-0.0004689710867033,0.0,12,0.25,-0.0001172427716758
2020-09-23,NSC/UNP,-0.0,-0.0,0.0,12,0.25,-0.0
2020-09-24,AXP/MA,0.0070936234999426,0.0070936234999426,0.0,12,0.25,0.0017734058749856
2020-09-24,MCHP/NXPI,0.0034377930744265,0.0034377930744265,0.0,12,0.25,0.0008594482686066
2020-09-24,QQQ/XLK,-0.0003424668524387,-0.0003424668524387,0.0,12,0.25,-8.561671310968566e-05
2020-09-24,NSC/UNP,0.0,0.0,0.0,12,0.25,0.0
2020-09-25,AXP/MA,0.0028052220899265,0.0028052220899265,0.0,12,0.25,0.0007013055224816
2020-09-25,MCHP/NXPI,0.0049617906450097,0.0049617906450097,0.0,12,0.25,0.0012404476612524
2020-09-25,QQQ/XLK,0.0002740389161262,0.0002740389161262,0.0,12,0.25,6.850972903155996e-05
2020-09-25,NSC/UNP,-0.0,-0.0,0.0,12,0.25,-0.0
2020-09-28,AXP/MA,0.0005174240187891,0.0005174240187891,0.0,12,0.25,0.0001293560046972
2020-09-28,MCHP/NXPI,0.0073505086706795,0.0073505086706795,0.0,12,0.25,0.0018376271676698
2020-09-28,QQQ/XLK,0.0013280016607372,0.0013280016607372,0.0,12,0.25,0.0003320004151843
2020-09-28,NSC/UNP,-0.0,-0.0,0.0,12,0.25,-0.0
2020-09-29,AXP/MA,0.0008030987204837,0.0008030987204837,0.0,12,0.25,0.0002007746801209
2020-09-29,MCHP/NXPI,0.0007400858795349,0.0007400858795349,0.0,12,0.25,0.0001850214698837
2020-09-29,QQQ/XLK,-0.0006752200123918,-0.0006752200123918,0.0,12,0.25,-0.0001688050030979
2020-09-29,NSC/UNP,0.0,0.0,0.0,12,0.25,0.0
2020-09-30,AXP/MA,-0.0073250577761128,-0.0073250577761128,0.0,12,0.25,-0.0018312644440282
2020-09-30,MCHP/NXPI,-0.0053397943680414,-0.0053397943680414,0.0,12,0.25,-0.0013349485920103
2020-09-30,QQQ/XLK,-0.0005733080531285,-0.0005733080531285,0.0,12,0.25,-0.0001433270132821
2020-09-30,NSC/UNP,0.0,0.0,0.0,12,0.25,0.0
2020-10-01,AXP/MA,0.004459464067024,0.004459464067024,0.0,12,0.25,0.001114866016756
2020-10-01,MCHP/NXPI,0.0014181017815414,0.0014181017815414,0.0,12,0.25,0.0003545254453853
2020-10-01,QQQ/XLK,0.0030023850079378,0.0030023850079378,0.0,12,0.25,0.0007505962519844
2020-10-01,NSC/UNP,-0.0,-0.0,0.0,12,0.25,-0.0
2020-10-02,AXP/MA,-0.001,-0.0,1.0,12,0.25,-0.00025
2020-10-02,MCHP/NXPI,-0.0050019905816808,-0.0050019905816808,0.0,12,0.25,-0.0012504976454202
2020-10-02,QQQ/XLK,-0.0020591650382033,-0.0020591650382033,0.0,12,0.25,-0.0005147912595508
2020-10-02,NSC/UNP,0.0,0.0,0.0,12,0.25,0.0
2020-10-05,NOW/ORCL,0.0,0.0,0.0,13,0.25,0.0
2020-10-05,ADSK/CRM,0.0,0.0,0.0,13,0.25,0.0
2020-10-05,MA/V,-0.0,-0.0,0.0,13,0.25,-0.0
2020-10-05,ADI/AVGO,0.0,0.0,0.0,13,0.25,0.0
2020-10-06,NOW/ORCL,0.0,0.0,0.0,13,0.25,0.0
2020-10-06,ADSK/CRM,-0.0,-0.0,0.0,13,0.25,-0.0
2020-10-06,MA/V,-0.0,-0.0,0.0,13,0.25,-0.0
2020-10-06,ADI/AVGO,0.0,0.0,0.0,13,0.25,0.0
2020-10-07,NOW/ORCL,0.0,0.0,0.0,13,0.25,0.0
2020-10-07,ADSK/CRM,0.0,0.0,0.0,13,0.25,0.0
2020-10-07,MA/V,-0.0,-0.0,0.0,13,0.25,-0.0
2020-10-07,ADI/AVGO,-0.0,-0.0,0.0,13,0.25,-0.0
2020-10-08,NOW/ORCL,0.0,0.0,0.0,13,0.25,0.0
2020-10-08,ADSK/CRM,-0.0,-0.0,0.0,13,0.25,-0.0
2020-10-08,MA/V,-0.0,-0.0,0.0,13,0.25,-0.0
2020-10-08,ADI/AVGO,0.0,0.0,0.0,13,0.25,0.0
2020-10-09,NOW/ORCL,-0.0,-0.0,0.0,13,0.25,-0.0
2020-10-09,ADSK/CRM,0.0,0.0,0.0,13,0.25,0.0
2020-10-09,MA/V,0.0,0.0,0.0,13,0.25,0.0
2020-10-09,ADI/AVGO,-0.0,-0.0,0.0,13,0.25,-0.0
2020-10-12,NOW/ORCL,0.0,0.0,0.0,13,0.25,0.0
2020-10-12,ADSK/CRM,-0.0,-0.0,0.0,13,0.25,-0.0
2020-10-12,MA/V,-0.0,-0.0,0.0,13,0.25,-0.0
2020-10-12,ADI/AVGO,-0.0,-0.0,0.0,13,0.25,-0.0
2020-10-13,NOW/ORCL,-0.0,-0.0,0.0,13,0.25,-0.0
2020-10-13,ADSK/CRM,-0.0,-0.0,0.0,13,0.25,-0.0
2020-10-13,MA/V,0.0,0.0,0.0,13,0.25,0.0
2020-10-13,ADI/AVGO,0.0,0.0,0.0,13,0.25,0.0
2020-10-14,NOW/ORCL,0.0,0.0,0.0,13,0.25,0.0
2020-10-14,ADSK/CRM,-0.0,-0.0,0.0,13,0.25,-0.0
2020-10-14,MA/V,-0.0,-0.0,0.0,13,0.25,-0.0
2020-10-14,ADI/AVGO,0.0,0.0,0.0,13,0.25,0.0
2020-10-15,NOW/ORCL,-0.0,-0.0,0.0,13,0.25,-0.0
2020-10-15,ADSK/CRM,-0.0191540110615133,-0.0181540110615133,1.0,13,0.25,-0.0047885027653783
2020-10-15,MA/V,-0.0,-0.0,0.0,13,0.25,-0.0
2020-10-15,ADI/AVGO,-0.0,-0.0,0.0,13,0.25,-0.0
2020-10-16,NOW/ORCL,-0.0,-0.0,0.0,13,0.25,-0.0
2020-10-16,ADSK/CRM,-0.0111479065324965,-0.0111479065324965,0.0,13,0.25,-0.0027869766331241
2020-10-16,MA/V,0.0,0.0,0.0,13,0.25,0.0
2020-10-16,ADI/AVGO,-0.0,-0.0,0.0,13,0.25,-0.0
2020-10-19,NOW/ORCL,-0.0,-0.0,0.0,13,0.25,-0.0
2020-10-19,ADSK/CRM,-0.0080107532265239,-0.0080107532265239,0.0,13,0.25,-0.0020026883066309
2020-10-19,MA/V,0.0,0.0,0.0,13,0.25,0.0
2020-10-19,ADI/AVGO,-0.0,-0.0,0.0,13,0.25,-0.0
2020-10-20,NOW/ORCL,0.0,0.0,0.0,13,0.25,0.0
2020-10-20,ADSK/CRM,0.0063211498816792,0.0063211498816792,0.0,13,0.25,0.0015802874704198
2020-10-20,MA/V,0.0,0.0,0.0,13,0.25,0.0
2020-10-20,ADI/AVGO,-0.0,-0.0,0.0,13,0.25,-0.0
2020-10-21,NOW/ORCL,0.0,0.0,0.0,13,0.25,0.0
2020-10-21,ADSK/CRM,0.0012848595531945,0.0012848595531945,0.0,13,0.25,0.0003212148882986
2020-10-21,MA/V,-0.0,-0.0,0.0,13,0.25,-0.0
2020-10-21,ADI/AVGO,-0.0,-0.0,0.0,13,0.25,-0.0
2020-10-22,NOW/ORCL,0.0,0.0,0.0,13,0.25,0.0
2020-10-22,ADSK/CRM,-0.0085786834739877,-0.0085786834739877,0.0,13,0.25,-0.0021446708684969
2020-10-22,MA/V,-0.0,-0.0,0.0,13,0.25,-0.0
2020-10-22,ADI/AVGO,0.0,0.0,0.0,13,0.25,0.0
2020-10-23,NOW/ORCL,-0.0,-0.0,0.0,13,0.25,-0.0
2020-10-23,ADSK/CRM,-0.0006742969288108,-0.0006742969288108,0.0,13,0.25,-0.0001685742322027
2020-10-23,MA/V,0.0,0.0,0.0,13,0.25,0.0
2020-10-23,ADI/AVGO,0.0,0.0,0.0,13,0.25,0.0
2020-10-26,NOW/ORCL,-0.0,-0.0,0.0,13,0.25,-0.0
2020-10-26,ADSK/CRM,-0.0116572467523434,-0.0116572467523434,0.0,13,0.25,-0.0029143116880858
2020-10-26,MA/V,-0.0027147140223761,-0.0017147140223761,1.0,13,0.25,-0.000678678505594
2020-10-26,ADI/AVGO,-0.0,-0.0,0.0,13,0.25,-0.0
2020-10-27,NOW/ORCL,-0.0056685045974989,-0.0046685045974989,1.0,13,0.25,-0.0014171261493747
2020-10-27,ADSK/CRM,0.017935120564275,0.017935120564275,0.0,13,0.25,0.0044837801410687
2020-10-27,MA/V,0.0073339856056029,0.0073339856056029,0.0,13,0.25,0.0018334964014007
2020-10-27,ADI/AVGO,-0.0,-0.0,0.0,13,0.25,-0.0
2020-10-28,NOW/ORCL,-0.0129162519831789,-0.0129162519831789,0.0,13,0.25,-0.0032290629957947
2020-10-28,ADSK/CRM,-0.0068783733013555,-0.0068783733013555,0.0,13,0.25,-0.0017195933253388
2020-10-28,MA/V,-0.0091897739674652,-0.0091897739674652,0.0,13,0.25,-0.0022974434918663
2020-10-28,ADI/AVGO,-0.0,-0.0,0.0,13,0.25,-0.0
2020-10-29,NOW/ORCL,-0.0065367328300272,-0.0065367328300272,0.0,13,0.25,-0.0016341832075068
2020-10-29,ADSK/CRM,-0.0121764786760131,-0.0121764786760131,0.0,13,0.25,-0.0030441196690032
2020-10-29,MA/V,-0.0095576490054518,-0.0095576490054518,0.0,13,0.25,-0.0023894122513629
2020-10-29,ADI/AVGO,0.0,0.0,0.0,13,0.25,0.0
2020-10-30,NOW/ORCL,0.0070133406670719,0.0070133406670719,0.0,13,0.25,0.0017533351667679
2020-10-30,ADSK/CRM,0.0001161844615327,0.0001161844615327,0.0,13,0.25,2.9046115383188897e-05
2020-10-30,MA/V,0.0026402417331202,0.0026402417331202,0.0,13,0.25,0.00066006043328
2020-10-30,ADI/AVGO,-0.0,-0.0,0.0,13,0.25,-0.0
2020-11-02,NOW/ORCL,0.0144843042391297,0.0144843042391297,0.0,13,0.25,0.0036210760597824
2020-11-02,ADSK/CRM,-0.0085502606339056,-0.0085502606339056,0.0,13,0.25,-0.0021375651584764
2020-11-02,MA/V,-0.0072343138423125,-0.0072343138423125,0.0,13,0.25,-0.0018085784605781
2020-11-02,ADI/AVGO,0.0,0.0,0.0,13,0.25,0.0
2020-11-03,NOW/ORCL,0.0028741716843119,0.0028741716843119,0.0,13,0.25,0.0007185429210779
2020-11-03,ADSK/CRM,-0.0008846285240312,-0.0008846285240312,0.0,13,0.25,-0.0002211571310078
2020-11-03,MA/V,-0.0025443408884727,-0.0025443408884727,0.0,13,0.25,-0.0006360852221181
2020-11-03,ADI/AVGO,-0.0,-0.0,0.0,13,0.25,-0.0
2020-11-04,NOW/ORCL,-0.0200430379852496,-0.0200430379852496,0.0,13,0.25,-0.0050107594963124
2020-11-04,ADSK/CRM,0.0380050994168377,0.0380050994168377,0.0,13,0.25,0.0095012748542094
2020-11-04,MA/V,0.0011426348932588,0.0011426348932588,0.0,13,0.25,0.0002856587233147
2020-11-04,ADI/AVGO,-0.0,-0.0,0.0,13,0.25,-0.0
2020-11-05,NOW/ORCL,-0.0053396167167822,-0.0053396167167822,0.0,13,0.25,-0.0013349041791955
2020-11-05,ADSK/CRM,0.0056946617517387,0.0056946617517387,0.0,13,0.25,0.0014236654379346
2020-11-05,MA/V,0.0029893546946982,0.0029893546946982,0.0,13,0.25,0.0007473386736745
2020-11-05,ADI/AVGO,0.0,0.0,0.0,13,0.25,0.0
2020-11-06,NOW/ORCL,0.0001919444002657,0.0001919444002657,0.0,13,0.25,4.798610006644469e-05
2020-11-06,ADSK/CRM,-0.005756836485626,-0.005756836485626,0.0,13,0.25,-0.0014392091214065
2020-11-06,MA/V,-0.0063908318820535,-0.0063908318820535,0.0,13,0.25,-0.0015977079705133
2020-11-06,ADI/AVGO,-0.0,-0.0,0.0,13,0.25,-0.0
2020-11-09,NOW/ORCL,0.0143777318810702,0.0143777318810702,0.0,13,0.25,0.0035944329702675
2020-11-09,ADSK/CRM,-0.0070405982215119,-0.0070405982215119,0.0,13,0.25,-0.0017601495553779
2020-11-09,MA/V,0.0040967622112114,0.0040967622112114,0.0,13,0.25,0.0010241905528028
2020-11-09,ADI/AVGO,-0.0,-0.0,0.0,13,0.25,-0.0
2020-11-10,NOW/ORCL,0.0068696600715877,0.0068696600715877,0.0,13,0.25,0.0017174150178969
2020-11-10,ADSK/CRM,-0.0023169801429834,-0.0023169801429834,0.0,13,0.25,-0.0005792450357458
2020-11-10,MA/V,-0.0142690354466401,-0.0142690354466401,0.0,13,0.25,-0.00356725886166
2020-11-10,ADI/AVGO,-0.0155687755884899,-0.0145687755884899,1.0,13,0.25,-0.0038921938971224
2020-11-11,NOW/ORCL,-0.0029804215649898,-0.0029804215649898,0.0,13,0.25,-0.0007451053912474
2020-11-11,ADSK/CRM,-0.001,0.0,1.0,13,0.25,-0.00025
2020-11-11,MA/V,-0.00159800785229,-0.00159800785229,0.0,13,0.25,-0.0003995019630725
2020-11-11,ADI/AVGO,-0.001,0.0,1.0,13,0.25,-0.00025
2020-11-12,NOW/ORCL,-0.0130318498758143,-0.0130318498758143,0.0,13,0.25,-0.0032579624689535
2020-11-12,ADSK/CRM,-0.0,-0.0,0.0,13,0.25,-0.0
2020-11-12,MA/V,0.0052356216620429,0.0052356216620429,0.0,13,0.25,0.0013089054155107
2020-11-12,ADI/AVGO,-0.0,-0.0,0.0,13,0.25,-0.0
2020-11-13,NOW/ORCL,0.0071062600878256,0.0071062600878256,0.0,13,0.25,0.0017765650219564
2020-11-13,ADSK/CRM,-0.0,-0.0,0.0,13,0.25,-0.0
2020-11-13,MA/V,0.0032612477632778,0.0032612477632778,0.0,13,0.25,0.0008153119408194
2020-11-13,ADI/AVGO,0.0,0.0,0.0,13,0.25,0.0
2020-11-16,NOW/ORCL,0.0057920704719787,0.0057920704719787,0.0,13,0.25,0.0014480176179946
2020-11-16,ADSK/CRM,0.0,0.0,0.0,13,0.25,0.0
2020-11-16,MA/V,-0.0052823570135796,-0.0052823570135796,0.0,13,0.25,-0.0013205892533949
2020-11-16,ADI/AVGO,0.0,0.0,0.0,13,0.25,0.0
2020-11-17,NOW/ORCL,-0.0052194647219255,-0.0052194647219255,0.0,13,0.25,-0.0013048661804813
2020-11-17,ADSK/CRM,0.0,0.0,0.0,13,0.25,0.0
2020-11-17,MA/V,0.0065770353478893,0.0065770353478893,0.0,13,0.25,0.0016442588369723
2020-11-17,ADI/AVGO,0.0,0.0,0.0,13,0.25,0.0
2020-11-18,NOW/ORCL,-0.0092278322829899,-0.0092278322829899,0.0,13,0.25,-0.0023069580707474
2020-11-18,ADSK/CRM,0.0,0.0,0.0,13,0.25,0.0
2020-11-18,MA/V,0.0068285005303361,0.0068285005303361,0.0,13,0.25,0.001707125132584
2020-11-18,ADI/AVGO,0.0,0.0,0.0,13,0.25,0.0
2020-11-19,NOW/ORCL,-0.0004024755766254,-0.0004024755766254,0.0,13,0.25,-0.0001006188941563
2020-11-19,ADSK/CRM,0.0,0.0,0.0,13,0.25,0.0
2020-11-19,MA/V,-0.0020392484230256,-0.0020392484230256,0.0,13,0.25,-0.0005098121057564
2020-11-19,ADI/AVGO,0.0036323714618004,0.0046323714618004,1.0,13,0.25,0.0009080928654501
2020-11-20,NOW/ORCL,-0.0119449940388408,-0.0119449940388408,0.0,13,0.25,-0.0029862485097102
2020-11-20,ADSK/CRM,-0.0,-0.0,0.0,13,0.25,-0.0
2020-11-20,MA/V,-0.001,0.0,1.0,13,0.25,-0.00025
2020-11-20,ADI/AVGO,-0.0028584616278187,-0.0028584616278187,0.0,13,0.25,-0.0007146154069546
2020-11-23,NOW/ORCL,-0.001,0.0,1.0,13,0.25,-0.00025
2020-11-23,ADSK/CRM,-0.0,-0.0,0.0,13,0.25,-0.0
2020-11-23,MA/V,-0.0,-0.0,0.0,13,0.25,-0.0
2020-11-23,ADI/AVGO,0.0021031395212885,0.0021031395212885,0.0,13,0.25,0.0005257848803221
2020-11-24,NOW/ORCL,0.0,0.0,0.0,13,0.25,0.0
2020-11-24,ADSK/CRM,0.0,0.0,0.0,13,0.25,0.0
2020-11-24,MA/V,-0.0,-0.0,0.0,13,0.25,-0.0
2020-11-24,ADI/AVGO,-0.0079933077068152,-0.0079933077068152,0.0,13,0.25,-0.0019983269267038
2020-11-25,NOW/ORCL,-0.0,-0.0,0.0,13,0.25,-0.0
2020-11-25,ADSK/CRM,-0.0,-0.0,0.0,13,0.25,-0.0
2020-11-25,MA/V,0.0,0.0,0.0,13,0.25,0.0
2020-11-25,ADI/AVGO,-0.0011574905750595,-0.0011574905750595,0.0,13,0.25,-0.0002893726437648
2020-11-27,NOW/ORCL,0.0,0.0,0.0,13,0.25,0.0
2020-11-27,ADSK/CRM,-0.0014129390968888,-0.0004129390968888,1.0,13,0.25,-0.0003532347742222
2020-11-27,MA/V,0.0,0.0,0.0,13,0.25,0.0
2020-11-27,ADI/AVGO,0.0002359062875585,0.0002359062875585,0.0,13,0.25,5.8976571889641735e-05
2020-11-30,NOW/ORCL,-0.0,-0.0,0.0,13,0.25,-0.0
2020-11-30,ADSK/CRM,-0.0154165128196808,-0.0154165128196808,0.0,13,0.25,-0.0038541282049202
2020-11-30,MA/V,0.0,0.0,0.0,13,0.25,0.0
2020-11-30,ADI/AVGO,-0.0047986883454933,-0.0047986883454933,0.0,13,0.25,-0.0011996720863733
2020-12-01,NOW/ORCL,0.0,0.0,0.0,13,0.25,0.0
2020-12-01,ADSK/CRM,-0.009206451524698,-0.009206451524698,0.0,13,0.25,-0.0023016128811745
2020-12-01,MA/V,-0.0,-0.0,0.0,13,0.25,-0.0
2020-12-01,ADI/AVGO,0.0013168971292305,0.0013168971292305,0.0,13,0.25,0.0003292242823076
2020-12-02,NOW/ORCL,0.0,0.0,0.0,13,0.25,0.0
2020-12-02,ADSK/CRM,-0.048119128518087,-0.048119128518087,0.0,13,0.25,-0.0120297821295217
2020-12-02,MA/V,-0.0,-0.0,0.0,13,0.25,-0.0
2020-12-02,ADI/AVGO,0.0009079502804368,0.0009079502804368,0.0,13,0.25,0.0002269875701092
2020-12-03,NOW/ORCL,0.0,0.0,0.0,13,0.25,0.0
2020-12-03,ADSK/CRM,0.0001883510262713,0.0001883510262713,0.0,13,0.25,4.708775656784904e-05
2020-12-03,MA/V,0.0,0.0,0.0,13,0.25,0.0
2020-12-03,ADI/AVGO,0.0043741441944921,0.0043741441944921,0.0,13,0.25,0.001093536048623
2020-12-04,NOW/ORCL,0.0,0.0,0.0,13,0.25,0.0
2020-12-04,ADSK/CRM,0.0123572621230276,0.0123572621230276,0.0,13,0.25,0.0030893155307569
2020-12-04,MA/V,0.0,0.0,0.0,13,0.25,0.0
2020-12-04,ADI/AVGO,-0.0025236615687071,-0.0025236615687071,0.0,13,0.25,-0.0006309153921767
2020-12-07,NOW/ORCL,-0.0,-0.0,0.0,13,0.25,-0.0
2020-12-07,ADSK/CRM,0.0009439079835998,0.0009439079835998,0.0,13,0.25,0.0002359769958999
2020-12-07,MA/V,0.0,0.0,0.0,13,0.25,0.0
2020-12-07,ADI/AVGO,-0.0130376299111065,-0.0130376299111065,0.0,13,0.25,-0.0032594074777766
2020-12-08,NOW/ORCL,-0.0,-0.0,0.0,13,0.25,-0.0
2020-12-08,ADSK/CRM,-0.0046124049788075,-0.0046124049788075,0.0,13,0.25,-0.0011531012447018
2020-12-08,MA/V,0.0,0.0,0.0,13,0.25,0.0
2020-12-08,ADI/AVGO,0.0043903849038233,0.0043903849038233,0.0,13,0.25,0.0010975962259558
2020-12-09,NOW/ORCL,0.0,0.0,0.0,13,0.25,0.0
2020-12-09,ADSK/CRM,-0.0124819805877591,-0.0124819805877591,0.0,13,0.25,-0.0031204951469397
2020-12-09,MA/V,-0.0,-0.0,0.0,13,0.25,-0.0
2020-12-09,ADI/AVGO,-0.0042838842606753,-0.0042838842606753,0.0,13,0.25,-0.0010709710651688
2020-12-10,NOW/ORCL,-0.0,-0.0,0.0,13,0.25,-0.0
2020-12-10,ADSK/CRM,0.0040026198504827,0.0040026198504827,0.0,13,0.25,0.0010006549626206
2020-12-10,MA/V,0.0,0.0,0.0,13,0.25,0.0
2020-12-10,ADI/AVGO,0.0064861754162786,0.0064861754162786,0.0,13,0.25,0.0016215438540696
2020-12-11,NOW/ORCL,0.0,0.0,0.0,13,0.25,0.0
2020-12-11,ADSK/CRM,0.0007129530742515,0.0007129530742515,0.0,13,0.25,0.0001782382685628
2020-12-11,MA/V,0.0,0.0,0.0,13,0.25,0.0
2020-12-11,ADI/AVGO,0.0051905292195391,0.0051905292195391,0.0,13,0.25,0.0012976323048847
2020-12-14,NOW/ORCL,0.0,0.0,0.0,13,0.25,0.0
2020-12-14,ADSK/CRM,-0.0153099732906289,-0.0153099732906289,0.0,13,0.25,-0.0038274933226572
2020-12-14,MA/V,-0.0,-0.0,0.0,13,0.25,-0.0
2020-12-14,ADI/AVGO,-0.0042327009981752,-0.0042327009981752,0.0,13,0.25,-0.0010581752495438
2020-12-15,NOW/ORCL,0.0,0.0,0.0,13,0.25,0.0
2020-12-15,ADSK/CRM,-0.0019855915257247,-0.0019855915257247,0.0,13,0.25,-0.0004963978814311
2020-12-15,MA/V,-0.0,-0.0,0.0,13,0.25,-0.0
2020-12-15,ADI/AVGO,-0.0027610077898298,-0.0027610077898298,0.0,13,0.25,-0.0006902519474574
2020-12-16,NOW/ORCL,0.0,0.0,0.0,13,0.25,0.0
2020-12-16,ADSK/CRM,0.0032599376189688,0.0032599376189688,0.0,13,0.25,0.0008149844047422
2020-12-16,MA/V,0.0,0.0,0.0,13,0.25,0.0
2020-12-16,ADI/AVGO,-0.0128971427768127,-0.0128971427768127,0.0,13,0.25,-0.0032242856942031
2020-12-17,NOW/ORCL,0.0,0.0,0.0,13,0.25,0.0
2020-12-17,ADSK/CRM,-0.00068849742996,-0.00068849742996,0.0,13,0.25,-0.00017212435749
2020-12-17,MA/V,0.0,0.0,0.0,13,0.25,0.0
2020-12-17,ADI/AVGO,-0.001,-0.0,1.0,13,0.25,-0.00025
2020-12-18,NOW/ORCL,0.0,0.0,0.0,13,0.25,0.0
2020-12-18,ADSK/CRM,-0.0060067319176603,-0.0060067319176603,0.0,13,0.25,-0.001501682979415
2020-12-18,MA/V,-0.0,-0.0,0.0,13,0.25,-0.0
2020-12-18,ADI/AVGO,0.0,0.0,0.0,13,0.25,0.0
2020-12-21,NOW/ORCL,-0.0,-0.0,0.0,13,0.25,-0.0
2020-12-21,ADSK/CRM,0.0027107984290272,0.0027107984290272,0.0,13,0.25,0.0006776996072568
2020-12-21,MA/V,0.0,0.0,0.0,13,0.25,0.0
2020-12-21,ADI/AVGO,-0.0,-0.0,0.0,13,0.25,-0.0
2020-12-22,NOW/ORCL,0.0,0.0,0.0,13,0.25,0.0
2020-12-22,ADSK/CRM,0.00876891704678,0.00876891704678,0.0,13,0.25,0.002192229261695
2020-12-22,MA/V,-0.0,-0.0,0.0,13,0.25,-0.0
2020-12-22,ADI/AVGO,-0.0,-0.0,0.0,13,0.25,-0.0
2020-12-23,NOW/ORCL,0.0,0.0,0.0,13,0.25,0.0
2020-12-23,ADSK/CRM,-0.0051072341779287,-0.0051072341779287,0.0,13,0.25,-0.0012768085444821
2020-12-23,MA/V,0.0,0.0,0.0,13,0.25,0.0
2020-12-23,ADI/AVGO,-0.0,-0.0,0.0,13,0.25,-0.0
2020-12-24,NOW/ORCL,-0.0,-0.0,0.0,13,0.25,-0.0
2020-12-24,ADSK/CRM,-0.001,-0.0,1.0,13,0.25,-0.00025
2020-12-24,MA/V,0.0,0.0,0.0,13,0.25,0.0
2020-12-24,ADI/AVGO,0.0,0.0,0.0,13,0.25,0.0
2020-12-28,NOW/ORCL,0.0,0.0,0.0,13,0.25,0.0
2020-12-28,ADSK/CRM,-0.0,-0.0,0.0,13,0.25,-0.0
2020-12-28,MA/V,-0.0,-0.0,0.0,13,0.25,-0.0
2020-12-28,ADI/AVGO,-0.0,-0.0,0.0,13,0.25,-0.0
2020-12-29,NOW/ORCL,-0.0,-0.0,0.0,13,0.25,-0.0
2020-12-29,ADSK/CRM,-0.0,-0.0,0.0,13,0.25,-0.0
2020-12-29,MA/V,0.0,0.0,0.0,13,0.25,0.0
2020-12-29,ADI/AVGO,-0.0,-0.0,0.0,13,0.25,-0.0
2020-12-30,NOW/ORCL,-0.0,-0.0,0.0,13,0.25,-0.0
2020-12-30,ADSK/CRM,-0.0,-0.0,0.0,13,0.25,-0.0
2020-12-30,MA/V,-0.0,-0.0,0.0,13,0.25,-0.0
2020-12-30,ADI/AVGO,-0.0,-0.0,0.0,13,0.25,-0.0
2020-12-31,NOW/ORCL,0.0,0.0,0.0,13,0.25,0.0
2020-12-31,ADSK/CRM,-0.0,-0.0,0.0,13,0.25,-0.0
2020-12-31,MA/V,-0.0,-0.0,0.0,13,0.25,-0.0
2020-12-31,ADI/AVGO,-0.0,-0.0,0.0,13,0.25,-0.0
2021-01-04,NOW/ORCL,-0.0,-0.0,0.0,13,0.25,-0.0
2021-01-04,ADSK/CRM,0.0,0.0,0.0,13,0.25,0.0
2021-01-04,MA/V,0.0,0.0,0.0,13,0.25,0.0
2021-01-04,ADI/AVGO,-0.0,-0.0,0.0,13,0.25,-0.0
2021-01-05,MCHP/NXPI,0.0,0.0,0.0,14,0.25,0.0
2021-01-05,MA/V,-0.0,-0.0,0.0,14,0.25,-0.0
2021-01-05,HUM/UNH,-0.0,-0.0,0.0,14,0.25,-0.0
2021-01-05,EEM/IEMG,0.0,0.0,0.0,14,0.25,0.0
2021-01-06,MCHP/NXPI,0.0,0.0,0.0,14,0.25,0.0
2021-01-06,MA/V,-0.0,-0.0,0.0,14,0.25,-0.0
2021-01-06,HUM/UNH,-0.0,-0.0,0.0,14,0.25,-0.0
2021-01-06,EEM/IEMG,-0.0,-0.0,0.0,14,0.25,-0.0
2021-01-07,MCHP/NXPI,0.0,0.0,0.0,14,0.25,0.0
2021-01-07,MA/V,-0.0014341475277391,-0.0004341475277391,1.0,14,0.25,-0.0003585368819347
2021-01-07,HUM/UNH,-0.0,-0.0,0.0,14,0.25,-0.0
2021-01-07,EEM/IEMG,0.0,0.0,0.0,14,0.25,0.0
2021-01-08,MCHP/NXPI,-0.0,-0.0,0.0,14,0.25,-0.0
2021-01-08,MA/V,-0.0008359159003962,-0.0008359159003962,0.0,14,0.25,-0.000208978975099
2021-01-08,HUM/UNH,0.0,0.0,0.0,14,0.25,0.0
2021-01-08,EEM/IEMG,0.0,0.0,0.0,14,0.25,0.0
2021-01-11,MCHP/NXPI,0.0,0.0,0.0,14,0.25,0.0
2021-01-11,MA/V,0.0005325599850174,0.0005325599850174,0.0,14,0.25,0.0001331399962543
2021-01-11,HUM/UNH,-0.0,-0.0,0.0,14,0.25,-0.0
2021-01-11,EEM/IEMG,-0.0,-0.0,0.0,14,0.25,-0.0
2021-01-12,MCHP/NXPI,-0.0,-0.0,0.0,14,0.25,-0.0
2021-01-12,MA/V,-0.0037327561060225,-0.0037327561060225,0.0,14,0.25,-0.0009331890265056
2021-01-12,HUM/UNH,0.0,0.0,0.0,14,0.25,0.0
2021-01-12,EEM/IEMG,0.0,0.0,0.0,14,0.25,0.0
2021-01-13,MCHP/NXPI,0.0,0.0,0.0,14,0.25,0.0
2021-01-13,MA/V,-0.0031311426300887,-0.0031311426300887,0.0,14,0.25,-0.0007827856575221
2021-01-13,HUM/UNH,0.0,0.0,0.0,14,0.25,0.0
2021-01-13,EEM/IEMG,0.0,0.0,0.0,14,0.25,0.0
2021-01-14,MCHP/NXPI,0.0,0.0,0.0,14,0.25,0.0
2021-01-14,MA/V,0.0051109141658515,0.0051109141658515,0.0,14,0.25,0.0012777285414628
2021-01-14,HUM/UNH,0.0,0.0,0.0,14,0.25,0.0
2021-01-14,EEM/IEMG,0.0,0.0,0.0,14,0.25,0.0
2021-01-15,MCHP/NXPI,0.0,0.0,0.0,14,0.25,0.0
2021-01-15,MA/V,0.0042580430936439,0.0042580430936439,0.0,14,0.25,0.0010645107734109
2021-01-15,HUM/UNH,-0.0,-0.0,0.0,14,0.25,-0.0
2021-01-15,EEM/IEMG,-0.0,-0.0,0.0,14,0.25,-0.0
2021-01-19,MCHP/NXPI,0.0,0.0,0.0,14,0.25,0.0
2021-01-19,MA/V,-0.0034998224662743,-0.0034998224662743,0.0,14,0.25,-0.0008749556165685
2021-01-19,HUM/UNH,0.0,0.0,0.0,14,0.25,0.0
2021-01-19,EEM/IEMG,0.0,0.0,0.0,14,0.25,0.0
2021-01-20,MCHP/NXPI,0.0007098277856722,0.0017098277856722,1.0,14,0.25,0.000177456946418
2021-01-20,MA/V,-0.0002920354475935,-0.0002920354475935,0.0,14,0.25,-7.300886189838105e-05
2021-01-20,HUM/UNH,-0.0,-0.0,0.0,14,0.25,-0.0
2021-01-20,EEM/IEMG,0.0,0.0,0.0,14,0.25,0.0
2021-01-21,MCHP/NXPI,-0.0020914728310064,-0.0020914728310064,0.0,14,0.25,-0.0005228682077516
2021-01-21,MA/V,-0.0017173697090463,-0.0017173697090463,0.0,14,0.25,-0.0004293424272615
2021-01-21,HUM/UNH,0.0,0.0,0.0,14,0.25,0.0
2021-01-21,EEM/IEMG,-0.0,-0.0,0.0,14,0.25,-0.0
2021-01-22,MCHP/NXPI,0.0042183030814538,0.0042183030814538,0.0,14,0.25,0.0010545757703634
2021-01-22,MA/V,-0.001182136007709,-0.001182136007709,0.0,14,0.25,-0.0002955340019272
2021-01-22,HUM/UNH,-0.0,-0.0,0.0,14,0.25,-0.0
2021-01-22,EEM/IEMG,0.0,0.0,0.0,14,0.25,0.0
2021-01-25,MCHP/NXPI,0.0090900045196059,0.0090900045196059,0.0,14,0.25,0.0022725011299014
2021-01-25,MA/V,-0.0031270464720386,-0.0031270464720386,0.0,14,0.25,-0.0007817616180096
2021-01-25,HUM/UNH,0.0,0.0,0.0,14,0.25,0.0
2021-01-25,EEM/IEMG,0.0,0.0,0.0,14,0.25,0.0
2021-01-26,MCHP/NXPI,0.0001436000352033,0.0001436000352033,0.0,14,0.25,3.590000880083374e-05
2021-01-26,MA/V,0.0048584469514457,0.0048584469514457,0.0,14,0.25,0.0012146117378614
2021-01-26,HUM/UNH,0.0,0.0,0.0,14,0.25,0.0
2021-01-26,EEM/IEMG,-0.0,-0.0,0.0,14,0.25,-0.0
2021-01-27,MCHP/NXPI,0.0219379643320621,0.0219379643320621,0.0,14,0.25,0.0054844910830155
2021-01-27,MA/V,-0.0027547934694684,-0.0027547934694684,0.0,14,0.25,-0.0006886983673671
2021-01-27,HUM/UNH,0.0,0.0,0.0,14,0.25,0.0
2021-01-27,EEM/IEMG,-0.0,-0.0,0.0,14,0.25,-0.0
2021-01-28,MCHP/NXPI,-0.0118758648629003,-0.0118758648629003,0.0,14,0.25,-0.002968966215725
2021-01-28,MA/V,-0.0031511385516576,-0.0031511385516576,0.0,14,0.25,-0.0007877846379144
2021-01-28,HUM/UNH,-0.0,-0.0,0.0,14,0.25,-0.0
2021-01-28,EEM/IEMG,-0.0,-0.0,0.0,14,0.25,-0.0
2021-01-29,MCHP/NXPI,-0.0009662522292204,-0.0009662522292204,0.0,14,0.25,-0.0002415630573051
2021-01-29,MA/V,-0.0029551882075908,-0.0029551882075908,0.0,14,0.25,-0.0007387970518977
2021-01-29,HUM/UNH,-0.0,-0.0,0.0,14,0.25,-0.0
2021-01-29,EEM/IEMG,0.0,0.0,0.0,14,0.25,0.0
2021-02-01,MCHP/NXPI,0.0074860473201595,0.0074860473201595,0.0,14,0.25,0.0018715118300398
2021-02-01,MA/V,0.0072683887216066,0.0072683887216066,0.0,14,0.25,0.0018170971804016
2021-02-01,HUM/UNH,0.0,0.0,0.0,14,0.25,0.0
2021-02-01,EEM/IEMG,-0.0,-0.0,0.0,14,0.25,-0.0
2021-02-02,MCHP/NXPI,0.0089250114141437,0.0089250114141437,0.0,14,0.25,0.0022312528535359
2021-02-02,MA/V,-0.0058374639961473,-0.0058374639961473,0.0,14,0.25,-0.0014593659990368
2021-02-02,HUM/UNH,0.0,0.0,0.0,14,0.25,0.0
2021-02-02,EEM/IEMG,-0.0,-0.0,0.0,14,0.25,-0.0
2021-02-03,MCHP/NXPI,0.007134346363987,0.007134346363987,0.0,14,0.25,0.0017835865909967
2021-02-03,MA/V,-0.0013641152500283,-0.0013641152500283,0.0,14,0.25,-0.000341028812507
2021-02-03,HUM/UNH,0.0037970411491681,0.0047970411491681,1.0,14,0.25,0.000949260287292
2021-02-03,EEM/IEMG,-0.0,-0.0,0.0,14,0.25,-0.0
2021-02-04,MCHP/NXPI,0.0044071875450761,0.0044071875450761,0.0,14,0.25,0.001101796886269
2021-02-04,MA/V,-0.001,0.0,1.0,14,0.25,-0.00025
2021-02-04,HUM/UNH,0.0201928760450252,0.0201928760450252,0.0,14,0.25,0.0050482190112563
2021-02-04,EEM/IEMG,0.0,0.0,0.0,14,0.25,0.0
2021-02-05,MCHP/NXPI,-0.0050459395161286,-0.0050459395161286,0.0,14,0.25,-0.0012614848790321
2021-02-05,MA/V,-0.0024443931474082,-0.0014443931474082,1.0,14,0.25,-0.000611098286852
2021-02-05,HUM/UNH,0.0016269301142858,0.0016269301142858,0.0,14,0.25,0.0004067325285714
2021-02-05,EEM/IEMG,0.0,0.0,0.0,14,0.25,0.0
2021-02-08,MCHP/NXPI,-0.0107798197619718,-0.0107798197619718,0.0,14,0.25,-0.0026949549404929
2021-02-08,MA/V,0.0027298225508597,0.0027298225508597,0.0,14,0.25,0.0006824556377149
2021-02-08,HUM/UNH,-0.000812322222195,-0.000812322222195,0.0,14,0.25,-0.0002030805555487
2021-02-08,EEM/IEMG,-0.0,-0.0,0.0,14,0.25,-0.0
2021-02-09,MCHP/NXPI,0.0012969504523391,0.0012969504523391,0.0,14,0.25,0.0003242376130847
2021-02-09,MA/V,-0.0037552491308802,-0.0037552491308802,0.0,14,0.25,-0.00093881228272
2021-02-09,HUM/UNH,-0.0042671930655475,-0.0042671930655475,0.0,14,0.25,-0.0010667982663868
2021-02-09,EEM/IEMG,0.0,0.0,0.0,14,0.25,0.0
2021-02-10,MCHP/NXPI,0.0011180933461416,0.0011180933461416,0.0,14,0.25,0.0002795233365354
2021-02-10,MA/V,0.0012440293641143,0.0012440293641143,0.0,14,0.25,0.0003110073410285
2021-02-10,HUM/UNH,-0.0116819881505227,-0.0116819881505227,0.0,14,0.25,-0.0029204970376306
2021-02-10,EEM/IEMG,0.0,0.0,0.0,14,0.25,0.0
2021-02-11,MCHP/NXPI,-0.006487424942863,-0.006487424942863,0.0,14,0.25,-0.0016218562357157
2021-02-11,MA/V,-0.0006550672185939,-0.0006550672185939,0.0,14,0.25,-0.0001637668046484
2021-02-11,HUM/UNH,0.0042505836861274,0.0042505836861274,0.0,14,0.25,0.0010626459215318
2021-02-11,EEM/IEMG,0.0,0.0,0.0,14,0.25,0.0
2021-02-12,MCHP/NXPI,-0.0056643209676637,-0.0056643209676637,0.0,14,0.25,-0.0014160802419159
2021-02-12,MA/V,-0.0005906768030078,-0.0005906768030078,0.0,14,0.25,-0.0001476692007519
2021-02-12,HUM/UNH,0.007520659415625,0.007520659415625,0.0,14,0.25,0.0018801648539062
2021-02-12,EEM/IEMG,-0.0,-0.0,0.0,14,0.25,-0.0
2021-02-16,MCHP/NXPI,-0.0066498705488308,-0.0066498705488308,0.0,14,0.25,-0.0016624676372077
2021-02-16,MA/V,0.0057107275172962,0.0057107275172962,0.0,14,0.25,0.001427681879324
2021-02-16,HUM/UNH,-0.0001079789109623,-0.0001079789109623,0.0,14,0.25,-2.6994727740579982e-05
2021-02-16,EEM/IEMG,-0.0,-0.0,0.0,14,0.25,-0.0
2021-02-17,MCHP/NXPI,-0.001,0.0,1.0,14,0.25,-0.00025
2021-02-17,MA/V,-0.004028682913955,-0.004028682913955,0.0,14,0.25,-0.0010071707284887
2021-02-17,HUM/UNH,-0.0011180102871661,-0.0011180102871661,0.0,14,0.25,-0.0002795025717915
2021-02-17,EEM/IEMG,0.0,0.0,0.0,14,0.25,0.0
2021-02-18,MCHP/NXPI,0.0112540700324649,0.0122540700324649,1.0,14,0.25,0.0028135175081162
2021-02-18,MA/V,-0.0034212208813742,-0.0034212208813742,0.0,14,0.25,-0.0008553052203435
2021-02-18,HUM/UNH,-0.0017293833861101,-0.0017293833861101,0.0,14,0.25,-0.0004323458465275
2021-02-18,EEM/IEMG,-0.0,-0.0,0.0,14,0.25,-0.0
2021-02-19,MCHP/NXPI,-0.007229083109594,-0.007229083109594,0.0,14,0.25,-0.0018072707773985
2021-02-19,MA/V,0.0052576520363132,0.0052576520363132,0.0,14,0.25,0.0013144130090783
2021-02-19,HUM/UNH,0.0049182098537847,0.0049182098537847,0.0,14,0.25,0.0012295524634461
2021-02-19,EEM/IEMG,-0.0,-0.0,0.0,14,0.25,-0.0
2021-02-22,MCHP/NXPI,0.009342702279929,0.009342702279929,0.0,14,0.25,0.0023356755699822
2021-02-22,MA/V,0.0003060812955379,0.0003060812955379,0.0,14,0.25,7.652032388448959e-05
2021-02-22,HUM/UNH,-0.0018471158832604,-0.0018471158832604,0.0,14,0.25,-0.0004617789708151
2021-02-22,EEM/IEMG,-0.0,-0.0,0.0,14,0.25,-0.0
2021-02-23,MCHP/NXPI,-0.0103580554527996,-0.0103580554527996,0.0,14,0.25,-0.0025895138631999
2021-02-23,MA/V,0.002687411642683,0.002687411642683,0.0,14,0.25,0.0006718529106707
2021-02-23,HUM/UNH,-0.0050533446881868,-0.0050533446881868,0.0,14,0.25,-0.0012633361720467
2021-02-23,EEM/IEMG,-0.0,-0.0,0.0,14,0.25,-0.0
2021-02-24,MCHP/NXPI,0.0050126928032739,0.0050126928032739,0.0,14,0.25,0.0012531732008184
2021-02-24,MA/V,0.0023465658849874,0.0023465658849874,0.0,14,0.25,0.0005866414712468
2021-02-24,HUM/UNH,-0.001012501052146,-0.001012501052146,0.0,14,0.25,-0.0002531252630365
2021-02-24,EEM/IEMG,-0.0,-0.0,0.0,14,0.25,-0.0
2021-02-25,MCHP/NXPI,0.0135734250588784,0.0135734250588784,0.0,14,0.25,0.0033933562647196
2021-02-25,MA/V,-0.0010804486102869,-0.0010804486102869,0.0,14,0.25,-0.0002701121525717
2021-02-25,HUM/UNH,0.0047242906016208,0.0047242906016208,0.0,14,0.25,0.0011810726504052
2021-02-25,EEM/IEMG,-0.0,-0.0,0.0,14,0.25,-0.0
2021-02-26,MCHP/NXPI,-0.0074967454605643,-0.0074967454605643,0.0,14,0.25,-0.001874186365141
2021-02-26,MA/V,0.0026280177811359,0.0026280177811359,0.0,14,0.25,0.0006570044452839
2021-02-26,HUM/UNH,-0.0068100889899766,-0.0068100889899766,0.0,14,0.25,-0.0017025222474941
2021-02-26,EEM/IEMG,-0.0,-0.0,0.0,14,0.25,-0.0
2021-03-01,MCHP/NXPI,-0.0073114235562369,-0.0073114235562369,0.0,14,0.25,-0.0018278558890592
2021-03-01,MA/V,0.000293475041623,0.000293475041623,0.0,14,0.25,7.33687604057659e-05
2021-03-01,HUM/UNH,0.0019642748861007,0.0019642748861007,0.0,14,0.25,0.0004910687215251
2021-03-01,EEM/IEMG,0.0,0.0,0.0,14,0.25,0.0
2021-03-02,MCHP/NXPI,0.0080769716746959,0.0080769716746959,0.0,14,0.25,0.0020192429186739
2021-03-02,MA/V,0.0021064827274726,0.0021064827274726,0.0,14,0.25,0.0005266206818681
2021-03-02,HUM/UNH,0.0015862623491245,0.0015862623491245,0.0,14,0.25,0.0003965655872811
2021-03-02,EEM/IEMG,0.0,0.0,0.0,14,0.25,0.0
2021-03-03,MCHP/NXPI,-0.0027197851423627,-0.0027197851423627,0.0,14,0.25,-0.0006799462855906
2021-03-03,MA/V,-0.0007800202802538,-0.0007800202802538,0.0,14,0.25,-0.0001950050700634
2021-03-03,HUM/UNH,-0.001,0.0,1.0,14,0.25,-0.00025
2021-03-03,EEM/IEMG,-0.0,-0.0,0.0,14,0.25,-0.0
2021-03-04,MCHP/NXPI,0.0072281979867707,0.0072281979867707,0.0,14,0.25,0.0018070494966926
2021-03-04,MA/V,-0.0046012124646795,-0.0046012124646795,0.0,14,0.25,-0.0011503031161698
2021-03-04,HUM/UNH,-0.0,-0.0,0.0,14,0.25,-0.0
2021-03-04,EEM/IEMG,-0.0,-0.0,0.0,14,0.25,-0.0
2021-03-05,MCHP/NXPI,0.0169878237324363,0.0169878237324363,0.0,14,0.25,0.004246955933109
2021-03-05,MA/V,-0.001,-0.0,1.0,14,0.25,-0.00025
2021-03-05,HUM/UNH,0.0,0.0,0.0,14,0.25,0.0
2021-03-05,EEM/IEMG,0.0,0.0,0.0,14,0.25,0.0
2021-03-08,MCHP/NXPI,0.0070733159458272,0.0070733159458272,0.0,14,0.25,0.0017683289864568
2021-03-08,MA/V,-0.0,-0.0,0.0,14,0.25,-0.0
2021-03-08,HUM/UNH,0.0,0.0,0.0,14,0.25,0.0
2021-03-08,EEM/IEMG,-0.0,-0.0,0.0,14,0.25,-0.0
2021-03-09,MCHP/NXPI,5.169463014800642e-05,5.169463014800642e-05,0.0,14,0.25,1.2923657537001606e-05
2021-03-09,MA/V,-0.0,-0.0,0.0,14,0.25,-0.0
2021-03-09,HUM/UNH,0.0,0.0,0.0,14,0.25,0.0
2021-03-09,EEM/IEMG,0.0,0.0,0.0,14,0.25,0.0
2021-03-10,MCHP/NXPI,0.0069352357504253,0.0069352357504253,0.0,14,0.25,0.0017338089376063
2021-03-10,MA/V,0.0,0.0,0.0,14,0.25,0.0
2021-03-10,HUM/UNH,-0.0,-0.0,0.0,14,0.25,-0.0
2021-03-10,EEM/IEMG,-0.0,-0.0,0.0,14,0.25,-0.0
2021-03-11,MCHP/NXPI,-0.0059130551621248,-0.0059130551621248,0.0,14,0.25,-0.0014782637905312
2021-03-11,MA/V,0.0,0.0,0.0,14,0.25,0.0
2021-03-11,HUM/UNH,0.0,0.0,0.0,14,0.25,0.0
2021-03-11,EEM/IEMG,0.0,0.0,0.0,14,0.25,0.0
2021-03-12,MCHP/NXPI,-0.008109822245573,-0.008109822245573,0.0,14,0.25,-0.0020274555613932
2021-03-12,MA/V,-0.0,-0.0,0.0,14,0.25,-0.0
2021-03-12,HUM/UNH,0.0,0.0,0.0,14,0.25,0.0
2021-03-12,EEM/IEMG,-0.0,-0.0,0.0,14,0.25,-0.0
2021-03-15,MCHP/NXPI,0.0333259939281946,0.0333259939281946,0.0,14,0.25,0.0083314984820486
2021-03-15,MA/V,-0.0,-0.0,0.0,14,0.25,-0.0
2021-03-15,HUM/UNH,-0.0,-0.0,0.0,14,0.25,-0.0
2021-03-15,EEM/IEMG,-0.0,-0.0,0.0,14,0.25,-0.0
2021-03-16,MCHP/NXPI,0.0053118760126081,0.0053118760126081,0.0,14,0.25,0.001327969003152
2021-03-16,MA/V,0.0,0.0,0.0,14,0.25,0.0
2021-03-16,HUM/UNH,0.0,0.0,0.0,14,0.25,0.0
2021-03-16,EEM/IEMG,-0.0,-0.0,0.0,14,0.25,-0.0
2021-03-17,MCHP/NXPI,-0.001,0.0,1.0,14,0.25,-0.00025
2021-03-17,MA/V,0.0,0.0,0.0,14,0.25,0.0
2021-03-17,HUM/UNH,-0.0,-0.0,0.0,14,0.25,-0.0
2021-03-17,EEM/IEMG,0.0,0.0,0.0,14,0.25,0.0
2021-03-18,MCHP/NXPI,-0.0,-0.0,0.0,14,0.25,-0.0
2021-03-18,MA/V,0.0,0.0,0.0,14,0.25,0.0
2021-03-18,HUM/UNH,0.0,0.0,0.0,14,0.25,0.0
2021-03-18,EEM/IEMG,-0.0,-0.0,0.0,14,0.25,-0.0
2021-03-19,MCHP/NXPI,0.0,0.0,0.0,14,0.25,0.0
2021-03-19,MA/V,0.0209958157987523,0.0219958157987523,1.0,14,0.25,0.005248953949688
2021-03-19,HUM/UNH,0.0,0.0,0.0,14,0.25,0.0
2021-03-19,EEM/IEMG,0.0,0.0,0.0,14,0.25,0.0
2021-03-22,MCHP/NXPI,0.0,0.0,0.0,14,0.25,0.0
2021-03-22,MA/V,-0.0006028982919531,-0.0006028982919531,0.0,14,0.25,-0.0001507245729882
2021-03-22,HUM/UNH,0.0,0.0,0.0,14,0.25,0.0
2021-03-22,EEM/IEMG,-0.0,-0.0,0.0,14,0.25,-0.0
2021-03-23,MCHP/NXPI,0.0,0.0,0.0,14,0.25,0.0
2021-03-23,MA/V,-0.0042766677766611,-0.0042766677766611,0.0,14,0.25,-0.0010691669441652
2021-03-23,HUM/UNH,-0.0038932006510099,-0.0028932006510099,1.0,14,0.25,-0.0009733001627524
2021-03-23,EEM/IEMG,-0.0,-0.0,0.0,14,0.25,-0.0
2021-03-24,MCHP/NXPI,-0.0,-0.0,0.0,14,0.25,-0.0
2021-03-24,MA/V,0.005684681129818,0.005684681129818,0.0,14,0.25,0.0014211702824545
2021-03-24,HUM/UNH,0.008439067315795,0.008439067315795,0.0,14,0.25,0.0021097668289487
2021-03-24,EEM/IEMG,-0.0,-0.0,0.0,14,0.25,-0.0
2021-03-25,MCHP/NXPI,-0.0,-0.0,0.0,14,0.25,-0.0
2021-03-25,MA/V,-0.0013233866522774,-0.0013233866522774,0.0,14,0.25,-0.0003308466630693
2021-03-25,HUM/UNH,0.0011634878872089,0.0011634878872089,0.0,14,0.25,0.0002908719718022
2021-03-25,EEM/IEMG,-0.0,-0.0,0.0,14,0.25,-0.0
2021-03-26,MCHP/NXPI,0.0,0.0,0.0,14,0.25,0.0
2021-03-26,MA/V,-0.0052537141005494,-0.0052537141005494,0.0,14,0.25,-0.0013134285251373
2021-03-26,HUM/UNH,-0.0005586698123042,-0.0005586698123042,0.0,14,0.25,-0.000139667453076
2021-03-26,EEM/IEMG,0.0,0.0,0.0,14,0.25,0.0
2021-03-29,MCHP/NXPI,-0.0,-0.0,0.0,14,0.25,-0.0
2021-03-29,MA/V,-0.0064671599541633,-0.0064671599541633,0.0,14,0.25,-0.0016167899885408
2021-03-29,HUM/UNH,-0.0020965172177473,-0.0020965172177473,0.0,14,0.25,-0.0005241293044368
2021-03-29,EEM/IEMG,-0.0,-0.0,0.0,14,0.25,-0.0
2021-03-30,MCHP/NXPI,-0.0,-0.0,0.0,14,0.25,-0.0
2021-03-30,MA/V,0.0010021595392345,0.0010021595392345,0.0,14,0.25,0.0002505398848086
2021-03-30,HUM/UNH,0.0092987580863617,0.0092987580863617,0.0,14,0.25,0.0023246895215904
2021-03-30,EEM/IEMG,-0.0,-0.0,0.0,14,0.25,-0.0
2021-03-31,MCHP/NXPI,0.0,0.0,0.0,14,0.25,0.0
2021-03-31,MA/V,-0.0022199945535968,-0.0022199945535968,0.0,14,0.25,-0.0005549986383992
2021-03-31,HUM/UNH,-0.0044481331064813,-0.0044481331064813,0.0,14,0.25,-0.0011120332766203
2021-03-31,EEM/IEMG,0.0,0.0,0.0,14,0.25,0.0
2021-04-01,MCHP/NXPI,0.0,0.0,0.0,14,0.25,0.0
2021-04-01,MA/V,-0.0044190003212731,-0.0044190003212731,0.0,14,0.25,-0.0011047500803182
2021-04-01,HUM/UNH,0.0007700339381747,0.0007700339381747,0.0,14,0.25,0.0001925084845436
2021-04-01,EEM/IEMG,-0.0,-0.0,0.0,14,0.25,-0.0
2021-04-05,MCHP/NXPI,-0.0,-0.0,0.0,14,0.25,-0.0
2021-04-05,MA/V,0.0005607923124601,0.0005607923124601,0.0,14,0.25,0.000140198078115
2021-04-05,HUM/UNH,-0.0043906660304244,-0.0043906660304244,0.0,14,0.25,-0.0010976665076061
2021-04-05,EEM/IEMG,0.0,0.0,0.0,14,0.25,0.0
2021-04-06,MCHP/NXPI,-0.0,-0.0,0.0,14,0.25,-0.0
2021-04-06,MA/V,0.0024980733350462,0.0024980733350462,0.0,14,0.25,0.0006245183337615
2021-04-06,HUM/UNH,0.0025803799974789,0.0025803799974789,0.0,14,0.25,0.0006450949993697
2021-04-06,EEM/IEMG,0.0,0.0,0.0,14,0.25,0.0
2021-04-07,CSX/NSC,-0.0,-0.0,0.0,15,0.25,-0.0
2021-04-07,COST/WMT,0.0,0.0,0.0,15,0.25,0.0
2021-04-07,AVGO/MCHP,0.0,0.0,0.0,15,0.25,0.0
2021-04-07,INTU/ORCL,0.0,0.0,0.0,15,0.25,0.0
2021-04-08,CSX/NSC,0.0,0.0,0.0,15,0.25,0.0
2021-04-08,COST/WMT,-0.0,-0.0,0.0,15,0.25,-0.0
2021-04-08,AVGO/MCHP,-0.0,-0.0,0.0,15,0.25,-0.0
2021-04-08,INTU/ORCL,0.0,0.0,0.0,15,0.25,0.0
2021-04-09,CSX/NSC,0.0,0.0,0.0,15,0.25,0.0
2021-04-09,COST/WMT,-0.0,-0.0,0.0,15,0.25,-0.0
2021-04-09,AVGO/MCHP,-0.0,-0.0,0.0,15,0.25,-0.0
2021-04-09,INTU/ORCL,-0.0,-0.0,0.0,15,0.25,-0.0
2021-04-12,CSX/NSC,0.0,0.0,0.0,15,0.25,0.0
2021-04-12,COST/WMT,-0.0,-0.0,0.0,15,0.25,-0.0
2021-04-12,AVGO/MCHP,0.0,0.0,0.0,15,0.25,0.0
2021-04-12,INTU/ORCL,0.0,0.0,0.0,15,0.25,0.0
2021-04-13,CSX/NSC,-0.0,-0.0,0.0,15,0.25,-0.0
2021-04-13,COST/WMT,-0.0,-0.0,0.0,15,0.25,-0.0
2021-04-13,AVGO/MCHP,0.0,0.0,0.0,15,0.25,0.0
2021-04-13,INTU/ORCL,0.0,0.0,0.0,15,0.25,0.0
2021-04-14,CSX/NSC,0.0,0.0,0.0,15,0.25,0.0
2021-04-14,COST/WMT,0.0,0.0,0.0,15,0.25,0.0
2021-04-14,AVGO/MCHP,-0.0,-0.0,0.0,15,0.25,-0.0
2021-04-14,INTU/ORCL,0.0,0.0,0.0,15,0.25,0.0
2021-04-15,CSX/NSC,0.0,0.0,0.0,15,0.25,0.0
2021-04-15,COST/WMT,-0.0,-0.0,0.0,15,0.25,-0.0
2021-04-15,AVGO/MCHP,-0.0,-0.0,0.0,15,0.25,-0.0
2021-04-15,INTU/ORCL,0.0,0.0,0.0,15,0.25,0.0
2021-04-16,CSX/NSC,0.0,0.0,0.0,15,0.25,0.0
2021-04-16,COST/WMT,-0.0,-0.0,0.0,15,0.25,-0.0
2021-04-16,AVGO/MCHP,0.0,0.0,0.0,15,0.25,0.0
2021-04-16,INTU/ORCL,0.0,0.0,0.0,15,0.25,0.0
2021-04-19,CSX/NSC,0.0,0.0,0.0,15,0.25,0.0
2021-04-19,COST/WMT,-0.0,-0.0,0.0,15,0.25,-0.0
2021-04-19,AVGO/MCHP,-0.0,-0.0,0.0,15,0.25,-0.0
2021-04-19,INTU/ORCL,0.0,0.0,0.0,15,0.25,0.0
2021-04-20,CSX/NSC,-0.0,-0.0,0.0,15,0.25,-0.0
2021-04-20,COST/WMT,0.0,0.0,0.0,15,0.25,0.0
2021-04-20,AVGO/MCHP,0.0,0.0,0.0,15,0.25,0.0
2021-04-20,INTU/ORCL,0.0,0.0,0.0,15,0.25,0.0
2021-04-21,CSX/NSC,0.0,0.0,0.0,15,0.25,0.0
2021-04-21,COST/WMT,-0.0,-0.0,0.0,15,0.25,-0.0
2021-04-21,AVGO/MCHP,-0.0,-0.0,0.0,15,0.25,-0.0
2021-04-21,INTU/ORCL,-0.0,-0.0,0.0,15,0.25,-0.0
2021-04-22,CSX/NSC,-0.0,-0.0,0.0,15,0.25,-0.0
2021-04-22,COST/WMT,-0.0,-0.0,0.0,15,0.25,-0.0
2021-04-22,AVGO/MCHP,0.0,0.0,0.0,15,0.25,0.0
2021-04-22,INTU/ORCL,-0.015381671765436,-0.014381671765436,1.0,15,0.25,-0.003845417941359
2021-04-23,CSX/NSC,0.0,0.0,0.0,15,0.25,0.0
2021-04-23,COST/WMT,-0.0,-0.0,0.0,15,0.25,-0.0
2021-04-23,AVGO/MCHP,0.0,0.0,0.0,15,0.25,0.0
2021-04-23,INTU/ORCL,-0.0053200591785015,-0.0053200591785015,0.0,15,0.25,-0.0013300147946253
2021-04-26,CSX/NSC,-0.0,-0.0,0.0,15,0.25,-0.0
2021-04-26,COST/WMT,-0.0,-0.0,0.0,15,0.25,-0.0
2021-04-26,AVGO/MCHP,0.0,0.0,0.0,15,0.25,0.0
2021-04-26,INTU/ORCL,-0.006844398406111,-0.006844398406111,0.0,15,0.25,-0.0017110996015277
2021-04-27,CSX/NSC,-0.0,-0.0,0.0,15,0.25,-0.0
2021-04-27,COST/WMT,0.0,0.0,0.0,15,0.25,0.0
2021-04-27,AVGO/MCHP,-0.0,-0.0,0.0,15,0.25,-0.0
2021-04-27,INTU/ORCL,0.0082803617054961,0.0082803617054961,0.0,15,0.25,0.002070090426374
2021-04-28,CSX/NSC,-0.0,-0.0,0.0,15,0.25,-0.0
2021-04-28,COST/WMT,-0.0,-0.0,0.0,15,0.25,-0.0
2021-04-28,AVGO/MCHP,-0.0,-0.0,0.0,15,0.25,-0.0
2021-04-28,INTU/ORCL,-0.0038954946873969,-0.0038954946873969,0.0,15,0.25,-0.0009738736718492
2021-04-29,CSX/NSC,0.0028313714376998,0.0038313714376998,1.0,15,0.25,0.0007078428594249
2021-04-29,COST/WMT,0.0,0.0,0.0,15,0.25,0.0
2021-04-29,AVGO/MCHP,0.0,0.0,0.0,15,0.25,0.0
2021-04-29,INTU/ORCL,0.0099080328568846,0.0099080328568846,0.0,15,0.25,0.0024770082142211
2021-04-30,CSX/NSC,3.899034693335356e-05,3.899034693335356e-05,0.0,15,0.25,9.74758673333839e-06
2021-04-30,COST/WMT,0.0,0.0,0.0,15,0.25,0.0
2021-04-30,AVGO/MCHP,0.0,0.0,0.0,15,0.25,0.0
2021-04-30,INTU/ORCL,0.0022365623029419,0.0022365623029419,0.0,15,0.25,0.0005591405757354
2021-05-03,CSX/NSC,-0.0029041669168453,-0.0029041669168453,0.0,15,0.25,-0.0007260417292113
2021-05-03,COST/WMT,0.0,0.0,0.0,15,0.25,0.0
2021-05-03,AVGO/MCHP,-0.0,-0.0,0.0,15,0.25,-0.0
2021-05-03,INTU/ORCL,0.0146466496816289,0.0146466496816289,0.0,15,0.25,0.0036616624204072
2021-05-04,CSX/NSC,-0.0060554130802233,-0.0060554130802233,0.0,15,0.25,-0.0015138532700558
2021-05-04,COST/WMT,-0.0,-0.0,0.0,15,0.25,-0.0
2021-05-04,AVGO/MCHP,0.0,0.0,0.0,15,0.25,0.0
2021-05-04,INTU/ORCL,0.0210514855585554,0.0210514855585554,0.0,15,0.25,0.0052628713896388
2021-05-05,CSX/NSC,-0.00132750390935,-0.00132750390935,0.0,15,0.25,-0.0003318759773375
2021-05-05,COST/WMT,0.0,0.0,0.0,15,0.25,0.0
2021-05-05,AVGO/MCHP,-0.0,-0.0,0.0,15,0.25,-0.0
2021-05-05,INTU/ORCL,0.0101517115268465,0.0101517115268465,0.0,15,0.25,0.0025379278817116
2021-05-06,CSX/NSC,0.0057544062369607,0.0057544062369607,0.0,15,0.25,0.0014386015592401
2021-05-06,COST/WMT,-0.0,-0.0,0.0,15,0.25,-0.0
2021-05-06,AVGO/MCHP,0.0,0.0,0.0,15,0.25,0.0
2021-05-06,INTU/ORCL,0.0031796313543205,0.0031796313543205,0.0,15,0.25,0.0007949078385801
2021-05-07,CSX/NSC,-0.0015297532980873,-0.0015297532980873,0.0,15,0.25,-0.0003824383245218
2021-05-07,COST/WMT,-0.0,-0.0,0.0,15,0.25,-0.0
2021-05-07,AVGO/MCHP,-0.0,-0.0,0.0,15,0.25,-0.0
2021-05-07,INTU/ORCL,0.0001964149822778,0.0001964149822778,0.0,15,0.25,4.9103745569458216e-05
2021-05-10,CSX/NSC,-0.0006972646608093,-0.0006972646608093,0.0,15,0.25,-0.0001743161652023
2021-05-10,COST/WMT,0.0045713286194054,0.0055713286194054,1.0,15,0.25,0.0011428321548513
2021-05-10,AVGO/MCHP,-0.0,-0.0,0.0,15,0.25,-0.0
2021-05-10,INTU/ORCL,0.0044700706337884,0.0044700706337884,0.0,15,0.25,0.0011175176584471
2021-05-11,CSX/NSC,-0.0026747201023918,-0.0026747201023918,0.0,15,0.25,-0.0006686800255979
2021-05-11,COST/WMT,-0.0021755177989358,-0.0021755177989358,0.0,15,0.25,-0.0005438794497339
2021-05-11,AVGO/MCHP,-0.0,-0.0,0.0,15,0.25,-0.0
2021-05-11,INTU/ORCL,-0.0230597797214452,-0.0230597797214452,0.0,15,0.25,-0.0057649449303613
2021-05-12,CSX/NSC,-0.0022008483933944,-0.0022008483933944,0.0,15,0.25,-0.0005502120983486
2021-05-12,COST/WMT,-0.0097273711491093,-0.0097273711491093,0.0,15,0.25,-0.0024318427872773
2021-05-12,AVGO/MCHP,-0.0,-0.0,0.0,15,0.25,-0.0
2021-05-12,INTU/ORCL,-0.012194510704883,-0.012194510704883,0.0,15,0.25,-0.0030486276762207
2021-05-13,CSX/NSC,-0.0027149906129835,-0.0027149906129835,0.0,15,0.25,-0.0006787476532458
2021-05-13,COST/WMT,0.0027410475470505,0.0027410475470505,0.0,15,0.25,0.0006852618867626
2021-05-13,AVGO/MCHP,0.0,0.0,0.0,15,0.25,0.0
2021-05-13,INTU/ORCL,0.0096843635210961,0.0096843635210961,0.0,15,0.25,0.002421090880274
2021-05-14,CSX/NSC,0.0007704891567676,0.0007704891567676,0.0,15,0.25,0.0001926222891919
2021-05-14,COST/WMT,0.0006886175221958,0.0006886175221958,0.0,15,0.25,0.0001721543805489
2021-05-14,AVGO/MCHP,0.0,0.0,0.0,15,0.25,0.0
2021-05-14,INTU/ORCL,-0.0039217012079773,-0.0039217012079773,0.0,15,0.25,-0.0009804253019943
2021-05-17,CSX/NSC,-0.0005170953816933,-0.0005170953816933,0.0,15,0.25,-0.0001292738454233
2021-05-17,COST/WMT,-0.0023049808477716,-0.0023049808477716,0.0,15,0.25,-0.0005762452119429
2021-05-17,AVGO/MCHP,0.0,0.0,0.0,15,0.25,0.0
2021-05-17,INTU/ORCL,6.298314949173487e-05,6.298314949173487e-05,0.0,15,0.25,1.5745787372933718e-05
2021-05-18,CSX/NSC,0.0007494212507894,0.0007494212507894,0.0,15,0.25,0.0001873553126973
2021-05-18,COST/WMT,0.0144924591235636,0.0144924591235636,0.0,15,0.25,0.0036231147808909
2021-05-18,AVGO/MCHP,-0.0,-0.0,0.0,15,0.25,-0.0
2021-05-18,INTU/ORCL,-0.0019417353948577,-0.0019417353948577,0.0,15,0.25,-0.0004854338487144
2021-05-19,CSX/NSC,-0.0017013074140382,-0.0017013074140382,0.0,15,0.25,-0.0004253268535095
2021-05-19,COST/WMT,0.0032308688159355,0.0032308688159355,0.0,15,0.25,0.0008077172039838
2021-05-19,AVGO/MCHP,-0.0,-0.0,0.0,15,0.25,-0.0
2021-05-19,INTU/ORCL,-0.001,-0.0,1.0,15,0.25,-0.00025
2021-05-20,CSX/NSC,0.0037213487942874,0.0037213487942874,0.0,15,0.25,0.0009303371985718
2021-05-20,COST/WMT,-0.0018454944112084,-0.0018454944112084,0.0,15,0.25,-0.0004613736028021
2021-05-20,AVGO/MCHP,0.0,0.0,0.0,15,0.25,0.0
2021-05-20,INTU/ORCL,-0.0,-0.0,0.0,15,0.25,-0.0
2021-05-21,CSX/NSC,-0.0006559907767666,-0.0006559907767666,0.0,15,0.25,-0.0001639976941916
2021-05-21,COST/WMT,1.2538454271866754e-05,1.2538454271866754e-05,0.0,15,0.25,3.1346135679666884e-06
2021-05-21,AVGO/MCHP,-0.0,-0.0,0.0,15,0.25,-0.0
2021-05-21,INTU/ORCL,0.0,0.0,0.0,15,0.25,0.0
2021-05-24,CSX/NSC,0.0006594287920051,0.0006594287920051,0.0,15,0.25,0.0001648571980012
2021-05-24,COST/WMT,-0.002738812323063,-0.002738812323063,0.0,15,0.25,-0.0006847030807657
2021-05-24,AVGO/MCHP,-0.0,-0.0,0.0,15,0.25,-0.0
2021-05-24,INTU/ORCL,-0.0,-0.0,0.0,15,0.25,-0.0
2021-05-25,CSX/NSC,0.0025335725840622,0.0025335725840622,0.0,15,0.25,0.0006333931460155
2021-05-25,COST/WMT,0.0005519861093057,0.0005519861093057,0.0,15,0.25,0.0001379965273264
2021-05-25,AVGO/MCHP,-0.0,-0.0,0.0,15,0.25,-0.0
2021-05-25,INTU/ORCL,-0.0,-0.0,0.0,15,0.25,-0.0
2021-05-26,CSX/NSC,-0.001,0.0,1.0,15,0.25,-0.00025
2021-05-26,COST/WMT,-0.0009727695862105,-0.0009727695862105,0.0,15,0.25,-0.0002431923965526
2021-05-26,AVGO/MCHP,-0.0,-0.0,0.0,15,0.25,-0.0
2021-05-26,INTU/ORCL,0.0,0.0,0.0,15,0.25,0.0
2021-05-27,CSX/NSC,-0.0,-0.0,0.0,15,0.25,-0.0
2021-05-27,COST/WMT,-0.0039576091307258,-0.0039576091307258,0.0,15,0.25,-0.0009894022826814
2021-05-27,AVGO/MCHP,0.0,0.0,0.0,15,0.25,0.0
2021-05-27,INTU/ORCL,0.0,0.0,0.0,15,0.25,0.0
2021-05-28,CSX/NSC,-0.0,-0.0,0.0,15,0.25,-0.0
2021-05-28,COST/WMT,0.0107006593222918,0.0107006593222918,0.0,15,0.25,0.0026751648305729
2021-05-28,AVGO/MCHP,-0.0038626943243494,-0.0028626943243494,1.0,15,0.25,-0.0009656735810873
2021-05-28,INTU/ORCL,-0.0,-0.0,0.0,15,0.25,-0.0
2021-06-01,CSX/NSC,0.0,0.0,0.0,15,0.25,0.0
2021-06-01,COST/WMT,-0.0015544257266933,-0.0015544257266933,0.0,15,0.25,-0.0003886064316733
2021-06-01,AVGO/MCHP,0.0009218562311066,0.0009218562311066,0.0,15,0.25,0.0002304640577766
2021-06-01,INTU/ORCL,0.0,0.0,0.0,15,0.25,0.0
2021-06-02,CSX/NSC,-0.0,-0.0,0.0,15,0.25,-0.0
2021-06-02,COST/WMT,-0.0037585523475587,-0.0037585523475587,0.0,15,0.25,-0.0009396380868896
2021-06-02,AVGO/MCHP,-0.0064833055907662,-0.0064833055907662,0.0,15,0.25,-0.0016208263976915
2021-06-02,INTU/ORCL,0.0,0.0,0.0,15,0.25,0.0
2021-06-03,CSX/NSC,-0.0,-0.0,0.0,15,0.25,-0.0
2021-06-03,COST/WMT,-0.0022566040677587,-0.0022566040677587,0.0,15,0.25,-0.0005641510169396
2021-06-03,AVGO/MCHP,0.001488516214555,0.001488516214555,0.0,15,0.25,0.0003721290536387
2021-06-03,INTU/ORCL,0.0,0.0,0.0,15,0.25,0.0
2021-06-04,CSX/NSC,0.0,0.0,0.0,15,0.25,0.0
2021-06-04,COST/WMT,-0.002601086416065,-0.002601086416065,0.0,15,0.25,-0.0006502716040162
2021-06-04,AVGO/MCHP,-0.0033788695945792,-0.0033788695945792,0.0,15,0.25,-0.0008447173986448
2021-06-04,INTU/ORCL,0.0,0.0,0.0,15,0.25,0.0
2021-06-07,CSX/NSC,-0.0,-0.0,0.0,15,0.25,-0.0
2021-06-07,COST/WMT,-0.001,0.0,1.0,15,0.25,-0.00025
2021-06-07,AVGO/MCHP,0.0094163451095784,0.0094163451095784,0.0,15,0.25,0.0023540862773946
2021-06-07,INTU/ORCL,0.0,0.0,0.0,15,0.25,0.0
2021-06-08,CSX/NSC,-0.0,-0.0,0.0,15,0.25,-0.0
2021-06-08,COST/WMT,-0.0,-0.0,0.0,15,0.25,-0.0
2021-06-08,AVGO/MCHP,-0.0021941647215217,-0.0021941647215217,0.0,15,0.25,-0.0005485411803804
2021-06-08,INTU/ORCL,-0.001071700828155,-7.170082815509799e-05,1.0,15,0.25,-0.0002679252070387
2021-06-09,CSX/NSC,0.0,0.0,0.0,15,0.25,0.0
2021-06-09,COST/WMT,-0.0,-0.0,0.0,15,0.25,-0.0
2021-06-09,AVGO/MCHP,-0.0026251393204283,-0.0026251393204283,0.0,15,0.25,-0.000656284830107
2021-06-09,INTU/ORCL,0.0027786814706089,0.0027786814706089,0.0,15,0.25,0.0006946703676522
2021-06-10,CSX/NSC,-0.0,-0.0,0.0,15,0.25,-0.0
2021-06-10,COST/WMT,0.0,0.0,0.0,15,0.25,0.0
2021-06-10,AVGO/MCHP,-0.0017826959438339,-0.0017826959438339,0.0,15,0.25,-0.0004456739859584
2021-06-10,INTU/ORCL,0.0201084462558243,0.0201084462558243,0.0,15,0.25,0.005027111563956
2021-06-11,CSX/NSC,0.0,0.0,0.0,15,0.25,0.0
2021-06-11,COST/WMT,0.0,0.0,0.0,15,0.25,0.0
2021-06-11,AVGO/MCHP,-0.0008816693775986,-0.0008816693775986,0.0,15,0.25,-0.0002204173443996
2021-06-11,INTU/ORCL,-0.0044957689108537,-0.0044957689108537,0.0,15,0.25,-0.0011239422277134
2021-06-14,CSX/NSC,0.0,0.0,0.0,15,0.25,0.0
2021-06-14,COST/WMT,-0.0,-0.0,0.0,15,0.25,-0.0
2021-06-14,AVGO/MCHP,-0.0021435600173793,-0.0021435600173793,0.0,15,0.25,-0.0005358900043448
2021-06-14,INTU/ORCL,0.0054773186400019,0.0054773186400019,0.0,15,0.25,0.0013693296600004
2021-06-15,CSX/NSC,0.0,0.0,0.0,15,0.25,0.0
2021-06-15,COST/WMT,-0.0,-0.0,0.0,15,0.25,-0.0
2021-06-15,AVGO/MCHP,0.0017030953523515,0.0017030953523515,0.0,15,0.25,0.0004257738380878
2021-06-15,INTU/ORCL,0.0041714724254981,0.0041714724254981,0.0,15,0.25,0.0010428681063745
2021-06-16,CSX/NSC,-0.0,-0.0,0.0,15,0.25,-0.0
2021-06-16,COST/WMT,-0.0,-0.0,0.0,15,0.25,-0.0
2021-06-16,AVGO/MCHP,0.0022439949685442,0.0022439949685442,0.0,15,0.25,0.000560998742136
2021-06-16,INTU/ORCL,0.0377921929552585,0.0377921929552585,0.0,15,0.25,0.0094480482388146
2021-06-17,CSX/NSC,0.0,0.0,0.0,15,0.25,0.0
2021-06-17,COST/WMT,-0.0,-0.0,0.0,15,0.25,-0.0
2021-06-17,AVGO/MCHP,-0.0126594218851065,-0.0126594218851065,0.0,15,0.25,-0.0031648554712766
2021-06-17,INTU/ORCL,-0.0008176814235952,-0.0008176814235952,0.0,15,0.25,-0.0002044203558988
2021-06-18,CSX/NSC,0.0,0.0,0.0,15,0.25,0.0
2021-06-18,COST/WMT,-0.0,-0.0,0.0,15,0.25,-0.0
2021-06-18,AVGO/MCHP,-0.0026666008365149,-0.0026666008365149,0.0,15,0.25,-0.0006666502091287
2021-06-18,INTU/ORCL,0.0110824203783325,0.0110824203783325,0.0,15,0.25,0.0027706050945831
2021-06-21,CSX/NSC,0.0,0.0,0.0,15,0.25,0.0
2021-06-21,COST/WMT,-0.0013956035568897,-0.0003956035568897,1.0,15,0.25,-0.0003489008892224
2021-06-21,AVGO/MCHP,-0.0002031598179594,-0.0002031598179594,0.0,15,0.25,-5.0789954489861096e-05
2021-06-21,INTU/ORCL,-0.0132188814713859,-0.0132188814713859,0.0,15,0.25,-0.0033047203678464
2021-06-22,CSX/NSC,-0.0,-0.0,0.0,15,0.25,-0.0
2021-06-22,COST/WMT,-0.002510684523848,-0.002510684523848,0.0,15,0.25,-0.000627671130962
2021-06-22,AVGO/MCHP,-0.0049071971640346,-0.0049071971640346,0.0,15,0.25,-0.0012267992910086
2021-06-22,INTU/ORCL,-0.0063838296342824,-0.0063838296342824,0.0,15,0.25,-0.0015959574085706
2021-06-23,CSX/NSC,-0.0,-0.0,0.0,15,0.25,-0.0
2021-06-23,COST/WMT,-0.0046024654694615,-0.0046024654694615,0.0,15,0.25,-0.0011506163673653
2021-06-23,AVGO/MCHP,-0.001227193470862,-0.001227193470862,0.0,15,0.25,-0.0003067983677155
2021-06-23,INTU/ORCL,0.0057907774870736,0.0057907774870736,0.0,15,0.25,0.0014476943717684
2021-06-24,CSX/NSC,-0.0,-0.0,0.0,15,0.25,-0.0
2021-06-24,COST/WMT,0.0042086423993626,0.0042086423993626,0.0,15,0.25,0.0010521605998406
2021-06-24,AVGO/MCHP,0.003009746703788,0.003009746703788,0.0,15,0.25,0.000752436675947
2021-06-24,INTU/ORCL,0.0057644222978159,0.0057644222978159,0.0,15,0.25,0.0014411055744539
2021-06-25,CSX/NSC,0.0,0.0,0.0,15,0.25,0.0
2021-06-25,COST/WMT,0.0049054675513319,0.0049054675513319,0.0,15,0.25,0.0012263668878329
2021-06-25,AVGO/MCHP,-0.001,-0.0,1.0,15,0.25,-0.00025
2021-06-25,INTU/ORCL,-0.0042835690290212,-0.0042835690290212,0.0,15,0.25,-0.0010708922572553
2021-06-28,CSX/NSC,0.0,0.0,0.0,15,0.25,0.0
2021-06-28,COST/WMT,-0.0038876708150273,-0.0038876708150273,0.0,15,0.25,-0.0009719177037568
2021-06-28,AVGO/MCHP,0.0030145180088781,0.0040145180088781,1.0,15,0.25,0.0007536295022195
2021-06-28,INTU/ORCL,0.0002048580035971,0.0002048580035971,0.0,15,0.25,5.1214500899290336e-05
2021-06-29,CSX/NSC,-0.0,-0.0,0.0,15,0.25,-0.0
2021-06-29,COST/WMT,-0.0057474434850659,-0.0057474434850659,0.0,15,0.25,-0.0014368608712664
2021-06-29,AVGO/MCHP,0.004154488917404,0.004154488917404,0.0,15,0.25,0.001038622229351
2021-06-29,INTU/ORCL,0.0062938009224911,0.0062938009224911,0.0,15,0.25,0.0015734502306227
2021-06-30,CSX/NSC,0.0,0.0,0.0,15,0.25,0.0
2021-06-30,COST/WMT,0.0197054116964651,0.0197054116964651,0.0,15,0.25,0.0049263529241162
2021-06-30,AVGO/MCHP,0.0077638874111637,0.0077638874111637,0.0,15,0.25,0.0019409718527909
2021-06-30,INTU/ORCL,0.0015665512500076,0.0015665512500076,0.0,15,0.25,0.0003916378125019
2021-07-01,CSX/NSC,-0.0,-0.0,0.0,15,0.25,-0.0
2021-07-01,COST/WMT,-0.0063181731380113,-0.0063181731380113,0.0,15,0.25,-0.0015795432845028
2021-07-01,AVGO/MCHP,-0.0034707961753612,-0.0034707961753612,0.0,15,0.25,-0.0008676990438403
2021-07-01,INTU/ORCL,-0.0147036540347668,-0.0147036540347668,0.0,15,0.25,-0.0036759135086917
2021-07-02,CSX/NSC,0.0,0.0,0.0,15,0.25,0.0
2021-07-02,COST/WMT,-0.0008023353705498,-0.0008023353705498,0.0,15,0.25,-0.0002005838426374
2021-07-02,AVGO/MCHP,-0.0033706189617387,-0.0033706189617387,0.0,15,0.25,-0.0008426547404346
2021-07-02,INTU/ORCL,-0.0159303118479902,-0.0159303118479902,0.0,15,0.25,-0.0039825779619975
2021-07-06,CSX/NSC,-0.0,-0.0,0.0,15,0.25,-0.0
2021-07-06,COST/WMT,-0.0006700142964067,-0.0006700142964067,0.0,15,0.25,-0.0001675035741016
2021-07-06,AVGO/MCHP,0.0122855753223252,0.0122855753223252,0.0,15,0.25,0.0030713938305813
2021-07-06,INTU/ORCL,-0.001,0.0,1.0,15,0.25,-0.00025
2021-07-07,NSC/UNP,0.0,0.0,0.0,16,0.25,0.0
2021-07-07,AVGO/MCHP,0.0,0.0,0.0,16,0.25,0.0
2021-07-07,ADSK/INTU,0.0,0.0,0.0,16,0.25,0.0
2021-07-07,AXP/COF,0.0,0.0,0.0,16,0.25,0.0
2021-07-08,NSC/UNP,0.0,0.0,0.0,16,0.25,0.0
2021-07-08,AVGO/MCHP,0.0,0.0,0.0,16,0.25,0.0
2021-07-08,ADSK/INTU,0.0,0.0,0.0,16,0.25,0.0
2021-07-08,AXP/COF,-0.0,-0.0,0.0,16,0.25,-0.0
2021-07-09,NSC/UNP,0.0080927745663848,0.0090927745663848,1.0,16,0.25,0.0020231936415962
2021-07-09,AVGO/MCHP,0.0,0.0,0.0,16,0.25,0.0
2021-07-09,ADSK/INTU,-0.0,-0.0,0.0,16,0.25,-0.0
2021-07-09,AXP/COF,-0.0,-0.0,0.0,16,0.25,-0.0
2021-07-12,NSC/UNP,-0.0019990443721269,-0.0019990443721269,0.0,16,0.25,-0.0004997610930317
2021-07-12,AVGO/MCHP,0.0,0.0,0.0,16,0.25,0.0
2021-07-12,ADSK/INTU,0.0,0.0,0.0,16,0.25,0.0
2021-07-12,AXP/COF,-0.0,-0.0,0.0,16,0.25,-0.0
2021-07-13,NSC/UNP,0.0041860403045551,0.0041860403045551,0.0,16,0.25,0.0010465100761387
2021-07-13,AVGO/MCHP,0.0,0.0,0.0,16,0.25,0.0
2021-07-13,ADSK/INTU,-0.0,-0.0,0.0,16,0.25,-0.0
2021-07-13,AXP/COF,0.0,0.0,0.0,16,0.25,0.0
2021-07-14,NSC/UNP,-0.0013522662767717,-0.0013522662767717,0.0,16,0.25,-0.0003380665691929
2021-07-14,AVGO/MCHP,-0.0,-0.0,0.0,16,0.25,-0.0
2021-07-14,ADSK/INTU,-0.0,-0.0,0.0,16,0.25,-0.0
2021-07-14,AXP/COF,0.0,0.0,0.0,16,0.25,0.0
2021-07-15,NSC/UNP,0.0030979080475167,0.0030979080475167,0.0,16,0.25,0.0007744770118791
2021-07-15,AVGO/MCHP,0.0,0.0,0.0,16,0.25,0.0
2021-07-15,ADSK/INTU,0.0,0.0,0.0,16,0.25,0.0
2021-07-15,AXP/COF,-0.0,-0.0,0.0,16,0.25,-0.0
2021-07-16,NSC/UNP,-0.0010767691655949,-0.0010767691655949,0.0,16,0.25,-0.0002691922913987
2021-07-16,AVGO/MCHP,-0.0,-0.0,0.0,16,0.25,-0.0
2021-07-16,ADSK/INTU,-0.0,-0.0,0.0,16,0.25,-0.0
2021-07-16,AXP/COF,-0.0,-0.0,0.0,16,0.25,-0.0
2021-07-19,NSC/UNP,-0.0013704584362427,-0.0013704584362427,0.0,16,0.25,-0.0003426146090606
2021-07-19,AVGO/MCHP,0.0,0.0,0.0,16,0.25,0.0
2021-07-19,ADSK/INTU,0.0,0.0,0.0,16,0.25,0.0
2021-07-19,AXP/COF,-0.0,-0.0,0.0,16,0.25,-0.0
2021-07-20,NSC/UNP,0.0024192669271411,0.0024192669271411,0.0,16,0.25,0.0006048167317852
2021-07-20,AVGO/MCHP,-0.0,-0.0,0.0,16,0.25,-0.0
2021-07-20,ADSK/INTU,-0.0,-0.0,0.0,16,0.25,-0.0
2021-07-20,AXP/COF,0.0095655490843348,0.0105655490843348,1.0,16,0.25,0.0023913872710837
2021-07-21,NSC/UNP,0.0023378166627744,0.0023378166627744,0.0,16,0.25,0.0005844541656936
2021-07-21,AVGO/MCHP,0.0,0.0,0.0,16,0.25,0.0
2021-07-21,ADSK/INTU,-0.0,-0.0,0.0,16,0.25,-0.0
2021-07-21,AXP/COF,-0.0006331768090819,-0.0006331768090819,0.0,16,0.25,-0.0001582942022704
2021-07-22,NSC/UNP,-0.0003346744696374,-0.0003346744696374,0.0,16,0.25,-8.366861740935674e-05
2021-07-22,AVGO/MCHP,0.0,0.0,0.0,16,0.25,0.0
2021-07-22,ADSK/INTU,-0.0,-0.0,0.0,16,0.25,-0.0
2021-07-22,AXP/COF,-0.0011176018041557,-0.0011176018041557,0.0,16,0.25,-0.0002794004510389
2021-07-23,NSC/UNP,0.0008941529938688,0.0008941529938688,0.0,16,0.25,0.0002235382484672
2021-07-23,AVGO/MCHP,0.0,0.0,0.0,16,0.25,0.0
2021-07-23,ADSK/INTU,0.0,0.0,0.0,16,0.25,0.0
2021-07-23,AXP/COF,0.0113205920682203,0.0113205920682203,0.0,16,0.25,0.002830148017055
2021-07-26,NSC/UNP,-0.0001677823613585,-0.0001677823613585,0.0,16,0.25,-4.194559033963623e-05
2021-07-26,AVGO/MCHP,-0.0,-0.0,0.0,16,0.25,-0.0
2021-07-26,ADSK/INTU,-0.0,-0.0,0.0,16,0.25,-0.0
2021-07-26,AXP/COF,-0.0076903882058868,-0.0076903882058868,0.0,16,0.25,-0.0019225970514717
2021-07-27,NSC/UNP,0.0014095385913465,0.0014095385913465,0.0,16,0.25,0.0003523846478366
2021-07-27,AVGO/MCHP,0.0,0.0,0.0,16,0.25,0.0
2021-07-27,ADSK/INTU,-0.0,-0.0,0.0,16,0.25,-0.0
2021-07-27,AXP/COF,0.0006346588420743,0.0006346588420743,0.0,16,0.25,0.0001586647105185
2021-07-28,NSC/UNP,-0.006574918156538,-0.006574918156538,0.0,16,0.25,-0.0016437295391345
2021-07-28,AVGO/MCHP,-0.0,-0.0,0.0,16,0.25,-0.0
2021-07-28,ADSK/INTU,-0.0,-0.0,0.0,16,0.25,-0.0
2021-07-28,AXP/COF,-0.0071509282610483,-0.0071509282610483,0.0,16,0.25,-0.001787732065262
2021-07-29,NSC/UNP,-0.0034716804030794,-0.0034716804030794,0.0,16,0.25,-0.0008679201007698
2021-07-29,AVGO/MCHP,-0.0,-0.0,0.0,16,0.25,-0.0
2021-07-29,ADSK/INTU,-0.0,-0.0,0.0,16,0.25,-0.0
2021-07-29,AXP/COF,0.0004057080375615,0.0004057080375615,0.0,16,0.25,0.0001014270093903
2021-07-30,NSC/UNP,-0.0004965106079639,-0.0004965106079639,0.0,16,0.25,-0.0001241276519909
2021-07-30,AVGO/MCHP,-0.0,-0.0,0.0,16,0.25,-0.0
2021-07-30,ADSK/INTU,0.0033786475767125,0.0043786475767125,1.0,16,0.25,0.0008446618941781
2021-07-30,AXP/COF,0.0005623224879307,0.0005623224879307,0.0,16,0.25,0.0001405806219826
2021-08-02,NSC/UNP,0.0001992503091407,0.0001992503091407,0.0,16,0.25,4.981257728519236e-05
2021-08-02,AVGO/MCHP,-0.0,-0.0,0.0,16,0.25,-0.0
2021-08-02,ADSK/INTU,-0.0039680790027818,-0.0039680790027818,0.0,16,0.25,-0.0009920197506954
2021-08-02,AXP/COF,-0.0003777596750878,-0.0003777596750878,0.0,16,0.25,-9.44399187719644e-05
2021-08-03,NSC/UNP,-0.001881914460485,-0.001881914460485,0.0,16,0.25,-0.0004704786151212
2021-08-03,AVGO/MCHP,-0.0035908461111332,-0.0025908461111332,1.0,16,0.25,-0.0008977115277833
2021-08-03,ADSK/INTU,-0.0036812211350482,-0.0036812211350482,0.0,16,0.25,-0.000920305283762
2021-08-03,AXP/COF,-0.0041770722283188,-0.0041770722283188,0.0,16,0.25,-0.0010442680570797
2021-08-04,NSC/UNP,-0.0028575229151539,-0.0028575229151539,0.0,16,0.25,-0.0007143807287884
2021-08-04,AVGO/MCHP,-0.000692521209968,-0.000692521209968,0.0,16,0.25,-0.000173130302492
2021-08-04,ADSK/INTU,0.0049676599005835,0.0049676599005835,0.0,16,0.25,0.0012419149751458
2021-08-04,AXP/COF,-0.0028446752787674,-0.0028446752787674,0.0,16,0.25,-0.0007111688196918
2021-08-05,NSC/UNP,-0.001,0.0,1.0,16,0.25,-0.00025
2021-08-05,AVGO/MCHP,-0.0064381575359105,-0.0064381575359105,0.0,16,0.25,-0.0016095393839776
2021-08-05,ADSK/INTU,0.0025319702333736,0.0025319702333736,0.0,16,0.25,0.0006329925583434
2021-08-05,AXP/COF,0.0005316098946751,0.0005316098946751,0.0,16,0.25,0.0001329024736687
2021-08-06,NSC/UNP,-0.0,-0.0,0.0,16,0.25,-0.0
2021-08-06,AVGO/MCHP,-0.0025857994287239,-0.0025857994287239,0.0,16,0.25,-0.0006464498571809
2021-08-06,ADSK/INTU,-0.0089156535378132,-0.0089156535378132,0.0,16,0.25,-0.0022289133844533
2021-08-06,AXP/COF,-0.0038298133556977,-0.0038298133556977,0.0,16,0.25,-0.0009574533389244
2021-08-09,NSC/UNP,-0.0,-0.0,0.0,16,0.25,-0.0
2021-08-09,AVGO/MCHP,-0.0002914065848227,-0.0002914065848227,0.0,16,0.25,-7.285164620569994e-05
2021-08-09,ADSK/INTU,0.0010695968683945,0.0010695968683945,0.0,16,0.25,0.0002673992170986
2021-08-09,AXP/COF,-0.0026490817611335,-0.0026490817611335,0.0,16,0.25,-0.0006622704402833
2021-08-10,NSC/UNP,-0.0,-0.0,0.0,16,0.25,-0.0
2021-08-10,AVGO/MCHP,-0.0056823398141094,-0.0056823398141094,0.0,16,0.25,-0.0014205849535273
2021-08-10,ADSK/INTU,-0.0040383301987601,-0.0040383301987601,0.0,16,0.25,-0.00100958254969
2021-08-10,AXP/COF,-0.0153483345453089,-0.0153483345453089,0.0,16,0.25,-0.0038370836363272
2021-08-11,NSC/UNP,0.0,0.0,0.0,16,0.25,0.0
2021-08-11,AVGO/MCHP,0.0016697330846524,0.0016697330846524,0.0,16,0.25,0.0004174332711631
2021-08-11,ADSK/INTU,0.005530918815262,0.005530918815262,0.0,16,0.25,0.0013827297038155
2021-08-11,AXP/COF,-0.0050105438688746,-0.0050105438688746,0.0,16,0.25,-0.0012526359672186
2021-08-12,NSC/UNP,-0.0,-0.0,0.0,16,0.25,-0.0
2021-08-12,AVGO/MCHP,-0.0009614083792216,-0.0009614083792216,0.0,16,0.25,-0.0002403520948054
2021-08-12,ADSK/INTU,0.0012939490599165,0.0012939490599165,0.0,16,0.25,0.0003234872649791
2021-08-12,AXP/COF,-0.0130148087930718,-0.0130148087930718,0.0,16,0.25,-0.0032537021982679
2021-08-13,NSC/UNP,0.0,0.0,0.0,16,0.25,0.0
2021-08-13,AVGO/MCHP,0.0012053946469795,0.0012053946469795,0.0,16,0.25,0.0003013486617448
2021-08-13,ADSK/INTU,0.0034643788221131,0.0034643788221131,0.0,16,0.25,0.0008660947055282
2021-08-13,AXP/COF,-0.0104879939831796,-0.0104879939831796,0.0,16,0.25,-0.0026219984957949
2021-08-16,NSC/UNP,-0.0,-0.0,0.0,16,0.25,-0.0
2021-08-16,AVGO/MCHP,0.0055247167354902,0.0055247167354902,0.0,16,0.25,0.0013811791838725
2021-08-16,ADSK/INTU,0.0055371712276702,0.0055371712276702,0.0,16,0.25,0.0013842928069175
2021-08-16,AXP/COF,-0.001,-0.0,1.0,16,0.25,-0.00025
2021-08-17,NSC/UNP,0.0,0.0,0.0,16,0.25,0.0
2021-08-17,AVGO/MCHP,0.0012262823644962,0.0012262823644962,0.0,16,0.25,0.000306570591124
2021-08-17,ADSK/INTU,-0.0014067664660272,-0.0014067664660272,0.0,16,0.25,-0.0003516916165068
2021-08-17,AXP/COF,0.0,0.0,0.0,16,0.25,0.0
2021-08-18,NSC/UNP,-0.0,-0.0,0.0,16,0.25,-0.0
2021-08-18,AVGO/MCHP,-0.0064377804453473,-0.0064377804453473,0.0,16,0.25,-0.0016094451113368
2021-08-18,ADSK/INTU,-0.0018375383148004,-0.0018375383148004,0.0,16,0.25,-0.0004593845787001
2021-08-18,AXP/COF,-0.0,-0.0,0.0,16,0.25,-0.0
2021-08-19,NSC/UNP,0.0,0.0,0.0,16,0.25,0.0
2021-08-19,AVGO/MCHP,0.0028974156501602,0.0028974156501602,0.0,16,0.25,0.00072435391254
2021-08-19,ADSK/INTU,0.0036314232781939,0.0036314232781939,0.0,16,0.25,0.0009078558195484
2021-08-19,AXP/COF,-0.0,-0.0,0.0,16,0.25,-0.0
2021-08-20,NSC/UNP,-0.0,-0.0,0.0,16,0.25,-0.0
2021-08-20,AVGO/MCHP,0.0003986761887711,0.0003986761887711,0.0,16,0.25,9.966904719278552e-05
2021-08-20,ADSK/INTU,-0.0027139509798653,-0.0027139509798653,0.0,16,0.25,-0.0006784877449663
2021-08-20,AXP/COF,0.0,0.0,0.0,16,0.25,0.0
2021-08-23,NSC/UNP,-0.0,-0.0,0.0,16,0.25,-0.0
2021-08-23,AVGO/MCHP,0.0005872577775751,0.0005872577775751,0.0,16,0.25,0.0001468144443937
2021-08-23,ADSK/INTU,0.0052109471840151,0.0052109471840151,0.0,16,0.25,0.0013027367960037
2021-08-23,AXP/COF,-0.0,-0.0,0.0,16,0.25,-0.0
2021-08-24,NSC/UNP,0.0,0.0,0.0,16,0.25,0.0
2021-08-24,AVGO/MCHP,-0.0017229900680397,-0.0017229900680397,0.0,16,0.25,-0.0004307475170099
2021-08-24,ADSK/INTU,-0.0033498619290996,-0.0033498619290996,0.0,16,0.25,-0.0008374654822749
2021-08-24,AXP/COF,0.0,0.0,0.0,16,0.25,0.0
2021-08-25,NSC/UNP,-0.0,-0.0,0.0,16,0.25,-0.0
2021-08-25,AVGO/MCHP,-0.0068747226152448,-0.0068747226152448,0.0,16,0.25,-0.0017186806538112
2021-08-25,ADSK/INTU,0.0003590929367843,0.0003590929367843,0.0,16,0.25,8.97732341960978e-05
2021-08-25,AXP/COF,0.0,0.0,0.0,16,0.25,0.0
2021-08-26,NSC/UNP,0.0,0.0,0.0,16,0.25,0.0
2021-08-26,AVGO/MCHP,-0.0091501106600696,-0.0091501106600696,0.0,16,0.25,-0.0022875276650174
2021-08-26,ADSK/INTU,-0.001,0.0,1.0,16,0.25,-0.00025
2021-08-26,AXP/COF,-0.0038419103375951,-0.0028419103375951,1.0,16,0.25,-0.0009604775843987
2021-08-27,NSC/UNP,-0.0,-0.0,0.0,16,0.25,-0.0
2021-08-27,AVGO/MCHP,0.0035890799637615,0.0035890799637615,0.0,16,0.25,0.0008972699909403
2021-08-27,ADSK/INTU,0.0,0.0,0.0,16,0.25,0.0
2021-08-27,AXP/COF,-0.001719179706453,-0.001719179706453,0.0,16,0.25,-0.0004297949266132
2021-08-30,NSC/UNP,0.0,0.0,0.0,16,0.25,0.0
2021-08-30,AVGO/MCHP,-0.001,0.0,1.0,16,0.25,-0.00025
2021-08-30,ADSK/INTU,-0.0033981863833133,-0.0023981863833133,1.0,16,0.25,-0.0008495465958283
2021-08-30,AXP/COF,-0.0084457012704519,-0.0084457012704519,0.0,16,0.25,-0.0021114253176129
2021-08-31,NSC/UNP,0.0,0.0,0.0,16,0.25,0.0
2021-08-31,AVGO/MCHP,0.0,0.0,0.0,16,0.25,0.0
2021-08-31,ADSK/INTU,-0.0047135359840385,-0.0047135359840385,0.0,16,0.25,-0.0011783839960096
2021-08-31,AXP/COF,-0.0043289757438903,-0.0043289757438903,0.0,16,0.25,-0.0010822439359725
2021-09-01,NSC/UNP,0.0,0.0,0.0,16,0.25,0.0
2021-09-01,AVGO/MCHP,-0.0,-0.0,0.0,16,0.25,-0.0
2021-09-01,ADSK/INTU,-0.0054831062347275,-0.0054831062347275,0.0,16,0.25,-0.0013707765586818
2021-09-01,AXP/COF,-0.0048413121407757,-0.0048413121407757,0.0,16,0.25,-0.0012103280351939
2021-09-02,NSC/UNP,-0.0,-0.0,0.0,16,0.25,-0.0
2021-09-02,AVGO/MCHP,-0.0,-0.0,0.0,16,0.25,-0.0
2021-09-02,ADSK/INTU,-0.0168402106693347,-0.0168402106693347,0.0,16,0.25,-0.0042100526673336
2021-09-02,AXP/COF,0.0047049482505305,0.0047049482505305,0.0,16,0.25,0.0011762370626326
2021-09-03,NSC/UNP,-0.0,-0.0,0.0,16,0.25,-0.0
2021-09-03,AVGO/MCHP,0.0,0.0,0.0,16,0.25,0.0
2021-09-03,ADSK/INTU,-0.0020075998773449,-0.0020075998773449,0.0,16,0.25,-0.0005018999693362
2021-09-03,AXP/COF,0.0031709886886361,0.0031709886886361,0.0,16,0.25,0.000792747172159
2021-09-07,NSC/UNP,-0.0,-0.0,0.0,16,0.25,-0.0
2021-09-07,AVGO/MCHP,0.0,0.0,0.0,16,0.25,0.0
2021-09-07,ADSK/INTU,0.0012437205901674,0.0012437205901674,0.0,16,0.25,0.0003109301475418
2021-09-07,AXP/COF,-0.002421121939047,-0.002421121939047,0.0,16,0.25,-0.0006052804847617
2021-09-08,NSC/UNP,0.0,0.0,0.0,16,0.25,0.0
2021-09-08,AVGO/MCHP,0.0,0.0,0.0,16,0.25,0.0
2021-09-08,ADSK/INTU,-0.0048442553500617,-0.0048442553500617,0.0,16,0.25,-0.0012110638375154
2021-09-08,AXP/COF,-0.0029792911269494,-0.0029792911269494,0.0,16,0.25,-0.0007448227817373
2021-09-09,NSC/UNP,-0.0,-0.0,0.0,16,0.25,-0.0
2021-09-09,AVGO/MCHP,-0.0,-0.0,0.0,16,0.25,-0.0
2021-09-09,ADSK/INTU,-0.0027236266216259,-0.0027236266216259,0.0,16,0.25,-0.0006809066554064
2021-09-09,AXP/COF,0.0013218371200203,0.0013218371200203,0.0,16,0.25,0.000330459280005
2021-09-10,NSC/UNP,-0.0061387603632157,-0.0051387603632157,1.0,16,0.25,-0.0015346900908039
2021-09-10,AVGO/MCHP,0.0,0.0,0.0,16,0.25,0.0
2021-09-10,ADSK/INTU,-0.0040494080269891,-0.0040494080269891,0.0,16,0.25,-0.0010123520067472
2021-09-10,AXP/COF,0.0019542394198373,0.0019542394198373,0.0,16,0.25,0.0004885598549593
2021-09-13,NSC/UNP,0.0002565053757855,0.0002565053757855,0.0,16,0.25,6.412634394637614e-05
2021-09-13,AVGO/MCHP,-0.0,-0.0,0.0,16,0.25,-0.0
2021-09-13,ADSK/INTU,0.0062835671237778,0.0062835671237778,0.0,16,0.25,0.0015708917809444
2021-09-13,AXP/COF,-0.0016344328290946,-0.0016344328290946,0.0,16,0.25,-0.0004086082072736
2021-09-14,NSC/UNP,-0.007515302110428,-0.007515302110428,0.0,16,0.25,-0.001878825527607
2021-09-14,AVGO/MCHP,0.0,0.0,0.0,16,0.25,0.0
2021-09-14,ADSK/INTU,-0.0145034338493605,-0.0145034338493605,0.0,16,0.25,-0.0036258584623401
2021-09-14,AXP/COF,-0.0041282255802084,-0.0041282255802084,0.0,16,0.25,-0.0010320563950521
2021-09-15,NSC/UNP,-0.0047579825743381,-0.0047579825743381,0.0,16,0.25,-0.0011894956435845
2021-09-15,AVGO/MCHP,0.0,0.0,0.0,16,0.25,0.0
2021-09-15,ADSK/INTU,0.0061591509604453,0.0061591509604453,0.0,16,0.25,0.0015397877401113
2021-09-15,AXP/COF,0.0047435774860399,0.0047435774860399,0.0,16,0.25,0.0011858943715099
2021-09-16,NSC/UNP,-0.0010665732377259,-0.0010665732377259,0.0,16,0.25,-0.0002666433094314
2021-09-16,AVGO/MCHP,-0.0,-0.0,0.0,16,0.25,-0.0
2021-09-16,ADSK/INTU,0.0047672038414222,0.0047672038414222,0.0,16,0.25,0.0011918009603555
2021-09-16,AXP/COF,-0.0016154615506144,-0.0016154615506144,0.0,16,0.25,-0.0004038653876536
2021-09-17,NSC/UNP,-0.0017954668940786,-0.0017954668940786,0.0,16,0.25,-0.0004488667235196
2021-09-17,AVGO/MCHP,0.0,0.0,0.0,16,0.25,0.0
2021-09-17,ADSK/INTU,0.0082422848412602,0.0082422848412602,0.0,16,0.25,0.002060571210315
2021-09-17,AXP/COF,-0.0062544793230951,-0.0062544793230951,0.0,16,0.25,-0.0015636198307737
2021-09-20,NSC/UNP,-0.0016956545179907,-0.0016956545179907,0.0,16,0.25,-0.0004239136294976
2021-09-20,AVGO/MCHP,-0.0,-0.0,0.0,16,0.25,-0.0
2021-09-20,ADSK/INTU,0.0018328087172707,0.0018328087172707,0.0,16,0.25,0.0004582021793176
2021-09-20,AXP/COF,0.0041994155317094,0.0041994155317094,0.0,16,0.25,0.0010498538829273
2021-09-21,NSC/UNP,0.0007909206910745,0.0007909206910745,0.0,16,0.25,0.0001977301727686
2021-09-21,AVGO/MCHP,-0.0,-0.0,0.0,16,0.25,-0.0
2021-09-21,ADSK/INTU,-0.0014987942859745,-0.0014987942859745,0.0,16,0.25,-0.0003746985714936
2021-09-21,AXP/COF,-0.0097387499018622,-0.0097387499018622,0.0,16,0.25,-0.0024346874754655
2021-09-22,NSC/UNP,0.0035733186127291,0.0035733186127291,0.0,16,0.25,0.0008933296531822
2021-09-22,AVGO/MCHP,0.0,0.0,0.0,16,0.25,0.0
2021-09-22,ADSK/INTU,-0.0037714550136015,-0.0037714550136015,0.0,16,0.25,-0.0009428637534003
2021-09-22,AXP/COF,-0.0074691740897339,-0.0074691740897339,0.0,16,0.25,-0.0018672935224334
2021-09-23,NSC/UNP,0.0052090776794167,0.0052090776794167,0.0,16,0.25,0.0013022694198541
2021-09-23,AVGO/MCHP,-0.0,-0.0,0.0,16,0.25,-0.0
2021-09-23,ADSK/INTU,-0.0078336969246464,-0.0078336969246464,0.0,16,0.25,-0.0019584242311616
2021-09-23,AXP/COF,-0.001,0.0,1.0,16,0.25,-0.00025
2021-09-24,NSC/UNP,0.0003154310584594,0.0003154310584594,0.0,16,0.25,7.885776461486611e-05
2021-09-24,AVGO/MCHP,0.0,0.0,0.0,16,0.25,0.0
2021-09-24,ADSK/INTU,0.0028046678125883,0.0028046678125883,0.0,16,0.25,0.000701166953147
2021-09-24,AXP/COF,0.0,0.0,0.0,16,0.25,0.0
2021-09-27,NSC/UNP,-0.0005743859517669,-0.0005743859517669,0.0,16,0.25,-0.0001435964879417
2021-09-27,AVGO/MCHP,-0.0,-0.0,0.0,16,0.25,-0.0
2021-09-27,ADSK/INTU,-0.001,-0.0,1.0,16,0.25,-0.00025
2021-09-27,AXP/COF,-0.0,-0.0,0.0,16,0.25,-0.0
2021-09-28,NSC/UNP,-0.0069435883501877,-0.0069435883501877,0.0,16,0.25,-0.0017358970875469
2021-09-28,AVGO/MCHP,0.0,0.0,0.0,16,0.25,0.0
2021-09-28,ADSK/INTU,-0.0,-0.0,0.0,16,0.25,-0.0
2021-09-28,AXP/COF,-0.0,-0.0,0.0,16,0.25,-0.0
2021-09-29,NSC/UNP,0.0033281020242145,0.0033281020242145,0.0,16,0.25,0.0008320255060536
2021-09-29,AVGO/MCHP,0.0,0.0,0.0,16,0.25,0.0
2021-09-29,ADSK/INTU,0.0009483741347934,0.0019483741347934,1.0,16,0.25,0.0002370935336983
2021-09-29,AXP/COF,-0.0,-0.0,0.0,16,0.25,-0.0
2021-09-30,NSC/UNP,-0.0063385373603799,-0.0063385373603799,0.0,16,0.25,-0.0015846343400949
2021-09-30,AVGO/MCHP,0.0056513639851928,0.0066513639851928,1.0,16,0.25,0.0014128409962982
2021-09-30,ADSK/INTU,-0.0044026363166616,-0.0044026363166616,0.0,16,0.25,-0.0011006590791654
2021-09-30,AXP/COF,-0.0,-0.0,0.0,16,0.25,-0.0
2021-10-01,NSC/UNP,0.0080829141047843,0.0080829141047843,0.0,16,0.25,0.002020728526196
2021-10-01,AVGO/MCHP,-0.0050273969226842,-0.0050273969226842,0.0,16,0.25,-0.001256849230671
2021-10-01,ADSK/INTU,0.0065519567490952,0.0065519567490952,0.0,16,0.25,0.0016379891872738
2021-10-01,AXP/COF,0.0,0.0,0.0,16,0.25,0.0
2021-10-04,NSC/UNP,0.0023085536114215,0.0023085536114215,0.0,16,0.25,0.0005771384028553
2021-10-04,AVGO/MCHP,-0.0021588296053649,-0.0021588296053649,0.0,16,0.25,-0.0005397074013412
2021-10-04,ADSK/INTU,-0.0054510680491821,-0.0054510680491821,0.0,16,0.25,-0.0013627670122955
2021-10-04,AXP/COF,-0.0,-0.0,0.0,16,0.25,-0.0
2021-10-05,COST/WMT,-0.0,-0.0,0.0,17,0.25,-0.0
2021-10-05,AXP/COF,0.0,0.0,0.0,17,0.25,0.0
2021-10-05,ADI/MCHP,0.0,0.0,0.0,17,0.25,0.0
2021-10-05,HD/LOW,0.0,0.0,0.0,17,0.25,0.0
2021-10-06,COST/WMT,0.0,0.0,0.0,17,0.25,0.0
2021-10-06,AXP/COF,-0.0,-0.0,0.0,17,0.25,-0.0
2021-10-06,ADI/MCHP,0.0,0.0,0.0,17,0.25,0.0
2021-10-06,HD/LOW,0.0,0.0,0.0,17,0.25,0.0
2021-10-07,COST/WMT,0.0,0.0,0.0,17,0.25,0.0
2021-10-07,AXP/COF,0.0,0.0,0.0,17,0.25,0.0
2021-10-07,ADI/MCHP,-0.0,-0.0,0.0,17,0.25,-0.0
2021-10-07,HD/LOW,0.0,0.0,0.0,17,0.25,0.0
2021-10-08,COST/WMT,0.0,0.0,0.0,17,0.25,0.0
2021-10-08,AXP/COF,0.0,0.0,0.0,17,0.25,0.0
2021-10-08,ADI/MCHP,0.0,0.0,0.0,17,0.25,0.0
2021-10-08,HD/LOW,-0.0,-0.0,0.0,17,0.25,-0.0
2021-10-11,COST/WMT,0.0,0.0,0.0,17,0.25,0.0
2021-10-11,AXP/COF,0.0,0.0,0.0,17,0.25,0.0
2021-10-11,ADI/MCHP,-0.0043870570249486,-0.0033870570249486,1.0,17,0.25,-0.0010967642562371
2021-10-11,HD/LOW,-0.0,-0.0,0.0,17,0.25,-0.0
2021-10-12,COST/WMT,0.0,0.0,0.0,17,0.25,0.0
2021-10-12,AXP/COF,0.0,0.0,0.0,17,0.25,0.0
2021-10-12,ADI/MCHP,0.0060746815845261,0.0060746815845261,0.0,17,0.25,0.0015186703961315
2021-10-12,HD/LOW,-0.0,-0.0,0.0,17,0.25,-0.0
2021-10-13,COST/WMT,-0.0,-0.0,0.0,17,0.25,-0.0
2021-10-13,AXP/COF,-0.0,-0.0,0.0,17,0.25,-0.0
2021-10-13,ADI/MCHP,-0.002586343168159,-0.002586343168159,0.0,17,0.25,-0.0006465857920397
2021-10-13,HD/LOW,-0.0,-0.0,0.0,17,0.25,-0.0
2021-10-14,COST/WMT,0.0,0.0,0.0,17,0.25,0.0
2021-10-14,AXP/COF,0.0,0.0,0.0,17,0.25,0.0
2021-10-14,ADI/MCHP,-0.0017597465518616,-0.0017597465518616,0.0,17,0.25,-0.0004399366379654
2021-10-14,HD/LOW,0.0,0.0,0.0,17,0.25,0.0
2021-10-15,COST/WMT,0.0,0.0,0.0,17,0.25,0.0
2021-10-15,AXP/COF,0.0,0.0,0.0,17,0.25,0.0
2021-10-15,ADI/MCHP,-0.0122320679659381,-0.0122320679659381,0.0,17,0.25,-0.0030580169914845
2021-10-15,HD/LOW,0.0,0.0,0.0,17,0.25,0.0
2021-10-18,COST/WMT,-0.0,-0.0,0.0,17,0.25,-0.0
2021-10-18,AXP/COF,0.0,0.0,0.0,17,0.25,0.0
2021-10-18,ADI/MCHP,0.001027617586017,0.001027617586017,0.0,17,0.25,0.0002569043965042
2021-10-18,HD/LOW,0.0,0.0,0.0,17,0.25,0.0
2021-10-19,COST/WMT,0.0,0.0,0.0,17,0.25,0.0
2021-10-19,AXP/COF,0.0,0.0,0.0,17,0.25,0.0
2021-10-19,ADI/MCHP,-0.0059754194758405,-0.0059754194758405,0.0,17,0.25,-0.0014938548689601
2021-10-19,HD/LOW,0.0,0.0,0.0,17,0.25,0.0
2021-10-20,COST/WMT,0.0,0.0,0.0,17,0.25,0.0
2021-10-20,AXP/COF,-0.0,-0.0,0.0,17,0.25,-0.0
2021-10-20,ADI/MCHP,-0.0008348828652866,-0.0008348828652866,0.0,17,0.25,-0.0002087207163216
2021-10-20,HD/LOW,-0.0,-0.0,0.0,17,0.25,-0.0
2021-10-21,COST/WMT,-0.0,-0.0,0.0,17,0.25,-0.0
2021-10-21,AXP/COF,0.0,0.0,0.0,17,0.25,0.0
2021-10-21,ADI/MCHP,-0.0004884416920238,-0.0004884416920238,0.0,17,0.25,-0.0001221104230059
2021-10-21,HD/LOW,0.0,0.0,0.0,17,0.25,0.0
2021-10-22,COST/WMT,0.0,0.0,0.0,17,0.25,0.0
2021-10-22,AXP/COF,0.0,0.0,0.0,17,0.25,0.0
2021-10-22,ADI/MCHP,-0.0029013970752715,-0.0029013970752715,0.0,17,0.25,-0.0007253492688178
2021-10-22,HD/LOW,-0.0,-0.0,0.0,17,0.25,-0.0
2021-10-25,COST/WMT,0.0,0.0,0.0,17,0.25,0.0
2021-10-25,AXP/COF,-0.0,-0.0,0.0,17,0.25,-0.0
2021-10-25,ADI/MCHP,-0.0039446040238868,-0.0039446040238868,0.0,17,0.25,-0.0009861510059717
2021-10-25,HD/LOW,0.0,0.0,0.0,17,0.25,0.0
2021-10-26,COST/WMT,-0.0,-0.0,0.0,17,0.25,-0.0
2021-10-26,AXP/COF,0.0,0.0,0.0,17,0.25,0.0
2021-10-26,ADI/MCHP,-0.0083803070219825,-0.0083803070219825,0.0,17,0.25,-0.0020950767554956
2021-10-26,HD/LOW,-0.0,-0.0,0.0,17,0.25,-0.0
2021-10-27,COST/WMT,-0.0,-0.0,0.0,17,0.25,-0.0
2021-10-27,AXP/COF,0.0,0.0,0.0,17,0.25,0.0
2021-10-27,ADI/MCHP,0.0239220962889079,0.0239220962889079,0.0,17,0.25,0.0059805240722269
2021-10-27,HD/LOW,0.0,0.0,0.0,17,0.25,0.0
2021-10-28,COST/WMT,0.0,0.0,0.0,17,0.25,0.0
2021-10-28,AXP/COF,0.0103480364346775,0.0113480364346775,1.0,17,0.25,0.0025870091086693
2021-10-28,ADI/MCHP,0.0042154863449311,0.0042154863449311,0.0,17,0.25,0.0010538715862327
2021-10-28,HD/LOW,-0.0,-0.0,0.0,17,0.25,-0.0
2021-10-29,COST/WMT,0.0,0.0,0.0,17,0.25,0.0
2021-10-29,AXP/COF,-0.0011384575651809,-0.0011384575651809,0.0,17,0.25,-0.0002846143912952
2021-10-29,ADI/MCHP,-0.0054163049697108,-0.0054163049697108,0.0,17,0.25,-0.0013540762424277
2021-10-29,HD/LOW,-0.0,-0.0,0.0,17,0.25,-0.0
2021-11-01,COST/WMT,0.0,0.0,0.0,17,0.25,0.0
2021-11-01,AXP/COF,0.0039072322678896,0.0039072322678896,0.0,17,0.25,0.0009768080669724
2021-11-01,ADI/MCHP,0.0097889559397696,0.0097889559397696,0.0,17,0.25,0.0024472389849424
2021-11-01,HD/LOW,-0.0,-0.0,0.0,17,0.25,-0.0
2021-11-02,COST/WMT,-0.0,-0.0,0.0,17,0.25,-0.0
2021-11-02,AXP/COF,0.0005822354006248,0.0005822354006248,0.0,17,0.25,0.0001455588501562
2021-11-02,ADI/MCHP,-0.0005421081364284,-0.0005421081364284,0.0,17,0.25,-0.0001355270341071
2021-11-02,HD/LOW,-0.0,-0.0,0.0,17,0.25,-0.0
2021-11-03,COST/WMT,-0.0,-0.0,0.0,17,0.25,-0.0
2021-11-03,AXP/COF,0.0072726565599478,0.0072726565599478,0.0,17,0.25,0.0018181641399869
2021-11-03,ADI/MCHP,0.0020309471464043,0.0020309471464043,0.0,17,0.25,0.000507736786601
2021-11-03,HD/LOW,0.0,0.0,0.0,17,0.25,0.0
2021-11-04,COST/WMT,-0.0,-0.0,0.0,17,0.25,-0.0
2021-11-04,AXP/COF,-0.0008954512742686,-0.0008954512742686,0.0,17,0.25,-0.0002238628185671
2021-11-04,ADI/MCHP,0.00901723841672,0.00901723841672,0.0,17,0.25,0.00225430960418
2021-11-04,HD/LOW,-0.0,-0.0,0.0,17,0.25,-0.0
2021-11-05,COST/WMT,-0.0032983420702,-0.0022983420702,1.0,17,0.25,-0.00082458551755
2021-11-05,AXP/COF,-0.0104986591190112,-0.0104986591190112,0.0,17,0.25,-0.0026246647797528
2021-11-05,ADI/MCHP,-0.001,-0.0,1.0,17,0.25,-0.00025
2021-11-05,HD/LOW,-0.0,-0.0,0.0,17,0.25,-0.0
2021-11-08,COST/WMT,0.0032579408519516,0.0032579408519516,0.0,17,0.25,0.0008144852129879
2021-11-08,AXP/COF,-0.009517885625174,-0.009517885625174,0.0,17,0.25,-0.0023794714062935
2021-11-08,ADI/MCHP,0.0,0.0,0.0,17,0.25,0.0
2021-11-08,HD/LOW,0.0,0.0,0.0,17,0.25,0.0
2021-11-09,COST/WMT,-0.0017110148224422,-0.0017110148224422,0.0,17,0.25,-0.0004277537056105
2021-11-09,AXP/COF,0.0003592392832531,0.0003592392832531,0.0,17,0.25,8.980982081329619e-05
2021-11-09,ADI/MCHP,0.0,0.0,0.0,17,0.25,0.0
2021-11-09,HD/LOW,0.0,0.0,0.0,17,0.25,0.0
2021-11-10,COST/WMT,-0.0029962055743197,-0.0029962055743197,0.0,17,0.25,-0.0007490513935799
2021-11-10,AXP/COF,-0.0027464371661632,-0.0027464371661632,0.0,17,0.25,-0.0006866092915408
2021-11-10,ADI/MCHP,-0.0,-0.0,0.0,17,0.25,-0.0
2021-11-10,HD/LOW,-0.0,-0.0,0.0,17,0.25,-0.0
2021-11-11,COST/WMT,-0.004940301278173,-0.004940301278173,0.0,17,0.25,-0.0012350753195432
2021-11-11,AXP/COF,0.0025781833617297,0.0025781833617297,0.0,17,0.25,0.0006445458404324
2021-11-11,ADI/MCHP,-0.0,-0.0,0.0,17,0.25,-0.0
2021-11-11,HD/LOW,-0.0,-0.0,0.0,17,0.25,-0.0
2021-11-12,COST/WMT,-0.0068513957818833,-0.0068513957818833,0.0,17,0.25,-0.0017128489454708
2021-11-12,AXP/COF,-0.0012615767503068,-0.0012615767503068,0.0,17,0.25,-0.0003153941875767
2021-11-12,ADI/MCHP,0.0,0.0,0.0,17,0.25,0.0
2021-11-12,HD/LOW,0.0,0.0,0.0,17,0.25,0.0
2021-11-15,COST/WMT,-0.0055593340004605,-0.0055593340004605,0.0,17,0.25,-0.0013898335001151
2021-11-15,AXP/COF,-0.0051692557119989,-0.0051692557119989,0.0,17,0.25,-0.0012923139279997
2021-11-15,ADI/MCHP,0.0,0.0,0.0,17,0.25,0.0
2021-11-15,HD/LOW,-0.0,-0.0,0.0,17,0.25,-0.0
2021-11-16,COST/WMT,-0.0206430032522454,-0.0206430032522454,0.0,17,0.25,-0.0051607508130613
2021-11-16,AXP/COF,0.0004269782799029,0.0004269782799029,0.0,17,0.25,0.0001067445699757
2021-11-16,ADI/MCHP,0.0,0.0,0.0,17,0.25,0.0
2021-11-16,HD/LOW,0.0,0.0,0.0,17,0.25,0.0
2021-11-17,COST/WMT,-0.0049379128201946,-0.0049379128201946,0.0,17,0.25,-0.0012344782050486
2021-11-17,AXP/COF,-0.0007378469893939,-0.0007378469893939,0.0,17,0.25,-0.0001844617473484
2021-11-17,ADI/MCHP,0.0,0.0,0.0,17,0.25,0.0
2021-11-17,HD/LOW,-0.0032206000453191,-0.0022206000453191,1.0,17,0.25,-0.0008051500113297
2021-11-18,COST/WMT,0.0030040595566176,0.0030040595566176,0.0,17,0.25,0.0007510148891544
2021-11-18,AXP/COF,0.0139577677094377,0.0139577677094377,0.0,17,0.25,0.0034894419273594
2021-11-18,ADI/MCHP,0.0,0.0,0.0,17,0.25,0.0
2021-11-18,HD/LOW,-0.0137331556035804,-0.0137331556035804,0.0,17,0.25,-0.0034332889008951
2021-11-19,COST/WMT,-0.0065269471859208,-0.0065269471859208,0.0,17,0.25,-0.0016317367964802
2021-11-19,AXP/COF,0.0044413654185888,0.0044413654185888,0.0,17,0.25,0.0011103413546472
2021-11-19,ADI/MCHP,0.0,0.0,0.0,17,0.25,0.0
2021-11-19,HD/LOW,-0.0005854867389431,-0.0005854867389431,0.0,17,0.25,-0.0001463716847357
2021-11-22,COST/WMT,0.0060779991403178,0.0060779991403178,0.0,17,0.25,0.0015194997850794
2021-11-22,AXP/COF,0.014095099874183,0.014095099874183,0.0,17,0.25,0.0035237749685457
2021-11-22,ADI/MCHP,-0.0,-0.0,0.0,17,0.25,-0.0
2021-11-22,HD/LOW,0.004511054944839,0.004511054944839,0.0,17,0.25,0.0011277637362097
2021-11-23,COST/WMT,0.0003606558295243,0.0003606558295243,0.0,17,0.25,9.016395738107708e-05
2021-11-23,AXP/COF,0.0084036571326353,0.0084036571326353,0.0,17,0.25,0.0021009142831588
2021-11-23,ADI/MCHP,-0.0,-0.0,0.0,17,0.25,-0.0
2021-11-23,HD/LOW,-0.0001101641735373,-0.0001101641735373,0.0,17,0.25,-2.754104338432544e-05
2021-11-24,COST/WMT,-8.686095150012914e-05,-8.686095150012914e-05,0.0,17,0.25,-2.1715237875032285e-05
2021-11-24,AXP/COF,-0.001,0.0,1.0,17,0.25,-0.00025
2021-11-24,ADI/MCHP,-0.0,-0.0,0.0,17,0.25,-0.0
2021-11-24,HD/LOW,-0.0042232875318988,-0.0042232875318988,0.0,17,0.25,-0.0010558218829747
2021-11-26,COST/WMT,-0.0043480713799751,-0.0043480713799751,0.0,17,0.25,-0.0010870178449937
2021-11-26,AXP/COF,-0.0,-0.0,0.0,17,0.25,-0.0
2021-11-26,ADI/MCHP,0.0,0.0,0.0,17,0.25,0.0
2021-11-26,HD/LOW,0.0054137010554149,0.0054137010554149,0.0,17,0.25,0.0013534252638537
2021-11-29,COST/WMT,-0.0158031183596274,-0.0158031183596274,0.0,17,0.25,-0.0039507795899068
2021-11-29,AXP/COF,0.0087685999543045,0.0097685999543045,1.0,17,0.25,0.0021921499885761
2021-11-29,ADI/MCHP,-0.0,-0.0,0.0,17,0.25,-0.0
2021-11-29,HD/LOW,-0.004550920559683,-0.004550920559683,0.0,17,0.25,-0.0011377301399207
2021-11-30,COST/WMT,0.0020884315010077,0.0020884315010077,0.0,17,0.25,0.0005221078752519
2021-11-30,AXP/COF,-0.0029917801883653,-0.0029917801883653,0.0,17,0.25,-0.0007479450470913
2021-11-30,ADI/MCHP,-0.0,-0.0,0.0,17,0.25,-0.0
2021-11-30,HD/LOW,0.0023938335213701,0.0023938335213701,0.0,17,0.25,0.0005984583803425
2021-12-01,COST/WMT,-0.0084965432769398,-0.0084965432769398,0.0,17,0.25,-0.0021241358192349
2021-12-01,AXP/COF,-0.0024999402635592,-0.0024999402635592,0.0,17,0.25,-0.0006249850658898
2021-12-01,ADI/MCHP,-0.0,-0.0,0.0,17,0.25,-0.0
2021-12-01,HD/LOW,-0.0008952013084386,-0.0008952013084386,0.0,17,0.25,-0.0002238003271096
2021-12-02,COST/WMT,-0.0043587446977333,-0.0043587446977333,0.0,17,0.25,-0.0010896861744333
2021-12-02,AXP/COF,0.0119494165141706,0.0119494165141706,0.0,17,0.25,0.0029873541285426
2021-12-02,ADI/MCHP,0.0,0.0,0.0,17,0.25,0.0
2021-12-02,HD/LOW,-0.0023516246653633,-0.0023516246653633,0.0,17,0.25,-0.0005879061663408
2021-12-03,COST/WMT,-0.001,0.0,1.0,17,0.25,-0.00025
2021-12-03,AXP/COF,0.0009879942491551,0.0009879942491551,0.0,17,0.25,0.0002469985622887
2021-12-03,ADI/MCHP,-0.0,-0.0,0.0,17,0.25,-0.0
2021-12-03,HD/LOW,-0.0028492646137149,-0.0028492646137149,0.0,17,0.25,-0.0007123161534287
2021-12-06,COST/WMT,0.0,0.0,0.0,17,0.25,0.0
2021-12-06,AXP/COF,0.0064927321512054,0.0064927321512054,0.0,17,0.25,0.0016231830378013
2021-12-06,ADI/MCHP,0.0,0.0,0.0,17,0.25,0.0
2021-12-06,HD/LOW,-0.0072703440510101,-0.0072703440510101,0.0,17,0.25,-0.0018175860127525
2021-12-07,COST/WMT,-0.0,-0.0,0.0,17,0.25,-0.0
2021-12-07,AXP/COF,0.0158030329542217,0.0158030329542217,0.0,17,0.25,0.0039507582385554
2021-12-07,ADI/MCHP,-0.0,-0.0,0.0,17,0.25,-0.0
2021-12-07,HD/LOW,0.0087159795783559,0.0087159795783559,0.0,17,0.25,0.0021789948945889
2021-12-08,COST/WMT,0.0,0.0,0.0,17,0.25,0.0
2021-12-08,AXP/COF,0.0063927927192304,0.0063927927192304,0.0,17,0.25,0.0015981981798076
2021-12-08,ADI/MCHP,0.0,0.0,0.0,17,0.25,0.0
2021-12-08,HD/LOW,0.0066969116887741,0.0066969116887741,0.0,17,0.25,0.0016742279221935
2021-12-09,COST/WMT,0.0,0.0,0.0,17,0.25,0.0
2021-12-09,AXP/COF,-0.0041737032852951,-0.0041737032852951,0.0,17,0.25,-0.0010434258213237
2021-12-09,ADI/MCHP,-0.0,-0.0,0.0,17,0.25,-0.0
2021-12-09,HD/LOW,0.0021294393419945,0.0021294393419945,0.0,17,0.25,0.0005323598354986
2021-12-10,COST/WMT,0.013010831583992,0.014010831583992,1.0,17,0.25,0.003252707895998
2021-12-10,AXP/COF,-0.0068826950758089,-0.0068826950758089,0.0,17,0.25,-0.0017206737689522
2021-12-10,ADI/MCHP,-0.0,-0.0,0.0,17,0.25,-0.0
2021-12-10,HD/LOW,-0.0006747279798124,-0.0006747279798124,0.0,17,0.25,-0.0001686819949531
2021-12-13,COST/WMT,-0.0122101955632642,-0.0122101955632642,0.0,17,0.25,-0.003052548890816
2021-12-13,AXP/COF,-0.0013137713150175,-0.0013137713150175,0.0,17,0.25,-0.0003284428287543
2021-12-13,ADI/MCHP,-0.0,-0.0,0.0,17,0.25,-0.0
2021-12-13,HD/LOW,0.0079106384646519,0.0079106384646519,0.0,17,0.25,0.0019776596161629
2021-12-14,COST/WMT,-0.0140626530777606,-0.0140626530777606,0.0,17,0.25,-0.0035156632694401
2021-12-14,AXP/COF,-0.0068928001218891,-0.0068928001218891,0.0,17,0.25,-0.0017232000304722
2021-12-14,ADI/MCHP,-0.0,-0.0,0.0,17,0.25,-0.0
2021-12-14,HD/LOW,-0.0031983952945129,-0.0031983952945129,0.0,17,0.25,-0.0007995988236282
2021-12-15,COST/WMT,0.0106675587568994,0.0106675587568994,0.0,17,0.25,0.0026668896892248
2021-12-15,AXP/COF,-0.000751938389894,-0.000751938389894,0.0,17,0.25,-0.0001879845974735
2021-12-15,ADI/MCHP,-0.0,-0.0,0.0,17,0.25,-0.0
2021-12-15,HD/LOW,-0.001,-0.0,1.0,17,0.25,-0.00025
2021-12-16,COST/WMT,0.0015321424135049,0.0015321424135049,0.0,17,0.25,0.0003830356033762
2021-12-16,AXP/COF,0.0010269124534145,0.0010269124534145,0.0,17,0.25,0.0002567281133536
2021-12-16,ADI/MCHP,-0.0,-0.0,0.0,17,0.25,-0.0
2021-12-16,HD/LOW,-0.0,-0.0,0.0,17,0.25,-0.0
2021-12-17,COST/WMT,0.0162283084406914,0.0162283084406914,0.0,17,0.25,0.0040570771101728
2021-12-17,AXP/COF,7.048779986348517e-06,7.048779986348517e-06,0.0,17,0.25,1.7621949965871292e-06
2021-12-17,ADI/MCHP,-0.0,-0.0,0.0,17,0.25,-0.0
2021-12-17,HD/LOW,-0.0,-0.0,0.0,17,0.25,-0.0
2021-12-20,COST/WMT,-0.0013322318118743,-0.0013322318118743,0.0,17,0.25,-0.0003330579529685
2021-12-20,AXP/COF,0.0009882056480089,0.0009882056480089,0.0,17,0.25,0.0002470514120022
2021-12-20,ADI/MCHP,0.0,0.0,0.0,17,0.25,0.0
2021-12-20,HD/LOW,0.0,0.0,0.0,17,0.25,0.0
2021-12-21,COST/WMT,-0.0040487697612521,-0.0040487697612521,0.0,17,0.25,-0.001012192440313
2021-12-21,AXP/COF,0.0038406463566961,0.0038406463566961,0.0,17,0.25,0.000960161589174
2021-12-21,ADI/MCHP,0.0,0.0,0.0,17,0.25,0.0
2021-12-21,HD/LOW,-0.0,-0.0,0.0,17,0.25,-0.0
2021-12-22,COST/WMT,0.0021878008909977,0.0021878008909977,0.0,17,0.25,0.0005469502227494
2021-12-22,AXP/COF,0.0051108984536971,0.0051108984536971,0.0,17,0.25,0.0012777246134242
2021-12-22,ADI/MCHP,-0.0,-0.0,0.0,17,0.25,-0.0
2021-12-22,HD/LOW,0.0,0.0,0.0,17,0.25,0.0
2021-12-23,COST/WMT,0.0018553484128414,0.0018553484128414,0.0,17,0.25,0.0004638371032103
2021-12-23,AXP/COF,0.0023657504082221,0.0023657504082221,0.0,17,0.25,0.0005914376020555
2021-12-23,ADI/MCHP,-0.0,-0.0,0.0,17,0.25,-0.0
2021-12-23,HD/LOW,0.0,0.0,0.0,17,0.25,0.0
2021-12-27,COST/WMT,0.0035103197211652,0.0035103197211652,0.0,17,0.25,0.0008775799302913
2021-12-27,AXP/COF,-0.001,-0.0,1.0,17,0.25,-0.00025
2021-12-27,ADI/MCHP,-0.0,-0.0,0.0,17,0.25,-0.0
2021-12-27,HD/LOW,0.0,0.0,0.0,17,0.25,0.0
2021-12-28,COST/WMT,-0.0080617346125126,-0.0080617346125126,0.0,17,0.25,-0.0020154336531281
2021-12-28,AXP/COF,-0.0,-0.0,0.0,17,0.25,-0.0
2021-12-28,ADI/MCHP,0.0,0.0,0.0,17,0.25,0.0
2021-12-28,HD/LOW,0.0,0.0,0.0,17,0.25,0.0
2021-12-29,COST/WMT,0.0024268526416457,0.0024268526416457,0.0,17,0.25,0.0006067131604114
2021-12-29,AXP/COF,-0.0,-0.0,0.0,17,0.25,-0.0
2021-12-29,ADI/MCHP,0.0,0.0,0.0,17,0.25,0.0
2021-12-29,HD/LOW,0.0,0.0,0.0,17,0.25,0.0
2021-12-30,COST/WMT,-0.0045936381527929,-0.0045936381527929,0.0,17,0.25,-0.0011484095381982
2021-12-30,AXP/COF,0.0,0.0,0.0,17,0.25,0.0
2021-12-30,ADI/MCHP,0.0,0.0,0.0,17,0.25,0.0
2021-12-30,HD/LOW,0.0,0.0,0.0,17,0.25,0.0
2021-12-31,COST/WMT,-0.0039675780720154,-0.0039675780720154,0.0,17,0.25,-0.0009918945180038
2021-12-31,AXP/COF,-0.0,-0.0,0.0,17,0.25,-0.0
2021-12-31,ADI/MCHP,0.0,0.0,0.0,17,0.25,0.0
2021-12-31,HD/LOW,0.0,0.0,0.0,17,0.25,0.0
2022-01-03,COST/WMT,-0.0004991130947857,-0.0004991130947857,0.0,17,0.25,-0.0001247782736964
2022-01-03,AXP/COF,0.0,0.0,0.0,17,0.25,0.0
2022-01-03,ADI/MCHP,0.0,0.0,0.0,17,0.25,0.0
2022-01-03,HD/LOW,-0.0,-0.0,0.0,17,0.25,-0.0
2022-01-04,CSX/UNP,0.0,0.0,0.0,18,0.25,0.0
2022-01-04,NXPI/TXN,-0.0,-0.0,0.0,18,0.25,-0.0
2022-01-04,CAT/DE,0.0,0.0,0.0,18,0.25,0.0
2022-01-04,AXP/COF,0.0,0.0,0.0,18,0.25,0.0
2022-01-05,CSX/UNP,0.0,0.0,0.0,18,0.25,0.0
2022-01-05,NXPI/TXN,-0.0,-0.0,0.0,18,0.25,-0.0
2022-01-05,CAT/DE,0.0,0.0,0.0,18,0.25,0.0
2022-01-05,AXP/COF,0.0,0.0,0.0,18,0.25,0.0
2022-01-06,CSX/UNP,-0.0,-0.0,0.0,18,0.25,-0.0
2022-01-06,NXPI/TXN,-0.0,-0.0,0.0,18,0.25,-0.0
2022-01-06,CAT/DE,0.0,0.0,0.0,18,0.25,0.0
2022-01-06,AXP/COF,-0.0,-0.0,0.0,18,0.25,-0.0
2022-01-07,CSX/UNP,0.0,0.0,0.0,18,0.25,0.0
2022-01-07,NXPI/TXN,-0.0,-0.0,0.0,18,0.25,-0.0
2022-01-07,CAT/DE,0.0,0.0,0.0,18,0.25,0.0
2022-01-07,AXP/COF,-0.0,-0.0,0.0,18,0.25,-0.0
2022-01-10,CSX/UNP,0.0,0.0,0.0,18,0.25,0.0
2022-01-10,NXPI/TXN,0.0113190222386622,0.0123190222386622,1.0,18,0.25,0.0028297555596655
2022-01-10,CAT/DE,-0.0,-0.0,0.0,18,0.25,-0.0
2022-01-10,AXP/COF,-0.0,-0.0,0.0,18,0.25,-0.0
2022-01-11,CSX/UNP,-0.0,-0.0,0.0,18,0.25,-0.0
2022-01-11,NXPI/TXN,-0.0024672503452126,-0.0024672503452126,0.0,18,0.25,-0.0006168125863031
2022-01-11,CAT/DE,-0.0,-0.0,0.0,18,0.25,-0.0
2022-01-11,AXP/COF,0.0,0.0,0.0,18,0.25,0.0
2022-01-12,CSX/UNP,-0.0,-0.0,0.0,18,0.25,-0.0
2022-01-12,NXPI/TXN,0.0028492295072746,0.0028492295072746,0.0,18,0.25,0.0007123073768186
2022-01-12,CAT/DE,0.0,0.0,0.0,18,0.25,0.0
2022-01-12,AXP/COF,-0.0,-0.0,0.0,18,0.25,-0.0
2022-01-13,CSX/UNP,0.0,0.0,0.0,18,0.25,0.0
2022-01-13,NXPI/TXN,0.0036909771029245,0.0036909771029245,0.0,18,0.25,0.0009227442757311
2022-01-13,CAT/DE,0.0,0.0,0.0,18,0.25,0.0
2022-01-13,AXP/COF,-0.0,-0.0,0.0,18,0.25,-0.0
2022-01-14,CSX/UNP,0.0,0.0,0.0,18,0.25,0.0
2022-01-14,NXPI/TXN,0.0051902038017202,0.0051902038017202,0.0,18,0.25,0.00129755095043
2022-01-14,CAT/DE,0.0,0.0,0.0,18,0.25,0.0
2022-01-14,AXP/COF,-0.0156043001971827,-0.0146043001971827,1.0,18,0.25,-0.0039010750492956
2022-01-18,CSX/UNP,-0.0,-0.0,0.0,18,0.25,-0.0
2022-01-18,NXPI/TXN,-0.0051729119139974,-0.0051729119139974,0.0,18,0.25,-0.0012932279784993
2022-01-18,CAT/DE,-0.0,-0.0,0.0,18,0.25,-0.0
2022-01-18,AXP/COF,0.0010186042939653,0.0010186042939653,0.0,18,0.25,0.0002546510734913
2022-01-19,CSX/UNP,0.0,0.0,0.0,18,0.25,0.0
2022-01-19,NXPI/TXN,-0.0045996523622536,-0.0045996523622536,0.0,18,0.25,-0.0011499130905634
2022-01-19,CAT/DE,-0.0,-0.0,0.0,18,0.25,-0.0
2022-01-19,AXP/COF,-0.0028272780940888,-0.0028272780940888,0.0,18,0.25,-0.0007068195235222
2022-01-20,CSX/UNP,0.0,0.0,0.0,18,0.25,0.0
2022-01-20,NXPI/TXN,-0.0001637739426219,-0.0001637739426219,0.0,18,0.25,-4.09434856554779e-05
2022-01-20,CAT/DE,-0.0,-0.0,0.0,18,0.25,-0.0
2022-01-20,AXP/COF,0.0018773441767278,0.0018773441767278,0.0,18,0.25,0.0004693360441819
2022-01-21,CSX/UNP,0.0,0.0,0.0,18,0.25,0.0
2022-01-21,NXPI/TXN,0.0078403177588191,0.0078403177588191,0.0,18,0.25,0.0019600794397047
2022-01-21,CAT/DE,-0.0,-0.0,0.0,18,0.25,-0.0
2022-01-21,AXP/COF,0.0021406094470921,0.0021406094470921,0.0,18,0.25,0.000535152361773
2022-01-24,CSX/UNP,-0.0,-0.0,0.0,18,0.25,-0.0
2022-01-24,NXPI/TXN,0.005023276729325,0.005023276729325,0.0,18,0.25,0.0012558191823312
2022-01-24,CAT/DE,0.0,0.0,0.0,18,0.25,0.0
2022-01-24,AXP/COF,-0.0042406035624138,-0.0042406035624138,0.0,18,0.25,-0.0010601508906034
2022-01-25,CSX/UNP,0.0,0.0,0.0,18,0.25,0.0
2022-01-25,NXPI/TXN,-0.0026754365072028,-0.0026754365072028,0.0,18,0.25,-0.0006688591268007
2022-01-25,CAT/DE,-0.0,-0.0,0.0,18,0.25,-0.0
2022-01-25,AXP/COF,0.0422857091412547,0.0422857091412547,0.0,18,0.25,0.0105714272853136
2022-01-26,CSX/UNP,0.0,0.0,0.0,18,0.25,0.0
2022-01-26,NXPI/TXN,0.0129565125222243,0.0129565125222243,0.0,18,0.25,0.003239128130556
2022-01-26,CAT/DE,-0.0,-0.0,0.0,18,0.25,-0.0
2022-01-26,AXP/COF,0.0270654558725496,0.0270654558725496,0.0,18,0.25,0.0067663639681374
2022-01-27,CSX/UNP,0.0,0.0,0.0,18,0.25,0.0
2022-01-27,NXPI/TXN,0.0021844176051995,0.0021844176051995,0.0,18,0.25,0.0005461044012998
2022-01-27,CAT/DE,-0.0,-0.0,0.0,18,0.25,-0.0
2022-01-27,AXP/COF,-0.0023705306946639,-0.0023705306946639,0.0,18,0.25,-0.0005926326736659
2022-01-28,CSX/UNP,-0.0,-0.0,0.0,18,0.25,-0.0
2022-01-28,NXPI/TXN,0.0112399901369328,0.0112399901369328,0.0,18,0.25,0.0028099975342332
2022-01-28,CAT/DE,-0.0279951182717897,-0.0269951182717897,1.0,18,0.25,-0.0069987795679474
2022-01-28,AXP/COF,0.0149379051525565,0.0149379051525565,0.0,18,0.25,0.0037344762881391
2022-01-31,CSX/UNP,-0.0,-0.0,0.0,18,0.25,-0.0
2022-01-31,NXPI/TXN,-0.0200940711862086,-0.0200940711862086,0.0,18,0.25,-0.0050235177965521
2022-01-31,CAT/DE,-0.001870312031302,-0.001870312031302,0.0,18,0.25,-0.0004675780078255
2022-01-31,AXP/COF,-0.0027329594938813,-0.0027329594938813,0.0,18,0.25,-0.0006832398734703
2022-02-01,CSX/UNP,-0.0,-0.0,0.0,18,0.25,-0.0
2022-02-01,NXPI/TXN,0.0021699088064994,0.0021699088064994,0.0,18,0.25,0.0005424772016248
2022-02-01,CAT/DE,0.0090483393783712,0.0090483393783712,0.0,18,0.25,0.0022620848445928
2022-02-01,AXP/COF,0.0015398334889013,0.0015398334889013,0.0,18,0.25,0.0003849583722253
2022-02-02,CSX/UNP,0.0,0.0,0.0,18,0.25,0.0
2022-02-02,NXPI/TXN,0.0205812813532006,0.0205812813532006,0.0,18,0.25,0.0051453203383001
2022-02-02,CAT/DE,0.0027188928780178,0.0027188928780178,0.0,18,0.25,0.0006797232195044
2022-02-02,AXP/COF,0.0043731068788688,0.0043731068788688,0.0,18,0.25,0.0010932767197172
2022-02-03,CSX/UNP,-0.0,-0.0,0.0,18,0.25,-0.0
2022-02-03,NXPI/TXN,-0.0241052274346768,-0.0241052274346768,0.0,18,0.25,-0.0060263068586692
2022-02-03,CAT/DE,-0.008009033879601,-0.008009033879601,0.0,18,0.25,-0.0020022584699002
2022-02-03,AXP/COF,0.0033050258108412,0.0033050258108412,0.0,18,0.25,0.0008262564527103
2022-02-04,CSX/UNP,-0.0,-0.0,0.0,18,0.25,-0.0
2022-02-04,NXPI/TXN,-0.0154032607637715,-0.0154032607637715,0.0,18,0.25,-0.0038508151909428
2022-02-04,CAT/DE,-0.0045907743943352,-0.0045907743943352,0.0,18,0.25,-0.0011476935985838
2022-02-04,AXP/COF,-1.5523719547665182e-05,-1.5523719547665182e-05,0.0,18,0.25,-3.880929886916296e-06
2022-02-07,CSX/UNP,0.0,0.0,0.0,18,0.25,0.0
2022-02-07,NXPI/TXN,-0.001,-0.0,1.0,18,0.25,-0.00025
2022-02-07,CAT/DE,0.0009200198672241,0.0009200198672241,0.0,18,0.25,0.000230004966806
2022-02-07,AXP/COF,0.0013238731876399,0.0013238731876399,0.0,18,0.25,0.0003309682969099
2022-02-08,CSX/UNP,-0.0,-0.0,0.0,18,0.25,-0.0
2022-02-08,NXPI/TXN,0.0,0.0,0.0,18,0.25,0.0
2022-02-08,CAT/DE,-0.0155341138861251,-0.0155341138861251,0.0,18,0.25,-0.0038835284715312
2022-02-08,AXP/COF,0.0086541980568072,0.0086541980568072,0.0,18,0.25,0.0021635495142018
2022-02-09,CSX/UNP,-0.0,-0.0,0.0,18,0.25,-0.0
2022-02-09,NXPI/TXN,0.0,0.0,0.0,18,0.25,0.0
2022-02-09,CAT/DE,-6.949709647869866e-05,-6.949709647869866e-05,0.0,18,0.25,-1.7374274119674666e-05
2022-02-09,AXP/COF,-0.0004160810518711,-0.0004160810518711,0.0,18,0.25,-0.0001040202629677
2022-02-10,CSX/UNP,0.0,0.0,0.0,18,0.25,0.0
2022-02-10,NXPI/TXN,-0.0,-0.0,0.0,18,0.25,-0.0
2022-02-10,CAT/DE,0.0009306923302685,0.0009306923302685,0.0,18,0.25,0.0002326730825671
2022-02-10,AXP/COF,0.0008474471048424,0.0008474471048424,0.0,18,0.25,0.0002118617762106
2022-02-11,CSX/UNP,0.0,0.0,0.0,18,0.25,0.0
2022-02-11,NXPI/TXN,-0.0,-0.0,0.0,18,0.25,-0.0
2022-02-11,CAT/DE,-0.0046539931069089,-0.0046539931069089,0.0,18,0.25,-0.0011634982767272
2022-02-11,AXP/COF,-0.001,-0.0,1.0,18,0.25,-0.00025
2022-02-14,CSX/UNP,0.0,0.0,0.0,18,0.25,0.0
2022-02-14,NXPI/TXN,-0.0,-0.0,0.0,18,0.25,-0.0
2022-02-14,CAT/DE,0.0020088289660239,0.0020088289660239,0.0,18,0.25,0.0005022072415059
2022-02-14,AXP/COF,0.0,0.0,0.0,18,0.25,0.0
2022-02-15,CSX/UNP,0.0,0.0,0.0,18,0.25,0.0
2022-02-15,NXPI/TXN,-0.0,-0.0,0.0,18,0.25,-0.0
2022-02-15,CAT/DE,0.0033719999804724,0.0033719999804724,0.0,18,0.25,0.0008429999951181
2022-02-15,AXP/COF,0.0,0.0,0.0,18,0.25,0.0
2022-02-16,CSX/UNP,0.0,0.0,0.0,18,0.25,0.0
2022-02-16,NXPI/TXN,0.0,0.0,0.0,18,0.25,0.0
2022-02-16,CAT/DE,0.0037217418859278,0.0037217418859278,0.0,18,0.25,0.0009304354714819
2022-02-16,AXP/COF,0.0,0.0,0.0,18,0.25,0.0
2022-02-17,CSX/UNP,-0.0,-0.0,0.0,18,0.25,-0.0
2022-02-17,NXPI/TXN,0.0,0.0,0.0,18,0.25,0.0
2022-02-17,CAT/DE,-0.014162009903785,-0.014162009903785,0.0,18,0.25,-0.0035405024759462
2022-02-17,AXP/COF,0.0,0.0,0.0,18,0.25,0.0
2022-02-18,CSX/UNP,0.0,0.0,0.0,18,0.25,0.0
2022-02-18,NXPI/TXN,0.0,0.0,0.0,18,0.25,0.0
2022-02-18,CAT/DE,0.0045514716485672,0.0045514716485672,0.0,18,0.25,0.0011378679121418
2022-02-18,AXP/COF,-0.0,-0.0,0.0,18,0.25,-0.0
2022-02-22,CSX/UNP,-0.0,-0.0,0.0,18,0.25,-0.0
2022-02-22,NXPI/TXN,-0.0,-0.0,0.0,18,0.25,-0.0
2022-02-22,CAT/DE,0.0154473505975533,0.0154473505975533,0.0,18,0.25,0.0038618376493883
2022-02-22,AXP/COF,-0.0,-0.0,0.0,18,0.25,-0.0
2022-02-23,CSX/UNP,0.0,0.0,0.0,18,0.25,0.0
2022-02-23,NXPI/TXN,-0.0,-0.0,0.0,18,0.25,-0.0
2022-02-23,CAT/DE,0.0059033942223423,0.0059033942223423,0.0,18,0.25,0.0014758485555855
2022-02-23,AXP/COF,-0.0,-0.0,0.0,18,0.25,-0.0
2022-02-24,CSX/UNP,-0.0,-0.0,0.0,18,0.25,-0.0
2022-02-24,NXPI/TXN,0.0,0.0,0.0,18,0.25,0.0
2022-02-24,CAT/DE,-0.0126968014311018,-0.0126968014311018,0.0,18,0.25,-0.0031742003577754
2022-02-24,AXP/COF,0.0,0.0,0.0,18,0.25,0.0
2022-02-25,CSX/UNP,0.0,0.0,0.0,18,0.25,0.0
2022-02-25,NXPI/TXN,-0.0,-0.0,0.0,18,0.25,-0.0
2022-02-25,CAT/DE,-0.001,0.0,1.0,18,0.25,-0.00025
2022-02-25,AXP/COF,0.0,0.0,0.0,18,0.25,0.0
2022-02-28,CSX/UNP,0.0,0.0,0.0,18,0.25,0.0
2022-02-28,NXPI/TXN,0.0,0.0,0.0,18,0.25,0.0
2022-02-28,CAT/DE,-0.0,-0.0,0.0,18,0.25,-0.0
2022-02-28,AXP/COF,0.0,0.0,0.0,18,0.25,0.0
2022-03-01,CSX/UNP,-0.0,-0.0,0.0,18,0.25,-0.0
2022-03-01,NXPI/TXN,0.0,0.0,0.0,18,0.25,0.0
2022-03-01,CAT/DE,-0.0,-0.0,0.0,18,0.25,-0.0
2022-03-01,AXP/COF,-0.0,-0.0,0.0,18,0.25,-0.0
2022-03-02,CSX/UNP,0.0,0.0,0.0,18,0.25,0.0
2022-03-02,NXPI/TXN,-0.0,-0.0,0.0,18,0.25,-0.0
2022-03-02,CAT/DE,0.0,0.0,0.0,18,0.25,0.0
2022-03-02,AXP/COF,0.0048129524815421,0.0058129524815421,1.0,18,0.25,0.0012032381203855
2022-03-03,CSX/UNP,-0.0,-0.0,0.0,18,0.25,-0.0
2022-03-03,NXPI/TXN,0.0,0.0,0.0,18,0.25,0.0
2022-03-03,CAT/DE,0.0,0.0,0.0,18,0.25,0.0
2022-03-03,AXP/COF,0.0065718085728542,0.0065718085728542,0.0,18,0.25,0.0016429521432135
2022-03-04,CSX/UNP,-0.0,-0.0,0.0,18,0.25,-0.0
2022-03-04,NXPI/TXN,0.0,0.0,0.0,18,0.25,0.0
2022-03-04,CAT/DE,-0.0,-0.0,0.0,18,0.25,-0.0
2022-03-04,AXP/COF,-0.0091866561030029,-0.0091866561030029,0.0,18,0.25,-0.0022966640257507
2022-03-07,CSX/UNP,-0.0,-0.0,0.0,18,0.25,-0.0
2022-03-07,NXPI/TXN,-0.0,-0.0,0.0,18,0.25,-0.0
2022-03-07,CAT/DE,0.0,0.0,0.0,18,0.25,0.0
2022-03-07,AXP/COF,-0.017502339724325,-0.017502339724325,0.0,18,0.25,-0.0043755849310812
2022-03-08,CSX/UNP,0.0,0.0,0.0,18,0.25,0.0
2022-03-08,NXPI/TXN,-0.0,-0.0,0.0,18,0.25,-0.0
2022-03-08,CAT/DE,-0.0447192441213064,-0.0437192441213064,1.0,18,0.25,-0.0111798110303266
2022-03-08,AXP/COF,-0.0009170748068685,-0.0009170748068685,0.0,18,0.25,-0.0002292687017171
2022-03-09,CSX/UNP,0.0,0.0,0.0,18,0.25,0.0
2022-03-09,NXPI/TXN,0.0,0.0,0.0,18,0.25,0.0
2022-03-09,CAT/DE,-0.001,-0.0,1.0,18,0.25,-0.00025
2022-03-09,AXP/COF,0.0120081851596417,0.0120081851596417,0.0,18,0.25,0.0030020462899104
2022-03-10,CSX/UNP,0.0,0.0,0.0,18,0.25,0.0
2022-03-10,NXPI/TXN,0.0,0.0,0.0,18,0.25,0.0
2022-03-10,CAT/DE,-0.0,-0.0,0.0,18,0.25,-0.0
2022-03-10,AXP/COF,0.0085031817522831,0.0085031817522831,0.0,18,0.25,0.0021257954380707
2022-03-11,CSX/UNP,-0.0075268624415468,-0.0065268624415468,1.0,18,0.25,-0.0018817156103867
2022-03-11,NXPI/TXN,-0.0,-0.0,0.0,18,0.25,-0.0
2022-03-11,CAT/DE,-0.0,-0.0,0.0,18,0.25,-0.0
2022-03-11,AXP/COF,-0.0052890901461813,-0.0052890901461813,0.0,18,0.25,-0.0013222725365453
2022-03-14,CSX/UNP,0.001870127271627,0.001870127271627,0.0,18,0.25,0.0004675318179067
2022-03-14,NXPI/TXN,-0.0,-0.0,0.0,18,0.25,-0.0
2022-03-14,CAT/DE,-0.0,-0.0,0.0,18,0.25,-0.0
2022-03-14,AXP/COF,0.0054500636977856,0.0054500636977856,0.0,18,0.25,0.0013625159244464
2022-03-15,CSX/UNP,-0.0034261708221951,-0.0034261708221951,0.0,18,0.25,-0.0008565427055487
2022-03-15,NXPI/TXN,0.0,0.0,0.0,18,0.25,0.0
2022-03-15,CAT/DE,0.0,0.0,0.0,18,0.25,0.0
2022-03-15,AXP/COF,0.0090641025688776,0.0090641025688776,0.0,18,0.25,0.0022660256422194
2022-03-16,CSX/UNP,0.0084205485743764,0.0084205485743764,0.0,18,0.25,0.0021051371435941
2022-03-16,NXPI/TXN,-0.0,-0.0,0.0,18,0.25,-0.0
2022-03-16,CAT/DE,-0.0,-0.0,0.0,18,0.25,-0.0
2022-03-16,AXP/COF,0.0039458507678387,0.0039458507678387,0.0,18,0.25,0.0009864626919596
2022-03-17,CSX/UNP,0.0101285326918157,0.0101285326918157,0.0,18,0.25,0.0025321331729539
2022-03-17,NXPI/TXN,0.0,0.0,0.0,18,0.25,0.0
2022-03-17,CAT/DE,-0.0,-0.0,0.0,18,0.25,-0.0
2022-03-17,AXP/COF,0.0213204801507225,0.0213204801507225,0.0,18,0.25,0.0053301200376806
2022-03-18,CSX/UNP,0.0047185527764643,0.0047185527764643,0.0,18,0.25,0.001179638194116
2022-03-18,NXPI/TXN,0.0,0.0,0.0,18,0.25,0.0
2022-03-18,CAT/DE,-0.0,-0.0,0.0,18,0.25,-0.0
2022-03-18,AXP/COF,0.0095901376266749,0.0095901376266749,0.0,18,0.25,0.0023975344066687
2022-03-21,CSX/UNP,0.0003464708315053,0.0003464708315053,0.0,18,0.25,8.661770787634107e-05
2022-03-21,NXPI/TXN,0.0,0.0,0.0,18,0.25,0.0
2022-03-21,CAT/DE,-0.0,-0.0,0.0,18,0.25,-0.0
2022-03-21,AXP/COF,0.006587624701091,0.006587624701091,0.0,18,0.25,0.0016469061752727
2022-03-22,CSX/UNP,-0.003759248621708,-0.003759248621708,0.0,18,0.25,-0.000939812155427
2022-03-22,NXPI/TXN,0.0,0.0,0.0,18,0.25,0.0
2022-03-22,CAT/DE,-0.0,-0.0,0.0,18,0.25,-0.0
2022-03-22,AXP/COF,-0.0049136207408441,-0.0049136207408441,0.0,18,0.25,-0.001228405185211
2022-03-23,CSX/UNP,-0.0085675693453402,-0.0085675693453402,0.0,18,0.25,-0.002141892336335
2022-03-23,NXPI/TXN,-0.0,-0.0,0.0,18,0.25,-0.0
2022-03-23,CAT/DE,-0.0,-0.0,0.0,18,0.25,-0.0
2022-03-23,AXP/COF,-0.0031704275112602,-0.0031704275112602,0.0,18,0.25,-0.000792606877815
2022-03-24,CSX/UNP,-0.001464470227716,-0.001464470227716,0.0,18,0.25,-0.000366117556929
2022-03-24,NXPI/TXN,0.0,0.0,0.0,18,0.25,0.0
2022-03-24,CAT/DE,-0.0,-0.0,0.0,18,0.25,-0.0
2022-03-24,AXP/COF,0.0054720195159046,0.0054720195159046,0.0,18,0.25,0.0013680048789761
2022-03-25,CSX/UNP,-0.0033471353795048,-0.0033471353795048,0.0,18,0.25,-0.0008367838448762
2022-03-25,NXPI/TXN,0.0,0.0,0.0,18,0.25,0.0
2022-03-25,CAT/DE,-0.0,-0.0,0.0,18,0.25,-0.0
2022-03-25,AXP/COF,0.0016935150397723,0.0016935150397723,0.0,18,0.25,0.000423378759943
2022-03-28,CSX/UNP,0.0037106490649267,0.0037106490649267,0.0,18,0.25,0.0009276622662316
2022-03-28,NXPI/TXN,0.0,0.0,0.0,18,0.25,0.0
2022-03-28,CAT/DE,-0.0,-0.0,0.0,18,0.25,-0.0
2022-03-28,AXP/COF,0.0064610151568381,0.0064610151568381,0.0,18,0.25,0.0016152537892095
2022-03-29,CSX/UNP,0.0052329722084256,0.0052329722084256,0.0,18,0.25,0.0013082430521064
2022-03-29,NXPI/TXN,0.0,0.0,0.0,18,0.25,0.0
2022-03-29,CAT/DE,0.0,0.0,0.0,18,0.25,0.0
2022-03-29,AXP/COF,-0.001,-0.0,1.0,18,0.25,-0.00025
2022-03-30,CSX/UNP,-0.0046270317501033,-0.0046270317501033,0.0,18,0.25,-0.0011567579375258
2022-03-30,NXPI/TXN,0.0,0.0,0.0,18,0.25,0.0
2022-03-30,CAT/DE,0.0,0.0,0.0,18,0.25,0.0
2022-03-30,AXP/COF,0.0,0.0,0.0,18,0.25,0.0
2022-03-31,CSX/UNP,0.0025501313932154,0.0025501313932154,0.0,18,0.25,0.0006375328483038
2022-03-31,NXPI/TXN,-0.0,-0.0,0.0,18,0.25,-0.0
2022-03-31,CAT/DE,-0.0,-0.0,0.0,18,0.25,-0.0
2022-03-31,AXP/COF,0.0,0.0,0.0,18,0.25,0.0
2022-04-01,CSX/UNP,0.0024469265767178,0.0024469265767178,0.0,18,0.25,0.0006117316441794
2022-04-01,NXPI/TXN,-0.0003719475935271,0.0006280524064728,1.0,18,0.25,-9.298689838177676e-05
2022-04-01,CAT/DE,-0.0,-0.0,0.0,18,0.25,-0.0
2022-04-01,AXP/COF,0.0,0.0,0.0,18,0.25,0.0
2022-04-04,CSX/UNP,0.0059119224243163,0.0059119224243163,0.0,18,0.25,0.001477980606079
2022-04-04,NXPI/TXN,0.0011702111144504,0.0011702111144504,0.0,18,0.25,0.0002925527786126
2022-04-04,CAT/DE,0.0,0.0,0.0,18,0.25,0.0
2022-04-04,AXP/COF,-0.0,-0.0,0.0,18,0.25,-0.0
2022-04-05,NXPI/TXN,-0.0,-0.0,0.0,19,0.25,-0.0
2022-04-05,ABBV/JNJ,0.0,0.0,0.0,19,0.25,0.0
2022-04-05,NSC/UNP,-0.0,-0.0,0.0,19,0.25,-0.0
2022-04-05,GS/STT,-0.0,-0.0,0.0,19,0.25,-0.0
2022-04-06,NXPI/TXN,0.0,0.0,0.0,19,0.25,0.0
2022-04-06,ABBV/JNJ,0.0,0.0,0.0,19,0.25,0.0
2022-04-06,NSC/UNP,-0.0,-0.0,0.0,19,0.25,-0.0
2022-04-06,GS/STT,-0.0,-0.0,0.0,19,0.25,-0.0
2022-04-07,NXPI/TXN,0.0,0.0,0.0,19,0.25,0.0
2022-04-07,ABBV/JNJ,-0.0,-0.0,0.0,19,0.25,-0.0
2022-04-07,NSC/UNP,0.0002603353168531,0.0012603353168531,1.0,19,0.25,6.50838292132912e-05
2022-04-07,GS/STT,-0.0,-0.0,0.0,19,0.25,-0.0
2022-04-08,NXPI/TXN,-0.0,-0.0,0.0,19,0.25,-0.0
2022-04-08,ABBV/JNJ,-0.0,-0.0,0.0,19,0.25,-0.0
2022-04-08,NSC/UNP,-0.0055098187154527,-0.0055098187154527,0.0,19,0.25,-0.0013774546788631
2022-04-08,GS/STT,0.0,0.0,0.0,19,0.25,0.0
2022-04-11,NXPI/TXN,-0.0,-0.0,0.0,19,0.25,-0.0
2022-04-11,ABBV/JNJ,0.0,0.0,0.0,19,0.25,0.0
2022-04-11,NSC/UNP,0.0066694147190361,0.0066694147190361,0.0,19,0.25,0.001667353679759
2022-04-11,GS/STT,0.0,0.0,0.0,19,0.25,0.0
2022-04-12,NXPI/TXN,0.0,0.0,0.0,19,0.25,0.0
2022-04-12,ABBV/JNJ,0.0,0.0,0.0,19,0.25,0.0
2022-04-12,NSC/UNP,-0.0008044703689163,-0.0008044703689163,0.0,19,0.25,-0.000201117592229
2022-04-12,GS/STT,0.0,0.0,0.0,19,0.25,0.0
2022-04-13,NXPI/TXN,-0.0,-0.0,0.0,19,0.25,-0.0
2022-04-13,ABBV/JNJ,0.0,0.0,0.0,19,0.25,0.0
2022-04-13,NSC/UNP,-0.0048427331241474,-0.0048427331241474,0.0,19,0.25,-0.0012106832810368
2022-04-13,GS/STT,0.0,0.0,0.0,19,0.25,0.0
2022-04-14,NXPI/TXN,-0.0,-0.0,0.0,19,0.25,-0.0
2022-04-14,ABBV/JNJ,0.0083437832883768,0.0093437832883768,1.0,19,0.25,0.0020859458220942
2022-04-14,NSC/UNP,-0.0001904304057044,-0.0001904304057044,0.0,19,0.25,-4.760760142611068e-05
2022-04-14,GS/STT,0.0,0.0,0.0,19,0.25,0.0
2022-04-18,NXPI/TXN,0.0,0.0,0.0,19,0.25,0.0
2022-04-18,ABBV/JNJ,0.0031575669507702,0.0031575669507702,0.0,19,0.25,0.0007893917376925
2022-04-18,NSC/UNP,-0.0081102394681678,-0.0081102394681678,0.0,19,0.25,-0.0020275598670419
2022-04-18,GS/STT,0.0,0.0,0.0,19,0.25,0.0
2022-04-19,NXPI/TXN,-0.0,-0.0,0.0,19,0.25,-0.0
2022-04-19,ABBV/JNJ,-0.0269819322942377,-0.0269819322942377,0.0,19,0.25,-0.0067454830735594
2022-04-19,NSC/UNP,0.0038261181475388,0.0038261181475388,0.0,19,0.25,0.0009565295368847
2022-04-19,GS/STT,0.0,0.0,0.0,19,0.25,0.0
2022-04-20,NXPI/TXN,0.0,0.0,0.0,19,0.25,0.0
2022-04-20,ABBV/JNJ,-0.0024022289720459,-0.0024022289720459,0.0,19,0.25,-0.0006005572430114
2022-04-20,NSC/UNP,-0.00200494263955,-0.00200494263955,0.0,19,0.25,-0.0005012356598875
2022-04-20,GS/STT,-0.0038537666778281,-0.0028537666778281,1.0,19,0.25,-0.000963441669457
2022-04-21,NXPI/TXN,-0.0,-0.0,0.0,19,0.25,-0.0
2022-04-21,ABBV/JNJ,0.0055361942818309,0.0055361942818309,0.0,19,0.25,0.0013840485704577
2022-04-21,NSC/UNP,-0.0091377193725075,-0.0091377193725075,0.0,19,0.25,-0.0022844298431268
2022-04-21,GS/STT,0.0036286828445644,0.0036286828445644,0.0,19,0.25,0.0009071707111411
2022-04-22,NXPI/TXN,-0.0,-0.0,0.0,19,0.25,-0.0
2022-04-22,ABBV/JNJ,0.00013191645547,0.00013191645547,0.0,19,0.25,3.2979113867514204e-05
2022-04-22,NSC/UNP,-0.0037371560336838,-0.0037371560336838,0.0,19,0.25,-0.0009342890084209
2022-04-22,GS/STT,0.0030130236960244,0.0030130236960244,0.0,19,0.25,0.0007532559240061
2022-04-25,NXPI/TXN,-0.0,-0.0,0.0,19,0.25,-0.0
2022-04-25,ABBV/JNJ,-0.0145589168401335,-0.0145589168401335,0.0,19,0.25,-0.0036397292100333
2022-04-25,NSC/UNP,0.0029335607996345,0.0029335607996345,0.0,19,0.25,0.0007333901999086
2022-04-25,GS/STT,-0.0024310837762342,-0.0024310837762342,0.0,19,0.25,-0.0006077709440585
2022-04-26,NXPI/TXN,-0.0,-0.0,0.0,19,0.25,-0.0
2022-04-26,ABBV/JNJ,0.0047351711675214,0.0047351711675214,0.0,19,0.25,0.0011837927918803
2022-04-26,NSC/UNP,0.0023474967945466,0.0023474967945466,0.0,19,0.25,0.0005868741986366
2022-04-26,GS/STT,-0.0050830778142384,-0.0050830778142384,0.0,19,0.25,-0.0012707694535596
2022-04-27,NXPI/TXN,-0.0032947181360029,-0.0022947181360029,1.0,19,0.25,-0.0008236795340007
2022-04-27,ABBV/JNJ,0.0125200524777227,0.0125200524777227,0.0,19,0.25,0.0031300131194306
2022-04-27,NSC/UNP,-0.0065437302213421,-0.0065437302213421,0.0,19,0.25,-0.0016359325553355
2022-04-27,GS/STT,-0.005772741896256,-0.005772741896256,0.0,19,0.25,-0.001443185474064
2022-04-28,NXPI/TXN,0.0125596929951792,0.0125596929951792,0.0,19,0.25,0.0031399232487948
2022-04-28,ABBV/JNJ,-0.0077252481641,-0.0077252481641,0.0,19,0.25,-0.001931312041025
2022-04-28,NSC/UNP,-3.898830751796431e-05,-3.898830751796431e-05,0.0,19,0.25,-9.747076879491078e-06
2022-04-28,GS/STT,0.0034885382133377,0.0034885382133377,0.0,19,0.25,0.0008721345533344
2022-04-29,NXPI/TXN,-0.0090853391975236,-0.0090853391975236,0.0,19,0.25,-0.0022713347993809
2022-04-29,ABBV/JNJ,-0.0070167328757065,-0.0070167328757065,0.0,19,0.25,-0.0017541832189266
2022-04-29,NSC/UNP,0.0022139290540181,0.0022139290540181,0.0,19,0.25,0.0005534822635045
2022-04-29,GS/STT,0.0111711030545431,0.0111711030545431,0.0,19,0.25,0.0027927757636357
2022-05-02,NXPI/TXN,0.002626532161637,0.002626532161637,0.0,19,0.25,0.0006566330404092
2022-05-02,ABBV/JNJ,0.0090670878187374,0.0090670878187374,0.0,19,0.25,0.0022667719546843
2022-05-02,NSC/UNP,-0.001090107228065,-0.001090107228065,0.0,19,0.25,-0.0002725268070162
2022-05-02,GS/STT,0.0012967357641075,0.0012967357641075,0.0,19,0.25,0.0003241839410268
2022-05-03,NXPI/TXN,-0.0076026884164439,-0.0076026884164439,0.0,19,0.25,-0.0019006721041109
2022-05-03,ABBV/JNJ,0.0049240546563779,0.0049240546563779,0.0,19,0.25,0.0012310136640944
2022-05-03,NSC/UNP,-0.0008759518201761,-0.0008759518201761,0.0,19,0.25,-0.000218987955044
2022-05-03,GS/STT,0.0006736251391769,0.0006736251391769,0.0,19,0.25,0.0001684062847942
2022-05-04,NXPI/TXN,-0.000579969536152,-0.000579969536152,0.0,19,0.25,-0.000144992384038
2022-05-04,ABBV/JNJ,-0.0034108783706701,-0.0034108783706701,0.0,19,0.25,-0.0008527195926675
2022-05-04,NSC/UNP,-0.0034033256148983,-0.0034033256148983,0.0,19,0.25,-0.0008508314037245
2022-05-04,GS/STT,0.0006463498116331,0.0006463498116331,0.0,19,0.25,0.0001615874529082
2022-05-05,NXPI/TXN,-0.0088443406574038,-0.0088443406574038,0.0,19,0.25,-0.0022110851643509
2022-05-05,ABBV/JNJ,0.0144696119110247,0.0144696119110247,0.0,19,0.25,0.0036174029777561
2022-05-05,NSC/UNP,-0.001,-0.0,1.0,19,0.25,-0.00025
2022-05-05,GS/STT,0.010148744154105,0.010148744154105,0.0,19,0.25,0.0025371860385262
2022-05-06,NXPI/TXN,-0.0051288441682638,-0.0051288441682638,0.0,19,0.25,-0.0012822110420659
2022-05-06,ABBV/JNJ,0.0028321471666594,0.0028321471666594,0.0,19,0.25,0.0007080367916648
2022-05-06,NSC/UNP,-0.0,-0.0,0.0,19,0.25,-0.0
2022-05-06,GS/STT,-0.0064166661914274,-0.0064166661914274,0.0,19,0.25,-0.0016041665478568
2022-05-09,NXPI/TXN,-0.0011824883213556,-0.0011824883213556,0.0,19,0.25,-0.0002956220803389
2022-05-09,ABBV/JNJ,-0.0074955700922287,-0.0074955700922287,0.0,19,0.25,-0.0018738925230571
2022-05-09,NSC/UNP,0.0,0.0,0.0,19,0.25,0.0
2022-05-09,GS/STT,0.0019603502162157,0.0019603502162157,0.0,19,0.25,0.0004900875540539
2022-05-10,NXPI/TXN,0.0026377502874465,0.0026377502874465,0.0,19,0.25,0.0006594375718616
2022-05-10,ABBV/JNJ,0.0032062817857712,0.0032062817857712,0.0,19,0.25,0.0008015704464428
2022-05-10,NSC/UNP,0.0,0.0,0.0,19,0.25,0.0
2022-05-10,GS/STT,-0.0025680470474145,-0.0025680470474145,0.0,19,0.25,-0.0006420117618536
2022-05-11,NXPI/TXN,8.90971547372867e-05,8.90971547372867e-05,0.0,19,0.25,2.2274288684321677e-05
2022-05-11,ABBV/JNJ,0.0035257216808197,0.0035257216808197,0.0,19,0.25,0.0008814304202049
2022-05-11,NSC/UNP,0.0,0.0,0.0,19,0.25,0.0
2022-05-11,GS/STT,-0.0024007111622837,-0.0024007111622837,0.0,19,0.25,-0.0006001777905709
2022-05-12,NXPI/TXN,-0.0005496213261383,-0.0005496213261383,0.0,19,0.25,-0.0001374053315345
2022-05-12,ABBV/JNJ,-0.001,0.0,1.0,19,0.25,-0.00025
2022-05-12,NSC/UNP,0.0,0.0,0.0,19,0.25,0.0
2022-05-12,GS/STT,0.0125673941415506,0.0125673941415506,0.0,19,0.25,0.0031418485353876
2022-05-13,NXPI/TXN,-0.0005686732460465,-0.0005686732460465,0.0,19,0.25,-0.0001421683115116
2022-05-13,ABBV/JNJ,-0.0,-0.0,0.0,19,0.25,-0.0
2022-05-13,NSC/UNP,-0.0067246855802974,-0.0057246855802974,1.0,19,0.25,-0.0016811713950743
2022-05-13,GS/STT,-0.0042342363792937,-0.0042342363792937,0.0,19,0.25,-0.0010585590948234
2022-05-16,NXPI/TXN,0.0042899040405152,0.0042899040405152,0.0,19,0.25,0.0010724760101288
2022-05-16,ABBV/JNJ,0.0,0.0,0.0,19,0.25,0.0
2022-05-16,NSC/UNP,0.0027799280191806,0.0027799280191806,0.0,19,0.25,0.0006949820047951
2022-05-16,GS/STT,0.0009609973421528,0.0009609973421528,0.0,19,0.25,0.0002402493355382
2022-05-17,NXPI/TXN,0.009325711557991,0.009325711557991,0.0,19,0.25,0.0023314278894977
2022-05-17,ABBV/JNJ,0.0,0.0,0.0,19,0.25,0.0
2022-05-17,NSC/UNP,-0.0019027860628652,-0.0019027860628652,0.0,19,0.25,-0.0004756965157163
2022-05-17,GS/STT,-0.001,0.0,1.0,19,0.25,-0.00025
2022-05-18,NXPI/TXN,0.0006711953798671,0.0006711953798671,0.0,19,0.25,0.0001677988449667
2022-05-18,ABBV/JNJ,-0.0,-0.0,0.0,19,0.25,-0.0
2022-05-18,NSC/UNP,-0.0084520183386229,-0.0084520183386229,0.0,19,0.25,-0.0021130045846557
2022-05-18,GS/STT,0.0,0.0,0.0,19,0.25,0.0
2022-05-19,NXPI/TXN,-0.0112322767636641,-0.0112322767636641,0.0,19,0.25,-0.002808069190916
2022-05-19,ABBV/JNJ,-0.0,-0.0,0.0,19,0.25,-0.0
2022-05-19,NSC/UNP,0.0024741989215838,0.0024741989215838,0.0,19,0.25,0.0006185497303959
2022-05-19,GS/STT,0.0,0.0,0.0,19,0.25,0.0
2022-05-20,NXPI/TXN,0.0004749478118966,0.0004749478118966,0.0,19,0.25,0.0001187369529741
2022-05-20,ABBV/JNJ,0.0,0.0,0.0,19,0.25,0.0
2022-05-20,NSC/UNP,0.0090307405477158,0.0090307405477158,0.0,19,0.25,0.0022576851369289
2022-05-20,GS/STT,-0.0,-0.0,0.0,19,0.25,-0.0
2022-05-23,NXPI/TXN,-0.0006059802206985,-0.0006059802206985,0.0,19,0.25,-0.0001514950551746
2022-05-23,ABBV/JNJ,0.0,0.0,0.0,19,0.25,0.0
2022-05-23,NSC/UNP,-0.0007129085776737,-0.0007129085776737,0.0,19,0.25,-0.0001782271444184
2022-05-23,GS/STT,0.0,0.0,0.0,19,0.25,0.0
2022-05-24,NXPI/TXN,-0.001,-0.0,1.0,19,0.25,-0.00025
2022-05-24,ABBV/JNJ,-0.0064268420219197,-0.0054268420219197,1.0,19,0.25,-0.0016067105054799
2022-05-24,NSC/UNP,-0.0014378238486098,-0.0014378238486098,0.0,19,0.25,-0.0003594559621524
2022-05-24,GS/STT,0.0,0.0,0.0,19,0.25,0.0
2022-05-25,NXPI/TXN,-0.0,-0.0,0.0,19,0.25,-0.0
2022-05-25,ABBV/JNJ,0.0126257504539215,0.0126257504539215,0.0,19,0.25,0.0031564376134803
2022-05-25,NSC/UNP,-0.0002480643206003,-0.0002480643206003,0.0,19,0.25,-6.20160801500802e-05
2022-05-25,GS/STT,-0.0,-0.0,0.0,19,0.25,-0.0
2022-05-26,NXPI/TXN,0.0,0.0,0.0,19,0.25,0.0
2022-05-26,ABBV/JNJ,-0.0021455775046848,-0.0021455775046848,0.0,19,0.25,-0.0005363943761712
2022-05-26,NSC/UNP,-0.0017920059143528,-0.0017920059143528,0.0,19,0.25,-0.0004480014785882
2022-05-26,GS/STT,0.0,0.0,0.0,19,0.25,0.0
2022-05-27,NXPI/TXN,0.0,0.0,0.0,19,0.25,0.0
2022-05-27,ABBV/JNJ,-0.007479804385573,-0.007479804385573,0.0,19,0.25,-0.0018699510963932
2022-05-27,NSC/UNP,0.0020313920272429,0.0020313920272429,0.0,19,0.25,0.0005078480068107
2022-05-27,GS/STT,-0.0,-0.0,0.0,19,0.25,-0.0
2022-05-31,NXPI/TXN,0.0,0.0,0.0,19,0.25,0.0
2022-05-31,ABBV/JNJ,0.0006912525269818,0.0006912525269818,0.0,19,0.25,0.0001728131317454
2022-05-31,NSC/UNP,0.0041219638276879,0.0041219638276879,0.0,19,0.25,0.0010304909569219
2022-05-31,GS/STT,0.0,0.0,0.0,19,0.25,0.0
2022-06-01,NXPI/TXN,0.0,0.0,0.0,19,0.25,0.0
2022-06-01,ABBV/JNJ,0.0042880745082882,0.0042880745082882,0.0,19,0.25,0.001072018627072
2022-06-01,NSC/UNP,0.0004635717351753,0.0004635717351753,0.0,19,0.25,0.0001158929337938
2022-06-01,GS/STT,0.0,0.0,0.0,19,0.25,0.0
2022-06-02,NXPI/TXN,0.0,0.0,0.0,19,0.25,0.0
2022-06-02,ABBV/JNJ,0.003711423559336,0.003711423559336,0.0,19,0.25,0.000927855889834
2022-06-02,NSC/UNP,-0.0009784562241255,-0.0009784562241255,0.0,19,0.25,-0.0002446140560313
2022-06-02,GS/STT,-0.0,-0.0,0.0,19,0.25,-0.0
2022-06-03,NXPI/TXN,-0.0,-0.0,0.0,19,0.25,-0.0
2022-06-03,ABBV/JNJ,0.0037394407559283,0.0037394407559283,0.0,19,0.25,0.000934860188982
2022-06-03,NSC/UNP,-0.0005571694152842,-0.0005571694152842,0.0,19,0.25,-0.000139292353821
2022-06-03,GS/STT,0.0,0.0,0.0,19,0.25,0.0
2022-06-06,NXPI/TXN,-0.0,-0.0,0.0,19,0.25,-0.0
2022-06-06,ABBV/JNJ,-0.0012367894386178,-0.0012367894386178,0.0,19,0.25,-0.0003091973596544
2022-06-06,NSC/UNP,-0.0028256634644403,-0.0028256634644403,0.0,19,0.25,-0.00070641586611
2022-06-06,GS/STT,0.0,0.0,0.0,19,0.25,0.0
2022-06-07,NXPI/TXN,0.0,0.0,0.0,19,0.25,0.0
2022-06-07,ABBV/JNJ,-0.0022841794647934,-0.0022841794647934,0.0,19,0.25,-0.0005710448661983
2022-06-07,NSC/UNP,9.76235578392636e-06,9.76235578392636e-06,0.0,19,0.25,2.4405889459815896e-06
2022-06-07,GS/STT,-0.0,-0.0,0.0,19,0.25,-0.0
2022-06-08,NXPI/TXN,-0.0,-0.0,0.0,19,0.25,-0.0
2022-06-08,ABBV/JNJ,0.0043689075184354,0.0043689075184354,0.0,19,0.25,0.0010922268796088
2022-06-08,NSC/UNP,0.0049825958331411,0.0049825958331411,0.0,19,0.25,0.0012456489582852
2022-06-08,GS/STT,0.0,0.0,0.0,19,0.25,0.0
2022-06-09,NXPI/TXN,-0.0,-0.0,0.0,19,0.25,-0.0
2022-06-09,ABBV/JNJ,0.0063162735882067,0.0063162735882067,0.0,19,0.25,0.0015790683970516
2022-06-09,NSC/UNP,0.0021065328150959,0.0021065328150959,0.0,19,0.25,0.0005266332037739
2022-06-09,GS/STT,-0.0,-0.0,0.0,19,0.25,-0.0
2022-06-10,NXPI/TXN,-0.0065462277429413,-0.0055462277429413,1.0,19,0.25,-0.0016365569357353
2022-06-10,ABBV/JNJ,2.967382959621949e-05,2.967382959621949e-05,0.0,19,0.25,7.418457399054874e-06
2022-06-10,NSC/UNP,-0.001,0.0,1.0,19,0.25,-0.00025
2022-06-10,GS/STT,-0.0,-0.0,0.0,19,0.25,-0.0
2022-06-13,NXPI/TXN,0.0005775529180795,0.0005775529180795,0.0,19,0.25,0.0001443882295198
2022-06-13,ABBV/JNJ,-0.0009314904434739,-0.0009314904434739,0.0,19,0.25,-0.0002328726108684
2022-06-13,NSC/UNP,0.0,0.0,0.0,19,0.25,0.0
2022-06-13,GS/STT,0.0059964857994782,0.0069964857994782,1.0,19,0.25,0.0014991214498695
2022-06-14,NXPI/TXN,0.0011857802088052,0.0011857802088052,0.0,19,0.25,0.0002964450522013
2022-06-14,ABBV/JNJ,0.0068078584575467,0.0068078584575467,0.0,19,0.25,0.0017019646143866
2022-06-14,NSC/UNP,0.0,0.0,0.0,19,0.25,0.0
2022-06-14,GS/STT,0.0045387413791024,0.0045387413791024,0.0,19,0.25,0.0011346853447756
2022-06-15,NXPI/TXN,0.0067204451820781,0.0067204451820781,0.0,19,0.25,0.0016801112955195
2022-06-15,ABBV/JNJ,-0.0064380575282328,-0.0064380575282328,0.0,19,0.25,-0.0016095143820582
2022-06-15,NSC/UNP,0.0,0.0,0.0,19,0.25,0.0
2022-06-15,GS/STT,0.0028893982813668,0.0028893982813668,0.0,19,0.25,0.0007223495703417
2022-06-16,NXPI/TXN,0.0012344852480434,0.0012344852480434,0.0,19,0.25,0.0003086213120108
2022-06-16,ABBV/JNJ,0.0019490807708224,0.0019490807708224,0.0,19,0.25,0.0004872701927056
2022-06-16,NSC/UNP,-0.0,-0.0,0.0,19,0.25,-0.0
2022-06-16,GS/STT,0.0009311953410536,0.0009311953410536,0.0,19,0.25,0.0002327988352634
2022-06-17,NXPI/TXN,-0.0041524138632834,-0.0041524138632834,0.0,19,0.25,-0.0010381034658208
2022-06-17,ABBV/JNJ,0.0006562239989688,0.0006562239989688,0.0,19,0.25,0.0001640559997422
2022-06-17,NSC/UNP,-0.0,-0.0,0.0,19,0.25,-0.0
2022-06-17,GS/STT,-0.0063094445880693,-0.0063094445880693,0.0,19,0.25,-0.0015773611470173
2022-06-21,NXPI/TXN,0.0118953732186968,0.0118953732186968,0.0,19,0.25,0.0029738433046742
2022-06-21,ABBV/JNJ,-0.0032892161252532,-0.0032892161252532,0.0,19,0.25,-0.0008223040313133
2022-06-21,NSC/UNP,0.0,0.0,0.0,19,0.25,0.0
2022-06-21,GS/STT,-0.0041738020994563,-0.0041738020994563,0.0,19,0.25,-0.001043450524864
2022-06-22,NXPI/TXN,0.0006991934199272,0.0006991934199272,0.0,19,0.25,0.0001747983549818
2022-06-22,ABBV/JNJ,-0.001,0.0,1.0,19,0.25,-0.00025
2022-06-22,NSC/UNP,-0.0,-0.0,0.0,19,0.25,-0.0
2022-06-22,GS/STT,0.0026446316865539,0.0026446316865539,0.0,19,0.25,0.0006611579216384
2022-06-23,NXPI/TXN,0.0008539228016636,0.0008539228016636,0.0,19,0.25,0.0002134807004159
2022-06-23,ABBV/JNJ,0.0,0.0,0.0,19,0.25,0.0
2022-06-23,NSC/UNP,0.0,0.0,0.0,19,0.25,0.0
2022-06-23,GS/STT,0.0062554349285879,0.0062554349285879,0.0,19,0.25,0.0015638587321469
2022-06-24,NXPI/TXN,0.0087550218526471,0.0087550218526471,0.0,19,0.25,0.0021887554631617
2022-06-24,ABBV/JNJ,0.0,0.0,0.0,19,0.25,0.0
2022-06-24,NSC/UNP,0.0010862278644721,0.0020862278644721,1.0,19,0.25,0.000271556966118
2022-06-24,GS/STT,0.0096685204001115,0.0096685204001115,0.0,19,0.25,0.0024171301000278
2022-06-27,NXPI/TXN,-0.0004557715986874,-0.0004557715986874,0.0,19,0.25,-0.0001139428996718
2022-06-27,ABBV/JNJ,-0.0,-0.0,0.0,19,0.25,-0.0
2022-06-27,NSC/UNP,-0.0004041977990121,-0.0004041977990121,0.0,19,0.25,-0.000101049449753
2022-06-27,GS/STT,0.003241106833306,0.003241106833306,0.0,19,0.25,0.0008102767083265
2022-06-28,NXPI/TXN,0.0034373956045394,0.0034373956045394,0.0,19,0.25,0.0008593489011348
2022-06-28,ABBV/JNJ,-0.0,-0.0,0.0,19,0.25,-0.0
2022-06-28,NSC/UNP,-0.001408199859957,-0.001408199859957,0.0,19,0.25,-0.0003520499649892
2022-06-28,GS/STT,0.0023620587953624,0.0023620587953624,0.0,19,0.25,0.0005905146988406
2022-06-29,NXPI/TXN,0.0030777347816524,0.0030777347816524,0.0,19,0.25,0.0007694336954131
2022-06-29,ABBV/JNJ,-0.0041060682659147,-0.0031060682659147,1.0,19,0.25,-0.0010265170664786
2022-06-29,NSC/UNP,0.0020182214631885,0.0020182214631885,0.0,19,0.25,0.0005045553657971
2022-06-29,GS/STT,0.0099201744439346,0.0099201744439346,0.0,19,0.25,0.0024800436109836
2022-06-30,NXPI/TXN,0.0082122139291717,0.0082122139291717,0.0,19,0.25,0.0020530534822929
2022-06-30,ABBV/JNJ,0.0039781151298582,0.0039781151298582,0.0,19,0.25,0.0009945287824645
2022-06-30,NSC/UNP,-1.5097140342345258e-05,-1.5097140342345258e-05,0.0,19,0.25,-3.7742850855863145e-06
2022-06-30,GS/STT,0.0010747474044207,0.0010747474044207,0.0,19,0.25,0.0002686868511051
2022-07-01,NXPI/TXN,-0.017823882217272,-0.017823882217272,0.0,19,0.25,-0.004455970554318
2022-07-01,ABBV/JNJ,0.006611620258803,0.006611620258803,0.0,19,0.25,0.0016529050647007
2022-07-01,NSC/UNP,-0.0025730354622088,-0.0025730354622088,0.0,19,0.25,-0.0006432588655522
2022-07-01,GS/STT,-0.008009113790798,-0.008009113790798,0.0,19,0.25,-0.0020022784476995
2022-07-05,NXPI/TXN,0.0029259245748618,0.0029259245748618,0.0,19,0.25,0.0007314811437154
2022-07-05,ABBV/JNJ,-0.0056056881364153,-0.0056056881364153,0.0,19,0.25,-0.0014014220341038
2022-07-05,NSC/UNP,0.004285768739876,0.004285768739876,0.0,19,0.25,0.001071442184969
2022-07-05,GS/STT,-0.0017030833426551,-0.0017030833426551,0.0,19,0.25,-0.0004257708356637
2022-07-06,NXPI/TXN,0.0080198073938064,0.0080198073938064,0.0,19,0.25,0.0020049518484516
2022-07-06,ABBV/JNJ,0.0033903992848589,0.0033903992848589,0.0,19,0.25,0.0008475998212147
2022-07-06,NSC/UNP,0.0043216074032807,0.0043216074032807,0.0,19,0.25,0.0010804018508201
2022-07-06,GS/STT,-0.0010192717388646,-0.0010192717388646,0.0,19,0.25,-0.0002548179347161
2022-07-07,MA/SYF,0.0,0.0,0.0,20,0.25,0.0
2022-07-07,JNJ/LLY,0.0,0.0,0.0,20,0.25,0.0
2022-07-07,CAT/DE,0.0,0.0,0.0,20,0.25,0.0
2022-07-07,NXPI/TXN,0.0,0.0,0.0,20,0.25,0.0
2022-07-08,MA/SYF,-0.0,-0.0,0.0,20,0.25,-0.0
2022-07-08,JNJ/LLY,-0.0,-0.0,0.0,20,0.25,-0.0
2022-07-08,CAT/DE,-0.0,-0.0,0.0,20,0.25,-0.0
2022-07-08,NXPI/TXN,-0.0,-0.0,0.0,20,0.25,-0.0
2022-07-11,MA/SYF,0.0,0.0,0.0,20,0.25,0.0
2022-07-11,JNJ/LLY,-0.0,-0.0,0.0,20,0.25,-0.0
2022-07-11,CAT/DE,-0.0,-0.0,0.0,20,0.25,-0.0
2022-07-11,NXPI/TXN,-0.0,-0.0,0.0,20,0.25,-0.0
2022-07-12,MA/SYF,-0.0,-0.0,0.0,20,0.25,-0.0
2022-07-12,JNJ/LLY,-0.0,-0.0,0.0,20,0.25,-0.0
2022-07-12,CAT/DE,0.0,0.0,0.0,20,0.25,0.0
2022-07-12,NXPI/TXN,0.0,0.0,0.0,20,0.25,0.0
2022-07-13,MA/SYF,0.0,0.0,0.0,20,0.25,0.0
2022-07-13,JNJ/LLY,-0.0,-0.0,0.0,20,0.25,-0.0
2022-07-13,CAT/DE,-0.0,-0.0,0.0,20,0.25,-0.0
2022-07-13,NXPI/TXN,-0.0,-0.0,0.0,20,0.25,-0.0
2022-07-14,MA/SYF,0.0,0.0,0.0,20,0.25,0.0
2022-07-14,JNJ/LLY,-0.0,-0.0,0.0,20,0.25,-0.0
2022-07-14,CAT/DE,-0.0,-0.0,0.0,20,0.25,-0.0
2022-07-14,NXPI/TXN,0.0,0.0,0.0,20,0.25,0.0
2022-07-15,MA/SYF,0.0,0.0,0.0,20,0.25,0.0
2022-07-15,JNJ/LLY,0.0,0.0,0.0,20,0.25,0.0
2022-07-15,CAT/DE,0.0,0.0,0.0,20,0.25,0.0
2022-07-15,NXPI/TXN,0.0,0.0,0.0,20,0.25,0.0
2022-07-18,MA/SYF,-0.0,-0.0,0.0,20,0.25,-0.0
2022-07-18,JNJ/LLY,-0.0,-0.0,0.0,20,0.25,-0.0
2022-07-18,CAT/DE,0.0,0.0,0.0,20,0.25,0.0
2022-07-18,NXPI/TXN,0.0,0.0,0.0,20,0.25,0.0
2022-07-19,MA/SYF,0.0,0.0,0.0,20,0.25,0.0
2022-07-19,JNJ/LLY,-0.0,-0.0,0.0,20,0.25,-0.0
2022-07-19,CAT/DE,0.0,0.0,0.0,20,0.25,0.0
2022-07-19,NXPI/TXN,0.0,0.0,0.0,20,0.25,0.0
2022-07-20,MA/SYF,-0.0,-0.0,0.0,20,0.25,-0.0
2022-07-20,JNJ/LLY,-0.0013005618588559,-0.0003005618588559,1.0,20,0.25,-0.0003251404647139
2022-07-20,CAT/DE,-0.0,-0.0,0.0,20,0.25,-0.0
2022-07-20,NXPI/TXN,-0.0,-0.0,0.0,20,0.25,-0.0
2022-07-21,MA/SYF,0.0,0.0,0.0,20,0.25,0.0
2022-07-21,JNJ/LLY,-0.0019462840572471,-0.0019462840572471,0.0,20,0.25,-0.0004865710143117
2022-07-21,CAT/DE,0.0,0.0,0.0,20,0.25,0.0
2022-07-21,NXPI/TXN,-0.0,-0.0,0.0,20,0.25,-0.0
2022-07-22,MA/SYF,-0.0,-0.0,0.0,20,0.25,-0.0
2022-07-22,JNJ/LLY,0.0017175814766734,0.0017175814766734,0.0,20,0.25,0.0004293953691683
2022-07-22,CAT/DE,-0.0,-0.0,0.0,20,0.25,-0.0
2022-07-22,NXPI/TXN,-0.0,-0.0,0.0,20,0.25,-0.0
2022-07-25,MA/SYF,-0.0,-0.0,0.0,20,0.25,-0.0
2022-07-25,JNJ/LLY,-0.0010823322362949,-0.0010823322362949,0.0,20,0.25,-0.0002705830590737
2022-07-25,CAT/DE,-0.0,-0.0,0.0,20,0.25,-0.0
2022-07-25,NXPI/TXN,-0.0,-0.0,0.0,20,0.25,-0.0
2022-07-26,MA/SYF,0.0,0.0,0.0,20,0.25,0.0
2022-07-26,JNJ/LLY,0.0050052210858646,0.0050052210858646,0.0,20,0.25,0.0012513052714661
2022-07-26,CAT/DE,0.0,0.0,0.0,20,0.25,0.0
2022-07-26,NXPI/TXN,-0.0,-0.0,0.0,20,0.25,-0.0
2022-07-27,MA/SYF,-0.0,-0.0,0.0,20,0.25,-0.0
2022-07-27,JNJ/LLY,0.0003448558867754,0.0003448558867754,0.0,20,0.25,8.621397169385863e-05
2022-07-27,CAT/DE,0.0,0.0,0.0,20,0.25,0.0
2022-07-27,NXPI/TXN,0.0301624843728152,0.0311624843728152,1.0,20,0.25,0.0075406210932038
2022-07-28,MA/SYF,0.0,0.0,0.0,20,0.25,0.0
2022-07-28,JNJ/LLY,0.0024415624006191,0.0024415624006191,0.0,20,0.25,0.0006103906001547
2022-07-28,CAT/DE,0.0,0.0,0.0,20,0.25,0.0
2022-07-28,NXPI/TXN,0.013214163708281,0.013214163708281,0.0,20,0.25,0.0033035409270702
2022-07-29,MA/SYF,0.0058803625404715,0.0068803625404715,1.0,20,0.25,0.0014700906351178
2022-07-29,JNJ/LLY,0.0022802371835484,0.0022802371835484,0.0,20,0.25,0.0005700592958871
2022-07-29,CAT/DE,0.0,0.0,0.0,20,0.25,0.0
2022-07-29,NXPI/TXN,0.0149217047944017,0.0149217047944017,0.0,20,0.25,0.0037304261986004
2022-08-01,MA/SYF,0.0087663078274814,0.0087663078274814,0.0,20,0.25,0.0021915769568703
2022-08-01,JNJ/LLY,0.0024318350428314,0.0024318350428314,0.0,20,0.25,0.0006079587607078
2022-08-01,CAT/DE,0.0028084434569609,0.0038084434569609,1.0,20,0.25,0.0007021108642402
2022-08-01,NXPI/TXN,-0.0014725291017806,-0.0014725291017806,0.0,20,0.25,-0.0003681322754451
2022-08-02,MA/SYF,-0.0049806113357261,-0.0049806113357261,0.0,20,0.25,-0.0012451528339315
2022-08-02,JNJ/LLY,-0.0004692339333483,-0.0004692339333483,0.0,20,0.25,-0.000117308483337
2022-08-02,CAT/DE,0.0275670620355006,0.0275670620355006,0.0,20,0.25,0.0068917655088751
2022-08-02,NXPI/TXN,0.0015628211089734,0.0015628211089734,0.0,20,0.25,0.0003907052772433
2022-08-03,MA/SYF,0.0002918428535566,0.0002918428535566,0.0,20,0.25,7.296071338916411e-05
2022-08-03,JNJ/LLY,0.012648779509412,0.012648779509412,0.0,20,0.25,0.003162194877353
2022-08-03,CAT/DE,0.0061791967093789,0.0061791967093789,0.0,20,0.25,0.0015447991773447
2022-08-03,NXPI/TXN,0.0137397959234065,0.0137397959234065,0.0,20,0.25,0.0034349489808516
2022-08-04,MA/SYF,-0.0059455688370775,-0.0059455688370775,0.0,20,0.25,-0.0014863922092693
2022-08-04,JNJ/LLY,-0.0038564327771968,-0.0038564327771968,0.0,20,0.25,-0.0009641081942992
2022-08-04,CAT/DE,0.0048525526794847,0.0048525526794847,0.0,20,0.25,0.0012131381698711
2022-08-04,NXPI/TXN,0.0075434606700807,0.0075434606700807,0.0,20,0.25,0.0018858651675201
2022-08-05,MA/SYF,-0.0016185922529195,-0.0016185922529195,0.0,20,0.25,-0.0004046480632298
2022-08-05,JNJ/LLY,0.001473826643798,0.001473826643798,0.0,20,0.25,0.0003684566609495
2022-08-05,CAT/DE,-0.004415992897251,-0.004415992897251,0.0,20,0.25,-0.0011039982243127
2022-08-05,NXPI/TXN,0.0026513331763357,0.0026513331763357,0.0,20,0.25,0.0006628332940839
2022-08-08,MA/SYF,0.0151629913366495,0.0151629913366495,0.0,20,0.25,0.0037907478341623
2022-08-08,JNJ/LLY,-0.0049081949942793,-0.0049081949942793,0.0,20,0.25,-0.0012270487485698
2022-08-08,CAT/DE,-0.0008338324127387,-0.0008338324127387,0.0,20,0.25,-0.0002084581031846
2022-08-08,NXPI/TXN,-0.0021478115200029,-0.0021478115200029,0.0,20,0.25,-0.0005369528800007
2022-08-09,MA/SYF,0.0066861510698553,0.0066861510698553,0.0,20,0.25,0.0016715377674638
2022-08-09,JNJ/LLY,-0.0005856521734453,-0.0005856521734453,0.0,20,0.25,-0.0001464130433613
2022-08-09,CAT/DE,-0.0007265316061223,-0.0007265316061223,0.0,20,0.25,-0.0001816329015305
2022-08-09,NXPI/TXN,-0.001318929078623,-0.001318929078623,0.0,20,0.25,-0.0003297322696557
2022-08-10,MA/SYF,0.0013952919463773,0.0013952919463773,0.0,20,0.25,0.0003488229865943
2022-08-10,JNJ/LLY,0.0005043095960942,0.0005043095960942,0.0,20,0.25,0.0001260773990235
2022-08-10,CAT/DE,-0.0041548779345866,-0.0041548779345866,0.0,20,0.25,-0.0010387194836466
2022-08-10,NXPI/TXN,0.0021188031795821,0.0021188031795821,0.0,20,0.25,0.0005297007948955
2022-08-11,MA/SYF,0.0093044248454164,0.0093044248454164,0.0,20,0.25,0.0023261062113541
2022-08-11,JNJ/LLY,-0.0113388717856825,-0.0113388717856825,0.0,20,0.25,-0.0028347179464206
2022-08-11,CAT/DE,0.0013085268369514,0.0013085268369514,0.0,20,0.25,0.0003271317092378
2022-08-11,NXPI/TXN,-0.0045847575052061,-0.0045847575052061,0.0,20,0.25,-0.0011461893763015
2022-08-12,MA/SYF,-0.0072016405960515,-0.0072016405960515,0.0,20,0.25,-0.0018004101490128
2022-08-12,JNJ/LLY,-0.0154653336551648,-0.0154653336551648,0.0,20,0.25,-0.0038663334137912
2022-08-12,CAT/DE,-0.0013274649710093,-0.0013274649710093,0.0,20,0.25,-0.0003318662427523
2022-08-12,NXPI/TXN,-0.0014885854373503,-0.0014885854373503,0.0,20,0.25,-0.0003721463593375
2022-08-15,MA/SYF,-0.0145007740409033,-0.0145007740409033,0.0,20,0.25,-0.0036251935102258
2022-08-15,JNJ/LLY,-0.002125085722697,-0.002125085722697,0.0,20,0.25,-0.0005312714306742
2022-08-15,CAT/DE,0.0002390856117353,0.0002390856117353,0.0,20,0.25,5.977140293384206e-05
2022-08-15,NXPI/TXN,-0.0001119863096019,-0.0001119863096019,0.0,20,0.25,-2.799657740049724e-05
2022-08-16,MA/SYF,0.0036700401506115,0.0036700401506115,0.0,20,0.25,0.0009175100376528
2022-08-16,JNJ/LLY,-0.001,0.0,1.0,20,0.25,-0.00025
2022-08-16,CAT/DE,-0.0001804394138682,-0.0001804394138682,0.0,20,0.25,-4.510985346705932e-05
2022-08-16,NXPI/TXN,-0.0040946779870351,-0.0040946779870351,0.0,20,0.25,-0.0010236694967587
2022-08-17,MA/SYF,0.0009541576710732,0.0009541576710732,0.0,20,0.25,0.0002385394177683
2022-08-17,JNJ/LLY,-0.0,-0.0,0.0,20,0.25,-0.0
2022-08-17,CAT/DE,-0.0012863730451995,-0.0012863730451995,0.0,20,0.25,-0.0003215932612998
2022-08-17,NXPI/TXN,-0.0134917173920772,-0.0134917173920772,0.0,20,0.25,-0.0033729293480193
2022-08-18,MA/SYF,-0.0026195897635069,-0.0026195897635069,0.0,20,0.25,-0.0006548974408767
2022-08-18,JNJ/LLY,-0.0,-0.0,0.0,20,0.25,-0.0
2022-08-18,CAT/DE,-0.0004382920886178,-0.0004382920886178,0.0,20,0.25,-0.0001095730221544
2022-08-18,NXPI/TXN,0.0017048924543178,0.0017048924543178,0.0,20,0.25,0.0004262231135794
2022-08-19,MA/SYF,-0.0027120901785139,-0.0027120901785139,0.0,20,0.25,-0.0006780225446284
2022-08-19,JNJ/LLY,0.0,0.0,0.0,20,0.25,0.0
2022-08-19,CAT/DE,0.0070581545781281,0.0070581545781281,0.0,20,0.25,0.001764538644532
2022-08-19,NXPI/TXN,-0.0028829305329628,-0.0028829305329628,0.0,20,0.25,-0.0007207326332407
2022-08-22,MA/SYF,0.0095143856071362,0.0095143856071362,0.0,20,0.25,0.002378596401784
2022-08-22,JNJ/LLY,-0.0,-0.0,0.0,20,0.25,-0.0
2022-08-22,CAT/DE,0.0114111952072636,0.0114111952072636,0.0,20,0.25,0.0028527988018159
2022-08-22,NXPI/TXN,-0.0039499408685241,-0.0039499408685241,0.0,20,0.25,-0.000987485217131
2022-08-23,MA/SYF,0.0148993429624505,0.0148993429624505,0.0,20,0.25,0.0037248357406126
2022-08-23,JNJ/LLY,0.0,0.0,0.0,20,0.25,0.0
2022-08-23,CAT/DE,-0.0106625570012466,-0.0106625570012466,0.0,20,0.25,-0.0026656392503116
2022-08-23,NXPI/TXN,-0.001,0.0,1.0,20,0.25,-0.00025
2022-08-24,MA/SYF,0.0052896214483897,0.0052896214483897,0.0,20,0.25,0.0013224053620974
2022-08-24,JNJ/LLY,-0.0,-0.0,0.0,20,0.25,-0.0
2022-08-24,CAT/DE,0.0162468264841809,0.0162468264841809,0.0,20,0.25,0.0040617066210452
2022-08-24,NXPI/TXN,0.0,0.0,0.0,20,0.25,0.0
2022-08-25,MA/SYF,-0.001,0.0,1.0,20,0.25,-0.00025
2022-08-25,JNJ/LLY,0.0,0.0,0.0,20,0.25,0.0
2022-08-25,CAT/DE,-0.0068098982020312,-0.0068098982020312,0.0,20,0.25,-0.0017024745505078
2022-08-25,NXPI/TXN,0.0,0.0,0.0,20,0.25,0.0
2022-08-26,MA/SYF,-0.0,-0.0,0.0,20,0.25,-0.0
2022-08-26,JNJ/LLY,-0.0,-0.0,0.0,20,0.25,-0.0
2022-08-26,CAT/DE,-0.001,-0.0,1.0,20,0.25,-0.00025
2022-08-26,NXPI/TXN,-0.0,-0.0,0.0,20,0.25,-0.0
2022-08-29,MA/SYF,0.0,0.0,0.0,20,0.25,0.0
2022-08-29,JNJ/LLY,-0.0,-0.0,0.0,20,0.25,-0.0
2022-08-29,CAT/DE,-0.0,-0.0,0.0,20,0.25,-0.0
2022-08-29,NXPI/TXN,-0.0,-0.0,0.0,20,0.25,-0.0
2022-08-30,MA/SYF,-0.0,-0.0,0.0,20,0.25,-0.0
2022-08-30,JNJ/LLY,0.0,0.0,0.0,20,0.25,0.0
2022-08-30,CAT/DE,-0.0,-0.0,0.0,20,0.25,-0.0
2022-08-30,NXPI/TXN,-0.0,-0.0,0.0,20,0.25,-0.0
2022-08-31,MA/SYF,-0.0,-0.0,0.0,20,0.25,-0.0
2022-08-31,JNJ/LLY,0.0,0.0,0.0,20,0.25,0.0
2022-08-31,CAT/DE,-0.0,-0.0,0.0,20,0.25,-0.0
2022-08-31,NXPI/TXN,-0.0,-0.0,0.0,20,0.25,-0.0
2022-09-01,MA/SYF,0.0,0.0,0.0,20,0.25,0.0
2022-09-01,JNJ/LLY,0.0,0.0,0.0,20,0.25,0.0
2022-09-01,CAT/DE,-0.0,-0.0,0.0,20,0.25,-0.0
2022-09-01,NXPI/TXN,0.0,0.0,0.0,20,0.25,0.0
2022-09-02,MA/SYF,-0.0,-0.0,0.0,20,0.25,-0.0
2022-09-02,JNJ/LLY,-0.0,-0.0,0.0,20,0.25,-0.0
2022-09-02,CAT/DE,-0.0,-0.0,0.0,20,0.25,-0.0
2022-09-02,NXPI/TXN,-0.0,-0.0,0.0,20,0.25,-0.0
2022-09-06,MA/SYF,0.0,0.0,0.0,20,0.25,0.0
2022-09-06,JNJ/LLY,-0.0,-0.0,0.0,20,0.25,-0.0
2022-09-06,CAT/DE,0.0,0.0,0.0,20,0.25,0.0
2022-09-06,NXPI/TXN,0.0,0.0,0.0,20,0.25,0.0
2022-09-07,MA/SYF,0.0,0.0,0.0,20,0.25,0.0
2022-09-07,JNJ/LLY,-0.0,-0.0,0.0,20,0.25,-0.0
2022-09-07,CAT/DE,-0.0,-0.0,0.0,20,0.25,-0.0
2022-09-07,NXPI/TXN,0.0,0.0,0.0,20,0.25,0.0
2022-09-08,MA/SYF,-0.0,-0.0,0.0,20,0.25,-0.0
2022-09-08,JNJ/LLY,0.0,0.0,0.0,20,0.25,0.0
2022-09-08,CAT/DE,0.0,0.0,0.0,20,0.25,0.0
2022-09-08,NXPI/TXN,0.0,0.0,0.0,20,0.25,0.0
2022-09-09,MA/SYF,0.0,0.0,0.0,20,0.25,0.0
2022-09-09,JNJ/LLY,-0.0,-0.0,0.0,20,0.25,-0.0
2022-09-09,CAT/DE,0.0,0.0,0.0,20,0.25,0.0
2022-09-09,NXPI/TXN,0.0,0.0,0.0,20,0.25,0.0
2022-09-12,MA/SYF,-0.0,-0.0,0.0,20,0.25,-0.0
2022-09-12,JNJ/LLY,0.0,0.0,0.0,20,0.25,0.0
2022-09-12,CAT/DE,-0.0080051597562906,-0.0070051597562906,1.0,20,0.25,-0.0020012899390726
2022-09-12,NXPI/TXN,-0.0,-0.0,0.0,20,0.25,-0.0
2022-09-13,MA/SYF,-0.0,-0.0,0.0,20,0.25,-0.0
2022-09-13,JNJ/LLY,-0.0,-0.0,0.0,20,0.25,-0.0
2022-09-13,CAT/DE,0.0126531978315313,0.0126531978315313,0.0,20,0.25,0.0031632994578828
2022-09-13,NXPI/TXN,-0.0,-0.0,0.0,20,0.25,-0.0
2022-09-14,MA/SYF,-0.0,-0.0,0.0,20,0.25,-0.0
2022-09-14,JNJ/LLY,0.0,0.0,0.0,20,0.25,0.0
2022-09-14,CAT/DE,-0.0038228406392544,-0.0038228406392544,0.0,20,0.25,-0.0009557101598136
2022-09-14,NXPI/TXN,-0.0,-0.0,0.0,20,0.25,-0.0
2022-09-15,MA/SYF,-0.0,-0.0,0.0,20,0.25,-0.0
2022-09-15,JNJ/LLY,0.0,0.0,0.0,20,0.25,0.0
2022-09-15,CAT/DE,0.0043854185046193,0.0043854185046193,0.0,20,0.25,0.0010963546261548
2022-09-15,NXPI/TXN,-0.0,-0.0,0.0,20,0.25,-0.0
2022-09-16,MA/SYF,-0.0043205663113372,-0.0033205663113372,1.0,20,0.25,-0.0010801415778343
2022-09-16,JNJ/LLY,0.0,0.0,0.0,20,0.25,0.0
2022-09-16,CAT/DE,0.0047309720255243,0.0047309720255243,0.0,20,0.25,0.001182743006381
2022-09-16,NXPI/TXN,0.0,0.0,0.0,20,0.25,0.0
2022-09-19,MA/SYF,-0.0042518667311059,-0.0042518667311059,0.0,20,0.25,-0.0010629666827764
2022-09-19,JNJ/LLY,0.0010447186172219,0.0020447186172219,1.0,20,0.25,0.0002611796543054
2022-09-19,CAT/DE,0.000989970667172,0.000989970667172,0.0,20,0.25,0.000247492666793
2022-09-19,NXPI/TXN,-0.0,-0.0,0.0,20,0.25,-0.0
2022-09-20,MA/SYF,0.0075841865699277,0.0075841865699277,0.0,20,0.25,0.0018960466424819
2022-09-20,JNJ/LLY,0.0024144258158239,0.0024144258158239,0.0,20,0.25,0.0006036064539559
2022-09-20,CAT/DE,0.0051127298317534,0.0051127298317534,0.0,20,0.25,0.0012781824579383
2022-09-20,NXPI/TXN,0.0,0.0,0.0,20,0.25,0.0
2022-09-21,MA/SYF,-0.0109510539001761,-0.0109510539001761,0.0,20,0.25,-0.002737763475044
2022-09-21,JNJ/LLY,0.0022487681277647,0.0022487681277647,0.0,20,0.25,0.0005621920319411
2022-09-21,CAT/DE,0.013121316687857,0.013121316687857,0.0,20,0.25,0.0032803291719642
2022-09-21,NXPI/TXN,-0.0,-0.0,0.0,20,0.25,-0.0
2022-09-22,MA/SYF,-0.0060953106057002,-0.0060953106057002,0.0,20,0.25,-0.001523827651425
2022-09-22,JNJ/LLY,0.0014126667842064,0.0014126667842064,0.0,20,0.25,0.0003531666960516
2022-09-22,CAT/DE,0.0004111540291157,0.0004111540291157,0.0,20,0.25,0.0001027885072789
2022-09-22,NXPI/TXN,0.0,0.0,0.0,20,0.25,0.0
2022-09-23,MA/SYF,-0.0070921813251484,-0.0070921813251484,0.0,20,0.25,-0.0017730453312871
2022-09-23,JNJ/LLY,-0.0017619679557861,-0.0017619679557861,0.0,20,0.25,-0.0004404919889465
2022-09-23,CAT/DE,0.0074350077585292,0.0074350077585292,0.0,20,0.25,0.0018587519396323
2022-09-23,NXPI/TXN,-0.0,-0.0,0.0,20,0.25,-0.0
2022-09-26,MA/SYF,0.0017737360346829,0.0017737360346829,0.0,20,0.25,0.0004434340086707
2022-09-26,JNJ/LLY,0.0006744016846713,0.0006744016846713,0.0,20,0.25,0.0001686004211678
2022-09-26,CAT/DE,0.0033285748809553,0.0033285748809553,0.0,20,0.25,0.0008321437202388
2022-09-26,NXPI/TXN,-0.0,-0.0,0.0,20,0.25,-0.0
2022-09-27,MA/SYF,-0.0079713489529393,-0.0079713489529393,0.0,20,0.25,-0.0019928372382348
2022-09-27,JNJ/LLY,0.0066448820994252,0.0066448820994252,0.0,20,0.25,0.0016612205248563
2022-09-27,CAT/DE,0.0049326722205152,0.0049326722205152,0.0,20,0.25,0.0012331680551288
2022-09-27,NXPI/TXN,-0.0,-0.0,0.0,20,0.25,-0.0
2022-09-28,MA/SYF,0.0004293328163635,0.0004293328163635,0.0,20,0.25,0.0001073332040908
2022-09-28,JNJ/LLY,0.0154715256173907,0.0154715256173907,0.0,20,0.25,0.0038678814043476
2022-09-28,CAT/DE,-0.0066289868440758,-0.0066289868440758,0.0,20,0.25,-0.0016572467110189
2022-09-28,NXPI/TXN,0.0,0.0,0.0,20,0.25,0.0
2022-09-29,MA/SYF,-0.0069821559329261,-0.0069821559329261,0.0,20,0.25,-0.0017455389832315
2022-09-29,JNJ/LLY,0.0041171050712664,0.0041171050712664,0.0,20,0.25,0.0010292762678166
2022-09-29,CAT/DE,0.0019842897074787,0.0019842897074787,0.0,20,0.25,0.0004960724268696
2022-09-29,NXPI/TXN,-0.0,-0.0,0.0,20,0.25,-0.0
2022-09-30,MA/SYF,0.0002407879649357,0.0002407879649357,0.0,20,0.25,6.0196991233930654e-05
2022-09-30,JNJ/LLY,-0.0006593667769663,-0.0006593667769663,0.0,20,0.25,-0.0001648416942415
2022-09-30,CAT/DE,-0.002180417439078,-0.002180417439078,0.0,20,0.25,-0.0005451043597695
2022-09-30,NXPI/TXN,-0.0,-0.0,0.0,20,0.25,-0.0
2022-10-03,MA/SYF,-0.0010865155534768,-0.0010865155534768,0.0,20,0.25,-0.0002716288883692
2022-10-03,JNJ/LLY,-0.0008820553821492,-0.0008820553821492,0.0,20,0.25,-0.0002205138455373
2022-10-03,CAT/DE,-0.0129891867945703,-0.0129891867945703,0.0,20,0.25,-0.0032472966986425
2022-10-03,NXPI/TXN,0.0,0.0,0.0,20,0.25,0.0
2022-10-04,MA/SYF,0.0096831076863739,0.0096831076863739,0.0,20,0.25,0.0024207769215934
2022-10-04,JNJ/LLY,-0.0032426485935607,-0.0032426485935607,0.0,20,0.25,-0.0008106621483901
2022-10-04,CAT/DE,-0.0091971070595103,-0.0091971070595103,0.0,20,0.25,-0.0022992767648775
2022-10-04,NXPI/TXN,0.0,0.0,0.0,20,0.25,0.0
2022-10-05,MA/SYF,0.0,0.0,0.0,21,0.25,0.0
2022-10-05,COF/V,0.0,0.0,0.0,21,0.25,0.0
2022-10-05,MS/STT,-0.0,-0.0,0.0,21,0.25,-0.0
2022-10-05,MSFT/ORCL,-0.0,-0.0,0.0,21,0.25,-0.0
2022-10-06,MA/SYF,-0.0,-0.0,0.0,21,0.25,-0.0
2022-10-06,COF/V,-0.0,-0.0,0.0,21,0.25,-0.0
2022-10-06,MS/STT,-0.0,-0.0,0.0,21,0.25,-0.0
2022-10-06,MSFT/ORCL,0.0,0.0,0.0,21,0.25,0.0
2022-10-07,MA/SYF,-0.0,-0.0,0.0,21,0.25,-0.0
2022-10-07,COF/V,0.0,0.0,0.0,21,0.25,0.0
2022-10-07,MS/STT,-0.0,-0.0,0.0,21,0.25,-0.0
2022-10-07,MSFT/ORCL,-0.0,-0.0,0.0,21,0.25,-0.0
2022-10-10,MA/SYF,-0.0,-0.0,0.0,21,0.25,-0.0
2022-10-10,COF/V,-0.0,-0.0,0.0,21,0.25,-0.0
2022-10-10,MS/STT,-0.0,-0.0,0.0,21,0.25,-0.0
2022-10-10,MSFT/ORCL,-0.0,-0.0,0.0,21,0.25,-0.0
2022-10-11,MA/SYF,-0.0,-0.0,0.0,21,0.25,-0.0
2022-10-11,COF/V,-0.0,-0.0,0.0,21,0.25,-0.0
2022-10-11,MS/STT,-0.0,-0.0,0.0,21,0.25,-0.0
2022-10-11,MSFT/ORCL,-0.0,-0.0,0.0,21,0.25,-0.0
2022-10-12,MA/SYF,-0.0,-0.0,0.0,21,0.25,-0.0
2022-10-12,COF/V,-0.0,-0.0,0.0,21,0.25,-0.0
2022-10-12,MS/STT,0.0,0.0,0.0,21,0.25,0.0
2022-10-12,MSFT/ORCL,-0.0,-0.0,0.0,21,0.25,-0.0
2022-10-13,MA/SYF,0.0,0.0,0.0,21,0.25,0.0
2022-10-13,COF/V,0.0,0.0,0.0,21,0.25,0.0
2022-10-13,MS/STT,-0.0,-0.0,0.0,21,0.25,-0.0
2022-10-13,MSFT/ORCL,0.0,0.0,0.0,21,0.25,0.0
2022-10-14,MA/SYF,-0.0,-0.0,0.0,21,0.25,-0.0
2022-10-14,COF/V,-0.0,-0.0,0.0,21,0.25,-0.0
2022-10-14,MS/STT,-0.0,-0.0,0.0,21,0.25,-0.0
2022-10-14,MSFT/ORCL,-0.0,-0.0,0.0,21,0.25,-0.0
2022-10-17,MA/SYF,0.0,0.0,0.0,21,0.25,0.0
2022-10-17,COF/V,0.0,0.0,0.0,21,0.25,0.0
2022-10-17,MS/STT,-0.0060073772748918,-0.0050073772748918,1.0,21,0.25,-0.0015018443187229
2022-10-17,MSFT/ORCL,0.0,0.0,0.0,21,0.25,0.0
2022-10-18,MA/SYF,0.0,0.0,0.0,21,0.25,0.0
2022-10-18,COF/V,0.0,0.0,0.0,21,0.25,0.0
2022-10-18,MS/STT,0.0129697428440503,0.0129697428440503,0.0,21,0.25,0.0032424357110125
2022-10-18,MSFT/ORCL,0.0,0.0,0.0,21,0.25,0.0
2022-10-19,MA/SYF,-0.0026357304938306,-0.0016357304938306,1.0,21,0.25,-0.0006589326234576
2022-10-19,COF/V,0.0,0.0,0.0,21,0.25,0.0
2022-10-19,MS/STT,-0.0139574386917658,-0.0139574386917658,0.0,21,0.25,-0.0034893596729414
2022-10-19,MSFT/ORCL,-0.0,-0.0,0.0,21,0.25,-0.0
2022-10-20,MA/SYF,0.0034107303148415,0.0034107303148415,0.0,21,0.25,0.0008526825787103
2022-10-20,COF/V,0.0,0.0,0.0,21,0.25,0.0
2022-10-20,MS/STT,-0.0095921005674649,-0.0095921005674649,0.0,21,0.25,-0.0023980251418662
2022-10-20,MSFT/ORCL,-0.0,-0.0,0.0,21,0.25,-0.0
2022-10-21,MA/SYF,-0.0080331503661504,-0.0080331503661504,0.0,21,0.25,-0.0020082875915376
2022-10-21,COF/V,0.0,0.0,0.0,21,0.25,0.0
2022-10-21,MS/STT,-0.0083430551522042,-0.0083430551522042,0.0,21,0.25,-0.002085763788051
2022-10-21,MSFT/ORCL,-0.0,-0.0,0.0,21,0.25,-0.0
2022-10-24,MA/SYF,-0.0024693402322062,-0.0024693402322062,0.0,21,0.25,-0.0006173350580515
2022-10-24,COF/V,-0.0,-0.0,0.0,21,0.25,-0.0
2022-10-24,MS/STT,-0.0070519698556282,-0.0070519698556282,0.0,21,0.25,-0.001762992463907
2022-10-24,MSFT/ORCL,0.0,0.0,0.0,21,0.25,0.0
2022-10-25,MA/SYF,0.0011237935592271,0.0011237935592271,0.0,21,0.25,0.0002809483898067
2022-10-25,COF/V,0.0,0.0,0.0,21,0.25,0.0
2022-10-25,MS/STT,-0.0012745370310207,-0.0012745370310207,0.0,21,0.25,-0.0003186342577551
2022-10-25,MSFT/ORCL,0.0,0.0,0.0,21,0.25,0.0
2022-10-26,MA/SYF,-0.018325262890927,-0.018325262890927,0.0,21,0.25,-0.0045813157227317
2022-10-26,COF/V,0.0,0.0,0.0,21,0.25,0.0
2022-10-26,MS/STT,0.0015422644109916,0.0015422644109916,0.0,21,0.25,0.0003855661027479
2022-10-26,MSFT/ORCL,-0.0,-0.0,0.0,21,0.25,-0.0
2022-10-27,MA/SYF,0.0004737883222653,0.0004737883222653,0.0,21,0.25,0.0001184470805663
2022-10-27,COF/V,-0.0039426101952853,-0.0029426101952853,1.0,21,0.25,-0.0009856525488213
2022-10-27,MS/STT,-0.0063344861589145,-0.0063344861589145,0.0,21,0.25,-0.0015836215397286
2022-10-27,MSFT/ORCL,-0.0156233261027299,-0.0146233261027299,1.0,21,0.25,-0.0039058315256824
2022-10-28,MA/SYF,-0.0149356355968905,-0.0149356355968905,0.0,21,0.25,-0.0037339088992226
2022-10-28,COF/V,-0.0053157940866341,-0.0053157940866341,0.0,21,0.25,-0.0013289485216585
2022-10-28,MS/STT,0.0071701486390719,0.0071701486390719,0.0,21,0.25,0.0017925371597679
2022-10-28,MSFT/ORCL,0.0173303616830428,0.0173303616830428,0.0,21,0.25,0.0043325904207607
2022-10-31,MA/SYF,0.0002693736030499,0.0002693736030499,0.0,21,0.25,6.734340076247965e-05
2022-10-31,COF/V,0.0049417238216474,0.0049417238216474,0.0,21,0.25,0.0012354309554118
2022-10-31,MS/STT,0.0040078480741714,0.0040078480741714,0.0,21,0.25,0.0010019620185428
2022-10-31,MSFT/ORCL,-0.0136750535373856,-0.0136750535373856,0.0,21,0.25,-0.0034187633843464
2022-11-01,MA/SYF,-0.0084692623761066,-0.0084692623761066,0.0,21,0.25,-0.0021173155940266
2022-11-01,COF/V,0.002807671519755,0.002807671519755,0.0,21,0.25,0.0007019178799387
2022-11-01,MS/STT,0.0087088663451429,0.0087088663451429,0.0,21,0.25,0.0021772165862857
2022-11-01,MSFT/ORCL,-0.0075604264761787,-0.0075604264761787,0.0,21,0.25,-0.0018901066190446
2022-11-02,MA/SYF,0.0217126681746322,0.0217126681746322,0.0,21,0.25,0.005428167043658
2022-11-02,COF/V,0.0121272327796757,0.0121272327796757,0.0,21,0.25,0.0030318081949189
2022-11-02,MS/STT,0.0074393364157866,0.0074393364157866,0.0,21,0.25,0.0018598341039466
2022-11-02,MSFT/ORCL,-0.0156839649982836,-0.0156839649982836,0.0,21,0.25,-0.0039209912495709
2022-11-03,MA/SYF,0.0169049858167604,0.0169049858167604,0.0,21,0.25,0.0042262464541901
2022-11-03,COF/V,0.0112236430411813,0.0112236430411813,0.0,21,0.25,0.0028059107602953
2022-11-03,MS/STT,-0.0005535438424758,-0.0005535438424758,0.0,21,0.25,-0.0001383859606189
2022-11-03,MSFT/ORCL,-0.0176615375738966,-0.0176615375738966,0.0,21,0.25,-0.0044153843934741
2022-11-04,MA/SYF,-0.0135432347924841,-0.0135432347924841,0.0,21,0.25,-0.003385808698121
2022-11-04,COF/V,0.0016486345142775,0.0016486345142775,0.0,21,0.25,0.0004121586285693
2022-11-04,MS/STT,-0.0051593341970395,-0.0051593341970395,0.0,21,0.25,-0.0012898335492598
2022-11-04,MSFT/ORCL,0.0185330918839144,0.0185330918839144,0.0,21,0.25,0.0046332729709786
2022-11-07,MA/SYF,-0.0061868422205275,-0.0061868422205275,0.0,21,0.25,-0.0015467105551318
2022-11-07,COF/V,-0.0058697457071219,-0.0058697457071219,0.0,21,0.25,-0.0014674364267804
2022-11-07,MS/STT,0.0022452790256586,0.0022452790256586,0.0,21,0.25,0.0005613197564146
2022-11-07,MSFT/ORCL,0.0168103246675468,0.0168103246675468,0.0,21,0.25,0.0042025811668867
2022-11-08,MA/SYF,-0.0022173100159067,-0.0022173100159067,0.0,21,0.25,-0.0005543275039766
2022-11-08,COF/V,-0.0041239192043346,-0.0041239192043346,0.0,21,0.25,-0.0010309798010836
2022-11-08,MS/STT,-0.0031822531672528,-0.0031822531672528,0.0,21,0.25,-0.0007955632918132
2022-11-08,MSFT/ORCL,0.0075745059000076,0.0075745059000076,0.0,21,0.25,0.0018936264750019
2022-11-09,MA/SYF,0.014290885254546,0.014290885254546,0.0,21,0.25,0.0035727213136365
2022-11-09,COF/V,0.0166727076404102,0.0166727076404102,0.0,21,0.25,0.0041681769101025
2022-11-09,MS/STT,-0.0073036526420815,-0.0073036526420815,0.0,21,0.25,-0.0018259131605203
2022-11-09,MSFT/ORCL,-0.013019204076802,-0.013019204076802,0.0,21,0.25,-0.0032548010192005
2022-11-10,MA/SYF,-0.0206097755094245,-0.0206097755094245,0.0,21,0.25,-0.0051524438773561
2022-11-10,COF/V,-0.0109379228584045,-0.0109379228584045,0.0,21,0.25,-0.0027344807146011
2022-11-10,MS/STT,0.0112745377452431,0.0112745377452431,0.0,21,0.25,0.0028186344363107
2022-11-10,MSFT/ORCL,0.0494646462586521,0.0494646462586521,0.0,21,0.25,0.012366161564663
2022-11-11,MA/SYF,0.0063396255498188,0.0063396255498188,0.0,21,0.25,0.0015849063874547
2022-11-11,COF/V,0.0086813031082985,0.0086813031082985,0.0,21,0.25,0.0021703257770746
2022-11-11,MS/STT,-0.001,0.0,1.0,21,0.25,-0.00025
2022-11-11,MSFT/ORCL,0.0090802349693142,0.0090802349693142,0.0,21,0.25,0.0022700587423285
2022-11-14,MA/SYF,-0.0171858422602391,-0.0171858422602391,0.0,21,0.25,-0.0042964605650597
2022-11-14,COF/V,-0.0173500017908118,-0.0173500017908118,0.0,21,0.25,-0.0043375004477029
2022-11-14,MS/STT,0.0,0.0,0.0,21,0.25,0.0
2022-11-14,MSFT/ORCL,-0.0184540890517399,-0.0184540890517399,0.0,21,0.25,-0.0046135222629349
2022-11-15,MA/SYF,-0.001,0.0,1.0,21,0.25,-0.00025
2022-11-15,COF/V,-0.0302207125519205,-0.0302207125519205,0.0,21,0.25,-0.0075551781379801
2022-11-15,MS/STT,0.0,0.0,0.0,21,0.25,0.0
2022-11-15,MSFT/ORCL,-0.0015510023361256,-0.0015510023361256,0.0,21,0.25,-0.0003877505840314
2022-11-16,MA/SYF,-0.0050780311316222,-0.0040780311316222,1.0,21,0.25,-0.0012695077829055
2022-11-16,COF/V,-0.005152030032495,-0.005152030032495,0.0,21,0.25,-0.0012880075081237
2022-11-16,MS/STT,-0.0,-0.0,0.0,21,0.25,-0.0
2022-11-16,MSFT/ORCL,-0.0017227396093488,-0.0017227396093488,0.0,21,0.25,-0.0004306849023372
2022-11-17,MA/SYF,0.0051953637667661,0.0051953637667661,0.0,21,0.25,0.0012988409416915
2022-11-17,COF/V,-0.0090413939772055,-0.0090413939772055,0.0,21,0.25,-0.0022603484943013
2022-11-17,MS/STT,0.0,0.0,0.0,21,0.25,0.0
2022-11-17,MSFT/ORCL,0.0026994585732908,0.0026994585732908,0.0,21,0.25,0.0006748646433227
2022-11-18,MA/SYF,-0.0016414959591319,-0.0016414959591319,0.0,21,0.25,-0.0004103739897829
2022-11-18,COF/V,-0.0006258906259133,-0.0006258906259133,0.0,21,0.25,-0.0001564726564783
2022-11-18,MS/STT,-0.0,-0.0,0.0,21,0.25,-0.0
2022-11-18,MSFT/ORCL,-0.0034777919179122,-0.0034777919179122,0.0,21,0.25,-0.000869447979478
2022-11-21,MA/SYF,0.0145945678600393,0.0145945678600393,0.0,21,0.25,0.0036486419650098
2022-11-21,COF/V,0.0219181687963546,0.0219181687963546,0.0,21,0.25,0.0054795421990886
2022-11-21,MS/STT,-0.0,-0.0,0.0,21,0.25,-0.0
2022-11-21,MSFT/ORCL,0.0019391543837177,0.0019391543837177,0.0,21,0.25,0.0004847885959294
2022-11-22,MA/SYF,-0.0125937371730875,-0.0125937371730875,0.0,21,0.25,-0.0031484342932718
2022-11-22,COF/V,-0.0136294438584046,-0.0136294438584046,0.0,21,0.25,-0.0034073609646011
2022-11-22,MS/STT,0.0,0.0,0.0,21,0.25,0.0
2022-11-22,MSFT/ORCL,-0.0012065097212275,-0.0012065097212275,0.0,21,0.25,-0.0003016274303068
2022-11-23,MA/SYF,-0.0052229778378031,-0.0052229778378031,0.0,21,0.25,-0.0013057444594507
2022-11-23,COF/V,-0.001,0.0,1.0,21,0.25,-0.00025
2022-11-23,MS/STT,-0.0,-0.0,0.0,21,0.25,-0.0
2022-11-23,MSFT/ORCL,-0.001,0.0,1.0,21,0.25,-0.00025
2022-11-25,MA/SYF,-0.0038637068986158,-0.0038637068986158,0.0,21,0.25,-0.0009659267246539
2022-11-25,COF/V,0.0,0.0,0.0,21,0.25,0.0
2022-11-25,MS/STT,0.0,0.0,0.0,21,0.25,0.0
2022-11-25,MSFT/ORCL,-0.0,-0.0,0.0,21,0.25,-0.0
2022-11-28,MA/SYF,0.0089078042481466,0.0089078042481466,0.0,21,0.25,0.0022269510620366
2022-11-28,COF/V,-0.0,-0.0,0.0,21,0.25,-0.0
2022-11-28,MS/STT,0.0,0.0,0.0,21,0.25,0.0
2022-11-28,MSFT/ORCL,-0.0,-0.0,0.0,21,0.25,-0.0
2022-11-29,MA/SYF,0.0096950743639297,0.0096950743639297,0.0,21,0.25,0.0024237685909824
2022-11-29,COF/V,-0.0,-0.0,0.0,21,0.25,-0.0
2022-11-29,MS/STT,0.0,0.0,0.0,21,0.25,0.0
2022-11-29,MSFT/ORCL,-0.0,-0.0,0.0,21,0.25,-0.0
2022-11-30,MA/SYF,-0.0255468521557118,-0.0255468521557118,0.0,21,0.25,-0.0063867130389279
2022-11-30,COF/V,0.0,0.0,0.0,21,0.25,0.0
2022-11-30,MS/STT,-0.0,-0.0,0.0,21,0.25,-0.0
2022-11-30,MSFT/ORCL,0.0,0.0,0.0,21,0.25,0.0
2022-12-01,MA/SYF,-0.0211781444754304,-0.0211781444754304,0.0,21,0.25,-0.0052945361188576
2022-12-01,COF/V,0.0,0.0,0.0,21,0.25,0.0
2022-12-01,MS/STT,0.0,0.0,0.0,21,0.25,0.0
2022-12-01,MSFT/ORCL,-0.0,-0.0,0.0,21,0.25,-0.0
2022-12-02,MA/SYF,-0.0035788291246275,-0.0035788291246275,0.0,21,0.25,-0.0008947072811568
2022-12-02,COF/V,0.0,0.0,0.0,21,0.25,0.0
2022-12-02,MS/STT,-0.0,-0.0,0.0,21,0.25,-0.0
2022-12-02,MSFT/ORCL,0.0,0.0,0.0,21,0.25,0.0
2022-12-05,MA/SYF,0.0005605262626648,0.0005605262626648,0.0,21,0.25,0.0001401315656662
2022-12-05,COF/V,-0.0,-0.0,0.0,21,0.25,-0.0
2022-12-05,MS/STT,-0.0,-0.0,0.0,21,0.25,-0.0
2022-12-05,MSFT/ORCL,0.0,0.0,0.0,21,0.25,0.0
2022-12-06,MA/SYF,0.0192642682319283,0.0192642682319283,0.0,21,0.25,0.004816067057982
2022-12-06,COF/V,-0.0,-0.0,0.0,21,0.25,-0.0
2022-12-06,MS/STT,-0.0,-0.0,0.0,21,0.25,-0.0
2022-12-06,MSFT/ORCL,-0.0,-0.0,0.0,21,0.25,-0.0
2022-12-07,MA/SYF,0.0001442590196269,0.0001442590196269,0.0,21,0.25,3.606475490673069e-05
2022-12-07,COF/V,-0.0,-0.0,0.0,21,0.25,-0.0
2022-12-07,MS/STT,-0.0,-0.0,0.0,21,0.25,-0.0
2022-12-07,MSFT/ORCL,-0.0,-0.0,0.0,21,0.25,-0.0
2022-12-08,MA/SYF,-0.005344759607124,-0.005344759607124,0.0,21,0.25,-0.001336189901781
2022-12-08,COF/V,0.0,0.0,0.0,21,0.25,0.0
2022-12-08,MS/STT,0.0205227186230128,0.0215227186230128,1.0,21,0.25,0.0051306796557532
2022-12-08,MSFT/ORCL,0.0,0.0,0.0,21,0.25,0.0
2022-12-09,MA/SYF,0.0063159900871299,0.0063159900871299,0.0,21,0.25,0.0015789975217824
2022-12-09,COF/V,-0.0,-0.0,0.0,21,0.25,-0.0
2022-12-09,MS/STT,0.0002310246732177,0.0002310246732177,0.0,21,0.25,5.775616830442824e-05
2022-12-09,MSFT/ORCL,-0.0,-0.0,0.0,21,0.25,-0.0
2022-12-12,MA/SYF,-0.0154463177975546,-0.0154463177975546,0.0,21,0.25,-0.0038615794493886
2022-12-12,COF/V,0.0,0.0,0.0,21,0.25,0.0
2022-12-12,MS/STT,0.0042027495546142,0.0042027495546142,0.0,21,0.25,0.0010506873886535
2022-12-12,MSFT/ORCL,0.0,0.0,0.0,21,0.25,0.0
2022-12-13,MA/SYF,0.0005948092023764,0.0005948092023764,0.0,21,0.25,0.0001487023005941
2022-12-13,COF/V,-0.0,-0.0,0.0,21,0.25,-0.0
2022-12-13,MS/STT,0.0045553902570011,0.0045553902570011,0.0,21,0.25,0.0011388475642502
2022-12-13,MSFT/ORCL,0.0,0.0,0.0,21,0.25,0.0
2022-12-14,MA/SYF,-0.001,0.0,1.0,21,0.25,-0.00025
2022-12-14,COF/V,0.0,0.0,0.0,21,0.25,0.0
2022-12-14,MS/STT,-0.0064178935440562,-0.0064178935440562,0.0,21,0.25,-0.001604473386014
2022-12-14,MSFT/ORCL,-0.0,-0.0,0.0,21,0.25,-0.0
2022-12-15,MA/SYF,-0.0,-0.0,0.0,21,0.25,-0.0
2022-12-15,COF/V,-0.0,-0.0,0.0,21,0.25,-0.0
2022-12-15,MS/STT,-0.0088391360436846,-0.0088391360436846,0.0,21,0.25,-0.0022097840109211
2022-12-15,MSFT/ORCL,-0.0,-0.0,0.0,21,0.25,-0.0
2022-12-16,MA/SYF,0.0,0.0,0.0,21,0.25,0.0
2022-12-16,COF/V,0.0,0.0,0.0,21,0.25,0.0
2022-12-16,MS/STT,-0.0031586164656533,-0.0031586164656533,0.0,21,0.25,-0.0007896541164133
2022-12-16,MSFT/ORCL,-0.0,-0.0,0.0,21,0.25,-0.0
2022-12-19,MA/SYF,-0.0,-0.0,0.0,21,0.25,-0.0
2022-12-19,COF/V,-0.0,-0.0,0.0,21,0.25,-0.0
2022-12-19,MS/STT,-0.0080144892716876,-0.0080144892716876,0.0,21,0.25,-0.0020036223179219
2022-12-19,MSFT/ORCL,-0.0,-0.0,0.0,21,0.25,-0.0
2022-12-20,MA/SYF,0.0,0.0,0.0,21,0.25,0.0
2022-12-20,COF/V,0.0,0.0,0.0,21,0.25,0.0
2022-12-20,MS/STT,-0.0049706206192233,-0.0049706206192233,0.0,21,0.25,-0.0012426551548058
2022-12-20,MSFT/ORCL,0.0,0.0,0.0,21,0.25,0.0
2022-12-21,MA/SYF,0.0,0.0,0.0,21,0.25,0.0
2022-12-21,COF/V,0.0,0.0,0.0,21,0.25,0.0
2022-12-21,MS/STT,0.0078424392429446,0.0078424392429446,0.0,21,0.25,0.0019606098107361
2022-12-21,MSFT/ORCL,0.0,0.0,0.0,21,0.25,0.0
2022-12-22,MA/SYF,-0.0,-0.0,0.0,21,0.25,-0.0
2022-12-22,COF/V,-0.0,-0.0,0.0,21,0.25,-0.0
2022-12-22,MS/STT,0.0012074367178107,0.0012074367178107,0.0,21,0.25,0.0003018591794526
2022-12-22,MSFT/ORCL,-0.0,-0.0,0.0,21,0.25,-0.0
2022-12-23,MA/SYF,0.0,0.0,0.0,21,0.25,0.0
2022-12-23,COF/V,-0.0,-0.0,0.0,21,0.25,-0.0
2022-12-23,MS/STT,0.0001763263277061,0.0001763263277061,0.0,21,0.25,4.408158192654742e-05
2022-12-23,MSFT/ORCL,0.0,0.0,0.0,21,0.25,0.0
2022-12-27,MA/SYF,0.0,0.0,0.0,21,0.25,0.0
2022-12-27,COF/V,0.0,0.0,0.0,21,0.25,0.0
2022-12-27,MS/STT,-0.0052722556218518,-0.0052722556218518,0.0,21,0.25,-0.0013180639054629
2022-12-27,MSFT/ORCL,-0.0,-0.0,0.0,21,0.25,-0.0
2022-12-28,MA/SYF,-0.0,-0.0,0.0,21,0.25,-0.0
2022-12-28,COF/V,-0.0,-0.0,0.0,21,0.25,-0.0
2022-12-28,MS/STT,-0.0024344110563841,-0.0024344110563841,0.0,21,0.25,-0.000608602764096
2022-12-28,MSFT/ORCL,-0.0,-0.0,0.0,21,0.25,-0.0
2022-12-29,MA/SYF,0.0,0.0,0.0,21,0.25,0.0
2022-12-29,COF/V,0.0,0.0,0.0,21,0.25,0.0
2022-12-29,MS/STT,-0.0027565915243904,-0.0027565915243904,0.0,21,0.25,-0.0006891478810976
2022-12-29,MSFT/ORCL,0.0,0.0,0.0,21,0.25,0.0
2022-12-30,MA/SYF,-0.0,-0.0,0.0,21,0.25,-0.0
2022-12-30,COF/V,-0.0,-0.0,0.0,21,0.25,-0.0
2022-12-30,MS/STT,-0.0007550397524309,-0.0007550397524309,0.0,21,0.25,-0.0001887599381077
2022-12-30,MSFT/ORCL,-0.0,-0.0,0.0,21,0.25,-0.0
2023-01-03,MA/SYF,0.0,0.0,0.0,21,0.25,0.0
2023-01-03,COF/V,-0.0,-0.0,0.0,21,0.25,-0.0
2023-01-03,MS/STT,0.0003495816659823,0.0003495816659823,0.0,21,0.25,8.739541649558146e-05
2023-01-03,MSFT/ORCL,-0.0,-0.0,0.0,21,0.25,-0.0
2023-01-04,MA/SYF,0.0,0.0,0.0,21,0.25,0.0
2023-01-04,COF/V,0.0,0.0,0.0,21,0.25,0.0
2023-01-04,MS/STT,0.0005996348769335,0.0005996348769335,0.0,21,0.25,0.0001499087192333
2023-01-04,MSFT/ORCL,-0.0,-0.0,0.0,21,0.25,-0.0
2023-01-05,JNJ/LLY,-0.0,-0.0,0.0,22,0.25,-0.0
2023-01-05,MSFT/ORCL,-0.0,-0.0,0.0,22,0.25,-0.0
2023-01-05,ADI/TXN,0.0,0.0,0.0,22,0.25,0.0
2023-01-05,BJ/COST,-0.0,-0.0,0.0,22,0.25,-0.0
2023-01-06,JNJ/LLY,0.0,0.0,0.0,22,0.25,0.0
2023-01-06,MSFT/ORCL,0.0020182669155854,0.0030182669155854,1.0,22,0.25,0.0005045667288963
2023-01-06,ADI/TXN,0.0,0.0,0.0,22,0.25,0.0
2023-01-06,BJ/COST,0.0,0.0,0.0,22,0.25,0.0
2023-01-09,JNJ/LLY,-0.0,-0.0,0.0,22,0.25,-0.0
2023-01-09,MSFT/ORCL,0.002732055466311,0.002732055466311,0.0,22,0.25,0.0006830138665777
2023-01-09,ADI/TXN,0.0,0.0,0.0,22,0.25,0.0
2023-01-09,BJ/COST,-0.001444506740984,-0.000444506740984,1.0,22,0.25,-0.000361126685246
2023-01-10,JNJ/LLY,-0.0,-0.0,0.0,22,0.25,-0.0
2023-01-10,MSFT/ORCL,0.0049570910797409,0.0049570910797409,0.0,22,0.25,0.0012392727699352
2023-01-10,ADI/TXN,-0.0010438689166476,-4.386891664764582e-05,1.0,22,0.25,-0.0002609672291619
2023-01-10,BJ/COST,-0.0049991950298384,-0.0049991950298384,0.0,22,0.25,-0.0012497987574596
2023-01-11,JNJ/LLY,-0.0,-0.0,0.0,22,0.25,-0.0
2023-01-11,MSFT/ORCL,0.0132821553504265,0.0132821553504265,0.0,22,0.25,0.0033205388376066
2023-01-11,ADI/TXN,-3.629395988784314e-05,-3.629395988784314e-05,0.0,22,0.25,-9.073489971960783e-06
2023-01-11,BJ/COST,0.0074571697432907,0.0074571697432907,0.0,22,0.25,0.0018642924358226
2023-01-12,JNJ/LLY,-0.0,-0.0,0.0,22,0.25,-0.0
2023-01-12,MSFT/ORCL,0.0073581345850568,0.0073581345850568,0.0,22,0.25,0.0018395336462642
2023-01-12,ADI/TXN,-0.0005125358266425,-0.0005125358266425,0.0,22,0.25,-0.0001281339566606
2023-01-12,BJ/COST,0.0012050605956496,0.0012050605956496,0.0,22,0.25,0.0003012651489124
2023-01-13,JNJ/LLY,-0.0,-0.0,0.0,22,0.25,-0.0
2023-01-13,MSFT/ORCL,0.0005882675428406,0.0005882675428406,0.0,22,0.25,0.0001470668857101
2023-01-13,ADI/TXN,-0.0020028603536327,-0.0020028603536327,0.0,22,0.25,-0.0005007150884081
2023-01-13,BJ/COST,-0.0053955113277612,-0.0053955113277612,0.0,22,0.25,-0.0013488778319403
2023-01-17,JNJ/LLY,-0.0,-0.0,0.0,22,0.25,-0.0
2023-01-17,MSFT/ORCL,0.0053246253796127,0.0053246253796127,0.0,22,0.25,0.0013311563449031
2023-01-17,ADI/TXN,0.0061118910423181,0.0061118910423181,0.0,22,0.25,0.0015279727605795
2023-01-17,BJ/COST,-0.0020746917759664,-0.0020746917759664,0.0,22,0.25,-0.0005186729439916
2023-01-18,JNJ/LLY,-0.0,-0.0,0.0,22,0.25,-0.0
2023-01-18,MSFT/ORCL,-0.0062113471376559,-0.0062113471376559,0.0,22,0.25,-0.0015528367844139
2023-01-18,ADI/TXN,0.0029338772956831,0.0029338772956831,0.0,22,0.25,0.0007334693239207
2023-01-18,BJ/COST,0.0081793440113257,0.0081793440113257,0.0,22,0.25,0.0020448360028314
2023-01-19,JNJ/LLY,-0.0,-0.0,0.0,22,0.25,-0.0
2023-01-19,MSFT/ORCL,-0.0084680523823125,-0.0084680523823125,0.0,22,0.25,-0.0021170130955781
2023-01-19,ADI/TXN,0.0017380671574892,0.0017380671574892,0.0,22,0.25,0.0004345167893723
2023-01-19,BJ/COST,0.0107838732444666,0.0107838732444666,0.0,22,0.25,0.0026959683111166
2023-01-20,JNJ/LLY,-0.0,-0.0,0.0,22,0.25,-0.0
2023-01-20,MSFT/ORCL,0.0196790879214435,0.0196790879214435,0.0,22,0.25,0.0049197719803608
2023-01-20,ADI/TXN,-0.0014448581829542,-0.0014448581829542,0.0,22,0.25,-0.0003612145457385
2023-01-20,BJ/COST,-0.0146486165210067,-0.0146486165210067,0.0,22,0.25,-0.0036621541302516
2023-01-23,JNJ/LLY,0.0,0.0,0.0,22,0.25,0.0
2023-01-23,MSFT/ORCL,0.0004936327128541,0.0004936327128541,0.0,22,0.25,0.0001234081782135
2023-01-23,ADI/TXN,-0.0051614809386493,-0.0051614809386493,0.0,22,0.25,-0.0012903702346623
2023-01-23,BJ/COST,-0.0125969880006309,-0.0125969880006309,0.0,22,0.25,-0.0031492470001577
2023-01-24,JNJ/LLY,-0.0,-0.0,0.0,22,0.25,-0.0
2023-01-24,MSFT/ORCL,-0.0041198778657206,-0.0041198778657206,0.0,22,0.25,-0.0010299694664301
2023-01-24,ADI/TXN,0.0015482800143134,0.0015482800143134,0.0,22,0.25,0.0003870700035783
2023-01-24,BJ/COST,0.0014868368957353,0.0014868368957353,0.0,22,0.25,0.0003717092239338
2023-01-25,JNJ/LLY,0.0,0.0,0.0,22,0.25,0.0
2023-01-25,MSFT/ORCL,-0.0038236972683177,-0.0038236972683177,0.0,22,0.25,-0.0009559243170794
2023-01-25,ADI/TXN,0.0053456228160259,0.0053456228160259,0.0,22,0.25,0.0013364057040064
2023-01-25,BJ/COST,0.0033865725536032,0.0033865725536032,0.0,22,0.25,0.0008466431384008
2023-01-26,JNJ/LLY,-0.0,-0.0,0.0,22,0.25,-0.0
2023-01-26,MSFT/ORCL,0.0203147438432926,0.0203147438432926,0.0,22,0.25,0.0050786859608231
2023-01-26,ADI/TXN,0.0089344856170917,0.0089344856170917,0.0,22,0.25,0.0022336214042729
2023-01-26,BJ/COST,-0.0112025311635638,-0.0112025311635638,0.0,22,0.25,-0.0028006327908909
2023-01-27,JNJ/LLY,0.0,0.0,0.0,22,0.25,0.0
2023-01-27,MSFT/ORCL,0.0034136209212551,0.0034136209212551,0.0,22,0.25,0.0008534052303137
2023-01-27,ADI/TXN,-0.0034874797317413,-0.0034874797317413,0.0,22,0.25,-0.0008718699329353
2023-01-27,BJ/COST,-0.006845473572987,-0.006845473572987,0.0,22,0.25,-0.0017113683932467
2023-01-30,JNJ/LLY,-0.0,-0.0,0.0,22,0.25,-0.0
2023-01-30,MSFT/ORCL,-0.0090873510896351,-0.0090873510896351,0.0,22,0.25,-0.0022718377724087
2023-01-30,ADI/TXN,-0.0019707757272537,-0.0019707757272537,0.0,22,0.25,-0.0004926939318134
2023-01-30,BJ/COST,0.0005308011887999,0.0005308011887999,0.0,22,0.25,0.0001327002971999
2023-01-31,JNJ/LLY,0.0031353024597449,0.0041353024597449,1.0,22,0.25,0.0007838256149362
2023-01-31,MSFT/ORCL,0.0102644340632961,0.0102644340632961,0.0,22,0.25,0.002566108515824
2023-01-31,ADI/TXN,-0.0068755965875468,-0.0068755965875468,0.0,22,0.25,-0.0017188991468867
2023-01-31,BJ/COST,0.0004932081813524,0.0004932081813524,0.0,22,0.25,0.0001233020453381
2023-02-01,JNJ/LLY,0.0080915195447856,0.0080915195447856,0.0,22,0.25,0.0020228798861964
2023-02-01,MSFT/ORCL,0.0078305628055643,0.0078305628055643,0.0,22,0.25,0.001957640701391
2023-02-01,ADI/TXN,-0.0027296149681735,-0.0027296149681735,0.0,22,0.25,-0.0006824037420433
2023-02-01,BJ/COST,-0.0009812698035945,-0.0009812698035945,0.0,22,0.25,-0.0002453174508986
2023-02-02,JNJ/LLY,0.0110818993912712,0.0110818993912712,0.0,22,0.25,0.0027704748478178
2023-02-02,MSFT/ORCL,0.0342432939441317,0.0342432939441317,0.0,22,0.25,0.0085608234860329
2023-02-02,ADI/TXN,-0.0015007974762691,-0.0015007974762691,0.0,22,0.25,-0.0003751993690672
2023-02-02,BJ/COST,-0.0091967048087401,-0.0091967048087401,0.0,22,0.25,-0.002299176202185
2023-02-03,JNJ/LLY,-0.0102919601859616,-0.0102919601859616,0.0,22,0.25,-0.0025729900464904
2023-02-03,MSFT/ORCL,-0.001,-0.0,1.0,22,0.25,-0.00025
2023-02-03,ADI/TXN,0.0062851718980891,0.0062851718980891,0.0,22,0.25,0.0015712929745222
2023-02-03,BJ/COST,0.0039549838288644,0.0039549838288644,0.0,22,0.25,0.0009887459572161
2023-02-06,JNJ/LLY,-0.0048039602331212,-0.0048039602331212,0.0,22,0.25,-0.0012009900582803
2023-02-06,MSFT/ORCL,-0.0,-0.0,0.0,22,0.25,-0.0
2023-02-06,ADI/TXN,0.0009270827626061,0.0009270827626061,0.0,22,0.25,0.0002317706906515
2023-02-06,BJ/COST,-0.001,-0.0,1.0,22,0.25,-0.00025
2023-02-07,JNJ/LLY,-0.0012275256384273,-0.0012275256384273,0.0,22,0.25,-0.0003068814096068
2023-02-07,MSFT/ORCL,0.0,0.0,0.0,22,0.25,0.0
2023-02-07,ADI/TXN,-0.001,-0.0,1.0,22,0.25,-0.00025
2023-02-07,BJ/COST,0.0,0.0,0.0,22,0.25,0.0
2023-02-08,JNJ/LLY,0.0002518440773728,0.0002518440773728,0.0,22,0.25,6.296101934321721e-05
2023-02-08,MSFT/ORCL,0.0,0.0,0.0,22,0.25,0.0
2023-02-08,ADI/TXN,-0.0,-0.0,0.0,22,0.25,-0.0
2023-02-08,BJ/COST,-0.0,-0.0,0.0,22,0.25,-0.0
2023-02-09,JNJ/LLY,-0.0110546699365825,-0.0110546699365825,0.0,22,0.25,-0.0027636674841456
2023-02-09,MSFT/ORCL,-0.0,-0.0,0.0,22,0.25,-0.0
2023-02-09,ADI/TXN,-0.0077028345235649,-0.0067028345235649,1.0,22,0.25,-0.0019257086308912
2023-02-09,BJ/COST,-0.0126781151668086,-0.0116781151668086,1.0,22,0.25,-0.0031695287917021
2023-02-10,JNJ/LLY,0.0012638468811202,0.0012638468811202,0.0,22,0.25,0.00031596172028
2023-02-10,MSFT/ORCL,-0.0,-0.0,0.0,22,0.25,-0.0
2023-02-10,ADI/TXN,0.0027413547760291,0.0027413547760291,0.0,22,0.25,0.0006853386940072
2023-02-10,BJ/COST,-0.0024279181000528,-0.0024279181000528,0.0,22,0.25,-0.0006069795250132
2023-02-13,JNJ/LLY,-0.0007577552082778,-0.0007577552082778,0.0,22,0.25,-0.0001894388020694
2023-02-13,MSFT/ORCL,0.0,0.0,0.0,22,0.25,0.0
2023-02-13,ADI/TXN,-0.0018418373943304,-0.0018418373943304,0.0,22,0.25,-0.0004604593485826
2023-02-13,BJ/COST,0.0087696272125608,0.0087696272125608,0.0,22,0.25,0.0021924068031402
2023-02-14,JNJ/LLY,-0.0021936480404707,-0.0021936480404707,0.0,22,0.25,-0.0005484120101176
2023-02-14,MSFT/ORCL,0.0,0.0,0.0,22,0.25,0.0
2023-02-14,ADI/TXN,-0.006187913956563,-0.006187913956563,0.0,22,0.25,-0.0015469784891407
2023-02-14,BJ/COST,-0.0021907410699989,-0.0021907410699989,0.0,22,0.25,-0.0005476852674997
2023-02-15,JNJ/LLY,-0.004173327306018,-0.004173327306018,0.0,22,0.25,-0.0010433318265045
2023-02-15,MSFT/ORCL,-0.0,-0.0,0.0,22,0.25,-0.0
2023-02-15,ADI/TXN,-0.0252210301421599,-0.0252210301421599,0.0,22,0.25,-0.0063052575355399
2023-02-15,BJ/COST,0.0061542842866565,0.0061542842866565,0.0,22,0.25,0.0015385710716641
2023-02-16,JNJ/LLY,0.0008117496962423,0.0008117496962423,0.0,22,0.25,0.0002029374240605
2023-02-16,MSFT/ORCL,-0.0,-0.0,0.0,22,0.25,-0.0
2023-02-16,ADI/TXN,-0.0026737902663768,-0.0026737902663768,0.0,22,0.25,-0.0006684475665942
2023-02-16,BJ/COST,-0.0088066843248407,-0.0088066843248407,0.0,22,0.25,-0.0022016710812101
2023-02-17,JNJ/LLY,0.014319707974406,0.014319707974406,0.0,22,0.25,0.0035799269936015
2023-02-17,MSFT/ORCL,-0.0,-0.0,0.0,22,0.25,-0.0
2023-02-17,ADI/TXN,-3.292856452995682e-05,-3.292856452995682e-05,0.0,22,0.25,-8.232141132489205e-06
2023-02-17,BJ/COST,0.0062069893930601,0.0062069893930601,0.0,22,0.25,0.001551747348265
2023-02-21,JNJ/LLY,-0.0107740966810132,-0.0107740966810132,0.0,22,0.25,-0.0026935241702533
2023-02-21,MSFT/ORCL,-0.0,-0.0,0.0,22,0.25,-0.0
2023-02-21,ADI/TXN,-0.0001796122216112,-0.0001796122216112,0.0,22,0.25,-4.490305540280079e-05
2023-02-21,BJ/COST,-0.0085639576940134,-0.0085639576940134,0.0,22,0.25,-0.0021409894235033
2023-02-22,JNJ/LLY,-0.0021820126440995,-0.0021820126440995,0.0,22,0.25,-0.0005455031610248
2023-02-22,MSFT/ORCL,-0.0,-0.0,0.0,22,0.25,-0.0
2023-02-22,ADI/TXN,0.0017917248510472,0.0017917248510472,0.0,22,0.25,0.0004479312127618
2023-02-22,BJ/COST,-0.0031364380001795,-0.0031364380001795,0.0,22,0.25,-0.0007841095000448
2023-02-23,JNJ/LLY,0.0008594478285548,0.0008594478285548,0.0,22,0.25,0.0002148619571387
2023-02-23,MSFT/ORCL,0.0,0.0,0.0,22,0.25,0.0
2023-02-23,ADI/TXN,0.0025031683054047,0.0025031683054047,0.0,22,0.25,0.0006257920763511
2023-02-23,BJ/COST,-0.0024243724184962,-0.0024243724184962,0.0,22,0.25,-0.000606093104624
2023-02-24,JNJ/LLY,-0.0043491520685228,-0.0043491520685228,0.0,22,0.25,-0.0010872880171307
2023-02-24,MSFT/ORCL,-0.0,-0.0,0.0,22,0.25,-0.0
2023-02-24,ADI/TXN,-0.0047521840187167,-0.0047521840187167,0.0,22,0.25,-0.0011880460046791
2023-02-24,BJ/COST,-0.0061625036292603,-0.0061625036292603,0.0,22,0.25,-0.001540625907315
2023-02-27,JNJ/LLY,0.0019790217243602,0.0019790217243602,0.0,22,0.25,0.00049475543109
2023-02-27,MSFT/ORCL,0.0,0.0,0.0,22,0.25,0.0
2023-02-27,ADI/TXN,0.0049221002806506,0.0049221002806506,0.0,22,0.25,0.0012305250701626
2023-02-27,BJ/COST,-0.0002035421508302,-0.0002035421508302,0.0,22,0.25,-5.088553770756429e-05
2023-02-28,JNJ/LLY,-0.001,-0.0,1.0,22,0.25,-0.00025
2023-02-28,MSFT/ORCL,0.0,0.0,0.0,22,0.25,0.0
2023-02-28,ADI/TXN,0.0017038410361532,0.0017038410361532,0.0,22,0.25,0.0004259602590383
2023-02-28,BJ/COST,0.0006190499197295,0.0006190499197295,0.0,22,0.25,0.0001547624799323
2023-03-01,JNJ/LLY,-0.0,-0.0,0.0,22,0.25,-0.0
2023-03-01,MSFT/ORCL,-0.0,-0.0,0.0,22,0.25,-0.0
2023-03-01,ADI/TXN,0.003251490657144,0.003251490657144,0.0,22,0.25,0.000812872664286
2023-03-01,BJ/COST,-0.0083685021441049,-0.0083685021441049,0.0,22,0.25,-0.0020921255360262
2023-03-02,JNJ/LLY,-0.0,-0.0,0.0,22,0.25,-0.0
2023-03-02,MSFT/ORCL,0.0,0.0,0.0,22,0.25,0.0
2023-03-02,ADI/TXN,0.0029667439363153,0.0029667439363153,0.0,22,0.25,0.0007416859840788
2023-03-02,BJ/COST,0.0010162384389174,0.0010162384389174,0.0,22,0.25,0.0002540596097293
2023-03-03,JNJ/LLY,0.0,0.0,0.0,22,0.25,0.0
2023-03-03,MSFT/ORCL,0.0,0.0,0.0,22,0.25,0.0
2023-03-03,ADI/TXN,0.0014788974038252,0.0014788974038252,0.0,22,0.25,0.0003697243509563
2023-03-03,BJ/COST,-0.0143877601888419,-0.0143877601888419,0.0,22,0.25,-0.0035969400472104
2023-03-06,JNJ/LLY,0.0,0.0,0.0,22,0.25,0.0
2023-03-06,MSFT/ORCL,0.0,0.0,0.0,22,0.25,0.0
2023-03-06,ADI/TXN,-0.0069531960462727,-0.0069531960462727,0.0,22,0.25,-0.0017382990115681
2023-03-06,BJ/COST,0.0143106018901628,0.0143106018901628,0.0,22,0.25,0.0035776504725407
2023-03-07,JNJ/LLY,0.0001413580209828,0.0011413580209828,1.0,22,0.25,3.5339505245707205e-05
2023-03-07,MSFT/ORCL,-0.0,-0.0,0.0,22,0.25,-0.0
2023-03-07,ADI/TXN,-0.0019674877823827,-0.0019674877823827,0.0,22,0.25,-0.0004918719455956
2023-03-07,BJ/COST,0.0016892186028821,0.0016892186028821,0.0,22,0.25,0.0004223046507205
2023-03-08,JNJ/LLY,0.0070561909879352,0.0070561909879352,0.0,22,0.25,0.0017640477469838
2023-03-08,MSFT/ORCL,-0.0,-0.0,0.0,22,0.25,-0.0
2023-03-08,ADI/TXN,0.0101878070541291,0.0101878070541291,0.0,22,0.25,0.0025469517635322
2023-03-08,BJ/COST,-0.0015184341903559,-0.0015184341903559,0.0,22,0.25,-0.0003796085475889
2023-03-09,JNJ/LLY,0.0118392325085484,0.0118392325085484,0.0,22,0.25,0.0029598081271371
2023-03-09,MSFT/ORCL,0.0,0.0,0.0,22,0.25,0.0
2023-03-09,ADI/TXN,-0.001,-0.0,1.0,22,0.25,-0.00025
2023-03-09,BJ/COST,-0.001,-0.0,1.0,22,0.25,-0.00025
2023-03-10,JNJ/LLY,-0.0032200884277058,-0.0032200884277058,0.0,22,0.25,-0.0008050221069264
2023-03-10,MSFT/ORCL,0.0,0.0,0.0,22,0.25,0.0
2023-03-10,ADI/TXN,-0.0,-0.0,0.0,22,0.25,-0.0
2023-03-10,BJ/COST,-0.0,-0.0,0.0,22,0.25,-0.0
2023-03-13,JNJ/LLY,-0.0003681937014477,-0.0003681937014477,0.0,22,0.25,-9.204842536194354e-05
2023-03-13,MSFT/ORCL,0.0,0.0,0.0,22,0.25,0.0
2023-03-13,ADI/TXN,0.0,0.0,0.0,22,0.25,0.0
2023-03-13,BJ/COST,0.0,0.0,0.0,22,0.25,0.0
2023-03-14,JNJ/LLY,-0.0024730623368572,-0.0024730623368572,0.0,22,0.25,-0.0006182655842143
2023-03-14,MSFT/ORCL,0.0,0.0,0.0,22,0.25,0.0
2023-03-14,ADI/TXN,-0.0,-0.0,0.0,22,0.25,-0.0
2023-03-14,BJ/COST,0.0,0.0,0.0,22,0.25,0.0
2023-03-15,JNJ/LLY,-0.000443947040272,-0.000443947040272,0.0,22,0.25,-0.000110986760068
2023-03-15,MSFT/ORCL,0.0,0.0,0.0,22,0.25,0.0
2023-03-15,ADI/TXN,0.0,0.0,0.0,22,0.25,0.0
2023-03-15,BJ/COST,0.0,0.0,0.0,22,0.25,0.0
2023-03-16,JNJ/LLY,0.0016343993692985,0.0016343993692985,0.0,22,0.25,0.0004085998423246
2023-03-16,MSFT/ORCL,0.0,0.0,0.0,22,0.25,0.0
2023-03-16,ADI/TXN,0.0,0.0,0.0,22,0.25,0.0
2023-03-16,BJ/COST,0.0,0.0,0.0,22,0.25,0.0
2023-03-17,JNJ/LLY,0.0079813289483101,0.0079813289483101,0.0,22,0.25,0.0019953322370775
2023-03-17,MSFT/ORCL,-0.0071695357364786,-0.0061695357364786,1.0,22,0.25,-0.0017923839341196
2023-03-17,ADI/TXN,-0.0,-0.0,0.0,22,0.25,-0.0
2023-03-17,BJ/COST,0.0,0.0,0.0,22,0.25,0.0
2023-03-20,JNJ/LLY,-0.0045100674502625,-0.0045100674502625,0.0,22,0.25,-0.0011275168625656
2023-03-20,MSFT/ORCL,0.0238469397299706,0.0238469397299706,0.0,22,0.25,0.0059617349324926
2023-03-20,ADI/TXN,0.0,0.0,0.0,22,0.25,0.0
2023-03-20,BJ/COST,0.0,0.0,0.0,22,0.25,0.0
2023-03-21,JNJ/LLY,-0.0017475427616977,-0.0017475427616977,0.0,22,0.25,-0.0004368856904244
2023-03-21,MSFT/ORCL,-0.001473119533599,-0.001473119533599,0.0,22,0.25,-0.0003682798833997
2023-03-21,ADI/TXN,-0.0,-0.0,0.0,22,0.25,-0.0
2023-03-21,BJ/COST,0.0,0.0,0.0,22,0.25,0.0
2023-03-22,JNJ/LLY,0.0141069154346156,0.0141069154346156,0.0,22,0.25,0.0035267288586539
2023-03-22,MSFT/ORCL,0.0048536607035994,0.0048536607035994,0.0,22,0.25,0.0012134151758998
2023-03-22,ADI/TXN,-0.0,-0.0,0.0,22,0.25,-0.0
2023-03-22,BJ/COST,-0.0,-0.0,0.0,22,0.25,-0.0
2023-03-23,JNJ/LLY,0.0007562686245127,0.0007562686245127,0.0,22,0.25,0.0001890671561281
2023-03-23,MSFT/ORCL,-0.0136882271773837,-0.0136882271773837,0.0,22,0.25,-0.0034220567943459
2023-03-23,ADI/TXN,0.0,0.0,0.0,22,0.25,0.0
2023-03-23,BJ/COST,0.0,0.0,0.0,22,0.25,0.0
2023-03-24,JNJ/LLY,-0.0053286459440919,-0.0053286459440919,0.0,22,0.25,-0.0013321614860229
2023-03-24,MSFT/ORCL,-0.0061656176250264,-0.0061656176250264,0.0,22,0.25,-0.0015414044062566
2023-03-24,ADI/TXN,0.0,0.0,0.0,22,0.25,0.0
2023-03-24,BJ/COST,0.0,0.0,0.0,22,0.25,0.0
2023-03-27,JNJ/LLY,-0.0043259021659328,-0.0043259021659328,0.0,22,0.25,-0.0010814755414832
2023-03-27,MSFT/ORCL,0.0179947684651894,0.0179947684651894,0.0,22,0.25,0.0044986921162973
2023-03-27,ADI/TXN,-0.0,-0.0,0.0,22,0.25,-0.0
2023-03-27,BJ/COST,-0.0,-0.0,0.0,22,0.25,-0.0
2023-03-28,JNJ/LLY,0.0095301308797736,0.0095301308797736,0.0,22,0.25,0.0023825327199434
2023-03-28,MSFT/ORCL,0.00173158728803,0.00173158728803,0.0,22,0.25,0.0004328968220075
2023-03-28,ADI/TXN,0.0,0.0,0.0,22,0.25,0.0
2023-03-28,BJ/COST,-0.0,-0.0,0.0,22,0.25,-0.0
2023-03-29,JNJ/LLY,-0.008769543138274,-0.008769543138274,0.0,22,0.25,-0.0021923857845685
2023-03-29,MSFT/ORCL,-0.0100636578858127,-0.0100636578858127,0.0,22,0.25,-0.0025159144714531
2023-03-29,ADI/TXN,-0.0,-0.0,0.0,22,0.25,-0.0
2023-03-29,BJ/COST,0.0,0.0,0.0,22,0.25,0.0
2023-03-30,JNJ/LLY,0.0027014900703894,0.0027014900703894,0.0,22,0.25,0.0006753725175973
2023-03-30,MSFT/ORCL,-0.0088669700534786,-0.0088669700534786,0.0,22,0.25,-0.0022167425133696
2023-03-30,ADI/TXN,-0.0,-0.0,0.0,22,0.25,-0.0
2023-03-30,BJ/COST,0.0,0.0,0.0,22,0.25,0.0
2023-03-31,JNJ/LLY,-0.0060320200417934,-0.0060320200417934,0.0,22,0.25,-0.0015080050104483
2023-03-31,MSFT/ORCL,-0.0012444647029852,-0.0012444647029852,0.0,22,0.25,-0.0003111161757463
2023-03-31,ADI/TXN,-0.0,-0.0,0.0,22,0.25,-0.0
2023-03-31,BJ/COST,0.0,0.0,0.0,22,0.25,0.0
2023-04-03,JNJ/LLY,-0.001,0.0,1.0,22,0.25,-0.00025
2023-04-03,MSFT/ORCL,0.006043215641652,0.006043215641652,0.0,22,0.25,0.001510803910413
2023-04-03,ADI/TXN,-0.0,-0.0,0.0,22,0.25,-0.0
2023-04-03,BJ/COST,-0.0,-0.0,0.0,22,0.25,-0.0
2023-04-04,JNJ/LLY,0.0,0.0,0.0,22,0.25,0.0
2023-04-04,MSFT/ORCL,0.000398138526141,0.000398138526141,0.0,22,0.25,9.95346315352591e-05
2023-04-04,ADI/TXN,-0.0,-0.0,0.0,22,0.25,-0.0
2023-04-04,BJ/COST,0.0,0.0,0.0,22,0.25,0.0
2023-04-05,JNJ/LLY,0.0,0.0,0.0,22,0.25,0.0
2023-04-05,MSFT/ORCL,0.0097499846733462,0.0097499846733462,0.0,22,0.25,0.0024374961683365
2023-04-05,ADI/TXN,0.0,0.0,0.0,22,0.25,0.0
2023-04-05,BJ/COST,-0.0,-0.0,0.0,22,0.25,-0.0
2023-04-06,MSFT/ORCL,0.0,0.0,0.0,23,0.3333333333333333,0.0
2023-04-06,NXPI/TXN,0.0,0.0,0.0,23,0.3333333333333333,0.0
2023-04-06,EDV/TLT,-0.0,-0.0,0.0,23,0.3333333333333333,-0.0
2023-04-10,MSFT/ORCL,0.0,0.0,0.0,23,0.3333333333333333,0.0
2023-04-10,NXPI/TXN,-0.0,-0.0,0.0,23,0.3333333333333333,-0.0
2023-04-10,EDV/TLT,-0.0,-0.0,0.0,23,0.3333333333333333,-0.0
2023-04-11,MSFT/ORCL,-0.0,-0.0,0.0,23,0.3333333333333333,-0.0
2023-04-11,NXPI/TXN,0.0,0.0,0.0,23,0.3333333333333333,0.0
2023-04-11,EDV/TLT,-0.0,-0.0,0.0,23,0.3333333333333333,-0.0
2023-04-12,MSFT/ORCL,0.0,0.0,0.0,23,0.3333333333333333,0.0
2023-04-12,NXPI/TXN,-0.0,-0.0,0.0,23,0.3333333333333333,-0.0
2023-04-12,EDV/TLT,0.0,0.0,0.0,23,0.3333333333333333,0.0
2023-04-13,MSFT/ORCL,0.0,0.0,0.0,23,0.3333333333333333,0.0
2023-04-13,NXPI/TXN,0.0,0.0,0.0,23,0.3333333333333333,0.0
2023-04-13,EDV/TLT,0.0,0.0,0.0,23,0.3333333333333333,0.0
2023-04-14,MSFT/ORCL,-0.0,-0.0,0.0,23,0.3333333333333333,-0.0
2023-04-14,NXPI/TXN,-0.0,-0.0,0.0,23,0.3333333333333333,-0.0
2023-04-14,EDV/TLT,0.0,0.0,0.0,23,0.3333333333333333,0.0
2023-04-17,MSFT/ORCL,0.0,0.0,0.0,23,0.3333333333333333,0.0
2023-04-17,NXPI/TXN,-0.0,-0.0,0.0,23,0.3333333333333333,-0.0
2023-04-17,EDV/TLT,0.0,0.0,0.0,23,0.3333333333333333,0.0
2023-04-18,MSFT/ORCL,-0.0,-0.0,0.0,23,0.3333333333333333,-0.0
2023-04-18,NXPI/TXN,-0.0,-0.0,0.0,23,0.3333333333333333,-0.0
2023-04-18,EDV/TLT,0.0,0.0,0.0,23,0.3333333333333333,0.0
2023-04-19,MSFT/ORCL,0.0,0.0,0.0,23,0.3333333333333333,0.0
2023-04-19,NXPI/TXN,-0.0,-0.0,0.0,23,0.3333333333333333,-0.0
2023-04-19,EDV/TLT,-0.0,-0.0,0.0,23,0.3333333333333333,-0.0
2023-04-20,MSFT/ORCL,-0.0,-0.0,0.0,23,0.3333333333333333,-0.0
2023-04-20,NXPI/TXN,0.0042243982422811,0.0052243982422811,1.0,23,0.3333333333333333,0.001408132747427
2023-04-20,EDV/TLT,0.0,0.0,0.0,23,0.3333333333333333,0.0
2023-04-21,MSFT/ORCL,-0.0,-0.0,0.0,23,0.3333333333333333,-0.0
2023-04-21,NXPI/TXN,0.0009783082216978,0.0009783082216978,0.0,23,0.3333333333333333,0.0003261027405659
2023-04-21,EDV/TLT,-0.0,-0.0,0.0,23,0.3333333333333333,-0.0
2023-04-24,MSFT/ORCL,-0.0,-0.0,0.0,23,0.3333333333333333,-0.0
2023-04-24,NXPI/TXN,-0.0041172544294567,-0.0041172544294567,0.0,23,0.3333333333333333,-0.0013724181431522
2023-04-24,EDV/TLT,0.0,0.0,0.0,23,0.3333333333333333,0.0
2023-04-25,MSFT/ORCL,-0.0,-0.0,0.0,23,0.3333333333333333,-0.0
2023-04-25,NXPI/TXN,-0.0113396491042996,-0.0113396491042996,0.0,23,0.3333333333333333,-0.0037798830347665
2023-04-25,EDV/TLT,0.0,0.0,0.0,23,0.3333333333333333,0.0
2023-04-26,MSFT/ORCL,0.0,0.0,0.0,23,0.3333333333333333,0.0
2023-04-26,NXPI/TXN,-0.0201670806036998,-0.0201670806036998,0.0,23,0.3333333333333333,-0.0067223602012332
2023-04-26,EDV/TLT,-0.0,-0.0,0.0,23,0.3333333333333333,-0.0
2023-04-27,MSFT/ORCL,-0.0179786625648148,-0.0169786625648148,1.0,23,0.3333333333333333,-0.0059928875216049
2023-04-27,NXPI/TXN,-0.001,0.0,1.0,23,0.3333333333333333,-0.0003333333333333
2023-04-27,EDV/TLT,-0.0,-0.0,0.0,23,0.3333333333333333,-0.0
2023-04-28,MSFT/ORCL,-0.0064612706312441,-0.0064612706312441,0.0,23,0.3333333333333333,-0.0021537568770813
2023-04-28,NXPI/TXN,0.0,0.0,0.0,23,0.3333333333333333,0.0
2023-04-28,EDV/TLT,-0.0,-0.0,0.0,23,0.3333333333333333,-0.0
2023-05-01,MSFT/ORCL,0.004230731352347,0.004230731352347,0.0,23,0.3333333333333333,0.0014102437841156
2023-05-01,NXPI/TXN,-0.0,-0.0,0.0,23,0.3333333333333333,-0.0
2023-05-01,EDV/TLT,0.0,0.0,0.0,23,0.3333333333333333,0.0
2023-05-02,MSFT/ORCL,8.476620524199597e-05,8.476620524199597e-05,0.0,23,0.3333333333333333,2.825540174733199e-05
2023-05-02,NXPI/TXN,-0.0,-0.0,0.0,23,0.3333333333333333,-0.0
2023-05-02,EDV/TLT,0.0,0.0,0.0,23,0.3333333333333333,0.0
2023-05-03,MSFT/ORCL,0.0021418589938694,0.0021418589938694,0.0,23,0.3333333333333333,0.0007139529979564
2023-05-03,NXPI/TXN,0.0052404519506593,0.0062404519506593,1.0,23,0.3333333333333333,0.0017468173168864
2023-05-03,EDV/TLT,-0.0,-0.0,0.0,23,0.3333333333333333,-0.0
2023-05-04,MSFT/ORCL,-0.0015541562613389,-0.0015541562613389,0.0,23,0.3333333333333333,-0.0005180520871129
2023-05-04,NXPI/TXN,0.0042468963586831,0.0042468963586831,0.0,23,0.3333333333333333,0.001415632119561
2023-05-04,EDV/TLT,0.0,0.0,0.0,23,0.3333333333333333,0.0
2023-05-05,MSFT/ORCL,-0.0044859087166543,-0.0044859087166543,0.0,23,0.3333333333333333,-0.0014953029055514
2023-05-05,NXPI/TXN,0.0118232765958706,0.0118232765958706,0.0,23,0.3333333333333333,0.0039410921986235
2023-05-05,EDV/TLT,0.0,0.0,0.0,23,0.3333333333333333,0.0
2023-05-08,MSFT/ORCL,0.0036829728653196,0.0036829728653196,0.0,23,0.3333333333333333,0.0012276576217732
2023-05-08,NXPI/TXN,-0.0088081106611569,-0.0088081106611569,0.0,23,0.3333333333333333,-0.0029360368870523
2023-05-08,EDV/TLT,-0.0,-0.0,0.0,23,0.3333333333333333,-0.0
2023-05-09,MSFT/ORCL,0.0013384138949572,0.0013384138949572,0.0,23,0.3333333333333333,0.0004461379649857
2023-05-09,NXPI/TXN,0.0018219968783905,0.0018219968783905,0.0,23,0.3333333333333333,0.0006073322927968
2023-05-09,EDV/TLT,0.0,0.0,0.0,23,0.3333333333333333,0.0
2023-05-10,MSFT/ORCL,-0.0067821438430706,-0.0067821438430706,0.0,23,0.3333333333333333,-0.0022607146143568
2023-05-10,NXPI/TXN,-5.27882063947554e-05,-5.27882063947554e-05,0.0,23,0.3333333333333333,-1.7596068798251796e-05
2023-05-10,EDV/TLT,0.0,0.0,0.0,23,0.3333333333333333,0.0
2023-05-11,MSFT/ORCL,0.0044281109007836,0.0044281109007836,0.0,23,0.3333333333333333,0.0014760369669278
2023-05-11,NXPI/TXN,-0.0031338159568341,-0.0031338159568341,0.0,23,0.3333333333333333,-0.0010446053189447
2023-05-11,EDV/TLT,-0.0,-0.0,0.0,23,0.3333333333333333,-0.0
2023-05-12,MSFT/ORCL,0.0038527475898035,0.0038527475898035,0.0,23,0.3333333333333333,0.0012842491966011
2023-05-12,NXPI/TXN,6.527975800565658e-05,6.527975800565658e-05,0.0,23,0.3333333333333333,2.175991933521886e-05
2023-05-12,EDV/TLT,0.0,0.0,0.0,23,0.3333333333333333,0.0
2023-05-15,MSFT/ORCL,-0.003062613179694,-0.003062613179694,0.0,23,0.3333333333333333,-0.001020871059898
2023-05-15,NXPI/TXN,0.0055854438664354,0.0055854438664354,0.0,23,0.3333333333333333,0.0018618146221451
2023-05-15,EDV/TLT,0.0,0.0,0.0,23,0.3333333333333333,0.0
2023-05-16,MSFT/ORCL,-0.001535879439148,-0.001535879439148,0.0,23,0.3333333333333333,-0.0005119598130493
2023-05-16,NXPI/TXN,-0.0026827103483877,-0.0026827103483877,0.0,23,0.3333333333333333,-0.0008942367827959
2023-05-16,EDV/TLT,0.0,0.0,0.0,23,0.3333333333333333,0.0
2023-05-17,MSFT/ORCL,-0.0011652348037147,-0.0011652348037147,0.0,23,0.3333333333333333,-0.0003884116012382
2023-05-17,NXPI/TXN,-0.0043774714665668,-0.0043774714665668,0.0,23,0.3333333333333333,-0.0014591571555222
2023-05-17,EDV/TLT,-0.0,-0.0,0.0,23,0.3333333333333333,-0.0
2023-05-18,MSFT/ORCL,-0.0010362811952353,-0.0010362811952353,0.0,23,0.3333333333333333,-0.0003454270650784
2023-05-18,NXPI/TXN,0.0075891861128282,0.0075891861128282,0.0,23,0.3333333333333333,0.002529728704276
2023-05-18,EDV/TLT,0.0,0.0,0.0,23,0.3333333333333333,0.0
2023-05-19,MSFT/ORCL,0.0020039232200075,0.0020039232200075,0.0,23,0.3333333333333333,0.0006679744066691
2023-05-19,NXPI/TXN,0.0025449070725873,0.0025449070725873,0.0,23,0.3333333333333333,0.0008483023575291
2023-05-19,EDV/TLT,0.0,0.0,0.0,23,0.3333333333333333,0.0
2023-05-22,MSFT/ORCL,-0.0094151329910475,-0.0094151329910475,0.0,23,0.3333333333333333,-0.0031383776636825
2023-05-22,NXPI/TXN,-0.0023204200504674,-0.0023204200504674,0.0,23,0.3333333333333333,-0.0007734733501558
2023-05-22,EDV/TLT,0.0,0.0,0.0,23,0.3333333333333333,0.0
2023-05-23,MSFT/ORCL,0.0016994013262229,0.0016994013262229,0.0,23,0.3333333333333333,0.0005664671087409
2023-05-23,NXPI/TXN,0.0006921353027093,0.0006921353027093,0.0,23,0.3333333333333333,0.0002307117675697
2023-05-23,EDV/TLT,-0.0,-0.0,0.0,23,0.3333333333333333,-0.0
2023-05-24,MSFT/ORCL,-0.001,-0.0,1.0,23,0.3333333333333333,-0.0003333333333333
2023-05-24,NXPI/TXN,0.0081542153246679,0.0081542153246679,0.0,23,0.3333333333333333,0.0027180717748893
2023-05-24,EDV/TLT,-0.0,-0.0,0.0,23,0.3333333333333333,-0.0
2023-05-25,MSFT/ORCL,0.0,0.0,0.0,23,0.3333333333333333,0.0
2023-05-25,NXPI/TXN,-0.0011017253016545,-0.0011017253016545,0.0,23,0.3333333333333333,-0.0003672417672181
2023-05-25,EDV/TLT,-0.0,-0.0,0.0,23,0.3333333333333333,-0.0
2023-05-26,MSFT/ORCL,0.0,0.0,0.0,23,0.3333333333333333,0.0
2023-05-26,NXPI/TXN,0.00348712729533,0.00348712729533,0.0,23,0.3333333333333333,0.00116237576511
2023-05-26,EDV/TLT,-0.0,-0.0,0.0,23,0.3333333333333333,-0.0
2023-05-30,MSFT/ORCL,-0.0,-0.0,0.0,23,0.3333333333333333,-0.0
2023-05-30,NXPI/TXN,-0.0008951849393691,-0.0008951849393691,0.0,23,0.3333333333333333,-0.0002983949797897
2023-05-30,EDV/TLT,0.0,0.0,0.0,23,0.3333333333333333,0.0
2023-05-31,MSFT/ORCL,-0.0,-0.0,0.0,23,0.3333333333333333,-0.0
2023-05-31,NXPI/TXN,-0.001,-0.0,1.0,23,0.3333333333333333,-0.0003333333333333
2023-05-31,EDV/TLT,0.0,0.0,0.0,23,0.3333333333333333,0.0
2023-06-01,MSFT/ORCL,0.0,0.0,0.0,23,0.3333333333333333,0.0
2023-06-01,NXPI/TXN,0.0,0.0,0.0,23,0.3333333333333333,0.0
2023-06-01,EDV/TLT,-0.0,-0.0,0.0,23,0.3333333333333333,-0.0
2023-06-02,MSFT/ORCL,0.0,0.0,0.0,23,0.3333333333333333,0.0
2023-06-02,NXPI/TXN,-0.0,-0.0,0.0,23,0.3333333333333333,-0.0
2023-06-02,EDV/TLT,-0.0,-0.0,0.0,23,0.3333333333333333,-0.0
2023-06-05,MSFT/ORCL,-0.0,-0.0,0.0,23,0.3333333333333333,-0.0
2023-06-05,NXPI/TXN,-0.0,-0.0,0.0,23,0.3333333333333333,-0.0
2023-06-05,EDV/TLT,0.0,0.0,0.0,23,0.3333333333333333,0.0
2023-06-06,MSFT/ORCL,-0.0,-0.0,0.0,23,0.3333333333333333,-0.0
2023-06-06,NXPI/TXN,-0.0,-0.0,0.0,23,0.3333333333333333,-0.0
2023-06-06,EDV/TLT,-0.0,-0.0,0.0,23,0.3333333333333333,-0.0
2023-06-07,MSFT/ORCL,-0.0,-0.0,0.0,23,0.3333333333333333,-0.0
2023-06-07,NXPI/TXN,-0.0,-0.0,0.0,23,0.3333333333333333,-0.0
2023-06-07,EDV/TLT,0.0,0.0,0.0,23,0.3333333333333333,0.0
2023-06-08,MSFT/ORCL,-0.0,-0.0,0.0,23,0.3333333333333333,-0.0
2023-06-08,NXPI/TXN,-0.002154639641073,-0.001154639641073,1.0,23,0.3333333333333333,-0.000718213213691
2023-06-08,EDV/TLT,-0.0,-0.0,0.0,23,0.3333333333333333,-0.0
2023-06-09,MSFT/ORCL,-0.0,-0.0,0.0,23,0.3333333333333333,-0.0
2023-06-09,NXPI/TXN,-0.0011829710279074,-0.0011829710279074,0.0,23,0.3333333333333333,-0.0003943236759691
2023-06-09,EDV/TLT,-0.0,-0.0,0.0,23,0.3333333333333333,-0.0
2023-06-12,MSFT/ORCL,-0.0,-0.0,0.0,23,0.3333333333333333,-0.0
2023-06-12,NXPI/TXN,0.0041317646972298,0.0041317646972298,0.0,23,0.3333333333333333,0.0013772548990766
2023-06-12,EDV/TLT,0.0,0.0,0.0,23,0.3333333333333333,0.0
2023-06-13,MSFT/ORCL,0.0,0.0,0.0,23,0.3333333333333333,0.0
2023-06-13,NXPI/TXN,-0.0035937102143283,-0.0035937102143283,0.0,23,0.3333333333333333,-0.0011979034047761
2023-06-13,EDV/TLT,-0.0,-0.0,0.0,23,0.3333333333333333,-0.0
2023-06-14,MSFT/ORCL,-0.0,-0.0,0.0,23,0.3333333333333333,-0.0
2023-06-14,NXPI/TXN,0.0003697116685699,0.0003697116685699,0.0,23,0.3333333333333333,0.0001232372228566
2023-06-14,EDV/TLT,-0.0,-0.0,0.0,23,0.3333333333333333,-0.0
2023-06-15,MSFT/ORCL,0.0,0.0,0.0,23,0.3333333333333333,0.0
2023-06-15,NXPI/TXN,0.0033513614535531,0.0033513614535531,0.0,23,0.3333333333333333,0.0011171204845177
2023-06-15,EDV/TLT,0.0,0.0,0.0,23,0.3333333333333333,0.0
2023-06-16,MSFT/ORCL,-0.0,-0.0,0.0,23,0.3333333333333333,-0.0
2023-06-16,NXPI/TXN,-0.0086666669703177,-0.0086666669703177,0.0,23,0.3333333333333333,-0.0028888889901059
2023-06-16,EDV/TLT,-0.0,-0.0,0.0,23,0.3333333333333333,-0.0
2023-06-20,MSFT/ORCL,0.0,0.0,0.0,23,0.3333333333333333,0.0
2023-06-20,NXPI/TXN,-0.0040463329572495,-0.0040463329572495,0.0,23,0.3333333333333333,-0.0013487776524165
2023-06-20,EDV/TLT,-0.0,-0.0,0.0,23,0.3333333333333333,-0.0
2023-06-21,MSFT/ORCL,-0.0,-0.0,0.0,23,0.3333333333333333,-0.0
2023-06-21,NXPI/TXN,-0.0101129184569474,-0.0101129184569474,0.0,23,0.3333333333333333,-0.0033709728189824
2023-06-21,EDV/TLT,-0.0,-0.0,0.0,23,0.3333333333333333,-0.0
2023-06-22,MSFT/ORCL,0.0,0.0,0.0,23,0.3333333333333333,0.0
2023-06-22,NXPI/TXN,0.0053979218473698,0.0053979218473698,0.0,23,0.3333333333333333,0.0017993072824566
2023-06-22,EDV/TLT,0.0,0.0,0.0,23,0.3333333333333333,0.0
2023-06-23,MSFT/ORCL,-0.0,-0.0,0.0,23,0.3333333333333333,-0.0
2023-06-23,NXPI/TXN,-0.0069728948094349,-0.0069728948094349,0.0,23,0.3333333333333333,-0.0023242982698116
2023-06-23,EDV/TLT,-0.0,-0.0,0.0,23,0.3333333333333333,-0.0
2023-06-26,MSFT/ORCL,-0.0,-0.0,0.0,23,0.3333333333333333,-0.0
2023-06-26,NXPI/TXN,-0.0027588239640697,-0.0027588239640697,0.0,23,0.3333333333333333,-0.0009196079880232
2023-06-26,EDV/TLT,0.0,0.0,0.0,23,0.3333333333333333,0.0
2023-06-27,MSFT/ORCL,0.0,0.0,0.0,23,0.3333333333333333,0.0
2023-06-27,NXPI/TXN,0.0129877103699805,0.0129877103699805,0.0,23,0.3333333333333333,0.0043292367899935
2023-06-27,EDV/TLT,4.883216759192315e-05,0.0010488321675919,1.0,23,0.3333333333333333,1.6277389197307717e-05
2023-06-28,MSFT/ORCL,0.0,0.0,0.0,23,0.3333333333333333,0.0
2023-06-28,NXPI/TXN,0.0001918251090326,0.0001918251090326,0.0,23,0.3333333333333333,6.394170301088344e-05
2023-06-28,EDV/TLT,-0.000600231559104,-0.000600231559104,0.0,23,0.3333333333333333,-0.000200077186368
2023-06-29,MSFT/ORCL,-0.0,-0.0,0.0,23,0.3333333333333333,-0.0
2023-06-29,NXPI/TXN,0.0025459901041785,0.0025459901041785,0.0,23,0.3333333333333333,0.0008486633680595
2023-06-29,EDV/TLT,0.0004523748257035,0.0004523748257035,0.0,23,0.3333333333333333,0.0001507916085678
2023-06-30,MSFT/ORCL,0.0,0.0,0.0,23,0.3333333333333333,0.0
2023-06-30,NXPI/TXN,0.0025347600069102,0.0025347600069102,0.0,23,0.3333333333333333,0.0008449200023034
2023-06-30,EDV/TLT,0.0005065958461603,0.0005065958461603,0.0,23,0.3333333333333333,0.0001688652820534
2023-07-03,MSFT/ORCL,0.0,0.0,0.0,23,0.3333333333333333,0.0
2023-07-03,NXPI/TXN,-0.0053099147660154,-0.0053099147660154,0.0,23,0.3333333333333333,-0.0017699715886718
2023-07-03,EDV/TLT,0.0004719724454973,0.0004719724454973,0.0,23,0.3333333333333333,0.0001573241484991
2023-07-05,MSFT/ORCL,0.0,0.0,0.0,23,0.3333333333333333,0.0
2023-07-05,NXPI/TXN,-0.0052397331340883,-0.0052397331340883,0.0,23,0.3333333333333333,-0.0017465777113627
2023-07-05,EDV/TLT,-0.000998395059272,-0.000998395059272,0.0,23,0.3333333333333333,-0.0003327983530906
2023-07-06,MSFT/ORCL,0.0,0.0,0.0,23,0.3333333333333333,0.0
2023-07-06,NXPI/TXN,-0.007394242992273,-0.007394242992273,0.0,23,0.3333333333333333,-0.002464747664091
2023-07-06,EDV/TLT,0.0001361022679094,0.0001361022679094,0.0,23,0.3333333333333333,4.536742263647618e-05
2023-07-07,MSFT/ORCL,-0.0,-0.0,0.0,23,0.3333333333333333,-0.0
2023-07-07,NXPI/TXN,-0.001,-0.0,1.0,23,0.3333333333333333,-0.0003333333333333
2023-07-07,EDV/TLT,-0.0008536251558607,-0.0008536251558607,0.0,23,0.3333333333333333,-0.0002845417186202
2023-07-10,ABBV/JNJ,0.0,0.0,0.0,24,0.5,0.0
2023-07-10,EDV/TLT,0.0,0.0,0.0,24,0.5,0.0
2023-07-11,ABBV/JNJ,-0.0,-0.0,0.0,24,0.5,-0.0
2023-07-11,EDV/TLT,-8.469731178857272e-05,0.0009153026882114,1.0,24,0.5,-4.234865589428636e-05
2023-07-12,ABBV/JNJ,-0.0,-0.0,0.0,24,0.5,-0.0
2023-07-12,EDV/TLT,-0.0001504786763509,-0.0001504786763509,0.0,24,0.5,-7.523933817549976e-05
2023-07-13,ABBV/JNJ,0.0,0.0,0.0,24,0.5,0.0
2023-07-13,EDV/TLT,-0.0008897730597631,-0.0008897730597631,0.0,24,0.5,-0.0004448865298815
2023-07-14,ABBV/JNJ,-0.0,-0.0,0.0,24,0.5,-0.0
2023-07-14,EDV/TLT,0.0005619177480868,0.0005619177480868,0.0,24,0.5,0.0002809588740434
2023-07-17,ABBV/JNJ,-0.0,-0.0,0.0,24,0.5,-0.0
2023-07-17,EDV/TLT,-0.0003799453469083,-0.0003799453469083,0.0,24,0.5,-0.0001899726734541
2023-07-18,ABBV/JNJ,-0.0,-0.0,0.0,24,0.5,-0.0
2023-07-18,EDV/TLT,0.0003649631396178,0.0003649631396178,0.0,24,0.5,0.0001824815698089
2023-07-19,ABBV/JNJ,-0.0,-0.0,0.0,24,0.5,-0.0
2023-07-19,EDV/TLT,0.0011289829533551,0.0011289829533551,0.0,24,0.5,0.0005644914766775
2023-07-20,ABBV/JNJ,0.0,0.0,0.0,24,0.5,0.0
2023-07-20,EDV/TLT,-0.0005845899602947,-0.0005845899602947,0.0,24,0.5,-0.0002922949801473
2023-07-21,ABBV/JNJ,-0.0053786164819536,-0.0043786164819536,1.0,24,0.5,-0.0026893082409768
2023-07-21,EDV/TLT,0.0005145589717131,0.0005145589717131,0.0,24,0.5,0.0002572794858565
2023-07-24,ABBV/JNJ,-0.0048323673502989,-0.0048323673502989,0.0,24,0.5,-0.0024161836751494
2023-07-24,EDV/TLT,4.379686842433993e-05,4.379686842433993e-05,0.0,24,0.5,2.189843421216997e-05
2023-07-25,ABBV/JNJ,-0.0086067919224026,-0.0086067919224026,0.0,24,0.5,-0.0043033959612013
2023-07-25,EDV/TLT,-0.0010513680109423,-0.0010513680109423,0.0,24,0.5,-0.0005256840054711
2023-07-26,ABBV/JNJ,-0.000765248613518,-0.000765248613518,0.0,24,0.5,-0.000382624306759
2023-07-26,EDV/TLT,-0.0004979370530518,-0.0004979370530518,0.0,24,0.5,-0.0002489685265259
2023-07-27,ABBV/JNJ,0.0108423019691729,0.0108423019691729,0.0,24,0.5,0.0054211509845864
2023-07-27,EDV/TLT,0.0002003734025691,0.0002003734025691,0.0,24,0.5,0.0001001867012845
2023-07-28,ABBV/JNJ,0.0008640095307856,0.0008640095307856,0.0,24,0.5,0.0004320047653928
2023-07-28,EDV/TLT,-0.0003252977151513,-0.0003252977151513,0.0,24,0.5,-0.0001626488575756
2023-07-31,ABBV/JNJ,0.0253329685403234,0.0253329685403234,0.0,24,0.5,0.0126664842701617
2023-07-31,EDV/TLT,-5.241371296951652e-05,-5.241371296951652e-05,0.0,24,0.5,-2.6206856484758254e-05
2023-08-01,ABBV/JNJ,-0.0077710262285589,-0.0077710262285589,0.0,24,0.5,-0.0038855131142794
2023-08-01,EDV/TLT,-0.0014608316732344,-0.0014608316732344,0.0,24,0.5,-0.0007304158366172
2023-08-02,ABBV/JNJ,-0.0025654796011956,-0.0025654796011956,0.0,24,0.5,-0.0012827398005978
2023-08-02,EDV/TLT,-0.0007233821894469,-0.0007233821894469,0.0,24,0.5,-0.0003616910947234
2023-08-03,ABBV/JNJ,-0.0036767630352424,-0.0036767630352424,0.0,24,0.5,-0.0018383815176212
2023-08-03,EDV/TLT,-0.0012143446110367,-0.0012143446110367,0.0,24,0.5,-0.0006071723055183
2023-08-04,ABBV/JNJ,0.0039622414917816,0.0039622414917816,0.0,24,0.5,0.0019811207458908
2023-08-04,EDV/TLT,-5.792363188686543e-07,-5.792363188686543e-07,0.0,24,0.5,-2.896181594343272e-07
2023-08-07,ABBV/JNJ,-0.0116630147940287,-0.0116630147940287,0.0,24,0.5,-0.0058315073970143
2023-08-07,EDV/TLT,-0.001,0.0,1.0,24,0.5,-0.0005
2023-08-08,ABBV/JNJ,-0.0017309378293028,-0.0017309378293028,0.0,24,0.5,-0.0008654689146514
2023-08-08,EDV/TLT,-0.0,-0.0,0.0,24,0.5,-0.0
2023-08-09,ABBV/JNJ,0.0027380269167984,0.0027380269167984,0.0,24,0.5,0.0013690134583992
2023-08-09,EDV/TLT,-0.0,-0.0,0.0,24,0.5,-0.0
2023-08-10,ABBV/JNJ,0.0049744489410617,0.0049744489410617,0.0,24,0.5,0.0024872244705308
2023-08-10,EDV/TLT,0.0,0.0,0.0,24,0.5,0.0
2023-08-11,ABBV/JNJ,-0.0053925929858109,-0.0053925929858109,0.0,24,0.5,-0.0026962964929054
2023-08-11,EDV/TLT,0.0,0.0,0.0,24,0.5,0.0
2023-08-14,ABBV/JNJ,0.001831199949746,0.001831199949746,0.0,24,0.5,0.000915599974873
2023-08-14,EDV/TLT,-0.0,-0.0,0.0,24,0.5,-0.0
2023-08-15,ABBV/JNJ,0.001728669611608,0.001728669611608,0.0,24,0.5,0.000864334805804
2023-08-15,EDV/TLT,0.0,0.0,0.0,24,0.5,0.0
2023-08-16,ABBV/JNJ,0.001114465673429,0.001114465673429,0.0,24,0.5,0.0005572328367145
2023-08-16,EDV/TLT,0.0,0.0,0.0,24,0.5,0.0
2023-08-17,ABBV/JNJ,-0.001,0.0,1.0,24,0.5,-0.0005
2023-08-17,EDV/TLT,0.0,0.0,0.0,24,0.5,0.0
2023-08-18,ABBV/JNJ,-0.0,-0.0,0.0,24,0.5,-0.0
2023-08-18,EDV/TLT,0.0,0.0,0.0,24,0.5,0.0
2023-08-21,ABBV/JNJ,-0.0,-0.0,0.0,24,0.5,-0.0
2023-08-21,EDV/TLT,0.0,0.0,0.0,24,0.5,0.0
2023-08-22,ABBV/JNJ,-0.0027834539673445,-0.0017834539673445,1.0,24,0.5,-0.0013917269836722
2023-08-22,EDV/TLT,-0.0,-0.0,0.0,24,0.5,-0.0
2023-08-23,ABBV/JNJ,-0.0039837945070442,-0.0039837945070442,0.0,24,0.5,-0.0019918972535221
2023-08-23,EDV/TLT,-0.0,-0.0,0.0,24,0.5,-0.0
2023-08-24,ABBV/JNJ,0.0033015047046801,0.0033015047046801,0.0,24,0.5,0.00165075235234
2023-08-24,EDV/TLT,-0.0012629798391757,-0.0002629798391757,1.0,24,0.5,-0.0006314899195878
2023-08-25,ABBV/JNJ,0.009959262100115,0.009959262100115,0.0,24,0.5,0.0049796310500575
2023-08-25,EDV/TLT,-0.0001271739237745,-0.0001271739237745,0.0,24,0.5,-6.358696188726721e-05
2023-08-28,ABBV/JNJ,-0.0097853894488813,-0.0097853894488813,0.0,24,0.5,-0.0048926947244406
2023-08-28,EDV/TLT,0.0002432015713896,0.0002432015713896,0.0,24,0.5,0.0001216007856948
2023-08-29,ABBV/JNJ,-0.0002365642818905,-0.0002365642818905,0.0,24,0.5,-0.0001182821409452
2023-08-29,EDV/TLT,-0.0001366756667322,-0.0001366756667322,0.0,24,0.5,-6.833783336611236e-05
2023-08-30,ABBV/JNJ,-0.0039499581204309,-0.0039499581204309,0.0,24,0.5,-0.0019749790602154
2023-08-30,EDV/TLT,3.970425372346207e-05,3.970425372346207e-05,0.0,24,0.5,1.985212686173104e-05
2023-08-31,ABBV/JNJ,-0.0060960039378377,-0.0060960039378377,0.0,24,0.5,-0.0030480019689188
2023-08-31,EDV/TLT,-0.000267266933057,-0.000267266933057,0.0,24,0.5,-0.0001336334665285
2023-09-01,ABBV/JNJ,-0.0077224231668949,-0.0077224231668949,0.0,24,0.5,-0.0038612115834474
2023-09-01,EDV/TLT,0.0008822679119789,0.0008822679119789,0.0,24,0.5,0.0004411339559894
2023-09-05,ABBV/JNJ,0.0050573821008931,0.0050573821008931,0.0,24,0.5,0.0025286910504465
2023-09-05,EDV/TLT,0.0012751150508743,0.0012751150508743,0.0,24,0.5,0.0006375575254371
2023-09-06,ABBV/JNJ,-0.0107289092410288,-0.0107289092410288,0.0,24,0.5,-0.0053644546205144
2023-09-06,EDV/TLT,-0.0007304471291319,-0.0007304471291319,0.0,24,0.5,-0.0003652235645659
2023-09-07,ABBV/JNJ,0.0023447977727251,0.0023447977727251,0.0,24,0.5,0.0011723988863625
2023-09-07,EDV/TLT,0.000442678646376,0.000442678646376,0.0,24,0.5,0.000221339323188
2023-09-08,ABBV/JNJ,0.0021211496344126,0.0021211496344126,0.0,24,0.5,0.0010605748172063
2023-09-08,EDV/TLT,-0.0006472349701543,-0.0006472349701543,0.0,24,0.5,-0.0003236174850771
2023-09-11,ABBV/JNJ,0.0091963735219819,0.0091963735219819,0.0,24,0.5,0.0045981867609909
2023-09-11,EDV/TLT,0.0007630783967131,0.0007630783967131,0.0,24,0.5,0.0003815391983565
2023-09-12,ABBV/JNJ,0.0035362191143226,0.0035362191143226,0.0,24,0.5,0.0017681095571613
2023-09-12,EDV/TLT,-0.0003964938771584,-0.0003964938771584,0.0,24,0.5,-0.0001982469385792
2023-09-13,ABBV/JNJ,-0.0019690371631215,-0.0019690371631215,0.0,24,0.5,-0.0009845185815607
2023-09-13,EDV/TLT,0.0004592639749009,0.0004592639749009,0.0,24,0.5,0.0002296319874504
2023-09-14,ABBV/JNJ,-0.0059201796712029,-0.0059201796712029,0.0,24,0.5,-0.0029600898356014
2023-09-14,EDV/TLT,0.0001976724921771,0.0001976724921771,0.0,24,0.5,9.883624608855954e-05
2023-09-15,ABBV/JNJ,-0.0069439571889646,-0.0069439571889646,0.0,24,0.5,-0.0034719785944823
2023-09-15,EDV/TLT,-1.08071817843946e-05,-1.08071817843946e-05,0.0,24,0.5,-5.4035908921973e-06
2023-09-18,ABBV/JNJ,0.0009384567008056,0.0009384567008056,0.0,24,0.5,0.0004692283504028
2023-09-18,EDV/TLT,-0.0001754642666636,-0.0001754642666636,0.0,24,0.5,-8.773213333181162e-05
2023-09-19,ABBV/JNJ,-0.001,-0.0,1.0,24,0.5,-0.0005
2023-09-19,EDV/TLT,0.0002068395312584,0.0002068395312584,0.0,24,0.5,0.0001034197656292
2023-09-20,ABBV/JNJ,0.0,0.0,0.0,24,0.5,0.0
2023-09-20,EDV/TLT,-0.0003809506364492,-0.0003809506364492,0.0,24,0.5,-0.0001904753182246
2023-09-21,ABBV/JNJ,-0.0,-0.0,0.0,24,0.5,-0.0
2023-09-21,EDV/TLT,-0.001,0.0,1.0,24,0.5,-0.0005
2023-09-22,ABBV/JNJ,-0.0,-0.0,0.0,24,0.5,-0.0
2023-09-22,EDV/TLT,-0.0012221943162139,-0.0002221943162139,1.0,24,0.5,-0.0006110971581069
2023-09-25,ABBV/JNJ,-0.0,-0.0,0.0,24,0.5,-0.0
2023-09-25,EDV/TLT,-0.0021532660385481,-0.0021532660385481,0.0,24,0.5,-0.001076633019274
2023-09-26,ABBV/JNJ,-0.0,-0.0,0.0,24,0.5,-0.0
2023-09-26,EDV/TLT,-0.0010016928489808,-0.0010016928489808,0.0,24,0.5,-0.0005008464244904
2023-09-27,ABBV/JNJ,-0.0,-0.0,0.0,24,0.5,-0.0
2023-09-27,EDV/TLT,0.000433261179731,0.000433261179731,0.0,24,0.5,0.0002166305898655
2023-09-28,ABBV/JNJ,0.0,0.0,0.0,24,0.5,0.0
2023-09-28,EDV/TLT,-0.0003118893590612,-0.0003118893590612,0.0,24,0.5,-0.0001559446795306
2023-09-29,ABBV/JNJ,0.0,0.0,0.0,24,0.5,0.0
2023-09-29,EDV/TLT,0.0003158189895485,0.0003158189895485,0.0,24,0.5,0.0001579094947742
2023-10-02,ABBV/JNJ,-0.0,-0.0,0.0,24,0.5,-0.0
2023-10-02,EDV/TLT,-0.0008079723223246,-0.0008079723223246,0.0,24,0.5,-0.0004039861611623
2023-10-03,ABBV/JNJ,0.0,0.0,0.0,24,0.5,0.0
2023-10-03,EDV/TLT,-0.0026012741399429,-0.0026012741399429,0.0,24,0.5,-0.0013006370699714
2023-10-04,ABBV/JNJ,0.0,0.0,0.0,24,0.5,0.0
2023-10-04,EDV/TLT,0.0010834432660819,0.0010834432660819,0.0,24,0.5,0.0005417216330409
2023-10-05,ABBV/JNJ,0.0,0.0,0.0,24,0.5,0.0
2023-10-05,EDV/TLT,-0.0013770854070141,-0.0013770854070141,0.0,24,0.5,-0.000688542703507
2023-10-06,MS/STT,0.0,0.0,0.0,25,0.3333333333333333,0.0
2023-10-06,IEMG/VWO,0.0,0.0,0.0,25,0.3333333333333333,0.0
2023-10-06,ADBE/NOW,0.0,0.0,0.0,25,0.3333333333333333,0.0
2023-10-09,MS/STT,-0.0,-0.0,0.0,25,0.3333333333333333,-0.0
2023-10-09,IEMG/VWO,-0.0,-0.0,0.0,25,0.3333333333333333,-0.0
2023-10-09,ADBE/NOW,0.0,0.0,0.0,25,0.3333333333333333,0.0
2023-10-10,MS/STT,-0.0,-0.0,0.0,25,0.3333333333333333,-0.0
2023-10-10,IEMG/VWO,0.0,0.0,0.0,25,0.3333333333333333,0.0
2023-10-10,ADBE/NOW,0.0,0.0,0.0,25,0.3333333333333333,0.0
2023-10-11,MS/STT,-0.0,-0.0,0.0,25,0.3333333333333333,-0.0
2023-10-11,IEMG/VWO,-0.0,-0.0,0.0,25,0.3333333333333333,-0.0
2023-10-11,ADBE/NOW,0.0,0.0,0.0,25,0.3333333333333333,0.0
2023-10-12,MS/STT,-0.0,-0.0,0.0,25,0.3333333333333333,-0.0
2023-10-12,IEMG/VWO,-0.0,-0.0,0.0,25,0.3333333333333333,-0.0
2023-10-12,ADBE/NOW,-0.0102994581746843,-0.0092994581746843,1.0,25,0.3333333333333333,-0.0034331527248947
2023-10-13,MS/STT,-0.0,-0.0,0.0,25,0.3333333333333333,-0.0
2023-10-13,IEMG/VWO,0.0,0.0,0.0,25,0.3333333333333333,0.0
2023-10-13,ADBE/NOW,0.0036561559203129,0.0036561559203129,0.0,25,0.3333333333333333,0.0012187186401043
2023-10-16,MS/STT,0.0,0.0,0.0,25,0.3333333333333333,0.0
2023-10-16,IEMG/VWO,-0.0,-0.0,0.0,25,0.3333333333333333,-0.0
2023-10-16,ADBE/NOW,-0.000632939649102,-0.000632939649102,0.0,25,0.3333333333333333,-0.000210979883034
2023-10-17,MS/STT,0.0,0.0,0.0,25,0.3333333333333333,0.0
2023-10-17,IEMG/VWO,-0.0,-0.0,0.0,25,0.3333333333333333,-0.0
2023-10-17,ADBE/NOW,0.0026889783698553,0.0026889783698553,0.0,25,0.3333333333333333,0.0008963261232851
2023-10-18,MS/STT,-0.0,-0.0,0.0,25,0.3333333333333333,-0.0
2023-10-18,IEMG/VWO,-0.0012879916262449,-0.0002879916262449,1.0,25,0.3333333333333333,-0.0004293305420816
2023-10-18,ADBE/NOW,-0.0106376170777374,-0.0106376170777374,0.0,25,0.3333333333333333,-0.0035458723592458
2023-10-19,MS/STT,-0.0,-0.0,0.0,25,0.3333333333333333,-0.0
2023-10-19,IEMG/VWO,0.000453229792931,0.000453229792931,0.0,25,0.3333333333333333,0.0001510765976436
2023-10-19,ADBE/NOW,0.0092361152496563,0.0092361152496563,0.0,25,0.3333333333333333,0.0030787050832187
2023-10-20,MS/STT,0.0090234490152295,0.0100234490152295,1.0,25,0.3333333333333333,0.0030078163384098
2023-10-20,IEMG/VWO,0.0002097563126152,0.0002097563126152,0.0,25,0.3333333333333333,6.991877087175412e-05
2023-10-20,ADBE/NOW,0.0026426695737699,0.0026426695737699,0.0,25,0.3333333333333333,0.0008808898579233
2023-10-23,MS/STT,-0.0090726653037981,-0.0090726653037981,0.0,25,0.3333333333333333,-0.0030242217679327
2023-10-23,IEMG/VWO,-0.0007547065054,-0.0007547065054,0.0,25,0.3333333333333333,-0.0002515688351333
2023-10-23,ADBE/NOW,-0.0002676005109291,-0.0002676005109291,0.0,25,0.3333333333333333,-8.92001703097097e-05
2023-10-24,MS/STT,-0.0040045253338838,-0.0040045253338838,0.0,25,0.3333333333333333,-0.0013348417779612
2023-10-24,IEMG/VWO,3.202750687038793e-05,3.202750687038793e-05,0.0,25,0.3333333333333333,1.0675835623462642e-05
2023-10-24,ADBE/NOW,0.0108773693727993,0.0108773693727993,0.0,25,0.3333333333333333,0.0036257897909331
2023-10-25,MS/STT,0.0025863452905425,0.0025863452905425,0.0,25,0.3333333333333333,0.0008621150968475
2023-10-25,IEMG/VWO,0.0008682592858535,0.0008682592858535,0.0,25,0.3333333333333333,0.0002894197619511
2023-10-25,ADBE/NOW,0.0019456166828205,0.0019456166828205,0.0,25,0.3333333333333333,0.0006485388942735
2023-10-26,MS/STT,0.0023912516319395,0.0023912516319395,0.0,25,0.3333333333333333,0.0007970838773131
2023-10-26,IEMG/VWO,0.0007858945102344,0.0007858945102344,0.0,25,0.3333333333333333,0.0002619648367448
2023-10-26,ADBE/NOW,0.0239272713569571,0.0239272713569571,0.0,25,0.3333333333333333,0.0079757571189857
2023-10-27,MS/STT,-0.0051657569304402,-0.0051657569304402,0.0,25,0.3333333333333333,-0.0017219189768134
2023-10-27,IEMG/VWO,0.0009683924388588,0.0009683924388588,0.0,25,0.3333333333333333,0.0003227974796196
2023-10-27,ADBE/NOW,0.0093324774391411,0.0093324774391411,0.0,25,0.3333333333333333,0.003110825813047
2023-10-30,MS/STT,0.0041189754519486,0.0041189754519486,0.0,25,0.3333333333333333,0.0013729918173162
2023-10-30,IEMG/VWO,-0.0007873061312376,-0.0007873061312376,0.0,25,0.3333333333333333,-0.0002624353770792
2023-10-30,ADBE/NOW,-0.0110838458291346,-0.0110838458291346,0.0,25,0.3333333333333333,-0.0036946152763782
2023-10-31,MS/STT,-0.0021492793509944,-0.0021492793509944,0.0,25,0.3333333333333333,-0.0007164264503314
2023-10-31,IEMG/VWO,0.0007827794626714,0.0007827794626714,0.0,25,0.3333333333333333,0.0002609264875571
2023-10-31,ADBE/NOW,0.0038588797307657,0.0038588797307657,0.0,25,0.3333333333333333,0.0012862932435885
2023-11-01,MS/STT,0.0005607507084559,0.0005607507084559,0.0,25,0.3333333333333333,0.0001869169028186
2023-11-01,IEMG/VWO,-0.0012957067023167,-0.0012957067023167,0.0,25,0.3333333333333333,-0.0004319022341055
2023-11-01,ADBE/NOW,-0.0056348605016238,-0.0056348605016238,0.0,25,0.3333333333333333,-0.0018782868338746
2023-11-02,MS/STT,0.0118349489674424,0.0118349489674424,0.0,25,0.3333333333333333,0.0039449829891474
2023-11-02,IEMG/VWO,-0.0008197827801688,-0.0008197827801688,0.0,25,0.3333333333333333,-0.0002732609267229
2023-11-02,ADBE/NOW,-0.0113139859308707,-0.0113139859308707,0.0,25,0.3333333333333333,-0.0037713286436235
2023-11-03,MS/STT,0.018491899940685,0.018491899940685,0.0,25,0.3333333333333333,0.006163966646895
2023-11-03,IEMG/VWO,-0.0002495522997064,-0.0002495522997064,0.0,25,0.3333333333333333,-8.318409990216435e-05
2023-11-03,ADBE/NOW,-0.0002113630033967,-0.0002113630033967,0.0,25,0.3333333333333333,-7.045433446558825e-05
2023-11-06,MS/STT,6.31421373197494e-05,6.31421373197494e-05,0.0,25,0.3333333333333333,2.104737910658313e-05
2023-11-06,IEMG/VWO,-0.0029389963567444,-0.0029389963567444,0.0,25,0.3333333333333333,-0.0009796654522481
2023-11-06,ADBE/NOW,-0.0001865714804371,-0.0001865714804371,0.0,25,0.3333333333333333,-6.219049347905181e-05
2023-11-07,MS/STT,0.0002633151311098,0.0002633151311098,0.0,25,0.3333333333333333,8.77717103699365e-05
2023-11-07,IEMG/VWO,0.0012387403824788,0.0012387403824788,0.0,25,0.3333333333333333,0.0004129134608262
2023-11-07,ADBE/NOW,-0.017431997027532,-0.017431997027532,0.0,25,0.3333333333333333,-0.005810665675844
2023-11-08,MS/STT,0.0037549102784556,0.0037549102784556,0.0,25,0.3333333333333333,0.0012516367594852
2023-11-08,IEMG/VWO,0.0010218862356715,0.0010218862356715,0.0,25,0.3333333333333333,0.0003406287452238
2023-11-08,ADBE/NOW,-0.001,-0.0,1.0,25,0.3333333333333333,-0.0003333333333333
2023-11-09,MS/STT,-0.0146311878869038,-0.0146311878869038,0.0,25,0.3333333333333333,-0.0048770626289679
2023-11-09,IEMG/VWO,5.966691641111709e-05,5.966691641111709e-05,0.0,25,0.3333333333333333,1.988897213703903e-05
2023-11-09,ADBE/NOW,-0.0,-0.0,0.0,25,0.3333333333333333,-0.0
2023-11-10,MS/STT,0.0038069853197359,0.0038069853197359,0.0,25,0.3333333333333333,0.0012689951065786
2023-11-10,IEMG/VWO,0.0001278235878308,0.0001278235878308,0.0,25,0.3333333333333333,4.260786261029647e-05
2023-11-10,ADBE/NOW,0.0,0.0,0.0,25,0.3333333333333333,0.0
2023-11-13,MS/STT,0.0005332866431928,0.0005332866431928,0.0,25,0.3333333333333333,0.0001777622143976
2023-11-13,IEMG/VWO,0.0007022299803376,0.0007022299803376,0.0,25,0.3333333333333333,0.0002340766601125
2023-11-13,ADBE/NOW,-0.0,-0.0,0.0,25,0.3333333333333333,-0.0
2023-11-14,MS/STT,0.0173346134032067,0.0173346134032067,0.0,25,0.3333333333333333,0.0057782044677355
2023-11-14,IEMG/VWO,-0.001,-0.0,1.0,25,0.3333333333333333,-0.0003333333333333
2023-11-14,ADBE/NOW,0.0,0.0,0.0,25,0.3333333333333333,0.0
2023-11-15,MS/STT,0.0068649939488894,0.0068649939488894,0.0,25,0.3333333333333333,0.0022883313162964
2023-11-15,IEMG/VWO,-0.0,-0.0,0.0,25,0.3333333333333333,-0.0
2023-11-15,ADBE/NOW,-0.0,-0.0,0.0,25,0.3333333333333333,-0.0
2023-11-16,MS/STT,-0.001,0.0,1.0,25,0.3333333333333333,-0.0003333333333333
2023-11-16,IEMG/VWO,-0.0,-0.0,0.0,25,0.3333333333333333,-0.0
2023-11-16,ADBE/NOW,0.0,0.0,0.0,25,0.3333333333333333,0.0
2023-11-17,MS/STT,0.0,0.0,0.0,25,0.3333333333333333,0.0
2023-11-17,IEMG/VWO,0.0,0.0,0.0,25,0.3333333333333333,0.0
2023-11-17,ADBE/NOW,-0.0,-0.0,0.0,25,0.3333333333333333,-0.0
2023-11-20,MS/STT,-0.0,-0.0,0.0,25,0.3333333333333333,-0.0
2023-11-20,IEMG/VWO,-0.0,-0.0,0.0,25,0.3333333333333333,-0.0
2023-11-20,ADBE/NOW,0.0,0.0,0.0,25,0.3333333333333333,0.0
2023-11-21,MS/STT,-0.0,-0.0,0.0,25,0.3333333333333333,-0.0
2023-11-21,IEMG/VWO,-0.0,-0.0,0.0,25,0.3333333333333333,-0.0
2023-11-21,ADBE/NOW,-0.0,-0.0,0.0,25,0.3333333333333333,-0.0
2023-11-22,MS/STT,-0.0,-0.0,0.0,25,0.3333333333333333,-0.0
2023-11-22,IEMG/VWO,-0.0,-0.0,0.0,25,0.3333333333333333,-0.0
2023-11-22,ADBE/NOW,0.0,0.0,0.0,25,0.3333333333333333,0.0
2023-11-24,MS/STT,-0.0,-0.0,0.0,25,0.3333333333333333,-0.0
2023-11-24,IEMG/VWO,0.0,0.0,0.0,25,0.3333333333333333,0.0
2023-11-24,ADBE/NOW,-0.0,-0.0,0.0,25,0.3333333333333333,-0.0
2023-11-27,MS/STT,-0.0,-0.0,0.0,25,0.3333333333333333,-0.0
2023-11-27,IEMG/VWO,-0.0,-0.0,0.0,25,0.3333333333333333,-0.0
2023-11-27,ADBE/NOW,0.0,0.0,0.0,25,0.3333333333333333,0.0
2023-11-28,MS/STT,-0.0,-0.0,0.0,25,0.3333333333333333,-0.0
2023-11-28,IEMG/VWO,0.0,0.0,0.0,25,0.3333333333333333,0.0
2023-11-28,ADBE/NOW,0.0,0.0,0.0,25,0.3333333333333333,0.0
2023-11-29,MS/STT,0.0,0.0,0.0,25,0.3333333333333333,0.0
2023-11-29,IEMG/VWO,-0.0,-0.0,0.0,25,0.3333333333333333,-0.0
2023-11-29,ADBE/NOW,-0.0,-0.0,0.0,25,0.3333333333333333,-0.0
2023-11-30,MS/STT,0.0,0.0,0.0,25,0.3333333333333333,0.0
2023-11-30,IEMG/VWO,0.0,0.0,0.0,25,0.3333333333333333,0.0
2023-11-30,ADBE/NOW,-0.0,-0.0,0.0,25,0.3333333333333333,-0.0
2023-12-01,MS/STT,0.0,0.0,0.0,25,0.3333333333333333,0.0
2023-12-01,IEMG/VWO,-0.0,-0.0,0.0,25,0.3333333333333333,-0.0
2023-12-01,ADBE/NOW,-0.0,-0.0,0.0,25,0.3333333333333333,-0.0
2023-12-04,MS/STT,0.0,0.0,0.0,25,0.3333333333333333,0.0
2023-12-04,IEMG/VWO,0.0,0.0,0.0,25,0.3333333333333333,0.0
2023-12-04,ADBE/NOW,-0.0,-0.0,0.0,25,0.3333333333333333,-0.0
2023-12-05,MS/STT,-0.0,-0.0,0.0,25,0.3333333333333333,-0.0
2023-12-05,IEMG/VWO,0.0,0.0,0.0,25,0.3333333333333333,0.0
2023-12-05,ADBE/NOW,-0.0,-0.0,0.0,25,0.3333333333333333,-0.0
2023-12-06,MS/STT,0.0,0.0,0.0,25,0.3333333333333333,0.0
2023-12-06,IEMG/VWO,0.0,0.0,0.0,25,0.3333333333333333,0.0
2023-12-06,ADBE/NOW,-0.0,-0.0,0.0,25,0.3333333333333333,-0.0
2023-12-07,MS/STT,-0.0,-0.0,0.0,25,0.3333333333333333,-0.0
2023-12-07,IEMG/VWO,-0.0,-0.0,0.0,25,0.3333333333333333,-0.0
2023-12-07,ADBE/NOW,0.0,0.0,0.0,25,0.3333333333333333,0.0
2023-12-08,MS/STT,0.0,0.0,0.0,25,0.3333333333333333,0.0
2023-12-08,IEMG/VWO,-0.0,-0.0,0.0,25,0.3333333333333333,-0.0
2023-12-08,ADBE/NOW,-0.0,-0.0,0.0,25,0.3333333333333333,-0.0
2023-12-11,MS/STT,0.0,0.0,0.0,25,0.3333333333333333,0.0
2023-12-11,IEMG/VWO,-0.0,-0.0,0.0,25,0.3333333333333333,-0.0
2023-12-11,ADBE/NOW,0.0,0.0,0.0,25,0.3333333333333333,0.0
2023-12-12,MS/STT,0.0,0.0,0.0,25,0.3333333333333333,0.0
2023-12-12,IEMG/VWO,-0.0,-0.0,0.0,25,0.3333333333333333,-0.0
2023-12-12,ADBE/NOW,0.0,0.0,0.0,25,0.3333333333333333,0.0
2023-12-13,MS/STT,0.0,0.0,0.0,25,0.3333333333333333,0.0
2023-12-13,IEMG/VWO,-0.0,-0.0,0.0,25,0.3333333333333333,-0.0
2023-12-13,ADBE/NOW,-0.0,-0.0,0.0,25,0.3333333333333333,-0.0
2023-12-14,MS/STT,0.0,0.0,0.0,25,0.3333333333333333,0.0
2023-12-14,IEMG/VWO,0.0,0.0,0.0,25,0.3333333333333333,0.0
2023-12-14,ADBE/NOW,-0.0,-0.0,0.0,25,0.3333333333333333,-0.0
2023-12-15,MS/STT,-0.0091045976649482,-0.0081045976649482,1.0,25,0.3333333333333333,-0.003034865888316
2023-12-15,IEMG/VWO,-0.0,-0.0,0.0,25,0.3333333333333333,-0.0
2023-12-15,ADBE/NOW,-0.0,-0.0,0.0,25,0.3333333333333333,-0.0
2023-12-18,MS/STT,0.0034244804333012,0.0034244804333012,0.0,25,0.3333333333333333,0.001141493477767
2023-12-18,IEMG/VWO,0.0,0.0,0.0,25,0.3333333333333333,0.0
2023-12-18,ADBE/NOW,0.0103813131350135,0.0113813131350135,1.0,25,0.3333333333333333,0.0034604377116711
2023-12-19,MS/STT,-0.0055286982041797,-0.0055286982041797,0.0,25,0.3333333333333333,-0.0018428994013932
2023-12-19,IEMG/VWO,-0.0,-0.0,0.0,25,0.3333333333333333,-0.0
2023-12-19,ADBE/NOW,0.0031115183103463,0.0031115183103463,0.0,25,0.3333333333333333,0.0010371727701154
2023-12-20,MS/STT,-0.0027163173140242,-0.0027163173140242,0.0,25,0.3333333333333333,-0.0009054391046747
2023-12-20,IEMG/VWO,-0.0,-0.0,0.0,25,0.3333333333333333,-0.0
2023-12-20,ADBE/NOW,-0.0003342734653059,-0.0003342734653059,0.0,25,0.3333333333333333,-0.0001114244884353
2023-12-21,MS/STT,-0.0053230234246917,-0.0053230234246917,0.0,25,0.3333333333333333,-0.0017743411415639
2023-12-21,IEMG/VWO,-0.000532664819856,0.0004673351801439,1.0,25,0.3333333333333333,-0.000177554939952
2023-12-21,ADBE/NOW,-6.45398388262778e-05,-6.45398388262778e-05,0.0,25,0.3333333333333333,-2.1513279608759268e-05
2023-12-22,MS/STT,0.002360522095041,0.002360522095041,0.0,25,0.3333333333333333,0.000786840698347
2023-12-22,IEMG/VWO,0.0002031458155381,0.0002031458155381,0.0,25,0.3333333333333333,6.771527184605948e-05
2023-12-22,ADBE/NOW,0.0005076038867055,0.0005076038867055,0.0,25,0.3333333333333333,0.0001692012955685
2023-12-26,MS/STT,-0.0002567358706811,-0.0002567358706811,0.0,25,0.3333333333333333,-8.557862356036976e-05
2023-12-26,IEMG/VWO,-0.0004654970755215,-0.0004654970755215,0.0,25,0.3333333333333333,-0.0001551656918405
2023-12-26,ADBE/NOW,-0.0026434174371993,-0.0026434174371993,0.0,25,0.3333333333333333,-0.0008811391457331
2023-12-27,MS/STT,-0.0042305955551134,-0.0042305955551134,0.0,25,0.3333333333333333,-0.0014101985183711
2023-12-27,IEMG/VWO,-0.0004700046221398,-0.0004700046221398,0.0,25,0.3333333333333333,-0.0001566682073799
2023-12-27,ADBE/NOW,-0.0036291657570397,-0.0036291657570397,0.0,25,0.3333333333333333,-0.0012097219190132
2023-12-28,MS/STT,0.0023385377759315,0.0023385377759315,0.0,25,0.3333333333333333,0.0007795125919771
2023-12-28,IEMG/VWO,-8.697256411812359e-05,-8.697256411812359e-05,0.0,25,0.3333333333333333,-2.8990854706041197e-05
2023-12-28,ADBE/NOW,0.0002005681409977,0.0002005681409977,0.0,25,0.3333333333333333,6.685604699925972e-05
2023-12-29,MS/STT,0.0012433485473144,0.0012433485473144,0.0,25,0.3333333333333333,0.0004144495157714
2023-12-29,IEMG/VWO,0.000885083589728,0.000885083589728,0.0,25,0.3333333333333333,0.0002950278632426
2023-12-29,ADBE/NOW,-0.0012744846672971,-0.0012744846672971,0.0,25,0.3333333333333333,-0.0004248282224323
2024-01-02,MS/STT,-0.0028721835663356,-0.0028721835663356,0.0,25,0.3333333333333333,-0.0009573945221118
2024-01-02,IEMG/VWO,0.0001378481426105,0.0001378481426105,0.0,25,0.3333333333333333,4.594938087017954e-05
2024-01-02,ADBE/NOW,-0.0054020634447311,-0.0054020634447311,0.0,25,0.3333333333333333,-0.0018006878149103
2024-01-03,MS/STT,0.0108680995411378,0.0108680995411378,0.0,25,0.3333333333333333,0.0036226998470459
2024-01-03,IEMG/VWO,0.0008447720534743,0.0008447720534743,0.0,25,0.3333333333333333,0.0002815906844914
2024-01-03,ADBE/NOW,-0.0011789725883505,-0.0011789725883505,0.0,25,0.3333333333333333,-0.0003929908627835
2024-01-04,MS/STT,-0.0012176710593387,-0.0012176710593387,0.0,25,0.3333333333333333,-0.0004058903531129
2024-01-04,IEMG/VWO,0.000496929266269,0.000496929266269,0.0,25,0.3333333333333333,0.0001656430887563
2024-01-04,ADBE/NOW,-0.002828850583863,-0.002828850583863,0.0,25,0.3333333333333333,-0.000942950194621
2024-01-05,MS/STT,-0.0032119871874465,-0.0032119871874465,0.0,25,0.3333333333333333,-0.0010706623958155
2024-01-05,IEMG/VWO,-0.0003292016157615,-0.0003292016157615,0.0,25,0.3333333333333333,-0.0001097338719205
2024-01-05,ADBE/NOW,-0.0051635669669012,-0.0051635669669012,0.0,25,0.3333333333333333,-0.001721188988967
2024-01-08,MS/STT,0.0,0.0,0.0,26,0.3333333333333333,0.0
2024-01-08,CRM/NOW,0.0,0.0,0.0,26,0.3333333333333333,0.0
2024-01-08,GOVT/IEI,-0.0,-0.0,0.0,26,0.3333333333333333,-0.0
2024-01-09,MS/STT,-0.0,-0.0,0.0,26,0.3333333333333333,-0.0
2024-01-09,CRM/NOW,-0.0,-0.0,0.0,26,0.3333333333333333,-0.0
2024-01-09,GOVT/IEI,0.0,0.0,0.0,26,0.3333333333333333,0.0
2024-01-10,MS/STT,-0.0,-0.0,0.0,26,0.3333333333333333,-0.0
2024-01-10,CRM/NOW,-0.0,-0.0,0.0,26,0.3333333333333333,-0.0
2024-01-10,GOVT/IEI,0.0,0.0,0.0,26,0.3333333333333333,0.0
2024-01-11,MS/STT,-0.0,-0.0,0.0,26,0.3333333333333333,-0.0
2024-01-11,CRM/NOW,0.0,0.0,0.0,26,0.3333333333333333,0.0
2024-01-11,GOVT/IEI,-0.0,-0.0,0.0,26,0.3333333333333333,-0.0
2024-01-12,MS/STT,-0.0,-0.0,0.0,26,0.3333333333333333,-0.0
2024-01-12,CRM/NOW,-0.0,-0.0,0.0,26,0.3333333333333333,-0.0
2024-01-12,GOVT/IEI,0.0,0.0,0.0,26,0.3333333333333333,0.0
2024-01-16,MS/STT,-0.0,-0.0,0.0,26,0.3333333333333333,-0.0
2024-01-16,CRM/NOW,-0.0,-0.0,0.0,26,0.3333333333333333,-0.0
2024-01-16,GOVT/IEI,0.0,0.0,0.0,26,0.3333333333333333,0.0
2024-01-17,MS/STT,-0.0064110955541357,-0.0054110955541357,1.0,26,0.3333333333333333,-0.0021370318513785
2024-01-17,CRM/NOW,0.0,0.0,0.0,26,0.3333333333333333,0.0
2024-01-17,GOVT/IEI,-0.0,-0.0,0.0,26,0.3333333333333333,-0.0
2024-01-18,MS/STT,-0.0018418027466607,-0.0018418027466607,0.0,26,0.3333333333333333,-0.0006139342488869
2024-01-18,CRM/NOW,-0.0,-0.0,0.0,26,0.3333333333333333,-0.0
2024-01-18,GOVT/IEI,0.0,0.0,0.0,26,0.3333333333333333,0.0
2024-01-19,MS/STT,0.0028317514244467,0.0028317514244467,0.0,26,0.3333333333333333,0.0009439171414822
2024-01-19,CRM/NOW,0.0,0.0,0.0,26,0.3333333333333333,0.0
2024-01-19,GOVT/IEI,-0.0,-0.0,0.0,26,0.3333333333333333,-0.0
2024-01-22,MS/STT,0.0105407801320958,0.0105407801320958,0.0,26,0.3333333333333333,0.0035135933773652
2024-01-22,CRM/NOW,-0.0,-0.0,0.0,26,0.3333333333333333,-0.0
2024-01-22,GOVT/IEI,-0.0,-0.0,0.0,26,0.3333333333333333,-0.0
2024-01-23,MS/STT,0.0091689402243833,0.0091689402243833,0.0,26,0.3333333333333333,0.0030563134081277
2024-01-23,CRM/NOW,-0.0,-0.0,0.0,26,0.3333333333333333,-0.0
2024-01-23,GOVT/IEI,0.0,0.0,0.0,26,0.3333333333333333,0.0
2024-01-24,MS/STT,0.0065229767210049,0.0065229767210049,0.0,26,0.3333333333333333,0.0021743255736683
2024-01-24,CRM/NOW,-0.0,-0.0,0.0,26,0.3333333333333333,-0.0
2024-01-24,GOVT/IEI,0.0,0.0,0.0,26,0.3333333333333333,0.0
2024-01-25,MS/STT,-0.0010944610647957,-0.0010944610647957,0.0,26,0.3333333333333333,-0.0003648203549319
2024-01-25,CRM/NOW,0.0,0.0,0.0,26,0.3333333333333333,0.0
2024-01-25,GOVT/IEI,-0.0,-0.0,0.0,26,0.3333333333333333,-0.0
2024-01-26,MS/STT,-0.0042255599886518,-0.0042255599886518,0.0,26,0.3333333333333333,-0.0014085199962172
2024-01-26,CRM/NOW,0.0,0.0,0.0,26,0.3333333333333333,0.0
2024-01-26,GOVT/IEI,-0.0,-0.0,0.0,26,0.3333333333333333,-0.0
2024-01-29,MS/STT,0.000578719970099,0.000578719970099,0.0,26,0.3333333333333333,0.0001929066566996
2024-01-29,CRM/NOW,0.0,0.0,0.0,26,0.3333333333333333,0.0
2024-01-29,GOVT/IEI,-0.0,-0.0,0.0,26,0.3333333333333333,-0.0
2024-01-30,MS/STT,0.0060425350269049,0.0060425350269049,0.0,26,0.3333333333333333,0.0020141783423016
2024-01-30,CRM/NOW,0.0,0.0,0.0,26,0.3333333333333333,0.0
2024-01-30,GOVT/IEI,-0.0,-0.0,0.0,26,0.3333333333333333,-0.0
2024-01-31,MS/STT,0.0022576599191503,0.0022576599191503,0.0,26,0.3333333333333333,0.0007525533063834
2024-01-31,CRM/NOW,-0.0,-0.0,0.0,26,0.3333333333333333,-0.0
2024-01-31,GOVT/IEI,-0.0010089982125873,-8.998212587392967e-06,1.0,26,0.3333333333333333,-0.0003363327375291
2024-02-01,MS/STT,0.0001858989205753,0.0001858989205753,0.0,26,0.3333333333333333,6.196630685844261e-05
2024-02-01,CRM/NOW,0.0,0.0,0.0,26,0.3333333333333333,0.0
2024-02-01,GOVT/IEI,-0.001611661806041,-0.001611661806041,0.0,26,0.3333333333333333,-0.0005372206020136
2024-02-02,MS/STT,0.002289459461014,0.002289459461014,0.0,26,0.3333333333333333,0.0007631531536713
2024-02-02,CRM/NOW,-0.0,-0.0,0.0,26,0.3333333333333333,-0.0
2024-02-02,GOVT/IEI,0.0009831913000134,0.0009831913000134,0.0,26,0.3333333333333333,0.0003277304333378
2024-02-05,MS/STT,-0.0053832177036067,-0.0053832177036067,0.0,26,0.3333333333333333,-0.0017944059012022
2024-02-05,CRM/NOW,0.0,0.0,0.0,26,0.3333333333333333,0.0
2024-02-05,GOVT/IEI,0.0011519841785422,0.0011519841785422,0.0,26,0.3333333333333333,0.0003839947261807
2024-02-06,MS/STT,0.0021450828205624,0.0021450828205624,0.0,26,0.3333333333333333,0.0007150276068541
2024-02-06,CRM/NOW,-0.0,-0.0,0.0,26,0.3333333333333333,-0.0
2024-02-06,GOVT/IEI,-0.0005285059695256,-0.0005285059695256,0.0,26,0.3333333333333333,-0.0001761686565085
2024-02-07,MS/STT,-0.003754461428326,-0.003754461428326,0.0,26,0.3333333333333333,-0.0012514871427753
2024-02-07,CRM/NOW,-0.0,-0.0,0.0,26,0.3333333333333333,-0.0
2024-02-07,GOVT/IEI,0.0003676927504238,0.0003676927504238,0.0,26,0.3333333333333333,0.0001225642501412
2024-02-08,MS/STT,0.00079057114293,0.00079057114293,0.0,26,0.3333333333333333,0.00026352371431
2024-02-08,CRM/NOW,0.0,0.0,0.0,26,0.3333333333333333,0.0
2024-02-08,GOVT/IEI,0.0002632418351103,0.0002632418351103,0.0,26,0.3333333333333333,8.774727837010464e-05
2024-02-09,MS/STT,-0.0006130667720771,-0.0006130667720771,0.0,26,0.3333333333333333,-0.0002043555906923
2024-02-09,CRM/NOW,-0.0,-0.0,0.0,26,0.3333333333333333,-0.0
2024-02-09,GOVT/IEI,-4.409890744028783e-05,-4.409890744028783e-05,0.0,26,0.3333333333333333,-1.4699635813429276e-05
2024-02-12,MS/STT,0.0031396010043754,0.0031396010043754,0.0,26,0.3333333333333333,0.0010465336681251
2024-02-12,CRM/NOW,0.0,0.0,0.0,26,0.3333333333333333,0.0
2024-02-12,GOVT/IEI,-8.089600811947942e-05,-8.089600811947942e-05,0.0,26,0.3333333333333333,-2.6965336039826472e-05
2024-02-13,MS/STT,-0.001,-0.0,1.0,26,0.3333333333333333,-0.0003333333333333
2024-02-13,CRM/NOW,-0.0,-0.0,0.0,26,0.3333333333333333,-0.0
2024-02-13,GOVT/IEI,0.0004948914511783,0.0004948914511783,0.0,26,0.3333333333333333,0.0001649638170594
2024-02-14,MS/STT,-0.0,-0.0,0.0,26,0.3333333333333333,-0.0
2024-02-14,CRM/NOW,0.0,0.0,0.0,26,0.3333333333333333,0.0
2024-02-14,GOVT/IEI,9.1888385922791e-05,9.1888385922791e-05,0.0,26,0.3333333333333333,3.062946197426366e-05
2024-02-15,MS/STT,0.0,0.0,0.0,26,0.3333333333333333,0.0
2024-02-15,CRM/NOW,0.0,0.0,0.0,26,0.3333333333333333,0.0
2024-02-15,GOVT/IEI,-0.0003076741471125,-0.0003076741471125,0.0,26,0.3333333333333333,-0.0001025580490375
2024-02-16,MS/STT,0.0,0.0,0.0,26,0.3333333333333333,0.0
2024-02-16,CRM/NOW,-0.0043584202044568,-0.0033584202044568,1.0,26,0.3333333333333333,-0.0014528067348189
2024-02-16,GOVT/IEI,0.0001367441653954,0.0001367441653954,0.0,26,0.3333333333333333,4.558138846516333e-05
2024-02-20,MS/STT,-0.0,-0.0,0.0,26,0.3333333333333333,-0.0
2024-02-20,CRM/NOW,0.0002954096955042,0.0002954096955042,0.0,26,0.3333333333333333,9.846989850142082e-05
2024-02-20,GOVT/IEI,0.0001925919109696,0.0001925919109696,0.0,26,0.3333333333333333,6.419730365656007e-05
2024-02-21,MS/STT,-0.0,-0.0,0.0,26,0.3333333333333333,-0.0
2024-02-21,CRM/NOW,0.0031982220915056,0.0031982220915056,0.0,26,0.3333333333333333,0.0010660740305018
2024-02-21,GOVT/IEI,5.671313373796502e-05,5.671313373796502e-05,0.0,26,0.3333333333333333,1.8904377912655007e-05
2024-02-22,MS/STT,0.0,0.0,0.0,26,0.3333333333333333,0.0
2024-02-22,CRM/NOW,-0.0094166332104388,-0.0094166332104388,0.0,26,0.3333333333333333,-0.0031388777368129
2024-02-22,GOVT/IEI,-0.0002514730527585,-0.0002514730527585,0.0,26,0.3333333333333333,-8.382435091952888e-05
2024-02-23,MS/STT,-0.0,-0.0,0.0,26,0.3333333333333333,-0.0
2024-02-23,CRM/NOW,0.002646121043821,0.002646121043821,0.0,26,0.3333333333333333,0.0008820403479403
2024-02-23,GOVT/IEI,-0.0009121870218326,-0.0009121870218326,0.0,26,0.3333333333333333,-0.0003040623406108
2024-02-26,MS/STT,-0.0,-0.0,0.0,26,0.3333333333333333,-0.0
2024-02-26,CRM/NOW,-0.010682398835281,-0.010682398835281,0.0,26,0.3333333333333333,-0.0035607996117603
2024-02-26,GOVT/IEI,0.0002247776664831,0.0002247776664831,0.0,26,0.3333333333333333,7.492588882772222e-05
2024-02-27,MS/STT,-0.0,-0.0,0.0,26,0.3333333333333333,-0.0
2024-02-27,CRM/NOW,-0.0048441654457523,-0.0048441654457523,0.0,26,0.3333333333333333,-0.0016147218152507
2024-02-27,GOVT/IEI,0.0005382201033385,0.0005382201033385,0.0,26,0.3333333333333333,0.0001794067011128
2024-02-28,MS/STT,0.0,0.0,0.0,26,0.3333333333333333,0.0
2024-02-28,CRM/NOW,-0.0044683418541288,-0.0044683418541288,0.0,26,0.3333333333333333,-0.0014894472847096
2024-02-28,GOVT/IEI,-0.001,-0.0,1.0,26,0.3333333333333333,-0.0003333333333333
2024-02-29,MS/STT,-0.0,-0.0,0.0,26,0.3333333333333333,-0.0
2024-02-29,CRM/NOW,-0.0115168165514317,-0.0115168165514317,0.0,26,0.3333333333333333,-0.0038389388504772
2024-02-29,GOVT/IEI,-0.0,-0.0,0.0,26,0.3333333333333333,-0.0
2024-03-01,MS/STT,0.0,0.0,0.0,26,0.3333333333333333,0.0
2024-03-01,CRM/NOW,-0.0141148203170957,-0.0141148203170957,0.0,26,0.3333333333333333,-0.0047049401056985
2024-03-01,GOVT/IEI,-0.0,-0.0,0.0,26,0.3333333333333333,-0.0
2024-03-04,MS/STT,0.0,0.0,0.0,26,0.3333333333333333,0.0
2024-03-04,CRM/NOW,0.0054607395903127,0.0054607395903127,0.0,26,0.3333333333333333,0.0018202465301042
2024-03-04,GOVT/IEI,0.0,0.0,0.0,26,0.3333333333333333,0.0
2024-03-05,MS/STT,-0.0,-0.0,0.0,26,0.3333333333333333,-0.0
2024-03-05,CRM/NOW,0.0104224601435375,0.0104224601435375,0.0,26,0.3333333333333333,0.0034741533811791
2024-03-05,GOVT/IEI,-0.0,-0.0,0.0,26,0.3333333333333333,-0.0
2024-03-06,MS/STT,-0.0,-0.0,0.0,26,0.3333333333333333,-0.0
2024-03-06,CRM/NOW,-0.0093391415147476,-0.0093391415147476,0.0,26,0.3333333333333333,-0.0031130471715825
2024-03-06,GOVT/IEI,-0.0,-0.0,0.0,26,0.3333333333333333,-0.0
2024-03-07,MS/STT,0.0,0.0,0.0,26,0.3333333333333333,0.0
2024-03-07,CRM/NOW,0.0177020981277292,0.0177020981277292,0.0,26,0.3333333333333333,0.0059006993759097
2024-03-07,GOVT/IEI,0.0,0.0,0.0,26,0.3333333333333333,0.0
2024-03-08,MS/STT,0.0,0.0,0.0,26,0.3333333333333333,0.0
2024-03-08,CRM/NOW,-0.0111445715624941,-0.0111445715624941,0.0,26,0.3333333333333333,-0.003714857187498
2024-03-08,GOVT/IEI,0.0,0.0,0.0,26,0.3333333333333333,0.0
2024-03-11,MS/STT,-0.0,-0.0,0.0,26,0.3333333333333333,-0.0
2024-03-11,CRM/NOW,-0.0018963259670815,-0.0018963259670815,0.0,26,0.3333333333333333,-0.0006321086556938
2024-03-11,GOVT/IEI,-0.0,-0.0,0.0,26,0.3333333333333333,-0.0
2024-03-12,MS/STT,0.0,0.0,0.0,26,0.3333333333333333,0.0
2024-03-12,CRM/NOW,0.016748856149662,0.016748856149662,0.0,26,0.3333333333333333,0.0055829520498873
2024-03-12,GOVT/IEI,0.0,0.0,0.0,26,0.3333333333333333,0.0
2024-03-13,MS/STT,0.0,0.0,0.0,26,0.3333333333333333,0.0
2024-03-13,CRM/NOW,-0.0036713043589681,-0.0036713043589681,0.0,26,0.3333333333333333,-0.001223768119656
2024-03-13,GOVT/IEI,-0.0,-0.0,0.0,26,0.3333333333333333,-0.0
2024-03-14,MS/STT,0.0,0.0,0.0,26,0.3333333333333333,0.0
2024-03-14,CRM/NOW,0.0040084240620577,0.0040084240620577,0.0,26,0.3333333333333333,0.0013361413540192
2024-03-14,GOVT/IEI,0.0,0.0,0.0,26,0.3333333333333333,0.0
2024-03-15,MS/STT,-0.0,-0.0,0.0,26,0.3333333333333333,-0.0
2024-03-15,CRM/NOW,-0.001,0.0,1.0,26,0.3333333333333333,-0.0003333333333333
2024-03-15,GOVT/IEI,-0.0,-0.0,0.0,26,0.3333333333333333,-0.0
2024-03-18,MS/STT,-0.0,-0.0,0.0,26,0.3333333333333333,-0.0
2024-03-18,CRM/NOW,0.0,0.0,0.0,26,0.3333333333333333,0.0
2024-03-18,GOVT/IEI,0.0,0.0,0.0,26,0.3333333333333333,0.0
2024-03-19,MS/STT,0.0,0.0,0.0,26,0.3333333333333333,0.0
2024-03-19,CRM/NOW,0.0,0.0,0.0,26,0.3333333333333333,0.0
2024-03-19,GOVT/IEI,0.0,0.0,0.0,26,0.3333333333333333,0.0
2024-03-20,MS/STT,0.0,0.0,0.0,26,0.3333333333333333,0.0
2024-03-20,CRM/NOW,0.0,0.0,0.0,26,0.3333333333333333,0.0
2024-03-20,GOVT/IEI,-0.0,-0.0,0.0,26,0.3333333333333333,-0.0
2024-03-21,MS/STT,0.0,0.0,0.0,26,0.3333333333333333,0.0
2024-03-21,CRM/NOW,0.0,0.0,0.0,26,0.3333333333333333,0.0
2024-03-21,GOVT/IEI,0.0,0.0,0.0,26,0.3333333333333333,0.0
2024-03-22,MS/STT,-0.0,-0.0,0.0,26,0.3333333333333333,-0.0
2024-03-22,CRM/NOW,-0.0,-0.0,0.0,26,0.3333333333333333,-0.0
2024-03-22,GOVT/IEI,-0.0,-0.0,0.0,26,0.3333333333333333,-0.0
2024-03-25,MS/STT,-0.0,-0.0,0.0,26,0.3333333333333333,-0.0
2024-03-25,CRM/NOW,-0.0,-0.0,0.0,26,0.3333333333333333,-0.0
2024-03-25,GOVT/IEI,0.0,0.0,0.0,26,0.3333333333333333,0.0
2024-03-26,MS/STT,-0.0,-0.0,0.0,26,0.3333333333333333,-0.0
2024-03-26,CRM/NOW,-0.0,-0.0,0.0,26,0.3333333333333333,-0.0
2024-03-26,GOVT/IEI,-0.0,-0.0,0.0,26,0.3333333333333333,-0.0
2024-03-27,MS/STT,0.0,0.0,0.0,26,0.3333333333333333,0.0
2024-03-27,CRM/NOW,0.0,0.0,0.0,26,0.3333333333333333,0.0
2024-03-27,GOVT/IEI,-0.0,-0.0,0.0,26,0.3333333333333333,-0.0
2024-03-28,MS/STT,-0.0,-0.0,0.0,26,0.3333333333333333,-0.0
2024-03-28,CRM/NOW,-0.0,-0.0,0.0,26,0.3333333333333333,-0.0
2024-03-28,GOVT/IEI,-0.0,-0.0,0.0,26,0.3333333333333333,-0.0
2024-04-01,MS/STT,-0.0,-0.0,0.0,26,0.3333333333333333,-0.0
2024-04-01,CRM/NOW,-0.0,-0.0,0.0,26,0.3333333333333333,-0.0
2024-04-01,GOVT/IEI,0.0012657175247775,0.0022657175247775,1.0,26,0.3333333333333333,0.0004219058415925
2024-04-02,MS/STT,-0.0,-0.0,0.0,26,0.3333333333333333,-0.0
2024-04-02,CRM/NOW,0.0,0.0,0.0,26,0.3333333333333333,0.0
2024-04-02,GOVT/IEI,0.0005612569880548,0.0005612569880548,0.0,26,0.3333333333333333,0.0001870856626849
2024-04-03,MS/STT,0.0,0.0,0.0,26,0.3333333333333333,0.0
2024-04-03,CRM/NOW,0.0,0.0,0.0,26,0.3333333333333333,0.0
2024-04-03,GOVT/IEI,0.0001498225163772,0.0001498225163772,0.0,26,0.3333333333333333,4.994083879241309e-05
2024-04-04,MS/STT,0.0,0.0,0.0,26,0.3333333333333333,0.0
2024-04-04,CRM/NOW,-0.0,-0.0,0.0,26,0.3333333333333333,-0.0
2024-04-04,GOVT/IEI,-0.000552700026135,-0.000552700026135,0.0,26,0.3333333333333333,-0.000184233342045
2024-04-05,MS/STT,0.0,0.0,0.0,26,0.3333333333333333,0.0
2024-04-05,CRM/NOW,0.0,0.0,0.0,26,0.3333333333333333,0.0
2024-04-05,GOVT/IEI,0.0005400128945887,0.0005400128945887,0.0,26,0.3333333333333333,0.0001800042981962
2024-04-08,MS/STT,0.0,0.0,0.0,26,0.3333333333333333,0.0
2024-04-08,CRM/NOW,-0.0,-0.0,0.0,26,0.3333333333333333,-0.0
2024-04-08,GOVT/IEI,-0.0001966466304764,-0.0001966466304764,0.0,26,0.3333333333333333,-6.554887682546711e-05
2024-04-09,MS/STT,0.0,0.0,0.0,27,0.25,0.0
2024-04-09,META/MSFT,0.0,0.0,0.0,27,0.25,0.0
2024-04-09,ADBE/NOW,0.0,0.0,0.0,27,0.25,0.0
2024-04-09,CNC/CVS,-0.0,-0.0,0.0,27,0.25,-0.0
2024-04-10,MS/STT,-0.0,-0.0,0.0,27,0.25,-0.0
2024-04-10,META/MSFT,-0.0,-0.0,0.0,27,0.25,-0.0
2024-04-10,ADBE/NOW,0.0,0.0,0.0,27,0.25,0.0
2024-04-10,CNC/CVS,-0.0,-0.0,0.0,27,0.25,-0.0
2024-04-11,MS/STT,-0.0,-0.0,0.0,27,0.25,-0.0
2024-04-11,META/MSFT,0.0,0.0,0.0,27,0.25,0.0
2024-04-11,ADBE/NOW,-0.0,-0.0,0.0,27,0.25,-0.0
2024-04-11,CNC/CVS,-0.0112247741300673,-0.0102247741300673,1.0,27,0.25,-0.0028061935325168
2024-04-12,MS/STT,-0.0153156602290483,-0.0143156602290483,1.0,27,0.25,-0.003828915057262
2024-04-12,META/MSFT,-0.0,-0.0,0.0,27,0.25,-0.0
2024-04-12,ADBE/NOW,-0.0,-0.0,0.0,27,0.25,-0.0
2024-04-12,CNC/CVS,-0.0061235458228343,-0.0061235458228343,0.0,27,0.25,-0.0015308864557085
2024-04-15,MS/STT,0.0100195152749001,0.0100195152749001,0.0,27,0.25,0.002504878818725
2024-04-15,META/MSFT,-0.0,-0.0,0.0,27,0.25,-0.0
2024-04-15,ADBE/NOW,0.0,0.0,0.0,27,0.25,0.0
2024-04-15,CNC/CVS,-0.0064463223695662,-0.0064463223695662,0.0,27,0.25,-0.0016115805923915
2024-04-16,MS/STT,0.0250105363345965,0.0250105363345965,0.0,27,0.25,0.0062526340836491
2024-04-16,META/MSFT,0.0,0.0,0.0,27,0.25,0.0
2024-04-16,ADBE/NOW,0.0,0.0,0.0,27,0.25,0.0
2024-04-16,CNC/CVS,0.0028050293420652,0.0028050293420652,0.0,27,0.25,0.0007012573355163
2024-04-17,MS/STT,0.007623175678596,0.007623175678596,0.0,27,0.25,0.001905793919649
2024-04-17,META/MSFT,-0.0,-0.0,0.0,27,0.25,-0.0
2024-04-17,ADBE/NOW,0.0,0.0,0.0,27,0.25,0.0
2024-04-17,CNC/CVS,-0.0029227937309819,-0.0029227937309819,0.0,27,0.25,-0.0007306984327454
2024-04-18,MS/STT,3.130050122631656e-05,3.130050122631656e-05,0.0,27,0.25,7.82512530657914e-06
2024-04-18,META/MSFT,-0.0,-0.0,0.0,27,0.25,-0.0
2024-04-18,ADBE/NOW,0.0,0.0,0.0,27,0.25,0.0
2024-04-18,CNC/CVS,-0.0005186388001522,-0.0005186388001522,0.0,27,0.25,-0.000129659700038
2024-04-19,MS/STT,0.0010142231005612,0.0010142231005612,0.0,27,0.25,0.0002535557751403
2024-04-19,META/MSFT,0.0004522505007794,0.0014522505007794,1.0,27,0.25,0.0001130626251948
2024-04-19,ADBE/NOW,-0.0,-0.0,0.0,27,0.25,-0.0
2024-04-19,CNC/CVS,0.0035489262969918,0.0035489262969918,0.0,27,0.25,0.0008872315742479
2024-04-22,MS/STT,0.0038053013480793,0.0038053013480793,0.0,27,0.25,0.0009513253370198
2024-04-22,META/MSFT,0.0030414196268079,0.0030414196268079,0.0,27,0.25,0.0007603549067019
2024-04-22,ADBE/NOW,-0.0,-0.0,0.0,27,0.25,-0.0
2024-04-22,CNC/CVS,-0.003061690675131,-0.003061690675131,0.0,27,0.25,-0.0007654226687827
2024-04-23,MS/STT,0.0118081283137767,0.0118081283137767,0.0,27,0.25,0.0029520320784441
2024-04-23,META/MSFT,0.0043429460954587,0.0043429460954587,0.0,27,0.25,0.0010857365238646
2024-04-23,ADBE/NOW,-0.0,-0.0,0.0,27,0.25,-0.0
2024-04-23,CNC/CVS,-0.011947080239343,-0.011947080239343,0.0,27,0.25,-0.0029867700598357
2024-04-24,MS/STT,0.0011073351587721,0.0011073351587721,0.0,27,0.25,0.000276833789693
2024-04-24,META/MSFT,0.0040717317349728,0.0040717317349728,0.0,27,0.25,0.0010179329337432
2024-04-24,ADBE/NOW,0.0,0.0,0.0,27,0.25,0.0
2024-04-24,CNC/CVS,-0.0086421231863417,-0.0086421231863417,0.0,27,0.25,-0.0021605307965854
2024-04-25,MS/STT,-0.0032831646810603,-0.0032831646810603,0.0,27,0.25,-0.000820791170265
2024-04-25,META/MSFT,0.0096848753999011,0.0096848753999011,0.0,27,0.25,0.0024212188499752
2024-04-25,ADBE/NOW,0.0,0.0,0.0,27,0.25,0.0
2024-04-25,CNC/CVS,-0.002115325557949,-0.002115325557949,0.0,27,0.25,-0.0005288313894872
2024-04-26,MS/STT,0.0012698090756723,0.0012698090756723,0.0,27,0.25,0.000317452268918
2024-04-26,META/MSFT,0.0123139118196768,0.0123139118196768,0.0,27,0.25,0.0030784779549192
2024-04-26,ADBE/NOW,0.0,0.0,0.0,27,0.25,0.0
2024-04-26,CNC/CVS,0.0058597004693667,0.0058597004693667,0.0,27,0.25,0.0014649251173416
2024-04-29,MS/STT,-0.0022773199820748,-0.0022773199820748,0.0,27,0.25,-0.0005693299955187
2024-04-29,META/MSFT,-0.0010432910588785,-0.0010432910588785,0.0,27,0.25,-0.0002608227647196
2024-04-29,ADBE/NOW,-0.0,-0.0,0.0,27,0.25,-0.0
2024-04-29,CNC/CVS,0.0034490265220402,0.0034490265220402,0.0,27,0.25,0.00086225663051
2024-04-30,MS/STT,-0.0006767065476444,-0.0006767065476444,0.0,27,0.25,-0.0001691766369111
2024-04-30,META/MSFT,-0.0221630614737891,-0.0221630614737891,0.0,27,0.25,-0.0055407653684472
2024-04-30,ADBE/NOW,0.0,0.0,0.0,27,0.25,0.0
2024-04-30,CNC/CVS,0.006031424184383,0.006031424184383,0.0,27,0.25,0.0015078560460957
2024-05-01,MS/STT,0.0014474676033925,0.0014474676033925,0.0,27,0.25,0.0003618669008481
2024-05-01,META/MSFT,0.0051088097493245,0.0051088097493245,0.0,27,0.25,0.0012772024373311
2024-05-01,ADBE/NOW,0.0,0.0,0.0,27,0.25,0.0
2024-05-01,CNC/CVS,-0.1089320818984332,-0.1089320818984332,0.0,27,0.25,-0.0272330204746083
2024-05-02,MS/STT,0.0069836994412117,0.0069836994412117,0.0,27,0.25,0.0017459248603029
2024-05-02,META/MSFT,0.0039250641843487,0.0039250641843487,0.0,27,0.25,0.0009812660460871
2024-05-02,ADBE/NOW,0.0,0.0,0.0,27,0.25,0.0
2024-05-02,CNC/CVS,-0.001,-0.0,1.0,27,0.25,-0.00025
2024-05-03,MS/STT,0.0003030726247151,0.0003030726247151,0.0,27,0.25,7.576815617879311e-05
2024-05-03,META/MSFT,0.0102294167374977,0.0102294167374977,0.0,27,0.25,0.0025573541843744
2024-05-03,ADBE/NOW,0.0,0.0,0.0,27,0.25,0.0
2024-05-03,CNC/CVS,0.0061241733311328,0.0071241733311328,1.0,27,0.25,0.0015310433327832
2024-05-06,MS/STT,0.0038107996353685,0.0038107996353685,0.0,27,0.25,0.0009526999088421
2024-05-06,META/MSFT,0.0044625030890518,0.0044625030890518,0.0,27,0.25,0.0011156257722629
2024-05-06,ADBE/NOW,0.0,0.0,0.0,27,0.25,0.0
2024-05-06,CNC/CVS,-0.0005499687534357,-0.0005499687534357,0.0,27,0.25,-0.0001374921883589
2024-05-07,MS/STT,0.0052407197230832,0.0052407197230832,0.0,27,0.25,0.0013101799307708
2024-05-07,META/MSFT,-0.0089252378088937,-0.0089252378088937,0.0,27,0.25,-0.0022313094522234
2024-05-07,ADBE/NOW,0.0,0.0,0.0,27,0.25,0.0
2024-05-07,CNC/CVS,-0.0060022147107101,-0.0060022147107101,0.0,27,0.25,-0.0015005536776775
2024-05-08,MS/STT,-0.0008059592108539,-0.0008059592108539,0.0,27,0.25,-0.0002014898027134
2024-05-08,META/MSFT,-0.0003009745075579,-0.0003009745075579,0.0,27,0.25,-7.524362688949597e-05
2024-05-08,ADBE/NOW,-0.0,-0.0,0.0,27,0.25,-0.0
2024-05-08,CNC/CVS,-0.0100311241963629,-0.0100311241963629,0.0,27,0.25,-0.0025077810490907
2024-05-09,MS/STT,-0.001,0.0,1.0,27,0.25,-0.00025
2024-05-09,META/MSFT,0.0016169353304707,0.0016169353304707,0.0,27,0.25,0.0004042338326176
2024-05-09,ADBE/NOW,-0.0,-0.0,0.0,27,0.25,-0.0
2024-05-09,CNC/CVS,0.0023089538741891,0.0023089538741891,0.0,27,0.25,0.0005772384685472
2024-05-10,MS/STT,-0.0,-0.0,0.0,27,0.25,-0.0
2024-05-10,META/MSFT,0.0038870879336572,0.0038870879336572,0.0,27,0.25,0.0009717719834143
2024-05-10,ADBE/NOW,-0.0,-0.0,0.0,27,0.25,-0.0
2024-05-10,CNC/CVS,0.001182902451568,0.001182902451568,0.0,27,0.25,0.000295725612892
2024-05-13,MS/STT,0.0,0.0,0.0,27,0.25,0.0
2024-05-13,META/MSFT,0.0027337366313484,0.0027337366313484,0.0,27,0.25,0.0006834341578371
2024-05-13,ADBE/NOW,0.0,0.0,0.0,27,0.25,0.0
2024-05-13,CNC/CVS,0.0105938888000369,0.0105938888000369,0.0,27,0.25,0.0026484722000092
2024-05-14,MS/STT,0.0,0.0,0.0,27,0.25,0.0
2024-05-14,META/MSFT,0.0028800212037277,0.0028800212037277,0.0,27,0.25,0.0007200053009319
2024-05-14,ADBE/NOW,-0.0,-0.0,0.0,27,0.25,-0.0
2024-05-14,CNC/CVS,-0.0046446253707003,-0.0046446253707003,0.0,27,0.25,-0.001161156342675
2024-05-15,MS/STT,0.0,0.0,0.0,27,0.25,0.0
2024-05-15,META/MSFT,0.0074192409825614,0.0074192409825614,0.0,27,0.25,0.0018548102456403
2024-05-15,ADBE/NOW,-0.0,-0.0,0.0,27,0.25,-0.0
2024-05-15,CNC/CVS,-0.0016685225687691,-0.0016685225687691,0.0,27,0.25,-0.0004171306421922
2024-05-16,MS/STT,-0.0,-0.0,0.0,27,0.25,-0.0
2024-05-16,META/MSFT,-0.001,0.0,1.0,27,0.25,-0.00025
2024-05-16,ADBE/NOW,-0.0,-0.0,0.0,27,0.25,-0.0
2024-05-16,CNC/CVS,0.0192508354493433,0.0192508354493433,0.0,27,0.25,0.0048127088623358
2024-05-17,MS/STT,0.0,0.0,0.0,27,0.25,0.0
2024-05-17,META/MSFT,-0.0,-0.0,0.0,27,0.25,-0.0
2024-05-17,ADBE/NOW,-0.0,-0.0,0.0,27,0.25,-0.0
2024-05-17,CNC/CVS,-0.0017526608490817,-0.0017526608490817,0.0,27,0.25,-0.0004381652122704
2024-05-20,MS/STT,0.0,0.0,0.0,27,0.25,0.0
2024-05-20,META/MSFT,0.0,0.0,0.0,27,0.25,0.0
2024-05-20,ADBE/NOW,-0.0,-0.0,0.0,27,0.25,-0.0
2024-05-20,CNC/CVS,-0.0014148588588442,-0.0014148588588442,0.0,27,0.25,-0.000353714714711
2024-05-21,MS/STT,0.0,0.0,0.0,27,0.25,0.0
2024-05-21,META/MSFT,0.0,0.0,0.0,27,0.25,0.0
2024-05-21,ADBE/NOW,-0.0,-0.0,0.0,27,0.25,-0.0
2024-05-21,CNC/CVS,-0.0042716147720336,-0.0042716147720336,0.0,27,0.25,-0.0010679036930084
2024-05-22,MS/STT,-0.0,-0.0,0.0,27,0.25,-0.0
2024-05-22,META/MSFT,0.0,0.0,0.0,27,0.25,0.0
2024-05-22,ADBE/NOW,0.0,0.0,0.0,27,0.25,0.0
2024-05-22,CNC/CVS,0.0013279373730898,0.0013279373730898,0.0,27,0.25,0.0003319843432724
2024-05-23,MS/STT,-0.0,-0.0,0.0,27,0.25,-0.0
2024-05-23,META/MSFT,-0.0,-0.0,0.0,27,0.25,-0.0
2024-05-23,ADBE/NOW,0.0,0.0,0.0,27,0.25,0.0
2024-05-23,CNC/CVS,-0.0171918013970172,-0.0171918013970172,0.0,27,0.25,-0.0042979503492543
2024-05-24,MS/STT,-0.0,-0.0,0.0,27,0.25,-0.0
2024-05-24,META/MSFT,-0.0,-0.0,0.0,27,0.25,-0.0
2024-05-24,ADBE/NOW,0.0,0.0,0.0,27,0.25,0.0
2024-05-24,CNC/CVS,0.0094064008871627,0.0094064008871627,0.0,27,0.25,0.0023516002217906
2024-05-28,MS/STT,0.0,0.0,0.0,27,0.25,0.0
2024-05-28,META/MSFT,-0.0,-0.0,0.0,27,0.25,-0.0
2024-05-28,ADBE/NOW,0.0,0.0,0.0,27,0.25,0.0
2024-05-28,CNC/CVS,-0.0158798397317961,-0.0158798397317961,0.0,27,0.25,-0.003969959932949
2024-05-29,MS/STT,-0.0,-0.0,0.0,27,0.25,-0.0
2024-05-29,META/MSFT,0.0,0.0,0.0,27,0.25,0.0
2024-05-29,ADBE/NOW,-0.0,-0.0,0.0,27,0.25,-0.0
2024-05-29,CNC/CVS,0.0099597697849294,0.0099597697849294,0.0,27,0.25,0.0024899424462323
2024-05-30,MS/STT,-0.0034765426982136,-0.0024765426982136,1.0,27,0.25,-0.0008691356745534
2024-05-30,META/MSFT,-0.0,-0.0,0.0,27,0.25,-0.0
2024-05-30,ADBE/NOW,0.0,0.0,0.0,27,0.25,0.0
2024-05-30,CNC/CVS,0.0372537634464609,0.0372537634464609,0.0,27,0.25,0.0093134408616152
2024-05-31,MS/STT,-0.0032385058159842,-0.0032385058159842,0.0,27,0.25,-0.000809626453996
2024-05-31,META/MSFT,-6.084109388884262e-05,0.0009391589061111,1.0,27,0.25,-1.5210273472210656e-05
2024-05-31,ADBE/NOW,-0.0,-0.0,0.0,27,0.25,-0.0
2024-05-31,CNC/CVS,-0.001,0.0,1.0,27,0.25,-0.00025
2024-06-03,MS/STT,-0.0013343531281386,-0.0013343531281386,0.0,27,0.25,-0.0003335882820346
2024-06-03,META/MSFT,-0.0089211246638948,-0.0089211246638948,0.0,27,0.25,-0.0022302811659737
2024-06-03,ADBE/NOW,-0.0,-0.0,0.0,27,0.25,-0.0
2024-06-03,CNC/CVS,-0.0100559018433881,-0.0090559018433881,1.0,27,0.25,-0.002513975460847
2024-06-04,MS/STT,-0.0016710794108847,-0.0016710794108847,0.0,27,0.25,-0.0004177698527211
2024-06-04,META/MSFT,0.0048092330521512,0.0048092330521512,0.0,27,0.25,0.0012023082630378
2024-06-04,ADBE/NOW,0.0,0.0,0.0,27,0.25,0.0
2024-06-04,CNC/CVS,-0.0049023414518079,-0.0049023414518079,0.0,27,0.25,-0.0012255853629519
2024-06-05,MS/STT,0.0013414411692364,0.0013414411692364,0.0,27,0.25,0.0003353602923091
2024-06-05,META/MSFT,0.0039900743609034,0.0039900743609034,0.0,27,0.25,0.0009975185902258
2024-06-05,ADBE/NOW,-0.0,-0.0,0.0,27,0.25,-0.0
2024-06-05,CNC/CVS,-0.0069812789443783,-0.0069812789443783,0.0,27,0.25,-0.0017453197360945
2024-06-06,MS/STT,0.0011466315764992,0.0011466315764992,0.0,27,0.25,0.0002866578941248
2024-06-06,META/MSFT,0.0015800431508749,0.0015800431508749,0.0,27,0.25,0.0003950107877187
2024-06-06,ADBE/NOW,0.0,0.0,0.0,27,0.25,0.0
2024-06-06,CNC/CVS,0.0005946236163598,0.0005946236163598,0.0,27,0.25,0.0001486559040899
2024-06-07,MS/STT,0.0004651707368274,0.0004651707368274,0.0,27,0.25,0.0001162926842068
2024-06-07,META/MSFT,-0.0007295934171997,-0.0007295934171997,0.0,27,0.25,-0.0001823983542999
2024-06-07,ADBE/NOW,0.0,0.0,0.0,27,0.25,0.0
2024-06-07,CNC/CVS,-0.0122687919801392,-0.0122687919801392,0.0,27,0.25,-0.0030671979950348
2024-06-10,MS/STT,-0.0025704126892758,-0.0025704126892758,0.0,27,0.25,-0.0006426031723189
2024-06-10,META/MSFT,0.0017785350816837,0.0017785350816837,0.0,27,0.25,0.0004446337704209
2024-06-10,ADBE/NOW,-0.0,-0.0,0.0,27,0.25,-0.0
2024-06-10,CNC/CVS,0.0167937094949739,0.0167937094949739,0.0,27,0.25,0.0041984273737434
2024-06-11,MS/STT,0.0108113087959357,0.0108113087959357,0.0,27,0.25,0.0027028271989839
2024-06-11,META/MSFT,0.0056846266142399,0.0056846266142399,0.0,27,0.25,0.0014211566535599
2024-06-11,ADBE/NOW,0.0,0.0,0.0,27,0.25,0.0
2024-06-11,CNC/CVS,0.0005810737299551,0.0005810737299551,0.0,27,0.25,0.0001452684324887
2024-06-12,MS/STT,-0.0041287598927265,-0.0041287598927265,0.0,27,0.25,-0.0010321899731816
2024-06-12,META/MSFT,0.0134992484919834,0.0134992484919834,0.0,27,0.25,0.0033748121229958
2024-06-12,ADBE/NOW,-0.0,-0.0,0.0,27,0.25,-0.0
2024-06-12,CNC/CVS,-0.0069077085080031,-0.0069077085080031,0.0,27,0.25,-0.0017269271270007
2024-06-13,MS/STT,0.0001119140462818,0.0001119140462818,0.0,27,0.25,2.7978511570462304e-05
2024-06-13,META/MSFT,0.0033509435675688,0.0033509435675688,0.0,27,0.25,0.0008377358918922
2024-06-13,ADBE/NOW,0.0,0.0,0.0,27,0.25,0.0
2024-06-13,CNC/CVS,-0.0060124620309657,-0.0060124620309657,0.0,27,0.25,-0.0015031155077414
2024-06-14,MS/STT,0.0056159772024099,0.0056159772024099,0.0,27,0.25,0.0014039943006024
2024-06-14,META/MSFT,0.0013443218005759,0.0013443218005759,0.0,27,0.25,0.0003360804501439
2024-06-14,ADBE/NOW,0.0,0.0,0.0,27,0.25,0.0
2024-06-14,CNC/CVS,0.0088737055092219,0.0088737055092219,0.0,27,0.25,0.0022184263773054
2024-06-17,MS/STT,0.0054348553068912,0.0054348553068912,0.0,27,0.25,0.0013587138267228
2024-06-17,META/MSFT,0.0082794338151762,0.0082794338151762,0.0,27,0.25,0.002069858453794
2024-06-17,ADBE/NOW,-0.0,-0.0,0.0,27,0.25,-0.0
2024-06-17,CNC/CVS,-0.0132355815121819,-0.0132355815121819,0.0,27,0.25,-0.0033088953780454
2024-06-18,MS/STT,-0.0002651401548112,-0.0002651401548112,0.0,27,0.25,-6.628503870282051e-05
2024-06-18,META/MSFT,0.0004764731326115,0.0004764731326115,0.0,27,0.25,0.0001191182831528
2024-06-18,ADBE/NOW,0.0,0.0,0.0,27,0.25,0.0
2024-06-18,CNC/CVS,-0.0074483305554029,-0.0074483305554029,0.0,27,0.25,-0.0018620826388507
2024-06-20,MS/STT,-0.0009735566939515,-0.0009735566939515,0.0,27,0.25,-0.0002433891734878
2024-06-20,META/MSFT,-0.0022385165624024,-0.0022385165624024,0.0,27,0.25,-0.0005596291406006
2024-06-20,ADBE/NOW,-0.0,-0.0,0.0,27,0.25,-0.0
2024-06-20,CNC/CVS,0.0052723482261102,0.0052723482261102,0.0,27,0.25,0.0013180870565275
2024-06-21,MS/STT,-0.0071359576166974,-0.0071359576166974,0.0,27,0.25,-0.0017839894041743
2024-06-21,META/MSFT,0.010402775942182,0.010402775942182,0.0,27,0.25,0.0026006939855455
2024-06-21,ADBE/NOW,0.0,0.0,0.0,27,0.25,0.0
2024-06-21,CNC/CVS,-0.0020610792569875,-0.0020610792569875,0.0,27,0.25,-0.0005152698142468
2024-06-24,MS/STT,0.0021694574541424,0.0021694574541424,0.0,27,0.25,0.0005423643635356
2024-06-24,META/MSFT,-0.0056771511384756,-0.0056771511384756,0.0,27,0.25,-0.0014192877846189
2024-06-24,ADBE/NOW,-0.0,-0.0,0.0,27,0.25,-0.0
2024-06-24,CNC/CVS,-0.0035099142839619,-0.0035099142839619,0.0,27,0.25,-0.0008774785709904
2024-06-25,MS/STT,0.0063210149630454,0.0063210149630454,0.0,27,0.25,0.0015802537407613
2024-06-25,META/MSFT,-0.0009688766028263,-0.0009688766028263,0.0,27,0.25,-0.0002422191507065
2024-06-25,ADBE/NOW,-0.0,-0.0,0.0,27,0.25,-0.0
2024-06-25,CNC/CVS,0.0125045021289758,0.0125045021289758,0.0,27,0.25,0.0031261255322439
2024-06-26,MS/STT,-0.0071753771195848,-0.0071753771195848,0.0,27,0.25,-0.0017938442798962
2024-06-26,META/MSFT,0.0006287138055999,0.0006287138055999,0.0,27,0.25,0.0001571784513999
2024-06-26,ADBE/NOW,0.0,0.0,0.0,27,0.25,0.0
2024-06-26,CNC/CVS,-0.0018283106228018,-0.0018283106228018,0.0,27,0.25,-0.0004570776557004
2024-06-27,MS/STT,-0.001,-0.0,1.0,27,0.25,-0.00025
2024-06-27,META/MSFT,-0.002270181415196,-0.002270181415196,0.0,27,0.25,-0.000567545353799
2024-06-27,ADBE/NOW,0.0,0.0,0.0,27,0.25,0.0
2024-06-27,CNC/CVS,0.0240353628788658,0.0240353628788658,0.0,27,0.25,0.0060088407197164
2024-06-28,MS/STT,0.0,0.0,0.0,27,0.25,0.0
2024-06-28,META/MSFT,-0.001,-0.0,1.0,27,0.25,-0.00025
2024-06-28,ADBE/NOW,0.0,0.0,0.0,27,0.25,0.0
2024-06-28,CNC/CVS,-0.0132133446052245,-0.0132133446052245,0.0,27,0.25,-0.0033033361513061
2024-07-01,MS/STT,0.0,0.0,0.0,27,0.25,0.0
2024-07-01,META/MSFT,0.0,0.0,0.0,27,0.25,0.0
2024-07-01,ADBE/NOW,0.0,0.0,0.0,27,0.25,0.0
2024-07-01,CNC/CVS,-0.001,-0.0,1.0,27,0.25,-0.00025
2024-07-02,MS/STT,0.0,0.0,0.0,27,0.25,0.0
2024-07-02,META/MSFT,0.0,0.0,0.0,27,0.25,0.0
2024-07-02,ADBE/NOW,0.0,0.0,0.0,27,0.25,0.0
2024-07-02,CNC/CVS,-0.0,-0.0,0.0,27,0.25,-0.0
2024-07-03,MS/STT,0.0,0.0,0.0,27,0.25,0.0
2024-07-03,META/MSFT,0.0,0.0,0.0,27,0.25,0.0
2024-07-03,ADBE/NOW,0.0,0.0,0.0,27,0.25,0.0
2024-07-03,CNC/CVS,-0.0,-0.0,0.0,27,0.25,-0.0
2024-07-05,MS/STT,-0.0,-0.0,0.0,27,0.25,-0.0
2024-07-05,META/MSFT,-0.0,-0.0,0.0,27,0.25,-0.0
2024-07-05,ADBE/NOW,-0.0,-0.0,0.0,27,0.25,-0.0
2024-07-05,CNC/CVS,0.0,0.0,0.0,27,0.25,0.0
2024-07-08,MS/STT,0.0,0.0,0.0,27,0.25,0.0
2024-07-08,META/MSFT,0.0,0.0,0.0,27,0.25,0.0
2024-07-08,ADBE/NOW,0.0,0.0,0.0,27,0.25,0.0
2024-07-08,CNC/CVS,0.0,0.0,0.0,27,0.25,0.0
2024-07-09,MS/STT,0.0,0.0,0.0,27,0.25,0.0
2024-07-09,META/MSFT,-0.0,-0.0,0.0,27,0.25,-0.0
2024-07-09,ADBE/NOW,0.0,0.0,0.0,27,0.25,0.0
2024-07-09,CNC/CVS,0.0,0.0,0.0,27,0.25,0.0
2024-07-10,MS/STT,-0.0,-0.0,0.0,28,0.25,-0.0
2024-07-10,META/MSFT,0.0,0.0,0.0,28,0.25,0.0
2024-07-10,INTC/MU,-0.0,-0.0,0.0,28,0.25,-0.0
2024-07-10,INTU/NOW,-0.0,-0.0,0.0,28,0.25,-0.0
2024-07-11,MS/STT,0.0,0.0,0.0,28,0.25,0.0
2024-07-11,META/MSFT,-0.0,-0.0,0.0,28,0.25,-0.0
2024-07-11,INTC/MU,-0.0,-0.0,0.0,28,0.25,-0.0
2024-07-11,INTU/NOW,-0.0,-0.0,0.0,28,0.25,-0.0
2024-07-12,MS/STT,-0.0,-0.0,0.0,28,0.25,-0.0
2024-07-12,META/MSFT,0.0,0.0,0.0,28,0.25,0.0
2024-07-12,INTC/MU,0.0,0.0,0.0,28,0.25,0.0
2024-07-12,INTU/NOW,0.0,0.0,0.0,28,0.25,0.0
2024-07-15,MS/STT,0.0,0.0,0.0,28,0.25,0.0
2024-07-15,META/MSFT,0.0,0.0,0.0,28,0.25,0.0
2024-07-15,INTC/MU,0.0,0.0,0.0,28,0.25,0.0
2024-07-15,INTU/NOW,0.0,0.0,0.0,28,0.25,0.0
2024-07-16,MS/STT,-0.0,-0.0,0.0,28,0.25,-0.0
2024-07-16,META/MSFT,-0.0,-0.0,0.0,28,0.25,-0.0
2024-07-16,INTC/MU,0.0,0.0,0.0,28,0.25,0.0
2024-07-16,INTU/NOW,0.0,0.0,0.0,28,0.25,0.0
2024-07-17,MS/STT,0.0008598602472718,0.0018598602472718,1.0,28,0.25,0.0002149650618179
2024-07-17,META/MSFT,0.0,0.0,0.0,28,0.25,0.0
2024-07-17,INTC/MU,0.0,0.0,0.0,28,0.25,0.0
2024-07-17,INTU/NOW,0.0,0.0,0.0,28,0.25,0.0
2024-07-18,MS/STT,-0.0077009324590793,-0.0077009324590793,0.0,28,0.25,-0.0019252331147698
2024-07-18,META/MSFT,-0.0,-0.0,0.0,28,0.25,-0.0
2024-07-18,INTC/MU,0.0,0.0,0.0,28,0.25,0.0
2024-07-18,INTU/NOW,-0.0,-0.0,0.0,28,0.25,-0.0
2024-07-19,MS/STT,-0.0166442488049027,-0.0166442488049027,0.0,28,0.25,-0.0041610622012256
2024-07-19,META/MSFT,-0.0069359802273125,-0.0059359802273125,1.0,28,0.25,-0.0017339950568281
2024-07-19,INTC/MU,-0.0,-0.0,0.0,28,0.25,-0.0
2024-07-19,INTU/NOW,-0.0,-0.0,0.0,28,0.25,-0.0
2024-07-22,MS/STT,0.0043411957946424,0.0043411957946424,0.0,28,0.25,0.0010852989486606
2024-07-22,META/MSFT,0.0037389655480553,0.0037389655480553,0.0,28,0.25,0.0009347413870138
2024-07-22,INTC/MU,0.0,0.0,0.0,28,0.25,0.0
2024-07-22,INTU/NOW,0.0,0.0,0.0,28,0.25,0.0
2024-07-23,MS/STT,0.0072409414905188,0.0072409414905188,0.0,28,0.25,0.0018102353726297
2024-07-23,META/MSFT,0.0024365841404149,0.0024365841404149,0.0,28,0.25,0.0006091460351037
2024-07-23,INTC/MU,-0.0,-0.0,0.0,28,0.25,-0.0
2024-07-23,INTU/NOW,-0.0,-0.0,0.0,28,0.25,-0.0
2024-07-24,MS/STT,-0.0052079468643841,-0.0052079468643841,0.0,28,0.25,-0.001301986716096
2024-07-24,META/MSFT,-0.0110614605241913,-0.0110614605241913,0.0,28,0.25,-0.0027653651310478
2024-07-24,INTC/MU,-0.0,-0.0,0.0,28,0.25,-0.0
2024-07-24,INTU/NOW,0.0,0.0,0.0,28,0.25,0.0
2024-07-25,MS/STT,0.000675080027741,0.000675080027741,0.0,28,0.25,0.0001687700069352
2024-07-25,META/MSFT,-0.013299741135816,-0.013299741135816,0.0,28,0.25,-0.003324935283954
2024-07-25,INTC/MU,-0.0,-0.0,0.0,28,0.25,-0.0
2024-07-25,INTU/NOW,-0.0,-0.0,0.0,28,0.25,-0.0
2024-07-26,MS/STT,0.00194136599921,0.00194136599921,0.0,28,0.25,0.0004853414998025
2024-07-26,META/MSFT,0.0047248501720796,0.0047248501720796,0.0,28,0.25,0.0011812125430199
2024-07-26,INTC/MU,0.0,0.0,0.0,28,0.25,0.0
2024-07-26,INTU/NOW,0.0,0.0,0.0,28,0.25,0.0
2024-07-29,MS/STT,-0.0084506064391369,-0.0084506064391369,0.0,28,0.25,-0.0021126516097842
2024-07-29,META/MSFT,0.0025060316657897,0.0025060316657897,0.0,28,0.25,0.0006265079164474
2024-07-29,INTC/MU,-0.0,-0.0,0.0,28,0.25,-0.0
2024-07-29,INTU/NOW,0.0,0.0,0.0,28,0.25,0.0
2024-07-30,MS/STT,0.0041838944088569,0.0041838944088569,0.0,28,0.25,0.0010459736022142
2024-07-30,META/MSFT,-0.0050804174916442,-0.0050804174916442,0.0,28,0.25,-0.001270104372911
2024-07-30,INTC/MU,-0.0,-0.0,0.0,28,0.25,-0.0
2024-07-30,INTU/NOW,-0.0,-0.0,0.0,28,0.25,-0.0
2024-07-31,MS/STT,0.005512904952556,0.005512904952556,0.0,28,0.25,0.001378226238139
2024-07-31,META/MSFT,-0.0146457640828643,-0.0146457640828643,0.0,28,0.25,-0.003661441020716
2024-07-31,INTC/MU,-0.0,-0.0,0.0,28,0.25,-0.0
2024-07-31,INTU/NOW,0.0,0.0,0.0,28,0.25,0.0
2024-08-01,MS/STT,-0.002617589742175,-0.002617589742175,0.0,28,0.25,-0.0006543974355437
2024-08-01,META/MSFT,-0.0150524914468727,-0.0150524914468727,0.0,28,0.25,-0.0037631228617181
2024-08-01,INTC/MU,-0.0,-0.0,0.0,28,0.25,-0.0
2024-08-01,INTU/NOW,-0.0,-0.0,0.0,28,0.25,-0.0
2024-08-02,MS/STT,-0.0233438976197794,-0.0233438976197794,0.0,28,0.25,-0.0058359744049448
2024-08-02,META/MSFT,-0.0100798989999124,-0.0100798989999124,0.0,28,0.25,-0.0025199747499781
2024-08-02,INTC/MU,-0.0,-0.0,0.0,28,0.25,-0.0
2024-08-02,INTU/NOW,-0.0,-0.0,0.0,28,0.25,-0.0
2024-08-05,MS/STT,-0.0063071295281268,-0.0063071295281268,0.0,28,0.25,-0.0015767823820317
2024-08-05,META/MSFT,-0.0173477765818857,-0.0173477765818857,0.0,28,0.25,-0.0043369441454714
2024-08-05,INTC/MU,-0.0,-0.0,0.0,28,0.25,-0.0
2024-08-05,INTU/NOW,-0.0,-0.0,0.0,28,0.25,-0.0
2024-08-06,MS/STT,0.0059186930982109,0.0059186930982109,0.0,28,0.25,0.0014796732745527
2024-08-06,META/MSFT,-0.0017939674118492,-0.0017939674118492,0.0,28,0.25,-0.0004484918529623
2024-08-06,INTC/MU,-0.0060256585052442,-0.0050256585052442,1.0,28,0.25,-0.001506414626311
2024-08-06,INTU/NOW,0.0,0.0,0.0,28,0.25,0.0
2024-08-07,MS/STT,-0.002454885407336,-0.002454885407336,0.0,28,0.25,-0.000613721351834
2024-08-07,META/MSFT,0.0005493155153628,0.0005493155153628,0.0,28,0.25,0.0001373288788407
2024-08-07,INTC/MU,-0.0178983624275092,-0.0178983624275092,0.0,28,0.25,-0.0044745906068773
2024-08-07,INTU/NOW,0.0,0.0,0.0,28,0.25,0.0
2024-08-08,MS/STT,0.0104587135233242,0.0104587135233242,0.0,28,0.25,0.002614678380831
2024-08-08,META/MSFT,-0.0031292474790236,-0.0031292474790236,0.0,28,0.25,-0.0007823118697559
2024-08-08,INTC/MU,0.0368072345993591,0.0368072345993591,0.0,28,0.25,0.0092018086498397
2024-08-08,INTU/NOW,0.0,0.0,0.0,28,0.25,0.0
2024-08-09,MS/STT,-0.0016902101450351,-0.0016902101450351,0.0,28,0.25,-0.0004225525362587
2024-08-09,META/MSFT,0.0019680193972985,0.0019680193972985,0.0,28,0.25,0.0004920048493246
2024-08-09,INTC/MU,-0.0299185247539282,-0.0299185247539282,0.0,28,0.25,-0.007479631188482
2024-08-09,INTU/NOW,-0.0,-0.0,0.0,28,0.25,-0.0
2024-08-12,MS/STT,0.004124216381895,0.004124216381895,0.0,28,0.25,0.0010310540954737
2024-08-12,META/MSFT,0.002353358583107,0.002353358583107,0.0,28,0.25,0.0005883396457767
2024-08-12,INTC/MU,-0.0174603077427129,-0.0174603077427129,0.0,28,0.25,-0.0043650769356782
2024-08-12,INTU/NOW,-0.0,-0.0,0.0,28,0.25,-0.0
2024-08-13,MS/STT,-0.001,0.0,1.0,28,0.25,-0.00025
2024-08-13,META/MSFT,0.0067589935441253,0.0067589935441253,0.0,28,0.25,0.0016897483860313
2024-08-13,INTC/MU,0.0317432550727544,0.0317432550727544,0.0,28,0.25,0.0079358137681886
2024-08-13,INTU/NOW,0.0,0.0,0.0,28,0.25,0.0
2024-08-14,MS/STT,0.0,0.0,0.0,28,0.25,0.0
2024-08-14,META/MSFT,0.0059684100382328,0.0059684100382328,0.0,28,0.25,0.0014921025095582
2024-08-14,INTC/MU,-0.027932800392633,-0.027932800392633,0.0,28,0.25,-0.0069832000981582
2024-08-14,INTU/NOW,-0.0,-0.0,0.0,28,0.25,-0.0
2024-08-15,MS/STT,-0.0005629899037364,0.0004370100962635,1.0,28,0.25,-0.0001407474759341
2024-08-15,META/MSFT,-0.001,0.0,1.0,28,0.25,-0.00025
2024-08-15,INTC/MU,0.008347474507469,0.008347474507469,0.0,28,0.25,0.0020868686268672
2024-08-15,INTU/NOW,0.0,0.0,0.0,28,0.25,0.0
2024-08-16,MS/STT,-0.0018330720676032,-0.0018330720676032,0.0,28,0.25,-0.0004582680169008
2024-08-16,META/MSFT,0.0,0.0,0.0,28,0.25,0.0
2024-08-16,INTC/MU,0.0033391166873317,0.0033391166873317,0.0,28,0.25,0.0008347791718329
2024-08-16,INTU/NOW,0.0,0.0,0.0,28,0.25,0.0
2024-08-19,MS/STT,-0.002682287207937,-0.002682287207937,0.0,28,0.25,-0.0006705718019842
2024-08-19,META/MSFT,0.0,0.0,0.0,28,0.25,0.0
2024-08-19,INTC/MU,0.0203652335359838,0.0203652335359838,0.0,28,0.25,0.0050913083839959
2024-08-19,INTU/NOW,0.0,0.0,0.0,28,0.25,0.0
2024-08-20,MS/STT,0.0029876478393946,0.0029876478393946,0.0,28,0.25,0.0007469119598486
2024-08-20,META/MSFT,0.0,0.0,0.0,28,0.25,0.0
2024-08-20,INTC/MU,-0.0157006271152924,-0.0157006271152924,0.0,28,0.25,-0.0039251567788231
2024-08-20,INTU/NOW,0.0,0.0,0.0,28,0.25,0.0
2024-08-21,MS/STT,0.0023854257656708,0.0023854257656708,0.0,28,0.25,0.0005963564414177
2024-08-21,META/MSFT,-0.0,-0.0,0.0,28,0.25,-0.0
2024-08-21,INTC/MU,0.0132423546224917,0.0132423546224917,0.0,28,0.25,0.0033105886556229
2024-08-21,INTU/NOW,0.0,0.0,0.0,28,0.25,0.0
2024-08-22,MS/STT,0.0092698009675546,0.0092698009675546,0.0,28,0.25,0.0023174502418886
2024-08-22,META/MSFT,-0.0,-0.0,0.0,28,0.25,-0.0
2024-08-22,INTC/MU,-0.0322570966684423,-0.0322570966684423,0.0,28,0.25,-0.0080642741671105
2024-08-22,INTU/NOW,0.0,0.0,0.0,28,0.25,0.0
2024-08-23,MS/STT,-0.0011185325641432,-0.0011185325641432,0.0,28,0.25,-0.0002796331410358
2024-08-23,META/MSFT,0.0,0.0,0.0,28,0.25,0.0
2024-08-23,INTC/MU,0.0194477302160734,0.0194477302160734,0.0,28,0.25,0.0048619325540183
2024-08-23,INTU/NOW,-0.0,-0.0,0.0,28,0.25,-0.0
2024-08-26,MS/STT,-0.0001473293349193,-0.0001473293349193,0.0,28,0.25,-3.683233372983108e-05
2024-08-26,META/MSFT,-0.0,-0.0,0.0,28,0.25,-0.0
2024-08-26,INTC/MU,-0.0029434225492718,-0.0029434225492718,0.0,28,0.25,-0.0007358556373179
2024-08-26,INTU/NOW,-0.0034663917185376,-0.0024663917185376,1.0,28,0.25,-0.0008665979296344
2024-08-27,MS/STT,0.0056238502144862,0.0056238502144862,0.0,28,0.25,0.0014059625536215
2024-08-27,META/MSFT,0.0,0.0,0.0,28,0.25,0.0
2024-08-27,INTC/MU,0.0009900200360699,0.0009900200360699,0.0,28,0.25,0.0002475050090174
2024-08-27,INTU/NOW,0.0071809381893197,0.0071809381893197,0.0,28,0.25,0.0017952345473299
2024-08-28,MS/STT,-0.004073845516066,-0.004073845516066,0.0,28,0.25,-0.0010184613790165
2024-08-28,META/MSFT,-0.0,-0.0,0.0,28,0.25,-0.0
2024-08-28,INTC/MU,-0.0072734987223482,-0.0072734987223482,0.0,28,0.25,-0.001818374680587
2024-08-28,INTU/NOW,-0.000631207959305,-0.000631207959305,0.0,28,0.25,-0.0001578019898262
2024-08-29,MS/STT,0.0029044794450196,0.0029044794450196,0.0,28,0.25,0.0007261198612549
2024-08-29,META/MSFT,0.0,0.0,0.0,28,0.25,0.0
2024-08-29,INTC/MU,0.0165896611216633,0.0165896611216633,0.0,28,0.25,0.0041474152804158
2024-08-29,INTU/NOW,-0.0026384427754037,-0.0026384427754037,0.0,28,0.25,-0.0006596106938509
2024-08-30,MS/STT,-0.0006253828087615,-0.0006253828087615,0.0,28,0.25,-0.0001563457021903
2024-08-30,META/MSFT,0.0,0.0,0.0,28,0.25,0.0
2024-08-30,INTC/MU,0.0650950500138803,0.0650950500138803,0.0,28,0.25,0.01627376250347
2024-08-30,INTU/NOW,-0.0039631694167676,-0.0039631694167676,0.0,28,0.25,-0.0009907923541919
2024-09-03,MS/STT,0.0207010463228692,0.0207010463228692,0.0,28,0.25,0.0051752615807173
2024-09-03,META/MSFT,-0.0,-0.0,0.0,28,0.25,-0.0
2024-09-03,INTC/MU,-0.001,-0.0,1.0,28,0.25,-0.00025
2024-09-03,INTU/NOW,0.0035443289314643,0.0035443289314643,0.0,28,0.25,0.000886082232866
2024-09-04,MS/STT,-0.0057586485401921,-0.0057586485401921,0.0,28,0.25,-0.001439662135048
2024-09-04,META/MSFT,-0.0,-0.0,0.0,28,0.25,-0.0
2024-09-04,INTC/MU,-0.0,-0.0,0.0,28,0.25,-0.0
2024-09-04,INTU/NOW,-0.0011776829697912,-0.0011776829697912,0.0,28,0.25,-0.0002944207424478
2024-09-05,MS/STT,0.0003905972324581,0.0003905972324581,0.0,28,0.25,9.764930811453164e-05
2024-09-05,META/MSFT,-0.0,-0.0,0.0,28,0.25,-0.0
2024-09-05,INTC/MU,-0.0,-0.0,0.0,28,0.25,-0.0
2024-09-05,INTU/NOW,-0.0018469739452156,-0.0018469739452156,0.0,28,0.25,-0.0004617434863039
2024-09-06,MS/STT,0.0097497067004894,0.0097497067004894,0.0,28,0.25,0.0024374266751223
2024-09-06,META/MSFT,-0.0,-0.0,0.0,28,0.25,-0.0
2024-09-06,INTC/MU,-0.0,-0.0,0.0,28,0.25,-0.0
2024-09-06,INTU/NOW,-0.0013470234860383,-0.0013470234860383,0.0,28,0.25,-0.0003367558715095
2024-09-09,MS/STT,-0.008414350124112,-0.008414350124112,0.0,28,0.25,-0.002103587531028
2024-09-09,META/MSFT,0.0,0.0,0.0,28,0.25,0.0
2024-09-09,INTC/MU,0.0,0.0,0.0,28,0.25,0.0
2024-09-09,INTU/NOW,-0.0028056998387316,-0.0028056998387316,0.0,28,0.25,-0.0007014249596829
2024-09-10,MS/STT,0.008208341273788,0.008208341273788,0.0,28,0.25,0.002052085318447
2024-09-10,META/MSFT,0.0,0.0,0.0,28,0.25,0.0
2024-09-10,INTC/MU,-0.0,-0.0,0.0,28,0.25,-0.0
2024-09-10,INTU/NOW,0.0043320888872803,0.0043320888872803,0.0,28,0.25,0.00108302222182
2024-09-11,MS/STT,-0.0059811937627103,-0.0059811937627103,0.0,28,0.25,-0.0014952984406775
2024-09-11,META/MSFT,0.0,0.0,0.0,28,0.25,0.0
2024-09-11,INTC/MU,0.0,0.0,0.0,28,0.25,0.0
2024-09-11,INTU/NOW,0.0026678868697783,0.0026678868697783,0.0,28,0.25,0.0006669717174445
2024-09-12,MS/STT,-0.001,-0.0,1.0,28,0.25,-0.00025
2024-09-12,META/MSFT,-0.0008255781040632,0.0001744218959367,1.0,28,0.25,-0.0002063945260158
2024-09-12,INTC/MU,0.0,0.0,0.0,28,0.25,0.0
2024-09-12,INTU/NOW,-0.0022461766814721,-0.0022461766814721,0.0,28,0.25,-0.000561544170368
2024-09-13,MS/STT,0.0,0.0,0.0,28,0.25,0.0
2024-09-13,META/MSFT,-0.0066822162558115,-0.0066822162558115,0.0,28,0.25,-0.0016705540639528
2024-09-13,INTC/MU,-0.0,-0.0,0.0,28,0.25,-0.0
2024-09-13,INTU/NOW,0.0115824153118473,0.0115824153118473,0.0,28,0.25,0.0028956038279618
2024-09-16,MS/STT,0.0,0.0,0.0,28,0.25,0.0
2024-09-16,META/MSFT,0.0033405094521967,0.0033405094521967,0.0,28,0.25,0.0008351273630491
2024-09-16,INTC/MU,0.0,0.0,0.0,28,0.25,0.0
2024-09-16,INTU/NOW,-0.0144328936906639,-0.0144328936906639,0.0,28,0.25,-0.0036082234226659
2024-09-17,MS/STT,-0.0,-0.0,0.0,28,0.25,-0.0
2024-09-17,META/MSFT,-0.0049864847495159,-0.0049864847495159,0.0,28,0.25,-0.0012466211873789
2024-09-17,INTC/MU,0.0,0.0,0.0,28,0.25,0.0
2024-09-17,INTU/NOW,0.0015733560037138,0.0015733560037138,0.0,28,0.25,0.0003933390009284
2024-09-18,MS/STT,-0.0,-0.0,0.0,28,0.25,-0.0
2024-09-18,META/MSFT,0.0081353700210706,0.0081353700210706,0.0,28,0.25,0.0020338425052676
2024-09-18,INTC/MU,-0.0,-0.0,0.0,28,0.25,-0.0
2024-09-18,INTU/NOW,-0.013089859195515,-0.013089859195515,0.0,28,0.25,-0.0032724647988787
2024-09-19,MS/STT,-0.0,-0.0,0.0,28,0.25,-0.0
2024-09-19,META/MSFT,-0.0030361101256055,-0.0030361101256055,0.0,28,0.25,-0.0007590275314013
2024-09-19,INTC/MU,0.0,0.0,0.0,28,0.25,0.0
2024-09-19,INTU/NOW,0.0076403825241768,0.0076403825241768,0.0,28,0.25,0.0019100956310442
2024-09-20,MS/STT,0.0,0.0,0.0,28,0.25,0.0
2024-09-20,META/MSFT,0.0067969347638064,0.0067969347638064,0.0,28,0.25,0.0016992336909516
2024-09-20,INTC/MU,0.0,0.0,0.0,28,0.25,0.0
2024-09-20,INTU/NOW,-0.0163171861399588,-0.0163171861399588,0.0,28,0.25,-0.0040792965349897
2024-09-23,MS/STT,-0.0,-0.0,0.0,28,0.25,-0.0
2024-09-23,META/MSFT,0.0044156835791667,0.0044156835791667,0.0,28,0.25,0.0011039208947916
2024-09-23,INTC/MU,0.0,0.0,0.0,28,0.25,0.0
2024-09-23,INTU/NOW,-0.001,0.0,1.0,28,0.25,-0.00025
2024-09-24,MS/STT,0.0,0.0,0.0,28,0.25,0.0
2024-09-24,META/MSFT,0.006863872404699,0.006863872404699,0.0,28,0.25,0.0017159681011747
2024-09-24,INTC/MU,0.0,0.0,0.0,28,0.25,0.0
2024-09-24,INTU/NOW,-0.0,-0.0,0.0,28,0.25,-0.0
2024-09-25,MS/STT,0.0,0.0,0.0,28,0.25,0.0
2024-09-25,META/MSFT,-0.0027188163484071,-0.0027188163484071,0.0,28,0.25,-0.0006797040871017
2024-09-25,INTC/MU,0.0,0.0,0.0,28,0.25,0.0
2024-09-25,INTU/NOW,0.0,0.0,0.0,28,0.25,0.0
2024-09-26,MS/STT,0.0,0.0,0.0,28,0.25,0.0
2024-09-26,META/MSFT,0.0011466536675864,0.0011466536675864,0.0,28,0.25,0.0002866634168966
2024-09-26,INTC/MU,-0.0,-0.0,0.0,28,0.25,-0.0
2024-09-26,INTU/NOW,0.0,0.0,0.0,28,0.25,0.0
2024-09-27,MS/STT,0.0023586512547083,0.0033586512547083,1.0,28,0.25,0.000589662813677
2024-09-27,META/MSFT,0.0053997770372023,0.0053997770372023,0.0,28,0.25,0.0013499442593005
2024-09-27,INTC/MU,0.0,0.0,0.0,28,0.25,0.0
2024-09-27,INTU/NOW,-0.0,-0.0,0.0,28,0.25,-0.0
2024-09-30,MS/STT,0.0004161712515717,0.0004161712515717,0.0,28,0.25,0.0001040428128929
2024-09-30,META/MSFT,-0.0015769505069669,-0.0015769505069669,0.0,28,0.25,-0.0003942376267417
2024-09-30,INTC/MU,-0.0,-0.0,0.0,28,0.25,-0.0
2024-09-30,INTU/NOW,-0.0,-0.0,0.0,28,0.25,-0.0
2024-10-01,MS/STT,-0.0057302631219536,-0.0057302631219536,0.0,28,0.25,-0.0014325657804884
2024-10-01,META/MSFT,0.0183191923428286,0.0183191923428286,0.0,28,0.25,0.0045797980857071
2024-10-01,INTC/MU,-0.0,-0.0,0.0,28,0.25,-0.0
2024-10-01,INTU/NOW,-0.0,-0.0,0.0,28,0.25,-0.0
2024-10-02,MS/STT,-0.0035334273456803,-0.0035334273456803,0.0,28,0.25,-0.00088335683642
2024-10-02,META/MSFT,0.0045919670973644,0.0045919670973644,0.0,28,0.25,0.0011479917743411
2024-10-02,INTC/MU,-0.0,-0.0,0.0,28,0.25,-0.0
2024-10-02,INTU/NOW,-0.0,-0.0,0.0,28,0.25,-0.0
2024-10-03,MS/STT,-0.0004282544140976,-0.0004282544140976,0.0,28,0.25,-0.0001070636035244
2024-10-03,META/MSFT,0.005575698991853,0.005575698991853,0.0,28,0.25,0.0013939247479632
2024-10-03,INTC/MU,-0.0,-0.0,0.0,28,0.25,-0.0
2024-10-03,INTU/NOW,-0.0,-0.0,0.0,28,0.25,-0.0
2024-10-04,MS/STT,-0.0133111656947241,-0.0133111656947241,0.0,28,0.25,-0.003327791423681
2024-10-04,META/MSFT,0.0067215609958147,0.0067215609958147,0.0,28,0.25,0.0016803902489536
2024-10-04,INTC/MU,0.0,0.0,0.0,28,0.25,0.0
2024-10-04,INTU/NOW,-0.0,-0.0,0.0,28,0.25,-0.0
2024-10-07,MS/STT,0.002072474135843,0.002072474135843,0.0,28,0.25,0.0005181185339607
2024-10-07,META/MSFT,0.0067706109938914,0.0067706109938914,0.0,28,0.25,0.0016926527484728
2024-10-07,INTC/MU,-0.0,-0.0,0.0,28,0.25,-0.0
2024-10-07,INTU/NOW,-0.0,-0.0,0.0,28,0.25,-0.0
2024-10-08,MS/STT,-0.0,-0.0,0.0,29,0.25,-0.0
2024-10-08,META/MSFT,0.0,0.0,0.0,29,0.25,0.0
2024-10-08,IEMG/VWO,-0.0,-0.0,0.0,29,0.25,-0.0
2024-10-08,IEFA/VEA,0.0,0.0,0.0,29,0.25,0.0
2024-10-09,MS/STT,0.0,0.0,0.0,29,0.25,0.0
2024-10-09,META/MSFT,0.0,0.0,0.0,29,0.25,0.0
2024-10-09,IEMG/VWO,-0.0018765568710303,-0.0008765568710303,1.0,29,0.25,-0.0004691392177575
2024-10-09,IEFA/VEA,-0.0,-0.0,0.0,29,0.25,-0.0
2024-10-10,MS/STT,-0.0,-0.0,0.0,29,0.25,-0.0
2024-10-10,META/MSFT,0.0,0.0,0.0,29,0.25,0.0
2024-10-10,IEMG/VWO,-3.925774565144247e-05,-3.925774565144247e-05,0.0,29,0.25,-9.814436412860617e-06
2024-10-10,IEFA/VEA,0.0,0.0,0.0,29,0.25,0.0
2024-10-11,MS/STT,0.0,0.0,0.0,29,0.25,0.0
2024-10-11,META/MSFT,-0.0,-0.0,0.0,29,0.25,-0.0
2024-10-11,IEMG/VWO,0.0002256767764223,0.0002256767764223,0.0,29,0.25,5.641919410557616e-05
2024-10-11,IEFA/VEA,-0.0,-0.0,0.0,29,0.25,-0.0
2024-10-14,MS/STT,0.0,0.0,0.0,29,0.25,0.0
2024-10-14,META/MSFT,0.0,0.0,0.0,29,0.25,0.0
2024-10-14,IEMG/VWO,-0.0008333334821994,-0.0008333334821994,0.0,29,0.25,-0.0002083333705498
2024-10-14,IEFA/VEA,0.0,0.0,0.0,29,0.25,0.0
2024-10-15,MS/STT,-0.0,-0.0,0.0,29,0.25,-0.0
2024-10-15,META/MSFT,0.0,0.0,0.0,29,0.25,0.0
2024-10-15,IEMG/VWO,-0.0003076390463859,-0.0003076390463859,0.0,29,0.25,-7.690976159648097e-05
2024-10-15,IEFA/VEA,0.0,0.0,0.0,29,0.25,0.0
2024-10-16,MS/STT,0.0,0.0,0.0,29,0.25,0.0
2024-10-16,META/MSFT,-0.0,-0.0,0.0,29,0.25,-0.0
2024-10-16,IEMG/VWO,0.0001961274024553,0.0001961274024553,0.0,29,0.25,4.903185061383154e-05
2024-10-16,IEFA/VEA,0.0,0.0,0.0,29,0.25,0.0
2024-10-17,MS/STT,-0.0020257778813286,-0.0010257778813286,1.0,29,0.25,-0.0005064444703321
2024-10-17,META/MSFT,0.0,0.0,0.0,29,0.25,0.0
2024-10-17,IEMG/VWO,-0.0003296806697598,-0.0003296806697598,0.0,29,0.25,-8.242016743997183e-05
2024-10-17,IEFA/VEA,-0.0010666844131633,-6.668441316336249e-05,1.0,29,0.25,-0.0002666711032908
2024-10-18,MS/STT,-0.0129919322749471,-0.0129919322749471,0.0,29,0.25,-0.0032479830687367
2024-10-18,META/MSFT,0.0,0.0,0.0,29,0.25,0.0
2024-10-18,IEMG/VWO,0.0021422476746355,0.0021422476746355,0.0,29,0.25,0.0005355619186588
2024-10-18,IEFA/VEA,0.0003768661154968,0.0003768661154968,0.0,29,0.25,9.421652887422236e-05
2024-10-21,MS/STT,0.0086421687918086,0.0086421687918086,0.0,29,0.25,0.0021605421979521
2024-10-21,META/MSFT,0.0,0.0,0.0,29,0.25,0.0
2024-10-21,IEMG/VWO,-0.0009008081591426,-0.0009008081591426,0.0,29,0.25,-0.0002252020397856
2024-10-21,IEFA/VEA,-0.000386735932374,-0.000386735932374,0.0,29,0.25,-9.668398309352382e-05
2024-10-22,MS/STT,-0.0016410675953798,-0.0016410675953798,0.0,29,0.25,-0.0004102668988449
2024-10-22,META/MSFT,0.0,0.0,0.0,29,0.25,0.0
2024-10-22,IEMG/VWO,0.0008133777509426,0.0008133777509426,0.0,29,0.25,0.0002033444377356
2024-10-22,IEFA/VEA,-8.119602833693711e-05,-8.119602833693711e-05,0.0,29,0.25,-2.029900708423428e-05
2024-10-23,MS/STT,0.0070641495788226,0.0070641495788226,0.0,29,0.25,0.0017660373947056
2024-10-23,META/MSFT,-0.0045070069843598,-0.0035070069843598,1.0,29,0.25,-0.0011267517460899
2024-10-23,IEMG/VWO,-0.000476727278963,-0.000476727278963,0.0,29,0.25,-0.0001191818197407
2024-10-23,IEFA/VEA,-0.0004605399251942,-0.0004605399251942,0.0,29,0.25,-0.0001151349812985
2024-10-24,MS/STT,-0.0026829113527414,-0.0026829113527414,0.0,29,0.25,-0.0006707278381853
2024-10-24,META/MSFT,0.0017342367779149,0.0017342367779149,0.0,29,0.25,0.0004335591944787
2024-10-24,IEMG/VWO,0.0004967796510155,0.0004967796510155,0.0,29,0.25,0.0001241949127538
2024-10-24,IEFA/VEA,0.0010168632714629,0.0010168632714629,0.0,29,0.25,0.0002542158178657
2024-10-25,MS/STT,0.0053077560997816,0.0053077560997816,0.0,29,0.25,0.0013269390249454
2024-10-25,META/MSFT,-0.0032763625085686,-0.0032763625085686,0.0,29,0.25,-0.0008190906271421
2024-10-25,IEMG/VWO,8.645896062873143e-05,8.645896062873143e-05,0.0,29,0.25,2.1614740157182855e-05
2024-10-25,IEFA/VEA,-7.472841218651855e-05,-7.472841218651855e-05,0.0,29,0.25,-1.868210304662964e-05
2024-10-28,MS/STT,-0.0004108670488823,-0.0004108670488823,0.0,29,0.25,-0.0001027167622205
2024-10-28,META/MSFT,0.0049740047509305,0.0049740047509305,0.0,29,0.25,0.0012435011877326
2024-10-28,IEMG/VWO,-0.0001078629386758,-0.0001078629386758,0.0,29,0.25,-2.6965734668968432e-05
2024-10-28,IEFA/VEA,5.295425473931858e-05,5.295425473931858e-05,0.0,29,0.25,1.3238563684829646e-05
2024-10-29,MS/STT,-0.0015422567552411,-0.0015422567552411,0.0,29,0.25,-0.0003855641888102
2024-10-29,META/MSFT,-0.002103069171257,-0.002103069171257,0.0,29,0.25,-0.0005257672928142
2024-10-29,IEMG/VWO,-0.0004774347486708,-0.0004774347486708,0.0,29,0.25,-0.0001193586871677
2024-10-29,IEFA/VEA,-0.0004392478387774,-0.0004392478387774,0.0,29,0.25,-0.0001098119596943
2024-10-30,MS/STT,0.0074958689405714,0.0074958689405714,0.0,29,0.25,0.0018739672351428
2024-10-30,META/MSFT,-0.0016541187214747,-0.0016541187214747,0.0,29,0.25,-0.0004135296803686
2024-10-30,IEMG/VWO,0.0005585476561813,0.0005585476561813,0.0,29,0.25,0.0001396369140453
2024-10-30,IEFA/VEA,-0.0001146660910989,-0.0001146660910989,0.0,29,0.25,-2.866652277472511e-05
2024-10-31,MS/STT,0.0033253618516617,0.0033253618516617,0.0,29,0.25,0.0008313404629154
2024-10-31,META/MSFT,0.0330932705888098,0.0330932705888098,0.0,29,0.25,0.0082733176472024
2024-10-31,IEMG/VWO,0.0010943414923074,0.0010943414923074,0.0,29,0.25,0.0002735853730768
2024-10-31,IEFA/VEA,0.0004454165031465,0.0004454165031465,0.0,29,0.25,0.0001113541257866
2024-11-01,MS/STT,-0.0031416932175186,-0.0031416932175186,0.0,29,0.25,-0.0007854233043796
2024-11-01,META/MSFT,-0.007428494506451,-0.007428494506451,0.0,29,0.25,-0.0018571236266127
2024-11-01,IEMG/VWO,-0.0011215395941102,-0.0011215395941102,0.0,29,0.25,-0.0002803848985275
2024-11-01,IEFA/VEA,0.0001071528844015,0.0001071528844015,0.0,29,0.25,2.6788221100376253e-05
2024-11-04,MS/STT,0.0014228270729782,0.0014228270729782,0.0,29,0.25,0.0003557067682445
2024-11-04,META/MSFT,0.0003318782361136,0.0003318782361136,0.0,29,0.25,8.296955902840595e-05
2024-11-04,IEMG/VWO,6.580671764252745e-05,6.580671764252745e-05,0.0,29,0.25,1.6451679410631862e-05
2024-11-04,IEFA/VEA,-0.0005000605873181,-0.0005000605873181,0.0,29,0.25,-0.0001250151468295
2024-11-05,MS/STT,-0.0060004052284808,-0.0060004052284808,0.0,29,0.25,-0.0015001013071202
2024-11-05,META/MSFT,0.0002563726931351,0.0002563726931351,0.0,29,0.25,6.40931732837781e-05
2024-11-05,IEMG/VWO,-0.001,0.0,1.0,29,0.25,-0.00025
2024-11-05,IEFA/VEA,-0.0004701931794167,-0.0004701931794167,0.0,29,0.25,-0.0001175482948541
2024-11-06,MS/STT,-0.0542559460956041,-0.0542559460956041,0.0,29,0.25,-0.013563986523901
2024-11-06,META/MSFT,-0.0156831274880745,-0.0156831274880745,0.0,29,0.25,-0.0039207818720186
2024-11-06,IEMG/VWO,0.0,0.0,0.0,29,0.25,0.0
2024-11-06,IEFA/VEA,-0.0005455837377919,-0.0005455837377919,0.0,29,0.25,-0.0001363959344479
2024-11-07,MS/STT,0.0070753623216194,0.0070753623216194,0.0,29,0.25,0.0017688405804048
2024-11-07,META/MSFT,0.0001133415261791,0.0001133415261791,0.0,29,0.25,2.8335381544794456e-05
2024-11-07,IEMG/VWO,0.0,0.0,0.0,29,0.25,0.0
2024-11-07,IEFA/VEA,0.0002004957193571,0.0002004957193571,0.0,29,0.25,5.012392983929746e-05
2024-11-08,MS/STT,-0.0065311632994316,-0.0065311632994316,0.0,29,0.25,-0.0016327908248579
2024-11-08,META/MSFT,0.0038856022288059,0.0038856022288059,0.0,29,0.25,0.0009714005572014
2024-11-08,IEMG/VWO,-0.0,-0.0,0.0,29,0.25,-0.0
2024-11-08,IEFA/VEA,-8.711855231137326e-05,-8.711855231137326e-05,0.0,29,0.25,-2.1779638077843315e-05
2024-11-11,MS/STT,-0.0110513262736566,-0.0110513262736566,0.0,29,0.25,-0.0027628315684141
2024-11-11,META/MSFT,0.0050067731369732,0.0050067731369732,0.0,29,0.25,0.0012516932842433
2024-11-11,IEMG/VWO,0.0,0.0,0.0,29,0.25,0.0
2024-11-11,IEFA/VEA,0.0002675939749251,0.0002675939749251,0.0,29,0.25,6.689849373129873e-05
2024-11-12,MS/STT,-0.0002196953682564,-0.0002196953682564,0.0,29,0.25,-5.49238420641065e-05
2024-11-12,META/MSFT,-0.0080117099925656,-0.0080117099925656,0.0,29,0.25,-0.0020029274981414
2024-11-12,IEMG/VWO,-0.0,-0.0,0.0,29,0.25,-0.0
2024-11-12,IEFA/VEA,-0.0008059044282084,-0.0008059044282084,0.0,29,0.25,-0.0002014761070521
2024-11-13,MS/STT,-0.001,0.0,1.0,29,0.25,-0.00025
2024-11-13,META/MSFT,-0.0059689370294618,-0.0059689370294618,0.0,29,0.25,-0.0014922342573654
2024-11-13,IEMG/VWO,0.0,0.0,0.0,29,0.25,0.0
2024-11-13,IEFA/VEA,-0.001,0.0,1.0,29,0.25,-0.00025
2024-11-14,MS/STT,0.0,0.0,0.0,29,0.25,0.0
2024-11-14,META/MSFT,-0.0042236534485894,-0.0042236534485894,0.0,29,0.25,-0.0010559133621473
2024-11-14,IEMG/VWO,-0.0,-0.0,0.0,29,0.25,-0.0
2024-11-14,IEFA/VEA,-0.0,-0.0,0.0,29,0.25,-0.0
2024-11-15,MS/STT,0.0,0.0,0.0,29,0.25,0.0
2024-11-15,META/MSFT,0.0094993345457297,0.0094993345457297,0.0,29,0.25,0.0023748336364324
2024-11-15,IEMG/VWO,-0.0,-0.0,0.0,29,0.25,-0.0
2024-11-15,IEFA/VEA,0.0,0.0,0.0,29,0.25,0.0
2024-11-18,MS/STT,-0.0,-0.0,0.0,29,0.25,-0.0
2024-11-18,META/MSFT,-0.00117988745418,-0.00117988745418,0.0,29,0.25,-0.000294971863545
2024-11-18,IEMG/VWO,-0.0,-0.0,0.0,29,0.25,-0.0
2024-11-18,IEFA/VEA,0.0,0.0,0.0,29,0.25,0.0
2024-11-19,MS/STT,-0.0,-0.0,0.0,29,0.25,-0.0
2024-11-19,META/MSFT,-0.001,0.0,1.0,29,0.25,-0.00025
2024-11-19,IEMG/VWO,-0.0004845512306896,0.0005154487693103,1.0,29,0.25,-0.0001211378076724
2024-11-19,IEFA/VEA,-0.0,-0.0,0.0,29,0.25,-0.0
2024-11-20,MS/STT,-0.0,-0.0,0.0,29,0.25,-0.0
2024-11-20,META/MSFT,-0.0,-0.0,0.0,29,0.25,-0.0
2024-11-20,IEMG/VWO,0.0004282036994742,0.0004282036994742,0.0,29,0.25,0.0001070509248685
2024-11-20,IEFA/VEA,0.0,0.0,0.0,29,0.25,0.0
2024-11-21,MS/STT,0.0,0.0,0.0,29,0.25,0.0
2024-11-21,META/MSFT,-0.0,-0.0,0.0,29,0.25,-0.0
2024-11-21,IEMG/VWO,-0.0006216794287472,-0.0006216794287472,0.0,29,0.25,-0.0001554198571868
2024-11-21,IEFA/VEA,0.0,0.0,0.0,29,0.25,0.0
2024-11-22,MS/STT,-0.0,-0.0,0.0,29,0.25,-0.0
2024-11-22,META/MSFT,0.0,0.0,0.0,29,0.25,0.0
2024-11-22,IEMG/VWO,-0.0004296298825537,-0.0004296298825537,0.0,29,0.25,-0.0001074074706384
2024-11-22,IEFA/VEA,-0.0010362337313225,-3.623373132254557e-05,1.0,29,0.25,-0.0002590584328306
2024-11-25,MS/STT,-0.0,-0.0,0.0,29,0.25,-0.0
2024-11-25,META/MSFT,0.0,0.0,0.0,29,0.25,0.0
2024-11-25,IEMG/VWO,-0.0003166083679177,-0.0003166083679177,0.0,29,0.25,-7.915209197943202e-05
2024-11-25,IEFA/VEA,-0.0003763096717309,-0.0003763096717309,0.0,29,0.25,-9.407741793273592e-05
2024-11-26,MS/STT,-0.0,-0.0,0.0,29,0.25,-0.0
2024-11-26,META/MSFT,0.0,0.0,0.0,29,0.25,0.0
2024-11-26,IEMG/VWO,-0.0010756522158955,-0.0010756522158955,0.0,29,0.25,-0.0002689130539738
2024-11-26,IEFA/VEA,0.0003629535119658,0.0003629535119658,0.0,29,0.25,9.07383779914557e-05
2024-11-27,MS/STT,-0.0,-0.0,0.0,29,0.25,-0.0
2024-11-27,META/MSFT,-0.0,-0.0,0.0,29,0.25,-0.0
2024-11-27,IEMG/VWO,0.0017407814621001,0.0017407814621001,0.0,29,0.25,0.000435195365525
2024-11-27,IEFA/VEA,-2.875751535741849e-05,-2.875751535741849e-05,0.0,29,0.25,-7.189378839354622e-06
2024-11-29,MS/STT,0.0,0.0,0.0,29,0.25,0.0
2024-11-29,META/MSFT,-0.0,-0.0,0.0,29,0.25,-0.0
2024-11-29,IEMG/VWO,0.0005567112392643,0.0005567112392643,0.0,29,0.25,0.000139177809816
2024-11-29,IEFA/VEA,0.0012564656306001,0.0012564656306001,0.0,29,0.25,0.00031411640765
2024-12-02,MS/STT,-0.0,-0.0,0.0,29,0.25,-0.0
2024-12-02,META/MSFT,0.0,0.0,0.0,29,0.25,0.0
2024-12-02,IEMG/VWO,0.001406845530552,0.001406845530552,0.0,29,0.25,0.000351711382638
2024-12-02,IEFA/VEA,0.0003770621389903,0.0003770621389903,0.0,29,0.25,9.426553474759804e-05
2024-12-03,MS/STT,-0.0,-0.0,0.0,29,0.25,-0.0
2024-12-03,META/MSFT,-0.0,-0.0,0.0,29,0.25,-0.0
2024-12-03,IEMG/VWO,0.0009497777207456,0.0009497777207456,0.0,29,0.25,0.0002374444301864
2024-12-03,IEFA/VEA,0.0005955259693413,0.0005955259693413,0.0,29,0.25,0.0001488814923353
2024-12-04,MS/STT,-0.0,-0.0,0.0,29,0.25,-0.0
2024-12-04,META/MSFT,0.0,0.0,0.0,29,0.25,0.0
2024-12-04,IEMG/VWO,-0.0003889673239905,-0.0003889673239905,0.0,29,0.25,-9.724183099763218e-05
2024-12-04,IEFA/VEA,0.0003693656275448,0.0003693656275448,0.0,29,0.25,9.234140688621316e-05
2024-12-05,MS/STT,-0.0,-0.0,0.0,29,0.25,-0.0
2024-12-05,META/MSFT,0.0,0.0,0.0,29,0.25,0.0
2024-12-05,IEMG/VWO,0.0001922485386397,0.0001922485386397,0.0,29,0.25,4.806213465992854e-05
2024-12-05,IEFA/VEA,0.0001190974396325,0.0001190974396325,0.0,29,0.25,2.977435990813189e-05
2024-12-06,MS/STT,-0.0,-0.0,0.0,29,0.25,-0.0
2024-12-06,META/MSFT,-0.0,-0.0,0.0,29,0.25,-0.0
2024-12-06,IEMG/VWO,0.0011984786840875,0.0011984786840875,0.0,29,0.25,0.0002996196710218
2024-12-06,IEFA/VEA,0.0006936507600534,0.0006936507600534,0.0,29,0.25,0.0001734126900133
2024-12-09,MS/STT,-0.0,-0.0,0.0,29,0.25,-0.0
2024-12-09,META/MSFT,0.0,0.0,0.0,29,0.25,0.0
2024-12-09,IEMG/VWO,0.0033403876343612,0.0033403876343612,0.0,29,0.25,0.0008350969085903
2024-12-09,IEFA/VEA,0.0005917376098953,0.0005917376098953,0.0,29,0.25,0.0001479344024738
2024-12-10,MS/STT,-0.0,-0.0,0.0,29,0.25,-0.0
2024-12-10,META/MSFT,-0.0,-0.0,0.0,29,0.25,-0.0
2024-12-10,IEMG/VWO,-0.0019968774007093,-0.0019968774007093,0.0,29,0.25,-0.0004992193501773
2024-12-10,IEFA/VEA,-0.0003162285345211,-0.0003162285345211,0.0,29,0.25,-7.905713363029521e-05
2024-12-11,MS/STT,0.0,0.0,0.0,29,0.25,0.0
2024-12-11,META/MSFT,0.0,0.0,0.0,29,0.25,0.0
2024-12-11,IEMG/VWO,-0.001616235667056,-0.001616235667056,0.0,29,0.25,-0.000404058916764
2024-12-11,IEFA/VEA,-0.0005857586035393,-0.0005857586035393,0.0,29,0.25,-0.0001464396508848
2024-12-12,MS/STT,-0.0,-0.0,0.0,29,0.25,-0.0
2024-12-12,META/MSFT,0.0,0.0,0.0,29,0.25,0.0
2024-12-12,IEMG/VWO,-0.0002242601188929,-0.0002242601188929,0.0,29,0.25,-5.606502972323597e-05
2024-12-12,IEFA/VEA,0.0003365550867535,0.0003365550867535,0.0,29,0.25,8.41387716883959e-05
2024-12-13,MS/STT,-0.0,-0.0,0.0,29,0.25,-0.0
2024-12-13,META/MSFT,0.0,0.0,0.0,29,0.25,0.0
2024-12-13,IEMG/VWO,-4.736142464083529e-05,-4.736142464083529e-05,0.0,29,0.25,-1.1840356160208822e-05
2024-12-13,IEFA/VEA,-0.0002433391629019,-0.0002433391629019,0.0,29,0.25,-6.083479072549342e-05
2024-12-16,MS/STT,0.0,0.0,0.0,29,0.25,0.0
2024-12-16,META/MSFT,0.0,0.0,0.0,29,0.25,0.0
2024-12-16,IEMG/VWO,-0.0005884845689659,-0.0005884845689659,0.0,29,0.25,-0.0001471211422414
2024-12-16,IEFA/VEA,0.000358486075233,0.000358486075233,0.0,29,0.25,8.962151880825185e-05
2024-12-17,MS/STT,0.0,0.0,0.0,29,0.25,0.0
2024-12-17,META/MSFT,0.0,0.0,0.0,29,0.25,0.0
2024-12-17,IEMG/VWO,-0.001,0.0,1.0,29,0.25,-0.00025
2024-12-17,IEFA/VEA,4.29913481664704e-05,4.29913481664704e-05,0.0,29,0.25,1.07478370416176e-05
2024-12-18,MS/STT,-0.0,-0.0,0.0,29,0.25,-0.0
2024-12-18,META/MSFT,-0.0,-0.0,0.0,29,0.25,-0.0
2024-12-18,IEMG/VWO,-0.0,-0.0,0.0,29,0.25,-0.0
2024-12-18,IEFA/VEA,0.0005286503648255,0.0005286503648255,0.0,29,0.25,0.0001321625912063
2024-12-19,MS/STT,-0.0,-0.0,0.0,29,0.25,-0.0
2024-12-19,META/MSFT,-0.0008564062856278,0.0001435937143721,1.0,29,0.25,-0.0002141015714069
2024-12-19,IEMG/VWO,-0.0,-0.0,0.0,29,0.25,-0.0
2024-12-19,IEFA/VEA,0.0004695273386887,0.0004695273386887,0.0,29,0.25,0.0001173818346721
2024-12-20,MS/STT,0.0,0.0,0.0,29,0.25,0.0
2024-12-20,META/MSFT,0.0040177950245637,0.0040177950245637,0.0,29,0.25,0.0010044487561409
2024-12-20,IEMG/VWO,0.0,0.0,0.0,29,0.25,0.0
2024-12-20,IEFA/VEA,-0.001,0.0,1.0,29,0.25,-0.00025
2024-12-23,MS/STT,0.0,0.0,0.0,29,0.25,0.0
2024-12-23,META/MSFT,-0.0090619290881664,-0.0090619290881664,0.0,29,0.25,-0.0022654822720416
2024-12-23,IEMG/VWO,-0.0,-0.0,0.0,29,0.25,-0.0
2024-12-23,IEFA/VEA,0.0,0.0,0.0,29,0.25,0.0
2024-12-24,MS/STT,0.0,0.0,0.0,29,0.25,0.0
2024-12-24,META/MSFT,0.0032269348156806,0.0032269348156806,0.0,29,0.25,0.0008067337039201
2024-12-24,IEMG/VWO,0.0,0.0,0.0,29,0.25,0.0
2024-12-24,IEFA/VEA,-0.0,-0.0,0.0,29,0.25,-0.0
2024-12-26,MS/STT,0.0,0.0,0.0,29,0.25,0.0
2024-12-26,META/MSFT,-4.645105167983974e-05,-4.645105167983974e-05,0.0,29,0.25,-1.1612762919959936e-05
2024-12-26,IEMG/VWO,0.0,0.0,0.0,29,0.25,0.0
2024-12-26,IEFA/VEA,-0.0,-0.0,0.0,29,0.25,-0.0
2024-12-27,MS/STT,-0.0,-0.0,0.0,29,0.25,-0.0
2024-12-27,META/MSFT,-0.0109870411113939,-0.0109870411113939,0.0,29,0.25,-0.0027467602778484
2024-12-27,IEMG/VWO,0.0,0.0,0.0,29,0.25,0.0
2024-12-27,IEFA/VEA,-0.0,-0.0,0.0,29,0.25,-0.0
2024-12-30,MS/STT,-0.0,-0.0,0.0,29,0.25,-0.0
2024-12-30,META/MSFT,-0.0057529172832342,-0.0057529172832342,0.0,29,0.25,-0.0014382293208085
2024-12-30,IEMG/VWO,-0.0,-0.0,0.0,29,0.25,-0.0
2024-12-30,IEFA/VEA,0.0,0.0,0.0,29,0.25,0.0
2024-12-31,MS/STT,0.0,0.0,0.0,29,0.25,0.0
2024-12-31,META/MSFT,-0.0030800297480358,-0.0030800297480358,0.0,29,0.25,-0.0007700074370089
2024-12-31,IEMG/VWO,0.0,0.0,0.0,29,0.25,0.0
2024-12-31,IEFA/VEA,0.0,0.0,0.0,29,0.25,0.0
