date,segment,portfolio_return_unscaled,portfolio_gross_return_unscaled,pair_turnover,leverage,strategy_return,active_pairs
2017-07-05,0,0.0,0.0,0.0,1.0,0.0,3
2017-07-06,0,0.0,0.0,0.0,1.0,0.0,3
2017-07-07,0,0.0004192525652707,0.0007525858986041,0.3333333333333333,1.0,0.0004192525652707,3
2017-07-10,0,0.0013337993193029,0.0013337993193029,0.0,1.0,0.0013337993193029,3
2017-07-11,0,-0.0002252471482252,-0.0002252471482252,0.0,1.0,-0.0002252471482252,3
2017-07-12,0,-0.0009213681270076,-0.0005880347936743,0.3333333333333333,1.0,-0.0009213681270076,3
2017-07-13,0,-0.0020261372518677,-0.0020261372518677,0.0,1.0,-0.0020261372518677,3
2017-07-14,0,0.0008499903843245,0.0008499903843245,0.0,1.0,0.0008499903843245,3
2017-07-17,0,0.0015190442082989,0.0015190442082989,0.0,1.0,0.0015190442082989,3
2017-07-18,0,-0.0029321180750534,-0.0029321180750534,0.0,1.0,-0.0029321180750534,3
2017-07-19,0,-0.0098709329515053,-0.0098709329515053,0.0,1.0,-0.0098709329515053,3
2017-07-20,0,-0.0006758961504665,-0.0003425628171332,0.3333333333333333,1.0,-0.0006758961504665,3
2017-07-21,0,-0.0001822421998207,-0.0001822421998207,0.0,1.0,-0.0001822421998207,3
2017-07-24,0,-0.0007431476722615,-0.0007431476722615,0.0,1.0,-0.0007431476722615,3
2017-07-25,0,0.0010709285782901,0.0010709285782901,0.0,1.0,0.0010709285782901,3
2017-07-26,0,0.0009021548842344,0.0009021548842344,0.0,1.0,0.0009021548842344,3
2017-07-27,0,-0.0072559414829181,-0.0072559414829181,0.0,1.0,-0.0072559414829181,3
2017-07-28,0,-0.0053508457010963,-0.0053508457010963,0.0,1.0,-0.0053508457010963,3
2017-07-31,0,0.0006995297006504,0.0006995297006504,0.0,1.0,0.0006995297006504,3
2017-08-01,0,0.0001237982376376,0.0001237982376376,0.0,1.0,0.0001237982376376,3
2017-08-02,0,0.0007050379520448,0.0007050379520448,0.0,1.0,0.0007050379520448,3
2017-08-03,0,-4.808082079253189e-05,-4.808082079253189e-05,0.0,1.0,-4.808082079253189e-05,3
2017-08-04,0,-0.0012936976763964,-0.0012936976763964,0.0,1.0,-0.0012936976763964,3
2017-08-07,0,-0.0035679942707705,-0.0032346609374372,0.3333333333333333,1.0,-0.0035679942707705,3
2017-08-08,0,0.0009151411701756,0.0012484745035089,0.3333333333333333,1.0,0.0009151411701756,3
2017-08-09,0,0.0012300191489882,0.0012300191489882,0.0,1.0,0.0012300191489882,3
2017-08-10,0,-0.0007736494807158,-0.0007736494807158,0.0,1.0,-0.0007736494807158,3
2017-08-11,0,-0.0003192713447639,-0.0003192713447639,0.0,1.0,-0.0003192713447639,3
2017-08-14,0,-0.0001572739435395,-0.0001572739435395,0.0,1.0,-0.0001572739435395,3
2017-08-15,0,-0.0006771207644449,-0.0006771207644449,0.0,1.0,-0.0006771207644449,3
2017-08-16,0,0.001439322539032,0.001439322539032,0.0,1.0,0.001439322539032,3
2017-08-17,0,-0.0020569403834415,-0.0020569403834415,0.0,1.0,-0.0020569403834415,3
2017-08-18,0,-0.0003275735394881,-0.0003275735394881,0.0,1.0,-0.0003275735394881,3
2017-08-21,0,-0.0001146279197364,-0.0001146279197364,0.0,1.0,-0.0001146279197364,3
2017-08-22,0,0.0001658930680419,0.0001658930680419,0.0,1.0,0.0001658930680419,3
2017-08-23,0,3.136853229686186e-05,3.136853229686186e-05,0.0,1.0,3.136853229686186e-05,3
2017-08-24,0,0.0012237376541032,0.0012237376541032,0.0,1.0,0.0012237376541032,3
2017-08-25,0,-0.0005587474970893,-0.0005587474970893,0.0,1.0,-0.0005587474970893,3
2017-08-28,0,-0.0023916105775997,-0.0023916105775997,0.0,1.0,-0.0023916105775997,3
2017-08-29,0,0.0005484277750165,0.0005484277750165,0.0,1.0,0.0005484277750165,3
2017-08-30,0,0.0001393391263758,0.0001393391263758,0.0,1.0,0.0001393391263758,3
2017-08-31,0,-0.0005423066421745,-0.0005423066421745,0.0,1.0,-0.0005423066421745,3
2017-09-01,0,-0.0003333333333333,0.0,0.3333333333333333,1.0,-0.0003333333333333,3
2017-09-05,0,0.0,0.0,0.0,1.0,0.0,3
2017-09-06,0,0.0,0.0,0.0,1.0,0.0,3
2017-09-07,0,0.0,0.0,0.0,1.0,0.0,3
2017-09-08,0,0.0,0.0,0.0,1.0,0.0,3
2017-09-11,0,0.0013551656443344,0.0016884989776678,0.3333333333333333,1.0,0.0013551656443344,3
2017-09-12,0,0.0013378159458057,0.0013378159458057,0.0,1.0,0.0013378159458057,3
2017-09-13,0,0.002964749525276,0.002964749525276,0.0,1.0,0.002964749525276,3
2017-09-14,0,0.0010561986136059,0.0010561986136059,0.0,1.0,0.0010561986136059,3
2017-09-15,0,0.0007963690664274,0.0007963690664274,0.0,1.0,0.0007963690664274,3
2017-09-18,0,0.0003206991017438,0.0006540324350771,0.3333333333333333,1.0,0.0003206991017438,3
2017-09-19,0,-0.0017471711705345,-0.0017471711705345,0.0,1.0,-0.0017471711705345,3
2017-09-20,0,-0.0011117895041428,-0.0011117895041428,0.0,1.0,-0.0011117895041428,3
2017-09-21,0,0.0007635710132872,0.0007635710132872,0.0,1.0,0.0007635710132872,3
2017-09-22,0,-0.0026216683264837,-0.0026216683264837,0.0,1.0,-0.0026216683264837,3
2017-09-25,0,-0.0007419700250354,-0.0007419700250354,0.0,1.0,-0.0007419700250354,3
2017-09-26,0,-0.0010851666338344,-0.0010851666338344,0.0,1.0,-0.0010851666338344,3
2017-09-27,0,-0.0010677068394113,-0.0010677068394113,0.0,1.0,-0.0010677068394113,3
2017-09-28,0,-0.0016644838516862,-0.0016644838516862,0.0,1.0,-0.0016644838516862,3
2017-09-29,0,0.0008333489605655,0.0008333489605655,0.0,1.0,0.0008333489605655,3
2017-10-02,0,0.002652151684886,0.002652151684886,0.0,1.0,0.002652151684886,3
2017-10-03,1,0.0,0.0,0.0,1.0,0.0,4
2017-10-04,1,0.0,0.0,0.0,1.0,0.0,4
2017-10-05,1,0.0,0.0,0.0,1.0,0.0,4
2017-10-06,1,0.0,0.0,0.0,1.0,0.0,4
2017-10-09,1,0.0,0.0,0.0,1.0,0.0,4
2017-10-10,1,0.0,0.0,0.0,1.0,0.0,4
2017-10-11,1,0.0,0.0,0.0,1.0,0.0,4
2017-10-12,1,0.0,0.0,0.0,1.0,0.0,4
2017-10-13,1,0.0,0.0,0.0,1.0,0.0,4
2017-10-16,1,0.0,0.0,0.0,1.0,0.0,4
2017-10-17,1,0.0,0.0,0.0,1.0,0.0,4
2017-10-18,1,0.0,0.0,0.0,1.0,0.0,4
2017-10-19,1,0.0,0.0,0.0,1.0,0.0,4
2017-10-20,1,0.0,0.0,0.0,1.0,0.0,4
2017-10-23,1,0.0,0.0,0.0,1.0,0.0,4
2017-10-24,1,-0.0011545603806042,-0.0009045603806042,0.25,1.0,-0.0011545603806042,4
2017-10-25,1,-0.0014485612921526,-0.0014485612921526,0.0,1.0,-0.0014485612921526,4
2017-10-26,1,0.0002151577834325,0.0002151577834325,0.0,1.0,0.0002151577834325,4
2017-10-27,1,-0.0093801868028563,-0.0091301868028563,0.25,1.0,-0.0093801868028563,4
2017-10-30,1,-0.0130048186452358,-0.0130048186452358,0.0,1.0,-0.0130048186452358,4
2017-10-31,1,0.0005801531727583,0.0008301531727583,0.25,1.0,0.0005801531727583,4
2017-11-01,1,0.0028441369375172,0.0028441369375172,0.0,1.0,0.0028441369375172,4
2017-11-02,1,-0.0011843438790579,-0.0011843438790579,0.0,1.0,-0.0011843438790579,4
2017-11-03,1,-0.0010396186465306,-0.0010396186465306,0.0,1.0,-0.0010396186465306,4
2017-11-06,1,0.0057295185755073,0.0057295185755073,0.0,1.0,0.0057295185755073,4
2017-11-07,1,0.0075713287143644,0.0075713287143644,0.0,1.0,0.0075713287143644,4
2017-11-08,1,-0.0034972495209454,-0.0034972495209454,0.0,1.0,-0.0034972495209454,4
2017-11-09,1,-0.0029352971844554,-0.0029352971844554,0.0,1.0,-0.0029352971844554,4
2017-11-10,1,0.0008895758144675,0.0008895758144675,0.0,1.0,0.0008895758144675,4
2017-11-13,1,-0.0006403340298923,-0.0006403340298923,0.0,1.0,-0.0006403340298923,4
2017-11-14,1,0.0024187620295676,0.0024187620295676,0.0,1.0,0.0024187620295676,4
2017-11-15,1,0.0011434621605159,0.0011434621605159,0.0,1.0,0.0011434621605159,4
2017-11-16,1,-0.000739507651016,-0.000739507651016,0.0,1.0,-0.000739507651016,4
2017-11-17,1,-0.0002719360005124,-0.0002719360005124,0.0,1.0,-0.0002719360005124,4
2017-11-20,1,-0.0017803594642583,-0.0015303594642583,0.25,1.0,-0.0017803594642583,4
2017-11-21,1,0.000704395036063,0.000704395036063,0.0,1.0,0.000704395036063,4
2017-11-22,1,0.0002476430959924,0.0002476430959924,0.0,1.0,0.0002476430959924,4
2017-11-24,1,0.0009054099801054,0.0011554099801054,0.25,1.0,0.0009054099801054,4
2017-11-27,1,0.0013568540259226,0.0013568540259226,0.0,1.0,0.0013568540259226,4
2017-11-28,1,-0.00025,0.0,0.25,1.0,-0.00025,4
2017-11-29,1,0.0,0.0,0.0,1.0,0.0,4
2017-11-30,1,-0.0001369931044964,0.0001130068955035,0.25,1.0,-0.0001369931044964,4
2017-12-01,1,0.0003829640852896,0.0003829640852896,0.0,1.0,0.0003829640852896,4
2017-12-04,1,0.0001254248289997,0.0001254248289997,0.0,1.0,0.0001254248289997,4
2017-12-05,1,0.0001510959731017,0.0001510959731017,0.0,1.0,0.0001510959731017,4
2017-12-06,1,1.9733837792130303e-05,1.9733837792130303e-05,0.0,1.0,1.9733837792130303e-05,4
2017-12-07,1,-0.0002558957713669,-0.0002558957713669,0.0,1.0,-0.0002558957713669,4
2017-12-08,1,0.0002118864390752,0.0002118864390752,0.0,1.0,0.0002118864390752,4
2017-12-11,1,-0.0002054800241774,-0.0002054800241774,0.0,1.0,-0.0002054800241774,4
2017-12-12,1,0.0025884377028349,0.0028384377028349,0.25,1.0,0.0025884377028349,4
2017-12-13,1,-0.0010903034253615,-0.0010903034253615,0.0,1.0,-0.0010903034253615,4
2017-12-14,1,-0.001180120621989,-0.001180120621989,0.0,1.0,-0.001180120621989,4
2017-12-15,1,0.001118008068971,0.001368008068971,0.25,1.0,0.001118008068971,4
2017-12-18,1,-0.0089288925856675,-0.0089288925856675,0.0,1.0,-0.0089288925856675,4
2017-12-19,1,-0.0006328522107081,-0.0006328522107081,0.0,1.0,-0.0006328522107081,4
2017-12-20,1,-0.0001657185728943,-0.0001657185728943,0.0,1.0,-0.0001657185728943,4
2017-12-21,1,-0.0005057604995252,-0.0005057604995252,0.0,1.0,-0.0005057604995252,4
2017-12-22,1,0.0038131676959563,0.0038131676959563,0.0,1.0,0.0038131676959563,4
2017-12-26,1,-0.0012987776218524,-0.0012987776218524,0.0,1.0,-0.0012987776218524,4
2017-12-27,1,-0.0008605458236704,-0.0008605458236704,0.0,1.0,-0.0008605458236704,4
2017-12-28,1,-2.1595477695267412e-05,0.0002284045223047,0.25,1.0,-2.1595477695267412e-05,4
2017-12-29,1,0.0012303875686973,0.0012303875686973,0.0,1.0,0.0012303875686973,4
2018-01-02,1,-0.0023027749618469,-0.0023027749618469,0.0,1.0,-0.0023027749618469,4
2018-01-03,2,0.0,0.0,0.0,1.0,0.0,4
2018-01-04,2,0.0004600096405145,0.0007100096405145,0.25,1.0,0.0004600096405145,4
2018-01-05,2,-0.0005869804729546,-0.0005869804729546,0.0,1.0,-0.0005869804729546,4
2018-01-08,2,0.0001843371286916,0.0001843371286916,0.0,1.0,0.0001843371286916,4
2018-01-09,2,0.0007819432548313,0.0007819432548313,0.0,1.0,0.0007819432548313,4
2018-01-10,2,0.0001484269410641,0.0001484269410641,0.0,1.0,0.0001484269410641,4
2018-01-11,2,0.0017512593446133,0.0017512593446133,0.0,1.0,0.0017512593446133,4
2018-01-12,2,0.0090588467906219,0.0090588467906219,0.0,1.0,0.0090588467906219,4
2018-01-16,2,-0.00025,0.0,0.25,1.0,-0.00025,4
2018-01-17,2,-0.0004716110215085,2.8388978491466915e-05,0.5,1.0,-0.0004716110215085,4
2018-01-18,2,0.0020441801345067,0.0020441801345067,0.0,1.0,0.0020441801345067,4
2018-01-19,2,0.0012320769320978,0.0012320769320978,0.0,1.0,0.0012320769320978,4
2018-01-22,2,0.0012076262127446,0.0012076262127446,0.0,1.0,0.0012076262127446,4
2018-01-23,2,0.0008155829099379,0.0008155829099379,0.0,1.0,0.0008155829099379,4
2018-01-24,2,-0.0018774863082133,-0.0018774863082133,0.0,1.0,-0.0018774863082133,4
2018-01-25,2,-0.0007125363196317,-0.0007125363196317,0.0,1.0,-0.0007125363196317,4
2018-01-26,2,0.0005012507422443,0.0005012507422443,0.0,1.0,0.0005012507422443,4
2018-01-29,2,-0.0043098123716268,-0.0043098123716268,0.0,1.0,-0.0043098123716268,4
2018-01-30,2,-0.0003322676329318,-0.0003322676329318,0.0,1.0,-0.0003322676329318,4
2018-01-31,2,-0.0011481663099502,-0.0011481663099502,0.0,1.0,-0.0011481663099502,4
2018-02-01,2,0.0092005108676695,0.0092005108676695,0.0,1.0,0.0092005108676695,4
2018-02-02,2,-0.004924806187336,-0.004924806187336,0.0,1.0,-0.004924806187336,4
2018-02-05,2,-0.0051975132132744,-0.0049475132132744,0.25,1.0,-0.0051975132132744,4
2018-02-06,2,-0.0003906631092384,-0.0003906631092384,0.0,1.0,-0.0003906631092384,4
2018-02-07,2,-0.0027955661836994,-0.0027955661836994,0.0,1.0,-0.0027955661836994,4
2018-02-08,2,-0.0033383686101573,-0.0033383686101573,0.0,1.0,-0.0033383686101573,4
2018-02-09,2,0.0049452212417135,0.0049452212417135,0.0,1.0,0.0049452212417135,4
2018-02-12,2,-0.0028072808186336,-0.0028072808186336,0.0,1.0,-0.0028072808186336,4
2018-02-13,2,-0.0004325499280445,6.745007195540619e-05,0.5,1.0,-0.0004325499280445,4
2018-02-14,2,-1.8941122524302245e-05,-1.8941122524302245e-05,0.0,1.0,-1.8941122524302245e-05,4
2018-02-15,2,0.0001801513514351,0.0001801513514351,0.0,1.0,0.0001801513514351,4
2018-02-16,2,5.725136193027802e-05,5.725136193027802e-05,0.0,1.0,5.725136193027802e-05,4
2018-02-20,2,-9.338714301147908e-05,-9.338714301147908e-05,0.0,1.0,-9.338714301147908e-05,4
2018-02-21,2,-0.0004620126083879,-0.0004620126083879,0.0,1.0,-0.0004620126083879,4
2018-02-22,2,-5.677867988341452e-05,-5.677867988341452e-05,0.0,1.0,-5.677867988341452e-05,4
2018-02-23,2,0.0001545227696996,0.0001545227696996,0.0,1.0,0.0001545227696996,4
2018-02-26,2,1.765833368610173e-05,1.765833368610173e-05,0.0,1.0,1.765833368610173e-05,4
2018-02-27,2,0.0001495016628658,0.0001495016628658,0.0,1.0,0.0001495016628658,4
2018-02-28,2,0.0001654664482076,0.0001654664482076,0.0,1.0,0.0001654664482076,4
2018-03-01,2,9.092104532455756e-05,9.092104532455756e-05,0.0,1.0,9.092104532455756e-05,4
2018-03-02,2,-0.0001741324083616,-0.0001741324083616,0.0,1.0,-0.0001741324083616,4
2018-03-05,2,-0.00025,0.0,0.25,1.0,-0.00025,4
2018-03-06,2,0.0,0.0,0.0,1.0,0.0,4
2018-03-07,2,0.0,0.0,0.0,1.0,0.0,4
2018-03-08,2,0.0,0.0,0.0,1.0,0.0,4
2018-03-09,2,0.0,0.0,0.0,1.0,0.0,4
2018-03-12,2,0.0,0.0,0.0,1.0,0.0,4
2018-03-13,2,0.0,0.0,0.0,1.0,0.0,4
2018-03-14,2,0.0,0.0,0.0,1.0,0.0,4
2018-03-15,2,-0.0002422403825283,7.759617471635466e-06,0.25,1.0,-0.0002422403825283,4
2018-03-16,2,0.0001642373958565,0.0001642373958565,0.0,1.0,0.0001642373958565,4
2018-03-19,2,-3.658208952190123e-05,-3.658208952190123e-05,0.0,1.0,-3.658208952190123e-05,4
2018-03-20,2,-0.0066966878050976,-0.0064466878050976,0.25,1.0,-0.0066966878050976,4
2018-03-21,2,0.0014409784715728,0.0014409784715728,0.0,1.0,0.0014409784715728,4
2018-03-22,2,-0.0023861720309481,-0.0023861720309481,0.0,1.0,-0.0023861720309481,4
2018-03-23,2,-0.0025048676396595,-0.0025048676396595,0.0,1.0,-0.0025048676396595,4
2018-03-26,2,-0.0028541016691114,-0.0028541016691114,0.0,1.0,-0.0028541016691114,4
2018-03-27,2,-0.0046555906176759,-0.0046555906176759,0.0,1.0,-0.0046555906176759,4
2018-03-28,2,0.004587080267743,0.004587080267743,0.0,1.0,0.004587080267743,4
2018-03-29,2,0.0060543665681969,0.0060543665681969,0.0,1.0,0.0060543665681969,4
2018-04-02,2,4.792036824427076e-05,0.0002979203682442,0.25,1.0,4.792036824427076e-05,4
2018-04-03,2,-0.0005099321712116,-0.0005099321712116,0.0,1.0,-0.0005099321712116,4
2018-04-04,2,-0.0021595628146218,-0.0021595628146218,0.0,1.0,-0.0021595628146218,4
2018-04-05,3,0.0,0.0,0.0,1.0,0.0,4
2018-04-06,3,5.416406363792261e-05,0.0003041640636379,0.25,1.0,5.416406363792261e-05,4
2018-04-09,3,0.0001139298185016,0.0001139298185016,0.0,1.0,0.0001139298185016,4
2018-04-10,3,-3.0501009615677058e-05,-3.0501009615677058e-05,0.0,1.0,-3.0501009615677058e-05,4
2018-04-11,3,0.0001776212744039,0.0001776212744039,0.0,1.0,0.0001776212744039,4
2018-04-12,3,-0.0001610536813623,-0.0001610536813623,0.0,1.0,-0.0001610536813623,4
2018-04-13,3,0.0001238255974702,0.0001238255974702,0.0,1.0,0.0001238255974702,4
2018-04-16,3,3.2004807604473904e-05,3.2004807604473904e-05,0.0,1.0,3.2004807604473904e-05,4
2018-04-17,3,-0.0017095687254898,-0.0014595687254898,0.25,1.0,-0.0017095687254898,4
2018-04-18,3,0.004725475050037,0.004975475050037,0.25,1.0,0.004725475050037,4
2018-04-19,3,-0.0001887527784691,-0.0001887527784691,0.0,1.0,-0.0001887527784691,4
2018-04-20,3,-0.0032227639143252,-0.0032227639143252,0.0,1.0,-0.0032227639143252,4
2018-04-23,3,-0.0021349666314625,-0.0021349666314625,0.0,1.0,-0.0021349666314625,4
2018-04-24,3,4.878199484490873e-07,4.878199484490873e-07,0.0,1.0,4.878199484490873e-07,4
2018-04-25,3,-0.0024776856320819,-0.0024776856320819,0.0,1.0,-0.0024776856320819,4
2018-04-26,3,-0.0033718028100518,-0.0033718028100518,0.0,1.0,-0.0033718028100518,4
2018-04-27,3,-0.0025807260259476,-0.0025807260259476,0.0,1.0,-0.0025807260259476,4
2018-04-30,3,0.0016757677518381,0.0016757677518381,0.0,1.0,0.0016757677518381,4
2018-05-01,3,0.0005754660637961,0.0005754660637961,0.0,1.0,0.0005754660637961,4
2018-05-02,3,-0.0004704729019987,-0.0004704729019987,0.0,1.0,-0.0004704729019987,4
2018-05-03,3,-0.0014320818389764,-0.0011820818389764,0.25,1.0,-0.0014320818389764,4
2018-05-04,3,-0.0022720070416988,-0.0022720070416988,0.0,1.0,-0.0022720070416988,4
2018-05-07,3,0.0012955403287111,0.0012955403287111,0.0,1.0,0.0012955403287111,4
2018-05-08,3,0.0016510771100976,0.0016510771100976,0.0,1.0,0.0016510771100976,4
2018-05-09,3,-0.0005799164448709,-0.0005799164448709,0.0,1.0,-0.0005799164448709,4
2018-05-10,3,0.0013317553867899,0.0013317553867899,0.0,1.0,0.0013317553867899,4
2018-05-11,3,-0.0026856088272397,-0.0026856088272397,0.0,1.0,-0.0026856088272397,4
2018-05-14,3,-0.0018739779176022,-0.0013739779176022,0.5,1.0,-0.0018739779176022,4
2018-05-15,3,-0.0001427169026233,0.0001072830973766,0.25,1.0,-0.0001427169026233,4
2018-05-16,3,3.884243252529798e-05,3.884243252529798e-05,0.0,1.0,3.884243252529798e-05,4
2018-05-17,3,0.0003084648697871,0.0003084648697871,0.0,1.0,0.0003084648697871,4
2018-05-18,3,-0.0002369693319669,-0.0002369693319669,0.0,1.0,-0.0002369693319669,4
2018-05-21,3,9.404090869436514e-05,9.404090869436514e-05,0.0,1.0,9.404090869436514e-05,4
2018-05-22,3,4.523111032440909e-05,4.523111032440909e-05,0.0,1.0,4.523111032440909e-05,4
2018-05-23,3,3.005356039139381e-05,3.005356039139381e-05,0.0,1.0,3.005356039139381e-05,4
2018-05-24,3,-0.0002776854569991,-0.0002776854569991,0.0,1.0,-0.0002776854569991,4
2018-05-25,3,3.271147031319709e-05,3.271147031319709e-05,0.0,1.0,3.271147031319709e-05,4
2018-05-29,3,-0.0002752443613919,-0.0002752443613919,0.0,1.0,-0.0002752443613919,4
2018-05-30,3,2.434873904956437e-05,2.434873904956437e-05,0.0,1.0,2.434873904956437e-05,4
2018-05-31,3,4.273729761630156e-05,4.273729761630156e-05,0.0,1.0,4.273729761630156e-05,4
2018-06-01,3,4.615400831619736e-05,4.615400831619736e-05,0.0,1.0,4.615400831619736e-05,4
2018-06-04,3,5.688771266148745e-05,5.688771266148745e-05,0.0,1.0,5.688771266148745e-05,4
2018-06-05,3,9.057393924596502e-05,9.057393924596502e-05,0.0,1.0,9.057393924596502e-05,4
2018-06-06,3,0.0001386271043211,0.0001386271043211,0.0,1.0,0.0001386271043211,4
2018-06-07,3,-0.0003043980667815,-0.0003043980667815,0.0,1.0,-0.0003043980667815,4
2018-06-08,3,5.214774396147038e-05,5.214774396147038e-05,0.0,1.0,5.214774396147038e-05,4
2018-06-11,3,-0.00025,0.0,0.25,1.0,-0.00025,4
2018-06-12,3,0.0,0.0,0.0,1.0,0.0,4
2018-06-13,3,0.0,0.0,0.0,1.0,0.0,4
2018-06-14,3,0.0,0.0,0.0,1.0,0.0,4
2018-06-15,3,0.0,0.0,0.0,1.0,0.0,4
2018-06-18,3,0.0,0.0,0.0,1.0,0.0,4
2018-06-19,3,0.0002125139702431,0.0004625139702431,0.25,1.0,0.0002125139702431,4
2018-06-20,3,0.0008730707646997,0.0008730707646997,0.0,1.0,0.0008730707646997,4
2018-06-21,3,0.0003915612663065,0.0003915612663065,0.0,1.0,0.0003915612663065,4
2018-06-22,3,-0.0009828563284586,-0.0009828563284586,0.0,1.0,-0.0009828563284586,4
2018-06-25,3,8.949495440319873e-05,8.949495440319873e-05,0.0,1.0,8.949495440319873e-05,4
2018-06-26,3,0.0016978459414239,0.0019478459414239,0.25,1.0,0.0016978459414239,4
2018-06-27,3,-0.0022318152229836,-0.0022318152229836,0.0,1.0,-0.0022318152229836,4
2018-06-28,3,-0.0014702610308807,-0.0012202610308807,0.25,1.0,-0.0014702610308807,4
2018-06-29,3,0.001023054031463,0.001273054031463,0.25,1.0,0.001023054031463,4
2018-07-02,3,0.0010392299878298,0.0010392299878298,0.0,1.0,0.0010392299878298,4
2018-07-03,3,0.0001175817336205,0.0001175817336205,0.0,1.0,0.0001175817336205,4
2018-07-05,4,0.0,0.0,0.0,1.0,0.0,4
2018-07-06,4,0.0,0.0,0.0,1.0,0.0,4
2018-07-09,4,0.0,0.0,0.0,1.0,0.0,4
2018-07-10,4,-0.0003013513071473,-5.135130714737953e-05,0.25,1.0,-0.0003013513071473,4
2018-07-11,4,0.0005542599053954,0.0005542599053954,0.0,1.0,0.0005542599053954,4
2018-07-12,4,-0.001117513020303,-0.001117513020303,0.0,1.0,-0.001117513020303,4
2018-07-13,4,-0.0017972166808402,-0.0017972166808402,0.0,1.0,-0.0017972166808402,4
2018-07-16,4,0.0042122022765773,0.0044622022765773,0.25,1.0,0.0042122022765773,4
2018-07-17,4,0.0038743743731337,0.0038743743731337,0.0,1.0,0.0038743743731337,4
2018-07-18,4,9.269054408555644e-05,9.269054408555644e-05,0.0,1.0,9.269054408555644e-05,4
2018-07-19,4,0.0035710777730763,0.0035710777730763,0.0,1.0,0.0035710777730763,4
2018-07-20,4,-0.0028994459930848,-0.0028994459930848,0.0,1.0,-0.0028994459930848,4
2018-07-23,4,0.0021799315680739,0.0021799315680739,0.0,1.0,0.0021799315680739,4
2018-07-24,4,0.0037437960261102,0.0037437960261102,0.0,1.0,0.0037437960261102,4
2018-07-25,4,0.0047430566775105,0.0047430566775105,0.0,1.0,0.0047430566775105,4
2018-07-26,4,0.0104778418364455,0.0107278418364455,0.25,1.0,0.0104778418364455,4
2018-07-27,4,-0.005696039087713,-0.005696039087713,0.0,1.0,-0.005696039087713,4
2018-07-30,4,0.0009375255456283,0.0009375255456283,0.0,1.0,0.0009375255456283,4
2018-07-31,4,-0.0067454841848639,-0.0067454841848639,0.0,1.0,-0.0067454841848639,4
2018-08-01,4,-0.0009661053465702,-0.0007161053465702,0.25,1.0,-0.0009661053465702,4
2018-08-02,4,-0.0007141495618069,-0.0007141495618069,0.0,1.0,-0.0007141495618069,4
2018-08-03,4,-0.0022873888334929,-0.0022873888334929,0.0,1.0,-0.0022873888334929,4
2018-08-06,4,0.0001083276012712,0.0003583276012712,0.25,1.0,0.0001083276012712,4
2018-08-07,4,0.0031561335687597,0.0031561335687597,0.0,1.0,0.0031561335687597,4
2018-08-08,4,0.0007938132504247,0.0007938132504247,0.0,1.0,0.0007938132504247,4
2018-08-09,4,-0.0009196073010588,-0.0009196073010588,0.0,1.0,-0.0009196073010588,4
2018-08-10,4,-0.0008301728767322,-0.0005801728767322,0.25,1.0,-0.0008301728767322,4
2018-08-13,4,-0.0008995067745767,-0.0008995067745767,0.0,1.0,-0.0008995067745767,4
2018-08-14,4,-0.0008705267957998,-0.0008705267957998,0.0,1.0,-0.0008705267957998,4
2018-08-15,4,0.0011447866889686,0.0011447866889686,0.0,1.0,0.0011447866889686,4
2018-08-16,4,-0.0024732384424986,-0.0024732384424986,0.0,1.0,-0.0024732384424986,4
2018-08-17,4,0.000216003331512,0.000216003331512,0.0,1.0,0.000216003331512,4
2018-08-20,4,-0.0006836722306378,-0.0006836722306378,0.0,1.0,-0.0006836722306378,4
2018-08-21,4,-0.0009817021734297,-0.0009817021734297,0.0,1.0,-0.0009817021734297,4
2018-08-22,4,0.0006101027632452,0.0011101027632452,0.5,1.0,0.0006101027632452,4
2018-08-23,4,-0.0001615799837281,-0.0001615799837281,0.0,1.0,-0.0001615799837281,4
2018-08-24,4,-0.0006526435428882,-0.0006526435428882,0.0,1.0,-0.0006526435428882,4
2018-08-27,4,0.0048519177325033,0.0051019177325033,0.25,1.0,0.0048519177325033,4
2018-08-28,4,-0.001814941767217,-0.001564941767217,0.25,1.0,-0.001814941767217,4
2018-08-29,4,0.006852168688792,0.006852168688792,0.0,1.0,0.006852168688792,4
2018-08-30,4,-0.0006223289516057,-0.0006223289516057,0.0,1.0,-0.0006223289516057,4
2018-08-31,4,-0.0017819146493324,-0.0017819146493324,0.0,1.0,-0.0017819146493324,4
2018-09-04,4,0.0020800399265174,0.0020800399265174,0.0,1.0,0.0020800399265174,4
2018-09-05,4,-0.0077967890217478,-0.0077967890217478,0.0,1.0,-0.0077967890217478,4
2018-09-06,4,0.0020770948827554,0.0020770948827554,0.0,1.0,0.0020770948827554,4
2018-09-07,4,0.0017813874741183,0.0017813874741183,0.0,1.0,0.0017813874741183,4
2018-09-10,4,-0.0061496935434103,-0.0058996935434103,0.25,1.0,-0.0061496935434103,4
2018-09-11,4,0.0041069590527438,0.0041069590527438,0.0,1.0,0.0041069590527438,4
2018-09-12,4,0.0044823578915363,0.0044823578915363,0.0,1.0,0.0044823578915363,4
2018-09-13,4,0.000600499115499,0.000600499115499,0.0,1.0,0.000600499115499,4
2018-09-14,4,-0.0003110222972664,-0.0003110222972664,0.0,1.0,-0.0003110222972664,4
2018-09-17,4,-0.0065061357917936,-0.0065061357917936,0.0,1.0,-0.0065061357917936,4
2018-09-18,4,-0.0051872414603775,-0.0051872414603775,0.0,1.0,-0.0051872414603775,4
2018-09-19,4,-0.0055567870147191,-0.0053067870147191,0.25,1.0,-0.0055567870147191,4
2018-09-20,4,-0.0026909608494937,-0.0026909608494937,0.0,1.0,-0.0026909608494937,4
2018-09-21,4,0.0001500013667286,0.0001500013667286,0.0,1.0,0.0001500013667286,4
2018-09-24,4,-0.0033382579009359,-0.0030882579009359,0.25,1.0,-0.0033382579009359,4
2018-09-25,4,-0.003139242915401,-0.003139242915401,0.0,1.0,-0.003139242915401,4
2018-09-26,4,0.0002677570315178,0.0002677570315178,0.0,1.0,0.0002677570315178,4
2018-09-27,4,-0.0009929114292928,-0.0007429114292928,0.25,1.0,-0.0009929114292928,4
2018-09-28,4,0.0002943194548696,0.0002943194548696,0.0,1.0,0.0002943194548696,4
2018-10-01,4,-0.0019669475922292,-0.0019669475922292,0.0,1.0,-0.0019669475922292,4
2018-10-02,4,0.0012739450225267,0.0012739450225267,0.0,1.0,0.0012739450225267,4
2018-10-03,5,0.0,0.0,0.0,1.0,0.0,4
2018-10-04,5,0.0,0.0,0.0,1.0,0.0,4
2018-10-05,5,0.0,0.0,0.0,1.0,0.0,4
2018-10-08,5,0.0,0.0,0.0,1.0,0.0,4
2018-10-09,5,0.0,0.0,0.0,1.0,0.0,4
2018-10-10,5,0.0,0.0,0.0,1.0,0.0,4
2018-10-11,5,-0.0064431353067684,-0.0061931353067684,0.25,1.0,-0.0064431353067684,4
2018-10-12,5,0.0066120673637057,0.0066120673637057,0.0,1.0,0.0066120673637057,4
2018-10-15,5,-0.0067478198069587,-0.0067478198069587,0.0,1.0,-0.0067478198069587,4
2018-10-16,5,0.0037365934855071,0.0037365934855071,0.0,1.0,0.0037365934855071,4
2018-10-17,5,-0.0004875067474039,-0.0004875067474039,0.0,1.0,-0.0004875067474039,4
2018-10-18,5,0.0018792442004463,0.0021292442004463,0.25,1.0,0.0018792442004463,4
2018-10-19,5,-0.0074806023808516,-0.0074806023808516,0.0,1.0,-0.0074806023808516,4
2018-10-22,5,0.0046767275787926,0.0046767275787926,0.0,1.0,0.0046767275787926,4
2018-10-23,5,-0.0067196718377236,-0.0067196718377236,0.0,1.0,-0.0067196718377236,4
2018-10-24,5,-0.0069965716677014,-0.0069965716677014,0.0,1.0,-0.0069965716677014,4
2018-10-25,5,0.0092551493193357,0.0095051493193357,0.25,1.0,0.0092551493193357,4
2018-10-26,5,-0.0049738663335677,-0.0049738663335677,0.0,1.0,-0.0049738663335677,4
2018-10-29,5,-0.0134824980194404,-0.0134824980194404,0.0,1.0,-0.0134824980194404,4
2018-10-30,5,0.0057673719728063,0.0057673719728063,0.0,1.0,0.0057673719728063,4
2018-10-31,5,0.0076976780074285,0.0076976780074285,0.0,1.0,0.0076976780074285,4
2018-11-01,5,-0.0072059993240669,-0.0072059993240669,0.0,1.0,-0.0072059993240669,4
2018-11-02,5,-0.0036449351742701,-0.0036449351742701,0.0,1.0,-0.0036449351742701,4
2018-11-05,5,0.0006357468003979,0.0006357468003979,0.0,1.0,0.0006357468003979,4
2018-11-06,5,-0.0025854763316343,-0.0025854763316343,0.0,1.0,-0.0025854763316343,4
2018-11-07,5,0.0030786009216059,0.0033286009216059,0.25,1.0,0.0030786009216059,4
2018-11-08,5,-0.0004812626625162,-0.0004812626625162,0.0,1.0,-0.0004812626625162,4
2018-11-09,5,-0.0012844257976249,-0.0012844257976249,0.0,1.0,-0.0012844257976249,4
2018-11-12,5,0.0008523852711101,0.0008523852711101,0.0,1.0,0.0008523852711101,4
2018-11-13,5,0.0001761050395543,0.0001761050395543,0.0,1.0,0.0001761050395543,4
2018-11-14,5,-0.0008331063326703,-0.0005831063326703,0.25,1.0,-0.0008331063326703,4
2018-11-15,5,0.0009604379995066,0.0009604379995066,0.0,1.0,0.0009604379995066,4
2018-11-16,5,0.0028439844126807,0.0028439844126807,0.0,1.0,0.0028439844126807,4
2018-11-19,5,0.0004516094905392,0.0004516094905392,0.0,1.0,0.0004516094905392,4
2018-11-20,5,-0.0022718831948719,-0.0022718831948719,0.0,1.0,-0.0022718831948719,4
2018-11-21,5,-0.0033096557143155,-0.0028096557143155,0.5,1.0,-0.0033096557143155,4
2018-11-23,5,-0.0001089057192583,-0.0001089057192583,0.0,1.0,-0.0001089057192583,4
2018-11-26,5,-0.0001201428033809,-0.0001201428033809,0.0,1.0,-0.0001201428033809,4
2018-11-27,5,0.0010978577379106,0.0010978577379106,0.0,1.0,0.0010978577379106,4
2018-11-28,5,-0.0008333298917925,-0.0005833298917925,0.25,1.0,-0.0008333298917925,4
2018-11-29,5,0.0003258677254523,0.0003258677254523,0.0,1.0,0.0003258677254523,4
2018-11-30,5,0.0064034927575744,0.0064034927575744,0.0,1.0,0.0064034927575744,4
2018-12-03,5,-0.0051505804365856,-0.0051505804365856,0.0,1.0,-0.0051505804365856,4
2018-12-04,5,0.0036876811682422,0.0036876811682422,0.0,1.0,0.0036876811682422,4
2018-12-06,5,-0.0002998433242764,-0.0002998433242764,0.0,1.0,-0.0002998433242764,4
2018-12-07,5,0.0015360405346369,0.0015360405346369,0.0,1.0,0.0015360405346369,4
2018-12-10,5,-0.0008806092285719,-0.0008806092285719,0.0,1.0,-0.0008806092285719,4
2018-12-11,5,-0.0011500706835789,-0.0011500706835789,0.0,1.0,-0.0011500706835789,4
2018-12-12,5,-0.0003504602380052,-0.0003504602380052,0.0,1.0,-0.0003504602380052,4
2018-12-13,5,0.0039525560618876,0.0039525560618876,0.0,1.0,0.0039525560618876,4
2018-12-14,5,0.0014393461068742,0.0014393461068742,0.0,1.0,0.0014393461068742,4
2018-12-17,5,0.0002763343424944,0.0002763343424944,0.0,1.0,0.0002763343424944,4
2018-12-18,5,-0.0012914688764869,-0.0012914688764869,0.0,1.0,-0.0012914688764869,4
2018-12-19,5,-0.0006779540124121,-0.0006779540124121,0.0,1.0,-0.0006779540124121,4
2018-12-20,5,0.001170447223239,0.001420447223239,0.25,1.0,0.001170447223239,4
2018-12-21,5,0.0016924943453589,0.0016924943453589,0.0,1.0,0.0016924943453589,4
2018-12-24,5,0.0046922831500477,0.0046922831500477,0.0,1.0,0.0046922831500477,4
2018-12-26,5,-0.0022398528482244,-0.0019898528482244,0.25,1.0,-0.0022398528482244,4
2018-12-27,5,0.0018344839783936,0.0020844839783936,0.25,1.0,0.0018344839783936,4
2018-12-28,5,-0.000919029620691,-0.000919029620691,0.0,1.0,-0.000919029620691,4
2018-12-31,5,0.0004224904463467,0.0004224904463467,0.0,1.0,0.0004224904463467,4
2019-01-02,5,-0.001227975011013,-0.001227975011013,0.0,1.0,-0.001227975011013,4
2019-01-03,5,-0.0003632562488523,-0.0003632562488523,0.0,1.0,-0.0003632562488523,4
2019-01-04,6,0.0,0.0,0.0,1.0,0.0,4
2019-01-07,6,-0.004402892557405,-0.004152892557405,0.25,1.0,-0.004402892557405,4
2019-01-08,6,0.0040212220753702,0.0040212220753702,0.0,1.0,0.0040212220753702,4
2019-01-09,6,-0.0030527039326524,-0.0030527039326524,0.0,1.0,-0.0030527039326524,4
2019-01-10,6,0.0001117465656145,0.0001117465656145,0.0,1.0,0.0001117465656145,4
2019-01-11,6,0.0017295854121336,0.0017295854121336,0.0,1.0,0.0017295854121336,4
2019-01-14,6,0.000990580430788,0.000990580430788,0.0,1.0,0.000990580430788,4
2019-01-15,6,0.0025794558195293,0.0025794558195293,0.0,1.0,0.0025794558195293,4
2019-01-16,6,0.0006095271839541,0.0006095271839541,0.0,1.0,0.0006095271839541,4
2019-01-17,6,0.0016471320334312,0.0018971320334312,0.25,1.0,0.0016471320334312,4
2019-01-18,6,-0.0036664844748294,-0.0036664844748294,0.0,1.0,-0.0036664844748294,4
2019-01-22,6,0.0040608654109709,0.0040608654109709,0.0,1.0,0.0040608654109709,4
2019-01-23,6,-0.0020915119195568,-0.0020915119195568,0.0,1.0,-0.0020915119195568,4
2019-01-24,6,-0.001035711206884,-0.001035711206884,0.0,1.0,-0.001035711206884,4
2019-01-25,6,-0.0034779624967863,-0.0034779624967863,0.0,1.0,-0.0034779624967863,4
2019-01-28,6,0.003239860654202,0.003239860654202,0.0,1.0,0.003239860654202,4
2019-01-29,6,-0.0003172278522952,-0.0003172278522952,0.0,1.0,-0.0003172278522952,4
2019-01-30,6,0.0018963768914572,0.0018963768914572,0.0,1.0,0.0018963768914572,4
2019-01-31,6,-0.00111553934547,-0.00111553934547,0.0,1.0,-0.00111553934547,4
2019-02-01,6,-0.0029536096134389,-0.0029536096134389,0.0,1.0,-0.0029536096134389,4
2019-02-04,6,6.48401887875876e-05,0.0003148401887875,0.25,1.0,6.48401887875876e-05,4
2019-02-05,6,0.0026101005682603,0.0026101005682603,0.0,1.0,0.0026101005682603,4
2019-02-06,6,0.0021123101653253,0.0021123101653253,0.0,1.0,0.0021123101653253,4
2019-02-07,6,0.0019737302276622,0.0019737302276622,0.0,1.0,0.0019737302276622,4
2019-02-08,6,0.0009925734465414,0.0009925734465414,0.0,1.0,0.0009925734465414,4
2019-02-11,6,4.661762218274807e-05,4.661762218274807e-05,0.0,1.0,4.661762218274807e-05,4
2019-02-12,6,-0.0002598909589034,-0.0002598909589034,0.0,1.0,-0.0002598909589034,4
2019-02-13,6,-0.0009034338311677,-0.0009034338311677,0.0,1.0,-0.0009034338311677,4
2019-02-14,6,-0.00025,0.0,0.25,1.0,-0.00025,4
2019-02-15,6,0.0,0.0,0.0,1.0,0.0,4
2019-02-19,6,0.0,0.0,0.0,1.0,0.0,4
2019-02-20,6,0.0,0.0,0.0,1.0,0.0,4
2019-02-21,6,0.0,0.0,0.0,1.0,0.0,4
2019-02-22,6,0.0,0.0,0.0,1.0,0.0,4
2019-02-25,6,0.0012140246745573,0.0014640246745573,0.25,1.0,0.0012140246745573,4
2019-02-26,6,0.0008863907302741,0.0008863907302741,0.0,1.0,0.0008863907302741,4
2019-02-27,6,-0.0003147201114073,-0.0003147201114073,0.0,1.0,-0.0003147201114073,4
2019-02-28,6,0.0004360790664303,0.0006860790664303,0.25,1.0,0.0004360790664303,4
2019-03-01,6,0.0028327634530497,0.0028327634530497,0.0,1.0,0.0028327634530497,4
2019-03-04,6,-0.0105182342523971,-0.0105182342523971,0.0,1.0,-0.0105182342523971,4
2019-03-05,6,-0.0003050619945757,-0.0003050619945757,0.0,1.0,-0.0003050619945757,4
2019-03-06,6,-0.0023580864526259,-0.0023580864526259,0.0,1.0,-0.0023580864526259,4
2019-03-07,6,-0.0017461809290081,-0.0014961809290081,0.25,1.0,-0.0017461809290081,4
2019-03-08,6,0.002062220039943,0.002062220039943,0.0,1.0,0.002062220039943,4
2019-03-11,6,0.0012301545796655,0.0012301545796655,0.0,1.0,0.0012301545796655,4
2019-03-12,6,0.0011671117407705,0.0011671117407705,0.0,1.0,0.0011671117407705,4
2019-03-13,6,0.0025449794769952,0.0025449794769952,0.0,1.0,0.0025449794769952,4
2019-03-14,6,-0.0036859646132025,-0.0036859646132025,0.0,1.0,-0.0036859646132025,4
2019-03-15,6,0.0029298796799148,0.0029298796799148,0.0,1.0,0.0029298796799148,4
2019-03-18,6,0.0022088655754992,0.0022088655754992,0.0,1.0,0.0022088655754992,4
2019-03-19,6,0.0062657903833847,0.0062657903833847,0.0,1.0,0.0062657903833847,4
2019-03-20,6,-0.0056967041527427,-0.0056967041527427,0.0,1.0,-0.0056967041527427,4
2019-03-21,6,0.0118069028969804,0.0118069028969804,0.0,1.0,0.0118069028969804,4
2019-03-22,6,-0.0047172058343003,-0.0044672058343003,0.25,1.0,-0.0047172058343003,4
2019-03-25,6,-0.0022327391060824,-0.0022327391060824,0.0,1.0,-0.0022327391060824,4
2019-03-26,6,-0.005663819068704,-0.005663819068704,0.0,1.0,-0.005663819068704,4
2019-03-27,6,-0.0010568366901097,-0.0008068366901097,0.25,1.0,-0.0010568366901097,4
2019-03-28,6,-0.0004292052265991,-0.0001792052265991,0.25,1.0,-0.0004292052265991,4
2019-03-29,6,0.0067440623798899,0.0067440623798899,0.0,1.0,0.0067440623798899,4
2019-04-01,6,-0.000206512672302,-0.000206512672302,0.0,1.0,-0.000206512672302,4
2019-04-02,6,-0.0008658407847166,-0.0008658407847166,0.0,1.0,-0.0008658407847166,4
2019-04-03,6,0.0012633597223188,0.0015133597223188,0.25,1.0,0.0012633597223188,4
2019-04-04,6,-0.0009184231985305,-0.0009184231985305,0.0,1.0,-0.0009184231985305,4
2019-04-05,7,0.0,0.0,0.0,1.0,0.0,4
2019-04-08,7,0.0,0.0,0.0,1.0,0.0,4
2019-04-09,7,0.0,0.0,0.0,1.0,0.0,4
2019-04-10,7,0.0,0.0,0.0,1.0,0.0,4
2019-04-11,7,0.0,0.0,0.0,1.0,0.0,4
2019-04-12,7,-0.0066200968163101,-0.0063700968163101,0.25,1.0,-0.0066200968163101,4
2019-04-15,7,0.0051574671815715,0.0051574671815715,0.0,1.0,0.0051574671815715,4
2019-04-16,7,-0.0028838624696886,-0.0028838624696886,0.0,1.0,-0.0028838624696886,4
2019-04-17,7,0.0011063244676114,0.0011063244676114,0.0,1.0,0.0011063244676114,4
2019-04-18,7,0.0021822734978798,0.0021822734978798,0.0,1.0,0.0021822734978798,4
2019-04-22,7,0.0044708565227214,0.0044708565227214,0.0,1.0,0.0044708565227214,4
2019-04-23,7,-0.0006498781204692,-0.0006498781204692,0.0,1.0,-0.0006498781204692,4
2019-04-24,7,-1.7781066268017344e-05,-1.7781066268017344e-05,0.0,1.0,-1.7781066268017344e-05,4
2019-04-25,7,0.0002947744239453,0.0002947744239453,0.0,1.0,0.0002947744239453,4
2019-04-26,7,-0.0036922169662044,-0.0034422169662044,0.25,1.0,-0.0036922169662044,4
2019-04-29,7,-0.0012900901484416,-0.0012900901484416,0.0,1.0,-0.0012900901484416,4
2019-04-30,7,-0.0019153926354254,-0.0019153926354254,0.0,1.0,-0.0019153926354254,4
2019-05-01,7,0.0020814605637068,0.0020814605637068,0.0,1.0,0.0020814605637068,4
2019-05-02,7,0.000414671886306,0.000414671886306,0.0,1.0,0.000414671886306,4
2019-05-03,7,-0.0038222265111729,-0.0038222265111729,0.0,1.0,-0.0038222265111729,4
2019-05-06,7,0.0024569757377809,0.0024569757377809,0.0,1.0,0.0024569757377809,4
2019-05-07,7,-6.025548274536836e-05,-6.025548274536836e-05,0.0,1.0,-6.025548274536836e-05,4
2019-05-08,7,-0.0002911064139017,-0.0002911064139017,0.0,1.0,-0.0002911064139017,4
2019-05-09,7,0.0004141602252235,0.0004141602252235,0.0,1.0,0.0004141602252235,4
2019-05-10,7,-0.0008581074799957,-0.0006081074799957,0.25,1.0,-0.0008581074799957,4
2019-05-13,7,0.0014004471362284,0.0014004471362284,0.0,1.0,0.0014004471362284,4
2019-05-14,7,-4.885619492334965e-06,-4.885619492334965e-06,0.0,1.0,-4.885619492334965e-06,4
2019-05-15,7,-0.0012534004099079,-0.0012534004099079,0.0,1.0,-0.0012534004099079,4
2019-05-16,7,-0.0015573176265042,-0.0013073176265042,0.25,1.0,-0.0015573176265042,4
2019-05-17,7,-0.0018427503961023,-0.0018427503961023,0.0,1.0,-0.0018427503961023,4
2019-05-20,7,0.0044803906266369,0.0044803906266369,0.0,1.0,0.0044803906266369,4
2019-05-21,7,-0.0020128726227544,-0.0017628726227544,0.25,1.0,-0.0020128726227544,4
2019-05-22,7,-0.0001872983190312,-0.0001872983190312,0.0,1.0,-0.0001872983190312,4
2019-05-23,7,-0.0005437995553387,-0.0002937995553387,0.25,1.0,-0.0005437995553387,4
2019-05-24,7,0.0016435715386128,0.0016435715386128,0.0,1.0,0.0016435715386128,4
2019-05-28,7,0.0025037974250639,0.0027537974250639,0.25,1.0,0.0025037974250639,4
2019-05-29,7,0.0003660899791997,0.0006160899791997,0.25,1.0,0.0003660899791997,4
2019-05-30,7,0.003804500854371,0.003804500854371,0.0,1.0,0.003804500854371,4
2019-05-31,7,-0.0016181078669868,-0.0016181078669868,0.0,1.0,-0.0016181078669868,4
2019-06-03,7,-0.0068800319597387,-0.0068800319597387,0.0,1.0,-0.0068800319597387,4
2019-06-04,7,0.0018237805704298,0.0018237805704298,0.0,1.0,0.0018237805704298,4
2019-06-05,7,0.0051167022737073,0.0051167022737073,0.0,1.0,0.0051167022737073,4
2019-06-06,7,0.0027651496674404,0.0027651496674404,0.0,1.0,0.0027651496674404,4
2019-06-07,7,-0.0003441704720403,-0.0003441704720403,0.0,1.0,-0.0003441704720403,4
2019-06-10,7,-0.0078012355084482,-0.0078012355084482,0.0,1.0,-0.0078012355084482,4
2019-06-11,7,0.0007093856600529,0.0007093856600529,0.0,1.0,0.0007093856600529,4
2019-06-12,7,5.570717977075488e-05,5.570717977075488e-05,0.0,1.0,5.570717977075488e-05,4
2019-06-13,7,0.0004090480566989,0.0006590480566989,0.25,1.0,0.0004090480566989,4
2019-06-14,7,-3.108935600990946e-05,-3.108935600990946e-05,0.0,1.0,-3.108935600990946e-05,4
2019-06-17,7,0.0018239820141159,0.0018239820141159,0.0,1.0,0.0018239820141159,4
2019-06-18,7,0.0009155893709494,0.0011655893709494,0.25,1.0,0.0009155893709494,4
2019-06-19,7,-0.0011710373651787,-0.0011710373651787,0.0,1.0,-0.0011710373651787,4
2019-06-20,7,-0.0001175822381125,-0.0001175822381125,0.0,1.0,-0.0001175822381125,4
2019-06-21,7,0.0020084961434377,0.0020084961434377,0.0,1.0,0.0020084961434377,4
2019-06-24,7,-0.0003150431993045,-6.504319930459893e-05,0.25,1.0,-0.0003150431993045,4
2019-06-25,7,-0.00025,0.0,0.25,1.0,-0.00025,4
2019-06-26,7,0.0,0.0,0.0,1.0,0.0,4
2019-06-27,7,0.0,0.0,0.0,1.0,0.0,4
2019-06-28,7,0.0,0.0,0.0,1.0,0.0,4
2019-07-01,7,0.0,0.0,0.0,1.0,0.0,4
2019-07-02,7,0.0,0.0,0.0,1.0,0.0,4
2019-07-03,7,0.0,0.0,0.0,1.0,0.0,4
2019-07-05,7,0.0,0.0,0.0,1.0,0.0,4
2019-07-08,8,0.0,0.0,0.0,1.0,0.0,4
2019-07-09,8,0.0,0.0,0.0,1.0,0.0,4
2019-07-10,8,0.0,0.0,0.0,1.0,0.0,4
2019-07-11,8,0.0,0.0,0.0,1.0,0.0,4
2019-07-12,8,0.0,0.0,0.0,1.0,0.0,4
2019-07-15,8,0.0023292692353491,0.0025792692353491,0.25,1.0,0.0023292692353491,4
2019-07-16,8,5.8124346372768576e-05,5.8124346372768576e-05,0.0,1.0,5.8124346372768576e-05,4
2019-07-17,8,0.0004844102865453,0.0004844102865453,0.0,1.0,0.0004844102865453,4
2019-07-18,8,-0.0008741465632553,-0.0008741465632553,0.0,1.0,-0.0008741465632553,4
2019-07-19,8,0.0001013211351153,0.0001013211351153,0.0,1.0,0.0001013211351153,4
2019-07-22,8,-0.0010863517945329,-0.0010863517945329,0.0,1.0,-0.0010863517945329,4
2019-07-23,8,0.000923978335486,0.000923978335486,0.0,1.0,0.000923978335486,4
2019-07-24,8,0.0051689541065909,0.0051689541065909,0.0,1.0,0.0051689541065909,4
2019-07-25,8,-0.0014514132014718,-0.0012014132014718,0.25,1.0,-0.0014514132014718,4
2019-07-26,8,0.0010237033953821,0.0010237033953821,0.0,1.0,0.0010237033953821,4
2019-07-29,8,0.0006576773094746,0.0006576773094746,0.0,1.0,0.0006576773094746,4
2019-07-30,8,-0.0034323740151822,-0.0034323740151822,0.0,1.0,-0.0034323740151822,4
2019-07-31,8,-0.0084382673593598,-0.0084382673593598,0.0,1.0,-0.0084382673593598,4
2019-08-01,8,0.0015994536851422,0.0015994536851422,0.0,1.0,0.0015994536851422,4
2019-08-02,8,0.0051724311671952,0.0051724311671952,0.0,1.0,0.0051724311671952,4
2019-08-05,8,-0.0018093672860717,-0.0018093672860717,0.0,1.0,-0.0018093672860717,4
2019-08-06,8,0.0003423524603059,0.0003423524603059,0.0,1.0,0.0003423524603059,4
2019-08-07,8,-0.0003484963016838,-0.0003484963016838,0.0,1.0,-0.0003484963016838,4
2019-08-08,8,0.0012150063640452,0.0012150063640452,0.0,1.0,0.0012150063640452,4
2019-08-09,8,0.0001441544701563,0.0003941544701563,0.25,1.0,0.0001441544701563,4
2019-08-12,8,0.001103754314521,0.001103754314521,0.0,1.0,0.001103754314521,4
2019-08-13,8,-0.0006310851356355,-0.0006310851356355,0.0,1.0,-0.0006310851356355,4
2019-08-14,8,-0.0002216538165971,-0.0002216538165971,0.0,1.0,-0.0002216538165971,4
2019-08-15,8,-0.0022357196407159,-0.0022357196407159,0.0,1.0,-0.0022357196407159,4
2019-08-16,8,-0.0007529310205232,-0.0007529310205232,0.0,1.0,-0.0007529310205232,4
2019-08-19,8,0.0015173368771833,0.0015173368771833,0.0,1.0,0.0015173368771833,4
2019-08-20,8,-0.0023982746169196,-0.0023982746169196,0.0,1.0,-0.0023982746169196,4
2019-08-21,8,-0.0009299702329674,-0.0004299702329674,0.5,1.0,-0.0009299702329674,4
2019-08-22,8,0.0004795044098454,0.0004795044098454,0.0,1.0,0.0004795044098454,4
2019-08-23,8,-6.266347721014032e-06,-6.266347721014032e-06,0.0,1.0,-6.266347721014032e-06,4
2019-08-26,8,-0.0012528763314416,-0.0012528763314416,0.0,1.0,-0.0012528763314416,4
2019-08-27,8,-0.0013373697977929,-0.0013373697977929,0.0,1.0,-0.0013373697977929,4
2019-08-28,8,0.0025374676689637,0.0027874676689637,0.25,1.0,0.0025374676689637,4
2019-08-29,8,-0.0005014756869956,-0.0005014756869956,0.0,1.0,-0.0005014756869956,4
2019-08-30,8,0.0015430331542649,0.0015430331542649,0.0,1.0,0.0015430331542649,4
2019-09-03,8,-0.0018687363161229,-0.0018687363161229,0.0,1.0,-0.0018687363161229,4
2019-09-04,8,-0.003916101061124,-0.003916101061124,0.0,1.0,-0.003916101061124,4
2019-09-05,8,-0.0010247826505132,-0.0010247826505132,0.0,1.0,-0.0010247826505132,4
2019-09-06,8,-0.0014445026929294,-0.0014445026929294,0.0,1.0,-0.0014445026929294,4
2019-09-09,8,0.0036559617573393,0.0036559617573393,0.0,1.0,0.0036559617573393,4
2019-09-10,8,0.0004594884716596,0.0004594884716596,0.0,1.0,0.0004594884716596,4
2019-09-11,8,0.0026951514782386,0.0026951514782386,0.0,1.0,0.0026951514782386,4
2019-09-12,8,-0.0029922193526853,-0.0027422193526853,0.25,1.0,-0.0029922193526853,4
2019-09-13,8,0.0039817982396164,0.0039817982396164,0.0,1.0,0.0039817982396164,4
2019-09-16,8,0.0005173445698716,0.0005173445698716,0.0,1.0,0.0005173445698716,4
2019-09-17,8,0.0007199596556726,0.0007199596556726,0.0,1.0,0.0007199596556726,4
2019-09-18,8,-0.0015608396343802,-0.0013108396343802,0.25,1.0,-0.0015608396343802,4
2019-09-19,8,0.0022232969697452,0.0022232969697452,0.0,1.0,0.0022232969697452,4
2019-09-20,8,-0.0023643461738622,-0.0023643461738622,0.0,1.0,-0.0023643461738622,4
2019-09-23,8,0.0004434459834576,0.0004434459834576,0.0,1.0,0.0004434459834576,4
2019-09-24,8,0.0005079143115113,0.0005079143115113,0.0,1.0,0.0005079143115113,4
2019-09-25,8,-0.0004853237610863,-0.0002353237610863,0.25,1.0,-0.0004853237610863,4
2019-09-26,8,0.0019357822770557,0.0019357822770557,0.0,1.0,0.0019357822770557,4
2019-09-27,8,0.0012016779982179,0.0012016779982179,0.0,1.0,0.0012016779982179,4
2019-09-30,8,0.0009527584648443,0.0009527584648443,0.0,1.0,0.0009527584648443,4
2019-10-01,8,0.0004408987507415,0.0006908987507415,0.25,1.0,0.0004408987507415,4
2019-10-02,8,0.0017837441158761,0.0017837441158761,0.0,1.0,0.0017837441158761,4
2019-10-03,8,0.0004375627919386,0.0004375627919386,0.0,1.0,0.0004375627919386,4
2019-10-04,9,0.0,0.0,0.0,1.0,0.0,4
2019-10-07,9,0.0,0.0,0.0,1.0,0.0,4
2019-10-08,9,0.0,0.0,0.0,1.0,0.0,4
2019-10-09,9,0.0,0.0,0.0,1.0,0.0,4
2019-10-10,9,0.0,0.0,0.0,1.0,0.0,4
2019-10-11,9,0.0,0.0,0.0,1.0,0.0,4
2019-10-14,9,0.0003397074207709,0.0005897074207709,0.25,1.0,0.0003397074207709,4
2019-10-15,9,-0.0048901409347786,-0.0048901409347786,0.0,1.0,-0.0048901409347786,4
2019-10-16,9,0.0013962769651127,0.0013962769651127,0.0,1.0,0.0013962769651127,4
2019-10-17,9,-0.0012495052068623,-0.0009995052068623,0.25,1.0,-0.0012495052068623,4
2019-10-18,9,-0.0040047741799142,-0.0040047741799142,0.0,1.0,-0.0040047741799142,4
2019-10-21,9,-0.0016416955822175,-0.0016416955822175,0.0,1.0,-0.0016416955822175,4
2019-10-22,9,0.0055176834411024,0.0055176834411024,0.0,1.0,0.0055176834411024,4
2019-10-23,9,-0.0055946675144068,-0.0055946675144068,0.0,1.0,-0.0055946675144068,4
2019-10-24,9,0.0055590773894974,0.0055590773894974,0.0,1.0,0.0055590773894974,4
2019-10-25,9,0.0023679605185118,0.0023679605185118,0.0,1.0,0.0023679605185118,4
2019-10-28,9,0.0006543747773486,0.0006543747773486,0.0,1.0,0.0006543747773486,4
2019-10-29,9,-0.0021947636930944,-0.0021947636930944,0.0,1.0,-0.0021947636930944,4
2019-10-30,9,0.0106025610062136,0.0106025610062136,0.0,1.0,0.0106025610062136,4
2019-10-31,9,-0.0007817881583058,-0.0007817881583058,0.0,1.0,-0.0007817881583058,4
2019-11-01,9,-7.36815290823833e-05,-7.36815290823833e-05,0.0,1.0,-7.36815290823833e-05,4
2019-11-04,9,-0.0020160325612865,-0.0020160325612865,0.0,1.0,-0.0020160325612865,4
2019-11-05,9,0.0006577257302143,0.0006577257302143,0.0,1.0,0.0006577257302143,4
2019-11-06,9,-0.0078024595867187,-0.0075524595867187,0.25,1.0,-0.0078024595867187,4
2019-11-07,9,-0.0054512405464896,-0.0054512405464896,0.0,1.0,-0.0054512405464896,4
2019-11-08,9,0.0041911875120523,0.0044411875120523,0.25,1.0,0.0041911875120523,4
2019-11-11,9,-0.0007724528357131,-0.0007724528357131,0.0,1.0,-0.0007724528357131,4
2019-11-12,9,0.0001288115564617,0.0001288115564617,0.0,1.0,0.0001288115564617,4
2019-11-13,9,-0.0002767830070828,-2.678300708281241e-05,0.25,1.0,-0.0002767830070828,4
2019-11-14,9,-0.0002585154316082,-0.0002585154316082,0.0,1.0,-0.0002585154316082,4
2019-11-15,9,2.321270941263536e-05,2.321270941263536e-05,0.0,1.0,2.321270941263536e-05,4
2019-11-18,9,0.0020578012798976,0.0023078012798976,0.25,1.0,0.0020578012798976,4
2019-11-19,9,0.0009420531409412,0.0009420531409412,0.0,1.0,0.0009420531409412,4
2019-11-20,9,0.0008667844880544,0.0008667844880544,0.0,1.0,0.0008667844880544,4
2019-11-21,9,-0.0003623857928436,-0.0003623857928436,0.0,1.0,-0.0003623857928436,4
2019-11-22,9,0.0015734981392039,0.0015734981392039,0.0,1.0,0.0015734981392039,4
2019-11-25,9,-0.0018599178313538,-0.0016099178313538,0.25,1.0,-0.0018599178313538,4
2019-11-26,9,0.0061603986840345,0.0061603986840345,0.0,1.0,0.0061603986840345,4
2019-11-27,9,-0.0018605771914995,-0.0018605771914995,0.0,1.0,-0.0018605771914995,4
2019-11-29,9,-0.0024530760126818,-0.0024530760126818,0.0,1.0,-0.0024530760126818,4
2019-12-02,9,0.0009074899326503,0.0009074899326503,0.0,1.0,0.0009074899326503,4
2019-12-03,9,-0.003678298669005,-0.003678298669005,0.0,1.0,-0.003678298669005,4
2019-12-04,9,-0.0017549245936098,-0.0015049245936098,0.25,1.0,-0.0017549245936098,4
2019-12-05,9,-0.0021317703723246,-0.0021317703723246,0.0,1.0,-0.0021317703723246,4
2019-12-06,9,0.0010426203819848,0.0010426203819848,0.0,1.0,0.0010426203819848,4
2019-12-09,9,-9.17742438055688e-05,-9.17742438055688e-05,0.0,1.0,-9.17742438055688e-05,4
2019-12-10,9,-0.0019067939624053,-0.0019067939624053,0.0,1.0,-0.0019067939624053,4
2019-12-11,9,-8.582565275886924e-05,-8.582565275886924e-05,0.0,1.0,-8.582565275886924e-05,4
2019-12-12,9,0.0012032980683233,0.0012032980683233,0.0,1.0,0.0012032980683233,4
2019-12-13,9,0.0025140873870788,0.0025140873870788,0.0,1.0,0.0025140873870788,4
2019-12-16,9,-0.0025640762369541,-0.0020640762369541,0.5,1.0,-0.0025640762369541,4
2019-12-17,9,-0.0011694498912626,-0.0011694498912626,0.0,1.0,-0.0011694498912626,4
2019-12-18,9,0.0020140029721908,0.0022640029721908,0.25,1.0,0.0020140029721908,4
2019-12-19,9,0.0033253705810022,0.0033253705810022,0.0,1.0,0.0033253705810022,4
2019-12-20,9,-0.0006833293147325,-0.0006833293147325,0.0,1.0,-0.0006833293147325,4
2019-12-23,9,0.0016894157231774,0.0019394157231774,0.25,1.0,0.0016894157231774,4
2019-12-24,9,0.000238406638366,0.000238406638366,0.0,1.0,0.000238406638366,4
2019-12-26,9,-0.00031927188714,-0.00031927188714,0.0,1.0,-0.00031927188714,4
2019-12-27,9,-0.0003430728791416,-0.0003430728791416,0.0,1.0,-0.0003430728791416,4
2019-12-30,9,0.0002088436603572,0.0002088436603572,0.0,1.0,0.0002088436603572,4
2019-12-31,9,0.0001629551558133,0.0001629551558133,0.0,1.0,0.0001629551558133,4
2020-01-02,9,0.0001396860438115,0.0001396860438115,0.0,1.0,0.0001396860438115,4
2020-01-03,9,-0.0018036927012368,-0.0018036927012368,0.0,1.0,-0.0018036927012368,4
2020-01-06,10,0.0,0.0,0.0,1.0,0.0,3
2020-01-07,10,0.0,0.0,0.0,1.0,0.0,3
2020-01-08,10,0.0010526129294392,0.0013859462627725,0.3333333333333333,1.0,0.0010526129294392,3
2020-01-09,10,-0.0016749149148737,-0.0016749149148737,0.0,1.0,-0.0016749149148737,3
2020-01-10,10,-0.001717113684649,-0.0013837803513157,0.3333333333333333,1.0,-0.001717113684649,3
2020-01-13,10,-0.0024061366198541,-0.0024061366198541,0.0,1.0,-0.0024061366198541,3
2020-01-14,10,0.0016972604623089,0.0016972604623089,0.0,1.0,0.0016972604623089,3
2020-01-15,10,0.0006482980918004,0.0006482980918004,0.0,1.0,0.0006482980918004,3
2020-01-16,10,-5.791836923373296e-06,0.0003275414964099,0.3333333333333333,1.0,-5.791836923373296e-06,3
2020-01-17,10,0.0004494406779837,0.0004494406779837,0.0,1.0,0.0004494406779837,3
2020-01-21,10,-0.0064052899799887,-0.0064052899799887,0.0,1.0,-0.0064052899799887,3
2020-01-22,10,-0.0026691800180983,-0.0026691800180983,0.0,1.0,-0.0026691800180983,3
2020-01-23,10,0.0004369012635512,0.0004369012635512,0.0,1.0,0.0004369012635512,3
2020-01-24,10,0.0025941023851764,0.0025941023851764,0.0,1.0,0.0025941023851764,3
2020-01-27,10,-0.0062721904164783,-0.0062721904164783,0.0,1.0,-0.0062721904164783,3
2020-01-28,10,0.0001852691360563,0.0001852691360563,0.0,1.0,0.0001852691360563,3
2020-01-29,10,-0.003464789016114,-0.003464789016114,0.0,1.0,-0.003464789016114,3
2020-01-30,10,-0.0022289624115588,-0.0022289624115588,0.0,1.0,-0.0022289624115588,3
2020-01-31,10,0.0006370976810103,0.0006370976810103,0.0,1.0,0.0006370976810103,3
2020-02-03,10,-0.0030386656296441,-0.0030386656296441,0.0,1.0,-0.0030386656296441,3
2020-02-04,10,0.0081694516612634,0.0081694516612634,0.0,1.0,0.0081694516612634,3
2020-02-05,10,0.0074764068316109,0.0078097401649442,0.3333333333333333,1.0,0.0074764068316109,3
2020-02-06,10,-0.0005501600153706,-0.0005501600153706,0.0,1.0,-0.0005501600153706,3
2020-02-07,10,-0.0015934216440865,-0.0012600883107531,0.3333333333333333,1.0,-0.0015934216440865,3
2020-02-10,10,-0.0025845625586081,-0.0025845625586081,0.0,1.0,-0.0025845625586081,3
2020-02-11,10,0.002310983635025,0.002310983635025,0.0,1.0,0.002310983635025,3
2020-02-12,10,-0.0025941705521369,-0.0025941705521369,0.0,1.0,-0.0025941705521369,3
2020-02-13,10,-0.0003333333333333,0.0,0.3333333333333333,1.0,-0.0003333333333333,3
2020-02-14,10,0.0001955035143627,0.0005288368476961,0.3333333333333333,1.0,0.0001955035143627,3
2020-02-18,10,0.0055135494824065,0.0055135494824065,0.0,1.0,0.0055135494824065,3
2020-02-19,10,-0.0022905758708365,-0.0022905758708365,0.0,1.0,-0.0022905758708365,3
2020-02-20,10,0.0010078359216167,0.0010078359216167,0.0,1.0,0.0010078359216167,3
2020-02-21,10,0.0002697303892978,0.0002697303892978,0.0,1.0,0.0002697303892978,3
2020-02-24,10,0.0012038502517925,0.0012038502517925,0.0,1.0,0.0012038502517925,3
2020-02-25,10,0.0011335684106,0.0011335684106,0.0,1.0,0.0011335684106,3
2020-02-26,10,-0.0071969422697257,-0.0068636089363924,0.3333333333333333,1.0,-0.0071969422697257,3
2020-02-27,10,0.0045051541096266,0.0048384874429599,0.3333333333333333,1.0,0.0045051541096266,3
2020-02-28,10,0.0008693118867717,0.001202645220105,0.3333333333333333,1.0,0.0008693118867717,3
2020-03-02,10,-0.0106192685484125,-0.0106192685484125,0.0,1.0,-0.0106192685484125,3
2020-03-03,10,0.0073132344157952,0.0076465677491285,0.3333333333333333,1.0,0.0073132344157952,3
2020-03-04,10,-0.0083877635869719,-0.0083877635869719,0.0,1.0,-0.0083877635869719,3
2020-03-05,10,-0.0062751742548396,-0.0062751742548396,0.0,1.0,-0.0062751742548396,3
2020-03-06,10,0.0014106659024711,0.0014106659024711,0.0,1.0,0.0014106659024711,3
2020-03-09,10,0.0004844814061852,0.0004844814061852,0.0,1.0,0.0004844814061852,3
2020-03-10,10,0.0089548184745609,0.0089548184745609,0.0,1.0,0.0089548184745609,3
2020-03-11,10,0.0093942566203272,0.0093942566203272,0.0,1.0,0.0093942566203272,3
2020-03-12,10,0.0152134315095371,0.0152134315095371,0.0,1.0,0.0152134315095371,3
2020-03-13,10,0.0131041574882543,0.0134374908215876,0.3333333333333333,1.0,0.0131041574882543,3
2020-03-16,10,-0.0069785202526407,-0.0066451869193074,0.3333333333333333,1.0,-0.0069785202526407,3
2020-03-17,10,-0.0234218907596403,-0.0234218907596403,0.0,1.0,-0.0234218907596403,3
2020-03-18,10,-0.029733469683312,-0.029733469683312,0.0,1.0,-0.029733469683312,3
2020-03-19,10,0.006674723972541,0.0070080573058743,0.3333333333333333,1.0,0.006674723972541,3
2020-03-20,10,-0.0007864802572809,-0.0004531469239476,0.3333333333333333,1.0,-0.0007864802572809,3
2020-03-23,10,-0.0002909723681848,-0.0002909723681848,0.0,1.0,-0.0002909723681848,3
2020-03-24,10,0.0143871937534678,0.0143871937534678,0.0,1.0,0.0143871937534678,3
2020-03-25,10,0.0247685694741851,0.0247685694741851,0.0,1.0,0.0247685694741851,3
2020-03-26,10,0.0159591677333614,0.0159591677333614,0.0,1.0,0.0159591677333614,3
2020-03-27,10,0.0055903363169839,0.0055903363169839,0.0,1.0,0.0055903363169839,3
2020-03-30,10,1.1664594995265069e-05,0.0003449979283285,0.3333333333333333,1.0,1.1664594995265069e-05,3
2020-03-31,10,0.000533976555735,0.000533976555735,0.0,1.0,0.000533976555735,3
2020-04-01,10,-0.0015244342612277,-0.0015244342612277,0.0,1.0,-0.0015244342612277,3
2020-04-02,10,0.0023500254427254,0.0023500254427254,0.0,1.0,0.0023500254427254,3
2020-04-03,10,-0.0051135315008179,-0.0051135315008179,0.0,1.0,-0.0051135315008179,3
2020-04-06,11,0.0,0.0,0.0,1.0,0.0,4
2020-04-07,11,0.0,0.0,0.0,1.0,0.0,4
2020-04-08,11,0.0,0.0,0.0,1.0,0.0,4
2020-04-09,11,0.0,0.0,0.0,1.0,0.0,4
2020-04-13,11,0.0,0.0,0.0,1.0,0.0,4
2020-04-14,11,0.0,0.0,0.0,1.0,0.0,4
2020-04-15,11,0.0,0.0,0.0,1.0,0.0,4
2020-04-16,11,0.0,0.0,0.0,1.0,0.0,4
2020-04-17,11,0.0,0.0,0.0,1.0,0.0,4
2020-04-20,11,0.0,0.0,0.0,1.0,0.0,4
2020-04-21,11,0.0,0.0,0.0,1.0,0.0,4
2020-04-22,11,0.0,0.0,0.0,1.0,0.0,4
2020-04-23,11,0.0,0.0,0.0,1.0,0.0,4
2020-04-24,11,0.0,0.0,0.0,1.0,0.0,4
2020-04-27,11,0.0,0.0,0.0,1.0,0.0,4
2020-04-28,11,0.0,0.0,0.0,1.0,0.0,4
2020-04-29,11,0.0,0.0,0.0,1.0,0.0,4
2020-04-30,11,0.0,0.0,0.0,1.0,0.0,4
2020-05-01,11,0.0,0.0,0.0,1.0,0.0,4
2020-05-04,11,0.0,0.0,0.0,1.0,0.0,4
2020-05-05,11,0.0,0.0,0.0,1.0,0.0,4
2020-05-06,11,0.0,0.0,0.0,1.0,0.0,4
2020-05-07,11,0.0,0.0,0.0,1.0,0.0,4
2020-05-08,11,0.0,0.0,0.0,1.0,0.0,4
2020-05-11,11,0.0,0.0,0.0,1.0,0.0,4
2020-05-12,11,0.0,0.0,0.0,1.0,0.0,4
2020-05-13,11,0.0,0.0,0.0,1.0,0.0,4
2020-05-14,11,0.0,0.0,0.0,1.0,0.0,4
2020-05-15,11,0.0,0.0,0.0,1.0,0.0,4
2020-05-18,11,0.0,0.0,0.0,1.0,0.0,4
2020-05-19,11,0.0,0.0,0.0,1.0,0.0,4
2020-05-20,11,0.0,0.0,0.0,1.0,0.0,4
2020-05-21,11,0.0,0.0,0.0,1.0,0.0,4
2020-05-22,11,0.0,0.0,0.0,1.0,0.0,4
2020-05-26,11,0.0,0.0,0.0,1.0,0.0,4
2020-05-27,11,0.0,0.0,0.0,1.0,0.0,4
2020-05-28,11,0.0038717171183753,0.0041217171183753,0.25,1.0,0.0038717171183753,4
2020-05-29,11,-0.0020163255507949,-0.0020163255507949,0.0,1.0,-0.0020163255507949,4
2020-06-01,11,0.0009343370118684,0.0009343370118684,0.0,1.0,0.0009343370118684,4
2020-06-02,11,-0.0019358378701812,-0.0019358378701812,0.0,1.0,-0.0019358378701812,4
2020-06-03,11,0.0013632895792368,0.0013632895792368,0.0,1.0,0.0013632895792368,4
2020-06-04,11,-4.564510909670196e-05,-4.564510909670196e-05,0.0,1.0,-4.564510909670196e-05,4
2020-06-05,11,0.0002674145396156,0.0002674145396156,0.0,1.0,0.0002674145396156,4
2020-06-08,11,-0.0012303554716686,-0.0012303554716686,0.0,1.0,-0.0012303554716686,4
2020-06-09,11,-0.0015513160129424,-0.0015513160129424,0.0,1.0,-0.0015513160129424,4
2020-06-10,11,-0.0020965961203734,-0.0020965961203734,0.0,1.0,-0.0020965961203734,4
2020-06-11,11,0.0033847368405234,0.0033847368405234,0.0,1.0,0.0033847368405234,4
2020-06-12,11,-0.005641428384161,-0.005141428384161,0.5,1.0,-0.005641428384161,4
2020-06-15,11,-0.0096506000341379,-0.0096506000341379,0.0,1.0,-0.0096506000341379,4
2020-06-16,11,0.0046363366264788,0.0046363366264788,0.0,1.0,0.0046363366264788,4
2020-06-17,11,-0.0002676179269851,-0.0002676179269851,0.0,1.0,-0.0002676179269851,4
2020-06-18,11,-0.0008905322893243,-0.0008905322893243,0.0,1.0,-0.0008905322893243,4
2020-06-19,11,0.0092473143512111,0.0092473143512111,0.0,1.0,0.0092473143512111,4
2020-06-22,11,-0.004705095969889,-0.004705095969889,0.0,1.0,-0.004705095969889,4
2020-06-23,11,0.0023380504616547,0.0023380504616547,0.0,1.0,0.0023380504616547,4
2020-06-24,11,-0.0028238593074787,-0.0025738593074787,0.25,1.0,-0.0028238593074787,4
2020-06-25,11,0.0014878843787592,0.0014878843787592,0.0,1.0,0.0014878843787592,4
2020-06-26,11,-0.0013636373920143,-0.0013636373920143,0.0,1.0,-0.0013636373920143,4
2020-06-29,11,-0.0014451311656979,-0.0014451311656979,0.0,1.0,-0.0014451311656979,4
2020-06-30,11,0.0027954903238222,0.0027954903238222,0.0,1.0,0.0027954903238222,4
2020-07-01,11,-0.0004312746850982,-0.0004312746850982,0.0,1.0,-0.0004312746850982,4
2020-07-02,11,0.0002171599121705,0.0002171599121705,0.0,1.0,0.0002171599121705,4
2020-07-06,11,0.0038445683222951,0.0038445683222951,0.0,1.0,0.0038445683222951,4
2020-07-07,12,0.0,0.0,0.0,1.0,0.0,4
2020-07-08,12,5.601864390190973e-05,0.0003060186439019,0.25,1.0,5.601864390190973e-05,4
2020-07-09,12,-0.0006355852493364,-0.0006355852493364,0.0,1.0,-0.0006355852493364,4
2020-07-10,12,-0.000906761906037,-0.000906761906037,0.0,1.0,-0.000906761906037,4
2020-07-13,12,9.464319419460789e-05,9.464319419460789e-05,0.0,1.0,9.464319419460789e-05,4
2020-07-14,12,0.0005051125741343,0.0005051125741343,0.0,1.0,0.0005051125741343,4
2020-07-15,12,0.0004024060927273,0.0004024060927273,0.0,1.0,0.0004024060927273,4
2020-07-16,12,-0.0006390294765607,-0.0006390294765607,0.0,1.0,-0.0006390294765607,4
2020-07-17,12,0.00045013970024,0.00045013970024,0.0,1.0,0.00045013970024,4
2020-07-20,12,-0.0004996433441337,-0.0004996433441337,0.0,1.0,-0.0004996433441337,4
2020-07-21,12,0.0044789574832855,0.0047289574832855,0.25,1.0,0.0044789574832855,4
2020-07-22,12,-0.0019662086226438,-0.0019662086226438,0.0,1.0,-0.0019662086226438,4
2020-07-23,12,0.0019086730552187,0.0019086730552187,0.0,1.0,0.0019086730552187,4
2020-07-24,12,0.0002857460331218,0.0005357460331218,0.25,1.0,0.0002857460331218,4
2020-07-27,12,-0.0019758334032564,-0.0019758334032564,0.0,1.0,-0.0019758334032564,4
2020-07-28,12,0.0008759625995873,0.0008759625995873,0.0,1.0,0.0008759625995873,4
2020-07-29,12,-0.0004719020644296,-0.0004719020644296,0.0,1.0,-0.0004719020644296,4
2020-07-30,12,-0.0037528296429192,-0.0037528296429192,0.0,1.0,-0.0037528296429192,4
2020-07-31,12,-0.0020283505160062,-0.0020283505160062,0.0,1.0,-0.0020283505160062,4
2020-08-03,12,-0.0003894706603179,-0.0003894706603179,0.0,1.0,-0.0003894706603179,4
2020-08-04,12,-0.0013091359775854,-0.0010591359775854,0.25,1.0,-0.0013091359775854,4
2020-08-05,12,-0.0011709921916342,-0.0011709921916342,0.0,1.0,-0.0011709921916342,4
2020-08-06,12,-0.0024975211095977,-0.0022475211095977,0.25,1.0,-0.0024975211095977,4
2020-08-07,12,0.0064597006985789,0.0064597006985789,0.0,1.0,0.0064597006985789,4
2020-08-10,12,0.0059225183573446,0.0059225183573446,0.0,1.0,0.0059225183573446,4
2020-08-11,12,0.0014460881914129,0.0014460881914129,0.0,1.0,0.0014460881914129,4
2020-08-12,12,-0.000702371476806,-0.000702371476806,0.0,1.0,-0.000702371476806,4
2020-08-13,12,-0.0020610774793366,-0.0020610774793366,0.0,1.0,-0.0020610774793366,4
2020-08-14,12,-0.0007164548456903,-0.0007164548456903,0.0,1.0,-0.0007164548456903,4
2020-08-17,12,0.0030294366383919,0.0032794366383919,0.25,1.0,0.0030294366383919,4
2020-08-18,12,0.0046135694112519,0.0046135694112519,0.0,1.0,0.0046135694112519,4
2020-08-19,12,0.0027113728767124,0.0029613728767124,0.25,1.0,0.0027113728767124,4
2020-08-20,12,-0.0020002066644013,-0.0017502066644013,0.25,1.0,-0.0020002066644013,4
2020-08-21,12,0.0046069574219762,0.0046069574219762,0.0,1.0,0.0046069574219762,4
2020-08-24,12,-0.002486590580106,-0.002486590580106,0.0,1.0,-0.002486590580106,4
2020-08-25,12,-0.0015187731448507,-0.0015187731448507,0.0,1.0,-0.0015187731448507,4
2020-08-26,12,-0.0021951410356223,-0.0021951410356223,0.0,1.0,-0.0021951410356223,4
2020-08-27,12,0.0015022306577417,0.0015022306577417,0.0,1.0,0.0015022306577417,4
2020-08-28,12,0.0034057325155619,0.0034057325155619,0.0,1.0,0.0034057325155619,4
2020-08-31,12,-0.0003920186649309,-0.0003920186649309,0.0,1.0,-0.0003920186649309,4
2020-09-01,12,0.0013364015288562,0.0013364015288562,0.0,1.0,0.0013364015288562,4
2020-09-02,12,-0.0003796844614333,-0.0001296844614333,0.25,1.0,-0.0003796844614333,4
2020-09-03,12,-0.0004480960682591,-0.0004480960682591,0.0,1.0,-0.0004480960682591,4
2020-09-04,12,-0.0051761616016631,-0.0049261616016631,0.25,1.0,-0.0051761616016631,4
2020-09-08,12,0.0004073371040028,0.0004073371040028,0.0,1.0,0.0004073371040028,4
2020-09-09,12,0.0044088328499726,0.0044088328499726,0.0,1.0,0.0044088328499726,4
2020-09-10,12,-0.0024769606877096,-0.0022269606877096,0.25,1.0,-0.0024769606877096,4
2020-09-11,12,-0.003180552810113,-0.003180552810113,0.0,1.0,-0.003180552810113,4
2020-09-14,12,0.0010283689218509,0.0010283689218509,0.0,1.0,0.0010283689218509,4
2020-09-15,12,0.0006177274625224,0.0006177274625224,0.0,1.0,0.0006177274625224,4
2020-09-16,12,0.0005097169719411,0.0007597169719411,0.25,1.0,0.0005097169719411,4
2020-09-17,12,0.0009082282068565,0.0009082282068565,0.0,1.0,0.0009082282068565,4
2020-09-18,12,-0.0017840986193271,-0.0015340986193271,0.25,1.0,-0.0017840986193271,4
2020-09-21,12,0.0015214522597945,0.0015214522597945,0.0,1.0,0.0015214522597945,4
2020-09-22,12,0.0032747385255766,0.0032747385255766,0.0,1.0,0.0032747385255766,4
2020-09-23,12,-0.0014849137846938,-0.0014849137846938,0.0,1.0,-0.0014849137846938,4
2020-09-24,12,0.0025472374304826,0.0025472374304826,0.0,1.0,0.0025472374304826,4
2020-09-25,12,0.0020102629127656,0.0020102629127656,0.0,1.0,0.0020102629127656,4
2020-09-28,12,0.0022989835875514,0.0022989835875514,0.0,1.0,0.0022989835875514,4
2020-09-29,12,0.0002169911469067,0.0002169911469067,0.0,1.0,0.0002169911469067,4
2020-09-30,12,-0.0033095400493207,-0.0033095400493207,0.0,1.0,-0.0033095400493207,4
2020-10-01,12,0.0022199877141258,0.0022199877141258,0.0,1.0,0.0022199877141258,4
2020-10-02,12,-0.002015288904971,-0.001765288904971,0.25,1.0,-0.002015288904971,4
2020-10-05,13,0.0,0.0,0.0,1.0,0.0,4
2020-10-06,13,0.0,0.0,0.0,1.0,0.0,4
2020-10-07,13,0.0,0.0,0.0,1.0,0.0,4
2020-10-08,13,0.0,0.0,0.0,1.0,0.0,4
2020-10-09,13,0.0,0.0,0.0,1.0,0.0,4
2020-10-12,13,0.0,0.0,0.0,1.0,0.0,4
2020-10-13,13,0.0,0.0,0.0,1.0,0.0,4
2020-10-14,13,0.0,0.0,0.0,1.0,0.0,4
2020-10-15,13,-0.0047885027653783,-0.0045385027653783,0.25,1.0,-0.0047885027653783,4
2020-10-16,13,-0.0027869766331241,-0.0027869766331241,0.0,1.0,-0.0027869766331241,4
2020-10-19,13,-0.0020026883066309,-0.0020026883066309,0.0,1.0,-0.0020026883066309,4
2020-10-20,13,0.0015802874704198,0.0015802874704198,0.0,1.0,0.0015802874704198,4
2020-10-21,13,0.0003212148882986,0.0003212148882986,0.0,1.0,0.0003212148882986,4
2020-10-22,13,-0.0021446708684969,-0.0021446708684969,0.0,1.0,-0.0021446708684969,4
2020-10-23,13,-0.0001685742322027,-0.0001685742322027,0.0,1.0,-0.0001685742322027,4
2020-10-26,13,-0.0035929901936798,-0.0033429901936798,0.25,1.0,-0.0035929901936798,4
2020-10-27,13,0.0049001503930947,0.0051501503930947,0.25,1.0,0.0049001503930947,4
2020-10-28,13,-0.0072460998129999,-0.0072460998129999,0.0,1.0,-0.0072460998129999,4
2020-10-29,13,-0.007067715127873,-0.007067715127873,0.0,1.0,-0.007067715127873,4
2020-10-30,13,0.0024424417154312,0.0024424417154312,0.0,1.0,0.0024424417154312,4
2020-11-02,13,-0.0003250675592721,-0.0003250675592721,0.0,1.0,-0.0003250675592721,4
2020-11-03,13,-0.000138699432048,-0.000138699432048,0.0,1.0,-0.000138699432048,4
2020-11-04,13,0.0047761740812117,0.0047761740812117,0.0,1.0,0.0047761740812117,4
2020-11-05,13,0.0008360999324136,0.0008360999324136,0.0,1.0,0.0008360999324136,4
2020-11-06,13,-0.0029889309918534,-0.0029889309918534,0.0,1.0,-0.0029889309918534,4
2020-11-09,13,0.0028584739676924,0.0028584739676924,0.0,1.0,0.0028584739676924,4
2020-11-10,13,-0.0063212827766314,-0.0060712827766314,0.25,1.0,-0.0063212827766314,4
2020-11-11,13,-0.0016446073543199,-0.0011446073543199,0.5,1.0,-0.0016446073543199,4
2020-11-12,13,-0.0019490570534428,-0.0019490570534428,0.0,1.0,-0.0019490570534428,4
2020-11-13,13,0.0025918769627758,0.0025918769627758,0.0,1.0,0.0025918769627758,4
2020-11-16,13,0.0001274283645997,0.0001274283645997,0.0,1.0,0.0001274283645997,4
2020-11-17,13,0.0003393926564909,0.0003393926564909,0.0,1.0,0.0003393926564909,4
2020-11-18,13,-0.0005998329381634,-0.0005998329381634,0.0,1.0,-0.0005998329381634,4
2020-11-19,13,0.0002976618655373,0.0005476618655373,0.25,1.0,0.0002976618655373,4
2020-11-20,13,-0.0039508639166648,-0.0037008639166648,0.25,1.0,-0.0039508639166648,4
2020-11-23,13,0.0002757848803221,0.0005257848803221,0.25,1.0,0.0002757848803221,4
2020-11-24,13,-0.0019983269267038,-0.0019983269267038,0.0,1.0,-0.0019983269267038,4
2020-11-25,13,-0.0002893726437648,-0.0002893726437648,0.0,1.0,-0.0002893726437648,4
2020-11-27,13,-0.0002942582023325,-4.425820233256843e-05,0.25,1.0,-0.0002942582023325,4
2020-11-30,13,-0.0050538002912935,-0.0050538002912935,0.0,1.0,-0.0050538002912935,4
2020-12-01,13,-0.0019723885988668,-0.0019723885988668,0.0,1.0,-0.0019723885988668,4
2020-12-02,13,-0.0118027945594125,-0.0118027945594125,0.0,1.0,-0.0118027945594125,4
2020-12-03,13,0.0011406238051908,0.0011406238051908,0.0,1.0,0.0011406238051908,4
2020-12-04,13,0.0024584001385801,0.0024584001385801,0.0,1.0,0.0024584001385801,4
2020-12-07,13,-0.0030234304818766,-0.0030234304818766,0.0,1.0,-0.0030234304818766,4
2020-12-08,13,-5.5505018746045045e-05,-5.5505018746045045e-05,0.0,1.0,-5.5505018746045045e-05,4
2020-12-09,13,-0.0041914662121086,-0.0041914662121086,0.0,1.0,-0.0041914662121086,4
2020-12-10,13,0.0026221988166903,0.0026221988166903,0.0,1.0,0.0026221988166903,4
2020-12-11,13,0.0014758705734476,0.0014758705734476,0.0,1.0,0.0014758705734476,4
2020-12-14,13,-0.004885668572201,-0.004885668572201,0.0,1.0,-0.004885668572201,4
2020-12-15,13,-0.0011866498288886,-0.0011866498288886,0.0,1.0,-0.0011866498288886,4
2020-12-16,13,-0.0024093012894609,-0.0024093012894609,0.0,1.0,-0.0024093012894609,4
2020-12-17,13,-0.00042212435749,-0.00017212435749,0.25,1.0,-0.00042212435749,4
2020-12-18,13,-0.001501682979415,-0.001501682979415,0.0,1.0,-0.001501682979415,4
2020-12-21,13,0.0006776996072568,0.0006776996072568,0.0,1.0,0.0006776996072568,4
2020-12-22,13,0.002192229261695,0.002192229261695,0.0,1.0,0.002192229261695,4
2020-12-23,13,-0.0012768085444821,-0.0012768085444821,0.0,1.0,-0.0012768085444821,4
2020-12-24,13,-0.00025,0.0,0.25,1.0,-0.00025,4
2020-12-28,13,0.0,0.0,0.0,1.0,0.0,4
2020-12-29,13,0.0,0.0,0.0,1.0,0.0,4
2020-12-30,13,0.0,0.0,0.0,1.0,0.0,4
2020-12-31,13,0.0,0.0,0.0,1.0,0.0,4
2021-01-04,13,0.0,0.0,0.0,1.0,0.0,4
2021-01-05,14,0.0,0.0,0.0,1.0,0.0,4
2021-01-06,14,0.0,0.0,0.0,1.0,0.0,4
2021-01-07,14,-0.0003585368819347,-0.0001085368819347,0.25,1.0,-0.0003585368819347,4
2021-01-08,14,-0.000208978975099,-0.000208978975099,0.0,1.0,-0.000208978975099,4
2021-01-11,14,0.0001331399962543,0.0001331399962543,0.0,1.0,0.0001331399962543,4
2021-01-12,14,-0.0009331890265056,-0.0009331890265056,0.0,1.0,-0.0009331890265056,4
2021-01-13,14,-0.0007827856575221,-0.0007827856575221,0.0,1.0,-0.0007827856575221,4
2021-01-14,14,0.0012777285414628,0.0012777285414628,0.0,1.0,0.0012777285414628,4
2021-01-15,14,0.0010645107734109,0.0010645107734109,0.0,1.0,0.0010645107734109,4
2021-01-19,14,-0.0008749556165685,-0.0008749556165685,0.0,1.0,-0.0008749556165685,4
2021-01-20,14,0.0001044480845196,0.0003544480845196,0.25,1.0,0.0001044480845196,4
2021-01-21,14,-0.0009522106350132,-0.0009522106350132,0.0,1.0,-0.0009522106350132,4
2021-01-22,14,0.0007590417684362,0.0007590417684362,0.0,1.0,0.0007590417684362,4
2021-01-25,14,0.0014907395118918,0.0014907395118918,0.0,1.0,0.0014907395118918,4
2021-01-26,14,0.0012505117466622,0.0012505117466622,0.0,1.0,0.0012505117466622,4
2021-01-27,14,0.0047957927156484,0.0047957927156484,0.0,1.0,0.0047957927156484,4
2021-01-28,14,-0.0037567508536395,-0.0037567508536395,0.0,1.0,-0.0037567508536395,4
2021-01-29,14,-0.0009803601092028,-0.0009803601092028,0.0,1.0,-0.0009803601092028,4
2021-02-01,14,0.0036886090104415,0.0036886090104415,0.0,1.0,0.0036886090104415,4
2021-02-02,14,0.0007718868544991,0.0007718868544991,0.0,1.0,0.0007718868544991,4
2021-02-03,14,0.0023918180657817,0.0026418180657817,0.25,1.0,0.0023918180657817,4
2021-02-04,14,0.0059000158975253,0.0061500158975253,0.25,1.0,0.0059000158975253,4
2021-02-05,14,-0.0014658506373127,-0.0012158506373127,0.25,1.0,-0.0014658506373127,4
2021-02-08,14,-0.0022155798583267,-0.0022155798583267,0.0,1.0,-0.0022155798583267,4
2021-02-09,14,-0.0016813729360221,-0.0016813729360221,0.0,1.0,-0.0016813729360221,4
2021-02-10,14,-0.0023299663600667,-0.0023299663600667,0.0,1.0,-0.0023299663600667,4
2021-02-11,14,-0.0007229771188323,-0.0007229771188323,0.0,1.0,-0.0007229771188323,4
2021-02-12,14,0.0003164154112383,0.0003164154112383,0.0,1.0,0.0003164154112383,4
2021-02-16,14,-0.0002617804856242,-0.0002617804856242,0.0,1.0,-0.0002617804856242,4
2021-02-17,14,-0.0015366733002802,-0.0012866733002802,0.25,1.0,-0.0015366733002802,4
2021-02-18,14,0.0015258664412451,0.0017758664412451,0.25,1.0,0.0015258664412451,4
2021-02-19,14,0.0007366946951259,0.0007366946951259,0.0,1.0,0.0007366946951259,4
2021-02-22,14,0.0019504169230516,0.0019504169230516,0.0,1.0,0.0019504169230516,4
2021-02-23,14,-0.0031809971245758,-0.0031809971245758,0.0,1.0,-0.0031809971245758,4
2021-02-24,14,0.0015866894090288,0.0015866894090288,0.0,1.0,0.0015866894090288,4
2021-02-25,14,0.004304316762553,0.004304316762553,0.0,1.0,0.004304316762553,4
2021-02-26,14,-0.0029197041673512,-0.0029197041673512,0.0,1.0,-0.0029197041673512,4
2021-03-01,14,-0.0012634184071282,-0.0012634184071282,0.0,1.0,-0.0012634184071282,4
2021-03-02,14,0.0029424291878232,0.0029424291878232,0.0,1.0,0.0029424291878232,4
2021-03-03,14,-0.0011249513556541,-0.0008749513556541,0.25,1.0,-0.0011249513556541,4
2021-03-04,14,0.0006567463805228,0.0006567463805228,0.0,1.0,0.0006567463805228,4
2021-03-05,14,0.003996955933109,0.004246955933109,0.25,1.0,0.003996955933109,4
2021-03-08,14,0.0017683289864568,0.0017683289864568,0.0,1.0,0.0017683289864568,4
2021-03-09,14,1.2923657537001606e-05,1.2923657537001606e-05,0.0,1.0,1.2923657537001606e-05,4
2021-03-10,14,0.0017338089376063,0.0017338089376063,0.0,1.0,0.0017338089376063,4
2021-03-11,14,-0.0014782637905312,-0.0014782637905312,0.0,1.0,-0.0014782637905312,4
2021-03-12,14,-0.0020274555613932,-0.0020274555613932,0.0,1.0,-0.0020274555613932,4
2021-03-15,14,0.0083314984820486,0.0083314984820486,0.0,1.0,0.0083314984820486,4
2021-03-16,14,0.001327969003152,0.001327969003152,0.0,1.0,0.001327969003152,4
2021-03-17,14,-0.00025,0.0,0.25,1.0,-0.00025,4
2021-03-18,14,0.0,0.0,0.0,1.0,0.0,4
2021-03-19,14,0.005248953949688,0.005498953949688,0.25,1.0,0.005248953949688,4
2021-03-22,14,-0.0001507245729882,-0.0001507245729882,0.0,1.0,-0.0001507245729882,4
2021-03-23,14,-0.0020424671069177,-0.0017924671069177,0.25,1.0,-0.0020424671069177,4
2021-03-24,14,0.0035309371114032,0.0035309371114032,0.0,1.0,0.0035309371114032,4
2021-03-25,14,-3.997469126713107e-05,-3.997469126713107e-05,0.0,1.0,-3.997469126713107e-05,4
2021-03-26,14,-0.0014530959782134,-0.0014530959782134,0.0,1.0,-0.0014530959782134,4
2021-03-29,14,-0.0021409192929776,-0.0021409192929776,0.0,1.0,-0.0021409192929776,4
2021-03-30,14,0.002575229406399,0.002575229406399,0.0,1.0,0.002575229406399,4
2021-03-31,14,-0.0016670319150195,-0.0016670319150195,0.0,1.0,-0.0016670319150195,4
2021-04-01,14,-0.0009122415957745,-0.0009122415957745,0.0,1.0,-0.0009122415957745,4
2021-04-05,14,-0.000957468429491,-0.000957468429491,0.0,1.0,-0.000957468429491,4
2021-04-06,14,0.0012696133331313,0.0012696133331313,0.0,1.0,0.0012696133331313,4
2021-04-07,15,0.0,0.0,0.0,1.0,0.0,4
2021-04-08,15,0.0,0.0,0.0,1.0,0.0,4
2021-04-09,15,0.0,0.0,0.0,1.0,0.0,4
2021-04-12,15,0.0,0.0,0.0,1.0,0.0,4
2021-04-13,15,0.0,0.0,0.0,1.0,0.0,4
2021-04-14,15,0.0,0.0,0.0,1.0,0.0,4
2021-04-15,15,0.0,0.0,0.0,1.0,0.0,4
2021-04-16,15,0.0,0.0,0.0,1.0,0.0,4
2021-04-19,15,0.0,0.0,0.0,1.0,0.0,4
2021-04-20,15,0.0,0.0,0.0,1.0,0.0,4
2021-04-21,15,0.0,0.0,0.0,1.0,0.0,4
2021-04-22,15,-0.003845417941359,-0.003595417941359,0.25,1.0,-0.003845417941359,4
2021-04-23,15,-0.0013300147946253,-0.0013300147946253,0.0,1.0,-0.0013300147946253,4
2021-04-26,15,-0.0017110996015277,-0.0017110996015277,0.0,1.0,-0.0017110996015277,4
2021-04-27,15,0.002070090426374,0.002070090426374,0.0,1.0,0.002070090426374,4
2021-04-28,15,-0.0009738736718492,-0.0009738736718492,0.0,1.0,-0.0009738736718492,4
2021-04-29,15,0.0031848510736461,0.0034348510736461,0.25,1.0,0.0031848510736461,4
2021-04-30,15,0.0005688881624688,0.0005688881624688,0.0,1.0,0.0005688881624688,4
2021-05-03,15,0.0029356206911958,0.0029356206911958,0.0,1.0,0.0029356206911958,4
2021-05-04,15,0.003749018119583,0.003749018119583,0.0,1.0,0.003749018119583,4
2021-05-05,15,0.0022060519043741,0.0022060519043741,0.0,1.0,0.0022060519043741,4
2021-05-06,15,0.0022335093978203,0.0022335093978203,0.0,1.0,0.0022335093978203,4
2021-05-07,15,-0.0003333345789523,-0.0003333345789523,0.0,1.0,-0.0003333345789523,4
2021-05-10,15,0.0020860336480961,0.0023360336480961,0.25,1.0,0.0020860336480961,4
2021-05-11,15,-0.0069775044056932,-0.0069775044056932,0.0,1.0,-0.0069775044056932,4
2021-05-12,15,-0.0060306825618467,-0.0060306825618467,0.0,1.0,-0.0060306825618467,4
2021-05-13,15,0.0024276051137907,0.0024276051137907,0.0,1.0,0.0024276051137907,4
2021-05-14,15,-0.0006156486322534,-0.0006156486322534,0.0,1.0,-0.0006156486322534,4
2021-05-17,15,-0.0006897732699933,-0.0006897732699933,0.0,1.0,-0.0006897732699933,4
2021-05-18,15,0.0033250362448738,0.0033250362448738,0.0,1.0,0.0033250362448738,4
2021-05-19,15,0.0001323903504743,0.0003823903504743,0.25,1.0,0.0001323903504743,4
2021-05-20,15,0.0004689635957697,0.0004689635957697,0.0,1.0,0.0004689635957697,4
2021-05-21,15,-0.0001608630806237,-0.0001608630806237,0.0,1.0,-0.0001608630806237,4
2021-05-24,15,-0.0005198458827644,-0.0005198458827644,0.0,1.0,-0.0005198458827644,4
2021-05-25,15,0.0007713896733419,0.0007713896733419,0.0,1.0,0.0007713896733419,4
2021-05-26,15,-0.0004931923965526,-0.0002431923965526,0.25,1.0,-0.0004931923965526,4
2021-05-27,15,-0.0009894022826814,-0.0009894022826814,0.0,1.0,-0.0009894022826814,4
2021-05-28,15,0.0017094912494856,0.0019594912494856,0.25,1.0,0.0017094912494856,4
2021-06-01,15,-0.0001581423738966,-0.0001581423738966,0.0,1.0,-0.0001581423738966,4
2021-06-02,15,-0.0025604644845812,-0.0025604644845812,0.0,1.0,-0.0025604644845812,4
2021-06-03,15,-0.0001920219633009,-0.0001920219633009,0.0,1.0,-0.0001920219633009,4
2021-06-04,15,-0.001494989002661,-0.001494989002661,0.0,1.0,-0.001494989002661,4
2021-06-07,15,0.0021040862773946,0.0023540862773946,0.25,1.0,0.0021040862773946,4
2021-06-08,15,-0.0008164663874192,-0.0005664663874192,0.25,1.0,-0.0008164663874192,4
2021-06-09,15,3.838553754515221e-05,3.838553754515221e-05,0.0,1.0,3.838553754515221e-05,4
2021-06-10,15,0.0045814375779976,0.0045814375779976,0.0,1.0,0.0045814375779976,4
2021-06-11,15,-0.001344359572113,-0.001344359572113,0.0,1.0,-0.001344359572113,4
2021-06-14,15,0.0008334396556556,0.0008334396556556,0.0,1.0,0.0008334396556556,4
2021-06-15,15,0.0014686419444624,0.0014686419444624,0.0,1.0,0.0014686419444624,4
2021-06-16,15,0.0100090469809507,0.0100090469809507,0.0,1.0,0.0100090469809507,4
2021-06-17,15,-0.0033692758271754,-0.0033692758271754,0.0,1.0,-0.0033692758271754,4
2021-06-18,15,0.0021039548854543,0.0021039548854543,0.0,1.0,0.0021039548854543,4
2021-06-21,15,-0.0037044112115587,-0.0034544112115587,0.25,1.0,-0.0037044112115587,4
2021-06-22,15,-0.0034504278305412,-0.0034504278305412,0.0,1.0,-0.0034504278305412,4
2021-06-23,15,-9.720363312490071e-06,-9.720363312490071e-06,0.0,1.0,-9.720363312490071e-06,4
2021-06-24,15,0.0032457028502416,0.0032457028502416,0.0,1.0,0.0032457028502416,4
2021-06-25,15,-9.452536942232068e-05,0.0001554746305776,0.25,1.0,-9.452536942232068e-05,4
2021-06-28,15,-0.000167073700638,8.292629936198628e-05,0.25,1.0,-0.000167073700638,4
2021-06-29,15,0.0011752115887073,0.0011752115887073,0.0,1.0,0.0011752115887073,4
2021-06-30,15,0.0072589625894091,0.0072589625894091,0.0,1.0,0.0072589625894091,4
2021-07-01,15,-0.0061231558370348,-0.0061231558370348,0.0,1.0,-0.0061231558370348,4
2021-07-02,15,-0.0050258165450697,-0.0050258165450697,0.0,1.0,-0.0050258165450697,4
2021-07-06,15,0.0026538902564796,0.0029038902564796,0.25,1.0,0.0026538902564796,4
2021-07-07,16,0.0,0.0,0.0,1.0,0.0,4
2021-07-08,16,0.0,0.0,0.0,1.0,0.0,4
2021-07-09,16,0.0020231936415962,0.0022731936415962,0.25,1.0,0.0020231936415962,4
2021-07-12,16,-0.0004997610930317,-0.0004997610930317,0.0,1.0,-0.0004997610930317,4
2021-07-13,16,0.0010465100761387,0.0010465100761387,0.0,1.0,0.0010465100761387,4
2021-07-14,16,-0.0003380665691929,-0.0003380665691929,0.0,1.0,-0.0003380665691929,4
2021-07-15,16,0.0007744770118791,0.0007744770118791,0.0,1.0,0.0007744770118791,4
2021-07-16,16,-0.0002691922913987,-0.0002691922913987,0.0,1.0,-0.0002691922913987,4
2021-07-19,16,-0.0003426146090606,-0.0003426146090606,0.0,1.0,-0.0003426146090606,4
2021-07-20,16,0.0029962040028689,0.0032462040028689,0.25,1.0,0.0029962040028689,4
2021-07-21,16,0.0004261599634231,0.0004261599634231,0.0,1.0,0.0004261599634231,4
2021-07-22,16,-0.0003630690684482,-0.0003630690684482,0.0,1.0,-0.0003630690684482,4
2021-07-23,16,0.0030536862655222,0.0030536862655222,0.0,1.0,0.0030536862655222,4
2021-07-26,16,-0.0019645426418113,-0.0019645426418113,0.0,1.0,-0.0019645426418113,4
2021-07-27,16,0.0005110493583552,0.0005110493583552,0.0,1.0,0.0005110493583552,4
2021-07-28,16,-0.0034314616043966,-0.0034314616043966,0.0,1.0,-0.0034314616043966,4
2021-07-29,16,-0.0007664930913794,-0.0007664930913794,0.0,1.0,-0.0007664930913794,4
2021-07-30,16,0.0008611148641698,0.0011111148641698,0.25,1.0,0.0008611148641698,4
2021-08-02,16,-0.0010366470921822,-0.0010366470921822,0.0,1.0,-0.0010366470921822,4
2021-08-03,16,-0.0033327634837463,-0.0030827634837463,0.25,1.0,-0.0033327634837463,4
2021-08-04,16,-0.0003567648758264,-0.0003567648758264,0.0,1.0,-0.0003567648758264,4
2021-08-05,16,-0.0010936443519654,-0.0008436443519654,0.25,1.0,-0.0010936443519654,4
2021-08-06,16,-0.0038328165805587,-0.0038328165805587,0.0,1.0,-0.0038328165805587,4
2021-08-09,16,-0.0004677228693904,-0.0004677228693904,0.0,1.0,-0.0004677228693904,4
2021-08-10,16,-0.0062672511395446,-0.0062672511395446,0.0,1.0,-0.0062672511395446,4
2021-08-11,16,0.0005475270077599,0.0005475270077599,0.0,1.0,0.0005475270077599,4
2021-08-12,16,-0.0031705670280942,-0.0031705670280942,0.0,1.0,-0.0031705670280942,4
2021-08-13,16,-0.0014545551285217,-0.0014545551285217,0.0,1.0,-0.0014545551285217,4
2021-08-16,16,0.0025154719907901,0.0027654719907901,0.25,1.0,0.0025154719907901,4
2021-08-17,16,-4.5121025382750606e-05,-4.5121025382750606e-05,0.0,1.0,-4.5121025382750606e-05,4
2021-08-18,16,-0.0020688296900369,-0.0020688296900369,0.0,1.0,-0.0020688296900369,4
2021-08-19,16,0.0016322097320885,0.0016322097320885,0.0,1.0,0.0016322097320885,4
2021-08-20,16,-0.0005788186977735,-0.0005788186977735,0.0,1.0,-0.0005788186977735,4
2021-08-23,16,0.0014495512403975,0.0014495512403975,0.0,1.0,0.0014495512403975,4
2021-08-24,16,-0.0012682129992848,-0.0012682129992848,0.0,1.0,-0.0012682129992848,4
2021-08-25,16,-0.0016289074196151,-0.0016289074196151,0.0,1.0,-0.0016289074196151,4
2021-08-26,16,-0.0034980052494162,-0.0029980052494162,0.5,1.0,-0.0034980052494162,4
2021-08-27,16,0.0004674750643271,0.0004674750643271,0.0,1.0,0.0004674750643271,4
2021-08-30,16,-0.0032109719134413,-0.0027109719134413,0.5,1.0,-0.0032109719134413,4
2021-08-31,16,-0.0022606279319822,-0.0022606279319822,0.0,1.0,-0.0022606279319822,4
2021-09-01,16,-0.0025811045938758,-0.0025811045938758,0.0,1.0,-0.0025811045938758,4
2021-09-02,16,-0.003033815604701,-0.003033815604701,0.0,1.0,-0.003033815604701,4
2021-09-03,16,0.0002908472028228,0.0002908472028228,0.0,1.0,0.0002908472028228,4
2021-09-07,16,-0.0002943503372199,-0.0002943503372199,0.0,1.0,-0.0002943503372199,4
2021-09-08,16,-0.0019558866192527,-0.0019558866192527,0.0,1.0,-0.0019558866192527,4
2021-09-09,16,-0.0003504473754013,-0.0003504473754013,0.0,1.0,-0.0003504473754013,4
2021-09-10,16,-0.0020584822425918,-0.0018084822425918,0.25,1.0,-0.0020584822425918,4
2021-09-13,16,0.0012264099176171,0.0012264099176171,0.0,1.0,0.0012264099176171,4
2021-09-14,16,-0.0065367403849992,-0.0065367403849992,0.0,1.0,-0.0065367403849992,4
2021-09-15,16,0.0015361864680367,0.0015361864680367,0.0,1.0,0.0015361864680367,4
2021-09-16,16,0.0005212922632704,0.0005212922632704,0.0,1.0,0.0005212922632704,4
2021-09-17,16,4.808465602159392e-05,4.808465602159392e-05,0.0,1.0,4.808465602159392e-05,4
2021-09-20,16,0.0010841424327473,0.0010841424327473,0.0,1.0,0.0010841424327473,4
2021-09-21,16,-0.0026116558741905,-0.0026116558741905,0.0,1.0,-0.0026116558741905,4
2021-09-22,16,-0.0019168276226516,-0.0019168276226516,0.0,1.0,-0.0019168276226516,4
2021-09-23,16,-0.0009061548113074,-0.0006561548113074,0.25,1.0,-0.0009061548113074,4
2021-09-24,16,0.0007800247177619,0.0007800247177619,0.0,1.0,0.0007800247177619,4
2021-09-27,16,-0.0003935964879417,-0.0001435964879417,0.25,1.0,-0.0003935964879417,4
2021-09-28,16,-0.0017358970875469,-0.0017358970875469,0.0,1.0,-0.0017358970875469,4
2021-09-29,16,0.0010691190397519,0.0013191190397519,0.25,1.0,0.0010691190397519,4
2021-09-30,16,-0.0012724524229621,-0.0010224524229621,0.25,1.0,-0.0012724524229621,4
2021-10-01,16,0.0024018684827988,0.0024018684827988,0.0,1.0,0.0024018684827988,4
2021-10-04,16,-0.0013253360107813,-0.0013253360107813,0.0,1.0,-0.0013253360107813,4
2021-10-05,17,0.0,0.0,0.0,1.0,0.0,4
2021-10-06,17,0.0,0.0,0.0,1.0,0.0,4
2021-10-07,17,0.0,0.0,0.0,1.0,0.0,4
2021-10-08,17,0.0,0.0,0.0,1.0,0.0,4
2021-10-11,17,-0.0010967642562371,-0.0008467642562371,0.25,1.0,-0.0010967642562371,4
2021-10-12,17,0.0015186703961315,0.0015186703961315,0.0,1.0,0.0015186703961315,4
2021-10-13,17,-0.0006465857920397,-0.0006465857920397,0.0,1.0,-0.0006465857920397,4
2021-10-14,17,-0.0004399366379654,-0.0004399366379654,0.0,1.0,-0.0004399366379654,4
2021-10-15,17,-0.0030580169914845,-0.0030580169914845,0.0,1.0,-0.0030580169914845,4
2021-10-18,17,0.0002569043965042,0.0002569043965042,0.0,1.0,0.0002569043965042,4
2021-10-19,17,-0.0014938548689601,-0.0014938548689601,0.0,1.0,-0.0014938548689601,4
2021-10-20,17,-0.0002087207163216,-0.0002087207163216,0.0,1.0,-0.0002087207163216,4
2021-10-21,17,-0.0001221104230059,-0.0001221104230059,0.0,1.0,-0.0001221104230059,4
2021-10-22,17,-0.0007253492688178,-0.0007253492688178,0.0,1.0,-0.0007253492688178,4
2021-10-25,17,-0.0009861510059717,-0.0009861510059717,0.0,1.0,-0.0009861510059717,4
2021-10-26,17,-0.0020950767554956,-0.0020950767554956,0.0,1.0,-0.0020950767554956,4
2021-10-27,17,0.0059805240722269,0.0059805240722269,0.0,1.0,0.0059805240722269,4
2021-10-28,17,0.0036408806949021,0.0038908806949021,0.25,1.0,0.0036408806949021,4
2021-10-29,17,-0.0016386906337229,-0.0016386906337229,0.0,1.0,-0.0016386906337229,4
2021-11-01,17,0.0034240470519148,0.0034240470519148,0.0,1.0,0.0034240470519148,4
2021-11-02,17,1.0031816049088654e-05,1.0031816049088654e-05,0.0,1.0,1.0031816049088654e-05,4
2021-11-03,17,0.002325900926588,0.002325900926588,0.0,1.0,0.002325900926588,4
2021-11-04,17,0.0020304467856128,0.0020304467856128,0.0,1.0,0.0020304467856128,4
2021-11-05,17,-0.0036992502973028,-0.0031992502973028,0.5,1.0,-0.0036992502973028,4
2021-11-08,17,-0.0015649861933055,-0.0015649861933055,0.0,1.0,-0.0015649861933055,4
2021-11-09,17,-0.0003379438847972,-0.0003379438847972,0.0,1.0,-0.0003379438847972,4
2021-11-10,17,-0.0014356606851207,-0.0014356606851207,0.0,1.0,-0.0014356606851207,4
2021-11-11,17,-0.0005905294791108,-0.0005905294791108,0.0,1.0,-0.0005905294791108,4
2021-11-12,17,-0.0020282431330475,-0.0020282431330475,0.0,1.0,-0.0020282431330475,4
2021-11-15,17,-0.0026821474281148,-0.0026821474281148,0.0,1.0,-0.0026821474281148,4
2021-11-16,17,-0.0050540062430856,-0.0050540062430856,0.0,1.0,-0.0050540062430856,4
2021-11-17,17,-0.0022240899637269,-0.0019740899637269,0.25,1.0,-0.0022240899637269,4
2021-11-18,17,0.0008071679156187,0.0008071679156187,0.0,1.0,0.0008071679156187,4
2021-11-19,17,-0.0006677671265687,-0.0006677671265687,0.0,1.0,-0.0006677671265687,4
2021-11-22,17,0.0061710384898349,0.0061710384898349,0.0,1.0,0.0061710384898349,4
2021-11-23,17,0.0021635371971555,0.0021635371971555,0.0,1.0,0.0021635371971555,4
2021-11-24,17,-0.0013275371208497,-0.0010775371208497,0.25,1.0,-0.0013275371208497,4
2021-11-26,17,0.0002664074188599,0.0002664074188599,0.0,1.0,0.0002664074188599,4
2021-11-29,17,-0.0028963597412514,-0.0026463597412514,0.25,1.0,-0.0028963597412514,4
2021-11-30,17,0.0003726212085031,0.0003726212085031,0.0,1.0,0.0003726212085031,4
2021-12-01,17,-0.0029729212122344,-0.0029729212122344,0.0,1.0,-0.0029729212122344,4
2021-12-02,17,0.0013097617877684,0.0013097617877684,0.0,1.0,0.0013097617877684,4
2021-12-03,17,-0.0007153175911399,-0.0004653175911399,0.25,1.0,-0.0007153175911399,4
2021-12-06,17,-0.0001944029749511,-0.0001944029749511,0.0,1.0,-0.0001944029749511,4
2021-12-07,17,0.0061297531331444,0.0061297531331444,0.0,1.0,0.0061297531331444,4
2021-12-08,17,0.0032724261020011,0.0032724261020011,0.0,1.0,0.0032724261020011,4
2021-12-09,17,-0.0005110659858251,-0.0005110659858251,0.0,1.0,-0.0005110659858251,4
2021-12-10,17,0.0013633521320926,0.0016133521320926,0.25,1.0,0.0013633521320926,4
2021-12-13,17,-0.0014033321034074,-0.0014033321034074,0.0,1.0,-0.0014033321034074,4
2021-12-14,17,-0.0060384621235407,-0.0060384621235407,0.0,1.0,-0.0060384621235407,4
2021-12-15,17,0.0022289050917513,0.0024789050917513,0.25,1.0,0.0022289050917513,4
2021-12-16,17,0.0006397637167298,0.0006397637167298,0.0,1.0,0.0006397637167298,4
2021-12-17,17,0.0040588393051694,0.0040588393051694,0.0,1.0,0.0040588393051694,4
2021-12-20,17,-8.600654096634151e-05,-8.600654096634151e-05,0.0,1.0,-8.600654096634151e-05,4
2021-12-21,17,-5.203085113900986e-05,-5.203085113900986e-05,0.0,1.0,-5.203085113900986e-05,4
2021-12-22,17,0.0018246748361737,0.0018246748361737,0.0,1.0,0.0018246748361737,4
2021-12-23,17,0.0010552747052658,0.0010552747052658,0.0,1.0,0.0010552747052658,4
2021-12-27,17,0.0006275799302913,0.0008775799302913,0.25,1.0,0.0006275799302913,4
2021-12-28,17,-0.0020154336531281,-0.0020154336531281,0.0,1.0,-0.0020154336531281,4
2021-12-29,17,0.0006067131604114,0.0006067131604114,0.0,1.0,0.0006067131604114,4
2021-12-30,17,-0.0011484095381982,-0.0011484095381982,0.0,1.0,-0.0011484095381982,4
2021-12-31,17,-0.0009918945180038,-0.0009918945180038,0.0,1.0,-0.0009918945180038,4
2022-01-03,17,-0.0001247782736964,-0.0001247782736964,0.0,1.0,-0.0001247782736964,4
2022-01-04,18,0.0,0.0,0.0,1.0,0.0,4
2022-01-05,18,0.0,0.0,0.0,1.0,0.0,4
2022-01-06,18,0.0,0.0,0.0,1.0,0.0,4
2022-01-07,18,0.0,0.0,0.0,1.0,0.0,4
2022-01-10,18,0.0028297555596655,0.0030797555596655,0.25,1.0,0.0028297555596655,4
2022-01-11,18,-0.0006168125863031,-0.0006168125863031,0.0,1.0,-0.0006168125863031,4
2022-01-12,18,0.0007123073768186,0.0007123073768186,0.0,1.0,0.0007123073768186,4
2022-01-13,18,0.0009227442757311,0.0009227442757311,0.0,1.0,0.0009227442757311,4
2022-01-14,18,-0.0026035240988656,-0.0023535240988656,0.25,1.0,-0.0026035240988656,4
2022-01-18,18,-0.001038576905008,-0.001038576905008,0.0,1.0,-0.001038576905008,4
2022-01-19,18,-0.0018567326140856,-0.0018567326140856,0.0,1.0,-0.0018567326140856,4
2022-01-20,18,0.0004283925585264,0.0004283925585264,0.0,1.0,0.0004283925585264,4
2022-01-21,18,0.0024952318014778,0.0024952318014778,0.0,1.0,0.0024952318014778,4
2022-01-24,18,0.0001956682917278,0.0001956682917278,0.0,1.0,0.0001956682917278,4
2022-01-25,18,0.0099025681585129,0.0099025681585129,0.0,1.0,0.0099025681585129,4
2022-01-26,18,0.0100054920986935,0.0100054920986935,0.0,1.0,0.0100054920986935,4
2022-01-27,18,-4.652827236610742e-05,-4.652827236610742e-05,0.0,1.0,-4.652827236610742e-05,4
2022-01-28,18,-0.000454305745575,-0.000204305745575,0.25,1.0,-0.000454305745575,4
2022-01-31,18,-0.006174335677848,-0.006174335677848,0.0,1.0,-0.006174335677848,4
2022-02-01,18,0.003189520418443,0.003189520418443,0.0,1.0,0.003189520418443,4
2022-02-02,18,0.0069183202775218,0.0069183202775218,0.0,1.0,0.0069183202775218,4
2022-02-03,18,-0.0072023088758591,-0.0072023088758591,0.0,1.0,-0.0072023088758591,4
2022-02-04,18,-0.0050023897194136,-0.0050023897194136,0.0,1.0,-0.0050023897194136,4
2022-02-07,18,0.000310973263716,0.000560973263716,0.25,1.0,0.000310973263716,4
2022-02-08,18,-0.0017199789573294,-0.0017199789573294,0.0,1.0,-0.0017199789573294,4
2022-02-09,18,-0.0001213945370874,-0.0001213945370874,0.0,1.0,-0.0001213945370874,4
2022-02-10,18,0.0004445348587777,0.0004445348587777,0.0,1.0,0.0004445348587777,4
2022-02-11,18,-0.0014134982767272,-0.0011634982767272,0.25,1.0,-0.0014134982767272,4
2022-02-14,18,0.0005022072415059,0.0005022072415059,0.0,1.0,0.0005022072415059,4
2022-02-15,18,0.0008429999951181,0.0008429999951181,0.0,1.0,0.0008429999951181,4
2022-02-16,18,0.0009304354714819,0.0009304354714819,0.0,1.0,0.0009304354714819,4
2022-02-17,18,-0.0035405024759462,-0.0035405024759462,0.0,1.0,-0.0035405024759462,4
2022-02-18,18,0.0011378679121418,0.0011378679121418,0.0,1.0,0.0011378679121418,4
2022-02-22,18,0.0038618376493883,0.0038618376493883,0.0,1.0,0.0038618376493883,4
2022-02-23,18,0.0014758485555855,0.0014758485555855,0.0,1.0,0.0014758485555855,4
2022-02-24,18,-0.0031742003577754,-0.0031742003577754,0.0,1.0,-0.0031742003577754,4
2022-02-25,18,-0.00025,0.0,0.25,1.0,-0.00025,4
2022-02-28,18,0.0,0.0,0.0,1.0,0.0,4
2022-03-01,18,0.0,0.0,0.0,1.0,0.0,4
2022-03-02,18,0.0012032381203855,0.0014532381203855,0.25,1.0,0.0012032381203855,4
2022-03-03,18,0.0016429521432135,0.0016429521432135,0.0,1.0,0.0016429521432135,4
2022-03-04,18,-0.0022966640257507,-0.0022966640257507,0.0,1.0,-0.0022966640257507,4
2022-03-07,18,-0.0043755849310812,-0.0043755849310812,0.0,1.0,-0.0043755849310812,4
2022-03-08,18,-0.0114090797320437,-0.0111590797320437,0.25,1.0,-0.0114090797320437,4
2022-03-09,18,0.0027520462899104,0.0030020462899104,0.25,1.0,0.0027520462899104,4
2022-03-10,18,0.0021257954380707,0.0021257954380707,0.0,1.0,0.0021257954380707,4
2022-03-11,18,-0.003203988146932,-0.002953988146932,0.25,1.0,-0.003203988146932,4
2022-03-14,18,0.0018300477423531,0.0018300477423531,0.0,1.0,0.0018300477423531,4
2022-03-15,18,0.0014094829366706,0.0014094829366706,0.0,1.0,0.0014094829366706,4
2022-03-16,18,0.0030915998355538,0.0030915998355538,0.0,1.0,0.0030915998355538,4
2022-03-17,18,0.0078622532106345,0.0078622532106345,0.0,1.0,0.0078622532106345,4
2022-03-18,18,0.0035771726007848,0.0035771726007848,0.0,1.0,0.0035771726007848,4
2022-03-21,18,0.0017335238831491,0.0017335238831491,0.0,1.0,0.0017335238831491,4
2022-03-22,18,-0.002168217340638,-0.002168217340638,0.0,1.0,-0.002168217340638,4
2022-03-23,18,-0.0029344992141501,-0.0029344992141501,0.0,1.0,-0.0029344992141501,4
2022-03-24,18,0.0010018873220471,0.0010018873220471,0.0,1.0,0.0010018873220471,4
2022-03-25,18,-0.0004134050849331,-0.0004134050849331,0.0,1.0,-0.0004134050849331,4
2022-03-28,18,0.0025429160554412,0.0025429160554412,0.0,1.0,0.0025429160554412,4
2022-03-29,18,0.0010582430521064,0.0013082430521064,0.25,1.0,0.0010582430521064,4
2022-03-30,18,-0.0011567579375258,-0.0011567579375258,0.0,1.0,-0.0011567579375258,4
2022-03-31,18,0.0006375328483038,0.0006375328483038,0.0,1.0,0.0006375328483038,4
2022-04-01,18,0.0005187447457976,0.0007687447457976,0.25,1.0,0.0005187447457976,4
2022-04-04,18,0.0017705333846917,0.0017705333846917,0.0,1.0,0.0017705333846917,4
2022-04-05,19,0.0,0.0,0.0,1.0,0.0,4
2022-04-06,19,0.0,0.0,0.0,1.0,0.0,4
2022-04-07,19,6.50838292132912e-05,0.0003150838292132,0.25,1.0,6.50838292132912e-05,4
2022-04-08,19,-0.0013774546788631,-0.0013774546788631,0.0,1.0,-0.0013774546788631,4
2022-04-11,19,0.001667353679759,0.001667353679759,0.0,1.0,0.001667353679759,4
2022-04-12,19,-0.000201117592229,-0.000201117592229,0.0,1.0,-0.000201117592229,4
2022-04-13,19,-0.0012106832810368,-0.0012106832810368,0.0,1.0,-0.0012106832810368,4
2022-04-14,19,0.002038338220668,0.002288338220668,0.25,1.0,0.002038338220668,4
2022-04-18,19,-0.0012381681293494,-0.0012381681293494,0.0,1.0,-0.0012381681293494,4
2022-04-19,19,-0.0057889535366747,-0.0057889535366747,0.0,1.0,-0.0057889535366747,4
2022-04-20,19,-0.002065234572356,-0.001815234572356,0.25,1.0,-0.002065234572356,4
2022-04-21,19,6.789438471964567e-06,6.789438471964567e-06,0.0,1.0,6.789438471964567e-06,4
2022-04-22,19,-0.0001480539705473,-0.0001480539705473,0.0,1.0,-0.0001480539705473,4
2022-04-25,19,-0.0035141099541833,-0.0035141099541833,0.0,1.0,-0.0035141099541833,4
2022-04-26,19,0.0004998975369573,0.0004998975369573,0.0,1.0,0.0004998975369573,4
2022-04-27,19,-0.0007727844439695,-0.0005227844439695,0.25,1.0,-0.0007727844439695,4
2022-04-28,19,0.0020709986842247,0.0020709986842247,0.0,1.0,0.0020709986842247,4
2022-04-29,19,-0.0006792599911671,-0.0006792599911671,0.0,1.0,-0.0006792599911671,4
2022-05-02,19,0.0029750621291042,0.0029750621291042,0.0,1.0,0.0029750621291042,4
2022-05-03,19,-0.0007202401102663,-0.0007202401102663,0.0,1.0,-0.0007202401102663,4
2022-05-04,19,-0.0016869559275218,-0.0016869559275218,0.0,1.0,-0.0016869559275218,4
2022-05-05,19,0.0036935038519314,0.0039435038519314,0.25,1.0,0.0036935038519314,4
2022-05-06,19,-0.0021783407982579,-0.0021783407982579,0.0,1.0,-0.0021783407982579,4
2022-05-09,19,-0.0016794270493421,-0.0016794270493421,0.0,1.0,-0.0016794270493421,4
2022-05-10,19,0.0008189962564508,0.0008189962564508,0.0,1.0,0.0008189962564508,4
2022-05-11,19,0.0003035269183182,0.0003035269183182,0.0,1.0,0.0003035269183182,4
2022-05-12,19,0.002754443203853,0.003004443203853,0.25,1.0,0.002754443203853,4
2022-05-13,19,-0.0028818988014094,-0.0026318988014094,0.25,1.0,-0.0028818988014094,4
2022-05-16,19,0.0020077073504621,0.0020077073504621,0.0,1.0,0.0020077073504621,4
2022-05-17,19,0.0016057313737814,0.0018557313737814,0.25,1.0,0.0016057313737814,4
2022-05-18,19,-0.0019452057396889,-0.0019452057396889,0.0,1.0,-0.0019452057396889,4
2022-05-19,19,-0.00218951946052,-0.00218951946052,0.0,1.0,-0.00218951946052,4
2022-05-20,19,0.0023764220899031,0.0023764220899031,0.0,1.0,0.0023764220899031,4
2022-05-23,19,-0.000329722199593,-0.000329722199593,0.0,1.0,-0.000329722199593,4
2022-05-24,19,-0.0022161664676323,-0.0017161664676323,0.5,1.0,-0.0022161664676323,4
2022-05-25,19,0.0030944215333302,0.0030944215333302,0.0,1.0,0.0030944215333302,4
2022-05-26,19,-0.0009843958547594,-0.0009843958547594,0.0,1.0,-0.0009843958547594,4
2022-05-27,19,-0.0013621030895825,-0.0013621030895825,0.0,1.0,-0.0013621030895825,4
2022-05-31,19,0.0012033040886674,0.0012033040886674,0.0,1.0,0.0012033040886674,4
2022-06-01,19,0.0011879115608659,0.0011879115608659,0.0,1.0,0.0011879115608659,4
2022-06-02,19,0.0006832418338026,0.0006832418338026,0.0,1.0,0.0006832418338026,4
2022-06-03,19,0.000795567835161,0.000795567835161,0.0,1.0,0.000795567835161,4
2022-06-06,19,-0.0010156132257645,-0.0010156132257645,0.0,1.0,-0.0010156132257645,4
2022-06-07,19,-0.0005686042772523,-0.0005686042772523,0.0,1.0,-0.0005686042772523,4
2022-06-08,19,0.0023378758378941,0.0023378758378941,0.0,1.0,0.0023378758378941,4
2022-06-09,19,0.0021057016008256,0.0021057016008256,0.0,1.0,0.0021057016008256,4
2022-06-10,19,-0.0018791384783362,-0.0013791384783362,0.5,1.0,-0.0018791384783362,4
2022-06-13,19,0.0014106370685209,0.0016606370685209,0.25,1.0,0.0014106370685209,4
2022-06-14,19,0.0031330950113636,0.0031330950113636,0.0,1.0,0.0031330950113636,4
2022-06-15,19,0.000792946483803,0.000792946483803,0.0,1.0,0.000792946483803,4
2022-06-16,19,0.0010286903399798,0.0010286903399798,0.0,1.0,0.0010286903399798,4
2022-06-17,19,-0.0024514086130959,-0.0024514086130959,0.0,1.0,-0.0024514086130959,4
2022-06-21,19,0.0011080887484968,0.0011080887484968,0.0,1.0,0.0011080887484968,4
2022-06-22,19,0.0005859562766202,0.0008359562766202,0.25,1.0,0.0005859562766202,4
2022-06-23,19,0.0017773394325629,0.0017773394325629,0.0,1.0,0.0017773394325629,4
2022-06-24,19,0.0048774425293077,0.0051274425293077,0.25,1.0,0.0048774425293077,4
2022-06-27,19,0.0005952843589015,0.0005952843589015,0.0,1.0,0.0005952843589015,4
2022-06-28,19,0.0010978136349862,0.0010978136349862,0.0,1.0,0.0010978136349862,4
2022-06-29,19,0.0027275156057152,0.0029775156057152,0.25,1.0,0.0027275156057152,4
2022-06-30,19,0.003312494830777,0.003312494830777,0.0,1.0,0.003312494830777,4
2022-07-01,19,-0.0054486028028689,-0.0054486028028689,0.0,1.0,-0.0054486028028689,4
2022-07-05,19,-2.4269541083163183e-05,-2.4269541083163183e-05,0.0,1.0,-2.4269541083163183e-05,4
2022-07-06,19,0.0036781355857703,0.0036781355857703,0.0,1.0,0.0036781355857703,4
2022-07-07,20,0.0,0.0,0.0,1.0,0.0,4
2022-07-08,20,0.0,0.0,0.0,1.0,0.0,4
2022-07-11,20,0.0,0.0,0.0,1.0,0.0,4
2022-07-12,20,0.0,0.0,0.0,1.0,0.0,4
2022-07-13,20,0.0,0.0,0.0,1.0,0.0,4
2022-07-14,20,0.0,0.0,0.0,1.0,0.0,4
2022-07-15,20,0.0,0.0,0.0,1.0,0.0,4
2022-07-18,20,0.0,0.0,0.0,1.0,0.0,4
2022-07-19,20,0.0,0.0,0.0,1.0,0.0,4
2022-07-20,20,-0.0003251404647139,-7.514046471397646e-05,0.25,1.0,-0.0003251404647139,4
2022-07-21,20,-0.0004865710143117,-0.0004865710143117,0.0,1.0,-0.0004865710143117,4
2022-07-22,20,0.0004293953691683,0.0004293953691683,0.0,1.0,0.0004293953691683,4
2022-07-25,20,-0.0002705830590737,-0.0002705830590737,0.0,1.0,-0.0002705830590737,4
2022-07-26,20,0.0012513052714661,0.0012513052714661,0.0,1.0,0.0012513052714661,4
2022-07-27,20,0.0076268350648976,0.0078768350648976,0.25,1.0,0.0076268350648976,4
2022-07-28,20,0.003913931527225,0.003913931527225,0.0,1.0,0.003913931527225,4
2022-07-29,20,0.0057705761296054,0.0060205761296054,0.25,1.0,0.0057705761296054,4
2022-08-01,20,0.0031335143063733,0.0033835143063733,0.25,1.0,0.0031335143063733,4
2022-08-02,20,0.0059200094688499,0.0059200094688499,0.0,1.0,0.0059200094688499,4
2022-08-03,20,0.0082149037489385,0.0082149037489385,0.0,1.0,0.0082149037489385,4
2022-08-04,20,0.0006485029338227,0.0006485029338227,0.0,1.0,0.0006485029338227,4
2022-08-05,20,-0.0004773563325091,-0.0004773563325091,0.0,1.0,-0.0004773563325091,4
2022-08-08,20,0.0018182881024071,0.0018182881024071,0.0,1.0,0.0018182881024071,4
2022-08-09,20,0.0010137595529161,0.0010137595529161,0.0,1.0,0.0010137595529161,4
2022-08-10,20,-3.4118303133201565e-05,-3.4118303133201565e-05,0.0,1.0,-3.4118303133201565e-05,4
2022-08-11,20,-0.0013276694021302,-0.0013276694021302,0.0,1.0,-0.0013276694021302,4
2022-08-12,20,-0.006370756164894,-0.006370756164894,0.0,1.0,-0.006370756164894,4
2022-08-15,20,-0.0041246901153667,-0.0041246901153667,0.0,1.0,-0.0041246901153667,4
2022-08-16,20,-0.0004012693125729,-0.0001512693125729,0.25,1.0,-0.0004012693125729,4
2022-08-17,20,-0.0034559831915508,-0.0034559831915508,0.0,1.0,-0.0034559831915508,4
2022-08-18,20,-0.0003382473494517,-0.0003382473494517,0.0,1.0,-0.0003382473494517,4
2022-08-19,20,0.0003657834666628,0.0003657834666628,0.0,1.0,0.0003657834666628,4
2022-08-22,20,0.0042439099864689,0.0042439099864689,0.0,1.0,0.0042439099864689,4
2022-08-23,20,0.0008091964903009,0.0010591964903009,0.25,1.0,0.0008091964903009,4
2022-08-24,20,0.0053841119831426,0.0053841119831426,0.0,1.0,0.0053841119831426,4
2022-08-25,20,-0.0019524745505078,-0.0017024745505078,0.25,1.0,-0.0019524745505078,4
2022-08-26,20,-0.00025,0.0,0.25,1.0,-0.00025,4
2022-08-29,20,0.0,0.0,0.0,1.0,0.0,4
2022-08-30,20,0.0,0.0,0.0,1.0,0.0,4
2022-08-31,20,0.0,0.0,0.0,1.0,0.0,4
2022-09-01,20,0.0,0.0,0.0,1.0,0.0,4
2022-09-02,20,0.0,0.0,0.0,1.0,0.0,4
2022-09-06,20,0.0,0.0,0.0,1.0,0.0,4
2022-09-07,20,0.0,0.0,0.0,1.0,0.0,4
2022-09-08,20,0.0,0.0,0.0,1.0,0.0,4
2022-09-09,20,0.0,0.0,0.0,1.0,0.0,4
2022-09-12,20,-0.0020012899390726,-0.0017512899390726,0.25,1.0,-0.0020012899390726,4
2022-09-13,20,0.0031632994578828,0.0031632994578828,0.0,1.0,0.0031632994578828,4
2022-09-14,20,-0.0009557101598136,-0.0009557101598136,0.0,1.0,-0.0009557101598136,4
2022-09-15,20,0.0010963546261548,0.0010963546261548,0.0,1.0,0.0010963546261548,4
2022-09-16,20,0.0001026014285467,0.0003526014285467,0.25,1.0,0.0001026014285467,4
2022-09-19,20,-0.0005542943616779,-0.0003042943616779,0.25,1.0,-0.0005542943616779,4
2022-09-20,20,0.0037778355543762,0.0037778355543762,0.0,1.0,0.0037778355543762,4
2022-09-21,20,0.0011047577288613,0.0011047577288613,0.0,1.0,0.0011047577288613,4
2022-09-22,20,-0.0010678724480944,-0.0010678724480944,0.0,1.0,-0.0010678724480944,4
2022-09-23,20,-0.0003547853806013,-0.0003547853806013,0.0,1.0,-0.0003547853806013,4
2022-09-26,20,0.0014441781500774,0.0014441781500774,0.0,1.0,0.0014441781500774,4
2022-09-27,20,0.0009015513417502,0.0009015513417502,0.0,1.0,0.0009015513417502,4
2022-09-28,20,0.0023179678974196,0.0023179678974196,0.0,1.0,0.0023179678974196,4
2022-09-29,20,-0.0002201902885452,-0.0002201902885452,0.0,1.0,-0.0002201902885452,4
2022-09-30,20,-0.0006497490627771,-0.0006497490627771,0.0,1.0,-0.0006497490627771,4
2022-10-03,20,-0.0037394394325491,-0.0037394394325491,0.0,1.0,-0.0037394394325491,4
2022-10-04,20,-0.0006891619916742,-0.0006891619916742,0.0,1.0,-0.0006891619916742,4
2022-10-05,21,0.0,0.0,0.0,1.0,0.0,4
2022-10-06,21,0.0,0.0,0.0,1.0,0.0,4
2022-10-07,21,0.0,0.0,0.0,1.0,0.0,4
2022-10-10,21,0.0,0.0,0.0,1.0,0.0,4
2022-10-11,21,0.0,0.0,0.0,1.0,0.0,4
2022-10-12,21,0.0,0.0,0.0,1.0,0.0,4
2022-10-13,21,0.0,0.0,0.0,1.0,0.0,4
2022-10-14,21,0.0,0.0,0.0,1.0,0.0,4
2022-10-17,21,-0.0015018443187229,-0.0012518443187229,0.25,1.0,-0.0015018443187229,4
2022-10-18,21,0.0032424357110125,0.0032424357110125,0.0,1.0,0.0032424357110125,4
2022-10-19,21,-0.0041482922963991,-0.0038982922963991,0.25,1.0,-0.0041482922963991,4
2022-10-20,21,-0.0015453425631558,-0.0015453425631558,0.0,1.0,-0.0015453425631558,4
2022-10-21,21,-0.0040940513795886,-0.0040940513795886,0.0,1.0,-0.0040940513795886,4
2022-10-24,21,-0.0023803275219586,-0.0023803275219586,0.0,1.0,-0.0023803275219586,4
2022-10-25,21,-3.7685867948410656e-05,-3.7685867948410656e-05,0.0,1.0,-3.7685867948410656e-05,4
2022-10-26,21,-0.0041957496199838,-0.0041957496199838,0.0,1.0,-0.0041957496199838,4
2022-10-27,21,-0.0063566585336661,-0.0058566585336661,0.5,1.0,-0.0063566585336661,4
2022-10-28,21,0.0010622701596475,0.0010622701596475,0.0,1.0,0.0010622701596475,4
2022-10-31,21,-0.0011140270096291,-0.0011140270096291,0.0,1.0,-0.0011140270096291,4
2022-11-01,21,-0.0011282877468468,-0.0011282877468468,0.0,1.0,-0.0011282877468468,4
2022-11-02,21,0.0063988180929527,0.0063988180929527,0.0,1.0,0.0063988180929527,4
2022-11-03,21,0.0024783868603923,0.0024783868603923,0.0,1.0,0.0024783868603923,4
2022-11-04,21,0.000369789352167,0.000369789352167,0.0,1.0,0.000369789352167,4
2022-11-07,21,0.001749753941389,0.001749753941389,0.0,1.0,0.001749753941389,4
2022-11-08,21,-0.0004872441218716,-0.0004872441218716,0.0,1.0,-0.0004872441218716,4
2022-11-09,21,0.0026601840440181,0.0026601840440181,0.0,1.0,0.0026601840440181,4
2022-11-10,21,0.0072978714090165,0.0072978714090165,0.0,1.0,0.0072978714090165,4
2022-11-11,21,0.0057752909068579,0.0060252909068579,0.25,1.0,0.0057752909068579,4
2022-11-14,21,-0.0132474832756977,-0.0132474832756977,0.0,1.0,-0.0132474832756977,4
2022-11-15,21,-0.0081929287220115,-0.0079429287220115,0.25,1.0,-0.0081929287220115,4
2022-11-16,21,-0.0029882001933665,-0.0027382001933665,0.25,1.0,-0.0029882001933665,4
2022-11-17,21,-0.0002866429092871,-0.0002866429092871,0.0,1.0,-0.0002866429092871,4
2022-11-18,21,-0.0014362946257393,-0.0014362946257393,0.0,1.0,-0.0014362946257393,4
2022-11-21,21,0.0096129727600279,0.0096129727600279,0.0,1.0,0.0096129727600279,4
2022-11-22,21,-0.0068574226881799,-0.0068574226881799,0.0,1.0,-0.0068574226881799,4
2022-11-23,21,-0.0018057444594507,-0.0013057444594507,0.5,1.0,-0.0018057444594507,4
2022-11-25,21,-0.0009659267246539,-0.0009659267246539,0.0,1.0,-0.0009659267246539,4
2022-11-28,21,0.0022269510620366,0.0022269510620366,0.0,1.0,0.0022269510620366,4
2022-11-29,21,0.0024237685909824,0.0024237685909824,0.0,1.0,0.0024237685909824,4
2022-11-30,21,-0.0063867130389279,-0.0063867130389279,0.0,1.0,-0.0063867130389279,4
2022-12-01,21,-0.0052945361188576,-0.0052945361188576,0.0,1.0,-0.0052945361188576,4
2022-12-02,21,-0.0008947072811568,-0.0008947072811568,0.0,1.0,-0.0008947072811568,4
2022-12-05,21,0.0001401315656662,0.0001401315656662,0.0,1.0,0.0001401315656662,4
2022-12-06,21,0.004816067057982,0.004816067057982,0.0,1.0,0.004816067057982,4
2022-12-07,21,3.606475490673069e-05,3.606475490673069e-05,0.0,1.0,3.606475490673069e-05,4
2022-12-08,21,0.0037944897539722,0.0040444897539722,0.25,1.0,0.0037944897539722,4
2022-12-09,21,0.0016367536900869,0.0016367536900869,0.0,1.0,0.0016367536900869,4
2022-12-12,21,-0.0028108920607351,-0.0028108920607351,0.0,1.0,-0.0028108920607351,4
2022-12-13,21,0.0012875498648443,0.0012875498648443,0.0,1.0,0.0012875498648443,4
2022-12-14,21,-0.001854473386014,-0.001604473386014,0.25,1.0,-0.001854473386014,4
2022-12-15,21,-0.0022097840109211,-0.0022097840109211,0.0,1.0,-0.0022097840109211,4
2022-12-16,21,-0.0007896541164133,-0.0007896541164133,0.0,1.0,-0.0007896541164133,4
2022-12-19,21,-0.0020036223179219,-0.0020036223179219,0.0,1.0,-0.0020036223179219,4
2022-12-20,21,-0.0012426551548058,-0.0012426551548058,0.0,1.0,-0.0012426551548058,4
2022-12-21,21,0.0019606098107361,0.0019606098107361,0.0,1.0,0.0019606098107361,4
2022-12-22,21,0.0003018591794526,0.0003018591794526,0.0,1.0,0.0003018591794526,4
2022-12-23,21,4.408158192654742e-05,4.408158192654742e-05,0.0,1.0,4.408158192654742e-05,4
2022-12-27,21,-0.0013180639054629,-0.0013180639054629,0.0,1.0,-0.0013180639054629,4
2022-12-28,21,-0.000608602764096,-0.000608602764096,0.0,1.0,-0.000608602764096,4
2022-12-29,21,-0.0006891478810976,-0.0006891478810976,0.0,1.0,-0.0006891478810976,4
2022-12-30,21,-0.0001887599381077,-0.0001887599381077,0.0,1.0,-0.0001887599381077,4
2023-01-03,21,8.739541649558146e-05,8.739541649558146e-05,0.0,1.0,8.739541649558146e-05,4
2023-01-04,21,0.0001499087192333,0.0001499087192333,0.0,1.0,0.0001499087192333,4
2023-01-05,22,0.0,0.0,0.0,1.0,0.0,4
2023-01-06,22,0.0005045667288963,0.0007545667288963,0.25,1.0,0.0005045667288963,4
2023-01-09,22,0.0003218871813317,0.0005718871813317,0.25,1.0,0.0003218871813317,4
2023-01-10,22,-0.0002714932166862,-2.1493216686272477e-05,0.25,1.0,-0.0002714932166862,4
2023-01-11,22,0.0051757577834573,0.0051757577834573,0.0,1.0,0.0051757577834573,4
2023-01-12,22,0.0020126648385159,0.0020126648385159,0.0,1.0,0.0020126648385159,4
2023-01-13,22,-0.0017025260346383,-0.0017025260346383,0.0,1.0,-0.0017025260346383,4
2023-01-17,22,0.0023404561614911,0.0023404561614911,0.0,1.0,0.0023404561614911,4
2023-01-18,22,0.0012254685423382,0.0012254685423382,0.0,1.0,0.0012254685423382,4
2023-01-19,22,0.0010134720049108,0.0010134720049108,0.0,1.0,0.0010134720049108,4
2023-01-20,22,0.0008964033043706,0.0008964033043706,0.0,1.0,0.0008964033043706,4
2023-01-23,22,-0.0043162090566065,-0.0043162090566065,0.0,1.0,-0.0043162090566065,4
2023-01-24,22,-0.0002711902389179,-0.0002711902389179,0.0,1.0,-0.0002711902389179,4
2023-01-25,22,0.0012271245253278,0.0012271245253278,0.0,1.0,0.0012271245253278,4
2023-01-26,22,0.0045116745742051,0.0045116745742051,0.0,1.0,0.0045116745742051,4
2023-01-27,22,-0.0017298330958683,-0.0017298330958683,0.0,1.0,-0.0017298330958683,4
2023-01-30,22,-0.0026318314070222,-0.0026318314070222,0.0,1.0,-0.0026318314070222,4
2023-01-31,22,0.0017543370292116,0.0020043370292116,0.25,1.0,0.0017543370292116,4
2023-02-01,22,0.0030527993946454,0.0030527993946454,0.0,1.0,0.0030527993946454,4
2023-02-02,22,0.0086569227625983,0.0086569227625983,0.0,1.0,0.0086569227625983,4
2023-02-03,22,-0.000262951114752,-1.295111475200974e-05,0.25,1.0,-0.000262951114752,4
2023-02-06,22,-0.0012192193676287,-0.0009692193676287,0.25,1.0,-0.0012192193676287,4
2023-02-07,22,-0.0005568814096068,-0.0003068814096068,0.25,1.0,-0.0005568814096068,4
2023-02-08,22,6.296101934321721e-05,6.296101934321721e-05,0.0,1.0,6.296101934321721e-05,4
2023-02-09,22,-0.007858904906739,-0.007358904906739,0.5,1.0,-0.007858904906739,4
2023-02-10,22,0.0003943208892741,0.0003943208892741,0.0,1.0,0.0003943208892741,4
2023-02-13,22,0.0015425086524881,0.0015425086524881,0.0,1.0,0.0015425086524881,4
2023-02-14,22,-0.0026430757667581,-0.0026430757667581,0.0,1.0,-0.0026430757667581,4
2023-02-15,22,-0.0058100182903803,-0.0058100182903803,0.0,1.0,-0.0058100182903803,4
2023-02-16,22,-0.0026671812237438,-0.0026671812237438,0.0,1.0,-0.0026671812237438,4
2023-02-17,22,0.005123442200734,0.005123442200734,0.0,1.0,0.005123442200734,4
2023-02-21,22,-0.0048794166491594,-0.0048794166491594,0.0,1.0,-0.0048794166491594,4
2023-02-22,22,-0.0008816814483079,-0.0008816814483079,0.0,1.0,-0.0008816814483079,4
2023-02-23,22,0.0002345609288658,0.0002345609288658,0.0,1.0,0.0002345609288658,4
2023-02-24,22,-0.0038159599291249,-0.0038159599291249,0.0,1.0,-0.0038159599291249,4
2023-02-27,22,0.0016743949635451,0.0016743949635451,0.0,1.0,0.0016743949635451,4
2023-02-28,22,0.0003307227389707,0.0005807227389707,0.25,1.0,0.0003307227389707,4
2023-03-01,22,-0.0012792528717402,-0.0012792528717402,0.0,1.0,-0.0012792528717402,4
2023-03-02,22,0.0009957455938082,0.0009957455938082,0.0,1.0,0.0009957455938082,4
2023-03-03,22,-0.0032272156962541,-0.0032272156962541,0.0,1.0,-0.0032272156962541,4
2023-03-06,22,0.0018393514609725,0.0018393514609725,0.0,1.0,0.0018393514609725,4
2023-03-07,22,-3.422778962942479e-05,0.0002157722103705,0.25,1.0,-3.422778962942479e-05,4
2023-03-08,22,0.003931390962927,0.003931390962927,0.0,1.0,0.003931390962927,4
2023-03-09,22,0.0024598081271371,0.0029598081271371,0.5,1.0,0.0024598081271371,4
2023-03-10,22,-0.0008050221069264,-0.0008050221069264,0.0,1.0,-0.0008050221069264,4
2023-03-13,22,-9.204842536194354e-05,-9.204842536194354e-05,0.0,1.0,-9.204842536194354e-05,4
2023-03-14,22,-0.0006182655842143,-0.0006182655842143,0.0,1.0,-0.0006182655842143,4
2023-03-15,22,-0.000110986760068,-0.000110986760068,0.0,1.0,-0.000110986760068,4
2023-03-16,22,0.0004085998423246,0.0004085998423246,0.0,1.0,0.0004085998423246,4
2023-03-17,22,0.0002029483029578,0.0004529483029578,0.25,1.0,0.0002029483029578,4
2023-03-20,22,0.004834218069927,0.004834218069927,0.0,1.0,0.004834218069927,4
2023-03-21,22,-0.0008051655738241,-0.0008051655738241,0.0,1.0,-0.0008051655738241,4
2023-03-22,22,0.0047401440345537,0.0047401440345537,0.0,1.0,0.0047401440345537,4
2023-03-23,22,-0.0032329896382177,-0.0032329896382177,0.0,1.0,-0.0032329896382177,4
2023-03-24,22,-0.0028735658922796,-0.0028735658922796,0.0,1.0,-0.0028735658922796,4
2023-03-27,22,0.0034172165748141,0.0034172165748141,0.0,1.0,0.0034172165748141,4
2023-03-28,22,0.0028154295419509,0.0028154295419509,0.0,1.0,0.0028154295419509,4
2023-03-29,22,-0.0047083002560216,-0.0047083002560216,0.0,1.0,-0.0047083002560216,4
2023-03-30,22,-0.0015413699957723,-0.0015413699957723,0.0,1.0,-0.0015413699957723,4
2023-03-31,22,-0.0018191211861946,-0.0018191211861946,0.0,1.0,-0.0018191211861946,4
2023-04-03,22,0.001260803910413,0.001510803910413,0.25,1.0,0.001260803910413,4
2023-04-04,22,9.95346315352591e-05,9.95346315352591e-05,0.0,1.0,9.95346315352591e-05,4
2023-04-05,22,0.0024374961683365,0.0024374961683365,0.0,1.0,0.0024374961683365,4
2023-04-06,23,0.0,0.0,0.0,1.0,0.0,3
2023-04-10,23,0.0,0.0,0.0,1.0,0.0,3
2023-04-11,23,0.0,0.0,0.0,1.0,0.0,3
2023-04-12,23,0.0,0.0,0.0,1.0,0.0,3
2023-04-13,23,0.0,0.0,0.0,1.0,0.0,3
2023-04-14,23,0.0,0.0,0.0,1.0,0.0,3
2023-04-17,23,0.0,0.0,0.0,1.0,0.0,3
2023-04-18,23,0.0,0.0,0.0,1.0,0.0,3
2023-04-19,23,0.0,0.0,0.0,1.0,0.0,3
2023-04-20,23,0.001408132747427,0.0017414660807603,0.3333333333333333,1.0,0.001408132747427,3
2023-04-21,23,0.0003261027405659,0.0003261027405659,0.0,1.0,0.0003261027405659,3
2023-04-24,23,-0.0013724181431522,-0.0013724181431522,0.0,1.0,-0.0013724181431522,3
2023-04-25,23,-0.0037798830347665,-0.0037798830347665,0.0,1.0,-0.0037798830347665,3
2023-04-26,23,-0.0067223602012332,-0.0067223602012332,0.0,1.0,-0.0067223602012332,3
2023-04-27,23,-0.0063262208549382,-0.0056595541882716,0.6666666666666666,1.0,-0.0063262208549382,3
2023-04-28,23,-0.0021537568770813,-0.0021537568770813,0.0,1.0,-0.0021537568770813,3
2023-05-01,23,0.0014102437841156,0.0014102437841156,0.0,1.0,0.0014102437841156,3
2023-05-02,23,2.825540174733199e-05,2.825540174733199e-05,0.0,1.0,2.825540174733199e-05,3
2023-05-03,23,0.0024607703148429,0.0027941036481762,0.3333333333333333,1.0,0.0024607703148429,3
2023-05-04,23,0.000897580032448,0.000897580032448,0.0,1.0,0.000897580032448,3
2023-05-05,23,0.0024457892930721,0.0024457892930721,0.0,1.0,0.0024457892930721,3
2023-05-08,23,-0.001708379265279,-0.001708379265279,0.0,1.0,-0.001708379265279,3
2023-05-09,23,0.0010534702577825,0.0010534702577825,0.0,1.0,0.0010534702577825,3
2023-05-10,23,-0.0022783106831551,-0.0022783106831551,0.0,1.0,-0.0022783106831551,3
2023-05-11,23,0.0004314316479831,0.0004314316479831,0.0,1.0,0.0004314316479831,3
2023-05-12,23,0.0013060091159363,0.0013060091159363,0.0,1.0,0.0013060091159363,3
2023-05-15,23,0.0008409435622471,0.0008409435622471,0.0,1.0,0.0008409435622471,3
2023-05-16,23,-0.0014061965958452,-0.0014061965958452,0.0,1.0,-0.0014061965958452,3
2023-05-17,23,-0.0018475687567605,-0.0018475687567605,0.0,1.0,-0.0018475687567605,3
2023-05-18,23,0.0021843016391976,0.0021843016391976,0.0,1.0,0.0021843016391976,3
2023-05-19,23,0.0015162767641983,0.0015162767641983,0.0,1.0,0.0015162767641983,3
2023-05-22,23,-0.0039118510138383,-0.0039118510138383,0.0,1.0,-0.0039118510138383,3
2023-05-23,23,0.0007971788763107,0.0007971788763107,0.0,1.0,0.0007971788763107,3
2023-05-24,23,0.0023847384415559,0.0027180717748893,0.3333333333333333,1.0,0.0023847384415559,3
2023-05-25,23,-0.0003672417672181,-0.0003672417672181,0.0,1.0,-0.0003672417672181,3
2023-05-26,23,0.00116237576511,0.00116237576511,0.0,1.0,0.00116237576511,3
2023-05-30,23,-0.0002983949797897,-0.0002983949797897,0.0,1.0,-0.0002983949797897,3
2023-05-31,23,-0.0003333333333333,0.0,0.3333333333333333,1.0,-0.0003333333333333,3
2023-06-01,23,0.0,0.0,0.0,1.0,0.0,3
2023-06-02,23,0.0,0.0,0.0,1.0,0.0,3
2023-06-05,23,0.0,0.0,0.0,1.0,0.0,3
2023-06-06,23,0.0,0.0,0.0,1.0,0.0,3
2023-06-07,23,0.0,0.0,0.0,1.0,0.0,3
2023-06-08,23,-0.000718213213691,-0.0003848798803576,0.3333333333333333,1.0,-0.000718213213691,3
2023-06-09,23,-0.0003943236759691,-0.0003943236759691,0.0,1.0,-0.0003943236759691,3
2023-06-12,23,0.0013772548990766,0.0013772548990766,0.0,1.0,0.0013772548990766,3
2023-06-13,23,-0.0011979034047761,-0.0011979034047761,0.0,1.0,-0.0011979034047761,3
2023-06-14,23,0.0001232372228566,0.0001232372228566,0.0,1.0,0.0001232372228566,3
2023-06-15,23,0.0011171204845177,0.0011171204845177,0.0,1.0,0.0011171204845177,3
2023-06-16,23,-0.0028888889901059,-0.0028888889901059,0.0,1.0,-0.0028888889901059,3
2023-06-20,23,-0.0013487776524165,-0.0013487776524165,0.0,1.0,-0.0013487776524165,3
2023-06-21,23,-0.0033709728189824,-0.0033709728189824,0.0,1.0,-0.0033709728189824,3
2023-06-22,23,0.0017993072824566,0.0017993072824566,0.0,1.0,0.0017993072824566,3
2023-06-23,23,-0.0023242982698116,-0.0023242982698116,0.0,1.0,-0.0023242982698116,3
2023-06-26,23,-0.0009196079880232,-0.0009196079880232,0.0,1.0,-0.0009196079880232,3
2023-06-27,23,0.0043455141791908,0.0046788475125241,0.3333333333333333,1.0,0.0043455141791908,3
2023-06-28,23,-0.0001361354833571,-0.0001361354833571,0.0,1.0,-0.0001361354833571,3
2023-06-29,23,0.0009994549766273,0.0009994549766273,0.0,1.0,0.0009994549766273,3
2023-06-30,23,0.0010137852843568,0.0010137852843568,0.0,1.0,0.0010137852843568,3
2023-07-03,23,-0.0016126474401727,-0.0016126474401727,0.0,1.0,-0.0016126474401727,3
2023-07-05,23,-0.0020793760644534,-0.0020793760644534,0.0,1.0,-0.0020793760644534,3
2023-07-06,23,-0.0024193802414545,-0.0024193802414545,0.0,1.0,-0.0024193802414545,3
2023-07-07,23,-0.0006178750519535,-0.0002845417186202,0.3333333333333333,1.0,-0.0006178750519535,3
2023-07-10,24,0.0,0.0,0.0,1.0,0.0,2
2023-07-11,24,-4.234865589428636e-05,0.0004576513441057,0.5,1.0,-4.234865589428636e-05,2
2023-07-12,24,-7.523933817549976e-05,-7.523933817549976e-05,0.0,1.0,-7.523933817549976e-05,2
2023-07-13,24,-0.0004448865298815,-0.0004448865298815,0.0,1.0,-0.0004448865298815,2
2023-07-14,24,0.0002809588740434,0.0002809588740434,0.0,1.0,0.0002809588740434,2
2023-07-17,24,-0.0001899726734541,-0.0001899726734541,0.0,1.0,-0.0001899726734541,2
2023-07-18,24,0.0001824815698089,0.0001824815698089,0.0,1.0,0.0001824815698089,2
2023-07-19,24,0.0005644914766775,0.0005644914766775,0.0,1.0,0.0005644914766775,2
2023-07-20,24,-0.0002922949801473,-0.0002922949801473,0.0,1.0,-0.0002922949801473,2
2023-07-21,24,-0.0024320287551202,-0.0019320287551202,0.5,1.0,-0.0024320287551202,2
2023-07-24,24,-0.0023942852409373,-0.0023942852409373,0.0,1.0,-0.0023942852409373,2
2023-07-25,24,-0.0048290799666725,-0.0048290799666725,0.0,1.0,-0.0048290799666725,2
2023-07-26,24,-0.0006315928332849,-0.0006315928332849,0.0,1.0,-0.0006315928332849,2
2023-07-27,24,0.005521337685871,0.005521337685871,0.0,1.0,0.005521337685871,2
2023-07-28,24,0.0002693559078171,0.0002693559078171,0.0,1.0,0.0002693559078171,2
2023-07-31,24,0.0126402774136769,0.0126402774136769,0.0,1.0,0.0126402774136769,2
2023-08-01,24,-0.0046159289508966,-0.0046159289508966,0.0,1.0,-0.0046159289508966,2
2023-08-02,24,-0.0016444308953212,-0.0016444308953212,0.0,1.0,-0.0016444308953212,2
2023-08-03,24,-0.0024455538231396,-0.0024455538231396,0.0,1.0,-0.0024455538231396,2
2023-08-04,24,0.0019808311277314,0.0019808311277314,0.0,1.0,0.0019808311277314,2
2023-08-07,24,-0.0063315073970143,-0.0058315073970143,0.5,1.0,-0.0063315073970143,2
2023-08-08,24,-0.0008654689146514,-0.0008654689146514,0.0,1.0,-0.0008654689146514,2
2023-08-09,24,0.0013690134583992,0.0013690134583992,0.0,1.0,0.0013690134583992,2
2023-08-10,24,0.0024872244705308,0.0024872244705308,0.0,1.0,0.0024872244705308,2
2023-08-11,24,-0.0026962964929054,-0.0026962964929054,0.0,1.0,-0.0026962964929054,2
2023-08-14,24,0.000915599974873,0.000915599974873,0.0,1.0,0.000915599974873,2
2023-08-15,24,0.000864334805804,0.000864334805804,0.0,1.0,0.000864334805804,2
2023-08-16,24,0.0005572328367145,0.0005572328367145,0.0,1.0,0.0005572328367145,2
2023-08-17,24,-0.0005,0.0,0.5,1.0,-0.0005,2
2023-08-18,24,0.0,0.0,0.0,1.0,0.0,2
2023-08-21,24,0.0,0.0,0.0,1.0,0.0,2
2023-08-22,24,-0.0013917269836722,-0.0008917269836722,0.5,1.0,-0.0013917269836722,2
2023-08-23,24,-0.0019918972535221,-0.0019918972535221,0.0,1.0,-0.0019918972535221,2
2023-08-24,24,0.0010192624327522,0.0015192624327522,0.5,1.0,0.0010192624327522,2
2023-08-25,24,0.0049160440881702,0.0049160440881702,0.0,1.0,0.0049160440881702,2
2023-08-28,24,-0.0047710939387458,-0.0047710939387458,0.0,1.0,-0.0047710939387458,2
2023-08-29,24,-0.0001866199743113,-0.0001866199743113,0.0,1.0,-0.0001866199743113,2
2023-08-30,24,-0.0019551269333537,-0.0019551269333537,0.0,1.0,-0.0019551269333537,2
2023-08-31,24,-0.0031816354354473,-0.0031816354354473,0.0,1.0,-0.0031816354354473,2
2023-09-01,24,-0.0034200776274579,-0.0034200776274579,0.0,1.0,-0.0034200776274579,2
2023-09-05,24,0.0031662485758837,0.0031662485758837,0.0,1.0,0.0031662485758837,2
2023-09-06,24,-0.0057296781850804,-0.0057296781850804,0.0,1.0,-0.0057296781850804,2
2023-09-07,24,0.0013937382095505,0.0013937382095505,0.0,1.0,0.0013937382095505,2
2023-09-08,24,0.0007369573321291,0.0007369573321291,0.0,1.0,0.0007369573321291,2
2023-09-11,24,0.0049797259593475,0.0049797259593475,0.0,1.0,0.0049797259593475,2
2023-09-12,24,0.0015698626185821,0.0015698626185821,0.0,1.0,0.0015698626185821,2
2023-09-13,24,-0.0007548865941103,-0.0007548865941103,0.0,1.0,-0.0007548865941103,2
2023-09-14,24,-0.0028612535895129,-0.0028612535895129,0.0,1.0,-0.0028612535895129,2
2023-09-15,24,-0.0034773821853745,-0.0034773821853745,0.0,1.0,-0.0034773821853745,2
2023-09-18,24,0.0003814962170709,0.0003814962170709,0.0,1.0,0.0003814962170709,2
2023-09-19,24,-0.0003965802343707,0.0001034197656292,0.5,1.0,-0.0003965802343707,2
2023-09-20,24,-0.0001904753182246,-0.0001904753182246,0.0,1.0,-0.0001904753182246,2
2023-09-21,24,-0.0005,0.0,0.5,1.0,-0.0005,2
2023-09-22,24,-0.0006110971581069,-0.0001110971581069,0.5,1.0,-0.0006110971581069,2
2023-09-25,24,-0.001076633019274,-0.001076633019274,0.0,1.0,-0.001076633019274,2
2023-09-26,24,-0.0005008464244904,-0.0005008464244904,0.0,1.0,-0.0005008464244904,2
2023-09-27,24,0.0002166305898655,0.0002166305898655,0.0,1.0,0.0002166305898655,2
2023-09-28,24,-0.0001559446795306,-0.0001559446795306,0.0,1.0,-0.0001559446795306,2
2023-09-29,24,0.0001579094947742,0.0001579094947742,0.0,1.0,0.0001579094947742,2
2023-10-02,24,-0.0004039861611623,-0.0004039861611623,0.0,1.0,-0.0004039861611623,2
2023-10-03,24,-0.0013006370699714,-0.0013006370699714,0.0,1.0,-0.0013006370699714,2
2023-10-04,24,0.0005417216330409,0.0005417216330409,0.0,1.0,0.0005417216330409,2
2023-10-05,24,-0.000688542703507,-0.000688542703507,0.0,1.0,-0.000688542703507,2
2023-10-06,25,0.0,0.0,0.0,1.0,0.0,3
2023-10-09,25,0.0,0.0,0.0,1.0,0.0,3
2023-10-10,25,0.0,0.0,0.0,1.0,0.0,3
2023-10-11,25,0.0,0.0,0.0,1.0,0.0,3
2023-10-12,25,-0.0034331527248947,-0.0030998193915614,0.3333333333333333,1.0,-0.0034331527248947,3
2023-10-13,25,0.0012187186401043,0.0012187186401043,0.0,1.0,0.0012187186401043,3
2023-10-16,25,-0.000210979883034,-0.000210979883034,0.0,1.0,-0.000210979883034,3
2023-10-17,25,0.0008963261232851,0.0008963261232851,0.0,1.0,0.0008963261232851,3
2023-10-18,25,-0.0039752029013274,-0.0036418695679941,0.3333333333333333,1.0,-0.0039752029013274,3
2023-10-19,25,0.0032297816808624,0.0032297816808624,0.0,1.0,0.0032297816808624,3
2023-10-20,25,0.0039586249672049,0.0042919583005382,0.3333333333333333,1.0,0.0039586249672049,3
2023-10-23,25,-0.0033649907733757,-0.0033649907733757,0.0,1.0,-0.0033649907733757,3
2023-10-24,25,0.0023016238485952,0.0023016238485952,0.0,1.0,0.0023016238485952,3
2023-10-25,25,0.0018000737530722,0.0018000737530722,0.0,1.0,0.0018000737530722,3
2023-10-26,25,0.0090348058330436,0.0090348058330436,0.0,1.0,0.0090348058330436,3
2023-10-27,25,0.0017117043158532,0.0017117043158532,0.0,1.0,0.0017117043158532,3
2023-10-30,25,-0.0025840588361412,-0.0025840588361412,0.0,1.0,-0.0025840588361412,3
2023-10-31,25,0.0008307932808142,0.0008307932808142,0.0,1.0,0.0008307932808142,3
2023-11-01,25,-0.0021232721651615,-0.0021232721651615,0.0,1.0,-0.0021232721651615,3
2023-11-02,25,-9.96065811990467e-05,-9.96065811990467e-05,0.0,1.0,-9.96065811990467e-05,3
2023-11-03,25,0.0060103282125272,0.0060103282125272,0.0,1.0,0.0060103282125272,3
2023-11-06,25,-0.0010208085666206,-0.0010208085666206,0.0,1.0,-0.0010208085666206,3
2023-11-07,25,-0.0053099805046477,-0.0053099805046477,0.0,1.0,-0.0053099805046477,3
2023-11-08,25,0.0012589321713757,0.001592265504709,0.3333333333333333,1.0,0.0012589321713757,3
2023-11-09,25,-0.0048571736568309,-0.0048571736568309,0.0,1.0,-0.0048571736568309,3
2023-11-10,25,0.0013116029691889,0.0013116029691889,0.0,1.0,0.0013116029691889,3
2023-11-13,25,0.0004118388745101,0.0004118388745101,0.0,1.0,0.0004118388745101,3
2023-11-14,25,0.0054448711344022,0.0057782044677355,0.3333333333333333,1.0,0.0054448711344022,3
2023-11-15,25,0.0022883313162964,0.0022883313162964,0.0,1.0,0.0022883313162964,3
2023-11-16,25,-0.0003333333333333,0.0,0.3333333333333333,1.0,-0.0003333333333333,3
2023-11-17,25,0.0,0.0,0.0,1.0,0.0,3
2023-11-20,25,0.0,0.0,0.0,1.0,0.0,3
2023-11-21,25,0.0,0.0,0.0,1.0,0.0,3
2023-11-22,25,0.0,0.0,0.0,1.0,0.0,3
2023-11-24,25,0.0,0.0,0.0,1.0,0.0,3
2023-11-27,25,0.0,0.0,0.0,1.0,0.0,3
2023-11-28,25,0.0,0.0,0.0,1.0,0.0,3
2023-11-29,25,0.0,0.0,0.0,1.0,0.0,3
2023-11-30,25,0.0,0.0,0.0,1.0,0.0,3
2023-12-01,25,0.0,0.0,0.0,1.0,0.0,3
2023-12-04,25,0.0,0.0,0.0,1.0,0.0,3
2023-12-05,25,0.0,0.0,0.0,1.0,0.0,3
2023-12-06,25,0.0,0.0,0.0,1.0,0.0,3
2023-12-07,25,0.0,0.0,0.0,1.0,0.0,3
2023-12-08,25,0.0,0.0,0.0,1.0,0.0,3
2023-12-11,25,0.0,0.0,0.0,1.0,0.0,3
2023-12-12,25,0.0,0.0,0.0,1.0,0.0,3
2023-12-13,25,0.0,0.0,0.0,1.0,0.0,3
2023-12-14,25,0.0,0.0,0.0,1.0,0.0,3
2023-12-15,25,-0.003034865888316,-0.0027015325549827,0.3333333333333333,1.0,-0.003034865888316,3
2023-12-18,25,0.0046019311894382,0.0049352645227715,0.3333333333333333,1.0,0.0046019311894382,3
2023-12-19,25,-0.0008057266312778,-0.0008057266312778,0.0,1.0,-0.0008057266312778,3
2023-12-20,25,-0.00101686359311,-0.00101686359311,0.0,1.0,-0.00101686359311,3
2023-12-21,25,-0.0019734093611246,-0.0016400760277913,0.3333333333333333,1.0,-0.0019734093611246,3
2023-12-22,25,0.0010237572657615,0.0010237572657615,0.0,1.0,0.0010237572657615,3
2023-12-26,25,-0.0011218834611339,-0.0011218834611339,0.0,1.0,-0.0011218834611339,3
2023-12-27,25,-0.0027765886447643,-0.0027765886447643,0.0,1.0,-0.0027765886447643,3
2023-12-28,25,0.0008173777842704,0.0008173777842704,0.0,1.0,0.0008173777842704,3
2023-12-29,25,0.0002846491565817,0.0002846491565817,0.0,1.0,0.0002846491565817,3
2024-01-02,25,-0.002712132956152,-0.002712132956152,0.0,1.0,-0.002712132956152,3
2024-01-03,25,0.0035112996687538,0.0035112996687538,0.0,1.0,0.0035112996687538,3
2024-01-04,25,-0.0011831974589775,-0.0011831974589775,0.0,1.0,-0.0011831974589775,3
2024-01-05,25,-0.0029015852567031,-0.0029015852567031,0.0,1.0,-0.0029015852567031,3
2024-01-08,26,0.0,0.0,0.0,1.0,0.0,3
2024-01-09,26,0.0,0.0,0.0,1.0,0.0,3
2024-01-10,26,0.0,0.0,0.0,1.0,0.0,3
2024-01-11,26,0.0,0.0,0.0,1.0,0.0,3
2024-01-12,26,0.0,0.0,0.0,1.0,0.0,3
2024-01-16,26,0.0,0.0,0.0,1.0,0.0,3
2024-01-17,26,-0.0021370318513785,-0.0018036985180452,0.3333333333333333,1.0,-0.0021370318513785,3
2024-01-18,26,-0.0006139342488869,-0.0006139342488869,0.0,1.0,-0.0006139342488869,3
2024-01-19,26,0.0009439171414822,0.0009439171414822,0.0,1.0,0.0009439171414822,3
2024-01-22,26,0.0035135933773652,0.0035135933773652,0.0,1.0,0.0035135933773652,3
2024-01-23,26,0.0030563134081277,0.0030563134081277,0.0,1.0,0.0030563134081277,3
2024-01-24,26,0.0021743255736683,0.0021743255736683,0.0,1.0,0.0021743255736683,3
2024-01-25,26,-0.0003648203549319,-0.0003648203549319,0.0,1.0,-0.0003648203549319,3
2024-01-26,26,-0.0014085199962172,-0.0014085199962172,0.0,1.0,-0.0014085199962172,3
2024-01-29,26,0.0001929066566996,0.0001929066566996,0.0,1.0,0.0001929066566996,3
2024-01-30,26,0.0020141783423016,0.0020141783423016,0.0,1.0,0.0020141783423016,3
2024-01-31,26,0.0004162205688543,0.0007495539021876,0.3333333333333333,1.0,0.0004162205688543,3
2024-02-01,26,-0.0004752542951552,-0.0004752542951552,0.0,1.0,-0.0004752542951552,3
2024-02-02,26,0.0010908835870091,0.0010908835870091,0.0,1.0,0.0010908835870091,3
2024-02-05,26,-0.0014104111750215,-0.0014104111750215,0.0,1.0,-0.0014104111750215,3
2024-02-06,26,0.0005388589503455,0.0005388589503455,0.0,1.0,0.0005388589503455,3
2024-02-07,26,-0.001128922892634,-0.001128922892634,0.0,1.0,-0.001128922892634,3
2024-02-08,26,0.0003512709926801,0.0003512709926801,0.0,1.0,0.0003512709926801,3
2024-02-09,26,-0.0002190552265058,-0.0002190552265058,0.0,1.0,-0.0002190552265058,3
2024-02-12,26,0.0010195683320853,0.0010195683320853,0.0,1.0,0.0010195683320853,3
2024-02-13,26,-0.0001683695162738,0.0001649638170594,0.3333333333333333,1.0,-0.0001683695162738,3
2024-02-14,26,3.062946197426366e-05,3.062946197426366e-05,0.0,1.0,3.062946197426366e-05,3
2024-02-15,26,-0.0001025580490375,-0.0001025580490375,0.0,1.0,-0.0001025580490375,3
2024-02-16,26,-0.0014072253463537,-0.0010738920130204,0.3333333333333333,1.0,-0.0014072253463537,3
2024-02-20,26,0.0001626672021579,0.0001626672021579,0.0,1.0,0.0001626672021579,3
2024-02-21,26,0.0010849784084145,0.0010849784084145,0.0,1.0,0.0010849784084145,3
2024-02-22,26,-0.0032227020877324,-0.0032227020877324,0.0,1.0,-0.0032227020877324,3
2024-02-23,26,0.0005779780073294,0.0005779780073294,0.0,1.0,0.0005779780073294,3
2024-02-26,26,-0.0034858737229326,-0.0034858737229326,0.0,1.0,-0.0034858737229326,3
2024-02-27,26,-0.0014353151141379,-0.0014353151141379,0.0,1.0,-0.0014353151141379,3
2024-02-28,26,-0.0018227806180429,-0.0014894472847096,0.3333333333333333,1.0,-0.0018227806180429,3
2024-02-29,26,-0.0038389388504772,-0.0038389388504772,0.0,1.0,-0.0038389388504772,3
2024-03-01,26,-0.0047049401056985,-0.0047049401056985,0.0,1.0,-0.0047049401056985,3
2024-03-04,26,0.0018202465301042,0.0018202465301042,0.0,1.0,0.0018202465301042,3
2024-03-05,26,0.0034741533811791,0.0034741533811791,0.0,1.0,0.0034741533811791,3
2024-03-06,26,-0.0031130471715825,-0.0031130471715825,0.0,1.0,-0.0031130471715825,3
2024-03-07,26,0.0059006993759097,0.0059006993759097,0.0,1.0,0.0059006993759097,3
2024-03-08,26,-0.003714857187498,-0.003714857187498,0.0,1.0,-0.003714857187498,3
2024-03-11,26,-0.0006321086556938,-0.0006321086556938,0.0,1.0,-0.0006321086556938,3
2024-03-12,26,0.0055829520498873,0.0055829520498873,0.0,1.0,0.0055829520498873,3
2024-03-13,26,-0.001223768119656,-0.001223768119656,0.0,1.0,-0.001223768119656,3
2024-03-14,26,0.0013361413540192,0.0013361413540192,0.0,1.0,0.0013361413540192,3
2024-03-15,26,-0.0003333333333333,0.0,0.3333333333333333,1.0,-0.0003333333333333,3
2024-03-18,26,0.0,0.0,0.0,1.0,0.0,3
2024-03-19,26,0.0,0.0,0.0,1.0,0.0,3
2024-03-20,26,0.0,0.0,0.0,1.0,0.0,3
2024-03-21,26,0.0,0.0,0.0,1.0,0.0,3
2024-03-22,26,0.0,0.0,0.0,1.0,0.0,3
2024-03-25,26,0.0,0.0,0.0,1.0,0.0,3
2024-03-26,26,0.0,0.0,0.0,1.0,0.0,3
2024-03-27,26,0.0,0.0,0.0,1.0,0.0,3
2024-03-28,26,0.0,0.0,0.0,1.0,0.0,3
2024-04-01,26,0.0004219058415925,0.0007552391749258,0.3333333333333333,1.0,0.0004219058415925,3
2024-04-02,26,0.0001870856626849,0.0001870856626849,0.0,1.0,0.0001870856626849,3
2024-04-03,26,4.994083879241309e-05,4.994083879241309e-05,0.0,1.0,4.994083879241309e-05,3
2024-04-04,26,-0.000184233342045,-0.000184233342045,0.0,1.0,-0.000184233342045,3
2024-04-05,26,0.0001800042981962,0.0001800042981962,0.0,1.0,0.0001800042981962,3
2024-04-08,26,-6.554887682546711e-05,-6.554887682546711e-05,0.0,1.0,-6.554887682546711e-05,3
2024-04-09,27,0.0,0.0,0.0,1.0,0.0,4
2024-04-10,27,0.0,0.0,0.0,1.0,0.0,4
2024-04-11,27,-0.0028061935325168,-0.0025561935325168,0.25,1.0,-0.0028061935325168,4
2024-04-12,27,-0.0053598015129706,-0.0051098015129706,0.25,1.0,-0.0053598015129706,4
2024-04-15,27,0.0008932982263334,0.0008932982263334,0.0,1.0,0.0008932982263334,4
2024-04-16,27,0.0069538914191654,0.0069538914191654,0.0,1.0,0.0069538914191654,4
2024-04-17,27,0.0011750954869035,0.0011750954869035,0.0,1.0,0.0011750954869035,4
2024-04-18,27,-0.0001218345747314,-0.0001218345747314,0.0,1.0,-0.0001218345747314,4
2024-04-19,27,0.0012538499745831,0.0015038499745831,0.25,1.0,0.0012538499745831,4
2024-04-22,27,0.000946257574939,0.000946257574939,0.0,1.0,0.000946257574939,4
2024-04-23,27,0.0010509985424731,0.0010509985424731,0.0,1.0,0.0010509985424731,4
2024-04-24,27,-0.0008657640731491,-0.0008657640731491,0.0,1.0,-0.0008657640731491,4
2024-04-25,27,0.0010715962902229,0.0010715962902229,0.0,1.0,0.0010715962902229,4
2024-04-26,27,0.0048608553411789,0.0048608553411789,0.0,1.0,0.0048608553411789,4
2024-04-29,27,3.2103870271736634e-05,3.2103870271736634e-05,0.0,1.0,3.2103870271736634e-05,4
2024-04-30,27,-0.0042020859592626,-0.0042020859592626,0.0,1.0,-0.0042020859592626,4
2024-05-01,27,-0.025593951136429,-0.025593951136429,0.0,1.0,-0.025593951136429,4
2024-05-02,27,0.0024771909063901,0.0027271909063901,0.25,1.0,0.0024771909063901,4
2024-05-03,27,0.0041641656733364,0.0044141656733364,0.25,1.0,0.0041641656733364,4
2024-05-06,27,0.0019308334927461,0.0019308334927461,0.0,1.0,0.0019308334927461,4
2024-05-07,27,-0.0024216831991301,-0.0024216831991301,0.0,1.0,-0.0024216831991301,4
2024-05-08,27,-0.0027845144786937,-0.0027845144786937,0.0,1.0,-0.0027845144786937,4
2024-05-09,27,0.0007314723011649,0.0009814723011649,0.25,1.0,0.0007314723011649,4
2024-05-10,27,0.0012674975963063,0.0012674975963063,0.0,1.0,0.0012674975963063,4
2024-05-13,27,0.0033319063578463,0.0033319063578463,0.0,1.0,0.0033319063578463,4
2024-05-14,27,-0.0004411510417431,-0.0004411510417431,0.0,1.0,-0.0004411510417431,4
2024-05-15,27,0.001437679603448,0.001437679603448,0.0,1.0,0.001437679603448,4
2024-05-16,27,0.0045627088623358,0.0048127088623358,0.25,1.0,0.0045627088623358,4
2024-05-17,27,-0.0004381652122704,-0.0004381652122704,0.0,1.0,-0.0004381652122704,4
2024-05-20,27,-0.000353714714711,-0.000353714714711,0.0,1.0,-0.000353714714711,4
2024-05-21,27,-0.0010679036930084,-0.0010679036930084,0.0,1.0,-0.0010679036930084,4
2024-05-22,27,0.0003319843432724,0.0003319843432724,0.0,1.0,0.0003319843432724,4
2024-05-23,27,-0.0042979503492543,-0.0042979503492543,0.0,1.0,-0.0042979503492543,4
2024-05-24,27,0.0023516002217906,0.0023516002217906,0.0,1.0,0.0023516002217906,4
2024-05-28,27,-0.003969959932949,-0.003969959932949,0.0,1.0,-0.003969959932949,4
2024-05-29,27,0.0024899424462323,0.0024899424462323,0.0,1.0,0.0024899424462323,4
2024-05-30,27,0.0084443051870618,0.0086943051870618,0.25,1.0,0.0084443051870618,4
2024-05-31,27,-0.0010748367274682,-0.0005748367274682,0.5,1.0,-0.0010748367274682,4
2024-06-03,27,-0.0050778449088554,-0.0048278449088554,0.25,1.0,-0.0050778449088554,4
2024-06-04,27,-0.0004410469526353,-0.0004410469526353,0.0,1.0,-0.0004410469526353,4
2024-06-05,27,-0.0004124408535595,-0.0004124408535595,0.0,1.0,-0.0004124408535595,4
2024-06-06,27,0.0008303245859335,0.0008303245859335,0.0,1.0,0.0008303245859335,4
2024-06-07,27,-0.0031333036651278,-0.0031333036651278,0.0,1.0,-0.0031333036651278,4
2024-06-10,27,0.0040004579718454,0.0040004579718454,0.0,1.0,0.0040004579718454,4
2024-06-11,27,0.0042692522850327,0.0042692522850327,0.0,1.0,0.0042692522850327,4
2024-06-12,27,0.0006156950228134,0.0006156950228134,0.0,1.0,0.0006156950228134,4
2024-06-13,27,-0.0006374011042787,-0.0006374011042787,0.0,1.0,-0.0006374011042787,4
2024-06-14,27,0.0039585011280519,0.0039585011280519,0.0,1.0,0.0039585011280519,4
2024-06-17,27,0.0001196769024714,0.0001196769024714,0.0,1.0,0.0001196769024714,4
2024-06-18,27,-0.0018092493944006,-0.0018092493944006,0.0,1.0,-0.0018092493944006,4
2024-06-20,27,0.000515068742439,0.000515068742439,0.0,1.0,0.000515068742439,4
2024-06-21,27,0.0003014347671242,0.0003014347671242,0.0,1.0,0.0003014347671242,4
2024-06-24,27,-0.0017544019920737,-0.0017544019920737,0.0,1.0,-0.0017544019920737,4
2024-06-25,27,0.0044641601222987,0.0044641601222987,0.0,1.0,0.0044641601222987,4
2024-06-26,27,-0.0020937434841967,-0.0020937434841967,0.0,1.0,-0.0020937434841967,4
2024-06-27,27,0.0051912953659174,0.0054412953659174,0.25,1.0,0.0051912953659174,4
2024-06-28,27,-0.0035533361513061,-0.0033033361513061,0.25,1.0,-0.0035533361513061,4
2024-07-01,27,-0.00025,0.0,0.25,1.0,-0.00025,4
2024-07-02,27,0.0,0.0,0.0,1.0,0.0,4
2024-07-03,27,0.0,0.0,0.0,1.0,0.0,4
2024-07-05,27,0.0,0.0,0.0,1.0,0.0,4
2024-07-08,27,0.0,0.0,0.0,1.0,0.0,4
2024-07-09,27,0.0,0.0,0.0,1.0,0.0,4
2024-07-10,28,0.0,0.0,0.0,1.0,0.0,4
2024-07-11,28,0.0,0.0,0.0,1.0,0.0,4
2024-07-12,28,0.0,0.0,0.0,1.0,0.0,4
2024-07-15,28,0.0,0.0,0.0,1.0,0.0,4
2024-07-16,28,0.0,0.0,0.0,1.0,0.0,4
2024-07-17,28,0.0002149650618179,0.0004649650618179,0.25,1.0,0.0002149650618179,4
2024-07-18,28,-0.0019252331147698,-0.0019252331147698,0.0,1.0,-0.0019252331147698,4
2024-07-19,28,-0.0058950572580538,-0.0056450572580538,0.25,1.0,-0.0058950572580538,4
2024-07-22,28,0.0020200403356744,0.0020200403356744,0.0,1.0,0.0020200403356744,4
2024-07-23,28,0.0024193814077334,0.0024193814077334,0.0,1.0,0.0024193814077334,4
2024-07-24,28,-0.0040673518471438,-0.0040673518471438,0.0,1.0,-0.0040673518471438,4
2024-07-25,28,-0.0031561652770187,-0.0031561652770187,0.0,1.0,-0.0031561652770187,4
2024-07-26,28,0.0016665540428224,0.0016665540428224,0.0,1.0,0.0016665540428224,4
2024-07-29,28,-0.0014861436933367,-0.0014861436933367,0.0,1.0,-0.0014861436933367,4
2024-07-30,28,-0.0002241307706968,-0.0002241307706968,0.0,1.0,-0.0002241307706968,4
2024-07-31,28,-0.002283214782577,-0.002283214782577,0.0,1.0,-0.002283214782577,4
2024-08-01,28,-0.0044175202972619,-0.0044175202972619,0.0,1.0,-0.0044175202972619,4
2024-08-02,28,-0.0083559491549229,-0.0083559491549229,0.0,1.0,-0.0083559491549229,4
2024-08-05,28,-0.0059137265275031,-0.0059137265275031,0.0,1.0,-0.0059137265275031,4
2024-08-06,28,-0.0004752332047206,-0.0002252332047206,0.25,1.0,-0.0004752332047206,4
2024-08-07,28,-0.0049509830798706,-0.0049509830798706,0.0,1.0,-0.0049509830798706,4
2024-08-08,28,0.0110341751609149,0.0110341751609149,0.0,1.0,0.0110341751609149,4
2024-08-09,28,-0.0074101788754162,-0.0074101788754162,0.0,1.0,-0.0074101788754162,4
2024-08-12,28,-0.0027456831944276,-0.0027456831944276,0.0,1.0,-0.0027456831944276,4
2024-08-13,28,0.0093755621542199,0.0096255621542199,0.25,1.0,0.0093755621542199,4
2024-08-14,28,-0.0054910975886,-0.0054910975886,0.0,1.0,-0.0054910975886,4
2024-08-15,28,0.0016961211509331,0.0021961211509331,0.5,1.0,0.0016961211509331,4
2024-08-16,28,0.0003765111549321,0.0003765111549321,0.0,1.0,0.0003765111549321,4
2024-08-19,28,0.0044207365820117,0.0044207365820117,0.0,1.0,0.0044207365820117,4
2024-08-20,28,-0.0031782448189744,-0.0031782448189744,0.0,1.0,-0.0031782448189744,4
2024-08-21,28,0.0039069450970406,0.0039069450970406,0.0,1.0,0.0039069450970406,4
2024-08-22,28,-0.0057468239252219,-0.0057468239252219,0.0,1.0,-0.0057468239252219,4
2024-08-23,28,0.0045822994129825,0.0045822994129825,0.0,1.0,0.0045822994129825,4
2024-08-26,28,-0.0016392859006822,-0.0013892859006822,0.25,1.0,-0.0016392859006822,4
2024-08-27,28,0.0034487021099689,0.0034487021099689,0.0,1.0,0.0034487021099689,4
2024-08-28,28,-0.0029946380494298,-0.0029946380494298,0.0,1.0,-0.0029946380494298,4
2024-08-29,28,0.0042139244478198,0.0042139244478198,0.0,1.0,0.0042139244478198,4
2024-08-30,28,0.0151266244470877,0.0151266244470877,0.0,1.0,0.0151266244470877,4
2024-09-03,28,0.0058113438135834,0.0060613438135834,0.25,1.0,0.0058113438135834,4
2024-09-04,28,-0.0017340828774958,-0.0017340828774958,0.0,1.0,-0.0017340828774958,4
2024-09-05,28,-0.0003640941781893,-0.0003640941781893,0.0,1.0,-0.0003640941781893,4
2024-09-06,28,0.0021006708036127,0.0021006708036127,0.0,1.0,0.0021006708036127,4
2024-09-09,28,-0.0028050124907109,-0.0028050124907109,0.0,1.0,-0.0028050124907109,4
2024-09-10,28,0.003135107540267,0.003135107540267,0.0,1.0,0.003135107540267,4
2024-09-11,28,-0.0008283267232329,-0.0008283267232329,0.0,1.0,-0.0008283267232329,4
2024-09-12,28,-0.0010179386963838,-0.0005179386963838,0.5,1.0,-0.0010179386963838,4
2024-09-13,28,0.0012250497640089,0.0012250497640089,0.0,1.0,0.0012250497640089,4
2024-09-16,28,-0.0027730960596168,-0.0027730960596168,0.0,1.0,-0.0027730960596168,4
2024-09-17,28,-0.0008532821864505,-0.0008532821864505,0.0,1.0,-0.0008532821864505,4
2024-09-18,28,-0.0012386222936111,-0.0012386222936111,0.0,1.0,-0.0012386222936111,4
2024-09-19,28,0.0011510680996428,0.0011510680996428,0.0,1.0,0.0011510680996428,4
2024-09-20,28,-0.002380062844038,-0.002380062844038,0.0,1.0,-0.002380062844038,4
2024-09-23,28,0.0008539208947916,0.0011039208947916,0.25,1.0,0.0008539208947916,4
2024-09-24,28,0.0017159681011747,0.0017159681011747,0.0,1.0,0.0017159681011747,4
2024-09-25,28,-0.0006797040871017,-0.0006797040871017,0.0,1.0,-0.0006797040871017,4
2024-09-26,28,0.0002866634168966,0.0002866634168966,0.0,1.0,0.0002866634168966,4
2024-09-27,28,0.0019396070729776,0.0021896070729776,0.25,1.0,0.0019396070729776,4
2024-09-30,28,-0.0002901948138488,-0.0002901948138488,0.0,1.0,-0.0002901948138488,4
2024-10-01,28,0.0031472323052187,0.0031472323052187,0.0,1.0,0.0031472323052187,4
2024-10-02,28,0.000264634937921,0.000264634937921,0.0,1.0,0.000264634937921,4
2024-10-03,28,0.0012868611444388,0.0012868611444388,0.0,1.0,0.0012868611444388,4
2024-10-04,28,-0.0016474011747273,-0.0016474011747273,0.0,1.0,-0.0016474011747273,4
2024-10-07,28,0.0022107712824336,0.0022107712824336,0.0,1.0,0.0022107712824336,4
2024-10-08,29,0.0,0.0,0.0,1.0,0.0,4
2024-10-09,29,-0.0004691392177575,-0.0002191392177575,0.25,1.0,-0.0004691392177575,4
2024-10-10,29,-9.814436412860617e-06,-9.814436412860617e-06,0.0,1.0,-9.814436412860617e-06,4
2024-10-11,29,5.641919410557616e-05,5.641919410557616e-05,0.0,1.0,5.641919410557616e-05,4
2024-10-14,29,-0.0002083333705498,-0.0002083333705498,0.0,1.0,-0.0002083333705498,4
2024-10-15,29,-7.690976159648097e-05,-7.690976159648097e-05,0.0,1.0,-7.690976159648097e-05,4
2024-10-16,29,4.903185061383154e-05,4.903185061383154e-05,0.0,1.0,4.903185061383154e-05,4
2024-10-17,29,-0.0008555357410629,-0.0003555357410629,0.5,1.0,-0.0008555357410629,4
2024-10-18,29,-0.0026182046212036,-0.0026182046212036,0.0,1.0,-0.0026182046212036,4
2024-10-21,29,0.0018386561750729,0.0018386561750729,0.0,1.0,0.0018386561750729,4
2024-10-22,29,-0.0002272214681935,-0.0002272214681935,0.0,1.0,-0.0002272214681935,4
2024-10-23,29,0.0004049688475763,0.0006549688475763,0.25,1.0,0.0004049688475763,4
2024-10-24,29,0.0001412420869129,0.0001412420869129,0.0,1.0,0.0001412420869129,4
2024-10-25,29,0.0005107810349137,0.0005107810349137,0.0,1.0,0.0005107810349137,4
2024-10-28,29,0.0011270572545279,0.0011270572545279,0.0,1.0,0.0011270572545279,4
2024-10-29,29,-0.0011405021284866,-0.0011405021284866,0.0,1.0,-0.0011405021284866,4
2024-10-30,29,0.0015714079460447,0.0015714079460447,0.0,1.0,0.0015714079460447,4
2024-10-31,29,0.0094895976089814,0.0094895976089814,0.0,1.0,0.0094895976089814,4
2024-11-01,29,-0.0028961436084196,-0.0028961436084196,0.0,1.0,-0.0028961436084196,4
2024-11-04,29,0.000330112859854,0.000330112859854,0.0,1.0,0.000330112859854,4
2024-11-05,29,-0.0018035564286906,-0.0015535564286906,0.25,1.0,-0.0018035564286906,4
2024-11-06,29,-0.0176211643303676,-0.0176211643303676,0.0,1.0,-0.0176211643303676,4
2024-11-07,29,0.0018472998917889,0.0018472998917889,0.0,1.0,0.0018472998917889,4
2024-11-08,29,-0.0006831699057342,-0.0006831699057342,0.0,1.0,-0.0006831699057342,4
2024-11-11,29,-0.0014442397904395,-0.0014442397904395,0.0,1.0,-0.0014442397904395,4
2024-11-12,29,-0.0022593274472576,-0.0022593274472576,0.0,1.0,-0.0022593274472576,4
2024-11-13,29,-0.0019922342573654,-0.0014922342573654,0.5,1.0,-0.0019922342573654,4
2024-11-14,29,-0.0010559133621473,-0.0010559133621473,0.0,1.0,-0.0010559133621473,4
2024-11-15,29,0.0023748336364324,0.0023748336364324,0.0,1.0,0.0023748336364324,4
2024-11-18,29,-0.000294971863545,-0.000294971863545,0.0,1.0,-0.000294971863545,4
2024-11-19,29,-0.0003711378076724,0.0001288621923275,0.5,1.0,-0.0003711378076724,4
2024-11-20,29,0.0001070509248685,0.0001070509248685,0.0,1.0,0.0001070509248685,4
2024-11-21,29,-0.0001554198571868,-0.0001554198571868,0.0,1.0,-0.0001554198571868,4
2024-11-22,29,-0.000366465903469,-0.000116465903469,0.25,1.0,-0.000366465903469,4
2024-11-25,29,-0.0001732295099121,-0.0001732295099121,0.0,1.0,-0.0001732295099121,4
2024-11-26,29,-0.0001781746759824,-0.0001781746759824,0.0,1.0,-0.0001781746759824,4
2024-11-27,29,0.0004280059866856,0.0004280059866856,0.0,1.0,0.0004280059866856,4
2024-11-29,29,0.0004532942174661,0.0004532942174661,0.0,1.0,0.0004532942174661,4
2024-12-02,29,0.0004459769173856,0.0004459769173856,0.0,1.0,0.0004459769173856,4
2024-12-03,29,0.0003863259225217,0.0003863259225217,0.0,1.0,0.0003863259225217,4
2024-12-04,29,-4.900424111419009e-06,-4.900424111419009e-06,0.0,1.0,-4.900424111419009e-06,4
2024-12-05,29,7.783649456806043e-05,7.783649456806043e-05,0.0,1.0,7.783649456806043e-05,4
2024-12-06,29,0.0004730323610352,0.0004730323610352,0.0,1.0,0.0004730323610352,4
2024-12-09,29,0.0009830313110641,0.0009830313110641,0.0,1.0,0.0009830313110641,4
2024-12-10,29,-0.0005782764838076,-0.0005782764838076,0.0,1.0,-0.0005782764838076,4
2024-12-11,29,-0.0005504985676488,-0.0005504985676488,0.0,1.0,-0.0005504985676488,4
2024-12-12,29,2.807374196515993e-05,2.807374196515993e-05,0.0,1.0,2.807374196515993e-05,4
2024-12-13,29,-7.267514688570224e-05,-7.267514688570224e-05,0.0,1.0,-7.267514688570224e-05,4
2024-12-16,29,-5.749962343323429e-05,-5.749962343323429e-05,0.0,1.0,-5.749962343323429e-05,4
2024-12-17,29,-0.0002392521629583,1.07478370416176e-05,0.25,1.0,-0.0002392521629583,4
2024-12-18,29,0.0001321625912063,0.0001321625912063,0.0,1.0,0.0001321625912063,4
2024-12-19,29,-9.671973673476965e-05,0.0001532802632652,0.25,1.0,-9.671973673476965e-05,4
2024-12-20,29,0.0007544487561409,0.0010044487561409,0.25,1.0,0.0007544487561409,4
2024-12-23,29,-0.0022654822720416,-0.0022654822720416,0.0,1.0,-0.0022654822720416,4
2024-12-24,29,0.0008067337039201,0.0008067337039201,0.0,1.0,0.0008067337039201,4
2024-12-26,29,-1.1612762919959936e-05,-1.1612762919959936e-05,0.0,1.0,-1.1612762919959936e-05,4
2024-12-27,29,-0.0027467602778484,-0.0027467602778484,0.0,1.0,-0.0027467602778484,4
2024-12-30,29,-0.0014382293208085,-0.0014382293208085,0.0,1.0,-0.0014382293208085,4
2024-12-31,29,-0.0007700074370089,-0.0007700074370089,0.0,1.0,-0.0007700074370089,4
