date,unscaled,target_5pct,target_8pct,target_10pct
2017-07-05,0.0,0.0,0.0,0.0
2017-07-06,0.0,0.0,0.0,0.0
2017-07-07,0.0004192525652707666,0.0005240657065884583,0.0005240657065884583,0.0005240657065884583
2017-07-10,0.0013337993193028998,0.0016672491491286248,0.0016672491491286248,0.0016672491491286248
2017-07-11,-0.00022524714822523334,-0.00028155893528154167,-0.00028155893528154167,-0.00028155893528154167
2017-07-12,-0.0009213681270076662,-0.0011517101587595828,-0.0011517101587595828,-0.0011517101587595828
2017-07-13,-0.0020261372518677,-0.0025326715648346255,-0.0025326715648346255,-0.0025326715648346255
2017-07-14,0.0008499903843245331,0.0010624879804056664,0.0010624879804056664,0.0010624879804056664
2017-07-17,0.0015190442082988998,0.0018988052603736247,0.0018988052603736247,0.0018988052603736247
2017-07-18,-0.0029321180750533664,-0.003665147593816708,-0.003665147593816708,-0.003665147593816708
2017-07-19,-0.009870932951505332,-0.012338666189381665,-0.012338666189381665,-0.012338666189381665
2017-07-20,-0.0006758961504665333,-0.0008448701880831666,-0.0008448701880831666,-0.0008448701880831666
2017-07-21,-0.00018224219982073333,-0.00022780274977591666,-0.00022780274977591666,-0.00022780274977591666
2017-07-24,-0.0007431476722614999,-0.0009289345903268749,-0.0009289345903268749,-0.0009289345903268749
2017-07-25,0.0010709285782901667,0.0013386607228627083,0.0013386607228627083,0.0013386607228627083
2017-07-26,0.0009021548842344,0.001127693605293,0.001127693605293,0.001127693605293
2017-07-27,-0.0072559414829181665,-0.009069926853647709,-0.009069926853647709,-0.009069926853647709
2017-07-28,-0.005350845701096334,-0.006688557126370417,-0.006688557126370417,-0.006688557126370417
2017-07-31,0.0006995297006504001,0.0008744121258130001,0.0008744121258130001,0.0008744121258130001
2017-08-01,0.0001237982376376,0.000154747797047,0.000154747797047,0.000154747797047
2017-08-02,0.0007050379520448333,0.0008812974400560416,0.0008812974400560416,0.0008812974400560416
2017-08-03,-4.8080820792499994e-05,-6.010102599062499e-05,-6.010102599062499e-05,-6.010102599062499e-05
2017-08-04,-0.0012936976763964665,-0.0016171220954955831,-0.0016171220954955831,-0.0016171220954955831
2017-08-07,-0.0035679942707705662,-0.004459992838463208,-0.004459992838463208,-0.004459992838463208
2017-08-08,0.0009151411701756333,0.0011439264627195417,0.0011439264627195417,0.0011439264627195417
2017-08-09,0.0012300191489882,0.00153752393623525,0.00153752393623525,0.00153752393623525
2017-08-10,-0.0007736494807158666,-0.0009670618508948333,-0.0009670618508948333,-0.0009670618508948333
2017-08-11,-0.0003192713447639333,-0.0003990891809549167,-0.0003990891809549167,-0.0003990891809549167
2017-08-14,-0.00015727394353956667,-0.00019659242942445833,-0.00019659242942445833,-0.00019659242942445833
2017-08-15,-0.0006771207644449334,-0.0008464009555561667,-0.0008464009555561667,-0.0008464009555561667
2017-08-16,0.0014393225390319998,0.0017991531737899997,0.0017991531737899997,0.0017991531737899997
2017-08-17,-0.0020569403834415,-0.0025711754793018753,-0.0025711754793018753,-0.0025711754793018753
2017-08-18,-0.0003275735394881,-0.00040946692436012494,-0.00040946692436012494,-0.00040946692436012494
2017-08-21,-0.00011462791973643332,-0.00014328489967054166,-0.00014328489967054166,-0.00014328489967054166
2017-08-22,0.0001658930680419,0.00020736633505237498,0.00020736633505237498,0.00020736633505237498
2017-08-23,3.136853229686186e-05,3.921066537107732e-05,3.921066537107732e-05,3.921066537107732e-05
2017-08-24,0.0012237376541032667,0.0015296720676290835,0.0015296720676290835,0.0015296720676290835
2017-08-25,-0.0005587474970893667,-0.0006984343713617084,-0.0006984343713617084,-0.0006984343713617084
2017-08-28,-0.0023916105775997664,-0.0029895132219997077,-0.0029895132219997077,-0.0029895132219997077
2017-08-29,0.0005484277750165666,0.0006855347187707083,0.0006855347187707083,0.0006855347187707083
2017-08-30,0.0001393391263758,0.00017417390796975002,0.00017417390796975002,0.00017417390796975002
2017-08-31,-0.0005423066421745333,-0.0006778833027181666,-0.0006778833027181666,-0.0006778833027181666
2017-09-01,-0.0003333333333333333,-0.00041666666666666664,-0.00041666666666666664,-0.00041666666666666664
2017-09-05,0.0,0.0,0.0,0.0
2017-09-06,0.0,0.0,0.0,0.0
2017-09-07,0.0,0.0,0.0,0.0
2017-09-08,0.0,0.0,0.0,0.0
2017-09-11,0.0013551656443344666,0.0016939570554180832,0.0016939570554180832,0.0016939570554180832
2017-09-12,0.0013378159458057332,0.0016722699322571665,0.0016722699322571665,0.0016722699322571665
2017-09-13,0.0029647495252760666,0.0037059369065950832,0.0037059369065950832,0.0037059369065950832
2017-09-14,0.0010561986136059334,0.0013202482670074166,0.0013202482670074166,0.0013202482670074166
2017-09-15,0.0007963690664273999,0.00099546133303425,0.00099546133303425,0.00099546133303425
2017-09-18,0.00032069910174380004,0.00040087387717975006,0.00040087387717975006,0.00040087387717975006
2017-09-19,-0.0017471711705345332,-0.0021839639631681665,-0.0021839639631681665,-0.0021839639631681665
2017-09-20,-0.0011117895041428333,-0.0013897368801785417,-0.0013897368801785417,-0.0013897368801785417
2017-09-21,0.0007635710132872999,0.0009544637666091248,0.0009544637666091248,0.0009544637666091248
2017-09-22,-0.0026216683264837,-0.003277085408104625,-0.003277085408104625,-0.003277085408104625
2017-09-25,-0.0007419700250354841,-0.0009274625312943551,-0.0009274625312943551,-0.0009274625312943551
2017-09-26,-0.0010851666338343668,-0.0013564582922929586,-0.0013564582922929586,-0.0013564582922929586
2017-09-27,-0.0010677068394112667,-0.0013346335492640834,-0.0013346335492640834,-0.0013346335492640834
2017-09-28,-0.0016644838516861999,-0.00208060481460775,-0.00208060481460775,-0.00208060481460775
2017-09-29,0.0008333489605655999,0.0010416862007069998,0.0010416862007069998,0.0010416862007069998
2017-10-02,0.0026521516848860335,0.003315189606107542,0.003315189606107542,0.003315189606107542
2017-10-03,0.0,0.0,0.0,0.0
2017-10-04,0.0,0.0,0.0,0.0
2017-10-05,0.0,0.0,0.0,0.0
2017-10-06,0.0,0.0,0.0,0.0
2017-10-09,0.0,0.0,0.0,0.0
2017-10-10,0.0,0.0,0.0,0.0
2017-10-11,0.0,0.0,0.0,0.0
2017-10-12,0.0,0.0,0.0,0.0
2017-10-13,0.0,0.0,0.0,0.0
2017-10-16,0.0,0.0,0.0,0.0
2017-10-17,0.0,0.0,0.0,0.0
2017-10-18,0.0,0.0,0.0,0.0
2017-10-19,0.0,0.0,0.0,0.0
2017-10-20,0.0,0.0,0.0,0.0
2017-10-23,0.0,0.0,0.0,0.0
2017-10-24,-0.0011545603806042,-0.00144320047575525,-0.00144320047575525,-0.00144320047575525
2017-10-25,-0.00144856129215265,-0.0018107016151908126,-0.0018107016151908126,-0.0018107016151908126
2017-10-26,0.00021515778343255,0.0002689472292906875,0.0002689472292906875,0.0002689472292906875
2017-10-27,-0.009380186802856301,-0.011725233503570376,-0.011725233503570376,-0.011725233503570376
2017-10-30,-0.013004818645235849,-0.016256023306544812,-0.016256023306544812,-0.016256023306544812
2017-10-31,0.0005801531727583501,0.0006906321318165543,0.0007251914659479376,0.0007251914659479376
2017-11-01,0.002844136937517225,0.003385065213557174,0.003555171171896531,0.003555171171896531
2017-11-02,-0.001184343879057925,-0.001394473404020392,-0.0014804298488224061,-0.0014804298488224061
2017-11-03,-0.0010396186465306749,-0.0012377259373040196,-0.0012995233081633437,-0.0012995233081633437
2017-11-06,0.0057295185755073755,0.006820606913829688,0.007161898219384219,0.007161898219384219
2017-11-07,0.007571328714364425,0.008648006195057813,0.009464160892955532,0.009464160892955532
2017-11-08,-0.00349724952094545,-0.0037563952518482103,-0.004371561901181813,-0.004371561901181813
2017-11-09,-0.002935297184455475,-0.003142195398931234,-0.003669121480569344,-0.003669121480569344
2017-11-10,0.0008895758144675328,0.0009487296076359006,0.001111969768084416,0.001111969768084416
2017-11-13,-0.0006403340298923249,-0.0006818951703296493,-0.0008004175373654062,-0.0008004175373654062
2017-11-14,0.002418762029567625,0.002578102888978118,0.003023452536959531,0.003023452536959531
2017-11-15,0.0011434621605159252,0.001210474578158786,0.0014293277006449064,0.0014293277006449064
2017-11-16,-0.0007395076510161,-0.0007812189818796528,-0.000924384563770125,-0.000924384563770125
2017-11-17,-0.0002719360005124,-0.00028727924208127444,-0.0003399200006405,-0.0003399200006405
2017-11-20,-0.001780359464258325,-0.0018810440671288386,-0.002225449330322906,-0.002225449330322906
2017-11-21,0.0007043950360629999,0.0007430898553084902,0.0008804937950787499,0.0008804937950787499
2017-11-22,0.0002476430959924,0.000260995767487662,0.00030955386999049995,0.00030955386999049995
2017-11-24,0.0009054099801054001,0.0009540055251569745,0.00113176247513175,0.00113176247513175
2017-11-27,0.0013568540259226,0.0014277256131220231,0.00169606753240325,0.00169606753240325
2017-11-28,-0.00025,-0.00026251475393598926,-0.0003125,-0.0003125
2017-11-29,0.0,0.0,0.0,0.0
2017-11-30,-0.0001369931044964,-0.0001446352344226392,-0.0001712413806205,-0.0001712413806205
2017-12-01,0.0003829640852896,0.00040437318390206033,0.000478705106612,0.000478705106612
2017-12-04,0.000125424828999725,0.00013251683109525658,0.00015678103624965626,0.00015678103624965626
2017-12-05,0.00015109597310175,0.00015971907060392083,0.00018886996637718748,0.00018886996637718748
2017-12-06,1.9733837792130306e-05,2.0876467300027434e-05,2.4667297240162882e-05,2.4667297240162882e-05
2017-12-07,-0.0002558957713669,-0.0002709207034374761,-0.000319869714208625,-0.000319869714208625
2017-12-08,0.0002118864390752,0.00022576704838666472,0.000264858048844,0.000264858048844
2017-12-11,-0.000205480024177475,-0.00021890118937339885,-0.0002568500302218438,-0.0002568500302218438
2017-12-12,0.00258843770283495,0.002787944503542714,0.003235547128543687,0.003235547128543687
2017-12-13,-0.001090303425361575,-0.001173942046353646,-0.0013628792817019688,-0.0013628792817019688
2017-12-14,-0.001180120621989075,-0.0012718884457071596,-0.0014751507774863437,-0.0014751507774863437
2017-12-15,0.001118008068971075,0.0012045613317837912,0.0013975100862138436,0.0013975100862138436
2017-12-18,-0.008928892585667526,-0.009788641186901396,-0.011161115732084406,-0.011161115732084406
2017-12-19,-0.000632852210708125,-0.0006510371991005063,-0.0007910652633851563,-0.0007910652633851563
2017-12-20,-0.000165718572894325,-0.00018575917510988682,-0.00020714821611790625,-0.00020714821611790625
2017-12-21,-0.0005057604995253,-0.0005703004867145823,-0.000632200624406625,-0.000632200624406625
2017-12-22,0.0038131676959563495,0.004306369504261089,0.004766459619945437,0.004766459619945437
2017-12-26,-0.001298777621852375,-0.0014421505598074369,-0.0016234720273154688,-0.0016234720273154688
2017-12-27,-0.00086054582367045,-0.0009548370691649336,-0.0010756822795880625,-0.0010756822795880625
2017-12-28,-2.1595477695250014e-05,-2.396043786745612e-05,-2.6994347119062517e-05,-2.6994347119062517e-05
2017-12-29,0.00123038756869735,0.0013676772519631993,0.0015379844608716874,0.0015379844608716874
2018-01-02,-0.002302774961846975,-0.0025576357320374683,-0.0028784687023087185,-0.0028784687023087185
2018-01-03,0.0,0.0,0.0,0.0
2018-01-04,0.00046000964051455,0.0005750120506431875,0.0005750120506431875,0.0005750120506431875
2018-01-05,-0.0005869804729546,-0.00073372559119325,-0.00073372559119325,-0.00073372559119325
2018-01-08,0.000184337128691675,0.00023042141086459378,0.00023042141086459378,0.00023042141086459378
2018-01-09,0.0007819432548313,0.000977429068539125,0.000977429068539125,0.000977429068539125
2018-01-10,0.000148426941064175,0.00018553367633021876,0.00018553367633021876,0.00018553367633021876
2018-01-11,0.00175125934461335,0.0021890741807666877,0.0021890741807666877,0.0021890741807666877
2018-01-12,0.009058846790621924,0.011323558488277406,0.011323558488277406,0.011323558488277406
2018-01-16,-0.00025,-0.0003125,-0.0003125,-0.0003125
2018-01-17,-0.0004716110215085,-0.000589513776885625,-0.000589513776885625,-0.000589513776885625
2018-01-18,0.0020441801345067265,0.002555225168133408,0.002555225168133408,0.002555225168133408
2018-01-19,0.00123207693209786,0.001540096165122325,0.001540096165122325,0.001540096165122325
2018-01-22,0.0012076262127446726,0.0015095327659308407,0.0015095327659308407,0.0015095327659308407
2018-01-23,0.000815582909937925,0.0010194786374224062,0.0010194786374224062,0.0010194786374224062
2018-01-24,-0.00187748630821335,-0.0023468578852666876,-0.0023468578852666876,-0.0023468578852666876
2018-01-25,-0.000712536319631675,-0.0008906703995395938,-0.0008906703995395938,-0.0008906703995395938
2018-01-26,0.0005012507422442913,0.0006265634278053641,0.0006265634278053641,0.0006265634278053641
2018-01-29,-0.0043098123716269,-0.005387265464533625,-0.005387265464533625,-0.005387265464533625
2018-01-30,-0.0003322676329317823,-0.0004153345411647279,-0.0004153345411647279,-0.0004153345411647279
2018-01-31,-0.001148166309950275,-0.0014352078874378437,-0.0014352078874378437,-0.0014352078874378437
2018-02-01,0.009200510867669551,0.011500638584586938,0.011500638584586938,0.011500638584586938
2018-02-02,-0.0049248061873360775,-0.006156007734170097,-0.006156007734170097,-0.006156007734170097
2018-02-05,-0.005197513213274425,-0.006496891516593032,-0.006496891516593032,-0.006496891516593032
2018-02-06,-0.00039066310923842497,-0.0004883288865480312,-0.0004883288865480312,-0.0004883288865480312
2018-02-07,-0.0027955661836994,-0.00349445772962425,-0.00349445772962425,-0.00349445772962425
2018-02-08,-0.003338368610157325,-0.004172960762696656,-0.004172960762696656,-0.004172960762696656
2018-02-09,0.004945221241713551,0.006181526552141939,0.006181526552141939,0.006181526552141939
2018-02-12,-0.00280728081863365,-0.0035091010232920624,-0.0035091010232920624,-0.0035091010232920624
2018-02-13,-0.0004325499280446,-0.00054068741005575,-0.00054068741005575,-0.00054068741005575
2018-02-14,-1.8941122524302245e-05,-2.3676403155377807e-05,-2.3676403155377807e-05,-2.3676403155377807e-05
2018-02-15,0.00018015135143515,0.0002251891892939375,0.0002251891892939375,0.0002251891892939375
2018-02-16,5.7251361930275e-05,7.156420241284375e-05,7.156420241284375e-05,7.156420241284375e-05
2018-02-20,-9.3387143011475e-05,-0.00011673392876434375,-0.00011673392876434375,-0.00011673392876434375
2018-02-21,-0.00046201260838795,-0.0005775157604849375,-0.0005775157604849375,-0.0005775157604849375
2018-02-22,-5.67786798834e-05,-7.097334985425e-05,-7.097334985425e-05,-7.097334985425e-05
2018-02-23,0.00015452276969965,0.0001931534621245625,0.0001931534621245625,0.0001931534621245625
2018-02-26,1.765833368610173e-05,2.207291710762716e-05,2.207291710762716e-05,2.207291710762716e-05
2018-02-27,0.0001495016628658,0.00018687707858225,0.00018687707858225,0.00018687707858225
2018-02-28,0.00016546644820765,0.0002068330602595625,0.0002068330602595625,0.0002068330602595625
2018-03-01,9.092104532455e-05,0.0001136513066556875,0.0001136513066556875,0.0001136513066556875
2018-03-02,-0.000174132408361625,-0.00021766551045203125,-0.00021766551045203125,-0.00021766551045203125
2018-03-05,-0.00025,-0.0003125,-0.0003125,-0.0003125
2018-03-06,0.0,0.0,0.0,0.0
2018-03-07,0.0,0.0,0.0,0.0
2018-03-08,0.0,0.0,0.0,0.0
2018-03-09,0.0,0.0,0.0,0.0
2018-03-12,0.0,0.0,0.0,0.0
2018-03-13,0.0,0.0,0.0,0.0
2018-03-14,0.0,0.0,0.0,0.0
2018-03-15,-0.00024224038252835,-0.0003028004781604375,-0.0003028004781604375,-0.0003028004781604375
2018-03-16,0.000164237395856575,0.00020529674482071874,0.00020529674482071874,0.00020529674482071874
2018-03-19,-3.65820895219e-05,-4.5727611902375e-05,-4.5727611902375e-05,-4.5727611902375e-05
2018-03-20,-0.006696687805097675,-0.008370859756372093,-0.008370859756372093,-0.008370859756372093
2018-03-21,0.001440978471572821,0.0018012230894660264,0.0018012230894660264,0.0018012230894660264
2018-03-22,-0.002386172030948125,-0.002982715038685156,-0.002982715038685156,-0.002982715038685156
2018-03-23,-0.00250486763965955,-0.0031310845495744377,-0.0031310845495744377,-0.0031310845495744377
2018-03-26,-0.002854101669111475,-0.003567627086389344,-0.003567627086389344,-0.003567627086389344
2018-03-27,-0.0046555906176759245,-0.005819488272094906,-0.005819488272094906,-0.005819488272094906
2018-03-28,0.004587080267743049,0.005733850334678812,0.005733850334678812,0.005733850334678812
2018-03-29,0.0060543665681969,0.007402505047396075,0.007567958210246126,0.007567958210246126
2018-04-02,4.792036824428987e-05,5.6111005258729906e-05,5.9900460305362334e-05,5.9900460305362334e-05
2018-04-03,-0.0005099321712116749,-0.0005973362966211752,-0.0006374152140145936,-0.0006374152140145936
2018-04-04,-0.002159562814621825,-0.0025299353576610337,-0.0026994535182772814,-0.0026994535182772814
2018-04-05,0.0,0.0,0.0,0.0
2018-04-06,5.41640636379e-05,6.7705079547375e-05,6.7705079547375e-05,6.7705079547375e-05
2018-04-09,0.000113929818501675,0.00014241227312709377,0.00014241227312709377,0.00014241227312709377
2018-04-10,-3.0501009615675e-05,-3.812626201959375e-05,-3.812626201959375e-05,-3.812626201959375e-05
2018-04-11,0.00017762127440395,0.00022202659300493748,0.00022202659300493748,0.00022202659300493748
2018-04-12,-0.000161053681362375,-0.00020131710170296876,-0.00020131710170296876,-0.00020131710170296876
2018-04-13,0.0001238255974702,0.00015478199683775,0.00015478199683775,0.00015478199683775
2018-04-16,3.200480760445e-05,4.00060095055625e-05,4.00060095055625e-05,4.00060095055625e-05
2018-04-17,-0.0017095687254899,-0.002136960906862375,-0.002136960906862375,-0.002136960906862375
2018-04-18,0.004725475050037025,0.00590684381254628,0.00590684381254628,0.00590684381254628
2018-04-19,-0.00018875277846919995,-0.00023594097308649994,-0.00023594097308649994,-0.00023594097308649994
2018-04-20,-0.0032227639143252254,-0.004028454892906532,-0.004028454892906532,-0.004028454892906532
2018-04-23,-0.0021349666314625254,-0.0026687082893281566,-0.0026687082893281566,-0.0026687082893281566
2018-04-24,4.878199484499818e-07,6.097749355624772e-07,6.097749355624772e-07,6.097749355624772e-07
2018-04-25,-0.0024776856320818997,-0.0030971070401023745,-0.0030971070401023745,-0.0030971070401023745
2018-04-26,-0.0033718028100518504,-0.004214753512564813,-0.004214753512564813,-0.004214753512564813
2018-04-27,-0.002580726025947625,-0.003225907532434531,-0.003225907532434531,-0.003225907532434531
2018-04-30,0.0016757677518381459,0.0020947096897976822,0.0020947096897976822,0.0020947096897976822
2018-05-01,0.0005754660637962069,0.0007193325797452586,0.0007193325797452586,0.0007193325797452586
2018-05-02,-0.00047047290199872207,-0.0005880911274984026,-0.0005880911274984026,-0.0005880911274984026
2018-05-03,-0.0014320818389764501,-0.0017901022987205626,-0.0017901022987205626,-0.0017901022987205626
2018-05-04,-0.002272007041698825,-0.002840008802123531,-0.002840008802123531,-0.002840008802123531
2018-05-07,0.00129554032871115,0.0016194254108889375,0.0016194254108889375,0.0016194254108889375
2018-05-08,0.0016510771100976499,0.0020638463876220623,0.0020638463876220623,0.0020638463876220623
2018-05-09,-0.000579916444870975,-0.0007248955560887187,-0.0007248955560887187,-0.0007248955560887187
2018-05-10,0.0013317553867899252,0.0016646942334874065,0.0016646942334874065,0.0016646942334874065
2018-05-11,-0.00268560882723975,-0.0033570110340496876,-0.0033570110340496876,-0.0033570110340496876
2018-05-14,-0.0018739779176022001,-0.00234247239700275,-0.00234247239700275,-0.00234247239700275
2018-05-15,-0.00014271690262332502,-0.00017839612827915628,-0.00017839612827915628,-0.00017839612827915628
2018-05-16,3.8842432525275e-05,4.8553040656593754e-05,4.8553040656593754e-05,4.8553040656593754e-05
2018-05-17,0.00030846486978715,0.0003855810872339375,0.0003855810872339375,0.0003855810872339375
2018-05-18,-0.0002369693319669,-0.000296211664958625,-0.000296211664958625,-0.000296211664958625
2018-05-21,9.404090869435e-05,0.0001175511358679375,0.0001175511358679375,0.0001175511358679375
2018-05-22,4.52311103244e-05,5.65388879055e-05,5.65388879055e-05,5.65388879055e-05
2018-05-23,3.0053560391375e-05,3.756695048921875e-05,3.756695048921875e-05,3.756695048921875e-05
2018-05-24,-0.000277685456999175,-0.00034710682124896875,-0.00034710682124896875,-0.00034710682124896875
2018-05-25,3.2711470313175e-05,4.088933789146875e-05,4.088933789146875e-05,4.088933789146875e-05
2018-05-29,-0.0002752443613919,-0.00034405545173987496,-0.00034405545173987496,-0.00034405545173987496
2018-05-30,2.4348739049564366e-05,3.0435923811955457e-05,3.0435923811955457e-05,3.0435923811955457e-05
2018-05-31,4.27372976163e-05,5.3421622020375e-05,5.3421622020375e-05,5.3421622020375e-05
2018-06-01,4.6154008316175e-05,5.769251039521875e-05,5.769251039521875e-05,5.769251039521875e-05
2018-06-04,5.6887712661475e-05,7.110964082684375e-05,7.110964082684375e-05,7.110964082684375e-05
2018-06-05,9.057393924595e-05,0.0001132174240574375,0.0001132174240574375,0.0001132174240574375
2018-06-06,0.000138627104321175,0.00017328388040146873,0.00017328388040146873,0.00017328388040146873
2018-06-07,-0.000304398066781575,-0.00038049758347696877,-0.00038049758347696877,-0.00038049758347696877
2018-06-08,5.214774396145e-05,6.51846799518125e-05,6.51846799518125e-05,6.51846799518125e-05
2018-06-11,-0.00025,-0.0003125,-0.0003125,-0.0003125
2018-06-12,0.0,0.0,0.0,0.0
2018-06-13,0.0,0.0,0.0,0.0
2018-06-14,0.0,0.0,0.0,0.0
2018-06-15,0.0,0.0,0.0,0.0
2018-06-18,0.0,0.0,0.0,0.0
2018-06-19,0.000212513970243175,0.0002656424628039688,0.0002656424628039688,0.0002656424628039688
2018-06-20,0.000873070764699775,0.0010913384558747187,0.0010913384558747187,0.0010913384558747187
2018-06-21,0.000391561266306525,0.0004894515828831563,0.0004894515828831563,0.0004894515828831563
2018-06-22,-0.0009828563284586,-0.0012285704105732499,-0.0012285704105732499,-0.0012285704105732499
2018-06-25,8.9494954403175e-05,0.00011186869300396875,0.00011186869300396875,0.00011186869300396875
2018-06-26,0.0016978459414239248,0.002122307426779906,0.002122307426779906,0.002122307426779906
2018-06-27,-0.002231815222983675,-0.002789769028729594,-0.002789769028729594,-0.002789769028729594
2018-06-28,-0.0014702610308807251,-0.0018378262886009065,-0.0018378262886009065,-0.0018378262886009065
2018-06-29,0.0010230540314629998,0.0012788175393287496,0.0012788175393287496,0.0012788175393287496
2018-07-02,0.0010392299878298752,0.001299037484787344,0.001299037484787344,0.001299037484787344
2018-07-03,0.00011758173362052504,0.0001469771670256563,0.0001469771670256563,0.0001469771670256563
2018-07-05,0.0,0.0,0.0,0.0
2018-07-06,0.0,0.0,0.0,0.0
2018-07-09,0.0,0.0,0.0,0.0
2018-07-10,-0.000301351307147375,-0.0003766891339342188,-0.0003766891339342188,-0.0003766891339342188
2018-07-11,0.000554259905395425,0.0006928248817442812,0.0006928248817442812,0.0006928248817442812
2018-07-12,-0.001117513020303075,-0.0013968912753788438,-0.0013968912753788438,-0.0013968912753788438
2018-07-13,-0.001797216680840275,-0.0022465208510503436,-0.0022465208510503436,-0.0022465208510503436
2018-07-16,0.004212202276577375,0.005265252845721718,0.005265252845721718,0.005265252845721718
2018-07-17,0.0038743743731337243,0.004842967966417156,0.004842967966417156,0.004842967966417156
2018-07-18,9.269054408555014e-05,0.00011586318010693768,0.00011586318010693768,0.00011586318010693768
2018-07-19,0.0035710777730763497,0.004463847216345437,0.004463847216345437,0.004463847216345437
2018-07-20,-0.0028994459930849,-0.003624307491356125,-0.003624307491356125,-0.003624307491356125
2018-07-23,0.0021799315680739503,0.002724914460092438,0.002724914460092438,0.002724914460092438
2018-07-24,0.00374379602611025,0.0046797450326378125,0.0046797450326378125,0.0046797450326378125
2018-07-25,0.004743056677510524,0.005928820846888155,0.005928820846888155,0.005928820846888155
2018-07-26,0.010477841836445574,0.013097302295556968,0.013097302295556968,0.013097302295556968
2018-07-27,-0.005696039087713024,-0.007017841164191577,-0.00712004885964128,-0.00712004885964128
2018-07-30,0.0009375255456283251,0.0011052618454856916,0.0011719069320354064,0.0011719069320354064
2018-07-31,-0.00674548418486395,-0.007954128772714252,-0.008431855231079938,-0.008431855231079938
2018-08-01,-0.0009661053465702006,-0.001079943228332202,-0.0012076316832127507,-0.0012076316832127507
2018-08-02,-0.000714149561806925,-0.0007970584992996385,-0.0008926869522586562,-0.0008926869522586562
2018-08-03,-0.0022873888334930003,-0.002550521753435837,-0.0028592360418662503,-0.0028592360418662503
2018-08-06,0.00010832760127122517,0.00012001088841251127,0.00013540950158903148,0.00013540950158903148
2018-08-07,0.00315613356875975,0.0034966868512118516,0.003945166960949688,0.003945166960949688
2018-08-08,0.0007938132504248,0.0008725544410088206,0.000992266563031,0.000992266563031
2018-08-09,-0.0009196073010589003,-0.001010716766500501,-0.0011495091263236253,-0.0011495091263236253
2018-08-10,-0.0008301728767322,-0.0009111513274038035,-0.0010377160959152499,-0.0010377160959152499
2018-08-13,-0.0008995067745767,-0.000986102907911875,-0.001124383468220875,-0.001124383468220875
2018-08-14,-0.0008705267957998513,-0.0009531018120929694,-0.0010881584947498141,-0.0010881584947498141
2018-08-15,0.001144786688968675,0.0012568755404639656,0.0014309833612108436,0.0014309833612108436
2018-08-16,-0.00247323844249865,-0.002713588865900318,-0.0030915480531233126,-0.0030915480531233126
2018-08-17,0.000216003331512,0.00023539011057129795,0.00027000416439,0.00027000416439
2018-08-20,-0.0006836722306378499,-0.0007740486993095968,-0.0008545902882973124,-0.0008545902882973124
2018-08-21,-0.000981702173429775,-0.0011116862418364235,-0.0012271277167872187,-0.0012271277167872187
2018-08-22,0.0006101027632452999,0.0006909135859106064,0.0007626284540566249,0.0007626284540566249
2018-08-23,-0.00016157998372812497,-0.00018499861659537618,-0.00020197497966015622,-0.00020197497966015622
2018-08-24,-0.0006526435428882249,-0.000752124623522396,-0.0008158044286102811,-0.0008158044286102811
2018-08-27,0.0048519177325033,0.005586544040999167,0.006064897165629125,0.006064897165629125
2018-08-28,-0.0018149417672170501,-0.002057254379793638,-0.0022686772090213126,-0.0022686772090213126
2018-08-29,0.006852168688792025,0.007763552583644998,0.008565210860990031,0.008565210860990031
2018-08-30,-0.000622328951605675,-0.0006827665745734557,-0.0007779111895070938,-0.0007779111895070938
2018-08-31,-0.0017819146493324748,-0.001964426971223249,-0.0022273933116655938,-0.0022273933116655938
2018-09-04,0.0020800399265174753,0.0023088808298219587,0.0026000499081468443,0.0026000499081468443
2018-09-05,-0.007796789021747825,-0.008893437284680557,-0.009745986277184782,-0.009745986277184782
2018-09-06,0.0020770948827555,0.0022617968435648993,0.002596368603444375,0.002596368603444375
2018-09-07,0.001781387474118325,0.0019343856630425955,0.0022267343426479063,0.0022267343426479063
2018-09-10,-0.006149693543410301,-0.006784039977578682,-0.007687116929262876,-0.007687116929262876
2018-09-11,0.004106959052743825,0.004375893797632065,0.005133698815929781,0.005133698815929781
2018-09-12,0.004482357891536275,0.004714751025549023,0.005602947364420343,0.005602947364420343
2018-09-13,0.0006004991154990751,0.0006219820235704404,0.0007506238943738439,0.0007506238943738439
2018-09-14,-0.0003110222972664749,-0.0003254504736134786,-0.0003887778715830936,-0.0003887778715830936
2018-09-17,-0.00650613579179365,-0.006819645985921215,-0.008132669739742063,-0.008132669739742063
2018-09-18,-0.0051872414603775,-0.0052660703265815165,-0.006484051825471876,-0.006484051825471876
2018-09-19,-0.005556787014719125,-0.0055156685958544175,-0.006945983768398906,-0.006945983768398906
2018-09-20,-0.002690960849493725,-0.002611041649420498,-0.003363701061867156,-0.003363701061867156
2018-09-21,0.00015000136672867507,0.0001452264197773064,0.00018750170841084384,0.00018750170841084384
2018-09-24,-0.0033382579009359004,-0.0032497853895377283,-0.004172822376169875,-0.004172822376169875
2018-09-25,-0.00313924291540105,-0.003034194003816965,-0.003924053644251312,-0.003924053644251312
2018-09-26,0.000267757031517825,0.00025724600048169014,0.00033469628939728125,0.00033469628939728125
2018-09-27,-0.00099291142929285,-0.0009539104751591413,-0.0012411392866160625,-0.0012411392866160625
2018-09-28,0.0002943194548696,0.00028267339026255426,0.000367899318587,0.000367899318587
2018-10-01,-0.0019669475922293,-0.001889100279069074,-0.002458684490286625,-0.002458684490286625
2018-10-02,0.00127394502252675,0.0012244820266301005,0.0015924312781584375,0.0015924312781584375
2018-10-03,0.0,0.0,0.0,0.0
2018-10-04,0.0,0.0,0.0,0.0
2018-10-05,0.0,0.0,0.0,0.0
2018-10-08,0.0,0.0,0.0,0.0
2018-10-09,0.0,0.0,0.0,0.0
2018-10-10,0.0,0.0,0.0,0.0
2018-10-11,-0.006443135306768475,-0.008053919133460595,-0.008053919133460595,-0.008053919133460595
2018-10-12,0.006612067363705775,0.008265084204632218,0.008265084204632218,0.008265084204632218
2018-10-15,-0.0067478198069587,-0.008434774758698374,-0.008434774758698374,-0.008434774758698374
2018-10-16,0.003736593485507175,0.004670741856883969,0.004670741856883969,0.004670741856883969
2018-10-17,-0.000487506747403975,-0.0006093834342549687,-0.0006093834342549687,-0.0006093834342549687
2018-10-18,0.0018792442004464001,0.002349055250558,0.002349055250558,0.002349055250558
2018-10-19,-0.007480602380851575,-0.00935075297606447,-0.00935075297606447,-0.00935075297606447
2018-10-22,0.0046767275787926,0.00584590947349075,0.00584590947349075,0.00584590947349075
2018-10-23,-0.006719671837723649,-0.008399589797154562,-0.008399589797154562,-0.008399589797154562
2018-10-24,-0.006996571667701476,-0.008745714584626845,-0.008745714584626845,-0.008745714584626845
2018-10-25,0.0092551493193357,0.011568936649169624,0.011568936649169624,0.011568936649169624
2018-10-26,-0.004973866333567725,-0.005692249196371197,-0.0062173329169596565,-0.0062173329169596565
2018-10-29,-0.0134824980194404,-0.015084726001394043,-0.0168531225243005,-0.0168531225243005
2018-10-30,0.005767371972806375,0.005578241645722215,0.007209214966007968,0.007209214966007968
2018-10-31,0.0076976780074285,0.007241164816706919,0.009622097509285625,0.009622097509285625
2018-11-01,-0.0072059993240669255,-0.0064900633882484775,-0.009007499155083656,-0.009007499155083656
2018-11-02,-0.0036449351742702,-0.003186758761228867,-0.00455616896783775,-0.00455616896783775
2018-11-05,0.0006357468003979999,0.0005535726433168556,0.0007946835004974999,0.0007946835004974999
2018-11-06,-0.002585476331634325,-0.0022496469652264844,-0.0032318454145429066,-0.0032318454145429066
2018-11-07,0.0030786009216059746,0.002673199933770358,0.0038482511520074683,0.0038482511520074683
2018-11-08,-0.00048126266251624996,-0.0004149914099458428,-0.0006015783281453124,-0.0006015783281453124
2018-11-09,-0.0012844257976249,-0.0011081308449566519,-0.001605532247031125,-0.001605532247031125
2018-11-12,0.0008523852711101,0.0007354546557358745,0.001065481588887625,0.001065481588887625
2018-11-13,0.000176105039554325,0.0001519309774282305,0.00022013129944290627,0.00022013129944290627
2018-11-14,-0.00083310633267035,-0.0007201758581248557,-0.0010413829158379376,-0.0010413829158379376
2018-11-15,0.0009604379995066,0.0008303267298191904,0.00120054749938325,0.00120054749938325
2018-11-16,0.002843984412680725,0.0024563185535885976,0.0035549805158509064,0.0035549805158509064
2018-11-19,0.0004516094905392,0.00038762306813928986,0.000564511863174,0.000564511863174
2018-11-20,-0.0022718831948719,-0.0019688317846331,-0.002839853993589875,-0.002839853993589875
2018-11-21,-0.0033096557143155753,-0.002864660094322828,-0.004137069642894469,-0.004137069642894469
2018-11-23,-0.00010890571925835,-9.383652155862397e-05,-0.0001361321490729375,-0.0001361321490729375
2018-11-26,-0.000120142803380925,-0.00010357050715188391,-0.00015017850422615627,-0.00015017850422615627
2018-11-27,0.0010978577379106,0.0009553225072043806,0.00137232217238825,0.00137232217238825
2018-11-28,-0.00083332989179255,-0.0007240045436356606,-0.0010416623647406876,-0.0010416623647406876
2018-11-29,0.00032586772545232503,0.0002832058445426666,0.0004073346568154063,0.0004073346568154063
2018-11-30,0.0064034927575744,0.005565984462742838,0.008004365946968,0.008004365946968
2018-12-03,-0.005150580436585625,-0.004354609049259539,-0.006438225545732031,-0.006438225545732031
2018-12-04,0.00368768116824225,0.003082282998239412,0.004609601460302813,0.004609601460302813
2018-12-06,-0.00029984332427645014,-0.00024914525496684585,-0.00037480415534556265,-0.00037480415534556265
2018-12-07,0.0015360405346368999,0.0012787482336079582,0.0019200506682961248,0.0019200506682961248
2018-12-10,-0.0008806092285719501,-0.0007341004027055991,-0.0011007615357149377,-0.0011007615357149377
2018-12-11,-0.001150070683578975,-0.000958805052783784,-0.0014375883544737189,-0.0014375883544737189
2018-12-12,-0.0003504602380052501,-0.00029238907289060663,-0.0004380752975065626,-0.0004380752975065626
2018-12-13,0.0039525560618876,0.003298481344395673,0.004940695077359501,0.004940695077359501
2018-12-14,0.001439346106874175,0.0011890664971246558,0.001799182633592719,0.001799182633592719
2018-12-17,0.0002763343424944751,0.0002279847309635609,0.00034541792811809387,0.00034541792811809387
2018-12-18,-0.0012914688764869087,-0.0010654701809560778,-0.0016143360956086359,-0.0016143360956086359
2018-12-19,-0.000677954012412175,-0.0005591020687834619,-0.0008474425155152187,-0.0008474425155152187
2018-12-20,0.001170447223239075,0.0009651804653024566,0.0014630590290488437,0.0014630590290488437
2018-12-21,0.001692494345358925,0.0013941224058731801,0.0021156179316986564,0.0021156179316986564
2018-12-24,0.0046922831500477,0.0038571975669570734,0.005865353937559626,0.005865353937559626
2018-12-26,-0.0022398528482245,-0.0018177531403076532,-0.002799816060280625,-0.002799816060280625
2018-12-27,0.001834483978393675,0.0014855406603572793,0.002293104972992094,0.002293104972992094
2018-12-28,-0.000919029620691025,-0.0007426234810753417,-0.0011487870258637812,-0.0011487870258637812
2018-12-31,0.00042249044634675,0.00034130654634588025,0.0005281130579334375,0.0005281130579334375
2019-01-02,-0.001227975011013025,-0.0009918345212182,-0.0015349687637662812,-0.0015349687637662812
2019-01-03,-0.00036325624885235,-0.0002933351010304016,-0.00045407031106543745,-0.00045407031106543745
2019-01-04,0.0,0.0,0.0,0.0
2019-01-07,-0.004402892557405,-0.0025673064581464506,-0.004107690333034321,-0.005134612916292901
2019-01-08,0.00402122207537025,0.0023337678643207405,0.003734028582913184,0.004667535728641481
2019-01-09,-0.00305270393265245,-0.0017634735297572294,-0.002821557647611567,-0.003526947059514459
2019-01-10,0.0001117465656145,6.441462602987278e-05,0.00010306340164779646,0.00012882925205974556
2019-01-11,0.001729585412133675,0.000998995052683828,0.0015983920842941245,0.001997990105367656
2019-01-14,0.000990580430788,0.0005726160490090771,0.0009161856784145235,0.0011452320980181543
2019-01-15,0.002579455819529375,0.0014929869327124708,0.002388779092339953,0.0029859738654249416
2019-01-16,0.000609527183954125,0.0003543946993076383,0.0005670315188922211,0.0007087893986152766
2019-01-17,0.0016471320334312252,0.000968707704591977,0.0015499323273471632,0.001937415409183954
2019-01-18,-0.0036664844748293753,-0.00218949197721969,-0.0035031871635515044,-0.00437898395443938
2019-01-22,0.0040608654109709,0.0024256472472485367,0.003881035595597659,0.004851294494497073
2019-01-23,-0.00209151191955685,-0.0012432335474343147,-0.0019891736758949037,-0.0024864670948686295
2019-01-24,-0.001035711206884025,-0.0006160028205087473,-0.0009856045128139956,-0.0012320056410174945
2019-01-25,-0.0034779624967863497,-0.002068600946246862,-0.0033097615139949786,-0.004137201892493724
2019-01-28,0.0032398606542019997,0.0019211411664199346,0.0030738258662718954,0.003842282332839869
2019-01-29,-0.00031722785229527494,-0.00019706691801357661,-0.00031530706882172254,-0.00039413383602715323
2019-01-30,0.0018963768914572999,0.0012145827445166149,0.0019433323912265833,0.002370471114321625
2019-01-31,-0.00111553934547005,-0.0007284410713669904,-0.0011655057141871845,-0.0013944241818375624
2019-02-01,-0.002953609613438925,-0.0019773512484052994,-0.0031637619974484786,-0.003692012016798656
2019-02-04,6.484018878757502e-05,4.345963563271618e-05,6.953541701234588e-05,8.105023598446877e-05
2019-02-05,0.002610100568260325,0.0017557398105931565,0.00280918369694905,0.003262625710325406
2019-02-06,0.002112310165325325,0.0014228918579045572,0.002276626972647292,0.0026403877066566565
2019-02-07,0.00197373022766225,0.0013275741140447335,0.0021241185824715735,0.0024671627845778126
2019-02-08,0.0009925734465414,0.000666975987957677,0.001067161580732283,0.0012407168081767501
2019-02-11,4.6617622182725e-05,3.131864764489832e-05,5.010983623183731e-05,5.8272027728406255e-05
2019-02-12,-0.00025989095890345,-0.00018313574680862586,-0.00029301719489380136,-0.0003248636986293125
2019-02-13,-0.00090343383116775,-0.0006406555518899635,-0.0010250488830239415,-0.0011292922889596874
2019-02-14,-0.00025,-0.00017726866978743156,-0.0002836298716598905,-0.0003125
2019-02-15,0.0,0.0,0.0,0.0
2019-02-19,0.0,0.0,0.0,0.0
2019-02-20,0.0,0.0,0.0,0.0
2019-02-21,0.0,0.0,0.0,0.0
2019-02-22,0.0,0.0,0.0,0.0
2019-02-25,0.00121402467455735,0.0008767159333248704,0.0014027454933197927,0.0015175308431966876
2019-02-26,0.000886390730274175,0.0006398468179082813,0.0010237549086532498,0.0011079884128427189
2019-02-27,-0.000314720111407375,-0.00022728915697656473,-0.0003636626511625036,-0.00039340013925921876
2019-02-28,0.0004360790664303749,0.0003149152501542935,0.0005038644002468696,0.0005450988330379686
2019-03-01,0.002832763453049725,0.0020711297638687787,0.003313807622190046,0.0035409543163121564
2019-03-04,-0.01051823425239715,-0.0076986281161147245,-0.012317804985783559,-0.013147792815496436
2019-03-05,-0.00030506199457572497,-0.00028623946447495934,-0.0003813274932196562,-0.0003813274932196562
2019-03-06,-0.0023580864526259,-0.002214486293743238,-0.002947608065782375,-0.002947608065782375
2019-03-07,-0.0017461809290081499,-0.0016368416574256712,-0.0021827261612601873,-0.0021827261612601873
2019-03-08,0.0020622200399431,0.0019757520258328444,0.0025777750499288753,0.0025777750499288753
2019-03-11,0.0012301545796655502,0.0012826991328082904,0.0015376932245819378,0.0015376932245819378
2019-03-12,0.00116711174077055,0.0012226461337223296,0.0014588896759631874,0.0014588896759631874
2019-03-13,0.0025449794769952503,0.002932150764325881,0.003181224346244063,0.003181224346244063
2019-03-14,-0.0036859646132025494,-0.0043032529298472995,-0.004607455766503187,-0.004607455766503187
2019-03-15,0.002929879679914775,0.0033745605032675105,0.0036623495998934687,0.0036623495998934687
2019-03-18,0.002208865575499225,0.0026372486766660214,0.0027610819693740314,0.0027610819693740314
2019-03-19,0.00626579038338475,0.007437854590688616,0.007832237979230938,0.007832237979230938
2019-03-20,-0.005696704152742725,-0.00648763490781624,-0.007120880190928406,-0.007120880190928406
2019-03-21,0.011806902896980399,0.013459908098561405,0.0147586286212255,0.0147586286212255
2019-03-22,-0.0047172058343003,-0.004741345335554813,-0.0058965072928753755,-0.0058965072928753755
2019-03-25,-0.00223273910608245,-0.0022322850345218373,-0.0027909238826030625,-0.0027909238826030625
2019-03-26,-0.005663819068704025,-0.005669801529052521,-0.007079773835880031,-0.007079773835880031
2019-03-27,-0.0010568366901097,-0.0010318803934834366,-0.0013210458626371252,-0.0013210458626371252
2019-03-28,-0.00042920522659909994,-0.00041890035507239536,-0.0005365065332488749,-0.0005365065332488749
2019-03-29,0.006744062379889875,0.006638041229820031,0.008430077974862345,0.008430077974862345
2019-04-01,-0.00020651267230204992,-0.00019702243333886868,-0.00025814084037756237,-0.00025814084037756237
2019-04-02,-0.0008658407847166749,-0.0008262882330862568,-0.0010823009808958435,-0.0010823009808958435
2019-04-03,0.0012633597223188,0.0012073050269997224,0.0015791996528985,0.0015791996528985
2019-04-04,-0.0009184231985305,-0.0008797137351055042,-0.001148028998163125,-0.001148028998163125
2019-04-05,0.0,0.0,0.0,0.0
2019-04-08,0.0,0.0,0.0,0.0
2019-04-09,0.0,0.0,0.0,0.0
2019-04-10,0.0,0.0,0.0,0.0
2019-04-11,0.0,0.0,0.0,0.0
2019-04-12,-0.0066200968163101,-0.008275121020387625,-0.008275121020387625,-0.008275121020387625
2019-04-15,0.00515746718157155,0.006446833976964437,0.006446833976964437,0.006446833976964437
2019-04-16,-0.002883862469688625,-0.0036048280871107813,-0.0036048280871107813,-0.0036048280871107813
2019-04-17,0.001106324467611425,0.0013829055845142812,0.0013829055845142812,0.0013829055845142812
2019-04-18,0.002182273497879875,0.002727841872349844,0.002727841872349844,0.002727841872349844
2019-04-22,0.00447085652272145,0.005588570653401813,0.005588570653401813,0.005588570653401813
2019-04-23,-0.000649878120469225,-0.0008123476505865312,-0.0008123476505865312,-0.0008123476505865312
2019-04-24,-1.7781066268017344e-05,-2.222633283502168e-05,-2.222633283502168e-05,-2.222633283502168e-05
2019-04-25,0.0002947744239453,0.00036846802993162505,0.00036846802993162505,0.00036846802993162505
2019-04-26,-0.0036922169662045004,-0.004615271207755626,-0.004615271207755626,-0.004615271207755626
2019-04-29,-0.0012900901484416997,-0.0016126126855521246,-0.0016126126855521246,-0.0016126126855521246
2019-04-30,-0.001915392635425425,-0.0023942407942817816,-0.0023942407942817816,-0.0023942407942817816
2019-05-01,0.002081460563706825,0.002601825704633531,0.002601825704633531,0.002601825704633531
2019-05-02,0.00041467188630609983,0.0005183398578826248,0.0005183398578826248,0.0005183398578826248
2019-05-03,-0.003822226511172975,-0.004777783138966219,-0.004777783138966219,-0.004777783138966219
2019-05-06,0.00245697573778095,0.003071219672226188,0.003071219672226188,0.003071219672226188
2019-05-07,-6.025548274534993e-05,-7.531935343168741e-05,-7.531935343168741e-05,-7.531935343168741e-05
2019-05-08,-0.0002911064139017,-0.000363883017377125,-0.000363883017377125,-0.000363883017377125
2019-05-09,0.0004141602252235501,0.0005177002815294376,0.0005177002815294376,0.0005177002815294376
2019-05-10,-0.000858107479995725,-0.0010726343499946563,-0.0010726343499946563,-0.0010726343499946563
2019-05-13,0.001400447136228475,0.001750558920285594,0.001750558920285594,0.001750558920285594
2019-05-14,-4.885619492334965e-06,-6.1070243654187065e-06,-6.1070243654187065e-06,-6.1070243654187065e-06
2019-05-15,-0.001253400409907925,-0.0015667505123849064,-0.0015667505123849064,-0.0015667505123849064
2019-05-16,-0.001557317626504225,-0.0019466470331302812,-0.0019466470331302812,-0.0019466470331302812
2019-05-17,-0.001842750396102375,-0.002303437995127969,-0.002303437995127969,-0.002303437995127969
2019-05-20,0.004480390626636875,0.005600488283296094,0.005600488283296094,0.005600488283296094
2019-05-21,-0.0020128726227544498,-0.002516090778443062,-0.002516090778443062,-0.002516090778443062
2019-05-22,-0.0001872983190312,-0.000234122898789,-0.000234122898789,-0.000234122898789
2019-05-23,-0.000543799555338725,-0.0006797494441734062,-0.0006797494441734062,-0.0006797494441734062
2019-05-24,0.0016435715386128001,0.002054464423266,0.002054464423266,0.002054464423266
2019-05-28,0.0025037974250639496,0.003129746781329937,0.003129746781329937,0.003129746781329937
2019-05-29,0.0003660899791998,0.00045761247399975,0.00045761247399975,0.00045761247399975
2019-05-30,0.003804500854371025,0.004755626067963781,0.004755626067963781,0.004755626067963781
2019-05-31,-0.0016181078669868748,-0.0020226348337335936,-0.0020226348337335936,-0.0020226348337335936
2019-06-03,-0.006880031959738699,-0.008600039949673373,-0.008600039949673373,-0.008600039949673373
2019-06-04,0.0018237805704298749,0.0022797257130373434,0.0022797257130373434,0.0022797257130373434
2019-06-05,0.005116702273707354,0.0063958778421341934,0.0063958778421341934,0.0063958778421341934
2019-06-06,0.0027651496674404364,0.0034564370843005454,0.0034564370843005454,0.0034564370843005454
2019-06-07,-0.0003441704720403251,-0.0004302130900504064,-0.0004302130900504064,-0.0004302130900504064
2019-06-10,-0.0078012355084483,-0.009751544385560374,-0.009751544385560374,-0.009751544385560374
2019-06-11,0.0007093856600529423,0.0008715829002319588,0.0008867320750661779,0.0008867320750661779
2019-06-12,5.570717977074992e-05,6.855432547158654e-05,6.96339747134374e-05,6.96339747134374e-05
2019-06-13,0.00040904805669900006,0.0005033835193873404,0.0005113100708737501,0.0005113100708737501
2019-06-14,-3.108935600992225e-05,-3.830287902996947e-05,-3.886169501240282e-05,-3.886169501240282e-05
2019-06-17,0.0018239820141159,0.002251116614967639,0.002279977517644875,0.002279977517644875
2019-06-18,0.0009155893709494499,0.0011366425573762795,0.0011444867136868125,0.0011444867136868125
2019-06-19,-0.0011710373651787499,-0.0014563968998197185,-0.0014637967064734373,-0.0014637967064734373
2019-06-20,-0.00011758223811255674,-0.00014594186221054048,-0.00014697779764069594,-0.00014697779764069594
2019-06-21,0.0020084961434377,0.0024987424240638305,0.0025106201792971248,0.0025106201792971248
2019-06-24,-0.000315043199304575,-0.0003938039991307188,-0.0003938039991307188,-0.0003938039991307188
2019-06-25,-0.00025,-0.0003125,-0.0003125,-0.0003125
2019-06-26,0.0,0.0,0.0,0.0
2019-06-27,0.0,0.0,0.0,0.0
2019-06-28,0.0,0.0,0.0,0.0
2019-07-01,0.0,0.0,0.0,0.0
2019-07-02,0.0,0.0,0.0,0.0
2019-07-03,0.0,0.0,0.0,0.0
2019-07-05,0.0,0.0,0.0,0.0
2019-07-08,0.0,0.0,0.0,0.0
2019-07-09,0.0,0.0,0.0,0.0
2019-07-10,0.0,0.0,0.0,0.0
2019-07-11,0.0,0.0,0.0,0.0
2019-07-12,0.0,0.0,0.0,0.0
2019-07-15,0.00232926923534915,0.0022448092974982985,0.0029115865441864375,0.0029115865441864375
2019-07-16,5.812434637275e-05,5.586293504100575e-05,7.26554329659375e-05,7.26554329659375e-05
2019-07-17,0.000484410286545325,0.000465996389237132,0.0006055128581816563,0.0006055128581816563
2019-07-18,-0.000874146563255375,-0.0008704558295864724,-0.0010926832040692187,-0.0010926832040692187
2019-07-19,0.0001013211351153,0.0001041224405885532,0.00012665141889412498,0.00012665141889412498
2019-07-22,-0.001086351794532925,-0.0011285596799644768,-0.0013579397431661563,-0.0013579397431661563
2019-07-23,0.000923978335486025,0.0009582219111592208,0.0011549729193575313,0.0011549729193575313
2019-07-24,0.0051689541065909,0.0053589540875949295,0.006461192633238625,0.006461192633238625
2019-07-25,-0.00145141320147185,-0.001483662272063485,-0.0018142665018398125,-0.0018142665018398125
2019-07-26,0.00102370339538215,0.0010578717213726027,0.0012796292442276873,0.0012796292442276873
2019-07-29,0.0006576773094746251,0.0006794641886221028,0.0008220966368432815,0.0008220966368432815
2019-07-30,-0.003432374015182175,-0.0035523652683565592,-0.004290467518977719,-0.004290467518977719
2019-07-31,-0.008438267359359826,-0.008623877731501518,-0.010547834199199782,-0.010547834199199782
2019-08-01,0.0015994536851422752,0.0015390655830559113,0.001999317106427844,0.001999317106427844
2019-08-02,0.005172431167195225,0.004983258718837992,0.006465538958994031,0.006465538958994031
2019-08-05,-0.001809367286071725,-0.0017163245363656327,-0.002261709107589656,-0.002261709107589656
2019-08-06,0.0003423524603059997,0.00032372439072806037,0.0004279405753824996,0.0004279405753824996
2019-08-07,-0.0003484963016839,-0.00033029564944046135,-0.00043562037710487495,-0.00043562037710487495
2019-08-08,0.001215006364045175,0.0011517236757826509,0.0015187579550564687,0.0015187579550564687
2019-08-09,0.00014415447015629998,0.0001368576718318844,0.00018019308769537498,0.00018019308769537498
2019-08-12,0.001103754314521075,0.0010517678175160864,0.0013796928931513438,0.0013796928931513438
2019-08-13,-0.000631085135635575,-0.0006017865377384615,-0.0007888564195444687,-0.0007888564195444687
2019-08-14,-0.000221653816597125,-0.0002114493166761877,-0.00027706727074640623,-0.00027706727074640623
2019-08-15,-0.002235719640715925,-0.0021745414680495734,-0.0027946495508949063,-0.0027946495508949063
2019-08-16,-0.0007529310205232,-0.000729661095121331,-0.000941163775654,-0.000941163775654
2019-08-19,0.00151733687718335,0.0014741147847380938,0.0018966710964791874,0.0018966710964791874
2019-08-20,-0.00239827461691965,-0.00233601418716305,-0.0029978432711495625,-0.0029978432711495625
2019-08-21,-0.000929970232967425,-0.0009019654607417187,-0.0011624627912092812,-0.0011624627912092812
2019-08-22,0.00047950440984545,0.0004651355853608105,0.0005993805123068125,0.0005993805123068125
2019-08-23,-6.266347721014032e-06,-6.078711044994445e-06,-7.83293465126754e-06,-7.83293465126754e-06
2019-08-26,-0.001252876331441675,-0.0012720652264183595,-0.001566095414302094,-0.001566095414302094
2019-08-27,-0.001337369797792975,-0.0013631864255934125,-0.001671712247241219,-0.001671712247241219
2019-08-28,0.002537467668963675,0.0025822555900118886,0.0031718345862045937,0.0031718345862045937
2019-08-29,-0.000501475686995625,-0.0005079271222029713,-0.0006268446087445312,-0.0006268446087445312
2019-08-30,0.00154303315426495,0.00156352875375731,0.0019287914428311875,0.0019287914428311875
2019-09-03,-0.00186873631612295,-0.0018916466645536626,-0.0023359203951536876,-0.0023359203951536876
2019-09-04,-0.003916101061124025,-0.003952223717197794,-0.004895126326405031,-0.004895126326405031
2019-09-05,-0.001024782650513275,-0.0010278860627881531,-0.001280978313141594,-0.001280978313141594
2019-09-06,-0.0014445026929294248,-0.0014475967512072299,-0.0018056283661617811,-0.0018056283661617811
2019-09-09,0.003655961757339325,0.0036613759127695146,0.0045699521966741565,0.0045699521966741565
2019-09-10,0.0004594884716596999,0.0004641702026769471,0.0005743605895746249,0.0005743605895746249
2019-09-11,0.0026951514782386,0.002732137548478464,0.00336893934779825,0.00336893934779825
2019-09-12,-0.0029922193526853596,-0.0031306138721561363,-0.0037402741908566994,-0.0037402741908566994
2019-09-13,0.003981798239616475,0.004132190349839343,0.004977247799520594,0.004977247799520594
2019-09-16,0.0005173445698716,0.0005303439115738568,0.0006466807123395,0.0006466807123395
2019-09-17,0.0007199596556726753,0.0007413639804565703,0.000899949569590844,0.000899949569590844
2019-09-18,-0.001560839634380225,-0.0016164663421173188,-0.0019510495429752813,-0.0019510495429752813
2019-09-19,0.0022232969697452,0.0023313135847068877,0.0027791212121815,0.0027791212121815
2019-09-20,-0.002364346173862225,-0.0024760149998731885,-0.0029554327173277814,-0.0029554327173277814
2019-09-23,0.0004434459834576528,0.00046329568337686607,0.0005543074793220661,0.0005543074793220661
2019-09-24,0.0005079143115114,0.000539559223752763,0.00063489288938925,0.00063489288938925
2019-09-25,-0.000485323761086325,-0.0005167806630811389,-0.0006066547013579063,-0.0006066547013579063
2019-09-26,0.00193578227705575,0.0024197278463196875,0.0024197278463196875,0.0024197278463196875
2019-09-27,0.0012016779982179,0.001502097497772375,0.001502097497772375,0.001502097497772375
2019-09-30,0.000952758464844325,0.0011909480810554061,0.0011909480810554061,0.0011909480810554061
2019-10-01,0.000440898750741475,0.0005511234384268438,0.0005511234384268438,0.0005511234384268438
2019-10-02,0.0017837441158761022,0.0022296801448451276,0.0022296801448451276,0.0022296801448451276
2019-10-03,0.0004375627919387,0.0005469534899233751,0.0005469534899233751,0.0005469534899233751
2019-10-04,0.0,0.0,0.0,0.0
2019-10-07,0.0,0.0,0.0,0.0
2019-10-08,0.0,0.0,0.0,0.0
2019-10-09,0.0,0.0,0.0,0.0
2019-10-10,0.0,0.0,0.0,0.0
2019-10-11,0.0,0.0,0.0,0.0
2019-10-14,0.000339707420770925,0.00042463427596365624,0.00042463427596365624,0.00042463427596365624
2019-10-15,-0.0048901409347786,-0.00611267616847325,-0.00611267616847325,-0.00611267616847325
2019-10-16,0.0013962769651127,0.001745346206390875,0.001745346206390875,0.001745346206390875
2019-10-17,-0.00124950520686235,-0.0015618815085779376,-0.0015618815085779376,-0.0015618815085779376
2019-10-18,-0.004004774179914175,-0.005005967724892719,-0.005005967724892719,-0.005005967724892719
2019-10-21,-0.00164169558221755,-0.0020521194777719377,-0.0020521194777719377,-0.0020521194777719377
2019-10-22,0.0055176834411024,0.006897104301378,0.006897104301378,0.006897104301378
2019-10-23,-0.005594667514406825,-0.006993334393008531,-0.006993334393008531,-0.006993334393008531
2019-10-24,0.0055590773894974,0.006948846736871751,0.006948846736871751,0.006948846736871751
2019-10-25,0.0023679605185118,0.002919729191176343,0.00295995064813975,0.00295995064813975
2019-10-28,0.0006543747773486877,0.0008028995740369354,0.0008179684716858596,0.0008179684716858596
2019-10-29,-0.0021947636930944,-0.002692874366059553,-0.0027434546163680002,-0.0027434546163680002
2019-10-30,0.010602561006213575,0.013253201257766968,0.013253201257766968,0.013253201257766968
2019-10-31,-0.0007817881583059,-0.0009414897414254488,-0.0009772351978823751,-0.0009772351978823751
2019-11-01,-7.368152908237505e-05,-8.904231107512745e-05,-9.210191135296882e-05,-9.210191135296882e-05
2019-11-04,-0.002016032561286575,-0.002448571814403466,-0.002520040701608219,-0.002520040701608219
2019-11-05,0.000657725730214325,0.000796291286743924,0.0008221571627679064,0.0008221571627679064
2019-11-06,-0.0078024595867187746,-0.009481360950388653,-0.009753074483398468,-0.009753074483398468
2019-11-07,-0.0054512405464895745,-0.006198759038527036,-0.006814050683111968,-0.006814050683111968
2019-11-08,0.00419118751205235,0.004648149927663504,0.005238984390065438,0.005238984390065438
2019-11-11,-0.000772452835713075,-0.0008413102861587954,-0.0009655660446413437,-0.0009655660446413437
2019-11-12,0.00012881155646175,0.00014067860350800974,0.0001610144455771875,0.0001610144455771875
2019-11-13,-0.0002767830070828,-0.00030330614343789447,-0.00034597875885350004,-0.00034597875885350004
2019-11-14,-0.0002585154316082,-0.000283339032983158,-0.00032314428951025,-0.00032314428951025
2019-11-15,2.321270941263536e-05,2.5445929705378517e-05,2.90158867657942e-05,2.90158867657942e-05
2019-11-18,0.002057801279897684,0.002257522343440996,0.0025722515998721053,0.0025722515998721053
2019-11-19,0.00094205314094125,0.0010295152389376025,0.0011775664261765625,0.0011775664261765625
2019-11-20,0.0008667844880544641,0.0009480979545898389,0.0010834806100680802,0.0010834806100680802
2019-11-21,-0.0003623857928436176,-0.0003963276263608267,-0.000452982241054522,-0.000452982241054522
2019-11-22,0.0015734981392039001,0.0017580119723109495,0.001966872674004875,0.001966872674004875
2019-11-25,-0.0018599178313538317,-0.0020741142948809705,-0.0023248972891922897,-0.0023248972891922897
2019-11-26,0.006160398684034525,0.00685096158919159,0.007700498355043156,0.007700498355043156
2019-11-27,-0.0018605771914995664,-0.002007155698107323,-0.002325721489374458,-0.002325721489374458
2019-11-29,-0.00245307601268185,-0.0026446006495234966,-0.003066345015852313,-0.003066345015852313
2019-12-02,0.000907489932650375,0.0009839938551345388,0.0011343624158129688,0.0011343624158129688
2019-12-03,-0.0036782986690049877,-0.003984204460662904,-0.004597873336256234,-0.004597873336256234
2019-12-04,-0.0017549245936098,-0.0018886444572195076,-0.00219365574201225,-0.00219365574201225
2019-12-05,-0.002131770372324675,-0.0022909753308903696,-0.0026647129654058434,-0.0026647129654058434
2019-12-06,0.0010426203819848502,0.0011169131860533567,0.0013032754774810627,0.0013032754774810627
2019-12-09,-9.177424380557499e-05,-9.824525284403978e-05,-0.00011471780475696874,-0.00011471780475696874
2019-12-10,-0.001906793962405325,-0.002112470468451846,-0.0023834924530066566,-0.0023834924530066566
2019-12-11,-8.582565275887499e-05,-9.48091066391273e-05,-0.00010728206594859373,-0.00010728206594859373
2019-12-12,0.0012032980683233249,0.0013299304890200348,0.001504122585404156,0.001504122585404156
2019-12-13,0.002514087387078825,0.0027957230012240286,0.0031426092338485315,0.0031426092338485315
2019-12-16,-0.0025640762369541752,-0.002844858783111697,-0.003205095296192719,-0.003205095296192719
2019-12-17,-0.00116944989126265,-0.0012906862040325173,-0.0014618123640783125,-0.0014618123640783125
2019-12-18,0.00201400297219085,0.0022268090760656552,0.0025175037152385623,0.0025175037152385623
2019-12-19,0.003325370581002275,0.003677455759418906,0.004156713226252844,0.004156713226252844
2019-12-20,-0.0006833293147325251,-0.0007491958927350538,-0.0008541616434156563,-0.0008541616434156563
2019-12-23,0.0016894157231774,0.0018547286181415214,0.00211176965397175,0.00211176965397175
2019-12-24,0.00023840663836603246,0.0002610042455580232,0.0002980082979575406,0.0002980082979575406
2019-12-26,-0.00031927188714,-0.00034951045297831315,-0.000399089858925,-0.000399089858925
2019-12-27,-0.000343072879141625,-0.00037797148493017035,-0.00042884109892703124,-0.00042884109892703124
2019-12-30,0.00020884366035722255,0.00023042040841322601,0.0002610545754465282,0.0002610545754465282
2019-12-31,0.00016295515581335002,0.00017983021250038265,0.00020369394476668753,0.00020369394476668753
2020-01-02,0.000139686043811525,0.0001541613919627661,0.00017460755476440625,0.00017460755476440625
2020-01-03,-0.00180369270123682,-0.0020205915931468857,-0.002254615876546025,-0.002254615876546025
2020-01-06,0.0,0.0,0.0,0.0
2020-01-07,0.0,0.0,0.0,0.0
2020-01-08,0.0010526129294392,0.0011387754028886544,0.0013157661617989999,0.0013157661617989999
2020-01-09,-0.0016749149148737,-0.0018379832097888537,-0.002093643643592125,-0.002093643643592125
2020-01-10,-0.0017171136846490331,-0.0018809765244263389,-0.0021463921058112916,-0.0021463921058112916
2020-01-13,-0.0024061366198541334,-0.0026335161614170636,-0.0030076707748176667,-0.0030076707748176667
2020-01-14,0.0016972604623089332,0.0018488816568804837,0.0021215755778861665,0.0021215755778861665
2020-01-15,0.0006482980918004332,0.0007048932915599079,0.0008103726147505414,0.0008103726147505414
2020-01-16,-5.791836923399967e-06,-6.363560473122688e-06,-7.2397961542499585e-06,-7.2397961542499585e-06
2020-01-17,0.0004494406779837663,0.0004961264506920826,0.0005618008474797078,0.0005618008474797078
2020-01-21,-0.006405289979988766,-0.007214926503112636,-0.008006612474985958,-0.008006612474985958
2020-01-22,-0.002669180018098333,-0.002929365822337575,-0.003336475022622916,-0.003336475022622916
2020-01-23,0.0004369012635512667,0.0004762037020848642,0.0005461265794390834,0.0005461265794390834
2020-01-24,0.0025941023851764325,0.0029851395096493574,0.003242627981470541,0.003242627981470541
2020-01-27,-0.006272190416478399,-0.0071747516047773385,-0.007840238020597998,-0.007840238020597998
2020-01-28,0.00018526913605636578,0.00021659650061989444,0.00023158642007045722,0.00023158642007045722
2020-01-29,-0.0034647890161139667,-0.004056159722603909,-0.004330986270142458,-0.004330986270142458
2020-01-30,-0.002228962411558833,-0.00258777813057396,-0.0027862030144485414,-0.0027862030144485414
2020-01-31,0.0006370976810103003,0.0007377541580755829,0.0007963721012628754,0.0007963721012628754
2020-02-03,-0.0030386656296440997,-0.0037983320370551248,-0.0037983320370551248,-0.0037983320370551248
2020-02-04,0.008169451661263432,0.010211814576579291,0.010211814576579291,0.010211814576579291
2020-02-05,0.0074764068316109,0.009345508539513624,0.009345508539513624,0.009345508539513624
2020-02-06,-0.0005501600153706667,-0.0006718833788902837,-0.0006877000192133334,-0.0006877000192133334
2020-02-07,-0.0015934216440864999,-0.0019456417509504638,-0.001991777055108125,-0.001991777055108125
2020-02-10,-0.0025845625586080998,-0.0032307031982601246,-0.0032307031982601246,-0.0032307031982601246
2020-02-11,0.0023109836350250663,0.002888729543781333,0.002888729543781333,0.002888729543781333
2020-02-12,-0.0025941705521369666,-0.003242713190171208,-0.003242713190171208,-0.003242713190171208
2020-02-13,-0.0003333333333333333,-0.00041666666666666664,-0.00041666666666666664,-0.00041666666666666664
2020-02-14,0.00019550351436276666,0.0002443793929534583,0.0002443793929534583,0.0002443793929534583
2020-02-18,0.0055135494824065,0.006891936853008125,0.006891936853008125,0.006891936853008125
2020-02-19,-0.0022905758708365665,-0.002863219838545708,-0.002863219838545708,-0.002863219838545708
2020-02-20,0.0010078359216167,0.001259794902020875,0.001259794902020875,0.001259794902020875
2020-02-21,0.0002697303892978333,0.00033716298662229163,0.00033716298662229163,0.00033716298662229163
2020-02-24,0.0012038502517925666,0.0015048128147407084,0.0015048128147407084,0.0015048128147407084
2020-02-25,0.0011335684106000667,0.0014169605132500834,0.0014169605132500834,0.0014169605132500834
2020-02-26,-0.007196942269725733,-0.008996177837157166,-0.008996177837157166,-0.008996177837157166
2020-02-27,0.004505154109626633,0.0054854058768357555,0.005631442637033291,0.005631442637033291
2020-02-28,0.0008693118867717335,0.0010336546800065814,0.001086639858464667,0.001086639858464667
2020-03-02,-0.010619268548412567,-0.012616613857264099,-0.013274085685515708,-0.013274085685515708
2020-03-03,0.007313234415795242,0.007765073469952324,0.009141543019744052,0.009141543019744052
2020-03-04,-0.008387763586971965,-0.008496890239229601,-0.010484704483714956,-0.010484704483714956
2020-03-05,-0.006275174254839599,-0.006025354654268313,-0.0078439678185495,-0.0078439678185495
2020-03-06,0.0014106659024711668,0.0013191798911468078,0.0017633323780889584,0.0017633323780889584
2020-03-09,0.00048448140618519847,0.0004540662179471772,0.0006056017577314981,0.0006056017577314981
2020-03-10,0.008954818474560932,0.008398528072074495,0.011193523093201166,0.011193523093201166
2020-03-11,0.009394256620327232,0.008338177896479011,0.01174282077540904,0.01174282077540904
2020-03-12,0.0152134315095372,0.012811809961823028,0.0190167893869215,0.0190167893869215
2020-03-13,0.013104157488254331,0.009841597836953554,0.015746556539125683,0.016380196860317914
2020-03-16,-0.006978520252640766,-0.00489489753502346,-0.007831836056037537,-0.008723150315800957
2020-03-17,-0.023421890759640265,-0.016088713626232414,-0.02574194180197186,-0.02927736344955033
2020-03-18,-0.02973346968331207,-0.017142930551979414,-0.027428688883167063,-0.03428586110395883
2020-03-19,0.006674723972541,0.0031834504162326586,0.005093520665972253,0.006366900832465317
2020-03-20,-0.0007864802572809665,-0.00037206109937005686,-0.0005952977589920909,-0.0007441221987401137
2020-03-23,-0.00029097236818481165,-0.00013765635590730701,-0.00022025016945169122,-0.00027531271181461403
2020-03-24,0.014387193753467833,0.006832058112656003,0.010931292980249604,0.013664116225312006
2020-03-25,0.024768569474185098,0.011328205368281581,0.018125128589250528,0.022656410736563163
2020-03-26,0.015959167733361465,0.006651752771603566,0.010642804434565707,0.013303505543207132
2020-03-27,0.005590336316983966,0.0022540551431815908,0.0036064882290905453,0.0045081102863631815
2020-03-30,1.1664594995266803e-05,4.687037254657088e-06,7.499259607451341e-06,9.374074509314177e-06
2020-03-31,0.0005339765557349999,0.0002145558082337651,0.00034328929317402416,0.0004291116164675302
2020-04-01,-0.0015244342612277,-0.0006125512039511691,-0.0009800819263218706,-0.0012251024079023383
2020-04-02,0.0023500254427254,0.0009438628603588562,0.00151018057657417,0.0018877257207177123
2020-04-03,-0.005113531500817899,-0.0020530529231282115,-0.0032848846770051386,-0.004106105846256423
2020-04-06,0.0,0.0,0.0,0.0
2020-04-07,0.0,0.0,0.0,0.0
2020-04-08,0.0,0.0,0.0,0.0
2020-04-09,0.0,0.0,0.0,0.0
2020-04-13,0.0,0.0,0.0,0.0
2020-04-14,0.0,0.0,0.0,0.0
2020-04-15,0.0,0.0,0.0,0.0
2020-04-16,0.0,0.0,0.0,0.0
2020-04-17,0.0,0.0,0.0,0.0
2020-04-20,0.0,0.0,0.0,0.0
2020-04-21,0.0,0.0,0.0,0.0
2020-04-22,0.0,0.0,0.0,0.0
2020-04-23,0.0,0.0,0.0,0.0
2020-04-24,0.0,0.0,0.0,0.0
2020-04-27,0.0,0.0,0.0,0.0
2020-04-28,0.0,0.0,0.0,0.0
2020-04-29,0.0,0.0,0.0,0.0
2020-04-30,0.0,0.0,0.0,0.0
2020-05-01,0.0,0.0,0.0,0.0
2020-05-04,0.0,0.0,0.0,0.0
2020-05-05,0.0,0.0,0.0,0.0
2020-05-06,0.0,0.0,0.0,0.0
2020-05-07,0.0,0.0,0.0,0.0
2020-05-08,0.0,0.0,0.0,0.0
2020-05-11,0.0,0.0,0.0,0.0
2020-05-12,0.0,0.0,0.0,0.0
2020-05-13,0.0,0.0,0.0,0.0
2020-05-14,0.0,0.0,0.0,0.0
2020-05-15,0.0,0.0,0.0,0.0
2020-05-18,0.0,0.0,0.0,0.0
2020-05-19,0.0,0.0,0.0,0.0
2020-05-20,0.0,0.0,0.0,0.0
2020-05-21,0.0,0.0,0.0,0.0
2020-05-22,0.0,0.0,0.0,0.0
2020-05-26,0.0,0.0,0.0,0.0
2020-05-27,0.0,0.0,0.0,0.0
2020-05-28,0.003871717118375375,0.0020290830638536096,0.003246532902165775,0.004058166127707219
2020-05-29,-0.002016325550794925,-0.0010809219747771796,-0.0017294751596434875,-0.0021618439495543593
2020-06-01,0.000934337011868475,0.0005007478703186981,0.0008011965925099171,0.0010014957406373963
2020-06-02,-0.001935837870181275,-0.0010830441853008142,-0.0017328706964813028,-0.0021660883706016284
2020-06-03,0.00136328957923685,0.000765211857951462,0.0012243389727223393,0.001530423715902924
2020-06-04,-4.56451090967e-05,-2.5889541169491532e-05,-4.142326587118645e-05,-5.1779082338983064e-05
2020-06-05,0.0002674145396156,0.00015331468874031016,0.0002453035019844963,0.0003066293774806203
2020-06-08,-0.001230355471668625,-0.0007053555337221658,-0.0011285688539554653,-0.0014107110674443316
2020-06-09,-0.0015513160129424,-0.0008931728507933725,-0.0014290765612693958,-0.001786345701586745
2020-06-10,-0.002096596120373425,-0.0012484254687638396,-0.0019974807500221436,-0.0024968509375276793
2020-06-11,0.0033847368405234,0.00207189932644211,0.0033150389223073765,0.00414379865288422
2020-06-12,-0.005641428384160975,-0.003463219007969503,-0.005541150412751205,-0.006926438015939006
2020-06-15,-0.00965060003413795,-0.00639142941741236,-0.010226287067859774,-0.012063250042672438
2020-06-16,0.00463633662647885,0.0029679256733848233,0.004748681077415718,0.0057954207830985625
2020-06-17,-0.00026761792698517503,-0.00019259178764393715,-0.0003081468602302994,-0.0003345224087314688
2020-06-18,-0.0008905322893243499,-0.0006767838659877148,-0.0010828541855803437,-0.0011131653616554375
2020-06-19,0.00924731435121105,0.007079977417326465,0.011327963867722345,0.011559142939013813
2020-06-22,-0.004705095969889,-0.003511225876928866,-0.005617961403086186,-0.005881369962361251
2020-06-23,0.002338050461654725,0.0017516933572495489,0.0028027093715992783,0.002922563077068406
2020-06-24,-0.002823859307478775,-0.0022570009220571575,-0.0035298241343484685,-0.0035298241343484685
2020-06-25,0.0014878843787592502,0.0011843618886142478,0.0018598554734490626,0.0018598554734490626
2020-06-26,-0.0013636373920143752,-0.0011268008750187322,-0.001704546740017969,-0.001704546740017969
2020-06-29,-0.0014451311656979498,-0.0012226376315820383,-0.0018064139571224373,-0.0018064139571224373
2020-06-30,0.002795490323822225,0.0026865337807138586,0.0034943629047777813,0.0034943629047777813
2020-07-01,-0.0004312746850982001,-0.00041929078608232397,-0.0005390933563727501,-0.0005390933563727501
2020-07-02,0.00021715991217050013,0.00023036951606963133,0.00027144989021312516,0.00027144989021312516
2020-07-06,0.00384456832229515,0.004805710402868937,0.004805710402868937,0.004805710402868937
2020-07-07,0.0,0.0,0.0,0.0
2020-07-08,5.60186439019e-05,6.28835418159464e-05,7.0023304877375e-05,7.0023304877375e-05
2020-07-09,-0.000635585249336475,-0.0007833103073189851,-0.0007944815616705938,-0.0007944815616705938
2020-07-10,-0.000906761906037,-0.0011196763751796682,-0.00113345238254625,-0.00113345238254625
2020-07-13,9.46431941946e-05,0.00011830399274325,0.00011830399274325,0.00011830399274325
2020-07-14,0.0005051125741343,0.0006313907176678751,0.0006313907176678751,0.0006313907176678751
2020-07-15,0.000402406092727375,0.0005030076159092188,0.0005030076159092188,0.0005030076159092188
2020-07-16,-0.000639029476560775,-0.0007987868457009688,-0.0007987868457009688,-0.0007987868457009688
2020-07-17,0.000450139700240075,0.0005626746253000938,0.0005626746253000938,0.0005626746253000938
2020-07-20,-0.00049964334413375,-0.0006245541801671874,-0.0006245541801671874,-0.0006245541801671874
2020-07-21,0.004478957483285525,0.005598696854106906,0.005598696854106906,0.005598696854106906
2020-07-22,-0.001966208622643825,-0.0024577607783047815,-0.0024577607783047815,-0.0024577607783047815
2020-07-23,0.001908673055218675,0.002385841319023344,0.002385841319023344,0.002385841319023344
2020-07-24,0.00028574603312189994,0.0003571825414023749,0.0003571825414023749,0.0003571825414023749
2020-07-27,-0.001975833403256375,-0.002469791754070469,-0.002469791754070469,-0.002469791754070469
2020-07-28,0.000875962599587325,0.0010949532494841563,0.0010949532494841563,0.0010949532494841563
2020-07-29,-0.000471902064429625,-0.0005898775805370313,-0.0005898775805370313,-0.0005898775805370313
2020-07-30,-0.0037528296429192353,-0.004691037053649044,-0.004691037053649044,-0.004691037053649044
2020-07-31,-0.002028350516006225,-0.0025354381450077815,-0.0025354381450077815,-0.0025354381450077815
2020-08-03,-0.0003894706603179185,-0.0004868383253973981,-0.0004868383253973981,-0.0004868383253973981
2020-08-04,-0.001309135977585475,-0.0016364199719818436,-0.0016364199719818436,-0.0016364199719818436
2020-08-05,-0.0011709921916342502,-0.0014637402395428127,-0.0014637402395428127,-0.0014637402395428127
2020-08-06,-0.00249752110959775,-0.0031219013869971876,-0.0031219013869971876,-0.0031219013869971876
2020-08-07,0.006459700698578925,0.008074625873223657,0.008074625873223657,0.008074625873223657
2020-08-10,0.005922518357344576,0.00740314794668072,0.00740314794668072,0.00740314794668072
2020-08-11,0.0014460881914129498,0.0017537244263979616,0.0018076102392661872,0.0018076102392661872
2020-08-12,-0.0007023714768060248,-0.0008508452611474593,-0.000877964346007531,-0.000877964346007531
2020-08-13,-0.00206107747933665,-0.00249367223327888,-0.0025763468491708124,-0.0025763468491708124
2020-08-14,-0.000716454845690375,-0.0008609874723137137,-0.0008955685571129687,-0.0008955685571129687
2020-08-17,0.0030294366383918996,0.003636265890338054,0.0037867957979898746,0.0037867957979898746
2020-08-18,0.0046135694112519245,0.005494208307961648,0.005766961764064906,0.005766961764064906
2020-08-19,0.0027113728767123747,0.0031675104696879002,0.0033892160958904683,0.0033892160958904683
2020-08-20,-0.00200020666440135,-0.0023248872120239525,-0.0025002583305016876,-0.0025002583305016876
2020-08-21,0.00460695742197625,0.005320363287036595,0.005758696777470313,0.005758696777470313
2020-08-24,-0.002486590580106075,-0.002822623667659753,-0.0031082382251325937,-0.0031082382251325937
2020-08-25,-0.0015187731448507748,-0.0017084845764680522,-0.0018984664310634685,-0.0018984664310634685
2020-08-26,-0.002195141035622275,-0.0024597824834964714,-0.002743926294527844,-0.002743926294527844
2020-08-27,0.0015022306577416752,0.0016717680363803774,0.001877788322177094,0.001877788322177094
2020-08-28,0.0034057325155619003,0.0037869420944115404,0.004257165644452375,0.004257165644452375
2020-08-31,-0.00039201866493095004,-0.00043684170226643266,-0.0004900233311636875,-0.0004900233311636875
2020-09-01,0.001336401528856225,0.0014885460063571204,0.0016705019110702813,0.0016705019110702813
2020-09-02,-0.0003796844614333,-0.0004644610664600257,-0.000474605576791625,-0.000474605576791625
2020-09-03,-0.00044809606825915,-0.0005527172956581808,-0.0005601200853239375,-0.0005601200853239375
2020-09-04,-0.005176161601663118,-0.0064139021588006245,-0.006470202002078897,-0.006470202002078897
2020-09-08,0.00040733710400285,0.0004914943018855247,0.0005091713800035626,0.0005091713800035626
2020-09-09,0.0044088328499725755,0.0053990962087721375,0.00551104106246572,0.00551104106246572
2020-09-10,-0.002476960687709575,-0.003085014258030831,-0.0030962008596369687,-0.0030962008596369687
2020-09-11,-0.003180552810113025,-0.003958167588783303,-0.003975691012641281,-0.003975691012641281
2020-09-14,0.00102836892185095,0.0012648533751203216,0.0012854611523136874,0.0012854611523136874
2020-09-15,0.000617727462522475,0.0007632869462311796,0.0007721593281530937,0.0007721593281530937
2020-09-16,0.0005097169719411501,0.0006344938883361507,0.0006371462149264377,0.0006371462149264377
2020-09-17,0.000908228206856525,0.0011352852585706564,0.0011352852585706564,0.0011352852585706564
2020-09-18,-0.0017840986193271003,-0.0022301232741588754,-0.0022301232741588754,-0.0022301232741588754
2020-09-21,0.0015214522597945751,0.001901815324743219,0.001901815324743219,0.001901815324743219
2020-09-22,0.003274738525576675,0.004093423156970844,0.004093423156970844,0.004093423156970844
2020-09-23,-0.0014849137846938,-0.00185614223086725,-0.00185614223086725,-0.00185614223086725
2020-09-24,0.0025472374304825996,0.0031840467881032496,0.0031840467881032496,0.0031840467881032496
2020-09-25,0.0020102629127656,0.002512828640957,0.002512828640957,0.002512828640957
2020-09-28,0.00229898358755145,0.0028737294844393122,0.0028737294844393122,0.0028737294844393122
2020-09-29,0.00021699114690669998,0.00027123893363337496,0.00027123893363337496,0.00027123893363337496
2020-09-30,-0.003309540049320675,-0.004136925061650844,-0.004136925061650844,-0.004136925061650844
2020-10-01,0.0022199877141258,0.0027749846426572498,0.0027749846426572498,0.0027749846426572498
2020-10-02,-0.002015288904971025,-0.0025191111312137813,-0.0025191111312137813,-0.0025191111312137813
2020-10-05,0.0,0.0,0.0,0.0
2020-10-06,0.0,0.0,0.0,0.0
2020-10-07,0.0,0.0,0.0,0.0
2020-10-08,0.0,0.0,0.0,0.0
2020-10-09,0.0,0.0,0.0,0.0
2020-10-12,0.0,0.0,0.0,0.0
2020-10-13,0.0,0.0,0.0,0.0
2020-10-14,0.0,0.0,0.0,0.0
2020-10-15,-0.004788502765378325,-0.0025580604914144365,-0.0040928967862630975,-0.005116120982828873
2020-10-16,-0.002786976633124125,-0.0014843833349786472,-0.0023750133359658355,-0.0029687666699572944
2020-10-19,-0.002002688306630975,-0.0010662730850106053,-0.0017060369360169685,-0.0021325461700212106
2020-10-20,0.0015802874704198,0.0008449637216986578,0.0013519419547178525,0.0016899274433973155
2020-10-21,0.000321214888298625,0.00017149341337286528,0.00027438946139658445,0.00034298682674573056
2020-10-22,-0.002144670868496925,-0.0011451753987504255,-0.0018322806380006806,-0.002290350797500851
2020-10-23,-0.0001685742322027,-9.003895316182132e-05,-0.0001440623250589141,-0.00018007790632364263
2020-10-26,-0.003592990193679875,-0.001919171702431226,-0.0030706747238899617,-0.003838343404862452
2020-10-27,0.00490015039309475,0.0026145028725284374,0.0041832045960455,0.005229005745056875
2020-10-28,-0.0072460998129999,-0.003835601249499049,-0.006136961999198479,-0.007671202498998098
2020-10-29,-0.007067715127873025,-0.003752402329990473,-0.006003843727984758,-0.007504804659980946
2020-10-30,0.0024424417154312,0.0013014479495152365,0.0020823167192243787,0.002602895899030473
2020-11-02,-0.00032506755927210005,-0.00017349313532953476,-0.00027758901652725565,-0.0003469862706590695
2020-11-03,-0.00013869943204799996,-7.442951321553619e-05,-0.0001190872211448579,-0.00014885902643107238
2020-11-04,0.004776174081211724,0.00257206991465676,0.004115311863450816,0.00514413982931352
2020-11-05,0.0008360999324136751,0.0004478821341361045,0.0007166114146177673,0.000895764268272209
2020-11-06,-0.00298893099185345,-0.0016026289544388214,-0.0025642063271021144,-0.003205257908877643
2020-11-09,0.002858473967692425,0.0015324972100063936,0.0024519955360102295,0.0030649944200127873
2020-11-10,-0.006321282776631425,-0.003386880357609683,-0.005419008572175492,-0.006773760715219366
2020-11-11,-0.00164460735431995,-0.00087698139459802,-0.001403170231356832,-0.00175396278919604
2020-11-12,-0.0019490570534428499,-0.0010393308584893642,-0.0016629293735829827,-0.0020786617169787284
2020-11-13,0.00259187696277585,0.0013834662845167481,0.002213546055226797,0.0027669325690334963
2020-11-16,0.00012742836459977503,6.776598574528817e-05,0.00010842557719246107,0.00013553197149057634
2020-11-17,0.0003393926564909499,0.00018077083467894962,0.00028923333548631935,0.00036154166935789924
2020-11-18,-0.0005998329381634502,-0.00032091347222308635,-0.0005134615555569381,-0.0006418269444461727
2020-11-19,0.0002976618655373501,0.00016088659736685344,0.0002574185557869655,0.0003217731947337069
2020-11-20,-0.003950863916664875,-0.0021423625307770795,-0.0034277800492433274,-0.004284725061554159
2020-11-23,0.00027578488032212504,0.00014933894699265899,0.0002389423151882544,0.00029867789398531797
2020-11-24,-0.0019983269267038,-0.0010841435544970456,-0.0017346296871952728,-0.002168287108994091
2020-11-25,-0.000289372643764875,-0.0003324747313367656,-0.0003617158047060937,-0.0003617158047060937
2020-11-27,-0.000294258202332575,-0.0003382102658157674,-0.0003678227529157188,-0.0003678227529157188
2020-11-30,-0.005053800291293525,-0.005809966505892793,-0.006317250364116906,-0.006317250364116906
2020-12-01,-0.0019723885988668748,-0.0022394744247018817,-0.0024654857485835934,-0.0024654857485835934
2020-12-02,-0.01180279455941255,-0.013445193061625747,-0.014753493199265687,-0.014753493199265687
2020-12-03,0.00114062380519085,0.0012044812830614305,0.0014257797564885626,0.0014257797564885626
2020-12-04,0.0024584001385801247,0.002730779966702341,0.003073000173225156,0.003073000173225156
2020-12-07,-0.003023430481876675,-0.0033195559751152265,-0.0037792881023458436,-0.0037792881023458436
2020-12-08,-5.550501874605003e-05,-6.088560116460147e-05,-6.938127343256254e-05,-6.938127343256254e-05
2020-12-09,-0.0041914662121086,-0.004660151289651295,-0.00523933276513575,-0.00523933276513575
2020-12-10,0.002622198816690325,0.0028892753439753115,0.0032777485208629062,0.0032777485208629062
2020-12-11,0.0014758705734476498,0.0016061866063992725,0.0018448382168095622,0.0018448382168095622
2020-12-14,-0.004885668572201025,-0.00547672483776797,-0.006107085715251282,-0.006107085715251282
2020-12-15,-0.001186649828888625,-0.0013153154114869338,-0.0014833122861107812,-0.0014833122861107812
2020-12-16,-0.002409301289460975,-0.0026702429618886596,-0.003011626611826219,-0.003011626611826219
2020-12-17,-0.00042212435749,-0.0004674366636929315,-0.0005276554468625,-0.0005276554468625
2020-12-18,-0.001501682979415075,-0.0016737357572438676,-0.0018771037242688437,-0.0018771037242688437
2020-12-21,0.0006776996072568,0.0007573929693137132,0.000847124509071,0.000847124509071
2020-12-22,0.002192229261695,0.002453886495513142,0.0027402865771187497,0.0027402865771187497
2020-12-23,-0.001276808544482175,-0.0014239189714485292,-0.0015960106806027189,-0.0015960106806027189
2020-12-24,-0.00025,-0.0002789149311506848,-0.0003125,-0.0003125
2020-12-28,0.0,0.0,0.0,0.0
2020-12-29,0.0,0.0,0.0,0.0
2020-12-30,0.0,0.0,0.0,0.0
2020-12-31,0.0,0.0,0.0,0.0
2021-01-04,0.0,0.0,0.0,0.0
2021-01-05,0.0,0.0,0.0,0.0
2021-01-06,0.0,0.0,0.0,0.0
2021-01-07,-0.000358536881934775,-0.00044817110241846875,-0.00044817110241846875,-0.00044817110241846875
2021-01-08,-0.00020897897509905,-0.0002612237188738125,-0.0002612237188738125,-0.0002612237188738125
2021-01-11,0.00013313999625435,0.00016642499531793753,0.00016642499531793753,0.00016642499531793753
2021-01-12,-0.000933189026505625,-0.0011664862831320313,-0.0011664862831320313,-0.0011664862831320313
2021-01-13,-0.000782785657522175,-0.0009784820719027187,-0.0009784820719027187,-0.0009784820719027187
2021-01-14,0.001277728541462875,0.0015971606768285939,0.0015971606768285939,0.0015971606768285939
2021-01-15,0.001064510773410975,0.001330638466763719,0.001330638466763719,0.001330638466763719
2021-01-19,-0.000874955616568575,-0.0010936945207107188,-0.0010936945207107188,-0.0010936945207107188
2021-01-20,0.00010444808451967502,0.00013056010564959378,0.00013056010564959378,0.00013056010564959378
2021-01-21,-0.0009522106350131751,-0.0011902632937664688,-0.0011902632937664688,-0.0011902632937664688
2021-01-22,0.0007590417684362,0.00094880221054525,0.00094880221054525,0.00094880221054525
2021-01-25,0.001490739511891825,0.0018634243898647813,0.0018634243898647813,0.0018634243898647813
2021-01-26,0.00125051174666225,0.0015631396833278126,0.0015631396833278126,0.0015631396833278126
2021-01-27,0.004795792715648425,0.005994740894560532,0.005994740894560532,0.005994740894560532
2021-01-28,-0.0037567508536394748,-0.0046959385670493434,-0.0046959385670493434,-0.0046959385670493434
2021-01-29,-0.0009803601092028,-0.0012254501365035,-0.0012254501365035,-0.0012254501365035
2021-02-01,0.003688609010441525,0.004610761263051906,0.004610761263051906,0.004610761263051906
2021-02-02,0.0007718868544991,0.0009648585681238751,0.0009648585681238751,0.0009648585681238751
2021-02-03,0.0023918180657817,0.002989772582227125,0.002989772582227125,0.002989772582227125
2021-02-04,0.005900015897525325,0.007375019871906656,0.007375019871906656,0.007375019871906656
2021-02-05,-0.00146585063731275,-0.0018323132966409374,-0.0018323132966409374,-0.0018323132966409374
2021-02-08,-0.0022155798583267747,-0.0027694748229084684,-0.0027694748229084684,-0.0027694748229084684
2021-02-09,-0.00168137293602215,-0.0021017161700276872,-0.0021017161700276872,-0.0021017161700276872
2021-02-10,-0.0023299663600666997,-0.0029124579500833746,-0.0029124579500833746,-0.0029124579500833746
2021-02-11,-0.000722977118832375,-0.0009037213985404688,-0.0009037213985404688,-0.0009037213985404688
2021-02-12,0.0003164154112383752,0.000395519264047969,0.000395519264047969,0.000395519264047969
2021-02-16,-0.0002617804856242249,-0.00032722560703028113,-0.00032722560703028113,-0.00032722560703028113
2021-02-17,-0.001536673300280275,-0.0019208416253503437,-0.0019208416253503437,-0.0019208416253503437
2021-02-18,0.00152586644124515,0.0019073330515564377,0.0019073330515564377,0.0019073330515564377
2021-02-19,0.0007366946951259748,0.0009208683689074684,0.0009208683689074684,0.0009208683689074684
2021-02-22,0.0019504169230516247,0.002438021153814531,0.002438021153814531,0.002438021153814531
2021-02-23,-0.00318099712457585,-0.003976246405719813,-0.003976246405719813,-0.003976246405719813
2021-02-24,0.0015866894090288248,0.001983361761286031,0.001983361761286031,0.001983361761286031
2021-02-25,0.004304316762553075,0.005380395953191344,0.005380395953191344,0.005380395953191344
2021-02-26,-0.0029197041673512504,-0.003649630209189063,-0.003649630209189063,-0.003649630209189063
2021-03-01,-0.0012634184071283001,-0.0015792730089103752,-0.0015792730089103752,-0.0015792730089103752
2021-03-02,0.0029424291878232503,0.003678036484779063,0.003678036484779063,0.003678036484779063
2021-03-03,-0.001124951355654125,-0.0014061891945676562,-0.0014061891945676562,-0.0014061891945676562
2021-03-04,0.0006567463805228001,0.0008209329756535001,0.0008209329756535001,0.0008209329756535001
2021-03-05,0.003996955933109075,0.004996194916386344,0.004996194916386344,0.004996194916386344
2021-03-08,0.0017683289864568,0.002210411233071,0.002210411233071,0.002210411233071
2021-03-09,1.2923657537001604e-05,1.6154571921252004e-05,1.6154571921252004e-05,1.6154571921252004e-05
2021-03-10,0.001733808937606325,0.0021672611720079064,0.0021672611720079064,0.0021672611720079064
2021-03-11,-0.0014782637905312,-0.001847829738164,-0.001847829738164,-0.001847829738164
2021-03-12,-0.00202745556139325,-0.0025343194517415627,-0.0025343194517415627,-0.0025343194517415627
2021-03-15,0.00833149848204865,0.010414373102560813,0.010414373102560813,0.010414373102560813
2021-03-16,0.001327969003152025,0.0016599612539400315,0.0016599612539400315,0.0016599612539400315
2021-03-17,-0.00025,-0.0003125,-0.0003125,-0.0003125
2021-03-18,0.0,0.0,0.0,0.0
2021-03-19,0.005248953949688075,0.006561192437110094,0.006561192437110094,0.006561192437110094
2021-03-22,-0.000150724572988275,-0.00018840571623534374,-0.00018840571623534374,-0.00018840571623534374
2021-03-23,-0.00204246710691775,-0.0025530838836471874,-0.0025530838836471874,-0.0025530838836471874
2021-03-24,0.00353093711140325,0.004413671389254062,0.004413671389254062,0.004413671389254062
2021-03-25,-3.9974691267125e-05,-4.9968364083906246e-05,-4.9968364083906246e-05,-4.9968364083906246e-05
2021-03-26,-0.0014530959782134,-0.00181636997276675,-0.00181636997276675,-0.00181636997276675
2021-03-29,-0.0021409192929776498,-0.0026761491162220624,-0.0026761491162220624,-0.0026761491162220624
2021-03-30,0.00257522940639905,0.0032190367579988124,0.0032190367579988124,0.0032190367579988124
2021-03-31,-0.001667031915019525,-0.0020837898937744064,-0.0020837898937744064,-0.0020837898937744064
2021-04-01,-0.0009122415957746001,-0.00114030199471825,-0.00114030199471825,-0.00114030199471825
2021-04-05,-0.0009574684294910749,-0.0011968355368638436,-0.0011968355368638436,-0.0011968355368638436
2021-04-06,0.001269613333131275,0.0015870166664140937,0.0015870166664140937,0.0015870166664140937
2021-04-07,0.0,0.0,0.0,0.0
2021-04-08,0.0,0.0,0.0,0.0
2021-04-09,0.0,0.0,0.0,0.0
2021-04-12,0.0,0.0,0.0,0.0
2021-04-13,0.0,0.0,0.0,0.0
2021-04-14,0.0,0.0,0.0,0.0
2021-04-15,0.0,0.0,0.0,0.0
2021-04-16,0.0,0.0,0.0,0.0
2021-04-19,0.0,0.0,0.0,0.0
2021-04-20,0.0,0.0,0.0,0.0
2021-04-21,0.0,0.0,0.0,0.0
2021-04-22,-0.003845417941359,-0.003949857117132954,-0.00480677242669875,-0.00480677242669875
2021-04-23,-0.001330014794625375,-0.0013669307552462348,-0.0016625184932817188,-0.0016625184932817188
2021-04-26,-0.00171109960152775,-0.0018480686300183097,-0.0021388745019096872,-0.0021388745019096872
2021-04-27,0.002070090426374025,0.0022381467347214233,0.0025876130329675314,0.0025876130329675314
2021-04-28,-0.000973873671849225,-0.0010663733128135455,-0.0012173420898115312,-0.0012173420898115312
2021-04-29,0.0031848510736461003,0.0035202615351397977,0.003981063842057625,0.003981063842057625
2021-04-30,0.0005688881624688134,0.0006252493764855365,0.0007111102030860168,0.0007111102030860168
2021-05-03,0.0029356206911959,0.003256808508985517,0.0036695258639948746,0.0036695258639948746
2021-05-04,0.0037490181195830256,0.004130340385103076,0.0046862726494787815,0.0046862726494787815
2021-05-05,0.0022060519043741247,0.0023901564751570214,0.002757564880467656,0.002757564880467656
2021-05-06,0.0022335093978203,0.002404798231830664,0.0027918867472753748,0.0027918867472753748
2021-05-07,-0.000333334578952375,-0.0003568968522795843,-0.00041666822369046874,-0.00041666822369046874
2021-05-10,0.0020860336480961247,0.002239392375495412,0.002607542060120156,0.002607542060120156
2021-05-11,-0.0069775044056932,-0.0074579399693394804,-0.0087218805071165,-0.0087218805071165
2021-05-12,-0.006030682561846675,-0.006228714528158031,-0.007538353202308344,-0.007538353202308344
2021-05-13,0.0024276051137907748,0.0024607537481841917,0.0030345063922384685,0.0030345063922384685
2021-05-14,-0.0006156486322534749,-0.0006314037253981102,-0.0007695607903168437,-0.0007695607903168437
2021-05-17,-0.0006897732699932913,-0.0007091228461966703,-0.000862216587491614,-0.000862216587491614
2021-05-18,0.0033250362448738247,0.003480333886862433,0.004156295306092281,0.004156295306092281
2021-05-19,0.00013239035047432504,0.0001377592998937675,0.0001654879380929063,0.0001654879380929063
2021-05-20,0.00046896359576974997,0.0004967400213718662,0.0005862044947121874,0.0005862044947121874
2021-05-21,-0.00016086308062368332,-0.00017070845370966396,-0.00020107885077960414,-0.00020107885077960414
2021-05-24,-0.000519845882764475,-0.0005517959492415259,-0.0006498073534555938,-0.0006498073534555938
2021-05-25,0.000771389673341975,0.0008212358765425018,0.0009642370916774687,0.0009642370916774687
2021-05-26,-0.000493192396552625,-0.0005315152621640739,-0.0006164904956907812,-0.0006164904956907812
2021-05-27,-0.00098940228268145,-0.0011246450622930024,-0.0012367528533518124,-0.0012367528533518124
2021-05-28,0.0017094912494856002,0.0019679719847857866,0.002136864061857,0.002136864061857
2021-06-01,-0.00015814237389667502,-0.00018186688223963707,-0.00019767796737084377,-0.00019767796737084377
2021-06-02,-0.002560464484581225,-0.002947029753652771,-0.003200580605726531,-0.003200580605726531
2021-06-03,-0.00019202196330092499,-0.00022828384179497145,-0.00024002745412615625,-0.00024002745412615625
2021-06-04,-0.0014949890026610502,-0.0017776009534021648,-0.0018687362533263128,-0.0018687362533263128
2021-06-07,0.0021040862773946,0.00263010784674325,0.00263010784674325,0.00263010784674325
2021-06-08,-0.000816466387419175,-0.0010205829842739689,-0.0010205829842739689,-0.0010205829842739689
2021-06-09,3.838553754514993e-05,4.7981921931437415e-05,4.7981921931437415e-05,4.7981921931437415e-05
2021-06-10,0.0045814375779976,0.005726796972497001,0.005726796972497001,0.005726796972497001
2021-06-11,-0.0013443595721130748,-0.0016804494651413435,-0.0016804494651413435,-0.0016804494651413435
2021-06-14,0.0008334396556556499,0.0010417995695695625,0.0010417995695695625,0.0010417995695695625
2021-06-15,0.0014686419444624,0.001835802430578,0.001835802430578,0.001835802430578
2021-06-16,0.010009046980950675,0.012511308726188344,0.012511308726188344,0.012511308726188344
2021-06-17,-0.003369275827175425,-0.004177913274920357,-0.004211594783969281,-0.004211594783969281
2021-06-18,0.0021039548854544,0.002566541139676203,0.0026299436068179995,0.0026299436068179995
2021-06-21,-0.00370441121155875,-0.0045618011424368235,-0.004630514014448438,-0.004630514014448438
2021-06-22,-0.0034504278305412498,-0.0043130347881765625,-0.0043130347881765625,-0.0043130347881765625
2021-06-23,-9.720363312475111e-06,-1.2150454140593889e-05,-1.2150454140593889e-05,-1.2150454140593889e-05
2021-06-24,0.003245702850241625,0.004057128562802031,0.004057128562802031,0.004057128562802031
2021-06-25,-9.45253694223248e-05,-0.000118156711777906,-0.000118156711777906,-0.000118156711777906
2021-06-28,-0.00016707370063802506,-0.00020884212579753132,-0.00020884212579753132,-0.00020884212579753132
2021-06-29,0.0011752115887072997,0.0014690144858841246,0.0014690144858841246,0.0014690144858841246
2021-06-30,0.0072589625894091,0.009073703236761375,0.009073703236761375,0.009073703236761375
2021-07-01,-0.006123155837034825,-0.007420733349046531,-0.007653944796293531,-0.007653944796293531
2021-07-02,-0.005025816545069676,-0.005828253835339737,-0.006282270681337095,-0.006282270681337095
2021-07-06,0.0026538902564796248,0.0029992434227457034,0.003317362820599531,0.003317362820599531
2021-07-07,0.0,0.0,0.0,0.0
2021-07-08,0.0,0.0,0.0,0.0
2021-07-09,0.0020231936415962,0.00252899205199525,0.00252899205199525,0.00252899205199525
2021-07-12,-0.000499761093031725,-0.0006247013662896563,-0.0006247013662896563,-0.0006247013662896563
2021-07-13,0.001046510076138775,0.0013081375951734687,0.0013081375951734687,0.0013081375951734687
2021-07-14,-0.000338066569192925,-0.0004225832114911562,-0.0004225832114911562,-0.0004225832114911562
2021-07-15,0.000774477011879175,0.0009680962648489688,0.0009680962648489688,0.0009680962648489688
2021-07-16,-0.000269192291398725,-0.00033649036424840623,-0.00033649036424840623,-0.00033649036424840623
2021-07-19,-0.000342614609060675,-0.0004282682613258437,-0.0004282682613258437,-0.0004282682613258437
2021-07-20,0.0029962040028689747,0.0037452550035862184,0.0037452550035862184,0.0037452550035862184
2021-07-21,0.000426159963423125,0.0005326999542789062,0.0005326999542789062,0.0005326999542789062
2021-07-22,-0.000363069068448275,-0.0004538363355603437,-0.0004538363355603437,-0.0004538363355603437
2021-07-23,0.003053686265522275,0.0038171078319028436,0.0038171078319028436,0.0038171078319028436
2021-07-26,-0.001964542641811325,-0.0024556783022641566,-0.0024556783022641566,-0.0024556783022641566
2021-07-27,0.0005110493583552001,0.0006388116979440001,0.0006388116979440001,0.0006388116979440001
2021-07-28,-0.003431461604396575,-0.004289327005495719,-0.004289327005495719,-0.004289327005495719
2021-07-29,-0.000766493091379475,-0.0009581163642243438,-0.0009581163642243438,-0.0009581163642243438
2021-07-30,0.000861114864169825,0.0010763935802122811,0.0010763935802122811,0.0010763935802122811
2021-08-02,-0.001036647092182225,-0.0012958088652277814,-0.0012958088652277814,-0.0012958088652277814
2021-08-03,-0.0033327634837463003,-0.0041659543546828754,-0.0041659543546828754,-0.0041659543546828754
2021-08-04,-0.00035676487582644997,-0.00044595609478306243,-0.00044595609478306243,-0.00044595609478306243
2021-08-05,-0.0010936443519654498,-0.0013670554399568121,-0.0013670554399568121,-0.0013670554399568121
2021-08-06,-0.0038328165805587,-0.004791020725698375,-0.004791020725698375,-0.004791020725698375
2021-08-09,-0.000467722869390425,-0.0005846535867380313,-0.0005846535867380313,-0.0005846535867380313
2021-08-10,-0.0062672511395446,-0.007834063924430751,-0.007834063924430751,-0.007834063924430751
2021-08-11,0.0005475270077599501,0.0006844087596999377,0.0006844087596999377,0.0006844087596999377
2021-08-12,-0.003170567028094225,-0.003963208785117781,-0.003963208785117781,-0.003963208785117781
2021-08-13,-0.0014545551285217498,-0.0018181939106521874,-0.0018181939106521874,-0.0018181939106521874
2021-08-16,0.0025154719907901,0.0031443399884876254,0.0031443399884876254,0.0031443399884876254
2021-08-17,-4.512102538275001e-05,-5.640128172843751e-05,-5.640128172843751e-05,-5.640128172843751e-05
2021-08-18,-0.002068829690036925,-0.0025860371125461562,-0.0025860371125461562,-0.0025860371125461562
2021-08-19,0.0016322097320885251,0.002040262165110656,0.002040262165110656,0.002040262165110656
2021-08-20,-0.00057881869777355,-0.0007235233722169375,-0.0007235233722169375,-0.0007235233722169375
2021-08-23,0.0014495512403975498,0.0018119390504969372,0.0018119390504969372,0.0018119390504969372
2021-08-24,-0.001268212999284825,-0.001585266249106031,-0.001585266249106031,-0.001585266249106031
2021-08-25,-0.001628907419615125,-0.002036134274518906,-0.002036134274518906,-0.002036134274518906
2021-08-26,-0.003498005249416175,-0.004372506561770219,-0.004372506561770219,-0.004372506561770219
2021-08-27,0.000467475064327125,0.0005843438304089063,0.0005843438304089063,0.0005843438304089063
2021-08-30,-0.0032109719134413,-0.004013714891801625,-0.004013714891801625,-0.004013714891801625
2021-08-31,-0.0022606279319822,-0.0028257849149777503,-0.0028257849149777503,-0.0028257849149777503
2021-09-01,-0.0025811045938758,-0.00322638074234475,-0.00322638074234475,-0.00322638074234475
2021-09-02,-0.00303381560470105,-0.0037922695058763126,-0.0037922695058763126,-0.0037922695058763126
2021-09-03,0.0002908472028228,0.00036355900352850004,0.00036355900352850004,0.00036355900352850004
2021-09-07,-0.0002943503372199,-0.000367937921524875,-0.000367937921524875,-0.000367937921524875
2021-09-08,-0.001955886619252775,-0.0024448582740659685,-0.0024448582740659685,-0.0024448582740659685
2021-09-09,-0.00035044737540139995,-0.0004380592192517499,-0.0004380592192517499,-0.0004380592192517499
2021-09-10,-0.002058482242591875,-0.0025731028032398434,-0.0025731028032398434,-0.0025731028032398434
2021-09-13,0.0012264099176171749,0.0015330123970214685,0.0015330123970214685,0.0015330123970214685
2021-09-14,-0.006536740384999224,-0.008170925481249031,-0.008170925481249031,-0.008170925481249031
2021-09-15,0.001536186468036775,0.0019202330850459689,0.0019202330850459689,0.0019202330850459689
2021-09-16,0.0005212922632704751,0.0006516153290880939,0.0006516153290880939,0.0006516153290880939
2021-09-17,4.808465602162493e-05,6.0105820027031164e-05,6.0105820027031164e-05,6.0105820027031164e-05
2021-09-20,0.00108414243274735,0.0013551780409341875,0.0013551780409341875,0.0013551780409341875
2021-09-21,-0.00261165587419055,-0.0032645698427381875,-0.0032645698427381875,-0.0032645698427381875
2021-09-22,-0.0019168276226515751,-0.002396034528314469,-0.002396034528314469,-0.002396034528314469
2021-09-23,-0.000906154811307425,-0.0011326935141342813,-0.0011326935141342813,-0.0011326935141342813
2021-09-24,0.000780024717761925,0.0009750308972024063,0.0009750308972024063,0.0009750308972024063
2021-09-27,-0.00039359648794172497,-0.0004919956099271562,-0.0004919956099271562,-0.0004919956099271562
2021-09-28,-0.001735897087546925,-0.0021698713594336563,-0.0021698713594336563,-0.0021698713594336563
2021-09-29,0.001069119039751975,0.0013363987996899687,0.0013363987996899687,0.0013363987996899687
2021-09-30,-0.0012724524229621751,-0.001590565528702719,-0.001590565528702719,-0.001590565528702719
2021-10-01,0.002401868482798825,0.003002335603498531,0.003002335603498531,0.003002335603498531
2021-10-04,-0.001325336010781375,-0.0016566700134767187,-0.0016566700134767187,-0.0016566700134767187
2021-10-05,0.0,0.0,0.0,0.0
2021-10-06,0.0,0.0,0.0,0.0
2021-10-07,0.0,0.0,0.0,0.0
2021-10-08,0.0,0.0,0.0,0.0
2021-10-11,-0.00109676425623715,-0.0013709553202964375,-0.0013709553202964375,-0.0013709553202964375
2021-10-12,0.001518670396131525,0.0018983379951644061,0.0018983379951644061,0.0018983379951644061
2021-10-13,-0.00064658579203975,-0.0008082322400496875,-0.0008082322400496875,-0.0008082322400496875
2021-10-14,-0.0004399366379654,-0.00054992079745675,-0.00054992079745675,-0.00054992079745675
2021-10-15,-0.003058016991484525,-0.003822521239355656,-0.003822521239355656,-0.003822521239355656
2021-10-18,0.00025690439650425,0.00032113049563031254,0.00032113049563031254,0.00032113049563031254
2021-10-19,-0.001493854868960125,-0.0018673185862001563,-0.0018673185862001563,-0.0018673185862001563
2021-10-20,-0.00020872071632165,-0.0002609008954020625,-0.0002609008954020625,-0.0002609008954020625
2021-10-21,-0.00012211042300595,-0.00015263802875743748,-0.00015263802875743748,-0.00015263802875743748
2021-10-22,-0.000725349268817875,-0.0009066865860223438,-0.0009066865860223438,-0.0009066865860223438
2021-10-25,-0.0009861510059717,-0.0012326887574646249,-0.0012326887574646249,-0.0012326887574646249
2021-10-26,-0.002095076755495625,-0.002618845944369531,-0.002618845944369531,-0.002618845944369531
2021-10-27,0.005980524072226975,0.007475655090283719,0.007475655090283719,0.007475655090283719
2021-10-28,0.00364088069490215,0.004551100868627688,0.004551100868627688,0.004551100868627688
2021-10-29,-0.001638690633722925,-0.0020483632921536564,-0.0020483632921536564,-0.0020483632921536564
2021-11-01,0.0034240470519148,0.0042800588148935,0.0042800588148935,0.0042800588148935
2021-11-02,1.0031816049100011e-05,1.2539770061375014e-05,1.2539770061375014e-05,1.2539770061375014e-05
2021-11-03,0.0023259009265880247,0.0029073761582350307,0.0029073761582350307,0.0029073761582350307
2021-11-04,0.0020304467856128504,0.002538058482016063,0.002538058482016063,0.002538058482016063
2021-11-05,-0.0036992502973028,-0.0046240628716285,-0.0046240628716285,-0.0046240628716285
2021-11-08,-0.0015649861933055998,-0.0019562327416319998,-0.0019562327416319998,-0.0019562327416319998
2021-11-09,-0.000337943884797275,-0.00042242985599659375,-0.00042242985599659375,-0.00042242985599659375
2021-11-10,-0.001435660685120725,-0.0017945758564009062,-0.0017945758564009062,-0.0017945758564009062
2021-11-11,-0.0005905294791108249,-0.0007381618488885312,-0.0007381618488885312,-0.0007381618488885312
2021-11-12,-0.002028243133047525,-0.0025353039163094064,-0.0025353039163094064,-0.0025353039163094064
2021-11-15,-0.00268214742811485,-0.0033526842851435627,-0.0033526842851435627,-0.0033526842851435627
2021-11-16,-0.005054006243085625,-0.006317507803857031,-0.006317507803857031,-0.006317507803857031
2021-11-17,-0.0022240899637268998,-0.0027801124546586245,-0.0027801124546586245,-0.0027801124546586245
2021-11-18,0.0008071679156187255,0.001008959894523407,0.001008959894523407,0.001008959894523407
2021-11-19,-0.0006677671265687751,-0.0008347089082109689,-0.0008347089082109689,-0.0008347089082109689
2021-11-22,0.00617103848983495,0.007713798112293687,0.007713798112293687,0.007713798112293687
2021-11-23,0.002163537197155575,0.0027044214964444687,0.0027044214964444687,0.0027044214964444687
2021-11-24,-0.0013275371208497323,-0.0016594214010621654,-0.0016594214010621654,-0.0016594214010621654
2021-11-26,0.00026640741885994995,0.00033300927357493744,0.00033300927357493744,0.00033300927357493744
2021-11-29,-0.0028963597412514745,-0.003620449676564343,-0.003620449676564343,-0.003620449676564343
2021-11-30,0.0003726212085031251,0.00046577651062890634,0.00046577651062890634,0.00046577651062890634
2021-12-01,-0.0029729212122343997,-0.0037161515152929997,-0.0037161515152929997,-0.0037161515152929997
2021-12-02,0.0013097617877684997,0.0016372022347106246,0.0016372022347106246,0.0016372022347106246
2021-12-03,-0.00071531759113995,-0.0008941469889249375,-0.0008941469889249375,-0.0008941469889249375
2021-12-06,-0.00019440297495117512,-0.0002430037186889689,-0.0002430037186889689,-0.0002430037186889689
2021-12-07,0.0061297531331444,0.0076621914164305,0.0076621914164305,0.0076621914164305
2021-12-08,0.0032724261020011247,0.004090532627501406,0.004090532627501406,0.004090532627501406
2021-12-09,-0.00051106598582515,-0.0006388324822814375,-0.0006388324822814375,-0.0006388324822814375
2021-12-10,0.0013633521320926749,0.0017041901651158437,0.0017041901651158437,0.0017041901651158437
2021-12-13,-0.00140333210340745,-0.0017541651292593123,-0.0017541651292593123,-0.0017541651292593123
2021-12-14,-0.00603846212354065,-0.007548077654425812,-0.007548077654425812,-0.007548077654425812
2021-12-15,0.00222890509175135,0.0027861313646891876,0.0027861313646891876,0.0027861313646891876
2021-12-16,0.00063976371672985,0.0007997046459123124,0.0007997046459123124,0.0007997046459123124
2021-12-17,0.004058839305169437,0.005073549131461796,0.005073549131461796,0.005073549131461796
2021-12-20,-8.600654096634997e-05,-0.00010750817620793746,-0.00010750817620793746,-0.00010750817620793746
2021-12-21,-5.20308511390001e-05,-6.503856392375013e-05,-6.503856392375013e-05,-6.503856392375013e-05
2021-12-22,0.0018246748361736998,0.0022808435452171248,0.0022808435452171248,0.0022808435452171248
2021-12-23,0.001055274705265875,0.0013190933815823438,0.0013190933815823438,0.0013190933815823438
2021-12-27,0.0006275799302913,0.0007844749128641251,0.0007844749128641251,0.0007844749128641251
2021-12-28,-0.00201543365312815,-0.0025192920664101875,-0.0025192920664101875,-0.0025192920664101875
2021-12-29,0.000606713160411425,0.0007583914505142812,0.0007583914505142812,0.0007583914505142812
2021-12-30,-0.001148409538198225,-0.0014355119227477812,-0.0014355119227477812,-0.0014355119227477812
2021-12-31,-0.00099189451800385,-0.0012398681475048125,-0.0012398681475048125,-0.0012398681475048125
2022-01-03,-0.000124778273696425,-0.00015597284212053126,-0.00015597284212053126,-0.00015597284212053126
2022-01-04,0.0,0.0,0.0,0.0
2022-01-05,0.0,0.0,0.0,0.0
2022-01-06,0.0,0.0,0.0,0.0
2022-01-07,0.0,0.0,0.0,0.0
2022-01-10,0.00282975555966555,0.0035371944495819372,0.0035371944495819372,0.0035371944495819372
2022-01-11,-0.00061681258630315,-0.0007710157328789376,-0.0007710157328789376,-0.0007710157328789376
2022-01-12,0.00071230737681865,0.0008903842210233124,0.0008903842210233124,0.0008903842210233124
2022-01-13,0.000922744275731125,0.0011534303446639061,0.0011534303446639061,0.0011534303446639061
2022-01-14,-0.002603524098865625,-0.0032544051235820315,-0.0032544051235820315,-0.0032544051235820315
2022-01-18,-0.001038576905008025,-0.001298221131260031,-0.001298221131260031,-0.001298221131260031
2022-01-19,-0.0018567326140856,-0.002320915767607,-0.002320915767607,-0.002320915767607
2022-01-20,0.00042839255852647495,0.0005354906981580936,0.0005354906981580936,0.0005354906981580936
2022-01-21,0.0024952318014778,0.00311903975184725,0.00311903975184725,0.00311903975184725
2022-01-24,0.00019566829172779987,0.00024458536465974984,0.00024458536465974984,0.00024458536465974984
2022-01-25,0.009902568158512976,0.01237821019814122,0.01237821019814122,0.01237821019814122
2022-01-26,0.010005492098693475,0.012506865123366843,0.012506865123366843,0.012506865123366843
2022-01-27,-4.652827236609994e-05,-5.373873601636449e-05,-5.816034045762493e-05,-5.816034045762493e-05
2022-01-28,-0.00045430574557510026,-0.0005451518930843031,-0.0005678821819688753,-0.0005678821819688753
2022-01-31,-0.006174335677847974,-0.007410573515092202,-0.007717919597309968,-0.007717919597309968
2022-02-01,0.003189520418442975,0.003641331218682168,0.003986900523053719,0.003986900523053719
2022-02-02,0.0069183202775218,0.007871815068766122,0.00864790034690225,0.00864790034690225
2022-02-03,-0.007202308875859151,-0.00788348997854913,-0.009002886094823939,-0.009002886094823939
2022-02-04,-0.005002389719413591,-0.005198587567828548,-0.006252987149266988,-0.006252987149266988
2022-02-07,0.000310973263716,0.00031475380830495685,0.000388716579645,0.000388716579645
2022-02-08,-0.0017199789573294753,-0.0017657902594239553,-0.002149973696661844,-0.002149973696661844
2022-02-09,-0.00012139453708744967,-0.00012542782075222929,-0.00015174317135931208,-0.00015174317135931208
2022-02-10,0.00044453485877772505,0.0004603376173240782,0.0005556685734721563,0.0005556685734721563
2022-02-11,-0.001413498276727225,-0.0014719626071261888,-0.0017668728459090313,-0.0017668728459090313
2022-02-14,0.000502207241505975,0.0005215757645556143,0.0006277590518824688,0.0006277590518824688
2022-02-15,0.0008429999951181,0.0008754988678900666,0.0010537499938976249,0.0010537499938976249
2022-02-16,0.00093043547148195,0.0009680921428021238,0.0011630443393524374,0.0011630443393524374
2022-02-17,-0.00354050247594625,-0.003708479782985722,-0.0044256280949328125,-0.0044256280949328125
2022-02-18,0.0011378679121418,0.001181787012654398,0.00142233489017725,0.00142233489017725
2022-02-22,0.003861837649388325,0.004198361390783698,0.004827297061735406,0.004827297061735406
2022-02-23,0.001475848555585575,0.0015913150706474406,0.0018448106944819688,0.0018448106944819688
2022-02-24,-0.00317420035777545,-0.0034205822800879707,-0.003967750447219313,-0.003967750447219313
2022-02-25,-0.00025,-0.00026792546871773684,-0.0003125,-0.0003125
2022-02-28,0.0,0.0,0.0,0.0
2022-03-01,0.0,0.0,0.0,0.0
2022-03-02,0.001203238120385525,0.0012991741963175399,0.0015040476504819063,0.0015040476504819063
2022-03-03,0.00164295214321355,0.0017814374538494102,0.0020536901790169375,0.0020536901790169375
2022-03-04,-0.002296664025750725,-0.002490699958040081,-0.002870830032188406,-0.002870830032188406
2022-03-07,-0.00437558493108125,-0.004771287194626608,-0.0054694811638515625,-0.0054694811638515625
2022-03-08,-0.011409079732043725,-0.012197249574430807,-0.014261349665054657,-0.014261349665054657
2022-03-09,0.002752046289910425,0.002646033505277891,0.003440057862388031,0.003440057862388031
2022-03-10,0.002125795438070775,0.0020582864807634806,0.002657244297588469,0.002657244297588469
2022-03-11,-0.003203988146932025,-0.0030969708568731533,-0.004004985183665032,-0.004004985183665032
2022-03-14,0.0018300477423531499,0.0017575648606508888,0.002287559677941437,0.002287559677941437
2022-03-15,0.0014094829366706253,0.001351969494981922,0.0017618536708382815,0.0017618536708382815
2022-03-16,0.003091599835553775,0.002961726188365665,0.003864499794442219,0.003864499794442219
2022-03-17,0.00786225321063455,0.007486808606488859,0.009827816513293187,0.009827816513293187
2022-03-18,0.0035771726007848,0.0032764356329484184,0.004471465750981,0.004471465750981
2022-03-21,0.001733523883149075,0.0015777033148516566,0.002166904853936344,0.002166904853936344
2022-03-22,-0.002168217340638025,-0.001984592316175745,-0.002710271675797531,-0.002710271675797531
2022-03-23,-0.0029344992141500997,-0.002679560863565309,-0.003668124017687625,-0.003668124017687625
2022-03-24,0.0010018873220471501,0.0009088331417578417,0.0012523591525589377,0.0012523591525589377
2022-03-25,-0.00041340508493312503,-0.00038024318046219716,-0.0005167563561664063,-0.0005167563561664063
2022-03-28,0.0025429160554412003,0.0023484082118301933,0.0031786450693015,0.0031786450693015
2022-03-29,0.0010582430521064,0.0009740924475203651,0.0013228038151330002,0.0013228038151330002
2022-03-30,-0.001156757937525825,-0.0010643629517286324,-0.0014459474219072812,-0.0014459474219072812
2022-03-31,0.00063753284830385,0.0005858419145143391,0.0007969160603798125,0.0007969160603798125
2022-04-01,0.000518744745797675,0.00047665904834049767,0.0006484309322470938,0.0006484309322470938
2022-04-04,0.0017705333846916751,0.0016268960383644272,0.002213166730864594,0.002213166730864594
2022-04-05,0.0,0.0,0.0,0.0
2022-04-06,0.0,0.0,0.0,0.0
2022-04-07,6.5083829213275e-05,8.135478651659375e-05,8.135478651659375e-05,8.135478651659375e-05
2022-04-08,-0.001377454678863175,-0.0017218183485789688,-0.0017218183485789688,-0.0017218183485789688
2022-04-11,0.001667353679759025,0.0020841920996987813,0.0020841920996987813,0.0020841920996987813
2022-04-12,-0.000201117592229075,-0.00025139699028634373,-0.00025139699028634373,-0.00025139699028634373
2022-04-13,-0.00121068328103685,-0.0015133541012960624,-0.0015133541012960624,-0.0015133541012960624
2022-04-14,0.0020383382206681,0.0025479227758351247,0.0025479227758351247,0.0025479227758351247
2022-04-18,-0.0012381681293494,-0.0015477101616867498,-0.0015477101616867498,-0.0015477101616867498
2022-04-19,-0.005788953536674725,-0.007236191920843406,-0.007236191920843406,-0.007236191920843406
2022-04-20,-0.0020652345723560003,-0.0025815432154450003,-0.0025815432154450003,-0.0025815432154450003
2022-04-21,6.7894384719501466e-06,8.486798089937683e-06,8.486798089937683e-06,8.486798089937683e-06
2022-04-22,-0.00014805397054734994,-0.00018506746318418742,-0.00018506746318418742,-0.00018506746318418742
2022-04-25,-0.0035141099541832997,-0.004392637442729125,-0.004392637442729125,-0.004392637442729125
2022-04-26,0.0004998975369574002,0.0006248719211967503,0.0006248719211967503,0.0006248719211967503
2022-04-27,-0.000772784443969575,-0.0009659805549619687,-0.0009659805549619687,-0.0009659805549619687
2022-04-28,0.0020709986842247343,0.0025887483552809176,0.0025887483552809176,0.0025887483552809176
2022-04-29,-0.0006792599911672249,-0.0008490749889590311,-0.0008490749889590311,-0.0008490749889590311
2022-05-02,0.0029750621291042252,0.0037188276613802813,0.0037188276613802813,0.0037188276613802813
2022-05-03,-0.0007202401102663,-0.000900300137832875,-0.000900300137832875,-0.000900300137832875
2022-05-04,-0.001686955927521825,-0.0021086949094022813,-0.0021086949094022813,-0.0021086949094022813
2022-05-05,0.003693503851931475,0.004616879814914343,0.004616879814914343,0.004616879814914343
2022-05-06,-0.00217834079825795,-0.0027229259978224377,-0.0027229259978224377,-0.0027229259978224377
2022-05-09,-0.0016794270493421504,-0.002099283811677688,-0.002099283811677688,-0.002099283811677688
2022-05-10,0.0008189962564508,0.0010237453205635002,0.0010237453205635002,0.0010237453205635002
2022-05-11,0.0003035269183183216,0.000379408647897902,0.000379408647897902,0.000379408647897902
2022-05-12,0.002754443203853075,0.003443054004816344,0.003443054004816344,0.003443054004816344
2022-05-13,-0.0028818988014093997,-0.0036023735017617496,-0.0036023735017617496,-0.0036023735017617496
2022-05-16,0.0020077073504621503,0.0025096341880776877,0.0025096341880776877,0.0025096341880776877
2022-05-17,0.0016057313737814498,0.002007164217226812,0.002007164217226812,0.002007164217226812
2022-05-18,-0.0019452057396889498,-0.0024315071746111873,-0.0024315071746111873,-0.0024315071746111873
2022-05-19,-0.002189519460520075,-0.002736899325650094,-0.002736899325650094,-0.002736899325650094
2022-05-20,0.0023764220899031,0.002970527612378875,0.002970527612378875,0.002970527612378875
2022-05-23,-0.00032972219959305005,-0.0004121527494913126,-0.0004121527494913126,-0.0004121527494913126
2022-05-24,-0.002216166467632375,-0.002770208084540469,-0.002770208084540469,-0.002770208084540469
2022-05-25,0.0030944215333302996,0.0038680269166628746,0.0038680269166628746,0.0038680269166628746
2022-05-26,-0.0009843958547594,-0.0012304948184492502,-0.0012304948184492502,-0.0012304948184492502
2022-05-27,-0.001362103089582525,-0.0017026288619781563,-0.0017026288619781563,-0.0017026288619781563
2022-05-31,0.001203304088667425,0.0015041301108342812,0.0015041301108342812,0.0015041301108342812
2022-06-01,0.001187911560865875,0.0014848894510823439,0.0014848894510823439,0.0014848894510823439
2022-06-02,0.000683241833802625,0.0008540522922532814,0.0008540522922532814,0.0008540522922532814
2022-06-03,0.000795567835161025,0.0009944597939512813,0.0009944597939512813,0.0009944597939512813
2022-06-06,-0.001015613225764525,-0.0012695165322056563,-0.0012695165322056563,-0.0012695165322056563
2022-06-07,-0.0005686042772523684,-0.0007107553465654606,-0.0007107553465654606,-0.0007107553465654606
2022-06-08,0.002337875837894125,0.002922344797367656,0.002922344797367656,0.002922344797367656
2022-06-09,0.0021057016008256503,0.002632127001032063,0.002632127001032063,0.002632127001032063
2022-06-10,-0.00187913847833627,-0.0023489230979203374,-0.0023489230979203374,-0.0023489230979203374
2022-06-13,0.00141063706852095,0.0017632963356511875,0.0017632963356511875,0.0017632963356511875
2022-06-14,0.003133095011363575,0.003916368764204469,0.003916368764204469,0.003916368764204469
2022-06-15,0.0007929464838030251,0.0009911831047537813,0.0009911831047537813,0.0009911831047537813
2022-06-16,0.00102869033997985,0.0012858629249748125,0.0012858629249748125,0.0012858629249748125
2022-06-17,-0.002451408613095975,-0.003064260766369969,-0.003064260766369969,-0.003064260766369969
2022-06-21,0.001108088748496825,0.0013851109356210313,0.0013851109356210313,0.0013851109356210313
2022-06-22,0.000585956276620275,0.0007324453457753437,0.0007324453457753437,0.0007324453457753437
2022-06-23,0.001777339432562875,0.002221674290703594,0.002221674290703594,0.002221674290703594
2022-06-24,0.004877442529307675,0.006096803161634594,0.006096803161634594,0.006096803161634594
2022-06-27,0.000595284358901625,0.0007441054486270313,0.0007441054486270313,0.0007441054486270313
2022-06-28,0.0010978136349862,0.00137226704373275,0.00137226704373275,0.00137226704373275
2022-06-29,0.0027275156057152,0.003409394507144,0.003409394507144,0.003409394507144
2022-06-30,0.0033124948307770635,0.00414061853847133,0.00414061853847133,0.00414061853847133
2022-07-01,-0.0054486028028689504,-0.006810753503586188,-0.006810753503586188,-0.006810753503586188
2022-07-05,-2.4269541083150176e-05,-3.033692635393772e-05,-3.033692635393772e-05,-3.033692635393772e-05
2022-07-06,0.0036781355857703505,0.004597669482212938,0.004597669482212938,0.004597669482212938
2022-07-07,0.0,0.0,0.0,0.0
2022-07-08,0.0,0.0,0.0,0.0
2022-07-11,0.0,0.0,0.0,0.0
2022-07-12,0.0,0.0,0.0,0.0
2022-07-13,0.0,0.0,0.0,0.0
2022-07-14,0.0,0.0,0.0,0.0
2022-07-15,0.0,0.0,0.0,0.0
2022-07-18,0.0,0.0,0.0,0.0
2022-07-19,0.0,0.0,0.0,0.0
2022-07-20,-0.000325140464713975,-0.00029054702761891616,-0.00040642558089246876,-0.00040642558089246876
2022-07-21,-0.000486571014311775,-0.0004401062472402478,-0.0006082137678897187,-0.0006082137678897187
2022-07-22,0.00042939536916835,0.00039638927689299836,0.0005367442114604375,0.0005367442114604375
2022-07-25,-0.000270583059073725,-0.0002516938876263395,-0.00033822882384215627,-0.00033822882384215627
2022-07-26,0.00125130527146615,0.001192169390441144,0.0015641315893326875,0.0015641315893326875
2022-07-27,0.00762683506489765,0.007771343089330249,0.009533543831122062,0.009533543831122062
2022-07-28,0.003913931527225025,0.003992192594263286,0.0048924144090312805,0.0048924144090312805
2022-07-29,0.0057705761296054005,0.0058369224986947014,0.007213220162006751,0.007213220162006751
2022-08-01,0.0031335143063732753,0.003172291187357866,0.003916892882966594,0.003916892882966594
2022-08-02,0.005920009468849899,0.006006512247548968,0.0074000118360623745,0.0074000118360623745
2022-08-03,0.0082149037489385,0.008269465945490821,0.010268629686173127,0.010268629686173127
2022-08-04,0.0006485029338227752,0.0006259787741237032,0.000810628667278469,0.000810628667278469
2022-08-05,-0.0004773563325091998,-0.0004800465679147826,-0.0005966954156364998,-0.0005966954156364998
2022-08-08,0.0018182881024071504,0.0018863931802545915,0.002272860128008938,0.002272860128008938
2022-08-09,0.001013759552916175,0.0010510734538995807,0.0012671994411452188,0.0012671994411452188
2022-08-10,-3.411830313325014e-05,-3.651663014702421e-05,-4.264787891656267e-05,-4.264787891656267e-05
2022-08-11,-0.0013276694021301999,-0.0014227474673322719,-0.0016595867526627498,-0.0016595867526627498
2022-08-12,-0.006370756164893975,-0.006864979937339637,-0.00796344520611747,-0.00796344520611747
2022-08-15,-0.004124690115366725,-0.004265880021193364,-0.005155862644208406,-0.005155862644208406
2022-08-16,-0.00040126931257294994,-0.00041653361889779165,-0.0005015866407161874,-0.0005015866407161874
2022-08-17,-0.003455983191550875,-0.0035962498185319928,-0.004319978989438594,-0.004319978989438594
2022-08-18,-0.000338247349451725,-0.0003475326012359116,-0.00042280918681465626,-0.00042280918681465626
2022-08-19,0.0003657834666628499,0.00037939683900795247,0.0004572293333285624,0.0004572293333285624
2022-08-22,0.0042439099864689245,0.004426796603219833,0.005304887483086156,0.005304887483086156
2022-08-23,0.0008091964903009753,0.0008410427609527612,0.001011495612876219,0.001011495612876219
2022-08-24,0.005384111983142649,0.00560536143163507,0.006730139978928311,0.006730139978928311
2022-08-25,-0.0019524745505078,-0.0019966044457628822,-0.00244059318813475,-0.00244059318813475
2022-08-26,-0.00025,-0.00025446903410901407,-0.0003125,-0.0003125
2022-08-29,0.0,0.0,0.0,0.0
2022-08-30,0.0,0.0,0.0,0.0
2022-08-31,0.0,0.0,0.0,0.0
2022-09-01,0.0,0.0,0.0,0.0
2022-09-02,0.0,0.0,0.0,0.0
2022-09-06,0.0,0.0,0.0,0.0
2022-09-07,0.0,0.0,0.0,0.0
2022-09-08,0.0,0.0,0.0,0.0
2022-09-09,0.0,0.0,0.0,0.0
2022-09-12,-0.00200128993907265,-0.002151182691775433,-0.0025016124238408126,-0.0025016124238408126
2022-09-13,0.003163299457882825,0.003373613615473871,0.003954124322353531,0.003954124322353531
2022-09-14,-0.0009557101598136,-0.001016814505990598,-0.001194637699767,-0.001194637699767
2022-09-15,0.001096354626154825,0.001165647462681201,0.0013704432826935312,0.0013704432826935312
2022-09-16,0.00010260142854677501,0.00010948843294870971,0.00012825178568346877,0.00012825178568346877
2022-09-19,-0.0005542943616779999,-0.0005937660343271107,-0.0006928679520974999,-0.0006928679520974999
2022-09-20,0.0037778355543762504,0.004039613130182989,0.004722294442970313,0.004722294442970313
2022-09-21,0.0011047577288613997,0.0012338924870325832,0.0013809471610767496,0.0013809471610767496
2022-09-22,-0.001067872448094525,-0.001193435099850327,-0.0013348405601181562,-0.0013348405601181562
2022-09-23,-0.000354785380601325,-0.00039653002693258905,-0.0004434817257516563,-0.0004434817257516563
2022-09-26,0.001444178150077375,0.001674903954279368,0.0018052226875967187,0.0018052226875967187
2022-09-27,0.000901551341750275,0.0010456975688900867,0.0011269391771878438,0.0011269391771878438
2022-09-28,0.0023179678974196,0.0026943763561949317,0.0028974598717745005,0.0028974598717745005
2022-09-29,-0.00022019028854525008,-0.00026175284487116323,-0.0002752378606815626,-0.0002752378606815626
2022-09-30,-0.00064974906277715,-0.0007719118645451239,-0.0008121863284714376,-0.0008121863284714376
2022-10-03,-0.003739439432549075,-0.004674299290686344,-0.004674299290686344,-0.004674299290686344
2022-10-04,-0.000689161991674275,-0.0008614524895928438,-0.0008614524895928438,-0.0008614524895928438
2022-10-05,0.0,0.0,0.0,0.0
2022-10-06,0.0,0.0,0.0,0.0
2022-10-07,0.0,0.0,0.0,0.0
2022-10-10,0.0,0.0,0.0,0.0
2022-10-11,0.0,0.0,0.0,0.0
2022-10-12,0.0,0.0,0.0,0.0
2022-10-13,0.0,0.0,0.0,0.0
2022-10-14,0.0,0.0,0.0,0.0
2022-10-17,-0.00150184431872295,-0.0018773053984036873,-0.0018773053984036873,-0.0018773053984036873
2022-10-18,0.003242435711012575,0.004053044638765719,0.004053044638765719,0.004053044638765719
2022-10-19,-0.0041482922963991,-0.0051853653704988754,-0.0051853653704988754,-0.0051853653704988754
2022-10-20,-0.0015453425631558502,-0.0019316782039448127,-0.0019316782039448127,-0.0019316782039448127
2022-10-21,-0.00409405137958865,-0.0051175642244858125,-0.0051175642244858125,-0.0051175642244858125
2022-10-24,-0.0023803275219586003,-0.00297540940244825,-0.00297540940244825,-0.00297540940244825
2022-10-25,-3.7685867948399976e-05,-4.710733493549997e-05,-4.710733493549997e-05,-4.710733493549997e-05
2022-10-26,-0.00419574961998385,-0.005244687024979813,-0.005244687024979813,-0.005244687024979813
2022-10-27,-0.0063566585336661,-0.007945823167082625,-0.007945823167082625,-0.007945823167082625
2022-10-28,0.001062270159647525,0.0013278376995594062,0.0013278376995594062,0.0013278376995594062
2022-10-31,-0.0011140270096292254,-0.0013925337620365318,-0.0013925337620365318,-0.0013925337620365318
2022-11-01,-0.0011282877468468502,-0.0014103596835585628,-0.0014103596835585628,-0.0014103596835585628
2022-11-02,0.006398818092952725,0.007998522616190907,0.007998522616190907,0.007998522616190907
2022-11-03,0.002478386860392325,0.0030979835754904065,0.0030979835754904065,0.0030979835754904065
2022-11-04,0.0003697893521670756,0.0004622366902088445,0.0004622366902088445,0.0004622366902088445
2022-11-07,0.0017497539413890003,0.0021871924267362506,0.0021871924267362506,0.0021871924267362506
2022-11-08,-0.00048724412187162473,-0.0006090551523395309,-0.0006090551523395309,-0.0006090551523395309
2022-11-09,0.0026601840440181744,0.003325230055022718,0.003325230055022718,0.003325230055022718
2022-11-10,0.007297871409016549,0.009122339261270686,0.009122339261270686,0.009122339261270686
2022-11-11,0.005775290906857874,0.007219113633572343,0.007219113633572343,0.007219113633572343
2022-11-14,-0.013247483275697698,-0.016044877814239265,-0.01655935409462212,-0.01655935409462212
2022-11-15,-0.008192928722011526,-0.008359265403717158,-0.010241160902514406,-0.010241160902514406
2022-11-16,-0.0029882001933665,-0.0028994288054935546,-0.003735250241708125,-0.003735250241708125
2022-11-17,-0.00028664290928715017,-0.00027660810291926146,-0.0003583036366089377,-0.0003583036366089377
2022-11-18,-0.00143629462573935,-0.001387962375851093,-0.0017953682821741875,-0.0017953682821741875
2022-11-21,0.009612972760027901,0.009288889810278205,0.012016215950034876,0.012016215950034876
2022-11-22,-0.0068574226881798995,-0.006205345203618736,-0.008571778360224875,-0.008571778360224875
2022-11-23,-0.001805744459450775,-0.0015904606147300745,-0.0022571805743134684,-0.0022571805743134684
2022-11-25,-0.00096592672465395,-0.0008501309842053868,-0.0012074084058174375,-0.0012074084058174375
2022-11-28,0.00222695106203665,0.00197559421712514,0.0027836888275458126,0.0027836888275458126
2022-11-29,0.002423768590982425,0.0021423873304906296,0.0030297107387280316,0.0030297107387280316
2022-11-30,-0.00638671303892795,-0.005636685716205729,-0.007983391298659936,-0.007983391298659936
2022-12-01,-0.0052945361188576,-0.004587030346877314,-0.006618170148572,-0.006618170148572
2022-12-02,-0.000894707281156875,-0.0007652165698343657,-0.0011183841014460938,-0.0011183841014460938
2022-12-05,0.0001401315656662,0.00012019428612860739,0.00017516445708275,0.00017516445708275
2022-12-06,0.004816067057982075,0.004142396469213217,0.006020083822477594,0.006020083822477594
2022-12-07,3.6064754906725e-05,3.0541600999259614e-05,4.508094363340625e-05,4.508094363340625e-05
2022-12-08,0.0037944897539722,0.0032139391148407756,0.00474311219246525,0.00474311219246525
2022-12-09,0.0016367536900869,0.0013733876000318562,0.002045942112608625,0.002045942112608625
2022-12-12,-0.0028108920607351,-0.002354065566008422,-0.003513615075918875,-0.003513615075918875
2022-12-13,0.0012875498648443752,0.0010759881341676847,0.001609437331055469,0.001609437331055469
2022-12-14,-0.00185447338601405,-0.0015785310613697495,-0.0023180917325175627,-0.0023180917325175627
2022-12-15,-0.00220978401092115,-0.001878469709372002,-0.0027622300136514377,-0.0027622300136514377
2022-12-16,-0.000789654116413325,-0.0006704698875357908,-0.0009870676455166563,-0.0009870676455166563
2022-12-19,-0.0020036223179219,-0.0017010910048423876,-0.002504527897402375,-0.002504527897402375
2022-12-20,-0.001242655154805825,-0.001057135055359869,-0.0015533189435072811,-0.0015533189435072811
2022-12-21,0.00196060981073615,0.0016744572930364348,0.0024507622634201876,0.0024507622634201876
2022-12-22,0.000301859179452675,0.00025712832407338057,0.00037732397431584376,0.00037732397431584376
2022-12-23,4.4081581926525e-05,3.775946054478784e-05,5.510197740815625e-05,5.510197740815625e-05
2022-12-27,-0.00131806390546295,-0.0011303995833519794,-0.0016475798818286875,-0.0016475798818286875
2022-12-28,-0.000608602764096025,-0.0005219920597886894,-0.0007607534551200313,-0.0007607534551200313
2022-12-29,-0.0006891478810976,-0.000594250920364008,-0.000861434851372,-0.000861434851372
2022-12-30,-0.000188759938107725,-0.00016300096877775689,-0.00023594992263465626,-0.00023594992263465626
2023-01-03,8.7395416495575e-05,7.573131095942384e-05,0.00010924427061946874,0.00010924427061946874
2023-01-04,0.000149908719233375,0.00013065870059501678,0.00018738589904171877,0.00018738589904171877
2023-01-05,0.0,0.0,0.0,0.0
2023-01-06,0.00050456672889635,0.0006307084111204375,0.0006307084111204375,0.0006307084111204375
2023-01-09,0.00032188718133175,0.0004023589766646875,0.0004023589766646875,0.0004023589766646875
2023-01-10,-0.00027149321668627486,-0.0003393665208578436,-0.0003393665208578436,-0.0003393665208578436
2023-01-11,0.005175757783457339,0.0064696972293216744,0.0064696972293216744,0.0064696972293216744
2023-01-12,0.0020126648385159754,0.0025158310481449694,0.0025158310481449694,0.0025158310481449694
2023-01-13,-0.001702526034638325,-0.002128157543297906,-0.002128157543297906,-0.002128157543297906
2023-01-17,0.0023404561614911,0.0029255702018638747,0.0029255702018638747,0.0029255702018638747
2023-01-18,0.0012254685423382253,0.0015318356779227816,0.0015318356779227816,0.0015318356779227816
2023-01-19,0.0010134720049108253,0.0012668400061385315,0.0012668400061385315,0.0012668400061385315
2023-01-20,0.0008964033043706498,0.0011205041304633123,0.0011205041304633123,0.0011205041304633123
2023-01-23,-0.004316209056606525,-0.005395261320758156,-0.005395261320758156,-0.005395261320758156
2023-01-24,-0.000271190238917975,-0.00033898779864746875,-0.00033898779864746875,-0.00033898779864746875
2023-01-25,0.00122712452532785,0.0015339056566598126,0.0015339056566598126,0.0015339056566598126
2023-01-26,0.004511674574205125,0.005639593217756406,0.005639593217756406,0.005639593217756406
2023-01-27,-0.0017298330958683,-0.0021622913698353748,-0.0021622913698353748,-0.0021622913698353748
2023-01-30,-0.0026318314070222252,-0.0032897892587777817,-0.0032897892587777817,-0.0032897892587777817
2023-01-31,0.0017543370292116502,0.0021929212865145625,0.0021929212865145625,0.0021929212865145625
2023-02-01,0.003052799394645475,0.0038159992433068435,0.0038159992433068435,0.0038159992433068435
2023-02-02,0.008656922762598426,0.010821153453248033,0.010821153453248033,0.010821153453248033
2023-02-03,-0.00026295111475202514,-0.0003066879681947617,-0.0003286888934400314,-0.0003286888934400314
2023-02-06,-0.001219219367628775,-0.001421769390718413,-0.0015240242095359688,-0.0015240242095359688
2023-02-07,-0.000556881409606825,-0.000660408219363661,-0.0006961017620085312,-0.0006961017620085312
2023-02-08,6.29610193432e-05,7.573895824637092e-05,7.8701274179e-05,7.8701274179e-05
2023-02-09,-0.007858904906739,-0.009720741524670827,-0.00982363113342375,-0.00982363113342375
2023-02-10,0.000394320889274125,0.0004549058256647838,0.0004929011115926562,0.0004929011115926562
2023-02-13,0.0015425086524881498,0.001785936208181424,0.0019281358156101873,0.0019281358156101873
2023-02-14,-0.0026430757667581504,-0.0031973342278080507,-0.003303844708447688,-0.003303844708447688
2023-02-15,-0.00581001829038035,-0.0070062713959150365,-0.007262522862975438,-0.007262522862975438
2023-02-16,-0.0026671812237437998,-0.0031235838255990554,-0.0033339765296797495,-0.0033339765296797495
2023-02-17,0.005123442200734036,0.006055504073798435,0.006404302750917545,0.006404302750917545
2023-02-21,-0.004879416649159449,-0.0055982951992202155,-0.006099270811449312,-0.006099270811449312
2023-02-22,-0.00088168144830795,-0.00099384267714714,-0.0011021018103849376,-0.0011021018103849376
2023-02-23,0.00023456092886582494,0.0002664682016085836,0.0002932011610822812,0.0002932011610822812
2023-02-24,-0.0038159599291249496,-0.004335064238485726,-0.004769949911406187,-0.004769949911406187
2023-02-27,0.00167439496354515,0.0018759195701408655,0.0020929937044314373,0.0020929937044314373
2023-02-28,0.000330722738970675,0.00036932361939260157,0.0004134034237133437,0.0004134034237133437
2023-03-01,-0.001279252871740225,-0.0014282991984773685,-0.0015990660896752812,-0.0015990660896752812
2023-03-02,0.000995745593808175,0.0011102954421836145,0.001244681992260219,0.001244681992260219
2023-03-03,-0.003227215696254175,-0.003594044607504085,-0.004034019620317719,-0.004034019620317719
2023-03-06,0.001839351460972525,0.002029391093385392,0.002299189326215656,0.002299189326215656
2023-03-07,-3.4227789629449944e-05,-3.76198515345846e-05,-4.278473703681243e-05,-4.278473703681243e-05
2023-03-08,0.0039313909629271,0.00437239164780173,0.004914238703658875,0.004914238703658875
2023-03-09,0.0024598081271370994,0.002695662263965759,0.0030747601589213745,0.0030747601589213745
2023-03-10,-0.00080502210692645,-0.0008841358392427798,-0.0010062776336580625,-0.0010062776336580625
2023-03-13,-9.2048425361925e-05,-0.00010110630019306877,-0.00011506053170240625,-0.00011506053170240625
2023-03-14,-0.0006182655842143,-0.0006793591222566183,-0.000772831980267875,-0.000772831980267875
2023-03-15,-0.000110986760068,-0.00012190846974090457,-0.00013873345008500002,-0.00013873345008500002
2023-03-16,0.000408599842324625,0.0004512123009602936,0.0005107498029057813,0.0005107498029057813
2023-03-17,0.00020294830295787504,0.000227064234880848,0.0002536853786973438,0.0002536853786973438
2023-03-20,0.004834218069927025,0.005429639652973093,0.0060427725874087805,0.0060427725874087805
2023-03-21,-0.0008051655738241751,-0.0009338869532262336,-0.0010064569672802188,-0.0010064569672802188
2023-03-22,0.0047401440345537504,0.005537259332735816,0.005925180043192188,0.005925180043192188
2023-03-23,-0.0032329896382177503,-0.0036981805581919013,-0.004041237047772188,-0.004041237047772188
2023-03-24,-0.002873565892279575,-0.0032488351377147322,-0.0035919573653494688,-0.0035919573653494688
2023-03-27,0.0034172165748141497,0.003839679599408327,0.004271520718517687,0.004271520718517687
2023-03-28,0.0028154295419509003,0.0031346089635540335,0.0035192869274386254,0.0035192869274386254
2023-03-29,-0.004708300256021675,-0.005211762487092987,-0.005885375320027093,-0.005885375320027093
2023-03-30,-0.0015413699957723,-0.001668419346846058,-0.0019267124947153751,-0.0019267124947153751
2023-03-31,-0.0018191211861946501,-0.001983583941184804,-0.002273901482743313,-0.002273901482743313
2023-04-03,0.001260803910413,0.001377081491072505,0.00157600488801625,0.00157600488801625
2023-04-04,9.953463153525e-05,0.00010872946452979485,0.0001244182894190625,0.0001244182894190625
2023-04-05,0.00243749616833655,0.002669539394268699,0.0030468702104206875,0.0030468702104206875
2023-04-06,0.0,0.0,0.0,0.0
2023-04-10,0.0,0.0,0.0,0.0
2023-04-11,0.0,0.0,0.0,0.0
2023-04-12,0.0,0.0,0.0,0.0
2023-04-13,0.0,0.0,0.0,0.0
2023-04-14,0.0,0.0,0.0,0.0
2023-04-17,0.0,0.0,0.0,0.0
2023-04-18,0.0,0.0,0.0,0.0
2023-04-19,0.0,0.0,0.0,0.0
2023-04-20,0.0014081327474270333,0.001333092982383357,0.0017601659342837916,0.0017601659342837916
2023-04-21,0.00032610274056593333,0.00031234813137675523,0.00040762842570741663,0.00040762842570741663
2023-04-24,-0.0013724181431522334,-0.0013540793412719705,-0.0017155226789402917,-0.0017155226789402917
2023-04-25,-0.0037798830347665333,-0.0037482720285121306,-0.004724853793458167,-0.004724853793458167
2023-04-26,-0.006722360201233266,-0.006575901766921091,-0.008402950251541582,-0.008402950251541582
2023-04-27,-0.006326220854938266,-0.005973944369390436,-0.007907776068672831,-0.007907776068672831
2023-04-28,-0.0021537568770813665,-0.0022037996546456,-0.002692196096351708,-0.002692196096351708
2023-05-01,0.0014102437841156668,0.00143859002932785,0.0017628047301445834,0.0017628047301445834
2023-05-02,2.825540174733199e-05,2.905277207695601e-05,3.531925218416499e-05,3.531925218416499e-05
2023-05-03,0.0024607703148428997,0.002537640637109292,0.0030759628935536245,0.0030759628935536245
2023-05-04,0.0008975800324480665,0.0009296227748367179,0.0011219750405600832,0.0011219750405600832
2023-05-05,0.0024457892930720994,0.002532104057770713,0.0030572366163401244,0.0030572366163401244
2023-05-08,-0.0017083792652790998,-0.0018038178456611974,-0.002135474081598875,-0.002135474081598875
2023-05-09,0.0010534702577825667,0.0011097256606282403,0.0013168378222282084,0.0013168378222282084
2023-05-10,-0.0022783106831551184,-0.0026715058235746774,-0.002847888353943898,-0.002847888353943898
2023-05-11,0.0004314316479831668,0.0005030645455105421,0.0005392895599789585,0.0005392895599789585
2023-05-12,0.0013060091159363856,0.0015334320061049487,0.001632511394920482,0.001632511394920482
2023-05-15,0.0008409435622471332,0.0009867468738329656,0.0010511794528089164,0.0010511794528089164
2023-05-16,-0.0014061965958452331,-0.001684179875348306,-0.0017577457448065413,-0.0017577457448065413
2023-05-17,-0.0018475687567604997,-0.0022107116004341063,-0.0023094609459506244,-0.0023094609459506244
2023-05-18,0.0021843016391976332,0.002604423542285836,0.0027303770489970416,0.0027303770489970416
2023-05-19,0.0015162767641982665,0.0018559821066105652,0.0018953459552478332,0.0018953459552478332
2023-05-22,-0.0039118510138382995,-0.00482636309372788,-0.004889813767297874,-0.004889813767297874
2023-05-23,0.0007971788763107332,0.000980082018722559,0.0009964735953884166,0.0009964735953884166
2023-05-24,0.0023847384415559662,0.0029349791944923253,0.002980923051944958,0.002980923051944958
2023-05-25,-0.00036724176721816663,-0.000448610993274737,-0.00045905220902270826,-0.00045905220902270826
2023-05-26,0.0011623757651099999,0.0014529697063874998,0.0014529697063874998,0.0014529697063874998
2023-05-30,-0.0002983949797897,-0.000372993724737125,-0.000372993724737125,-0.000372993724737125
2023-05-31,-0.0003333333333333333,-0.00041666666666666664,-0.00041666666666666664,-0.00041666666666666664
2023-06-01,0.0,0.0,0.0,0.0
2023-06-02,0.0,0.0,0.0,0.0
2023-06-05,0.0,0.0,0.0,0.0
2023-06-06,0.0,0.0,0.0,0.0
2023-06-07,0.0,0.0,0.0,0.0
2023-06-08,-0.000718213213691,-0.00089776651711375,-0.00089776651711375,-0.00089776651711375
2023-06-09,-0.00039432367596913334,-0.0004929045949614167,-0.0004929045949614167,-0.0004929045949614167
2023-06-12,0.0013772548990766001,0.0017215686238457502,0.0017215686238457502,0.0017215686238457502
2023-06-13,-0.0011979034047761,-0.001497379255970125,-0.001497379255970125,-0.001497379255970125
2023-06-14,0.00012323722285663332,0.00015404652857079165,0.00015404652857079165,0.00015404652857079165
2023-06-15,0.0011171204845177,0.0013964006056471248,0.0013964006056471248,0.0013964006056471248
2023-06-16,-0.0028888889901058997,-0.0036111112376323745,-0.0036111112376323745,-0.0036111112376323745
2023-06-20,-0.0013487776524165,-0.001685972065520625,-0.001685972065520625,-0.001685972065520625
2023-06-21,-0.0033709728189824668,-0.004213716023728083,-0.004213716023728083,-0.004213716023728083
2023-06-22,0.0017993072824566,0.00224913410307075,0.00224913410307075,0.00224913410307075
2023-06-23,-0.002324298269811633,-0.0029053728372645414,-0.0029053728372645414,-0.0029053728372645414
2023-06-26,-0.0009196079880232333,-0.0011495099850290418,-0.0011495099850290418,-0.0011495099850290418
2023-06-27,0.004345514179190807,0.005431892723988509,0.005431892723988509,0.005431892723988509
2023-06-28,-0.0001361354833571333,-0.00017016935419641663,-0.00017016935419641663,-0.00017016935419641663
2023-06-29,0.0009994549766273334,0.0012493187207841666,0.0012493187207841666,0.0012493187207841666
2023-06-30,0.0010137852843568333,0.0012672316054460416,0.0012672316054460416,0.0012672316054460416
2023-07-03,-0.0016126474401727,-0.002015809300215875,-0.002015809300215875,-0.002015809300215875
2023-07-05,-0.0020793760644534334,-0.0025992200805667917,-0.0025992200805667917,-0.0025992200805667917
2023-07-06,-0.002419380241454533,-0.003024225301818166,-0.003024225301818166,-0.003024225301818166
2023-07-07,-0.0006178750519535666,-0.0007723438149419583,-0.0007723438149419583,-0.0007723438149419583
2023-07-10,0.0,0.0,0.0,0.0
2023-07-11,-4.234865589428636e-05,-5.293581986785795e-05,-5.293581986785795e-05,-5.293581986785795e-05
2023-07-12,-7.523933817545e-05,-9.404917271931249e-05,-9.404917271931249e-05,-9.404917271931249e-05
2023-07-13,-0.00044488652988155,-0.0005561081623519375,-0.0005561081623519375,-0.0005561081623519375
2023-07-14,0.0002809588740434,0.00035119859255424996,0.00035119859255424996,0.00035119859255424996
2023-07-17,-0.00018997267345415,-0.00023746584181768752,-0.00023746584181768752,-0.00023746584181768752
2023-07-18,0.0001824815698089,0.000228101962261125,0.000228101962261125,0.000228101962261125
2023-07-19,0.00056449147667755,0.0007056143458469376,0.0007056143458469376,0.0007056143458469376
2023-07-20,-0.00029229498014735,-0.0003653687251841875,-0.0003653687251841875,-0.0003653687251841875
2023-07-21,-0.0024320287551202503,-0.003040035943900313,-0.003040035943900313,-0.003040035943900313
2023-07-24,-0.00239428524093728,-0.0029928565511716,-0.0029928565511716,-0.0029928565511716
2023-07-25,-0.0048290799666724496,-0.006036349958340562,-0.006036349958340562,-0.006036349958340562
2023-07-26,-0.0006315928332849,-0.000789491041606125,-0.000789491041606125,-0.000789491041606125
2023-07-27,0.005521337685871,0.00690167210733875,0.00690167210733875,0.00690167210733875
2023-07-28,0.00026935590781715,0.0003366948847714375,0.0003366948847714375,0.0003366948847714375
2023-07-31,0.012640277413676942,0.015800346767096178,0.015800346767096178,0.015800346767096178
2023-08-01,-0.0046159289508966505,-0.005769911188620813,-0.005769911188620813,-0.005769911188620813
2023-08-02,-0.00164443089532125,-0.0020555386191515625,-0.0020555386191515625,-0.0020555386191515625
2023-08-03,-0.00244555382313955,-0.0030569422789244374,-0.0030569422789244374,-0.0030569422789244374
2023-08-04,0.0019808311277313656,0.002476038909664207,0.002476038909664207,0.002476038909664207
2023-08-07,-0.00633150739701435,-0.007914384246267938,-0.007914384246267938,-0.007914384246267938
2023-08-08,-0.0008654689146514,-0.0010558954473597229,-0.0010818361433142499,-0.0010818361433142499
2023-08-09,0.0013690134583992,0.001670844628422395,0.001711266822999,0.001711266822999
2023-08-10,0.00248722447053085,0.0030228881262181753,0.0031090305881635626,0.0031090305881635626
2023-08-11,-0.00269629649290545,-0.003242496207822402,-0.0033703706161318124,-0.0033703706161318124
2023-08-14,0.000915599974873,0.001095818920086829,0.00114449996859125,0.00114449996859125
2023-08-15,0.000864334805804,0.0010321931538194138,0.001080418507255,0.001080418507255
2023-08-16,0.0005572328367145,0.0006641295252238048,0.0006965410458931251,0.0006965410458931251
2023-08-17,-0.0005,-0.0005952810453256343,-0.000625,-0.000625
2023-08-18,0.0,0.0,0.0,0.0
2023-08-21,0.0,0.0,0.0,0.0
2023-08-22,-0.00139172698367225,-0.001657530523561669,-0.0017396587295903125,-0.0017396587295903125
2023-08-23,-0.0019918972535221,-0.0023714625389522686,-0.002489871566902625,-0.002489871566902625
2023-08-24,0.0010192624327522,0.0012113631972369432,0.00127407804094025,0.00127407804094025
2023-08-25,0.00491604408817025,0.0058274943987607,0.006145055110212813,0.006145055110212813
2023-08-28,-0.00477109393874585,-0.005475502427190471,-0.005963867423432312,-0.005963867423432312
2023-08-29,-0.00018661997431134998,-0.00021036066378905745,-0.00023327496788918747,-0.00023327496788918747
2023-08-30,-0.0019551269333537187,-0.002204275580739077,-0.0024439086666921484,-0.0024439086666921484
2023-08-31,-0.00318163543544735,-0.003582038513588779,-0.003977044294309187,-0.003977044294309187
2023-09-01,-0.0034200776274579997,-0.0038276646229590244,-0.0042750970343225,-0.0042750970343225
2023-09-05,0.0031662485758837,0.0035273356337126565,0.003957810719854625,0.003957810719854625
2023-09-06,-0.00572967818508035,-0.006327980402261381,-0.007162097731350437,-0.007162097731350437
2023-09-07,0.00139373820955055,0.0015022601473618676,0.0017421727619381874,0.0017421727619381874
2023-09-08,0.0007369573321291499,0.0007920274507640334,0.0009211966651614374,0.0009211966651614374
2023-09-11,0.0049797259593475,0.005363146199353776,0.006224657449184375,0.006224657449184375
2023-09-12,0.0015698626185821,0.0016484637546025855,0.001962328273227625,0.001962328273227625
2023-09-13,-0.0007548865941103001,-0.0007896711389520992,-0.0009436082426378751,-0.0009436082426378751
2023-09-14,-0.0028612535895129,-0.002994342392613442,-0.003576566986891125,-0.003576566986891125
2023-09-15,-0.0034773821853744972,-0.003660661653446267,-0.004346727731718122,-0.004346727731718122
2023-09-18,0.000381496217071,0.00040613205490085276,0.00047687027133875,0.00047687027133875
2023-09-19,-0.0003965802343708,-0.00042405811138735366,-0.0004957252929635001,-0.0004957252929635001
2023-09-20,-0.0001904753182246,-0.0002036762534687945,-0.00023809414778074999,-0.00023809414778074999
2023-09-21,-0.0005,-0.0005346103813633161,-0.000625,-0.000625
2023-09-22,-0.00061109715810695,-0.0006577824007954085,-0.0007638714476336874,-0.0007638714476336874
2023-09-25,-0.00107663301927405,-0.0011596538704081185,-0.0013457912740925625,-0.0013457912740925625
2023-09-26,-0.0005008464244904,-0.0005449812834535689,-0.000626058030613,-0.000626058030613
2023-09-27,0.0002166305898655,0.00023611535053330308,0.000270788237331875,0.000270788237331875
2023-09-28,-0.0001559446795306,-0.00016999436399850479,-0.00019493084941325003,-0.00019493084941325003
2023-09-29,0.00015790949477425,0.00017228041266068952,0.0001973868684678125,0.0001973868684678125
2023-10-02,-0.0004039861611623,-0.0004406156255783923,-0.000504982701452875,-0.000504982701452875
2023-10-03,-0.00130063706997145,-0.0014191952366221035,-0.0016257963374643125,-0.0016257963374643125
2023-10-04,0.00054172163304095,0.0006028926731933965,0.0006771520413011874,0.0006771520413011874
2023-10-05,-0.00068854270350705,-0.0007681103509523593,-0.0008606783793838125,-0.0008606783793838125
2023-10-06,0.0,0.0,0.0,0.0
2023-10-09,0.0,0.0,0.0,0.0
2023-10-10,0.0,0.0,0.0,0.0
2023-10-11,0.0,0.0,0.0,0.0
2023-10-12,-0.0034331527248947663,-0.004291440906118458,-0.004291440906118458,-0.004291440906118458
2023-10-13,0.0012187186401043,0.001523398300130375,0.001523398300130375,0.001523398300130375
2023-10-16,-0.000210979883034,-0.00026372485379250004,-0.00026372485379250004,-0.00026372485379250004
2023-10-17,0.0008963261232850999,0.0011204076541063749,0.0011204076541063749,0.0011204076541063749
2023-10-18,-0.003975202901327433,-0.004969003626659292,-0.004969003626659292,-0.004969003626659292
2023-10-19,0.0032297816808624334,0.004037227101078042,0.004037227101078042,0.004037227101078042
2023-10-20,0.0039586249672048665,0.004948281209006083,0.004948281209006083,0.004948281209006083
2023-10-23,-0.0033649907733757332,-0.0042062384667196666,-0.0042062384667196666,-0.0042062384667196666
2023-10-24,0.0023016238485952956,0.0028770298107441195,0.0028770298107441195,0.0028770298107441195
2023-10-25,0.0018000737530721666,0.0022500921913402084,0.0022500921913402084,0.0022500921913402084
2023-10-26,0.009034805833043667,0.011293507291304584,0.011293507291304584,0.011293507291304584
2023-10-27,0.0017117043158532336,0.002139630394816542,0.002139630394816542,0.002139630394816542
2023-10-30,-0.0025840588361412,-0.0032300735451765,-0.0032300735451765,-0.0032300735451765
2023-10-31,0.0008307932808142333,0.0010384916010177916,0.0010384916010177916,0.0010384916010177916
2023-11-01,-0.002123272165161533,-0.0026540902064519163,-0.0026540902064519163,-0.0026540902064519163
2023-11-02,-9.960658119903326e-05,-0.00012450822649879157,-0.00012450822649879157,-0.00012450822649879157
2023-11-03,0.0060103282125273,0.007512910265659125,0.007512910265659125,0.007512910265659125
2023-11-06,-0.0010208085666205836,-0.0012760107082757295,-0.0012760107082757295,-0.0012760107082757295
2023-11-07,-0.005309980504647799,-0.0066374756308097485,-0.0066374756308097485,-0.0066374756308097485
2023-11-08,0.0012589321713757,0.001573665214219625,0.001573665214219625,0.001573665214219625
2023-11-09,-0.004857173656830894,-0.006071467071038617,-0.006071467071038617,-0.006071467071038617
2023-11-10,0.0013116029691889,0.001627915998363749,0.0016395037114861248,0.0016395037114861248
2023-11-13,0.00041183887451013335,0.0005132339511803111,0.0005147985931376667,0.0005147985931376667
2023-11-14,0.005444871134402233,0.0067854309170530735,0.006806088918002791,0.006806088918002791
2023-11-15,0.0022883313162964667,0.0027658586562496926,0.002860414145370583,0.002860414145370583
2023-11-16,-0.0003333333333333333,-0.00040134528359608607,-0.00041666666666666664,-0.00041666666666666664
2023-11-17,0.0,0.0,0.0,0.0
2023-11-20,0.0,0.0,0.0,0.0
2023-11-21,0.0,0.0,0.0,0.0
2023-11-22,0.0,0.0,0.0,0.0
2023-11-24,0.0,0.0,0.0,0.0
2023-11-27,0.0,0.0,0.0,0.0
2023-11-28,0.0,0.0,0.0,0.0
2023-11-29,0.0,0.0,0.0,0.0
2023-11-30,0.0,0.0,0.0,0.0
2023-12-01,0.0,0.0,0.0,0.0
2023-12-04,0.0,0.0,0.0,0.0
2023-12-05,0.0,0.0,0.0,0.0
2023-12-06,0.0,0.0,0.0,0.0
2023-12-07,0.0,0.0,0.0,0.0
2023-12-08,0.0,0.0,0.0,0.0
2023-12-11,0.0,0.0,0.0,0.0
2023-12-12,0.0,0.0,0.0,0.0
2023-12-13,0.0,0.0,0.0,0.0
2023-12-14,0.0,0.0,0.0,0.0
2023-12-15,-0.0030348658883160664,-0.003793582360395083,-0.003793582360395083,-0.003793582360395083
2023-12-18,0.004601931189438233,0.0057524139867977915,0.0057524139867977915,0.0057524139867977915
2023-12-19,-0.0008057266312778001,-0.0010071582890972502,-0.0010071582890972502,-0.0010071582890972502
2023-12-20,-0.0010168635931100333,-0.0012710794913875416,-0.0012710794913875416,-0.0012710794913875416
2023-12-21,-0.0019734093611246594,-0.0024667617014058245,-0.0024667617014058245,-0.0024667617014058245
2023-12-22,0.0010237572657615334,0.0012796965822019168,0.0012796965822019168,0.0012796965822019168
2023-12-26,-0.0011218834611339667,-0.0014023543264174584,-0.0014023543264174584,-0.0014023543264174584
2023-12-27,-0.0027765886447643,-0.0034707358059553753,-0.0034707358059553753,-0.0034707358059553753
2023-12-28,0.0008173777842703587,0.0010217222303379484,0.0010217222303379484,0.0010217222303379484
2023-12-29,0.00028464915658176664,0.00035581144572720833,0.00035581144572720833,0.00035581144572720833
2024-01-02,-0.0027121329561520667,-0.0033901661951900833,-0.0033901661951900833,-0.0033901661951900833
2024-01-03,0.0035112996687538664,0.004389124585942333,0.004389124585942333,0.004389124585942333
2024-01-04,-0.0011831974589775667,-0.0014789968237219583,-0.0014789968237219583,-0.0014789968237219583
2024-01-05,-0.0029015852567030667,-0.0036269815708788334,-0.0036269815708788334,-0.0036269815708788334
2024-01-08,0.0,0.0,0.0,0.0
2024-01-09,0.0,0.0,0.0,0.0
2024-01-10,0.0,0.0,0.0,0.0
2024-01-11,0.0,0.0,0.0,0.0
2024-01-12,0.0,0.0,0.0,0.0
2024-01-16,0.0,0.0,0.0,0.0
2024-01-17,-0.0021370318513785668,-0.0026712898142232083,-0.0026712898142232083,-0.0026712898142232083
2024-01-18,-0.0006139342488869,-0.000767417811108625,-0.000767417811108625,-0.000767417811108625
2024-01-19,0.0009439171414822333,0.0011798964268527916,0.0011798964268527916,0.0011798964268527916
2024-01-22,0.0035135933773652664,0.004391991721706583,0.004391991721706583,0.004391991721706583
2024-01-23,0.0030563134081277666,0.003820391760159708,0.003820391760159708,0.003820391760159708
2024-01-24,0.0021743255736683,0.002717906967085375,0.002717906967085375,0.002717906967085375
2024-01-25,-0.00036482035493189997,-0.00045602544366487495,-0.00045602544366487495,-0.00045602544366487495
2024-01-26,-0.0014085199962172665,-0.001760649995271583,-0.001760649995271583,-0.001760649995271583
2024-01-29,0.00019290665669966666,0.00024113332087458334,0.00024113332087458334,0.00024113332087458334
2024-01-30,0.0020141783423016334,0.0025177229278770417,0.0025177229278770417,0.0025177229278770417
2024-01-31,0.00041622056885433334,0.0005202757110679167,0.0005202757110679167,0.0005202757110679167
2024-02-01,-0.0004752542951552333,-0.0005940678689440416,-0.0005940678689440416,-0.0005940678689440416
2024-02-02,0.0010908835870091333,0.0013636044837614166,0.0013636044837614166,0.0013636044837614166
2024-02-05,-0.0014104111750215,-0.001763013968776875,-0.001763013968776875,-0.001763013968776875
2024-02-06,0.0005388589503456001,0.0006735736879320001,0.0006735736879320001,0.0006735736879320001
2024-02-07,-0.0011289228926340666,-0.0014111536157925832,-0.0014111536157925832,-0.0014111536157925832
2024-02-08,0.00035127099268009995,0.0004390887408501249,0.0004390887408501249,0.0004390887408501249
2024-02-09,-0.0002190552265057959,-0.0002738190331322449,-0.0002738190331322449,-0.0002738190331322449
2024-02-12,0.0010195683320853067,0.0012744604151066334,0.0012744604151066334,0.0012744604151066334
2024-02-13,-0.0001683695162739,-0.00021046189534237498,-0.00021046189534237498,-0.00021046189534237498
2024-02-14,3.062946197426366e-05,3.828682746782957e-05,3.828682746782957e-05,3.828682746782957e-05
2024-02-15,-0.00010255804903749999,-0.00012819756129687498,-0.00012819756129687498,-0.00012819756129687498
2024-02-16,-0.0014072253463537998,-0.0017590316829422497,-0.0017590316829422497,-0.0017590316829422497
2024-02-20,0.00016266720215793332,0.00020333400269741665,0.00020333400269741665,0.00020333400269741665
2024-02-21,0.0010849784084145217,0.001356223010518152,0.001356223010518152,0.001356223010518152
2024-02-22,-0.0032227020877324338,-0.0040283776096655425,-0.0040283776096655425,-0.0040283776096655425
2024-02-23,0.0005779780073294667,0.0007224725091618334,0.0007224725091618334,0.0007224725091618334
2024-02-26,-0.0034858737229326335,-0.004357342153665792,-0.004357342153665792,-0.004357342153665792
2024-02-27,-0.0014353151141379332,-0.0017941438926724165,-0.0017941438926724165,-0.0017941438926724165
2024-02-28,-0.001822780618042933,-0.0022784757725536663,-0.0022784757725536663,-0.0022784757725536663
2024-02-29,-0.003838938850477233,-0.0047986735630965414,-0.0047986735630965414,-0.0047986735630965414
2024-03-01,-0.0047049401056985666,-0.005881175132123208,-0.005881175132123208,-0.005881175132123208
2024-03-04,0.0018202465301042333,0.0022753081626302914,0.0022753081626302914,0.0022753081626302914
2024-03-05,0.003474153381179166,0.0043426917264739575,0.0043426917264739575,0.0043426917264739575
2024-03-06,-0.0031130471715825328,-0.003891308964478166,-0.003891308964478166,-0.003891308964478166
2024-03-07,0.005900699375909734,0.007375874219887167,0.007375874219887167,0.007375874219887167
2024-03-08,-0.0037148571874980334,-0.004643571484372542,-0.004643571484372542,-0.004643571484372542
2024-03-11,-0.0006321086556938334,-0.0007901358196172918,-0.0007901358196172918,-0.0007901358196172918
2024-03-12,0.005582952049887333,0.0069786900623591665,0.0069786900623591665,0.0069786900623591665
2024-03-13,-0.0012237681196560332,-0.0015297101495700416,-0.0015297101495700416,-0.0015297101495700416
2024-03-14,0.0013361413540192333,0.0016701766925240416,0.0016701766925240416,0.0016701766925240416
2024-03-15,-0.0003333333333333333,-0.00041666666666666664,-0.00041666666666666664,-0.00041666666666666664
2024-03-18,0.0,0.0,0.0,0.0
2024-03-19,0.0,0.0,0.0,0.0
2024-03-20,0.0,0.0,0.0,0.0
2024-03-21,0.0,0.0,0.0,0.0
2024-03-22,0.0,0.0,0.0,0.0
2024-03-25,0.0,0.0,0.0,0.0
2024-03-26,0.0,0.0,0.0,0.0
2024-03-27,0.0,0.0,0.0,0.0
2024-03-28,0.0,0.0,0.0,0.0
2024-04-01,0.0004219058415925,0.000527382301990625,0.000527382301990625,0.000527382301990625
2024-04-02,0.00018708566268493332,0.00023385707835616666,0.00023385707835616666,0.00023385707835616666
2024-04-03,4.99408387924e-05,6.24260484905e-05,6.24260484905e-05,6.24260484905e-05
2024-04-04,-0.000184233342045,-0.00023029167755625,-0.00023029167755625,-0.00023029167755625
2024-04-05,0.00018000429819623332,0.00022500537274529165,0.00022500537274529165,0.00022500537274529165
2024-04-08,-6.554887682546666e-05,-8.193609603183332e-05,-8.193609603183332e-05,-8.193609603183332e-05
2024-04-09,0.0,0.0,0.0,0.0
2024-04-10,0.0,0.0,0.0,0.0
2024-04-11,-0.002806193532516825,-0.0026311008124707868,-0.003507741915646031,-0.003507741915646031
2024-04-12,-0.0053598015129706494,-0.00499748335138021,-0.006699751891213312,-0.006699751891213312
2024-04-15,0.0008932982263334752,0.0008179997614314519,0.001116622782916844,0.001116622782916844
2024-04-16,0.006953891419165425,0.006377489789491625,0.008692364273956782,0.008692364273956782
2024-04-17,0.001175095486903525,0.0010450813791161885,0.0014688693586294064,0.0014688693586294064
2024-04-18,-0.00012183457473147086,-0.00010840266629522298,-0.00015229321841433858,-0.00015229321841433858
2024-04-19,0.0012538499745831,0.001145498780908145,0.001567312468228875,0.001567312468228875
2024-04-22,0.0009462575749390499,0.0008862995897224836,0.0011828219686738123,0.0011828219686738123
2024-04-23,0.0010509985424731,0.0009851736893717522,0.001313748178091375,0.001313748178091375
2024-04-24,-0.0008657640731492002,-0.0008139722247474537,-0.0010822050914365002,-0.0010822050914365002
2024-04-25,0.0010715962902229502,0.0010069723185868683,0.0013394953627786877,0.0013394953627786877
2024-04-26,0.00486085534117895,0.004564142328608296,0.006076069176473688,0.006076069176473688
2024-04-29,3.210387027172503e-05,2.9678147880454734e-05,4.012983783965629e-05,4.012983783965629e-05
2024-04-30,-0.004202085959262625,-0.0038868319803222902,-0.005252607449078282,-0.005252607449078282
2024-05-01,-0.025593951136429052,-0.02341981619837531,-0.03199243892053631,-0.03199243892053631
2024-05-02,0.0024771909063901,0.001676926680497934,0.0026830826887966944,0.0030964886329876247
2024-05-03,0.0041641656733364,0.002810794444465882,0.004497271111145411,0.005205207091670499
2024-05-06,0.0019308334927461504,0.0013400240898404612,0.0021440385437447376,0.002413541865932688
2024-05-07,-0.00242168319913015,-0.0016812235812621087,-0.002689957730019374,-0.0030271039989126875
2024-05-08,-0.002784514478693675,-0.001931652984396967,-0.003090644775035147,-0.003480643098367094
2024-05-09,0.0007314723011649499,0.0005115934661170265,0.0008185495457872422,0.0009143403764561874
2024-05-10,0.0012674975963063002,0.000892562693140255,0.0014281003090244081,0.0015843719953828753
2024-05-13,0.003331906357846325,0.002352638543633736,0.0037642216698139776,0.0041648829473079066
2024-05-14,-0.00044115104174314993,-0.0003097635526636192,-0.0004956216842617907,-0.0005514388021789374
2024-05-15,0.001437679603448075,0.001009570265332604,0.0016153124245321664,0.0017970995043100938
2024-05-16,0.004562708862335825,0.0032019605721549382,0.005123136915447901,0.005703386077919781
2024-05-17,-0.000438165212270425,-0.00030461025521875577,-0.0004873764083500092,-0.0005477065153380313
2024-05-20,-0.00035371471471105,-0.00024590857982374813,-0.000393453727717997,-0.0004421433933888125
2024-05-21,-0.0010679036930084,-0.0007424734438016007,-0.001187957510082561,-0.0013348796162605
2024-05-22,0.00033198434327245,0.0002307682159312654,0.00036922914549002465,0.00041498042909056247
2024-05-23,-0.0042979503492543,-0.002996535419357252,-0.004794456670971603,-0.005372437936567875
2024-05-24,0.002351600221790675,0.001642487120260443,0.002627979392416709,0.0029395002772383437
2024-05-28,-0.003969959932949025,-0.002766067478528443,-0.004425707965645508,-0.004962449916186281
2024-05-29,0.00248994244623235,0.0017264291671308242,0.0027622866674093184,0.0031124280577904373
2024-05-30,0.008444305187061825,0.005839181897390756,0.00934269103582521,0.010555381483827281
2024-05-31,-0.0010748367274682606,-0.0007224557302768538,-0.0011559291684429662,-0.0013435459093353256
2024-06-03,-0.005077844908855374,-0.0034223730651969293,-0.005475796904315086,-0.006347306136069218
2024-06-04,-0.0004410469526353502,-0.0002949601724724422,-0.00047193627595590743,-0.0005513086907941878
2024-06-05,-0.00041244085355962514,-0.000275905756455283,-0.0004414492103284528,-0.0005155510669495314
2024-06-06,0.0008303245859334749,0.0005554604592173301,0.000888736734747728,0.0010379057324168437
2024-06-07,-0.003133303665127875,-0.002094989945068008,-0.0033519839121088136,-0.0039166295814098435
2024-06-10,0.00400045797184545,0.002668101094796621,0.004268961751674594,0.005000572464806813
2024-06-11,0.004269252285032675,0.0028360842842887713,0.0045377348548620335,0.005336565356290844
2024-06-12,0.0006156950228134502,0.00040603351613527973,0.0006496536258164475,0.0007696187785168128
2024-06-13,-0.0006374011042787751,-0.000420217243617166,-0.0006723475897874656,-0.0007967513803484688
2024-06-14,0.003958501128051925,0.002641068100932864,0.004225708961492582,0.004948126410064906
2024-06-17,0.00011967690247137452,8.731978494277459e-05,0.00013971165590843934,0.00014959612808921816
2024-06-18,-0.0018092493944006501,-0.0013233894703367258,-0.0021174231525387614,-0.002261561743000813
2024-06-20,0.0005150687424390749,0.00037642056994274955,0.0006022729119083993,0.0006438359280488437
2024-06-21,0.0003014347671242752,0.00022130899475829053,0.0003540943916132648,0.000376793458905344
2024-06-24,-0.001754401992073775,-0.001288428692149596,-0.0020614859074393533,-0.002193002490092219
2024-06-25,0.004464160122298725,0.0032738296988001616,0.005238127518080258,0.005580200152873406
2024-06-26,-0.002093743484196675,-0.001523310317547308,-0.002437296508075693,-0.0026171793552458435
2024-06-27,0.00519129536591745,0.0037699537499275987,0.006031925999884157,0.006489119207396813
2024-06-28,-0.0035533361513061254,-0.0025532443521756546,-0.0040851909634810465,-0.004441670189132657
2024-07-01,-0.00025,-0.0001787886848003686,-0.00028606189568058975,-0.0003125
2024-07-02,0.0,0.0,0.0,0.0
2024-07-03,0.0,0.0,0.0,0.0
2024-07-05,0.0,0.0,0.0,0.0
2024-07-08,0.0,0.0,0.0,0.0
2024-07-09,0.0,0.0,0.0,0.0
2024-07-10,0.0,0.0,0.0,0.0
2024-07-11,0.0,0.0,0.0,0.0
2024-07-12,0.0,0.0,0.0,0.0
2024-07-15,0.0,0.0,0.0,0.0
2024-07-16,0.0,0.0,0.0,0.0
2024-07-17,0.00021496506181795,0.0002687063272724375,0.0002687063272724375,0.0002687063272724375
2024-07-18,-0.001925233114769825,-0.0024065413934622813,-0.0024065413934622813,-0.0024065413934622813
2024-07-19,-0.0058950572580538,-0.00736882157256725,-0.00736882157256725,-0.00736882157256725
2024-07-22,0.0020200403356744247,0.002525050419593031,0.002525050419593031,0.002525050419593031
2024-07-23,0.002419381407733425,0.0030242267596667814,0.0030242267596667814,0.0030242267596667814
2024-07-24,-0.00406735184714385,-0.005084189808929813,-0.005084189808929813,-0.005084189808929813
2024-07-25,-0.00315616527701875,-0.0039452065962734375,-0.0039452065962734375,-0.0039452065962734375
2024-07-26,0.0016665540428224,0.0020831925535279997,0.0020831925535279997,0.0020831925535279997
2024-07-29,-0.0014861436933368,-0.001857679616671,-0.001857679616671,-0.001857679616671
2024-07-30,-0.00022413077069682484,-0.00028016346337103105,-0.00028016346337103105,-0.00028016346337103105
2024-07-31,-0.002283214782577075,-0.002854018478221344,-0.002854018478221344,-0.002854018478221344
2024-08-01,-0.004417520297261925,-0.005521900371577406,-0.005521900371577406,-0.005521900371577406
2024-08-02,-0.008355949154922951,-0.010444936443653689,-0.010444936443653689,-0.010444936443653689
2024-08-05,-0.005913726527503126,-0.007392158159378907,-0.007392158159378907,-0.007392158159378907
2024-08-06,-0.00047523320472062504,-0.0005902920400558285,-0.0005940415059007813,-0.0005940415059007813
2024-08-07,-0.0049509830798706,-0.006188728849838249,-0.006188728849838249,-0.006188728849838249
2024-08-08,0.011034175160914924,0.013444889313236652,0.013792718951143656,0.013792718951143656
2024-08-09,-0.0074101788754161995,-0.007911781106035526,-0.00926272359427025,-0.00926272359427025
2024-08-12,-0.002745683194427725,-0.002802675453790688,-0.003432103993034656,-0.003432103993034656
2024-08-13,0.009375562154219924,0.00953603639752453,0.011719452692774905,0.011719452692774905
2024-08-14,-0.00549109758860005,-0.005202554972630829,-0.006863871985750063,-0.006863871985750063
2024-08-15,0.00169612115093315,0.0015772166002815651,0.0021201514386664376,0.0021201514386664376
2024-08-16,0.00037651115493212496,0.00035027591859996307,0.0004706389436651562,0.0004706389436651562
2024-08-19,0.0044207365820117,0.004111419089047929,0.005525920727514625,0.005525920727514625
2024-08-20,-0.0031782448189744497,-0.002912248097047935,-0.003972806023718062,-0.003972806023718062
2024-08-21,0.003906945097040625,0.003559607754976721,0.004883681371300781,0.004883681371300781
2024-08-22,-0.005746823925221925,-0.005177312028829876,-0.007183529906527406,-0.007183529906527406
2024-08-23,0.00458229941298255,0.004049811894894737,0.005727874266228187,0.005727874266228187
2024-08-26,-0.001639285900682175,-0.0014280456142195834,-0.002049107375852719,-0.002049107375852719
2024-08-27,0.0034487021099689503,0.003000842838861319,0.004310877637461187,0.004310877637461187
2024-08-28,-0.0029946380494298,-0.0025847642203108436,-0.00374329756178725,-0.00374329756178725
2024-08-29,0.0042139244478197994,0.0036218352594993885,0.005267405559774749,0.005267405559774749
2024-08-30,0.0151266244470878,0.012903515326662089,0.01890828055885975,0.01890828055885975
2024-09-03,0.005811343813583375,0.004400800043263719,0.007041280069221951,0.007264179766979219
2024-09-04,-0.001734082877495825,-0.0013122647619864534,-0.002099623619178325,-0.002167603596869781
2024-09-05,-0.000364094178189375,-0.00027506148869379545,-0.0004400983819100726,-0.0004551177227367188
2024-09-06,0.002100670803612775,0.0015936802884952408,0.002549888461592385,0.002625838504515969
2024-09-09,-0.0028050124907109,-0.002124633637096152,-0.0033994138193538435,-0.0035062656133886248
2024-09-10,0.003135107540267075,0.0023652678650687552,0.003784428584110008,0.003918884425333844
2024-09-11,-0.0008283267232330001,-0.0006263334809922728,-0.0010021335695876363,-0.0010354084040412501
2024-09-12,-0.001017938696383825,-0.000773232236773371,-0.0012371715788373936,-0.0012724233704797814
2024-09-13,0.00122504976400895,0.000956186000955442,0.0015298976015287074,0.0015313122050111877
2024-09-16,-0.0027730960596168,-0.002172816054462094,-0.003466370074521,-0.003466370074521
2024-09-17,-0.0008532821864505251,-0.0006661501536948372,-0.0010658402459117395,-0.0010666027330631564
2024-09-18,-0.0012386222936111003,-0.0009817951213382887,-0.0015482778670138754,-0.0015482778670138754
2024-09-19,0.0011510680996428251,0.000912580630632898,0.0014388351245535314,0.0014388351245535314
2024-09-20,-0.0023800628440380995,-0.001885513657011139,-0.002975078555047624,-0.002975078555047624
2024-09-23,0.000853920894791675,0.0006775250761533637,0.0010674011184895937,0.0010674011184895937
2024-09-24,0.00171596810117475,0.0013620468651408953,0.0021449601264684377,0.0021449601264684377
2024-09-25,-0.000679704087101775,-0.0005388423918355075,-0.0008496301088772187,-0.0008496301088772187
2024-09-26,0.0002866634168966,0.00022757358236019545,0.00035832927112075004,0.00035832927112075004
2024-09-27,0.0019396070729776498,0.001540059810202226,0.002424508841222062,0.002424508841222062
2024-09-30,-0.0002901948138488,-0.00022994431492774883,-0.00036274351731100003,-0.00036274351731100003
2024-10-01,0.0031472323052187503,0.0024937471183455327,0.003934040381523438,0.003934040381523438
2024-10-02,0.00026463493792102505,0.00020861982021781156,0.0003307936724012813,0.0003307936724012813
2024-10-03,0.00128686114443885,0.001014431111523374,0.0016085764305485625,0.0016085764305485625
2024-10-04,-0.0016474011747273497,-0.0012975622824164873,-0.002059251468409187,-0.002059251468409187
2024-10-07,0.0022107712824336,0.0017389881286857744,0.0027634641030420005,0.0027634641030420005
2024-10-08,0.0,0.0,0.0,0.0
2024-10-09,-0.000469139217757575,-0.0005864240221969688,-0.0005864240221969688,-0.0005864240221969688
2024-10-10,-9.814436412860617e-06,-1.226804551607577e-05,-1.226804551607577e-05,-1.226804551607577e-05
2024-10-11,5.6419194105575e-05,7.052399263196874e-05,7.052399263196874e-05,7.052399263196874e-05
2024-10-14,-0.00020833337054985,-0.0002604167131873125,-0.0002604167131873125,-0.0002604167131873125
2024-10-15,-7.6909761596475e-05,-9.613720199559376e-05,-9.613720199559376e-05,-9.613720199559376e-05
2024-10-16,4.9031850613825e-05,6.128981326728125e-05,6.128981326728125e-05,6.128981326728125e-05
2024-10-17,-0.0008555357410629249,-0.0010694196763286561,-0.0010694196763286561,-0.0010694196763286561
2024-10-18,-0.0026182046212037,-0.003272755776504625,-0.003272755776504625,-0.003272755776504625
2024-10-21,0.001838656175073,0.00229832021884125,0.00229832021884125,0.00229832021884125
2024-10-22,-0.00022722146819353426,-0.00028402683524191783,-0.00028402683524191783,-0.00028402683524191783
2024-10-23,0.00040496884757639987,0.0005062110594704998,0.0005062110594704998,0.0005062110594704998
2024-10-24,0.00014124208691297497,0.0001765526086412187,0.0001765526086412187,0.0001765526086412187
2024-10-25,0.0005107810349138032,0.000638476293642254,0.000638476293642254,0.000638476293642254
2024-10-28,0.0011270572545279297,0.0014088215681599121,0.0014088215681599121,0.0014088215681599121
2024-10-29,-0.0011405021284865752,-0.001425627660608219,-0.001425627660608219,-0.001425627660608219
2024-10-30,0.001571407946044775,0.0019642599325559685,0.0019642599325559685,0.0019642599325559685
2024-10-31,0.00948959760898135,0.011861997011226689,0.011861997011226689,0.011861997011226689
2024-11-01,-0.002896143608419575,-0.003620179510524469,-0.003620179510524469,-0.003620179510524469
2024-11-04,0.0003301128598540569,0.00041264107481757113,0.00041264107481757113,0.00041264107481757113
2024-11-05,-0.0018035564286906,-0.00225444553586325,-0.00225444553586325,-0.00225444553586325
2024-11-06,-0.017621164330367624,-0.022026455412959528,-0.022026455412959528,-0.022026455412959528
2024-11-07,0.0018472998917889,0.0019318891797387298,0.0023091248647361252,0.0023091248647361252
2024-11-08,-0.0006831699057342683,-0.0007125016981482336,-0.0008539623821678353,-0.0008539623821678353
2024-11-11,-0.0014442397904395748,-0.0015085261769992272,-0.0018052997380494686,-0.0018052997380494686
2024-11-12,-0.0022593274472576,-0.0023607764901684707,-0.0028241593090720003,-0.0028241593090720003
2024-11-13,-0.00199223425736545,-0.00207840173354735,-0.0024902928217068127,-0.0024902928217068127
2024-11-14,-0.00105591336214735,-0.0010985743549200627,-0.0013198917026841874,-0.0013198917026841874
2024-11-15,0.002374833636432425,0.002468934032092154,0.0029685420455405308,0.0029685420455405308
2024-11-18,-0.000294971863545,-0.0003050811015971849,-0.00036871482943125,-0.00036871482943125
2024-11-19,-0.0003711378076724,-0.0003866647542848882,-0.0004639222595905,-0.0004639222595905
2024-11-20,0.00010705092486855,0.00011157069780522727,0.0001338136560856875,0.0001338136560856875
2024-11-21,-0.0001554198571868,-0.0001626449171654995,-0.00019427482148350002,-0.00019427482148350002
2024-11-22,-0.00036646590346905,-0.0003835047991294991,-0.00045808237933631253,-0.00045808237933631253
2024-11-25,-0.00017322950991215,-0.0001812796113208089,-0.0002165368873901875,-0.0002165368873901875
2024-11-26,-0.00017817467598242498,-0.00018691069053044162,-0.00022271834497803123,-0.00022271834497803123
2024-11-27,0.00042800598668567036,0.00044933916888461293,0.000535007483357088,0.000535007483357088
2024-11-29,0.00045329421746609995,0.00047594138176054404,0.0005666177718326249,0.0005666177718326249
2024-12-02,0.000445976917385575,0.00046809423587399623,0.0005574711467319687,0.0005574711467319687
2024-12-03,0.000386325922521725,0.00041491105635999096,0.0004829074031521563,0.0004829074031521563
2024-12-04,-4.900424111424999e-06,-5.27559175156401e-06,-6.125530139281249e-06,-6.125530139281249e-06
2024-12-05,7.783649456805e-05,8.380040466028148e-05,9.72956182100625e-05,9.72956182100625e-05
2024-12-06,0.000473032361035225,0.0005127788760010163,0.0005912904512940313,0.0005912904512940313
2024-12-09,0.000983031311064125,0.0010687536921003638,0.0012287891388301562,0.0012287891388301562
2024-12-10,-0.0005782764838076001,-0.0006309813500823163,-0.0007228456047595,-0.0007228456047595
2024-12-11,-0.000550498567648825,-0.0006124504561186334,-0.0006881232095610313,-0.0006881232095610313
2024-12-12,2.807374196515e-05,3.122856135683612e-05,3.50921774564375e-05,3.50921774564375e-05
2024-12-13,-7.267514688568382e-05,-8.102009045772617e-05,-9.084393360710478e-05,-9.084393360710478e-05
2024-12-16,-5.7499623433225006e-05,-6.416938223157287e-05,-7.187452929153125e-05,-7.187452929153125e-05
2024-12-17,-0.0002392521629583824,-0.0002673044577626997,-0.000299065203697978,-0.000299065203697978
2024-12-18,0.000132162591206375,0.00014835920665161523,0.00016520323900796874,0.00016520323900796874
2024-12-19,-9.671973673477501e-05,-0.00010858552292045901,-0.00012089967091846877,-0.00012089967091846877
2024-12-20,0.0007544487561409251,0.0008499923292352582,0.0009430609451761563,0.0009430609451761563
2024-12-23,-0.0022654822720416,-0.002557817362657807,-0.002831852840052,-0.002831852840052
2024-12-24,0.00080673370392015,0.0009091342682709176,0.0010084171299001876,0.0010084171299001876
2024-12-26,-1.1612762919959936e-05,-1.3081266174328323e-05,-1.451595364994992e-05,-1.451595364994992e-05
2024-12-27,-0.002746760277848475,-0.003128205385653265,-0.0034334503473105937,-0.0034334503473105937
2024-12-30,-0.00143822932080855,-0.0016345225771006474,-0.0017977866510106874,-0.0017977866510106874
2024-12-31,-0.00077000743700895,-0.000874204150576079,-0.0009625092962611875,-0.0009625092962611875
