date,pair,strategy_return,strategy_return_gross,position_change,segment,weight,weighted_return
2017-07-05,MCHP/TXN,-0.0,-0.0,0.0,0,0.35,-0.0
2017-07-05,AMZN/META,0.0,0.0,0.0,0,0.35,0.0
2017-07-05,MS/STT,0.0,0.0,0.0,0,0.3,0.0
2017-07-06,MCHP/TXN,0.0,0.0,0.0,0,0.35,0.0
2017-07-06,AMZN/META,-0.0,-0.0,0.0,0,0.35,-0.0
2017-07-06,MS/STT,0.0,0.0,0.0,0,0.3,0.0
2017-07-07,MCHP/TXN,0.0,0.0,0.0,0,0.35,0.0
2017-07-07,AMZN/META,0.0,0.0,0.0,0,0.35,0.0
2017-07-07,MS/STT,0.0012577576958123,0.0022577576958123,1.0,0,0.3,0.0003773273087436
2017-07-10,MCHP/TXN,0.0,0.0,0.0,0,0.35,0.0
2017-07-10,AMZN/META,0.0,0.0,0.0,0,0.35,0.0
2017-07-10,MS/STT,0.0040013979579087,0.0040013979579087,0.0,0,0.3,0.0012004193873726
2017-07-11,MCHP/TXN,0.0,0.0,0.0,0,0.35,0.0
2017-07-11,AMZN/META,0.0,0.0,0.0,0,0.35,0.0
2017-07-11,MS/STT,-0.0006757414446757,-0.0006757414446757,0.0,0,0.3,-0.0002027224334027
2017-07-12,MCHP/TXN,0.0,0.0,0.0,0,0.35,0.0
2017-07-12,AMZN/META,-0.0129641029904118,-0.0119641029904118,1.0,0,0.35,-0.0045374360466441
2017-07-12,MS/STT,0.0101999986093888,0.0101999986093888,0.0,0,0.3,0.0030599995828166
2017-07-13,MCHP/TXN,0.0,0.0,0.0,0,0.35,0.0
2017-07-13,AMZN/META,-0.0034103032668881,-0.0034103032668881,0.0,0,0.35,-0.0011936061434108
2017-07-13,MS/STT,-0.002668108488715,-0.002668108488715,0.0,0,0.3,-0.0008004325466145
2017-07-14,MCHP/TXN,0.0,0.0,0.0,0,0.35,0.0
2017-07-14,AMZN/META,-0.0026477217670166,-0.0026477217670166,0.0,0,0.35,-0.0009267026184558
2017-07-14,MS/STT,0.0051976929199902,0.0051976929199902,0.0,0,0.3,0.001559307875997
2017-07-17,MCHP/TXN,-0.0,-0.0,0.0,0,0.35,-0.0
2017-07-17,AMZN/META,0.0036627649256377,0.0036627649256377,0.0,0,0.35,0.0012819677239731
2017-07-17,MS/STT,0.000894367699259,0.000894367699259,0.0,0,0.3,0.0002683103097777
2017-07-18,MCHP/TXN,0.0,0.0,0.0,0,0.35,0.0
2017-07-18,AMZN/META,-0.0086782877598457,-0.0086782877598457,0.0,0,0.35,-0.0030374007159459
2017-07-18,MS/STT,-0.0001180664653144,-0.0001180664653144,0.0,0,0.3,-3.5419939594320006e-05
2017-07-19,MCHP/TXN,-0.0,-0.0,0.0,0,0.35,-0.0
2017-07-19,AMZN/META,-0.004554197450627,-0.004554197450627,0.0,0,0.35,-0.0015939691077194
2017-07-19,MS/STT,-0.025058601403889,-0.025058601403889,0.0,0,0.3,-0.0075175804211667
2017-07-20,MCHP/TXN,0.0,0.0,0.0,0,0.35,0.0
2017-07-20,AMZN/META,-0.0010276884513996,-0.0010276884513996,0.0,0,0.35,-0.0003596909579898
2017-07-20,MS/STT,-0.001,-0.0,1.0,0,0.3,-0.0003
2017-07-21,MCHP/TXN,0.0,0.0,0.0,0,0.35,0.0
2017-07-21,AMZN/META,-0.0005467265994622,-0.0005467265994622,0.0,0,0.35,-0.0001913543098117
2017-07-21,MS/STT,0.0,0.0,0.0,0,0.3,0.0
2017-07-24,MCHP/TXN,-0.0,-0.0,0.0,0,0.35,-0.0
2017-07-24,AMZN/META,-0.0022294430167845,-0.0022294430167845,0.0,0,0.35,-0.0007803050558745
2017-07-24,MS/STT,-0.0,-0.0,0.0,0,0.3,-0.0
2017-07-25,MCHP/TXN,0.0,0.0,0.0,0,0.35,0.0
2017-07-25,AMZN/META,0.0032127857348705,0.0032127857348705,0.0,0,0.35,0.0011244750072046
2017-07-25,MS/STT,0.0,0.0,0.0,0,0.3,0.0
2017-07-26,MCHP/TXN,-0.0,-0.0,0.0,0,0.35,-0.0
2017-07-26,AMZN/META,0.0027064646527032,0.0027064646527032,0.0,0,0.35,0.0009472626284461
2017-07-26,MS/STT,-0.0,-0.0,0.0,0,0.3,-0.0
2017-07-27,MCHP/TXN,0.0,0.0,0.0,0,0.35,0.0
2017-07-27,AMZN/META,-0.0217678244487545,-0.0217678244487545,0.0,0,0.35,-0.007618738557064
2017-07-27,MS/STT,0.0,0.0,0.0,0,0.3,0.0
2017-07-28,MCHP/TXN,-0.0,-0.0,0.0,0,0.35,-0.0
2017-07-28,AMZN/META,-0.016052537103289,-0.016052537103289,0.0,0,0.35,-0.0056183879861511
2017-07-28,MS/STT,-0.0,-0.0,0.0,0,0.3,-0.0
2017-07-31,MCHP/TXN,0.0,0.0,0.0,0,0.35,0.0
2017-07-31,AMZN/META,0.0020985891019512,0.0020985891019512,0.0,0,0.35,0.0007345061856829
2017-07-31,MS/STT,0.0,0.0,0.0,0,0.3,0.0
2017-08-01,MCHP/TXN,0.0,0.0,0.0,0,0.35,0.0
2017-08-01,AMZN/META,0.0003713947129128,0.0003713947129128,0.0,0,0.35,0.0001299881495194
2017-08-01,MS/STT,0.0,0.0,0.0,0,0.3,0.0
2017-08-02,MCHP/TXN,-0.0,-0.0,0.0,0,0.35,-0.0
2017-08-02,AMZN/META,0.0021151138561345,0.0021151138561345,0.0,0,0.35,0.000740289849647
2017-08-02,MS/STT,-0.0,-0.0,0.0,0,0.3,-0.0
2017-08-03,MCHP/TXN,-0.0,-0.0,0.0,0,0.35,-0.0
2017-08-03,AMZN/META,-0.0001442424623775,-0.0001442424623775,0.0,0,0.35,-5.048486183212499e-05
2017-08-03,MS/STT,0.0,0.0,0.0,0,0.3,0.0
2017-08-04,MCHP/TXN,-0.0,-0.0,0.0,0,0.35,-0.0
2017-08-04,AMZN/META,-0.0038810930291894,-0.0038810930291894,0.0,0,0.35,-0.0013583825602162
2017-08-04,MS/STT,0.0,0.0,0.0,0,0.3,0.0
2017-08-07,MCHP/TXN,-0.0029304807780882,-0.0019304807780882,1.0,0,0.35,-0.0010256682723308
2017-08-07,AMZN/META,-0.0077735020342235,-0.0077735020342235,0.0,0,0.35,-0.0027207257119782
2017-08-07,MS/STT,0.0,0.0,0.0,0,0.3,0.0
2017-08-08,MCHP/TXN,0.0037454235105269,0.0037454235105269,0.0,0,0.35,0.0013108982286844
2017-08-08,AMZN/META,-0.001,-0.0,1.0,0,0.35,-0.00035
2017-08-08,MS/STT,-0.0,-0.0,0.0,0,0.3,-0.0
2017-08-09,MCHP/TXN,0.0036900574469646,0.0036900574469646,0.0,0,0.35,0.0012915201064376
2017-08-09,AMZN/META,0.0,0.0,0.0,0,0.35,0.0
2017-08-09,MS/STT,-0.0,-0.0,0.0,0,0.3,-0.0
2017-08-10,MCHP/TXN,-0.0023209484421476,-0.0023209484421476,0.0,0,0.35,-0.0008123319547516
2017-08-10,AMZN/META,-0.0,-0.0,0.0,0,0.35,-0.0
2017-08-10,MS/STT,-0.0,-0.0,0.0,0,0.3,-0.0
2017-08-11,MCHP/TXN,-0.0009578140342918,-0.0009578140342918,0.0,0,0.35,-0.0003352349120021
2017-08-11,AMZN/META,-0.0,-0.0,0.0,0,0.35,-0.0
2017-08-11,MS/STT,-0.0,-0.0,0.0,0,0.3,-0.0
2017-08-14,MCHP/TXN,-0.0004718218306187,-0.0004718218306187,0.0,0,0.35,-0.0001651376407165
2017-08-14,AMZN/META,0.0,0.0,0.0,0,0.35,0.0
2017-08-14,MS/STT,0.0,0.0,0.0,0,0.3,0.0
2017-08-15,MCHP/TXN,-0.0020313622933348,-0.0020313622933348,0.0,0,0.35,-0.0007109768026671
2017-08-15,AMZN/META,0.0,0.0,0.0,0,0.35,0.0
2017-08-15,MS/STT,-0.0,-0.0,0.0,0,0.3,-0.0
2017-08-16,MCHP/TXN,0.004317967617096,0.004317967617096,0.0,0,0.35,0.0015112886659835
2017-08-16,AMZN/META,-0.0,-0.0,0.0,0,0.35,-0.0
2017-08-16,MS/STT,-0.0,-0.0,0.0,0,0.3,-0.0
2017-08-17,MCHP/TXN,-0.0061708211503245,-0.0061708211503245,0.0,0,0.35,-0.0021597874026135
2017-08-17,AMZN/META,-0.0,-0.0,0.0,0,0.35,-0.0
2017-08-17,MS/STT,-0.0,-0.0,0.0,0,0.3,-0.0
2017-08-18,MCHP/TXN,-0.0009827206184643,-0.0009827206184643,0.0,0,0.35,-0.0003439522164625
2017-08-18,AMZN/META,0.0,0.0,0.0,0,0.35,0.0
2017-08-18,MS/STT,0.0,0.0,0.0,0,0.3,0.0
2017-08-21,MCHP/TXN,-0.0003438837592093,-0.0003438837592093,0.0,0,0.35,-0.0001203593157232
2017-08-21,AMZN/META,0.0,0.0,0.0,0,0.35,0.0
2017-08-21,MS/STT,-0.0,-0.0,0.0,0,0.3,-0.0
2017-08-22,MCHP/TXN,0.0004976792041257,0.0004976792041257,0.0,0,0.35,0.0001741877214439
2017-08-22,AMZN/META,0.0,0.0,0.0,0,0.35,0.0
2017-08-22,MS/STT,0.0,0.0,0.0,0,0.3,0.0
2017-08-23,MCHP/TXN,9.410559689058558e-05,9.410559689058558e-05,0.0,0,0.35,3.293695891170495e-05
2017-08-23,AMZN/META,-0.0,-0.0,0.0,0,0.35,-0.0
2017-08-23,MS/STT,0.0,0.0,0.0,0,0.3,0.0
2017-08-24,MCHP/TXN,0.0036712129623098,0.0036712129623098,0.0,0,0.35,0.0012849245368084
2017-08-24,AMZN/META,-0.0,-0.0,0.0,0,0.35,-0.0
2017-08-24,MS/STT,0.0,0.0,0.0,0,0.3,0.0
2017-08-25,MCHP/TXN,-0.0016762424912681,-0.0016762424912681,0.0,0,0.35,-0.0005866848719438
2017-08-25,AMZN/META,-0.0,-0.0,0.0,0,0.35,-0.0
2017-08-25,MS/STT,0.0,0.0,0.0,0,0.3,0.0
2017-08-28,MCHP/TXN,-0.0071748317327993,-0.0071748317327993,0.0,0,0.35,-0.0025111911064797
2017-08-28,AMZN/META,0.0,0.0,0.0,0,0.35,0.0
2017-08-28,MS/STT,-0.0,-0.0,0.0,0,0.3,-0.0
2017-08-29,MCHP/TXN,0.0016452833250497,0.0016452833250497,0.0,0,0.35,0.0005758491637673
2017-08-29,AMZN/META,0.0,0.0,0.0,0,0.35,0.0
2017-08-29,MS/STT,0.0,0.0,0.0,0,0.3,0.0
2017-08-30,MCHP/TXN,0.0004180173791274,0.0004180173791274,0.0,0,0.35,0.0001463060826945
2017-08-30,AMZN/META,0.0,0.0,0.0,0,0.35,0.0
2017-08-30,MS/STT,0.0,0.0,0.0,0,0.3,0.0
2017-08-31,MCHP/TXN,-0.0016269199265236,-0.0016269199265236,0.0,0,0.35,-0.0005694219742832
2017-08-31,AMZN/META,0.0,0.0,0.0,0,0.35,0.0
2017-08-31,MS/STT,-0.0,-0.0,0.0,0,0.3,-0.0
2017-09-01,MCHP/TXN,-0.001,-0.0,1.0,0,0.35,-0.00035
2017-09-01,AMZN/META,0.0,0.0,0.0,0,0.35,0.0
2017-09-01,MS/STT,0.0,0.0,0.0,0,0.3,0.0
2017-09-05,MCHP/TXN,0.0,0.0,0.0,0,0.35,0.0
2017-09-05,AMZN/META,-0.0,-0.0,0.0,0,0.35,-0.0
2017-09-05,MS/STT,-0.0,-0.0,0.0,0,0.3,-0.0
2017-09-06,MCHP/TXN,0.0,0.0,0.0,0,0.35,0.0
2017-09-06,AMZN/META,0.0,0.0,0.0,0,0.35,0.0
2017-09-06,MS/STT,0.0,0.0,0.0,0,0.3,0.0
2017-09-07,MCHP/TXN,-0.0,-0.0,0.0,0,0.35,-0.0
2017-09-07,AMZN/META,0.0,0.0,0.0,0,0.35,0.0
2017-09-07,MS/STT,-0.0,-0.0,0.0,0,0.3,-0.0
2017-09-08,MCHP/TXN,-0.0,-0.0,0.0,0,0.35,-0.0
2017-09-08,AMZN/META,-0.0,-0.0,0.0,0,0.35,-0.0
2017-09-08,MS/STT,-0.0,-0.0,0.0,0,0.3,-0.0
2017-09-11,MCHP/TXN,-0.0,-0.0,0.0,0,0.35,-0.0
2017-09-11,AMZN/META,0.0,0.0,0.0,0,0.35,0.0
2017-09-11,MS/STT,0.0040654969330034,0.0050654969330034,1.0,0,0.3,0.001219649079901
2017-09-12,MCHP/TXN,0.0,0.0,0.0,0,0.35,0.0
2017-09-12,AMZN/META,-0.0,-0.0,0.0,0,0.35,-0.0
2017-09-12,MS/STT,0.0040134478374172,0.0040134478374172,0.0,0,0.3,0.0012040343512251
2017-09-13,MCHP/TXN,-0.0,-0.0,0.0,0,0.35,-0.0
2017-09-13,AMZN/META,-0.0,-0.0,0.0,0,0.35,-0.0
2017-09-13,MS/STT,0.0088942485758282,0.0088942485758282,0.0,0,0.3,0.0026682745727484
2017-09-14,MCHP/TXN,0.0,0.0,0.0,0,0.35,0.0
2017-09-14,AMZN/META,-0.0,-0.0,0.0,0,0.35,-0.0
2017-09-14,MS/STT,0.0031685958408178,0.0031685958408178,0.0,0,0.3,0.0009505787522453
2017-09-15,MCHP/TXN,0.0,0.0,0.0,0,0.35,0.0
2017-09-15,AMZN/META,0.0,0.0,0.0,0,0.35,0.0
2017-09-15,MS/STT,0.0023891071992822,0.0023891071992822,0.0,0,0.3,0.0007167321597846
2017-09-18,MCHP/TXN,-0.003862467774951,-0.002862467774951,1.0,0,0.35,-0.0013518637212328
2017-09-18,AMZN/META,-0.0,-0.0,0.0,0,0.35,-0.0
2017-09-18,MS/STT,0.0048245650801824,0.0048245650801824,0.0,0,0.3,0.0014473695240547
2017-09-19,MCHP/TXN,-0.0047625507715228,-0.0047625507715228,0.0,0,0.35,-0.0016668927700329
2017-09-19,AMZN/META,0.0,0.0,0.0,0,0.35,0.0
2017-09-19,MS/STT,-0.0004789627400808,-0.0004789627400808,0.0,0,0.3,-0.0001436888220242
2017-09-20,MCHP/TXN,-0.005149747260073,-0.005149747260073,0.0,0,0.35,-0.0018024115410255
2017-09-20,AMZN/META,-0.0,-0.0,0.0,0,0.35,-0.0
2017-09-20,MS/STT,0.0018143787476445,0.0018143787476445,0.0,0,0.3,0.0005443136242933
2017-09-21,MCHP/TXN,-0.0012470372487531,-0.0012470372487531,0.0,0,0.35,-0.0004364630370635
2017-09-21,AMZN/META,-0.0,-0.0,0.0,0,0.35,-0.0
2017-09-21,MS/STT,0.003537750288615,0.003537750288615,0.0,0,0.3,0.0010613250865845
2017-09-22,MCHP/TXN,-0.009294669669715,-0.009294669669715,0.0,0,0.35,-0.0032531343844002
2017-09-22,AMZN/META,0.0,0.0,0.0,0,0.35,0.0
2017-09-22,MS/STT,0.0014296646902639,0.0014296646902639,0.0,0,0.3,0.0004288994070791
2017-09-25,MCHP/TXN,-0.0021836695055672,-0.0021836695055672,0.0,0,0.35,-0.0007642843269485
2017-09-25,AMZN/META,-0.0,-0.0,0.0,0,0.35,-0.0
2017-09-25,MS/STT,-4.224056953925233e-05,-4.224056953925233e-05,0.0,0,0.3,-1.26721708617757e-05
2017-09-26,MCHP/TXN,-0.0027890705503364,-0.0027890705503364,0.0,0,0.35,-0.0009761746926177
2017-09-26,AMZN/META,0.0,0.0,0.0,0,0.35,0.0
2017-09-26,MS/STT,-0.0004664293511667,-0.0004664293511667,0.0,0,0.3,-0.00013992880535
2017-09-27,MCHP/TXN,-0.0021006779787104,-0.0021006779787104,0.0,0,0.35,-0.0007352372925486
2017-09-27,AMZN/META,0.0,0.0,0.0,0,0.35,0.0
2017-09-27,MS/STT,-0.0011024425395234,-0.0011024425395234,0.0,0,0.3,-0.000330732761857
2017-09-28,MCHP/TXN,-0.0045834142588789,-0.0045834142588789,0.0,0,0.35,-0.0016041949906076
2017-09-28,AMZN/META,0.0,0.0,0.0,0,0.35,0.0
2017-09-28,MS/STT,-0.0004100372961797,-0.0004100372961797,0.0,0,0.3,-0.0001230111888539
2017-09-29,MCHP/TXN,0.0030030858289344,0.0030030858289344,0.0,0,0.35,0.001051080040127
2017-09-29,AMZN/META,0.0,0.0,0.0,0,0.35,0.0
2017-09-29,MS/STT,-0.0005030389472376,-0.0005030389472376,0.0,0,0.3,-0.0001509116841712
2017-10-02,MCHP/TXN,0.0034460233715891,0.0034460233715891,0.0,0,0.35,0.0012061081800561
2017-10-02,AMZN/META,-0.0,-0.0,0.0,0,0.35,-0.0
2017-10-02,MS/STT,0.004510431683069,0.004510431683069,0.0,0,0.3,0.0013531295049207
2017-10-03,MCHP/TXN,0.0,0.0,0.0,1,0.315451067446421,0.0
2017-10-03,MS/STT,0.0,0.0,0.0,1,0.2357679028881778,0.0
2017-10-03,TLH/VGLT,0.0,0.0,0.0,1,0.35,0.0
2017-10-03,AMD/AVGO,0.0,0.0,0.0,1,0.0987810296654011,0.0
2017-10-04,MCHP/TXN,-0.0,-0.0,0.0,1,0.315451067446421,-0.0
2017-10-04,MS/STT,-0.0,-0.0,0.0,1,0.2357679028881778,-0.0
2017-10-04,TLH/VGLT,-0.0,-0.0,0.0,1,0.35,-0.0
2017-10-04,AMD/AVGO,-0.0,-0.0,0.0,1,0.0987810296654011,-0.0
2017-10-05,MCHP/TXN,0.0,0.0,0.0,1,0.315451067446421,0.0
2017-10-05,MS/STT,-0.0,-0.0,0.0,1,0.2357679028881778,-0.0
2017-10-05,TLH/VGLT,0.0,0.0,0.0,1,0.35,0.0
2017-10-05,AMD/AVGO,-0.0,-0.0,0.0,1,0.0987810296654011,-0.0
2017-10-06,MCHP/TXN,0.0,0.0,0.0,1,0.315451067446421,0.0
2017-10-06,MS/STT,0.0,0.0,0.0,1,0.2357679028881778,0.0
2017-10-06,TLH/VGLT,-0.0,-0.0,0.0,1,0.35,-0.0
2017-10-06,AMD/AVGO,-0.0,-0.0,0.0,1,0.0987810296654011,-0.0
2017-10-09,MCHP/TXN,0.0,0.0,0.0,1,0.315451067446421,0.0
2017-10-09,MS/STT,-0.0,-0.0,0.0,1,0.2357679028881778,-0.0
2017-10-09,TLH/VGLT,0.0,0.0,0.0,1,0.35,0.0
2017-10-09,AMD/AVGO,0.0,0.0,0.0,1,0.0987810296654011,0.0
2017-10-10,MCHP/TXN,0.0,0.0,0.0,1,0.315451067446421,0.0
2017-10-10,MS/STT,-0.0,-0.0,0.0,1,0.2357679028881778,-0.0
2017-10-10,TLH/VGLT,-0.0,-0.0,0.0,1,0.35,-0.0
2017-10-10,AMD/AVGO,0.0,0.0,0.0,1,0.0987810296654011,0.0
2017-10-11,MCHP/TXN,0.0,0.0,0.0,1,0.315451067446421,0.0
2017-10-11,MS/STT,-0.0,-0.0,0.0,1,0.2357679028881778,-0.0
2017-10-11,TLH/VGLT,-0.0,-0.0,0.0,1,0.35,-0.0
2017-10-11,AMD/AVGO,-0.0,-0.0,0.0,1,0.0987810296654011,-0.0
2017-10-12,MCHP/TXN,-0.0,-0.0,0.0,1,0.315451067446421,-0.0
2017-10-12,MS/STT,-0.0,-0.0,0.0,1,0.2357679028881778,-0.0
2017-10-12,TLH/VGLT,0.0,0.0,0.0,1,0.35,0.0
2017-10-12,AMD/AVGO,0.0,0.0,0.0,1,0.0987810296654011,0.0
2017-10-13,MCHP/TXN,0.0,0.0,0.0,1,0.315451067446421,0.0
2017-10-13,MS/STT,-0.0,-0.0,0.0,1,0.2357679028881778,-0.0
2017-10-13,TLH/VGLT,-0.0,-0.0,0.0,1,0.35,-0.0
2017-10-13,AMD/AVGO,0.0,0.0,0.0,1,0.0987810296654011,0.0
2017-10-16,MCHP/TXN,0.0,0.0,0.0,1,0.315451067446421,0.0
2017-10-16,MS/STT,0.0,0.0,0.0,1,0.2357679028881778,0.0
2017-10-16,TLH/VGLT,-0.0,-0.0,0.0,1,0.35,-0.0
2017-10-16,AMD/AVGO,0.0,0.0,0.0,1,0.0987810296654011,0.0
2017-10-17,MCHP/TXN,0.0,0.0,0.0,1,0.315451067446421,0.0
2017-10-17,MS/STT,0.0,0.0,0.0,1,0.2357679028881778,0.0
2017-10-17,TLH/VGLT,-0.0,-0.0,0.0,1,0.35,-0.0
2017-10-17,AMD/AVGO,0.0,0.0,0.0,1,0.0987810296654011,0.0
2017-10-18,MCHP/TXN,-0.0,-0.0,0.0,1,0.315451067446421,-0.0
2017-10-18,MS/STT,0.0,0.0,0.0,1,0.2357679028881778,0.0
2017-10-18,TLH/VGLT,0.0,0.0,0.0,1,0.35,0.0
2017-10-18,AMD/AVGO,-0.0,-0.0,0.0,1,0.0987810296654011,-0.0
2017-10-19,MCHP/TXN,-0.0,-0.0,0.0,1,0.315451067446421,-0.0
2017-10-19,MS/STT,0.0,0.0,0.0,1,0.2357679028881778,0.0
2017-10-19,TLH/VGLT,-0.0,-0.0,0.0,1,0.35,-0.0
2017-10-19,AMD/AVGO,-0.0,-0.0,0.0,1,0.0987810296654011,-0.0
2017-10-20,MCHP/TXN,0.0,0.0,0.0,1,0.315451067446421,0.0
2017-10-20,MS/STT,0.0,0.0,0.0,1,0.2357679028881778,0.0
2017-10-20,TLH/VGLT,0.0,0.0,0.0,1,0.35,0.0
2017-10-20,AMD/AVGO,-0.0,-0.0,0.0,1,0.0987810296654011,-0.0
2017-10-23,MCHP/TXN,0.0,0.0,0.0,1,0.315451067446421,0.0
2017-10-23,MS/STT,0.0,0.0,0.0,1,0.2357679028881778,0.0
2017-10-23,TLH/VGLT,0.0,0.0,0.0,1,0.35,0.0
2017-10-23,AMD/AVGO,0.0,0.0,0.0,1,0.0987810296654011,0.0
2017-10-24,MCHP/TXN,-0.0,-0.0,0.0,1,0.315451067446421,-0.0
2017-10-24,MS/STT,-0.0046182415224168,-0.0036182415224168,1.0,1,0.2357679028881778,-0.0010888331187713
2017-10-24,TLH/VGLT,-0.0,-0.0,0.0,1,0.35,-0.0
2017-10-24,AMD/AVGO,-0.0,-0.0,0.0,1,0.0987810296654011,-0.0
2017-10-25,MCHP/TXN,0.0,0.0,0.0,1,0.315451067446421,0.0
2017-10-25,MS/STT,-0.0057942451686106,-0.0057942451686106,0.0,1,0.2357679028881778,-0.0013660970322232
2017-10-25,TLH/VGLT,0.0,0.0,0.0,1,0.35,0.0
2017-10-25,AMD/AVGO,-0.0,-0.0,0.0,1,0.0987810296654011,-0.0
2017-10-26,MCHP/TXN,-0.0,-0.0,0.0,1,0.315451067446421,-0.0
2017-10-26,MS/STT,0.0008606311337302,0.0008606311337302,0.0,1,0.2357679028881778,0.0002029091975598
2017-10-26,TLH/VGLT,0.0,0.0,0.0,1,0.35,0.0
2017-10-26,AMD/AVGO,-0.0,-0.0,0.0,1,0.0987810296654011,-0.0
2017-10-27,MCHP/TXN,0.0,0.0,0.0,1,0.315451067446421,0.0
2017-10-27,MS/STT,-0.0101433682001443,-0.0101433682001443,0.0,1,0.2357679028881778,-0.0023914806487706
2017-10-27,TLH/VGLT,-0.0,-0.0,0.0,1,0.35,-0.0
2017-10-27,AMD/AVGO,-0.0273773790112809,-0.0263773790112809,1.0,1,0.0987810296654011,-0.0027043656882742
2017-10-30,MCHP/TXN,-0.0,-0.0,0.0,1,0.315451067446421,-0.0
2017-10-30,MS/STT,0.0036398485349784,0.0036398485349784,0.0,1,0.2357679028881778,0.0008581594559224
2017-10-30,TLH/VGLT,-0.0,-0.0,0.0,1,0.35,-0.0
2017-10-30,AMD/AVGO,-0.0556591231159218,-0.0556591231159218,0.0,1,0.0987810296654011,-0.005498065491664
2017-10-31,MCHP/TXN,0.0046253396316097,0.0056253396316097,1.0,1,0.315451067446421,0.0014590683240935
2017-10-31,MS/STT,-0.0015459911013951,-0.0015459911013951,0.0,1,0.2357679028881778,-0.0003644950798597
2017-10-31,TLH/VGLT,0.0,0.0,0.0,1,0.35,0.0
2017-10-31,AMD/AVGO,-0.0007587358391812,-0.0007587358391812,0.0,1,0.0987810296654011,-7.494870743836116e-05
2017-11-01,MCHP/TXN,0.005855085878806,0.005855085878806,0.0,1,0.315451067446421,0.0018469930904598
2017-11-01,MS/STT,0.005223794715083,0.005223794715083,0.0,1,0.2357679028881778,0.0012316031250934
2017-11-01,TLH/VGLT,-0.0,-0.0,0.0,1,0.35,-0.0
2017-11-01,AMD/AVGO,0.0002976671561799,0.0002976671561799,0.0,1,0.0987810296654011,2.9403868185022303e-05
2017-11-02,MCHP/TXN,0.000576577690331,0.000576577690331,0.0,1,0.315451067446421,0.0001818820478807
2017-11-02,MS/STT,-0.0072110700404924,-0.0072110700404924,0.0,1,0.2357679028881778,-0.0017001388610266
2017-11-02,TLH/VGLT,-0.0,-0.0,0.0,1,0.35,-0.0
2017-11-02,AMD/AVGO,0.0018971168339297,0.0018971168339297,0.0,1,0.0987810296654011,0.0001873991542511
2017-11-03,MCHP/TXN,0.0063054074063635,0.0063054074063635,0.0,1,0.315451067446421,0.0019890474970219
2017-11-03,MS/STT,0.0043456243879311,0.0043456243879311,0.0,1,0.2357679028881778,0.0010245587486822
2017-11-03,TLH/VGLT,-0.0,-0.0,0.0,1,0.35,-0.0
2017-11-03,AMD/AVGO,-0.0148095063804173,-0.0148095063804173,0.0,1,0.0987810296654011,-0.0014628982890939
2017-11-06,MCHP/TXN,-0.0041988332059657,-0.0041988332059657,0.0,1,0.315451067446421,-0.0013245264168513
2017-11-06,MS/STT,-0.0024895029991353,-0.0024895029991353,0.0,1,0.2357679028881778,-0.0005869449013399
2017-11-06,TLH/VGLT,-0.0,-0.0,0.0,1,0.35,-0.0
2017-11-06,AMD/AVGO,0.0296064105071305,0.0296064105071305,0.0,1,0.0987810296654011,0.0029245517145909
2017-11-07,MCHP/TXN,0.0162538265635932,0.0162538265635932,0.0,1,0.315451067446421,0.0051272869395744
2017-11-07,MS/STT,-0.0021237432012922,-0.0021237432012922,0.0,1,0.2357679028881778,-0.0005007104808416
2017-11-07,TLH/VGLT,-0.0,-0.0,0.0,1,0.35,-0.0
2017-11-07,AMD/AVGO,0.0161552314951567,0.0161552314951567,0.0,1,0.0987810296654011,0.0015958304015744
2017-11-08,MCHP/TXN,-0.0059912245378861,-0.0059912245378861,0.0,1,0.315451067446421,-0.0018899381757873
2017-11-08,MS/STT,0.0081693327095405,0.0081693327095405,0.0,1,0.2357679028881778,0.0019260664409241
2017-11-08,TLH/VGLT,0.0,0.0,0.0,1,0.35,0.0
2017-11-08,AMD/AVGO,-0.0161671062554362,-0.0161671062554362,0.0,1,0.0987810296654011,-0.0015970034026219
2017-11-09,MCHP/TXN,0.000717818947531,0.000717818947531,0.0,1,0.315451067446421,0.0002264367532319
2017-11-09,MS/STT,0.0005647056583284,0.0005647056583284,0.0,1,0.2357679028881778,0.0001331394688131
2017-11-09,TLH/VGLT,-0.0,-0.0,0.0,1,0.35,-0.0
2017-11-09,AMD/AVGO,-0.0130237133436813,-0.0130237133436813,0.0,1,0.0987810296654011,-0.0012864958141558
2017-11-10,MCHP/TXN,-0.0040981637965339,-0.0040981637965339,0.0,1,0.315451067446421,-0.0012927701441868
2017-11-10,MS/STT,4.358219358083013e-05,4.358219358083013e-05,0.0,1,0.2357679028881778,1.0275282383818923e-05
2017-11-10,TLH/VGLT,0.0,0.0,0.0,1,0.35,0.0
2017-11-10,AMD/AVGO,0.0076128848608232,0.0076128848608232,0.0,1,0.0987810296654011,0.0007520086052762
2017-11-13,MCHP/TXN,0.0029959988139327,0.0029959988139327,0.0,1,0.315451067446421,0.0009450910239232
2017-11-13,MS/STT,0.0021450589637279,0.0021450589637279,0.0,1,0.2357679028881778,0.0005057360534496
2017-11-13,TLH/VGLT,-0.0,-0.0,0.0,1,0.35,-0.0
2017-11-13,AMD/AVGO,-0.0077023938972299,-0.0077023938972299,0.0,1,0.0987810296654011,-0.0007608504000568
2017-11-14,MCHP/TXN,-0.0003753487213113,-0.0003753487213113,0.0,1,0.315451067446421,-0.0001184041548022
2017-11-14,MS/STT,0.0054132651405995,0.0054132651405995,0.0,1,0.2357679028881778,0.0012762741699768
2017-11-14,TLH/VGLT,-0.0,-0.0,0.0,1,0.35,-0.0
2017-11-14,AMD/AVGO,0.0046371316989823,0.0046371316989823,0.0,1,0.0987810296654011,0.0004580606439195
2017-11-15,MCHP/TXN,0.0053493341927245,0.0053493341927245,0.0,1,0.315451067446421,0.0016874531812225
2017-11-15,MS/STT,0.0058971411571028,0.0058971411571028,0.0,1,0.2357679028881778,0.0013903566036456
2017-11-15,TLH/VGLT,-0.0,-0.0,0.0,1,0.35,-0.0
2017-11-15,AMD/AVGO,-0.0066726267077636,-0.0066726267077636,0.0,1,0.0987810296654011,-0.0006591289367657
2017-11-16,MCHP/TXN,0.0038201289026255,0.0038201289026255,0.0,1,0.315451067446421,0.0012050637401161
2017-11-16,MS/STT,-0.0028532713835311,-0.0028532713835311,0.0,1,0.2357679028881778,-0.0006727098104659
2017-11-16,TLH/VGLT,0.0,0.0,0.0,1,0.35,0.0
2017-11-16,AMD/AVGO,-0.0039248881231588,-0.0039248881231588,0.0,1,0.0987810296654011,-0.0003877044901271
2017-11-17,MCHP/TXN,-0.0058280524033923,-0.0058280524033923,0.0,1,0.315451067446421,-0.0018384653517837
2017-11-17,MS/STT,-0.0015556046192197,-0.0015556046192197,0.0,1,0.2357679028881778,-0.0003667616387965
2017-11-17,TLH/VGLT,-0.0,-0.0,0.0,1,0.35,-0.0
2017-11-17,AMD/AVGO,0.0062959130205624,0.0062959130205624,0.0,1,0.0987810296654011,0.0006219167708549
2017-11-20,MCHP/TXN,0.0011476316329361,0.0011476316329361,0.0,1,0.315451067446421,0.0003620216236449
2017-11-20,MS/STT,-0.001,0.0,1.0,1,0.2357679028881778,-0.0002357679028881
2017-11-20,TLH/VGLT,-0.0,-0.0,0.0,1,0.35,-0.0
2017-11-20,AMD/AVGO,-0.0072690694899694,-0.0072690694899694,0.0,1,0.0987810296654011,-0.0007180461689285
2017-11-21,MCHP/TXN,0.0032123763744247,0.0032123763744247,0.0,1,0.315451067446421,0.0010133475563519
2017-11-21,MS/STT,0.0,0.0,0.0,1,0.2357679028881778,0.0
2017-11-21,TLH/VGLT,-0.0,-0.0,0.0,1,0.35,-0.0
2017-11-21,AMD/AVGO,-0.0003947962301727,-0.0003947962301727,0.0,1,0.0987810296654011,-3.8998378124478026e-05
2017-11-22,MCHP/TXN,0.0001465293765694,0.0001465293765694,0.0,1,0.315451067446421,4.6222848251075824e-05
2017-11-22,MS/STT,-0.0,-0.0,0.0,1,0.2357679028881778,-0.0
2017-11-22,TLH/VGLT,0.0,0.0,0.0,1,0.35,0.0
2017-11-22,AMD/AVGO,0.0008440430074002,0.0008440430074002,0.0,1,0.0987810296654011,8.337543735287356e-05
2017-11-24,MCHP/TXN,0.0046216399204216,0.0046216399204216,0.0,1,0.315451067446421,0.0014579012462499
2017-11-24,MS/STT,0.0,0.0,0.0,1,0.2357679028881778,0.0
2017-11-24,TLH/VGLT,0.0,0.0,0.0,1,0.35,0.0
2017-11-24,AMD/AVGO,-0.001,-0.0,1.0,1,0.0987810296654011,-9.878102966540116e-05
2017-11-27,MCHP/TXN,0.0054274161036904,0.0054274161036904,0.0,1,0.315451067446421,0.001712084203385
2017-11-27,MS/STT,0.0,0.0,0.0,1,0.2357679028881778,0.0
2017-11-27,TLH/VGLT,0.0,0.0,0.0,1,0.35,0.0
2017-11-27,AMD/AVGO,0.0,0.0,0.0,1,0.0987810296654011,0.0
2017-11-28,MCHP/TXN,-0.001,-0.0,1.0,1,0.315451067446421,-0.0003154510674464
2017-11-28,MS/STT,0.0,0.0,0.0,1,0.2357679028881778,0.0
2017-11-28,TLH/VGLT,-0.0,-0.0,0.0,1,0.35,-0.0
2017-11-28,AMD/AVGO,-0.0,-0.0,0.0,1,0.0987810296654011,-0.0
2017-11-29,MCHP/TXN,0.0,0.0,0.0,1,0.315451067446421,0.0
2017-11-29,MS/STT,0.0,0.0,0.0,1,0.2357679028881778,0.0
2017-11-29,TLH/VGLT,0.0,0.0,0.0,1,0.35,0.0
2017-11-29,AMD/AVGO,-0.0,-0.0,0.0,1,0.0987810296654011,-0.0
2017-11-30,MCHP/TXN,0.0,0.0,0.0,1,0.315451067446421,0.0
2017-11-30,MS/STT,-0.0,-0.0,0.0,1,0.2357679028881778,-0.0
2017-11-30,TLH/VGLT,-0.0005479724179856,0.0004520275820143,1.0,1,0.35,-0.0001917903462949
2017-11-30,AMD/AVGO,-0.0,-0.0,0.0,1,0.0987810296654011,-0.0
2017-12-01,MCHP/TXN,-0.0,-0.0,0.0,1,0.315451067446421,-0.0
2017-12-01,MS/STT,0.0,0.0,0.0,1,0.2357679028881778,0.0
2017-12-01,TLH/VGLT,0.0015318563411584,0.0015318563411584,0.0,1,0.35,0.0005361497194054
2017-12-01,AMD/AVGO,0.0,0.0,0.0,1,0.0987810296654011,0.0
2017-12-04,MCHP/TXN,-0.0,-0.0,0.0,1,0.315451067446421,-0.0
2017-12-04,MS/STT,-0.0,-0.0,0.0,1,0.2357679028881778,-0.0
2017-12-04,TLH/VGLT,0.0005016993159989,0.0005016993159989,0.0,1,0.35,0.0001755947605996
2017-12-04,AMD/AVGO,-0.0,-0.0,0.0,1,0.0987810296654011,-0.0
2017-12-05,MCHP/TXN,0.0,0.0,0.0,1,0.315451067446421,0.0
2017-12-05,MS/STT,-0.0,-0.0,0.0,1,0.2357679028881778,-0.0
2017-12-05,TLH/VGLT,0.000604383892407,0.000604383892407,0.0,1,0.35,0.0002115343623424
2017-12-05,AMD/AVGO,-0.0,-0.0,0.0,1,0.0987810296654011,-0.0
2017-12-06,MCHP/TXN,0.0,0.0,0.0,1,0.315451067446421,0.0
2017-12-06,MS/STT,-0.0,-0.0,0.0,1,0.2357679028881778,-0.0
2017-12-06,TLH/VGLT,7.893535116852123e-05,7.893535116852123e-05,0.0,1,0.35,2.7627372908982432e-05
2017-12-06,AMD/AVGO,0.0,0.0,0.0,1,0.0987810296654011,0.0
2017-12-07,MCHP/TXN,-0.0,-0.0,0.0,1,0.315451067446421,-0.0
2017-12-07,MS/STT,0.0,0.0,0.0,1,0.2357679028881778,0.0
2017-12-07,TLH/VGLT,-0.0010235830854676,-0.0010235830854676,0.0,1,0.35,-0.0003582540799136
2017-12-07,AMD/AVGO,0.0,0.0,0.0,1,0.0987810296654011,0.0
2017-12-08,MCHP/TXN,0.0,0.0,0.0,1,0.315451067446421,0.0
2017-12-08,MS/STT,0.0,0.0,0.0,1,0.2357679028881778,0.0
2017-12-08,TLH/VGLT,0.0008475457563008,0.0008475457563008,0.0,1,0.35,0.0002966410147052
2017-12-08,AMD/AVGO,0.0,0.0,0.0,1,0.0987810296654011,0.0
2017-12-11,MCHP/TXN,0.0,0.0,0.0,1,0.315451067446421,0.0
2017-12-11,MS/STT,0.0,0.0,0.0,1,0.2357679028881778,0.0
2017-12-11,TLH/VGLT,-0.0008219200967099,-0.0008219200967099,0.0,1,0.35,-0.0002876720338484
2017-12-11,AMD/AVGO,0.0,0.0,0.0,1,0.0987810296654011,0.0
2017-12-12,MCHP/TXN,0.0,0.0,0.0,1,0.315451067446421,0.0
2017-12-12,MS/STT,0.0,0.0,0.0,1,0.2357679028881778,0.0
2017-12-12,TLH/VGLT,0.0006295518961252,0.0006295518961252,0.0,1,0.35,0.0002203431636438
2017-12-12,AMD/AVGO,0.0097241989152146,0.0107241989152146,1.0,1,0.0987810296654011,0.000960566381516
2017-12-13,MCHP/TXN,-0.0,-0.0,0.0,1,0.315451067446421,-0.0
2017-12-13,MS/STT,-0.0,-0.0,0.0,1,0.2357679028881778,-0.0
2017-12-13,TLH/VGLT,0.0001874327483211,0.0001874327483211,0.0,1,0.35,6.560146191238501e-05
2017-12-13,AMD/AVGO,-0.0045486464497674,-0.0045486464497674,0.0,1,0.0987810296654011,-0.0004493199798918
2017-12-14,MCHP/TXN,0.0,0.0,0.0,1,0.315451067446421,0.0
2017-12-14,MS/STT,0.0,0.0,0.0,1,0.2357679028881778,0.0
2017-12-14,TLH/VGLT,0.0013098908992267,0.0013098908992267,0.0,1,0.35,0.0004584618147293
2017-12-14,AMD/AVGO,-0.006030373387183,-0.006030373387183,0.0,1,0.0987810296654011,-0.0005956864924527
2017-12-15,MCHP/TXN,-0.000334644263083,0.0006653557369169,1.0,1,0.315451067446421,-0.0001055638900043
2017-12-15,MS/STT,0.0,0.0,0.0,1,0.2357679028881778,0.0
2017-12-15,TLH/VGLT,0.0008232553299702,0.0008232553299702,0.0,1,0.35,0.0002881393654895
2017-12-15,AMD/AVGO,0.0039834212089971,0.0039834212089971,0.0,1,0.0987810296654011,0.0003934864486157
2017-12-18,MCHP/TXN,-0.0009944623532965,-0.0009944623532965,0.0,1,0.315451067446421,-0.0003137042108826
2017-12-18,MS/STT,0.0,0.0,0.0,1,0.2357679028881778,0.0
2017-12-18,TLH/VGLT,-0.0012285020497176,-0.0012285020497176,0.0,1,0.35,-0.0004299757174011
2017-12-18,AMD/AVGO,-0.033492605939656,-0.033492605939656,0.0,1,0.0987810296654011,-0.0033084341008967
2017-12-19,MCHP/TXN,-0.0017223818554974,-0.0017223818554974,0.0,1,0.315451067446421,-0.000543327194867
2017-12-19,MS/STT,-0.0,-0.0,0.0,1,0.2357679028881778,-0.0
2017-12-19,TLH/VGLT,-0.000918845775136,-0.000918845775136,0.0,1,0.35,-0.0003215960212976
2017-12-19,AMD/AVGO,0.0001098187878009,0.0001098187878009,0.0,1,0.0987810296654011,1.0848012935579098e-05
2017-12-20,MCHP/TXN,-0.000926313266446,-0.000926313266446,0.0,1,0.315451067446421,-0.0002922065086901
2017-12-20,MS/STT,-0.0,-0.0,0.0,1,0.2357679028881778,-0.0
2017-12-20,TLH/VGLT,-0.0019641874910326,-0.0019641874910326,0.0,1,0.35,-0.0006874656218614
2017-12-20,AMD/AVGO,0.0022276264659013,0.0022276264659013,0.0,1,0.0987810296654011,0.0002200472360116
2017-12-21,MCHP/TXN,0.0004718815385707,0.0004718815385707,0.0,1,0.315451067446421,0.0001488555350503
2017-12-21,MS/STT,-0.0,-0.0,0.0,1,0.2357679028881778,-0.0
2017-12-21,TLH/VGLT,0.0009703654519458,0.0009703654519458,0.0,1,0.35,0.000339627908181
2017-12-21,AMD/AVGO,-0.0034652889886177,-0.0034652889886177,0.0,1,0.0987810296654011,-0.0003423048143838
2017-12-22,MCHP/TXN,-0.0028813459223841,-0.0028813459223841,0.0,1,0.315451067446421,-0.0009089236468984
2017-12-22,MS/STT,0.0,0.0,0.0,1,0.2357679028881778,0.0
2017-12-22,TLH/VGLT,0.0003008368265597,0.0003008368265597,0.0,1,0.35,0.0001052928892958
2017-12-22,AMD/AVGO,0.0178331798796498,0.0178331798796498,0.0,1,0.0987810296654011,0.0017615798707201
2017-12-26,MCHP/TXN,-0.0014886513299505,-0.0014886513299505,0.0,1,0.315451067446421,-0.0004695966510884
2017-12-26,MS/STT,-0.0,-0.0,0.0,1,0.2357679028881778,-0.0
2017-12-26,TLH/VGLT,0.0004306276353232,0.0004306276353232,0.0,1,0.35,0.0001507196723631
2017-12-26,AMD/AVGO,-0.0041370867927822,-0.0041370867927822,0.0,1,0.0987810296654011,-0.0004086656932061
2017-12-27,MCHP/TXN,-0.0032033001074674,-0.0032033001074674,0.0,1,0.315451067446421,-0.0010104844382518
2017-12-27,MS/STT,-0.0,-0.0,0.0,1,0.2357679028881778,-0.0
2017-12-27,TLH/VGLT,0.0012066520632045,0.0012066520632045,0.0,1,0.35,0.0004223282221215
2017-12-27,AMD/AVGO,-0.0014455352504189,-0.0014455352504189,0.0,1,0.0987810296654011,-0.000142791460454
2017-12-28,MCHP/TXN,-0.0005963291618941,-0.0005963291618941,0.0,1,0.315451067446421,-0.0001881126706689
2017-12-28,MS/STT,-0.0,-0.0,0.0,1,0.2357679028881778,-0.0
2017-12-28,TLH/VGLT,-0.001,-0.0,1.0,1,0.35,-0.00035
2017-12-28,AMD/AVGO,0.0015099472511131,0.0015099472511131,0.0,1,0.0987810296654011,0.0001491541442053
2017-12-29,MCHP/TXN,-0.0013948648628595,-0.0013948648628595,0.0,1,0.315451067446421,-0.0004400116099325
2017-12-29,MS/STT,-0.0,-0.0,0.0,1,0.2357679028881778,-0.0
2017-12-29,TLH/VGLT,-0.0,-0.0,0.0,1,0.35,-0.0
2017-12-29,AMD/AVGO,0.0063164151376489,0.0063164151376489,0.0,1,0.0987810296654011,0.000623941991091
2018-01-02,MCHP/TXN,0.0059479960334917,0.0059479960334917,0.0,1,0.315451067446421,0.001876301697932
2018-01-02,MS/STT,0.0,0.0,0.0,1,0.2357679028881778,0.0
2018-01-02,TLH/VGLT,0.0,0.0,0.0,1,0.35,0.0
2018-01-02,AMD/AVGO,-0.0151590958808796,-0.0151590958808796,0.0,1,0.0987810296654011,-0.0014974310999098
2018-01-03,AMZN/META,0.0,0.0,0.0,2,0.1340209281162679,0.0
2018-01-03,MCHP/TXN,0.0,0.0,0.0,2,0.1659790718837321,0.0
2018-01-03,EEM/IEMG,0.0,0.0,0.0,2,0.35,0.0
2018-01-03,TLH/VGLT,-0.0,-0.0,0.0,2,0.35,-0.0
2018-01-04,AMZN/META,0.0018400385620582,0.0028400385620582,1.0,2,0.1340209281162679,0.0002466036758567
2018-01-04,MCHP/TXN,-0.0,-0.0,0.0,2,0.1659790718837321,-0.0
2018-01-04,EEM/IEMG,0.0,0.0,0.0,2,0.35,0.0
2018-01-04,TLH/VGLT,-0.0,-0.0,0.0,2,0.35,-0.0
2018-01-05,AMZN/META,-0.0023479218918184,-0.0023479218918184,0.0,2,0.1340209281162679,-0.000314670671086
2018-01-05,MCHP/TXN,0.0,0.0,0.0,2,0.1659790718837321,0.0
2018-01-05,EEM/IEMG,-0.0,-0.0,0.0,2,0.35,-0.0
2018-01-05,TLH/VGLT,0.0,0.0,0.0,2,0.35,0.0
2018-01-08,AMZN/META,0.0007373485147667,0.0007373485147667,0.0,2,0.1340209281162679,9.88201322941848e-05
2018-01-08,MCHP/TXN,0.0,0.0,0.0,2,0.1659790718837321,0.0
2018-01-08,EEM/IEMG,-0.0,-0.0,0.0,2,0.35,-0.0
2018-01-08,TLH/VGLT,0.0,0.0,0.0,2,0.35,0.0
2018-01-09,AMZN/META,0.0031277730193252,0.0031277730193252,0.0,2,0.1340209281162679,0.0004191870429869
2018-01-09,MCHP/TXN,0.0,0.0,0.0,2,0.1659790718837321,0.0
2018-01-09,EEM/IEMG,0.0,0.0,0.0,2,0.35,0.0
2018-01-09,TLH/VGLT,0.0,0.0,0.0,2,0.35,0.0
2018-01-10,AMZN/META,0.0005937077642567,0.0005937077642567,0.0,2,0.1340209281162679,7.956926559551731e-05
2018-01-10,MCHP/TXN,0.0,0.0,0.0,2,0.1659790718837321,0.0
2018-01-10,EEM/IEMG,0.0,0.0,0.0,2,0.35,0.0
2018-01-10,TLH/VGLT,-0.0,-0.0,0.0,2,0.35,-0.0
2018-01-11,AMZN/META,0.0070050373784534,0.0070050373784534,0.0,2,0.1340209281162679,0.0009388216109494
2018-01-11,MCHP/TXN,-0.0,-0.0,0.0,2,0.1659790718837321,-0.0
2018-01-11,EEM/IEMG,-0.0,-0.0,0.0,2,0.35,-0.0
2018-01-11,TLH/VGLT,-0.0,-0.0,0.0,2,0.35,-0.0
2018-01-12,AMZN/META,0.0362353871624877,0.0362353871624877,0.0,2,0.1340209281162679,0.0048563002181689
2018-01-12,MCHP/TXN,0.0,0.0,0.0,2,0.1659790718837321,0.0
2018-01-12,EEM/IEMG,-0.0,-0.0,0.0,2,0.35,-0.0
2018-01-12,TLH/VGLT,-0.0,-0.0,0.0,2,0.35,-0.0
2018-01-16,AMZN/META,-0.001,-0.0,1.0,2,0.1340209281162679,-0.0001340209281162
2018-01-16,MCHP/TXN,0.0,0.0,0.0,2,0.1659790718837321,0.0
2018-01-16,EEM/IEMG,0.0,0.0,0.0,2,0.35,0.0
2018-01-16,TLH/VGLT,-0.0,-0.0,0.0,2,0.35,-0.0
2018-01-17,AMZN/META,-0.0009574465989779,4.255340102206716e-05,1.0,2,0.1340209281162679,-0.0001283178818167
2018-01-17,MCHP/TXN,0.0,0.0,0.0,2,0.1659790718837321,0.0
2018-01-17,EEM/IEMG,-0.0009289974870561,7.10025129438005e-05,1.0,2,0.35,-0.0003251491204696
2018-01-17,TLH/VGLT,-0.0,-0.0,0.0,2,0.35,-0.0
2018-01-18,AMZN/META,0.0082635077791712,0.0082635077791712,0.0,2,0.1340209281162679,0.0011074829820605
2018-01-18,MCHP/TXN,-0.0,-0.0,0.0,2,0.1659790718837321,-0.0
2018-01-18,EEM/IEMG,-8.678724114429329e-05,-8.678724114429329e-05,0.0,2,0.35,-3.037553440050265e-05
2018-01-18,TLH/VGLT,0.0,0.0,0.0,2,0.35,0.0
2018-01-19,AMZN/META,0.0048455741983398,0.0048455741983398,0.0,2,0.1340209281162679,0.0006494083513177
2018-01-19,MCHP/TXN,0.0,0.0,0.0,2,0.1659790718837321,0.0
2018-01-19,EEM/IEMG,8.27335300516397e-05,8.27335300516397e-05,0.0,2,0.35,2.895673551807389e-05
2018-01-19,TLH/VGLT,0.0,0.0,0.0,2,0.35,0.0
2018-01-22,AMZN/META,0.0047438705747276,0.0047438705747276,0.0,2,0.1340209281162679,0.0006357779372884
2018-01-22,MCHP/TXN,0.0,0.0,0.0,2,0.1659790718837321,0.0
2018-01-22,EEM/IEMG,8.663427625109075e-05,8.663427625109075e-05,0.0,2,0.35,3.0321996687881763e-05
2018-01-22,TLH/VGLT,-0.0,-0.0,0.0,2,0.35,-0.0
2018-01-23,AMZN/META,0.0036029911794955,0.0036029911794955,0.0,2,0.1340209281162679,0.0004828762218707
2018-01-23,MCHP/TXN,0.0,0.0,0.0,2,0.1659790718837321,0.0
2018-01-23,EEM/IEMG,-0.0003406595397438,-0.0003406595397438,0.0,2,0.35,-0.0001192308389103
2018-01-23,TLH/VGLT,0.0,0.0,0.0,2,0.35,0.0
2018-01-24,AMZN/META,-0.007897305609443,-0.007897305609443,0.0,2,0.1340209281162679,-0.0010584042273953
2018-01-24,MCHP/TXN,-0.0,-0.0,0.0,2,0.1659790718837321,-0.0
2018-01-24,EEM/IEMG,0.0003873603765896,0.0003873603765896,0.0,2,0.35,0.0001355761318063
2018-01-24,TLH/VGLT,0.0,0.0,0.0,2,0.35,0.0
2018-01-25,AMZN/META,-0.0024827130178682,-0.0024827130178682,0.0,2,0.1340209281162679,-0.000332735502901
2018-01-25,MCHP/TXN,0.0,0.0,0.0,2,0.1659790718837321,0.0
2018-01-25,EEM/IEMG,-0.0003674322606585,-0.0003674322606585,0.0,2,0.35,-0.0001286012912304
2018-01-25,TLH/VGLT,-0.0,-0.0,0.0,2,0.35,-0.0
2018-01-26,AMZN/META,0.0019277943942752,0.0019277943942752,0.0,2,0.1340209281162679,0.0002583647939381
2018-01-26,MCHP/TXN,-0.0,-0.0,0.0,2,0.1659790718837321,-0.0
2018-01-26,EEM/IEMG,7.72085747019651e-05,7.72085747019651e-05,0.0,2,0.35,2.7023001145687785e-05
2018-01-26,TLH/VGLT,0.0,0.0,0.0,2,0.35,0.0
2018-01-29,AMZN/META,-0.0174327717374987,-0.0174327717374987,0.0,2,0.1340209281162679,-0.0023363562478986
2018-01-29,MCHP/TXN,-0.0,-0.0,0.0,2,0.1659790718837321,-0.0
2018-01-29,EEM/IEMG,0.0001935222509911,0.0001935222509911,0.0,2,0.35,6.7732787846885e-05
2018-01-29,TLH/VGLT,-0.0,-0.0,0.0,2,0.35,-0.0
2018-01-30,AMZN/META,-0.0014057589945184,-0.0014057589945184,0.0,2,0.1340209281162679,-0.0001884011251531
2018-01-30,MCHP/TXN,-0.0,-0.0,0.0,2,0.1659790718837321,-0.0
2018-01-30,EEM/IEMG,7.668846279127065e-05,7.668846279127065e-05,0.0,2,0.35,2.6840961976944724e-05
2018-01-30,TLH/VGLT,0.0,0.0,0.0,2,0.35,0.0
2018-01-31,AMZN/META,-0.004132762062124,-0.004132762062124,0.0,2,0.1340209281162679,-0.0005538766072495
2018-01-31,MCHP/TXN,-0.0,-0.0,0.0,2,0.1659790718837321,-0.0
2018-01-31,EEM/IEMG,-0.0004599031776771,-0.0004599031776771,0.0,2,0.35,-0.0001609661121869
2018-01-31,TLH/VGLT,-0.0,-0.0,0.0,2,0.35,-0.0
2018-02-01,AMZN/META,0.036412913794661,0.036412913794661,0.0,2,0.1340209281162679,0.0048800925021781
2018-02-01,MCHP/TXN,0.0,0.0,0.0,2,0.1659790718837321,0.0
2018-02-01,EEM/IEMG,0.0003891296760172,0.0003891296760172,0.0,2,0.35,0.000136195386606
2018-02-01,TLH/VGLT,0.0,0.0,0.0,2,0.35,0.0
2018-02-02,AMZN/META,-0.0197889939842034,-0.0197889939842034,0.0,2,0.1340209281162679,-0.0026521393402501
2018-02-02,MCHP/TXN,-0.0,-0.0,0.0,2,0.1659790718837321,-0.0
2018-02-02,EEM/IEMG,8.976923485908983e-05,8.976923485908983e-05,0.0,2,0.35,3.141923220068144e-05
2018-02-02,TLH/VGLT,0.0,0.0,0.0,2,0.35,0.0
2018-02-05,AMZN/META,-0.0196052590877792,-0.0196052590877792,0.0,2,0.1340209281162679,-0.002627515018904
2018-02-05,MCHP/TXN,-0.0,-0.0,0.0,2,0.1659790718837321,-0.0
2018-02-05,EEM/IEMG,0.0002239041465122,0.0002239041465122,0.0,2,0.35,7.836645127926999e-05
2018-02-05,TLH/VGLT,-0.0014086979118307,-0.0004086979118307,1.0,2,0.35,-0.0004930442691407
2018-02-06,AMZN/META,0.0001106803184447,0.0001106803184447,0.0,2,0.1340209281162679,1.483347900216278e-05
2018-02-06,MCHP/TXN,-0.0,-0.0,0.0,2,0.1659790718837321,-0.0
2018-02-06,EEM/IEMG,-0.0012204972447278,-0.0012204972447278,0.0,2,0.35,-0.0004271740356547
2018-02-06,TLH/VGLT,-0.0004528355106706,-0.0004528355106706,0.0,2,0.35,-0.0001584924287347
2018-02-07,AMZN/META,-0.0108799997471553,-0.0108799997471553,0.0,2,0.1340209281162679,-0.0014581476640185
2018-02-07,MCHP/TXN,0.0,0.0,0.0,2,0.1659790718837321,0.0
2018-02-07,EEM/IEMG,0.0003588004066961,0.0003588004066961,0.0,2,0.35,0.0001255801423436
2018-02-07,TLH/VGLT,-0.0006610653943384,-0.0006610653943384,0.0,2,0.35,-0.0002313728880184
2018-02-08,AMZN/META,-0.0131021478231026,-0.0131021478231026,0.0,2,0.1340209281162679,-0.0017559620115687
2018-02-08,MCHP/TXN,-0.0,-0.0,0.0,2,0.1659790718837321,-0.0
2018-02-08,EEM/IEMG,0.000105944679869,0.000105944679869,0.0,2,0.35,3.708063795415e-05
2018-02-08,TLH/VGLT,-0.0003572712973957,-0.0003572712973957,0.0,2,0.35,-0.0001250449540884
2018-02-09,AMZN/META,0.0196841505455064,0.0196841505455064,0.0,2,0.1340209281162679,0.0026380881252891
2018-02-09,MCHP/TXN,0.0,0.0,0.0,2,0.1659790718837321,0.0
2018-02-09,EEM/IEMG,0.0010427400775714,0.0010427400775714,0.0,2,0.35,0.0003649590271499
2018-02-09,TLH/VGLT,-0.0009460056562236,-0.0009460056562236,0.0,2,0.35,-0.0003311019796782
2018-02-12,AMZN/META,-0.0116779269322764,-0.0116779269322764,0.0,2,0.1340209281162679,-0.0015650866059376
2018-02-12,MCHP/TXN,-0.0,-0.0,0.0,2,0.1659790718837321,-0.0
2018-02-12,EEM/IEMG,-0.0005229591292702,-0.0005229591292702,0.0,2,0.35,-0.0001830356952445
2018-02-12,TLH/VGLT,0.000971762787012,0.000971762787012,0.0,2,0.35,0.0003401169754541
2018-02-13,AMZN/META,-0.001,-0.0,1.0,2,0.1340209281162679,-0.0001340209281162
2018-02-13,MCHP/TXN,0.0,0.0,0.0,2,0.1659790718837321,0.0
2018-02-13,EEM/IEMG,-0.001,-0.0,1.0,2,0.35,-0.00035
2018-02-13,TLH/VGLT,0.0002698002878216,0.0002698002878216,0.0,2,0.35,9.443010073756e-05
2018-02-14,AMZN/META,0.0,0.0,0.0,2,0.1340209281162679,0.0
2018-02-14,MCHP/TXN,0.0,0.0,0.0,2,0.1659790718837321,0.0
2018-02-14,EEM/IEMG,0.0,0.0,0.0,2,0.35,0.0
2018-02-14,TLH/VGLT,-7.576449009720898e-05,-7.576449009720898e-05,0.0,2,0.35,-2.6517571534023145e-05
2018-02-15,AMZN/META,-0.0,-0.0,0.0,2,0.1340209281162679,-0.0
2018-02-15,MCHP/TXN,0.0,0.0,0.0,2,0.1659790718837321,0.0
2018-02-15,EEM/IEMG,0.0,0.0,0.0,2,0.35,0.0
2018-02-15,TLH/VGLT,0.0007206054057406,0.0007206054057406,0.0,2,0.35,0.0002522118920092
2018-02-16,AMZN/META,-0.0,-0.0,0.0,2,0.1340209281162679,-0.0
2018-02-16,MCHP/TXN,-0.0,-0.0,0.0,2,0.1659790718837321,-0.0
2018-02-16,EEM/IEMG,0.0,0.0,0.0,2,0.35,0.0
2018-02-16,TLH/VGLT,0.0002290054477211,0.0002290054477211,0.0,2,0.35,8.015190670238499e-05
2018-02-20,AMZN/META,-0.0,-0.0,0.0,2,0.1340209281162679,-0.0
2018-02-20,MCHP/TXN,-0.0,-0.0,0.0,2,0.1659790718837321,-0.0
2018-02-20,EEM/IEMG,-0.0,-0.0,0.0,2,0.35,-0.0
2018-02-20,TLH/VGLT,-0.0003735485720459,-0.0003735485720459,0.0,2,0.35,-0.000130742000216
2018-02-21,AMZN/META,0.0,0.0,0.0,2,0.1340209281162679,0.0
2018-02-21,MCHP/TXN,-0.0,-0.0,0.0,2,0.1659790718837321,-0.0
2018-02-21,EEM/IEMG,0.0,0.0,0.0,2,0.35,0.0
2018-02-21,TLH/VGLT,-0.0018480504335518,-0.0018480504335518,0.0,2,0.35,-0.0006468176517431
2018-02-22,AMZN/META,0.0,0.0,0.0,2,0.1340209281162679,0.0
2018-02-22,MCHP/TXN,0.0,0.0,0.0,2,0.1659790718837321,0.0
2018-02-22,EEM/IEMG,-0.0,-0.0,0.0,2,0.35,-0.0
2018-02-22,TLH/VGLT,-0.0002271147195336,-0.0002271147195336,0.0,2,0.35,-7.949015183675999e-05
2018-02-23,AMZN/META,0.0,0.0,0.0,2,0.1340209281162679,0.0
2018-02-23,MCHP/TXN,0.0,0.0,0.0,2,0.1659790718837321,0.0
2018-02-23,EEM/IEMG,0.0,0.0,0.0,2,0.35,0.0
2018-02-23,TLH/VGLT,0.0006180910787986,0.0006180910787986,0.0,2,0.35,0.0002163318775795
2018-02-26,AMZN/META,0.0,0.0,0.0,2,0.1340209281162679,0.0
2018-02-26,MCHP/TXN,0.0,0.0,0.0,2,0.1659790718837321,0.0
2018-02-26,EEM/IEMG,0.0,0.0,0.0,2,0.35,0.0
2018-02-26,TLH/VGLT,7.063333474440692e-05,7.063333474440692e-05,0.0,2,0.35,2.472166716054242e-05
2018-02-27,AMZN/META,-0.0,-0.0,0.0,2,0.1340209281162679,-0.0
2018-02-27,MCHP/TXN,-0.0,-0.0,0.0,2,0.1659790718837321,-0.0
2018-02-27,EEM/IEMG,-0.0,-0.0,0.0,2,0.35,-0.0
2018-02-27,TLH/VGLT,0.0005980066514632,0.0005980066514632,0.0,2,0.35,0.0002093023280121
2018-02-28,AMZN/META,-0.0,-0.0,0.0,2,0.1340209281162679,-0.0
2018-02-28,MCHP/TXN,-0.0,-0.0,0.0,2,0.1659790718837321,-0.0
2018-02-28,EEM/IEMG,-0.0,-0.0,0.0,2,0.35,-0.0
2018-02-28,TLH/VGLT,0.0006618657928306,0.0006618657928306,0.0,2,0.35,0.0002316530274907
2018-03-01,AMZN/META,-0.0,-0.0,0.0,2,0.1340209281162679,-0.0
2018-03-01,MCHP/TXN,-0.0,-0.0,0.0,2,0.1659790718837321,-0.0
2018-03-01,EEM/IEMG,-0.0,-0.0,0.0,2,0.35,-0.0
2018-03-01,TLH/VGLT,0.0003636841812982,0.0003636841812982,0.0,2,0.35,0.0001272894634543
2018-03-02,AMZN/META,0.0,0.0,0.0,2,0.1340209281162679,0.0
2018-03-02,MCHP/TXN,-0.0,-0.0,0.0,2,0.1659790718837321,-0.0
2018-03-02,EEM/IEMG,0.0,0.0,0.0,2,0.35,0.0
2018-03-02,TLH/VGLT,-0.0006965296334465,-0.0006965296334465,0.0,2,0.35,-0.0002437853717062
2018-03-05,AMZN/META,0.0,0.0,0.0,2,0.1340209281162679,0.0
2018-03-05,MCHP/TXN,-0.0,-0.0,0.0,2,0.1659790718837321,-0.0
2018-03-05,EEM/IEMG,0.0,0.0,0.0,2,0.35,0.0
2018-03-05,TLH/VGLT,-0.001,0.0,1.0,2,0.35,-0.00035
2018-03-06,AMZN/META,-0.0,-0.0,0.0,2,0.1340209281162679,-0.0
2018-03-06,MCHP/TXN,-0.0,-0.0,0.0,2,0.1659790718837321,-0.0
2018-03-06,EEM/IEMG,-0.0,-0.0,0.0,2,0.35,-0.0
2018-03-06,TLH/VGLT,0.0,0.0,0.0,2,0.35,0.0
2018-03-07,AMZN/META,0.0,0.0,0.0,2,0.1340209281162679,0.0
2018-03-07,MCHP/TXN,-0.0,-0.0,0.0,2,0.1659790718837321,-0.0
2018-03-07,EEM/IEMG,0.0,0.0,0.0,2,0.35,0.0
2018-03-07,TLH/VGLT,-0.0,-0.0,0.0,2,0.35,-0.0
2018-03-08,AMZN/META,-0.0,-0.0,0.0,2,0.1340209281162679,-0.0
2018-03-08,MCHP/TXN,0.0,0.0,0.0,2,0.1659790718837321,0.0
2018-03-08,EEM/IEMG,0.0,0.0,0.0,2,0.35,0.0
2018-03-08,TLH/VGLT,-0.0,-0.0,0.0,2,0.35,-0.0
2018-03-09,AMZN/META,0.0,0.0,0.0,2,0.1340209281162679,0.0
2018-03-09,MCHP/TXN,-0.0,-0.0,0.0,2,0.1659790718837321,-0.0
2018-03-09,EEM/IEMG,-0.0,-0.0,0.0,2,0.35,-0.0
2018-03-09,TLH/VGLT,0.0,0.0,0.0,2,0.35,0.0
2018-03-12,AMZN/META,-0.0,-0.0,0.0,2,0.1340209281162679,-0.0
2018-03-12,MCHP/TXN,-0.0,-0.0,0.0,2,0.1659790718837321,-0.0
2018-03-12,EEM/IEMG,0.0,0.0,0.0,2,0.35,0.0
2018-03-12,TLH/VGLT,-0.0,-0.0,0.0,2,0.35,-0.0
2018-03-13,AMZN/META,-0.0,-0.0,0.0,2,0.1340209281162679,-0.0
2018-03-13,MCHP/TXN,0.0,0.0,0.0,2,0.1659790718837321,0.0
2018-03-13,EEM/IEMG,0.0,0.0,0.0,2,0.35,0.0
2018-03-13,TLH/VGLT,-0.0,-0.0,0.0,2,0.35,-0.0
2018-03-14,AMZN/META,0.0,0.0,0.0,2,0.1340209281162679,0.0
2018-03-14,MCHP/TXN,-0.0,-0.0,0.0,2,0.1659790718837321,-0.0
2018-03-14,EEM/IEMG,-0.0,-0.0,0.0,2,0.35,-0.0
2018-03-14,TLH/VGLT,-0.0,-0.0,0.0,2,0.35,-0.0
2018-03-15,AMZN/META,0.0,0.0,0.0,2,0.1340209281162679,0.0
2018-03-15,MCHP/TXN,-0.0,-0.0,0.0,2,0.1659790718837321,-0.0
2018-03-15,EEM/IEMG,0.0,0.0,0.0,2,0.35,0.0
2018-03-15,TLH/VGLT,-0.0009689615301134,3.1038469886541864e-05,1.0,2,0.35,-0.0003391365355396
2018-03-16,AMZN/META,0.0,0.0,0.0,2,0.1340209281162679,0.0
2018-03-16,MCHP/TXN,-0.0,-0.0,0.0,2,0.1659790718837321,-0.0
2018-03-16,EEM/IEMG,0.0,0.0,0.0,2,0.35,0.0
2018-03-16,TLH/VGLT,0.0006569495834263,0.0006569495834263,0.0,2,0.35,0.0002299323541992
2018-03-19,AMZN/META,-0.0,-0.0,0.0,2,0.1340209281162679,-0.0
2018-03-19,MCHP/TXN,-0.0,-0.0,0.0,2,0.1659790718837321,-0.0
2018-03-19,EEM/IEMG,0.0,0.0,0.0,2,0.35,0.0
2018-03-19,TLH/VGLT,-0.0001463283580876,-0.0001463283580876,0.0,2,0.35,-5.121492533066e-05
2018-03-20,AMZN/META,-0.0270450665154374,-0.0260450665154374,1.0,2,0.1340209281162679,-0.0036246049153651
2018-03-20,MCHP/TXN,0.0,0.0,0.0,2,0.1659790718837321,0.0
2018-03-20,EEM/IEMG,-0.0,-0.0,0.0,2,0.35,-0.0
2018-03-20,TLH/VGLT,0.0002583152950467,0.0002583152950467,0.0,2,0.35,9.0410353266345e-05
2018-03-21,AMZN/META,0.005787992921315,0.005787992921315,0.0,2,0.1340209281162679,0.000775712183245
2018-03-21,MCHP/TXN,-0.0,-0.0,0.0,2,0.1659790718837321,-0.0
2018-03-21,EEM/IEMG,0.0,0.0,0.0,2,0.35,0.0
2018-03-21,TLH/VGLT,-2.407903502371548e-05,-2.407903502371548e-05,0.0,2,0.35,-8.427662258300417e-06
2018-03-22,AMZN/META,-0.0088132371505153,-0.0088132371505153,0.0,2,0.1340209281162679,-0.0011811582226208
2018-03-22,MCHP/TXN,-0.0,-0.0,0.0,2,0.1659790718837321,-0.0
2018-03-22,EEM/IEMG,0.0,0.0,0.0,2,0.35,0.0
2018-03-22,TLH/VGLT,-0.0007314509732772,-0.0007314509732772,0.0,2,0.35,-0.000256007840647
2018-03-23,AMZN/META,-0.0101796891413416,-0.0101796891413416,0.0,2,0.1340209281162679,-0.0013642913866576
2018-03-23,MCHP/TXN,-0.0,-0.0,0.0,2,0.1659790718837321,-0.0
2018-03-23,EEM/IEMG,-0.0,-0.0,0.0,2,0.35,-0.0
2018-03-23,TLH/VGLT,0.0001602185827034,0.0001602185827034,0.0,2,0.35,5.607650394618999e-05
2018-03-26,AMZN/META,-0.0115919806938876,-0.0115919806938876,0.0,2,0.1340209281162679,-0.0015535680113006
2018-03-26,MCHP/TXN,0.0,0.0,0.0,2,0.1659790718837321,0.0
2018-03-26,EEM/IEMG,-0.0,-0.0,0.0,2,0.35,-0.0
2018-03-26,TLH/VGLT,0.0001755740174417,0.0001755740174417,0.0,2,0.35,6.1450906104595e-05
2018-03-27,AMZN/META,-0.0183441405106087,-0.0183441405106087,0.0,2,0.1340209281162679,-0.002458498736727
2018-03-27,MCHP/TXN,-0.0,-0.0,0.0,2,0.1659790718837321,-0.0
2018-03-27,EEM/IEMG,-0.0,-0.0,0.0,2,0.35,-0.0
2018-03-27,TLH/VGLT,-0.000278221960095,-0.000278221960095,0.0,2,0.35,-9.737768603325e-05
2018-03-28,AMZN/META,0.0188944846581482,0.0188944846581482,0.0,2,0.1340209281162679,0.0025322563701636
2018-03-28,MCHP/TXN,0.0,0.0,0.0,2,0.1659790718837321,0.0
2018-03-28,EEM/IEMG,-0.0,-0.0,0.0,2,0.35,-0.0
2018-03-28,TLH/VGLT,-0.000546163587176,-0.000546163587176,0.0,2,0.35,-0.0001911572555115
2018-03-29,AMZN/META,0.0246844068427658,0.0246844068427658,0.0,2,0.1340209281162679,0.003308227115067
2018-03-29,MCHP/TXN,0.0,0.0,0.0,2,0.1659790718837321,0.0
2018-03-29,EEM/IEMG,-0.0,-0.0,0.0,2,0.35,-0.0
2018-03-29,TLH/VGLT,-0.0004669405699782,-0.0004669405699782,0.0,2,0.35,-0.0001634291994923
2018-04-02,AMZN/META,0.0005497726904603,0.0005497726904603,0.0,2,0.1340209281162679,7.368104622846706e-05
2018-04-02,MCHP/TXN,-0.0,-0.0,0.0,2,0.1659790718837321,-0.0
2018-04-02,EEM/IEMG,-0.0003217966851661,0.0006782033148338,1.0,2,0.35,-0.0001126288398081
2018-04-02,TLH/VGLT,-3.629453231704045e-05,-3.629453231704045e-05,0.0,2,0.35,-1.2703086310964156e-05
2018-04-03,AMZN/META,-0.0021531931246979,-0.0021531931246979,0.0,2,0.1340209281162679,-0.0002885729409855
2018-04-03,MCHP/TXN,0.0,0.0,0.0,2,0.1659790718837321,0.0
2018-04-03,EEM/IEMG,-0.0004284039322101,-0.0004284039322101,0.0,2,0.35,-0.0001499413762735
2018-04-03,TLH/VGLT,0.0005418683720613,0.0005418683720613,0.0,2,0.35,0.0001896539302214
2018-04-04,AMZN/META,-0.0088796698254908,-0.0088796698254908,0.0,2,0.1340209281162679,-0.0011900615913782
2018-04-04,MCHP/TXN,0.0,0.0,0.0,2,0.1659790718837321,0.0
2018-04-04,EEM/IEMG,-0.0001445681883167,-0.0001445681883167,0.0,2,0.35,-5.059886591084499e-05
2018-04-04,TLH/VGLT,0.0003859867553202,0.0003859867553202,0.0,2,0.35,0.000135095364362
2018-04-05,MS/SCHW,0.0,0.0,0.0,3,0.2419331772320395,0.0
2018-04-05,GOOGL/MSFT,-0.0,-0.0,0.0,3,0.2647255574352382,-0.0
2018-04-05,HUM/UNH,0.0,0.0,0.0,3,0.1433412653327223,0.0
2018-04-05,TLH/VGLT,0.0,0.0,0.0,3,0.35,0.0
2018-04-06,MS/SCHW,0.0,0.0,0.0,3,0.2419331772320395,0.0
2018-04-06,GOOGL/MSFT,-0.0,-0.0,0.0,3,0.2647255574352382,-0.0
2018-04-06,HUM/UNH,-0.0,-0.0,0.0,3,0.1433412653327223,-0.0
2018-04-06,TLH/VGLT,0.0002166562545516,0.0012166562545516,1.0,3,0.35,7.582968909306e-05
2018-04-09,MS/SCHW,0.0,0.0,0.0,3,0.2419331772320395,0.0
2018-04-09,GOOGL/MSFT,-0.0,-0.0,0.0,3,0.2647255574352382,-0.0
2018-04-09,HUM/UNH,-0.0,-0.0,0.0,3,0.1433412653327223,-0.0
2018-04-09,TLH/VGLT,0.0004557192740067,0.0004557192740067,0.0,3,0.35,0.0001595017459023
2018-04-10,MS/SCHW,-0.0,-0.0,0.0,3,0.2419331772320395,-0.0
2018-04-10,GOOGL/MSFT,0.0,0.0,0.0,3,0.2647255574352382,0.0
2018-04-10,HUM/UNH,0.0,0.0,0.0,3,0.1433412653327223,0.0
2018-04-10,TLH/VGLT,-0.0001220040384627,-0.0001220040384627,0.0,3,0.35,-4.2701413461945e-05
2018-04-11,MS/SCHW,-0.0,-0.0,0.0,3,0.2419331772320395,-0.0
2018-04-11,GOOGL/MSFT,-0.0,-0.0,0.0,3,0.2647255574352382,-0.0
2018-04-11,HUM/UNH,-0.0,-0.0,0.0,3,0.1433412653327223,-0.0
2018-04-11,TLH/VGLT,0.0007104850976158,0.0007104850976158,0.0,3,0.35,0.0002486697841655
2018-04-12,MS/SCHW,0.0,0.0,0.0,3,0.2419331772320395,0.0
2018-04-12,GOOGL/MSFT,0.0,0.0,0.0,3,0.2647255574352382,0.0
2018-04-12,HUM/UNH,0.0,0.0,0.0,3,0.1433412653327223,0.0
2018-04-12,TLH/VGLT,-0.0006442147254495,-0.0006442147254495,0.0,3,0.35,-0.0002254751539073
2018-04-13,MS/SCHW,-0.0,-0.0,0.0,3,0.2419331772320395,-0.0
2018-04-13,GOOGL/MSFT,-0.0,-0.0,0.0,3,0.2647255574352382,-0.0
2018-04-13,HUM/UNH,-0.0,-0.0,0.0,3,0.1433412653327223,-0.0
2018-04-13,TLH/VGLT,0.0004953023898808,0.0004953023898808,0.0,3,0.35,0.0001733558364582
2018-04-16,MS/SCHW,-0.0,-0.0,0.0,3,0.2419331772320395,-0.0
2018-04-16,GOOGL/MSFT,0.0,0.0,0.0,3,0.2647255574352382,0.0
2018-04-16,HUM/UNH,0.0,0.0,0.0,3,0.1433412653327223,0.0
2018-04-16,TLH/VGLT,0.0001280192304178,0.0001280192304178,0.0,3,0.35,4.480673064623e-05
2018-04-17,MS/SCHW,-0.0071248755727855,-0.0061248755727855,1.0,3,0.2419331772320395,-0.0017237437847069
2018-04-17,GOOGL/MSFT,-0.0,-0.0,0.0,3,0.2647255574352382,-0.0
2018-04-17,HUM/UNH,0.0,0.0,0.0,3,0.1433412653327223,0.0
2018-04-17,TLH/VGLT,0.0002866006708259,0.0002866006708259,0.0,3,0.35,0.000100310234789
2018-04-18,MS/SCHW,0.0121139954048833,0.0121139954048833,0.0,3,0.2419331772320395,0.0029307773972777
2018-04-18,GOOGL/MSFT,0.0,0.0,0.0,3,0.2647255574352382,0.0
2018-04-18,HUM/UNH,0.0072165789646271,0.0082165789646271,1.0,3,0.1433412653327223,0.0010344335601631
2018-04-18,TLH/VGLT,-0.0004286741693623,-0.0004286741693623,0.0,3,0.35,-0.0001500359592768
2018-04-19,MS/SCHW,0.0021356298116841,0.0021356298116841,0.0,3,0.2419331772320395,0.0005166797057321
2018-04-19,GOOGL/MSFT,-0.0,-0.0,0.0,3,0.2647255574352382,-0.0
2018-04-19,HUM/UNH,-0.0022173939102578,-0.0022173939102578,0.0,3,0.1433412653327223,-0.0003178440488374
2018-04-19,TLH/VGLT,-0.0006732470153031,-0.0006732470153031,0.0,3,0.35,-0.000235636455356
2018-04-20,MS/SCHW,-0.013326769222734,-0.013326769222734,0.0,3,0.2419331772320395,-0.0032241876202941
2018-04-20,GOOGL/MSFT,-0.0,-0.0,0.0,3,0.2647255574352382,-0.0
2018-04-20,HUM/UNH,0.0008389509440503,0.0008389509440503,0.0,3,0.1433412653327223,0.0001202562898722
2018-04-20,TLH/VGLT,-0.0004032373786172,-0.0004032373786172,0.0,3,0.35,-0.000141133082516
2018-04-23,MS/SCHW,-0.0114264081645408,-0.0114264081645408,0.0,3,0.2419331772320395,-0.0027644272315974
2018-04-23,GOOGL/MSFT,0.0,0.0,0.0,3,0.2647255574352382,0.0
2018-04-23,HUM/UNH,0.002428979454689,0.002428979454689,0.0,3,0.1433412653327223,0.0003481729885023
2018-04-23,TLH/VGLT,0.0004575621840017,0.0004575621840017,0.0,3,0.35,0.0001601467644005
2018-04-24,MS/SCHW,0.0011530087016707,0.0011530087016707,0.0,3,0.2419331772320395,0.0002789510585713
2018-04-24,GOOGL/MSFT,0.0,0.0,0.0,3,0.2647255574352382,0.0
2018-04-24,HUM/UNH,-0.0003393767914872,-0.0003393767914872,0.0,3,0.1433412653327223,-4.864669871633471e-05
2018-04-24,TLH/VGLT,-0.0008116806303897,-0.0008116806303897,0.0,3,0.35,-0.0002840882206363
2018-04-25,MS/SCHW,-0.0116946119444923,-0.0116946119444923,0.0,3,0.2419331772320395,-0.0028293146242267
2018-04-25,GOOGL/MSFT,-0.0,-0.0,0.0,3,0.2647255574352382,-0.0
2018-04-25,HUM/UNH,0.002323743374007,0.002323743374007,0.0,3,0.1433412653327223,0.0003330883155386
2018-04-25,TLH/VGLT,-0.0005398739578423,-0.0005398739578423,0.0,3,0.35,-0.0001889558852448
2018-04-26,MS/SCHW,-0.0067976694919378,-0.0067976694919378,0.0,3,0.2419331772320395,-0.0016445817779578
2018-04-26,GOOGL/MSFT,0.0,0.0,0.0,3,0.2647255574352382,0.0
2018-04-26,HUM/UNH,-0.0072195399198963,-0.0072195399198963,0.0,3,0.1433412653327223,-0.001034857987238
2018-04-26,TLH/VGLT,0.0005299981716267,0.0005299981716267,0.0,3,0.35,0.0001854993600693
2018-04-27,MS/SCHW,-0.0036637921655367,-0.0036637921655367,0.0,3,0.2419331772320395,-0.0008863928793261
2018-04-27,GOOGL/MSFT,0.0,0.0,0.0,3,0.2647255574352382,0.0
2018-04-27,HUM/UNH,-0.0077339710953758,-0.0077339710953758,0.0,3,0.1433412653327223,-0.0011085972028578
2018-04-27,TLH/VGLT,0.001074859157122,0.001074859157122,0.0,3,0.35,0.0003762007049927
2018-04-30,MS/SCHW,-0.0001538580945614,-0.0001538580945614,0.0,3,0.2419331772320395,-3.722337766010709e-05
2018-04-30,GOOGL/MSFT,-0.0,-0.0,0.0,3,0.2647255574352382,-0.0
2018-04-30,HUM/UNH,0.0068213027462216,0.0068213027462216,0.0,3,0.1433412653327223,0.0009777741668609
2018-04-30,TLH/VGLT,3.5626355692383574e-05,3.5626355692383574e-05,0.0,3,0.35,1.2469224492334251e-05
2018-05-01,MS/SCHW,0.0026153406007381,0.0026153406007381,0.0,3,0.2419331772320395,0.0006327376610805
2018-05-01,GOOGL/MSFT,-0.0,-0.0,0.0,3,0.2647255574352382,-0.0
2018-05-01,HUM/UNH,9.996277256927509e-06,9.996277256927509e-06,0.0,3,0.1433412653327223,1.4328790306247036e-06
2018-05-01,TLH/VGLT,-0.0003234726228102,-0.0003234726228102,0.0,3,0.35,-0.0001132154179835
2018-05-02,MS/SCHW,-0.0015063393098974,-0.0015063393098974,0.0,3,0.2419331772320395,-0.0003644334552329
2018-05-02,GOOGL/MSFT,-0.0,-0.0,0.0,3,0.2647255574352382,-0.0
2018-05-02,HUM/UNH,4.6631330929611765e-05,4.6631330929611765e-05,0.0,3,0.1433412653327223,6.684193979599461e-06
2018-05-02,TLH/VGLT,-0.0004221836290271,-0.0004221836290271,0.0,3,0.35,-0.0001477642701594
2018-05-03,MS/SCHW,-0.0015987263626068,-0.0015987263626068,0.0,3,0.2419331772320395,-0.00038678494843
2018-05-03,GOOGL/MSFT,0.0,0.0,0.0,3,0.2647255574352382,0.0
2018-05-03,HUM/UNH,-0.003129600993299,-0.003129600993299,0.0,3,0.1433412653327223,-0.000448600966366
2018-05-03,TLH/VGLT,-0.001,-0.0,1.0,3,0.35,-0.00035
2018-05-04,MS/SCHW,-0.0051826309075435,-0.0051826309075435,0.0,3,0.2419331772320395,-0.0012538503618829
2018-05-04,GOOGL/MSFT,-0.0,-0.0,0.0,3,0.2647255574352382,-0.0
2018-05-04,HUM/UNH,-0.0039053972592518,-0.0039053972592518,0.0,3,0.1433412653327223,-0.000559804584768
2018-05-04,TLH/VGLT,-0.0,-0.0,0.0,3,0.35,-0.0
2018-05-07,MS/SCHW,0.0039390205509564,0.0039390205509564,0.0,3,0.2419331772320395,0.0009529797570751
2018-05-07,GOOGL/MSFT,0.0,0.0,0.0,3,0.2647255574352382,0.0
2018-05-07,HUM/UNH,0.0012431407638882,0.0012431407638882,0.0,3,0.1433412653327223,0.0001781933700824
2018-05-07,TLH/VGLT,0.0,0.0,0.0,3,0.35,0.0
2018-05-08,MS/SCHW,0.0080758621705518,0.0080758621705518,0.0,3,0.2419331772320395,0.0019538189938096
2018-05-08,GOOGL/MSFT,-0.0,-0.0,0.0,3,0.2647255574352382,-0.0
2018-05-08,HUM/UNH,-0.0014715537301612,-0.0014715537301612,0.0,3,0.1433412653327223,-0.0002109343736863
2018-05-08,TLH/VGLT,-0.0,-0.0,0.0,3,0.35,-0.0
2018-05-09,MS/SCHW,-0.0029575454033138,-0.0029575454033138,0.0,3,0.2419331772320395,-0.0007155283562317
2018-05-09,GOOGL/MSFT,-0.0,-0.0,0.0,3,0.2647255574352382,-0.0
2018-05-09,HUM/UNH,0.0006378796238299,0.0006378796238299,0.0,3,0.1433412653327223,9.14344724097388e-05
2018-05-09,TLH/VGLT,0.0,0.0,0.0,3,0.35,0.0
2018-05-10,MS/SCHW,0.0065586595111935,0.0065586595111935,0.0,3,0.2419331772320395,0.0015867573339261
2018-05-10,GOOGL/MSFT,-0.0,-0.0,0.0,3,0.2647255574352382,-0.0
2018-05-10,HUM/UNH,-0.0012316379640338,-0.0012316379640338,0.0,3,0.1433412653327223,-0.0001765445441964
2018-05-10,TLH/VGLT,-0.0,-0.0,0.0,3,0.35,-0.0
2018-05-11,MS/SCHW,-0.0017962641074021,-0.0017962641074021,0.0,3,0.2419331772320395,-0.0004345758826516
2018-05-11,GOOGL/MSFT,-0.0,-0.0,0.0,3,0.2647255574352382,-0.0
2018-05-11,HUM/UNH,-0.0089461712015569,-0.0089461712015569,0.0,3,0.1433412653327223,-0.0012823554999143
2018-05-11,TLH/VGLT,-0.0,-0.0,0.0,3,0.35,-0.0
2018-05-14,MS/SCHW,-0.001,0.0,1.0,3,0.2419331772320395,-0.000241933177232
2018-05-14,GOOGL/MSFT,0.0,0.0,0.0,3,0.2647255574352382,0.0
2018-05-14,HUM/UNH,-0.0062129056977798,-0.0062129056977798,0.0,3,0.1433412653327223,-0.0008905657641126
2018-05-14,TLH/VGLT,-0.000283005972629,0.0007169940273709,1.0,3,0.35,-9.905209042015e-05
2018-05-15,MS/SCHW,-0.0,-0.0,0.0,3,0.2419331772320395,-0.0
2018-05-15,GOOGL/MSFT,0.0,0.0,0.0,3,0.2647255574352382,0.0
2018-05-15,HUM/UNH,-0.001,-0.0,1.0,3,0.1433412653327223,-0.0001433412653327
2018-05-15,TLH/VGLT,0.0004291323895067,0.0004291323895067,0.0,3,0.35,0.0001501963363273
2018-05-16,MS/SCHW,0.0,0.0,0.0,3,0.2419331772320395,0.0
2018-05-16,GOOGL/MSFT,0.0,0.0,0.0,3,0.2647255574352382,0.0
2018-05-16,HUM/UNH,0.0,0.0,0.0,3,0.1433412653327223,0.0
2018-05-16,TLH/VGLT,0.0001553697301011,0.0001553697301011,0.0,3,0.35,5.4379405535385006e-05
2018-05-17,MS/SCHW,-0.0,-0.0,0.0,3,0.2419331772320395,-0.0
2018-05-17,GOOGL/MSFT,-0.0,-0.0,0.0,3,0.2647255574352382,-0.0
2018-05-17,HUM/UNH,0.0,0.0,0.0,3,0.1433412653327223,0.0
2018-05-17,TLH/VGLT,0.0012338594791486,0.0012338594791486,0.0,3,0.35,0.000431850817702
2018-05-18,MS/SCHW,-0.0,-0.0,0.0,3,0.2419331772320395,-0.0
2018-05-18,GOOGL/MSFT,0.0,0.0,0.0,3,0.2647255574352382,0.0
2018-05-18,HUM/UNH,0.0,0.0,0.0,3,0.1433412653327223,0.0
2018-05-18,TLH/VGLT,-0.0009478773278676,-0.0009478773278676,0.0,3,0.35,-0.0003317570647536
2018-05-21,MS/SCHW,0.0,0.0,0.0,3,0.2419331772320395,0.0
2018-05-21,GOOGL/MSFT,0.0,0.0,0.0,3,0.2647255574352382,0.0
2018-05-21,HUM/UNH,0.0,0.0,0.0,3,0.1433412653327223,0.0
2018-05-21,TLH/VGLT,0.0003761636347774,0.0003761636347774,0.0,3,0.35,0.000131657272172
2018-05-22,MS/SCHW,0.0,0.0,0.0,3,0.2419331772320395,0.0
2018-05-22,GOOGL/MSFT,0.0,0.0,0.0,3,0.2647255574352382,0.0
2018-05-22,HUM/UNH,-0.0,-0.0,0.0,3,0.1433412653327223,-0.0
2018-05-22,TLH/VGLT,0.0001809244412976,0.0001809244412976,0.0,3,0.35,6.332355445416001e-05
2018-05-23,MS/SCHW,-0.0,-0.0,0.0,3,0.2419331772320395,-0.0
2018-05-23,GOOGL/MSFT,0.0,0.0,0.0,3,0.2647255574352382,0.0
2018-05-23,HUM/UNH,-0.0,-0.0,0.0,3,0.1433412653327223,-0.0
2018-05-23,TLH/VGLT,0.0001202142415655,0.0001202142415655,0.0,3,0.35,4.2074984547925e-05
2018-05-24,MS/SCHW,0.0,0.0,0.0,3,0.2419331772320395,0.0
2018-05-24,GOOGL/MSFT,-0.0,-0.0,0.0,3,0.2647255574352382,-0.0
2018-05-24,HUM/UNH,-0.0,-0.0,0.0,3,0.1433412653327223,-0.0
2018-05-24,TLH/VGLT,-0.0011107418279967,-0.0011107418279967,0.0,3,0.35,-0.0003887596397988
2018-05-25,MS/SCHW,-0.0,-0.0,0.0,3,0.2419331772320395,-0.0
2018-05-25,GOOGL/MSFT,0.0,0.0,0.0,3,0.2647255574352382,0.0
2018-05-25,HUM/UNH,0.0,0.0,0.0,3,0.1433412653327223,0.0
2018-05-25,TLH/VGLT,0.0001308458812527,0.0001308458812527,0.0,3,0.35,4.579605843844501e-05
2018-05-29,MS/SCHW,-0.0,-0.0,0.0,3,0.2419331772320395,-0.0
2018-05-29,GOOGL/MSFT,0.0,0.0,0.0,3,0.2647255574352382,0.0
2018-05-29,HUM/UNH,-0.0,-0.0,0.0,3,0.1433412653327223,-0.0
2018-05-29,TLH/VGLT,-0.0011009774455676,-0.0011009774455676,0.0,3,0.35,-0.0003853421059486
2018-05-30,MS/SCHW,0.0,0.0,0.0,3,0.2419331772320395,0.0
2018-05-30,GOOGL/MSFT,0.0,0.0,0.0,3,0.2647255574352382,0.0
2018-05-30,HUM/UNH,0.0,0.0,0.0,3,0.1433412653327223,0.0
2018-05-30,TLH/VGLT,9.739495619825746e-05,9.739495619825746e-05,0.0,3,0.35,3.408823466939012e-05
2018-05-31,MS/SCHW,-0.0,-0.0,0.0,3,0.2419331772320395,-0.0
2018-05-31,GOOGL/MSFT,-0.0,-0.0,0.0,3,0.2647255574352382,-0.0
2018-05-31,HUM/UNH,-0.0,-0.0,0.0,3,0.1433412653327223,-0.0
2018-05-31,TLH/VGLT,0.0001709491904652,0.0001709491904652,0.0,3,0.35,5.983221666282001e-05
2018-06-01,MS/SCHW,0.0,0.0,0.0,3,0.2419331772320395,0.0
2018-06-01,GOOGL/MSFT,-0.0,-0.0,0.0,3,0.2647255574352382,-0.0
2018-06-01,HUM/UNH,0.0,0.0,0.0,3,0.1433412653327223,0.0
2018-06-01,TLH/VGLT,0.0001846160332647,0.0001846160332647,0.0,3,0.35,6.4615611642645e-05
2018-06-04,MS/SCHW,0.0,0.0,0.0,3,0.2419331772320395,0.0
2018-06-04,GOOGL/MSFT,-0.0,-0.0,0.0,3,0.2647255574352382,-0.0
2018-06-04,HUM/UNH,-0.0,-0.0,0.0,3,0.1433412653327223,-0.0
2018-06-04,TLH/VGLT,0.0002275508506459,0.0002275508506459,0.0,3,0.35,7.964279772606501e-05
2018-06-05,MS/SCHW,-0.0,-0.0,0.0,3,0.2419331772320395,-0.0
2018-06-05,GOOGL/MSFT,0.0,0.0,0.0,3,0.2647255574352382,0.0
2018-06-05,HUM/UNH,-0.0,-0.0,0.0,3,0.1433412653327223,-0.0
2018-06-05,TLH/VGLT,0.0003622957569838,0.0003622957569838,0.0,3,0.35,0.0001268035149443
2018-06-06,MS/SCHW,-0.0,-0.0,0.0,3,0.2419331772320395,-0.0
2018-06-06,GOOGL/MSFT,0.0,0.0,0.0,3,0.2647255574352382,0.0
2018-06-06,HUM/UNH,0.0,0.0,0.0,3,0.1433412653327223,0.0
2018-06-06,TLH/VGLT,0.0005545084172847,0.0005545084172847,0.0,3,0.35,0.0001940779460496
2018-06-07,MS/SCHW,0.0,0.0,0.0,3,0.2419331772320395,0.0
2018-06-07,GOOGL/MSFT,-0.0,-0.0,0.0,3,0.2647255574352382,-0.0
2018-06-07,HUM/UNH,-0.0,-0.0,0.0,3,0.1433412653327223,-0.0
2018-06-07,TLH/VGLT,-0.0012175922671263,-0.0012175922671263,0.0,3,0.35,-0.0004261572934942
2018-06-08,MS/SCHW,-0.0,-0.0,0.0,3,0.2419331772320395,-0.0
2018-06-08,GOOGL/MSFT,0.0,0.0,0.0,3,0.2647255574352382,0.0
2018-06-08,HUM/UNH,0.0,0.0,0.0,3,0.1433412653327223,0.0
2018-06-08,TLH/VGLT,0.0002085909758458,0.0002085909758458,0.0,3,0.35,7.300684154603e-05
2018-06-11,MS/SCHW,0.0,0.0,0.0,3,0.2419331772320395,0.0
2018-06-11,GOOGL/MSFT,-0.0,-0.0,0.0,3,0.2647255574352382,-0.0
2018-06-11,HUM/UNH,0.0,0.0,0.0,3,0.1433412653327223,0.0
2018-06-11,TLH/VGLT,-0.001,0.0,1.0,3,0.35,-0.00035
2018-06-12,MS/SCHW,-0.0,-0.0,0.0,3,0.2419331772320395,-0.0
2018-06-12,GOOGL/MSFT,-0.0,-0.0,0.0,3,0.2647255574352382,-0.0
2018-06-12,HUM/UNH,-0.0,-0.0,0.0,3,0.1433412653327223,-0.0
2018-06-12,TLH/VGLT,-0.0,-0.0,0.0,3,0.35,-0.0
2018-06-13,MS/SCHW,0.0,0.0,0.0,3,0.2419331772320395,0.0
2018-06-13,GOOGL/MSFT,-0.0,-0.0,0.0,3,0.2647255574352382,-0.0
2018-06-13,HUM/UNH,-0.0,-0.0,0.0,3,0.1433412653327223,-0.0
2018-06-13,TLH/VGLT,-0.0,-0.0,0.0,3,0.35,-0.0
2018-06-14,MS/SCHW,0.0,0.0,0.0,3,0.2419331772320395,0.0
2018-06-14,GOOGL/MSFT,-0.0,-0.0,0.0,3,0.2647255574352382,-0.0
2018-06-14,HUM/UNH,0.0,0.0,0.0,3,0.1433412653327223,0.0
2018-06-14,TLH/VGLT,-0.0,-0.0,0.0,3,0.35,-0.0
2018-06-15,MS/SCHW,0.0,0.0,0.0,3,0.2419331772320395,0.0
2018-06-15,GOOGL/MSFT,-0.0,-0.0,0.0,3,0.2647255574352382,-0.0
2018-06-15,HUM/UNH,0.0,0.0,0.0,3,0.1433412653327223,0.0
2018-06-15,TLH/VGLT,0.0,0.0,0.0,3,0.35,0.0
2018-06-18,MS/SCHW,0.0,0.0,0.0,3,0.2419331772320395,0.0
2018-06-18,GOOGL/MSFT,-0.0,-0.0,0.0,3,0.2647255574352382,-0.0
2018-06-18,HUM/UNH,-0.0,-0.0,0.0,3,0.1433412653327223,-0.0
2018-06-18,TLH/VGLT,0.0,0.0,0.0,3,0.35,0.0
2018-06-19,MS/SCHW,-0.0,-0.0,0.0,3,0.2419331772320395,-0.0
2018-06-19,GOOGL/MSFT,0.0008500558809727,0.0018500558809727,1.0,3,0.2647255574352382,0.0002250315169416
2018-06-19,HUM/UNH,0.0,0.0,0.0,3,0.1433412653327223,0.0
2018-06-19,TLH/VGLT,-0.0,-0.0,0.0,3,0.35,-0.0
2018-06-20,MS/SCHW,-0.0,-0.0,0.0,3,0.2419331772320395,-0.0
2018-06-20,GOOGL/MSFT,0.0034922830587991,0.0034922830587991,0.0,3,0.2647255574352382,0.0009244965794622
2018-06-20,HUM/UNH,-0.0,-0.0,0.0,3,0.1433412653327223,-0.0
2018-06-20,TLH/VGLT,0.0,0.0,0.0,3,0.35,0.0
2018-06-21,MS/SCHW,0.0,0.0,0.0,3,0.2419331772320395,0.0
2018-06-21,GOOGL/MSFT,0.0015662450652261,0.0015662450652261,0.0,3,0.2647255574352382,0.0004146250979721
2018-06-21,HUM/UNH,-0.0,-0.0,0.0,3,0.1433412653327223,-0.0
2018-06-21,TLH/VGLT,0.0,0.0,0.0,3,0.35,0.0
2018-06-22,MS/SCHW,-0.0,-0.0,0.0,3,0.2419331772320395,-0.0
2018-06-22,GOOGL/MSFT,-0.0039314253138344,-0.0039314253138344,0.0,3,0.2647255574352382,-0.0010407487577198
2018-06-22,HUM/UNH,0.0,0.0,0.0,3,0.1433412653327223,0.0
2018-06-22,TLH/VGLT,-0.0,-0.0,0.0,3,0.35,-0.0
2018-06-25,MS/SCHW,0.0,0.0,0.0,3,0.2419331772320395,0.0
2018-06-25,GOOGL/MSFT,0.0003579798176127,0.0003579798176127,0.0,3,0.2647255574352382,9.47664067680869e-05
2018-06-25,HUM/UNH,-0.0,-0.0,0.0,3,0.1433412653327223,-0.0
2018-06-25,TLH/VGLT,0.0,0.0,0.0,3,0.35,0.0
2018-06-26,MS/SCHW,0.0,0.0,0.0,3,0.2419331772320395,0.0
2018-06-26,GOOGL/MSFT,0.0064909177025739,0.0064909177025739,0.0,3,0.2647255574352382,0.0017183118070801
2018-06-26,HUM/UNH,0.0003004660631218,0.0013004660631218,1.0,3,0.1433412653327223,4.306918567742042e-05
2018-06-26,TLH/VGLT,-0.0,-0.0,0.0,3,0.35,-0.0
2018-06-27,MS/SCHW,0.0,0.0,0.0,3,0.2419331772320395,0.0
2018-06-27,GOOGL/MSFT,-0.00240045964433,-0.00240045964433,0.0,3,0.2647255574352382,-0.000635463017446
2018-06-27,HUM/UNH,-0.0065268012476047,-0.0065268012476047,0.0,3,0.1433412653327223,-0.0009355599494068
2018-06-27,TLH/VGLT,-0.0,-0.0,0.0,3,0.35,-0.0
2018-06-28,MS/SCHW,0.0,0.0,0.0,3,0.2419331772320395,0.0
2018-06-28,GOOGL/MSFT,0.002237633963663,0.002237633963663,0.0,3,0.2647255574352382,0.0005923588983667
2018-06-28,HUM/UNH,-0.0068083175289368,-0.0068083175289368,0.0,3,0.1433412653327223,-0.0009759128493847
2018-06-28,TLH/VGLT,-0.0013103605582491,-0.0003103605582491,1.0,3,0.35,-0.0004586261953871
2018-06-29,MS/SCHW,0.0041961800010225,0.0051961800010225,1.0,3,0.2419331772320395,0.0010151951598849
2018-06-29,GOOGL/MSFT,-0.0010685367614795,-0.0010685367614795,0.0,3,0.2647255574352382,-0.0002828689898227
2018-06-29,HUM/UNH,0.0003634431223879,0.0003634431223879,0.0,3,0.1433412653327223,5.2096397039557045e-05
2018-06-29,TLH/VGLT,0.0006011297639211,0.0006011297639211,0.0,3,0.35,0.0002103954173723
2018-07-02,MS/SCHW,-0.0020810130641305,-0.0020810130641305,0.0,3,0.2419331772320395,-0.0005034661024664
2018-07-02,GOOGL/MSFT,0.0027288090303843,0.0027288090303843,0.0,3,0.2647255574352382,0.0007223854917027
2018-07-02,HUM/UNH,0.0041364126435423,0.0041364126435423,0.0,3,0.1433412653327223,0.0005929186222636
2018-07-02,TLH/VGLT,-0.0006272886584766,-0.0006272886584766,0.0,3,0.35,-0.0002195510304668
2018-07-03,MS/SCHW,-0.000807513235606,-0.000807513235606,0.0,3,0.2419331772320395,-0.000195364242747
2018-07-03,GOOGL/MSFT,0.0048171966453226,0.0048171966453226,0.0,3,0.2647255574352382,0.0012752350672081
2018-07-03,HUM/UNH,-0.0037748874481307,-0.0037748874481307,0.0,3,0.1433412653327223,-0.0005410971433036
2018-07-03,TLH/VGLT,0.0002355309728962,0.0002355309728962,0.0,3,0.35,8.243584051367001e-05
2018-07-05,INTU/MSFT,0.0,0.0,0.0,4,0.3047801384488125,0.0
2018-07-05,AVGO/NXPI,0.0,0.0,0.0,4,0.1485578636542067,0.0
2018-07-05,ADSK/NOW,0.0,0.0,0.0,4,0.1966619978969807,0.0
2018-07-05,QQQ/XLK,-0.0,-0.0,0.0,4,0.35,-0.0
2018-07-06,INTU/MSFT,0.0,0.0,0.0,4,0.3047801384488125,0.0
2018-07-06,AVGO/NXPI,0.0,0.0,0.0,4,0.1485578636542067,0.0
2018-07-06,ADSK/NOW,0.0,0.0,0.0,4,0.1966619978969807,0.0
2018-07-06,QQQ/XLK,0.0,0.0,0.0,4,0.35,0.0
2018-07-09,INTU/MSFT,0.0,0.0,0.0,4,0.3047801384488125,0.0
2018-07-09,AVGO/NXPI,-0.0,-0.0,0.0,4,0.1485578636542067,-0.0
2018-07-09,ADSK/NOW,0.0,0.0,0.0,4,0.1966619978969807,0.0
2018-07-09,QQQ/XLK,0.0,0.0,0.0,4,0.35,0.0
2018-07-10,INTU/MSFT,-0.0012054052285895,-0.0002054052285895,1.0,4,0.3047801384488125,-0.0003673835724564
2018-07-10,AVGO/NXPI,-0.0,-0.0,0.0,4,0.1485578636542067,-0.0
2018-07-10,ADSK/NOW,0.0,0.0,0.0,4,0.1966619978969807,0.0
2018-07-10,QQQ/XLK,-0.0,-0.0,0.0,4,0.35,-0.0
2018-07-11,INTU/MSFT,0.0022170396215817,0.0022170396215817,0.0,4,0.3047801384488125,0.0006757096428121
2018-07-11,AVGO/NXPI,-0.0,-0.0,0.0,4,0.1485578636542067,-0.0
2018-07-11,ADSK/NOW,0.0,0.0,0.0,4,0.1966619978969807,0.0
2018-07-11,QQQ/XLK,-0.0,-0.0,0.0,4,0.35,-0.0
2018-07-12,INTU/MSFT,-0.0044700520812123,-0.0044700520812123,0.0,4,0.3047801384488125,-0.0013623830921852
2018-07-12,AVGO/NXPI,-0.0,-0.0,0.0,4,0.1485578636542067,-0.0
2018-07-12,ADSK/NOW,0.0,0.0,0.0,4,0.1966619978969807,0.0
2018-07-12,QQQ/XLK,0.0,0.0,0.0,4,0.35,0.0
2018-07-13,INTU/MSFT,-0.0071888667233611,-0.0071888667233611,0.0,4,0.3047801384488125,-0.002191023795236
2018-07-13,AVGO/NXPI,-0.0,-0.0,0.0,4,0.1485578636542067,-0.0
2018-07-13,ADSK/NOW,-0.0,-0.0,0.0,4,0.1966619978969807,-0.0
2018-07-13,QQQ/XLK,0.0,0.0,0.0,4,0.35,0.0
2018-07-16,INTU/MSFT,0.0043654258760472,0.0043654258760472,0.0,4,0.3047801384488125,0.0013304951028896
2018-07-16,AVGO/NXPI,0.0124833832302623,0.0134833832302623,1.0,4,0.1485578636542067,0.0018545047438645
2018-07-16,ADSK/NOW,-0.0,-0.0,0.0,4,0.1966619978969807,-0.0
2018-07-16,QQQ/XLK,0.0,0.0,0.0,4,0.35,0.0
2018-07-17,INTU/MSFT,-0.0022099781170802,-0.0022099781170802,0.0,4,0.3047801384488125,-0.0006735574364925
2018-07-17,AVGO/NXPI,0.0177074756096151,0.0177074756096151,0.0,4,0.1485578636542067,0.0026305847472733
2018-07-17,ADSK/NOW,0.0,0.0,0.0,4,0.1966619978969807,0.0
2018-07-17,QQQ/XLK,-0.0,-0.0,0.0,4,0.35,-0.0
2018-07-18,INTU/MSFT,0.0080811797905595,0.0080811797905595,0.0,4,0.3047801384488125,0.0024629830953964
2018-07-18,AVGO/NXPI,-0.0077104176142173,-0.0077104176142173,0.0,4,0.1485578636542067,-0.0011454431686498
2018-07-18,ADSK/NOW,-0.0,-0.0,0.0,4,0.1966619978969807,-0.0
2018-07-18,QQQ/XLK,-0.0,-0.0,0.0,4,0.35,-0.0
2018-07-19,INTU/MSFT,-0.0001091800920066,-0.0001091800920066,0.0,4,0.3047801384488125,-3.327592355762564e-05
2018-07-19,AVGO/NXPI,0.014393491184312,0.014393491184312,0.0,4,0.1485578636542067,0.002138266300867
2018-07-19,ADSK/NOW,0.0,0.0,0.0,4,0.1966619978969807,0.0
2018-07-19,QQQ/XLK,-0.0,-0.0,0.0,4,0.35,-0.0
2018-07-20,INTU/MSFT,-0.0120911578050542,-0.0120911578050542,0.0,4,0.3047801384488125,-0.0036851447498308
2018-07-20,AVGO/NXPI,0.0004933738327146,0.0004933738327146,0.0,4,0.1485578636542067,7.329456257096898e-05
2018-07-20,ADSK/NOW,0.0,0.0,0.0,4,0.1966619978969807,0.0
2018-07-20,QQQ/XLK,-0.0,-0.0,0.0,4,0.35,-0.0
2018-07-23,INTU/MSFT,-0.0057202708896961,-0.0057202708896961,0.0,4,0.3047801384488125,-0.0017434249537262
2018-07-23,AVGO/NXPI,0.0144399971619919,0.0144399971619919,0.0,4,0.1485578636542067,0.0021451751295583
2018-07-23,ADSK/NOW,-0.0,-0.0,0.0,4,0.1966619978969807,-0.0
2018-07-23,QQQ/XLK,-0.0,-0.0,0.0,4,0.35,-0.0
2018-07-24,INTU/MSFT,-0.0011937436281702,-0.0011937436281702,0.0,4,0.3047801384488125,-0.0003638293482661
2018-07-24,AVGO/NXPI,0.0161689277326112,0.0161689277326112,0.0,4,0.1485578636542067,0.0024020213615359
2018-07-24,ADSK/NOW,-0.0,-0.0,0.0,4,0.1966619978969807,-0.0
2018-07-24,QQQ/XLK,-0.0,-0.0,0.0,4,0.35,-0.0
2018-07-25,INTU/MSFT,-0.0150005069033717,-0.0150005069033717,0.0,4,0.3047801384488125,-0.0045718565708119
2018-07-25,AVGO/NXPI,0.0339727336134138,0.0339727336134138,0.0,4,0.1485578636542067,0.0050469167281022
2018-07-25,ADSK/NOW,-0.0,-0.0,0.0,4,0.1966619978969807,-0.0
2018-07-25,QQQ/XLK,0.0,0.0,0.0,4,0.35,0.0
2018-07-26,INTU/MSFT,0.0054201187425076,0.0054201187425076,0.0,4,0.3047801384488125,0.0016519445407504
2018-07-26,AVGO/NXPI,0.0108208780037646,0.0108208780037646,0.0,4,0.1485578636542067,0.001607526519102
2018-07-26,ADSK/NOW,0.0256703705995101,0.0266703705995101,1.0,4,0.1966619978969807,0.0050483863688555
2018-07-26,QQQ/XLK,0.0,0.0,0.0,4,0.35,0.0
2018-07-27,INTU/MSFT,0.0025934686179057,0.0025934686179057,0.0,4,0.3047801384488125,0.0007904377244279
2018-07-27,AVGO/NXPI,-0.0140972273385371,-0.0140972273385371,0.0,4,0.1485578636542067,-0.0020942539768607
2018-07-27,ADSK/NOW,-0.0112803976302207,-0.0112803976302207,0.0,4,0.1966619978969807,-0.0022184255350315
2018-07-27,QQQ/XLK,0.0,0.0,0.0,4,0.35,0.0
2018-07-30,INTU/MSFT,-0.0053252607759899,-0.0053252607759899,0.0,4,0.3047801384488125,-0.0016230337165822
2018-07-30,AVGO/NXPI,0.0130081698108766,0.0130081698108766,0.0,4,0.1485578636542067,0.0019324659171549
2018-07-30,ADSK/NOW,-0.0039328068523734,-0.0039328068523734,0.0,4,0.1966619978969807,-0.0007734336529306
2018-07-30,QQQ/XLK,0.0,0.0,0.0,4,0.35,0.0
2018-07-31,INTU/MSFT,-0.0009617992867919,-0.0009617992867919,0.0,4,0.3047801384488125,-0.0002931373197884
2018-07-31,AVGO/NXPI,-0.0119327623772339,-0.0119327623772339,0.0,4,0.1485578636542067,-0.0017727056862551
2018-07-31,ADSK/NOW,-0.01408737507543,-0.01408737507543,0.0,4,0.1966619978969807,-0.0027704513274581
2018-07-31,QQQ/XLK,0.0,0.0,0.0,4,0.35,0.0
2018-08-01,INTU/MSFT,-0.0010919221630165,-0.0010919221630165,0.0,4,0.3047801384488125,-0.0003327961880194
2018-08-01,AVGO/NXPI,-0.0151831242479139,-0.0151831242479139,0.0,4,0.1485578636542067,-0.0022555725018664
2018-08-01,ADSK/NOW,0.0106727139792216,0.0106727139792216,0.0,4,0.1966619978969807,0.0020989172541367
2018-08-01,QQQ/XLK,0.001737911045428,0.002737911045428,1.0,4,0.35,0.0006082688658998
2018-08-02,INTU/MSFT,-0.0044026324481084,-0.0044026324481084,0.0,4,0.3047801384488125,-0.0013418349270737
2018-08-02,AVGO/NXPI,-0.0020824166826061,-0.0020824166826061,0.0,4,0.1485578636542067,-0.0003093593736058
2018-08-02,ADSK/NOW,0.003889388291645,0.003889388291645,0.0,4,0.1966619978969807,0.000764894872032
2018-08-02,QQQ/XLK,-0.0002609374081582,-0.0002609374081582,0.0,4,0.35,-9.132809285537e-05
2018-08-03,INTU/MSFT,-0.0037488006166379,-0.0037488006166379,0.0,4,0.3047801384488125,-0.0011425599709558
2018-08-03,AVGO/NXPI,0.0034100281579755,0.0034100281579755,0.0,4,0.1485578636542067,0.0005065864981495
2018-08-03,ADSK/NOW,-0.009137510972932,-0.009137510972932,0.0,4,0.1966619978969807,-0.0017970011637423
2018-08-03,QQQ/XLK,0.0003267280976224,0.0003267280976224,0.0,4,0.35,0.0001143548341678
2018-08-06,INTU/MSFT,-0.001,-0.0,1.0,4,0.3047801384488125,-0.0003047801384488
2018-08-06,AVGO/NXPI,-0.0039184958059404,-0.0039184958059404,0.0,4,0.1485578636542067,-0.0005821233656684
2018-08-06,ADSK/NOW,0.0055040856469123,0.0055040856469123,0.0,4,0.1966619978969807,0.0010824444799178
2018-08-06,QQQ/XLK,-0.000152279435887,-0.000152279435887,0.0,4,0.35,-5.329780256045e-05
2018-08-07,INTU/MSFT,0.0,0.0,0.0,4,0.3047801384488125,0.0
2018-08-07,AVGO/NXPI,0.0114730815257721,0.0114730815257721,0.0,4,0.1485578636542067,0.0017044164809992
2018-08-07,ADSK/NOW,0.0009858312498079,0.0009858312498079,0.0,4,0.1966619978969807,0.0001938755431764
2018-08-07,QQQ/XLK,0.000165621499459,0.000165621499459,0.0,4,0.35,5.796752481065e-05
2018-08-08,INTU/MSFT,0.0,0.0,0.0,4,0.3047801384488125,0.0
2018-08-08,AVGO/NXPI,-0.0019981902289199,-0.0019981902289199,0.0,4,0.1485578636542067,-0.000296846871583
2018-08-08,ADSK/NOW,0.0043777649024353,0.0043777649024353,0.0,4,0.1966619978969807,0.0008609399920362
2018-08-08,QQQ/XLK,0.0007956783281838,0.0007956783281838,0.0,4,0.35,0.0002784874148643
2018-08-09,INTU/MSFT,-0.0,-0.0,0.0,4,0.3047801384488125,-0.0
2018-08-09,AVGO/NXPI,-0.0083709845664776,-0.0083709845664776,0.0,4,0.1485578636542067,-0.0012435755838782
2018-08-09,ADSK/NOW,0.0041885852844867,0.0041885852844867,0.0,4,0.1966619978969807,0.000823735550409
2018-08-09,QQQ/XLK,0.0005039700777553,0.0005039700777553,0.0,4,0.35,0.0001763895272143
2018-08-10,INTU/MSFT,-0.0,-0.0,0.0,4,0.3047801384488125,-0.0
2018-08-10,AVGO/NXPI,-0.001,-0.0,1.0,4,0.1485578636542067,-0.0001485578636542
2018-08-10,ADSK/NOW,-0.0019844233766934,-0.0019844233766934,0.0,4,0.1966619978969807,-0.0003902606659339
2018-08-10,QQQ/XLK,-0.0003362681302354,-0.0003362681302354,0.0,4,0.35,-0.0001176938455823
2018-08-13,INTU/MSFT,-0.0,-0.0,0.0,4,0.3047801384488125,-0.0
2018-08-13,AVGO/NXPI,0.0,0.0,0.0,4,0.1485578636542067,0.0
2018-08-13,ADSK/NOW,-0.0034437561872589,-0.0034437561872589,0.0,4,0.1966619978969807,-0.0006772559720564
2018-08-13,QQQ/XLK,-0.0001542709110479,-0.0001542709110479,0.0,4,0.35,-5.399481886676499e-05
2018-08-14,INTU/MSFT,0.0,0.0,0.0,4,0.3047801384488125,0.0
2018-08-14,AVGO/NXPI,-0.0,-0.0,0.0,4,0.1485578636542067,-0.0
2018-08-14,ADSK/NOW,-0.0035526465407666,-0.0035526465407666,0.0,4,0.1966619978969807,-0.0006986705665289
2018-08-14,QQQ/XLK,7.053935756719476e-05,7.053935756719476e-05,0.0,4,0.35,2.468877514851817e-05
2018-08-15,INTU/MSFT,-0.0,-0.0,0.0,4,0.3047801384488125,-0.0
2018-08-15,AVGO/NXPI,0.0,0.0,0.0,4,0.1485578636542067,0.0
2018-08-15,ADSK/NOW,0.003161113254291,0.003161113254291,0.0,4,0.1966619978969807,0.0006216708481674
2018-08-15,QQQ/XLK,0.0014180335015837,0.0014180335015837,0.0,4,0.35,0.0004963117255542
2018-08-16,INTU/MSFT,-0.0,-0.0,0.0,4,0.3047801384488125,-0.0
2018-08-16,AVGO/NXPI,0.0,0.0,0.0,4,0.1485578636542067,0.0
2018-08-16,ADSK/NOW,-0.0105203416577584,-0.0105203416577584,0.0,4,0.1966619978969807,-0.0020689514089736
2018-08-16,QQQ/XLK,0.0006273878877638,0.0006273878877638,0.0,4,0.35,0.0002195857607173
2018-08-17,INTU/MSFT,0.0,0.0,0.0,4,0.3047801384488125,0.0
2018-08-17,AVGO/NXPI,0.0,0.0,0.0,4,0.1485578636542067,0.0
2018-08-17,ADSK/NOW,0.0002058670019205,0.0002058670019205,0.0,4,0.1966619978969807,4.048621589874709e-05
2018-08-17,QQQ/XLK,0.0006581463241275,0.0006581463241275,0.0,4,0.35,0.0002303512134446
2018-08-20,INTU/MSFT,-0.0,-0.0,0.0,4,0.3047801384488125,-0.0
2018-08-20,AVGO/NXPI,-0.0,-0.0,0.0,4,0.1485578636542067,-0.0
2018-08-20,ADSK/NOW,-0.0024051253942269,-0.0024051253942269,0.0,4,0.1966619978969807,-0.0004729967652214
2018-08-20,QQQ/XLK,-0.0003295635283245,-0.0003295635283245,0.0,4,0.35,-0.0001153472349135
2018-08-21,INTU/MSFT,-0.0,-0.0,0.0,4,0.3047801384488125,-0.0
2018-08-21,AVGO/NXPI,0.0,0.0,0.0,4,0.1485578636542067,0.0
2018-08-21,ADSK/NOW,-0.0029613131424281,-0.0029613131424281,0.0,4,0.1966619978969807,-0.0005823777589884
2018-08-21,QQQ/XLK,-0.000965495551291,-0.000965495551291,0.0,4,0.35,-0.0003379234429518
2018-08-22,INTU/MSFT,0.0038132252247192,0.0048132252247192,1.0,4,0.3047801384488125,0.0011621953119264
2018-08-22,AVGO/NXPI,-0.0,-0.0,0.0,4,0.1485578636542067,-0.0
2018-08-22,ADSK/NOW,-0.001,-0.0,1.0,4,0.1966619978969807,-0.0001966619978969
2018-08-22,QQQ/XLK,-0.000372814171738,-0.000372814171738,0.0,4,0.35,-0.0001304849601083
2018-08-23,INTU/MSFT,-0.0024614140563136,-0.0024614140563136,0.0,4,0.3047801384488125,-0.0007501901168631
2018-08-23,AVGO/NXPI,-0.0,-0.0,0.0,4,0.1485578636542067,-0.0
2018-08-23,ADSK/NOW,0.0,0.0,0.0,4,0.1966619978969807,0.0
2018-08-23,QQQ/XLK,0.0018150941214011,0.0018150941214011,0.0,4,0.35,0.0006352829424903
2018-08-24,INTU/MSFT,-0.003175586033754,-0.003175586033754,0.0,4,0.3047801384488125,-0.0009678555510236
2018-08-24,AVGO/NXPI,0.0,0.0,0.0,4,0.1485578636542067,0.0
2018-08-24,ADSK/NOW,-0.0,-0.0,0.0,4,0.1966619978969807,-0.0
2018-08-24,QQQ/XLK,0.0005650118622011,0.0005650118622011,0.0,4,0.35,0.0001977541517703
2018-08-27,INTU/MSFT,0.015237505735934,0.015237505735934,0.0,4,0.3047801384488125,0.0046440891078125
2018-08-27,AVGO/NXPI,0.0,0.0,0.0,4,0.1485578636542067,0.0
2018-08-27,ADSK/NOW,0.0045121855697926,0.0055121855697926,1.0,4,0.1966619978969807,0.0008873754290373
2018-08-27,QQQ/XLK,-0.0003420203757134,-0.0003420203757134,0.0,4,0.35,-0.0001197071314996
2018-08-28,INTU/MSFT,-0.0038478006028181,-0.0038478006028181,0.0,4,0.3047801384488125,-0.0011727332004503
2018-08-28,AVGO/NXPI,0.0,0.0,0.0,4,0.1485578636542067,0.0
2018-08-28,ADSK/NOW,-0.0024119664660501,-0.0024119664660501,0.0,4,0.1966619978969807,-0.0004743421440739
2018-08-28,QQQ/XLK,-0.001,-0.0,1.0,4,0.35,-0.00035
2018-08-29,INTU/MSFT,0.005932416282836,0.005932416282836,0.0,4,0.3047801384488125,0.0018080826560187
2018-08-29,AVGO/NXPI,-0.0,-0.0,0.0,4,0.1485578636542067,-0.0
2018-08-29,ADSK/NOW,0.0214762584723321,0.0214762584723321,0.0,4,0.1966619978969807,0.0042235638985207
2018-08-29,QQQ/XLK,0.0,0.0,0.0,4,0.35,0.0
2018-08-30,INTU/MSFT,-0.0017163784041593,-0.0017163784041593,0.0,4,0.3047801384488125,-0.0005231180476502
2018-08-30,AVGO/NXPI,0.0,0.0,0.0,4,0.1485578636542067,0.0
2018-08-30,ADSK/NOW,-0.0007729374022634,-0.0007729374022634,0.0,4,0.1966619978969807,-0.0001520074137784
2018-08-30,QQQ/XLK,0.0,0.0,0.0,4,0.35,0.0
2018-08-31,INTU/MSFT,0.0004940867604848,0.0004940867604848,0.0,4,0.3047801384488125,0.0001505878312662
2018-08-31,AVGO/NXPI,0.0,0.0,0.0,4,0.1485578636542067,0.0
2018-08-31,ADSK/NOW,-0.0076217453578147,-0.0076217453578147,0.0,4,0.1966619978969807,-0.0014989076695298
2018-08-31,QQQ/XLK,0.0,0.0,0.0,4,0.35,0.0
2018-09-04,INTU/MSFT,-0.0056267108541261,-0.0056267108541261,0.0,4,0.3047801384488125,-0.0017149097131319
2018-09-04,AVGO/NXPI,-0.0,-0.0,0.0,4,0.1485578636542067,-0.0
2018-09-04,ADSK/NOW,0.013946870560196,0.013946870560196,0.0,4,0.1966619978969807,0.0027428194287787
2018-09-04,QQQ/XLK,-0.0,-0.0,0.0,4,0.35,-0.0
2018-09-05,INTU/MSFT,-0.0135566611732915,-0.0135566611732915,0.0,4,0.3047801384488125,-0.0041318010692994
2018-09-05,AVGO/NXPI,0.0,0.0,0.0,4,0.1485578636542067,0.0
2018-09-05,ADSK/NOW,-0.0176304949136998,-0.0176304949136998,0.0,4,0.1966619978969807,-0.0034672483536407
2018-09-05,QQQ/XLK,0.0,0.0,0.0,4,0.35,0.0
2018-09-06,INTU/MSFT,-0.0007569491242505,-0.0007569491242505,0.0,4,0.3047801384488125,-0.0002307030588877
2018-09-06,AVGO/NXPI,-0.0,-0.0,0.0,4,0.1485578636542067,-0.0
2018-09-06,ADSK/NOW,0.0090653286552725,0.0090653286552725,0.0,4,0.1966619978969807,0.0017828056449386
2018-09-06,QQQ/XLK,-0.0,-0.0,0.0,4,0.35,-0.0
2018-09-07,INTU/MSFT,-0.0037630516020889,-0.0037630516020889,0.0,4,0.3047801384488125,-0.0011469033882746
2018-09-07,AVGO/NXPI,0.0,0.0,0.0,4,0.1485578636542067,0.0
2018-09-07,ADSK/NOW,0.0108886014985622,0.0108886014985622,0.0,4,0.1966619978969807,0.0021413741250113
2018-09-07,QQQ/XLK,-0.0,-0.0,0.0,4,0.35,-0.0
2018-09-10,INTU/MSFT,-0.0014647898859307,-0.0014647898859307,0.0,4,0.3047801384488125,-0.0004464388642323
2018-09-10,AVGO/NXPI,-0.0251470659684204,-0.0241470659684204,1.0,4,0.1485578636542067,-0.0037357943974399
2018-09-10,ADSK/NOW,0.0020130816807099,0.0020130816807099,0.0,4,0.1966619978969807,0.0003958966652582
2018-09-10,QQQ/XLK,0.0,0.0,0.0,4,0.35,0.0
2018-09-11,INTU/MSFT,0.0079325880534663,0.0079325880534663,0.0,4,0.3047801384488125,0.0024176952851928
2018-09-11,AVGO/NXPI,0.0073274326567345,0.0073274326567345,0.0,4,0.1485578636542067,0.0010885477415545
2018-09-11,ADSK/NOW,0.0011678155007745,0.0011678155007745,0.0,4,0.1966619978969807,0.0002296649295573
2018-09-11,QQQ/XLK,-0.0,-0.0,0.0,4,0.35,-0.0
2018-09-12,INTU/MSFT,0.003141007180028,0.003141007180028,0.0,4,0.3047801384488125,0.0009573166031976
2018-09-12,AVGO/NXPI,0.0046776311316975,0.0046776311316975,0.0,4,0.1485578636542067,0.0006948988878873
2018-09-12,ADSK/NOW,0.0101107932544196,0.0101107932544196,0.0,4,0.1966619978969807,0.0019884088017374
2018-09-12,QQQ/XLK,0.0,0.0,0.0,4,0.35,0.0
2018-09-13,INTU/MSFT,0.0027474368098471,0.0027474368098471,0.0,4,0.3047801384488125,0.0008373641712845
2018-09-13,AVGO/NXPI,-0.0041316515791949,-0.0041316515791949,0.0,4,0.1485578636542067,-0.0006137893319687
2018-09-13,ADSK/NOW,0.0037862112313441,0.0037862112313441,0.0,4,0.1966619978969807,0.0007446038652161
2018-09-13,QQQ/XLK,-0.0,-0.0,0.0,4,0.35,-0.0
2018-09-14,INTU/MSFT,0.0028680918290381,0.0028680918290381,0.0,4,0.3047801384488125,0.0008741374247381
2018-09-14,AVGO/NXPI,0.0005392999703277,0.0005392999703277,0.0,4,0.1485578636542067,8.011725146066023e-05
2018-09-14,ADSK/NOW,-0.0046514809884317,-0.0046514809884317,0.0,4,0.1966619978969807,-0.0009147695443648
2018-09-14,QQQ/XLK,-0.0,-0.0,0.0,4,0.35,-0.0
2018-09-17,INTU/MSFT,-0.0028774712592662,-0.0028774712592662,0.0,4,0.3047801384488125,-0.0008769960887816
2018-09-17,AVGO/NXPI,-0.0053007948012711,-0.0053007948012711,0.0,4,0.1485578636542067,-0.0007874747513461
2018-09-17,ADSK/NOW,-0.0178462771066373,-0.0178462771066373,0.0,4,0.1966619978969807,-0.0035096845108144
2018-09-17,QQQ/XLK,-0.0,-0.0,0.0,4,0.35,-0.0
2018-09-18,INTU/MSFT,0.00092400791107,0.00092400791107,0.0,4,0.3047801384488125,0.0002816192590637
2018-09-18,AVGO/NXPI,-0.013116862394387,-0.013116862394387,0.0,4,0.1485578636542067,-0.0019486130551563
2018-09-18,ADSK/NOW,-0.008556111358193,-0.008556111358193,0.0,4,0.1966619978969807,-0.0016826619539312
2018-09-18,QQQ/XLK,0.0,0.0,0.0,4,0.35,0.0
2018-09-19,INTU/MSFT,-0.001,0.0,1.0,4,0.3047801384488125,-0.0003047801384488
2018-09-19,AVGO/NXPI,-0.003818342269281,-0.003818342269281,0.0,4,0.1485578636542067,-0.0005672447702249
2018-09-19,ADSK/NOW,-0.0174088057895955,-0.0174088057895955,0.0,4,0.1966619978969807,-0.0034236505275823
2018-09-19,QQQ/XLK,0.0,0.0,0.0,4,0.35,0.0
2018-09-20,INTU/MSFT,0.0,0.0,0.0,4,0.3047801384488125,0.0
2018-09-20,AVGO/NXPI,-0.0022328486790795,-0.0022328486790795,0.0,4,0.1485578636542067,-0.0003317072296271
2018-09-20,ADSK/NOW,-0.0085309947188954,-0.0085309947188954,0.0,4,0.1966619978969807,-0.0016777224654665
2018-09-20,QQQ/XLK,-0.0,-0.0,0.0,4,0.35,-0.0
2018-09-21,INTU/MSFT,0.0,0.0,0.0,4,0.3047801384488125,0.0
2018-09-21,AVGO/NXPI,-0.0090971608520531,-0.0090971608520531,0.0,4,0.1485578636542067,-0.0013514547814996
2018-09-21,ADSK/NOW,0.0096971663189678,0.0096971663189678,0.0,4,0.1966619978969807,0.0019070641022275
2018-09-21,QQQ/XLK,-0.0,-0.0,0.0,4,0.35,-0.0
2018-09-24,INTU/MSFT,0.0,0.0,0.0,4,0.3047801384488125,0.0
2018-09-24,AVGO/NXPI,-0.0123530316037436,-0.0123530316037436,0.0,4,0.1485578636542067,-0.001835139984705
2018-09-24,ADSK/NOW,-0.001,0.0,1.0,4,0.1966619978969807,-0.0001966619978969
2018-09-24,QQQ/XLK,-0.0,-0.0,0.0,4,0.35,-0.0
2018-09-25,INTU/MSFT,-0.0,-0.0,0.0,4,0.3047801384488125,-0.0
2018-09-25,AVGO/NXPI,-0.0125569716616042,-0.0125569716616042,0.0,4,0.1485578636542067,-0.0018654368840143
2018-09-25,ADSK/NOW,0.0,0.0,0.0,4,0.1966619978969807,0.0
2018-09-25,QQQ/XLK,0.0,0.0,0.0,4,0.35,0.0
2018-09-26,INTU/MSFT,-0.0,-0.0,0.0,4,0.3047801384488125,-0.0
2018-09-26,AVGO/NXPI,0.0010710281260713,0.0010710281260713,0.0,4,0.1485578636542067,0.0001591096503227
2018-09-26,ADSK/NOW,-0.0,-0.0,0.0,4,0.1966619978969807,-0.0
2018-09-26,QQQ/XLK,0.0,0.0,0.0,4,0.35,0.0
2018-09-27,INTU/MSFT,0.0,0.0,0.0,4,0.3047801384488125,0.0
2018-09-27,AVGO/NXPI,-0.0018166827174741,-0.0018166827174741,0.0,4,0.1485578636542067,-0.0002698825034454
2018-09-27,ADSK/NOW,-0.0,-0.0,0.0,4,0.1966619978969807,-0.0
2018-09-27,QQQ/XLK,-0.0021549629996973,-0.0011549629996973,1.0,4,0.35,-0.000754237049894
2018-09-28,INTU/MSFT,-0.0,-0.0,0.0,4,0.3047801384488125,-0.0
2018-09-28,AVGO/NXPI,-0.0008280061140474,-0.0008280061140474,0.0,4,0.1485578636542067,-0.0001230068193955
2018-09-28,ADSK/NOW,0.0,0.0,0.0,4,0.1966619978969807,0.0
2018-09-28,QQQ/XLK,0.0020052839335258,0.0020052839335258,0.0,4,0.35,0.000701849376734
2018-10-01,INTU/MSFT,0.0,0.0,0.0,4,0.3047801384488125,0.0
2018-10-01,AVGO/NXPI,-0.0092970276683028,-0.0092970276683028,0.0,4,0.1485578636542067,-0.0013811465687371
2018-10-01,ADSK/NOW,-0.0,-0.0,0.0,4,0.1966619978969807,-0.0
2018-10-01,QQQ/XLK,0.0014292372993856,0.0014292372993856,0.0,4,0.35,0.0005002330547849
2018-10-02,INTU/MSFT,-0.0,-0.0,0.0,4,0.3047801384488125,-0.0
2018-10-02,AVGO/NXPI,0.0039209916923376,0.0039209916923376,0.0,4,0.1485578636542067,0.0005824941492195
2018-10-02,ADSK/NOW,-0.0,-0.0,0.0,4,0.1966619978969807,-0.0
2018-10-02,QQQ/XLK,0.0011747883977694,0.0011747883977694,0.0,4,0.35,0.0004111759392192
2018-10-03,INTU/MSFT,-0.0,-0.0,0.0,5,0.2988550773093449,-0.0
2018-10-03,NVDA/NXPI,-0.0,-0.0,0.0,5,0.1360660921906004,-0.0
2018-10-03,KO/MNST,-0.0,-0.0,0.0,5,0.3270069141278195,-0.0
2018-10-03,NTRS/SCHW,0.0,0.0,0.0,5,0.238071916372235,0.0
2018-10-04,INTU/MSFT,-0.0,-0.0,0.0,5,0.2988550773093449,-0.0
2018-10-04,NVDA/NXPI,-0.0,-0.0,0.0,5,0.1360660921906004,-0.0
2018-10-04,KO/MNST,0.0,0.0,0.0,5,0.3270069141278195,0.0
2018-10-04,NTRS/SCHW,0.0,0.0,0.0,5,0.238071916372235,0.0
2018-10-05,INTU/MSFT,0.0,0.0,0.0,5,0.2988550773093449,0.0
2018-10-05,NVDA/NXPI,-0.0,-0.0,0.0,5,0.1360660921906004,-0.0
2018-10-05,KO/MNST,-0.0,-0.0,0.0,5,0.3270069141278195,-0.0
2018-10-05,NTRS/SCHW,-0.0,-0.0,0.0,5,0.238071916372235,-0.0
2018-10-08,INTU/MSFT,0.0,0.0,0.0,5,0.2988550773093449,0.0
2018-10-08,NVDA/NXPI,-0.0,-0.0,0.0,5,0.1360660921906004,-0.0
2018-10-08,KO/MNST,0.0,0.0,0.0,5,0.3270069141278195,0.0
2018-10-08,NTRS/SCHW,-0.0,-0.0,0.0,5,0.238071916372235,-0.0
2018-10-09,INTU/MSFT,0.0,0.0,0.0,5,0.2988550773093449,0.0
2018-10-09,NVDA/NXPI,0.0,0.0,0.0,5,0.1360660921906004,0.0
2018-10-09,KO/MNST,-0.0,-0.0,0.0,5,0.3270069141278195,-0.0
2018-10-09,NTRS/SCHW,0.0,0.0,0.0,5,0.238071916372235,0.0
2018-10-10,INTU/MSFT,-0.0,-0.0,0.0,5,0.2988550773093449,-0.0
2018-10-10,NVDA/NXPI,-0.0,-0.0,0.0,5,0.1360660921906004,-0.0
2018-10-10,KO/MNST,-0.0,-0.0,0.0,5,0.3270069141278195,-0.0
2018-10-10,NTRS/SCHW,-0.0,-0.0,0.0,5,0.238071916372235,-0.0
2018-10-11,INTU/MSFT,0.0,0.0,0.0,5,0.2988550773093449,0.0
2018-10-11,NVDA/NXPI,-0.0257725412270739,-0.0247725412270739,1.0,5,0.1360660921906004,-0.003506768970589
2018-10-11,KO/MNST,-0.0,-0.0,0.0,5,0.3270069141278195,-0.0
2018-10-11,NTRS/SCHW,-0.0,-0.0,0.0,5,0.238071916372235,-0.0
2018-10-12,INTU/MSFT,-0.0,-0.0,0.0,5,0.2988550773093449,-0.0
2018-10-12,NVDA/NXPI,0.0264482694548231,0.0264482694548231,0.0,5,0.1360660921906004,0.0035987126699218
2018-10-12,KO/MNST,-0.0,-0.0,0.0,5,0.3270069141278195,-0.0
2018-10-12,NTRS/SCHW,0.0,0.0,0.0,5,0.238071916372235,0.0
2018-10-15,INTU/MSFT,-0.0,-0.0,0.0,5,0.2988550773093449,-0.0
2018-10-15,NVDA/NXPI,-0.0269912792278348,-0.0269912792278348,0.0,5,0.1360660921906004,-0.0036725978877568
2018-10-15,KO/MNST,0.0,0.0,0.0,5,0.3270069141278195,0.0
2018-10-15,NTRS/SCHW,-0.0,-0.0,0.0,5,0.238071916372235,-0.0
2018-10-16,INTU/MSFT,0.0,0.0,0.0,5,0.2988550773093449,0.0
2018-10-16,NVDA/NXPI,0.0149463739420287,0.0149463739420287,0.0,5,0.1360660921906004,0.0020336946947112
2018-10-16,KO/MNST,0.0,0.0,0.0,5,0.3270069141278195,0.0
2018-10-16,NTRS/SCHW,0.0,0.0,0.0,5,0.238071916372235,0.0
2018-10-17,INTU/MSFT,-0.0,-0.0,0.0,5,0.2988550773093449,-0.0
2018-10-17,NVDA/NXPI,-0.0019500269896159,-0.0019500269896159,0.0,5,0.1360660921906004,-0.0002653325521432
2018-10-17,KO/MNST,0.0,0.0,0.0,5,0.3270069141278195,0.0
2018-10-17,NTRS/SCHW,0.0,0.0,0.0,5,0.238071916372235,0.0
2018-10-18,INTU/MSFT,-0.0,-0.0,0.0,5,0.2988550773093449,-0.0
2018-10-18,NVDA/NXPI,-0.0004262002821375,-0.0004262002821375,0.0,5,0.1360660921906004,-5.799140688098101e-05
2018-10-18,KO/MNST,-0.0,-0.0,0.0,5,0.3270069141278195,-0.0
2018-10-18,NTRS/SCHW,0.0079431770839231,0.0089431770839231,1.0,5,0.238071916372235,0.0018910473904535
2018-10-19,INTU/MSFT,0.0,0.0,0.0,5,0.2988550773093449,0.0
2018-10-19,NVDA/NXPI,-0.0286251432608428,-0.0286251432608428,0.0,5,0.1360660921906004,-0.0038949113818989
2018-10-19,KO/MNST,0.0,0.0,0.0,5,0.3270069141278195,0.0
2018-10-19,NTRS/SCHW,-0.0012972662625635,-0.0012972662625635,0.0,5,0.238071916372235,-0.0003088426651735
2018-10-22,INTU/MSFT,0.0,0.0,0.0,5,0.2988550773093449,0.0
2018-10-22,NVDA/NXPI,0.0112275826304995,0.0112275826304995,0.0,5,0.1360660921906004,0.0015276932932791
2018-10-22,KO/MNST,-0.0,-0.0,0.0,5,0.3270069141278195,-0.0
2018-10-22,NTRS/SCHW,0.0074793276846709,0.0074793276846709,0.0,5,0.238071916372235,0.0017806178750655
2018-10-23,INTU/MSFT,-0.0,-0.0,0.0,5,0.2988550773093449,-0.0
2018-10-23,NVDA/NXPI,-0.0345711184061771,-0.0345711184061771,0.0,5,0.1360660921906004,-0.004703956984187
2018-10-23,KO/MNST,0.0,0.0,0.0,5,0.3270069141278195,0.0
2018-10-23,NTRS/SCHW,0.0076924310552825,0.0076924310552825,0.0,5,0.238071916372235,0.0018313518028923
2018-10-24,INTU/MSFT,-0.0,-0.0,0.0,5,0.2988550773093449,-0.0
2018-10-24,NVDA/NXPI,-0.0369949371822837,-0.0369949371822837,0.0,5,0.1360660921906004,-0.00503375653323
2018-10-24,KO/MNST,0.0,0.0,0.0,5,0.3270069141278195,0.0
2018-10-24,NTRS/SCHW,0.0090086505114778,0.0090086505114778,0.0,5,0.238071916372235,0.0021447066911952
2018-10-25,INTU/MSFT,0.0226350485411418,0.0236350485411418,1.0,5,0.2988550773093449,0.0067645991816637
2018-10-25,NVDA/NXPI,0.0153790943575764,0.0153790943575764,0.0,5,0.1360660921906004,0.0020925732706659
2018-10-25,KO/MNST,-0.0,-0.0,0.0,5,0.3270069141278195,-0.0
2018-10-25,NTRS/SCHW,-0.0009935456213754,-0.0009935456213754,0.0,5,0.238071916372235,-0.000236535310084
2018-10-26,INTU/MSFT,0.003048360607377,0.003048360607377,0.0,5,0.2988550773093449,0.0009110180449844
2018-10-26,NVDA/NXPI,-0.0168785175987122,-0.0168785175987122,0.0,5,0.1360660921906004,-0.002296593931627
2018-10-26,KO/MNST,-0.0,-0.0,0.0,5,0.3270069141278195,-0.0
2018-10-26,NTRS/SCHW,-0.0060653083429357,-0.0060653083429357,0.0,5,0.238071916372235,-0.0014439795805912
2018-10-29,INTU/MSFT,-0.0151358136615547,-0.0151358136615547,0.0,5,0.2988550773093449,-0.0045234147619637
2018-10-29,NVDA/NXPI,-0.0404609845647363,-0.0404609845647363,0.0,5,0.1360660921906004,-0.0055053680559078
2018-10-29,KO/MNST,0.0,0.0,0.0,5,0.3270069141278195,0.0
2018-10-29,NTRS/SCHW,0.0016668061485294,0.0016668061485294,0.0,5,0.238071916372235,0.0003968197340014
2018-10-30,INTU/MSFT,-0.0048442563088663,-0.0048442563088663,0.0,5,0.2988550773093449,-0.0014477305936925
2018-10-30,NVDA/NXPI,0.0369963531865362,0.0369963531865362,0.0,5,0.1360660921906004,0.0050339492033952
2018-10-30,KO/MNST,0.0,0.0,0.0,5,0.3270069141278195,0.0
2018-10-30,NTRS/SCHW,-0.0090826089864444,-0.0090826089864444,0.0,5,0.238071916372235,-0.0021623141270625
2018-10-31,INTU/MSFT,0.0023734053380983,0.0023734053380983,0.0,5,0.2988550773093449,0.0007093042358037
2018-10-31,NVDA/NXPI,0.0273698168181813,0.0273698168181813,0.0,5,0.1360660921906004,0.0037241040184225
2018-10-31,KO/MNST,0.0,0.0,0.0,5,0.3270069141278195,0.0
2018-10-31,NTRS/SCHW,0.0010474898734344,0.0010474898734344,0.0,5,0.238071916372235,0.000249377921549
2018-11-01,INTU/MSFT,-0.007598401411153,-0.007598401411153,0.0,5,0.2988550773093449,-0.0022708208411575
2018-11-01,NVDA/NXPI,-0.0204620165501351,-0.0204620165501351,0.0,5,0.1360660921906004,-0.0027841866303162
2018-11-01,KO/MNST,-0.0,-0.0,0.0,5,0.3270069141278195,-0.0
2018-11-01,NTRS/SCHW,-0.0007635793349796,-0.0007635793349796,0.0,5,0.238071916372235,-0.0001817867955808
2018-11-02,INTU/MSFT,0.0002548255822748,0.0002548255822748,0.0,5,0.2988550773093449,7.61559190911342e-05
2018-11-02,NVDA/NXPI,-0.009442026057311,-0.009442026057311,0.0,5,0.1360660921906004,-0.0012847395879801
2018-11-02,KO/MNST,0.0,0.0,0.0,5,0.3270069141278195,0.0
2018-11-02,NTRS/SCHW,-0.0053925402220446,-0.0053925402220446,0.0,5,0.238071916372235,-0.0012838123847765
2018-11-05,INTU/MSFT,0.0051370656350642,0.0051370656350642,0.0,5,0.2988550773093449,0.0015352381475102
2018-11-05,NVDA/NXPI,-0.0044793061303704,-0.0044793061303704,0.0,5,0.1360660921906004,-0.0006094816808849
2018-11-05,KO/MNST,0.0,0.0,0.0,5,0.3270069141278195,0.0
2018-11-05,NTRS/SCHW,0.0018852276968982,0.0018852276968982,0.0,5,0.238071916372235,0.0004488197705985
2018-11-06,INTU/MSFT,0.0025334351301004,0.0025334351301004,0.0,5,0.2988550773093449,0.0007571299516643
2018-11-06,NVDA/NXPI,-0.0092311559310305,-0.0092311559310305,0.0,5,0.1360660921906004,-0.0012560473139374
2018-11-06,KO/MNST,0.0,0.0,0.0,5,0.3270069141278195,0.0
2018-11-06,NTRS/SCHW,-0.0036441845256072,-0.0036441845256072,0.0,5,0.238071916372235,-0.0008675779936253
2018-11-07,INTU/MSFT,0.0092610233586699,0.0092610233586699,0.0,5,0.2988550773093449,0.0027677038518189
2018-11-07,NVDA/NXPI,-0.001,0.0,1.0,5,0.1360660921906004,-0.0001360660921906
2018-11-07,KO/MNST,-0.0,-0.0,0.0,5,0.3270069141278195,-0.0
2018-11-07,NTRS/SCHW,0.004053380327754,0.004053380327754,0.0,5,0.238071916372235,0.0009649960224139
2018-11-08,INTU/MSFT,-0.0035321851286297,-0.0035321851286297,0.0,5,0.2988550773093449,-0.0010556114596875
2018-11-08,NVDA/NXPI,-0.0,-0.0,0.0,5,0.1360660921906004,-0.0
2018-11-08,KO/MNST,0.0,0.0,0.0,5,0.3270069141278195,0.0
2018-11-08,NTRS/SCHW,0.0016071344785647,0.0016071344785647,0.0,5,0.238071916372235,0.0003826135851797
2018-11-09,INTU/MSFT,-0.0100356781776755,-0.0100356781776755,0.0,5,0.2988550773093449,-0.0029992133776409
2018-11-09,NVDA/NXPI,0.0,0.0,0.0,5,0.1360660921906004,0.0
2018-11-09,KO/MNST,-0.0,-0.0,0.0,5,0.3270069141278195,-0.0
2018-11-09,NTRS/SCHW,0.0048979749871759,0.0048979749871759,0.0,5,0.238071916372235,0.0011660702915402
2018-11-12,INTU/MSFT,0.001235020871086,0.001235020871086,0.0,5,0.2988550773093449,0.000369092257907
2018-11-12,NVDA/NXPI,-0.0,-0.0,0.0,5,0.1360660921906004,-0.0
2018-11-12,KO/MNST,0.0,0.0,0.0,5,0.3270069141278195,0.0
2018-11-12,NTRS/SCHW,0.0021745202133544,0.0021745202133544,0.0,5,0.238071916372235,0.0005176921943834
2018-11-13,INTU/MSFT,0.0004550961528328,0.0004550961528328,0.0,5,0.2988550773093449,0.000136007795938
2018-11-13,NVDA/NXPI,0.0,0.0,0.0,5,0.1360660921906004,0.0
2018-11-13,KO/MNST,-0.0,-0.0,0.0,5,0.3270069141278195,-0.0
2018-11-13,NTRS/SCHW,0.0002493240053845,0.0002493240053845,0.0,5,0.238071916372235,5.9357043759489374e-05
2018-11-14,INTU/MSFT,-0.0023324253306814,-0.0023324253306814,0.0,5,0.2988550773093449,-0.000697057152519
2018-11-14,NVDA/NXPI,-0.0,-0.0,0.0,5,0.1360660921906004,-0.0
2018-11-14,KO/MNST,0.0,0.0,0.0,5,0.3270069141278195,0.0
2018-11-14,NTRS/SCHW,-0.001,0.0,1.0,5,0.238071916372235,-0.0002380719163722
2018-11-15,INTU/MSFT,0.0038417519980264,0.0038417519980264,0.0,5,0.2988550773093449,0.0011481270903735
2018-11-15,NVDA/NXPI,0.0,0.0,0.0,5,0.1360660921906004,0.0
2018-11-15,KO/MNST,-0.0,-0.0,0.0,5,0.3270069141278195,-0.0
2018-11-15,NTRS/SCHW,-0.0,-0.0,0.0,5,0.238071916372235,-0.0
2018-11-16,INTU/MSFT,0.0113759376507229,0.0113759376507229,0.0,5,0.2988550773093449,0.003399756726073
2018-11-16,NVDA/NXPI,-0.0,-0.0,0.0,5,0.1360660921906004,-0.0
2018-11-16,KO/MNST,0.0,0.0,0.0,5,0.3270069141278195,0.0
2018-11-16,NTRS/SCHW,-0.0,-0.0,0.0,5,0.238071916372235,-0.0
2018-11-19,INTU/MSFT,0.0018064379621568,0.0018064379621568,0.0,5,0.2988550773093449,0.0005398631568349
2018-11-19,NVDA/NXPI,-0.0,-0.0,0.0,5,0.1360660921906004,-0.0
2018-11-19,KO/MNST,0.0,0.0,0.0,5,0.3270069141278195,0.0
2018-11-19,NTRS/SCHW,-0.0,-0.0,0.0,5,0.238071916372235,-0.0
2018-11-20,INTU/MSFT,-0.0090875327794876,-0.0090875327794876,0.0,5,0.2988550773093449,-0.0027158553113649
2018-11-20,NVDA/NXPI,0.0,0.0,0.0,5,0.1360660921906004,0.0
2018-11-20,KO/MNST,-0.0,-0.0,0.0,5,0.3270069141278195,-0.0
2018-11-20,NTRS/SCHW,-0.0,-0.0,0.0,5,0.238071916372235,-0.0
2018-11-21,INTU/MSFT,-0.001,0.0,1.0,5,0.2988550773093449,-0.0002988550773093
2018-11-21,NVDA/NXPI,-0.0,-0.0,0.0,5,0.1360660921906004,-0.0
2018-11-21,KO/MNST,-0.0122386228572623,-0.0112386228572623,1.0,5,0.3270069141278195,-0.0040021142937275
2018-11-21,NTRS/SCHW,0.0,0.0,0.0,5,0.238071916372235,0.0
2018-11-23,INTU/MSFT,0.0,0.0,0.0,5,0.2988550773093449,0.0
2018-11-23,NVDA/NXPI,0.0,0.0,0.0,5,0.1360660921906004,0.0
2018-11-23,KO/MNST,-0.0004356228770334,-0.0004356228770334,0.0,5,0.3270069141278195,-0.0001424516927421
2018-11-23,NTRS/SCHW,-0.0,-0.0,0.0,5,0.238071916372235,-0.0
2018-11-26,INTU/MSFT,0.0,0.0,0.0,5,0.2988550773093449,0.0
2018-11-26,NVDA/NXPI,0.0,0.0,0.0,5,0.1360660921906004,0.0
2018-11-26,KO/MNST,-0.0004805712135237,-0.0004805712135237,0.0,5,0.3270069141278195,-0.000157150109553
2018-11-26,NTRS/SCHW,0.0,0.0,0.0,5,0.238071916372235,0.0
2018-11-27,INTU/MSFT,0.0,0.0,0.0,5,0.2988550773093449,0.0
2018-11-27,NVDA/NXPI,0.0,0.0,0.0,5,0.1360660921906004,0.0
2018-11-27,KO/MNST,0.0043914309516424,0.0043914309516424,0.0,5,0.3270069141278195,0.0014360282841019
2018-11-27,NTRS/SCHW,0.0,0.0,0.0,5,0.238071916372235,0.0
2018-11-28,INTU/MSFT,-0.0036663811904414,-0.0026663811904414,1.0,5,0.2988550773093449,-0.0010957166341148
2018-11-28,NVDA/NXPI,0.0,0.0,0.0,5,0.1360660921906004,0.0
2018-11-28,KO/MNST,0.0003330616232712,0.0003330616232712,0.0,5,0.3270069141278195,0.0001089134536403
2018-11-28,NTRS/SCHW,-0.0,-0.0,0.0,5,0.238071916372235,-0.0
2018-11-29,INTU/MSFT,0.005592111639908,0.005592111639908,0.0,5,0.2988550773093449,0.0016712309564671
2018-11-29,NVDA/NXPI,-0.0,-0.0,0.0,5,0.1360660921906004,-0.0
2018-11-29,KO/MNST,-0.0042886407380987,-0.0042886407380987,0.0,5,0.3270069141278195,-0.0014024151735685
2018-11-29,NTRS/SCHW,-0.0,-0.0,0.0,5,0.238071916372235,-0.0
2018-11-30,INTU/MSFT,0.0061635877787003,0.0061635877787003,0.0,5,0.2988550773093449,0.0018420195021064
2018-11-30,NVDA/NXPI,0.0,0.0,0.0,5,0.1360660921906004,0.0
2018-11-30,KO/MNST,0.0194503832515973,0.0194503832515973,0.0,5,0.3270069141278195,0.0063604098057082
2018-11-30,NTRS/SCHW,-0.0,-0.0,0.0,5,0.238071916372235,-0.0
2018-12-03,INTU/MSFT,-0.0084259104079865,-0.0084259104079865,0.0,5,0.2988550773093449,-0.0025181261063804
2018-12-03,NVDA/NXPI,0.0,0.0,0.0,5,0.1360660921906004,0.0
2018-12-03,KO/MNST,-0.012176411338356,-0.012176411338356,0.0,5,0.3270069141278195,-0.0039817706969067
2018-12-03,NTRS/SCHW,0.0,0.0,0.0,5,0.238071916372235,0.0
2018-12-04,INTU/MSFT,0.0085660485637853,0.0085660485637853,0.0,5,0.2988550773093449,0.0025600071057656
2018-12-04,NVDA/NXPI,-0.0,-0.0,0.0,5,0.1360660921906004,-0.0
2018-12-04,KO/MNST,0.0061846761091837,0.0061846761091837,0.0,5,0.3270069141278195,0.0020224318493442
2018-12-04,NTRS/SCHW,-0.0,-0.0,0.0,5,0.238071916372235,-0.0
2018-12-06,INTU/MSFT,0.0036170700703763,0.0036170700703763,0.0,5,0.2988550773093449,0.0010809797555156
2018-12-06,NVDA/NXPI,0.0,0.0,0.0,5,0.1360660921906004,0.0
2018-12-06,KO/MNST,-0.0048164433674821,-0.0048164433674821,0.0,5,0.3270069141278195,-0.0015750102826717
2018-12-06,NTRS/SCHW,0.0,0.0,0.0,5,0.238071916372235,0.0
2018-12-07,INTU/MSFT,0.0075006793268104,0.0075006793268104,0.0,5,0.2988550773093449,0.0022416161000865
2018-12-07,NVDA/NXPI,-0.0,-0.0,0.0,5,0.1360660921906004,-0.0
2018-12-07,KO/MNST,-0.0013565171882628,-0.0013565171882628,0.0,5,0.3270069141278195,-0.0004435904996951
2018-12-07,NTRS/SCHW,-0.0,-0.0,0.0,5,0.238071916372235,-0.0
2018-12-10,INTU/MSFT,-0.0076630649745874,-0.0076630649745874,0.0,5,0.2988550773093449,-0.0022901458754068
2018-12-10,NVDA/NXPI,0.0,0.0,0.0,5,0.1360660921906004,0.0
2018-12-10,KO/MNST,0.0041406280602996,0.0041406280602996,0.0,5,0.3270069141278195,0.0013540140045496
2018-12-10,NTRS/SCHW,-0.0,-0.0,0.0,5,0.238071916372235,-0.0
2018-12-11,INTU/MSFT,-0.0069374590600053,-0.0069374590600053,0.0,5,0.2988550773093449,-0.0020732948637082
2018-12-11,NVDA/NXPI,-0.0,-0.0,0.0,5,0.1360660921906004,-0.0
2018-12-11,KO/MNST,0.0023371763256894,0.0023371763256894,0.0,5,0.3270069141278195,0.0007642728180362
2018-12-11,NTRS/SCHW,0.0,0.0,0.0,5,0.238071916372235,0.0
2018-12-12,INTU/MSFT,0.0031090981947581,0.0031090981947581,0.0,5,0.2988550773093449,0.0009291697813567
2018-12-12,NVDA/NXPI,-0.0,-0.0,0.0,5,0.1360660921906004,-0.0
2018-12-12,KO/MNST,-0.0045109391467791,-0.0045109391467791,0.0,5,0.3270069141278195,-0.0014751082902066
2018-12-12,NTRS/SCHW,0.0,0.0,0.0,5,0.238071916372235,0.0
2018-12-13,INTU/MSFT,-0.0034490634932393,-0.0034490634932393,0.0,5,0.2988550773093449,-0.0010307701369168
2018-12-13,NVDA/NXPI,0.0,0.0,0.0,5,0.1360660921906004,0.0
2018-12-13,KO/MNST,0.0192592877407897,0.0192592877407897,0.0,5,0.3270069141278195,0.0062979202524153
2018-12-13,NTRS/SCHW,-0.0,-0.0,0.0,5,0.238071916372235,-0.0
2018-12-14,INTU/MSFT,0.0048048621577811,0.0048048621577811,0.0,5,0.2988550773093449,0.0014359574516244
2018-12-14,NVDA/NXPI,-0.0,-0.0,0.0,5,0.1360660921906004,-0.0
2018-12-14,KO/MNST,0.0009525222697156,0.0009525222697156,0.0,5,0.3270069141278195,0.0003114813680577
2018-12-14,NTRS/SCHW,-0.0,-0.0,0.0,5,0.238071916372235,-0.0
2018-12-17,INTU/MSFT,0.0112415013575716,0.0112415013575716,0.0,5,0.2988550773093449,0.0033595797572901
2018-12-17,NVDA/NXPI,-0.0,-0.0,0.0,5,0.1360660921906004,-0.0
2018-12-17,KO/MNST,-0.0101361639875937,-0.0101361639875937,0.0,5,0.3270069141278195,-0.0033145957066765
2018-12-17,NTRS/SCHW,-0.0,-0.0,0.0,5,0.238071916372235,-0.0
2018-12-18,INTU/MSFT,-0.0050879901780769,-0.0050879901780769,0.0,5,0.2988550773093449,-0.0015205716980183
2018-12-18,NVDA/NXPI,0.0,0.0,0.0,5,0.1360660921906004,0.0
2018-12-18,KO/MNST,-7.788532787073457e-05,-7.788532787073457e-05,0.0,5,0.3270069141278195,-2.546904072284237e-05
2018-12-18,NTRS/SCHW,0.0,0.0,0.0,5,0.238071916372235,0.0
2018-12-19,INTU/MSFT,-0.0034545103481463,-0.0034545103481463,0.0,5,0.2988550773093449,-0.0010323979571611
2018-12-19,NVDA/NXPI,-0.0,-0.0,0.0,5,0.1360660921906004,-0.0
2018-12-19,KO/MNST,0.0007426942984976,0.0007426942984976,0.0,5,0.3270069141278195,0.000242866170692
2018-12-19,NTRS/SCHW,-0.0,-0.0,0.0,5,0.238071916372235,-0.0
2018-12-20,INTU/MSFT,0.0056817888929563,0.0056817888929563,0.0,5,0.2988550773093449,0.0016980314588598
2018-12-20,NVDA/NXPI,-0.0,-0.0,0.0,5,0.1360660921906004,-0.0
2018-12-20,KO/MNST,-0.001,-0.0,1.0,5,0.3270069141278195,-0.0003270069141278
2018-12-20,NTRS/SCHW,0.0,0.0,0.0,5,0.238071916372235,0.0
2018-12-21,INTU/MSFT,0.0067699773814357,0.0067699773814357,0.0,5,0.2988550773093449,0.0020232421137114
2018-12-21,NVDA/NXPI,-0.0,-0.0,0.0,5,0.1360660921906004,-0.0
2018-12-21,KO/MNST,0.0,0.0,0.0,5,0.3270069141278195,0.0
2018-12-21,NTRS/SCHW,0.0,0.0,0.0,5,0.238071916372235,0.0
2018-12-24,INTU/MSFT,0.0187691326001908,0.0187691326001908,0.0,5,0.2988550773093449,0.0056092505742593
2018-12-24,NVDA/NXPI,-0.0,-0.0,0.0,5,0.1360660921906004,-0.0
2018-12-24,KO/MNST,-0.0,-0.0,0.0,5,0.3270069141278195,-0.0
2018-12-24,NTRS/SCHW,0.0,0.0,0.0,5,0.238071916372235,0.0
2018-12-26,INTU/MSFT,-0.0194377793135129,-0.0194377793135129,0.0,5,0.2988550773093449,-0.0058090790394618
2018-12-26,NVDA/NXPI,0.0,0.0,0.0,5,0.1360660921906004,0.0
2018-12-26,KO/MNST,0.0104783679206149,0.0114783679206149,1.0,5,0.3270069141278195,0.0034264987588162
2018-12-26,NTRS/SCHW,0.0,0.0,0.0,5,0.238071916372235,0.0
2018-12-27,INTU/MSFT,-0.001,-0.0,1.0,5,0.2988550773093449,-0.0002988550773093
2018-12-27,NVDA/NXPI,-0.0,-0.0,0.0,5,0.1360660921906004,-0.0
2018-12-27,KO/MNST,0.0083379359135747,0.0083379359135747,0.0,5,0.3270069141278195,0.0027265626932935
2018-12-27,NTRS/SCHW,-0.0,-0.0,0.0,5,0.238071916372235,-0.0
2018-12-28,INTU/MSFT,-0.0,-0.0,0.0,5,0.2988550773093449,-0.0
2018-12-28,NVDA/NXPI,0.0,0.0,0.0,5,0.1360660921906004,0.0
2018-12-28,KO/MNST,-0.0036761184827641,-0.0036761184827641,0.0,5,0.3270069141278195,-0.0012021161610169
2018-12-28,NTRS/SCHW,-0.0,-0.0,0.0,5,0.238071916372235,-0.0
2018-12-31,INTU/MSFT,0.0,0.0,0.0,5,0.2988550773093449,0.0
2018-12-31,NVDA/NXPI,-0.0,-0.0,0.0,5,0.1360660921906004,-0.0
2018-12-31,KO/MNST,0.001689961785387,0.001689961785387,0.0,5,0.3270069141278195,0.0005526291884333
2018-12-31,NTRS/SCHW,0.0,0.0,0.0,5,0.238071916372235,0.0
2019-01-02,INTU/MSFT,0.0,0.0,0.0,5,0.2988550773093449,0.0
2019-01-02,NVDA/NXPI,0.0,0.0,0.0,5,0.1360660921906004,0.0
2019-01-02,KO/MNST,-0.0049119000440521,-0.0049119000440521,0.0,5,0.3270069141278195,-0.0016062252759097
2019-01-02,NTRS/SCHW,-0.0,-0.0,0.0,5,0.238071916372235,-0.0
2019-01-03,INTU/MSFT,-0.0,-0.0,0.0,5,0.2988550773093449,-0.0
2019-01-03,NVDA/NXPI,-0.0,-0.0,0.0,5,0.1360660921906004,-0.0
2019-01-03,KO/MNST,-0.0014530249954094,-0.0014530249954094,0.0,5,0.3270069141278195,-0.0004751492198994
2019-01-03,NTRS/SCHW,0.0,0.0,0.0,5,0.238071916372235,0.0
2019-01-04,CRM/INTU,0.0,0.0,0.0,6,0.2355430879449954,0.0
2019-01-04,CNC/HUM,0.0,0.0,0.0,6,0.2052810805178098,0.0
2019-01-04,ADI/MU,0.0,0.0,0.0,6,0.2091758315371947,0.0
2019-01-04,NTRS/SCHW,0.0,0.0,0.0,6,0.35,0.0
2019-01-07,CRM/INTU,0.0,0.0,0.0,6,0.2355430879449954,0.0
2019-01-07,CNC/HUM,-0.0,-0.0,0.0,6,0.2052810805178098,-0.0
2019-01-07,ADI/MU,-0.01761157022962,-0.01661157022962,1.0,6,0.2091758315371947,-0.0036839148474564
2019-01-07,NTRS/SCHW,0.0,0.0,0.0,6,0.35,0.0
2019-01-08,CRM/INTU,0.0,0.0,0.0,6,0.2355430879449954,0.0
2019-01-08,CNC/HUM,-0.0,-0.0,0.0,6,0.2052810805178098,-0.0
2019-01-08,ADI/MU,0.016084888301481,0.016084888301481,0.0,6,0.2091758315371947,0.0033645698856451
2019-01-08,NTRS/SCHW,0.0,0.0,0.0,6,0.35,0.0
2019-01-09,CRM/INTU,0.0,0.0,0.0,6,0.2355430879449954,0.0
2019-01-09,CNC/HUM,-0.0,-0.0,0.0,6,0.2052810805178098,-0.0
2019-01-09,ADI/MU,-0.0122108157306098,-0.0122108157306098,0.0,6,0.2091758315371947,-0.0025542075341977
2019-01-09,NTRS/SCHW,0.0,0.0,0.0,6,0.35,0.0
2019-01-10,CRM/INTU,-0.0,-0.0,0.0,6,0.2355430879449954,-0.0
2019-01-10,CNC/HUM,-0.0,-0.0,0.0,6,0.2052810805178098,-0.0
2019-01-10,ADI/MU,0.000446986262458,0.000446986262458,0.0,6,0.2091758315371947,9.34987231353549e-05
2019-01-10,NTRS/SCHW,-0.0,-0.0,0.0,6,0.35,-0.0
2019-01-11,CRM/INTU,0.0,0.0,0.0,6,0.2355430879449954,0.0
2019-01-11,CNC/HUM,0.0,0.0,0.0,6,0.2052810805178098,0.0
2019-01-11,ADI/MU,0.0069183416485347,0.0069183416485347,0.0,6,0.2091758315371947,0.0014471498671906
2019-01-11,NTRS/SCHW,-0.0,-0.0,0.0,6,0.35,-0.0
2019-01-14,CRM/INTU,-0.0,-0.0,0.0,6,0.2355430879449954,-0.0
2019-01-14,CNC/HUM,-0.0,-0.0,0.0,6,0.2052810805178098,-0.0
2019-01-14,ADI/MU,0.003962321723152,0.003962321723152,0.0,6,0.2091758315371947,0.0008288219412582
2019-01-14,NTRS/SCHW,-0.0,-0.0,0.0,6,0.35,-0.0
2019-01-15,CRM/INTU,0.0,0.0,0.0,6,0.2355430879449954,0.0
2019-01-15,CNC/HUM,0.0,0.0,0.0,6,0.2052810805178098,0.0
2019-01-15,ADI/MU,0.0103178232781175,0.0103178232781175,0.0,6,0.2091758315371947,0.002158239263854
2019-01-15,NTRS/SCHW,0.0,0.0,0.0,6,0.35,0.0
2019-01-16,CRM/INTU,-0.0,-0.0,0.0,6,0.2355430879449954,-0.0
2019-01-16,CNC/HUM,0.0,0.0,0.0,6,0.2052810805178098,0.0
2019-01-16,ADI/MU,0.0024381087358165,0.0024381087358165,0.0,6,0.2091758315371947,0.0005099934221925
2019-01-16,NTRS/SCHW,0.0,0.0,0.0,6,0.35,0.0
2019-01-17,CRM/INTU,0.0,0.0,0.0,6,0.2355430879449954,0.0
2019-01-17,CNC/HUM,-0.0,-0.0,0.0,6,0.2052810805178098,-0.0
2019-01-17,ADI/MU,0.0061014931569274,0.0061014931569274,0.0,6,0.2091758315371947,0.0012762849047187
2019-01-17,NTRS/SCHW,0.0004870349767975,0.0014870349767975,1.0,6,0.35,0.0001704622418791
2019-01-18,CRM/INTU,0.0,0.0,0.0,6,0.2355430879449954,0.0
2019-01-18,CNC/HUM,0.0,0.0,0.0,6,0.2052810805178098,0.0
2019-01-18,ADI/MU,-0.0129941514236615,-0.0129941514236615,0.0,6,0.2091758315371947,-0.0027180624291646
2019-01-18,NTRS/SCHW,-0.001671786475656,-0.001671786475656,0.0,6,0.35,-0.0005851252664795
2019-01-22,CRM/INTU,-0.0,-0.0,0.0,6,0.2355430879449954,-0.0
2019-01-22,CNC/HUM,0.0,0.0,0.0,6,0.2052810805178098,0.0
2019-01-22,ADI/MU,0.0138269374037716,0.0138269374037716,0.0,6,0.2091758315371947,0.0028922611290466
2019-01-22,NTRS/SCHW,0.002416524240112,0.002416524240112,0.0,6,0.35,0.0008457834840391
2019-01-23,CRM/INTU,0.0,0.0,0.0,6,0.2355430879449954,0.0
2019-01-23,CNC/HUM,0.0,0.0,0.0,6,0.2052810805178098,0.0
2019-01-23,ADI/MU,-0.0069400609533654,-0.0069400609533654,0.0,6,0.2091758315371947,-0.001451693020839
2019-01-23,NTRS/SCHW,-0.001425986724862,-0.001425986724862,0.0,6,0.35,-0.0004990953537017
2019-01-24,CRM/INTU,-0.0,-0.0,0.0,6,0.2355430879449954,-0.0
2019-01-24,CNC/HUM,0.0,0.0,0.0,6,0.2052810805178098,0.0
2019-01-24,ADI/MU,-0.0005505622595333,-0.0005505622595333,0.0,6,0.2091758315371947,-0.0001151643184508
2019-01-24,NTRS/SCHW,-0.0035922825680028,-0.0035922825680028,0.0,6,0.35,-0.0012572988988009
2019-01-25,CRM/INTU,0.0,0.0,0.0,6,0.2355430879449954,0.0
2019-01-25,CNC/HUM,-0.0,-0.0,0.0,6,0.2052810805178098,-0.0
2019-01-25,ADI/MU,-0.016533965118543,-0.016533965118543,0.0,6,0.2091758315371947,-0.0034585059022782
2019-01-25,NTRS/SCHW,0.0026221151313976,0.0026221151313976,0.0,6,0.35,0.0009177402959891
2019-01-28,CRM/INTU,-0.0,-0.0,0.0,6,0.2355430879449954,-0.0
2019-01-28,CNC/HUM,0.0,0.0,0.0,6,0.2052810805178098,0.0
2019-01-28,ADI/MU,0.0094198898508702,0.0094198898508702,0.0,6,0.2091758315371947,0.0019704132925445
2019-01-28,NTRS/SCHW,0.0035395527659378,0.0035395527659378,0.0,6,0.35,0.0012388434680782
2019-01-29,CRM/INTU,-0.0,-0.0,0.0,6,0.2355430879449954,-0.0
2019-01-29,CNC/HUM,-0.0,-0.0,0.0,6,0.2052810805178098,-0.0
2019-01-29,ADI/MU,0.0072114674322604,0.0072114674322604,0.0,6,0.2091758315371947,0.0015084646967464
2019-01-29,NTRS/SCHW,-0.0084803788414415,-0.0084803788414415,0.0,6,0.35,-0.0029681325945045
2019-01-30,CRM/INTU,0.0,0.0,0.0,6,0.2355430879449954,0.0
2019-01-30,CNC/HUM,0.0,0.0,0.0,6,0.2052810805178098,0.0
2019-01-30,ADI/MU,-0.0007731987364454,-0.0007731987364454,0.0,6,0.2091758315371947,-0.0001617344886394
2019-01-30,NTRS/SCHW,0.0083587063022746,0.0083587063022746,0.0,6,0.35,0.0029255472057961
2019-01-31,CRM/INTU,0.0,0.0,0.0,6,0.2355430879449954,0.0
2019-01-31,CNC/HUM,0.0,0.0,0.0,6,0.2052810805178098,0.0
2019-01-31,ADI/MU,-0.0005085732801684,-0.0005085732801684,0.0,6,0.2091758315371947,-0.0001063812387768
2019-01-31,NTRS/SCHW,-0.0039535841017118,-0.0039535841017118,0.0,6,0.35,-0.0013837544355991
2019-02-01,CRM/INTU,0.0,0.0,0.0,6,0.2355430879449954,0.0
2019-02-01,CNC/HUM,-0.0,-0.0,0.0,6,0.2052810805178098,-0.0
2019-02-01,ADI/MU,-0.0092335208773443,-0.0092335208773443,0.0,6,0.2091758315371947,-0.0019314294075345
2019-02-01,NTRS/SCHW,-0.0025809175764114,-0.0025809175764114,0.0,6,0.35,-0.0009033211517439
2019-02-04,CRM/INTU,-0.0,-0.0,0.0,6,0.2355430879449954,-0.0
2019-02-04,CNC/HUM,0.0,0.0,0.0,6,0.2052810805178098,0.0
2019-02-04,ADI/MU,-0.001,0.0,1.0,6,0.2091758315371947,-0.0002091758315371
2019-02-04,NTRS/SCHW,0.0012593607551503,0.0012593607551503,0.0,6,0.35,0.0004407762643026
2019-02-05,CRM/INTU,-0.0,-0.0,0.0,6,0.2355430879449954,-0.0
2019-02-05,CNC/HUM,-0.0,-0.0,0.0,6,0.2052810805178098,-0.0
2019-02-05,ADI/MU,-0.0,-0.0,0.0,6,0.2091758315371947,-0.0
2019-02-05,NTRS/SCHW,0.0104404022730413,0.0104404022730413,0.0,6,0.35,0.0036541407955644
2019-02-06,CRM/INTU,-0.0,-0.0,0.0,6,0.2355430879449954,-0.0
2019-02-06,CNC/HUM,-0.0,-0.0,0.0,6,0.2052810805178098,-0.0
2019-02-06,ADI/MU,0.0,0.0,0.0,6,0.2091758315371947,0.0
2019-02-06,NTRS/SCHW,0.0084492406613013,0.0084492406613013,0.0,6,0.35,0.0029572342314554
2019-02-07,CRM/INTU,-0.0,-0.0,0.0,6,0.2355430879449954,-0.0
2019-02-07,CNC/HUM,0.0,0.0,0.0,6,0.2052810805178098,0.0
2019-02-07,ADI/MU,-0.0,-0.0,0.0,6,0.2091758315371947,-0.0
2019-02-07,NTRS/SCHW,0.007894920910649,0.007894920910649,0.0,6,0.35,0.0027632223187271
2019-02-08,CRM/INTU,-0.0,-0.0,0.0,6,0.2355430879449954,-0.0
2019-02-08,CNC/HUM,-0.0,-0.0,0.0,6,0.2052810805178098,-0.0
2019-02-08,ADI/MU,-0.0,-0.0,0.0,6,0.2091758315371947,-0.0
2019-02-08,NTRS/SCHW,0.0039702937861656,0.0039702937861656,0.0,6,0.35,0.0013896028251579
2019-02-11,CRM/INTU,0.0,0.0,0.0,6,0.2355430879449954,0.0
2019-02-11,CNC/HUM,-0.0,-0.0,0.0,6,0.2052810805178098,-0.0
2019-02-11,ADI/MU,-0.0,-0.0,0.0,6,0.2091758315371947,-0.0
2019-02-11,NTRS/SCHW,0.0001864704887309,0.0001864704887309,0.0,6,0.35,6.5264671055815e-05
2019-02-12,CRM/INTU,0.0,0.0,0.0,6,0.2355430879449954,0.0
2019-02-12,CNC/HUM,0.0,0.0,0.0,6,0.2052810805178098,0.0
2019-02-12,ADI/MU,0.0,0.0,0.0,6,0.2091758315371947,0.0
2019-02-12,NTRS/SCHW,-0.0010395638356138,-0.0010395638356138,0.0,6,0.35,-0.0003638473424648
2019-02-13,CRM/INTU,-0.0,-0.0,0.0,6,0.2355430879449954,-0.0
2019-02-13,CNC/HUM,0.0,0.0,0.0,6,0.2052810805178098,0.0
2019-02-13,ADI/MU,0.0,0.0,0.0,6,0.2091758315371947,0.0
2019-02-13,NTRS/SCHW,-0.003613735324671,-0.003613735324671,0.0,6,0.35,-0.0012648073636348
2019-02-14,CRM/INTU,-0.0,-0.0,0.0,6,0.2355430879449954,-0.0
2019-02-14,CNC/HUM,0.0,0.0,0.0,6,0.2052810805178098,0.0
2019-02-14,ADI/MU,0.0,0.0,0.0,6,0.2091758315371947,0.0
2019-02-14,NTRS/SCHW,-0.001,-0.0,1.0,6,0.35,-0.00035
2019-02-15,CRM/INTU,-0.0,-0.0,0.0,6,0.2355430879449954,-0.0
2019-02-15,CNC/HUM,0.0,0.0,0.0,6,0.2052810805178098,0.0
2019-02-15,ADI/MU,-0.0,-0.0,0.0,6,0.2091758315371947,-0.0
2019-02-15,NTRS/SCHW,0.0,0.0,0.0,6,0.35,0.0
2019-02-19,CRM/INTU,0.0,0.0,0.0,6,0.2355430879449954,0.0
2019-02-19,CNC/HUM,-0.0,-0.0,0.0,6,0.2052810805178098,-0.0
2019-02-19,ADI/MU,0.0,0.0,0.0,6,0.2091758315371947,0.0
2019-02-19,NTRS/SCHW,0.0,0.0,0.0,6,0.35,0.0
2019-02-20,CRM/INTU,-0.0,-0.0,0.0,6,0.2355430879449954,-0.0
2019-02-20,CNC/HUM,0.0,0.0,0.0,6,0.2052810805178098,0.0
2019-02-20,ADI/MU,-0.0,-0.0,0.0,6,0.2091758315371947,-0.0
2019-02-20,NTRS/SCHW,-0.0,-0.0,0.0,6,0.35,-0.0
2019-02-21,CRM/INTU,0.0,0.0,0.0,6,0.2355430879449954,0.0
2019-02-21,CNC/HUM,0.0,0.0,0.0,6,0.2052810805178098,0.0
2019-02-21,ADI/MU,-0.0,-0.0,0.0,6,0.2091758315371947,-0.0
2019-02-21,NTRS/SCHW,-0.0,-0.0,0.0,6,0.35,-0.0
2019-02-22,CRM/INTU,-0.0,-0.0,0.0,6,0.2355430879449954,-0.0
2019-02-22,CNC/HUM,0.0,0.0,0.0,6,0.2052810805178098,0.0
2019-02-22,ADI/MU,0.0,0.0,0.0,6,0.2091758315371947,0.0
2019-02-22,NTRS/SCHW,0.0,0.0,0.0,6,0.35,0.0
2019-02-25,CRM/INTU,0.0048560986982294,0.0058560986982294,1.0,6,0.2355430879449954,0.0011438204827466
2019-02-25,CNC/HUM,-0.0,-0.0,0.0,6,0.2052810805178098,-0.0
2019-02-25,ADI/MU,-0.0,-0.0,0.0,6,0.2091758315371947,-0.0
2019-02-25,NTRS/SCHW,-0.0,-0.0,0.0,6,0.35,-0.0
2019-02-26,CRM/INTU,0.0035455629210967,0.0035455629210967,0.0,6,0.2355430879449954,0.0008351328389383
2019-02-26,CNC/HUM,-0.0,-0.0,0.0,6,0.2052810805178098,-0.0
2019-02-26,ADI/MU,0.0,0.0,0.0,6,0.2091758315371947,0.0
2019-02-26,NTRS/SCHW,0.0,0.0,0.0,6,0.35,0.0
2019-02-27,CRM/INTU,-0.0012588804456295,-0.0012588804456295,0.0,6,0.2355430879449954,-0.0002965205875171
2019-02-27,CNC/HUM,-0.0,-0.0,0.0,6,0.2052810805178098,-0.0
2019-02-27,ADI/MU,-0.0,-0.0,0.0,6,0.2091758315371947,-0.0
2019-02-27,NTRS/SCHW,-0.0,-0.0,0.0,6,0.35,-0.0
2019-02-28,CRM/INTU,0.0066246164337083,0.0066246164337083,0.0,6,0.2355430879449954,0.0015603826112468
2019-02-28,CNC/HUM,-0.0048803001679868,-0.0038803001679868,1.0,6,0.2052810805178098,-0.0010018332917355
2019-02-28,ADI/MU,-0.0,-0.0,0.0,6,0.2091758315371947,-0.0
2019-02-28,NTRS/SCHW,-0.0,-0.0,0.0,6,0.35,-0.0
2019-03-01,CRM/INTU,-0.0028688226133179,-0.0028688226133179,0.0,6,0.2355430879449954,-0.0006757313371073
2019-03-01,CNC/HUM,0.0141998764255168,0.0141998764255168,0.0,6,0.2052810805178098,0.0029149659758494
2019-03-01,ADI/MU,0.0,0.0,0.0,6,0.2091758315371947,0.0
2019-03-01,NTRS/SCHW,0.0,0.0,0.0,6,0.35,0.0
2019-03-04,CRM/INTU,-0.0179542011717843,-0.0179542011717843,0.0,6,0.2355430879449954,-0.0042289879855877
2019-03-04,CNC/HUM,-0.0241187358378043,-0.0241187358378043,0.0,6,0.2052810805178098,-0.004951120153508
2019-03-04,ADI/MU,-0.0,-0.0,0.0,6,0.2091758315371947,-0.0
2019-03-04,NTRS/SCHW,-0.0,-0.0,0.0,6,0.35,-0.0
2019-03-05,CRM/INTU,-0.0020066178418635,-0.0020066178418635,0.0,6,0.2355430879449954,-0.000472644962798
2019-03-05,CNC/HUM,0.0007863698635606,0.0007863698635606,0.0,6,0.2052810805178098,0.0001614268552783
2019-03-05,ADI/MU,-0.0,-0.0,0.0,6,0.2091758315371947,-0.0
2019-03-05,NTRS/SCHW,0.0,0.0,0.0,6,0.35,0.0
2019-03-06,CRM/INTU,-0.0003199101629323,-0.0003199101629323,0.0,6,0.2355430879449954,-7.535262764206058e-05
2019-03-06,CNC/HUM,-0.0091124356475713,-0.0091124356475713,0.0,6,0.2052810805178098,-0.0018706106358824
2019-03-06,ADI/MU,-0.0,-0.0,0.0,6,0.2091758315371947,-0.0
2019-03-06,NTRS/SCHW,-0.0,-0.0,0.0,6,0.35,-0.0
2019-03-07,CRM/INTU,-0.0016022026605817,-0.0016022026605817,0.0,6,0.2355430879449954,-0.0003773877621871
2019-03-07,CNC/HUM,-0.00832047277452,-0.00832047277452,0.0,6,0.2052810805178098,-0.0017080356415724
2019-03-07,ADI/MU,0.0029379517190691,0.0039379517190691,1.0,6,0.2091758315371947,0.0006145484938524
2019-03-07,NTRS/SCHW,-0.0,-0.0,0.0,6,0.35,-0.0
2019-03-08,CRM/INTU,-0.0027491591092852,-0.0027491591092852,0.0,6,0.2355430879449954,-0.0006475454258531
2019-03-08,CNC/HUM,-0.0010346959528193,-0.0010346959528193,0.0,6,0.2052810805178098,-0.0002124035032021
2019-03-08,ADI/MU,0.0120327352218769,0.0120327352218769,0.0,6,0.2091758315371947,0.0025169573957029
2019-03-08,NTRS/SCHW,-0.0,-0.0,0.0,6,0.35,-0.0
2019-03-11,CRM/INTU,0.0010001267400265,0.0010001267400265,0.0,6,0.2355430879449954,0.0002355729406822
2019-03-11,CNC/HUM,0.009908777136955,0.009908777136955,0.0,6,0.2052810805178098,0.0020340844772842
2019-03-11,ADI/MU,-0.0059882855583193,-0.0059882855583193,0.0,6,0.2091758315371947,-0.0012526046111436
2019-03-11,NTRS/SCHW,0.0,0.0,0.0,6,0.35,0.0
2019-03-12,CRM/INTU,0.0026586201202454,0.0026586201202454,0.0,6,0.2355430879449954,0.0006262195927952
2019-03-12,CNC/HUM,0.0002911498586672,0.0002911498586672,0.0,6,0.2052810805178098,5.976755757981044e-05
2019-03-12,ADI/MU,0.0017186769841696,0.0017186769841696,0.0,6,0.2091758315371947,0.0003595056873075
2019-03-12,NTRS/SCHW,0.0,0.0,0.0,6,0.35,0.0
2019-03-13,CRM/INTU,-0.0004821421848219,-0.0004821421848219,0.0,6,0.2355430879449954,-0.0001135652590414
2019-03-13,CNC/HUM,0.016763588047513,0.016763588047513,0.0,6,0.2052810805178098,0.0034412474677489
2019-03-13,ADI/MU,-0.0061015279547101,-0.0061015279547101,0.0,6,0.2091758315371947,-0.0012762921835739
2019-03-13,NTRS/SCHW,-0.0,-0.0,0.0,6,0.35,-0.0
2019-03-14,CRM/INTU,-0.0024038149107529,-0.0024038149107529,0.0,6,0.2355430879449954,-0.0005662019869269
2019-03-14,CNC/HUM,-0.0061790902426001,-0.0061790902426001,0.0,6,0.2052810805178098,-0.001268450321618
2019-03-14,ADI/MU,-0.0061609532994572,-0.0061609532994572,0.0,6,0.2091758315371947,-0.0012887225294757
2019-03-14,NTRS/SCHW,-0.0,-0.0,0.0,6,0.35,-0.0
2019-03-15,CRM/INTU,0.0005961304518538,0.0005961304518538,0.0,6,0.2355430879449954,0.0001404144074476
2019-03-15,CNC/HUM,0.0018045812687018,0.0018045812687018,0.0,6,0.2052810805178098,0.0003704463927213
2019-03-15,ADI/MU,0.0093188069991035,0.0093188069991035,0.0,6,0.2091758315371947,0.0019492692029721
2019-03-15,NTRS/SCHW,-0.0,-0.0,0.0,6,0.35,-0.0
2019-03-18,CRM/INTU,0.002224343668688,0.002224343668688,0.0,6,0.2355430879449954,0.0005239287763736
2019-03-18,CNC/HUM,0.0046274028983139,0.0046274028983139,0.0,6,0.2052810805178098,0.0009499182669571
2019-03-18,ADI/MU,0.001983715734995,0.001983715734995,0.0,6,0.2091758315371947,0.0004149453884009
2019-03-18,NTRS/SCHW,-0.0,-0.0,0.0,6,0.35,-0.0
2019-03-19,CRM/INTU,0.0096797764925395,0.0096797764925395,0.0,6,0.2355430879449954,0.0022800044456701
2019-03-19,CNC/HUM,0.0095462052080414,0.0095462052080414,0.0,6,0.2052810805178098,0.0019596553199514
2019-03-19,ADI/MU,0.0058371798329581,0.0058371798329581,0.0,6,0.2091758315371947,0.0012209969453911
2019-03-19,NTRS/SCHW,0.0,0.0,0.0,6,0.35,0.0
2019-03-20,CRM/INTU,-0.0013129162449796,-0.0013129162449796,0.0,6,0.2355430879449954,-0.0003092483465556
2019-03-20,CNC/HUM,-0.0246658967402253,-0.0246658967402253,0.0,6,0.2052810805178098,-0.0050634419347741
2019-03-20,ADI/MU,0.003191996374234,0.003191996374234,0.0,6,0.2091758315371947,0.0006676884958441
2019-03-20,NTRS/SCHW,-0.0,-0.0,0.0,6,0.35,-0.0
2019-03-21,CRM/INTU,0.0037933659704579,0.0037933659704579,0.0,6,0.2355430879449954,0.0008935011343871
2019-03-21,CNC/HUM,0.0030286300096275,0.0030286300096275,0.0,6,0.2052810805178098,0.0006217204408649
2019-03-21,ADI/MU,0.0404056156078362,0.0404056156078362,0.0,6,0.2091758315371947,0.0084518782435413
2019-03-21,NTRS/SCHW,-0.0,-0.0,0.0,6,0.35,-0.0
2019-03-22,CRM/INTU,-0.001,-0.0,1.0,6,0.2355430879449954,-0.0002355430879449
2019-03-22,CNC/HUM,-0.0040654533576361,-0.0040654533576361,0.0,6,0.2052810805178098,-0.0008345606580502
2019-03-22,ADI/MU,-0.0138033699795651,-0.0138033699795651,0.0,6,0.2091758315371947,-0.002887331393491
2019-03-22,NTRS/SCHW,-0.0,-0.0,0.0,6,0.35,-0.0
2019-03-25,CRM/INTU,-0.0,-0.0,0.0,6,0.2355430879449954,-0.0
2019-03-25,CNC/HUM,-0.0063917794249795,-0.0063917794249795,0.0,6,0.2052810805178098,-0.0013121113867912
2019-03-25,ADI/MU,-0.0025391769993503,-0.0025391769993503,0.0,6,0.2091758315371947,-0.0005311344602592
2019-03-25,NTRS/SCHW,0.0,0.0,0.0,6,0.35,0.0
2019-03-26,CRM/INTU,-0.0,-0.0,0.0,6,0.2355430879449954,-0.0
2019-03-26,CNC/HUM,-0.0109518523808744,-0.0109518523808744,0.0,6,0.2052810805178098,-0.0022482080904174
2019-03-26,ADI/MU,-0.0117034238939417,-0.0117034238939417,0.0,6,0.2091758315371947,-0.0024480734248475
2019-03-26,NTRS/SCHW,-0.0,-0.0,0.0,6,0.35,-0.0
2019-03-27,CRM/INTU,-0.0,-0.0,0.0,6,0.2355430879449954,-0.0
2019-03-27,CNC/HUM,-0.001,0.0,1.0,6,0.2052810805178098,-0.0002052810805178
2019-03-27,ADI/MU,-0.0032273467604388,-0.0032273467604388,0.0,6,0.2091758315371947,-0.0006750829422736
2019-03-27,NTRS/SCHW,-0.0,-0.0,0.0,6,0.35,-0.0
2019-03-28,CRM/INTU,-0.0073943619141304,-0.0063943619141304,1.0,6,0.2355430879449954,-0.0017416908386371
2019-03-28,CNC/HUM,-0.0,-0.0,0.0,6,0.2052810805178098,-0.0
2019-03-28,ADI/MU,0.005677541007734,0.005677541007734,0.0,6,0.2091758315371947,0.0011876043613792
2019-03-28,NTRS/SCHW,0.0,0.0,0.0,6,0.35,0.0
2019-03-29,CRM/INTU,0.0078416150942754,0.0078416150942754,0.0,6,0.2355430879449954,0.0018470382337817
2019-03-29,CNC/HUM,0.0,0.0,0.0,6,0.2052810805178098,0.0
2019-03-29,ADI/MU,0.0191346344252841,0.0191346344252841,0.0,6,0.2091758315371947,0.004002503067069
2019-03-29,NTRS/SCHW,-0.0,-0.0,0.0,6,0.35,-0.0
2019-04-01,CRM/INTU,0.0026946099181846,0.0026946099181846,0.0,6,0.2355430879449954,0.0006346967409364
2019-04-01,CNC/HUM,0.0,0.0,0.0,6,0.2052810805178098,0.0
2019-04-01,ADI/MU,-0.0035206606073928,-0.0035206606073928,0.0,6,0.2091758315371947,-0.0007364371101116
2019-04-01,NTRS/SCHW,0.0,0.0,0.0,6,0.35,0.0
2019-04-02,CRM/INTU,-0.0064745435899301,-0.0064745435899301,0.0,6,0.2355430879449954,-0.0015250339902066
2019-04-02,CNC/HUM,-0.0,-0.0,0.0,6,0.2052810805178098,-0.0
2019-04-02,ADI/MU,0.0030111804510634,0.0030111804510634,0.0,6,0.2091758315371947,0.0006298661747597
2019-04-02,NTRS/SCHW,0.0,0.0,0.0,6,0.35,0.0
2019-04-03,CRM/INTU,0.0060534388892752,0.0060534388892752,0.0,6,0.2355430879449954,0.0014258456886662
2019-04-03,CNC/HUM,0.0,0.0,0.0,6,0.2052810805178098,0.0
2019-04-03,ADI/MU,-0.001,0.0,1.0,6,0.2091758315371947,-0.0002091758315371
2019-04-03,NTRS/SCHW,-0.0,-0.0,0.0,6,0.35,-0.0
2019-04-04,CRM/INTU,-0.003673692794122,-0.003673692794122,0.0,6,0.2355430879449954,-0.0008653129448887
2019-04-04,CNC/HUM,0.0,0.0,0.0,6,0.2052810805178098,0.0
2019-04-04,ADI/MU,-0.0,-0.0,0.0,6,0.2091758315371947,-0.0
2019-04-04,NTRS/SCHW,-0.0,-0.0,0.0,6,0.35,-0.0
2019-04-05,ADBE/CRM,0.0,0.0,0.0,7,0.2479228692281557,0.0
2019-04-05,CNC/UNH,-0.0,-0.0,0.0,7,0.1670398144247186,-0.0
2019-04-05,INTU/MSFT,0.0,0.0,0.0,7,0.2350373163471257,0.0
2019-04-05,IEI/SCHR,0.0,0.0,0.0,7,0.35,0.0
2019-04-08,ADBE/CRM,-0.0,-0.0,0.0,7,0.2479228692281557,-0.0
2019-04-08,CNC/UNH,-0.0,-0.0,0.0,7,0.1670398144247186,-0.0
2019-04-08,INTU/MSFT,0.0,0.0,0.0,7,0.2350373163471257,0.0
2019-04-08,IEI/SCHR,-0.0,-0.0,0.0,7,0.35,-0.0
2019-04-09,ADBE/CRM,-0.0,-0.0,0.0,7,0.2479228692281557,-0.0
2019-04-09,CNC/UNH,-0.0,-0.0,0.0,7,0.1670398144247186,-0.0
2019-04-09,INTU/MSFT,-0.0,-0.0,0.0,7,0.2350373163471257,-0.0
2019-04-09,IEI/SCHR,-0.0,-0.0,0.0,7,0.35,-0.0
2019-04-10,ADBE/CRM,0.0,0.0,0.0,7,0.2479228692281557,0.0
2019-04-10,CNC/UNH,-0.0,-0.0,0.0,7,0.1670398144247186,-0.0
2019-04-10,INTU/MSFT,0.0,0.0,0.0,7,0.2350373163471257,0.0
2019-04-10,IEI/SCHR,-0.0,-0.0,0.0,7,0.35,-0.0
2019-04-11,ADBE/CRM,0.0,0.0,0.0,7,0.2479228692281557,0.0
2019-04-11,CNC/UNH,-0.0,-0.0,0.0,7,0.1670398144247186,-0.0
2019-04-11,INTU/MSFT,-0.0,-0.0,0.0,7,0.2350373163471257,-0.0
2019-04-11,IEI/SCHR,0.0,0.0,0.0,7,0.35,0.0
2019-04-12,ADBE/CRM,-0.0,-0.0,0.0,7,0.2479228692281557,-0.0
2019-04-12,CNC/UNH,-0.0264803872652404,-0.0254803872652404,1.0,7,0.1670398144247186,-0.0044232789746804
2019-04-12,INTU/MSFT,0.0,0.0,0.0,7,0.2350373163471257,0.0
2019-04-12,IEI/SCHR,0.0,0.0,0.0,7,0.35,0.0
2019-04-15,ADBE/CRM,-0.0,-0.0,0.0,7,0.2479228692281557,-0.0
2019-04-15,CNC/UNH,0.0206298687262862,0.0206298687262862,0.0,7,0.1670398144247186,0.0034460094436451
2019-04-15,INTU/MSFT,-0.0,-0.0,0.0,7,0.2350373163471257,-0.0
2019-04-15,IEI/SCHR,-0.0,-0.0,0.0,7,0.35,-0.0
2019-04-16,ADBE/CRM,-0.0,-0.0,0.0,7,0.2479228692281557,-0.0
2019-04-16,CNC/UNH,-0.0115354498787545,-0.0115354498787545,0.0,7,0.1670398144247186,-0.0019268794070527
2019-04-16,INTU/MSFT,0.0,0.0,0.0,7,0.2350373163471257,0.0
2019-04-16,IEI/SCHR,0.0,0.0,0.0,7,0.35,0.0
2019-04-17,ADBE/CRM,-0.0,-0.0,0.0,7,0.2479228692281557,-0.0
2019-04-17,CNC/UNH,0.0044252978704457,0.0044252978704457,0.0,7,0.1670398144247186,0.0007392009350533
2019-04-17,INTU/MSFT,0.0,0.0,0.0,7,0.2350373163471257,0.0
2019-04-17,IEI/SCHR,0.0,0.0,0.0,7,0.35,0.0
2019-04-18,ADBE/CRM,0.0,0.0,0.0,7,0.2479228692281557,0.0
2019-04-18,CNC/UNH,0.0087290939915195,0.0087290939915195,0.0,7,0.1670398144247186,0.0014581062404393
2019-04-18,INTU/MSFT,0.0,0.0,0.0,7,0.2350373163471257,0.0
2019-04-18,IEI/SCHR,-0.0,-0.0,0.0,7,0.35,-0.0
2019-04-22,ADBE/CRM,0.0,0.0,0.0,7,0.2479228692281557,0.0
2019-04-22,CNC/UNH,0.0178834260908858,0.0178834260908858,0.0,7,0.1670398144247186,0.0029872441754997
2019-04-22,INTU/MSFT,-0.0,-0.0,0.0,7,0.2350373163471257,-0.0
2019-04-22,IEI/SCHR,0.0,0.0,0.0,7,0.35,0.0
2019-04-23,ADBE/CRM,-0.0,-0.0,0.0,7,0.2479228692281557,-0.0
2019-04-23,CNC/UNH,-0.0025995124818769,-0.0025995124818769,0.0,7,0.1670398144247186,-0.0004342220825674
2019-04-23,INTU/MSFT,0.0,0.0,0.0,7,0.2350373163471257,0.0
2019-04-23,IEI/SCHR,-0.0,-0.0,0.0,7,0.35,-0.0
2019-04-24,ADBE/CRM,-0.0,-0.0,0.0,7,0.2479228692281557,-0.0
2019-04-24,CNC/UNH,-7.112426507206938e-05,-7.112426507206938e-05,0.0,7,0.1670398144247186,-1.1880584038732964e-05
2019-04-24,INTU/MSFT,0.0,0.0,0.0,7,0.2350373163471257,0.0
2019-04-24,IEI/SCHR,-0.0,-0.0,0.0,7,0.35,-0.0
2019-04-25,ADBE/CRM,0.0,0.0,0.0,7,0.2479228692281557,0.0
2019-04-25,CNC/UNH,0.0011790976957812,0.0011790976957812,0.0,7,0.1670398144247186,0.0001969562602919
2019-04-25,INTU/MSFT,0.0,0.0,0.0,7,0.2350373163471257,0.0
2019-04-25,IEI/SCHR,-0.0,-0.0,0.0,7,0.35,-0.0
2019-04-26,ADBE/CRM,0.0,0.0,0.0,7,0.2479228692281557,0.0
2019-04-26,CNC/UNH,0.0051075426312627,0.0051075426312627,0.0,7,0.1670398144247186,0.0008531629732924
2019-04-26,INTU/MSFT,-0.0198764104960807,-0.0188764104960807,1.0,7,0.2350373163471257,-0.0046716981816126
2019-04-26,IEI/SCHR,-0.0,-0.0,0.0,7,0.35,-0.0
2019-04-29,ADBE/CRM,-0.0,-0.0,0.0,7,0.2479228692281557,-0.0
2019-04-29,CNC/UNH,0.0034032154735977,0.0034032154735977,0.0,7,0.1670398144247186,0.000568472481157
2019-04-29,INTU/MSFT,-0.0085635760673645,-0.0085635760673645,0.0,7,0.2350373163471257,-0.0020127599372078
2019-04-29,IEI/SCHR,-0.0,-0.0,0.0,7,0.35,-0.0
2019-04-30,ADBE/CRM,-0.0,-0.0,0.0,7,0.2479228692281557,-0.0
2019-04-30,CNC/UNH,-0.0090834895041334,-0.0090834895041334,0.0,7,0.1670398144247186,-0.0015173044010993
2019-04-30,INTU/MSFT,0.0014219189624317,0.0014219189624317,0.0,7,0.2350373163471257,0.000334204016993
2019-04-30,IEI/SCHR,0.0,0.0,0.0,7,0.35,0.0
2019-05-01,ADBE/CRM,-0.0,-0.0,0.0,7,0.2479228692281557,-0.0
2019-05-01,CNC/UNH,0.0070370124262611,0.0070370124262611,0.0,7,0.1670398144247186,0.001175461249787
2019-05-01,INTU/MSFT,0.0012888298285662,0.0012888298285662,0.0,7,0.2350373163471257,0.0003029231041343
2019-05-01,IEI/SCHR,-0.0,-0.0,0.0,7,0.35,-0.0
2019-05-02,ADBE/CRM,0.0,0.0,0.0,7,0.2479228692281557,0.0
2019-05-02,CNC/UNH,-0.0096477122928198,-0.0096477122928198,0.0,7,0.1670398144247186,-0.0016115520710156
2019-05-02,INTU/MSFT,0.0113063998380442,0.0113063998380442,0.0,7,0.2350373163471257,0.0026574258754814
2019-05-02,IEI/SCHR,0.0,0.0,0.0,7,0.35,0.0
2019-05-03,ADBE/CRM,-0.0,-0.0,0.0,7,0.2479228692281557,-0.0
2019-05-03,CNC/UNH,-0.0070340714057931,-0.0070340714057931,0.0,7,0.1670398144247186,-0.0011749699822738
2019-05-03,INTU/MSFT,-0.0082548346388988,-0.0082548346388988,0.0,7,0.2350373163471257,-0.001940194180416
2019-05-03,IEI/SCHR,-0.0,-0.0,0.0,7,0.35,-0.0
2019-05-06,ADBE/CRM,0.0,0.0,0.0,7,0.2479228692281557,0.0
2019-05-06,CNC/UNH,0.0069049322166938,0.0069049322166938,0.0,7,0.1670398144247186,0.0011533985960917
2019-05-06,INTU/MSFT,0.00292297073443,0.00292297073443,0.0,7,0.2350373163471257,0.0006870071971816
2019-05-06,IEI/SCHR,-0.0,-0.0,0.0,7,0.35,-0.0
2019-05-07,ADBE/CRM,-0.0,-0.0,0.0,7,0.2479228692281557,-0.0
2019-05-07,CNC/UNH,-0.0062179986375564,-0.0062179986375564,0.0,7,0.1670398144247186,-0.0010386533385105
2019-05-07,INTU/MSFT,0.005976976706575,0.005976976706575,0.0,7,0.2350373163471257,0.0014048125649826
2019-05-07,IEI/SCHR,-0.0,-0.0,0.0,7,0.35,-0.0
2019-05-08,ADBE/CRM,0.0,0.0,0.0,7,0.2479228692281557,0.0
2019-05-08,CNC/UNH,-0.000745158999197,-0.000745158999197,0.0,7,0.1670398144247186,-0.0001244712209427
2019-05-08,INTU/MSFT,-0.0004192666564098,-0.0004192666564098,0.0,7,0.2350373163471257,-9.854330975639182e-05
2019-05-08,IEI/SCHR,0.0,0.0,0.0,7,0.35,0.0
2019-05-09,ADBE/CRM,-0.0,-0.0,0.0,7,0.2479228692281557,-0.0
2019-05-09,CNC/UNH,0.006159930480296,0.006159930480296,0.0,7,0.1670398144247186,0.0010289536442978
2019-05-09,INTU/MSFT,-0.0045032895794018,-0.0045032895794018,0.0,7,0.2350373163471257,-0.0010584410974765
2019-05-09,IEI/SCHR,0.0,0.0,0.0,7,0.35,0.0
2019-05-10,ADBE/CRM,0.0,0.0,0.0,7,0.2479228692281557,0.0
2019-05-10,CNC/UNH,-0.001,0.0,1.0,7,0.1670398144247186,-0.0001670398144247
2019-05-10,INTU/MSFT,-0.0024324299199829,-0.0024324299199829,0.0,7,0.2350373163471257,-0.0005717118005952
2019-05-10,IEI/SCHR,-0.0,-0.0,0.0,7,0.35,-0.0
2019-05-13,ADBE/CRM,-0.0,-0.0,0.0,7,0.2479228692281557,-0.0
2019-05-13,CNC/UNH,-0.0,-0.0,0.0,7,0.1670398144247186,-0.0
2019-05-13,INTU/MSFT,0.0056017885449139,0.0056017885449139,0.0,7,0.2350373163471257,0.0013166293463406
2019-05-13,IEI/SCHR,-0.0,-0.0,0.0,7,0.35,-0.0
2019-05-14,ADBE/CRM,0.0,0.0,0.0,7,0.2479228692281557,0.0
2019-05-14,CNC/UNH,-0.0,-0.0,0.0,7,0.1670398144247186,-0.0
2019-05-14,INTU/MSFT,-1.954247796933986e-05,-1.954247796933986e-05,0.0,7,0.2350373163471257,-4.593211576686468e-06
2019-05-14,IEI/SCHR,-0.0,-0.0,0.0,7,0.35,-0.0
2019-05-15,ADBE/CRM,-0.0,-0.0,0.0,7,0.2479228692281557,-0.0
2019-05-15,CNC/UNH,0.0,0.0,0.0,7,0.1670398144247186,0.0
2019-05-15,INTU/MSFT,-0.0050136016396317,-0.0050136016396317,0.0,7,0.2350373163471257,-0.0011783834746125
2019-05-15,IEI/SCHR,-0.0,-0.0,0.0,7,0.35,-0.0
2019-05-16,ADBE/CRM,0.0005985313262596,0.0015985313262596,1.0,7,0.2479228692281557,0.0001483896037292
2019-05-16,CNC/UNH,-0.0,-0.0,0.0,7,0.1670398144247186,-0.0
2019-05-16,INTU/MSFT,-0.0068278018322765,-0.0068278018322765,0.0,7,0.2350373163471257,-0.0016047882192082
2019-05-16,IEI/SCHR,0.0,0.0,0.0,7,0.35,0.0
2019-05-17,ADBE/CRM,-0.008050771011897,-0.008050771011897,0.0,7,0.2479228692281557,-0.0019959702487683
2019-05-17,CNC/UNH,0.0,0.0,0.0,7,0.1670398144247186,0.0
2019-05-17,INTU/MSFT,0.0006797694274875,0.0006797694274875,0.0,7,0.2350373163471257,0.0001597711819714
2019-05-17,IEI/SCHR,-0.0,-0.0,0.0,7,0.35,-0.0
2019-05-20,ADBE/CRM,0.012026586606951,0.012026586606951,0.0,7,0.2479228692281557,0.0029816658586162
2019-05-20,CNC/UNH,0.0,0.0,0.0,7,0.1670398144247186,0.0
2019-05-20,INTU/MSFT,0.0058949758995965,0.0058949758995965,0.0,7,0.2350373163471257,0.0013855393153721
2019-05-20,IEI/SCHR,0.0,0.0,0.0,7,0.35,0.0
2019-05-21,ADBE/CRM,-0.0049045221020537,-0.0049045221020537,0.0,7,0.2479228692281557,-0.001215943191734
2019-05-21,CNC/UNH,-0.0037683849997579,-0.0027683849997579,1.0,7,0.1670398144247186,-0.0006294703310404
2019-05-21,INTU/MSFT,0.0006214166107938,0.0006214166107938,0.0,7,0.2350373163471257,0.0001460560925345
2019-05-21,IEI/SCHR,0.0,0.0,0.0,7,0.35,0.0
2019-05-22,ADBE/CRM,0.0007502355922008,0.0007502355922008,0.0,7,0.2479228692281557,0.0001860005606155
2019-05-22,CNC/UNH,-0.0001592699877839,-0.0001592699877839,0.0,7,0.1670398144247186,-2.660442920284985e-05
2019-05-22,INTU/MSFT,-0.0013401588805417,-0.0013401588805417,0.0,7,0.2350373163471257,-0.0003149873467612
2019-05-22,IEI/SCHR,-0.0,-0.0,0.0,7,0.35,-0.0
2019-05-23,ADBE/CRM,-0.0021382008074355,-0.0021382008074355,0.0,7,0.2479228692281557,-0.0005301088791653
2019-05-23,CNC/UNH,0.0009630025860806,0.0009630025860806,0.0,7,0.1670398144247186,0.0001608597732694
2019-05-23,INTU/MSFT,-0.001,0.0,1.0,7,0.2350373163471257,-0.0002350373163471
2019-05-23,IEI/SCHR,-0.0,-0.0,0.0,7,0.35,-0.0
2019-05-24,ADBE/CRM,0.0020799835756713,0.0020799835756713,0.0,7,0.2479228692281557,0.0005156754960278
2019-05-24,CNC/UNH,0.0044943025787799,0.0044943025787799,0.0,7,0.1670398144247186,0.0007507274687279
2019-05-24,INTU/MSFT,-0.0,-0.0,0.0,7,0.2350373163471257,-0.0
2019-05-24,IEI/SCHR,-0.0,-0.0,0.0,7,0.35,-0.0
2019-05-28,ADBE/CRM,-0.003109124644213,-0.003109124644213,0.0,7,0.2479228692281557,-0.0007708231025812
2019-05-28,CNC/UNH,0.0118029135148268,0.0118029135148268,0.0,7,0.1670398144247186,0.0019715564831876
2019-05-28,INTU/MSFT,0.001321400829642,0.002321400829642,1.0,7,0.2350373163471257,0.0003105785048179
2019-05-28,IEI/SCHR,-0.0,-0.0,0.0,7,0.35,-0.0
2019-05-29,ADBE/CRM,-0.0006009022354063,-0.0006009022354063,0.0,7,0.2479228692281557,-0.0001489774063275
2019-05-29,CNC/UNH,-0.0002555849740768,-0.0002555849740768,0.0,7,0.1670398144247186,-4.269286663953519e-05
2019-05-29,INTU/MSFT,0.0033916843881006,0.0033916843881006,0.0,7,0.2350373163471257,0.0007971723964756
2019-05-29,IEI/SCHR,-0.0010708372618183,-7.083726181830757e-05,1.0,7,0.35,-0.0003747930416364
2019-05-30,ADBE/CRM,0.0083297737442096,0.0083297737442096,0.0,7,0.2479228692281557,0.0020651414066858
2019-05-30,CNC/UNH,0.00082584267499,0.00082584267499,0.0,7,0.1670398144247186,0.0001379486071743
2019-05-30,INTU/MSFT,0.0062628984011317,0.0062628984011317,0.0,7,0.2350373163471257,0.0014720148327566
2019-05-30,IEI/SCHR,-0.0002005114028472,-0.0002005114028472,0.0,7,0.35,-7.017899099652e-05
2019-05-31,ADBE/CRM,-0.0094979526213598,-0.0094979526213598,0.0,7,0.2479228692281557,-0.0023547596656806
2019-05-31,CNC/UNH,0.0087957978389832,0.0087957978389832,0.0,7,0.1670398144247186,0.001469248438741
2019-05-31,INTU/MSFT,-0.0048524520556832,-0.0048524520556832,0.0,7,0.2350373163471257,-0.0011405073088708
2019-05-31,IEI/SCHR,-0.0009178246298877,-0.0009178246298877,0.0,7,0.35,-0.0003212386204606
2019-06-03,ADBE/CRM,-0.0040552116901558,-0.0040552116901558,0.0,7,0.2479228692281557,-0.0010053797175509
2019-06-03,CNC/UNH,-0.0147213193170269,-0.0147213193170269,0.0,7,0.1670398144247186,-0.0024590464468031
2019-06-03,INTU/MSFT,-0.0081095489079825,-0.0081095489079825,0.0,7,0.2350373163471257,-0.0019060466121179
2019-06-03,IEI/SCHR,-0.0006340479237896,-0.0006340479237896,0.0,7,0.35,-0.0002219167733263
2019-06-04,ADBE/CRM,0.0055669186778393,0.0055669186778393,0.0,7,0.2479228692281557,0.0013801664513697
2019-06-04,CNC/UNH,-0.0006199044646931,-0.0006199044646931,0.0,7,0.1670398144247186,-0.0001035487267433
2019-06-04,INTU/MSFT,0.0020489718524714,0.0020489718524714,0.0,7,0.2350373163471257,0.0004815848454756
2019-06-04,IEI/SCHR,0.0002991362161019,0.0002991362161019,0.0,7,0.35,0.0001046976756356
2019-06-05,ADBE/CRM,0.021509304417667,0.021509304417667,0.0,7,0.2479228692281557,0.0053326484663298
2019-06-05,CNC/UNH,-0.0062882345749831,-0.0062882345749831,0.0,7,0.1670398144247186,-0.0010503855364642
2019-06-05,INTU/MSFT,0.0052750168783699,0.0052750168783699,0.0,7,0.2350373163471257,0.0012398258107778
2019-06-05,IEI/SCHR,-2.9277626224384534e-05,-2.9277626224384534e-05,0.0,7,0.35,-1.0247169178534588e-05
2019-06-06,ADBE/CRM,-7.796017264615557e-05,-7.796017264615557e-05,0.0,7,0.2479228692281557,-1.932810968795727e-05
2019-06-06,CNC/UNH,0.0028770401884342,0.0028770401884342,0.0,7,0.1670398144247186,0.0004805802591685
2019-06-06,INTU/MSFT,0.0079573900898356,0.0079573900898356,0.0,7,0.2350373163471257,0.0018702836118421
2019-06-06,IEI/SCHR,0.0003041285641381,0.0003041285641381,0.0,7,0.35,0.0001064449974483
2019-06-07,ADBE/CRM,0.0014409906310214,0.0014409906310214,0.0,7,0.2479228692281557,0.0003572545317737
2019-06-07,CNC/UNH,-0.0127392740536512,-0.0127392740536512,0.0,7,0.1670398144247186,-0.0021279659738275
2019-06-07,INTU/MSFT,0.010426580195797,0.010426580195797,0.0,7,0.2350373163471257,0.0024506354278982
2019-06-07,IEI/SCHR,-0.0005049786613285,-0.0005049786613285,0.0,7,0.35,-0.0001767425314649
2019-06-10,ADBE/CRM,-0.0327410895266369,-0.0327410895266369,0.0,7,0.2479228692281557,-0.0081172648570997
2019-06-10,CNC/UNH,0.0001935191461759,0.0001935191461759,0.0,7,0.1670398144247186,3.232540226485233e-05
2019-06-10,INTU/MSFT,0.000878717158828,0.000878717158828,0.0,7,0.2350373163471257,0.0002065313228391
2019-06-10,IEI/SCHR,0.0004639111878398,0.0004639111878398,0.0,7,0.35,0.0001623689157439
2019-06-11,ADBE/CRM,-0.0028054575166476,-0.0028054575166476,0.0,7,0.2479228692281557,-0.0006955370770249
2019-06-11,CNC/UNH,0.0021193189660904,0.0021193189660904,0.0,7,0.1670398144247186,0.0003540106468025
2019-06-11,INTU/MSFT,0.0034551854436889,0.0034551854436889,0.0,7,0.2350373163471257,0.0008120975141662
2019-06-11,IEI/SCHR,6.84957470800691e-05,6.84957470800691e-05,0.0,7,0.35,2.3973511478024182e-05
2019-06-12,ADBE/CRM,0.0028525842392073,0.0028525842392073,0.0,7,0.2479228692281557,0.0007072208692992
2019-06-12,CNC/UNH,0.001375516819952,0.001375516819952,0.0,7,0.1670398144247186,0.0002297660743428
2019-06-12,INTU/MSFT,-0.0038094965650537,-0.0038094965650537,0.0,7,0.2350373163471257,-0.0008953738492838
2019-06-12,IEI/SCHR,-0.0001957757750226,-0.0001957757750226,0.0,7,0.35,-6.852152125791001e-05
2019-06-13,ADBE/CRM,-0.001,0.0,1.0,7,0.2479228692281557,-0.0002479228692281
2019-06-13,CNC/UNH,-0.0010530088376046,-0.0010530088376046,0.0,7,0.1670398144247186,-0.000175894400821
2019-06-13,INTU/MSFT,0.0041258810348318,0.0041258810348318,0.0,7,0.2350373163471257,0.0009697360059943
2019-06-13,IEI/SCHR,-0.0004366799704312,-0.0004366799704312,0.0,7,0.35,-0.0001528379896509
2019-06-14,ADBE/CRM,-0.0,-0.0,0.0,7,0.2479228692281557,-0.0
2019-06-14,CNC/UNH,-0.0053511162306331,-0.0053511162306331,0.0,7,0.1670398144247186,-0.00089384946213
2019-06-14,INTU/MSFT,0.0052964710511442,0.0052964710511442,0.0,7,0.2350373163471257,0.0012448683419711
2019-06-14,IEI/SCHR,-6.971224455078883e-05,-6.971224455078883e-05,0.0,7,0.35,-2.439928559277609e-05
2019-06-17,ADBE/CRM,-0.0,-0.0,0.0,7,0.2479228692281557,-0.0
2019-06-17,CNC/UNH,0.006317725603444,0.006317725603444,0.0,7,0.1670398144247186,0.0010553117123855
2019-06-17,INTU/MSFT,0.0008767211284158,0.0008767211284158,0.0,7,0.2350373163471257,0.0002060621812076
2019-06-17,IEI/SCHR,0.0001014813246038,0.0001014813246038,0.0,7,0.35,3.5518463611330005e-05
2019-06-18,ADBE/CRM,-0.0,-0.0,0.0,7,0.2479228692281557,-0.0
2019-06-18,CNC/UNH,-0.001,-0.0,1.0,7,0.1670398144247186,-0.0001670398144247
2019-06-18,INTU/MSFT,0.0051048260930648,0.0051048260930648,0.0,7,0.2350373163471257,0.0011998246253327
2019-06-18,IEI/SCHR,-0.000442468609267,-0.000442468609267,0.0,7,0.35,-0.0001548640132434
2019-06-19,ADBE/CRM,-0.0,-0.0,0.0,7,0.2479228692281557,-0.0
2019-06-19,CNC/UNH,0.0,0.0,0.0,7,0.1670398144247186,0.0
2019-06-19,INTU/MSFT,-0.0044289018555774,-0.0044289018555774,0.0,7,0.2350373163471257,-0.0010409572064997
2019-06-19,IEI/SCHR,-0.0002552476051376,-0.0002552476051376,0.0,7,0.35,-8.933666179816001e-05
2019-06-20,ADBE/CRM,-0.0,-0.0,0.0,7,0.2479228692281557,-0.0
2019-06-20,CNC/UNH,-0.0,-0.0,0.0,7,0.1670398144247186,-0.0
2019-06-20,INTU/MSFT,-0.0004422593169379,-0.0004422593169379,0.0,7,0.2350373163471257,-0.0001039474429825
2019-06-20,IEI/SCHR,-2.8069635512327013e-05,-2.8069635512327013e-05,0.0,7,0.35,-9.824372429314455e-06
2019-06-21,ADBE/CRM,0.0,0.0,0.0,7,0.2479228692281557,0.0
2019-06-21,CNC/UNH,0.0,0.0,0.0,7,0.1670398144247186,0.0
2019-06-21,INTU/MSFT,0.0077396429128026,0.0077396429128026,0.0,7,0.2350373163471257,0.0018191048997101
2019-06-21,IEI/SCHR,0.0002943416609482,0.0002943416609482,0.0,7,0.35,0.0001030195813318
2019-06-24,ADBE/CRM,-0.0,-0.0,0.0,7,0.2479228692281557,-0.0
2019-06-24,CNC/UNH,-0.0,-0.0,0.0,7,0.1670398144247186,-0.0
2019-06-24,INTU/MSFT,-0.001,0.0,1.0,7,0.2350373163471257,-0.0002350373163471
2019-06-24,IEI/SCHR,-0.0002601727972183,-0.0002601727972183,0.0,7,0.35,-9.1060479026405e-05
2019-06-25,ADBE/CRM,0.0,0.0,0.0,7,0.2479228692281557,0.0
2019-06-25,CNC/UNH,0.0,0.0,0.0,7,0.1670398144247186,0.0
2019-06-25,INTU/MSFT,-0.0,-0.0,0.0,7,0.2350373163471257,-0.0
2019-06-25,IEI/SCHR,-0.001,-0.0,1.0,7,0.35,-0.00035
2019-06-26,ADBE/CRM,-0.0,-0.0,0.0,7,0.2479228692281557,-0.0
2019-06-26,CNC/UNH,-0.0,-0.0,0.0,7,0.1670398144247186,-0.0
2019-06-26,INTU/MSFT,0.0,0.0,0.0,7,0.2350373163471257,0.0
2019-06-26,IEI/SCHR,0.0,0.0,0.0,7,0.35,0.0
2019-06-27,ADBE/CRM,-0.0,-0.0,0.0,7,0.2479228692281557,-0.0
2019-06-27,CNC/UNH,0.0,0.0,0.0,7,0.1670398144247186,0.0
2019-06-27,INTU/MSFT,-0.0,-0.0,0.0,7,0.2350373163471257,-0.0
2019-06-27,IEI/SCHR,0.0,0.0,0.0,7,0.35,0.0
2019-06-28,ADBE/CRM,0.0,0.0,0.0,7,0.2479228692281557,0.0
2019-06-28,CNC/UNH,-0.0,-0.0,0.0,7,0.1670398144247186,-0.0
2019-06-28,INTU/MSFT,-0.0,-0.0,0.0,7,0.2350373163471257,-0.0
2019-06-28,IEI/SCHR,0.0,0.0,0.0,7,0.35,0.0
2019-07-01,ADBE/CRM,-0.0,-0.0,0.0,7,0.2479228692281557,-0.0
2019-07-01,CNC/UNH,0.0,0.0,0.0,7,0.1670398144247186,0.0
2019-07-01,INTU/MSFT,0.0,0.0,0.0,7,0.2350373163471257,0.0
2019-07-01,IEI/SCHR,-0.0,-0.0,0.0,7,0.35,-0.0
2019-07-02,ADBE/CRM,-0.0,-0.0,0.0,7,0.2479228692281557,-0.0
2019-07-02,CNC/UNH,0.0,0.0,0.0,7,0.1670398144247186,0.0
2019-07-02,INTU/MSFT,0.0,0.0,0.0,7,0.2350373163471257,0.0
2019-07-02,IEI/SCHR,-0.0,-0.0,0.0,7,0.35,-0.0
2019-07-03,ADBE/CRM,-0.0,-0.0,0.0,7,0.2479228692281557,-0.0
2019-07-03,CNC/UNH,0.0,0.0,0.0,7,0.1670398144247186,0.0
2019-07-03,INTU/MSFT,-0.0,-0.0,0.0,7,0.2350373163471257,-0.0
2019-07-03,IEI/SCHR,-0.0,-0.0,0.0,7,0.35,-0.0
2019-07-05,ADBE/CRM,-0.0,-0.0,0.0,7,0.2479228692281557,-0.0
2019-07-05,CNC/UNH,0.0,0.0,0.0,7,0.1670398144247186,0.0
2019-07-05,INTU/MSFT,-0.0,-0.0,0.0,7,0.2350373163471257,-0.0
2019-07-05,IEI/SCHR,0.0,0.0,0.0,7,0.35,0.0
2019-07-08,CNC/HUM,0.0,0.0,0.0,8,0.2769799353237832,0.0
2019-07-08,AXP/V,0.0,0.0,0.0,8,0.3499999999999999,0.0
2019-07-08,CRM/INTU,-0.0,-0.0,0.0,8,0.2199544508891394,-0.0
2019-07-08,ADI/MU,0.0,0.0,0.0,8,0.1530656137870773,0.0
2019-07-09,CNC/HUM,-0.0,-0.0,0.0,8,0.2769799353237832,-0.0
2019-07-09,AXP/V,0.0,0.0,0.0,8,0.3499999999999999,0.0
2019-07-09,CRM/INTU,0.0,0.0,0.0,8,0.2199544508891394,0.0
2019-07-09,ADI/MU,0.0,0.0,0.0,8,0.1530656137870773,0.0
2019-07-10,CNC/HUM,0.0,0.0,0.0,8,0.2769799353237832,0.0
2019-07-10,AXP/V,0.0,0.0,0.0,8,0.3499999999999999,0.0
2019-07-10,CRM/INTU,0.0,0.0,0.0,8,0.2199544508891394,0.0
2019-07-10,ADI/MU,0.0,0.0,0.0,8,0.1530656137870773,0.0
2019-07-11,CNC/HUM,0.0,0.0,0.0,8,0.2769799353237832,0.0
2019-07-11,AXP/V,0.0,0.0,0.0,8,0.3499999999999999,0.0
2019-07-11,CRM/INTU,0.0,0.0,0.0,8,0.2199544508891394,0.0
2019-07-11,ADI/MU,0.0,0.0,0.0,8,0.1530656137870773,0.0
2019-07-12,CNC/HUM,0.0,0.0,0.0,8,0.2769799353237832,0.0
2019-07-12,AXP/V,-0.0,-0.0,0.0,8,0.3499999999999999,-0.0
2019-07-12,CRM/INTU,-0.0,-0.0,0.0,8,0.2199544508891394,-0.0
2019-07-12,ADI/MU,0.0,0.0,0.0,8,0.1530656137870773,0.0
2019-07-15,CNC/HUM,0.0093170769413966,0.0103170769413966,1.0,8,0.2769799353237832,0.0025806433686347
2019-07-15,AXP/V,-0.0,-0.0,0.0,8,0.3499999999999999,-0.0
2019-07-15,CRM/INTU,0.0,0.0,0.0,8,0.2199544508891394,0.0
2019-07-15,ADI/MU,-0.0,-0.0,0.0,8,0.1530656137870773,-0.0
2019-07-16,CNC/HUM,0.000232497385491,0.000232497385491,0.0,8,0.2769799353237832,6.439711079624586e-05
2019-07-16,AXP/V,-0.0,-0.0,0.0,8,0.3499999999999999,-0.0
2019-07-16,CRM/INTU,-0.0,-0.0,0.0,8,0.2199544508891394,-0.0
2019-07-16,ADI/MU,-0.0,-0.0,0.0,8,0.1530656137870773,-0.0
2019-07-17,CNC/HUM,0.0019376411461813,0.0019376411461813,0.0,8,0.2769799353237832,0.0005366877193499
2019-07-17,AXP/V,0.0,0.0,0.0,8,0.3499999999999999,0.0
2019-07-17,CRM/INTU,0.0,0.0,0.0,8,0.2199544508891394,0.0
2019-07-17,ADI/MU,0.0,0.0,0.0,8,0.1530656137870773,0.0
2019-07-18,CNC/HUM,-0.0034965862530215,-0.0034965862530215,0.0,8,0.2769799353237832,-0.0009684842342159
2019-07-18,AXP/V,0.0,0.0,0.0,8,0.3499999999999999,0.0
2019-07-18,CRM/INTU,-0.0,-0.0,0.0,8,0.2199544508891394,-0.0
2019-07-18,ADI/MU,0.0,0.0,0.0,8,0.1530656137870773,0.0
2019-07-19,CNC/HUM,0.0004052845404612,0.0004052845404612,0.0,8,0.2769799353237832,0.0001122556858046
2019-07-19,AXP/V,0.0,0.0,0.0,8,0.3499999999999999,0.0
2019-07-19,CRM/INTU,0.0,0.0,0.0,8,0.2199544508891394,0.0
2019-07-19,ADI/MU,0.0,0.0,0.0,8,0.1530656137870773,0.0
2019-07-22,CNC/HUM,-0.0043454071781317,-0.0043454071781317,0.0,8,0.2769799353237832,-0.0012035905991544
2019-07-22,AXP/V,0.0,0.0,0.0,8,0.3499999999999999,0.0
2019-07-22,CRM/INTU,0.0,0.0,0.0,8,0.2199544508891394,0.0
2019-07-22,ADI/MU,0.0,0.0,0.0,8,0.1530656137870773,0.0
2019-07-23,CNC/HUM,0.0036959133419441,0.0036959133419441,0.0,8,0.2769799353237832,0.0010236938384139
2019-07-23,AXP/V,-0.0,-0.0,0.0,8,0.3499999999999999,-0.0
2019-07-23,CRM/INTU,-0.0,-0.0,0.0,8,0.2199544508891394,-0.0
2019-07-23,ADI/MU,-0.0,-0.0,0.0,8,0.1530656137870773,-0.0
2019-07-24,CNC/HUM,0.0206758164263636,0.0206758164263636,0.0,8,0.2769799353237832,0.0057267862965406
2019-07-24,AXP/V,0.0,0.0,0.0,8,0.3499999999999999,0.0
2019-07-24,CRM/INTU,0.0,0.0,0.0,8,0.2199544508891394,0.0
2019-07-24,ADI/MU,-0.0,-0.0,0.0,8,0.1530656137870773,-0.0
2019-07-25,CNC/HUM,-0.0065934100967451,-0.0065934100967451,0.0,8,0.2769799353237832,-0.0018262423021596
2019-07-25,AXP/V,-0.0,-0.0,0.0,8,0.3499999999999999,-0.0
2019-07-25,CRM/INTU,0.0007877572908577,0.0017877572908577,1.0,8,0.2199544508891394,0.0001732707223445
2019-07-25,ADI/MU,0.0,0.0,0.0,8,0.1530656137870773,0.0
2019-07-26,CNC/HUM,0.0029528874435407,0.0029528874435407,0.0,8,0.2769799353237832,0.0008178905731303
2019-07-26,AXP/V,0.0,0.0,0.0,8,0.3499999999999999,0.0
2019-07-26,CRM/INTU,0.0011419261379879,0.0011419261379879,0.0,8,0.2199544508891394,0.000251171736637
2019-07-26,ADI/MU,-0.0,-0.0,0.0,8,0.1530656137870773,-0.0
2019-07-29,CNC/HUM,-0.006970998828133,-0.006970998828133,0.0,8,0.2769799353237832,-0.0019308268045584
2019-07-29,AXP/V,-0.0,-0.0,0.0,8,0.3499999999999999,-0.0
2019-07-29,CRM/INTU,0.0096017080660315,0.0096017080660315,0.0,8,0.2199544508891394,0.0021119384252617
2019-07-29,ADI/MU,-0.0,-0.0,0.0,8,0.1530656137870773,-0.0
2019-07-30,CNC/HUM,-0.008343498066684,-0.008343498066684,0.0,8,0.2769799353237832,-0.0023109815548842
2019-07-30,AXP/V,-0.0,-0.0,0.0,8,0.3499999999999999,-0.0
2019-07-30,CRM/INTU,-0.0053859979940447,-0.0053859979940447,0.0,8,0.2199544508891394,-0.0011846742312701
2019-07-30,ADI/MU,0.0,0.0,0.0,8,0.1530656137870773,0.0
2019-07-31,CNC/HUM,-0.039045799878206,-0.039045799878206,0.0,8,0.2769799353237832,-0.0108149031249308
2019-07-31,AXP/V,-0.0,-0.0,0.0,8,0.3499999999999999,-0.0
2019-07-31,CRM/INTU,0.0052927304407667,0.0052927304407667,0.0,8,0.2199544508891394,0.001164159617803
2019-07-31,ADI/MU,-0.0,-0.0,0.0,8,0.1530656137870773,-0.0
2019-08-01,CNC/HUM,-0.0081460103173518,-0.0081460103173518,0.0,8,0.2769799353237832,-0.0022562814108469
2019-08-01,AXP/V,0.0,0.0,0.0,8,0.3499999999999999,0.0
2019-08-01,CRM/INTU,0.0145438250579209,0.0145438250579209,0.0,8,0.2199544508891394,0.0031989790544426
2019-08-01,ADI/MU,-0.0,-0.0,0.0,8,0.1530656137870773,-0.0
2019-08-02,CNC/HUM,0.0066507878820709,0.0066507878820709,0.0,8,0.2769799353237832,0.0018421347974281
2019-08-02,AXP/V,-0.0,-0.0,0.0,8,0.3499999999999999,-0.0
2019-08-02,CRM/INTU,0.01403893678671,0.01403893678671,0.0,8,0.2199544508891394,0.0030879266319881
2019-08-02,ADI/MU,0.0,0.0,0.0,8,0.1530656137870773,0.0
2019-08-05,CNC/HUM,-0.0009483259619808,-0.0009483259619808,0.0,8,0.2769799353237832,-0.0002626672636153
2019-08-05,AXP/V,-0.0,-0.0,0.0,8,0.3499999999999999,-0.0
2019-08-05,CRM/INTU,-0.0062891431823061,-0.0062891431823061,0.0,8,0.2199544508891394,-0.0013833250352273
2019-08-05,ADI/MU,-0.0,-0.0,0.0,8,0.1530656137870773,-0.0
2019-08-06,CNC/HUM,-0.0094899737818303,-0.0094899737818303,0.0,8,0.2769799353237832,-0.0026285323243157
2019-08-06,AXP/V,0.0,0.0,0.0,8,0.3499999999999999,0.0
2019-08-06,CRM/INTU,0.0108593836230543,0.0108593836230543,0.0,8,0.2199544508891394,0.0023885697618034
2019-08-06,ADI/MU,0.0,0.0,0.0,8,0.1530656137870773,0.0
2019-08-07,CNC/HUM,-0.0035696744700231,-0.0035696744700231,0.0,8,0.2769799353237832,-0.0009887282038339
2019-08-07,AXP/V,0.0,0.0,0.0,8,0.3499999999999999,0.0
2019-08-07,CRM/INTU,0.0021756892632875,0.0021756892632875,0.0,8,0.2199544508891394,0.0004785525372117
2019-08-07,ADI/MU,-0.0,-0.0,0.0,8,0.1530656137870773,-0.0
2019-08-08,CNC/HUM,0.0005140700000885,0.0005140700000885,0.0,8,0.2769799353237832,0.0001423870753764
2019-08-08,AXP/V,0.0,0.0,0.0,8,0.3499999999999999,0.0
2019-08-08,CRM/INTU,0.0043459554560922,0.0043459554560922,0.0,8,0.2199544508891394,0.0009559122459334
2019-08-08,ADI/MU,-0.0,-0.0,0.0,8,0.1530656137870773,-0.0
2019-08-09,CNC/HUM,-0.001,0.0,1.0,8,0.2769799353237832,-0.0002769799353237
2019-08-09,AXP/V,-0.0,-0.0,0.0,8,0.3499999999999999,-0.0
2019-08-09,CRM/INTU,0.0015766178806252,0.0015766178806252,0.0,8,0.2199544508891394,0.0003467841201949
2019-08-09,ADI/MU,-0.0,-0.0,0.0,8,0.1530656137870773,-0.0
2019-08-12,CNC/HUM,0.0,0.0,0.0,8,0.2769799353237832,0.0
2019-08-12,AXP/V,-0.0,-0.0,0.0,8,0.3499999999999999,-0.0
2019-08-12,CRM/INTU,0.0044150172580843,0.0044150172580843,0.0,8,0.2199544508891394,0.000971102696668
2019-08-12,ADI/MU,0.0,0.0,0.0,8,0.1530656137870773,0.0
2019-08-13,CNC/HUM,0.0,0.0,0.0,8,0.2769799353237832,0.0
2019-08-13,AXP/V,-0.0,-0.0,0.0,8,0.3499999999999999,-0.0
2019-08-13,CRM/INTU,-0.0025243405425423,-0.0025243405425423,0.0,8,0.2199544508891394,-0.000555239937892
2019-08-13,ADI/MU,0.0,0.0,0.0,8,0.1530656137870773,0.0
2019-08-14,CNC/HUM,-0.0,-0.0,0.0,8,0.2769799353237832,-0.0
2019-08-14,AXP/V,-0.0,-0.0,0.0,8,0.3499999999999999,-0.0
2019-08-14,CRM/INTU,-0.0008866152663885,-0.0008866152663885,0.0,8,0.2199544508891394,-0.0001950149740684
2019-08-14,ADI/MU,-0.0,-0.0,0.0,8,0.1530656137870773,-0.0
2019-08-15,CNC/HUM,-0.0,-0.0,0.0,8,0.2769799353237832,-0.0
2019-08-15,AXP/V,0.0,0.0,0.0,8,0.3499999999999999,0.0
2019-08-15,CRM/INTU,-0.0089428785628637,-0.0089428785628637,0.0,8,0.2199544508891394,-0.0019670259436629
2019-08-15,ADI/MU,0.0,0.0,0.0,8,0.1530656137870773,0.0
2019-08-16,CNC/HUM,0.0,0.0,0.0,8,0.2769799353237832,0.0
2019-08-16,AXP/V,-0.0,-0.0,0.0,8,0.3499999999999999,-0.0
2019-08-16,CRM/INTU,-0.0030117240820928,-0.0030117240820928,0.0,8,0.2199544508891394,-0.0006624421167063
2019-08-16,ADI/MU,0.0,0.0,0.0,8,0.1530656137870773,0.0
2019-08-19,CNC/HUM,0.0,0.0,0.0,8,0.2769799353237832,0.0
2019-08-19,AXP/V,0.0,0.0,0.0,8,0.3499999999999999,0.0
2019-08-19,CRM/INTU,0.0060693475087334,0.0060693475087334,0.0,8,0.2199544508891394,0.0013349799985388
2019-08-19,ADI/MU,0.0,0.0,0.0,8,0.1530656137870773,0.0
2019-08-20,CNC/HUM,-0.0,-0.0,0.0,8,0.2769799353237832,-0.0
2019-08-20,AXP/V,0.0,0.0,0.0,8,0.3499999999999999,0.0
2019-08-20,CRM/INTU,-0.0095930984676786,-0.0095930984676786,0.0,8,0.2199544508891394,-0.0021100447057836
2019-08-20,ADI/MU,-0.0,-0.0,0.0,8,0.1530656137870773,-0.0
2019-08-21,CNC/HUM,0.0,0.0,0.0,8,0.2769799353237832,0.0
2019-08-21,AXP/V,-0.0027198809318697,-0.0017198809318697,1.0,8,0.3499999999999999,-0.0009519583261543
2019-08-21,CRM/INTU,-0.001,0.0,1.0,8,0.2199544508891394,-0.0002199544508891
2019-08-21,ADI/MU,0.0,0.0,0.0,8,0.1530656137870773,0.0
2019-08-22,CNC/HUM,-0.0,-0.0,0.0,8,0.2769799353237832,-0.0
2019-08-22,AXP/V,0.0019180176393818,0.0019180176393818,0.0,8,0.3499999999999999,0.0006713061737836
2019-08-22,CRM/INTU,0.0,0.0,0.0,8,0.2199544508891394,0.0
2019-08-22,ADI/MU,0.0,0.0,0.0,8,0.1530656137870773,0.0
2019-08-23,CNC/HUM,0.0,0.0,0.0,8,0.2769799353237832,0.0
2019-08-23,AXP/V,-2.506539088405613e-05,-2.506539088405613e-05,0.0,8,0.3499999999999999,-8.772886809419643e-06
2019-08-23,CRM/INTU,0.0,0.0,0.0,8,0.2199544508891394,0.0
2019-08-23,ADI/MU,0.0,0.0,0.0,8,0.1530656137870773,0.0
2019-08-26,CNC/HUM,-0.0,-0.0,0.0,8,0.2769799353237832,-0.0
2019-08-26,AXP/V,-0.0050115053257667,-0.0050115053257667,0.0,8,0.3499999999999999,-0.0017540268640183
2019-08-26,CRM/INTU,0.0,0.0,0.0,8,0.2199544508891394,0.0
2019-08-26,ADI/MU,-0.0,-0.0,0.0,8,0.1530656137870773,-0.0
2019-08-27,CNC/HUM,-0.0,-0.0,0.0,8,0.2769799353237832,-0.0
2019-08-27,AXP/V,-0.0053494791911719,-0.0053494791911719,0.0,8,0.3499999999999999,-0.0018723177169101
2019-08-27,CRM/INTU,-0.0,-0.0,0.0,8,0.2199544508891394,-0.0
2019-08-27,ADI/MU,-0.0,-0.0,0.0,8,0.1530656137870773,-0.0
2019-08-28,CNC/HUM,0.0062802352408043,0.0072802352408043,1.0,8,0.2769799353237832,0.0017394991508161
2019-08-28,AXP/V,0.0038696354350504,0.0038696354350504,0.0,8,0.3499999999999999,0.0013543724022676
2019-08-28,CRM/INTU,-0.0,-0.0,0.0,8,0.2199544508891394,-0.0
2019-08-28,ADI/MU,0.0,0.0,0.0,8,0.1530656137870773,0.0
2019-08-29,CNC/HUM,0.0002172400414195,0.0002172400414195,0.0,8,0.2769799353237832,6.0171132622109086e-05
2019-08-29,AXP/V,-0.002223142789402,-0.002223142789402,0.0,8,0.3499999999999999,-0.0007780999762906
2019-08-29,CRM/INTU,0.0,0.0,0.0,8,0.2199544508891394,0.0
2019-08-29,ADI/MU,0.0,0.0,0.0,8,0.1530656137870773,0.0
2019-08-30,CNC/HUM,0.0063532469799836,0.0063532469799836,0.0,8,0.2769799353237832,0.0017597219376118
2019-08-30,AXP/V,-0.0001811143629238,-0.0001811143629238,0.0,8,0.3499999999999999,-6.339002702332999e-05
2019-08-30,CRM/INTU,-0.0,-0.0,0.0,8,0.2199544508891394,-0.0
2019-08-30,ADI/MU,0.0,0.0,0.0,8,0.1530656137870773,0.0
2019-09-03,CNC/HUM,-0.0029079946008882,-0.0029079946008882,0.0,8,0.2769799353237832,-0.0008054561564759
2019-09-03,AXP/V,-0.0045669506636036,-0.0045669506636036,0.0,8,0.3499999999999999,-0.0015984327322612
2019-09-03,CRM/INTU,-0.0,-0.0,0.0,8,0.2199544508891394,-0.0
2019-09-03,ADI/MU,0.0,0.0,0.0,8,0.1530656137870773,0.0
2019-09-04,CNC/HUM,-0.0102665416698365,-0.0102665416698365,0.0,8,0.2769799353237832,-0.0028436260477102
2019-09-04,AXP/V,-0.0053978625746596,-0.0053978625746596,0.0,8,0.3499999999999999,-0.0018892519011308
2019-09-04,CRM/INTU,-0.0,-0.0,0.0,8,0.2199544508891394,-0.0
2019-09-04,ADI/MU,0.0,0.0,0.0,8,0.1530656137870773,0.0
2019-09-05,CNC/HUM,-0.002821269877329,-0.002821269877329,0.0,8,0.2769799353237832,-0.0007814351481535
2019-09-05,AXP/V,-0.0012778607247241,-0.0012778607247241,0.0,8,0.3499999999999999,-0.0004472512536534
2019-09-05,CRM/INTU,-0.0,-0.0,0.0,8,0.2199544508891394,-0.0
2019-09-05,ADI/MU,0.0,0.0,0.0,8,0.1530656137870773,0.0
2019-09-06,CNC/HUM,-0.0009420408060166,-0.0009420408060166,0.0,8,0.2769799353237832,-0.0002609264015228
2019-09-06,AXP/V,-0.0048359699657011,-0.0048359699657011,0.0,8,0.3499999999999999,-0.0016925894879953
2019-09-06,CRM/INTU,-0.0,-0.0,0.0,8,0.2199544508891394,-0.0
2019-09-06,ADI/MU,0.0,0.0,0.0,8,0.1530656137870773,0.0
2019-09-09,CNC/HUM,0.0025928628614633,0.0025928628614633,0.0,8,0.2769799353237832,0.0007181709876715
2019-09-09,AXP/V,0.012030984167894,0.012030984167894,0.0,8,0.3499999999999999,0.0042108444587628
2019-09-09,CRM/INTU,0.0,0.0,0.0,8,0.2199544508891394,0.0
2019-09-09,ADI/MU,0.0,0.0,0.0,8,0.1530656137870773,0.0
2019-09-10,CNC/HUM,-0.0054261292821857,-0.0054261292821857,0.0,8,0.2769799353237832,-0.0015029289376382
2019-09-10,AXP/V,0.0072640831688245,0.0072640831688245,0.0,8,0.3499999999999999,0.0025424291090885
2019-09-10,CRM/INTU,0.0,0.0,0.0,8,0.2199544508891394,0.0
2019-09-10,ADI/MU,-0.0,-0.0,0.0,8,0.1530656137870773,-0.0
2019-09-11,CNC/HUM,0.0038123072911974,0.0038123072911974,0.0,8,0.2769799353237832,0.0010559326269502
2019-09-11,AXP/V,0.006968298621757,0.006968298621757,0.0,8,0.3499999999999999,0.0024389045176149
2019-09-11,CRM/INTU,0.0,0.0,0.0,8,0.2199544508891394,0.0
2019-09-11,ADI/MU,0.0,0.0,0.0,8,0.1530656137870773,0.0
2019-09-12,CNC/HUM,-0.0057527555433128,-0.0057527555433128,0.0,8,0.2769799353237832,-0.0015933978583203
2019-09-12,AXP/V,-0.006210758363606,-0.006210758363606,0.0,8,0.3499999999999999,-0.002173765427262
2019-09-12,CRM/INTU,-5.363503822639407e-06,0.0009946364961773,1.0,8,0.2199544508891394,-1.1797265381504513e-06
2019-09-12,ADI/MU,-0.0,-0.0,0.0,8,0.1530656137870773,-0.0
2019-09-13,CNC/HUM,0.011352041466105,0.011352041466105,0.0,8,0.2769799353237832,0.0031442877110746
2019-09-13,AXP/V,0.0029392713843233,0.0029392713843233,0.0,8,0.3499999999999999,0.0010287449845131
2019-09-13,CRM/INTU,0.0016358801080376,0.0016358801080376,0.0,8,0.2199544508891394,0.0003598191108838
2019-09-13,ADI/MU,-0.0,-0.0,0.0,8,0.1530656137870773,-0.0
2019-09-16,CNC/HUM,0.0029766914709528,0.0029766914709528,0.0,8,0.2769799353237832,0.0008244838111033
2019-09-16,AXP/V,-0.0017714823125199,-0.0017714823125199,0.0,8,0.3499999999999999,-0.0006200188093819
2019-09-16,CRM/INTU,0.0008641691210535,0.0008641691210535,0.0,8,0.2199544508891394,0.0001900778444966
2019-09-16,ADI/MU,0.0,0.0,0.0,8,0.1530656137870773,0.0
2019-09-17,CNC/HUM,-0.0062037222394983,-0.0062037222394983,0.0,8,0.2769799353237832,-0.0017183065846629
2019-09-17,AXP/V,0.0039639032451675,0.0039639032451675,0.0,8,0.3499999999999999,0.0013873661358086
2019-09-17,CRM/INTU,0.0051196576170215,0.0051196576170215,0.0,8,0.2199544508891394,0.0011260914798923
2019-09-17,ADI/MU,0.0,0.0,0.0,8,0.1530656137870773,0.0
2019-09-18,CNC/HUM,-0.0049958184906694,-0.0049958184906694,0.0,8,0.2769799353237832,-0.0013837414824349
2019-09-18,AXP/V,-0.001,-0.0,1.0,8,0.3499999999999999,-0.0003499999999999
2019-09-18,CRM/INTU,-0.0002475400468515,-0.0002475400468515,0.0,8,0.2199544508891394,-5.444753507829354e-05
2019-09-18,ADI/MU,-0.0,-0.0,0.0,8,0.1530656137870773,-0.0
2019-09-19,CNC/HUM,0.0091718918924658,0.0091718918924658,0.0,8,0.2769799353237832,0.0025404300231719
2019-09-19,AXP/V,0.0,0.0,0.0,8,0.3499999999999999,0.0
2019-09-19,CRM/INTU,-0.000278704013485,-0.000278704013485,0.0,8,0.2199544508891394,-6.13021882466925e-05
2019-09-19,ADI/MU,-0.0,-0.0,0.0,8,0.1530656137870773,-0.0
2019-09-20,CNC/HUM,-0.0021897297976766,-0.0021897297976766,0.0,8,0.2769799353237832,-0.000606511217737
2019-09-20,AXP/V,-0.0,-0.0,0.0,8,0.3499999999999999,-0.0
2019-09-20,CRM/INTU,-0.0072676548977723,-0.0072676548977723,0.0,8,0.2199544508891394,-0.0015985530422912
2019-09-20,ADI/MU,-0.0,-0.0,0.0,8,0.1530656137870773,-0.0
2019-09-23,CNC/HUM,4.693113307781128e-05,4.693113307781128e-05,0.0,8,0.2769799353237832,1.299898220456403e-05
2019-09-23,AXP/V,-0.0,-0.0,0.0,8,0.3499999999999999,-0.0
2019-09-23,CRM/INTU,0.0017268528007528,0.0017268528007528,0.0,8,0.2199544508891394,0.0003798289595559
2019-09-23,ADI/MU,0.0,0.0,0.0,8,0.1530656137870773,0.0
2019-09-24,CNC/HUM,-0.000870634540604,-0.000870634540604,0.0,8,0.2769799353237832,-0.0002411482987471
2019-09-24,AXP/V,-0.0,-0.0,0.0,8,0.3499999999999999,-0.0
2019-09-24,CRM/INTU,0.0029022917866496,0.0029022917866496,0.0,8,0.2199544508891394,0.0006383719962525
2019-09-24,ADI/MU,0.0,0.0,0.0,8,0.1530656137870773,0.0
2019-09-25,CNC/HUM,-0.001,-0.0,1.0,8,0.2769799353237832,-0.0002769799353237
2019-09-25,AXP/V,-0.0,-0.0,0.0,8,0.3499999999999999,-0.0
2019-09-25,CRM/INTU,-0.0009412950443453,-0.0009412950443453,0.0,8,0.2199544508891394,-0.0002070420346036
2019-09-25,ADI/MU,0.0,0.0,0.0,8,0.1530656137870773,0.0
2019-09-26,CNC/HUM,0.0,0.0,0.0,8,0.2769799353237832,0.0
2019-09-26,AXP/V,0.0,0.0,0.0,8,0.3499999999999999,0.0
2019-09-26,CRM/INTU,0.007743129108223,0.007743129108223,0.0,8,0.2199544508891394,0.0017031357111629
2019-09-26,ADI/MU,-0.0,-0.0,0.0,8,0.1530656137870773,-0.0
2019-09-27,CNC/HUM,-0.0,-0.0,0.0,8,0.2769799353237832,-0.0
2019-09-27,AXP/V,-0.0,-0.0,0.0,8,0.3499999999999999,-0.0
2019-09-27,CRM/INTU,0.0048067119928716,0.0048067119928716,0.0,8,0.2199544508891394,0.0010572576969743
2019-09-27,ADI/MU,-0.0,-0.0,0.0,8,0.1530656137870773,-0.0
2019-09-30,CNC/HUM,-0.0,-0.0,0.0,8,0.2769799353237832,-0.0
2019-09-30,AXP/V,-0.0,-0.0,0.0,8,0.3499999999999999,-0.0
2019-09-30,CRM/INTU,0.0038110338593773,0.0038110338593773,0.0,8,0.2199544508891394,0.0008382538598592
2019-09-30,ADI/MU,-0.0,-0.0,0.0,8,0.1530656137870773,-0.0
2019-10-01,CNC/HUM,0.0,0.0,0.0,8,0.2769799353237832,0.0
2019-10-01,AXP/V,0.0,0.0,0.0,8,0.3499999999999999,0.0
2019-10-01,CRM/INTU,0.0002227482086353,0.0002227482086353,0.0,8,0.2199544508891394,4.899445991691689e-05
2019-10-01,ADI/MU,0.0015408467943306,0.0025408467943306,1.0,8,0.1530656137870773,0.000235850660326
2019-10-02,CNC/HUM,0.0,0.0,0.0,8,0.2769799353237832,0.0
2019-10-02,AXP/V,-0.0,-0.0,0.0,8,0.3499999999999999,-0.0
2019-10-02,CRM/INTU,0.0071163844964735,0.0071163844964735,0.0,8,0.2199544508891394,0.0015652804442378
2019-10-02,ADI/MU,1.8591967030908463e-05,1.8591967030908463e-05,0.0,8,0.1530656137870773,2.845790845095109e-06
2019-10-03,CNC/HUM,-0.0,-0.0,0.0,8,0.2769799353237832,-0.0
2019-10-03,AXP/V,0.0,0.0,0.0,8,0.3499999999999999,0.0
2019-10-03,CRM/INTU,-0.006770906751331,-0.006770906751331,0.0,8,0.2199544508891394,-0.0014892910765105
2019-10-03,ADI/MU,0.0085211579190858,0.0085211579190858,0.0,8,0.1530656137870773,0.0013042962670614
2019-10-04,CNC/HUM,0.0,0.0,0.0,9,0.1613890388131481,0.0
2019-10-04,AMZN/GOOGL,0.0,0.0,0.0,9,0.300654687230948,0.0
2019-10-04,INTU/NOW,-0.0,-0.0,0.0,9,0.1879562739559039,-0.0
2019-10-04,EFA/VEA,0.0,0.0,0.0,9,0.35,0.0
2019-10-07,CNC/HUM,-0.0,-0.0,0.0,9,0.1613890388131481,-0.0
2019-10-07,AMZN/GOOGL,0.0,0.0,0.0,9,0.300654687230948,0.0
2019-10-07,INTU/NOW,-0.0,-0.0,0.0,9,0.1879562739559039,-0.0
2019-10-07,EFA/VEA,0.0,0.0,0.0,9,0.35,0.0
2019-10-08,CNC/HUM,0.0,0.0,0.0,9,0.1613890388131481,0.0
2019-10-08,AMZN/GOOGL,-0.0,-0.0,0.0,9,0.300654687230948,-0.0
2019-10-08,INTU/NOW,-0.0,-0.0,0.0,9,0.1879562739559039,-0.0
2019-10-08,EFA/VEA,0.0,0.0,0.0,9,0.35,0.0
2019-10-09,CNC/HUM,-0.0,-0.0,0.0,9,0.1613890388131481,-0.0
2019-10-09,AMZN/GOOGL,0.0,0.0,0.0,9,0.300654687230948,0.0
2019-10-09,INTU/NOW,0.0,0.0,0.0,9,0.1879562739559039,0.0
2019-10-09,EFA/VEA,-0.0,-0.0,0.0,9,0.35,-0.0
2019-10-10,CNC/HUM,0.0,0.0,0.0,9,0.1613890388131481,0.0
2019-10-10,AMZN/GOOGL,0.0,0.0,0.0,9,0.300654687230948,0.0
2019-10-10,INTU/NOW,0.0,0.0,0.0,9,0.1879562739559039,0.0
2019-10-10,EFA/VEA,0.0,0.0,0.0,9,0.35,0.0
2019-10-11,CNC/HUM,0.0,0.0,0.0,9,0.1613890388131481,0.0
2019-10-11,AMZN/GOOGL,0.0,0.0,0.0,9,0.300654687230948,0.0
2019-10-11,INTU/NOW,-0.0,-0.0,0.0,9,0.1879562739559039,-0.0
2019-10-11,EFA/VEA,0.0,0.0,0.0,9,0.35,0.0
2019-10-14,CNC/HUM,0.0013588296830837,0.0023588296830837,1.0,9,0.1613890388131481,0.0002193002164636
2019-10-14,AMZN/GOOGL,0.0,0.0,0.0,9,0.300654687230948,0.0
2019-10-14,INTU/NOW,-0.0,-0.0,0.0,9,0.1879562739559039,-0.0
2019-10-14,EFA/VEA,-0.0,-0.0,0.0,9,0.35,-0.0
2019-10-15,CNC/HUM,-0.0195605637391144,-0.0195605637391144,0.0,9,0.1613890388131481,-0.0031568605804989
2019-10-15,AMZN/GOOGL,0.0,0.0,0.0,9,0.300654687230948,0.0
2019-10-15,INTU/NOW,0.0,0.0,0.0,9,0.1879562739559039,0.0
2019-10-15,EFA/VEA,0.0,0.0,0.0,9,0.35,0.0
2019-10-16,CNC/HUM,0.0055851078604508,0.0055851078604508,0.0,9,0.1613890388131481,0.0009013751892659
2019-10-16,AMZN/GOOGL,-0.0,-0.0,0.0,9,0.300654687230948,-0.0
2019-10-16,INTU/NOW,0.0,0.0,0.0,9,0.1879562739559039,0.0
2019-10-16,EFA/VEA,0.0,0.0,0.0,9,0.35,0.0
2019-10-17,CNC/HUM,-0.0099804206709578,-0.0099804206709578,0.0,9,0.1613890388131481,-0.0016107304990367
2019-10-17,AMZN/GOOGL,0.0,0.0,0.0,9,0.300654687230948,0.0
2019-10-17,INTU/NOW,0.0049823998435084,0.0059823998435084,1.0,9,0.1879562739559039,0.0009364733099443
2019-10-17,EFA/VEA,-0.0,-0.0,0.0,9,0.35,-0.0
2019-10-18,CNC/HUM,-0.0106445726789052,-0.0106445726789052,0.0,9,0.1613890388131481,-0.0017179173532252
2019-10-18,AMZN/GOOGL,0.0,0.0,0.0,9,0.300654687230948,0.0
2019-10-18,INTU/NOW,-0.0053745240407515,-0.0053745240407515,0.0,9,0.1879562739559039,-0.001010175512986
2019-10-18,EFA/VEA,0.0,0.0,0.0,9,0.35,0.0
2019-10-21,CNC/HUM,-0.0042597940693052,-0.0042597940693052,0.0,9,0.1613890388131481,-0.0006874840703871
2019-10-21,AMZN/GOOGL,-0.0,-0.0,0.0,9,0.300654687230948,-0.0
2019-10-21,INTU/NOW,-0.002306988259565,-0.002306988259565,0.0,9,0.1879562739559039,-0.0004336129173278
2019-10-21,EFA/VEA,-0.0,-0.0,0.0,9,0.35,-0.0
2019-10-22,CNC/HUM,0.0178889512390426,0.0178889512390426,0.0,9,0.1613890388131481,0.0028870806458443
2019-10-22,AMZN/GOOGL,0.0,0.0,0.0,9,0.300654687230948,0.0
2019-10-22,INTU/NOW,0.004181782525367,0.004181782525367,0.0,9,0.1879562739559039,0.0007859922619618
2019-10-22,EFA/VEA,0.0,0.0,0.0,9,0.35,0.0
2019-10-23,CNC/HUM,-0.0029723874379304,-0.0029723874379304,0.0,9,0.1613890388131481,-0.0004797107515878
2019-10-23,AMZN/GOOGL,0.0,0.0,0.0,9,0.300654687230948,0.0
2019-10-23,INTU/NOW,-0.0194062826196969,-0.0194062826196969,0.0,9,0.1879562739559039,-0.0036475325725334
2019-10-23,EFA/VEA,0.0,0.0,0.0,9,0.35,0.0
2019-10-24,CNC/HUM,0.0019889346366043,0.0019889346366043,0.0,9,0.1613890388131481,0.0003209922492637
2019-10-24,AMZN/GOOGL,-0.0,-0.0,0.0,9,0.300654687230948,-0.0
2019-10-24,INTU/NOW,0.0202473749213853,0.0202473749213853,0.0,9,0.1879562739559039,0.0038056211476117
2019-10-24,EFA/VEA,0.0,0.0,0.0,9,0.35,0.0
2019-10-25,CNC/HUM,0.0013846607491256,0.0013846607491256,0.0,9,0.1613890388131481,0.0002234690673836
2019-10-25,AMZN/GOOGL,0.0,0.0,0.0,9,0.300654687230948,0.0
2019-10-25,INTU/NOW,0.0080871813249216,0.0080871813249216,0.0,9,0.1879562739559039,0.001520036468638
2019-10-25,EFA/VEA,0.0,0.0,0.0,9,0.35,0.0
2019-10-28,CNC/HUM,7.522776469685066e-05,7.522776469685066e-05,0.0,9,0.1613890388131481,1.2140936636486402e-05
2019-10-28,AMZN/GOOGL,0.0,0.0,0.0,9,0.300654687230948,0.0
2019-10-28,INTU/NOW,0.0025422713446979,0.0025422713446979,0.0,9,0.1879562739559039,0.0004778358493342
2019-10-28,EFA/VEA,-0.0,-0.0,0.0,9,0.35,-0.0
2019-10-29,CNC/HUM,-0.0039746804730904,-0.0039746804730904,0.0,9,0.1613890388131481,-0.0006414698611414
2019-10-29,AMZN/GOOGL,-0.0,-0.0,0.0,9,0.300654687230948,-0.0
2019-10-29,INTU/NOW,-0.0048043742992872,-0.0048043742992872,0.0,9,0.1879562739559039,-0.0009030122919835
2019-10-29,EFA/VEA,0.0,0.0,0.0,9,0.35,0.0
2019-10-30,CNC/HUM,0.0343714700004996,0.0343714700004996,0.0,9,0.1613890388131481,0.0055471785059755
2019-10-30,AMZN/GOOGL,-0.0,-0.0,0.0,9,0.300654687230948,-0.0
2019-10-30,INTU/NOW,0.0080387740243547,0.0080387740243547,0.0,9,0.1879562739559039,0.0015109380127912
2019-10-30,EFA/VEA,0.0,0.0,0.0,9,0.35,0.0
2019-10-31,CNC/HUM,-0.0065282581337486,-0.0065282581337486,0.0,9,0.1613890388131481,-0.0010535893053298
2019-10-31,AMZN/GOOGL,-0.0,-0.0,0.0,9,0.300654687230948,-0.0
2019-10-31,INTU/NOW,0.003401105500525,0.003401105500525,0.0,9,0.1879562739559039,0.0006392591172096
2019-10-31,EFA/VEA,0.0,0.0,0.0,9,0.35,0.0
2019-11-01,CNC/HUM,-0.0108433011818329,-0.0108433011818329,0.0,9,0.1613890388131481,-0.0017499899552974
2019-11-01,AMZN/GOOGL,0.0,0.0,0.0,9,0.300654687230948,0.0
2019-11-01,INTU/NOW,0.0105485750655034,0.0105485750655034,0.0,9,0.1879562739559039,0.0019826708648561
2019-11-01,EFA/VEA,-0.0,-0.0,0.0,9,0.35,-0.0
2019-11-04,CNC/HUM,-0.0046319456056856,-0.0046319456056856,0.0,9,0.1613890388131481,-0.0007475452491363
2019-11-04,AMZN/GOOGL,0.0,0.0,0.0,9,0.300654687230948,0.0
2019-11-04,INTU/NOW,-0.0034321846394607,-0.0034321846394607,0.0,9,0.1879562739559039,-0.0006451006363617
2019-11-04,EFA/VEA,-0.0,-0.0,0.0,9,0.35,-0.0
2019-11-05,CNC/HUM,0.005707364739796,0.005707364739796,0.0,9,0.1613890388131481,0.0009211061095117
2019-11-05,AMZN/GOOGL,0.0,0.0,0.0,9,0.300654687230948,0.0
2019-11-05,INTU/NOW,-0.0030764618189387,-0.0030764618189387,0.0,9,0.1879562739559039,-0.0005782403004553
2019-11-05,EFA/VEA,-0.0,-0.0,0.0,9,0.35,-0.0
2019-11-06,CNC/HUM,-0.0290673165000273,-0.0290673165000273,0.0,9,0.1613890388131481,-0.0046911462708169
2019-11-06,AMZN/GOOGL,0.0,0.0,0.0,9,0.300654687230948,0.0
2019-11-06,INTU/NOW,-0.0013927091087305,-0.0013927091087305,0.0,9,0.1879562739559039,-0.0002617684147814
2019-11-06,EFA/VEA,-0.0007498127381173,0.0002501872618826,1.0,9,0.35,-0.000262434458341
2019-11-07,CNC/HUM,-0.0049751627285544,-0.0049751627285544,0.0,9,0.1613890388131481,-0.0008029367307003
2019-11-07,AMZN/GOOGL,0.0,0.0,0.0,9,0.300654687230948,0.0
2019-11-07,INTU/NOW,-0.0161322574773385,-0.0161322574773385,0.0,9,0.1879562739559039,-0.0030321590059378
2019-11-07,EFA/VEA,-0.0006975419800654,-0.0006975419800654,0.0,9,0.35,-0.0002441396930228
2019-11-08,CNC/HUM,-0.001,-0.0,1.0,9,0.1613890388131481,-0.0001613890388131
2019-11-08,AMZN/GOOGL,0.0,0.0,0.0,9,0.300654687230948,0.0
2019-11-08,INTU/NOW,0.0170052699502614,0.0170052699502614,0.0,9,0.1879562739559039,0.0031962471774654
2019-11-08,EFA/VEA,0.000759480097948,0.000759480097948,0.0,9,0.35,0.0002658180342818
2019-11-11,CNC/HUM,0.0,0.0,0.0,9,0.1613890388131481,0.0
2019-11-11,AMZN/GOOGL,-0.0,-0.0,0.0,9,0.300654687230948,-0.0
2019-11-11,INTU/NOW,-0.0029038015434738,-0.0029038015434738,0.0,9,0.1879562739559039,-0.0005457877184187
2019-11-11,EFA/VEA,-0.0001860097993785,-0.0001860097993785,0.0,9,0.35,-6.5103429782475e-05
2019-11-12,CNC/HUM,-0.0,-0.0,0.0,9,0.1613890388131481,-0.0
2019-11-12,AMZN/GOOGL,-0.0,-0.0,0.0,9,0.300654687230948,-0.0
2019-11-12,INTU/NOW,0.0004142179914377,0.0004142179914377,0.0,9,0.1879562739559039,7.785487027612862e-05
2019-11-12,EFA/VEA,0.0001010282344093,0.0001010282344093,0.0,9,0.35,3.5359882043255e-05
2019-11-13,CNC/HUM,-0.0,-0.0,0.0,9,0.1613890388131481,-0.0
2019-11-13,AMZN/GOOGL,0.0,0.0,0.0,9,0.300654687230948,0.0
2019-11-13,INTU/NOW,-0.001,0.0,1.0,9,0.1879562739559039,-0.0001879562739559
2019-11-13,EFA/VEA,-0.0001071320283312,-0.0001071320283312,0.0,9,0.35,-3.749620991592001e-05
2019-11-14,CNC/HUM,0.0,0.0,0.0,9,0.1613890388131481,0.0
2019-11-14,AMZN/GOOGL,0.0,0.0,0.0,9,0.300654687230948,0.0
2019-11-14,INTU/NOW,0.0,0.0,0.0,9,0.1879562739559039,0.0
2019-11-14,EFA/VEA,-0.0010340617264328,-0.0010340617264328,0.0,9,0.35,-0.0003619216042514
2019-11-15,CNC/HUM,0.0,0.0,0.0,9,0.1613890388131481,0.0
2019-11-15,AMZN/GOOGL,0.0,0.0,0.0,9,0.300654687230948,0.0
2019-11-15,INTU/NOW,-0.0,-0.0,0.0,9,0.1879562739559039,-0.0
2019-11-15,EFA/VEA,9.285083765054144e-05,9.285083765054144e-05,0.0,9,0.35,3.249779317768951e-05
2019-11-18,CNC/HUM,-0.0,-0.0,0.0,9,0.1613890388131481,-0.0
2019-11-18,AMZN/GOOGL,0.0082330111210785,0.0092330111210785,1.0,9,0.300654687230948,0.0024752933835767
2019-11-18,INTU/NOW,-0.0,-0.0,0.0,9,0.1879562739559039,-0.0
2019-11-18,EFA/VEA,-1.8060014877626883e-06,-1.8060014877626883e-06,0.0,9,0.35,-6.32100520716941e-07
2019-11-19,CNC/HUM,0.0,0.0,0.0,9,0.1613890388131481,0.0
2019-11-19,AMZN/GOOGL,0.0034894083883794,0.0034894083883794,0.0,9,0.300654687230948,0.0010491069876292
2019-11-19,INTU/NOW,-0.0,-0.0,0.0,9,0.1879562739559039,-0.0
2019-11-19,EFA/VEA,0.0002788041753856,0.0002788041753856,0.0,9,0.35,9.758146138496e-05
2019-11-20,CNC/HUM,0.0,0.0,0.0,9,0.1613890388131481,0.0
2019-11-20,AMZN/GOOGL,0.0035580572713945,0.0035580572713945,0.0,9,0.300654687230948,0.0010697465960809
2019-11-20,INTU/NOW,-0.0,-0.0,0.0,9,0.1879562739559039,-0.0
2019-11-20,EFA/VEA,-9.091931917664346e-05,-9.091931917664346e-05,0.0,9,0.35,-3.182176171182521e-05
2019-11-21,CNC/HUM,-0.0,-0.0,0.0,9,0.1613890388131481,-0.0
2019-11-21,AMZN/GOOGL,-0.0014960680755535,-0.0014960680755535,0.0,9,0.300654687230948,-0.0004497998793317
2019-11-21,INTU/NOW,-0.0,-0.0,0.0,9,0.1879562739559039,-0.0
2019-11-21,EFA/VEA,4.652490417902969e-05,4.652490417902969e-05,0.0,9,0.35,1.6283716462660392e-05
2019-11-22,CNC/HUM,0.0,0.0,0.0,9,0.1613890388131481,0.0
2019-11-22,AMZN/GOOGL,0.0054898066044843,0.0054898066044843,0.0,9,0.300654687230948,0.0016505360876296
2019-11-22,INTU/NOW,-0.0,-0.0,0.0,9,0.1879562739559039,-0.0
2019-11-22,EFA/VEA,0.0008041859523313,0.0008041859523313,0.0,9,0.35,0.0002814650833159
2019-11-25,CNC/HUM,0.0,0.0,0.0,9,0.1613890388131481,0.0
2019-11-25,AMZN/GOOGL,0.0002396780025506,0.0002396780025506,0.0,9,0.300654687230948,7.206031489298901e-05
2019-11-25,INTU/NOW,-0.0077468306177728,-0.0067468306177728,1.0,9,0.1879562739559039,-0.001456065417884
2019-11-25,EFA/VEA,6.748128980687327e-05,6.748128980687327e-05,0.0,9,0.35,2.3618451432405648e-05
2019-11-26,CNC/HUM,0.0,0.0,0.0,9,0.1613890388131481,0.0
2019-11-26,AMZN/GOOGL,0.0013415397311584,0.0013415397311584,0.0,9,0.300654687230948,0.0004033402082793
2019-11-26,INTU/NOW,0.0239398319665284,0.0239398319665284,0.0,9,0.1879562739559039,0.0044996416155591
2019-11-26,EFA/VEA,-0.0006397769615487,-0.0006397769615487,0.0,9,0.35,-0.000223921936542
2019-11-27,CNC/HUM,-0.0,-0.0,0.0,9,0.1613890388131481,-0.0
2019-11-27,AMZN/GOOGL,0.004900199943277,0.004900199943277,0.0,9,0.300654687230948,0.001473268081315
2019-11-27,INTU/NOW,-0.0122495631713492,-0.0122495631713492,0.0,9,0.1879562739559039,-0.0023023822512742
2019-11-27,EFA/VEA,-9.294553792606564e-05,-9.294553792606564e-05,0.0,9,0.35,-3.253093827412298e-05
2019-11-29,CNC/HUM,-0.0,-0.0,0.0,9,0.1613890388131481,-0.0
2019-11-29,AMZN/GOOGL,0.0002096316153683,0.0002096316153683,0.0,9,0.300654687230948,6.302672775227464e-05
2019-11-29,INTU/NOW,-0.0103844913788897,-0.0103844913788897,0.0,9,0.1879562739559039,-0.0019518303065033
2019-11-29,EFA/VEA,0.000362555712794,0.000362555712794,0.0,9,0.35,0.0001268944994779
2019-12-02,CNC/HUM,-0.0,-0.0,0.0,9,0.1613890388131481,-0.0
2019-12-02,AMZN/GOOGL,0.0033522404535952,0.0033522404535952,0.0,9,0.300654687230948,0.0010078668050985
2019-12-02,INTU/NOW,0.0006025118882662,0.0006025118882662,0.0,9,0.1879562739559039,0.0001132458895326
2019-12-02,EFA/VEA,-0.0003247926112599,-0.0003247926112599,0.0,9,0.35,-0.0001136774139409
2019-12-03,CNC/HUM,0.0,0.0,0.0,9,0.1613890388131481,0.0
2019-12-03,AMZN/GOOGL,-0.0052962969851011,-0.0052962969851011,0.0,9,0.300654687230948,-0.0015923565135377
2019-12-03,INTU/NOW,-0.0094682462044838,-0.0094682462044838,0.0,9,0.1879562739559039,-0.0017796162774919
2019-12-03,EFA/VEA,5.134851356494867e-05,5.134851356494867e-05,0.0,9,0.35,1.7971979747732035e-05
2019-12-04,CNC/HUM,0.0,0.0,0.0,9,0.1613890388131481,0.0
2019-12-04,AMZN/GOOGL,-0.0136797419897696,-0.0136797419897696,0.0,9,0.300654687230948,-0.0041128785493342
2019-12-04,INTU/NOW,0.0076600436153304,0.0076600436153304,0.0,9,0.1879562739559039,0.0014397532562772
2019-12-04,EFA/VEA,-0.001,0.0,1.0,9,0.35,-0.00035
2019-12-05,CNC/HUM,0.0,0.0,0.0,9,0.1613890388131481,0.0
2019-12-05,AMZN/GOOGL,-0.0080936597380244,-0.0080936597380244,0.0,9,0.300654687230948,-0.0024333967370894
2019-12-05,INTU/NOW,-0.0004334217512743,-0.0004334217512743,0.0,9,0.1879562739559039,-8.146433742095999e-05
2019-12-05,EFA/VEA,-0.0,-0.0,0.0,9,0.35,-0.0
2019-12-06,CNC/HUM,-0.0,-0.0,0.0,9,0.1613890388131481,-0.0
2019-12-06,AMZN/GOOGL,-0.0034863382642518,-0.0034863382642518,0.0,9,0.300654687230948,-0.0010481839404199
2019-12-06,INTU/NOW,0.0076568197921912,0.0076568197921912,0.0,9,0.1879562739559039,0.001439147318492
2019-12-06,EFA/VEA,0.0,0.0,0.0,9,0.35,0.0
2019-12-09,CNC/HUM,0.0,0.0,0.0,9,0.1613890388131481,0.0
2019-12-09,AMZN/GOOGL,-0.0021290389196603,-0.0021290389196603,0.0,9,0.300654687230948,-0.0006401055304929
2019-12-09,INTU/NOW,0.001761941944438,0.001761941944438,0.0,9,0.1879562739559039,0.0003311680428031
2019-12-09,EFA/VEA,0.0,0.0,0.0,9,0.35,0.0
2019-12-10,CNC/HUM,0.0,0.0,0.0,9,0.1613890388131481,0.0
2019-12-10,AMZN/GOOGL,-0.0021569811024405,-0.0021569811024405,0.0,9,0.300654687230948,-0.0006485064787173
2019-12-10,INTU/NOW,-0.0054701947471808,-0.0054701947471808,0.0,9,0.1879562739559039,-0.0010281574224932
2019-12-10,EFA/VEA,-0.0,-0.0,0.0,9,0.35,-0.0
2019-12-11,CNC/HUM,0.0,0.0,0.0,9,0.1613890388131481,0.0
2019-12-11,AMZN/GOOGL,0.0014149873241758,0.0014149873241758,0.0,9,0.300654687230948,0.0004254225713858
2019-12-11,INTU/NOW,-0.0017582899352113,-0.0017582899352113,0.0,9,0.1879562739559039,-0.0003304816247564
2019-12-11,EFA/VEA,-0.0,-0.0,0.0,9,0.35,-0.0
2019-12-12,CNC/HUM,0.0,0.0,0.0,9,0.1613890388131481,0.0
2019-12-12,AMZN/GOOGL,0.0005165212829689,0.0005165212829689,0.0,9,0.300654687230948,0.0001552945447791
2019-12-12,INTU/NOW,0.0042966709903244,0.0042966709903244,0.0,9,0.1879562739559039,0.0008075862697557
2019-12-12,EFA/VEA,-0.0,-0.0,0.0,9,0.35,-0.0
2019-12-13,CNC/HUM,0.0,0.0,0.0,9,0.1613890388131481,0.0
2019-12-13,AMZN/GOOGL,0.0008809768994228,0.0008809768994228,0.0,9,0.300654687230948,0.0002648698341536
2019-12-13,INTU/NOW,0.0091753726488925,0.0091753726488925,0.0,9,0.1879562739559039,0.0017245688552427
2019-12-13,EFA/VEA,0.0,0.0,0.0,9,0.35,0.0
2019-12-16,CNC/HUM,-0.0085459392961587,-0.0075459392961587,1.0,9,0.1613890388131481,-0.0013792209287625
2019-12-16,AMZN/GOOGL,-0.001,0.0,1.0,9,0.300654687230948,-0.0003006546872309
2019-12-16,INTU/NOW,-0.000710365651658,-0.000710365651658,0.0,9,0.1879562739559039,-0.0001335176810318
2019-12-16,EFA/VEA,0.0,0.0,0.0,9,0.35,0.0
2019-12-17,CNC/HUM,-0.0034456018220691,-0.0034456018220691,0.0,9,0.1613890388131481,-0.0005560823661965
2019-12-17,AMZN/GOOGL,-0.0,-0.0,0.0,9,0.300654687230948,-0.0
2019-12-17,INTU/NOW,-0.0012321977429815,-0.0012321977429815,0.0,9,0.1879562739559039,-0.0002315992965476
2019-12-17,EFA/VEA,-0.0,-0.0,0.0,9,0.35,-0.0
2019-12-18,CNC/HUM,0.002831523638307,0.002831523638307,0.0,9,0.1613890388131481,0.000456976878363
2019-12-18,AMZN/GOOGL,0.0,0.0,0.0,9,0.300654687230948,0.0
2019-12-18,INTU/NOW,0.0056197849456709,0.0056197849456709,0.0,9,0.1879562739559039,0.0010562738388217
2019-12-18,EFA/VEA,-0.0003952966952145,0.0006047033047854,1.0,9,0.35,-0.000138353843325
2019-12-19,CNC/HUM,0.0128307079629974,0.0128307079629974,0.0,9,0.1613890388131481,0.0020707356254403
2019-12-19,AMZN/GOOGL,0.0,0.0,0.0,9,0.300654687230948,0.0
2019-12-19,INTU/NOW,0.0009268398912887,0.0009268398912887,0.0,9,0.1879562739559039,0.0001742053725203
2019-12-19,EFA/VEA,-0.000456065530277,-0.000456065530277,0.0,9,0.35,-0.0001596229355969
2019-12-20,CNC/HUM,-0.005061931689072,-0.005061931689072,0.0,9,0.1613890388131481,-0.0008169402898371
2019-12-20,AMZN/GOOGL,-0.0,-0.0,0.0,9,0.300654687230948,-0.0
2019-12-20,INTU/NOW,0.0027661982458466,0.0027661982458466,0.0,9,0.1879562739559039,0.0005199243153126
2019-12-20,EFA/VEA,-0.0004375838157047,-0.0004375838157047,0.0,9,0.35,-0.0001531543354966
2019-12-23,CNC/HUM,0.0076565952122364,0.0076565952122364,0.0,9,0.1613890388131481,0.0012356905418841
2019-12-23,AMZN/GOOGL,-0.0,-0.0,0.0,9,0.300654687230948,-0.0
2019-12-23,INTU/NOW,-0.001,-0.0,1.0,9,0.1879562739559039,-0.0001879562739559
2019-12-23,EFA/VEA,0.0001010676804732,0.0001010676804732,0.0,9,0.35,3.5373688165620004e-05
2019-12-24,CNC/HUM,0.0009970257222178,0.0009970257222178,0.0,9,0.1613890388131481,0.0001609090229807
2019-12-24,AMZN/GOOGL,-0.0,-0.0,0.0,9,0.300654687230948,-0.0
2019-12-24,INTU/NOW,-0.0,-0.0,0.0,9,0.1879562739559039,-0.0
2019-12-24,EFA/VEA,-4.339916875367021e-05,-4.339916875367021e-05,0.0,9,0.35,-1.5189709063784575e-05
2019-12-26,CNC/HUM,-0.0011358318482637,-0.0011358318482637,0.0,9,0.1613890388131481,-0.0001833108102446
2019-12-26,AMZN/GOOGL,-0.0,-0.0,0.0,9,0.300654687230948,-0.0
2019-12-26,INTU/NOW,0.0,0.0,0.0,9,0.1879562739559039,0.0
2019-12-26,EFA/VEA,-0.0001412557002963,-0.0001412557002963,0.0,9,0.35,-4.9439495103705e-05
2019-12-27,CNC/HUM,-0.0008594022097085,-0.0008594022097085,0.0,9,0.1613890388131481,-0.0001386980965787
2019-12-27,AMZN/GOOGL,-0.0,-0.0,0.0,9,0.300654687230948,-0.0
2019-12-27,INTU/NOW,-0.0,-0.0,0.0,9,0.1879562739559039,-0.0
2019-12-27,EFA/VEA,-0.000512889306858,-0.000512889306858,0.0,9,0.35,-0.0001795112574003
2019-12-30,CNC/HUM,0.0009018579913742,0.0009018579913742,0.0,9,0.1613890388131481,0.0001455499943738
2019-12-30,AMZN/GOOGL,-0.0,-0.0,0.0,9,0.300654687230948,-0.0
2019-12-30,INTU/NOW,-0.0,-0.0,0.0,9,0.1879562739559039,-0.0
2019-12-30,EFA/VEA,-6.648334994530981e-05,-6.648334994530981e-05,0.0,9,0.35,-2.326917248085844e-05
2019-12-31,CNC/HUM,0.0011042597307219,0.0011042597307219,0.0,9,0.1613890388131481,0.0001782154165412
2019-12-31,AMZN/GOOGL,-0.0,-0.0,0.0,9,0.300654687230948,-0.0
2019-12-31,INTU/NOW,-0.0,-0.0,0.0,9,0.1879562739559039,-0.0
2019-12-31,EFA/VEA,-0.0004524391074685,-0.0004524391074685,0.0,9,0.35,-0.0001583536876139
2020-01-02,CNC/HUM,-0.0003452618758864,-0.0003452618758864,0.0,9,0.1613890388131481,-5.572148228813053e-05
2020-01-02,AMZN/GOOGL,0.0,0.0,0.0,9,0.300654687230948,0.0
2020-01-02,INTU/NOW,0.0,0.0,0.0,9,0.1879562739559039,0.0
2020-01-02,EFA/VEA,0.0009040060511325,0.0009040060511325,0.0,9,0.35,0.0003164021178963
2020-01-03,CNC/HUM,-0.0071602725979058,-0.0071602725979058,0.0,9,0.1613890388131481,-0.0011555895122161
2020-01-03,AMZN/GOOGL,0.0,0.0,0.0,9,0.300654687230948,0.0
2020-01-03,INTU/NOW,-0.0,-0.0,0.0,9,0.1879562739559039,-0.0
2020-01-03,EFA/VEA,-5.449820704147997e-05,-5.449820704147997e-05,0.0,9,0.35,-1.907437246451799e-05
2020-01-06,CNC/HUM,-0.0,-0.0,0.0,10,0.3,-0.0
2020-01-06,AXP/V,0.0,0.0,0.0,10,0.35,0.0
2020-01-06,CSX/UNP,-0.0,-0.0,0.0,10,0.35,-0.0
2020-01-07,CNC/HUM,-0.0,-0.0,0.0,10,0.3,-0.0
2020-01-07,AXP/V,0.0,0.0,0.0,10,0.35,0.0
2020-01-07,CSX/UNP,-0.0,-0.0,0.0,10,0.35,-0.0
2020-01-08,CNC/HUM,0.0,0.0,0.0,10,0.3,0.0
2020-01-08,AXP/V,0.0,0.0,0.0,10,0.35,0.0
2020-01-08,CSX/UNP,0.0031578387883176,0.0041578387883176,1.0,10,0.35,0.0011052435759111
2020-01-09,CNC/HUM,-0.0,-0.0,0.0,10,0.3,-0.0
2020-01-09,AXP/V,-0.0,-0.0,0.0,10,0.35,-0.0
2020-01-09,CSX/UNP,-0.0050247447446211,-0.0050247447446211,0.0,10,0.35,-0.0017586606606173
2020-01-10,CNC/HUM,-0.0035571649038481,-0.0025571649038481,1.0,10,0.3,-0.0010671494711544
2020-01-10,AXP/V,0.0,0.0,0.0,10,0.35,0.0
2020-01-10,CSX/UNP,-0.001594176150099,-0.001594176150099,0.0,10,0.35,-0.0005579616525346
2020-01-13,CNC/HUM,-0.0060069759411467,-0.0060069759411467,0.0,10,0.3,-0.001802092782344
2020-01-13,AXP/V,0.0,0.0,0.0,10,0.35,0.0
2020-01-13,CSX/UNP,-0.0012114339184157,-0.0012114339184157,0.0,10,0.35,-0.0004240018714454
2020-01-14,CNC/HUM,0.0020167303079919,0.0020167303079919,0.0,10,0.3,0.0006050190923975
2020-01-14,AXP/V,0.0,0.0,0.0,10,0.35,0.0
2020-01-14,CSX/UNP,0.0030750510789349,0.0030750510789349,0.0,10,0.35,0.0010762678776272
2020-01-15,CNC/HUM,0.0037966535923632,0.0037966535923632,0.0,10,0.3,0.0011389960777089
2020-01-15,AXP/V,0.0,0.0,0.0,10,0.35,0.0
2020-01-15,CSX/UNP,-0.0018517593169619,-0.0018517593169619,0.0,10,0.35,-0.0006481157609366
2020-01-16,CNC/HUM,0.0016555410886801,0.0016555410886801,0.0,10,0.3,0.000496662326604
2020-01-16,AXP/V,-0.0018668285093108,-0.0008668285093108,1.0,10,0.35,-0.0006533899782587
2020-01-16,CSX/UNP,0.0001939119098605,0.0001939119098605,0.0,10,0.35,6.786916845117499e-05
2020-01-17,CNC/HUM,0.0024415130722528,0.0024415130722528,0.0,10,0.3,0.0007324539216758
2020-01-17,AXP/V,-0.007437210378638,-0.007437210378638,0.0,10,0.35,-0.0026030236325232
2020-01-17,CSX/UNP,0.0063440193403365,0.0063440193403365,0.0,10,0.35,0.0022204067691177
2020-01-21,CNC/HUM,-0.008416529969355,-0.008416529969355,0.0,10,0.3,-0.0025249589908065
2020-01-21,AXP/V,-0.0104423952421645,-0.0104423952421645,0.0,10,0.35,-0.0036548383347575
2020-01-21,CSX/UNP,-0.0003569447284468,-0.0003569447284468,0.0,10,0.35,-0.0001249306549563
2020-01-22,CNC/HUM,-0.0058749397987835,-0.0058749397987835,0.0,10,0.3,-0.001762481939635
2020-01-22,AXP/V,0.001506569285103,0.001506569285103,0.0,10,0.35,0.000527299249786
2020-01-22,CSX/UNP,-0.0036391695406145,-0.0036391695406145,0.0,10,0.35,-0.001273709339215
2020-01-23,CNC/HUM,-0.0107586040877976,-0.0107586040877976,0.0,10,0.3,-0.0032275812263392
2020-01-23,AXP/V,0.0033705726992826,0.0033705726992826,0.0,10,0.35,0.0011797004447489
2020-01-23,CSX/UNP,0.0086987351791688,0.0086987351791688,0.0,10,0.35,0.003044557312709
2020-01-24,CNC/HUM,-0.0037048970281915,-0.0037048970281915,0.0,10,0.3,-0.0011114691084574
2020-01-24,AXP/V,0.0164971915672167,0.0164971915672167,0.0,10,0.35,0.0057740170485258
2020-01-24,CSX/UNP,-0.0050099873834959,-0.0050099873834959,0.0,10,0.35,-0.0017534955842235
2020-01-27,CNC/HUM,0.0004121744978363,0.0004121744978363,0.0,10,0.3,0.0001236523493508
2020-01-27,AXP/V,-0.0050678472836007,-0.0050678472836007,0.0,10,0.35,-0.0017737465492602
2020-01-27,CSX/UNP,-0.0141608984636708,-0.0141608984636708,0.0,10,0.35,-0.0049563144622847
2020-01-28,CNC/HUM,-9.249207097030244e-05,-9.249207097030244e-05,0.0,10,0.3,-2.7747621291090732e-05
2020-01-28,AXP/V,0.0026969814780971,0.0026969814780971,0.0,10,0.35,0.0009439435173339
2020-01-28,CSX/UNP,-0.0020486819989577,-0.0020486819989577,0.0,10,0.35,-0.0007170386996351
2020-01-29,CNC/HUM,-0.0019835242478632,-0.0019835242478632,0.0,10,0.3,-0.0005950572743589
2020-01-29,AXP/V,-0.00814524775934,-0.00814524775934,0.0,10,0.35,-0.002850836715769
2020-01-29,CSX/UNP,-0.0002655950411387,-0.0002655950411387,0.0,10,0.35,-9.2958264398545e-05
2020-01-30,CNC/HUM,-0.0052021994141476,-0.0052021994141476,0.0,10,0.3,-0.0015606598242442
2020-01-30,AXP/V,-0.0042697456469557,-0.0042697456469557,0.0,10,0.35,-0.0014944109764344
2020-01-30,CSX/UNP,0.0027850578264268,0.0027850578264268,0.0,10,0.35,0.0009747702392493
2020-01-31,CNC/HUM,-0.0085939590844794,-0.0085939590844794,0.0,10,0.3,-0.0025781877253438
2020-01-31,AXP/V,0.0143914982949433,0.0143914982949433,0.0,10,0.35,0.0050370244032301
2020-01-31,CSX/UNP,-0.003886246167433,-0.003886246167433,0.0,10,0.35,-0.0013601861586015
2020-02-03,CNC/HUM,-0.0062845708509108,-0.0062845708509108,0.0,10,0.3,-0.0018853712552732
2020-02-03,AXP/V,-0.0015041205766246,-0.0015041205766246,0.0,10,0.35,-0.0005264422018186
2020-02-03,CSX/UNP,-0.0013273054613969,-0.0013273054613969,0.0,10,0.35,-0.0004645569114889
2020-02-04,CNC/HUM,0.0235790525274402,0.0235790525274402,0.0,10,0.3,0.007073715758232
2020-02-04,AXP/V,-0.0049905443660979,-0.0049905443660979,0.0,10,0.35,-0.0017466905281342
2020-02-04,CSX/UNP,0.005919846822448,0.005919846822448,0.0,10,0.35,0.0020719463878568
2020-02-05,CNC/HUM,0.0156089012397023,0.0156089012397023,0.0,10,0.3,0.0046826703719106
2020-02-05,AXP/V,0.0078203192551304,0.0078203192551304,0.0,10,0.35,0.0027371117392956
2020-02-05,CSX/UNP,-0.001,0.0,1.0,10,0.35,-0.00035
2020-02-06,CNC/HUM,0.000123650092559,0.000123650092559,0.0,10,0.3,3.709502776770001e-05
2020-02-06,AXP/V,-0.001774130138671,-0.001774130138671,0.0,10,0.35,-0.0006209455485348
2020-02-06,CSX/UNP,0.0,0.0,0.0,10,0.35,0.0
2020-02-07,CNC/HUM,-0.001,-0.0,1.0,10,0.3,-0.0003
2020-02-07,AXP/V,-0.0037802649322595,-0.0037802649322595,0.0,10,0.35,-0.0013230927262908
2020-02-07,CSX/UNP,-0.0,-0.0,0.0,10,0.35,-0.0
2020-02-10,CNC/HUM,0.0,0.0,0.0,10,0.3,0.0
2020-02-10,AXP/V,-0.0077536876758243,-0.0077536876758243,0.0,10,0.35,-0.0027137906865385
2020-02-10,CSX/UNP,-0.0,-0.0,0.0,10,0.35,-0.0
2020-02-11,CNC/HUM,0.0,0.0,0.0,10,0.3,0.0
2020-02-11,AXP/V,0.0069329509050752,0.0069329509050752,0.0,10,0.35,0.0024265328167763
2020-02-11,CSX/UNP,-0.0,-0.0,0.0,10,0.35,-0.0
2020-02-12,CNC/HUM,0.0,0.0,0.0,10,0.3,0.0
2020-02-12,AXP/V,-0.0077825116564109,-0.0077825116564109,0.0,10,0.35,-0.0027238790797438
2020-02-12,CSX/UNP,-0.0,-0.0,0.0,10,0.35,-0.0
2020-02-13,CNC/HUM,0.0,0.0,0.0,10,0.3,0.0
2020-02-13,AXP/V,-0.001,-0.0,1.0,10,0.35,-0.00035
2020-02-13,CSX/UNP,-0.0,-0.0,0.0,10,0.35,-0.0
2020-02-14,CNC/HUM,0.0005865105430883,0.0015865105430883,1.0,10,0.3,0.0001759531629264
2020-02-14,AXP/V,0.0,0.0,0.0,10,0.35,0.0
2020-02-14,CSX/UNP,-0.0,-0.0,0.0,10,0.35,-0.0
2020-02-18,CNC/HUM,0.0165406484472195,0.0165406484472195,0.0,10,0.3,0.0049621945341658
2020-02-18,AXP/V,0.0,0.0,0.0,10,0.35,0.0
2020-02-18,CSX/UNP,-0.0,-0.0,0.0,10,0.35,-0.0
2020-02-19,CNC/HUM,-0.0068717276125097,-0.0068717276125097,0.0,10,0.3,-0.0020615182837529
2020-02-19,AXP/V,0.0,0.0,0.0,10,0.35,0.0
2020-02-19,CSX/UNP,0.0,0.0,0.0,10,0.35,0.0
2020-02-20,CNC/HUM,0.0030235077648501,0.0030235077648501,0.0,10,0.3,0.000907052329455
2020-02-20,AXP/V,-0.0,-0.0,0.0,10,0.35,-0.0
2020-02-20,CSX/UNP,-0.0,-0.0,0.0,10,0.35,-0.0
2020-02-21,CNC/HUM,0.0008091911678935,0.0008091911678935,0.0,10,0.3,0.000242757350368
2020-02-21,AXP/V,-0.0,-0.0,0.0,10,0.35,-0.0
2020-02-21,CSX/UNP,-0.0,-0.0,0.0,10,0.35,-0.0
2020-02-24,CNC/HUM,0.0036115507553777,0.0036115507553777,0.0,10,0.3,0.0010834652266133
2020-02-24,AXP/V,-0.0,-0.0,0.0,10,0.35,-0.0
2020-02-24,CSX/UNP,-0.0,-0.0,0.0,10,0.35,-0.0
2020-02-25,CNC/HUM,0.0034007052318002,0.0034007052318002,0.0,10,0.3,0.00102021156954
2020-02-25,AXP/V,-0.0,-0.0,0.0,10,0.35,-0.0
2020-02-25,CSX/UNP,-0.0,-0.0,0.0,10,0.35,-0.0
2020-02-26,CNC/HUM,-0.0044259257855283,-0.0044259257855283,0.0,10,0.3,-0.0013277777356584
2020-02-26,AXP/V,0.0,0.0,0.0,10,0.35,0.0
2020-02-26,CSX/UNP,-0.0171649010236489,-0.0161649010236489,1.0,10,0.35,-0.0060077153582771
2020-02-27,CNC/HUM,0.0145154623288799,0.0145154623288799,0.0,10,0.3,0.0043546386986639
2020-02-27,AXP/V,-0.0,-0.0,0.0,10,0.35,-0.0
2020-02-27,CSX/UNP,-0.001,-0.0,1.0,10,0.35,-0.00035
2020-02-28,CNC/HUM,-0.0075787122746419,-0.0075787122746419,0.0,10,0.3,-0.0022736136823925
2020-02-28,AXP/V,0.0,0.0,0.0,10,0.35,0.0
2020-02-28,CSX/UNP,0.0101866479349571,0.0111866479349571,1.0,10,0.35,0.0035653267772349
2020-03-02,CNC/HUM,-0.0320159529200425,-0.0320159529200425,0.0,10,0.3,-0.0096047858760127
2020-03-02,AXP/V,0.0,0.0,0.0,10,0.35,0.0
2020-03-02,CSX/UNP,0.0001581472748048,0.0001581472748048,0.0,10,0.35,5.535154618168e-05
2020-03-03,CNC/HUM,0.0258020367029635,0.0258020367029635,0.0,10,0.3,0.007740611010889
2020-03-03,AXP/V,-0.0038014244341791,-0.0028014244341791,1.0,10,0.35,-0.0013304985519626
2020-03-03,CSX/UNP,-6.090902139867421e-05,-6.090902139867421e-05,0.0,10,0.35,-2.131815748953597e-05
2020-03-04,CNC/HUM,-0.0287398583882115,-0.0287398583882115,0.0,10,0.3,-0.0086219575164634
2020-03-04,AXP/V,0.0043908046106752,0.0043908046106752,0.0,10,0.35,0.0015367816137363
2020-03-04,CSX/UNP,-0.0008142369833796,-0.0008142369833796,0.0,10,0.35,-0.0002849829441828
2020-03-05,CNC/HUM,-0.0142252351242914,-0.0142252351242914,0.0,10,0.3,-0.0042675705372874
2020-03-05,AXP/V,0.0037084008466303,0.0037084008466303,0.0,10,0.35,0.0012979402963206
2020-03-05,CSX/UNP,-0.0083086884868577,-0.0083086884868577,0.0,10,0.35,-0.0029080409704001
2020-03-06,CNC/HUM,-0.0017245326627147,-0.0017245326627147,0.0,10,0.3,-0.0005173597988144
2020-03-06,AXP/V,-0.0025889069716386,-0.0025889069716386,0.0,10,0.35,-0.0009061174400735
2020-03-06,CSX/UNP,0.0085454373417668,0.0085454373417668,0.0,10,0.35,0.0029909030696183
2020-03-09,CNC/HUM,0.0278094911288988,0.0278094911288988,0.0,10,0.3,0.0083428473386696
2020-03-09,AXP/V,0.0011924173134716,0.0011924173134716,0.0,10,0.35,0.000417346059715
2020-03-09,CSX/UNP,-0.0275484642238148,-0.0275484642238148,0.0,10,0.35,-0.0096419624783351
2020-03-10,CNC/HUM,0.0138267504192494,0.0138267504192494,0.0,10,0.3,0.0041480251257748
2020-03-10,AXP/V,-0.0161947516101707,-0.0161947516101707,0.0,10,0.35,-0.0056681630635597
2020-03-10,CSX/UNP,0.0292324566146041,0.0292324566146041,0.0,10,0.35,0.0102313598151114
2020-03-11,CNC/HUM,0.0210969460968344,0.0210969460968344,0.0,10,0.3,0.0063290838290503
2020-03-11,AXP/V,-0.0029026948964298,-0.0029026948964298,0.0,10,0.35,-0.0010159432137504
2020-03-11,CSX/UNP,0.0099885186605771,0.0099885186605771,0.0,10,0.35,0.0034959815312019
2020-03-12,CNC/HUM,0.059928218764388,0.059928218764388,0.0,10,0.3,0.0179784656293164
2020-03-12,AXP/V,-0.0105948634325971,-0.0105948634325971,0.0,10,0.35,-0.0037082022014089
2020-03-12,CSX/UNP,-0.0036930608031793,-0.0036930608031793,0.0,10,0.35,-0.0012925712811127
2020-03-13,CNC/HUM,-0.001,0.0,1.0,10,0.3,-0.0003
2020-03-13,AXP/V,0.0237725642838901,0.0237725642838901,0.0,10,0.35,0.0083203974993615
2020-03-13,CSX/UNP,0.0165399081808729,0.0165399081808729,0.0,10,0.35,0.0057889678633055
2020-03-16,CNC/HUM,-0.0308891540994855,-0.0298891540994855,1.0,10,0.3,-0.0092667462298456
2020-03-16,AXP/V,0.0209627976916381,0.0209627976916381,0.0,10,0.35,0.0073369791920733
2020-03-16,CSX/UNP,-0.0110092043500749,-0.0110092043500749,0.0,10,0.35,-0.0038532215225262
2020-03-17,CNC/HUM,-0.0226187630224849,-0.0226187630224849,0.0,10,0.3,-0.0067856289067454
2020-03-17,AXP/V,-0.0187684932036007,-0.0187684932036007,0.0,10,0.35,-0.0065689726212602
2020-03-17,CSX/UNP,-0.0288784160528352,-0.0288784160528352,0.0,10,0.35,-0.0101074456184923
2020-03-18,CNC/HUM,-0.0245442822281158,-0.0245442822281158,0.0,10,0.3,-0.0073632846684347
2020-03-18,AXP/V,-0.0284974608006429,-0.0284974608006429,0.0,10,0.35,-0.009974111280225
2020-03-18,CSX/UNP,-0.0361586660211775,-0.0361586660211775,0.0,10,0.35,-0.0126555331074121
2020-03-19,CNC/HUM,0.0173590003533033,0.0173590003533033,0.0,10,0.3,0.0052077001059909
2020-03-19,AXP/V,0.0036651715643197,0.0036651715643197,0.0,10,0.35,0.0012828100475118
2020-03-19,CSX/UNP,-0.001,-0.0,1.0,10,0.35,-0.00035
2020-03-20,CNC/HUM,-0.0276567000837378,-0.0276567000837378,0.0,10,0.3,-0.0082970100251213
2020-03-20,AXP/V,0.0052506565651418,0.0052506565651418,0.0,10,0.35,0.0018377297977996
2020-03-20,CSX/UNP,0.0200466027467531,0.0210466027467531,1.0,10,0.35,0.0070163109613635
2020-03-23,CNC/HUM,-0.016807239603377,-0.016807239603377,0.0,10,0.3,-0.0050421718810131
2020-03-23,AXP/V,0.0159964993759102,0.0159964993759102,0.0,10,0.35,0.0055987747815685
2020-03-23,CSX/UNP,-6.217687708763539e-05,-6.217687708763539e-05,0.0,10,0.35,-2.1761906980672384e-05
2020-03-24,CNC/HUM,0.0280796253539065,0.0280796253539065,0.0,10,0.3,0.0084238876061719
2020-03-24,AXP/V,0.0090352237033946,0.0090352237033946,0.0,10,0.35,0.0031623282961881
2020-03-24,CSX/UNP,0.0060467322031024,0.0060467322031024,0.0,10,0.35,0.0021163562710858
2020-03-25,CNC/HUM,0.061867228863454,0.061867228863454,0.0,10,0.3,0.0185601686590362
2020-03-25,AXP/V,0.0021161963481942,0.0021161963481942,0.0,10,0.35,0.0007406687218679
2020-03-25,CSX/UNP,0.0103222832109071,0.0103222832109071,0.0,10,0.35,0.0036127991238174
2020-03-26,CNC/HUM,0.0334998027717517,0.0334998027717517,0.0,10,0.3,0.0100499408315255
2020-03-26,AXP/V,-0.0119597448120887,-0.0119597448120887,0.0,10,0.35,-0.004185910684231
2020-03-26,CSX/UNP,0.0263374452404214,0.0263374452404214,0.0,10,0.35,0.0092181058341474
2020-03-27,CNC/HUM,0.0082092059070183,0.0082092059070183,0.0,10,0.3,0.0024627617721054
2020-03-27,AXP/V,0.0057156392035097,0.0057156392035097,0.0,10,0.35,0.0020004737212283
2020-03-27,CSX/UNP,0.0028461638404239,0.0028461638404239,0.0,10,0.35,0.0009961573441483
2020-03-30,CNC/HUM,0.0095328677973966,0.0095328677973966,0.0,10,0.3,0.0028598603392189
2020-03-30,AXP/V,-0.001,0.0,1.0,10,0.35,-0.00035
2020-03-30,CSX/UNP,-0.0084978740124108,-0.0084978740124108,0.0,10,0.35,-0.0029742559043437
2020-03-31,CNC/HUM,-0.0071562861941287,-0.0071562861941287,0.0,10,0.3,-0.0021468858582386
2020-03-31,AXP/V,0.0,0.0,0.0,10,0.35,0.0
2020-03-31,CSX/UNP,0.0087582158613337,0.0087582158613337,0.0,10,0.35,0.0030653755514667
2020-04-01,CNC/HUM,-0.0047482867734905,-0.0047482867734905,0.0,10,0.3,-0.0014244860320471
2020-04-01,AXP/V,0.0,0.0,0.0,10,0.35,0.0
2020-04-01,CSX/UNP,0.0001749839898074,0.0001749839898074,0.0,10,0.35,6.124439643259e-05
2020-04-02,CNC/HUM,0.0008245485427511,0.0008245485427511,0.0,10,0.3,0.0002473645628253
2020-04-02,AXP/V,0.0,0.0,0.0,10,0.35,0.0
2020-04-02,CSX/UNP,0.0062255277854251,0.0062255277854251,0.0,10,0.35,0.0021789347248987
2020-04-03,CNC/HUM,-0.0031242774298176,-0.0031242774298176,0.0,10,0.3,-0.0009372832289452
2020-04-03,AXP/V,-0.0,-0.0,0.0,10,0.35,-0.0
2020-04-03,CSX/UNP,-0.0122163170726361,-0.0122163170726361,0.0,10,0.35,-0.0042757109754226
2020-04-06,CNC/UNH,0.0,0.0,0.0,11,0.2807212220818471,0.0
2020-04-06,ABBV/MRK,0.0,0.0,0.0,11,0.1856538038305444,0.0
2020-04-06,ADBE/NOW,0.0,0.0,0.0,11,0.2236222770921311,0.0
2020-04-06,MS/STT,0.0,0.0,0.0,11,0.3100026969954771,0.0
2020-04-07,CNC/UNH,-0.0,-0.0,0.0,11,0.2807212220818471,-0.0
2020-04-07,ABBV/MRK,-0.0,-0.0,0.0,11,0.1856538038305444,-0.0
2020-04-07,ADBE/NOW,-0.0,-0.0,0.0,11,0.2236222770921311,-0.0
2020-04-07,MS/STT,-0.0,-0.0,0.0,11,0.3100026969954771,-0.0
2020-04-08,CNC/UNH,0.0,0.0,0.0,11,0.2807212220818471,0.0
2020-04-08,ABBV/MRK,0.0,0.0,0.0,11,0.1856538038305444,0.0
2020-04-08,ADBE/NOW,-0.0,-0.0,0.0,11,0.2236222770921311,-0.0
2020-04-08,MS/STT,0.0,0.0,0.0,11,0.3100026969954771,0.0
2020-04-09,CNC/UNH,-0.0,-0.0,0.0,11,0.2807212220818471,-0.0
2020-04-09,ABBV/MRK,0.0,0.0,0.0,11,0.1856538038305444,0.0
2020-04-09,ADBE/NOW,-0.0,-0.0,0.0,11,0.2236222770921311,-0.0
2020-04-09,MS/STT,0.0,0.0,0.0,11,0.3100026969954771,0.0
2020-04-13,CNC/UNH,0.0,0.0,0.0,11,0.2807212220818471,0.0
2020-04-13,ABBV/MRK,-0.0,-0.0,0.0,11,0.1856538038305444,-0.0
2020-04-13,ADBE/NOW,-0.0,-0.0,0.0,11,0.2236222770921311,-0.0
2020-04-13,MS/STT,-0.0,-0.0,0.0,11,0.3100026969954771,-0.0
2020-04-14,CNC/UNH,0.0,0.0,0.0,11,0.2807212220818471,0.0
2020-04-14,ABBV/MRK,0.0,0.0,0.0,11,0.1856538038305444,0.0
2020-04-14,ADBE/NOW,0.0,0.0,0.0,11,0.2236222770921311,0.0
2020-04-14,MS/STT,-0.0,-0.0,0.0,11,0.3100026969954771,-0.0
2020-04-15,CNC/UNH,0.0,0.0,0.0,11,0.2807212220818471,0.0
2020-04-15,ABBV/MRK,-0.0,-0.0,0.0,11,0.1856538038305444,-0.0
2020-04-15,ADBE/NOW,-0.0,-0.0,0.0,11,0.2236222770921311,-0.0
2020-04-15,MS/STT,0.0,0.0,0.0,11,0.3100026969954771,0.0
2020-04-16,CNC/UNH,0.0,0.0,0.0,11,0.2807212220818471,0.0
2020-04-16,ABBV/MRK,0.0,0.0,0.0,11,0.1856538038305444,0.0
2020-04-16,ADBE/NOW,0.0,0.0,0.0,11,0.2236222770921311,0.0
2020-04-16,MS/STT,-0.0,-0.0,0.0,11,0.3100026969954771,-0.0
2020-04-17,CNC/UNH,-0.0,-0.0,0.0,11,0.2807212220818471,-0.0
2020-04-17,ABBV/MRK,-0.0,-0.0,0.0,11,0.1856538038305444,-0.0
2020-04-17,ADBE/NOW,-0.0,-0.0,0.0,11,0.2236222770921311,-0.0
2020-04-17,MS/STT,0.0,0.0,0.0,11,0.3100026969954771,0.0
2020-04-20,CNC/UNH,-0.0,-0.0,0.0,11,0.2807212220818471,-0.0
2020-04-20,ABBV/MRK,-0.0,-0.0,0.0,11,0.1856538038305444,-0.0
2020-04-20,ADBE/NOW,-0.0,-0.0,0.0,11,0.2236222770921311,-0.0
2020-04-20,MS/STT,-0.0,-0.0,0.0,11,0.3100026969954771,-0.0
2020-04-21,CNC/UNH,-0.0,-0.0,0.0,11,0.2807212220818471,-0.0
2020-04-21,ABBV/MRK,-0.0,-0.0,0.0,11,0.1856538038305444,-0.0
2020-04-21,ADBE/NOW,-0.0,-0.0,0.0,11,0.2236222770921311,-0.0
2020-04-21,MS/STT,-0.0,-0.0,0.0,11,0.3100026969954771,-0.0
2020-04-22,CNC/UNH,-0.0,-0.0,0.0,11,0.2807212220818471,-0.0
2020-04-22,ABBV/MRK,0.0,0.0,0.0,11,0.1856538038305444,0.0
2020-04-22,ADBE/NOW,-0.0,-0.0,0.0,11,0.2236222770921311,-0.0
2020-04-22,MS/STT,0.0,0.0,0.0,11,0.3100026969954771,0.0
2020-04-23,CNC/UNH,0.0,0.0,0.0,11,0.2807212220818471,0.0
2020-04-23,ABBV/MRK,0.0,0.0,0.0,11,0.1856538038305444,0.0
2020-04-23,ADBE/NOW,0.0,0.0,0.0,11,0.2236222770921311,0.0
2020-04-23,MS/STT,-0.0,-0.0,0.0,11,0.3100026969954771,-0.0
2020-04-24,CNC/UNH,0.0,0.0,0.0,11,0.2807212220818471,0.0
2020-04-24,ABBV/MRK,-0.0,-0.0,0.0,11,0.1856538038305444,-0.0
2020-04-24,ADBE/NOW,0.0,0.0,0.0,11,0.2236222770921311,0.0
2020-04-24,MS/STT,0.0,0.0,0.0,11,0.3100026969954771,0.0
2020-04-27,CNC/UNH,0.0,0.0,0.0,11,0.2807212220818471,0.0
2020-04-27,ABBV/MRK,0.0,0.0,0.0,11,0.1856538038305444,0.0
2020-04-27,ADBE/NOW,0.0,0.0,0.0,11,0.2236222770921311,0.0
2020-04-27,MS/STT,-0.0,-0.0,0.0,11,0.3100026969954771,-0.0
2020-04-28,CNC/UNH,0.0,0.0,0.0,11,0.2807212220818471,0.0
2020-04-28,ABBV/MRK,-0.0,-0.0,0.0,11,0.1856538038305444,-0.0
2020-04-28,ADBE/NOW,-0.0,-0.0,0.0,11,0.2236222770921311,-0.0
2020-04-28,MS/STT,0.0,0.0,0.0,11,0.3100026969954771,0.0
2020-04-29,CNC/UNH,0.0,0.0,0.0,11,0.2807212220818471,0.0
2020-04-29,ABBV/MRK,-0.0,-0.0,0.0,11,0.1856538038305444,-0.0
2020-04-29,ADBE/NOW,-0.0,-0.0,0.0,11,0.2236222770921311,-0.0
2020-04-29,MS/STT,0.0,0.0,0.0,11,0.3100026969954771,0.0
2020-04-30,CNC/UNH,0.0,0.0,0.0,11,0.2807212220818471,0.0
2020-04-30,ABBV/MRK,-0.0,-0.0,0.0,11,0.1856538038305444,-0.0
2020-04-30,ADBE/NOW,-0.0,-0.0,0.0,11,0.2236222770921311,-0.0
2020-04-30,MS/STT,-0.0,-0.0,0.0,11,0.3100026969954771,-0.0
2020-05-01,CNC/UNH,-0.0,-0.0,0.0,11,0.2807212220818471,-0.0
2020-05-01,ABBV/MRK,-0.0,-0.0,0.0,11,0.1856538038305444,-0.0
2020-05-01,ADBE/NOW,-0.0,-0.0,0.0,11,0.2236222770921311,-0.0
2020-05-01,MS/STT,0.0,0.0,0.0,11,0.3100026969954771,0.0
2020-05-04,CNC/UNH,0.0,0.0,0.0,11,0.2807212220818471,0.0
2020-05-04,ABBV/MRK,-0.0,-0.0,0.0,11,0.1856538038305444,-0.0
2020-05-04,ADBE/NOW,-0.0,-0.0,0.0,11,0.2236222770921311,-0.0
2020-05-04,MS/STT,0.0,0.0,0.0,11,0.3100026969954771,0.0
2020-05-05,CNC/UNH,-0.0,-0.0,0.0,11,0.2807212220818471,-0.0
2020-05-05,ABBV/MRK,-0.0,-0.0,0.0,11,0.1856538038305444,-0.0
2020-05-05,ADBE/NOW,-0.0,-0.0,0.0,11,0.2236222770921311,-0.0
2020-05-05,MS/STT,0.0,0.0,0.0,11,0.3100026969954771,0.0
2020-05-06,CNC/UNH,0.0,0.0,0.0,11,0.2807212220818471,0.0
2020-05-06,ABBV/MRK,-0.0,-0.0,0.0,11,0.1856538038305444,-0.0
2020-05-06,ADBE/NOW,0.0,0.0,0.0,11,0.2236222770921311,0.0
2020-05-06,MS/STT,0.0,0.0,0.0,11,0.3100026969954771,0.0
2020-05-07,CNC/UNH,-0.0,-0.0,0.0,11,0.2807212220818471,-0.0
2020-05-07,ABBV/MRK,-0.0,-0.0,0.0,11,0.1856538038305444,-0.0
2020-05-07,ADBE/NOW,-0.0,-0.0,0.0,11,0.2236222770921311,-0.0
2020-05-07,MS/STT,0.0,0.0,0.0,11,0.3100026969954771,0.0
2020-05-08,CNC/UNH,-0.0,-0.0,0.0,11,0.2807212220818471,-0.0
2020-05-08,ABBV/MRK,0.0,0.0,0.0,11,0.1856538038305444,0.0
2020-05-08,ADBE/NOW,0.0,0.0,0.0,11,0.2236222770921311,0.0
2020-05-08,MS/STT,0.0,0.0,0.0,11,0.3100026969954771,0.0
2020-05-11,CNC/UNH,-0.0,-0.0,0.0,11,0.2807212220818471,-0.0
2020-05-11,ABBV/MRK,0.0,0.0,0.0,11,0.1856538038305444,0.0
2020-05-11,ADBE/NOW,0.0,0.0,0.0,11,0.2236222770921311,0.0
2020-05-11,MS/STT,0.0,0.0,0.0,11,0.3100026969954771,0.0
2020-05-12,CNC/UNH,0.0,0.0,0.0,11,0.2807212220818471,0.0
2020-05-12,ABBV/MRK,-0.0,-0.0,0.0,11,0.1856538038305444,-0.0
2020-05-12,ADBE/NOW,0.0,0.0,0.0,11,0.2236222770921311,0.0
2020-05-12,MS/STT,-0.0,-0.0,0.0,11,0.3100026969954771,-0.0
2020-05-13,CNC/UNH,-0.0,-0.0,0.0,11,0.2807212220818471,-0.0
2020-05-13,ABBV/MRK,0.0,0.0,0.0,11,0.1856538038305444,0.0
2020-05-13,ADBE/NOW,-0.0,-0.0,0.0,11,0.2236222770921311,-0.0
2020-05-13,MS/STT,0.0,0.0,0.0,11,0.3100026969954771,0.0
2020-05-14,CNC/UNH,0.0,0.0,0.0,11,0.2807212220818471,0.0
2020-05-14,ABBV/MRK,0.0,0.0,0.0,11,0.1856538038305444,0.0
2020-05-14,ADBE/NOW,-0.0,-0.0,0.0,11,0.2236222770921311,-0.0
2020-05-14,MS/STT,0.0,0.0,0.0,11,0.3100026969954771,0.0
2020-05-15,CNC/UNH,-0.0,-0.0,0.0,11,0.2807212220818471,-0.0
2020-05-15,ABBV/MRK,-0.0,-0.0,0.0,11,0.1856538038305444,-0.0
2020-05-15,ADBE/NOW,0.0,0.0,0.0,11,0.2236222770921311,0.0
2020-05-15,MS/STT,-0.0,-0.0,0.0,11,0.3100026969954771,-0.0
2020-05-18,CNC/UNH,0.0,0.0,0.0,11,0.2807212220818471,0.0
2020-05-18,ABBV/MRK,-0.0,-0.0,0.0,11,0.1856538038305444,-0.0
2020-05-18,ADBE/NOW,0.0,0.0,0.0,11,0.2236222770921311,0.0
2020-05-18,MS/STT,0.0,0.0,0.0,11,0.3100026969954771,0.0
2020-05-19,CNC/UNH,-0.0,-0.0,0.0,11,0.2807212220818471,-0.0
2020-05-19,ABBV/MRK,-0.0,-0.0,0.0,11,0.1856538038305444,-0.0
2020-05-19,ADBE/NOW,-0.0,-0.0,0.0,11,0.2236222770921311,-0.0
2020-05-19,MS/STT,-0.0,-0.0,0.0,11,0.3100026969954771,-0.0
2020-05-20,CNC/UNH,0.0,0.0,0.0,11,0.2807212220818471,0.0
2020-05-20,ABBV/MRK,-0.0,-0.0,0.0,11,0.1856538038305444,-0.0
2020-05-20,ADBE/NOW,0.0,0.0,0.0,11,0.2236222770921311,0.0
2020-05-20,MS/STT,0.0,0.0,0.0,11,0.3100026969954771,0.0
2020-05-21,CNC/UNH,-0.0,-0.0,0.0,11,0.2807212220818471,-0.0
2020-05-21,ABBV/MRK,-0.0,-0.0,0.0,11,0.1856538038305444,-0.0
2020-05-21,ADBE/NOW,0.0,0.0,0.0,11,0.2236222770921311,0.0
2020-05-21,MS/STT,-0.0,-0.0,0.0,11,0.3100026969954771,-0.0
2020-05-22,CNC/UNH,0.0,0.0,0.0,11,0.2807212220818471,0.0
2020-05-22,ABBV/MRK,0.0,0.0,0.0,11,0.1856538038305444,0.0
2020-05-22,ADBE/NOW,0.0,0.0,0.0,11,0.2236222770921311,0.0
2020-05-22,MS/STT,0.0,0.0,0.0,11,0.3100026969954771,0.0
2020-05-26,CNC/UNH,0.0,0.0,0.0,11,0.2807212220818471,0.0
2020-05-26,ABBV/MRK,0.0,0.0,0.0,11,0.1856538038305444,0.0
2020-05-26,ADBE/NOW,-0.0,-0.0,0.0,11,0.2236222770921311,-0.0
2020-05-26,MS/STT,0.0,0.0,0.0,11,0.3100026969954771,0.0
2020-05-27,CNC/UNH,0.0,0.0,0.0,11,0.2807212220818471,0.0
2020-05-27,ABBV/MRK,0.0,0.0,0.0,11,0.1856538038305444,0.0
2020-05-27,ADBE/NOW,0.0,0.0,0.0,11,0.2236222770921311,0.0
2020-05-27,MS/STT,0.0,0.0,0.0,11,0.3100026969954771,0.0
2020-05-28,CNC/UNH,-0.0,-0.0,0.0,11,0.2807212220818471,-0.0
2020-05-28,ABBV/MRK,0.0,0.0,0.0,11,0.1856538038305444,0.0
2020-05-28,ADBE/NOW,0.0,0.0,0.0,11,0.2236222770921311,0.0
2020-05-28,MS/STT,0.0154868684735015,0.0164868684735015,1.0,11,0.3100026969954771,0.0048009709947996
2020-05-29,CNC/UNH,0.0,0.0,0.0,11,0.2807212220818471,0.0
2020-05-29,ABBV/MRK,0.0,0.0,0.0,11,0.1856538038305444,0.0
2020-05-29,ADBE/NOW,0.0,0.0,0.0,11,0.2236222770921311,0.0
2020-05-29,MS/STT,-0.0080653022031797,-0.0080653022031797,0.0,11,0.3100026969954771,-0.0025002654350692
2020-06-01,CNC/UNH,0.0,0.0,0.0,11,0.2807212220818471,0.0
2020-06-01,ABBV/MRK,-0.0,-0.0,0.0,11,0.1856538038305444,-0.0
2020-06-01,ADBE/NOW,0.0,0.0,0.0,11,0.2236222770921311,0.0
2020-06-01,MS/STT,0.0037373480474739,0.0037373480474739,0.0,11,0.3100026969954771,0.0011585879743276
2020-06-02,CNC/UNH,-0.0,-0.0,0.0,11,0.2807212220818471,-0.0
2020-06-02,ABBV/MRK,0.0,0.0,0.0,11,0.1856538038305444,0.0
2020-06-02,ADBE/NOW,-0.0,-0.0,0.0,11,0.2236222770921311,-0.0
2020-06-02,MS/STT,-0.0077433514807251,-0.0077433514807251,0.0,11,0.3100026969954771,-0.0024004598428087
2020-06-03,CNC/UNH,0.0,0.0,0.0,11,0.2807212220818471,0.0
2020-06-03,ABBV/MRK,0.0,0.0,0.0,11,0.1856538038305444,0.0
2020-06-03,ADBE/NOW,0.0,0.0,0.0,11,0.2236222770921311,0.0
2020-06-03,MS/STT,0.0054531583169474,0.0054531583169474,0.0,11,0.3100026969954771,0.001690493785397
2020-06-04,CNC/UNH,-0.0,-0.0,0.0,11,0.2807212220818471,-0.0
2020-06-04,ABBV/MRK,-0.0,-0.0,0.0,11,0.1856538038305444,-0.0
2020-06-04,ADBE/NOW,0.0,0.0,0.0,11,0.2236222770921311,0.0
2020-06-04,MS/STT,-0.0001825804363868,-0.0001825804363868,0.0,11,0.3100026969954771,-5.660042769851915e-05
2020-06-05,CNC/UNH,0.0,0.0,0.0,11,0.2807212220818471,0.0
2020-06-05,ABBV/MRK,0.0,0.0,0.0,11,0.1856538038305444,0.0
2020-06-05,ADBE/NOW,-0.0,-0.0,0.0,11,0.2236222770921311,-0.0
2020-06-05,MS/STT,0.0010696581584624,0.0010696581584624,0.0,11,0.3100026969954771,0.0003315969139865
2020-06-08,CNC/UNH,-0.0,-0.0,0.0,11,0.2807212220818471,-0.0
2020-06-08,ABBV/MRK,0.0,0.0,0.0,11,0.1856538038305444,0.0
2020-06-08,ADBE/NOW,0.0,0.0,0.0,11,0.2236222770921311,0.0
2020-06-08,MS/STT,-0.0049214218866745,-0.0049214218866745,0.0,11,0.3100026969954771,-0.0015256540579216
2020-06-09,CNC/UNH,0.0,0.0,0.0,11,0.2807212220818471,0.0
2020-06-09,ABBV/MRK,-0.0,-0.0,0.0,11,0.1856538038305444,-0.0
2020-06-09,ADBE/NOW,-0.0,-0.0,0.0,11,0.2236222770921311,-0.0
2020-06-09,MS/STT,-0.0062052640517696,-0.0062052640517696,0.0,11,0.3100026969954771,-0.0019236485916176
2020-06-10,CNC/UNH,0.0,0.0,0.0,11,0.2807212220818471,0.0
2020-06-10,ABBV/MRK,-0.0,-0.0,0.0,11,0.1856538038305444,-0.0
2020-06-10,ADBE/NOW,0.0,0.0,0.0,11,0.2236222770921311,0.0
2020-06-10,MS/STT,-0.0083863844814937,-0.0083863844814937,0.0,11,0.3100026969954771,-0.002599801807304
2020-06-11,CNC/UNH,-0.0,-0.0,0.0,11,0.2807212220818471,-0.0
2020-06-11,ABBV/MRK,-0.0,-0.0,0.0,11,0.1856538038305444,-0.0
2020-06-11,ADBE/NOW,-0.0,-0.0,0.0,11,0.2236222770921311,-0.0
2020-06-11,MS/STT,0.0135389473620936,0.0135389473620936,0.0,11,0.3100026969954771,0.0041971101967288
2020-06-12,CNC/UNH,-0.0098416504462591,-0.0088416504462591,1.0,11,0.2807212220818471,-0.0027627601405762
2020-06-12,ABBV/MRK,-0.0058029610867374,-0.0048029610867374,1.0,11,0.1856538038305444,-0.0010773417992334
2020-06-12,ADBE/NOW,0.0,0.0,0.0,11,0.2236222770921311,0.0
2020-06-12,MS/STT,-0.0069211020036474,-0.0069211020036474,0.0,11,0.3100026969954771,-0.0021455602873114
2020-06-15,CNC/UNH,0.0020239294933641,0.0020239294933641,0.0,11,0.2807212220818471,0.0005681599607846
2020-06-15,ABBV/MRK,-0.02385539264682,-0.02385539264682,0.0,11,0.1856538038305444,-0.0044288443867533
2020-06-15,ADBE/NOW,-0.0,-0.0,0.0,11,0.2236222770921311,-0.0
2020-06-15,MS/STT,-0.0167709369830959,-0.0167709369830959,0.0,11,0.3100026969954771,-0.0051990356959009
2020-06-16,CNC/UNH,-0.0006381786558238,-0.0006381786558238,0.0,11,0.2807212220818471,-0.0001791502921694
2020-06-16,ABBV/MRK,0.0213197861527366,0.0213197861527366,0.0,11,0.1856538038305444,0.0039580993961093
2020-06-16,ADBE/NOW,0.0,0.0,0.0,11,0.2236222770921311,0.0
2020-06-16,MS/STT,-0.0021362609909974,-0.0021362609909974,0.0,11,0.3100026969954771,-0.0006622466686954
2020-06-17,CNC/UNH,0.0028130063360394,0.0028130063360394,0.0,11,0.2807212220818471,0.0007896705763769
2020-06-17,ABBV/MRK,-0.0057043830761365,-0.0057043830761365,0.0,11,0.1856538038305444,-0.0010590404165913
2020-06-17,ADBE/NOW,0.0,0.0,0.0,11,0.2236222770921311,0.0
2020-06-17,MS/STT,0.0018209050321564,0.0018209050321564,0.0,11,0.3100026969954771,0.0005644854709411
2020-06-18,CNC/UNH,-0.0049965898526837,-0.0049965898526837,0.0,11,0.2807212220818471,-0.0014026488096871
2020-06-18,ABBV/MRK,-0.0019950606238296,-0.0019950606238296,0.0,11,0.1856538038305444,-0.0003703905936865
2020-06-18,ADBE/NOW,0.0,0.0,0.0,11,0.2236222770921311,0.0
2020-06-18,MS/STT,0.0034295213192159,0.0034295213192159,0.0,11,0.3100026969954771,0.0010631608583604
2020-06-19,CNC/UNH,0.0002480843739617,0.0002480843739617,0.0,11,0.2807212220818471,6.964254863793839e-05
2020-06-19,ABBV/MRK,0.0151243530062345,0.0151243530062345,0.0,11,0.1856538038305444,0.0028078936660833
2020-06-19,ADBE/NOW,0.0,0.0,0.0,11,0.2236222770921311,0.0
2020-06-19,MS/STT,0.021616820024648,0.021616820024648,0.0,11,0.3100026969954771,0.0067012725081067
2020-06-22,CNC/UNH,0.0101653817152995,0.0101653817152995,0.0,11,0.2807212220818471,0.0028536383780473
2020-06-22,ABBV/MRK,-0.012459833558317,-0.012459833558317,0.0,11,0.1856538038305444,-0.002313215495197
2020-06-22,ADBE/NOW,0.0,0.0,0.0,11,0.2236222770921311,0.0
2020-06-22,MS/STT,-0.0165259320365385,-0.0165259320365385,0.0,11,0.3100026969954771,-0.0051230835016908
2020-06-23,CNC/UNH,0.0053186552493451,0.0053186552493451,0.0,11,0.2807212220818471,0.0014930594014281
2020-06-23,ABBV/MRK,0.0034804357020677,0.0034804357020677,0.0,11,0.1856538038305444,0.0006461561270765
2020-06-23,ADBE/NOW,0.0,0.0,0.0,11,0.2236222770921311,0.0
2020-06-23,MS/STT,0.0005531108952061,0.0005531108952061,0.0,11,0.3100026969954771,0.0001714658692514
2020-06-24,CNC/UNH,-0.0039497143589721,-0.0039497143589721,0.0,11,0.2807212220818471,-0.0011087686417248
2020-06-24,ABBV/MRK,-0.006345722870943,-0.006345722870943,0.0,11,0.1856538038305444,-0.001178107589045
2020-06-24,ADBE/NOW,-0.0,-0.0,0.0,11,0.2236222770921311,-0.0
2020-06-24,MS/STT,-0.001,0.0,1.0,11,0.3100026969954771,-0.0003100026969954
2020-06-25,CNC/UNH,0.0040611894628459,0.0040611894628459,0.0,11,0.2807212220818471,0.001140062069116
2020-06-25,ABBV/MRK,0.0018903480521911,0.0018903480521911,0.0,11,0.1856538038305444,0.0003509503064529
2020-06-25,ADBE/NOW,-0.0,-0.0,0.0,11,0.2236222770921311,-0.0
2020-06-25,MS/STT,0.0,0.0,0.0,11,0.3100026969954771,0.0
2020-06-26,CNC/UNH,0.0056928211108066,0.0056928211108066,0.0,11,0.2807212220818471,0.0015980956993189
2020-06-26,ABBV/MRK,-0.0111473706788641,-0.0111473706788641,0.0,11,0.1856538038305444,-0.0020695517692401
2020-06-26,ADBE/NOW,-0.0,-0.0,0.0,11,0.2236222770921311,-0.0
2020-06-26,MS/STT,0.0,0.0,0.0,11,0.3100026969954771,0.0
2020-06-29,CNC/UNH,-0.0141731577634867,-0.0141731577634867,0.0,11,0.2807212220818471,-0.0039787061681248
2020-06-29,ABBV/MRK,0.0083926331006949,0.0083926331006949,0.0,11,0.1856538038305444,0.0015581242592981
2020-06-29,ADBE/NOW,0.0,0.0,0.0,11,0.2236222770921311,0.0
2020-06-29,MS/STT,-0.0,-0.0,0.0,11,0.3100026969954771,-0.0
2020-06-30,CNC/UNH,0.0039405944266681,0.0039405944266681,0.0,11,0.2807212220818471,0.0011062084831831
2020-06-30,ABBV/MRK,0.0072413668686208,0.0072413668686208,0.0,11,0.1856538038305444,0.0013443873040919
2020-06-30,ADBE/NOW,0.0,0.0,0.0,11,0.2236222770921311,0.0
2020-06-30,MS/STT,-0.0,-0.0,0.0,11,0.3100026969954771,-0.0
2020-07-01,CNC/UNH,-0.0068305958140681,-0.0068305958140681,0.0,11,0.2807212220818471,-0.0019174932044723
2020-07-01,ABBV/MRK,0.0051054970736753,0.0051054970736753,0.0,11,0.1856538038305444,0.0009478549521735
2020-07-01,ADBE/NOW,-0.0,-0.0,0.0,11,0.2236222770921311,-0.0
2020-07-01,MS/STT,0.0,0.0,0.0,11,0.3100026969954771,0.0
2020-07-02,CNC/UNH,-0.0060861610601179,-0.0060861610601179,0.0,11,0.2807212220818471,-0.0017085145705832
2020-07-02,ABBV/MRK,0.0069548007087999,0.0069548007087999,0.0,11,0.1856538038305444,0.001291185206472
2020-07-02,ADBE/NOW,0.0,0.0,0.0,11,0.2236222770921311,0.0
2020-07-02,MS/STT,-0.0,-0.0,0.0,11,0.3100026969954771,-0.0
2020-07-06,CNC/UNH,0.0081760556735674,0.0081760556735674,0.0,11,0.2807212220818471,0.002295192340493
2020-07-06,ABBV/MRK,0.0072022176156132,0.0072022176156132,0.0,11,0.1856538038305444,0.0013371190963539
2020-07-06,ADBE/NOW,0.0,0.0,0.0,11,0.2236222770921311,0.0
2020-07-06,MS/STT,0.0,0.0,0.0,11,0.3100026969954771,0.0
2020-07-07,AXP/MA,0.0,0.0,0.0,12,0.1889861819319254,0.0
2020-07-07,MCHP/NXPI,-0.0,-0.0,0.0,12,0.1309303710484549,-0.0
2020-07-07,QQQ/XLK,0.0,0.0,0.0,12,0.35,0.0
2020-07-07,NSC/UNP,0.0,0.0,0.0,12,0.3300834470196195,0.0
2020-07-08,AXP/MA,0.0,0.0,0.0,12,0.1889861819319254,0.0
2020-07-08,MCHP/NXPI,-0.0,-0.0,0.0,12,0.1309303710484549,-0.0
2020-07-08,QQQ/XLK,0.0002240745756076,0.0012240745756076,1.0,12,0.35,7.842610146266e-05
2020-07-08,NSC/UNP,-0.0,-0.0,0.0,12,0.3300834470196195,-0.0
2020-07-09,AXP/MA,-0.0,-0.0,0.0,12,0.1889861819319254,-0.0
2020-07-09,MCHP/NXPI,0.0,0.0,0.0,12,0.1309303710484549,0.0
2020-07-09,QQQ/XLK,-0.0025423409973459,-0.0025423409973459,0.0,12,0.35,-0.000889819349071
2020-07-09,NSC/UNP,0.0,0.0,0.0,12,0.3300834470196195,0.0
2020-07-10,AXP/MA,-0.0,-0.0,0.0,12,0.1889861819319254,-0.0
2020-07-10,MCHP/NXPI,-0.0,-0.0,0.0,12,0.1309303710484549,-0.0
2020-07-10,QQQ/XLK,-0.003627047624148,-0.003627047624148,0.0,12,0.35,-0.0012694666684518
2020-07-10,NSC/UNP,0.0,0.0,0.0,12,0.3300834470196195,0.0
2020-07-13,AXP/MA,-0.0,-0.0,0.0,12,0.1889861819319254,-0.0
2020-07-13,MCHP/NXPI,-0.0,-0.0,0.0,12,0.1309303710484549,-0.0
2020-07-13,QQQ/XLK,0.0003785727767784,0.0003785727767784,0.0,12,0.35,0.0001325004718724
2020-07-13,NSC/UNP,-0.0,-0.0,0.0,12,0.3300834470196195,-0.0
2020-07-14,AXP/MA,0.0,0.0,0.0,12,0.1889861819319254,0.0
2020-07-14,MCHP/NXPI,0.0,0.0,0.0,12,0.1309303710484549,0.0
2020-07-14,QQQ/XLK,0.0020204502965372,0.0020204502965372,0.0,12,0.35,0.000707157603788
2020-07-14,NSC/UNP,0.0,0.0,0.0,12,0.3300834470196195,0.0
2020-07-15,AXP/MA,0.0,0.0,0.0,12,0.1889861819319254,0.0
2020-07-15,MCHP/NXPI,-0.0,-0.0,0.0,12,0.1309303710484549,-0.0
2020-07-15,QQQ/XLK,0.0016096243709095,0.0016096243709095,0.0,12,0.35,0.0005633685298183
2020-07-15,NSC/UNP,-0.0,-0.0,0.0,12,0.3300834470196195,-0.0
2020-07-16,AXP/MA,-0.0,-0.0,0.0,12,0.1889861819319254,-0.0
2020-07-16,MCHP/NXPI,-0.0,-0.0,0.0,12,0.1309303710484549,-0.0
2020-07-16,QQQ/XLK,-0.0025561179062431,-0.0025561179062431,0.0,12,0.35,-0.000894641267185
2020-07-16,NSC/UNP,0.0,0.0,0.0,12,0.3300834470196195,0.0
2020-07-17,AXP/MA,0.0,0.0,0.0,12,0.1889861819319254,0.0
2020-07-17,MCHP/NXPI,-0.0,-0.0,0.0,12,0.1309303710484549,-0.0
2020-07-17,QQQ/XLK,0.0018005588009603,0.0018005588009603,0.0,12,0.35,0.0006301955803361
2020-07-17,NSC/UNP,0.0,0.0,0.0,12,0.3300834470196195,0.0
2020-07-20,AXP/MA,0.0,0.0,0.0,12,0.1889861819319254,0.0
2020-07-20,MCHP/NXPI,0.0,0.0,0.0,12,0.1309303710484549,0.0
2020-07-20,QQQ/XLK,-0.001998573376535,-0.001998573376535,0.0,12,0.35,-0.0006995006817872
2020-07-20,NSC/UNP,-0.0,-0.0,0.0,12,0.3300834470196195,-0.0
2020-07-21,AXP/MA,0.0175041638162087,0.0185041638162087,1.0,12,0.1889861819319254,0.0033080450875362
2020-07-21,MCHP/NXPI,-0.0,-0.0,0.0,12,0.1309303710484549,-0.0
2020-07-21,QQQ/XLK,0.0004116661169334,0.0004116661169334,0.0,12,0.35,0.0001440831409266
2020-07-21,NSC/UNP,0.0,0.0,0.0,12,0.3300834470196195,0.0
2020-07-22,AXP/MA,-0.009989608408626,-0.009989608408626,0.0,12,0.1889861819319254,-0.0018878979521412
2020-07-22,MCHP/NXPI,-0.0,-0.0,0.0,12,0.1309303710484549,-0.0
2020-07-22,QQQ/XLK,0.0021247739180507,0.0021247739180507,0.0,12,0.35,0.0007436708713177
2020-07-22,NSC/UNP,-0.0,-0.0,0.0,12,0.3300834470196195,-0.0
2020-07-23,AXP/MA,0.0069951258792201,0.0069951258792201,0.0,12,0.1889861819319254,0.001321982132047
2020-07-23,MCHP/NXPI,-0.0,-0.0,0.0,12,0.1309303710484549,-0.0
2020-07-23,QQQ/XLK,0.0006395663416546,0.0006395663416546,0.0,12,0.35,0.0002238482195791
2020-07-23,NSC/UNP,-0.0,-0.0,0.0,12,0.3300834470196195,-0.0
2020-07-24,AXP/MA,-0.000225848040142,-0.000225848040142,0.0,12,0.1889861819319254,-4.268215880324482e-05
2020-07-24,MCHP/NXPI,0.0,0.0,0.0,12,0.1309303710484549,0.0
2020-07-24,QQQ/XLK,-0.0010728872443288,-0.0010728872443288,0.0,12,0.35,-0.000375510535515
2020-07-24,NSC/UNP,0.0024417194169584,0.0034417194169584,1.0,12,0.3300834470196195,0.0008059711618043
2020-07-27,AXP/MA,-0.0016484224581206,-0.0016484224581206,0.0,12,0.1889861819319254,-0.000311529066571
2020-07-27,MCHP/NXPI,-0.0,-0.0,0.0,12,0.1309303710484549,-0.0
2020-07-27,QQQ/XLK,-0.0013992148789386,-0.0013992148789386,0.0,12,0.35,-0.0004897252076285
2020-07-27,NSC/UNP,-0.0048556962759663,-0.0048556962759663,0.0,12,0.3300834470196195,-0.0016027849644512
2020-07-28,AXP/MA,-0.0012385897784855,-0.0012385897784855,0.0,12,0.1889861819319254,-0.0002340763532158
2020-07-28,MCHP/NXPI,0.0,0.0,0.0,12,0.1309303710484549,0.0
2020-07-28,QQQ/XLK,0.0007793304988841,0.0007793304988841,0.0,12,0.35,0.0002727656746094
2020-07-28,NSC/UNP,0.0039631096779507,0.0039631096779507,0.0,12,0.3300834470196195,0.0013081569034147
2020-07-29,AXP/MA,0.0044501719980968,0.0044501719980968,0.0,12,0.1889861819319254,0.0008410210148606
2020-07-29,MCHP/NXPI,-0.0,-0.0,0.0,12,0.1309303710484549,-0.0
2020-07-29,QQQ/XLK,0.0011978701254956,0.0011978701254956,0.0,12,0.35,0.0004192545439234
2020-07-29,NSC/UNP,-0.0075356503813109,-0.0075356503813109,0.0,12,0.3300834470196195,-0.0024873934533978
2020-07-30,AXP/MA,-0.008279122442266,-0.008279122442266,0.0,12,0.1889861819319254,-0.0015646397401107
2020-07-30,MCHP/NXPI,0.0,0.0,0.0,12,0.1309303710484549,0.0
2020-07-30,QQQ/XLK,6.368239015585839e-05,6.368239015585839e-05,0.0,12,0.35,2.2288836554550435e-05
2020-07-30,NSC/UNP,-0.0067958785195668,-0.0067958785195668,0.0,12,0.3300834470196195,-0.0022432070072651
2020-07-31,AXP/MA,-0.0050093073054303,-0.0050093073054303,0.0,12,0.1889861819319254,-0.0009466898617769
2020-07-31,MCHP/NXPI,-0.0,-0.0,0.0,12,0.1309303710484549,-0.0
2020-07-31,QQQ/XLK,0.0030911162187608,0.0030911162187608,0.0,12,0.35,0.0010818906765662
2020-07-31,NSC/UNP,-0.0061952109773554,-0.0061952109773554,0.0,12,0.3300834470196195,-0.0020449365944192
2020-08-03,AXP/MA,-0.0066492210764186,-0.0066492210764186,0.0,12,0.1889861819319254,-0.0012566109040536
2020-08-03,MCHP/NXPI,0.0,0.0,0.0,12,0.1309303710484549,0.0
2020-08-03,QQQ/XLK,0.0051324957895024,0.0051324957895024,0.0,12,0.35,0.0017963735263258
2020-08-03,NSC/UNP,-4.115735435547396e-05,-4.115735435547396e-05,0.0,12,0.3300834470196195,-1.3585361395862796e-05
2020-08-04,AXP/MA,-0.0049112521075257,-0.0049112521075257,0.0,12,0.1889861819319254,-0.0009281587843064
2020-08-04,MCHP/NXPI,0.0,0.0,0.0,12,0.1309303710484549,0.0
2020-08-04,QQQ/XLK,-0.001,0.0,1.0,12,0.35,-0.00035
2020-08-04,NSC/UNP,0.0006747081971838,0.0006747081971838,0.0,12,0.3300834470196195,0.0002227100074588
2020-08-05,AXP/MA,-0.0151663560571889,-0.0151663560571889,0.0,12,0.1889861819319254,-0.0028662317250682
2020-08-05,MCHP/NXPI,-0.0,-0.0,0.0,12,0.1309303710484549,-0.0
2020-08-05,QQQ/XLK,-0.0,-0.0,0.0,12,0.35,-0.0
2020-08-05,NSC/UNP,0.0104823872906519,0.0104823872906519,0.0,12,0.3300834470196195,0.003460062529893
2020-08-06,AXP/MA,-0.0014289000993389,-0.0014289000993389,0.0,12,0.1889861819319254,-0.0002700423741362
2020-08-06,MCHP/NXPI,-0.0066893536150892,-0.0056893536150892,1.0,12,0.1309303710484549,-0.0008758395508979
2020-08-06,QQQ/XLK,-0.0,-0.0,0.0,12,0.35,-0.0
2020-08-06,NSC/UNP,-0.0018718307239629,-0.0018718307239629,0.0,12,0.3300834470196195,-0.0006178603376029
2020-08-07,AXP/MA,0.0179864121304566,0.0179864121304566,0.0,12,0.1889861819319254,0.003399183355189
2020-08-07,MCHP/NXPI,0.0050436718350794,0.0050436718350794,0.0,12,0.1309303710484549,0.0006603698248135
2020-08-07,QQQ/XLK,0.0,0.0,0.0,12,0.35,0.0
2020-08-07,NSC/UNP,0.0028087188287797,0.0028087188287797,0.0,12,0.3300834470196195,0.0009271115927125
2020-08-10,AXP/MA,0.0195270301486475,0.0195270301486475,0.0,12,0.1889861819319254,0.0036903388722624
2020-08-10,MCHP/NXPI,0.0047925495723466,0.0047925495723466,0.0,12,0.1309303710484549,0.0006274902937754
2020-08-10,QQQ/XLK,-0.0,-0.0,0.0,12,0.35,-0.0
2020-08-10,NSC/UNP,-0.0006295062916158,-0.0006295062916158,0.0,12,0.3300834470196195,-0.000207789606657
2020-08-11,AXP/MA,-0.0033959530165052,-0.0033959530165052,0.0,12,0.1889861819319254,-0.0006417881946095
2020-08-11,MCHP/NXPI,0.0023354154531626,0.0023354154531626,0.0,12,0.1309303710484549,0.0003057768118348
2020-08-11,QQQ/XLK,-0.0,-0.0,0.0,12,0.35,-0.0
2020-08-11,NSC/UNP,0.0068448903289944,0.0068448903289944,0.0,12,0.3300834470196195,0.0022593849942657
2020-08-12,AXP/MA,-0.0047967416026835,-0.0047967416026835,0.0,12,0.1889861819319254,-0.0009065178812051
2020-08-12,MCHP/NXPI,-0.0049750615174262,-0.0049750615174262,0.0,12,0.1309303710484549,-0.0006513866504655
2020-08-12,QQQ/XLK,0.0,0.0,0.0,12,0.35,0.0
2020-08-12,NSC/UNP,0.0069623172128856,0.0069623172128856,0.0,12,0.3300834470196195,0.0022981456648733
2020-08-13,AXP/MA,-0.0026313339843461,-0.0026313339843461,0.0,12,0.1889861819319254,-0.0004972857630892
2020-08-13,MCHP/NXPI,-0.0006033509188168,-0.0006033509188168,0.0,12,0.1309303710484549,-7.899695967310986e-05
2020-08-13,QQQ/XLK,0.0,0.0,0.0,12,0.35,0.0
2020-08-13,NSC/UNP,-0.0050096250141837,-0.0050096250141837,0.0,12,0.3300834470196195,-0.0016535942929574
2020-08-14,AXP/MA,-0.0011288141010461,-0.0011288141010461,0.0,12,0.1889861819319254,-0.0002133302670676
2020-08-14,MCHP/NXPI,-0.0031901987680775,-0.0031901987680775,0.0,12,0.1309303710484549,-0.0004176939084227
2020-08-14,QQQ/XLK,-0.0,-0.0,0.0,12,0.35,-0.0
2020-08-14,NSC/UNP,0.0014531934863621,0.0014531934863621,0.0,12,0.3300834470196195,0.0004796751151648
2020-08-17,AXP/MA,-0.001,0.0,1.0,12,0.1889861819319254,-0.0001889861819319
2020-08-17,MCHP/NXPI,0.011334328081538,0.011334328081538,0.0,12,0.1309303710484549,0.0014840077813006
2020-08-17,QQQ/XLK,0.0,0.0,0.0,12,0.35,0.0
2020-08-17,NSC/UNP,0.0017834184720296,0.0017834184720296,0.0,12,0.3300834470196195,0.0005886769167259
2020-08-18,AXP/MA,0.0,0.0,0.0,12,0.1889861819319254,0.0
2020-08-18,MCHP/NXPI,0.0230585109384234,0.0230585109384234,0.0,12,0.1309303710484549,0.0030190593929926
2020-08-18,QQQ/XLK,0.0,0.0,0.0,12,0.35,0.0
2020-08-18,NSC/UNP,-0.0046042332934157,-0.0046042332934157,0.0,12,0.3300834470196195,-0.0015197811963731
2020-08-19,AXP/MA,0.0,0.0,0.0,12,0.1889861819319254,0.0
2020-08-19,MCHP/NXPI,0.0062405032063481,0.0062405032063481,0.0,12,0.1309303710484549,0.0008170714003362
2020-08-19,QQQ/XLK,0.0018530136973625,0.0028530136973625,1.0,12,0.35,0.0006485547940768
2020-08-19,NSC/UNP,0.0027519746031389,0.0027519746031389,0.0,12,0.3300834470196195,0.0009083812631145
2020-08-20,AXP/MA,0.0,0.0,0.0,12,0.1889861819319254,0.0
2020-08-20,MCHP/NXPI,-0.0063879782737138,-0.0063879782737138,0.0,12,0.1309303710484549,-0.0008363803656268
2020-08-20,QQQ/XLK,-0.0006128483838916,-0.0006128483838916,0.0,12,0.35,-0.000214496934362
2020-08-20,NSC/UNP,-0.001,-0.0,1.0,12,0.3300834470196195,-0.0003300834470196
2020-08-21,AXP/MA,0.0,0.0,0.0,12,0.1889861819319254,0.0
2020-08-21,MCHP/NXPI,0.0157783733178595,0.0157783733178595,0.0,12,0.1309303710484549,0.0020658682730483
2020-08-21,QQQ/XLK,0.0026494563700455,0.0026494563700455,0.0,12,0.35,0.0009273097295159
2020-08-21,NSC/UNP,-0.0,-0.0,0.0,12,0.3300834470196195,-0.0
2020-08-24,AXP/MA,-0.0,-0.0,0.0,12,0.1889861819319254,-0.0
2020-08-24,MCHP/NXPI,-0.0109646965883907,-0.0109646965883907,0.0,12,0.1309303710484549,-0.0014356117927517
2020-08-24,QQQ/XLK,0.0010183342679664,0.0010183342679664,0.0,12,0.35,0.0003564169937882
2020-08-24,NSC/UNP,-0.0,-0.0,0.0,12,0.3300834470196195,-0.0
2020-08-25,AXP/MA,0.0,0.0,0.0,12,0.1889861819319254,0.0
2020-08-25,MCHP/NXPI,-0.0045045980877078,-0.0045045980877078,0.0,12,0.1309303710484549,-0.0005897886990477
2020-08-25,QQQ/XLK,-0.0015704944916953,-0.0015704944916953,0.0,12,0.35,-0.0005496730720933
2020-08-25,NSC/UNP,0.0,0.0,0.0,12,0.3300834470196195,0.0
2020-08-26,AXP/MA,0.0,0.0,0.0,12,0.1889861819319254,0.0
2020-08-26,MCHP/NXPI,-0.0077525821566,-0.0077525821566,0.0,12,0.1309303710484549,-0.0010150484583472
2020-08-26,QQQ/XLK,-0.0010279819858891,-0.0010279819858891,0.0,12,0.35,-0.0003597936950611
2020-08-26,NSC/UNP,-0.0,-0.0,0.0,12,0.3300834470196195,-0.0
2020-08-27,AXP/MA,-0.0,-0.0,0.0,12,0.1889861819319254,-0.0
2020-08-27,MCHP/NXPI,0.0040122461017108,0.0040122461017108,0.0,12,0.1309303710484549,0.0005253248708347
2020-08-27,QQQ/XLK,0.0019966765292559,0.0019966765292559,0.0,12,0.35,0.0006988367852395
2020-08-27,NSC/UNP,0.0,0.0,0.0,12,0.3300834470196195,0.0
2020-08-28,AXP/MA,0.0,0.0,0.0,12,0.1889861819319254,0.0
2020-08-28,MCHP/NXPI,0.0119565491229318,0.0119565491229318,0.0,12,0.1309303710484549,0.0015654754131245
2020-08-28,QQQ/XLK,0.0016663809393158,0.0016663809393158,0.0,12,0.35,0.0005832333287605
2020-08-28,NSC/UNP,0.0,0.0,0.0,12,0.3300834470196195,0.0
2020-08-31,AXP/MA,-0.0,-0.0,0.0,12,0.1889861819319254,-0.0
2020-08-31,MCHP/NXPI,0.0010074529360896,0.0010074529360896,0.0,12,0.1309303710484549,0.000131906186736
2020-08-31,QQQ/XLK,-0.0025755275958134,-0.0025755275958134,0.0,12,0.35,-0.0009014346585346
2020-08-31,NSC/UNP,-0.0,-0.0,0.0,12,0.3300834470196195,-0.0
2020-09-01,AXP/MA,-0.0,-0.0,0.0,12,0.1889861819319254,-0.0
2020-09-01,MCHP/NXPI,0.0047975763110228,0.0047975763110228,0.0,12,0.1309303710484549,0.0006281484465354
2020-09-01,QQQ/XLK,0.0005480298044021,0.0005480298044021,0.0,12,0.35,0.0001918104315407
2020-09-01,NSC/UNP,0.0,0.0,0.0,12,0.3300834470196195,0.0
2020-09-02,AXP/MA,-0.0,-0.0,0.0,12,0.1889861819319254,-0.0
2020-09-02,MCHP/NXPI,-0.001,-0.0,1.0,12,0.1309303710484549,-0.0001309303710484
2020-09-02,QQQ/XLK,-0.0005187378457332,-0.0005187378457332,0.0,12,0.35,-0.0001815582460066
2020-09-02,NSC/UNP,0.0,0.0,0.0,12,0.3300834470196195,0.0
2020-09-03,AXP/MA,-0.0,-0.0,0.0,12,0.1889861819319254,-0.0
2020-09-03,MCHP/NXPI,-0.0,-0.0,0.0,12,0.1309303710484549,-0.0
2020-09-03,QQQ/XLK,-0.0017923842730366,-0.0017923842730366,0.0,12,0.35,-0.0006273344955628
2020-09-03,NSC/UNP,-0.0,-0.0,0.0,12,0.3300834470196195,-0.0
2020-09-04,AXP/MA,-0.0207404766607014,-0.0197404766607014,1.0,12,0.1889861819319254,-0.0039196634955541
2020-09-04,MCHP/NXPI,-0.0,-0.0,0.0,12,0.1309303710484549,-0.0
2020-09-04,QQQ/XLK,3.5830254048926624e-05,3.5830254048926624e-05,0.0,12,0.35,1.2540588917124318e-05
2020-09-04,NSC/UNP,0.0,0.0,0.0,12,0.3300834470196195,0.0
2020-09-08,AXP/MA,-0.0009746584739669,-0.0009746584739669,0.0,12,0.1889861819319254,-0.0001841969836826
2020-09-08,MCHP/NXPI,-0.0,-0.0,0.0,12,0.1309303710484549,-0.0
2020-09-08,QQQ/XLK,0.0026040068899783,0.0026040068899783,0.0,12,0.35,0.0009114024114924
2020-09-08,NSC/UNP,-0.0,-0.0,0.0,12,0.3300834470196195,-0.0
2020-09-09,AXP/MA,0.0167849391868202,0.0167849391868202,0.0,12,0.1889861819319254,0.0031721215708767
2020-09-09,MCHP/NXPI,-0.0,-0.0,0.0,12,0.1309303710484549,-0.0
2020-09-09,QQQ/XLK,0.0008503922130701,0.0008503922130701,0.0,12,0.35,0.0002976372745745
2020-09-09,NSC/UNP,0.0,0.0,0.0,12,0.3300834470196195,0.0
2020-09-10,AXP/MA,-0.0075239027060203,-0.0075239027060203,0.0,12,0.1889861819319254,-0.001421913645638
2020-09-10,MCHP/NXPI,-0.0015949748321272,-0.0005949748321272,1.0,12,0.1309303710484549,-0.0002088306465833
2020-09-10,QQQ/XLK,-0.0007889652126908,-0.0007889652126908,0.0,12,0.35,-0.0002761378244417
2020-09-10,NSC/UNP,-0.0,-0.0,0.0,12,0.3300834470196195,-0.0
2020-09-11,AXP/MA,-0.007174422917306,-0.007174422917306,0.0,12,0.1889861819319254,-0.0013558667947065
2020-09-11,MCHP/NXPI,-0.0053796338083692,-0.0053796338083692,0.0,12,0.1309303710484549,-0.0007043574506345
2020-09-11,QQQ/XLK,-0.0001681545147769,-0.0001681545147769,0.0,12,0.35,-5.8854080171915e-05
2020-09-11,NSC/UNP,-0.0,-0.0,0.0,12,0.3300834470196195,-0.0
2020-09-14,AXP/MA,-0.0008488903296496,-0.0008488903296496,0.0,12,0.1889861819319254,-0.0001604285422794
2020-09-14,MCHP/NXPI,0.0036619243340377,0.0036619243340377,0.0,12,0.1309303710484549,0.0004794571118069
2020-09-14,QQQ/XLK,0.0013004416830157,0.0013004416830157,0.0,12,0.35,0.0004551545890554
2020-09-14,NSC/UNP,0.0,0.0,0.0,12,0.3300834470196195,0.0
2020-09-15,AXP/MA,0.0032206519584714,0.0032206519584714,0.0,12,0.1889861819319254,0.000608658716963
2020-09-15,MCHP/NXPI,0.0016984752912626,0.0016984752912626,0.0,12,0.1309303710484549,0.0002223820001016
2020-09-15,QQQ/XLK,-0.0024482173996441,-0.0024482173996441,0.0,12,0.35,-0.0008568760898754
2020-09-15,NSC/UNP,0.0,0.0,0.0,12,0.3300834470196195,0.0
2020-09-16,AXP/MA,0.0073960612017445,0.0073960612017445,0.0,12,0.1889861819319254,0.0013977533678525
2020-09-16,MCHP/NXPI,-0.0043571933139799,-0.0043571933139799,0.0,12,0.1309303710484549,-0.0005704889373292
2020-09-16,QQQ/XLK,-0.001,-0.0,1.0,12,0.35,-0.00035
2020-09-16,NSC/UNP,-0.0,-0.0,0.0,12,0.3300834470196195,-0.0
2020-09-17,AXP/MA,0.0010563337457447,0.0010563337457447,0.0,12,0.1889861819319254,0.0001996324814541
2020-09-17,MCHP/NXPI,0.0025765790816814,0.0025765790816814,0.0,12,0.1309303710484549,0.0003373524552002
2020-09-17,QQQ/XLK,-0.0,-0.0,0.0,12,0.35,-0.0
2020-09-17,NSC/UNP,-0.0,-0.0,0.0,12,0.3300834470196195,-0.0
2020-09-18,AXP/MA,-0.0023096173365635,-0.0023096173365635,0.0,12,0.1889861819319254,-0.0004364857621609
2020-09-18,MCHP/NXPI,-0.0056845759648984,-0.0056845759648984,0.0,12,0.1309303710484549,-0.0007442836403372
2020-09-18,QQQ/XLK,0.0008577988241535,0.0018577988241535,1.0,12,0.35,0.0003002295884537
2020-09-18,NSC/UNP,-0.0,-0.0,0.0,12,0.3300834470196195,-0.0
2020-09-21,AXP/MA,0.0083359635047328,0.0083359635047328,0.0,12,0.1889861819319254,0.0015753819154833
2020-09-21,MCHP/NXPI,0.0005719778124616,0.0005719778124616,0.0,12,0.1309303710484549,7.48892672170809e-05
2020-09-21,QQQ/XLK,-0.0028221322780161,-0.0028221322780161,0.0,12,0.35,-0.0009877462973056
2020-09-21,NSC/UNP,-0.0,-0.0,0.0,12,0.3300834470196195,-0.0
2020-09-22,AXP/MA,0.0119603512545575,0.0119603512545575,0.0,12,0.1889861819319254,0.0022603411181635
2020-09-22,MCHP/NXPI,-0.0006731005366943,-0.0006731005366943,0.0,12,0.1309303710484549,-8.812930302229889e-05
2020-09-22,QQQ/XLK,0.0018117033844435,0.0018117033844435,0.0,12,0.35,0.0006340961845552
2020-09-22,NSC/UNP,0.0,0.0,0.0,12,0.3300834470196195,0.0
2020-09-23,AXP/MA,-0.0063935980103798,-0.0063935980103798,0.0,12,0.1889861819319254,-0.0012083016767892
2020-09-23,MCHP/NXPI,0.0009229139583079,0.0009229139583079,0.0,12,0.1309303710484549,0.000120837467007
2020-09-23,QQQ/XLK,-0.0004689710867033,-0.0004689710867033,0.0,12,0.35,-0.0001641398803461
2020-09-23,NSC/UNP,-0.0,-0.0,0.0,12,0.3300834470196195,-0.0
2020-09-24,AXP/MA,0.0070936234999426,0.0070936234999426,0.0,12,0.1889861819319254,0.0013405968213167
2020-09-24,MCHP/NXPI,0.0034377930744265,0.0034377930744265,0.0,12,0.1309303710484549,0.0004501115228224
2020-09-24,QQQ/XLK,-0.0003424668524387,-0.0003424668524387,0.0,12,0.35,-0.0001198633983535
2020-09-24,NSC/UNP,0.0,0.0,0.0,12,0.3300834470196195,0.0
2020-09-25,AXP/MA,0.0028052220899265,0.0028052220899265,0.0,12,0.1889861819319254,0.0005301482122463
2020-09-25,MCHP/NXPI,0.0049617906450097,0.0049617906450097,0.0,12,0.1309303710484549,0.0006496490902158
2020-09-25,QQQ/XLK,0.0002740389161262,0.0002740389161262,0.0,12,0.35,9.591362064417e-05
2020-09-25,NSC/UNP,-0.0,-0.0,0.0,12,0.3300834470196195,-0.0
2020-09-28,AXP/MA,0.0005174240187891,0.0005174240187891,0.0,12,0.1889861819319254,9.778598975082488e-05
2020-09-28,MCHP/NXPI,0.0073505086706795,0.0073505086706795,0.0,12,0.1309303710484549,0.0009624048276469
2020-09-28,QQQ/XLK,0.0013280016607372,0.0013280016607372,0.0,12,0.35,0.000464800581258
2020-09-28,NSC/UNP,-0.0,-0.0,0.0,12,0.3300834470196195,-0.0
2020-09-29,AXP/MA,0.0008030987204837,0.0008030987204837,0.0,12,0.1889861819319254,0.0001517745608986
2020-09-29,MCHP/NXPI,0.0007400858795349,0.0007400858795349,0.0,12,0.1309303710484549,9.689971881522662e-05
2020-09-29,QQQ/XLK,-0.0006752200123918,-0.0006752200123918,0.0,12,0.35,-0.0002363270043371
2020-09-29,NSC/UNP,0.0,0.0,0.0,12,0.3300834470196195,0.0
2020-09-30,AXP/MA,-0.0073250577761128,-0.0073250577761128,0.0,12,0.1889861819319254,-0.0013843347015383
2020-09-30,MCHP/NXPI,-0.0053397943680414,-0.0053397943680414,0.0,12,0.1309303710484549,-0.0006991412579301
2020-09-30,QQQ/XLK,-0.0005733080531285,-0.0005733080531285,0.0,12,0.35,-0.0002006578185949
2020-09-30,NSC/UNP,0.0,0.0,0.0,12,0.3300834470196195,0.0
2020-10-01,AXP/MA,0.004459464067024,0.004459464067024,0.0,12,0.1889861819319254,0.0008427770874894
2020-10-01,MCHP/NXPI,0.0014181017815414,0.0014181017815414,0.0,12,0.1309303710484549,0.0001856725924416
2020-10-01,QQQ/XLK,0.0030023850079378,0.0030023850079378,0.0,12,0.35,0.0010508347527782
2020-10-01,NSC/UNP,-0.0,-0.0,0.0,12,0.3300834470196195,-0.0
2020-10-02,AXP/MA,-0.001,-0.0,1.0,12,0.1889861819319254,-0.0001889861819319
2020-10-02,MCHP/NXPI,-0.0050019905816808,-0.0050019905816808,0.0,12,0.1309303710484549,-0.0006549124828403
2020-10-02,QQQ/XLK,-0.0020591650382033,-0.0020591650382033,0.0,12,0.35,-0.0007207077633711
2020-10-02,NSC/UNP,0.0,0.0,0.0,12,0.3300834470196195,0.0
2020-10-05,NOW/ORCL,0.0,0.0,0.0,13,0.1895755980961526,0.0
2020-10-05,ADSK/CRM,0.0,0.0,0.0,13,0.1104244019038473,0.0
2020-10-05,MA/V,-0.0,-0.0,0.0,13,0.35,-0.0
2020-10-05,ADI/AVGO,0.0,0.0,0.0,13,0.35,0.0
2020-10-06,NOW/ORCL,0.0,0.0,0.0,13,0.1895755980961526,0.0
2020-10-06,ADSK/CRM,-0.0,-0.0,0.0,13,0.1104244019038473,-0.0
2020-10-06,MA/V,-0.0,-0.0,0.0,13,0.35,-0.0
2020-10-06,ADI/AVGO,0.0,0.0,0.0,13,0.35,0.0
2020-10-07,NOW/ORCL,0.0,0.0,0.0,13,0.1895755980961526,0.0
2020-10-07,ADSK/CRM,0.0,0.0,0.0,13,0.1104244019038473,0.0
2020-10-07,MA/V,-0.0,-0.0,0.0,13,0.35,-0.0
2020-10-07,ADI/AVGO,-0.0,-0.0,0.0,13,0.35,-0.0
2020-10-08,NOW/ORCL,0.0,0.0,0.0,13,0.1895755980961526,0.0
2020-10-08,ADSK/CRM,-0.0,-0.0,0.0,13,0.1104244019038473,-0.0
2020-10-08,MA/V,-0.0,-0.0,0.0,13,0.35,-0.0
2020-10-08,ADI/AVGO,0.0,0.0,0.0,13,0.35,0.0
2020-10-09,NOW/ORCL,-0.0,-0.0,0.0,13,0.1895755980961526,-0.0
2020-10-09,ADSK/CRM,0.0,0.0,0.0,13,0.1104244019038473,0.0
2020-10-09,MA/V,0.0,0.0,0.0,13,0.35,0.0
2020-10-09,ADI/AVGO,-0.0,-0.0,0.0,13,0.35,-0.0
2020-10-12,NOW/ORCL,0.0,0.0,0.0,13,0.1895755980961526,0.0
2020-10-12,ADSK/CRM,-0.0,-0.0,0.0,13,0.1104244019038473,-0.0
2020-10-12,MA/V,-0.0,-0.0,0.0,13,0.35,-0.0
2020-10-12,ADI/AVGO,-0.0,-0.0,0.0,13,0.35,-0.0
2020-10-13,NOW/ORCL,-0.0,-0.0,0.0,13,0.1895755980961526,-0.0
2020-10-13,ADSK/CRM,-0.0,-0.0,0.0,13,0.1104244019038473,-0.0
2020-10-13,MA/V,0.0,0.0,0.0,13,0.35,0.0
2020-10-13,ADI/AVGO,0.0,0.0,0.0,13,0.35,0.0
2020-10-14,NOW/ORCL,0.0,0.0,0.0,13,0.1895755980961526,0.0
2020-10-14,ADSK/CRM,-0.0,-0.0,0.0,13,0.1104244019038473,-0.0
2020-10-14,MA/V,-0.0,-0.0,0.0,13,0.35,-0.0
2020-10-14,ADI/AVGO,0.0,0.0,0.0,13,0.35,0.0
2020-10-15,NOW/ORCL,-0.0,-0.0,0.0,13,0.1895755980961526,-0.0
2020-10-15,ADSK/CRM,-0.0191540110615133,-0.0181540110615133,1.0,13,0.1104244019038473,-0.0021150702155272
2020-10-15,MA/V,-0.0,-0.0,0.0,13,0.35,-0.0
2020-10-15,ADI/AVGO,-0.0,-0.0,0.0,13,0.35,-0.0
2020-10-16,NOW/ORCL,-0.0,-0.0,0.0,13,0.1895755980961526,-0.0
2020-10-16,ADSK/CRM,-0.0111479065324965,-0.0111479065324965,0.0,13,0.1104244019038473,-0.0012310009113309
2020-10-16,MA/V,0.0,0.0,0.0,13,0.35,0.0
2020-10-16,ADI/AVGO,-0.0,-0.0,0.0,13,0.35,-0.0
2020-10-19,NOW/ORCL,-0.0,-0.0,0.0,13,0.1895755980961526,-0.0
2020-10-19,ADSK/CRM,-0.0080107532265239,-0.0080107532265239,0.0,13,0.1104244019038473,-0.0008845826338382
2020-10-19,MA/V,0.0,0.0,0.0,13,0.35,0.0
2020-10-19,ADI/AVGO,-0.0,-0.0,0.0,13,0.35,-0.0
2020-10-20,NOW/ORCL,0.0,0.0,0.0,13,0.1895755980961526,0.0
2020-10-20,ADSK/CRM,0.0063211498816792,0.0063211498816792,0.0,13,0.1104244019038473,0.000698009195029
2020-10-20,MA/V,0.0,0.0,0.0,13,0.35,0.0
2020-10-20,ADI/AVGO,-0.0,-0.0,0.0,13,0.35,-0.0
2020-10-21,NOW/ORCL,0.0,0.0,0.0,13,0.1895755980961526,0.0
2020-10-21,ADSK/CRM,0.0012848595531945,0.0012848595531945,0.0,13,0.1104244019038473,0.0001418798476919
2020-10-21,MA/V,-0.0,-0.0,0.0,13,0.35,-0.0
2020-10-21,ADI/AVGO,-0.0,-0.0,0.0,13,0.35,-0.0
2020-10-22,NOW/ORCL,0.0,0.0,0.0,13,0.1895755980961526,0.0
2020-10-22,ADSK/CRM,-0.0085786834739877,-0.0085786834739877,0.0,13,0.1104244019038473,-0.0009472959917375
2020-10-22,MA/V,-0.0,-0.0,0.0,13,0.35,-0.0
2020-10-22,ADI/AVGO,0.0,0.0,0.0,13,0.35,0.0
2020-10-23,NOW/ORCL,-0.0,-0.0,0.0,13,0.1895755980961526,-0.0
2020-10-23,ADSK/CRM,-0.0006742969288108,-0.0006742969288108,0.0,13,0.1104244019038473,-7.445883506953373e-05
2020-10-23,MA/V,0.0,0.0,0.0,13,0.35,0.0
2020-10-23,ADI/AVGO,0.0,0.0,0.0,13,0.35,0.0
2020-10-26,NOW/ORCL,-0.0,-0.0,0.0,13,0.1895755980961526,-0.0
2020-10-26,ADSK/CRM,-0.0116572467523434,-0.0116572467523434,0.0,13,0.1104244019038473,-0.001287244500473
2020-10-26,MA/V,-0.0027147140223761,-0.0017147140223761,1.0,13,0.35,-0.0009501499078316
2020-10-26,ADI/AVGO,-0.0,-0.0,0.0,13,0.35,-0.0
2020-10-27,NOW/ORCL,-0.0056685045974989,-0.0046685045974989,1.0,13,0.1895755980961526,-0.0010746101493816
2020-10-27,ADSK/CRM,0.017935120564275,0.017935120564275,0.0,13,0.1104244019038473,0.0019804749613834
2020-10-27,MA/V,0.0073339856056029,0.0073339856056029,0.0,13,0.35,0.002566894961961
2020-10-27,ADI/AVGO,-0.0,-0.0,0.0,13,0.35,-0.0
2020-10-28,NOW/ORCL,-0.0129162519831789,-0.0129162519831789,0.0,13,0.1895755980961526,-0.0024486061948717
2020-10-28,ADSK/CRM,-0.0068783733013555,-0.0068783733013555,0.0,13,0.1104244019038473,-0.0007595402578735
2020-10-28,MA/V,-0.0091897739674652,-0.0091897739674652,0.0,13,0.35,-0.0032164208886128
2020-10-28,ADI/AVGO,-0.0,-0.0,0.0,13,0.35,-0.0
2020-10-29,NOW/ORCL,-0.0065367328300272,-0.0065367328300272,0.0,13,0.1895755980961526,-0.0012392050358471
2020-10-29,ADSK/CRM,-0.0121764786760131,-0.0121764786760131,0.0,13,0.1104244019038473,-0.0013445803750936
2020-10-29,MA/V,-0.0095576490054518,-0.0095576490054518,0.0,13,0.35,-0.0033451771519081
2020-10-29,ADI/AVGO,0.0,0.0,0.0,13,0.35,0.0
2020-10-30,NOW/ORCL,0.0070133406670719,0.0070133406670719,0.0,13,0.1895755980961526,0.0013295582516122
2020-10-30,ADSK/CRM,0.0001161844615327,0.0001161844615327,0.0,13,0.1104244019038473,1.2829599675268956e-05
2020-10-30,MA/V,0.0026402417331202,0.0026402417331202,0.0,13,0.35,0.000924084606592
2020-10-30,ADI/AVGO,-0.0,-0.0,0.0,13,0.35,-0.0
2020-11-02,NOW/ORCL,0.0144843042391297,0.0144843042391297,0.0,13,0.1895755980961526,0.0027458706391396
2020-11-02,ADSK/CRM,-0.0085502606339056,-0.0085502606339056,0.0,13,0.1104244019038473,-0.000944157416621
2020-11-02,MA/V,-0.0072343138423125,-0.0072343138423125,0.0,13,0.35,-0.0025320098448093
2020-11-02,ADI/AVGO,0.0,0.0,0.0,13,0.35,0.0
2020-11-03,NOW/ORCL,0.0028741716843119,0.0028741716843119,0.0,13,0.1895755980961526,0.0005448728160844
2020-11-03,ADSK/CRM,-0.0008846285240312,-0.0008846285240312,0.0,13,0.1104244019038473,-9.768457567322852e-05
2020-11-03,MA/V,-0.0025443408884727,-0.0025443408884727,0.0,13,0.35,-0.0008905193109654
2020-11-03,ADI/AVGO,-0.0,-0.0,0.0,13,0.35,-0.0
2020-11-04,NOW/ORCL,-0.0200430379852496,-0.0200430379852496,0.0,13,0.1895755980961526,-0.0037996709137176
2020-11-04,ADSK/CRM,0.0380050994168377,0.0380050994168377,0.0,13,0.1104244019038473,0.0041966903724005
2020-11-04,MA/V,0.0011426348932588,0.0011426348932588,0.0,13,0.35,0.0003999222126405
2020-11-04,ADI/AVGO,-0.0,-0.0,0.0,13,0.35,-0.0
2020-11-05,NOW/ORCL,-0.0053396167167822,-0.0053396167167822,0.0,13,0.1895755980961526,-0.0010122610326882
2020-11-05,ADSK/CRM,0.0056946617517387,0.0056946617517387,0.0,13,0.1104244019038473,0.0006288296179804
2020-11-05,MA/V,0.0029893546946982,0.0029893546946982,0.0,13,0.35,0.0010462741431443
2020-11-05,ADI/AVGO,0.0,0.0,0.0,13,0.35,0.0
2020-11-06,NOW/ORCL,0.0001919444002657,0.0001919444002657,0.0,13,0.1895755980961526,3.638797448157741e-05
2020-11-06,ADSK/CRM,-0.005756836485626,-0.005756836485626,0.0,13,0.1104244019038473,-0.0006356952257834
2020-11-06,MA/V,-0.0063908318820535,-0.0063908318820535,0.0,13,0.35,-0.0022367911587187
2020-11-06,ADI/AVGO,-0.0,-0.0,0.0,13,0.35,-0.0
2020-11-09,NOW/ORCL,0.0143777318810702,0.0143777318810702,0.0,13,0.1895755980961526,0.00272566712062
2020-11-09,ADSK/CRM,-0.0070405982215119,-0.0070405982215119,0.0,13,0.1104244019038473,-0.0007774538476557
2020-11-09,MA/V,0.0040967622112114,0.0040967622112114,0.0,13,0.35,0.0014338667739239
2020-11-09,ADI/AVGO,-0.0,-0.0,0.0,13,0.35,-0.0
2020-11-10,NOW/ORCL,0.0068696600715877,0.0068696600715877,0.0,13,0.1895755980961526,0.0013023199167884
2020-11-10,ADSK/CRM,-0.0023169801429834,-0.0023169801429834,0.0,13,0.1104244019038473,-0.000255851146512
2020-11-10,MA/V,-0.0142690354466401,-0.0142690354466401,0.0,13,0.35,-0.004994162406324
2020-11-10,ADI/AVGO,-0.0155687755884899,-0.0145687755884899,1.0,13,0.35,-0.0054490714559714
2020-11-11,NOW/ORCL,-0.0029804215649898,-0.0029804215649898,0.0,13,0.1895755980961526,-0.0005650152007616
2020-11-11,ADSK/CRM,-0.001,0.0,1.0,13,0.1104244019038473,-0.0001104244019038
2020-11-11,MA/V,-0.00159800785229,-0.00159800785229,0.0,13,0.35,-0.0005593027483015
2020-11-11,ADI/AVGO,-0.001,0.0,1.0,13,0.35,-0.00035
2020-11-12,NOW/ORCL,-0.0130318498758143,-0.0130318498758143,0.0,13,0.1895755980961526,-0.0024705207345067
2020-11-12,ADSK/CRM,-0.0,-0.0,0.0,13,0.1104244019038473,-0.0
2020-11-12,MA/V,0.0052356216620429,0.0052356216620429,0.0,13,0.35,0.001832467581715
2020-11-12,ADI/AVGO,-0.0,-0.0,0.0,13,0.35,-0.0
2020-11-13,NOW/ORCL,0.0071062600878256,0.0071062600878256,0.0,13,0.1895755980961526,0.0013471735063763
2020-11-13,ADSK/CRM,-0.0,-0.0,0.0,13,0.1104244019038473,-0.0
2020-11-13,MA/V,0.0032612477632778,0.0032612477632778,0.0,13,0.35,0.0011414367171472
2020-11-13,ADI/AVGO,0.0,0.0,0.0,13,0.35,0.0
2020-11-16,NOW/ORCL,0.0057920704719787,0.0057920704719787,0.0,13,0.1895755980961526,0.0010980352239404
2020-11-16,ADSK/CRM,0.0,0.0,0.0,13,0.1104244019038473,0.0
2020-11-16,MA/V,-0.0052823570135796,-0.0052823570135796,0.0,13,0.35,-0.0018488249547528
2020-11-16,ADI/AVGO,0.0,0.0,0.0,13,0.35,0.0
2020-11-17,NOW/ORCL,-0.0052194647219255,-0.0052194647219255,0.0,13,0.1895755980961526,-0.0009894831464007
2020-11-17,ADSK/CRM,0.0,0.0,0.0,13,0.1104244019038473,0.0
2020-11-17,MA/V,0.0065770353478893,0.0065770353478893,0.0,13,0.35,0.0023019623717612
2020-11-17,ADI/AVGO,0.0,0.0,0.0,13,0.35,0.0
2020-11-18,NOW/ORCL,-0.0092278322829899,-0.0092278322829899,0.0,13,0.1895755980961526,-0.0017493718241787
2020-11-18,ADSK/CRM,0.0,0.0,0.0,13,0.1104244019038473,0.0
2020-11-18,MA/V,0.0068285005303361,0.0068285005303361,0.0,13,0.35,0.0023899751856176
2020-11-18,ADI/AVGO,0.0,0.0,0.0,13,0.35,0.0
2020-11-19,NOW/ORCL,-0.0004024755766254,-0.0004024755766254,0.0,13,0.1895755980961526,-7.629954815785413e-05
2020-11-19,ADSK/CRM,0.0,0.0,0.0,13,0.1104244019038473,0.0
2020-11-19,MA/V,-0.0020392484230256,-0.0020392484230256,0.0,13,0.35,-0.0007137369480589
2020-11-19,ADI/AVGO,0.0036323714618004,0.0046323714618004,1.0,13,0.35,0.0012713300116301
2020-11-20,NOW/ORCL,-0.0119449940388408,-0.0119449940388408,0.0,13,0.1895755980961526,-0.0022644793891682
2020-11-20,ADSK/CRM,-0.0,-0.0,0.0,13,0.1104244019038473,-0.0
2020-11-20,MA/V,-0.001,0.0,1.0,13,0.35,-0.00035
2020-11-20,ADI/AVGO,-0.0028584616278187,-0.0028584616278187,0.0,13,0.35,-0.0010004615697365
2020-11-23,NOW/ORCL,-0.001,0.0,1.0,13,0.1895755980961526,-0.0001895755980961
2020-11-23,ADSK/CRM,-0.0,-0.0,0.0,13,0.1104244019038473,-0.0
2020-11-23,MA/V,-0.0,-0.0,0.0,13,0.35,-0.0
2020-11-23,ADI/AVGO,0.0021031395212885,0.0021031395212885,0.0,13,0.35,0.0007360988324509
2020-11-24,NOW/ORCL,0.0,0.0,0.0,13,0.1895755980961526,0.0
2020-11-24,ADSK/CRM,0.0,0.0,0.0,13,0.1104244019038473,0.0
2020-11-24,MA/V,-0.0,-0.0,0.0,13,0.35,-0.0
2020-11-24,ADI/AVGO,-0.0079933077068152,-0.0079933077068152,0.0,13,0.35,-0.0027976576973853
2020-11-25,NOW/ORCL,-0.0,-0.0,0.0,13,0.1895755980961526,-0.0
2020-11-25,ADSK/CRM,-0.0,-0.0,0.0,13,0.1104244019038473,-0.0
2020-11-25,MA/V,0.0,0.0,0.0,13,0.35,0.0
2020-11-25,ADI/AVGO,-0.0011574905750595,-0.0011574905750595,0.0,13,0.35,-0.0004051217012708
2020-11-27,NOW/ORCL,0.0,0.0,0.0,13,0.1895755980961526,0.0
2020-11-27,ADSK/CRM,-0.0014129390968888,-0.0004129390968888,1.0,13,0.1104244019038473,-0.0001560229547005
2020-11-27,MA/V,0.0,0.0,0.0,13,0.35,0.0
2020-11-27,ADI/AVGO,0.0002359062875585,0.0002359062875585,0.0,13,0.35,8.256720064547499e-05
2020-11-30,NOW/ORCL,-0.0,-0.0,0.0,13,0.1895755980961526,-0.0
2020-11-30,ADSK/CRM,-0.0154165128196808,-0.0154165128196808,0.0,13,0.1104244019038473,-0.0017023592075562
2020-11-30,MA/V,0.0,0.0,0.0,13,0.35,0.0
2020-11-30,ADI/AVGO,-0.0047986883454933,-0.0047986883454933,0.0,13,0.35,-0.0016795409209226
2020-12-01,NOW/ORCL,0.0,0.0,0.0,13,0.1895755980961526,0.0
2020-12-01,ADSK/CRM,-0.009206451524698,-0.009206451524698,0.0,13,0.1104244019038473,-0.0010166169032715
2020-12-01,MA/V,-0.0,-0.0,0.0,13,0.35,-0.0
2020-12-01,ADI/AVGO,0.0013168971292305,0.0013168971292305,0.0,13,0.35,0.0004609139952306
2020-12-02,NOW/ORCL,0.0,0.0,0.0,13,0.1895755980961526,0.0
2020-12-02,ADSK/CRM,-0.048119128518087,-0.048119128518087,0.0,13,0.1104244019038473,-0.0053135259867441
2020-12-02,MA/V,-0.0,-0.0,0.0,13,0.35,-0.0
2020-12-02,ADI/AVGO,0.0009079502804368,0.0009079502804368,0.0,13,0.35,0.0003177825981528
2020-12-03,NOW/ORCL,0.0,0.0,0.0,13,0.1895755980961526,0.0
2020-12-03,ADSK/CRM,0.0001883510262713,0.0001883510262713,0.0,13,0.1104244019038473,2.0798549423984142e-05
2020-12-03,MA/V,0.0,0.0,0.0,13,0.35,0.0
2020-12-03,ADI/AVGO,0.0043741441944921,0.0043741441944921,0.0,13,0.35,0.0015309504680722
2020-12-04,NOW/ORCL,0.0,0.0,0.0,13,0.1895755980961526,0.0
2020-12-04,ADSK/CRM,0.0123572621230276,0.0123572621230276,0.0,13,0.1104244019038473,0.0013645432791043
2020-12-04,MA/V,0.0,0.0,0.0,13,0.35,0.0
2020-12-04,ADI/AVGO,-0.0025236615687071,-0.0025236615687071,0.0,13,0.35,-0.0008832815490474
2020-12-07,NOW/ORCL,-0.0,-0.0,0.0,13,0.1895755980961526,-0.0
2020-12-07,ADSK/CRM,0.0009439079835998,0.0009439079835998,0.0,13,0.1104244019038473,0.0001042304745412
2020-12-07,MA/V,0.0,0.0,0.0,13,0.35,0.0
2020-12-07,ADI/AVGO,-0.0130376299111065,-0.0130376299111065,0.0,13,0.35,-0.0045631704688872
2020-12-08,NOW/ORCL,-0.0,-0.0,0.0,13,0.1895755980961526,-0.0
2020-12-08,ADSK/CRM,-0.0046124049788075,-0.0046124049788075,0.0,13,0.1104244019038473,-0.0005093220611231
2020-12-08,MA/V,0.0,0.0,0.0,13,0.35,0.0
2020-12-08,ADI/AVGO,0.0043903849038233,0.0043903849038233,0.0,13,0.35,0.0015366347163381
2020-12-09,NOW/ORCL,0.0,0.0,0.0,13,0.1895755980961526,0.0
2020-12-09,ADSK/CRM,-0.0124819805877591,-0.0124819805877591,0.0,13,0.1104244019038473,-0.0013783152409787
2020-12-09,MA/V,-0.0,-0.0,0.0,13,0.35,-0.0
2020-12-09,ADI/AVGO,-0.0042838842606753,-0.0042838842606753,0.0,13,0.35,-0.0014993594912363
2020-12-10,NOW/ORCL,-0.0,-0.0,0.0,13,0.1895755980961526,-0.0
2020-12-10,ADSK/CRM,0.0040026198504827,0.0040026198504827,0.0,13,0.1104244019038473,0.000441986903038
2020-12-10,MA/V,0.0,0.0,0.0,13,0.35,0.0
2020-12-10,ADI/AVGO,0.0064861754162786,0.0064861754162786,0.0,13,0.35,0.0022701613956975
2020-12-11,NOW/ORCL,0.0,0.0,0.0,13,0.1895755980961526,0.0
2020-12-11,ADSK/CRM,0.0007129530742515,0.0007129530742515,0.0,13,0.1104244019038473,7.872741680973117e-05
2020-12-11,MA/V,0.0,0.0,0.0,13,0.35,0.0
2020-12-11,ADI/AVGO,0.0051905292195391,0.0051905292195391,0.0,13,0.35,0.0018166852268386
2020-12-14,NOW/ORCL,0.0,0.0,0.0,13,0.1895755980961526,0.0
2020-12-14,ADSK/CRM,-0.0153099732906289,-0.0153099732906289,0.0,13,0.1104244019038473,-0.0016905946437815
2020-12-14,MA/V,-0.0,-0.0,0.0,13,0.35,-0.0
2020-12-14,ADI/AVGO,-0.0042327009981752,-0.0042327009981752,0.0,13,0.35,-0.0014814453493613
2020-12-15,NOW/ORCL,0.0,0.0,0.0,13,0.1895755980961526,0.0
2020-12-15,ADSK/CRM,-0.0019855915257247,-0.0019855915257247,0.0,13,0.1104244019038473,-0.0002192577566534
2020-12-15,MA/V,-0.0,-0.0,0.0,13,0.35,-0.0
2020-12-15,ADI/AVGO,-0.0027610077898298,-0.0027610077898298,0.0,13,0.35,-0.0009663527264404
2020-12-16,NOW/ORCL,0.0,0.0,0.0,13,0.1895755980961526,0.0
2020-12-16,ADSK/CRM,0.0032599376189688,0.0032599376189688,0.0,13,0.1104244019038473,0.0003599766618184
2020-12-16,MA/V,0.0,0.0,0.0,13,0.35,0.0
2020-12-16,ADI/AVGO,-0.0128971427768127,-0.0128971427768127,0.0,13,0.35,-0.0045139999718844
2020-12-17,NOW/ORCL,0.0,0.0,0.0,13,0.1895755980961526,0.0
2020-12-17,ADSK/CRM,-0.00068849742996,-0.00068849742996,0.0,13,0.1104244019038473,-7.602691691566905e-05
2020-12-17,MA/V,0.0,0.0,0.0,13,0.35,0.0
2020-12-17,ADI/AVGO,-0.001,-0.0,1.0,13,0.35,-0.00035
2020-12-18,NOW/ORCL,0.0,0.0,0.0,13,0.1895755980961526,0.0
2020-12-18,ADSK/CRM,-0.0060067319176603,-0.0060067319176603,0.0,13,0.1104244019038473,-0.0006632897794043
2020-12-18,MA/V,-0.0,-0.0,0.0,13,0.35,-0.0
2020-12-18,ADI/AVGO,0.0,0.0,0.0,13,0.35,0.0
2020-12-21,NOW/ORCL,-0.0,-0.0,0.0,13,0.1895755980961526,-0.0
2020-12-21,ADSK/CRM,0.0027107984290272,0.0027107984290272,0.0,13,0.1104244019038473,0.0002993382952072
2020-12-21,MA/V,0.0,0.0,0.0,13,0.35,0.0
2020-12-21,ADI/AVGO,-0.0,-0.0,0.0,13,0.35,-0.0
2020-12-22,NOW/ORCL,0.0,0.0,0.0,13,0.1895755980961526,0.0
2020-12-22,ADSK/CRM,0.00876891704678,0.00876891704678,0.0,13,0.1104244019038473,0.0009683024202351
2020-12-22,MA/V,-0.0,-0.0,0.0,13,0.35,-0.0
2020-12-22,ADI/AVGO,-0.0,-0.0,0.0,13,0.35,-0.0
2020-12-23,NOW/ORCL,0.0,0.0,0.0,13,0.1895755980961526,0.0
2020-12-23,ADSK/CRM,-0.0051072341779287,-0.0051072341779287,0.0,13,0.1104244019038473,-0.0005639632794806
2020-12-23,MA/V,0.0,0.0,0.0,13,0.35,0.0
2020-12-23,ADI/AVGO,-0.0,-0.0,0.0,13,0.35,-0.0
2020-12-24,NOW/ORCL,-0.0,-0.0,0.0,13,0.1895755980961526,-0.0
2020-12-24,ADSK/CRM,-0.001,-0.0,1.0,13,0.1104244019038473,-0.0001104244019038
2020-12-24,MA/V,0.0,0.0,0.0,13,0.35,0.0
2020-12-24,ADI/AVGO,0.0,0.0,0.0,13,0.35,0.0
2020-12-28,NOW/ORCL,0.0,0.0,0.0,13,0.1895755980961526,0.0
2020-12-28,ADSK/CRM,-0.0,-0.0,0.0,13,0.1104244019038473,-0.0
2020-12-28,MA/V,-0.0,-0.0,0.0,13,0.35,-0.0
2020-12-28,ADI/AVGO,-0.0,-0.0,0.0,13,0.35,-0.0
2020-12-29,NOW/ORCL,-0.0,-0.0,0.0,13,0.1895755980961526,-0.0
2020-12-29,ADSK/CRM,-0.0,-0.0,0.0,13,0.1104244019038473,-0.0
2020-12-29,MA/V,0.0,0.0,0.0,13,0.35,0.0
2020-12-29,ADI/AVGO,-0.0,-0.0,0.0,13,0.35,-0.0
2020-12-30,NOW/ORCL,-0.0,-0.0,0.0,13,0.1895755980961526,-0.0
2020-12-30,ADSK/CRM,-0.0,-0.0,0.0,13,0.1104244019038473,-0.0
2020-12-30,MA/V,-0.0,-0.0,0.0,13,0.35,-0.0
2020-12-30,ADI/AVGO,-0.0,-0.0,0.0,13,0.35,-0.0
2020-12-31,NOW/ORCL,0.0,0.0,0.0,13,0.1895755980961526,0.0
2020-12-31,ADSK/CRM,-0.0,-0.0,0.0,13,0.1104244019038473,-0.0
2020-12-31,MA/V,-0.0,-0.0,0.0,13,0.35,-0.0
2020-12-31,ADI/AVGO,-0.0,-0.0,0.0,13,0.35,-0.0
2021-01-04,NOW/ORCL,-0.0,-0.0,0.0,13,0.1895755980961526,-0.0
2021-01-04,ADSK/CRM,0.0,0.0,0.0,13,0.1104244019038473,0.0
2021-01-04,MA/V,0.0,0.0,0.0,13,0.35,0.0
2021-01-04,ADI/AVGO,-0.0,-0.0,0.0,13,0.35,-0.0
2021-01-05,MCHP/NXPI,0.0,0.0,0.0,14,0.1483516499948117,0.0
2021-01-05,MA/V,-0.0,-0.0,0.0,14,0.2547002574106155,-0.0
2021-01-05,HUM/UNH,-0.0,-0.0,0.0,14,0.2469480925945728,-0.0
2021-01-05,EEM/IEMG,0.0,0.0,0.0,14,0.35,0.0
2021-01-06,MCHP/NXPI,0.0,0.0,0.0,14,0.1483516499948117,0.0
2021-01-06,MA/V,-0.0,-0.0,0.0,14,0.2547002574106155,-0.0
2021-01-06,HUM/UNH,-0.0,-0.0,0.0,14,0.2469480925945728,-0.0
2021-01-06,EEM/IEMG,-0.0,-0.0,0.0,14,0.35,-0.0
2021-01-07,MCHP/NXPI,0.0,0.0,0.0,14,0.1483516499948117,0.0
2021-01-07,MA/V,-0.0014341475277391,-0.0004341475277391,1.0,14,0.2547002574106155,-0.0003652777444799
2021-01-07,HUM/UNH,-0.0,-0.0,0.0,14,0.2469480925945728,-0.0
2021-01-07,EEM/IEMG,0.0,0.0,0.0,14,0.35,0.0
2021-01-08,MCHP/NXPI,-0.0,-0.0,0.0,14,0.1483516499948117,-0.0
2021-01-08,MA/V,-0.0008359159003962,-0.0008359159003962,0.0,14,0.2547002574106155,-0.0002129079950045
2021-01-08,HUM/UNH,0.0,0.0,0.0,14,0.2469480925945728,0.0
2021-01-08,EEM/IEMG,0.0,0.0,0.0,14,0.35,0.0
2021-01-11,MCHP/NXPI,0.0,0.0,0.0,14,0.1483516499948117,0.0
2021-01-11,MA/V,0.0005325599850174,0.0005325599850174,0.0,14,0.2547002574106155,0.0001356431652705
2021-01-11,HUM/UNH,-0.0,-0.0,0.0,14,0.2469480925945728,-0.0
2021-01-11,EEM/IEMG,-0.0,-0.0,0.0,14,0.35,-0.0
2021-01-12,MCHP/NXPI,-0.0,-0.0,0.0,14,0.1483516499948117,-0.0
2021-01-12,MA/V,-0.0037327561060225,-0.0037327561060225,0.0,14,0.2547002574106155,-0.0009507339410549
2021-01-12,HUM/UNH,0.0,0.0,0.0,14,0.2469480925945728,0.0
2021-01-12,EEM/IEMG,0.0,0.0,0.0,14,0.35,0.0
2021-01-13,MCHP/NXPI,0.0,0.0,0.0,14,0.1483516499948117,0.0
2021-01-13,MA/V,-0.0031311426300887,-0.0031311426300887,0.0,14,0.2547002574106155,-0.0007975028338729
2021-01-13,HUM/UNH,0.0,0.0,0.0,14,0.2469480925945728,0.0
2021-01-13,EEM/IEMG,0.0,0.0,0.0,14,0.35,0.0
2021-01-14,MCHP/NXPI,0.0,0.0,0.0,14,0.1483516499948117,0.0
2021-01-14,MA/V,0.0051109141658515,0.0051109141658515,0.0,14,0.2547002574106155,0.0013017511536459
2021-01-14,HUM/UNH,0.0,0.0,0.0,14,0.2469480925945728,0.0
2021-01-14,EEM/IEMG,0.0,0.0,0.0,14,0.35,0.0
2021-01-15,MCHP/NXPI,0.0,0.0,0.0,14,0.1483516499948117,0.0
2021-01-15,MA/V,0.0042580430936439,0.0042580430936439,0.0,14,0.2547002574106155,0.0010845246720165
2021-01-15,HUM/UNH,-0.0,-0.0,0.0,14,0.2469480925945728,-0.0
2021-01-15,EEM/IEMG,-0.0,-0.0,0.0,14,0.35,-0.0
2021-01-19,MCHP/NXPI,0.0,0.0,0.0,14,0.1483516499948117,0.0
2021-01-19,MA/V,-0.0034998224662743,-0.0034998224662743,0.0,14,0.2547002574106155,-0.0008914056830515
2021-01-19,HUM/UNH,0.0,0.0,0.0,14,0.2469480925945728,0.0
2021-01-19,EEM/IEMG,0.0,0.0,0.0,14,0.35,0.0
2021-01-20,MCHP/NXPI,0.0007098277856722,0.0017098277856722,1.0,14,0.1483516499948117,0.0001053041232166
2021-01-20,MA/V,-0.0002920354475935,-0.0002920354475935,0.0,14,0.2547002574106155,-7.438150367508877e-05
2021-01-20,HUM/UNH,-0.0,-0.0,0.0,14,0.2469480925945728,-0.0
2021-01-20,EEM/IEMG,0.0,0.0,0.0,14,0.35,0.0
2021-01-21,MCHP/NXPI,-0.0020914728310064,-0.0020914728310064,0.0,14,0.1483516499948117,-0.0003102734453991
2021-01-21,MA/V,-0.0017173697090463,-0.0017173697090463,0.0,14,0.2547002574106155,-0.0004374145069632
2021-01-21,HUM/UNH,0.0,0.0,0.0,14,0.2469480925945728,0.0
2021-01-21,EEM/IEMG,-0.0,-0.0,0.0,14,0.35,-0.0
2021-01-22,MCHP/NXPI,0.0042183030814538,0.0042183030814538,0.0,14,0.1483516499948117,0.0006257922223118
2021-01-22,MA/V,-0.001182136007709,-0.001182136007709,0.0,14,0.2547002574106155,-0.0003010903454578
2021-01-22,HUM/UNH,-0.0,-0.0,0.0,14,0.2469480925945728,-0.0
2021-01-22,EEM/IEMG,0.0,0.0,0.0,14,0.35,0.0
2021-01-25,MCHP/NXPI,0.0090900045196059,0.0090900045196059,0.0,14,0.1483516499948117,0.0013485171689438
2021-01-25,MA/V,-0.0031270464720386,-0.0031270464720386,0.0,14,0.2547002574106155,-0.0007964595413631
2021-01-25,HUM/UNH,0.0,0.0,0.0,14,0.2469480925945728,0.0
2021-01-25,EEM/IEMG,0.0,0.0,0.0,14,0.35,0.0
2021-01-26,MCHP/NXPI,0.0001436000352033,0.0001436000352033,0.0,14,0.1483516499948117,2.1303302161722603e-05
2021-01-26,MA/V,0.0048584469514457,0.0048584469514457,0.0,14,0.2547002574106155,0.001237447689149
2021-01-26,HUM/UNH,0.0,0.0,0.0,14,0.2469480925945728,0.0
2021-01-26,EEM/IEMG,-0.0,-0.0,0.0,14,0.35,-0.0
2021-01-27,MCHP/NXPI,0.0219379643320621,0.0219379643320621,0.0,14,0.1483516499948117,0.0032545332061887
2021-01-27,MA/V,-0.0027547934694684,-0.0027547934694684,0.0,14,0.2547002574106155,-0.0007016466057866
2021-01-27,HUM/UNH,0.0,0.0,0.0,14,0.2469480925945728,0.0
2021-01-27,EEM/IEMG,-0.0,-0.0,0.0,14,0.35,-0.0
2021-01-28,MCHP/NXPI,-0.0118758648629003,-0.0118758648629003,0.0,14,0.1483516499948117,-0.0017618041475266
2021-01-28,MA/V,-0.0031511385516576,-0.0031511385516576,0.0,14,0.2547002574106155,-0.0008025958002437
2021-01-28,HUM/UNH,-0.0,-0.0,0.0,14,0.2469480925945728,-0.0
2021-01-28,EEM/IEMG,-0.0,-0.0,0.0,14,0.35,-0.0
2021-01-29,MCHP/NXPI,-0.0009662522292204,-0.0009662522292204,0.0,14,0.1483516499948117,-0.000143345112516
2021-01-29,MA/V,-0.0029551882075908,-0.0029551882075908,0.0,14,0.2547002574106155,-0.0007526871971701
2021-01-29,HUM/UNH,-0.0,-0.0,0.0,14,0.2469480925945728,-0.0
2021-01-29,EEM/IEMG,0.0,0.0,0.0,14,0.35,0.0
2021-02-01,MCHP/NXPI,0.0074860473201595,0.0074860473201595,0.0,14,0.1483516499948117,0.0011105674718849
2021-02-01,MA/V,0.0072683887216066,0.0072683887216066,0.0,14,0.2547002574106155,0.0018512604783536
2021-02-01,HUM/UNH,0.0,0.0,0.0,14,0.2469480925945728,0.0
2021-02-01,EEM/IEMG,-0.0,-0.0,0.0,14,0.35,-0.0
2021-02-02,MCHP/NXPI,0.0089250114141437,0.0089250114141437,0.0,14,0.1483516499948117,0.0013240401695107
2021-02-02,MA/V,-0.0058374639961473,-0.0058374639961473,0.0,14,0.2547002574106155,-0.0014868035824439
2021-02-02,HUM/UNH,0.0,0.0,0.0,14,0.2469480925945728,0.0
2021-02-02,EEM/IEMG,-0.0,-0.0,0.0,14,0.35,-0.0
2021-02-03,MCHP/NXPI,0.007134346363987,0.007134346363987,0.0,14,0.1483516499948117,0.0010583920547319
2021-02-03,MA/V,-0.0013641152500283,-0.0013641152500283,0.0,14,0.2547002574106155,-0.0003474405053199
2021-02-03,HUM/UNH,0.0037970411491681,0.0047970411491681,1.0,14,0.2469480925945728,0.0009376720692901
2021-02-03,EEM/IEMG,-0.0,-0.0,0.0,14,0.35,-0.0
2021-02-04,MCHP/NXPI,0.0044071875450761,0.0044071875450761,0.0,14,0.1483516499948117,0.0006538135441486
2021-02-04,MA/V,-0.001,0.0,1.0,14,0.2547002574106155,-0.0002547002574106
2021-02-04,HUM/UNH,0.0201928760450252,0.0201928760450252,0.0,14,0.2469480925945728,0.0049865922233176
2021-02-04,EEM/IEMG,0.0,0.0,0.0,14,0.35,0.0
2021-02-05,MCHP/NXPI,-0.0050459395161286,-0.0050459395161286,0.0,14,0.1483516499948117,-0.0007485734529916
2021-02-05,MA/V,-0.0024443931474082,-0.0014443931474082,1.0,14,0.2547002574106155,-0.0006225875638576
2021-02-05,HUM/UNH,0.0016269301142858,0.0016269301142858,0.0,14,0.2469480925945728,0.0004017672885075
2021-02-05,EEM/IEMG,0.0,0.0,0.0,14,0.35,0.0
2021-02-08,MCHP/NXPI,-0.0107798197619718,-0.0107798197619718,0.0,14,0.1483516499948117,-0.0015992040483351
2021-02-08,MA/V,0.0027298225508597,0.0027298225508597,0.0,14,0.2547002574106155,0.0006952865063892
2021-02-08,HUM/UNH,-0.000812322222195,-0.000812322222195,0.0,14,0.2469480925945728,-0.0002006014233432
2021-02-08,EEM/IEMG,-0.0,-0.0,0.0,14,0.35,-0.0
2021-02-09,MCHP/NXPI,0.0012969504523391,0.0012969504523391,0.0,14,0.1483516499948117,0.000192404739566
2021-02-09,MA/V,-0.0037552491308802,-0.0037552491308802,0.0,14,0.2547002574106155,-0.0009564629202761
2021-02-09,HUM/UNH,-0.0042671930655475,-0.0042671930655475,0.0,14,0.2469480925945728,-0.0010537751882697
2021-02-09,EEM/IEMG,0.0,0.0,0.0,14,0.35,0.0
2021-02-10,MCHP/NXPI,0.0011180933461416,0.0011180933461416,0.0,14,0.1483516499948117,0.0001658709927483
2021-02-10,MA/V,0.0012440293641143,0.0012440293641143,0.0,14,0.2547002574106155,0.0003168545992662
2021-02-10,HUM/UNH,-0.0116819881505227,-0.0116819881505227,0.0,14,0.2469480925945728,-0.0028848446914839
2021-02-10,EEM/IEMG,0.0,0.0,0.0,14,0.35,0.0
2021-02-11,MCHP/NXPI,-0.006487424942863,-0.006487424942863,0.0,14,0.1483516499948117,-0.0009624201944912
2021-02-11,MA/V,-0.0006550672185939,-0.0006550672185939,0.0,14,0.2547002574106155,-0.0001668457891971
2021-02-11,HUM/UNH,0.0042505836861274,0.0042505836861274,0.0,14,0.2469480925945728,0.0010496735337027
2021-02-11,EEM/IEMG,0.0,0.0,0.0,14,0.35,0.0
2021-02-12,MCHP/NXPI,-0.0056643209676637,-0.0056643209676637,0.0,14,0.1483516499948117,-0.0008403113616531
2021-02-12,MA/V,-0.0005906768030078,-0.0005906768030078,0.0,14,0.2547002574106155,-0.0001504455337725
2021-02-12,HUM/UNH,0.007520659415625,0.007520659415625,0.0,14,0.2469480925945728,0.001857212497742
2021-02-12,EEM/IEMG,-0.0,-0.0,0.0,14,0.35,-0.0
2021-02-16,MCHP/NXPI,-0.0066498705488308,-0.0066498705488308,0.0,14,0.1483516499948117,-0.0009865192681709
2021-02-16,MA/V,0.0057107275172962,0.0057107275172962,0.0,14,0.2547002574106155,0.0014545237686572
2021-02-16,HUM/UNH,-0.0001079789109623,-0.0001079789109623,0.0,14,0.2469480925945728,-2.6665186102579188e-05
2021-02-16,EEM/IEMG,-0.0,-0.0,0.0,14,0.35,-0.0
2021-02-17,MCHP/NXPI,-0.001,0.0,1.0,14,0.1483516499948117,-0.0001483516499948
2021-02-17,MA/V,-0.004028682913955,-0.004028682913955,0.0,14,0.2547002574106155,-0.00102610657521
2021-02-17,HUM/UNH,-0.0011180102871661,-0.0011180102871661,0.0,14,0.2469480925945728,-0.0002760905079167
2021-02-17,EEM/IEMG,0.0,0.0,0.0,14,0.35,0.0
2021-02-18,MCHP/NXPI,0.0112540700324649,0.0122540700324649,1.0,14,0.1483516499948117,0.0016695598584733
2021-02-18,MA/V,-0.0034212208813742,-0.0034212208813742,0.0,14,0.2547002574106155,-0.0008713858391445
2021-02-18,HUM/UNH,-0.0017293833861101,-0.0017293833861101,0.0,14,0.2469480925945728,-0.0004270679285646
2021-02-18,EEM/IEMG,-0.0,-0.0,0.0,14,0.35,-0.0
2021-02-19,MCHP/NXPI,-0.007229083109594,-0.007229083109594,0.0,14,0.1483516499948117,-0.0010724464072578
2021-02-19,MA/V,0.0052576520363132,0.0052576520363132,0.0,14,0.2547002574106155,0.0013391253270244
2021-02-19,HUM/UNH,0.0049182098537847,0.0049182098537847,0.0,14,0.2469480925945728,0.0012145425423719
2021-02-19,EEM/IEMG,-0.0,-0.0,0.0,14,0.35,-0.0
2021-02-22,MCHP/NXPI,0.009342702279929,0.009342702279929,0.0,14,0.1483516499948117,0.0013860052986377
2021-02-22,MA/V,0.0003060812955379,0.0003060812955379,0.0,14,0.2547002574106155,7.795898476207782e-05
2021-02-22,HUM/UNH,-0.0018471158832604,-0.0018471158832604,0.0,14,0.2469480925945728,-0.0004561417441722
2021-02-22,EEM/IEMG,-0.0,-0.0,0.0,14,0.35,-0.0
2021-02-23,MCHP/NXPI,-0.0103580554527996,-0.0103580554527996,0.0,14,0.1483516499948117,-0.0015366346171605
2021-02-23,MA/V,0.002687411642683,0.002687411642683,0.0,14,0.2547002574106155,0.0006844844371596
2021-02-23,HUM/UNH,-0.0050533446881868,-0.0050533446881868,0.0,14,0.2469480925945728,-0.0012479138319706
2021-02-23,EEM/IEMG,-0.0,-0.0,0.0,14,0.35,-0.0
2021-02-24,MCHP/NXPI,0.0050126928032739,0.0050126928032739,0.0,14,0.1483516499948117,0.0007436412482828
2021-02-24,MA/V,0.0023465658849874,0.0023465658849874,0.0,14,0.2547002574106155,0.0005976709349372
2021-02-24,HUM/UNH,-0.001012501052146,-0.001012501052146,0.0,14,0.2469480925945728,-0.0002500352035774
2021-02-24,EEM/IEMG,-0.0,-0.0,0.0,14,0.35,-0.0
2021-02-25,MCHP/NXPI,0.0135734250588784,0.0135734250588784,0.0,14,0.1483516499948117,0.0020136400035655
2021-02-25,MA/V,-0.0010804486102869,-0.0010804486102869,0.0,14,0.2547002574106155,-0.000275190539159
2021-02-25,HUM/UNH,0.0047242906016208,0.0047242906016208,0.0,14,0.2469480925945728,0.0011666545529327
2021-02-25,EEM/IEMG,-0.0,-0.0,0.0,14,0.35,-0.0
2021-02-26,MCHP/NXPI,-0.0074967454605643,-0.0074967454605643,0.0,14,0.1483516499948117,-0.0011121545586658
2021-02-26,MA/V,0.0026280177811359,0.0026280177811359,0.0,14,0.2547002574106155,0.0006693568053349
2021-02-26,HUM/UNH,-0.0068100889899766,-0.0068100889899766,0.0,14,0.2469480925945728,-0.001681738486474
2021-02-26,EEM/IEMG,-0.0,-0.0,0.0,14,0.35,-0.0
2021-03-01,MCHP/NXPI,-0.0073114235562369,-0.0073114235562369,0.0,14,0.1483516499948117,-0.0010846617483786
2021-03-01,MA/V,0.000293475041623,0.000293475041623,0.0,14,0.2547002574106155,7.47481686449692e-05
2021-03-01,HUM/UNH,0.0019642748861007,0.0019642748861007,0.0,14,0.2469480925945728,0.0004850739364539
2021-03-01,EEM/IEMG,0.0,0.0,0.0,14,0.35,0.0
2021-03-02,MCHP/NXPI,0.0080769716746959,0.0080769716746959,0.0,14,0.1483516499948117,0.0011982320749024
2021-03-02,MA/V,0.0021064827274726,0.0021064827274726,0.0,14,0.2547002574106155,0.0005365216929182
2021-03-02,HUM/UNH,0.0015862623491245,0.0015862623491245,0.0,14,0.2469480925945728,0.0003917244614708
2021-03-02,EEM/IEMG,0.0,0.0,0.0,14,0.35,0.0
2021-03-03,MCHP/NXPI,-0.0027197851423627,-0.0027197851423627,0.0,14,0.1483516499948117,-0.0004034846135008
2021-03-03,MA/V,-0.0007800202802538,-0.0007800202802538,0.0,14,0.2547002574106155,-0.0001986713661661
2021-03-03,HUM/UNH,-0.001,0.0,1.0,14,0.2469480925945728,-0.0002469480925945
2021-03-03,EEM/IEMG,-0.0,-0.0,0.0,14,0.35,-0.0
2021-03-04,MCHP/NXPI,0.0072281979867707,0.0072281979867707,0.0,14,0.1483516499948117,0.0010723150978266
2021-03-04,MA/V,-0.0046012124646795,-0.0046012124646795,0.0,14,0.2547002574106155,-0.0011719299991548
2021-03-04,HUM/UNH,-0.0,-0.0,0.0,14,0.2469480925945728,-0.0
2021-03-04,EEM/IEMG,-0.0,-0.0,0.0,14,0.35,-0.0
2021-03-05,MCHP/NXPI,0.0169878237324363,0.0169878237324363,0.0,14,0.1483516499948117,0.0025201716805279
2021-03-05,MA/V,-0.001,-0.0,1.0,14,0.2547002574106155,-0.0002547002574106
2021-03-05,HUM/UNH,0.0,0.0,0.0,14,0.2469480925945728,0.0
2021-03-05,EEM/IEMG,0.0,0.0,0.0,14,0.35,0.0
2021-03-08,MCHP/NXPI,0.0070733159458272,0.0070733159458272,0.0,14,0.1483516499948117,0.001049338091498
2021-03-08,MA/V,-0.0,-0.0,0.0,14,0.2547002574106155,-0.0
2021-03-08,HUM/UNH,0.0,0.0,0.0,14,0.2469480925945728,0.0
2021-03-08,EEM/IEMG,-0.0,-0.0,0.0,14,0.35,-0.0
2021-03-09,MCHP/NXPI,5.169463014800642e-05,5.169463014800642e-05,0.0,14,0.1483516499948117,7.66898367832829e-06
2021-03-09,MA/V,-0.0,-0.0,0.0,14,0.2547002574106155,-0.0
2021-03-09,HUM/UNH,0.0,0.0,0.0,14,0.2469480925945728,0.0
2021-03-09,EEM/IEMG,0.0,0.0,0.0,14,0.35,0.0
2021-03-10,MCHP/NXPI,0.0069352357504253,0.0069352357504253,0.0,14,0.1483516499948117,0.0010288536666785
2021-03-10,MA/V,0.0,0.0,0.0,14,0.2547002574106155,0.0
2021-03-10,HUM/UNH,-0.0,-0.0,0.0,14,0.2469480925945728,-0.0
2021-03-10,EEM/IEMG,-0.0,-0.0,0.0,14,0.35,-0.0
2021-03-11,MCHP/NXPI,-0.0059130551621248,-0.0059130551621248,0.0,14,0.1483516499948117,-0.0008772114898115
2021-03-11,MA/V,0.0,0.0,0.0,14,0.2547002574106155,0.0
2021-03-11,HUM/UNH,0.0,0.0,0.0,14,0.2469480925945728,0.0
2021-03-11,EEM/IEMG,0.0,0.0,0.0,14,0.35,0.0
2021-03-12,MCHP/NXPI,-0.008109822245573,-0.008109822245573,0.0,14,0.1483516499948117,-0.0012031055112953
2021-03-12,MA/V,-0.0,-0.0,0.0,14,0.2547002574106155,-0.0
2021-03-12,HUM/UNH,0.0,0.0,0.0,14,0.2469480925945728,0.0
2021-03-12,EEM/IEMG,-0.0,-0.0,0.0,14,0.35,-0.0
2021-03-15,MCHP/NXPI,0.0333259939281946,0.0333259939281946,0.0,14,0.1483516499948117,0.0049439661869647
2021-03-15,MA/V,-0.0,-0.0,0.0,14,0.2547002574106155,-0.0
2021-03-15,HUM/UNH,-0.0,-0.0,0.0,14,0.2469480925945728,-0.0
2021-03-15,EEM/IEMG,-0.0,-0.0,0.0,14,0.35,-0.0
2021-03-16,MCHP/NXPI,0.0053118760126081,0.0053118760126081,0.0,14,0.1483516499948117,0.0007880255710382
2021-03-16,MA/V,0.0,0.0,0.0,14,0.2547002574106155,0.0
2021-03-16,HUM/UNH,0.0,0.0,0.0,14,0.2469480925945728,0.0
2021-03-16,EEM/IEMG,-0.0,-0.0,0.0,14,0.35,-0.0
2021-03-17,MCHP/NXPI,-0.001,0.0,1.0,14,0.1483516499948117,-0.0001483516499948
2021-03-17,MA/V,0.0,0.0,0.0,14,0.2547002574106155,0.0
2021-03-17,HUM/UNH,-0.0,-0.0,0.0,14,0.2469480925945728,-0.0
2021-03-17,EEM/IEMG,0.0,0.0,0.0,14,0.35,0.0
2021-03-18,MCHP/NXPI,-0.0,-0.0,0.0,14,0.1483516499948117,-0.0
2021-03-18,MA/V,0.0,0.0,0.0,14,0.2547002574106155,0.0
2021-03-18,HUM/UNH,0.0,0.0,0.0,14,0.2469480925945728,0.0
2021-03-18,EEM/IEMG,-0.0,-0.0,0.0,14,0.35,-0.0
2021-03-19,MCHP/NXPI,0.0,0.0,0.0,14,0.1483516499948117,0.0
2021-03-19,MA/V,0.0209958157987523,0.0219958157987523,1.0,14,0.2547002574106155,0.005347639688488
2021-03-19,HUM/UNH,0.0,0.0,0.0,14,0.2469480925945728,0.0
2021-03-19,EEM/IEMG,0.0,0.0,0.0,14,0.35,0.0
2021-03-22,MCHP/NXPI,0.0,0.0,0.0,14,0.1483516499948117,0.0
2021-03-22,MA/V,-0.0006028982919531,-0.0006028982919531,0.0,14,0.2547002574106155,-0.0001535583501528
2021-03-22,HUM/UNH,0.0,0.0,0.0,14,0.2469480925945728,0.0
2021-03-22,EEM/IEMG,-0.0,-0.0,0.0,14,0.35,-0.0
2021-03-23,MCHP/NXPI,0.0,0.0,0.0,14,0.1483516499948117,0.0
2021-03-23,MA/V,-0.0042766677766611,-0.0042766677766611,0.0,14,0.2547002574106155,-0.0010892683835752
2021-03-23,HUM/UNH,-0.0038932006510099,-0.0028932006510099,1.0,14,0.2469480925945728,-0.0009614184748548
2021-03-23,EEM/IEMG,-0.0,-0.0,0.0,14,0.35,-0.0
2021-03-24,MCHP/NXPI,-0.0,-0.0,0.0,14,0.1483516499948117,-0.0
2021-03-24,MA/V,0.005684681129818,0.005684681129818,0.0,14,0.2547002574106155,0.0014478897470619
2021-03-24,HUM/UNH,0.008439067315795,0.008439067315795,0.0,14,0.2469480925945728,0.0020840115769127
2021-03-24,EEM/IEMG,-0.0,-0.0,0.0,14,0.35,-0.0
2021-03-25,MCHP/NXPI,-0.0,-0.0,0.0,14,0.1483516499948117,-0.0
2021-03-25,MA/V,-0.0013233866522774,-0.0013233866522774,0.0,14,0.2547002574106155,-0.0003370669209888
2021-03-25,HUM/UNH,0.0011634878872089,0.0011634878872089,0.0,14,0.2469480925945728,0.0002873211145031
2021-03-25,EEM/IEMG,-0.0,-0.0,0.0,14,0.35,-0.0
2021-03-26,MCHP/NXPI,0.0,0.0,0.0,14,0.1483516499948117,0.0
2021-03-26,MA/V,-0.0052537141005494,-0.0052537141005494,0.0,14,0.2547002574106155,-0.0013381223337717
2021-03-26,HUM/UNH,-0.0005586698123042,-0.0005586698123042,0.0,14,0.2469480925945728,-0.0001379624445386
2021-03-26,EEM/IEMG,0.0,0.0,0.0,14,0.35,0.0
2021-03-29,MCHP/NXPI,-0.0,-0.0,0.0,14,0.1483516499948117,-0.0
2021-03-29,MA/V,-0.0064671599541633,-0.0064671599541633,0.0,14,0.2547002574106155,-0.001647187305041
2021-03-29,HUM/UNH,-0.0020965172177473,-0.0020965172177473,0.0,14,0.2469480925945728,-0.0005177309280143
2021-03-29,EEM/IEMG,-0.0,-0.0,0.0,14,0.35,-0.0
2021-03-30,MCHP/NXPI,-0.0,-0.0,0.0,14,0.1483516499948117,-0.0
2021-03-30,MA/V,0.0010021595392345,0.0010021595392345,0.0,14,0.2547002574106155,0.0002552502926095
2021-03-30,HUM/UNH,0.0092987580863617,0.0092987580863617,0.0,14,0.2469480925945728,0.0022963105729253
2021-03-30,EEM/IEMG,-0.0,-0.0,0.0,14,0.35,-0.0
2021-03-31,MCHP/NXPI,0.0,0.0,0.0,14,0.1483516499948117,0.0
2021-03-31,MA/V,-0.0022199945535968,-0.0022199945535968,0.0,14,0.2547002574106155,-0.0005654331842512
2021-03-31,HUM/UNH,-0.0044481331064813,-0.0044481331064813,0.0,14,0.2469480925945728,-0.0010984579862523
2021-03-31,EEM/IEMG,0.0,0.0,0.0,14,0.35,0.0
2021-04-01,MCHP/NXPI,0.0,0.0,0.0,14,0.1483516499948117,0.0
2021-04-01,MA/V,-0.0044190003212731,-0.0044190003212731,0.0,14,0.2547002574106155,-0.0011255205193258
2021-04-01,HUM/UNH,0.0007700339381747,0.0007700339381747,0.0,14,0.2469480925945728,0.0001901584122653
2021-04-01,EEM/IEMG,-0.0,-0.0,0.0,14,0.35,-0.0
2021-04-05,MCHP/NXPI,-0.0,-0.0,0.0,14,0.1483516499948117,-0.0
2021-04-05,MA/V,0.0005607923124601,0.0005607923124601,0.0,14,0.2547002574106155,0.0001428339463374
2021-04-05,HUM/UNH,-0.0043906660304244,-0.0043906660304244,0.0,14,0.2469480925945728,-0.001084266601433
2021-04-05,EEM/IEMG,0.0,0.0,0.0,14,0.35,0.0
2021-04-06,MCHP/NXPI,-0.0,-0.0,0.0,14,0.1483516499948117,-0.0
2021-04-06,MA/V,0.0024980733350462,0.0024980733350462,0.0,14,0.2547002574106155,0.0006362599214668
2021-04-06,HUM/UNH,0.0025803799974789,0.0025803799974789,0.0,14,0.2469480925945728,0.0006372199185466
2021-04-06,EEM/IEMG,0.0,0.0,0.0,14,0.35,0.0
2021-04-07,CSX/NSC,-0.0,-0.0,0.0,15,0.2754922556887944,-0.0
2021-04-07,COST/WMT,0.0,0.0,0.0,15,0.35,0.0
2021-04-07,AVGO/MCHP,0.0,0.0,0.0,15,0.2105972328877434,0.0
2021-04-07,INTU/ORCL,0.0,0.0,0.0,15,0.1639105114234622,0.0
2021-04-08,CSX/NSC,0.0,0.0,0.0,15,0.2754922556887944,0.0
2021-04-08,COST/WMT,-0.0,-0.0,0.0,15,0.35,-0.0
2021-04-08,AVGO/MCHP,-0.0,-0.0,0.0,15,0.2105972328877434,-0.0
2021-04-08,INTU/ORCL,0.0,0.0,0.0,15,0.1639105114234622,0.0
2021-04-09,CSX/NSC,0.0,0.0,0.0,15,0.2754922556887944,0.0
2021-04-09,COST/WMT,-0.0,-0.0,0.0,15,0.35,-0.0
2021-04-09,AVGO/MCHP,-0.0,-0.0,0.0,15,0.2105972328877434,-0.0
2021-04-09,INTU/ORCL,-0.0,-0.0,0.0,15,0.1639105114234622,-0.0
2021-04-12,CSX/NSC,0.0,0.0,0.0,15,0.2754922556887944,0.0
2021-04-12,COST/WMT,-0.0,-0.0,0.0,15,0.35,-0.0
2021-04-12,AVGO/MCHP,0.0,0.0,0.0,15,0.2105972328877434,0.0
2021-04-12,INTU/ORCL,0.0,0.0,0.0,15,0.1639105114234622,0.0
2021-04-13,CSX/NSC,-0.0,-0.0,0.0,15,0.2754922556887944,-0.0
2021-04-13,COST/WMT,-0.0,-0.0,0.0,15,0.35,-0.0
2021-04-13,AVGO/MCHP,0.0,0.0,0.0,15,0.2105972328877434,0.0
2021-04-13,INTU/ORCL,0.0,0.0,0.0,15,0.1639105114234622,0.0
2021-04-14,CSX/NSC,0.0,0.0,0.0,15,0.2754922556887944,0.0
2021-04-14,COST/WMT,0.0,0.0,0.0,15,0.35,0.0
2021-04-14,AVGO/MCHP,-0.0,-0.0,0.0,15,0.2105972328877434,-0.0
2021-04-14,INTU/ORCL,0.0,0.0,0.0,15,0.1639105114234622,0.0
2021-04-15,CSX/NSC,0.0,0.0,0.0,15,0.2754922556887944,0.0
2021-04-15,COST/WMT,-0.0,-0.0,0.0,15,0.35,-0.0
2021-04-15,AVGO/MCHP,-0.0,-0.0,0.0,15,0.2105972328877434,-0.0
2021-04-15,INTU/ORCL,0.0,0.0,0.0,15,0.1639105114234622,0.0
2021-04-16,CSX/NSC,0.0,0.0,0.0,15,0.2754922556887944,0.0
2021-04-16,COST/WMT,-0.0,-0.0,0.0,15,0.35,-0.0
2021-04-16,AVGO/MCHP,0.0,0.0,0.0,15,0.2105972328877434,0.0
2021-04-16,INTU/ORCL,0.0,0.0,0.0,15,0.1639105114234622,0.0
2021-04-19,CSX/NSC,0.0,0.0,0.0,15,0.2754922556887944,0.0
2021-04-19,COST/WMT,-0.0,-0.0,0.0,15,0.35,-0.0
2021-04-19,AVGO/MCHP,-0.0,-0.0,0.0,15,0.2105972328877434,-0.0
2021-04-19,INTU/ORCL,0.0,0.0,0.0,15,0.1639105114234622,0.0
2021-04-20,CSX/NSC,-0.0,-0.0,0.0,15,0.2754922556887944,-0.0
2021-04-20,COST/WMT,0.0,0.0,0.0,15,0.35,0.0
2021-04-20,AVGO/MCHP,0.0,0.0,0.0,15,0.2105972328877434,0.0
2021-04-20,INTU/ORCL,0.0,0.0,0.0,15,0.1639105114234622,0.0
2021-04-21,CSX/NSC,0.0,0.0,0.0,15,0.2754922556887944,0.0
2021-04-21,COST/WMT,-0.0,-0.0,0.0,15,0.35,-0.0
2021-04-21,AVGO/MCHP,-0.0,-0.0,0.0,15,0.2105972328877434,-0.0
2021-04-21,INTU/ORCL,-0.0,-0.0,0.0,15,0.1639105114234622,-0.0
2021-04-22,CSX/NSC,-0.0,-0.0,0.0,15,0.2754922556887944,-0.0
2021-04-22,COST/WMT,-0.0,-0.0,0.0,15,0.35,-0.0
2021-04-22,AVGO/MCHP,0.0,0.0,0.0,15,0.2105972328877434,0.0
2021-04-22,INTU/ORCL,-0.015381671765436,-0.014381671765436,1.0,15,0.1639105114234622,-0.0025212176856204
2021-04-23,CSX/NSC,0.0,0.0,0.0,15,0.2754922556887944,0.0
2021-04-23,COST/WMT,-0.0,-0.0,0.0,15,0.35,-0.0
2021-04-23,AVGO/MCHP,0.0,0.0,0.0,15,0.2105972328877434,0.0
2021-04-23,INTU/ORCL,-0.0053200591785015,-0.0053200591785015,0.0,15,0.1639105114234622,-0.0008720136207512
2021-04-26,CSX/NSC,-0.0,-0.0,0.0,15,0.2754922556887944,-0.0
2021-04-26,COST/WMT,-0.0,-0.0,0.0,15,0.35,-0.0
2021-04-26,AVGO/MCHP,0.0,0.0,0.0,15,0.2105972328877434,0.0
2021-04-26,INTU/ORCL,-0.006844398406111,-0.006844398406111,0.0,15,0.1639105114234622,-0.0011218688431315
2021-04-27,CSX/NSC,-0.0,-0.0,0.0,15,0.2754922556887944,-0.0
2021-04-27,COST/WMT,0.0,0.0,0.0,15,0.35,0.0
2021-04-27,AVGO/MCHP,-0.0,-0.0,0.0,15,0.2105972328877434,-0.0
2021-04-27,INTU/ORCL,0.0082803617054961,0.0082803617054961,0.0,15,0.1639105114234622,0.0013572383219191
2021-04-28,CSX/NSC,-0.0,-0.0,0.0,15,0.2754922556887944,-0.0
2021-04-28,COST/WMT,-0.0,-0.0,0.0,15,0.35,-0.0
2021-04-28,AVGO/MCHP,-0.0,-0.0,0.0,15,0.2105972328877434,-0.0
2021-04-28,INTU/ORCL,-0.0038954946873969,-0.0038954946873969,0.0,15,0.1639105114234622,-0.0006385125264586
2021-04-29,CSX/NSC,0.0028313714376998,0.0038313714376998,1.0,15,0.2754922556887944,0.0007800209040647
2021-04-29,COST/WMT,0.0,0.0,0.0,15,0.35,0.0
2021-04-29,AVGO/MCHP,0.0,0.0,0.0,15,0.2105972328877434,0.0
2021-04-29,INTU/ORCL,0.0099080328568846,0.0099080328568846,0.0,15,0.1639105114234622,0.0016240307327724
2021-04-30,CSX/NSC,3.899034693335356e-05,3.899034693335356e-05,0.0,15,0.2754922556887944,1.0741538626758236e-05
2021-04-30,COST/WMT,0.0,0.0,0.0,15,0.35,0.0
2021-04-30,AVGO/MCHP,0.0,0.0,0.0,15,0.2105972328877434,0.0
2021-04-30,INTU/ORCL,0.0022365623029419,0.0022365623029419,0.0,15,0.1639105114234622,0.0003665960709056
2021-05-03,CSX/NSC,-0.0029041669168453,-0.0029041669168453,0.0,15,0.2754922556887944,-0.0008000754948184
2021-05-03,COST/WMT,0.0,0.0,0.0,15,0.35,0.0
2021-05-03,AVGO/MCHP,-0.0,-0.0,0.0,15,0.2105972328877434,-0.0
2021-05-03,INTU/ORCL,0.0146466496816289,0.0146466496816289,0.0,15,0.1639105114234622,0.002400739839956
2021-05-04,CSX/NSC,-0.0060554130802233,-0.0060554130802233,0.0,15,0.2754922556887944,-0.0016682194085981
2021-05-04,COST/WMT,-0.0,-0.0,0.0,15,0.35,-0.0
2021-05-04,AVGO/MCHP,0.0,0.0,0.0,15,0.2105972328877434,0.0
2021-05-04,INTU/ORCL,0.0210514855585554,0.0210514855585554,0.0,15,0.1639105114234622,0.0034505597641264
2021-05-05,CSX/NSC,-0.00132750390935,-0.00132750390935,0.0,15,0.2754922556887944,-0.0003657170464225
2021-05-05,COST/WMT,0.0,0.0,0.0,15,0.35,0.0
2021-05-05,AVGO/MCHP,-0.0,-0.0,0.0,15,0.2105972328877434,-0.0
2021-05-05,INTU/ORCL,0.0101517115268465,0.0101517115268465,0.0,15,0.1639105114234622,0.0016639722281888
2021-05-06,CSX/NSC,0.0057544062369607,0.0057544062369607,0.0,15,0.2754922556887944,0.0015852943543699
2021-05-06,COST/WMT,-0.0,-0.0,0.0,15,0.35,-0.0
2021-05-06,AVGO/MCHP,0.0,0.0,0.0,15,0.2105972328877434,0.0
2021-05-06,INTU/ORCL,0.0031796313543205,0.0031796313543205,0.0,15,0.1639105114234622,0.0005211750014247
2021-05-07,CSX/NSC,-0.0015297532980873,-0.0015297532980873,0.0,15,0.2754922556887944,-0.0004214351867374
2021-05-07,COST/WMT,-0.0,-0.0,0.0,15,0.35,-0.0
2021-05-07,AVGO/MCHP,-0.0,-0.0,0.0,15,0.2105972328877434,-0.0
2021-05-07,INTU/ORCL,0.0001964149822778,0.0001964149822778,0.0,15,0.1639105114234622,3.219448019638448e-05
2021-05-10,CSX/NSC,-0.0006972646608093,-0.0006972646608093,0.0,15,0.2754922556887944,-0.0001920910142184
2021-05-10,COST/WMT,0.0045713286194054,0.0055713286194054,1.0,15,0.35,0.0015999650167918
2021-05-10,AVGO/MCHP,-0.0,-0.0,0.0,15,0.2105972328877434,-0.0
2021-05-10,INTU/ORCL,0.0044700706337884,0.0044700706337884,0.0,15,0.1639105114234622,0.0007326915636832
2021-05-11,CSX/NSC,-0.0026747201023918,-0.0026747201023918,0.0,15,0.2754922556887944,-0.000736864674344
2021-05-11,COST/WMT,-0.0021755177989358,-0.0021755177989358,0.0,15,0.35,-0.0007614312296275
2021-05-11,AVGO/MCHP,-0.0,-0.0,0.0,15,0.2105972328877434,-0.0
2021-05-11,INTU/ORCL,-0.0230597797214452,-0.0230597797214452,0.0,15,0.1639105114234622,-0.0037797402874544
2021-05-12,CSX/NSC,-0.0022008483933944,-0.0022008483933944,0.0,15,0.2754922556887944,-0.0006063166883252
2021-05-12,COST/WMT,-0.0097273711491093,-0.0097273711491093,0.0,15,0.35,-0.0034045799021882
2021-05-12,AVGO/MCHP,-0.0,-0.0,0.0,15,0.2105972328877434,-0.0
2021-05-12,INTU/ORCL,-0.012194510704883,-0.012194510704883,0.0,15,0.1639105114234622,-0.0019988084861962
2021-05-13,CSX/NSC,-0.0027149906129835,-0.0027149906129835,0.0,15,0.2754922556887944,-0.0007479588881447
2021-05-13,COST/WMT,0.0027410475470505,0.0027410475470505,0.0,15,0.35,0.0009593666414676
2021-05-13,AVGO/MCHP,0.0,0.0,0.0,15,0.2105972328877434,0.0
2021-05-13,INTU/ORCL,0.0096843635210961,0.0096843635210961,0.0,15,0.1639105114234622,0.0015873689775535
2021-05-14,CSX/NSC,0.0007704891567676,0.0007704891567676,0.0,15,0.2754922556887944,0.0002122637957816
2021-05-14,COST/WMT,0.0006886175221958,0.0006886175221958,0.0,15,0.35,0.0002410161327685
2021-05-14,AVGO/MCHP,0.0,0.0,0.0,15,0.2105972328877434,0.0
2021-05-14,INTU/ORCL,-0.0039217012079773,-0.0039217012079773,0.0,15,0.1639105114234622,-0.0006428080506495
2021-05-17,CSX/NSC,-0.0005170953816933,-0.0005170953816933,0.0,15,0.2754922556887944,-0.0001424557731089
2021-05-17,COST/WMT,-0.0023049808477716,-0.0023049808477716,0.0,15,0.35,-0.00080674329672
2021-05-17,AVGO/MCHP,0.0,0.0,0.0,15,0.2105972328877434,0.0
2021-05-17,INTU/ORCL,6.298314949173487e-05,6.298314949173487e-05,0.0,15,0.1639105114234622,1.032360024425064e-05
2021-05-18,CSX/NSC,0.0007494212507894,0.0007494212507894,0.0,15,0.2754922556887944,0.000206459750841
2021-05-18,COST/WMT,0.0144924591235636,0.0144924591235636,0.0,15,0.35,0.0050723606932472
2021-05-18,AVGO/MCHP,-0.0,-0.0,0.0,15,0.2105972328877434,-0.0
2021-05-18,INTU/ORCL,-0.0019417353948577,-0.0019417353948577,0.0,15,0.1639105114234622,-0.0003182708416201
2021-05-19,CSX/NSC,-0.0017013074140382,-0.0017013074140382,0.0,15,0.2754922556887944,-0.0004686970171134
2021-05-19,COST/WMT,0.0032308688159355,0.0032308688159355,0.0,15,0.35,0.0011308040855774
2021-05-19,AVGO/MCHP,-0.0,-0.0,0.0,15,0.2105972328877434,-0.0
2021-05-19,INTU/ORCL,-0.001,-0.0,1.0,15,0.1639105114234622,-0.0001639105114234
2021-05-20,CSX/NSC,0.0037213487942874,0.0037213487942874,0.0,15,0.2754922556887944,0.001025202773543
2021-05-20,COST/WMT,-0.0018454944112084,-0.0018454944112084,0.0,15,0.35,-0.0006459230439229
2021-05-20,AVGO/MCHP,0.0,0.0,0.0,15,0.2105972328877434,0.0
2021-05-20,INTU/ORCL,-0.0,-0.0,0.0,15,0.1639105114234622,-0.0
2021-05-21,CSX/NSC,-0.0006559907767666,-0.0006559907767666,0.0,15,0.2754922556887944,-0.0001807203788024
2021-05-21,COST/WMT,1.2538454271866754e-05,1.2538454271866754e-05,0.0,15,0.35,4.388458995153364e-06
2021-05-21,AVGO/MCHP,-0.0,-0.0,0.0,15,0.2105972328877434,-0.0
2021-05-21,INTU/ORCL,0.0,0.0,0.0,15,0.1639105114234622,0.0
2021-05-24,CSX/NSC,0.0006594287920051,0.0006594287920051,0.0,15,0.2754922556887944,0.0001816675253756
2021-05-24,COST/WMT,-0.002738812323063,-0.002738812323063,0.0,15,0.35,-0.000958584313072
2021-05-24,AVGO/MCHP,-0.0,-0.0,0.0,15,0.2105972328877434,-0.0
2021-05-24,INTU/ORCL,-0.0,-0.0,0.0,15,0.1639105114234622,-0.0
2021-05-25,CSX/NSC,0.0025335725840622,0.0025335725840622,0.0,15,0.2754922556887944,0.0006979796261345
2021-05-25,COST/WMT,0.0005519861093057,0.0005519861093057,0.0,15,0.35,0.0001931951382569
2021-05-25,AVGO/MCHP,-0.0,-0.0,0.0,15,0.2105972328877434,-0.0
2021-05-25,INTU/ORCL,-0.0,-0.0,0.0,15,0.1639105114234622,-0.0
2021-05-26,CSX/NSC,-0.001,0.0,1.0,15,0.2754922556887944,-0.0002754922556887
2021-05-26,COST/WMT,-0.0009727695862105,-0.0009727695862105,0.0,15,0.35,-0.0003404693551736
2021-05-26,AVGO/MCHP,-0.0,-0.0,0.0,15,0.2105972328877434,-0.0
2021-05-26,INTU/ORCL,0.0,0.0,0.0,15,0.1639105114234622,0.0
2021-05-27,CSX/NSC,-0.0,-0.0,0.0,15,0.2754922556887944,-0.0
2021-05-27,COST/WMT,-0.0039576091307258,-0.0039576091307258,0.0,15,0.35,-0.001385163195754
2021-05-27,AVGO/MCHP,0.0,0.0,0.0,15,0.2105972328877434,0.0
2021-05-27,INTU/ORCL,0.0,0.0,0.0,15,0.1639105114234622,0.0
2021-05-28,CSX/NSC,-0.0,-0.0,0.0,15,0.2754922556887944,-0.0
2021-05-28,COST/WMT,0.0107006593222918,0.0107006593222918,0.0,15,0.35,0.0037452307628021
2021-05-28,AVGO/MCHP,-0.0038626943243494,-0.0028626943243494,1.0,15,0.2105972328877434,-0.0008134727361991
2021-05-28,INTU/ORCL,-0.0,-0.0,0.0,15,0.1639105114234622,-0.0
2021-06-01,CSX/NSC,0.0,0.0,0.0,15,0.2754922556887944,0.0
2021-06-01,COST/WMT,-0.0015544257266933,-0.0015544257266933,0.0,15,0.35,-0.0005440490043426
2021-06-01,AVGO/MCHP,0.0009218562311066,0.0009218562311066,0.0,15,0.2105972328877434,0.0001941403713913
2021-06-01,INTU/ORCL,0.0,0.0,0.0,15,0.1639105114234622,0.0
2021-06-02,CSX/NSC,-0.0,-0.0,0.0,15,0.2754922556887944,-0.0
2021-06-02,COST/WMT,-0.0037585523475587,-0.0037585523475587,0.0,15,0.35,-0.0013154933216455
2021-06-02,AVGO/MCHP,-0.0064833055907662,-0.0064833055907662,0.0,15,0.2105972328877434,-0.0013653662173809
2021-06-02,INTU/ORCL,0.0,0.0,0.0,15,0.1639105114234622,0.0
2021-06-03,CSX/NSC,-0.0,-0.0,0.0,15,0.2754922556887944,-0.0
2021-06-03,COST/WMT,-0.0022566040677587,-0.0022566040677587,0.0,15,0.35,-0.0007898114237155
2021-06-03,AVGO/MCHP,0.001488516214555,0.001488516214555,0.0,15,0.2105972328877434,0.0003134773958938
2021-06-03,INTU/ORCL,0.0,0.0,0.0,15,0.1639105114234622,0.0
2021-06-04,CSX/NSC,0.0,0.0,0.0,15,0.2754922556887944,0.0
2021-06-04,COST/WMT,-0.002601086416065,-0.002601086416065,0.0,15,0.35,-0.0009103802456227
2021-06-04,AVGO/MCHP,-0.0033788695945792,-0.0033788695945792,0.0,15,0.2105972328877434,-0.0007115805869069
2021-06-04,INTU/ORCL,0.0,0.0,0.0,15,0.1639105114234622,0.0
2021-06-07,CSX/NSC,-0.0,-0.0,0.0,15,0.2754922556887944,-0.0
2021-06-07,COST/WMT,-0.001,0.0,1.0,15,0.35,-0.00035
2021-06-07,AVGO/MCHP,0.0094163451095784,0.0094163451095784,0.0,15,0.2105972328877434,0.0019830562239932
2021-06-07,INTU/ORCL,0.0,0.0,0.0,15,0.1639105114234622,0.0
2021-06-08,CSX/NSC,-0.0,-0.0,0.0,15,0.2754922556887944,-0.0
2021-06-08,COST/WMT,-0.0,-0.0,0.0,15,0.35,-0.0
2021-06-08,AVGO/MCHP,-0.0021941647215217,-0.0021941647215217,0.0,15,0.2105972328877434,-0.0004620850188523
2021-06-08,INTU/ORCL,-0.001071700828155,-7.170082815509799e-05,1.0,15,0.1639105114234622,-0.0001756630308358
2021-06-09,CSX/NSC,0.0,0.0,0.0,15,0.2754922556887944,0.0
2021-06-09,COST/WMT,-0.0,-0.0,0.0,15,0.35,-0.0
2021-06-09,AVGO/MCHP,-0.0026251393204283,-0.0026251393204283,0.0,15,0.2105972328877434,-0.000552847076827
2021-06-09,INTU/ORCL,0.0027786814706089,0.0027786814706089,0.0,15,0.1639105114234622,0.0004554551009304
2021-06-10,CSX/NSC,-0.0,-0.0,0.0,15,0.2754922556887944,-0.0
2021-06-10,COST/WMT,0.0,0.0,0.0,15,0.35,0.0
2021-06-10,AVGO/MCHP,-0.0017826959438339,-0.0017826959438339,0.0,15,0.2105972328877434,-0.0003754308328516
2021-06-10,INTU/ORCL,0.0201084462558243,0.0201084462558243,0.0,15,0.1639105114234622,0.0032959857097233
2021-06-11,CSX/NSC,0.0,0.0,0.0,15,0.2754922556887944,0.0
2021-06-11,COST/WMT,0.0,0.0,0.0,15,0.35,0.0
2021-06-11,AVGO/MCHP,-0.0008816693775986,-0.0008816693775986,0.0,15,0.2105972328877434,-0.0001856771312441
2021-06-11,INTU/ORCL,-0.0044957689108537,-0.0044957689108537,0.0,15,0.1639105114234622,-0.0007369037814197
2021-06-14,CSX/NSC,0.0,0.0,0.0,15,0.2754922556887944,0.0
2021-06-14,COST/WMT,-0.0,-0.0,0.0,15,0.35,-0.0
2021-06-14,AVGO/MCHP,-0.0021435600173793,-0.0021435600173793,0.0,15,0.2105972328877434,-0.0004514278081888
2021-06-14,INTU/ORCL,0.0054773186400019,0.0054773186400019,0.0,15,0.1639105114234622,0.0008977900995119
2021-06-15,CSX/NSC,0.0,0.0,0.0,15,0.2754922556887944,0.0
2021-06-15,COST/WMT,-0.0,-0.0,0.0,15,0.35,-0.0
2021-06-15,AVGO/MCHP,0.0017030953523515,0.0017030953523515,0.0,15,0.2105972328877434,0.0003586671685492
2021-06-15,INTU/ORCL,0.0041714724254981,0.0041714724254981,0.0,15,0.1639105114234622,0.0006837481786522
2021-06-16,CSX/NSC,-0.0,-0.0,0.0,15,0.2754922556887944,-0.0
2021-06-16,COST/WMT,-0.0,-0.0,0.0,15,0.35,-0.0
2021-06-16,AVGO/MCHP,0.0022439949685442,0.0022439949685442,0.0,15,0.2105972328877434,0.0004725791309894
2021-06-16,INTU/ORCL,0.0377921929552585,0.0377921929552585,0.0,15,0.1639105114234622,0.0061945376751105
2021-06-17,CSX/NSC,0.0,0.0,0.0,15,0.2754922556887944,0.0
2021-06-17,COST/WMT,-0.0,-0.0,0.0,15,0.35,-0.0
2021-06-17,AVGO/MCHP,-0.0126594218851065,-0.0126594218851065,0.0,15,0.2105972328877434,-0.0026660392189619
2021-06-17,INTU/ORCL,-0.0008176814235952,-0.0008176814235952,0.0,15,0.1639105114234622,-0.0001340265803229
2021-06-18,CSX/NSC,0.0,0.0,0.0,15,0.2754922556887944,0.0
2021-06-18,COST/WMT,-0.0,-0.0,0.0,15,0.35,-0.0
2021-06-18,AVGO/MCHP,-0.0026666008365149,-0.0026666008365149,0.0,15,0.2105972328877434,-0.0005615787573861
2021-06-18,INTU/ORCL,0.0110824203783325,0.0110824203783325,0.0,15,0.1639105114234622,0.0018165251920222
2021-06-21,CSX/NSC,0.0,0.0,0.0,15,0.2754922556887944,0.0
2021-06-21,COST/WMT,-0.0013956035568897,-0.0003956035568897,1.0,15,0.35,-0.0004884612449113
2021-06-21,AVGO/MCHP,-0.0002031598179594,-0.0002031598179594,0.0,15,0.2105972328877434,-4.278489549622734e-05
2021-06-21,INTU/ORCL,-0.0132188814713859,-0.0132188814713859,0.0,15,0.1639105114234622,-0.0021667136224209
2021-06-22,CSX/NSC,-0.0,-0.0,0.0,15,0.2754922556887944,-0.0
2021-06-22,COST/WMT,-0.002510684523848,-0.002510684523848,0.0,15,0.35,-0.0008787395833468
2021-06-22,AVGO/MCHP,-0.0049071971640346,-0.0049071971640346,0.0,15,0.2105972328877434,-0.0010334421439802
2021-06-22,INTU/ORCL,-0.0063838296342824,-0.0063838296342824,0.0,15,0.1639105114234622,-0.0010463767801954
2021-06-23,CSX/NSC,-0.0,-0.0,0.0,15,0.2754922556887944,-0.0
2021-06-23,COST/WMT,-0.0046024654694615,-0.0046024654694615,0.0,15,0.35,-0.0016108629143115
2021-06-23,AVGO/MCHP,-0.001227193470862,-0.001227193470862,0.0,15,0.2105972328877434,-0.0002584435491814
2021-06-23,INTU/ORCL,0.0057907774870736,0.0057907774870736,0.0,15,0.1639105114234622,0.0009491692994457
2021-06-24,CSX/NSC,-0.0,-0.0,0.0,15,0.2754922556887944,-0.0
2021-06-24,COST/WMT,0.0042086423993626,0.0042086423993626,0.0,15,0.35,0.0014730248397769
2021-06-24,AVGO/MCHP,0.003009746703788,0.003009746703788,0.0,15,0.2105972328877434,0.0006338443275107
2021-06-24,INTU/ORCL,0.0057644222978159,0.0057644222978159,0.0,15,0.1639105114234622,0.0009448494068958
2021-06-25,CSX/NSC,0.0,0.0,0.0,15,0.2754922556887944,0.0
2021-06-25,COST/WMT,0.0049054675513319,0.0049054675513319,0.0,15,0.35,0.0017169136429661
2021-06-25,AVGO/MCHP,-0.001,-0.0,1.0,15,0.2105972328877434,-0.0002105972328877
2021-06-25,INTU/ORCL,-0.0042835690290212,-0.0042835690290212,0.0,15,0.1639105114234622,-0.0007021219902645
2021-06-28,CSX/NSC,0.0,0.0,0.0,15,0.2754922556887944,0.0
2021-06-28,COST/WMT,-0.0038876708150273,-0.0038876708150273,0.0,15,0.35,-0.0013606847852595
2021-06-28,AVGO/MCHP,0.0030145180088781,0.0040145180088781,1.0,15,0.2105972328877434,0.0006348491511599
2021-06-28,INTU/ORCL,0.0002048580035971,0.0002048580035971,0.0,15,0.1639105114234622,3.357838013879014e-05
2021-06-29,CSX/NSC,-0.0,-0.0,0.0,15,0.2754922556887944,-0.0
2021-06-29,COST/WMT,-0.0057474434850659,-0.0057474434850659,0.0,15,0.35,-0.002011605219773
2021-06-29,AVGO/MCHP,0.004154488917404,0.004154488917404,0.0,15,0.2105972328877434,0.000874923870068
2021-06-29,INTU/ORCL,0.0062938009224911,0.0062938009224911,0.0,15,0.1639105114234622,0.0010316201280029
2021-06-30,CSX/NSC,0.0,0.0,0.0,15,0.2754922556887944,0.0
2021-06-30,COST/WMT,0.0197054116964651,0.0197054116964651,0.0,15,0.35,0.0068968940937627
2021-06-30,AVGO/MCHP,0.0077638874111637,0.0077638874111637,0.0,15,0.2105972328877434,0.001635053205243
2021-06-30,INTU/ORCL,0.0015665512500076,0.0015665512500076,0.0,15,0.1639105114234622,0.0002567742165598
2021-07-01,CSX/NSC,-0.0,-0.0,0.0,15,0.2754922556887944,-0.0
2021-07-01,COST/WMT,-0.0063181731380113,-0.0063181731380113,0.0,15,0.35,-0.0022113605983039
2021-07-01,AVGO/MCHP,-0.0034707961753612,-0.0034707961753612,0.0,15,0.2105972328877434,-0.0007309400704484
2021-07-01,INTU/ORCL,-0.0147036540347668,-0.0147036540347668,0.0,15,0.1639105114234622,-0.0024100834526322
2021-07-02,CSX/NSC,0.0,0.0,0.0,15,0.2754922556887944,0.0
2021-07-02,COST/WMT,-0.0008023353705498,-0.0008023353705498,0.0,15,0.35,-0.0002808173796924
2021-07-02,AVGO/MCHP,-0.0033706189617387,-0.0033706189617387,0.0,15,0.2105972328877434,-0.0007098430264611
2021-07-02,INTU/ORCL,-0.0159303118479902,-0.0159303118479902,0.0,15,0.1639105114234622,-0.0026111455621393
2021-07-06,CSX/NSC,-0.0,-0.0,0.0,15,0.2754922556887944,-0.0
2021-07-06,COST/WMT,-0.0006700142964067,-0.0006700142964067,0.0,15,0.35,-0.0002345050037423
2021-07-06,AVGO/MCHP,0.0122855753223252,0.0122855753223252,0.0,15,0.2105972328877434,0.0025873081673156
2021-07-06,INTU/ORCL,-0.001,0.0,1.0,15,0.1639105114234622,-0.0001639105114234
2021-07-07,NSC/UNP,0.0,0.0,0.0,16,0.3251229499155665,0.0
2021-07-07,AVGO/MCHP,0.0,0.0,0.0,16,0.2336159776654101,0.0
2021-07-07,ADSK/INTU,0.0,0.0,0.0,16,0.187238795426216,0.0
2021-07-07,AXP/COF,0.0,0.0,0.0,16,0.2540222769928072,0.0
2021-07-08,NSC/UNP,0.0,0.0,0.0,16,0.3251229499155665,0.0
2021-07-08,AVGO/MCHP,0.0,0.0,0.0,16,0.2336159776654101,0.0
2021-07-08,ADSK/INTU,0.0,0.0,0.0,16,0.187238795426216,0.0
2021-07-08,AXP/COF,-0.0,-0.0,0.0,16,0.2540222769928072,-0.0
2021-07-09,NSC/UNP,0.0080927745663848,0.0090927745663848,1.0,16,0.3251229499155665,0.0026311467400246
2021-07-09,AVGO/MCHP,0.0,0.0,0.0,16,0.2336159776654101,0.0
2021-07-09,ADSK/INTU,-0.0,-0.0,0.0,16,0.187238795426216,-0.0
2021-07-09,AXP/COF,-0.0,-0.0,0.0,16,0.2540222769928072,-0.0
2021-07-12,NSC/UNP,-0.0019990443721269,-0.0019990443721269,0.0,16,0.3251229499155665,-0.000649935203278
2021-07-12,AVGO/MCHP,0.0,0.0,0.0,16,0.2336159776654101,0.0
2021-07-12,ADSK/INTU,0.0,0.0,0.0,16,0.187238795426216,0.0
2021-07-12,AXP/COF,-0.0,-0.0,0.0,16,0.2540222769928072,-0.0
2021-07-13,NSC/UNP,0.0041860403045551,0.0041860403045551,0.0,16,0.3251229499155665,0.0013609777722824
2021-07-13,AVGO/MCHP,0.0,0.0,0.0,16,0.2336159776654101,0.0
2021-07-13,ADSK/INTU,-0.0,-0.0,0.0,16,0.187238795426216,-0.0
2021-07-13,AXP/COF,0.0,0.0,0.0,16,0.2540222769928072,0.0
2021-07-14,NSC/UNP,-0.0013522662767717,-0.0013522662767717,0.0,16,0.3251229499155665,-0.0004396528009753
2021-07-14,AVGO/MCHP,-0.0,-0.0,0.0,16,0.2336159776654101,-0.0
2021-07-14,ADSK/INTU,-0.0,-0.0,0.0,16,0.187238795426216,-0.0
2021-07-14,AXP/COF,0.0,0.0,0.0,16,0.2540222769928072,0.0
2021-07-15,NSC/UNP,0.0030979080475167,0.0030979080475167,0.0,16,0.3251229499155665,0.0010072010029758
2021-07-15,AVGO/MCHP,0.0,0.0,0.0,16,0.2336159776654101,0.0
2021-07-15,ADSK/INTU,0.0,0.0,0.0,16,0.187238795426216,0.0
2021-07-15,AXP/COF,-0.0,-0.0,0.0,16,0.2540222769928072,-0.0
2021-07-16,NSC/UNP,-0.0010767691655949,-0.0010767691655949,0.0,16,0.3251229499155665,-0.0003500823674963
2021-07-16,AVGO/MCHP,-0.0,-0.0,0.0,16,0.2336159776654101,-0.0
2021-07-16,ADSK/INTU,-0.0,-0.0,0.0,16,0.187238795426216,-0.0
2021-07-16,AXP/COF,-0.0,-0.0,0.0,16,0.2540222769928072,-0.0
2021-07-19,NSC/UNP,-0.0013704584362427,-0.0013704584362427,0.0,16,0.3251229499155665,-0.0004455674895279
2021-07-19,AVGO/MCHP,0.0,0.0,0.0,16,0.2336159776654101,0.0
2021-07-19,ADSK/INTU,0.0,0.0,0.0,16,0.187238795426216,0.0
2021-07-19,AXP/COF,-0.0,-0.0,0.0,16,0.2540222769928072,-0.0
2021-07-20,NSC/UNP,0.0024192669271411,0.0024192669271411,0.0,16,0.3251229499155665,0.0007865591999852
2021-07-20,AVGO/MCHP,-0.0,-0.0,0.0,16,0.2336159776654101,-0.0
2021-07-20,ADSK/INTU,-0.0,-0.0,0.0,16,0.187238795426216,-0.0
2021-07-20,AXP/COF,0.0095655490843348,0.0105655490843348,1.0,16,0.2540222769928072,0.0024298625590891
2021-07-21,NSC/UNP,0.0023378166627744,0.0023378166627744,0.0,16,0.3251229499155665,0.0007600778497629
2021-07-21,AVGO/MCHP,0.0,0.0,0.0,16,0.2336159776654101,0.0
2021-07-21,ADSK/INTU,-0.0,-0.0,0.0,16,0.187238795426216,-0.0
2021-07-21,AXP/COF,-0.0006331768090819,-0.0006331768090819,0.0,16,0.2540222769928072,-0.000160841014782
2021-07-22,NSC/UNP,-0.0003346744696374,-0.0003346744696374,0.0,16,0.3251229499155665,-0.0001088103508299
2021-07-22,AVGO/MCHP,0.0,0.0,0.0,16,0.2336159776654101,0.0
2021-07-22,ADSK/INTU,-0.0,-0.0,0.0,16,0.187238795426216,-0.0
2021-07-22,AXP/COF,-0.0011176018041557,-0.0011176018041557,0.0,16,0.2540222769928072,-0.0002838957550629
2021-07-23,NSC/UNP,0.0008941529938688,0.0008941529938688,0.0,16,0.3251229499155665,0.0002907096590424
2021-07-23,AVGO/MCHP,0.0,0.0,0.0,16,0.2336159776654101,0.0
2021-07-23,ADSK/INTU,0.0,0.0,0.0,16,0.187238795426216,0.0
2021-07-23,AXP/COF,0.0113205920682203,0.0113205920682203,0.0,16,0.2540222769928072,0.002875682574076
2021-07-26,NSC/UNP,-0.0001677823613585,-0.0001677823613585,0.0,16,0.3251229499155665,-5.454989626867508e-05
2021-07-26,AVGO/MCHP,-0.0,-0.0,0.0,16,0.2336159776654101,-0.0
2021-07-26,ADSK/INTU,-0.0,-0.0,0.0,16,0.187238795426216,-0.0
2021-07-26,AXP/COF,-0.0076903882058868,-0.0076903882058868,0.0,16,0.2540222769928072,-0.0019535299230179
2021-07-27,NSC/UNP,0.0014095385913465,0.0014095385913465,0.0,16,0.3251229499155665,0.0004582733448384
2021-07-27,AVGO/MCHP,0.0,0.0,0.0,16,0.2336159776654101,0.0
2021-07-27,ADSK/INTU,-0.0,-0.0,0.0,16,0.187238795426216,-0.0
2021-07-27,AXP/COF,0.0006346588420743,0.0006346588420743,0.0,16,0.2540222769928072,0.0001612174841773
2021-07-28,NSC/UNP,-0.006574918156538,-0.006574918156538,0.0,16,0.3251229499155665,-0.002137656786507
2021-07-28,AVGO/MCHP,-0.0,-0.0,0.0,16,0.2336159776654101,-0.0
2021-07-28,ADSK/INTU,-0.0,-0.0,0.0,16,0.187238795426216,-0.0
2021-07-28,AXP/COF,-0.0071509282610483,-0.0071509282610483,0.0,16,0.2540222769928072,-0.0018164950794837
2021-07-29,NSC/UNP,-0.0034716804030794,-0.0034716804030794,0.0,16,0.3251229499155665,-0.0011287229738132
2021-07-29,AVGO/MCHP,-0.0,-0.0,0.0,16,0.2336159776654101,-0.0
2021-07-29,ADSK/INTU,-0.0,-0.0,0.0,16,0.187238795426216,-0.0
2021-07-29,AXP/COF,0.0004057080375615,0.0004057080375615,0.0,16,0.2540222769928072,0.0001030588794956
2021-07-30,NSC/UNP,-0.0004965106079639,-0.0004965106079639,0.0,16,0.3251229499155665,-0.0001614269935255
2021-07-30,AVGO/MCHP,-0.0,-0.0,0.0,16,0.2336159776654101,-0.0
2021-07-30,ADSK/INTU,0.0033786475767125,0.0043786475767125,1.0,16,0.187238795426216,0.0006326139024333
2021-07-30,AXP/COF,0.0005623224879307,0.0005623224879307,0.0,16,0.2540222769928072,0.0001428424387884
2021-08-02,NSC/UNP,0.0001992503091407,0.0001992503091407,0.0,16,0.3251229499155665,6.478084827941295e-05
2021-08-02,AVGO/MCHP,-0.0,-0.0,0.0,16,0.2336159776654101,-0.0
2021-08-02,ADSK/INTU,-0.0039680790027818,-0.0039680790027818,0.0,16,0.187238795426216,-0.0007429783326369
2021-08-02,AXP/COF,-0.0003777596750878,-0.0003777596750878,0.0,16,0.2540222769928072,-9.5959372821866e-05
2021-08-03,NSC/UNP,-0.001881914460485,-0.001881914460485,0.0,16,0.3251229499155665,-0.0006118535808816
2021-08-03,AVGO/MCHP,-0.0035908461111332,-0.0025908461111332,1.0,16,0.2336159776654101,-0.0008388790248984
2021-08-03,ADSK/INTU,-0.0036812211350482,-0.0036812211350482,0.0,16,0.187238795426216,-0.0006892674110239
2021-08-03,AXP/COF,-0.0041770722283188,-0.0041770722283188,0.0,16,0.2540222769928072,-0.0010610693986009
2021-08-04,NSC/UNP,-0.0028575229151539,-0.0028575229151539,0.0,16,0.3251229499155665,-0.0009290462796261
2021-08-04,AVGO/MCHP,-0.000692521209968,-0.000692521209968,0.0,16,0.2336159776654101,-0.0001617840195207
2021-08-04,ADSK/INTU,0.0049676599005835,0.0049676599005835,0.0,16,0.187238795426216,0.0009301386558723
2021-08-04,AXP/COF,-0.0028446752787674,-0.0028446752787674,0.0,16,0.2540222769928072,-0.0007226108916176
2021-08-05,NSC/UNP,-0.001,0.0,1.0,16,0.3251229499155665,-0.0003251229499155
2021-08-05,AVGO/MCHP,-0.0064381575359105,-0.0064381575359105,0.0,16,0.2336159776654101,-0.0015040564671156
2021-08-05,ADSK/INTU,0.0025319702333736,0.0025319702333736,0.0,16,0.187238795426216,0.0004740830565519
2021-08-05,AXP/COF,0.0005316098946751,0.0005316098946751,0.0,16,0.2540222769928072,0.0001350407559172
2021-08-06,NSC/UNP,-0.0,-0.0,0.0,16,0.3251229499155665,-0.0
2021-08-06,AVGO/MCHP,-0.0025857994287239,-0.0025857994287239,0.0,16,0.2336159776654101,-0.0006040840615879
2021-08-06,ADSK/INTU,-0.0089156535378132,-0.0089156535378132,0.0,16,0.187238795426216,-0.0016693562288576
2021-08-06,AXP/COF,-0.0038298133556977,-0.0038298133556977,0.0,16,0.2540222769928072,-0.0009728579090717
2021-08-09,NSC/UNP,-0.0,-0.0,0.0,16,0.3251229499155665,-0.0
2021-08-09,AVGO/MCHP,-0.0002914065848227,-0.0002914065848227,0.0,16,0.2336159776654101,-6.807723421149334e-05
2021-08-09,ADSK/INTU,0.0010695968683945,0.0010695968683945,0.0,16,0.187238795426216,0.0002002700292298
2021-08-09,AXP/COF,-0.0026490817611335,-0.0026490817611335,0.0,16,0.2540222769928072,-0.0006729257809032
2021-08-10,NSC/UNP,-0.0,-0.0,0.0,16,0.3251229499155665,-0.0
2021-08-10,AVGO/MCHP,-0.0056823398141094,-0.0056823398141094,0.0,16,0.2336159776654101,-0.0013274853711002
2021-08-10,ADSK/INTU,-0.0040383301987601,-0.0040383301987601,0.0,16,0.187238795426216,-0.0007561320819491
2021-08-10,AXP/COF,-0.0153483345453089,-0.0153483345453089,0.0,16,0.2540222769928072,-0.0038988188892467
2021-08-11,NSC/UNP,0.0,0.0,0.0,16,0.3251229499155665,0.0
2021-08-11,AVGO/MCHP,0.0016697330846524,0.0016697330846524,0.0,16,0.2336159776654101,0.0003900763270113
2021-08-11,ADSK/INTU,0.005530918815262,0.005530918815262,0.0,16,0.187238795426216,0.0010356025765698
2021-08-11,AXP/COF,-0.0050105438688746,-0.0050105438688746,0.0,16,0.2540222769928072,-0.0012727897625438
2021-08-12,NSC/UNP,-0.0,-0.0,0.0,16,0.3251229499155665,-0.0
2021-08-12,AVGO/MCHP,-0.0009614083792216,-0.0009614083792216,0.0,16,0.2336159776654101,-0.0002246003584475
2021-08-12,ADSK/INTU,0.0012939490599165,0.0012939490599165,0.0,16,0.187238795426216,0.0002422774633216
2021-08-12,AXP/COF,-0.0130148087930718,-0.0130148087930718,0.0,16,0.2540222769928072,-0.0033060513642421
2021-08-13,NSC/UNP,0.0,0.0,0.0,16,0.3251229499155665,0.0
2021-08-13,AVGO/MCHP,0.0012053946469795,0.0012053946469795,0.0,16,0.2336159776654101,0.0002815994489267
2021-08-13,ADSK/INTU,0.0034643788221131,0.0034643788221131,0.0,16,0.187238795426216,0.0006486661175525
2021-08-13,AXP/COF,-0.0104879939831796,-0.0104879939831796,0.0,16,0.2540222769928072,-0.0026641841126941
2021-08-16,NSC/UNP,-0.0,-0.0,0.0,16,0.3251229499155665,-0.0
2021-08-16,AVGO/MCHP,0.0055247167354902,0.0055247167354902,0.0,16,0.2336159776654101,0.0012906621014859
2021-08-16,ADSK/INTU,0.0055371712276702,0.0055371712276702,0.0,16,0.187238795426216,0.0010367732707376
2021-08-16,AXP/COF,-0.001,-0.0,1.0,16,0.2540222769928072,-0.0002540222769928
2021-08-17,NSC/UNP,0.0,0.0,0.0,16,0.3251229499155665,0.0
2021-08-17,AVGO/MCHP,0.0012262823644962,0.0012262823644962,0.0,16,0.2336159776654101,0.0002864791534756
2021-08-17,ADSK/INTU,-0.0014067664660272,-0.0014067664660272,0.0,16,0.187238795426216,-0.0002634012585449
2021-08-17,AXP/COF,0.0,0.0,0.0,16,0.2540222769928072,0.0
2021-08-18,NSC/UNP,-0.0,-0.0,0.0,16,0.3251229499155665,-0.0
2021-08-18,AVGO/MCHP,-0.0064377804453473,-0.0064377804453473,0.0,16,0.2336159776654101,-0.001503968372735
2021-08-18,ADSK/INTU,-0.0018375383148004,-0.0018375383148004,0.0,16,0.187238795426216,-0.0003440584606127
2021-08-18,AXP/COF,-0.0,-0.0,0.0,16,0.2540222769928072,-0.0
2021-08-19,NSC/UNP,0.0,0.0,0.0,16,0.3251229499155665,0.0
2021-08-19,AVGO/MCHP,0.0028974156501602,0.0028974156501602,0.0,16,0.2336159776654101,0.0006768825898152
2021-08-19,ADSK/INTU,0.0036314232781939,0.0036314232781939,0.0,16,0.187238795426216,0.0006799433202917
2021-08-19,AXP/COF,-0.0,-0.0,0.0,16,0.2540222769928072,-0.0
2021-08-20,NSC/UNP,-0.0,-0.0,0.0,16,0.3251229499155665,-0.0
2021-08-20,AVGO/MCHP,0.0003986761887711,0.0003986761887711,0.0,16,0.2336159776654101,9.313712761168016e-05
2021-08-20,ADSK/INTU,-0.0027139509798653,-0.0027139509798653,0.0,16,0.187238795426216,-0.0005081569123157
2021-08-20,AXP/COF,0.0,0.0,0.0,16,0.2540222769928072,0.0
2021-08-23,NSC/UNP,-0.0,-0.0,0.0,16,0.3251229499155665,-0.0
2021-08-23,AVGO/MCHP,0.0005872577775751,0.0005872577775751,0.0,16,0.2336159776654101,0.0001371927998498
2021-08-23,ADSK/INTU,0.0052109471840151,0.0052109471840151,0.0,16,0.187238795426216,0.0009756914737646
2021-08-23,AXP/COF,-0.0,-0.0,0.0,16,0.2540222769928072,-0.0
2021-08-24,NSC/UNP,0.0,0.0,0.0,16,0.3251229499155665,0.0
2021-08-24,AVGO/MCHP,-0.0017229900680397,-0.0017229900680397,0.0,16,0.2336159776654101,-0.0004025180092528
2021-08-24,ADSK/INTU,-0.0033498619290996,-0.0033498619290996,0.0,16,0.187238795426216,-0.0006272241124487
2021-08-24,AXP/COF,0.0,0.0,0.0,16,0.2540222769928072,0.0
2021-08-25,NSC/UNP,-0.0,-0.0,0.0,16,0.3251229499155665,-0.0
2021-08-25,AVGO/MCHP,-0.0068747226152448,-0.0068747226152448,0.0,16,0.2336159776654101,-0.0016060450449389
2021-08-25,ADSK/INTU,0.0003590929367843,0.0003590929367843,0.0,16,0.187238795426216,6.723612892955469e-05
2021-08-25,AXP/COF,0.0,0.0,0.0,16,0.2540222769928072,0.0
2021-08-26,NSC/UNP,0.0,0.0,0.0,16,0.3251229499155665,0.0
2021-08-26,AVGO/MCHP,-0.0091501106600696,-0.0091501106600696,0.0,16,0.2336159776654101,-0.0021376120475988
2021-08-26,ADSK/INTU,-0.001,0.0,1.0,16,0.187238795426216,-0.0001872387954262
2021-08-26,AXP/COF,-0.0038419103375951,-0.0028419103375951,1.0,16,0.2540222769928072,-0.0009759308119581
2021-08-27,NSC/UNP,-0.0,-0.0,0.0,16,0.3251229499155665,-0.0
2021-08-27,AVGO/MCHP,0.0035890799637615,0.0035890799637615,0.0,16,0.2336159776654101,0.0008384664246534
2021-08-27,ADSK/INTU,0.0,0.0,0.0,16,0.187238795426216,0.0
2021-08-27,AXP/COF,-0.001719179706453,-0.001719179706453,0.0,16,0.2540222769928072,-0.000436709943593
2021-08-30,NSC/UNP,0.0,0.0,0.0,16,0.3251229499155665,0.0
2021-08-30,AVGO/MCHP,-0.001,0.0,1.0,16,0.2336159776654101,-0.0002336159776654
2021-08-30,ADSK/INTU,-0.0033981863833133,-0.0023981863833133,1.0,16,0.187238795426216,-0.0006362723250453
2021-08-30,AXP/COF,-0.0084457012704519,-0.0084457012704519,0.0,16,0.2540222769928072,-0.0021453962675212
2021-08-31,NSC/UNP,0.0,0.0,0.0,16,0.3251229499155665,0.0
2021-08-31,AVGO/MCHP,0.0,0.0,0.0,16,0.2336159776654101,0.0
2021-08-31,ADSK/INTU,-0.0047135359840385,-0.0047135359840385,0.0,16,0.187238795426216,-0.0008825567998494
2021-08-31,AXP/COF,-0.0043289757438903,-0.0043289757438903,0.0,16,0.2540222769928072,-0.0010996562755096
2021-09-01,NSC/UNP,0.0,0.0,0.0,16,0.3251229499155665,0.0
2021-09-01,AVGO/MCHP,-0.0,-0.0,0.0,16,0.2336159776654101,-0.0
2021-09-01,ADSK/INTU,-0.0054831062347275,-0.0054831062347275,0.0,16,0.187238795426216,-0.0010266502065843
2021-09-01,AXP/COF,-0.0048413121407757,-0.0048413121407757,0.0,16,0.2540222769928072,-0.0012298011336327
2021-09-02,NSC/UNP,-0.0,-0.0,0.0,16,0.3251229499155665,-0.0
2021-09-02,AVGO/MCHP,-0.0,-0.0,0.0,16,0.2336159776654101,-0.0
2021-09-02,ADSK/INTU,-0.0168402106693347,-0.0168402106693347,0.0,16,0.187238795426216,-0.0031531407604499
2021-09-02,AXP/COF,0.0047049482505305,0.0047049482505305,0.0,16,0.2540222769928072,0.001195161667733
2021-09-03,NSC/UNP,-0.0,-0.0,0.0,16,0.3251229499155665,-0.0
2021-09-03,AVGO/MCHP,0.0,0.0,0.0,16,0.2336159776654101,0.0
2021-09-03,ADSK/INTU,-0.0020075998773449,-0.0020075998773449,0.0,16,0.187238795426216,-0.0003759005827318
2021-09-03,AXP/COF,0.0031709886886361,0.0031709886886361,0.0,16,0.2540222769928072,0.0008055017670057
2021-09-07,NSC/UNP,-0.0,-0.0,0.0,16,0.3251229499155665,-0.0
2021-09-07,AVGO/MCHP,0.0,0.0,0.0,16,0.2336159776654101,0.0
2021-09-07,ADSK/INTU,0.0012437205901674,0.0012437205901674,0.0,16,0.187238795426216,0.0002328727451497
2021-09-07,AXP/COF,-0.002421121939047,-0.002421121939047,0.0,16,0.2540222769928072,-0.0006150189078339
2021-09-08,NSC/UNP,0.0,0.0,0.0,16,0.3251229499155665,0.0
2021-09-08,AVGO/MCHP,0.0,0.0,0.0,16,0.2336159776654101,0.0
2021-09-08,ADSK/INTU,-0.0048442553500617,-0.0048442553500617,0.0,16,0.187238795426216,-0.0009070325364825
2021-09-08,AXP/COF,-0.0029792911269494,-0.0029792911269494,0.0,16,0.2540222769928072,-0.0007568063158921
2021-09-09,NSC/UNP,-0.0,-0.0,0.0,16,0.3251229499155665,-0.0
2021-09-09,AVGO/MCHP,-0.0,-0.0,0.0,16,0.2336159776654101,-0.0
2021-09-09,ADSK/INTU,-0.0027236266216259,-0.0027236266216259,0.0,16,0.187238795426216,-0.000509968567824
2021-09-09,AXP/COF,0.0013218371200203,0.0013218371200203,0.0,16,0.2540222769928072,0.0003357760750411
2021-09-10,NSC/UNP,-0.0061387603632157,-0.0051387603632157,1.0,16,0.3251229499155665,-0.0019958518781134
2021-09-10,AVGO/MCHP,0.0,0.0,0.0,16,0.2336159776654101,0.0
2021-09-10,ADSK/INTU,-0.0040494080269891,-0.0040494080269891,0.0,16,0.187238795426216,-0.0007582062811626
2021-09-10,AXP/COF,0.0019542394198373,0.0019542394198373,0.0,16,0.2540222769928072,0.0004964203472161
2021-09-13,NSC/UNP,0.0002565053757855,0.0002565053757855,0.0,16,0.3251229499155665,8.339578444458269e-05
2021-09-13,AVGO/MCHP,-0.0,-0.0,0.0,16,0.2336159776654101,-0.0
2021-09-13,ADSK/INTU,0.0062835671237778,0.0062835671237778,0.0,16,0.187238795426216,0.0011765275392359
2021-09-13,AXP/COF,-0.0016344328290946,-0.0016344328290946,0.0,16,0.2540222769928072,-0.0004151823488384
2021-09-14,NSC/UNP,-0.007515302110428,-0.007515302110428,0.0,16,0.3251229499155665,-0.002443397191649
2021-09-14,AVGO/MCHP,0.0,0.0,0.0,16,0.2336159776654101,0.0
2021-09-14,ADSK/INTU,-0.0145034338493605,-0.0145034338493605,0.0,16,0.187238795426216,-0.002715605483498
2021-09-14,AXP/COF,-0.0041282255802084,-0.0041282255802084,0.0,16,0.2540222769928072,-0.0010486612618244
2021-09-15,NSC/UNP,-0.0047579825743381,-0.0047579825743381,0.0,16,0.3251229499155665,-0.0015469293302156
2021-09-15,AVGO/MCHP,0.0,0.0,0.0,16,0.2336159776654101,0.0
2021-09-15,ADSK/INTU,0.0061591509604453,0.0061591509604453,0.0,16,0.187238795426216,0.0011532320066819
2021-09-15,AXP/COF,0.0047435774860399,0.0047435774860399,0.0,16,0.2540222769928072,0.0012049743540956
2021-09-16,NSC/UNP,-0.0010665732377259,-0.0010665732377259,0.0,16,0.3251229499155665,-0.0003467674373504
2021-09-16,AVGO/MCHP,-0.0,-0.0,0.0,16,0.2336159776654101,-0.0
2021-09-16,ADSK/INTU,0.0047672038414222,0.0047672038414222,0.0,16,0.187238795426216,0.0008926055048191
2021-09-16,AXP/COF,-0.0016154615506144,-0.0016154615506144,0.0,16,0.2540222769928072,-0.0004103632214814
2021-09-17,NSC/UNP,-0.0017954668940786,-0.0017954668940786,0.0,16,0.3251229499155665,-0.0005837474930785
2021-09-17,AVGO/MCHP,0.0,0.0,0.0,16,0.2336159776654101,0.0
2021-09-17,ADSK/INTU,0.0082422848412602,0.0082422848412602,0.0,16,0.187238795426216,0.0015432754852373
2021-09-17,AXP/COF,-0.0062544793230951,-0.0062544793230951,0.0,16,0.2540222769928072,-0.001588777079057
2021-09-20,NSC/UNP,-0.0016956545179907,-0.0016956545179907,0.0,16,0.3251229499155665,-0.0005512961989267
2021-09-20,AVGO/MCHP,-0.0,-0.0,0.0,16,0.2336159776654101,-0.0
2021-09-20,ADSK/INTU,0.0018328087172707,0.0018328087172707,0.0,16,0.187238795426216,0.0003431728964684
2021-09-20,AXP/COF,0.0041994155317094,0.0041994155317094,0.0,16,0.2540222769928072,0.0010667450954037
2021-09-21,NSC/UNP,0.0007909206910745,0.0007909206910745,0.0,16,0.3251229499155665,0.0002571464682313
2021-09-21,AVGO/MCHP,-0.0,-0.0,0.0,16,0.2336159776654101,-0.0
2021-09-21,ADSK/INTU,-0.0014987942859745,-0.0014987942859745,0.0,16,0.187238795426216,-0.0002806324366975
2021-09-21,AXP/COF,-0.0097387499018622,-0.0097387499018622,0.0,16,0.2540222769928072,-0.0024738594251345
2021-09-22,NSC/UNP,0.0035733186127291,0.0035733186127291,0.0,16,0.3251229499155665,0.0011617678883586
2021-09-22,AVGO/MCHP,0.0,0.0,0.0,16,0.2336159776654101,0.0
2021-09-22,ADSK/INTU,-0.0037714550136015,-0.0037714550136015,0.0,16,0.187238795426216,-0.0007061626937509
2021-09-22,AXP/COF,-0.0074691740897339,-0.0074691740897339,0.0,16,0.2540222769928072,-0.0018973366095298
2021-09-23,NSC/UNP,0.0052090776794167,0.0052090776794167,0.0,16,0.3251229499155665,0.0016935907014712
2021-09-23,AVGO/MCHP,-0.0,-0.0,0.0,16,0.2336159776654101,-0.0
2021-09-23,ADSK/INTU,-0.0078336969246464,-0.0078336969246464,0.0,16,0.187238795426216,-0.0014667719759048
2021-09-23,AXP/COF,-0.001,0.0,1.0,16,0.2540222769928072,-0.0002540222769928
2021-09-24,NSC/UNP,0.0003154310584594,0.0003154310584594,0.0,16,0.3251229499155665,0.0001025538762213
2021-09-24,AVGO/MCHP,0.0,0.0,0.0,16,0.2336159776654101,0.0
2021-09-24,ADSK/INTU,0.0028046678125883,0.0028046678125883,0.0,16,0.187238795426216,0.0005251426227997
2021-09-24,AXP/COF,0.0,0.0,0.0,16,0.2540222769928072,0.0
2021-09-27,NSC/UNP,-0.0005743859517669,-0.0005743859517669,0.0,16,0.3251229499155665,-0.0001867460550285
2021-09-27,AVGO/MCHP,-0.0,-0.0,0.0,16,0.2336159776654101,-0.0
2021-09-27,ADSK/INTU,-0.001,-0.0,1.0,16,0.187238795426216,-0.0001872387954262
2021-09-27,AXP/COF,-0.0,-0.0,0.0,16,0.2540222769928072,-0.0
2021-09-28,NSC/UNP,-0.0069435883501877,-0.0069435883501877,0.0,16,0.3251229499155665,-0.0022575199274123
2021-09-28,AVGO/MCHP,0.0,0.0,0.0,16,0.2336159776654101,0.0
2021-09-28,ADSK/INTU,-0.0,-0.0,0.0,16,0.187238795426216,-0.0
2021-09-28,AXP/COF,-0.0,-0.0,0.0,16,0.2540222769928072,-0.0
2021-09-29,NSC/UNP,0.0033281020242145,0.0033281020242145,0.0,16,0.3251229499155665,0.0010820423477325
2021-09-29,AVGO/MCHP,0.0,0.0,0.0,16,0.2336159776654101,0.0
2021-09-29,ADSK/INTU,0.0009483741347934,0.0019483741347934,1.0,16,0.187238795426216,0.000177572430612
2021-09-29,AXP/COF,-0.0,-0.0,0.0,16,0.2540222769928072,-0.0
2021-09-30,NSC/UNP,-0.0063385373603799,-0.0063385373603799,0.0,16,0.3251229499155665,-0.0020608039647567
2021-09-30,AVGO/MCHP,0.0056513639851928,0.0066513639851928,1.0,16,0.2336159776654101,0.0013202489225439
2021-09-30,ADSK/INTU,-0.0044026363166616,-0.0044026363166616,0.0,16,0.187238795426216,-0.0008243443206314
2021-09-30,AXP/COF,-0.0,-0.0,0.0,16,0.2540222769928072,-0.0
2021-10-01,NSC/UNP,0.0080829141047843,0.0080829141047843,0.0,16,0.3251229499155665,0.0026279408776616
2021-10-01,AVGO/MCHP,-0.0050273969226842,-0.0050273969226842,0.0,16,0.2336159776654101,-0.0011744802472049
2021-10-01,ADSK/INTU,0.0065519567490952,0.0065519567490952,0.0,16,0.187238795426216,0.0012267804893852
2021-10-01,AXP/COF,0.0,0.0,0.0,16,0.2540222769928072,0.0
2021-10-04,NSC/UNP,0.0023085536114215,0.0023085536114215,0.0,16,0.3251229499155665,0.0007505637601835
2021-10-04,AVGO/MCHP,-0.0021588296053649,-0.0021588296053649,0.0,16,0.2336159776654101,-0.0005043370888703
2021-10-04,ADSK/INTU,-0.0054510680491821,-0.0054510680491821,0.0,16,0.187238795426216,-0.0010206514153151
2021-10-04,AXP/COF,-0.0,-0.0,0.0,16,0.2540222769928072,-0.0
2021-10-05,COST/WMT,-0.0,-0.0,0.0,17,0.2446541263420631,-0.0
2021-10-05,AXP/COF,0.0,0.0,0.0,17,0.2175579183300844,0.0
2021-10-05,ADI/MCHP,0.0,0.0,0.0,17,0.1877879553278525,0.0
2021-10-05,HD/LOW,0.0,0.0,0.0,17,0.35,0.0
2021-10-06,COST/WMT,0.0,0.0,0.0,17,0.2446541263420631,0.0
2021-10-06,AXP/COF,-0.0,-0.0,0.0,17,0.2175579183300844,-0.0
2021-10-06,ADI/MCHP,0.0,0.0,0.0,17,0.1877879553278525,0.0
2021-10-06,HD/LOW,0.0,0.0,0.0,17,0.35,0.0
2021-10-07,COST/WMT,0.0,0.0,0.0,17,0.2446541263420631,0.0
2021-10-07,AXP/COF,0.0,0.0,0.0,17,0.2175579183300844,0.0
2021-10-07,ADI/MCHP,-0.0,-0.0,0.0,17,0.1877879553278525,-0.0
2021-10-07,HD/LOW,0.0,0.0,0.0,17,0.35,0.0
2021-10-08,COST/WMT,0.0,0.0,0.0,17,0.2446541263420631,0.0
2021-10-08,AXP/COF,0.0,0.0,0.0,17,0.2175579183300844,0.0
2021-10-08,ADI/MCHP,0.0,0.0,0.0,17,0.1877879553278525,0.0
2021-10-08,HD/LOW,-0.0,-0.0,0.0,17,0.35,-0.0
2021-10-11,COST/WMT,0.0,0.0,0.0,17,0.2446541263420631,0.0
2021-10-11,AXP/COF,0.0,0.0,0.0,17,0.2175579183300844,0.0
2021-10-11,ADI/MCHP,-0.0043870570249486,-0.0033870570249486,1.0,17,0.1877879553278525,-0.0008238364686217
2021-10-11,HD/LOW,-0.0,-0.0,0.0,17,0.35,-0.0
2021-10-12,COST/WMT,0.0,0.0,0.0,17,0.2446541263420631,0.0
2021-10-12,AXP/COF,0.0,0.0,0.0,17,0.2175579183300844,0.0
2021-10-12,ADI/MCHP,0.0060746815845261,0.0060746815845261,0.0,17,0.1877879553278525,0.0011407520340259
2021-10-12,HD/LOW,-0.0,-0.0,0.0,17,0.35,-0.0
2021-10-13,COST/WMT,-0.0,-0.0,0.0,17,0.2446541263420631,-0.0
2021-10-13,AXP/COF,-0.0,-0.0,0.0,17,0.2175579183300844,-0.0
2021-10-13,ADI/MCHP,-0.002586343168159,-0.002586343168159,0.0,17,0.1877879553278525,-0.0004856840953247
2021-10-13,HD/LOW,-0.0,-0.0,0.0,17,0.35,-0.0
2021-10-14,COST/WMT,0.0,0.0,0.0,17,0.2446541263420631,0.0
2021-10-14,AXP/COF,0.0,0.0,0.0,17,0.2175579183300844,0.0
2021-10-14,ADI/MCHP,-0.0017597465518616,-0.0017597465518616,0.0,17,0.1877879553278525,-0.0003304592068693
2021-10-14,HD/LOW,0.0,0.0,0.0,17,0.35,0.0
2021-10-15,COST/WMT,0.0,0.0,0.0,17,0.2446541263420631,0.0
2021-10-15,AXP/COF,0.0,0.0,0.0,17,0.2175579183300844,0.0
2021-10-15,ADI/MCHP,-0.0122320679659381,-0.0122320679659381,0.0,17,0.1877879553278525,-0.0022970350327548
2021-10-15,HD/LOW,0.0,0.0,0.0,17,0.35,0.0
2021-10-18,COST/WMT,-0.0,-0.0,0.0,17,0.2446541263420631,-0.0
2021-10-18,AXP/COF,0.0,0.0,0.0,17,0.2175579183300844,0.0
2021-10-18,ADI/MCHP,0.001027617586017,0.001027617586017,0.0,17,0.1877879553278525,0.000192974205337
2021-10-18,HD/LOW,0.0,0.0,0.0,17,0.35,0.0
2021-10-19,COST/WMT,0.0,0.0,0.0,17,0.2446541263420631,0.0
2021-10-19,AXP/COF,0.0,0.0,0.0,17,0.2175579183300844,0.0
2021-10-19,ADI/MCHP,-0.0059754194758405,-0.0059754194758405,0.0,17,0.1877879553278525,-0.0011221118055943
2021-10-19,HD/LOW,0.0,0.0,0.0,17,0.35,0.0
2021-10-20,COST/WMT,0.0,0.0,0.0,17,0.2446541263420631,0.0
2021-10-20,AXP/COF,-0.0,-0.0,0.0,17,0.2175579183300844,-0.0
2021-10-20,ADI/MCHP,-0.0008348828652866,-0.0008348828652866,0.0,17,0.1877879553278525,-0.0001567809462104
2021-10-20,HD/LOW,-0.0,-0.0,0.0,17,0.35,-0.0
2021-10-21,COST/WMT,-0.0,-0.0,0.0,17,0.2446541263420631,-0.0
2021-10-21,AXP/COF,0.0,0.0,0.0,17,0.2175579183300844,0.0
2021-10-21,ADI/MCHP,-0.0004884416920238,-0.0004884416920238,0.0,17,0.1877879553278525,-9.172346664202608e-05
2021-10-21,HD/LOW,0.0,0.0,0.0,17,0.35,0.0
2021-10-22,COST/WMT,0.0,0.0,0.0,17,0.2446541263420631,0.0
2021-10-22,AXP/COF,0.0,0.0,0.0,17,0.2175579183300844,0.0
2021-10-22,ADI/MCHP,-0.0029013970752715,-0.0029013970752715,0.0,17,0.1877879553278525,-0.0005448474243594
2021-10-22,HD/LOW,-0.0,-0.0,0.0,17,0.35,-0.0
2021-10-25,COST/WMT,0.0,0.0,0.0,17,0.2446541263420631,0.0
2021-10-25,AXP/COF,-0.0,-0.0,0.0,17,0.2175579183300844,-0.0
2021-10-25,ADI/MCHP,-0.0039446040238868,-0.0039446040238868,0.0,17,0.1877879553278525,-0.0007407491242237
2021-10-25,HD/LOW,0.0,0.0,0.0,17,0.35,0.0
2021-10-26,COST/WMT,-0.0,-0.0,0.0,17,0.2446541263420631,-0.0
2021-10-26,AXP/COF,0.0,0.0,0.0,17,0.2175579183300844,0.0
2021-10-26,ADI/MCHP,-0.0083803070219825,-0.0083803070219825,0.0,17,0.1877879553278525,-0.0015737207206777
2021-10-26,HD/LOW,-0.0,-0.0,0.0,17,0.35,-0.0
2021-10-27,COST/WMT,-0.0,-0.0,0.0,17,0.2446541263420631,-0.0
2021-10-27,AXP/COF,0.0,0.0,0.0,17,0.2175579183300844,0.0
2021-10-27,ADI/MCHP,0.0239220962889079,0.0239220962889079,0.0,17,0.1877879553278525,0.00449228154925
2021-10-27,HD/LOW,0.0,0.0,0.0,17,0.35,0.0
2021-10-28,COST/WMT,0.0,0.0,0.0,17,0.2446541263420631,0.0
2021-10-28,AXP/COF,0.0103480364346775,0.0113480364346775,1.0,17,0.2175579183300844,0.0022512972655323
2021-10-28,ADI/MCHP,0.0042154863449311,0.0042154863449311,0.0,17,0.1877879553278525,0.000791617561427
2021-10-28,HD/LOW,-0.0,-0.0,0.0,17,0.35,-0.0
2021-10-29,COST/WMT,0.0,0.0,0.0,17,0.2446541263420631,0.0
2021-10-29,AXP/COF,-0.0011384575651809,-0.0011384575651809,0.0,17,0.2175579183300844,-0.0002476804579878
2021-10-29,ADI/MCHP,-0.0054163049697108,-0.0054163049697108,0.0,17,0.1877879553278525,-0.001017116835694
2021-10-29,HD/LOW,-0.0,-0.0,0.0,17,0.35,-0.0
2021-11-01,COST/WMT,0.0,0.0,0.0,17,0.2446541263420631,0.0
2021-11-01,AXP/COF,0.0039072322678896,0.0039072322678896,0.0,17,0.2175579183300844,0.0008500493186341
2021-11-01,ADI/MCHP,0.0097889559397696,0.0097889559397696,0.0,17,0.1877879553278525,0.0018382480207237
2021-11-01,HD/LOW,-0.0,-0.0,0.0,17,0.35,-0.0
2021-11-02,COST/WMT,-0.0,-0.0,0.0,17,0.2446541263420631,-0.0
2021-11-02,AXP/COF,0.0005822354006248,0.0005822354006248,0.0,17,0.2175579183300844,0.000126669921738
2021-11-02,ADI/MCHP,-0.0005421081364284,-0.0005421081364284,0.0,17,0.1877879553278525,-0.0001018013785064
2021-11-02,HD/LOW,-0.0,-0.0,0.0,17,0.35,-0.0
2021-11-03,COST/WMT,-0.0,-0.0,0.0,17,0.2446541263420631,-0.0
2021-11-03,AXP/COF,0.0072726565599478,0.0072726565599478,0.0,17,0.2175579183300844,0.0015822240219118
2021-11-03,ADI/MCHP,0.0020309471464043,0.0020309471464043,0.0,17,0.1877879553278525,0.0003813874120022
2021-11-03,HD/LOW,0.0,0.0,0.0,17,0.35,0.0
2021-11-04,COST/WMT,-0.0,-0.0,0.0,17,0.2446541263420631,-0.0
2021-11-04,AXP/COF,-0.0008954512742686,-0.0008954512742686,0.0,17,0.2175579183300844,-0.0001948125151958
2021-11-04,ADI/MCHP,0.00901723841672,0.00901723841672,0.0,17,0.1877879553278525,0.0016933287649796
2021-11-04,HD/LOW,-0.0,-0.0,0.0,17,0.35,-0.0
2021-11-05,COST/WMT,-0.0032983420702,-0.0022983420702,1.0,17,0.2446541263420631,-0.000806952997562
2021-11-05,AXP/COF,-0.0104986591190112,-0.0104986591190112,0.0,17,0.2175579183300844,-0.0022840664231892
2021-11-05,ADI/MCHP,-0.001,-0.0,1.0,17,0.1877879553278525,-0.0001877879553278
2021-11-05,HD/LOW,-0.0,-0.0,0.0,17,0.35,-0.0
2021-11-08,COST/WMT,0.0032579408519516,0.0032579408519516,0.0,17,0.2446541263420631,0.0007970686728083
2021-11-08,AXP/COF,-0.009517885625174,-0.009517885625174,0.0,17,0.2175579183300844,-0.0020706913835166
2021-11-08,ADI/MCHP,0.0,0.0,0.0,17,0.1877879553278525,0.0
2021-11-08,HD/LOW,0.0,0.0,0.0,17,0.35,0.0
2021-11-09,COST/WMT,-0.0017110148224422,-0.0017110148224422,0.0,17,0.2446541263420631,-0.0004186068365429
2021-11-09,AXP/COF,0.0003592392832531,0.0003592392832531,0.0,17,0.2175579183300844,7.815535064693599e-05
2021-11-09,ADI/MCHP,0.0,0.0,0.0,17,0.1877879553278525,0.0
2021-11-09,HD/LOW,0.0,0.0,0.0,17,0.35,0.0
2021-11-10,COST/WMT,-0.0029962055743197,-0.0029962055743197,0.0,17,0.2446541263420631,-0.0007330340571264
2021-11-10,AXP/COF,-0.0027464371661632,-0.0027464371661632,0.0,17,0.2175579183300844,-0.0005975091526948
2021-11-10,ADI/MCHP,-0.0,-0.0,0.0,17,0.1877879553278525,-0.0
2021-11-10,HD/LOW,-0.0,-0.0,0.0,17,0.35,-0.0
2021-11-11,COST/WMT,-0.004940301278173,-0.004940301278173,0.0,17,0.2446541263420631,-0.0012086650930779
2021-11-11,AXP/COF,0.0025781833617297,0.0025781833617297,0.0,17,0.2175579183300844,0.0005609042052511
2021-11-11,ADI/MCHP,-0.0,-0.0,0.0,17,0.1877879553278525,-0.0
2021-11-11,HD/LOW,-0.0,-0.0,0.0,17,0.35,-0.0
2021-11-12,COST/WMT,-0.0068513957818833,-0.0068513957818833,0.0,17,0.2446541263420631,-0.0016762222492403
2021-11-12,AXP/COF,-0.0012615767503068,-0.0012615767503068,0.0,17,0.2175579183300844,-0.0002744660116103
2021-11-12,ADI/MCHP,0.0,0.0,0.0,17,0.1877879553278525,0.0
2021-11-12,HD/LOW,0.0,0.0,0.0,17,0.35,0.0
2021-11-15,COST/WMT,-0.0055593340004605,-0.0055593340004605,0.0,17,0.2446541263420631,-0.0013601140029263
2021-11-15,AXP/COF,-0.0051692557119989,-0.0051692557119989,0.0,17,0.2175579183300844,-0.0011246125120183
2021-11-15,ADI/MCHP,0.0,0.0,0.0,17,0.1877879553278525,0.0
2021-11-15,HD/LOW,-0.0,-0.0,0.0,17,0.35,-0.0
2021-11-16,COST/WMT,-0.0206430032522454,-0.0206430032522454,0.0,17,0.2446541263420631,-0.0050503959257544
2021-11-16,AXP/COF,0.0004269782799029,0.0004269782799029,0.0,17,0.2175579183300844,9.289250574783504e-05
2021-11-16,ADI/MCHP,0.0,0.0,0.0,17,0.1877879553278525,0.0
2021-11-16,HD/LOW,0.0,0.0,0.0,17,0.35,0.0
2021-11-17,COST/WMT,-0.0049379128201946,-0.0049379128201946,0.0,17,0.2446541263420631,-0.0012080807469779
2021-11-17,AXP/COF,-0.0007378469893939,-0.0007378469893939,0.0,17,0.2175579183300844,-0.0001605244550586
2021-11-17,ADI/MCHP,0.0,0.0,0.0,17,0.1877879553278525,0.0
2021-11-17,HD/LOW,-0.0032206000453191,-0.0022206000453191,1.0,17,0.35,-0.0011272100158616
2021-11-18,COST/WMT,0.0030040595566176,0.0030040595566176,0.0,17,0.2446541263420631,0.0007349555663038
2021-11-18,AXP/COF,0.0139577677094377,0.0139577677094377,0.0,17,0.2175579183300844,0.0030366228874001
2021-11-18,ADI/MCHP,0.0,0.0,0.0,17,0.1877879553278525,0.0
2021-11-18,HD/LOW,-0.0137331556035804,-0.0137331556035804,0.0,17,0.35,-0.0048066044612531
2021-11-19,COST/WMT,-0.0065269471859208,-0.0065269471859208,0.0,17,0.2446541263420631,-0.0015968445614522
2021-11-19,AXP/COF,0.0044413654185888,0.0044413654185888,0.0,17,0.2175579183300844,0.0009662542150114
2021-11-19,ADI/MCHP,0.0,0.0,0.0,17,0.1877879553278525,0.0
2021-11-19,HD/LOW,-0.0005854867389431,-0.0005854867389431,0.0,17,0.35,-0.00020492035863
2021-11-22,COST/WMT,0.0060779991403178,0.0060779991403178,0.0,17,0.2446541263420631,0.0014870075695822
2021-11-22,AXP/COF,0.014095099874183,0.014095099874183,0.0,17,0.2175579183300844,0.0030665005872818
2021-11-22,ADI/MCHP,-0.0,-0.0,0.0,17,0.1877879553278525,-0.0
2021-11-22,HD/LOW,0.004511054944839,0.004511054944839,0.0,17,0.35,0.0015788692306936
2021-11-23,COST/WMT,0.0003606558295243,0.0003606558295243,0.0,17,0.2446541263420631,8.823593688243967e-05
2021-11-23,AXP/COF,0.0084036571326353,0.0084036571326353,0.0,17,0.2175579183300844,0.0018282821521359
2021-11-23,ADI/MCHP,-0.0,-0.0,0.0,17,0.1877879553278525,-0.0
2021-11-23,HD/LOW,-0.0001101641735373,-0.0001101641735373,0.0,17,0.35,-3.8557460738055e-05
2021-11-24,COST/WMT,-8.686095150012914e-05,-8.686095150012914e-05,0.0,17,0.2446541263420631,-2.125089020250441e-05
2021-11-24,AXP/COF,-0.001,0.0,1.0,17,0.2175579183300844,-0.00021755791833
2021-11-24,ADI/MCHP,-0.0,-0.0,0.0,17,0.1877879553278525,-0.0
2021-11-24,HD/LOW,-0.0042232875318988,-0.0042232875318988,0.0,17,0.35,-0.0014781506361645
2021-11-26,COST/WMT,-0.0043480713799751,-0.0043480713799751,0.0,17,0.2446541263420631,-0.0010637736047407
2021-11-26,AXP/COF,-0.0,-0.0,0.0,17,0.2175579183300844,-0.0
2021-11-26,ADI/MCHP,0.0,0.0,0.0,17,0.1877879553278525,0.0
2021-11-26,HD/LOW,0.0054137010554149,0.0054137010554149,0.0,17,0.35,0.0018947953693952
2021-11-29,COST/WMT,-0.0158031183596274,-0.0158031183596274,0.0,17,0.2446541263420631,-0.0038662981157548
2021-11-29,AXP/COF,0.0087685999543045,0.0097685999543045,1.0,17,0.2175579183300844,0.0019076783527277
2021-11-29,ADI/MCHP,-0.0,-0.0,0.0,17,0.1877879553278525,-0.0
2021-11-29,HD/LOW,-0.004550920559683,-0.004550920559683,0.0,17,0.35,-0.001592822195889
2021-11-30,COST/WMT,0.0020884315010077,0.0020884315010077,0.0,17,0.2446541263420631,0.0005109433843042
2021-11-30,AXP/COF,-0.0029917801883653,-0.0029917801883653,0.0,17,0.2175579183300844,-0.0006508854698819
2021-11-30,ADI/MCHP,-0.0,-0.0,0.0,17,0.1877879553278525,-0.0
2021-11-30,HD/LOW,0.0023938335213701,0.0023938335213701,0.0,17,0.35,0.0008378417324795
2021-12-01,COST/WMT,-0.0084965432769398,-0.0084965432769398,0.0,17,0.2446541263420631,-0.0020787143723472
2021-12-01,AXP/COF,-0.0024999402635592,-0.0024999402635592,0.0,17,0.2175579183300844,-0.0005438817996895
2021-12-01,ADI/MCHP,-0.0,-0.0,0.0,17,0.1877879553278525,-0.0
2021-12-01,HD/LOW,-0.0008952013084386,-0.0008952013084386,0.0,17,0.35,-0.0003133204579535
2021-12-02,COST/WMT,-0.0043587446977333,-0.0043587446977333,0.0,17,0.2446541263420631,-0.001066384875972
2021-12-02,AXP/COF,0.0119494165141706,0.0119494165141706,0.0,17,0.2175579183300844,0.002599690182082
2021-12-02,ADI/MCHP,0.0,0.0,0.0,17,0.1877879553278525,0.0
2021-12-02,HD/LOW,-0.0023516246653633,-0.0023516246653633,0.0,17,0.35,-0.0008230686328771
2021-12-03,COST/WMT,-0.001,0.0,1.0,17,0.2446541263420631,-0.000244654126342
2021-12-03,AXP/COF,0.0009879942491551,0.0009879942491551,0.0,17,0.2175579183300844,0.0002149459721682
2021-12-03,ADI/MCHP,-0.0,-0.0,0.0,17,0.1877879553278525,-0.0
2021-12-03,HD/LOW,-0.0028492646137149,-0.0028492646137149,0.0,17,0.35,-0.0009972426148002
2021-12-06,COST/WMT,0.0,0.0,0.0,17,0.2446541263420631,0.0
2021-12-06,AXP/COF,0.0064927321512054,0.0064927321512054,0.0,17,0.2175579183300844,0.001412545291091
2021-12-06,ADI/MCHP,0.0,0.0,0.0,17,0.1877879553278525,0.0
2021-12-06,HD/LOW,-0.0072703440510101,-0.0072703440510101,0.0,17,0.35,-0.0025446204178535
2021-12-07,COST/WMT,-0.0,-0.0,0.0,17,0.2446541263420631,-0.0
2021-12-07,AXP/COF,0.0158030329542217,0.0158030329542217,0.0,17,0.2175579183300844,0.0034380749528221
2021-12-07,ADI/MCHP,-0.0,-0.0,0.0,17,0.1877879553278525,-0.0
2021-12-07,HD/LOW,0.0087159795783559,0.0087159795783559,0.0,17,0.35,0.0030505928524245
2021-12-08,COST/WMT,0.0,0.0,0.0,17,0.2446541263420631,0.0
2021-12-08,AXP/COF,0.0063927927192304,0.0063927927192304,0.0,17,0.2175579183300844,0.0013908026763114
2021-12-08,ADI/MCHP,0.0,0.0,0.0,17,0.1877879553278525,0.0
2021-12-08,HD/LOW,0.0066969116887741,0.0066969116887741,0.0,17,0.35,0.0023439190910709
2021-12-09,COST/WMT,0.0,0.0,0.0,17,0.2446541263420631,0.0
2021-12-09,AXP/COF,-0.0041737032852951,-0.0041737032852951,0.0,17,0.2175579183300844,-0.0009080221984762
2021-12-09,ADI/MCHP,-0.0,-0.0,0.0,17,0.1877879553278525,-0.0
2021-12-09,HD/LOW,0.0021294393419945,0.0021294393419945,0.0,17,0.35,0.000745303769698
2021-12-10,COST/WMT,0.013010831583992,0.014010831583992,1.0,17,0.2446541263420631,0.0031831536341652
2021-12-10,AXP/COF,-0.0068826950758089,-0.0068826950758089,0.0,17,0.2175579183300844,-0.0014973848131937
2021-12-10,ADI/MCHP,-0.0,-0.0,0.0,17,0.1877879553278525,-0.0
2021-12-10,HD/LOW,-0.0006747279798124,-0.0006747279798124,0.0,17,0.35,-0.0002361547929343
2021-12-13,COST/WMT,-0.0122101955632642,-0.0122101955632642,0.0,17,0.2446541263420631,-0.0029872747279961
2021-12-13,AXP/COF,-0.0013137713150175,-0.0013137713150175,0.0,17,0.2175579183300844,-0.0002858213524569
2021-12-13,ADI/MCHP,-0.0,-0.0,0.0,17,0.1877879553278525,-0.0
2021-12-13,HD/LOW,0.0079106384646519,0.0079106384646519,0.0,17,0.35,0.0027687234626281
2021-12-14,COST/WMT,-0.0140626530777606,-0.0140626530777606,0.0,17,0.2446541263420631,-0.003440486102791
2021-12-14,AXP/COF,-0.0068928001218891,-0.0068928001218891,0.0,17,0.2175579183300844,-0.0014995832459835
2021-12-14,ADI/MCHP,-0.0,-0.0,0.0,17,0.1877879553278525,-0.0
2021-12-14,HD/LOW,-0.0031983952945129,-0.0031983952945129,0.0,17,0.35,-0.0011194383530795
2021-12-15,COST/WMT,0.0106675587568994,0.0106675587568994,0.0,17,0.2446541263420631,0.0026098622678718
2021-12-15,AXP/COF,-0.000751938389894,-0.000751938389894,0.0,17,0.2175579183300844,-0.0001635901508178
2021-12-15,ADI/MCHP,-0.0,-0.0,0.0,17,0.1877879553278525,-0.0
2021-12-15,HD/LOW,-0.001,-0.0,1.0,17,0.35,-0.00035
2021-12-16,COST/WMT,0.0015321424135049,0.0015321424135049,0.0,17,0.2446541263420631,0.0003748449636076
2021-12-16,AXP/COF,0.0010269124534145,0.0010269124534145,0.0,17,0.2175579183300844,0.000223412935672
2021-12-16,ADI/MCHP,-0.0,-0.0,0.0,17,0.1877879553278525,-0.0
2021-12-16,HD/LOW,-0.0,-0.0,0.0,17,0.35,-0.0
2021-12-17,COST/WMT,0.0162283084406914,0.0162283084406914,0.0,17,0.2446541263420631,0.0039703226235668
2021-12-17,AXP/COF,7.048779986348517e-06,7.048779986348517e-06,0.0,17,0.2175579183300844,1.5335179005967442e-06
2021-12-17,ADI/MCHP,-0.0,-0.0,0.0,17,0.1877879553278525,-0.0
2021-12-17,HD/LOW,-0.0,-0.0,0.0,17,0.35,-0.0
2021-12-20,COST/WMT,-0.0013322318118743,-0.0013322318118743,0.0,17,0.2446541263420631,-0.0003259360100192
2021-12-20,AXP/COF,0.0009882056480089,0.0009882056480089,0.0,17,0.2175579183300844,0.0002149919636628
2021-12-20,ADI/MCHP,0.0,0.0,0.0,17,0.1877879553278525,0.0
2021-12-20,HD/LOW,0.0,0.0,0.0,17,0.35,0.0
2021-12-21,COST/WMT,-0.0040487697612521,-0.0040487697612521,0.0,17,0.2446541263420631,-0.0009905482286992
2021-12-21,AXP/COF,0.0038406463566961,0.0038406463566961,0.0,17,0.2175579183300844,0.0008355630264048
2021-12-21,ADI/MCHP,0.0,0.0,0.0,17,0.1877879553278525,0.0
2021-12-21,HD/LOW,-0.0,-0.0,0.0,17,0.35,-0.0
2021-12-22,COST/WMT,0.0021878008909977,0.0021878008909977,0.0,17,0.2446541263420631,0.0005352545155974
2021-12-22,AXP/COF,0.0051108984536971,0.0051108984536971,0.0,17,0.2175579183300844,0.0011119164283827
2021-12-22,ADI/MCHP,-0.0,-0.0,0.0,17,0.1877879553278525,-0.0
2021-12-22,HD/LOW,0.0,0.0,0.0,17,0.35,0.0
2021-12-23,COST/WMT,0.0018553484128414,0.0018553484128414,0.0,17,0.2446541263420631,0.0004539186450038
2021-12-23,AXP/COF,0.0023657504082221,0.0023657504082221,0.0,17,0.2175579183300844,0.0005146877341013
2021-12-23,ADI/MCHP,-0.0,-0.0,0.0,17,0.1877879553278525,-0.0
2021-12-23,HD/LOW,0.0,0.0,0.0,17,0.35,0.0
2021-12-27,COST/WMT,0.0035103197211652,0.0035103197211652,0.0,17,0.2446541263420631,0.0008588142045629
2021-12-27,AXP/COF,-0.001,-0.0,1.0,17,0.2175579183300844,-0.00021755791833
2021-12-27,ADI/MCHP,-0.0,-0.0,0.0,17,0.1877879553278525,-0.0
2021-12-27,HD/LOW,0.0,0.0,0.0,17,0.35,0.0
2021-12-28,COST/WMT,-0.0080617346125126,-0.0080617346125126,0.0,17,0.2446541263420631,-0.0019723366384258
2021-12-28,AXP/COF,-0.0,-0.0,0.0,17,0.2175579183300844,-0.0
2021-12-28,ADI/MCHP,0.0,0.0,0.0,17,0.1877879553278525,0.0
2021-12-28,HD/LOW,0.0,0.0,0.0,17,0.35,0.0
2021-12-29,COST/WMT,0.0024268526416457,0.0024268526416457,0.0,17,0.2446541263420631,0.0005937395128027
2021-12-29,AXP/COF,-0.0,-0.0,0.0,17,0.2175579183300844,-0.0
2021-12-29,ADI/MCHP,0.0,0.0,0.0,17,0.1877879553278525,0.0
2021-12-29,HD/LOW,0.0,0.0,0.0,17,0.35,0.0
2021-12-30,COST/WMT,-0.0045936381527929,-0.0045936381527929,0.0,17,0.2446541263420631,-0.0011238525290031
2021-12-30,AXP/COF,0.0,0.0,0.0,17,0.2175579183300844,0.0
2021-12-30,ADI/MCHP,0.0,0.0,0.0,17,0.1877879553278525,0.0
2021-12-30,HD/LOW,0.0,0.0,0.0,17,0.35,0.0
2021-12-31,COST/WMT,-0.0039675780720154,-0.0039675780720154,0.0,17,0.2446541263420631,-0.0009706843469028
2021-12-31,AXP/COF,-0.0,-0.0,0.0,17,0.2175579183300844,-0.0
2021-12-31,ADI/MCHP,0.0,0.0,0.0,17,0.1877879553278525,0.0
2021-12-31,HD/LOW,0.0,0.0,0.0,17,0.35,0.0
2022-01-03,COST/WMT,-0.0004991130947857,-0.0004991130947857,0.0,17,0.2446541263420631,-0.0001221100781506
2022-01-03,AXP/COF,0.0,0.0,0.0,17,0.2175579183300844,0.0
2022-01-03,ADI/MCHP,0.0,0.0,0.0,17,0.1877879553278525,0.0
2022-01-03,HD/LOW,-0.0,-0.0,0.0,17,0.35,-0.0
2022-01-04,CSX/UNP,0.0,0.0,0.0,18,0.35,0.0
2022-01-04,NXPI/TXN,-0.0,-0.0,0.0,18,0.1992795833631244,-0.0
2022-01-04,CAT/DE,0.0,0.0,0.0,18,0.2556175691379896,0.0
2022-01-04,AXP/COF,0.0,0.0,0.0,18,0.1951028474988859,0.0
2022-01-05,CSX/UNP,0.0,0.0,0.0,18,0.35,0.0
2022-01-05,NXPI/TXN,-0.0,-0.0,0.0,18,0.1992795833631244,-0.0
2022-01-05,CAT/DE,0.0,0.0,0.0,18,0.2556175691379896,0.0
2022-01-05,AXP/COF,0.0,0.0,0.0,18,0.1951028474988859,0.0
2022-01-06,CSX/UNP,-0.0,-0.0,0.0,18,0.35,-0.0
2022-01-06,NXPI/TXN,-0.0,-0.0,0.0,18,0.1992795833631244,-0.0
2022-01-06,CAT/DE,0.0,0.0,0.0,18,0.2556175691379896,0.0
2022-01-06,AXP/COF,-0.0,-0.0,0.0,18,0.1951028474988859,-0.0
2022-01-07,CSX/UNP,0.0,0.0,0.0,18,0.35,0.0
2022-01-07,NXPI/TXN,-0.0,-0.0,0.0,18,0.1992795833631244,-0.0
2022-01-07,CAT/DE,0.0,0.0,0.0,18,0.2556175691379896,0.0
2022-01-07,AXP/COF,-0.0,-0.0,0.0,18,0.1951028474988859,-0.0
2022-01-10,CSX/UNP,0.0,0.0,0.0,18,0.35,0.0
2022-01-10,NXPI/TXN,0.0113190222386622,0.0123190222386622,1.0,18,0.1992795833631244,0.0022556500357985
2022-01-10,CAT/DE,-0.0,-0.0,0.0,18,0.2556175691379896,-0.0
2022-01-10,AXP/COF,-0.0,-0.0,0.0,18,0.1951028474988859,-0.0
2022-01-11,CSX/UNP,-0.0,-0.0,0.0,18,0.35,-0.0
2022-01-11,NXPI/TXN,-0.0024672503452126,-0.0024672503452126,0.0,18,0.1992795833631244,-0.0004916726208464
2022-01-11,CAT/DE,-0.0,-0.0,0.0,18,0.2556175691379896,-0.0
2022-01-11,AXP/COF,0.0,0.0,0.0,18,0.1951028474988859,0.0
2022-01-12,CSX/UNP,-0.0,-0.0,0.0,18,0.35,-0.0
2022-01-12,NXPI/TXN,0.0028492295072746,0.0028492295072746,0.0,18,0.1992795833631244,0.0005677932691156
2022-01-12,CAT/DE,0.0,0.0,0.0,18,0.2556175691379896,0.0
2022-01-12,AXP/COF,-0.0,-0.0,0.0,18,0.1951028474988859,-0.0
2022-01-13,CSX/UNP,0.0,0.0,0.0,18,0.35,0.0
2022-01-13,NXPI/TXN,0.0036909771029245,0.0036909771029245,0.0,18,0.1992795833631244,0.0007355363792736
2022-01-13,CAT/DE,0.0,0.0,0.0,18,0.2556175691379896,0.0
2022-01-13,AXP/COF,-0.0,-0.0,0.0,18,0.1951028474988859,-0.0
2022-01-14,CSX/UNP,0.0,0.0,0.0,18,0.35,0.0
2022-01-14,NXPI/TXN,0.0051902038017202,0.0051902038017202,0.0,18,0.1992795833631244,0.0010343016511765
2022-01-14,CAT/DE,0.0,0.0,0.0,18,0.2556175691379896,0.0
2022-01-14,AXP/COF,-0.0156043001971827,-0.0146043001971827,1.0,18,0.1951028474988859,-0.0030444434016977
2022-01-18,CSX/UNP,-0.0,-0.0,0.0,18,0.35,-0.0
2022-01-18,NXPI/TXN,-0.0051729119139974,-0.0051729119139974,0.0,18,0.1992795833631244,-0.0010308557309955
2022-01-18,CAT/DE,-0.0,-0.0,0.0,18,0.2556175691379896,-0.0
2022-01-18,AXP/COF,0.0010186042939653,0.0010186042939653,0.0,18,0.1951028474988859,0.0001987325982272
2022-01-19,CSX/UNP,0.0,0.0,0.0,18,0.35,0.0
2022-01-19,NXPI/TXN,-0.0045996523622536,-0.0045996523622536,0.0,18,0.1992795833631244,-0.0009166168063651
2022-01-19,CAT/DE,-0.0,-0.0,0.0,18,0.2556175691379896,-0.0
2022-01-19,AXP/COF,-0.0028272780940888,-0.0028272780940888,0.0,18,0.1951028474988859,-0.0005516100068279
2022-01-20,CSX/UNP,0.0,0.0,0.0,18,0.35,0.0
2022-01-20,NXPI/TXN,-0.0001637739426219,-0.0001637739426219,0.0,18,0.1992795833631244,-3.263680305142849e-05
2022-01-20,CAT/DE,-0.0,-0.0,0.0,18,0.2556175691379896,-0.0
2022-01-20,AXP/COF,0.0018773441767278,0.0018773441767278,0.0,18,0.1951028474988859,0.000366275194615
2022-01-21,CSX/UNP,0.0,0.0,0.0,18,0.35,0.0
2022-01-21,NXPI/TXN,0.0078403177588191,0.0078403177588191,0.0,18,0.1992795833631244,0.0015624152564119
2022-01-21,CAT/DE,-0.0,-0.0,0.0,18,0.2556175691379896,-0.0
2022-01-21,AXP/COF,0.0021406094470921,0.0021406094470921,0.0,18,0.1951028474988859,0.0004176389985106
2022-01-24,CSX/UNP,-0.0,-0.0,0.0,18,0.35,-0.0
2022-01-24,NXPI/TXN,0.005023276729325,0.005023276729325,0.0,18,0.1992795833631244,0.0010010364937375
2022-01-24,CAT/DE,0.0,0.0,0.0,18,0.2556175691379896,0.0
2022-01-24,AXP/COF,-0.0042406035624138,-0.0042406035624138,0.0,18,0.1951028474988859,-0.0008273538301408
2022-01-25,CSX/UNP,0.0,0.0,0.0,18,0.35,0.0
2022-01-25,NXPI/TXN,-0.0026754365072028,-0.0026754365072028,0.0,18,0.1992795833631244,-0.0005331598724698
2022-01-25,CAT/DE,-0.0,-0.0,0.0,18,0.2556175691379896,-0.0
2022-01-25,AXP/COF,0.0422857091412547,0.0422857091412547,0.0,18,0.1951028474988859,0.0082500622619684
2022-01-26,CSX/UNP,0.0,0.0,0.0,18,0.35,0.0
2022-01-26,NXPI/TXN,0.0129565125222243,0.0129565125222243,0.0,18,0.1992795833631244,0.0025819684172679
2022-01-26,CAT/DE,-0.0,-0.0,0.0,18,0.2556175691379896,-0.0
2022-01-26,AXP/COF,0.0270654558725496,0.0270654558725496,0.0,18,0.1951028474988859,0.0052805475095898
2022-01-27,CSX/UNP,0.0,0.0,0.0,18,0.35,0.0
2022-01-27,NXPI/TXN,0.0021844176051995,0.0021844176051995,0.0,18,0.1992795833631244,0.0004353098302552
2022-01-27,CAT/DE,-0.0,-0.0,0.0,18,0.2556175691379896,-0.0
2022-01-27,AXP/COF,-0.0023705306946639,-0.0023705306946639,0.0,18,0.1951028474988859,-0.0004624972886124
2022-01-28,CSX/UNP,-0.0,-0.0,0.0,18,0.35,-0.0
2022-01-28,NXPI/TXN,0.0112399901369328,0.0112399901369328,0.0,18,0.1992795833631244,0.0022399005514935
2022-01-28,CAT/DE,-0.0279951182717897,-0.0269951182717897,1.0,18,0.2556175691379896,-0.0071560440803654
2022-01-28,AXP/COF,0.0149379051525565,0.0149379051525565,0.0,18,0.1951028474988859,0.002914427830932
2022-01-31,CSX/UNP,-0.0,-0.0,0.0,18,0.35,-0.0
2022-01-31,NXPI/TXN,-0.0200940711862086,-0.0200940711862086,0.0,18,0.1992795833631244,-0.0040043381340566
2022-01-31,CAT/DE,-0.001870312031302,-0.001870312031302,0.0,18,0.2556175691379896,-0.0004780846149709
2022-01-31,AXP/COF,-0.0027329594938813,-0.0027329594938813,0.0,18,0.1951028474988859,-0.0005332081793553
2022-02-01,CSX/UNP,-0.0,-0.0,0.0,18,0.35,-0.0
2022-02-01,NXPI/TXN,0.0021699088064994,0.0021699088064994,0.0,18,0.1992795833631244,0.0004324185228951
2022-02-01,CAT/DE,0.0090483393783712,0.0090483393783712,0.0,18,0.2556175691379896,0.0023129145166347
2022-02-01,AXP/COF,0.0015398334889013,0.0015398334889013,0.0,18,0.1951028474988859,0.0003004258983587
2022-02-02,CSX/UNP,0.0,0.0,0.0,18,0.35,0.0
2022-02-02,NXPI/TXN,0.0205812813532006,0.0205812813532006,0.0,18,0.1992795833631244,0.004101429173145
2022-02-02,CAT/DE,0.0027188928780178,0.0027188928780178,0.0,18,0.2556175691379896,0.0006949967882255
2022-02-02,AXP/COF,0.0043731068788688,0.0043731068788688,0.0,18,0.1951028474988859,0.0008532056044842
2022-02-03,CSX/UNP,-0.0,-0.0,0.0,18,0.35,-0.0
2022-02-03,NXPI/TXN,-0.0241052274346768,-0.0241052274346768,0.0,18,0.1992795833631244,-0.0048036796800557
2022-02-03,CAT/DE,-0.008009033879601,-0.008009033879601,0.0,18,0.2556175691379896,-0.0020472497714474
2022-02-03,AXP/COF,0.0033050258108412,0.0033050258108412,0.0,18,0.1951028474988859,0.0006448199467524
2022-02-04,CSX/UNP,-0.0,-0.0,0.0,18,0.35,-0.0
2022-02-04,NXPI/TXN,-0.0154032607637715,-0.0154032607637715,0.0,18,0.1992795833631244,-0.0030695553874379
2022-02-04,CAT/DE,-0.0045907743943352,-0.0045907743943352,0.0,18,0.2556175691379896,-0.0011734825911408
2022-02-04,AXP/COF,-1.5523719547665182e-05,-1.5523719547665182e-05,0.0,18,0.1951028474988859,-3.0287218875235945e-06
2022-02-07,CSX/UNP,0.0,0.0,0.0,18,0.35,0.0
2022-02-07,NXPI/TXN,-0.001,-0.0,1.0,18,0.1992795833631244,-0.0001992795833631
2022-02-07,CAT/DE,0.0009200198672241,0.0009200198672241,0.0,18,0.2556175691379896,0.0002351732420184
2022-02-07,AXP/COF,0.0013238731876399,0.0013238731876399,0.0,18,0.1951028474988859,0.0002582914286359
2022-02-08,CSX/UNP,-0.0,-0.0,0.0,18,0.35,-0.0
2022-02-08,NXPI/TXN,0.0,0.0,0.0,18,0.1992795833631244,0.0
2022-02-08,CAT/DE,-0.0155341138861251,-0.0155341138861251,0.0,18,0.2556175691379896,-0.0039707924302839
2022-02-08,AXP/COF,0.0086541980568072,0.0086541980568072,0.0,18,0.1951028474988859,0.0016884586837024
2022-02-09,CSX/UNP,-0.0,-0.0,0.0,18,0.35,-0.0
2022-02-09,NXPI/TXN,0.0,0.0,0.0,18,0.1992795833631244,0.0
2022-02-09,CAT/DE,-6.949709647869866e-05,-6.949709647869866e-05,0.0,18,0.2556175691379896,-1.776467886403329e-05
2022-02-09,AXP/COF,-0.0004160810518711,-0.0004160810518711,0.0,18,0.1951028474988859,-8.117859801038327e-05
2022-02-10,CSX/UNP,0.0,0.0,0.0,18,0.35,0.0
2022-02-10,NXPI/TXN,-0.0,-0.0,0.0,18,0.1992795833631244,-0.0
2022-02-10,CAT/DE,0.0009306923302685,0.0009306923302685,0.0,18,0.2556175691379896,0.0002379013110786
2022-02-10,AXP/COF,0.0008474471048424,0.0008474471048424,0.0,18,0.1951028474988859,0.0001653393432594
2022-02-11,CSX/UNP,0.0,0.0,0.0,18,0.35,0.0
2022-02-11,NXPI/TXN,-0.0,-0.0,0.0,18,0.1992795833631244,-0.0
2022-02-11,CAT/DE,-0.0046539931069089,-0.0046539931069089,0.0,18,0.2556175691379896,-0.001189642404773
2022-02-11,AXP/COF,-0.001,-0.0,1.0,18,0.1951028474988859,-0.0001951028474988
2022-02-14,CSX/UNP,0.0,0.0,0.0,18,0.35,0.0
2022-02-14,NXPI/TXN,-0.0,-0.0,0.0,18,0.1992795833631244,-0.0
2022-02-14,CAT/DE,0.0020088289660239,0.0020088289660239,0.0,18,0.2556175691379896,0.000513491977109
2022-02-14,AXP/COF,0.0,0.0,0.0,18,0.1951028474988859,0.0
2022-02-15,CSX/UNP,0.0,0.0,0.0,18,0.35,0.0
2022-02-15,NXPI/TXN,-0.0,-0.0,0.0,18,0.1992795833631244,-0.0
2022-02-15,CAT/DE,0.0033719999804724,0.0033719999804724,0.0,18,0.2556175691379896,0.0008619424381417
2022-02-15,AXP/COF,0.0,0.0,0.0,18,0.1951028474988859,0.0
2022-02-16,CSX/UNP,0.0,0.0,0.0,18,0.35,0.0
2022-02-16,NXPI/TXN,0.0,0.0,0.0,18,0.1992795833631244,0.0
2022-02-16,CAT/DE,0.0037217418859278,0.0037217418859278,0.0,18,0.2556175691379896,0.0009513426138399
2022-02-16,AXP/COF,0.0,0.0,0.0,18,0.1951028474988859,0.0
2022-02-17,CSX/UNP,-0.0,-0.0,0.0,18,0.35,-0.0
2022-02-17,NXPI/TXN,0.0,0.0,0.0,18,0.1992795833631244,0.0
2022-02-17,CAT/DE,-0.014162009903785,-0.014162009903785,0.0,18,0.2556175691379896,-0.0036200585457136
2022-02-17,AXP/COF,0.0,0.0,0.0,18,0.1951028474988859,0.0
2022-02-18,CSX/UNP,0.0,0.0,0.0,18,0.35,0.0
2022-02-18,NXPI/TXN,0.0,0.0,0.0,18,0.1992795833631244,0.0
2022-02-18,CAT/DE,0.0045514716485672,0.0045514716485672,0.0,18,0.2556175691379896,0.0011634361188072
2022-02-18,AXP/COF,-0.0,-0.0,0.0,18,0.1951028474988859,-0.0
2022-02-22,CSX/UNP,-0.0,-0.0,0.0,18,0.35,-0.0
2022-02-22,NXPI/TXN,-0.0,-0.0,0.0,18,0.1992795833631244,-0.0
2022-02-22,CAT/DE,0.0154473505975533,0.0154473505975533,0.0,18,0.2556175691379896,0.0039486142093688
2022-02-22,AXP/COF,-0.0,-0.0,0.0,18,0.1951028474988859,-0.0
2022-02-23,CSX/UNP,0.0,0.0,0.0,18,0.35,0.0
2022-02-23,NXPI/TXN,-0.0,-0.0,0.0,18,0.1992795833631244,-0.0
2022-02-23,CAT/DE,0.0059033942223423,0.0059033942223423,0.0,18,0.2556175691379896,0.0015090112807783
2022-02-23,AXP/COF,-0.0,-0.0,0.0,18,0.1951028474988859,-0.0
2022-02-24,CSX/UNP,-0.0,-0.0,0.0,18,0.35,-0.0
2022-02-24,NXPI/TXN,0.0,0.0,0.0,18,0.1992795833631244,0.0
2022-02-24,CAT/DE,-0.0126968014311018,-0.0126968014311018,0.0,18,0.2556175691379896,-0.0032455255176459
2022-02-24,AXP/COF,0.0,0.0,0.0,18,0.1951028474988859,0.0
2022-02-25,CSX/UNP,0.0,0.0,0.0,18,0.35,0.0
2022-02-25,NXPI/TXN,-0.0,-0.0,0.0,18,0.1992795833631244,-0.0
2022-02-25,CAT/DE,-0.001,0.0,1.0,18,0.2556175691379896,-0.0002556175691379
2022-02-25,AXP/COF,0.0,0.0,0.0,18,0.1951028474988859,0.0
2022-02-28,CSX/UNP,0.0,0.0,0.0,18,0.35,0.0
2022-02-28,NXPI/TXN,0.0,0.0,0.0,18,0.1992795833631244,0.0
2022-02-28,CAT/DE,-0.0,-0.0,0.0,18,0.2556175691379896,-0.0
2022-02-28,AXP/COF,0.0,0.0,0.0,18,0.1951028474988859,0.0
2022-03-01,CSX/UNP,-0.0,-0.0,0.0,18,0.35,-0.0
2022-03-01,NXPI/TXN,0.0,0.0,0.0,18,0.1992795833631244,0.0
2022-03-01,CAT/DE,-0.0,-0.0,0.0,18,0.2556175691379896,-0.0
2022-03-01,AXP/COF,-0.0,-0.0,0.0,18,0.1951028474988859,-0.0
2022-03-02,CSX/UNP,0.0,0.0,0.0,18,0.35,0.0
2022-03-02,NXPI/TXN,-0.0,-0.0,0.0,18,0.1992795833631244,-0.0
2022-03-02,CAT/DE,0.0,0.0,0.0,18,0.2556175691379896,0.0
2022-03-02,AXP/COF,0.0048129524815421,0.0058129524815421,1.0,18,0.1951028474988859,0.0009390207340256
2022-03-03,CSX/UNP,-0.0,-0.0,0.0,18,0.35,-0.0
2022-03-03,NXPI/TXN,0.0,0.0,0.0,18,0.1992795833631244,0.0
2022-03-03,CAT/DE,0.0,0.0,0.0,18,0.2556175691379896,0.0
2022-03-03,AXP/COF,0.0065718085728542,0.0065718085728542,0.0,18,0.1951028474988859,0.0012821785657814
2022-03-04,CSX/UNP,-0.0,-0.0,0.0,18,0.35,-0.0
2022-03-04,NXPI/TXN,0.0,0.0,0.0,18,0.1992795833631244,0.0
2022-03-04,CAT/DE,-0.0,-0.0,0.0,18,0.2556175691379896,-0.0
2022-03-04,AXP/COF,-0.0091866561030029,-0.0091866561030029,0.0,18,0.1951028474988859,-0.0017923427646888
2022-03-07,CSX/UNP,-0.0,-0.0,0.0,18,0.35,-0.0
2022-03-07,NXPI/TXN,-0.0,-0.0,0.0,18,0.1992795833631244,-0.0
2022-03-07,CAT/DE,0.0,0.0,0.0,18,0.2556175691379896,0.0
2022-03-07,AXP/COF,-0.017502339724325,-0.017502339724325,0.0,18,0.1951028474988859,-0.0034147563181086
2022-03-08,CSX/UNP,0.0,0.0,0.0,18,0.35,0.0
2022-03-08,NXPI/TXN,-0.0,-0.0,0.0,18,0.1992795833631244,-0.0
2022-03-08,CAT/DE,-0.0447192441213064,-0.0437192441213064,1.0,18,0.2556175691379896,-0.0114310244759766
2022-03-08,AXP/COF,-0.0009170748068685,-0.0009170748068685,0.0,18,0.1951028474988859,-0.0001789239061895
2022-03-09,CSX/UNP,0.0,0.0,0.0,18,0.35,0.0
2022-03-09,NXPI/TXN,0.0,0.0,0.0,18,0.1992795833631244,0.0
2022-03-09,CAT/DE,-0.001,-0.0,1.0,18,0.2556175691379896,-0.0002556175691379
2022-03-09,AXP/COF,0.0120081851596417,0.0120081851596417,0.0,18,0.1951028474988859,0.0023428311179399
2022-03-10,CSX/UNP,0.0,0.0,0.0,18,0.35,0.0
2022-03-10,NXPI/TXN,0.0,0.0,0.0,18,0.1992795833631244,0.0
2022-03-10,CAT/DE,-0.0,-0.0,0.0,18,0.2556175691379896,-0.0
2022-03-10,AXP/COF,0.0085031817522831,0.0085031817522831,0.0,18,0.1951028474988859,0.0016589949726709
2022-03-11,CSX/UNP,-0.0075268624415468,-0.0065268624415468,1.0,18,0.35,-0.0026344018545413
2022-03-11,NXPI/TXN,-0.0,-0.0,0.0,18,0.1992795833631244,-0.0
2022-03-11,CAT/DE,-0.0,-0.0,0.0,18,0.2556175691379896,-0.0
2022-03-11,AXP/COF,-0.0052890901461813,-0.0052890901461813,0.0,18,0.1951028474988859,-0.0010319165481982
2022-03-14,CSX/UNP,0.001870127271627,0.001870127271627,0.0,18,0.35,0.0006545445450694
2022-03-14,NXPI/TXN,-0.0,-0.0,0.0,18,0.1992795833631244,-0.0
2022-03-14,CAT/DE,-0.0,-0.0,0.0,18,0.2556175691379896,-0.0
2022-03-14,AXP/COF,0.0054500636977856,0.0054500636977856,0.0,18,0.1951028474988859,0.0010633229464882
2022-03-15,CSX/UNP,-0.0034261708221951,-0.0034261708221951,0.0,18,0.35,-0.0011991597877682
2022-03-15,NXPI/TXN,0.0,0.0,0.0,18,0.1992795833631244,0.0
2022-03-15,CAT/DE,0.0,0.0,0.0,18,0.2556175691379896,0.0
2022-03-15,AXP/COF,0.0090641025688776,0.0090641025688776,0.0,18,0.1951028474988859,0.0017684322212099
2022-03-16,CSX/UNP,0.0084205485743764,0.0084205485743764,0.0,18,0.35,0.0029471920010317
2022-03-16,NXPI/TXN,-0.0,-0.0,0.0,18,0.1992795833631244,-0.0
2022-03-16,CAT/DE,-0.0,-0.0,0.0,18,0.2556175691379896,-0.0
2022-03-16,AXP/COF,0.0039458507678387,0.0039458507678387,0.0,18,0.1951028474988859,0.0007698467206109
2022-03-17,CSX/UNP,0.0101285326918157,0.0101285326918157,0.0,18,0.35,0.0035449864421354
2022-03-17,NXPI/TXN,0.0,0.0,0.0,18,0.1992795833631244,0.0
2022-03-17,CAT/DE,-0.0,-0.0,0.0,18,0.2556175691379896,-0.0
2022-03-17,AXP/COF,0.0213204801507225,0.0213204801507225,0.0,18,0.1951028474988859,0.0041596863874494
2022-03-18,CSX/UNP,0.0047185527764643,0.0047185527764643,0.0,18,0.35,0.0016514934717625
2022-03-18,NXPI/TXN,0.0,0.0,0.0,18,0.1992795833631244,0.0
2022-03-18,CAT/DE,-0.0,-0.0,0.0,18,0.2556175691379896,-0.0
2022-03-18,AXP/COF,0.0095901376266749,0.0095901376266749,0.0,18,0.1951028474988859,0.0018710631588704
2022-03-21,CSX/UNP,0.0003464708315053,0.0003464708315053,0.0,18,0.35,0.0001212647910268
2022-03-21,NXPI/TXN,0.0,0.0,0.0,18,0.1992795833631244,0.0
2022-03-21,CAT/DE,-0.0,-0.0,0.0,18,0.2556175691379896,-0.0
2022-03-21,AXP/COF,0.006587624701091,0.006587624701091,0.0,18,0.1951028474988859,0.0012852643374368
2022-03-22,CSX/UNP,-0.003759248621708,-0.003759248621708,0.0,18,0.35,-0.0013157370175978
2022-03-22,NXPI/TXN,0.0,0.0,0.0,18,0.1992795833631244,0.0
2022-03-22,CAT/DE,-0.0,-0.0,0.0,18,0.2556175691379896,-0.0
2022-03-22,AXP/COF,-0.0049136207408441,-0.0049136207408441,0.0,18,0.1951028474988859,-0.0009586613980682
2022-03-23,CSX/UNP,-0.0085675693453402,-0.0085675693453402,0.0,18,0.35,-0.002998649270869
2022-03-23,NXPI/TXN,-0.0,-0.0,0.0,18,0.1992795833631244,-0.0
2022-03-23,CAT/DE,-0.0,-0.0,0.0,18,0.2556175691379896,-0.0
2022-03-23,AXP/COF,-0.0031704275112602,-0.0031704275112602,0.0,18,0.1951028474988859,-0.0006185594352356
2022-03-24,CSX/UNP,-0.001464470227716,-0.001464470227716,0.0,18,0.35,-0.0005125645797006
2022-03-24,NXPI/TXN,0.0,0.0,0.0,18,0.1992795833631244,0.0
2022-03-24,CAT/DE,-0.0,-0.0,0.0,18,0.2556175691379896,-0.0
2022-03-24,AXP/COF,0.0054720195159046,0.0054720195159046,0.0,18,0.1951028474988859,0.0010676065891224
2022-03-25,CSX/UNP,-0.0033471353795048,-0.0033471353795048,0.0,18,0.35,-0.0011714973828266
2022-03-25,NXPI/TXN,0.0,0.0,0.0,18,0.1992795833631244,0.0
2022-03-25,CAT/DE,-0.0,-0.0,0.0,18,0.2556175691379896,-0.0
2022-03-25,AXP/COF,0.0016935150397723,0.0016935150397723,0.0,18,0.1951028474988859,0.0003304096065417
2022-03-28,CSX/UNP,0.0037106490649267,0.0037106490649267,0.0,18,0.35,0.0012987271727243
2022-03-28,NXPI/TXN,0.0,0.0,0.0,18,0.1992795833631244,0.0
2022-03-28,CAT/DE,-0.0,-0.0,0.0,18,0.2556175691379896,-0.0
2022-03-28,AXP/COF,0.0064610151568381,0.0064610151568381,0.0,18,0.1951028474988859,0.0012605624548325
2022-03-29,CSX/UNP,0.0052329722084256,0.0052329722084256,0.0,18,0.35,0.0018315402729489
2022-03-29,NXPI/TXN,0.0,0.0,0.0,18,0.1992795833631244,0.0
2022-03-29,CAT/DE,0.0,0.0,0.0,18,0.2556175691379896,0.0
2022-03-29,AXP/COF,-0.001,-0.0,1.0,18,0.1951028474988859,-0.0001951028474988
2022-03-30,CSX/UNP,-0.0046270317501033,-0.0046270317501033,0.0,18,0.35,-0.0016194611125361
2022-03-30,NXPI/TXN,0.0,0.0,0.0,18,0.1992795833631244,0.0
2022-03-30,CAT/DE,0.0,0.0,0.0,18,0.2556175691379896,0.0
2022-03-30,AXP/COF,0.0,0.0,0.0,18,0.1951028474988859,0.0
2022-03-31,CSX/UNP,0.0025501313932154,0.0025501313932154,0.0,18,0.35,0.0008925459876253
2022-03-31,NXPI/TXN,-0.0,-0.0,0.0,18,0.1992795833631244,-0.0
2022-03-31,CAT/DE,-0.0,-0.0,0.0,18,0.2556175691379896,-0.0
2022-03-31,AXP/COF,0.0,0.0,0.0,18,0.1951028474988859,0.0
2022-04-01,CSX/UNP,0.0024469265767178,0.0024469265767178,0.0,18,0.35,0.0008564243018512
2022-04-01,NXPI/TXN,-0.0003719475935271,0.0006280524064728,1.0,18,0.1992795833631244,-7.412156147099726e-05
2022-04-01,CAT/DE,-0.0,-0.0,0.0,18,0.2556175691379896,-0.0
2022-04-01,AXP/COF,0.0,0.0,0.0,18,0.1951028474988859,0.0
2022-04-04,CSX/UNP,0.0059119224243163,0.0059119224243163,0.0,18,0.35,0.0020691728485107
2022-04-04,NXPI/TXN,0.0011702111144504,0.0011702111144504,0.0,18,0.1992795833631244,0.0002331991833345
2022-04-04,CAT/DE,0.0,0.0,0.0,18,0.2556175691379896,0.0
2022-04-04,AXP/COF,-0.0,-0.0,0.0,18,0.1951028474988859,-0.0
2022-04-05,NXPI/TXN,-0.0,-0.0,0.0,19,0.1979646012796326,-0.0
2022-04-05,ABBV/JNJ,0.0,0.0,0.0,19,0.2758440934957248,0.0
2022-04-05,NSC/UNP,-0.0,-0.0,0.0,19,0.3311722736125415,-0.0
2022-04-05,GS/STT,-0.0,-0.0,0.0,19,0.1950190316121011,-0.0
2022-04-06,NXPI/TXN,0.0,0.0,0.0,19,0.1979646012796326,0.0
2022-04-06,ABBV/JNJ,0.0,0.0,0.0,19,0.2758440934957248,0.0
2022-04-06,NSC/UNP,-0.0,-0.0,0.0,19,0.3311722736125415,-0.0
2022-04-06,GS/STT,-0.0,-0.0,0.0,19,0.1950190316121011,-0.0
2022-04-07,NXPI/TXN,0.0,0.0,0.0,19,0.1979646012796326,0.0
2022-04-07,ABBV/JNJ,-0.0,-0.0,0.0,19,0.2758440934957248,-0.0
2022-04-07,NSC/UNP,0.0002603353168531,0.0012603353168531,1.0,19,0.3311722736125415,8.621583878388252e-05
2022-04-07,GS/STT,-0.0,-0.0,0.0,19,0.1950190316121011,-0.0
2022-04-08,NXPI/TXN,-0.0,-0.0,0.0,19,0.1979646012796326,-0.0
2022-04-08,ABBV/JNJ,-0.0,-0.0,0.0,19,0.2758440934957248,-0.0
2022-04-08,NSC/UNP,-0.0055098187154527,-0.0055098187154527,0.0,19,0.3311722736125415,-0.0018246991911894
2022-04-08,GS/STT,0.0,0.0,0.0,19,0.1950190316121011,0.0
2022-04-11,NXPI/TXN,-0.0,-0.0,0.0,19,0.1979646012796326,-0.0
2022-04-11,ABBV/JNJ,0.0,0.0,0.0,19,0.2758440934957248,0.0
2022-04-11,NSC/UNP,0.0066694147190361,0.0066694147190361,0.0,19,0.3311722736125415,0.0022087252361681
2022-04-11,GS/STT,0.0,0.0,0.0,19,0.1950190316121011,0.0
2022-04-12,NXPI/TXN,0.0,0.0,0.0,19,0.1979646012796326,0.0
2022-04-12,ABBV/JNJ,0.0,0.0,0.0,19,0.2758440934957248,0.0
2022-04-12,NSC/UNP,-0.0008044703689163,-0.0008044703689163,0.0,19,0.3311722736125415,-0.0002664182811279
2022-04-12,GS/STT,0.0,0.0,0.0,19,0.1950190316121011,0.0
2022-04-13,NXPI/TXN,-0.0,-0.0,0.0,19,0.1979646012796326,-0.0
2022-04-13,ABBV/JNJ,0.0,0.0,0.0,19,0.2758440934957248,0.0
2022-04-13,NSC/UNP,-0.0048427331241474,-0.0048427331241474,0.0,19,0.3311722736125415,-0.0016037789392226
2022-04-13,GS/STT,0.0,0.0,0.0,19,0.1950190316121011,0.0
2022-04-14,NXPI/TXN,-0.0,-0.0,0.0,19,0.1979646012796326,-0.0
2022-04-14,ABBV/JNJ,0.0083437832883768,0.0093437832883768,1.0,19,0.2758440934957248,0.002301583337507
2022-04-14,NSC/UNP,-0.0001904304057044,-0.0001904304057044,0.0,19,0.3311722736125415,-6.306527042208484e-05
2022-04-14,GS/STT,0.0,0.0,0.0,19,0.1950190316121011,0.0
2022-04-18,NXPI/TXN,0.0,0.0,0.0,19,0.1979646012796326,0.0
2022-04-18,ABBV/JNJ,0.0031575669507702,0.0031575669507702,0.0,19,0.2758440934957248,0.0008709961931872
2022-04-18,NSC/UNP,-0.0081102394681678,-0.0081102394681678,0.0,19,0.3311722736125415,-0.0026858864442152
2022-04-18,GS/STT,0.0,0.0,0.0,19,0.1950190316121011,0.0
2022-04-19,NXPI/TXN,-0.0,-0.0,0.0,19,0.1979646012796326,-0.0
2022-04-19,ABBV/JNJ,-0.0269819322942377,-0.0269819322942377,0.0,19,0.2758440934957248,-0.007442806654467
2022-04-19,NSC/UNP,0.0038261181475388,0.0038261181475388,0.0,19,0.3311722736125415,0.0012671042460306
2022-04-19,GS/STT,0.0,0.0,0.0,19,0.1950190316121011,0.0
2022-04-20,NXPI/TXN,0.0,0.0,0.0,19,0.1979646012796326,0.0
2022-04-20,ABBV/JNJ,-0.0024022289720459,-0.0024022289720459,0.0,19,0.2758440934957248,-0.0006626406731631
2022-04-20,NSC/UNP,-0.00200494263955,-0.00200494263955,0.0,19,0.3311722736125415,-0.0006639814124025
2022-04-20,GS/STT,-0.0038537666778281,-0.0028537666778281,1.0,19,0.1950190316121011,-0.000751557845569
2022-04-21,NXPI/TXN,-0.0,-0.0,0.0,19,0.1979646012796326,-0.0
2022-04-21,ABBV/JNJ,0.0055361942818309,0.0055361942818309,0.0,19,0.2758440934957248,0.0015271264930878
2022-04-21,NSC/UNP,-0.0091377193725075,-0.0091377193725075,0.0,19,0.3311722736125415,-0.0030261593002266
2022-04-21,GS/STT,0.0036286828445644,0.0036286828445644,0.0,19,0.1950190316121011,0.0007076622143743
2022-04-22,NXPI/TXN,-0.0,-0.0,0.0,19,0.1979646012796326,-0.0
2022-04-22,ABBV/JNJ,0.00013191645547,0.00013191645547,0.0,19,0.2758440934957248,3.6388375076291306e-05
2022-04-22,NSC/UNP,-0.0037371560336838,-0.0037371560336838,0.0,19,0.3311722736125415,-0.0012376424605198
2022-04-22,GS/STT,0.0030130236960244,0.0030130236960244,0.0,19,0.1950190316121011,0.0005875969634229
2022-04-25,NXPI/TXN,-0.0,-0.0,0.0,19,0.1979646012796326,-0.0
2022-04-25,ABBV/JNJ,-0.0145589168401335,-0.0145589168401335,0.0,19,0.2758440934957248,-0.0040159912180462
2022-04-25,NSC/UNP,0.0029335607996345,0.0029335607996345,0.0,19,0.3311722736125415,0.0009715139997955
2022-04-25,GS/STT,-0.0024310837762342,-0.0024310837762342,0.0,19,0.1950190316121011,-0.000474107603809
2022-04-26,NXPI/TXN,-0.0,-0.0,0.0,19,0.1979646012796326,-0.0
2022-04-26,ABBV/JNJ,0.0047351711675214,0.0047351711675214,0.0,19,0.2758440934957248,0.001306168998252
2022-04-26,NSC/UNP,0.0023474967945466,0.0023474967945466,0.0,19,0.3311722736125415,0.0007774258507481
2022-04-26,GS/STT,-0.0050830778142384,-0.0050830778142384,0.0,19,0.1950190316121011,-0.0009912969129417
2022-04-27,NXPI/TXN,-0.0032947181360029,-0.0022947181360029,1.0,19,0.1979646012796326,-0.0006522375621225
2022-04-27,ABBV/JNJ,0.0125200524777227,0.0125200524777227,0.0,19,0.2758440934957248,0.0034535825262363
2022-04-27,NSC/UNP,-0.0065437302213421,-0.0065437302213421,0.0,19,0.3311722736125415,-0.0021671020153089
2022-04-27,GS/STT,-0.005772741896256,-0.005772741896256,0.0,19,0.1950190316121011,-0.0011257945343544
2022-04-28,NXPI/TXN,0.0125596929951792,0.0125596929951792,0.0,19,0.1979646012796326,0.0024863746159852
2022-04-28,ABBV/JNJ,-0.0077252481641,-0.0077252481641,0.0,19,0.2758440934957248,-0.0021309640768556
2022-04-28,NSC/UNP,-3.898830751796431e-05,-3.898830751796431e-05,0.0,19,0.3311722736125415,-1.2911846445029186e-05
2022-04-28,GS/STT,0.0034885382133377,0.0034885382133377,0.0,19,0.1950190316121011,0.0006803313441069
2022-04-29,NXPI/TXN,-0.0090853391975236,-0.0090853391975236,0.0,19,0.1979646012796326,-0.0017985755517279
2022-04-29,ABBV/JNJ,-0.0070167328757065,-0.0070167328757065,0.0,19,0.2758440934957248,-0.0019355243194009
2022-04-29,NSC/UNP,0.0022139290540181,0.0022139290540181,0.0,19,0.3311722736125415,0.000733191918436
2022-04-29,GS/STT,0.0111711030545431,0.0111711030545431,0.0,19,0.1950190316121011,0.0021785776997359
2022-05-02,NXPI/TXN,0.002626532161637,0.002626532161637,0.0,19,0.1979646012796326,0.0005199603921266
2022-05-02,ABBV/JNJ,0.0090670878187374,0.0090670878187374,0.0,19,0.2758440934957248,0.0025011026200057
2022-05-02,NSC/UNP,-0.001090107228065,-0.001090107228065,0.0,19,0.3311722736125415,-0.0003610132891997
2022-05-02,GS/STT,0.0012967357641075,0.0012967357641075,0.0,19,0.1950190316121011,0.000252888152973
2022-05-03,NXPI/TXN,-0.0076026884164439,-0.0076026884164439,0.0,19,0.1979646012796326,-0.0015050631810145
2022-05-03,ABBV/JNJ,0.0049240546563779,0.0049240546563779,0.0,19,0.2758440934957248,0.0013582713930119
2022-05-03,NSC/UNP,-0.0008759518201761,-0.0008759518201761,0.0,19,0.3311722736125415,-0.0002900909558627
2022-05-03,GS/STT,0.0006736251391769,0.0006736251391769,0.0,19,0.1950190316121011,0.0001313697223118
2022-05-04,NXPI/TXN,-0.000579969536152,-0.000579969536152,0.0,19,0.1979646012796326,-0.0001148134379786
2022-05-04,ABBV/JNJ,-0.0034108783706701,-0.0034108783706701,0.0,19,0.2758440934957248,-0.0009408706521816
2022-05-04,NSC/UNP,-0.0034033256148983,-0.0034033256148983,0.0,19,0.3311722736125415,-0.0011270870817296
2022-05-04,GS/STT,0.0006463498116331,0.0006463498116331,0.0,19,0.1950190316121011,0.0001260505143473
2022-05-05,NXPI/TXN,-0.0088443406574038,-0.0088443406574038,0.0,19,0.1979646012796326,-0.0017508663718241
2022-05-05,ABBV/JNJ,0.0144696119110247,0.0144696119110247,0.0,19,0.2758440934957248,0.0039913569808315
2022-05-05,NSC/UNP,-0.001,-0.0,1.0,19,0.3311722736125415,-0.0003311722736125
2022-05-05,GS/STT,0.010148744154105,0.010148744154105,0.0,19,0.1950190316121011,0.0019791982570125
2022-05-06,NXPI/TXN,-0.0051288441682638,-0.0051288441682638,0.0,19,0.1979646012796326,-0.0010153295907957
2022-05-06,ABBV/JNJ,0.0028321471666594,0.0028321471666594,0.0,19,0.2758440934957248,0.0007812310678336
2022-05-06,NSC/UNP,-0.0,-0.0,0.0,19,0.3311722736125415,-0.0
2022-05-06,GS/STT,-0.0064166661914274,-0.0064166661914274,0.0,19,0.1950190316121011,-0.0012513720268302
2022-05-09,NXPI/TXN,-0.0011824883213556,-0.0011824883213556,0.0,19,0.1979646012796326,-0.0002340908290549
2022-05-09,ABBV/JNJ,-0.0074955700922287,-0.0074955700922287,0.0,19,0.2758440934957248,-0.0020676087373244
2022-05-09,NSC/UNP,0.0,0.0,0.0,19,0.3311722736125415,0.0
2022-05-09,GS/STT,0.0019603502162157,0.0019603502162157,0.0,19,0.1950190316121011,0.0003823056007869
2022-05-10,NXPI/TXN,0.0026377502874465,0.0026377502874465,0.0,19,0.1979646012796326,0.0005221811839295
2022-05-10,ABBV/JNJ,0.0032062817857712,0.0032062817857712,0.0,19,0.2758440934957248,0.0008844338926879
2022-05-10,NSC/UNP,0.0,0.0,0.0,19,0.3311722736125415,0.0
2022-05-10,GS/STT,-0.0025680470474145,-0.0025680470474145,0.0,19,0.1950190316121011,-0.000500818048321
2022-05-11,NXPI/TXN,8.90971547372867e-05,8.90971547372867e-05,0.0,19,0.1979646012796326,1.7638082712716694e-05
2022-05-11,ABBV/JNJ,0.0035257216808197,0.0035257216808197,0.0,19,0.2758440934957248,0.0009725495009639
2022-05-11,NSC/UNP,0.0,0.0,0.0,19,0.3311722736125415,0.0
2022-05-11,GS/STT,-0.0024007111622837,-0.0024007111622837,0.0,19,0.1950190316121011,-0.0004681843660489
2022-05-12,NXPI/TXN,-0.0005496213261383,-0.0005496213261383,0.0,19,0.1979646012796326,-0.0001088055666837
2022-05-12,ABBV/JNJ,-0.001,0.0,1.0,19,0.2758440934957248,-0.0002758440934957
2022-05-12,NSC/UNP,0.0,0.0,0.0,19,0.3311722736125415,0.0
2022-05-12,GS/STT,0.0125673941415506,0.0125673941415506,0.0,19,0.1950190316121011,0.0024508810353727
2022-05-13,NXPI/TXN,-0.0005686732460465,-0.0005686732460465,0.0,19,0.1979646012796326,-0.0001125771724119
2022-05-13,ABBV/JNJ,-0.0,-0.0,0.0,19,0.2758440934957248,-0.0
2022-05-13,NSC/UNP,-0.0067246855802974,-0.0057246855802974,1.0,19,0.3311722736125415,-0.0022270294129565
2022-05-13,GS/STT,-0.0042342363792937,-0.0042342363792937,0.0,19,0.1950190316121011,-0.0008257566783065
2022-05-16,NXPI/TXN,0.0042899040405152,0.0042899040405152,0.0,19,0.1979646012796326,0.0008492491429084
2022-05-16,ABBV/JNJ,0.0,0.0,0.0,19,0.2758440934957248,0.0
2022-05-16,NSC/UNP,0.0027799280191806,0.0027799280191806,0.0,19,0.3311722736125415,0.0009206350825912
2022-05-16,GS/STT,0.0009609973421528,0.0009609973421528,0.0,19,0.1950190316121011,0.0001874127710484
2022-05-17,NXPI/TXN,0.009325711557991,0.009325711557991,0.0,19,0.1979646012796326,0.0018461607702265
2022-05-17,ABBV/JNJ,0.0,0.0,0.0,19,0.2758440934957248,0.0
2022-05-17,NSC/UNP,-0.0019027860628652,-0.0019027860628652,0.0,19,0.3311722736125415,-0.0006301499866373
2022-05-17,GS/STT,-0.001,0.0,1.0,19,0.1950190316121011,-0.0001950190316121
2022-05-18,NXPI/TXN,0.0006711953798671,0.0006711953798671,0.0,19,0.1979646012796326,0.0001328729257561
2022-05-18,ABBV/JNJ,-0.0,-0.0,0.0,19,0.2758440934957248,-0.0
2022-05-18,NSC/UNP,-0.0084520183386229,-0.0084520183386229,0.0,19,0.3311722736125415,-0.0027990741298166
2022-05-18,GS/STT,0.0,0.0,0.0,19,0.1950190316121011,0.0
2022-05-19,NXPI/TXN,-0.0112322767636641,-0.0112322767636641,0.0,19,0.1979646012796326,-0.0022235931909812
2022-05-19,ABBV/JNJ,-0.0,-0.0,0.0,19,0.2758440934957248,-0.0
2022-05-19,NSC/UNP,0.0024741989215838,0.0024741989215838,0.0,19,0.3311722736125415,0.0008193860822306
2022-05-19,GS/STT,0.0,0.0,0.0,19,0.1950190316121011,0.0
2022-05-20,NXPI/TXN,0.0004749478118966,0.0004749478118966,0.0,19,0.1979646012796326,9.402285421074438e-05
2022-05-20,ABBV/JNJ,0.0,0.0,0.0,19,0.2758440934957248,0.0
2022-05-20,NSC/UNP,0.0090307405477158,0.0090307405477158,0.0,19,0.3311722736125415,0.002990730879592
2022-05-20,GS/STT,-0.0,-0.0,0.0,19,0.1950190316121011,-0.0
2022-05-23,NXPI/TXN,-0.0006059802206985,-0.0006059802206985,0.0,19,0.1979646012796326,-0.0001199626327739
2022-05-23,ABBV/JNJ,0.0,0.0,0.0,19,0.2758440934957248,0.0
2022-05-23,NSC/UNP,-0.0007129085776737,-0.0007129085776737,0.0,19,0.3311722736125415,-0.000236095554546
2022-05-23,GS/STT,0.0,0.0,0.0,19,0.1950190316121011,0.0
2022-05-24,NXPI/TXN,-0.001,-0.0,1.0,19,0.1979646012796326,-0.0001979646012796
2022-05-24,ABBV/JNJ,-0.0064268420219197,-0.0054268420219197,1.0,19,0.2758440934957248,-0.0017728064115766
2022-05-24,NSC/UNP,-0.0014378238486098,-0.0014378238486098,0.0,19,0.3311722736125415,-0.0004761673929984
2022-05-24,GS/STT,0.0,0.0,0.0,19,0.1950190316121011,0.0
2022-05-25,NXPI/TXN,-0.0,-0.0,0.0,19,0.1979646012796326,-0.0
2022-05-25,ABBV/JNJ,0.0126257504539215,0.0126257504539215,0.0,19,0.2758440934957248,0.0034827386886652
2022-05-25,NSC/UNP,-0.0002480643206003,-0.0002480643206003,0.0,19,0.3311722736125415,-8.215202505535175e-05
2022-05-25,GS/STT,-0.0,-0.0,0.0,19,0.1950190316121011,-0.0
2022-05-26,NXPI/TXN,0.0,0.0,0.0,19,0.1979646012796326,0.0
2022-05-26,ABBV/JNJ,-0.0021455775046848,-0.0021455775046848,0.0,19,0.2758440934957248,-0.0005918448818045
2022-05-26,NSC/UNP,-0.0017920059143528,-0.0017920059143528,0.0,19,0.3311722736125415,-0.0005934626729833
2022-05-26,GS/STT,0.0,0.0,0.0,19,0.1950190316121011,0.0
2022-05-27,NXPI/TXN,0.0,0.0,0.0,19,0.1979646012796326,0.0
2022-05-27,ABBV/JNJ,-0.007479804385573,-0.007479804385573,0.0,19,0.2758440934957248,-0.0020632598602637
2022-05-27,NSC/UNP,0.0020313920272429,0.0020313920272429,0.0,19,0.3311722736125415,0.0006727407162604
2022-05-27,GS/STT,-0.0,-0.0,0.0,19,0.1950190316121011,-0.0
2022-05-31,NXPI/TXN,0.0,0.0,0.0,19,0.1979646012796326,0.0
2022-05-31,ABBV/JNJ,0.0006912525269818,0.0006912525269818,0.0,19,0.2758440934957248,0.0001906779266819
2022-05-31,NSC/UNP,0.0041219638276879,0.0041219638276879,0.0,19,0.3311722736125415,0.001365080132564
2022-05-31,GS/STT,0.0,0.0,0.0,19,0.1950190316121011,0.0
2022-06-01,NXPI/TXN,0.0,0.0,0.0,19,0.1979646012796326,0.0
2022-06-01,ABBV/JNJ,0.0042880745082882,0.0042880745082882,0.0,19,0.2758440934957248,0.0011828400255808
2022-06-01,NSC/UNP,0.0004635717351753,0.0004635717351753,0.0,19,0.3311722736125415,0.0001535221055205
2022-06-01,GS/STT,0.0,0.0,0.0,19,0.1950190316121011,0.0
2022-06-02,NXPI/TXN,0.0,0.0,0.0,19,0.1979646012796326,0.0
2022-06-02,ABBV/JNJ,0.003711423559336,0.003711423559336,0.0,19,0.2758440934957248,0.0010237742673037
2022-06-02,NSC/UNP,-0.0009784562241255,-0.0009784562241255,0.0,19,0.3311722736125415,-0.0003240375723739
2022-06-02,GS/STT,-0.0,-0.0,0.0,19,0.1950190316121011,-0.0
2022-06-03,NXPI/TXN,-0.0,-0.0,0.0,19,0.1979646012796326,-0.0
2022-06-03,ABBV/JNJ,0.0037394407559283,0.0037394407559283,0.0,19,0.2758440934957248,0.0010315026455
2022-06-03,NSC/UNP,-0.0005571694152842,-0.0005571694152842,0.0,19,0.3311722736125415,-0.000184519062047
2022-06-03,GS/STT,0.0,0.0,0.0,19,0.1950190316121011,0.0
2022-06-06,NXPI/TXN,-0.0,-0.0,0.0,19,0.1979646012796326,-0.0
2022-06-06,ABBV/JNJ,-0.0012367894386178,-0.0012367894386178,0.0,19,0.2758440934957248,-0.0003411610615406
2022-06-06,NSC/UNP,-0.0028256634644403,-0.0028256634644403,0.0,19,0.3311722736125415,-0.0009357813939825
2022-06-06,GS/STT,0.0,0.0,0.0,19,0.1950190316121011,0.0
2022-06-07,NXPI/TXN,0.0,0.0,0.0,19,0.1979646012796326,0.0
2022-06-07,ABBV/JNJ,-0.0022841794647934,-0.0022841794647934,0.0,19,0.2758440934957248,-0.0006300774138474
2022-06-07,NSC/UNP,9.76235578392636e-06,9.76235578392636e-06,0.0,19,0.3311722736125415,3.2330215607774374e-06
2022-06-07,GS/STT,-0.0,-0.0,0.0,19,0.1950190316121011,-0.0
2022-06-08,NXPI/TXN,-0.0,-0.0,0.0,19,0.1979646012796326,-0.0
2022-06-08,ABBV/JNJ,0.0043689075184354,0.0043689075184354,0.0,19,0.2758440934957248,0.0012051373339894
2022-06-08,NSC/UNP,0.0049825958331411,0.0049825958331411,0.0,19,0.3311722736125415,0.0016500975905537
2022-06-08,GS/STT,0.0,0.0,0.0,19,0.1950190316121011,0.0
2022-06-09,NXPI/TXN,-0.0,-0.0,0.0,19,0.1979646012796326,-0.0
2022-06-09,ABBV/JNJ,0.0063162735882067,0.0063162735882067,0.0,19,0.2758440934957248,0.0017423067622098
2022-06-09,NSC/UNP,0.0021065328150959,0.0021065328150959,0.0,19,0.3311722736125415,0.0006976252618147
2022-06-09,GS/STT,-0.0,-0.0,0.0,19,0.1950190316121011,-0.0
2022-06-10,NXPI/TXN,-0.0065462277429413,-0.0055462277429413,1.0,19,0.1979646012796326,-0.001295921365017
2022-06-10,ABBV/JNJ,2.967382959621949e-05,2.967382959621949e-05,0.0,19,0.2758440934957248,8.185350625515777e-06
2022-06-10,NSC/UNP,-0.001,0.0,1.0,19,0.3311722736125415,-0.0003311722736125
2022-06-10,GS/STT,-0.0,-0.0,0.0,19,0.1950190316121011,-0.0
2022-06-13,NXPI/TXN,0.0005775529180795,0.0005775529180795,0.0,19,0.1979646012796326,0.0001143350331454
2022-06-13,ABBV/JNJ,-0.0009314904434739,-0.0009314904434739,0.0,19,0.2758440934957248,-0.0002569461369799
2022-06-13,NSC/UNP,0.0,0.0,0.0,19,0.3311722736125415,0.0
2022-06-13,GS/STT,0.0059964857994782,0.0069964857994782,1.0,19,0.1950190316121011,0.0011694288536899
2022-06-14,NXPI/TXN,0.0011857802088052,0.0011857802088052,0.0,19,0.1979646012796326,0.0002347425062414
2022-06-14,ABBV/JNJ,0.0068078584575467,0.0068078584575467,0.0,19,0.2758440934957248,0.0018779075448691
2022-06-14,NSC/UNP,0.0,0.0,0.0,19,0.3311722736125415,0.0
2022-06-14,GS/STT,0.0045387413791024,0.0045387413791024,0.0,19,0.1950190316121011,0.0008851409484903
2022-06-15,NXPI/TXN,0.0067204451820781,0.0067204451820781,0.0,19,0.1979646012796326,0.0013304102508917
2022-06-15,ABBV/JNJ,-0.0064380575282328,-0.0064380575282328,0.0,19,0.2758440934957248,-0.0017759001427487
2022-06-15,NSC/UNP,0.0,0.0,0.0,19,0.3311722736125415,0.0
2022-06-15,GS/STT,0.0028893982813668,0.0028893982813668,0.0,19,0.1950190316121011,0.0005634876547738
2022-06-16,NXPI/TXN,0.0012344852480434,0.0012344852480434,0.0,19,0.1979646012796326,0.0002443843799145
2022-06-16,ABBV/JNJ,0.0019490807708224,0.0019490807708224,0.0,19,0.2758440934957248,0.0005376424183774
2022-06-16,NSC/UNP,-0.0,-0.0,0.0,19,0.3311722736125415,-0.0
2022-06-16,GS/STT,0.0009311953410536,0.0009311953410536,0.0,19,0.1950190316121011,0.0001816008136539
2022-06-17,NXPI/TXN,-0.0041524138632834,-0.0041524138632834,0.0,19,0.1979646012796326,-0.0008220309547929
2022-06-17,ABBV/JNJ,0.0006562239989688,0.0006562239989688,0.0,19,0.2758440934957248,0.0001810155141256
2022-06-17,NSC/UNP,-0.0,-0.0,0.0,19,0.3311722736125415,-0.0
2022-06-17,GS/STT,-0.0063094445880693,-0.0063094445880693,0.0,19,0.1950190316121011,-0.0012304617735754
2022-06-21,NXPI/TXN,0.0118953732186968,0.0118953732186968,0.0,19,0.1979646012796326,0.0023548628163117
2022-06-21,ABBV/JNJ,-0.0032892161252532,-0.0032892161252532,0.0,19,0.2758440934957248,-0.0009073108403819
2022-06-21,NSC/UNP,0.0,0.0,0.0,19,0.3311722736125415,0.0
2022-06-21,GS/STT,-0.0041738020994563,-0.0041738020994563,0.0,19,0.1950190316121011,-0.0008139708435765
2022-06-22,NXPI/TXN,0.0006991934199272,0.0006991934199272,0.0,19,0.1979646012796326,0.0001384155465932
2022-06-22,ABBV/JNJ,-0.001,0.0,1.0,19,0.2758440934957248,-0.0002758440934957
2022-06-22,NSC/UNP,-0.0,-0.0,0.0,19,0.3311722736125415,-0.0
2022-06-22,GS/STT,0.0026446316865539,0.0026446316865539,0.0,19,0.1950190316121011,0.0005157535104824
2022-06-23,NXPI/TXN,0.0008539228016636,0.0008539228016636,0.0,19,0.1979646012796326,0.0001690464869549
2022-06-23,ABBV/JNJ,0.0,0.0,0.0,19,0.2758440934957248,0.0
2022-06-23,NSC/UNP,0.0,0.0,0.0,19,0.3311722736125415,0.0
2022-06-23,GS/STT,0.0062554349285879,0.0062554349285879,0.0,19,0.1950190316121011,0.0012199288620857
2022-06-24,NXPI/TXN,0.0087550218526471,0.0087550218526471,0.0,19,0.1979646012796326,0.0017331844102537
2022-06-24,ABBV/JNJ,0.0,0.0,0.0,19,0.2758440934957248,0.0
2022-06-24,NSC/UNP,0.0010862278644721,0.0020862278644721,1.0,19,0.3311722736125415,0.0003597285515385
2022-06-24,GS/STT,0.0096685204001115,0.0096685204001115,0.0,19,0.1950190316121011,0.0018855454855515
2022-06-27,NXPI/TXN,-0.0004557715986874,-0.0004557715986874,0.0,19,0.1979646012796326,-9.022664280873188e-05
2022-06-27,ABBV/JNJ,-0.0,-0.0,0.0,19,0.2758440934957248,-0.0
2022-06-27,NSC/UNP,-0.0004041977990121,-0.0004041977990121,0.0,19,0.3311722736125415,-0.000133859104088
2022-06-27,GS/STT,0.003241106833306,0.003241106833306,0.0,19,0.1950190316121011,0.0006320775159826
2022-06-28,NXPI/TXN,0.0034373956045394,0.0034373956045394,0.0,19,0.1979646012796326,0.000680482650293
2022-06-28,ABBV/JNJ,-0.0,-0.0,0.0,19,0.2758440934957248,-0.0
2022-06-28,NSC/UNP,-0.001408199859957,-0.001408199859957,0.0,19,0.3311722736125415,-0.0004663567493228
2022-06-28,GS/STT,0.0023620587953624,0.0023620587953624,0.0,19,0.1950190316121011,0.0004606464188824
2022-06-29,NXPI/TXN,0.0030777347816524,0.0030777347816524,0.0,19,0.1979646012796326,0.0006092825388942
2022-06-29,ABBV/JNJ,-0.0041060682659147,-0.0031060682659147,1.0,19,0.2758440934957248,-0.0011326346786428
2022-06-29,NSC/UNP,0.0020182214631885,0.0020182214631885,0.0,19,0.3311722736125415,0.0006683789906177
2022-06-29,GS/STT,0.0099201744439346,0.0099201744439346,0.0,19,0.1950190316121011,0.0019346228134792
2022-06-30,NXPI/TXN,0.0082122139291717,0.0082122139291717,0.0,19,0.1979646012796326,0.0016257276561115
2022-06-30,ABBV/JNJ,0.0039781151298582,0.0039781151298582,0.0,19,0.2758440934957248,0.0010973395618173
2022-06-30,NSC/UNP,-1.5097140342345258e-05,-1.5097140342345258e-05,0.0,19,0.3311722736125415,-4.999754292222102e-06
2022-06-30,GS/STT,0.0010747474044207,0.0010747474044207,0.0,19,0.1950190316121011,0.0002095961980377
2022-07-01,NXPI/TXN,-0.017823882217272,-0.017823882217272,0.0,19,0.1979646012796326,-0.0035284977363973
2022-07-01,ABBV/JNJ,0.006611620258803,0.006611620258803,0.0,19,0.2758440934957248,0.0018237763968274
2022-07-01,NSC/UNP,-0.0025730354622088,-0.0025730354622088,0.0,19,0.3311722736125415,-0.0008521180041053
2022-07-01,GS/STT,-0.008009113790798,-0.008009113790798,0.0,19,0.1950190316121011,-0.0015619296155525
2022-07-05,NXPI/TXN,0.0029259245748618,0.0029259245748618,0.0,19,0.1979646012796326,0.0005792294918367
2022-07-05,ABBV/JNJ,-0.0056056881364153,-0.0056056881364153,0.0,19,0.2758440934957248,-0.0015462959624092
2022-07-05,NSC/UNP,0.004285768739876,0.004285768739876,0.0,19,0.3311722736125415,0.0014193277777622
2022-07-05,GS/STT,-0.0017030833426551,-0.0017030833426551,0.0,19,0.1950190316121011,-0.0003321336642392
2022-07-06,NXPI/TXN,0.0080198073938064,0.0080198073938064,0.0,19,0.1979646012796326,0.0015876379730543
2022-07-06,ABBV/JNJ,0.0033903992848589,0.0033903992848589,0.0,19,0.2758440934957248,0.0009352216173204
2022-07-06,NSC/UNP,0.0043216074032807,0.0043216074032807,0.0,19,0.3311722736125415,0.0014311965494052
2022-07-06,GS/STT,-0.0010192717388646,-0.0010192717388646,0.0,19,0.1950190316121011,-0.0001987773874629
2022-07-07,MA/SYF,0.0,0.0,0.0,20,0.1375087386133599,0.0
2022-07-07,JNJ/LLY,0.0,0.0,0.0,20,0.3382799604548465,0.0
2022-07-07,CAT/DE,0.0,0.0,0.0,20,0.2220876708654627,0.0
2022-07-07,NXPI/TXN,0.0,0.0,0.0,20,0.3021236300663308,0.0
2022-07-08,MA/SYF,-0.0,-0.0,0.0,20,0.1375087386133599,-0.0
2022-07-08,JNJ/LLY,-0.0,-0.0,0.0,20,0.3382799604548465,-0.0
2022-07-08,CAT/DE,-0.0,-0.0,0.0,20,0.2220876708654627,-0.0
2022-07-08,NXPI/TXN,-0.0,-0.0,0.0,20,0.3021236300663308,-0.0
2022-07-11,MA/SYF,0.0,0.0,0.0,20,0.1375087386133599,0.0
2022-07-11,JNJ/LLY,-0.0,-0.0,0.0,20,0.3382799604548465,-0.0
2022-07-11,CAT/DE,-0.0,-0.0,0.0,20,0.2220876708654627,-0.0
2022-07-11,NXPI/TXN,-0.0,-0.0,0.0,20,0.3021236300663308,-0.0
2022-07-12,MA/SYF,-0.0,-0.0,0.0,20,0.1375087386133599,-0.0
2022-07-12,JNJ/LLY,-0.0,-0.0,0.0,20,0.3382799604548465,-0.0
2022-07-12,CAT/DE,0.0,0.0,0.0,20,0.2220876708654627,0.0
2022-07-12,NXPI/TXN,0.0,0.0,0.0,20,0.3021236300663308,0.0
2022-07-13,MA/SYF,0.0,0.0,0.0,20,0.1375087386133599,0.0
2022-07-13,JNJ/LLY,-0.0,-0.0,0.0,20,0.3382799604548465,-0.0
2022-07-13,CAT/DE,-0.0,-0.0,0.0,20,0.2220876708654627,-0.0
2022-07-13,NXPI/TXN,-0.0,-0.0,0.0,20,0.3021236300663308,-0.0
2022-07-14,MA/SYF,0.0,0.0,0.0,20,0.1375087386133599,0.0
2022-07-14,JNJ/LLY,-0.0,-0.0,0.0,20,0.3382799604548465,-0.0
2022-07-14,CAT/DE,-0.0,-0.0,0.0,20,0.2220876708654627,-0.0
2022-07-14,NXPI/TXN,0.0,0.0,0.0,20,0.3021236300663308,0.0
2022-07-15,MA/SYF,0.0,0.0,0.0,20,0.1375087386133599,0.0
2022-07-15,JNJ/LLY,0.0,0.0,0.0,20,0.3382799604548465,0.0
2022-07-15,CAT/DE,0.0,0.0,0.0,20,0.2220876708654627,0.0
2022-07-15,NXPI/TXN,0.0,0.0,0.0,20,0.3021236300663308,0.0
2022-07-18,MA/SYF,-0.0,-0.0,0.0,20,0.1375087386133599,-0.0
2022-07-18,JNJ/LLY,-0.0,-0.0,0.0,20,0.3382799604548465,-0.0
2022-07-18,CAT/DE,0.0,0.0,0.0,20,0.2220876708654627,0.0
2022-07-18,NXPI/TXN,0.0,0.0,0.0,20,0.3021236300663308,0.0
2022-07-19,MA/SYF,0.0,0.0,0.0,20,0.1375087386133599,0.0
2022-07-19,JNJ/LLY,-0.0,-0.0,0.0,20,0.3382799604548465,-0.0
2022-07-19,CAT/DE,0.0,0.0,0.0,20,0.2220876708654627,0.0
2022-07-19,NXPI/TXN,0.0,0.0,0.0,20,0.3021236300663308,0.0
2022-07-20,MA/SYF,-0.0,-0.0,0.0,20,0.1375087386133599,-0.0
2022-07-20,JNJ/LLY,-0.0013005618588559,-0.0003005618588559,1.0,20,0.3382799604548465,-0.0004399540141828
2022-07-20,CAT/DE,-0.0,-0.0,0.0,20,0.2220876708654627,-0.0
2022-07-20,NXPI/TXN,-0.0,-0.0,0.0,20,0.3021236300663308,-0.0
2022-07-21,MA/SYF,0.0,0.0,0.0,20,0.1375087386133599,0.0
2022-07-21,JNJ/LLY,-0.0019462840572471,-0.0019462840572471,0.0,20,0.3382799604548465,-0.0006583888939194
2022-07-21,CAT/DE,0.0,0.0,0.0,20,0.2220876708654627,0.0
2022-07-21,NXPI/TXN,-0.0,-0.0,0.0,20,0.3021236300663308,-0.0
2022-07-22,MA/SYF,-0.0,-0.0,0.0,20,0.1375087386133599,-0.0
2022-07-22,JNJ/LLY,0.0017175814766734,0.0017175814766734,0.0,20,0.3382799604548465,0.000581023394007
2022-07-22,CAT/DE,-0.0,-0.0,0.0,20,0.2220876708654627,-0.0
2022-07-22,NXPI/TXN,-0.0,-0.0,0.0,20,0.3021236300663308,-0.0
2022-07-25,MA/SYF,-0.0,-0.0,0.0,20,0.1375087386133599,-0.0
2022-07-25,JNJ/LLY,-0.0010823322362949,-0.0010823322362949,0.0,20,0.3382799604548465,-0.0003661313060928
2022-07-25,CAT/DE,-0.0,-0.0,0.0,20,0.2220876708654627,-0.0
2022-07-25,NXPI/TXN,-0.0,-0.0,0.0,20,0.3021236300663308,-0.0
2022-07-26,MA/SYF,0.0,0.0,0.0,20,0.1375087386133599,0.0
2022-07-26,JNJ/LLY,0.0050052210858646,0.0050052210858646,0.0,20,0.3382799604548465,0.001693165990994
2022-07-26,CAT/DE,0.0,0.0,0.0,20,0.2220876708654627,0.0
2022-07-26,NXPI/TXN,-0.0,-0.0,0.0,20,0.3021236300663308,-0.0
2022-07-27,MA/SYF,-0.0,-0.0,0.0,20,0.1375087386133599,-0.0
2022-07-27,JNJ/LLY,0.0003448558867754,0.0003448558867754,0.0,20,0.3382799604548465,0.000116657835741
2022-07-27,CAT/DE,0.0,0.0,0.0,20,0.2220876708654627,0.0
2022-07-27,NXPI/TXN,0.0301624843728152,0.0311624843728152,1.0,20,0.3021236300663308,0.0091127992705339
2022-07-28,MA/SYF,0.0,0.0,0.0,20,0.1375087386133599,0.0
2022-07-28,JNJ/LLY,0.0024415624006191,0.0024415624006191,0.0,20,0.3382799604548465,0.0008259316323294
2022-07-28,CAT/DE,0.0,0.0,0.0,20,0.2220876708654627,0.0
2022-07-28,NXPI/TXN,0.013214163708281,0.013214163708281,0.0,20,0.3021236300663308,0.0039923111078366
2022-07-29,MA/SYF,0.0058803625404715,0.0068803625404715,1.0,20,0.1375087386133599,0.0008086012355294
2022-07-29,JNJ/LLY,0.0022802371835484,0.0022802371835484,0.0,20,0.3382799604548465,0.0007713585442784
2022-07-29,CAT/DE,0.0,0.0,0.0,20,0.2220876708654627,0.0
2022-07-29,NXPI/TXN,0.0149217047944017,0.0149217047944017,0.0,20,0.3021236300663308,0.0045081996192628
2022-08-01,MA/SYF,0.0087663078274814,0.0087663078274814,0.0,20,0.1375087386133599,0.0012054439316533
2022-08-01,JNJ/LLY,0.0024318350428314,0.0024318350428314,0.0,20,0.3382799604548465,0.0008226410621217
2022-08-01,CAT/DE,0.0028084434569609,0.0038084434569609,1.0,20,0.2220876708654627,0.0006237206661137
2022-08-01,NXPI/TXN,-0.0014725291017806,-0.0014725291017806,0.0,20,0.3021236300663308,-0.0004448858376082
2022-08-02,MA/SYF,-0.0049806113357261,-0.0049806113357261,0.0,20,0.1375087386133599,-0.000684877582299
2022-08-02,JNJ/LLY,-0.0004692339333483,-0.0004692339333483,0.0,20,0.3382799604548465,-0.0001587324364171
2022-08-02,CAT/DE,0.0275670620355006,0.0275670620355006,0.0,20,0.2220876708654627,0.006122304600068
2022-08-02,NXPI/TXN,0.0015628211089734,0.0015628211089734,0.0,20,0.3021236300663308,0.0004721651865873
2022-08-03,MA/SYF,0.0002918428535566,0.0002918428535566,0.0,20,0.1375087386133599,4.0130942665891584e-05
2022-08-03,JNJ/LLY,0.012648779509412,0.012648779509412,0.0,20,0.3382799604548465,0.0042788286322459
2022-08-03,CAT/DE,0.0061791967093789,0.0061791967093789,0.0,20,0.2220876708654627,0.0013723234050054
2022-08-03,NXPI/TXN,0.0137397959234065,0.0137397959234065,0.0,20,0.3021236300663308,0.0041511170207501
2022-08-04,MA/SYF,-0.0059455688370775,-0.0059455688370775,0.0,20,0.1375087386133599,-0.0008175676711254
2022-08-04,JNJ/LLY,-0.0038564327771968,-0.0038564327771968,0.0,20,0.3382799604548465,-0.0013045539273669
2022-08-04,CAT/DE,0.0048525526794847,0.0048525526794847,0.0,20,0.2220876708654627,0.0010776921223387
2022-08-04,NXPI/TXN,0.0075434606700807,0.0075434606700807,0.0,20,0.3021236300663308,0.0022790577209073
2022-08-05,MA/SYF,-0.0016185922529195,-0.0016185922529195,0.0,20,0.1375087386133599,-0.0002225705790283
2022-08-05,JNJ/LLY,0.001473826643798,0.001473826643798,0.0,20,0.3382799604548465,0.0004985660187812
2022-08-05,CAT/DE,-0.004415992897251,-0.004415992897251,0.0,20,0.2220876708654627,-0.0009807375771089
2022-08-05,NXPI/TXN,0.0026513331763357,0.0026513331763357,0.0,20,0.3021236300663308,0.0008010304037498
2022-08-08,MA/SYF,0.0151629913366495,0.0151629913366495,0.0,20,0.1375087386133599,0.0020850438123079
2022-08-08,JNJ/LLY,-0.0049081949942793,-0.0049081949942793,0.0,20,0.3382799604548465,-0.0016603440085694
2022-08-08,CAT/DE,-0.0008338324127387,-0.0008338324127387,0.0,20,0.2220876708654627,-0.0001851838984372
2022-08-08,NXPI/TXN,-0.0021478115200029,-0.0021478115200029,0.0,20,0.3021236300663308,-0.0006489046131215
2022-08-09,MA/SYF,0.0066861510698553,0.0066861510698553,0.0,20,0.1375087386133599,0.0009194041997941
2022-08-09,JNJ/LLY,-0.0005856521734453,-0.0005856521734453,0.0,20,0.3382799604548465,-0.0001981143940733
2022-08-09,CAT/DE,-0.0007265316061223,-0.0007265316061223,0.0,20,0.2220876708654627,-0.0001613537122138
2022-08-09,NXPI/TXN,-0.001318929078623,-0.001318929078623,0.0,20,0.3021236300663308,-0.0003984796410336
2022-08-10,MA/SYF,0.0013952919463773,0.0013952919463773,0.0,20,0.1375087386133599,0.0001918648355437
2022-08-10,JNJ/LLY,0.0005043095960942,0.0005043095960942,0.0,20,0.3382799604548465,0.0001705978302237
2022-08-10,CAT/DE,-0.0041548779345866,-0.0041548779345866,0.0,20,0.2220876708654627,-0.0009227471632226
2022-08-10,NXPI/TXN,0.0021188031795821,0.0021188031795821,0.0,20,0.3021236300663308,0.0006401405080114
2022-08-11,MA/SYF,0.0093044248454164,0.0093044248454164,0.0,20,0.1375087386133599,0.001279439724016
2022-08-11,JNJ/LLY,-0.0113388717856825,-0.0113388717856825,0.0,20,0.3382799604548465,-0.0038357130992632
2022-08-11,CAT/DE,0.0013085268369514,0.0013085268369514,0.0,20,0.2220876708654627,0.0002906076774834
2022-08-11,NXPI/TXN,-0.0045847575052061,-0.0045847575052061,0.0,20,0.3021236300663308,-0.0013851635804467
2022-08-12,MA/SYF,-0.0072016405960515,-0.0072016405960515,0.0,20,0.1375087386133599,-0.0009902885143098
2022-08-12,JNJ/LLY,-0.0154653336551648,-0.0154653336551648,0.0,20,0.3382799604548465,-0.0052316124572901
2022-08-12,CAT/DE,-0.0013274649710093,-0.0013274649710093,0.0,20,0.2220876708654627,-0.0002948136035669
2022-08-12,NXPI/TXN,-0.0014885854373503,-0.0014885854373503,0.0,20,0.3021236300663308,-0.0004497368359961
2022-08-15,MA/SYF,-0.0145007740409033,-0.0145007740409033,0.0,20,0.1375087386133599,-0.0019939831472819
2022-08-15,JNJ/LLY,-0.002125085722697,-0.002125085722697,0.0,20,0.3382799604548465,-0.0007188739142371
2022-08-15,CAT/DE,0.0002390856117353,0.0002390856117353,0.0,20,0.2220876708654627,5.309796664773712e-05
2022-08-15,NXPI/TXN,-0.0001119863096019,-0.0001119863096019,0.0,20,0.3021236300663308,-3.383371037465804e-05
2022-08-16,MA/SYF,0.0036700401506115,0.0036700401506115,0.0,20,0.1375087386133599,0.0005046625917709
2022-08-16,JNJ/LLY,-0.001,0.0,1.0,20,0.3382799604548465,-0.0003382799604548
2022-08-16,CAT/DE,-0.0001804394138682,-0.0001804394138682,0.0,20,0.2220876708654627,-4.007336915831781e-05
2022-08-16,NXPI/TXN,-0.0040946779870351,-0.0040946779870351,0.0,20,0.3021236300663308,-0.0012370989773957
2022-08-17,MA/SYF,0.0009541576710732,0.0009541576710732,0.0,20,0.1375087386133599,0.0001312050177875
2022-08-17,JNJ/LLY,-0.0,-0.0,0.0,20,0.3382799604548465,-0.0
2022-08-17,CAT/DE,-0.0012863730451995,-0.0012863730451995,0.0,20,0.2220876708654627,-0.0002856875934724
2022-08-17,NXPI/TXN,-0.0134917173920772,-0.0134917173920772,0.0,20,0.3021236300663308,-0.0040761666343234
2022-08-18,MA/SYF,-0.0026195897635069,-0.0026195897635069,0.0,20,0.1375087386133599,-0.0003602164840643
2022-08-18,JNJ/LLY,-0.0,-0.0,0.0,20,0.3382799604548465,-0.0
2022-08-18,CAT/DE,-0.0004382920886178,-0.0004382920886178,0.0,20,0.2220876708654627,-9.73392691198862e-05
2022-08-18,NXPI/TXN,0.0017048924543178,0.0017048924543178,0.0,20,0.3021236300663308,0.0005150882971711
2022-08-19,MA/SYF,-0.0027120901785139,-0.0027120901785139,0.0,20,0.1375087386133599,-0.0003729360994531
2022-08-19,JNJ/LLY,0.0,0.0,0.0,20,0.3382799604548465,0.0
2022-08-19,CAT/DE,0.0070581545781281,0.0070581545781281,0.0,20,0.2220876708654627,0.0015675291108648
2022-08-19,NXPI/TXN,-0.0028829305329628,-0.0028829305329628,0.0,20,0.3021236300663308,-0.0008710014378477
2022-08-22,MA/SYF,0.0095143856071362,0.0095143856071362,0.0,20,0.1375087386133599,0.0013083111635184
2022-08-22,JNJ/LLY,-0.0,-0.0,0.0,20,0.3382799604548465,-0.0
2022-08-22,CAT/DE,0.0114111952072636,0.0114111952072636,0.0,20,0.2220876708654627,0.0025342857653723
2022-08-22,NXPI/TXN,-0.0039499408685241,-0.0039499408685241,0.0,20,0.3021236300663308,-0.0011933704737458
2022-08-23,MA/SYF,0.0148993429624505,0.0148993429624505,0.0,20,0.1375087386133599,0.0020487898569344
2022-08-23,JNJ/LLY,0.0,0.0,0.0,20,0.3382799604548465,0.0
2022-08-23,CAT/DE,-0.0106625570012466,-0.0106625570012466,0.0,20,0.2220876708654627,-0.002368022449877
2022-08-23,NXPI/TXN,-0.001,0.0,1.0,20,0.3021236300663308,-0.0003021236300663
2022-08-24,MA/SYF,0.0052896214483897,0.0052896214483897,0.0,20,0.1375087386133599,0.0007273691731102
2022-08-24,JNJ/LLY,-0.0,-0.0,0.0,20,0.3382799604548465,-0.0
2022-08-24,CAT/DE,0.0162468264841809,0.0162468264841809,0.0,20,0.2220876708654627,0.003608219852827
2022-08-24,NXPI/TXN,0.0,0.0,0.0,20,0.3021236300663308,0.0
2022-08-25,MA/SYF,-0.001,0.0,1.0,20,0.1375087386133599,-0.0001375087386133
2022-08-25,JNJ/LLY,0.0,0.0,0.0,20,0.3382799604548465,0.0
2022-08-25,CAT/DE,-0.0068098982020312,-0.0068098982020312,0.0,20,0.2220876708654627,-0.00151239443052
2022-08-25,NXPI/TXN,0.0,0.0,0.0,20,0.3021236300663308,0.0
2022-08-26,MA/SYF,-0.0,-0.0,0.0,20,0.1375087386133599,-0.0
2022-08-26,JNJ/LLY,-0.0,-0.0,0.0,20,0.3382799604548465,-0.0
2022-08-26,CAT/DE,-0.001,-0.0,1.0,20,0.2220876708654627,-0.0002220876708654
2022-08-26,NXPI/TXN,-0.0,-0.0,0.0,20,0.3021236300663308,-0.0
2022-08-29,MA/SYF,0.0,0.0,0.0,20,0.1375087386133599,0.0
2022-08-29,JNJ/LLY,-0.0,-0.0,0.0,20,0.3382799604548465,-0.0
2022-08-29,CAT/DE,-0.0,-0.0,0.0,20,0.2220876708654627,-0.0
2022-08-29,NXPI/TXN,-0.0,-0.0,0.0,20,0.3021236300663308,-0.0
2022-08-30,MA/SYF,-0.0,-0.0,0.0,20,0.1375087386133599,-0.0
2022-08-30,JNJ/LLY,0.0,0.0,0.0,20,0.3382799604548465,0.0
2022-08-30,CAT/DE,-0.0,-0.0,0.0,20,0.2220876708654627,-0.0
2022-08-30,NXPI/TXN,-0.0,-0.0,0.0,20,0.3021236300663308,-0.0
2022-08-31,MA/SYF,-0.0,-0.0,0.0,20,0.1375087386133599,-0.0
2022-08-31,JNJ/LLY,0.0,0.0,0.0,20,0.3382799604548465,0.0
2022-08-31,CAT/DE,-0.0,-0.0,0.0,20,0.2220876708654627,-0.0
2022-08-31,NXPI/TXN,-0.0,-0.0,0.0,20,0.3021236300663308,-0.0
2022-09-01,MA/SYF,0.0,0.0,0.0,20,0.1375087386133599,0.0
2022-09-01,JNJ/LLY,0.0,0.0,0.0,20,0.3382799604548465,0.0
2022-09-01,CAT/DE,-0.0,-0.0,0.0,20,0.2220876708654627,-0.0
2022-09-01,NXPI/TXN,0.0,0.0,0.0,20,0.3021236300663308,0.0
2022-09-02,MA/SYF,-0.0,-0.0,0.0,20,0.1375087386133599,-0.0
2022-09-02,JNJ/LLY,-0.0,-0.0,0.0,20,0.3382799604548465,-0.0
2022-09-02,CAT/DE,-0.0,-0.0,0.0,20,0.2220876708654627,-0.0
2022-09-02,NXPI/TXN,-0.0,-0.0,0.0,20,0.3021236300663308,-0.0
2022-09-06,MA/SYF,0.0,0.0,0.0,20,0.1375087386133599,0.0
2022-09-06,JNJ/LLY,-0.0,-0.0,0.0,20,0.3382799604548465,-0.0
2022-09-06,CAT/DE,0.0,0.0,0.0,20,0.2220876708654627,0.0
2022-09-06,NXPI/TXN,0.0,0.0,0.0,20,0.3021236300663308,0.0
2022-09-07,MA/SYF,0.0,0.0,0.0,20,0.1375087386133599,0.0
2022-09-07,JNJ/LLY,-0.0,-0.0,0.0,20,0.3382799604548465,-0.0
2022-09-07,CAT/DE,-0.0,-0.0,0.0,20,0.2220876708654627,-0.0
2022-09-07,NXPI/TXN,0.0,0.0,0.0,20,0.3021236300663308,0.0
2022-09-08,MA/SYF,-0.0,-0.0,0.0,20,0.1375087386133599,-0.0
2022-09-08,JNJ/LLY,0.0,0.0,0.0,20,0.3382799604548465,0.0
2022-09-08,CAT/DE,0.0,0.0,0.0,20,0.2220876708654627,0.0
2022-09-08,NXPI/TXN,0.0,0.0,0.0,20,0.3021236300663308,0.0
2022-09-09,MA/SYF,0.0,0.0,0.0,20,0.1375087386133599,0.0
2022-09-09,JNJ/LLY,-0.0,-0.0,0.0,20,0.3382799604548465,-0.0
2022-09-09,CAT/DE,0.0,0.0,0.0,20,0.2220876708654627,0.0
2022-09-09,NXPI/TXN,0.0,0.0,0.0,20,0.3021236300663308,0.0
2022-09-12,MA/SYF,-0.0,-0.0,0.0,20,0.1375087386133599,-0.0
2022-09-12,JNJ/LLY,0.0,0.0,0.0,20,0.3382799604548465,0.0
2022-09-12,CAT/DE,-0.0080051597562906,-0.0070051597562906,1.0,20,0.2220876708654627,-0.0017778472851805
2022-09-12,NXPI/TXN,-0.0,-0.0,0.0,20,0.3021236300663308,-0.0
2022-09-13,MA/SYF,-0.0,-0.0,0.0,20,0.1375087386133599,-0.0
2022-09-13,JNJ/LLY,-0.0,-0.0,0.0,20,0.3382799604548465,-0.0
2022-09-13,CAT/DE,0.0126531978315313,0.0126531978315313,0.0,20,0.2220876708654627,0.0028101192354047
2022-09-13,NXPI/TXN,-0.0,-0.0,0.0,20,0.3021236300663308,-0.0
2022-09-14,MA/SYF,-0.0,-0.0,0.0,20,0.1375087386133599,-0.0
2022-09-14,JNJ/LLY,0.0,0.0,0.0,20,0.3382799604548465,0.0
2022-09-14,CAT/DE,-0.0038228406392544,-0.0038228406392544,0.0,20,0.2220876708654627,-0.0008490057736618
2022-09-14,NXPI/TXN,-0.0,-0.0,0.0,20,0.3021236300663308,-0.0
2022-09-15,MA/SYF,-0.0,-0.0,0.0,20,0.1375087386133599,-0.0
2022-09-15,JNJ/LLY,0.0,0.0,0.0,20,0.3382799604548465,0.0
2022-09-15,CAT/DE,0.0043854185046193,0.0043854185046193,0.0,20,0.2220876708654627,0.0009739473814612
2022-09-15,NXPI/TXN,-0.0,-0.0,0.0,20,0.3021236300663308,-0.0
2022-09-16,MA/SYF,-0.0043205663113372,-0.0033205663113372,1.0,20,0.1375087386133599,-0.0005941156235673
2022-09-16,JNJ/LLY,0.0,0.0,0.0,20,0.3382799604548465,0.0
2022-09-16,CAT/DE,0.0047309720255243,0.0047309720255243,0.0,20,0.2220876708654627,0.0010506905580783
2022-09-16,NXPI/TXN,0.0,0.0,0.0,20,0.3021236300663308,0.0
2022-09-19,MA/SYF,-0.0042518667311059,-0.0042518667311059,0.0,20,0.1375087386133599,-0.0005846688309464
2022-09-19,JNJ/LLY,0.0010447186172219,0.0020447186172219,1.0,20,0.3382799604548465,0.0003534073725202
2022-09-19,CAT/DE,0.000989970667172,0.000989970667172,0.0,20,0.2220876708654627,0.0002198602796973
2022-09-19,NXPI/TXN,-0.0,-0.0,0.0,20,0.3021236300663308,-0.0
2022-09-20,MA/SYF,0.0075841865699277,0.0075841865699277,0.0,20,0.1375087386133599,0.0010428919286391
2022-09-20,JNJ/LLY,0.0024144258158239,0.0024144258158239,0.0,20,0.3382799604548465,0.000816751869498
2022-09-20,CAT/DE,0.0051127298317534,0.0051127298317534,0.0,20,0.2220876708654627,0.0011354742600984
2022-09-20,NXPI/TXN,0.0,0.0,0.0,20,0.3021236300663308,0.0
2022-09-21,MA/SYF,-0.0109510539001761,-0.0109510539001761,0.0,20,0.1375087386133599,-0.0015058656083001
2022-09-21,JNJ/LLY,0.0022487681277647,0.0022487681277647,0.0,20,0.3382799604548465,0.0007607131933323
2022-09-21,CAT/DE,0.013121316687857,0.013121316687857,0.0,20,0.2220876708654627,0.0029140826618942
2022-09-21,NXPI/TXN,-0.0,-0.0,0.0,20,0.3021236300663308,-0.0
2022-09-22,MA/SYF,-0.0060953106057002,-0.0060953106057002,0.0,20,0.1375087386133599,-0.0008381584728464
2022-09-22,JNJ/LLY,0.0014126667842064,0.0014126667842064,0.0,20,0.3382799604548465,0.0004778768638972
2022-09-22,CAT/DE,0.0004111540291157,0.0004111540291157,0.0,20,0.2220876708654627,9.131224069325646e-05
2022-09-22,NXPI/TXN,0.0,0.0,0.0,20,0.3021236300663308,0.0
2022-09-23,MA/SYF,-0.0070921813251484,-0.0070921813251484,0.0,20,0.1375087386133599,-0.0009752369080383
2022-09-23,JNJ/LLY,-0.0017619679557861,-0.0017619679557861,0.0,20,0.3382799604548465,-0.000596038450406
2022-09-23,CAT/DE,0.0074350077585292,0.0074350077585292,0.0,20,0.2220876708654627,0.0016512235559583
2022-09-23,NXPI/TXN,-0.0,-0.0,0.0,20,0.3021236300663308,-0.0
2022-09-26,MA/SYF,0.0017737360346829,0.0017737360346829,0.0,20,0.1375087386133599,0.0002439042047623
2022-09-26,JNJ/LLY,0.0006744016846713,0.0006744016846713,0.0,20,0.3382799604548465,0.0002281365752212
2022-09-26,CAT/DE,0.0033285748809553,0.0033285748809553,0.0,20,0.2220876708654627,0.0007392354426126
2022-09-26,NXPI/TXN,-0.0,-0.0,0.0,20,0.3021236300663308,-0.0
2022-09-27,MA/SYF,-0.0079713489529393,-0.0079713489529393,0.0,20,0.1375087386133599,-0.0010961301395656
2022-09-27,JNJ/LLY,0.0066448820994252,0.0066448820994252,0.0,20,0.3382799604548465,0.0022478304538206
2022-09-27,CAT/DE,0.0049326722205152,0.0049326722205152,0.0,20,0.2220876708654627,0.0010954856845969
2022-09-27,NXPI/TXN,-0.0,-0.0,0.0,20,0.3021236300663308,-0.0
2022-09-28,MA/SYF,0.0004293328163635,0.0004293328163635,0.0,20,0.1375087386133599,5.9037014023466176e-05
2022-09-28,JNJ/LLY,0.0154715256173907,0.0154715256173907,0.0,20,0.3382799604548465,0.005233707074027
2022-09-28,CAT/DE,-0.0066289868440758,-0.0066289868440758,0.0,20,0.2220876708654627,-0.0014722162483985
2022-09-28,NXPI/TXN,0.0,0.0,0.0,20,0.3021236300663308,0.0
2022-09-29,MA/SYF,-0.0069821559329261,-0.0069821559329261,0.0,20,0.1375087386133599,-0.0009601074551384
2022-09-29,JNJ/LLY,0.0041171050712664,0.0041171050712664,0.0,20,0.3382799604548465,0.0013927341406964
2022-09-29,CAT/DE,0.0019842897074787,0.0019842897074787,0.0,20,0.2220876708654627,0.0004406862794562
2022-09-29,NXPI/TXN,-0.0,-0.0,0.0,20,0.3021236300663308,-0.0
2022-09-30,MA/SYF,0.0002407879649357,0.0002407879649357,0.0,20,0.1375087386133599,3.3110449331586044e-05
2022-09-30,JNJ/LLY,-0.0006593667769663,-0.0006593667769663,0.0,20,0.3382799604548465,-0.0002230505672373
2022-09-30,CAT/DE,-0.002180417439078,-0.002180417439078,0.0,20,0.2220876708654627,-0.0004842438305592
2022-09-30,NXPI/TXN,-0.0,-0.0,0.0,20,0.3021236300663308,-0.0
2022-10-03,MA/SYF,-0.0010865155534768,-0.0010865155534768,0.0,20,0.1375087386133599,-0.0001494053832423
2022-10-03,JNJ/LLY,-0.0008820553821492,-0.0008820553821492,0.0,20,0.3382799604548465,-0.0002983816597924
2022-10-03,CAT/DE,-0.0129891867945703,-0.0129891867945703,0.0,20,0.2220876708654627,-0.0028847382416425
2022-10-03,NXPI/TXN,0.0,0.0,0.0,20,0.3021236300663308,0.0
2022-10-04,MA/SYF,0.0096831076863739,0.0096831076863739,0.0,20,0.1375087386133599,0.0013315119238106
2022-10-04,JNJ/LLY,-0.0032426485935607,-0.0032426485935607,0.0,20,0.3382799604548465,-0.0010969230379986
2022-10-04,CAT/DE,-0.0091971070595103,-0.0091971070595103,0.0,20,0.2220876708654627,-0.0020425640855469
2022-10-04,NXPI/TXN,0.0,0.0,0.0,20,0.3021236300663308,0.0
2022-10-05,MA/SYF,0.0,0.0,0.0,21,0.2116843136885949,0.0
2022-10-05,COF/V,0.0,0.0,0.0,21,0.2136082013964435,0.0
2022-10-05,MS/STT,-0.0,-0.0,0.0,21,0.35,-0.0
2022-10-05,MSFT/ORCL,-0.0,-0.0,0.0,21,0.2247074849149615,-0.0
2022-10-06,MA/SYF,-0.0,-0.0,0.0,21,0.2116843136885949,-0.0
2022-10-06,COF/V,-0.0,-0.0,0.0,21,0.2136082013964435,-0.0
2022-10-06,MS/STT,-0.0,-0.0,0.0,21,0.35,-0.0
2022-10-06,MSFT/ORCL,0.0,0.0,0.0,21,0.2247074849149615,0.0
2022-10-07,MA/SYF,-0.0,-0.0,0.0,21,0.2116843136885949,-0.0
2022-10-07,COF/V,0.0,0.0,0.0,21,0.2136082013964435,0.0
2022-10-07,MS/STT,-0.0,-0.0,0.0,21,0.35,-0.0
2022-10-07,MSFT/ORCL,-0.0,-0.0,0.0,21,0.2247074849149615,-0.0
2022-10-10,MA/SYF,-0.0,-0.0,0.0,21,0.2116843136885949,-0.0
2022-10-10,COF/V,-0.0,-0.0,0.0,21,0.2136082013964435,-0.0
2022-10-10,MS/STT,-0.0,-0.0,0.0,21,0.35,-0.0
2022-10-10,MSFT/ORCL,-0.0,-0.0,0.0,21,0.2247074849149615,-0.0
2022-10-11,MA/SYF,-0.0,-0.0,0.0,21,0.2116843136885949,-0.0
2022-10-11,COF/V,-0.0,-0.0,0.0,21,0.2136082013964435,-0.0
2022-10-11,MS/STT,-0.0,-0.0,0.0,21,0.35,-0.0
2022-10-11,MSFT/ORCL,-0.0,-0.0,0.0,21,0.2247074849149615,-0.0
2022-10-12,MA/SYF,-0.0,-0.0,0.0,21,0.2116843136885949,-0.0
2022-10-12,COF/V,-0.0,-0.0,0.0,21,0.2136082013964435,-0.0
2022-10-12,MS/STT,0.0,0.0,0.0,21,0.35,0.0
2022-10-12,MSFT/ORCL,-0.0,-0.0,0.0,21,0.2247074849149615,-0.0
2022-10-13,MA/SYF,0.0,0.0,0.0,21,0.2116843136885949,0.0
2022-10-13,COF/V,0.0,0.0,0.0,21,0.2136082013964435,0.0
2022-10-13,MS/STT,-0.0,-0.0,0.0,21,0.35,-0.0
2022-10-13,MSFT/ORCL,0.0,0.0,0.0,21,0.2247074849149615,0.0
2022-10-14,MA/SYF,-0.0,-0.0,0.0,21,0.2116843136885949,-0.0
2022-10-14,COF/V,-0.0,-0.0,0.0,21,0.2136082013964435,-0.0
2022-10-14,MS/STT,-0.0,-0.0,0.0,21,0.35,-0.0
2022-10-14,MSFT/ORCL,-0.0,-0.0,0.0,21,0.2247074849149615,-0.0
2022-10-17,MA/SYF,0.0,0.0,0.0,21,0.2116843136885949,0.0
2022-10-17,COF/V,0.0,0.0,0.0,21,0.2136082013964435,0.0
2022-10-17,MS/STT,-0.0060073772748918,-0.0050073772748918,1.0,21,0.35,-0.0021025820462121
2022-10-17,MSFT/ORCL,0.0,0.0,0.0,21,0.2247074849149615,0.0
2022-10-18,MA/SYF,0.0,0.0,0.0,21,0.2116843136885949,0.0
2022-10-18,COF/V,0.0,0.0,0.0,21,0.2136082013964435,0.0
2022-10-18,MS/STT,0.0129697428440503,0.0129697428440503,0.0,21,0.35,0.0045394099954176
2022-10-18,MSFT/ORCL,0.0,0.0,0.0,21,0.2247074849149615,0.0
2022-10-19,MA/SYF,-0.0026357304938306,-0.0016357304938306,1.0,21,0.2116843136885949,-0.0005579428006546
2022-10-19,COF/V,0.0,0.0,0.0,21,0.2136082013964435,0.0
2022-10-19,MS/STT,-0.0139574386917658,-0.0139574386917658,0.0,21,0.35,-0.004885103542118
2022-10-19,MSFT/ORCL,-0.0,-0.0,0.0,21,0.2247074849149615,-0.0
2022-10-20,MA/SYF,0.0034107303148415,0.0034107303148415,0.0,21,0.2116843136885949,0.0007219981058741
2022-10-20,COF/V,0.0,0.0,0.0,21,0.2136082013964435,0.0
2022-10-20,MS/STT,-0.0095921005674649,-0.0095921005674649,0.0,21,0.35,-0.0033572351986127
2022-10-20,MSFT/ORCL,-0.0,-0.0,0.0,21,0.2247074849149615,-0.0
2022-10-21,MA/SYF,-0.0080331503661504,-0.0080331503661504,0.0,21,0.2116843136885949,-0.0017004919220158
2022-10-21,COF/V,0.0,0.0,0.0,21,0.2136082013964435,0.0
2022-10-21,MS/STT,-0.0083430551522042,-0.0083430551522042,0.0,21,0.35,-0.0029200693032714
2022-10-21,MSFT/ORCL,-0.0,-0.0,0.0,21,0.2247074849149615,-0.0
2022-10-24,MA/SYF,-0.0024693402322062,-0.0024693402322062,0.0,21,0.2116843136885949,-0.0005227205923182
2022-10-24,COF/V,-0.0,-0.0,0.0,21,0.2136082013964435,-0.0
2022-10-24,MS/STT,-0.0070519698556282,-0.0070519698556282,0.0,21,0.35,-0.0024681894494698
2022-10-24,MSFT/ORCL,0.0,0.0,0.0,21,0.2247074849149615,0.0
2022-10-25,MA/SYF,0.0011237935592271,0.0011237935592271,0.0,21,0.2116843136885949,0.0002378894683126
2022-10-25,COF/V,0.0,0.0,0.0,21,0.2136082013964435,0.0
2022-10-25,MS/STT,-0.0012745370310207,-0.0012745370310207,0.0,21,0.35,-0.0004460879608572
2022-10-25,MSFT/ORCL,0.0,0.0,0.0,21,0.2247074849149615,0.0
2022-10-26,MA/SYF,-0.018325262890927,-0.018325262890927,0.0,21,0.2116843136885949,-0.0038791706982289
2022-10-26,COF/V,0.0,0.0,0.0,21,0.2136082013964435,0.0
2022-10-26,MS/STT,0.0015422644109916,0.0015422644109916,0.0,21,0.35,0.000539792543847
2022-10-26,MSFT/ORCL,-0.0,-0.0,0.0,21,0.2247074849149615,-0.0
2022-10-27,MA/SYF,0.0004737883222653,0.0004737883222653,0.0,21,0.2116843136885949,0.0001002935558324
2022-10-27,COF/V,-0.0039426101952853,-0.0029426101952853,1.0,21,0.2136082013964435,-0.0008421738726221
2022-10-27,MS/STT,-0.0063344861589145,-0.0063344861589145,0.0,21,0.35,-0.00221707015562
2022-10-27,MSFT/ORCL,-0.0156233261027299,-0.0146233261027299,1.0,21,0.2247074849149615,-0.0035106783145507
2022-10-28,MA/SYF,-0.0149356355968905,-0.0149356355968905,0.0,21,0.2116843136885949,-0.0031616397708307
2022-10-28,COF/V,-0.0053157940866341,-0.0053157940866341,0.0,21,0.2136082013964435,-0.0011354972138397
2022-10-28,MS/STT,0.0071701486390719,0.0071701486390719,0.0,21,0.35,0.0025095520236751
2022-10-28,MSFT/ORCL,0.0173303616830428,0.0173303616830428,0.0,21,0.2247074849149615,0.0038942619864631
2022-10-31,MA/SYF,0.0002693736030499,0.0002693736030499,0.0,21,0.2116843136885949,5.7022166287442085e-05
2022-10-31,COF/V,0.0049417238216474,0.0049417238216474,0.0,21,0.2136082013964435,0.00105559273734
2022-10-31,MS/STT,0.0040078480741714,0.0040078480741714,0.0,21,0.35,0.0014027468259599
2022-10-31,MSFT/ORCL,-0.0136750535373856,-0.0136750535373856,0.0,21,0.2247074849149615,-0.0030728868864633
2022-11-01,MA/SYF,-0.0084692623761066,-0.0084692623761066,0.0,21,0.2116843136885949,-0.0017928099935347
2022-11-01,COF/V,0.002807671519755,0.002807671519755,0.0,21,0.2136082013964435,0.0005997416634468
2022-11-01,MS/STT,0.0087088663451429,0.0087088663451429,0.0,21,0.35,0.0030481032208
2022-11-01,MSFT/ORCL,-0.0075604264761787,-0.0075604264761787,0.0,21,0.2247074849149615,-0.0016988844183466
2022-11-02,MA/SYF,0.0217126681746322,0.0217126681746322,0.0,21,0.2116843136885949,0.0045962312608952
2022-11-02,COF/V,0.0121272327796757,0.0121272327796757,0.0,21,0.2136082013964435,0.0025904763819825
2022-11-02,MS/STT,0.0074393364157866,0.0074393364157866,0.0,21,0.35,0.0026037677455253
2022-11-02,MSFT/ORCL,-0.0156839649982836,-0.0156839649982836,0.0,21,0.2247074849149615,-0.0035243043282585
2022-11-03,MA/SYF,0.0169049858167604,0.0169049858167604,0.0,21,0.2116843136885949,0.0035785203205363
2022-11-03,COF/V,0.0112236430411813,0.0112236430411813,0.0,21,0.2136082013964435,0.0023974622031424
2022-11-03,MS/STT,-0.0005535438424758,-0.0005535438424758,0.0,21,0.35,-0.0001937403448665
2022-11-03,MSFT/ORCL,-0.0176615375738966,-0.0176615375738966,0.0,21,0.2247074849149615,-0.0039686796879613
2022-11-04,MA/SYF,-0.0135432347924841,-0.0135432347924841,0.0,21,0.2116843136885949,-0.0028668903621704
2022-11-04,COF/V,0.0016486345142775,0.0016486345142775,0.0,21,0.2136082013964435,0.0003521618533549
2022-11-04,MS/STT,-0.0051593341970395,-0.0051593341970395,0.0,21,0.35,-0.0018057669689638
2022-11-04,MSFT/ORCL,0.0185330918839144,0.0185330918839144,0.0,21,0.2247074849149615,0.0041645244649322
2022-11-07,MA/SYF,-0.0061868422205275,-0.0061868422205275,0.0,21,0.2116843136885949,-0.0013096574493519
2022-11-07,COF/V,-0.0058697457071219,-0.0058697457071219,0.0,21,0.2136082013964435,-0.0012538258231528
2022-11-07,MS/STT,0.0022452790256586,0.0022452790256586,0.0,21,0.35,0.0007858476589805
2022-11-07,MSFT/ORCL,0.0168103246675468,0.0168103246675468,0.0,21,0.2247074849149615,0.0037774057766483
2022-11-08,MA/SYF,-0.0022173100159067,-0.0022173100159067,0.0,21,0.2116843136885949,-0.000469369748952
2022-11-08,COF/V,-0.0041239192043346,-0.0041239192043346,0.0,21,0.2136082013964435,-0.0008809029639421
2022-11-08,MS/STT,-0.0031822531672528,-0.0031822531672528,0.0,21,0.35,-0.0011137886085384
2022-11-08,MSFT/ORCL,0.0075745059000076,0.0075745059000076,0.0,21,0.2247074849149615,0.0017020481702642
2022-11-09,MA/SYF,0.014290885254546,0.014290885254546,0.0,21,0.2116843136885949,0.003025156237111
2022-11-09,COF/V,0.0166727076404102,0.0166727076404102,0.0,21,0.2136082013964435,0.0035614270914767
2022-11-09,MS/STT,-0.0073036526420815,-0.0073036526420815,0.0,21,0.35,-0.0025562784247285
2022-11-09,MSFT/ORCL,-0.013019204076802,-0.013019204076802,0.0,21,0.2247074849149615,-0.0029255126036927
2022-11-10,MA/SYF,-0.0206097755094245,-0.0206097755094245,0.0,21,0.2116843136885949,-0.0043627661839885
2022-11-10,COF/V,-0.0109379228584045,-0.0109379228584045,0.0,21,0.2136082013964435,-0.0023364300287968
2022-11-10,MS/STT,0.0112745377452431,0.0112745377452431,0.0,21,0.35,0.003946088210835
2022-11-10,MSFT/ORCL,0.0494646462586521,0.0494646462586521,0.0,21,0.2247074849149615,0.0111150762529899
2022-11-11,MA/SYF,0.0063396255498188,0.0063396255498188,0.0,21,0.2116843136885949,0.001341999283556
2022-11-11,COF/V,0.0086813031082985,0.0086813031082985,0.0,21,0.2136082013964435,0.0018543975427409
2022-11-11,MS/STT,-0.001,0.0,1.0,21,0.35,-0.00035
2022-11-11,MSFT/ORCL,0.0090802349693142,0.0090802349693142,0.0,21,0.2247074849149615,0.0020403967623914
2022-11-14,MA/SYF,-0.0171858422602391,-0.0171858422602391,0.0,21,0.2116843136885949,-0.0036379732240191
2022-11-14,COF/V,-0.0173500017908118,-0.0173500017908118,0.0,21,0.2136082013964435,-0.0037061026767603
2022-11-14,MS/STT,0.0,0.0,0.0,21,0.35,0.0
2022-11-14,MSFT/ORCL,-0.0184540890517399,-0.0184540890517399,0.0,21,0.2247074849149615,-0.0041467719372132
2022-11-15,MA/SYF,-0.001,0.0,1.0,21,0.2116843136885949,-0.0002116843136885
2022-11-15,COF/V,-0.0302207125519205,-0.0302207125519205,0.0,21,0.2136082013964435,-0.0064553920531346
2022-11-15,MS/STT,0.0,0.0,0.0,21,0.35,0.0
2022-11-15,MSFT/ORCL,-0.0015510023361256,-0.0015510023361256,0.0,21,0.2247074849149615,-0.000348521834048
2022-11-16,MA/SYF,-0.0050780311316222,-0.0040780311316222,1.0,21,0.2116843136885949,-0.0010749395349867
2022-11-16,COF/V,-0.005152030032495,-0.005152030032495,0.0,21,0.2136082013964435,-0.0011005158687817
2022-11-16,MS/STT,-0.0,-0.0,0.0,21,0.35,-0.0
2022-11-16,MSFT/ORCL,-0.0017227396093488,-0.0017227396093488,0.0,21,0.2247074849149615,-0.0003871124847801
2022-11-17,MA/SYF,0.0051953637667661,0.0051953637667661,0.0,21,0.2116843136885949,0.0010997770133304
2022-11-17,COF/V,-0.0090413939772055,-0.0090413939772055,0.0,21,0.2136082013964435,-0.0019313159055875
2022-11-17,MS/STT,0.0,0.0,0.0,21,0.35,0.0
2022-11-17,MSFT/ORCL,0.0026994585732908,0.0026994585732908,0.0,21,0.2247074849149615,0.0006065885466363
2022-11-18,MA/SYF,-0.0016414959591319,-0.0016414959591319,0.0,21,0.2116843136885949,-0.0003474789455314
2022-11-18,COF/V,-0.0006258906259133,-0.0006258906259133,0.0,21,0.2136082013964435,-0.0001336953708722
2022-11-18,MS/STT,-0.0,-0.0,0.0,21,0.35,-0.0
2022-11-18,MSFT/ORCL,-0.0034777919179122,-0.0034777919179122,0.0,21,0.2247074849149615,-0.0007814858749316
2022-11-21,MA/SYF,0.0145945678600393,0.0145945678600393,0.0,21,0.2116843136885949,0.003089441081034
2022-11-21,COF/V,0.0219181687963546,0.0219181687963546,0.0,21,0.2136082013964435,0.0046819006144929
2022-11-21,MS/STT,-0.0,-0.0,0.0,21,0.35,-0.0
2022-11-21,MSFT/ORCL,0.0019391543837177,0.0019391543837177,0.0,21,0.2247074849149615,0.000435742504427
2022-11-22,MA/SYF,-0.0125937371730875,-0.0125937371730875,0.0,21,0.2116843136885949,-0.0026658966102595
2022-11-22,COF/V,-0.0136294438584046,-0.0136294438584046,0.0,21,0.2136082013964435,-0.0029113609886276
2022-11-22,MS/STT,0.0,0.0,0.0,21,0.35,0.0
2022-11-22,MSFT/ORCL,-0.0012065097212275,-0.0012065097212275,0.0,21,0.2247074849149615,-0.0002711117649824
2022-11-23,MA/SYF,-0.0052229778378031,-0.0052229778378031,0.0,21,0.2116843136885949,-0.001105622479006
2022-11-23,COF/V,-0.001,0.0,1.0,21,0.2136082013964435,-0.0002136082013964
2022-11-23,MS/STT,-0.0,-0.0,0.0,21,0.35,-0.0
2022-11-23,MSFT/ORCL,-0.001,0.0,1.0,21,0.2247074849149615,-0.0002247074849149
2022-11-25,MA/SYF,-0.0038637068986158,-0.0038637068986158,0.0,21,0.2116843136885949,-0.0008178861431273
2022-11-25,COF/V,0.0,0.0,0.0,21,0.2136082013964435,0.0
2022-11-25,MS/STT,0.0,0.0,0.0,21,0.35,0.0
2022-11-25,MSFT/ORCL,-0.0,-0.0,0.0,21,0.2247074849149615,-0.0
2022-11-28,MA/SYF,0.0089078042481466,0.0089078042481466,0.0,21,0.2116843136885949,0.0018856424287412
2022-11-28,COF/V,-0.0,-0.0,0.0,21,0.2136082013964435,-0.0
2022-11-28,MS/STT,0.0,0.0,0.0,21,0.35,0.0
2022-11-28,MSFT/ORCL,-0.0,-0.0,0.0,21,0.2247074849149615,-0.0
2022-11-29,MA/SYF,0.0096950743639297,0.0096950743639297,0.0,21,0.2116843136885949,0.0020522951628883
2022-11-29,COF/V,-0.0,-0.0,0.0,21,0.2136082013964435,-0.0
2022-11-29,MS/STT,0.0,0.0,0.0,21,0.35,0.0
2022-11-29,MSFT/ORCL,-0.0,-0.0,0.0,21,0.2247074849149615,-0.0
2022-11-30,MA/SYF,-0.0255468521557118,-0.0255468521557118,0.0,21,0.2116843136885949,-0.0054078678654858
2022-11-30,COF/V,0.0,0.0,0.0,21,0.2136082013964435,0.0
2022-11-30,MS/STT,-0.0,-0.0,0.0,21,0.35,-0.0
2022-11-30,MSFT/ORCL,0.0,0.0,0.0,21,0.2247074849149615,0.0
2022-12-01,MA/SYF,-0.0211781444754304,-0.0211781444754304,0.0,21,0.2116843136885949,-0.0044830809784793
2022-12-01,COF/V,0.0,0.0,0.0,21,0.2136082013964435,0.0
2022-12-01,MS/STT,0.0,0.0,0.0,21,0.35,0.0
2022-12-01,MSFT/ORCL,-0.0,-0.0,0.0,21,0.2247074849149615,-0.0
2022-12-02,MA/SYF,-0.0035788291246275,-0.0035788291246275,0.0,21,0.2116843136885949,-0.0007575819870555
2022-12-02,COF/V,0.0,0.0,0.0,21,0.2136082013964435,0.0
2022-12-02,MS/STT,-0.0,-0.0,0.0,21,0.35,-0.0
2022-12-02,MSFT/ORCL,0.0,0.0,0.0,21,0.2247074849149615,0.0
2022-12-05,MA/SYF,0.0005605262626648,0.0005605262626648,0.0,21,0.2116843136885949,0.0001186546172166
2022-12-05,COF/V,-0.0,-0.0,0.0,21,0.2136082013964435,-0.0
2022-12-05,MS/STT,-0.0,-0.0,0.0,21,0.35,-0.0
2022-12-05,MSFT/ORCL,0.0,0.0,0.0,21,0.2247074849149615,0.0
2022-12-06,MA/SYF,0.0192642682319283,0.0192642682319283,0.0,21,0.2116843136885949,0.0040779433993887
2022-12-06,COF/V,-0.0,-0.0,0.0,21,0.2136082013964435,-0.0
2022-12-06,MS/STT,-0.0,-0.0,0.0,21,0.35,-0.0
2022-12-06,MSFT/ORCL,-0.0,-0.0,0.0,21,0.2247074849149615,-0.0
2022-12-07,MA/SYF,0.0001442590196269,0.0001442590196269,0.0,21,0.2116843136885949,3.053737156310987e-05
2022-12-07,COF/V,-0.0,-0.0,0.0,21,0.2136082013964435,-0.0
2022-12-07,MS/STT,-0.0,-0.0,0.0,21,0.35,-0.0
2022-12-07,MSFT/ORCL,-0.0,-0.0,0.0,21,0.2247074849149615,-0.0
2022-12-08,MA/SYF,-0.005344759607124,-0.005344759607124,0.0,21,0.2116843136885949,-0.0011314017692645
2022-12-08,COF/V,0.0,0.0,0.0,21,0.2136082013964435,0.0
2022-12-08,MS/STT,0.0205227186230128,0.0215227186230128,1.0,21,0.35,0.0071829515180544
2022-12-08,MSFT/ORCL,0.0,0.0,0.0,21,0.2247074849149615,0.0
2022-12-09,MA/SYF,0.0063159900871299,0.0063159900871299,0.0,21,0.2116843136885949,0.001336996026858
2022-12-09,COF/V,-0.0,-0.0,0.0,21,0.2136082013964435,-0.0
2022-12-09,MS/STT,0.0002310246732177,0.0002310246732177,0.0,21,0.35,8.085863562619499e-05
2022-12-09,MSFT/ORCL,-0.0,-0.0,0.0,21,0.2247074849149615,-0.0
2022-12-12,MA/SYF,-0.0154463177975546,-0.0154463177975546,0.0,21,0.2116843136885949,-0.0032697431819912
2022-12-12,COF/V,0.0,0.0,0.0,21,0.2136082013964435,0.0
2022-12-12,MS/STT,0.0042027495546142,0.0042027495546142,0.0,21,0.35,0.0014709623441149
2022-12-12,MSFT/ORCL,0.0,0.0,0.0,21,0.2247074849149615,0.0
2022-12-13,MA/SYF,0.0005948092023764,0.0005948092023764,0.0,21,0.2116843136885949,0.0001259117777807
2022-12-13,COF/V,-0.0,-0.0,0.0,21,0.2136082013964435,-0.0
2022-12-13,MS/STT,0.0045553902570011,0.0045553902570011,0.0,21,0.35,0.0015943865899503
2022-12-13,MSFT/ORCL,0.0,0.0,0.0,21,0.2247074849149615,0.0
2022-12-14,MA/SYF,-0.001,0.0,1.0,21,0.2116843136885949,-0.0002116843136885
2022-12-14,COF/V,0.0,0.0,0.0,21,0.2136082013964435,0.0
2022-12-14,MS/STT,-0.0064178935440562,-0.0064178935440562,0.0,21,0.35,-0.0022462627404196
2022-12-14,MSFT/ORCL,-0.0,-0.0,0.0,21,0.2247074849149615,-0.0
2022-12-15,MA/SYF,-0.0,-0.0,0.0,21,0.2116843136885949,-0.0
2022-12-15,COF/V,-0.0,-0.0,0.0,21,0.2136082013964435,-0.0
2022-12-15,MS/STT,-0.0088391360436846,-0.0088391360436846,0.0,21,0.35,-0.0030936976152896
2022-12-15,MSFT/ORCL,-0.0,-0.0,0.0,21,0.2247074849149615,-0.0
2022-12-16,MA/SYF,0.0,0.0,0.0,21,0.2116843136885949,0.0
2022-12-16,COF/V,0.0,0.0,0.0,21,0.2136082013964435,0.0
2022-12-16,MS/STT,-0.0031586164656533,-0.0031586164656533,0.0,21,0.35,-0.0011055157629786
2022-12-16,MSFT/ORCL,-0.0,-0.0,0.0,21,0.2247074849149615,-0.0
2022-12-19,MA/SYF,-0.0,-0.0,0.0,21,0.2116843136885949,-0.0
2022-12-19,COF/V,-0.0,-0.0,0.0,21,0.2136082013964435,-0.0
2022-12-19,MS/STT,-0.0080144892716876,-0.0080144892716876,0.0,21,0.35,-0.0028050712450906
2022-12-19,MSFT/ORCL,-0.0,-0.0,0.0,21,0.2247074849149615,-0.0
2022-12-20,MA/SYF,0.0,0.0,0.0,21,0.2116843136885949,0.0
2022-12-20,COF/V,0.0,0.0,0.0,21,0.2136082013964435,0.0
2022-12-20,MS/STT,-0.0049706206192233,-0.0049706206192233,0.0,21,0.35,-0.0017397172167281
2022-12-20,MSFT/ORCL,0.0,0.0,0.0,21,0.2247074849149615,0.0
2022-12-21,MA/SYF,0.0,0.0,0.0,21,0.2116843136885949,0.0
2022-12-21,COF/V,0.0,0.0,0.0,21,0.2136082013964435,0.0
2022-12-21,MS/STT,0.0078424392429446,0.0078424392429446,0.0,21,0.35,0.0027448537350306
2022-12-21,MSFT/ORCL,0.0,0.0,0.0,21,0.2247074849149615,0.0
2022-12-22,MA/SYF,-0.0,-0.0,0.0,21,0.2116843136885949,-0.0
2022-12-22,COF/V,-0.0,-0.0,0.0,21,0.2136082013964435,-0.0
2022-12-22,MS/STT,0.0012074367178107,0.0012074367178107,0.0,21,0.35,0.0004226028512337
2022-12-22,MSFT/ORCL,-0.0,-0.0,0.0,21,0.2247074849149615,-0.0
2022-12-23,MA/SYF,0.0,0.0,0.0,21,0.2116843136885949,0.0
2022-12-23,COF/V,-0.0,-0.0,0.0,21,0.2136082013964435,-0.0
2022-12-23,MS/STT,0.0001763263277061,0.0001763263277061,0.0,21,0.35,6.1714214697135e-05
2022-12-23,MSFT/ORCL,0.0,0.0,0.0,21,0.2247074849149615,0.0
2022-12-27,MA/SYF,0.0,0.0,0.0,21,0.2116843136885949,0.0
2022-12-27,COF/V,0.0,0.0,0.0,21,0.2136082013964435,0.0
2022-12-27,MS/STT,-0.0052722556218518,-0.0052722556218518,0.0,21,0.35,-0.0018452894676481
2022-12-27,MSFT/ORCL,-0.0,-0.0,0.0,21,0.2247074849149615,-0.0
2022-12-28,MA/SYF,-0.0,-0.0,0.0,21,0.2116843136885949,-0.0
2022-12-28,COF/V,-0.0,-0.0,0.0,21,0.2136082013964435,-0.0
2022-12-28,MS/STT,-0.0024344110563841,-0.0024344110563841,0.0,21,0.35,-0.0008520438697344
2022-12-28,MSFT/ORCL,-0.0,-0.0,0.0,21,0.2247074849149615,-0.0
2022-12-29,MA/SYF,0.0,0.0,0.0,21,0.2116843136885949,0.0
2022-12-29,COF/V,0.0,0.0,0.0,21,0.2136082013964435,0.0
2022-12-29,MS/STT,-0.0027565915243904,-0.0027565915243904,0.0,21,0.35,-0.0009648070335366
2022-12-29,MSFT/ORCL,0.0,0.0,0.0,21,0.2247074849149615,0.0
2022-12-30,MA/SYF,-0.0,-0.0,0.0,21,0.2116843136885949,-0.0
2022-12-30,COF/V,-0.0,-0.0,0.0,21,0.2136082013964435,-0.0
2022-12-30,MS/STT,-0.0007550397524309,-0.0007550397524309,0.0,21,0.35,-0.0002642639133508
2022-12-30,MSFT/ORCL,-0.0,-0.0,0.0,21,0.2247074849149615,-0.0
2023-01-03,MA/SYF,0.0,0.0,0.0,21,0.2116843136885949,0.0
2023-01-03,COF/V,-0.0,-0.0,0.0,21,0.2136082013964435,-0.0
2023-01-03,MS/STT,0.0003495816659823,0.0003495816659823,0.0,21,0.35,0.0001223535830938
2023-01-03,MSFT/ORCL,-0.0,-0.0,0.0,21,0.2247074849149615,-0.0
2023-01-04,MA/SYF,0.0,0.0,0.0,21,0.2116843136885949,0.0
2023-01-04,COF/V,0.0,0.0,0.0,21,0.2136082013964435,0.0
2023-01-04,MS/STT,0.0005996348769335,0.0005996348769335,0.0,21,0.35,0.0002098722069267
2023-01-04,MSFT/ORCL,-0.0,-0.0,0.0,21,0.2247074849149615,-0.0
2023-01-05,JNJ/LLY,-0.0,-0.0,0.0,22,0.3008157653365469,-0.0
2023-01-05,MSFT/ORCL,-0.0,-0.0,0.0,22,0.1584702490158123,-0.0
2023-01-05,ADI/TXN,0.0,0.0,0.0,22,0.35,0.0
2023-01-05,BJ/COST,-0.0,-0.0,0.0,22,0.1907139856476408,-0.0
2023-01-06,JNJ/LLY,0.0,0.0,0.0,22,0.3008157653365469,0.0
2023-01-06,MSFT/ORCL,0.0020182669155854,0.0030182669155854,1.0,22,0.1584702490158123,0.0003198352606931
2023-01-06,ADI/TXN,0.0,0.0,0.0,22,0.35,0.0
2023-01-06,BJ/COST,0.0,0.0,0.0,22,0.1907139856476408,0.0
2023-01-09,JNJ/LLY,-0.0,-0.0,0.0,22,0.3008157653365469,-0.0
2023-01-09,MSFT/ORCL,0.002732055466311,0.002732055466311,0.0,22,0.1584702490158123,0.0004329495100713
2023-01-09,ADI/TXN,0.0,0.0,0.0,22,0.35,0.0
2023-01-09,BJ/COST,-0.001444506740984,-0.000444506740984,1.0,22,0.1907139856476408,-0.0002754876378679
2023-01-10,JNJ/LLY,-0.0,-0.0,0.0,22,0.3008157653365469,-0.0
2023-01-10,MSFT/ORCL,0.0049570910797409,0.0049570910797409,0.0,22,0.1584702490158123,0.0007855514578006
2023-01-10,ADI/TXN,-0.0010438689166476,-4.386891664764582e-05,1.0,22,0.35,-0.0003653541208266
2023-01-10,BJ/COST,-0.0049991950298384,-0.0049991950298384,0.0,22,0.1907139856476408,-0.0009534164091703
2023-01-11,JNJ/LLY,-0.0,-0.0,0.0,22,0.3008157653365469,-0.0
2023-01-11,MSFT/ORCL,0.0132821553504265,0.0132821553504265,0.0,22,0.1584702490158123,0.0021048264658487
2023-01-11,ADI/TXN,-3.629395988784314e-05,-3.629395988784314e-05,0.0,22,0.35,-1.2702885960745098e-05
2023-01-11,BJ/COST,0.0074571697432907,0.0074571697432907,0.0,22,0.1907139856476408,0.0014221865633939
2023-01-12,JNJ/LLY,-0.0,-0.0,0.0,22,0.3008157653365469,-0.0
2023-01-12,MSFT/ORCL,0.0073581345850568,0.0073581345850568,0.0,22,0.1584702490158123,0.0011660454199858
2023-01-12,ADI/TXN,-0.0005125358266425,-0.0005125358266425,0.0,22,0.35,-0.0001793875393248
2023-01-12,BJ/COST,0.0012050605956496,0.0012050605956496,0.0,22,0.1907139856476408,0.0002298219091432
2023-01-13,JNJ/LLY,-0.0,-0.0,0.0,22,0.3008157653365469,-0.0
2023-01-13,MSFT/ORCL,0.0005882675428406,0.0005882675428406,0.0,22,0.1584702490158123,9.322290400186997e-05
2023-01-13,ADI/TXN,-0.0020028603536327,-0.0020028603536327,0.0,22,0.35,-0.0007010011237714
2023-01-13,BJ/COST,-0.0053955113277612,-0.0053955113277612,0.0,22,0.1907139856476408,-0.0010289994699243
2023-01-17,JNJ/LLY,-0.0,-0.0,0.0,22,0.3008157653365469,-0.0
2023-01-17,MSFT/ORCL,0.0053246253796127,0.0053246253796127,0.0,22,0.1584702490158123,0.0008437947098231
2023-01-17,ADI/TXN,0.0061118910423181,0.0061118910423181,0.0,22,0.35,0.0021391618648113
2023-01-17,BJ/COST,-0.0020746917759664,-0.0020746917759664,0.0,22,0.1907139856476408,-0.0003956727375849
2023-01-18,JNJ/LLY,-0.0,-0.0,0.0,22,0.3008157653365469,-0.0
2023-01-18,MSFT/ORCL,-0.0062113471376559,-0.0062113471376559,0.0,22,0.1584702490158123,-0.0009843137276279
2023-01-18,ADI/TXN,0.0029338772956831,0.0029338772956831,0.0,22,0.35,0.001026857053489
2023-01-18,BJ/COST,0.0081793440113257,0.0081793440113257,0.0,22,0.1907139856476408,0.001559915296383
2023-01-19,JNJ/LLY,-0.0,-0.0,0.0,22,0.3008157653365469,-0.0
2023-01-19,MSFT/ORCL,-0.0084680523823125,-0.0084680523823125,0.0,22,0.1584702490158123,-0.001341934369704
2023-01-19,ADI/TXN,0.0017380671574892,0.0017380671574892,0.0,22,0.35,0.0006083235051212
2023-01-19,BJ/COST,0.0107838732444666,0.0107838732444666,0.0,22,0.1907139856476408,0.0020566354471711
2023-01-20,JNJ/LLY,-0.0,-0.0,0.0,22,0.3008157653365469,-0.0
2023-01-20,MSFT/ORCL,0.0196790879214435,0.0196790879214435,0.0,22,0.1584702490158123,0.0031185499633152
2023-01-20,ADI/TXN,-0.0014448581829542,-0.0014448581829542,0.0,22,0.35,-0.0005057003640339
2023-01-20,BJ/COST,-0.0146486165210067,-0.0146486165210067,0.0,22,0.1907139856476408,-0.002793696040945
2023-01-23,JNJ/LLY,0.0,0.0,0.0,22,0.3008157653365469,0.0
2023-01-23,MSFT/ORCL,0.0004936327128541,0.0004936327128541,0.0,22,0.1584702490158123,7.822609892834023e-05
2023-01-23,ADI/TXN,-0.0051614809386493,-0.0051614809386493,0.0,22,0.35,-0.0018065183285272
2023-01-23,BJ/COST,-0.0125969880006309,-0.0125969880006309,0.0,22,0.1907139856476408,-0.0024024217887558
2023-01-24,JNJ/LLY,-0.0,-0.0,0.0,22,0.3008157653365469,-0.0
2023-01-24,MSFT/ORCL,-0.0041198778657206,-0.0041198778657206,0.0,22,0.1584702490158123,-0.0006528780712954
2023-01-24,ADI/TXN,0.0015482800143134,0.0015482800143134,0.0,22,0.35,0.0005418980050096
2023-01-24,BJ/COST,0.0014868368957353,0.0014868368957353,0.0,22,0.1907139856476408,0.0002835605903936
2023-01-25,JNJ/LLY,0.0,0.0,0.0,22,0.3008157653365469,0.0
2023-01-25,MSFT/ORCL,-0.0038236972683177,-0.0038236972683177,0.0,22,0.1584702490158123,-0.0006059422582713
2023-01-25,ADI/TXN,0.0053456228160259,0.0053456228160259,0.0,22,0.35,0.001870967985609
2023-01-25,BJ/COST,0.0033865725536032,0.0033865725536032,0.0,22,0.1907139856476408,0.0006458667493825
2023-01-26,JNJ/LLY,-0.0,-0.0,0.0,22,0.3008157653365469,-0.0
2023-01-26,MSFT/ORCL,0.0203147438432926,0.0203147438432926,0.0,22,0.1584702490158123,0.003219282515539
2023-01-26,ADI/TXN,0.0089344856170917,0.0089344856170917,0.0,22,0.35,0.003127069965982
2023-01-26,BJ/COST,-0.0112025311635638,-0.0112025311635638,0.0,22,0.1907139856476408,-0.0021364793675451
2023-01-27,JNJ/LLY,0.0,0.0,0.0,22,0.3008157653365469,0.0
2023-01-27,MSFT/ORCL,0.0034136209212551,0.0034136209212551,0.0,22,0.1584702490158123,0.0005409573574368
2023-01-27,ADI/TXN,-0.0034874797317413,-0.0034874797317413,0.0,22,0.35,-0.0012206179061094
2023-01-27,BJ/COST,-0.006845473572987,-0.006845473572987,0.0,22,0.1907139856476408,-0.0013055275487499
2023-01-30,JNJ/LLY,-0.0,-0.0,0.0,22,0.3008157653365469,-0.0
2023-01-30,MSFT/ORCL,-0.0090873510896351,-0.0090873510896351,0.0,22,0.1584702490158123,-0.0014400747900685
2023-01-30,ADI/TXN,-0.0019707757272537,-0.0019707757272537,0.0,22,0.35,-0.0006897715045387
2023-01-30,BJ/COST,0.0005308011887999,0.0005308011887999,0.0,22,0.1907139856476408,0.0001012312103025
2023-01-31,JNJ/LLY,0.0031353024597449,0.0041353024597449,1.0,22,0.3008157653365469,0.0009431484089897
2023-01-31,MSFT/ORCL,0.0102644340632961,0.0102644340632961,0.0,22,0.1584702490158123,0.0016266074220169
2023-01-31,ADI/TXN,-0.0068755965875468,-0.0068755965875468,0.0,22,0.35,-0.0024064588056413
2023-01-31,BJ/COST,0.0004932081813524,0.0004932081813524,0.0,22,0.1907139856476408,9.406169801974063e-05
2023-02-01,JNJ/LLY,0.0080915195447856,0.0080915195447856,0.0,22,0.3008157653365469,0.0024340566446003
2023-02-01,MSFT/ORCL,0.0078305628055643,0.0078305628055643,0.0,22,0.1584702490158123,0.0012409112377317
2023-02-01,ADI/TXN,-0.0027296149681735,-0.0027296149681735,0.0,22,0.35,-0.0009553652388607
2023-02-01,BJ/COST,-0.0009812698035945,-0.0009812698035945,0.0,22,0.1907139856476408,-0.0001871418752391
2023-02-02,JNJ/LLY,0.0110818993912712,0.0110818993912712,0.0,22,0.3008157653365469,0.0033336100467678
2023-02-02,MSFT/ORCL,0.0342432939441317,0.0342432939441317,0.0,22,0.1584702490158123,0.0054265433184482
2023-02-02,ADI/TXN,-0.0015007974762691,-0.0015007974762691,0.0,22,0.35,-0.0005252791166941
2023-02-02,BJ/COST,-0.0091967048087401,-0.0091967048087401,0.0,22,0.1907139856476408,-0.0017539402288996
2023-02-03,JNJ/LLY,-0.0102919601859616,-0.0102919601859616,0.0,22,0.3008157653365469,-0.0030959838801533
2023-02-03,MSFT/ORCL,-0.001,-0.0,1.0,22,0.1584702490158123,-0.0001584702490158
2023-02-03,ADI/TXN,0.0062851718980891,0.0062851718980891,0.0,22,0.35,0.0021998101643311
2023-02-03,BJ/COST,0.0039549838288644,0.0039549838288644,0.0,22,0.1907139856476408,0.0007542707291746
2023-02-06,JNJ/LLY,-0.0048039602331212,-0.0048039602331212,0.0,22,0.3008157653365469,-0.0014451069741726
2023-02-06,MSFT/ORCL,-0.0,-0.0,0.0,22,0.1584702490158123,-0.0
2023-02-06,ADI/TXN,0.0009270827626061,0.0009270827626061,0.0,22,0.35,0.0003244789669121
2023-02-06,BJ/COST,-0.001,-0.0,1.0,22,0.1907139856476408,-0.0001907139856476
2023-02-07,JNJ/LLY,-0.0012275256384273,-0.0012275256384273,0.0,22,0.3008157653365469,-0.0003692590643937
2023-02-07,MSFT/ORCL,0.0,0.0,0.0,22,0.1584702490158123,0.0
2023-02-07,ADI/TXN,-0.001,-0.0,1.0,22,0.35,-0.00035
2023-02-07,BJ/COST,0.0,0.0,0.0,22,0.1907139856476408,0.0
2023-02-08,JNJ/LLY,0.0002518440773728,0.0002518440773728,0.0,22,0.3008157653365469,7.575866888037537e-05
2023-02-08,MSFT/ORCL,0.0,0.0,0.0,22,0.1584702490158123,0.0
2023-02-08,ADI/TXN,-0.0,-0.0,0.0,22,0.35,-0.0
2023-02-08,BJ/COST,-0.0,-0.0,0.0,22,0.1907139856476408,-0.0
2023-02-09,JNJ/LLY,-0.0110546699365825,-0.0110546699365825,0.0,22,0.3008157653365469,-0.0033254189975159
2023-02-09,MSFT/ORCL,-0.0,-0.0,0.0,22,0.1584702490158123,-0.0
2023-02-09,ADI/TXN,-0.0077028345235649,-0.0067028345235649,1.0,22,0.35,-0.0026959920832477
2023-02-09,BJ/COST,-0.0126781151668086,-0.0116781151668086,1.0,22,0.1907139856476408,-0.0024178938739618
2023-02-10,JNJ/LLY,0.0012638468811202,0.0012638468811202,0.0,22,0.3008157653365469,0.0003801850668123
2023-02-10,MSFT/ORCL,-0.0,-0.0,0.0,22,0.1584702490158123,-0.0
2023-02-10,ADI/TXN,0.0027413547760291,0.0027413547760291,0.0,22,0.35,0.0009594741716101
2023-02-10,BJ/COST,-0.0024279181000528,-0.0024279181000528,0.0,22,0.1907139856476408,-0.0004630379376871
2023-02-13,JNJ/LLY,-0.0007577552082778,-0.0007577552082778,0.0,22,0.3008157653365469,-0.0002279447129158
2023-02-13,MSFT/ORCL,0.0,0.0,0.0,22,0.1584702490158123,0.0
2023-02-13,ADI/TXN,-0.0018418373943304,-0.0018418373943304,0.0,22,0.35,-0.0006446430880156
2023-02-13,BJ/COST,0.0087696272125608,0.0087696272125608,0.0,22,0.1907139856476408,0.0016724905583514
2023-02-14,JNJ/LLY,-0.0021936480404707,-0.0021936480404707,0.0,22,0.3008157653365469,-0.0006598839141732
2023-02-14,MSFT/ORCL,0.0,0.0,0.0,22,0.1584702490158123,0.0
2023-02-14,ADI/TXN,-0.006187913956563,-0.006187913956563,0.0,22,0.35,-0.002165769884797
2023-02-14,BJ/COST,-0.0021907410699989,-0.0021907410699989,0.0,22,0.1907139856476408,-0.0004178049609814
2023-02-15,JNJ/LLY,-0.004173327306018,-0.004173327306018,0.0,22,0.3008157653365469,-0.0012554026475597
2023-02-15,MSFT/ORCL,-0.0,-0.0,0.0,22,0.1584702490158123,-0.0
2023-02-15,ADI/TXN,-0.0252210301421599,-0.0252210301421599,0.0,22,0.35,-0.0088273605497559
2023-02-15,BJ/COST,0.0061542842866565,0.0061542842866565,0.0,22,0.1907139856476408,0.0011737080851169
2023-02-16,JNJ/LLY,0.0008117496962423,0.0008117496962423,0.0,22,0.3008157653365469,0.0002441871061368
2023-02-16,MSFT/ORCL,-0.0,-0.0,0.0,22,0.1584702490158123,-0.0
2023-02-16,ADI/TXN,-0.0026737902663768,-0.0026737902663768,0.0,22,0.35,-0.0009358265932318
2023-02-16,BJ/COST,-0.0088066843248407,-0.0088066843248407,0.0,22,0.1907139856476408,-0.0016795578679309
2023-02-17,JNJ/LLY,0.014319707974406,0.014319707974406,0.0,22,0.3008157653365469,0.0043075939137167
2023-02-17,MSFT/ORCL,-0.0,-0.0,0.0,22,0.1584702490158123,-0.0
2023-02-17,ADI/TXN,-3.292856452995682e-05,-3.292856452995682e-05,0.0,22,0.35,-1.1524997585484886e-05
2023-02-17,BJ/COST,0.0062069893930601,0.0062069893930601,0.0,22,0.1907139856476408,0.0011837596860231
2023-02-21,JNJ/LLY,-0.0107740966810132,-0.0107740966810132,0.0,22,0.3008157653365469,-0.0032410181389089
2023-02-21,MSFT/ORCL,-0.0,-0.0,0.0,22,0.1584702490158123,-0.0
2023-02-21,ADI/TXN,-0.0001796122216112,-0.0001796122216112,0.0,22,0.35,-6.286427756392e-05
2023-02-21,BJ/COST,-0.0085639576940134,-0.0085639576940134,0.0,22,0.1907139856476408,-0.001633266504743
2023-02-22,JNJ/LLY,-0.0021820126440995,-0.0021820126440995,0.0,22,0.3008157653365469,-0.0006563838035088
2023-02-22,MSFT/ORCL,-0.0,-0.0,0.0,22,0.1584702490158123,-0.0
2023-02-22,ADI/TXN,0.0017917248510472,0.0017917248510472,0.0,22,0.35,0.0006271036978665
2023-02-22,BJ/COST,-0.0031364380001795,-0.0031364380001795,0.0,22,0.1907139856476408,-0.0005981625917509
2023-02-23,JNJ/LLY,0.0008594478285548,0.0008594478285548,0.0,22,0.3008157653365469,0.0002585354563135
2023-02-23,MSFT/ORCL,0.0,0.0,0.0,22,0.1584702490158123,0.0
2023-02-23,ADI/TXN,0.0025031683054047,0.0025031683054047,0.0,22,0.35,0.0008761089068916
2023-02-23,BJ/COST,-0.0024243724184962,-0.0024243724184962,0.0,22,0.1907139856476408,-0.0004623617266256
2023-02-24,JNJ/LLY,-0.0043491520685228,-0.0043491520685228,0.0,22,0.3008157653365469,-0.0013082935080577
2023-02-24,MSFT/ORCL,-0.0,-0.0,0.0,22,0.1584702490158123,-0.0
2023-02-24,ADI/TXN,-0.0047521840187167,-0.0047521840187167,0.0,22,0.35,-0.0016632644065508
2023-02-24,BJ/COST,-0.0061625036292603,-0.0061625036292603,0.0,22,0.1907139856476408,-0.0011752756287042
2023-02-27,JNJ/LLY,0.0019790217243602,0.0019790217243602,0.0,22,0.3008157653365469,0.000595320934631
2023-02-27,MSFT/ORCL,0.0,0.0,0.0,22,0.1584702490158123,0.0
2023-02-27,ADI/TXN,0.0049221002806506,0.0049221002806506,0.0,22,0.35,0.0017227350982277
2023-02-27,BJ/COST,-0.0002035421508302,-0.0002035421508302,0.0,22,0.1907139856476408,-3.881833483212071e-05
2023-02-28,JNJ/LLY,-0.001,-0.0,1.0,22,0.3008157653365469,-0.0003008157653365
2023-02-28,MSFT/ORCL,0.0,0.0,0.0,22,0.1584702490158123,0.0
2023-02-28,ADI/TXN,0.0017038410361532,0.0017038410361532,0.0,22,0.35,0.0005963443626536
2023-02-28,BJ/COST,0.0006190499197295,0.0006190499197295,0.0,22,0.1907139856476408,0.0001180614775064
2023-03-01,JNJ/LLY,-0.0,-0.0,0.0,22,0.3008157653365469,-0.0
2023-03-01,MSFT/ORCL,-0.0,-0.0,0.0,22,0.1584702490158123,-0.0
2023-03-01,ADI/TXN,0.003251490657144,0.003251490657144,0.0,22,0.35,0.0011380217300003
2023-03-01,BJ/COST,-0.0083685021441049,-0.0083685021441049,0.0,22,0.1907139856476408,-0.001595990397803
2023-03-02,JNJ/LLY,-0.0,-0.0,0.0,22,0.3008157653365469,-0.0
2023-03-02,MSFT/ORCL,0.0,0.0,0.0,22,0.1584702490158123,0.0
2023-03-02,ADI/TXN,0.0029667439363153,0.0029667439363153,0.0,22,0.35,0.0010383603777103
2023-03-02,BJ/COST,0.0010162384389174,0.0010162384389174,0.0,22,0.1907139856476408,0.0001938108830542
2023-03-03,JNJ/LLY,0.0,0.0,0.0,22,0.3008157653365469,0.0
2023-03-03,MSFT/ORCL,0.0,0.0,0.0,22,0.1584702490158123,0.0
2023-03-03,ADI/TXN,0.0014788974038252,0.0014788974038252,0.0,22,0.35,0.0005176140913388
2023-03-03,BJ/COST,-0.0143877601888419,-0.0143877601888419,0.0,22,0.1907139856476408,-0.0027439470901564
2023-03-06,JNJ/LLY,0.0,0.0,0.0,22,0.3008157653365469,0.0
2023-03-06,MSFT/ORCL,0.0,0.0,0.0,22,0.1584702490158123,0.0
2023-03-06,ADI/TXN,-0.0069531960462727,-0.0069531960462727,0.0,22,0.35,-0.0024336186161954
2023-03-06,BJ/COST,0.0143106018901628,0.0143106018901628,0.0,22,0.1907139856476408,0.0027292319234896
2023-03-07,JNJ/LLY,0.0001413580209828,0.0011413580209828,1.0,22,0.3008157653365469,4.252272126840064e-05
2023-03-07,MSFT/ORCL,-0.0,-0.0,0.0,22,0.1584702490158123,-0.0
2023-03-07,ADI/TXN,-0.0019674877823827,-0.0019674877823827,0.0,22,0.35,-0.0006886207238339
2023-03-07,BJ/COST,0.0016892186028821,0.0016892186028821,0.0,22,0.1907139856476408,0.0003221576123857
2023-03-08,JNJ/LLY,0.0070561909879352,0.0070561909879352,0.0,22,0.3008157653365469,0.0021226134923965
2023-03-08,MSFT/ORCL,-0.0,-0.0,0.0,22,0.1584702490158123,-0.0
2023-03-08,ADI/TXN,0.0101878070541291,0.0101878070541291,0.0,22,0.35,0.0035657324689451
2023-03-08,BJ/COST,-0.0015184341903559,-0.0015184341903559,0.0,22,0.1907139856476408,-0.0002895866363864
2023-03-09,JNJ/LLY,0.0118392325085484,0.0118392325085484,0.0,22,0.3008157653365469,0.0035614277880563
2023-03-09,MSFT/ORCL,0.0,0.0,0.0,22,0.1584702490158123,0.0
2023-03-09,ADI/TXN,-0.001,-0.0,1.0,22,0.35,-0.00035
2023-03-09,BJ/COST,-0.001,-0.0,1.0,22,0.1907139856476408,-0.0001907139856476
2023-03-10,JNJ/LLY,-0.0032200884277058,-0.0032200884277058,0.0,22,0.3008157653365469,-0.0009686533648316
2023-03-10,MSFT/ORCL,0.0,0.0,0.0,22,0.1584702490158123,0.0
2023-03-10,ADI/TXN,-0.0,-0.0,0.0,22,0.35,-0.0
2023-03-10,BJ/COST,-0.0,-0.0,0.0,22,0.1907139856476408,-0.0
2023-03-13,JNJ/LLY,-0.0003681937014477,-0.0003681937014477,0.0,22,0.3008157653365469,-0.000110758470093
2023-03-13,MSFT/ORCL,0.0,0.0,0.0,22,0.1584702490158123,0.0
2023-03-13,ADI/TXN,0.0,0.0,0.0,22,0.35,0.0
2023-03-13,BJ/COST,0.0,0.0,0.0,22,0.1907139856476408,0.0
2023-03-14,JNJ/LLY,-0.0024730623368572,-0.0024730623368572,0.0,22,0.3008157653365469,-0.0007439361395866
2023-03-14,MSFT/ORCL,0.0,0.0,0.0,22,0.1584702490158123,0.0
2023-03-14,ADI/TXN,-0.0,-0.0,0.0,22,0.35,-0.0
2023-03-14,BJ/COST,0.0,0.0,0.0,22,0.1907139856476408,0.0
2023-03-15,JNJ/LLY,-0.000443947040272,-0.000443947040272,0.0,22,0.3008157653365469,-0.0001335462686883
2023-03-15,MSFT/ORCL,0.0,0.0,0.0,22,0.1584702490158123,0.0
2023-03-15,ADI/TXN,0.0,0.0,0.0,22,0.35,0.0
2023-03-15,BJ/COST,0.0,0.0,0.0,22,0.1907139856476408,0.0
2023-03-16,JNJ/LLY,0.0016343993692985,0.0016343993692985,0.0,22,0.3008157653365469,0.000491653097141
2023-03-16,MSFT/ORCL,0.0,0.0,0.0,22,0.1584702490158123,0.0
2023-03-16,ADI/TXN,0.0,0.0,0.0,22,0.35,0.0
2023-03-16,BJ/COST,0.0,0.0,0.0,22,0.1907139856476408,0.0
2023-03-17,JNJ/LLY,0.0079813289483101,0.0079813289483101,0.0,22,0.3008157653365469,0.0024009095759886
2023-03-17,MSFT/ORCL,-0.0071695357364786,-0.0061695357364786,1.0,22,0.1584702490158123,-0.0011361581134875
2023-03-17,ADI/TXN,-0.0,-0.0,0.0,22,0.35,-0.0
2023-03-17,BJ/COST,0.0,0.0,0.0,22,0.1907139856476408,0.0
2023-03-20,JNJ/LLY,-0.0045100674502625,-0.0045100674502625,0.0,22,0.3008157653365469,-0.0013566993917701
2023-03-20,MSFT/ORCL,0.0238469397299706,0.0238469397299706,0.0,22,0.1584702490158123,0.0037790304772735
2023-03-20,ADI/TXN,0.0,0.0,0.0,22,0.35,0.0
2023-03-20,BJ/COST,0.0,0.0,0.0,22,0.1907139856476408,0.0
2023-03-21,JNJ/LLY,-0.0017475427616977,-0.0017475427616977,0.0,22,0.3008157653365469,-0.0005256884133184
2023-03-21,MSFT/ORCL,-0.001473119533599,-0.001473119533599,0.0,22,0.1584702490158123,-0.0002334456193194
2023-03-21,ADI/TXN,-0.0,-0.0,0.0,22,0.35,-0.0
2023-03-21,BJ/COST,0.0,0.0,0.0,22,0.1907139856476408,0.0
2023-03-22,JNJ/LLY,0.0141069154346156,0.0141069154346156,0.0,22,0.3008157653365469,0.0042435825630018
2023-03-22,MSFT/ORCL,0.0048536607035994,0.0048536607035994,0.0,22,0.1584702490158123,0.0007691608203376
2023-03-22,ADI/TXN,-0.0,-0.0,0.0,22,0.35,-0.0
2023-03-22,BJ/COST,-0.0,-0.0,0.0,22,0.1907139856476408,-0.0
2023-03-23,JNJ/LLY,0.0007562686245127,0.0007562686245127,0.0,22,0.3008157653365469,0.0002274975250828
2023-03-23,MSFT/ORCL,-0.0136882271773837,-0.0136882271773837,0.0,22,0.1584702490158123,-0.002169176769385
2023-03-23,ADI/TXN,0.0,0.0,0.0,22,0.35,0.0
2023-03-23,BJ/COST,0.0,0.0,0.0,22,0.1907139856476408,0.0
2023-03-24,JNJ/LLY,-0.0053286459440919,-0.0053286459440919,0.0,22,0.3008157653365469,-0.0016029407078794
2023-03-24,MSFT/ORCL,-0.0061656176250264,-0.0061656176250264,0.0,22,0.1584702490158123,-0.0009770669603742
2023-03-24,ADI/TXN,0.0,0.0,0.0,22,0.35,0.0
2023-03-24,BJ/COST,0.0,0.0,0.0,22,0.1907139856476408,0.0
2023-03-27,JNJ/LLY,-0.0043259021659328,-0.0043259021659328,0.0,22,0.3008157653365469,-0.0013012995708161
2023-03-27,MSFT/ORCL,0.0179947684651894,0.0179947684651894,0.0,22,0.1584702490158123,0.0028516354396604
2023-03-27,ADI/TXN,-0.0,-0.0,0.0,22,0.35,-0.0
2023-03-27,BJ/COST,-0.0,-0.0,0.0,22,0.1907139856476408,-0.0
2023-03-28,JNJ/LLY,0.0095301308797736,0.0095301308797736,0.0,22,0.3008157653365469,0.0028668136143565
2023-03-28,MSFT/ORCL,0.00173158728803,0.00173158728803,0.0,22,0.1584702490158123,0.0002744050687267
2023-03-28,ADI/TXN,0.0,0.0,0.0,22,0.35,0.0
2023-03-28,BJ/COST,-0.0,-0.0,0.0,22,0.1907139856476408,-0.0
2023-03-29,JNJ/LLY,-0.008769543138274,-0.008769543138274,0.0,22,0.3008157653365469,-0.0026380168307917
2023-03-29,MSFT/ORCL,-0.0100636578858127,-0.0100636578858127,0.0,22,0.1584702490158123,-0.0015947903711746
2023-03-29,ADI/TXN,-0.0,-0.0,0.0,22,0.35,-0.0
2023-03-29,BJ/COST,0.0,0.0,0.0,22,0.1907139856476408,0.0
2023-03-30,JNJ/LLY,0.0027014900703894,0.0027014900703894,0.0,22,0.3008157653365469,0.0008126508030732
2023-03-30,MSFT/ORCL,-0.0088669700534786,-0.0088669700534786,0.0,22,0.1584702490158123,-0.0014051509523905
2023-03-30,ADI/TXN,-0.0,-0.0,0.0,22,0.35,-0.0
2023-03-30,BJ/COST,0.0,0.0,0.0,22,0.1907139856476408,0.0
2023-03-31,JNJ/LLY,-0.0060320200417934,-0.0060320200417934,0.0,22,0.3008157653365469,-0.0018145267253974
2023-03-31,MSFT/ORCL,-0.0012444647029852,-0.0012444647029852,0.0,22,0.1584702490158123,-0.0001972106313734
2023-03-31,ADI/TXN,-0.0,-0.0,0.0,22,0.35,-0.0
2023-03-31,BJ/COST,0.0,0.0,0.0,22,0.1907139856476408,0.0
2023-04-03,JNJ/LLY,-0.001,0.0,1.0,22,0.3008157653365469,-0.0003008157653365
2023-04-03,MSFT/ORCL,0.006043215641652,0.006043215641652,0.0,22,0.1584702490158123,0.0009576698875888
2023-04-03,ADI/TXN,-0.0,-0.0,0.0,22,0.35,-0.0
2023-04-03,BJ/COST,-0.0,-0.0,0.0,22,0.1907139856476408,-0.0
2023-04-04,JNJ/LLY,0.0,0.0,0.0,22,0.3008157653365469,0.0
2023-04-04,MSFT/ORCL,0.000398138526141,0.000398138526141,0.0,22,0.1584702490158123,6.309311138035279e-05
2023-04-04,ADI/TXN,-0.0,-0.0,0.0,22,0.35,-0.0
2023-04-04,BJ/COST,0.0,0.0,0.0,22,0.1907139856476408,0.0
2023-04-05,JNJ/LLY,0.0,0.0,0.0,22,0.3008157653365469,0.0
2023-04-05,MSFT/ORCL,0.0097499846733462,0.0097499846733462,0.0,22,0.1584702490158123,0.0015450824990855
2023-04-05,ADI/TXN,0.0,0.0,0.0,22,0.35,0.0
2023-04-05,BJ/COST,-0.0,-0.0,0.0,22,0.1907139856476408,-0.0
2023-04-06,MSFT/ORCL,0.0,0.0,0.0,23,0.3,0.0
2023-04-06,NXPI/TXN,0.0,0.0,0.0,23,0.35,0.0
2023-04-06,EDV/TLT,-0.0,-0.0,0.0,23,0.35,-0.0
2023-04-10,MSFT/ORCL,0.0,0.0,0.0,23,0.3,0.0
2023-04-10,NXPI/TXN,-0.0,-0.0,0.0,23,0.35,-0.0
2023-04-10,EDV/TLT,-0.0,-0.0,0.0,23,0.35,-0.0
2023-04-11,MSFT/ORCL,-0.0,-0.0,0.0,23,0.3,-0.0
2023-04-11,NXPI/TXN,0.0,0.0,0.0,23,0.35,0.0
2023-04-11,EDV/TLT,-0.0,-0.0,0.0,23,0.35,-0.0
2023-04-12,MSFT/ORCL,0.0,0.0,0.0,23,0.3,0.0
2023-04-12,NXPI/TXN,-0.0,-0.0,0.0,23,0.35,-0.0
2023-04-12,EDV/TLT,0.0,0.0,0.0,23,0.35,0.0
2023-04-13,MSFT/ORCL,0.0,0.0,0.0,23,0.3,0.0
2023-04-13,NXPI/TXN,0.0,0.0,0.0,23,0.35,0.0
2023-04-13,EDV/TLT,0.0,0.0,0.0,23,0.35,0.0
2023-04-14,MSFT/ORCL,-0.0,-0.0,0.0,23,0.3,-0.0
2023-04-14,NXPI/TXN,-0.0,-0.0,0.0,23,0.35,-0.0
2023-04-14,EDV/TLT,0.0,0.0,0.0,23,0.35,0.0
2023-04-17,MSFT/ORCL,0.0,0.0,0.0,23,0.3,0.0
2023-04-17,NXPI/TXN,-0.0,-0.0,0.0,23,0.35,-0.0
2023-04-17,EDV/TLT,0.0,0.0,0.0,23,0.35,0.0
2023-04-18,MSFT/ORCL,-0.0,-0.0,0.0,23,0.3,-0.0
2023-04-18,NXPI/TXN,-0.0,-0.0,0.0,23,0.35,-0.0
2023-04-18,EDV/TLT,0.0,0.0,0.0,23,0.35,0.0
2023-04-19,MSFT/ORCL,0.0,0.0,0.0,23,0.3,0.0
2023-04-19,NXPI/TXN,-0.0,-0.0,0.0,23,0.35,-0.0
2023-04-19,EDV/TLT,-0.0,-0.0,0.0,23,0.35,-0.0
2023-04-20,MSFT/ORCL,-0.0,-0.0,0.0,23,0.3,-0.0
2023-04-20,NXPI/TXN,0.0042243982422811,0.0052243982422811,1.0,23,0.35,0.0014785393847983
2023-04-20,EDV/TLT,0.0,0.0,0.0,23,0.35,0.0
2023-04-21,MSFT/ORCL,-0.0,-0.0,0.0,23,0.3,-0.0
2023-04-21,NXPI/TXN,0.0009783082216978,0.0009783082216978,0.0,23,0.35,0.0003424078775942
2023-04-21,EDV/TLT,-0.0,-0.0,0.0,23,0.35,-0.0
2023-04-24,MSFT/ORCL,-0.0,-0.0,0.0,23,0.3,-0.0
2023-04-24,NXPI/TXN,-0.0041172544294567,-0.0041172544294567,0.0,23,0.35,-0.0014410390503098
2023-04-24,EDV/TLT,0.0,0.0,0.0,23,0.35,0.0
2023-04-25,MSFT/ORCL,-0.0,-0.0,0.0,23,0.3,-0.0
2023-04-25,NXPI/TXN,-0.0113396491042996,-0.0113396491042996,0.0,23,0.35,-0.0039688771865048
2023-04-25,EDV/TLT,0.0,0.0,0.0,23,0.35,0.0
2023-04-26,MSFT/ORCL,0.0,0.0,0.0,23,0.3,0.0
2023-04-26,NXPI/TXN,-0.0201670806036998,-0.0201670806036998,0.0,23,0.35,-0.0070584782112949
2023-04-26,EDV/TLT,-0.0,-0.0,0.0,23,0.35,-0.0
2023-04-27,MSFT/ORCL,-0.0179786625648148,-0.0169786625648148,1.0,23,0.3,-0.0053935987694444
2023-04-27,NXPI/TXN,-0.001,0.0,1.0,23,0.35,-0.00035
2023-04-27,EDV/TLT,-0.0,-0.0,0.0,23,0.35,-0.0
2023-04-28,MSFT/ORCL,-0.0064612706312441,-0.0064612706312441,0.0,23,0.3,-0.0019383811893732
2023-04-28,NXPI/TXN,0.0,0.0,0.0,23,0.35,0.0
2023-04-28,EDV/TLT,-0.0,-0.0,0.0,23,0.35,-0.0
2023-05-01,MSFT/ORCL,0.004230731352347,0.004230731352347,0.0,23,0.3,0.0012692194057041
2023-05-01,NXPI/TXN,-0.0,-0.0,0.0,23,0.35,-0.0
2023-05-01,EDV/TLT,0.0,0.0,0.0,23,0.35,0.0
2023-05-02,MSFT/ORCL,8.476620524199597e-05,8.476620524199597e-05,0.0,23,0.3,2.54298615725988e-05
2023-05-02,NXPI/TXN,-0.0,-0.0,0.0,23,0.35,-0.0
2023-05-02,EDV/TLT,0.0,0.0,0.0,23,0.35,0.0
2023-05-03,MSFT/ORCL,0.0021418589938694,0.0021418589938694,0.0,23,0.3,0.0006425576981608
2023-05-03,NXPI/TXN,0.0052404519506593,0.0062404519506593,1.0,23,0.35,0.0018341581827307
2023-05-03,EDV/TLT,-0.0,-0.0,0.0,23,0.35,-0.0
2023-05-04,MSFT/ORCL,-0.0015541562613389,-0.0015541562613389,0.0,23,0.3,-0.0004662468784016
2023-05-04,NXPI/TXN,0.0042468963586831,0.0042468963586831,0.0,23,0.35,0.001486413725539
2023-05-04,EDV/TLT,0.0,0.0,0.0,23,0.35,0.0
2023-05-05,MSFT/ORCL,-0.0044859087166543,-0.0044859087166543,0.0,23,0.3,-0.0013457726149962
2023-05-05,NXPI/TXN,0.0118232765958706,0.0118232765958706,0.0,23,0.35,0.0041381468085547
2023-05-05,EDV/TLT,0.0,0.0,0.0,23,0.35,0.0
2023-05-08,MSFT/ORCL,0.0036829728653196,0.0036829728653196,0.0,23,0.3,0.0011048918595958
2023-05-08,NXPI/TXN,-0.0088081106611569,-0.0088081106611569,0.0,23,0.35,-0.0030828387314049
2023-05-08,EDV/TLT,-0.0,-0.0,0.0,23,0.35,-0.0
2023-05-09,MSFT/ORCL,0.0013384138949572,0.0013384138949572,0.0,23,0.3,0.0004015241684871
2023-05-09,NXPI/TXN,0.0018219968783905,0.0018219968783905,0.0,23,0.35,0.0006376989074366
2023-05-09,EDV/TLT,0.0,0.0,0.0,23,0.35,0.0
2023-05-10,MSFT/ORCL,-0.0067821438430706,-0.0067821438430706,0.0,23,0.3,-0.0020346431529211
2023-05-10,NXPI/TXN,-5.27882063947554e-05,-5.27882063947554e-05,0.0,23,0.35,-1.847587223816439e-05
2023-05-10,EDV/TLT,0.0,0.0,0.0,23,0.35,0.0
2023-05-11,MSFT/ORCL,0.0044281109007836,0.0044281109007836,0.0,23,0.3,0.001328433270235
2023-05-11,NXPI/TXN,-0.0031338159568341,-0.0031338159568341,0.0,23,0.35,-0.0010968355848919
2023-05-11,EDV/TLT,-0.0,-0.0,0.0,23,0.35,-0.0
2023-05-12,MSFT/ORCL,0.0038527475898035,0.0038527475898035,0.0,23,0.3,0.001155824276941
2023-05-12,NXPI/TXN,6.527975800565658e-05,6.527975800565658e-05,0.0,23,0.35,2.28479153019798e-05
2023-05-12,EDV/TLT,0.0,0.0,0.0,23,0.35,0.0
2023-05-15,MSFT/ORCL,-0.003062613179694,-0.003062613179694,0.0,23,0.3,-0.0009187839539082
2023-05-15,NXPI/TXN,0.0055854438664354,0.0055854438664354,0.0,23,0.35,0.0019549053532523
2023-05-15,EDV/TLT,0.0,0.0,0.0,23,0.35,0.0
2023-05-16,MSFT/ORCL,-0.001535879439148,-0.001535879439148,0.0,23,0.3,-0.0004607638317444
2023-05-16,NXPI/TXN,-0.0026827103483877,-0.0026827103483877,0.0,23,0.35,-0.0009389486219356
2023-05-16,EDV/TLT,0.0,0.0,0.0,23,0.35,0.0
2023-05-17,MSFT/ORCL,-0.0011652348037147,-0.0011652348037147,0.0,23,0.3,-0.0003495704411144
2023-05-17,NXPI/TXN,-0.0043774714665668,-0.0043774714665668,0.0,23,0.35,-0.0015321150132983
2023-05-17,EDV/TLT,-0.0,-0.0,0.0,23,0.35,-0.0
2023-05-18,MSFT/ORCL,-0.0010362811952353,-0.0010362811952353,0.0,23,0.3,-0.0003108843585705
2023-05-18,NXPI/TXN,0.0075891861128282,0.0075891861128282,0.0,23,0.35,0.0026562151394898
2023-05-18,EDV/TLT,0.0,0.0,0.0,23,0.35,0.0
2023-05-19,MSFT/ORCL,0.0020039232200075,0.0020039232200075,0.0,23,0.3,0.0006011769660022
2023-05-19,NXPI/TXN,0.0025449070725873,0.0025449070725873,0.0,23,0.35,0.0008907174754055
2023-05-19,EDV/TLT,0.0,0.0,0.0,23,0.35,0.0
2023-05-22,MSFT/ORCL,-0.0094151329910475,-0.0094151329910475,0.0,23,0.3,-0.0028245398973142
2023-05-22,NXPI/TXN,-0.0023204200504674,-0.0023204200504674,0.0,23,0.35,-0.0008121470176635
2023-05-22,EDV/TLT,0.0,0.0,0.0,23,0.35,0.0
2023-05-23,MSFT/ORCL,0.0016994013262229,0.0016994013262229,0.0,23,0.3,0.0005098203978668
2023-05-23,NXPI/TXN,0.0006921353027093,0.0006921353027093,0.0,23,0.35,0.0002422473559482
2023-05-23,EDV/TLT,-0.0,-0.0,0.0,23,0.35,-0.0
2023-05-24,MSFT/ORCL,-0.001,-0.0,1.0,23,0.3,-0.0003
2023-05-24,NXPI/TXN,0.0081542153246679,0.0081542153246679,0.0,23,0.35,0.0028539753636337
2023-05-24,EDV/TLT,-0.0,-0.0,0.0,23,0.35,-0.0
2023-05-25,MSFT/ORCL,0.0,0.0,0.0,23,0.3,0.0
2023-05-25,NXPI/TXN,-0.0011017253016545,-0.0011017253016545,0.0,23,0.35,-0.000385603855579
2023-05-25,EDV/TLT,-0.0,-0.0,0.0,23,0.35,-0.0
2023-05-26,MSFT/ORCL,0.0,0.0,0.0,23,0.3,0.0
2023-05-26,NXPI/TXN,0.00348712729533,0.00348712729533,0.0,23,0.35,0.0012204945533655
2023-05-26,EDV/TLT,-0.0,-0.0,0.0,23,0.35,-0.0
2023-05-30,MSFT/ORCL,-0.0,-0.0,0.0,23,0.3,-0.0
2023-05-30,NXPI/TXN,-0.0008951849393691,-0.0008951849393691,0.0,23,0.35,-0.0003133147287791
2023-05-30,EDV/TLT,0.0,0.0,0.0,23,0.35,0.0
2023-05-31,MSFT/ORCL,-0.0,-0.0,0.0,23,0.3,-0.0
2023-05-31,NXPI/TXN,-0.001,-0.0,1.0,23,0.35,-0.00035
2023-05-31,EDV/TLT,0.0,0.0,0.0,23,0.35,0.0
2023-06-01,MSFT/ORCL,0.0,0.0,0.0,23,0.3,0.0
2023-06-01,NXPI/TXN,0.0,0.0,0.0,23,0.35,0.0
2023-06-01,EDV/TLT,-0.0,-0.0,0.0,23,0.35,-0.0
2023-06-02,MSFT/ORCL,0.0,0.0,0.0,23,0.3,0.0
2023-06-02,NXPI/TXN,-0.0,-0.0,0.0,23,0.35,-0.0
2023-06-02,EDV/TLT,-0.0,-0.0,0.0,23,0.35,-0.0
2023-06-05,MSFT/ORCL,-0.0,-0.0,0.0,23,0.3,-0.0
2023-06-05,NXPI/TXN,-0.0,-0.0,0.0,23,0.35,-0.0
2023-06-05,EDV/TLT,0.0,0.0,0.0,23,0.35,0.0
2023-06-06,MSFT/ORCL,-0.0,-0.0,0.0,23,0.3,-0.0
2023-06-06,NXPI/TXN,-0.0,-0.0,0.0,23,0.35,-0.0
2023-06-06,EDV/TLT,-0.0,-0.0,0.0,23,0.35,-0.0
2023-06-07,MSFT/ORCL,-0.0,-0.0,0.0,23,0.3,-0.0
2023-06-07,NXPI/TXN,-0.0,-0.0,0.0,23,0.35,-0.0
2023-06-07,EDV/TLT,0.0,0.0,0.0,23,0.35,0.0
2023-06-08,MSFT/ORCL,-0.0,-0.0,0.0,23,0.3,-0.0
2023-06-08,NXPI/TXN,-0.002154639641073,-0.001154639641073,1.0,23,0.35,-0.0007541238743755
2023-06-08,EDV/TLT,-0.0,-0.0,0.0,23,0.35,-0.0
2023-06-09,MSFT/ORCL,-0.0,-0.0,0.0,23,0.3,-0.0
2023-06-09,NXPI/TXN,-0.0011829710279074,-0.0011829710279074,0.0,23,0.35,-0.0004140398597675
2023-06-09,EDV/TLT,-0.0,-0.0,0.0,23,0.35,-0.0
2023-06-12,MSFT/ORCL,-0.0,-0.0,0.0,23,0.3,-0.0
2023-06-12,NXPI/TXN,0.0041317646972298,0.0041317646972298,0.0,23,0.35,0.0014461176440304
2023-06-12,EDV/TLT,0.0,0.0,0.0,23,0.35,0.0
2023-06-13,MSFT/ORCL,0.0,0.0,0.0,23,0.3,0.0
2023-06-13,NXPI/TXN,-0.0035937102143283,-0.0035937102143283,0.0,23,0.35,-0.0012577985750149
2023-06-13,EDV/TLT,-0.0,-0.0,0.0,23,0.35,-0.0
2023-06-14,MSFT/ORCL,-0.0,-0.0,0.0,23,0.3,-0.0
2023-06-14,NXPI/TXN,0.0003697116685699,0.0003697116685699,0.0,23,0.35,0.0001293990839994
2023-06-14,EDV/TLT,-0.0,-0.0,0.0,23,0.35,-0.0
2023-06-15,MSFT/ORCL,0.0,0.0,0.0,23,0.3,0.0
2023-06-15,NXPI/TXN,0.0033513614535531,0.0033513614535531,0.0,23,0.35,0.0011729765087435
2023-06-15,EDV/TLT,0.0,0.0,0.0,23,0.35,0.0
2023-06-16,MSFT/ORCL,-0.0,-0.0,0.0,23,0.3,-0.0
2023-06-16,NXPI/TXN,-0.0086666669703177,-0.0086666669703177,0.0,23,0.35,-0.0030333334396111
2023-06-16,EDV/TLT,-0.0,-0.0,0.0,23,0.35,-0.0
2023-06-20,MSFT/ORCL,0.0,0.0,0.0,23,0.3,0.0
2023-06-20,NXPI/TXN,-0.0040463329572495,-0.0040463329572495,0.0,23,0.35,-0.0014162165350373
2023-06-20,EDV/TLT,-0.0,-0.0,0.0,23,0.35,-0.0
2023-06-21,MSFT/ORCL,-0.0,-0.0,0.0,23,0.3,-0.0
2023-06-21,NXPI/TXN,-0.0101129184569474,-0.0101129184569474,0.0,23,0.35,-0.0035395214599315
2023-06-21,EDV/TLT,-0.0,-0.0,0.0,23,0.35,-0.0
2023-06-22,MSFT/ORCL,0.0,0.0,0.0,23,0.3,0.0
2023-06-22,NXPI/TXN,0.0053979218473698,0.0053979218473698,0.0,23,0.35,0.0018892726465794
2023-06-22,EDV/TLT,0.0,0.0,0.0,23,0.35,0.0
2023-06-23,MSFT/ORCL,-0.0,-0.0,0.0,23,0.3,-0.0
2023-06-23,NXPI/TXN,-0.0069728948094349,-0.0069728948094349,0.0,23,0.35,-0.0024405131833022
2023-06-23,EDV/TLT,-0.0,-0.0,0.0,23,0.35,-0.0
2023-06-26,MSFT/ORCL,-0.0,-0.0,0.0,23,0.3,-0.0
2023-06-26,NXPI/TXN,-0.0027588239640697,-0.0027588239640697,0.0,23,0.35,-0.0009655883874243
2023-06-26,EDV/TLT,0.0,0.0,0.0,23,0.35,0.0
2023-06-27,MSFT/ORCL,0.0,0.0,0.0,23,0.3,0.0
2023-06-27,NXPI/TXN,0.0129877103699805,0.0129877103699805,0.0,23,0.35,0.0045456986294931
2023-06-27,EDV/TLT,4.883216759192315e-05,0.0010488321675919,1.0,23,0.35,1.7091258657173103e-05
2023-06-28,MSFT/ORCL,0.0,0.0,0.0,23,0.3,0.0
2023-06-28,NXPI/TXN,0.0001918251090326,0.0001918251090326,0.0,23,0.35,6.713878816140999e-05
2023-06-28,EDV/TLT,-0.000600231559104,-0.000600231559104,0.0,23,0.35,-0.0002100810456863
2023-06-29,MSFT/ORCL,-0.0,-0.0,0.0,23,0.3,-0.0
2023-06-29,NXPI/TXN,0.0025459901041785,0.0025459901041785,0.0,23,0.35,0.0008910965364624
2023-06-29,EDV/TLT,0.0004523748257035,0.0004523748257035,0.0,23,0.35,0.0001583311889962
2023-06-30,MSFT/ORCL,0.0,0.0,0.0,23,0.3,0.0
2023-06-30,NXPI/TXN,0.0025347600069102,0.0025347600069102,0.0,23,0.35,0.0008871660024185
2023-06-30,EDV/TLT,0.0005065958461603,0.0005065958461603,0.0,23,0.35,0.0001773085461561
2023-07-03,MSFT/ORCL,0.0,0.0,0.0,23,0.3,0.0
2023-07-03,NXPI/TXN,-0.0053099147660154,-0.0053099147660154,0.0,23,0.35,-0.0018584701681053
2023-07-03,EDV/TLT,0.0004719724454973,0.0004719724454973,0.0,23,0.35,0.000165190355924
2023-07-05,MSFT/ORCL,0.0,0.0,0.0,23,0.3,0.0
2023-07-05,NXPI/TXN,-0.0052397331340883,-0.0052397331340883,0.0,23,0.35,-0.0018339065969309
2023-07-05,EDV/TLT,-0.000998395059272,-0.000998395059272,0.0,23,0.35,-0.0003494382707452
2023-07-06,MSFT/ORCL,0.0,0.0,0.0,23,0.3,0.0
2023-07-06,NXPI/TXN,-0.007394242992273,-0.007394242992273,0.0,23,0.35,-0.0025879850472955
2023-07-06,EDV/TLT,0.0001361022679094,0.0001361022679094,0.0,23,0.35,4.763579376829e-05
2023-07-07,MSFT/ORCL,-0.0,-0.0,0.0,23,0.3,-0.0
2023-07-07,NXPI/TXN,-0.001,-0.0,1.0,23,0.35,-0.00035
2023-07-07,EDV/TLT,-0.0008536251558607,-0.0008536251558607,0.0,23,0.35,-0.0002987688045512
2023-07-10,ABBV/JNJ,0.0,0.0,0.0,24,0.5,0.0
2023-07-10,EDV/TLT,0.0,0.0,0.0,24,0.5,0.0
2023-07-11,ABBV/JNJ,-0.0,-0.0,0.0,24,0.5,-0.0
2023-07-11,EDV/TLT,-8.469731178857272e-05,0.0009153026882114,1.0,24,0.5,-4.234865589428636e-05
2023-07-12,ABBV/JNJ,-0.0,-0.0,0.0,24,0.5,-0.0
2023-07-12,EDV/TLT,-0.0001504786763509,-0.0001504786763509,0.0,24,0.5,-7.523933817545e-05
2023-07-13,ABBV/JNJ,0.0,0.0,0.0,24,0.5,0.0
2023-07-13,EDV/TLT,-0.0008897730597631,-0.0008897730597631,0.0,24,0.5,-0.0004448865298815
2023-07-14,ABBV/JNJ,-0.0,-0.0,0.0,24,0.5,-0.0
2023-07-14,EDV/TLT,0.0005619177480868,0.0005619177480868,0.0,24,0.5,0.0002809588740434
2023-07-17,ABBV/JNJ,-0.0,-0.0,0.0,24,0.5,-0.0
2023-07-17,EDV/TLT,-0.0003799453469083,-0.0003799453469083,0.0,24,0.5,-0.0001899726734541
2023-07-18,ABBV/JNJ,-0.0,-0.0,0.0,24,0.5,-0.0
2023-07-18,EDV/TLT,0.0003649631396178,0.0003649631396178,0.0,24,0.5,0.0001824815698089
2023-07-19,ABBV/JNJ,-0.0,-0.0,0.0,24,0.5,-0.0
2023-07-19,EDV/TLT,0.0011289829533551,0.0011289829533551,0.0,24,0.5,0.0005644914766775
2023-07-20,ABBV/JNJ,0.0,0.0,0.0,24,0.5,0.0
2023-07-20,EDV/TLT,-0.0005845899602947,-0.0005845899602947,0.0,24,0.5,-0.0002922949801473
2023-07-21,ABBV/JNJ,-0.0053786164819536,-0.0043786164819536,1.0,24,0.5,-0.0026893082409768
2023-07-21,EDV/TLT,0.0005145589717131,0.0005145589717131,0.0,24,0.5,0.0002572794858565
2023-07-24,ABBV/JNJ,-0.0048323673502989,-0.0048323673502989,0.0,24,0.5,-0.0024161836751494
2023-07-24,EDV/TLT,4.379686842433993e-05,4.379686842433993e-05,0.0,24,0.5,2.189843421216997e-05
2023-07-25,ABBV/JNJ,-0.0086067919224026,-0.0086067919224026,0.0,24,0.5,-0.0043033959612013
2023-07-25,EDV/TLT,-0.0010513680109423,-0.0010513680109423,0.0,24,0.5,-0.0005256840054711
2023-07-26,ABBV/JNJ,-0.000765248613518,-0.000765248613518,0.0,24,0.5,-0.000382624306759
2023-07-26,EDV/TLT,-0.0004979370530518,-0.0004979370530518,0.0,24,0.5,-0.0002489685265259
2023-07-27,ABBV/JNJ,0.0108423019691729,0.0108423019691729,0.0,24,0.5,0.0054211509845864
2023-07-27,EDV/TLT,0.0002003734025691,0.0002003734025691,0.0,24,0.5,0.0001001867012845
2023-07-28,ABBV/JNJ,0.0008640095307856,0.0008640095307856,0.0,24,0.5,0.0004320047653928
2023-07-28,EDV/TLT,-0.0003252977151513,-0.0003252977151513,0.0,24,0.5,-0.0001626488575756
2023-07-31,ABBV/JNJ,0.0253329685403234,0.0253329685403234,0.0,24,0.5,0.0126664842701617
2023-07-31,EDV/TLT,-5.241371296951652e-05,-5.241371296951652e-05,0.0,24,0.5,-2.620685648475826e-05
2023-08-01,ABBV/JNJ,-0.0077710262285589,-0.0077710262285589,0.0,24,0.5,-0.0038855131142794
2023-08-01,EDV/TLT,-0.0014608316732344,-0.0014608316732344,0.0,24,0.5,-0.0007304158366172
2023-08-02,ABBV/JNJ,-0.0025654796011956,-0.0025654796011956,0.0,24,0.5,-0.0012827398005978
2023-08-02,EDV/TLT,-0.0007233821894469,-0.0007233821894469,0.0,24,0.5,-0.0003616910947234
2023-08-03,ABBV/JNJ,-0.0036767630352424,-0.0036767630352424,0.0,24,0.5,-0.0018383815176212
2023-08-03,EDV/TLT,-0.0012143446110367,-0.0012143446110367,0.0,24,0.5,-0.0006071723055183
2023-08-04,ABBV/JNJ,0.0039622414917816,0.0039622414917816,0.0,24,0.5,0.0019811207458908
2023-08-04,EDV/TLT,-5.792363188686543e-07,-5.792363188686543e-07,0.0,24,0.5,-2.896181594343272e-07
2023-08-07,ABBV/JNJ,-0.0116630147940287,-0.0116630147940287,0.0,24,0.5,-0.0058315073970143
2023-08-07,EDV/TLT,-0.001,0.0,1.0,24,0.5,-0.0005
2023-08-08,ABBV/JNJ,-0.0017309378293028,-0.0017309378293028,0.0,24,0.5,-0.0008654689146514
2023-08-08,EDV/TLT,-0.0,-0.0,0.0,24,0.5,-0.0
2023-08-09,ABBV/JNJ,0.0027380269167984,0.0027380269167984,0.0,24,0.5,0.0013690134583992
2023-08-09,EDV/TLT,-0.0,-0.0,0.0,24,0.5,-0.0
2023-08-10,ABBV/JNJ,0.0049744489410617,0.0049744489410617,0.0,24,0.5,0.0024872244705308
2023-08-10,EDV/TLT,0.0,0.0,0.0,24,0.5,0.0
2023-08-11,ABBV/JNJ,-0.0053925929858109,-0.0053925929858109,0.0,24,0.5,-0.0026962964929054
2023-08-11,EDV/TLT,0.0,0.0,0.0,24,0.5,0.0
2023-08-14,ABBV/JNJ,0.001831199949746,0.001831199949746,0.0,24,0.5,0.000915599974873
2023-08-14,EDV/TLT,-0.0,-0.0,0.0,24,0.5,-0.0
2023-08-15,ABBV/JNJ,0.001728669611608,0.001728669611608,0.0,24,0.5,0.000864334805804
2023-08-15,EDV/TLT,0.0,0.0,0.0,24,0.5,0.0
2023-08-16,ABBV/JNJ,0.001114465673429,0.001114465673429,0.0,24,0.5,0.0005572328367145
2023-08-16,EDV/TLT,0.0,0.0,0.0,24,0.5,0.0
2023-08-17,ABBV/JNJ,-0.001,0.0,1.0,24,0.5,-0.0005
2023-08-17,EDV/TLT,0.0,0.0,0.0,24,0.5,0.0
2023-08-18,ABBV/JNJ,-0.0,-0.0,0.0,24,0.5,-0.0
2023-08-18,EDV/TLT,0.0,0.0,0.0,24,0.5,0.0
2023-08-21,ABBV/JNJ,-0.0,-0.0,0.0,24,0.5,-0.0
2023-08-21,EDV/TLT,0.0,0.0,0.0,24,0.5,0.0
2023-08-22,ABBV/JNJ,-0.0027834539673445,-0.0017834539673445,1.0,24,0.5,-0.0013917269836722
2023-08-22,EDV/TLT,-0.0,-0.0,0.0,24,0.5,-0.0
2023-08-23,ABBV/JNJ,-0.0039837945070442,-0.0039837945070442,0.0,24,0.5,-0.0019918972535221
2023-08-23,EDV/TLT,-0.0,-0.0,0.0,24,0.5,-0.0
2023-08-24,ABBV/JNJ,0.0033015047046801,0.0033015047046801,0.0,24,0.5,0.00165075235234
2023-08-24,EDV/TLT,-0.0012629798391757,-0.0002629798391757,1.0,24,0.5,-0.0006314899195878
2023-08-25,ABBV/JNJ,0.009959262100115,0.009959262100115,0.0,24,0.5,0.0049796310500575
2023-08-25,EDV/TLT,-0.0001271739237745,-0.0001271739237745,0.0,24,0.5,-6.358696188725e-05
2023-08-28,ABBV/JNJ,-0.0097853894488813,-0.0097853894488813,0.0,24,0.5,-0.0048926947244406
2023-08-28,EDV/TLT,0.0002432015713896,0.0002432015713896,0.0,24,0.5,0.0001216007856948
2023-08-29,ABBV/JNJ,-0.0002365642818905,-0.0002365642818905,0.0,24,0.5,-0.0001182821409452
2023-08-29,EDV/TLT,-0.0001366756667322,-0.0001366756667322,0.0,24,0.5,-6.83378333661e-05
2023-08-30,ABBV/JNJ,-0.0039499581204309,-0.0039499581204309,0.0,24,0.5,-0.0019749790602154
2023-08-30,EDV/TLT,3.970425372346207e-05,3.970425372346207e-05,0.0,24,0.5,1.985212686173104e-05
2023-08-31,ABBV/JNJ,-0.0060960039378377,-0.0060960039378377,0.0,24,0.5,-0.0030480019689188
2023-08-31,EDV/TLT,-0.000267266933057,-0.000267266933057,0.0,24,0.5,-0.0001336334665285
2023-09-01,ABBV/JNJ,-0.0077224231668949,-0.0077224231668949,0.0,24,0.5,-0.0038612115834474
2023-09-01,EDV/TLT,0.0008822679119789,0.0008822679119789,0.0,24,0.5,0.0004411339559894
2023-09-05,ABBV/JNJ,0.0050573821008931,0.0050573821008931,0.0,24,0.5,0.0025286910504465
2023-09-05,EDV/TLT,0.0012751150508743,0.0012751150508743,0.0,24,0.5,0.0006375575254371
2023-09-06,ABBV/JNJ,-0.0107289092410288,-0.0107289092410288,0.0,24,0.5,-0.0053644546205144
2023-09-06,EDV/TLT,-0.0007304471291319,-0.0007304471291319,0.0,24,0.5,-0.0003652235645659
2023-09-07,ABBV/JNJ,0.0023447977727251,0.0023447977727251,0.0,24,0.5,0.0011723988863625
2023-09-07,EDV/TLT,0.000442678646376,0.000442678646376,0.0,24,0.5,0.000221339323188
2023-09-08,ABBV/JNJ,0.0021211496344126,0.0021211496344126,0.0,24,0.5,0.0010605748172063
2023-09-08,EDV/TLT,-0.0006472349701543,-0.0006472349701543,0.0,24,0.5,-0.0003236174850771
2023-09-11,ABBV/JNJ,0.0091963735219819,0.0091963735219819,0.0,24,0.5,0.0045981867609909
2023-09-11,EDV/TLT,0.0007630783967131,0.0007630783967131,0.0,24,0.5,0.0003815391983565
2023-09-12,ABBV/JNJ,0.0035362191143226,0.0035362191143226,0.0,24,0.5,0.0017681095571613
2023-09-12,EDV/TLT,-0.0003964938771584,-0.0003964938771584,0.0,24,0.5,-0.0001982469385792
2023-09-13,ABBV/JNJ,-0.0019690371631215,-0.0019690371631215,0.0,24,0.5,-0.0009845185815607
2023-09-13,EDV/TLT,0.0004592639749009,0.0004592639749009,0.0,24,0.5,0.0002296319874504
2023-09-14,ABBV/JNJ,-0.0059201796712029,-0.0059201796712029,0.0,24,0.5,-0.0029600898356014
2023-09-14,EDV/TLT,0.0001976724921771,0.0001976724921771,0.0,24,0.5,9.883624608855e-05
2023-09-15,ABBV/JNJ,-0.0069439571889646,-0.0069439571889646,0.0,24,0.5,-0.0034719785944823
2023-09-15,EDV/TLT,-1.08071817843946e-05,-1.08071817843946e-05,0.0,24,0.5,-5.4035908921973e-06
2023-09-18,ABBV/JNJ,0.0009384567008056,0.0009384567008056,0.0,24,0.5,0.0004692283504028
2023-09-18,EDV/TLT,-0.0001754642666636,-0.0001754642666636,0.0,24,0.5,-8.77321333318e-05
2023-09-19,ABBV/JNJ,-0.001,-0.0,1.0,24,0.5,-0.0005
2023-09-19,EDV/TLT,0.0002068395312584,0.0002068395312584,0.0,24,0.5,0.0001034197656292
2023-09-20,ABBV/JNJ,0.0,0.0,0.0,24,0.5,0.0
2023-09-20,EDV/TLT,-0.0003809506364492,-0.0003809506364492,0.0,24,0.5,-0.0001904753182246
2023-09-21,ABBV/JNJ,-0.0,-0.0,0.0,24,0.5,-0.0
2023-09-21,EDV/TLT,-0.001,0.0,1.0,24,0.5,-0.0005
2023-09-22,ABBV/JNJ,-0.0,-0.0,0.0,24,0.5,-0.0
2023-09-22,EDV/TLT,-0.0012221943162139,-0.0002221943162139,1.0,24,0.5,-0.0006110971581069
2023-09-25,ABBV/JNJ,-0.0,-0.0,0.0,24,0.5,-0.0
2023-09-25,EDV/TLT,-0.0021532660385481,-0.0021532660385481,0.0,24,0.5,-0.001076633019274
2023-09-26,ABBV/JNJ,-0.0,-0.0,0.0,24,0.5,-0.0
2023-09-26,EDV/TLT,-0.0010016928489808,-0.0010016928489808,0.0,24,0.5,-0.0005008464244904
2023-09-27,ABBV/JNJ,-0.0,-0.0,0.0,24,0.5,-0.0
2023-09-27,EDV/TLT,0.000433261179731,0.000433261179731,0.0,24,0.5,0.0002166305898655
2023-09-28,ABBV/JNJ,0.0,0.0,0.0,24,0.5,0.0
2023-09-28,EDV/TLT,-0.0003118893590612,-0.0003118893590612,0.0,24,0.5,-0.0001559446795306
2023-09-29,ABBV/JNJ,0.0,0.0,0.0,24,0.5,0.0
2023-09-29,EDV/TLT,0.0003158189895485,0.0003158189895485,0.0,24,0.5,0.0001579094947742
2023-10-02,ABBV/JNJ,-0.0,-0.0,0.0,24,0.5,-0.0
2023-10-02,EDV/TLT,-0.0008079723223246,-0.0008079723223246,0.0,24,0.5,-0.0004039861611623
2023-10-03,ABBV/JNJ,0.0,0.0,0.0,24,0.5,0.0
2023-10-03,EDV/TLT,-0.0026012741399429,-0.0026012741399429,0.0,24,0.5,-0.0013006370699714
2023-10-04,ABBV/JNJ,0.0,0.0,0.0,24,0.5,0.0
2023-10-04,EDV/TLT,0.0010834432660819,0.0010834432660819,0.0,24,0.5,0.0005417216330409
2023-10-05,ABBV/JNJ,0.0,0.0,0.0,24,0.5,0.0
2023-10-05,EDV/TLT,-0.0013770854070141,-0.0013770854070141,0.0,24,0.5,-0.000688542703507
2023-10-06,MS/STT,0.0,0.0,0.0,25,0.35,0.0
2023-10-06,IEMG/VWO,0.0,0.0,0.0,25,0.35,0.0
2023-10-06,ADBE/NOW,0.0,0.0,0.0,25,0.3,0.0
2023-10-09,MS/STT,-0.0,-0.0,0.0,25,0.35,-0.0
2023-10-09,IEMG/VWO,-0.0,-0.0,0.0,25,0.35,-0.0
2023-10-09,ADBE/NOW,0.0,0.0,0.0,25,0.3,0.0
2023-10-10,MS/STT,-0.0,-0.0,0.0,25,0.35,-0.0
2023-10-10,IEMG/VWO,0.0,0.0,0.0,25,0.35,0.0
2023-10-10,ADBE/NOW,0.0,0.0,0.0,25,0.3,0.0
2023-10-11,MS/STT,-0.0,-0.0,0.0,25,0.35,-0.0
2023-10-11,IEMG/VWO,-0.0,-0.0,0.0,25,0.35,-0.0
2023-10-11,ADBE/NOW,0.0,0.0,0.0,25,0.3,0.0
2023-10-12,MS/STT,-0.0,-0.0,0.0,25,0.35,-0.0
2023-10-12,IEMG/VWO,-0.0,-0.0,0.0,25,0.35,-0.0
2023-10-12,ADBE/NOW,-0.0102994581746843,-0.0092994581746843,1.0,25,0.3,-0.0030898374524052
2023-10-13,MS/STT,-0.0,-0.0,0.0,25,0.35,-0.0
2023-10-13,IEMG/VWO,0.0,0.0,0.0,25,0.35,0.0
2023-10-13,ADBE/NOW,0.0036561559203129,0.0036561559203129,0.0,25,0.3,0.0010968467760938
2023-10-16,MS/STT,0.0,0.0,0.0,25,0.35,0.0
2023-10-16,IEMG/VWO,-0.0,-0.0,0.0,25,0.35,-0.0
2023-10-16,ADBE/NOW,-0.000632939649102,-0.000632939649102,0.0,25,0.3,-0.0001898818947306
2023-10-17,MS/STT,0.0,0.0,0.0,25,0.35,0.0
2023-10-17,IEMG/VWO,-0.0,-0.0,0.0,25,0.35,-0.0
2023-10-17,ADBE/NOW,0.0026889783698553,0.0026889783698553,0.0,25,0.3,0.0008066935109565
2023-10-18,MS/STT,-0.0,-0.0,0.0,25,0.35,-0.0
2023-10-18,IEMG/VWO,-0.0012879916262449,-0.0002879916262449,1.0,25,0.35,-0.0004507970691857
2023-10-18,ADBE/NOW,-0.0106376170777374,-0.0106376170777374,0.0,25,0.3,-0.0031912851233212
2023-10-19,MS/STT,-0.0,-0.0,0.0,25,0.35,-0.0
2023-10-19,IEMG/VWO,0.000453229792931,0.000453229792931,0.0,25,0.35,0.0001586304275258
2023-10-19,ADBE/NOW,0.0092361152496563,0.0092361152496563,0.0,25,0.3,0.0027708345748968
2023-10-20,MS/STT,0.0090234490152295,0.0100234490152295,1.0,25,0.35,0.0031582071553303
2023-10-20,IEMG/VWO,0.0002097563126152,0.0002097563126152,0.0,25,0.35,7.341470941532e-05
2023-10-20,ADBE/NOW,0.0026426695737699,0.0026426695737699,0.0,25,0.3,0.0007928008721309
2023-10-23,MS/STT,-0.0090726653037981,-0.0090726653037981,0.0,25,0.35,-0.0031754328563293
2023-10-23,IEMG/VWO,-0.0007547065054,-0.0007547065054,0.0,25,0.35,-0.0002641472768899
2023-10-23,ADBE/NOW,-0.0002676005109291,-0.0002676005109291,0.0,25,0.3,-8.028015327873002e-05
2023-10-24,MS/STT,-0.0040045253338838,-0.0040045253338838,0.0,25,0.35,-0.0014015838668593
2023-10-24,IEMG/VWO,3.202750687038793e-05,3.202750687038793e-05,0.0,25,0.35,1.1209627404635776e-05
2023-10-24,ADBE/NOW,0.0108773693727993,0.0108773693727993,0.0,25,0.3,0.0032632108118397
2023-10-25,MS/STT,0.0025863452905425,0.0025863452905425,0.0,25,0.35,0.0009052208516898
2023-10-25,IEMG/VWO,0.0008682592858535,0.0008682592858535,0.0,25,0.35,0.0003038907500487
2023-10-25,ADBE/NOW,0.0019456166828205,0.0019456166828205,0.0,25,0.3,0.0005836850048461
2023-10-26,MS/STT,0.0023912516319395,0.0023912516319395,0.0,25,0.35,0.0008369380711788
2023-10-26,IEMG/VWO,0.0007858945102344,0.0007858945102344,0.0,25,0.35,0.000275063078582
2023-10-26,ADBE/NOW,0.0239272713569571,0.0239272713569571,0.0,25,0.3,0.0071781814070871
2023-10-27,MS/STT,-0.0051657569304402,-0.0051657569304402,0.0,25,0.35,-0.001808014925654
2023-10-27,IEMG/VWO,0.0009683924388588,0.0009683924388588,0.0,25,0.35,0.0003389373536005
2023-10-27,ADBE/NOW,0.0093324774391411,0.0093324774391411,0.0,25,0.3,0.0027997432317423
2023-10-30,MS/STT,0.0041189754519486,0.0041189754519486,0.0,25,0.35,0.001441641408182
2023-10-30,IEMG/VWO,-0.0007873061312376,-0.0007873061312376,0.0,25,0.35,-0.0002755571459331
2023-10-30,ADBE/NOW,-0.0110838458291346,-0.0110838458291346,0.0,25,0.3,-0.0033251537487403
2023-10-31,MS/STT,-0.0021492793509944,-0.0021492793509944,0.0,25,0.35,-0.000752247772848
2023-10-31,IEMG/VWO,0.0007827794626714,0.0007827794626714,0.0,25,0.35,0.0002739728119349
2023-10-31,ADBE/NOW,0.0038588797307657,0.0038588797307657,0.0,25,0.3,0.0011576639192297
2023-11-01,MS/STT,0.0005607507084559,0.0005607507084559,0.0,25,0.35,0.0001962627479595
2023-11-01,IEMG/VWO,-0.0012957067023167,-0.0012957067023167,0.0,25,0.35,-0.0004534973458108
2023-11-01,ADBE/NOW,-0.0056348605016238,-0.0056348605016238,0.0,25,0.3,-0.0016904581504871
2023-11-02,MS/STT,0.0118349489674424,0.0118349489674424,0.0,25,0.35,0.0041422321386048
2023-11-02,IEMG/VWO,-0.0008197827801688,-0.0008197827801688,0.0,25,0.35,-0.000286923973059
2023-11-02,ADBE/NOW,-0.0113139859308707,-0.0113139859308707,0.0,25,0.3,-0.0033941957792612
2023-11-03,MS/STT,0.018491899940685,0.018491899940685,0.0,25,0.35,0.0064721649792397
2023-11-03,IEMG/VWO,-0.0002495522997064,-0.0002495522997064,0.0,25,0.35,-8.734330489723999e-05
2023-11-03,ADBE/NOW,-0.0002113630033967,-0.0002113630033967,0.0,25,0.3,-6.340890101901001e-05
2023-11-06,MS/STT,6.31421373197494e-05,6.31421373197494e-05,0.0,25,0.35,2.209974806191229e-05
2023-11-06,IEMG/VWO,-0.0029389963567444,-0.0029389963567444,0.0,25,0.35,-0.0010286487248605
2023-11-06,ADBE/NOW,-0.0001865714804371,-0.0001865714804371,0.0,25,0.3,-5.597144413113001e-05
2023-11-07,MS/STT,0.0002633151311098,0.0002633151311098,0.0,25,0.35,9.216029588843e-05
2023-11-07,IEMG/VWO,0.0012387403824788,0.0012387403824788,0.0,25,0.35,0.0004335591338675
2023-11-07,ADBE/NOW,-0.017431997027532,-0.017431997027532,0.0,25,0.3,-0.0052295991082596
2023-11-08,MS/STT,0.0037549102784556,0.0037549102784556,0.0,25,0.35,0.0013142185974594
2023-11-08,IEMG/VWO,0.0010218862356715,0.0010218862356715,0.0,25,0.35,0.000357660182485
2023-11-08,ADBE/NOW,-0.001,-0.0,1.0,25,0.3,-0.0003
2023-11-09,MS/STT,-0.0146311878869038,-0.0146311878869038,0.0,25,0.35,-0.0051209157604163
2023-11-09,IEMG/VWO,5.966691641111709e-05,5.966691641111709e-05,0.0,25,0.35,2.088342074389098e-05
2023-11-09,ADBE/NOW,-0.0,-0.0,0.0,25,0.3,-0.0
2023-11-10,MS/STT,0.0038069853197359,0.0038069853197359,0.0,25,0.35,0.0013324448619075
2023-11-10,IEMG/VWO,0.0001278235878308,0.0001278235878308,0.0,25,0.35,4.473825574078001e-05
2023-11-10,ADBE/NOW,0.0,0.0,0.0,25,0.3,0.0
2023-11-13,MS/STT,0.0005332866431928,0.0005332866431928,0.0,25,0.35,0.0001866503251174
2023-11-13,IEMG/VWO,0.0007022299803376,0.0007022299803376,0.0,25,0.35,0.0002457804931181
2023-11-13,ADBE/NOW,-0.0,-0.0,0.0,25,0.3,-0.0
2023-11-14,MS/STT,0.0173346134032067,0.0173346134032067,0.0,25,0.35,0.0060671146911223
2023-11-14,IEMG/VWO,-0.001,-0.0,1.0,25,0.35,-0.00035
2023-11-14,ADBE/NOW,0.0,0.0,0.0,25,0.3,0.0
2023-11-15,MS/STT,0.0068649939488894,0.0068649939488894,0.0,25,0.35,0.0024027478821112
2023-11-15,IEMG/VWO,-0.0,-0.0,0.0,25,0.35,-0.0
2023-11-15,ADBE/NOW,-0.0,-0.0,0.0,25,0.3,-0.0
2023-11-16,MS/STT,-0.001,0.0,1.0,25,0.35,-0.00035
2023-11-16,IEMG/VWO,-0.0,-0.0,0.0,25,0.35,-0.0
2023-11-16,ADBE/NOW,0.0,0.0,0.0,25,0.3,0.0
2023-11-17,MS/STT,0.0,0.0,0.0,25,0.35,0.0
2023-11-17,IEMG/VWO,0.0,0.0,0.0,25,0.35,0.0
2023-11-17,ADBE/NOW,-0.0,-0.0,0.0,25,0.3,-0.0
2023-11-20,MS/STT,-0.0,-0.0,0.0,25,0.35,-0.0
2023-11-20,IEMG/VWO,-0.0,-0.0,0.0,25,0.35,-0.0
2023-11-20,ADBE/NOW,0.0,0.0,0.0,25,0.3,0.0
2023-11-21,MS/STT,-0.0,-0.0,0.0,25,0.35,-0.0
2023-11-21,IEMG/VWO,-0.0,-0.0,0.0,25,0.35,-0.0
2023-11-21,ADBE/NOW,-0.0,-0.0,0.0,25,0.3,-0.0
2023-11-22,MS/STT,-0.0,-0.0,0.0,25,0.35,-0.0
2023-11-22,IEMG/VWO,-0.0,-0.0,0.0,25,0.35,-0.0
2023-11-22,ADBE/NOW,0.0,0.0,0.0,25,0.3,0.0
2023-11-24,MS/STT,-0.0,-0.0,0.0,25,0.35,-0.0
2023-11-24,IEMG/VWO,0.0,0.0,0.0,25,0.35,0.0
2023-11-24,ADBE/NOW,-0.0,-0.0,0.0,25,0.3,-0.0
2023-11-27,MS/STT,-0.0,-0.0,0.0,25,0.35,-0.0
2023-11-27,IEMG/VWO,-0.0,-0.0,0.0,25,0.35,-0.0
2023-11-27,ADBE/NOW,0.0,0.0,0.0,25,0.3,0.0
2023-11-28,MS/STT,-0.0,-0.0,0.0,25,0.35,-0.0
2023-11-28,IEMG/VWO,0.0,0.0,0.0,25,0.35,0.0
2023-11-28,ADBE/NOW,0.0,0.0,0.0,25,0.3,0.0
2023-11-29,MS/STT,0.0,0.0,0.0,25,0.35,0.0
2023-11-29,IEMG/VWO,-0.0,-0.0,0.0,25,0.35,-0.0
2023-11-29,ADBE/NOW,-0.0,-0.0,0.0,25,0.3,-0.0
2023-11-30,MS/STT,0.0,0.0,0.0,25,0.35,0.0
2023-11-30,IEMG/VWO,0.0,0.0,0.0,25,0.35,0.0
2023-11-30,ADBE/NOW,-0.0,-0.0,0.0,25,0.3,-0.0
2023-12-01,MS/STT,0.0,0.0,0.0,25,0.35,0.0
2023-12-01,IEMG/VWO,-0.0,-0.0,0.0,25,0.35,-0.0
2023-12-01,ADBE/NOW,-0.0,-0.0,0.0,25,0.3,-0.0
2023-12-04,MS/STT,0.0,0.0,0.0,25,0.35,0.0
2023-12-04,IEMG/VWO,0.0,0.0,0.0,25,0.35,0.0
2023-12-04,ADBE/NOW,-0.0,-0.0,0.0,25,0.3,-0.0
2023-12-05,MS/STT,-0.0,-0.0,0.0,25,0.35,-0.0
2023-12-05,IEMG/VWO,0.0,0.0,0.0,25,0.35,0.0
2023-12-05,ADBE/NOW,-0.0,-0.0,0.0,25,0.3,-0.0
2023-12-06,MS/STT,0.0,0.0,0.0,25,0.35,0.0
2023-12-06,IEMG/VWO,0.0,0.0,0.0,25,0.35,0.0
2023-12-06,ADBE/NOW,-0.0,-0.0,0.0,25,0.3,-0.0
2023-12-07,MS/STT,-0.0,-0.0,0.0,25,0.35,-0.0
2023-12-07,IEMG/VWO,-0.0,-0.0,0.0,25,0.35,-0.0
2023-12-07,ADBE/NOW,0.0,0.0,0.0,25,0.3,0.0
2023-12-08,MS/STT,0.0,0.0,0.0,25,0.35,0.0
2023-12-08,IEMG/VWO,-0.0,-0.0,0.0,25,0.35,-0.0
2023-12-08,ADBE/NOW,-0.0,-0.0,0.0,25,0.3,-0.0
2023-12-11,MS/STT,0.0,0.0,0.0,25,0.35,0.0
2023-12-11,IEMG/VWO,-0.0,-0.0,0.0,25,0.35,-0.0
2023-12-11,ADBE/NOW,0.0,0.0,0.0,25,0.3,0.0
2023-12-12,MS/STT,0.0,0.0,0.0,25,0.35,0.0
2023-12-12,IEMG/VWO,-0.0,-0.0,0.0,25,0.35,-0.0
2023-12-12,ADBE/NOW,0.0,0.0,0.0,25,0.3,0.0
2023-12-13,MS/STT,0.0,0.0,0.0,25,0.35,0.0
2023-12-13,IEMG/VWO,-0.0,-0.0,0.0,25,0.35,-0.0
2023-12-13,ADBE/NOW,-0.0,-0.0,0.0,25,0.3,-0.0
2023-12-14,MS/STT,0.0,0.0,0.0,25,0.35,0.0
2023-12-14,IEMG/VWO,0.0,0.0,0.0,25,0.35,0.0
2023-12-14,ADBE/NOW,-0.0,-0.0,0.0,25,0.3,-0.0
2023-12-15,MS/STT,-0.0091045976649482,-0.0081045976649482,1.0,25,0.35,-0.0031866091827318
2023-12-15,IEMG/VWO,-0.0,-0.0,0.0,25,0.35,-0.0
2023-12-15,ADBE/NOW,-0.0,-0.0,0.0,25,0.3,-0.0
2023-12-18,MS/STT,0.0034244804333012,0.0034244804333012,0.0,25,0.35,0.0011985681516554
2023-12-18,IEMG/VWO,0.0,0.0,0.0,25,0.35,0.0
2023-12-18,ADBE/NOW,0.0103813131350135,0.0113813131350135,1.0,25,0.3,0.003114393940504
2023-12-19,MS/STT,-0.0055286982041797,-0.0055286982041797,0.0,25,0.35,-0.0019350443714628
2023-12-19,IEMG/VWO,-0.0,-0.0,0.0,25,0.35,-0.0
2023-12-19,ADBE/NOW,0.0031115183103463,0.0031115183103463,0.0,25,0.3,0.0009334554931038
2023-12-20,MS/STT,-0.0027163173140242,-0.0027163173140242,0.0,25,0.35,-0.0009507110599084
2023-12-20,IEMG/VWO,-0.0,-0.0,0.0,25,0.35,-0.0
2023-12-20,ADBE/NOW,-0.0003342734653059,-0.0003342734653059,0.0,25,0.3,-0.0001002820395917
2023-12-21,MS/STT,-0.0053230234246917,-0.0053230234246917,0.0,25,0.35,-0.001863058198642
2023-12-21,IEMG/VWO,-0.000532664819856,0.0004673351801439,1.0,25,0.35,-0.0001864326869495
2023-12-21,ADBE/NOW,-6.45398388262778e-05,-6.45398388262778e-05,0.0,25,0.3,-1.9361951647883343e-05
2023-12-22,MS/STT,0.002360522095041,0.002360522095041,0.0,25,0.35,0.0008261827332643
2023-12-22,IEMG/VWO,0.0002031458155381,0.0002031458155381,0.0,25,0.35,7.1101035438335e-05
2023-12-22,ADBE/NOW,0.0005076038867055,0.0005076038867055,0.0,25,0.3,0.0001522811660116
2023-12-26,MS/STT,-0.0002567358706811,-0.0002567358706811,0.0,25,0.35,-8.985755473838499e-05
2023-12-26,IEMG/VWO,-0.0004654970755215,-0.0004654970755215,0.0,25,0.35,-0.0001629239764325
2023-12-26,ADBE/NOW,-0.0026434174371993,-0.0026434174371993,0.0,25,0.3,-0.0007930252311597
2023-12-27,MS/STT,-0.0042305955551134,-0.0042305955551134,0.0,25,0.35,-0.0014807084442896
2023-12-27,IEMG/VWO,-0.0004700046221398,-0.0004700046221398,0.0,25,0.35,-0.0001645016177489
2023-12-27,ADBE/NOW,-0.0036291657570397,-0.0036291657570397,0.0,25,0.3,-0.0010887497271119
2023-12-28,MS/STT,0.0023385377759315,0.0023385377759315,0.0,25,0.35,0.000818488221576
2023-12-28,IEMG/VWO,-8.697256411812359e-05,-8.697256411812359e-05,0.0,25,0.35,-3.0440397441343254e-05
2023-12-28,ADBE/NOW,0.0002005681409977,0.0002005681409977,0.0,25,0.3,6.0170442299310006e-05
2023-12-29,MS/STT,0.0012433485473144,0.0012433485473144,0.0,25,0.35,0.00043517199156
2023-12-29,IEMG/VWO,0.000885083589728,0.000885083589728,0.0,25,0.35,0.0003097792564048
2023-12-29,ADBE/NOW,-0.0012744846672971,-0.0012744846672971,0.0,25,0.3,-0.0003823454001891
2024-01-02,MS/STT,-0.0028721835663356,-0.0028721835663356,0.0,25,0.35,-0.0010052642482174
2024-01-02,IEMG/VWO,0.0001378481426105,0.0001378481426105,0.0,25,0.35,4.8246849913675e-05
2024-01-02,ADBE/NOW,-0.0054020634447311,-0.0054020634447311,0.0,25,0.3,-0.0016206190334193
2024-01-03,MS/STT,0.0108680995411378,0.0108680995411378,0.0,25,0.35,0.0038038348393982
2024-01-03,IEMG/VWO,0.0008447720534743,0.0008447720534743,0.0,25,0.35,0.000295670218716
2024-01-03,ADBE/NOW,-0.0011789725883505,-0.0011789725883505,0.0,25,0.3,-0.0003536917765051
2024-01-04,MS/STT,-0.0012176710593387,-0.0012176710593387,0.0,25,0.35,-0.0004261848707685
2024-01-04,IEMG/VWO,0.000496929266269,0.000496929266269,0.0,25,0.35,0.0001739252431941
2024-01-04,ADBE/NOW,-0.002828850583863,-0.002828850583863,0.0,25,0.3,-0.0008486551751589
2024-01-05,MS/STT,-0.0032119871874465,-0.0032119871874465,0.0,25,0.35,-0.0011241955156062
2024-01-05,IEMG/VWO,-0.0003292016157615,-0.0003292016157615,0.0,25,0.35,-0.0001152205655165
2024-01-05,ADBE/NOW,-0.0051635669669012,-0.0051635669669012,0.0,25,0.3,-0.0015490700900703
2024-01-08,MS/STT,0.0,0.0,0.0,26,0.3124460399038966,0.0
2024-01-08,CRM/NOW,0.0,0.0,0.0,26,0.3375539600961034,0.0
2024-01-08,GOVT/IEI,-0.0,-0.0,0.0,26,0.35,-0.0
2024-01-09,MS/STT,-0.0,-0.0,0.0,26,0.3124460399038966,-0.0
2024-01-09,CRM/NOW,-0.0,-0.0,0.0,26,0.3375539600961034,-0.0
2024-01-09,GOVT/IEI,0.0,0.0,0.0,26,0.35,0.0
2024-01-10,MS/STT,-0.0,-0.0,0.0,26,0.3124460399038966,-0.0
2024-01-10,CRM/NOW,-0.0,-0.0,0.0,26,0.3375539600961034,-0.0
2024-01-10,GOVT/IEI,0.0,0.0,0.0,26,0.35,0.0
2024-01-11,MS/STT,-0.0,-0.0,0.0,26,0.3124460399038966,-0.0
2024-01-11,CRM/NOW,0.0,0.0,0.0,26,0.3375539600961034,0.0
2024-01-11,GOVT/IEI,-0.0,-0.0,0.0,26,0.35,-0.0
2024-01-12,MS/STT,-0.0,-0.0,0.0,26,0.3124460399038966,-0.0
2024-01-12,CRM/NOW,-0.0,-0.0,0.0,26,0.3375539600961034,-0.0
2024-01-12,GOVT/IEI,0.0,0.0,0.0,26,0.35,0.0
2024-01-16,MS/STT,-0.0,-0.0,0.0,26,0.3124460399038966,-0.0
2024-01-16,CRM/NOW,-0.0,-0.0,0.0,26,0.3375539600961034,-0.0
2024-01-16,GOVT/IEI,0.0,0.0,0.0,26,0.35,0.0
2024-01-17,MS/STT,-0.0064110955541357,-0.0054110955541357,1.0,26,0.3124460399038966,-0.0020031214173351
2024-01-17,CRM/NOW,0.0,0.0,0.0,26,0.3375539600961034,0.0
2024-01-17,GOVT/IEI,-0.0,-0.0,0.0,26,0.35,-0.0
2024-01-18,MS/STT,-0.0018418027466607,-0.0018418027466607,0.0,26,0.3124460399038966,-0.0005754639744782
2024-01-18,CRM/NOW,-0.0,-0.0,0.0,26,0.3375539600961034,-0.0
2024-01-18,GOVT/IEI,0.0,0.0,0.0,26,0.35,0.0
2024-01-19,MS/STT,0.0028317514244467,0.0028317514244467,0.0,26,0.3124460399038966,0.0008847695185605
2024-01-19,CRM/NOW,0.0,0.0,0.0,26,0.3375539600961034,0.0
2024-01-19,GOVT/IEI,-0.0,-0.0,0.0,26,0.35,-0.0
2024-01-22,MS/STT,0.0105407801320958,0.0105407801320958,0.0,26,0.3124460399038966,0.003293425009771
2024-01-22,CRM/NOW,-0.0,-0.0,0.0,26,0.3375539600961034,-0.0
2024-01-22,GOVT/IEI,-0.0,-0.0,0.0,26,0.35,-0.0
2024-01-23,MS/STT,0.0091689402243833,0.0091689402243833,0.0,26,0.3124460399038966,0.0028647990632241
2024-01-23,CRM/NOW,-0.0,-0.0,0.0,26,0.3375539600961034,-0.0
2024-01-23,GOVT/IEI,0.0,0.0,0.0,26,0.35,0.0
2024-01-24,MS/STT,0.0065229767210049,0.0065229767210049,0.0,26,0.3124460399038966,0.0020380782448632
2024-01-24,CRM/NOW,-0.0,-0.0,0.0,26,0.3375539600961034,-0.0
2024-01-24,GOVT/IEI,0.0,0.0,0.0,26,0.35,0.0
2024-01-25,MS/STT,-0.0010944610647957,-0.0010944610647957,0.0,26,0.3124460399038966,-0.0003419600255244
2024-01-25,CRM/NOW,0.0,0.0,0.0,26,0.3375539600961034,0.0
2024-01-25,GOVT/IEI,-0.0,-0.0,0.0,26,0.35,-0.0
2024-01-26,MS/STT,-0.0042255599886518,-0.0042255599886518,0.0,26,0.3124460399038966,-0.0013202594848306
2024-01-26,CRM/NOW,0.0,0.0,0.0,26,0.3375539600961034,0.0
2024-01-26,GOVT/IEI,-0.0,-0.0,0.0,26,0.35,-0.0
2024-01-29,MS/STT,0.000578719970099,0.000578719970099,0.0,26,0.3124460399038966,0.0001808187628707
2024-01-29,CRM/NOW,0.0,0.0,0.0,26,0.3375539600961034,0.0
2024-01-29,GOVT/IEI,-0.0,-0.0,0.0,26,0.35,-0.0
2024-01-30,MS/STT,0.0060425350269049,0.0060425350269049,0.0,26,0.3124460399038966,0.001887966140137
2024-01-30,CRM/NOW,0.0,0.0,0.0,26,0.3375539600961034,0.0
2024-01-30,GOVT/IEI,-0.0,-0.0,0.0,26,0.35,-0.0
2024-01-31,MS/STT,0.0022576599191503,0.0022576599191503,0.0,26,0.3124460399038966,0.0007053969011882
2024-01-31,CRM/NOW,-0.0,-0.0,0.0,26,0.3375539600961034,-0.0
2024-01-31,GOVT/IEI,-0.0010089982125873,-8.998212587392967e-06,1.0,26,0.35,-0.0003531493744055
2024-02-01,MS/STT,0.0001858989205753,0.0001858989205753,0.0,26,0.3124460399038966,5.808338155616149e-05
2024-02-01,CRM/NOW,0.0,0.0,0.0,26,0.3375539600961034,0.0
2024-02-01,GOVT/IEI,-0.001611661806041,-0.001611661806041,0.0,26,0.35,-0.0005640816321143
2024-02-02,MS/STT,0.002289459461014,0.002289459461014,0.0,26,0.3124460399038966,0.0007153325421143
2024-02-02,CRM/NOW,-0.0,-0.0,0.0,26,0.3375539600961034,-0.0
2024-02-02,GOVT/IEI,0.0009831913000134,0.0009831913000134,0.0,26,0.35,0.0003441169550046
2024-02-05,MS/STT,-0.0053832177036067,-0.0053832177036067,0.0,26,0.3124460399038966,-0.0016819650534324
2024-02-05,CRM/NOW,0.0,0.0,0.0,26,0.3375539600961034,0.0
2024-02-05,GOVT/IEI,0.0011519841785422,0.0011519841785422,0.0,26,0.35,0.0004031944624897
2024-02-06,MS/STT,0.0021450828205624,0.0021450828205624,0.0,26,0.3124460399038966,0.0006702226325506
2024-02-06,CRM/NOW,-0.0,-0.0,0.0,26,0.3375539600961034,-0.0
2024-02-06,GOVT/IEI,-0.0005285059695256,-0.0005285059695256,0.0,26,0.35,-0.0001849770893339
2024-02-07,MS/STT,-0.003754461428326,-0.003754461428326,0.0,26,0.3124460399038966,-0.0011730666052523
2024-02-07,CRM/NOW,-0.0,-0.0,0.0,26,0.3375539600961034,-0.0
2024-02-07,GOVT/IEI,0.0003676927504238,0.0003676927504238,0.0,26,0.35,0.0001286924626483
2024-02-08,MS/STT,0.00079057114293,0.00079057114293,0.0,26,0.3124460399038966,0.0002470108228707
2024-02-08,CRM/NOW,0.0,0.0,0.0,26,0.3375539600961034,0.0
2024-02-08,GOVT/IEI,0.0002632418351103,0.0002632418351103,0.0,26,0.35,9.2134642288605e-05
2024-02-09,MS/STT,-0.0006130667720771,-0.0006130667720771,0.0,26,0.3124460399038966,-0.0001915502851321
2024-02-09,CRM/NOW,-0.0,-0.0,0.0,26,0.3375539600961034,-0.0
2024-02-09,GOVT/IEI,-4.409890744028783e-05,-4.409890744028783e-05,0.0,26,0.35,-1.543461760410074e-05
2024-02-12,MS/STT,0.0031396010043754,0.0031396010043754,0.0,26,0.3124460399038966,0.0009809559006953
2024-02-12,CRM/NOW,0.0,0.0,0.0,26,0.3375539600961034,0.0
2024-02-12,GOVT/IEI,-8.089600811947942e-05,-8.089600811947942e-05,0.0,26,0.35,-2.8313602841817797e-05
2024-02-13,MS/STT,-0.001,-0.0,1.0,26,0.3124460399038966,-0.0003124460399038
2024-02-13,CRM/NOW,-0.0,-0.0,0.0,26,0.3375539600961034,-0.0
2024-02-13,GOVT/IEI,0.0004948914511783,0.0004948914511783,0.0,26,0.35,0.0001732120079124
2024-02-14,MS/STT,-0.0,-0.0,0.0,26,0.3124460399038966,-0.0
2024-02-14,CRM/NOW,0.0,0.0,0.0,26,0.3375539600961034,0.0
2024-02-14,GOVT/IEI,9.1888385922791e-05,9.1888385922791e-05,0.0,26,0.35,3.216093507297684e-05
2024-02-15,MS/STT,0.0,0.0,0.0,26,0.3124460399038966,0.0
2024-02-15,CRM/NOW,0.0,0.0,0.0,26,0.3375539600961034,0.0
2024-02-15,GOVT/IEI,-0.0003076741471125,-0.0003076741471125,0.0,26,0.35,-0.0001076859514893
2024-02-16,MS/STT,0.0,0.0,0.0,26,0.3124460399038966,0.0
2024-02-16,CRM/NOW,-0.0043584202044568,-0.0033584202044568,1.0,26,0.3375539600961034,-0.0014712019997772
2024-02-16,GOVT/IEI,0.0001367441653954,0.0001367441653954,0.0,26,0.35,4.786045788838999e-05
2024-02-20,MS/STT,-0.0,-0.0,0.0,26,0.3124460399038966,-0.0
2024-02-20,CRM/NOW,0.0002954096955042,0.0002954096955042,0.0,26,0.3375539600961034,9.97167125682268e-05
2024-02-20,GOVT/IEI,0.0001925919109696,0.0001925919109696,0.0,26,0.35,6.740716883936e-05
2024-02-21,MS/STT,-0.0,-0.0,0.0,26,0.3124460399038966,-0.0
2024-02-21,CRM/NOW,0.0031982220915056,0.0031982220915056,0.0,26,0.3375539600961034,0.0010795725322545
2024-02-21,GOVT/IEI,5.671313373796502e-05,5.671313373796502e-05,0.0,26,0.35,1.984959680828776e-05
2024-02-22,MS/STT,0.0,0.0,0.0,26,0.3124460399038966,0.0
2024-02-22,CRM/NOW,-0.0094166332104388,-0.0094166332104388,0.0,26,0.3375539600961034,-0.0031786218309561
2024-02-22,GOVT/IEI,-0.0002514730527585,-0.0002514730527585,0.0,26,0.35,-8.801556846547499e-05
2024-02-23,MS/STT,-0.0,-0.0,0.0,26,0.3124460399038966,-0.0
2024-02-23,CRM/NOW,0.002646121043821,0.002646121043821,0.0,26,0.3375539600961034,0.0008932086372354
2024-02-23,GOVT/IEI,-0.0009121870218326,-0.0009121870218326,0.0,26,0.35,-0.0003192654576414
2024-02-26,MS/STT,-0.0,-0.0,0.0,26,0.3124460399038966,-0.0
2024-02-26,CRM/NOW,-0.010682398835281,-0.010682398835281,0.0,26,0.3375539600961034,-0.0036058860301751
2024-02-26,GOVT/IEI,0.0002247776664831,0.0002247776664831,0.0,26,0.35,7.867218326908499e-05
2024-02-27,MS/STT,-0.0,-0.0,0.0,26,0.3124460399038966,-0.0
2024-02-27,CRM/NOW,-0.0048441654457523,-0.0048441654457523,0.0,26,0.3375539600961034,-0.0016351672295743
2024-02-27,GOVT/IEI,0.0005382201033385,0.0005382201033385,0.0,26,0.35,0.0001883770361684
2024-02-28,MS/STT,0.0,0.0,0.0,26,0.3124460399038966,0.0
2024-02-28,CRM/NOW,-0.0044683418541288,-0.0044683418541288,0.0,26,0.3375539600961034,-0.0015083064879243
2024-02-28,GOVT/IEI,-0.001,-0.0,1.0,26,0.35,-0.00035
2024-02-29,MS/STT,-0.0,-0.0,0.0,26,0.3124460399038966,-0.0
2024-02-29,CRM/NOW,-0.0115168165514317,-0.0115168165514317,0.0,26,0.3375539600961034,-0.0038875470346361
2024-02-29,GOVT/IEI,-0.0,-0.0,0.0,26,0.35,-0.0
2024-03-01,MS/STT,0.0,0.0,0.0,26,0.3124460399038966,0.0
2024-03-01,CRM/NOW,-0.0141148203170957,-0.0141148203170957,0.0,26,0.3375539600961034,-0.0047645134940805
2024-03-01,GOVT/IEI,-0.0,-0.0,0.0,26,0.35,-0.0
2024-03-04,MS/STT,0.0,0.0,0.0,26,0.3124460399038966,0.0
2024-03-04,CRM/NOW,0.0054607395903127,0.0054607395903127,0.0,26,0.3375539600961034,0.0018432942737636
2024-03-04,GOVT/IEI,0.0,0.0,0.0,26,0.35,0.0
2024-03-05,MS/STT,-0.0,-0.0,0.0,26,0.3124460399038966,-0.0
2024-03-05,CRM/NOW,0.0104224601435375,0.0104224601435375,0.0,26,0.3375539600961034,0.0035181426953948
2024-03-05,GOVT/IEI,-0.0,-0.0,0.0,26,0.35,-0.0
2024-03-06,MS/STT,-0.0,-0.0,0.0,26,0.3124460399038966,-0.0
2024-03-06,CRM/NOW,-0.0093391415147476,-0.0093391415147476,0.0,26,0.3375539600961034,-0.0031524642022009
2024-03-06,GOVT/IEI,-0.0,-0.0,0.0,26,0.35,-0.0
2024-03-07,MS/STT,0.0,0.0,0.0,26,0.3124460399038966,0.0
2024-03-07,CRM/NOW,0.0177020981277292,0.0177020981277292,0.0,26,0.3375539600961034,0.0059754133250248
2024-03-07,GOVT/IEI,0.0,0.0,0.0,26,0.35,0.0
2024-03-08,MS/STT,0.0,0.0,0.0,26,0.3124460399038966,0.0
2024-03-08,CRM/NOW,-0.0111445715624941,-0.0111445715624941,0.0,26,0.3375539600961034,-0.0037618942644943
2024-03-08,GOVT/IEI,0.0,0.0,0.0,26,0.35,0.0
2024-03-11,MS/STT,-0.0,-0.0,0.0,26,0.3124460399038966,-0.0
2024-03-11,CRM/NOW,-0.0018963259670815,-0.0018963259670815,0.0,26,0.3375539600961034,-0.0006401123398214
2024-03-11,GOVT/IEI,-0.0,-0.0,0.0,26,0.35,-0.0
2024-03-12,MS/STT,0.0,0.0,0.0,26,0.3124460399038966,0.0
2024-03-12,CRM/NOW,0.016748856149662,0.016748856149662,0.0,26,0.3375539600961034,0.0056536427203983
2024-03-12,GOVT/IEI,0.0,0.0,0.0,26,0.35,0.0
2024-03-13,MS/STT,0.0,0.0,0.0,26,0.3124460399038966,0.0
2024-03-13,CRM/NOW,-0.0036713043589681,-0.0036713043589681,0.0,26,0.3375539600961034,-0.0012392633250877
2024-03-13,GOVT/IEI,-0.0,-0.0,0.0,26,0.35,-0.0
2024-03-14,MS/STT,0.0,0.0,0.0,26,0.3124460399038966,0.0
2024-03-14,CRM/NOW,0.0040084240620577,0.0040084240620577,0.0,26,0.3375539600961034,0.001353059415892
2024-03-14,GOVT/IEI,0.0,0.0,0.0,26,0.35,0.0
2024-03-15,MS/STT,-0.0,-0.0,0.0,26,0.3124460399038966,-0.0
2024-03-15,CRM/NOW,-0.001,0.0,1.0,26,0.3375539600961034,-0.0003375539600961
2024-03-15,GOVT/IEI,-0.0,-0.0,0.0,26,0.35,-0.0
2024-03-18,MS/STT,-0.0,-0.0,0.0,26,0.3124460399038966,-0.0
2024-03-18,CRM/NOW,0.0,0.0,0.0,26,0.3375539600961034,0.0
2024-03-18,GOVT/IEI,0.0,0.0,0.0,26,0.35,0.0
2024-03-19,MS/STT,0.0,0.0,0.0,26,0.3124460399038966,0.0
2024-03-19,CRM/NOW,0.0,0.0,0.0,26,0.3375539600961034,0.0
2024-03-19,GOVT/IEI,0.0,0.0,0.0,26,0.35,0.0
2024-03-20,MS/STT,0.0,0.0,0.0,26,0.3124460399038966,0.0
2024-03-20,CRM/NOW,0.0,0.0,0.0,26,0.3375539600961034,0.0
2024-03-20,GOVT/IEI,-0.0,-0.0,0.0,26,0.35,-0.0
2024-03-21,MS/STT,0.0,0.0,0.0,26,0.3124460399038966,0.0
2024-03-21,CRM/NOW,0.0,0.0,0.0,26,0.3375539600961034,0.0
2024-03-21,GOVT/IEI,0.0,0.0,0.0,26,0.35,0.0
2024-03-22,MS/STT,-0.0,-0.0,0.0,26,0.3124460399038966,-0.0
2024-03-22,CRM/NOW,-0.0,-0.0,0.0,26,0.3375539600961034,-0.0
2024-03-22,GOVT/IEI,-0.0,-0.0,0.0,26,0.35,-0.0
2024-03-25,MS/STT,-0.0,-0.0,0.0,26,0.3124460399038966,-0.0
2024-03-25,CRM/NOW,-0.0,-0.0,0.0,26,0.3375539600961034,-0.0
2024-03-25,GOVT/IEI,0.0,0.0,0.0,26,0.35,0.0
2024-03-26,MS/STT,-0.0,-0.0,0.0,26,0.3124460399038966,-0.0
2024-03-26,CRM/NOW,-0.0,-0.0,0.0,26,0.3375539600961034,-0.0
2024-03-26,GOVT/IEI,-0.0,-0.0,0.0,26,0.35,-0.0
2024-03-27,MS/STT,0.0,0.0,0.0,26,0.3124460399038966,0.0
2024-03-27,CRM/NOW,0.0,0.0,0.0,26,0.3375539600961034,0.0
2024-03-27,GOVT/IEI,-0.0,-0.0,0.0,26,0.35,-0.0
2024-03-28,MS/STT,-0.0,-0.0,0.0,26,0.3124460399038966,-0.0
2024-03-28,CRM/NOW,-0.0,-0.0,0.0,26,0.3375539600961034,-0.0
2024-03-28,GOVT/IEI,-0.0,-0.0,0.0,26,0.35,-0.0
2024-04-01,MS/STT,-0.0,-0.0,0.0,26,0.3124460399038966,-0.0
2024-04-01,CRM/NOW,-0.0,-0.0,0.0,26,0.3375539600961034,-0.0
2024-04-01,GOVT/IEI,0.0012657175247775,0.0022657175247775,1.0,26,0.35,0.0004430011336721
2024-04-02,MS/STT,-0.0,-0.0,0.0,26,0.3124460399038966,-0.0
2024-04-02,CRM/NOW,0.0,0.0,0.0,26,0.3375539600961034,0.0
2024-04-02,GOVT/IEI,0.0005612569880548,0.0005612569880548,0.0,26,0.35,0.0001964399458191
2024-04-03,MS/STT,0.0,0.0,0.0,26,0.3124460399038966,0.0
2024-04-03,CRM/NOW,0.0,0.0,0.0,26,0.3375539600961034,0.0
2024-04-03,GOVT/IEI,0.0001498225163772,0.0001498225163772,0.0,26,0.35,5.243788073202e-05
2024-04-04,MS/STT,0.0,0.0,0.0,26,0.3124460399038966,0.0
2024-04-04,CRM/NOW,-0.0,-0.0,0.0,26,0.3375539600961034,-0.0
2024-04-04,GOVT/IEI,-0.000552700026135,-0.000552700026135,0.0,26,0.35,-0.0001934450091472
2024-04-05,MS/STT,0.0,0.0,0.0,26,0.3124460399038966,0.0
2024-04-05,CRM/NOW,0.0,0.0,0.0,26,0.3375539600961034,0.0
2024-04-05,GOVT/IEI,0.0005400128945887,0.0005400128945887,0.0,26,0.35,0.000189004513106
2024-04-08,MS/STT,0.0,0.0,0.0,26,0.3124460399038966,0.0
2024-04-08,CRM/NOW,-0.0,-0.0,0.0,26,0.3375539600961034,-0.0
2024-04-08,GOVT/IEI,-0.0001966466304764,-0.0001966466304764,0.0,26,0.35,-6.882632066674e-05
2024-04-09,MS/STT,0.0,0.0,0.0,27,0.3461477080436481,0.0
2024-04-09,META/MSFT,0.0,0.0,0.0,27,0.2697288018871833,0.0
2024-04-09,ADBE/NOW,0.0,0.0,0.0,27,0.1746077461651846,0.0
2024-04-09,CNC/CVS,-0.0,-0.0,0.0,27,0.2095157439039839,-0.0
2024-04-10,MS/STT,-0.0,-0.0,0.0,27,0.3461477080436481,-0.0
2024-04-10,META/MSFT,-0.0,-0.0,0.0,27,0.2697288018871833,-0.0
2024-04-10,ADBE/NOW,0.0,0.0,0.0,27,0.1746077461651846,0.0
2024-04-10,CNC/CVS,-0.0,-0.0,0.0,27,0.2095157439039839,-0.0
2024-04-11,MS/STT,-0.0,-0.0,0.0,27,0.3461477080436481,-0.0
2024-04-11,META/MSFT,0.0,0.0,0.0,27,0.2697288018871833,0.0
2024-04-11,ADBE/NOW,-0.0,-0.0,0.0,27,0.1746077461651846,-0.0
2024-04-11,CNC/CVS,-0.0112247741300673,-0.0102247741300673,1.0,27,0.2095157439039839,-0.0023517669020152
2024-04-12,MS/STT,-0.0153156602290483,-0.0143156602290483,1.0,27,0.3461477080436481,-0.0053014806854603
2024-04-12,META/MSFT,-0.0,-0.0,0.0,27,0.2697288018871833,-0.0
2024-04-12,ADBE/NOW,-0.0,-0.0,0.0,27,0.1746077461651846,-0.0
2024-04-12,CNC/CVS,-0.0061235458228343,-0.0061235458228343,0.0,27,0.2095157439039839,-0.0012829792584012
2024-04-15,MS/STT,0.0100195152749001,0.0100195152749001,0.0,27,0.3461477080436481,0.0034682322481149
2024-04-15,META/MSFT,-0.0,-0.0,0.0,27,0.2697288018871833,-0.0
2024-04-15,ADBE/NOW,0.0,0.0,0.0,27,0.1746077461651846,0.0
2024-04-15,CNC/CVS,-0.0064463223695662,-0.0064463223695662,0.0,27,0.2095157439039839,-0.0013506060267045
2024-04-16,MS/STT,0.0250105363345965,0.0250105363345965,0.0,27,0.3461477080436481,0.0086573398291629
2024-04-16,META/MSFT,0.0,0.0,0.0,27,0.2697288018871833,0.0
2024-04-16,ADBE/NOW,0.0,0.0,0.0,27,0.1746077461651846,0.0
2024-04-16,CNC/CVS,0.0028050293420652,0.0028050293420652,0.0,27,0.2095157439039839,0.0005876978092752
2024-04-17,MS/STT,0.007623175678596,0.007623175678596,0.0,27,0.3461477080436481,0.00263874478916
2024-04-17,META/MSFT,-0.0,-0.0,0.0,27,0.2697288018871833,-0.0
2024-04-17,ADBE/NOW,0.0,0.0,0.0,27,0.1746077461651846,0.0
2024-04-17,CNC/CVS,-0.0029227937309819,-0.0029227937309819,0.0,27,0.2095157439039839,-0.0006123713028245
2024-04-18,MS/STT,3.130050122631656e-05,3.130050122631656e-05,0.0,27,0.3461477080436481,1.0834596760106874e-05
2024-04-18,META/MSFT,-0.0,-0.0,0.0,27,0.2697288018871833,-0.0
2024-04-18,ADBE/NOW,0.0,0.0,0.0,27,0.1746077461651846,0.0
2024-04-18,CNC/CVS,-0.0005186388001522,-0.0005186388001522,0.0,27,0.2095157439039839,-0.0001086629940313
2024-04-19,MS/STT,0.0010142231005612,0.0010142231005612,0.0,27,0.3461477080436481,0.0003510710017041
2024-04-19,META/MSFT,0.0004522505007794,0.0014522505007794,1.0,27,0.2697288018871833,0.0001219849857281
2024-04-19,ADBE/NOW,-0.0,-0.0,0.0,27,0.1746077461651846,-0.0
2024-04-19,CNC/CVS,0.0035489262969918,0.0035489262969918,0.0,27,0.2095157439039839,0.0007435559331746
2024-04-22,MS/STT,0.0038053013480793,0.0038053013480793,0.0,27,0.3461477080436481,0.001317196340053
2024-04-22,META/MSFT,0.0030414196268079,0.0030414196268079,0.0,27,0.2697288018871833,0.000820358471975
2024-04-22,ADBE/NOW,-0.0,-0.0,0.0,27,0.1746077461651846,-0.0
2024-04-22,CNC/CVS,-0.003061690675131,-0.003061690675131,0.0,27,0.2095157439039839,-0.0006414723994039
2024-04-23,MS/STT,0.0118081283137767,0.0118081283137767,0.0,27,0.3461477080436481,0.0040873565520991
2024-04-23,META/MSFT,0.0043429460954587,0.0043429460954587,0.0,27,0.2697288018871833,0.0011714176469886
2024-04-23,ADBE/NOW,-0.0,-0.0,0.0,27,0.1746077461651846,-0.0
2024-04-23,CNC/CVS,-0.011947080239343,-0.011947080239343,0.0,27,0.2095157439039839,-0.0025031014038265
2024-04-24,MS/STT,0.0011073351587721,0.0011073351587721,0.0,27,0.3461477080436481,0.0003833015272451
2024-04-24,META/MSFT,0.0040717317349728,0.0040717317349728,0.0,27,0.2697288018871833,0.0010982633224802
2024-04-24,ADBE/NOW,0.0,0.0,0.0,27,0.1746077461651846,0.0
2024-04-24,CNC/CVS,-0.0086421231863417,-0.0086421231863417,0.0,27,0.2095157439039839,-0.0018106608682962
2024-04-25,MS/STT,-0.0032831646810603,-0.0032831646810603,0.0,27,0.3461477080436481,-0.0011364599294788
2024-04-25,META/MSFT,0.0096848753999011,0.0096848753999011,0.0,27,0.2697288018871833,0.0026122898380419
2024-04-25,ADBE/NOW,0.0,0.0,0.0,27,0.1746077461651846,0.0
2024-04-25,CNC/CVS,-0.002115325557949,-0.002115325557949,0.0,27,0.2095157439039839,-0.0004431940078727
2024-04-26,MS/STT,0.0012698090756723,0.0012698090756723,0.0,27,0.3461477080436481,0.0004395415011969
2024-04-26,META/MSFT,0.0123139118196768,0.0123139118196768,0.0,27,0.2697288018871833,0.0033214166816658
2024-04-26,ADBE/NOW,0.0,0.0,0.0,27,0.1746077461651846,0.0
2024-04-26,CNC/CVS,0.0058597004693667,0.0058597004693667,0.0,27,0.2095157439039839,0.0012276995028938
2024-04-29,MS/STT,-0.0022773199820748,-0.0022773199820748,0.0,27,0.3461477080436481,-0.0007882890922771
2024-04-29,META/MSFT,-0.0010432910588785,-0.0010432910588785,0.0,27,0.2697288018871833,-0.0002814056473309
2024-04-29,ADBE/NOW,-0.0,-0.0,0.0,27,0.1746077461651846,-0.0
2024-04-29,CNC/CVS,0.0034490265220402,0.0034490265220402,0.0,27,0.2095157439039839,0.0007226253575098
2024-04-30,MS/STT,-0.0006767065476444,-0.0006767065476444,0.0,27,0.3461477080436481,-0.0002342404204852
2024-04-30,META/MSFT,-0.0221630614737891,-0.0221630614737891,0.0,27,0.2697288018871833,-0.0059780160174771
2024-04-30,ADBE/NOW,0.0,0.0,0.0,27,0.1746077461651846,0.0
2024-04-30,CNC/CVS,0.006031424184383,0.006031424184383,0.0,27,0.2095157439039839,0.0012636783247914
2024-05-01,MS/STT,0.0014474676033925,0.0014474676033925,0.0,27,0.3461477080436481,0.0005010375933817
2024-05-01,META/MSFT,0.0051088097493245,0.0051088097493245,0.0,27,0.2697288018871833,0.0013779931327548
2024-05-01,ADBE/NOW,0.0,0.0,0.0,27,0.1746077461651846,0.0
2024-05-01,CNC/CVS,-0.1089320818984332,-0.1089320818984332,0.0,27,0.2095157439039839,-0.0228229861739599
2024-05-02,MS/STT,0.0069836994412117,0.0069836994412117,0.0,27,0.3461477080436481,0.0024173915552411
2024-05-02,META/MSFT,0.0039250641843487,0.0039250641843487,0.0,27,0.2697288018871833,0.0010587028597746
2024-05-02,ADBE/NOW,0.0,0.0,0.0,27,0.1746077461651846,0.0
2024-05-02,CNC/CVS,-0.001,-0.0,1.0,27,0.2095157439039839,-0.0002095157439039
2024-05-03,MS/STT,0.0003030726247151,0.0003030726247151,0.0,27,0.3461477080436481,0.0001049078944159
2024-05-03,META/MSFT,0.0102294167374977,0.0102294167374977,0.0,27,0.2697288018871833,0.0027591683206099
2024-05-03,ADBE/NOW,0.0,0.0,0.0,27,0.1746077461651846,0.0
2024-05-03,CNC/CVS,0.0061241733311328,0.0071241733311328,1.0,27,0.2095157439039839,0.0012831107312692
2024-05-06,MS/STT,0.0038107996353685,0.0038107996353685,0.0,27,0.3461477080436481,0.0013190995595963
2024-05-06,META/MSFT,0.0044625030890518,0.0044625030890518,0.0,27,0.2697288018871833,0.0012036656116277
2024-05-06,ADBE/NOW,0.0,0.0,0.0,27,0.1746077461651846,0.0
2024-05-06,CNC/CVS,-0.0005499687534357,-0.0005499687534357,0.0,27,0.2095157439039839,-0.0001152271125
2024-05-07,MS/STT,0.0052407197230832,0.0052407197230832,0.0,27,0.3461477080436481,0.0018140631206443
2024-05-07,META/MSFT,-0.0089252378088937,-0.0089252378088937,0.0,27,0.2697288018871833,-0.002407393700751
2024-05-07,ADBE/NOW,0.0,0.0,0.0,27,0.1746077461651846,0.0
2024-05-07,CNC/CVS,-0.0060022147107101,-0.0060022147107101,0.0,27,0.2095157439039839,-0.0012575584801858
2024-05-08,MS/STT,-0.0008059592108539,-0.0008059592108539,0.0,27,0.3461477080436481,-0.0002789809336137
2024-05-08,META/MSFT,-0.0003009745075579,-0.0003009745075579,0.0,27,0.2697288018871833,-8.118149332217735e-05
2024-05-08,ADBE/NOW,-0.0,-0.0,0.0,27,0.1746077461651846,-0.0
2024-05-08,CNC/CVS,-0.0100311241963629,-0.0100311241963629,0.0,27,0.2095157439039839,-0.0021016784481942
2024-05-09,MS/STT,-0.001,0.0,1.0,27,0.3461477080436481,-0.0003461477080436
2024-05-09,META/MSFT,0.0016169353304707,0.0016169353304707,0.0,27,0.2697288018871833,0.0004361340294169
2024-05-09,ADBE/NOW,-0.0,-0.0,0.0,27,0.1746077461651846,-0.0
2024-05-09,CNC/CVS,0.0023089538741891,0.0023089538741891,0.0,27,0.2095157439039839,0.0004837621885907
2024-05-10,MS/STT,-0.0,-0.0,0.0,27,0.3461477080436481,-0.0
2024-05-10,META/MSFT,0.0038870879336572,0.0038870879336572,0.0,27,0.2697288018871833,0.0010484595711754
2024-05-10,ADBE/NOW,-0.0,-0.0,0.0,27,0.1746077461651846,-0.0
2024-05-10,CNC/CVS,0.001182902451568,0.001182902451568,0.0,27,0.2095157439039839,0.0002478366871061
2024-05-13,MS/STT,0.0,0.0,0.0,27,0.3461477080436481,0.0
2024-05-13,META/MSFT,0.0027337366313484,0.0027337366313484,0.0,27,0.2697288018871833,0.0007373675062487
2024-05-13,ADBE/NOW,0.0,0.0,0.0,27,0.1746077461651846,0.0
2024-05-13,CNC/CVS,0.0105938888000369,0.0105938888000369,0.0,27,0.2095157439039839,0.0022195864927758
2024-05-14,MS/STT,0.0,0.0,0.0,27,0.3461477080436481,0.0
2024-05-14,META/MSFT,0.0028800212037277,0.0028800212037277,0.0,27,0.2697288018871833,0.0007768246686911
2024-05-14,ADBE/NOW,-0.0,-0.0,0.0,27,0.1746077461651846,-0.0
2024-05-14,CNC/CVS,-0.0046446253707003,-0.0046446253707003,0.0,27,0.2095157439039839,-0.0009731221396975
2024-05-15,MS/STT,0.0,0.0,0.0,27,0.3461477080436481,0.0
2024-05-15,META/MSFT,0.0074192409825614,0.0074192409825614,0.0,27,0.2697288018871833,0.0020011829811385
2024-05-15,ADBE/NOW,-0.0,-0.0,0.0,27,0.1746077461651846,-0.0
2024-05-15,CNC/CVS,-0.0016685225687691,-0.0016685225687691,0.0,27,0.2095157439039839,-0.0003495817472162
2024-05-16,MS/STT,-0.0,-0.0,0.0,27,0.3461477080436481,-0.0
2024-05-16,META/MSFT,-0.001,0.0,1.0,27,0.2697288018871833,-0.0002697288018871
2024-05-16,ADBE/NOW,-0.0,-0.0,0.0,27,0.1746077461651846,-0.0
2024-05-16,CNC/CVS,0.0192508354493433,0.0192508354493433,0.0,27,0.2095157439039839,0.0040333531099423
2024-05-17,MS/STT,0.0,0.0,0.0,27,0.3461477080436481,0.0
2024-05-17,META/MSFT,-0.0,-0.0,0.0,27,0.2697288018871833,-0.0
2024-05-17,ADBE/NOW,-0.0,-0.0,0.0,27,0.1746077461651846,-0.0
2024-05-17,CNC/CVS,-0.0017526608490817,-0.0017526608490817,0.0,27,0.2095157439039839,-0.0003672100416067
2024-05-20,MS/STT,0.0,0.0,0.0,27,0.3461477080436481,0.0
2024-05-20,META/MSFT,0.0,0.0,0.0,27,0.2697288018871833,0.0
2024-05-20,ADBE/NOW,-0.0,-0.0,0.0,27,0.1746077461651846,-0.0
2024-05-20,CNC/CVS,-0.0014148588588442,-0.0014148588588442,0.0,27,0.2095157439039839,-0.0002964352063298
2024-05-21,MS/STT,0.0,0.0,0.0,27,0.3461477080436481,0.0
2024-05-21,META/MSFT,0.0,0.0,0.0,27,0.2697288018871833,0.0
2024-05-21,ADBE/NOW,-0.0,-0.0,0.0,27,0.1746077461651846,-0.0
2024-05-21,CNC/CVS,-0.0042716147720336,-0.0042716147720336,0.0,27,0.2095157439039839,-0.0008949705466338
2024-05-22,MS/STT,-0.0,-0.0,0.0,27,0.3461477080436481,-0.0
2024-05-22,META/MSFT,0.0,0.0,0.0,27,0.2697288018871833,0.0
2024-05-22,ADBE/NOW,0.0,0.0,0.0,27,0.1746077461651846,0.0
2024-05-22,CNC/CVS,0.0013279373730898,0.0013279373730898,0.0,27,0.2095157439039839,0.0002782237865808
2024-05-23,MS/STT,-0.0,-0.0,0.0,27,0.3461477080436481,-0.0
2024-05-23,META/MSFT,-0.0,-0.0,0.0,27,0.2697288018871833,-0.0
2024-05-23,ADBE/NOW,0.0,0.0,0.0,27,0.1746077461651846,0.0
2024-05-23,CNC/CVS,-0.0171918013970172,-0.0171918013970172,0.0,27,0.2095157439039839,-0.0036019530587456
2024-05-24,MS/STT,-0.0,-0.0,0.0,27,0.3461477080436481,-0.0
2024-05-24,META/MSFT,-0.0,-0.0,0.0,27,0.2697288018871833,-0.0
2024-05-24,ADBE/NOW,0.0,0.0,0.0,27,0.1746077461651846,0.0
2024-05-24,CNC/CVS,0.0094064008871627,0.0094064008871627,0.0,27,0.2095157439039839,0.0019707890793329
2024-05-28,MS/STT,0.0,0.0,0.0,27,0.3461477080436481,0.0
2024-05-28,META/MSFT,-0.0,-0.0,0.0,27,0.2697288018871833,-0.0
2024-05-28,ADBE/NOW,0.0,0.0,0.0,27,0.1746077461651846,0.0
2024-05-28,CNC/CVS,-0.0158798397317961,-0.0158798397317961,0.0,27,0.2095157439039839,-0.0033270764344832
2024-05-29,MS/STT,-0.0,-0.0,0.0,27,0.3461477080436481,-0.0
2024-05-29,META/MSFT,0.0,0.0,0.0,27,0.2697288018871833,0.0
2024-05-29,ADBE/NOW,-0.0,-0.0,0.0,27,0.1746077461651846,-0.0
2024-05-29,CNC/CVS,0.0099597697849294,0.0099597697849294,0.0,27,0.2095157439039839,0.0020867285756019
2024-05-30,MS/STT,-0.0034765426982136,-0.0024765426982136,1.0,27,0.3461477080436481,-0.0012033972869025
2024-05-30,META/MSFT,-0.0,-0.0,0.0,27,0.2697288018871833,-0.0
2024-05-30,ADBE/NOW,0.0,0.0,0.0,27,0.1746077461651846,0.0
2024-05-30,CNC/CVS,0.0372537634464609,0.0372537634464609,0.0,27,0.2095157439039839,0.0078052499617082
2024-05-31,MS/STT,-0.0032385058159842,-0.0032385058159842,0.0,27,0.3461477080436481,-0.0011210013656889
2024-05-31,META/MSFT,-6.084109388884262e-05,0.0009391589061111,1.0,27,0.2697288018871833,-1.6410595360143147e-05
2024-05-31,ADBE/NOW,-0.0,-0.0,0.0,27,0.1746077461651846,-0.0
2024-05-31,CNC/CVS,-0.001,0.0,1.0,27,0.2095157439039839,-0.0002095157439039
2024-06-03,MS/STT,-0.0013343531281386,-0.0013343531281386,0.0,27,0.3461477080436481,-0.000461883277026
2024-06-03,META/MSFT,-0.0089211246638948,-0.0089211246638948,0.0,27,0.2697288018871833,-0.0024062842670785
2024-06-03,ADBE/NOW,-0.0,-0.0,0.0,27,0.1746077461651846,-0.0
2024-06-03,CNC/CVS,-0.0100559018433881,-0.0090559018433881,1.0,27,0.2095157439039839,-0.0021068697553429
2024-06-04,MS/STT,-0.0016710794108847,-0.0016710794108847,0.0,27,0.3461477080436481,-0.0005784403080366
2024-06-04,META/MSFT,0.0048092330521512,0.0048092330521512,0.0,27,0.2697288018871833,0.0012971886691529
2024-06-04,ADBE/NOW,0.0,0.0,0.0,27,0.1746077461651846,0.0
2024-06-04,CNC/CVS,-0.0049023414518079,-0.0049023414518079,0.0,27,0.2095157439039839,-0.0010271177161468
2024-06-05,MS/STT,0.0013414411692364,0.0013414411692364,0.0,27,0.3461477080436481,0.0004643367862065
2024-06-05,META/MSFT,0.0039900743609034,0.0039900743609034,0.0,27,0.2697288018871833,0.0010762379768072
2024-06-05,ADBE/NOW,-0.0,-0.0,0.0,27,0.1746077461651846,-0.0
2024-06-05,CNC/CVS,-0.0069812789443783,-0.0069812789443783,0.0,27,0.2095157439039839,-0.0014626878514326
2024-06-06,MS/STT,0.0011466315764992,0.0011466315764992,0.0,27,0.3461477080436481,0.0003969038921756
2024-06-06,META/MSFT,0.0015800431508749,0.0015800431508749,0.0,27,0.2697288018871833,0.0004261831460155
2024-06-06,ADBE/NOW,0.0,0.0,0.0,27,0.1746077461651846,0.0
2024-06-06,CNC/CVS,0.0005946236163598,0.0005946236163598,0.0,27,0.2095157439039839,0.0001245830093245
2024-06-07,MS/STT,0.0004651707368274,0.0004651707368274,0.0,27,0.3461477080436481,0.0001610177844017
2024-06-07,META/MSFT,-0.0007295934171997,-0.0007295934171997,0.0,27,0.2697288018871833,-0.000196792358286
2024-06-07,ADBE/NOW,0.0,0.0,0.0,27,0.1746077461651846,0.0
2024-06-07,CNC/CVS,-0.0122687919801392,-0.0122687919801392,0.0,27,0.2095157439039839,-0.002570505078522
2024-06-10,MS/STT,-0.0025704126892758,-0.0025704126892758,0.0,27,0.3461477080436481,-0.0008897424611191
2024-06-10,META/MSFT,0.0017785350816837,0.0017785350816837,0.0,27,0.2697288018871833,0.0004797221366968
2024-06-10,ADBE/NOW,-0.0,-0.0,0.0,27,0.1746077461651846,-0.0
2024-06-10,CNC/CVS,0.0167937094949739,0.0167937094949739,0.0,27,0.2095157439039839,0.0035185465377468
2024-06-11,MS/STT,0.0108113087959357,0.0108113087959357,0.0,27,0.3461477080436481,0.0037423097606652
2024-06-11,META/MSFT,0.0056846266142399,0.0056846266142399,0.0,27,0.2697288018871833,0.0015333075258349
2024-06-11,ADBE/NOW,0.0,0.0,0.0,27,0.1746077461651846,0.0
2024-06-11,CNC/CVS,0.0005810737299551,0.0005810737299551,0.0,27,0.2095157439039839,0.0001217440947946
2024-06-12,MS/STT,-0.0041287598927265,-0.0041287598927265,0.0,27,0.3461477080436481,-0.0014291607739298
2024-06-12,META/MSFT,0.0134992484919834,0.0134992484919834,0.0,27,0.2697288018871833,0.00364113612212
2024-06-12,ADBE/NOW,-0.0,-0.0,0.0,27,0.1746077461651846,-0.0
2024-06-12,CNC/CVS,-0.0069077085080031,-0.0069077085080031,0.0,27,0.2095157439039839,-0.0014472736867261
2024-06-13,MS/STT,0.0001119140462818,0.0001119140462818,0.0,27,0.3461477080436481,3.873879061833584e-05
2024-06-13,META/MSFT,0.0033509435675688,0.0033509435675688,0.0,27,0.2697288018871833,0.0009038459936718
2024-06-13,ADBE/NOW,0.0,0.0,0.0,27,0.1746077461651846,0.0
2024-06-13,CNC/CVS,-0.0060124620309657,-0.0060124620309657,0.0,27,0.2095157439039839,-0.0012597054551122
2024-06-14,MS/STT,0.0056159772024099,0.0056159772024099,0.0,27,0.3461477080436481,0.0019439576370395
2024-06-14,META/MSFT,0.0013443218005759,0.0013443218005759,0.0,27,0.2697288018871833,0.0003626023086201
2024-06-14,ADBE/NOW,0.0,0.0,0.0,27,0.1746077461651846,0.0
2024-06-14,CNC/CVS,0.0088737055092219,0.0088737055092219,0.0,27,0.2095157439039839,0.0018591810109495
2024-06-17,MS/STT,0.0054348553068912,0.0054348553068912,0.0,27,0.3461477080436481,0.0018812627080292
2024-06-17,META/MSFT,0.0082794338151762,0.0082794338151762,0.0,27,0.2697288018871833,0.0022332017632717
2024-06-17,ADBE/NOW,-0.0,-0.0,0.0,27,0.1746077461651846,-0.0
2024-06-17,CNC/CVS,-0.0132355815121819,-0.0132355815121819,0.0,27,0.2095157439039839,-0.0027730627065266
2024-06-18,MS/STT,-0.0002651401548112,-0.0002651401548112,0.0,27,0.3461477080436481,-9.177765689823492e-05
2024-06-18,META/MSFT,0.0004764731326115,0.0004764731326115,0.0,27,0.2697288018871833,0.0001285185271907
2024-06-18,ADBE/NOW,0.0,0.0,0.0,27,0.1746077461651846,0.0
2024-06-18,CNC/CVS,-0.0074483305554029,-0.0074483305554029,0.0,27,0.2095157439039839,-0.001560542517158
2024-06-20,MS/STT,-0.0009735566939515,-0.0009735566939515,0.0,27,0.3461477080436481,-0.0003369944182618
2024-06-20,META/MSFT,-0.0022385165624024,-0.0022385165624024,0.0,27,0.2697288018871833,-0.0006037923903814
2024-06-20,ADBE/NOW,-0.0,-0.0,0.0,27,0.1746077461651846,-0.0
2024-06-20,CNC/CVS,0.0052723482261102,0.0052723482261102,0.0,27,0.2095157439039839,0.0011046399607143
2024-06-21,MS/STT,-0.0071359576166974,-0.0071359576166974,0.0,27,0.3461477080436481,-0.0024700953737164
2024-06-21,META/MSFT,0.010402775942182,0.010402775942182,0.0,27,0.2697288018871833,0.0028059282911855
2024-06-21,ADBE/NOW,0.0,0.0,0.0,27,0.1746077461651846,0.0
2024-06-21,CNC/CVS,-0.0020610792569875,-0.0020610792569875,0.0,27,0.2095157439039839,-0.0004318285537728
2024-06-24,MS/STT,0.0021694574541424,0.0021694574541424,0.0,27,0.3461477080436481,0.0007509527254495
2024-06-24,META/MSFT,-0.0056771511384756,-0.0056771511384756,0.0,27,0.2697288018871833,-0.0015312911747134
2024-06-24,ADBE/NOW,-0.0,-0.0,0.0,27,0.1746077461651846,-0.0
2024-06-24,CNC/CVS,-0.0035099142839619,-0.0035099142839619,0.0,27,0.2095157439039839,-0.0007353823022434
2024-06-25,MS/STT,0.0063210149630454,0.0063210149630454,0.0,27,0.3461477080436481,0.0021880048419677
2024-06-25,META/MSFT,-0.0009688766028263,-0.0009688766028263,0.0,27,0.2697288018871833,-0.0002613339252568
2024-06-25,ADBE/NOW,-0.0,-0.0,0.0,27,0.1746077461651846,-0.0
2024-06-25,CNC/CVS,0.0125045021289758,0.0125045021289758,0.0,27,0.2095157439039839,0.0026198900657013
2024-06-26,MS/STT,-0.0071753771195848,-0.0071753771195848,0.0,27,0.3461477080436481,-0.0024837403442931
2024-06-26,META/MSFT,0.0006287138055999,0.0006287138055999,0.0,27,0.2697288018871833,0.0001695822215143
2024-06-26,ADBE/NOW,0.0,0.0,0.0,27,0.1746077461651846,0.0
2024-06-26,CNC/CVS,-0.0018283106228018,-0.0018283106228018,0.0,27,0.2095157439039839,-0.0003830598602238
2024-06-27,MS/STT,-0.001,-0.0,1.0,27,0.3461477080436481,-0.0003461477080436
2024-06-27,META/MSFT,-0.002270181415196,-0.002270181415196,0.0,27,0.2697288018871833,-0.0006123333131873
2024-06-27,ADBE/NOW,0.0,0.0,0.0,27,0.1746077461651846,0.0
2024-06-27,CNC/CVS,0.0240353628788658,0.0240353628788658,0.0,27,0.2095157439039839,0.0050357869335677
2024-06-28,MS/STT,0.0,0.0,0.0,27,0.3461477080436481,0.0
2024-06-28,META/MSFT,-0.001,-0.0,1.0,27,0.2697288018871833,-0.0002697288018871
2024-06-28,ADBE/NOW,0.0,0.0,0.0,27,0.1746077461651846,0.0
2024-06-28,CNC/CVS,-0.0132133446052245,-0.0132133446052245,0.0,27,0.2095157439039839,-0.0027684037244233
2024-07-01,MS/STT,0.0,0.0,0.0,27,0.3461477080436481,0.0
2024-07-01,META/MSFT,0.0,0.0,0.0,27,0.2697288018871833,0.0
2024-07-01,ADBE/NOW,0.0,0.0,0.0,27,0.1746077461651846,0.0
2024-07-01,CNC/CVS,-0.001,-0.0,1.0,27,0.2095157439039839,-0.0002095157439039
2024-07-02,MS/STT,0.0,0.0,0.0,27,0.3461477080436481,0.0
2024-07-02,META/MSFT,0.0,0.0,0.0,27,0.2697288018871833,0.0
2024-07-02,ADBE/NOW,0.0,0.0,0.0,27,0.1746077461651846,0.0
2024-07-02,CNC/CVS,-0.0,-0.0,0.0,27,0.2095157439039839,-0.0
2024-07-03,MS/STT,0.0,0.0,0.0,27,0.3461477080436481,0.0
2024-07-03,META/MSFT,0.0,0.0,0.0,27,0.2697288018871833,0.0
2024-07-03,ADBE/NOW,0.0,0.0,0.0,27,0.1746077461651846,0.0
2024-07-03,CNC/CVS,-0.0,-0.0,0.0,27,0.2095157439039839,-0.0
2024-07-05,MS/STT,-0.0,-0.0,0.0,27,0.3461477080436481,-0.0
2024-07-05,META/MSFT,-0.0,-0.0,0.0,27,0.2697288018871833,-0.0
2024-07-05,ADBE/NOW,-0.0,-0.0,0.0,27,0.1746077461651846,-0.0
2024-07-05,CNC/CVS,0.0,0.0,0.0,27,0.2095157439039839,0.0
2024-07-08,MS/STT,0.0,0.0,0.0,27,0.3461477080436481,0.0
2024-07-08,META/MSFT,0.0,0.0,0.0,27,0.2697288018871833,0.0
2024-07-08,ADBE/NOW,0.0,0.0,0.0,27,0.1746077461651846,0.0
2024-07-08,CNC/CVS,0.0,0.0,0.0,27,0.2095157439039839,0.0
2024-07-09,MS/STT,0.0,0.0,0.0,27,0.3461477080436481,0.0
2024-07-09,META/MSFT,-0.0,-0.0,0.0,27,0.2697288018871833,-0.0
2024-07-09,ADBE/NOW,0.0,0.0,0.0,27,0.1746077461651846,0.0
2024-07-09,CNC/CVS,0.0,0.0,0.0,27,0.2095157439039839,0.0
2024-07-10,MS/STT,-0.0,-0.0,0.0,28,0.3151054608070323,-0.0
2024-07-10,META/MSFT,0.0,0.0,0.0,28,0.23144053062146,0.0
2024-07-10,INTC/MU,-0.0,-0.0,0.0,28,0.1698116194004306,-0.0
2024-07-10,INTU/NOW,-0.0,-0.0,0.0,28,0.2836423891710771,-0.0
2024-07-11,MS/STT,0.0,0.0,0.0,28,0.3151054608070323,0.0
2024-07-11,META/MSFT,-0.0,-0.0,0.0,28,0.23144053062146,-0.0
2024-07-11,INTC/MU,-0.0,-0.0,0.0,28,0.1698116194004306,-0.0
2024-07-11,INTU/NOW,-0.0,-0.0,0.0,28,0.2836423891710771,-0.0
2024-07-12,MS/STT,-0.0,-0.0,0.0,28,0.3151054608070323,-0.0
2024-07-12,META/MSFT,0.0,0.0,0.0,28,0.23144053062146,0.0
2024-07-12,INTC/MU,0.0,0.0,0.0,28,0.1698116194004306,0.0
2024-07-12,INTU/NOW,0.0,0.0,0.0,28,0.2836423891710771,0.0
2024-07-15,MS/STT,0.0,0.0,0.0,28,0.3151054608070323,0.0
2024-07-15,META/MSFT,0.0,0.0,0.0,28,0.23144053062146,0.0
2024-07-15,INTC/MU,0.0,0.0,0.0,28,0.1698116194004306,0.0
2024-07-15,INTU/NOW,0.0,0.0,0.0,28,0.2836423891710771,0.0
2024-07-16,MS/STT,-0.0,-0.0,0.0,28,0.3151054608070323,-0.0
2024-07-16,META/MSFT,-0.0,-0.0,0.0,28,0.23144053062146,-0.0
2024-07-16,INTC/MU,0.0,0.0,0.0,28,0.1698116194004306,0.0
2024-07-16,INTU/NOW,0.0,0.0,0.0,28,0.2836423891710771,0.0
2024-07-17,MS/STT,0.0008598602472718,0.0018598602472718,1.0,28,0.3151054608070323,0.0002709466594462
2024-07-17,META/MSFT,0.0,0.0,0.0,28,0.23144053062146,0.0
2024-07-17,INTC/MU,0.0,0.0,0.0,28,0.1698116194004306,0.0
2024-07-17,INTU/NOW,0.0,0.0,0.0,28,0.2836423891710771,0.0
2024-07-18,MS/STT,-0.0077009324590793,-0.0077009324590793,0.0,28,0.3151054608070323,-0.002426605871162
2024-07-18,META/MSFT,-0.0,-0.0,0.0,28,0.23144053062146,-0.0
2024-07-18,INTC/MU,0.0,0.0,0.0,28,0.1698116194004306,0.0
2024-07-18,INTU/NOW,-0.0,-0.0,0.0,28,0.2836423891710771,-0.0
2024-07-19,MS/STT,-0.0166442488049027,-0.0166442488049027,0.0,28,0.3151054608070323,-0.0052446936894557
2024-07-19,META/MSFT,-0.0069359802273125,-0.0059359802273125,1.0,28,0.23144053062146,-0.0016052669441891
2024-07-19,INTC/MU,-0.0,-0.0,0.0,28,0.1698116194004306,-0.0
2024-07-19,INTU/NOW,-0.0,-0.0,0.0,28,0.2836423891710771,-0.0
2024-07-22,MS/STT,0.0043411957946424,0.0043411957946424,0.0,28,0.3151054608070323,0.0013679345013243
2024-07-22,META/MSFT,0.0037389655480553,0.0037389655480553,0.0,28,0.23144053062146,0.0008653481704172
2024-07-22,INTC/MU,0.0,0.0,0.0,28,0.1698116194004306,0.0
2024-07-22,INTU/NOW,0.0,0.0,0.0,28,0.2836423891710771,0.0
2024-07-23,MS/STT,0.0072409414905188,0.0072409414905188,0.0,28,0.3151054608070323,0.0022816602050466
2024-07-23,META/MSFT,0.0024365841404149,0.0024365841404149,0.0,28,0.23144053062146,0.0005639243263614
2024-07-23,INTC/MU,-0.0,-0.0,0.0,28,0.1698116194004306,-0.0
2024-07-23,INTU/NOW,-0.0,-0.0,0.0,28,0.2836423891710771,-0.0
2024-07-24,MS/STT,-0.0052079468643841,-0.0052079468643841,0.0,28,0.3151054608070323,-0.0016410524965602
2024-07-24,META/MSFT,-0.0110614605241913,-0.0110614605241913,0.0,28,0.23144053062146,-0.0025600702931671
2024-07-24,INTC/MU,-0.0,-0.0,0.0,28,0.1698116194004306,-0.0
2024-07-24,INTU/NOW,0.0,0.0,0.0,28,0.2836423891710771,0.0
2024-07-25,MS/STT,0.000675080027741,0.000675080027741,0.0,28,0.3151054608070323,0.0002127214032229
2024-07-25,META/MSFT,-0.013299741135816,-0.013299741135816,0.0,28,0.23144053062146,-0.0030780991456013
2024-07-25,INTC/MU,-0.0,-0.0,0.0,28,0.1698116194004306,-0.0
2024-07-25,INTU/NOW,-0.0,-0.0,0.0,28,0.2836423891710771,-0.0
2024-07-26,MS/STT,0.00194136599921,0.00194136599921,0.0,28,0.3151054608070323,0.0006117350277761
2024-07-26,META/MSFT,0.0047248501720796,0.0047248501720796,0.0,28,0.23144053062146,0.0010935218309329
2024-07-26,INTC/MU,0.0,0.0,0.0,28,0.1698116194004306,0.0
2024-07-26,INTU/NOW,0.0,0.0,0.0,28,0.2836423891710771,0.0
2024-07-29,MS/STT,-0.0084506064391369,-0.0084506064391369,0.0,28,0.3151054608070323,-0.0026628322361031
2024-07-29,META/MSFT,0.0025060316657897,0.0025060316657897,0.0,28,0.23144053062146,0.0005799972984845
2024-07-29,INTC/MU,-0.0,-0.0,0.0,28,0.1698116194004306,-0.0
2024-07-29,INTU/NOW,0.0,0.0,0.0,28,0.2836423891710771,0.0
2024-07-30,MS/STT,0.0041838944088569,0.0041838944088569,0.0,28,0.3151054608070323,0.0013183679756708
2024-07-30,META/MSFT,-0.0050804174916442,-0.0050804174916442,0.0,28,0.23144053062146,-0.0011758145200446
2024-07-30,INTC/MU,-0.0,-0.0,0.0,28,0.1698116194004306,-0.0
2024-07-30,INTU/NOW,-0.0,-0.0,0.0,28,0.2836423891710771,-0.0
2024-07-31,MS/STT,0.005512904952556,0.005512904952556,0.0,28,0.3151054608070323,0.0017371464554605
2024-07-31,META/MSFT,-0.0146457640828643,-0.0146457640828643,0.0,28,0.23144053062146,-0.0033896234106948
2024-07-31,INTC/MU,-0.0,-0.0,0.0,28,0.1698116194004306,-0.0
2024-07-31,INTU/NOW,0.0,0.0,0.0,28,0.2836423891710771,0.0
2024-08-01,MS/STT,-0.002617589742175,-0.002617589742175,0.0,28,0.3151054608070323,-0.0008248168219118
2024-08-01,META/MSFT,-0.0150524914468727,-0.0150524914468727,0.0,28,0.23144053062146,-0.0034837566076392
2024-08-01,INTC/MU,-0.0,-0.0,0.0,28,0.1698116194004306,-0.0
2024-08-01,INTU/NOW,-0.0,-0.0,0.0,28,0.2836423891710771,-0.0
2024-08-02,MS/STT,-0.0233438976197794,-0.0233438976197794,0.0,28,0.3151054608070323,-0.0073557896165127
2024-08-02,META/MSFT,-0.0100798989999124,-0.0100798989999124,0.0,28,0.23144053062146,-0.0023328971731504
2024-08-02,INTC/MU,-0.0,-0.0,0.0,28,0.1698116194004306,-0.0
2024-08-02,INTU/NOW,-0.0,-0.0,0.0,28,0.2836423891710771,-0.0
2024-08-05,MS/STT,-0.0063071295281268,-0.0063071295281268,0.0,28,0.3151054608070323,-0.00198741095633
2024-08-05,META/MSFT,-0.0173477765818857,-0.0173477765818857,0.0,28,0.23144053062146,-0.0040149786172141
2024-08-05,INTC/MU,-0.0,-0.0,0.0,28,0.1698116194004306,-0.0
2024-08-05,INTU/NOW,-0.0,-0.0,0.0,28,0.2836423891710771,-0.0
2024-08-06,MS/STT,0.0059186930982109,0.0059186930982109,0.0,28,0.3151054608070323,0.0018650125160871
2024-08-06,META/MSFT,-0.0017939674118492,-0.0017939674118492,0.0,28,0.23144053062146,-0.0004151967697159
2024-08-06,INTC/MU,-0.0060256585052442,-0.0050256585052442,1.0,28,0.1698116194004306,-0.0010232268287294
2024-08-06,INTU/NOW,0.0,0.0,0.0,28,0.2836423891710771,0.0
2024-08-07,MS/STT,-0.002454885407336,-0.002454885407336,0.0,28,0.3151054608070323,-0.000773547797507
2024-08-07,META/MSFT,0.0005493155153628,0.0005493155153628,0.0,28,0.23144053062146,0.0001271338743541
2024-08-07,INTC/MU,-0.0178983624275092,-0.0178983624275092,0.0,28,0.1698116194004306,-0.0030393499084311
2024-08-07,INTU/NOW,0.0,0.0,0.0,28,0.2836423891710771,0.0
2024-08-08,MS/STT,0.0104587135233242,0.0104587135233242,0.0,28,0.3151054608070323,0.0032955977442158
2024-08-08,META/MSFT,-0.0031292474790236,-0.0031292474790236,0.0,28,0.23144053062146,-0.000724234696991
2024-08-08,INTC/MU,0.0368072345993591,0.0368072345993591,0.0,28,0.1698116194004306,0.0062502961129687
2024-08-08,INTU/NOW,0.0,0.0,0.0,28,0.2836423891710771,0.0
2024-08-09,MS/STT,-0.0016902101450351,-0.0016902101450351,0.0,28,0.3151054608070323,-0.000532594446612
2024-08-09,META/MSFT,0.0019680193972985,0.0019680193972985,0.0,28,0.23144053062146,0.000455479453584
2024-08-09,INTC/MU,-0.0299185247539282,-0.0299185247539282,0.0,28,0.1698116194004306,-0.0050805131385364
2024-08-09,INTU/NOW,-0.0,-0.0,0.0,28,0.2836423891710771,-0.0
2024-08-12,MS/STT,0.004124216381895,0.004124216381895,0.0,28,0.3151054608070323,0.0012995631034849
2024-08-12,META/MSFT,0.002353358583107,0.002353358583107,0.0,28,0.23144053062146,0.0005446625592168
2024-08-12,INTC/MU,-0.0174603077427129,-0.0174603077427129,0.0,28,0.1698116194004306,-0.0029649631330199
2024-08-12,INTU/NOW,-0.0,-0.0,0.0,28,0.2836423891710771,-0.0
2024-08-13,MS/STT,-0.001,0.0,1.0,28,0.3151054608070323,-0.000315105460807
2024-08-13,META/MSFT,0.0067589935441253,0.0067589935441253,0.0,28,0.23144053062146,0.0015643050523193
2024-08-13,INTC/MU,0.0317432550727544,0.0317432550727544,0.0,28,0.1698116194004306,0.0053903735489453
2024-08-13,INTU/NOW,0.0,0.0,0.0,28,0.2836423891710771,0.0
2024-08-14,MS/STT,0.0,0.0,0.0,28,0.3151054608070323,0.0
2024-08-14,META/MSFT,0.0059684100382328,0.0059684100382328,0.0,28,0.23144053062146,0.001381331986215
2024-08-14,INTC/MU,-0.027932800392633,-0.027932800392633,0.0,28,0.1698116194004306,-0.0047433140690619
2024-08-14,INTU/NOW,-0.0,-0.0,0.0,28,0.2836423891710771,-0.0
2024-08-15,MS/STT,-0.0005629899037364,0.0004370100962635,1.0,28,0.3151054608070323,-0.0001774011930465
2024-08-15,META/MSFT,-0.001,0.0,1.0,28,0.23144053062146,-0.0002314405306214
2024-08-15,INTC/MU,0.008347474507469,0.008347474507469,0.0,28,0.1698116194004306,0.0014174981640171
2024-08-15,INTU/NOW,0.0,0.0,0.0,28,0.2836423891710771,0.0
2024-08-16,MS/STT,-0.0018330720676032,-0.0018330720676032,0.0,28,0.3151054608070323,-0.0005776110185546
2024-08-16,META/MSFT,0.0,0.0,0.0,28,0.23144053062146,0.0
2024-08-16,INTC/MU,0.0033391166873317,0.0033391166873317,0.0,28,0.1698116194004306,0.0005670208120427
2024-08-16,INTU/NOW,0.0,0.0,0.0,28,0.2836423891710771,0.0
2024-08-19,MS/STT,-0.002682287207937,-0.002682287207937,0.0,28,0.3151054608070323,-0.0008452033466737
2024-08-19,META/MSFT,0.0,0.0,0.0,28,0.23144053062146,0.0
2024-08-19,INTC/MU,0.0203652335359838,0.0203652335359838,0.0,28,0.1698116194004306,0.0034582532862133
2024-08-19,INTU/NOW,0.0,0.0,0.0,28,0.2836423891710771,0.0
2024-08-20,MS/STT,0.0029876478393946,0.0029876478393946,0.0,28,0.3151054608070323,0.0009414241491615
2024-08-20,META/MSFT,0.0,0.0,0.0,28,0.23144053062146,0.0
2024-08-20,INTC/MU,-0.0157006271152924,-0.0157006271152924,0.0,28,0.1698116194004306,-0.0026661489160501
2024-08-20,INTU/NOW,0.0,0.0,0.0,28,0.2836423891710771,0.0
2024-08-21,MS/STT,0.0023854257656708,0.0023854257656708,0.0,28,0.3151054608070323,0.0007516606851126
2024-08-21,META/MSFT,-0.0,-0.0,0.0,28,0.23144053062146,-0.0
2024-08-21,INTC/MU,0.0132423546224917,0.0132423546224917,0.0,28,0.1698116194004306,0.00224870568312
2024-08-21,INTU/NOW,0.0,0.0,0.0,28,0.2836423891710771,0.0
2024-08-22,MS/STT,0.0092698009675546,0.0092698009675546,0.0,28,0.3151054608070323,0.0029209649054707
2024-08-22,META/MSFT,-0.0,-0.0,0.0,28,0.23144053062146,-0.0
2024-08-22,INTC/MU,-0.0322570966684423,-0.0322570966684423,0.0,28,0.1698116194004306,-0.0054776298224244
2024-08-22,INTU/NOW,0.0,0.0,0.0,28,0.2836423891710771,0.0
2024-08-23,MS/STT,-0.0011185325641432,-0.0011185325641432,0.0,28,0.3151054608070323,-0.000352455719052
2024-08-23,META/MSFT,0.0,0.0,0.0,28,0.23144053062146,0.0
2024-08-23,INTC/MU,0.0194477302160734,0.0194477302160734,0.0,28,0.1698116194004306,0.0033024505616541
2024-08-23,INTU/NOW,-0.0,-0.0,0.0,28,0.2836423891710771,-0.0
2024-08-26,MS/STT,-0.0001473293349193,-0.0001473293349193,0.0,28,0.3151054608070323,-4.642427797013962e-05
2024-08-26,META/MSFT,-0.0,-0.0,0.0,28,0.23144053062146,-0.0
2024-08-26,INTC/MU,-0.0029434225492718,-0.0029434225492718,0.0,28,0.1698116194004306,-0.0004998273496715
2024-08-26,INTU/NOW,-0.0034663917185376,-0.0024663917185376,1.0,28,0.2836423891710771,-0.0009832156288488
2024-08-27,MS/STT,0.0056238502144862,0.0056238502144862,0.0,28,0.3151054608070323,0.0017721059133454
2024-08-27,META/MSFT,0.0,0.0,0.0,28,0.23144053062146,0.0
2024-08-27,INTC/MU,0.0009900200360699,0.0009900200360699,0.0,28,0.1698116194004306,0.0001681169055639
2024-08-27,INTU/NOW,0.0071809381893197,0.0071809381893197,0.0,28,0.2836423891710771,0.0020368184645084
2024-08-28,MS/STT,-0.004073845516066,-0.004073845516066,0.0,28,0.3151054608070323,-0.0012836909685966
2024-08-28,META/MSFT,-0.0,-0.0,0.0,28,0.23144053062146,-0.0
2024-08-28,INTC/MU,-0.0072734987223482,-0.0072734987223482,0.0,28,0.1698116194004306,-0.0012351245967489
2024-08-28,INTU/NOW,-0.000631207959305,-0.000631207959305,0.0,28,0.2836423891710771,-0.000179037333641
2024-08-29,MS/STT,0.0029044794450196,0.0029044794450196,0.0,28,0.3151054608070323,0.0009152173339274
2024-08-29,META/MSFT,0.0,0.0,0.0,28,0.23144053062146,0.0
2024-08-29,INTC/MU,0.0165896611216633,0.0165896611216633,0.0,28,0.1698116194004306,0.002817117220374
2024-08-29,INTU/NOW,-0.0026384427754037,-0.0026384427754037,0.0,28,0.2836423891710771,-0.0007483742125066
2024-08-30,MS/STT,-0.0006253828087615,-0.0006253828087615,0.0,28,0.3151054608070323,-0.0001970615381355
2024-08-30,META/MSFT,0.0,0.0,0.0,28,0.23144053062146,0.0
2024-08-30,INTC/MU,0.0650950500138803,0.0650950500138803,0.0,28,0.1698116194004306,0.011053895857809
2024-08-30,INTU/NOW,-0.0039631694167676,-0.0039631694167676,0.0,28,0.2836423891710771,-0.0011241228420617
2024-09-03,MS/STT,0.0207010463228692,0.0207010463228692,0.0,28,0.3151054608070323,0.0065230127407554
2024-09-03,META/MSFT,-0.0,-0.0,0.0,28,0.23144053062146,-0.0
2024-09-03,INTC/MU,-0.001,-0.0,1.0,28,0.1698116194004306,-0.0001698116194004
2024-09-03,INTU/NOW,0.0035443289314643,0.0035443289314643,0.0,28,0.2836423891710771,0.0010053219261287
2024-09-04,MS/STT,-0.0057586485401921,-0.0057586485401921,0.0,28,0.3151054608070323,-0.0018145816018829
2024-09-04,META/MSFT,-0.0,-0.0,0.0,28,0.23144053062146,-0.0
2024-09-04,INTC/MU,-0.0,-0.0,0.0,28,0.1698116194004306,-0.0
2024-09-04,INTU/NOW,-0.0011776829697912,-0.0011776829697912,0.0,28,0.2836423891710771,-0.0003340408112376
2024-09-05,MS/STT,0.0003905972324581,0.0003905972324581,0.0,28,0.3151054608070323,0.0001230793209236
2024-09-05,META/MSFT,-0.0,-0.0,0.0,28,0.23144053062146,-0.0
2024-09-05,INTC/MU,-0.0,-0.0,0.0,28,0.1698116194004306,-0.0
2024-09-05,INTU/NOW,-0.0018469739452156,-0.0018469739452156,0.0,28,0.2836423891710771,-0.0005238801025576
2024-09-06,MS/STT,0.0097497067004894,0.0097497067004894,0.0,28,0.3151054608070323,0.0030721858225911
2024-09-06,META/MSFT,-0.0,-0.0,0.0,28,0.23144053062146,-0.0
2024-09-06,INTC/MU,-0.0,-0.0,0.0,28,0.1698116194004306,-0.0
2024-09-06,INTU/NOW,-0.0013470234860383,-0.0013470234860383,0.0,28,0.2836423891710771,-0.0003820729598494
2024-09-09,MS/STT,-0.008414350124112,-0.008414350124112,0.0,28,0.3151054608070323,-0.00265140767325
2024-09-09,META/MSFT,0.0,0.0,0.0,28,0.23144053062146,0.0
2024-09-09,INTC/MU,0.0,0.0,0.0,28,0.1698116194004306,0.0
2024-09-09,INTU/NOW,-0.0028056998387316,-0.0028056998387316,0.0,28,0.2836423891710771,-0.0007958154055547
2024-09-10,MS/STT,0.008208341273788,0.008208341273788,0.0,28,0.3151054608070323,0.0025864931595383
2024-09-10,META/MSFT,0.0,0.0,0.0,28,0.23144053062146,0.0
2024-09-10,INTC/MU,-0.0,-0.0,0.0,28,0.1698116194004306,-0.0
2024-09-10,INTU/NOW,0.0043320888872803,0.0043320888872803,0.0,28,0.2836423891710771,0.0012287640420896
2024-09-11,MS/STT,-0.0059811937627103,-0.0059811937627103,0.0,28,0.3151054608070323,-0.0018847068167749
2024-09-11,META/MSFT,0.0,0.0,0.0,28,0.23144053062146,0.0
2024-09-11,INTC/MU,0.0,0.0,0.0,28,0.1698116194004306,0.0
2024-09-11,INTU/NOW,0.0026678868697783,0.0026678868697783,0.0,28,0.2836423891710771,0.000756725805782
2024-09-12,MS/STT,-0.001,-0.0,1.0,28,0.3151054608070323,-0.000315105460807
2024-09-12,META/MSFT,-0.0008255781040632,0.0001744218959367,1.0,28,0.23144053062146,-0.0001910722344738
2024-09-12,INTC/MU,0.0,0.0,0.0,28,0.1698116194004306,0.0
2024-09-12,INTU/NOW,-0.0022461766814721,-0.0022461766814721,0.0,28,0.2836423891710771,-0.0006371109204331
2024-09-13,MS/STT,0.0,0.0,0.0,28,0.3151054608070323,0.0
2024-09-13,META/MSFT,-0.0066822162558115,-0.0066822162558115,0.0,28,0.23144053062146,-0.0015465356759723
2024-09-13,INTC/MU,-0.0,-0.0,0.0,28,0.1698116194004306,-0.0
2024-09-13,INTU/NOW,0.0115824153118473,0.0115824153118473,0.0,28,0.2836423891710771,0.003285263951424
2024-09-16,MS/STT,0.0,0.0,0.0,28,0.3151054608070323,0.0
2024-09-16,META/MSFT,0.0033405094521967,0.0033405094521967,0.0,28,0.23144053062146,0.0007731292801624
2024-09-16,INTC/MU,0.0,0.0,0.0,28,0.1698116194004306,0.0
2024-09-16,INTU/NOW,-0.0144328936906639,-0.0144328936906639,0.0,28,0.2836423891710771,-0.004093780449072
2024-09-17,MS/STT,-0.0,-0.0,0.0,28,0.3151054608070323,-0.0
2024-09-17,META/MSFT,-0.0049864847495159,-0.0049864847495159,0.0,28,0.23144053062146,-0.0011540746763637
2024-09-17,INTC/MU,0.0,0.0,0.0,28,0.1698116194004306,0.0
2024-09-17,INTU/NOW,0.0015733560037138,0.0015733560037138,0.0,28,0.2836423891710771,0.00044627045591
2024-09-18,MS/STT,-0.0,-0.0,0.0,28,0.3151054608070323,-0.0
2024-09-18,META/MSFT,0.0081353700210706,0.0081353700210706,0.0,28,0.23144053062146,0.0018828543544784
2024-09-18,INTC/MU,-0.0,-0.0,0.0,28,0.1698116194004306,-0.0
2024-09-18,INTU/NOW,-0.013089859195515,-0.013089859195515,0.0,28,0.2836423891710771,-0.0037128389361288
2024-09-19,MS/STT,-0.0,-0.0,0.0,28,0.3151054608070323,-0.0
2024-09-19,META/MSFT,-0.0030361101256055,-0.0030361101256055,0.0,28,0.23144053062146,-0.0007026789384953
2024-09-19,INTC/MU,0.0,0.0,0.0,28,0.1698116194004306,0.0
2024-09-19,INTU/NOW,0.0076403825241768,0.0076403825241768,0.0,28,0.2836423891710771,0.0021671363533384
2024-09-20,MS/STT,0.0,0.0,0.0,28,0.3151054608070323,0.0
2024-09-20,META/MSFT,0.0067969347638064,0.0067969347638064,0.0,28,0.23144053062146,0.0015730861883348
2024-09-20,INTC/MU,0.0,0.0,0.0,28,0.1698116194004306,0.0
2024-09-20,INTU/NOW,-0.0163171861399588,-0.0163171861399588,0.0,28,0.2836423891710771,-0.004628245661287
2024-09-23,MS/STT,-0.0,-0.0,0.0,28,0.3151054608070323,-0.0
2024-09-23,META/MSFT,0.0044156835791667,0.0044156835791667,0.0,28,0.23144053062146,0.0010219681506188
2024-09-23,INTC/MU,0.0,0.0,0.0,28,0.1698116194004306,0.0
2024-09-23,INTU/NOW,-0.001,0.0,1.0,28,0.2836423891710771,-0.000283642389171
2024-09-24,MS/STT,0.0,0.0,0.0,28,0.3151054608070323,0.0
2024-09-24,META/MSFT,0.006863872404699,0.006863872404699,0.0,28,0.23144053062146,0.0015885782714615
2024-09-24,INTC/MU,0.0,0.0,0.0,28,0.1698116194004306,0.0
2024-09-24,INTU/NOW,-0.0,-0.0,0.0,28,0.2836423891710771,-0.0
2024-09-25,MS/STT,0.0,0.0,0.0,28,0.3151054608070323,0.0
2024-09-25,META/MSFT,-0.0027188163484071,-0.0027188163484071,0.0,28,0.23144053062146,-0.0006292442983376
2024-09-25,INTC/MU,0.0,0.0,0.0,28,0.1698116194004306,0.0
2024-09-25,INTU/NOW,0.0,0.0,0.0,28,0.2836423891710771,0.0
2024-09-26,MS/STT,0.0,0.0,0.0,28,0.3151054608070323,0.0
2024-09-26,META/MSFT,0.0011466536675864,0.0011466536675864,0.0,28,0.23144053062146,0.0002653821332652
2024-09-26,INTC/MU,-0.0,-0.0,0.0,28,0.1698116194004306,-0.0
2024-09-26,INTU/NOW,0.0,0.0,0.0,28,0.2836423891710771,0.0
2024-09-27,MS/STT,0.0023586512547083,0.0033586512547083,1.0,28,0.3151054608070323,0.0007432238904979
2024-09-27,META/MSFT,0.0053997770372023,0.0053997770372023,0.0,28,0.23144053062146,0.0012497272627276
2024-09-27,INTC/MU,0.0,0.0,0.0,28,0.1698116194004306,0.0
2024-09-27,INTU/NOW,-0.0,-0.0,0.0,28,0.2836423891710771,-0.0
2024-09-30,MS/STT,0.0004161712515717,0.0004161712515717,0.0,28,0.3151054608070323,0.0001311378340011
2024-09-30,META/MSFT,-0.0015769505069669,-0.0015769505069669,0.0,28,0.23144053062146,-0.0003649702620961
2024-09-30,INTC/MU,-0.0,-0.0,0.0,28,0.1698116194004306,-0.0
2024-09-30,INTU/NOW,-0.0,-0.0,0.0,28,0.2836423891710771,-0.0
2024-10-01,MS/STT,-0.0057302631219536,-0.0057302631219536,0.0,28,0.3151054608070323,-0.0018056372015887
2024-10-01,META/MSFT,0.0183191923428286,0.0183191923428286,0.0,28,0.23144053062146,0.0042398035963808
2024-10-01,INTC/MU,-0.0,-0.0,0.0,28,0.1698116194004306,-0.0
2024-10-01,INTU/NOW,-0.0,-0.0,0.0,28,0.2836423891710771,-0.0
2024-10-02,MS/STT,-0.0035334273456803,-0.0035334273456803,0.0,28,0.3151054608070323,-0.0011134022519887
2024-10-02,META/MSFT,0.0045919670973644,0.0045919670973644,0.0,28,0.23144053062146,0.0010627673016103
2024-10-02,INTC/MU,-0.0,-0.0,0.0,28,0.1698116194004306,-0.0
2024-10-02,INTU/NOW,-0.0,-0.0,0.0,28,0.2836423891710771,-0.0
2024-10-03,MS/STT,-0.0004282544140976,-0.0004282544140976,0.0,28,0.3151054608070323,-0.0001349453044968
2024-10-03,META/MSFT,0.005575698991853,0.005575698991853,0.0,28,0.23144053062146,0.0012904427332599
2024-10-03,INTC/MU,-0.0,-0.0,0.0,28,0.1698116194004306,-0.0
2024-10-03,INTU/NOW,-0.0,-0.0,0.0,28,0.2836423891710771,-0.0
2024-10-04,MS/STT,-0.0133111656947241,-0.0133111656947241,0.0,28,0.3151054608070323,-0.0041944210001147
2024-10-04,META/MSFT,0.0067215609958147,0.0067215609958147,0.0,28,0.23144053062146,0.0015556416434758
2024-10-04,INTC/MU,0.0,0.0,0.0,28,0.1698116194004306,0.0
2024-10-04,INTU/NOW,-0.0,-0.0,0.0,28,0.2836423891710771,-0.0
2024-10-07,MS/STT,0.002072474135843,0.002072474135843,0.0,28,0.3151054608070323,0.0006530479175854
2024-10-07,META/MSFT,0.0067706109938914,0.0067706109938914,0.0,28,0.23144053062146,0.0015669938010577
2024-10-07,INTC/MU,-0.0,-0.0,0.0,28,0.1698116194004306,-0.0
2024-10-07,INTU/NOW,-0.0,-0.0,0.0,28,0.2836423891710771,-0.0
2024-10-08,MS/STT,-0.0,-0.0,0.0,29,0.1424099203565829,-0.0
2024-10-08,META/MSFT,0.0,0.0,0.0,29,0.1575900796434171,0.0
2024-10-08,IEMG/VWO,-0.0,-0.0,0.0,29,0.35,-0.0
2024-10-08,IEFA/VEA,0.0,0.0,0.0,29,0.35,0.0
2024-10-09,MS/STT,0.0,0.0,0.0,29,0.1424099203565829,0.0
2024-10-09,META/MSFT,0.0,0.0,0.0,29,0.1575900796434171,0.0
2024-10-09,IEMG/VWO,-0.0018765568710303,-0.0008765568710303,1.0,29,0.35,-0.0006567949048606
2024-10-09,IEFA/VEA,-0.0,-0.0,0.0,29,0.35,-0.0
2024-10-10,MS/STT,-0.0,-0.0,0.0,29,0.1424099203565829,-0.0
2024-10-10,META/MSFT,0.0,0.0,0.0,29,0.1575900796434171,0.0
2024-10-10,IEMG/VWO,-3.925774565144247e-05,-3.925774565144247e-05,0.0,29,0.35,-1.3740210978004864e-05
2024-10-10,IEFA/VEA,0.0,0.0,0.0,29,0.35,0.0
2024-10-11,MS/STT,0.0,0.0,0.0,29,0.1424099203565829,0.0
2024-10-11,META/MSFT,-0.0,-0.0,0.0,29,0.1575900796434171,-0.0
2024-10-11,IEMG/VWO,0.0002256767764223,0.0002256767764223,0.0,29,0.35,7.8986871747805e-05
2024-10-11,IEFA/VEA,-0.0,-0.0,0.0,29,0.35,-0.0
2024-10-14,MS/STT,0.0,0.0,0.0,29,0.1424099203565829,0.0
2024-10-14,META/MSFT,0.0,0.0,0.0,29,0.1575900796434171,0.0
2024-10-14,IEMG/VWO,-0.0008333334821994,-0.0008333334821994,0.0,29,0.35,-0.0002916667187697
2024-10-14,IEFA/VEA,0.0,0.0,0.0,29,0.35,0.0
2024-10-15,MS/STT,-0.0,-0.0,0.0,29,0.1424099203565829,-0.0
2024-10-15,META/MSFT,0.0,0.0,0.0,29,0.1575900796434171,0.0
2024-10-15,IEMG/VWO,-0.0003076390463859,-0.0003076390463859,0.0,29,0.35,-0.000107673666235
2024-10-15,IEFA/VEA,0.0,0.0,0.0,29,0.35,0.0
2024-10-16,MS/STT,0.0,0.0,0.0,29,0.1424099203565829,0.0
2024-10-16,META/MSFT,-0.0,-0.0,0.0,29,0.1575900796434171,-0.0
2024-10-16,IEMG/VWO,0.0001961274024553,0.0001961274024553,0.0,29,0.35,6.8644590859355e-05
2024-10-16,IEFA/VEA,0.0,0.0,0.0,29,0.35,0.0
2024-10-17,MS/STT,-0.0020257778813286,-0.0010257778813286,1.0,29,0.1424099203565829,-0.0002884908667401
2024-10-17,META/MSFT,0.0,0.0,0.0,29,0.1575900796434171,0.0
2024-10-17,IEMG/VWO,-0.0003296806697598,-0.0003296806697598,0.0,29,0.35,-0.0001153882344159
2024-10-17,IEFA/VEA,-0.0010666844131633,-6.668441316336249e-05,1.0,29,0.35,-0.0003733395446071
2024-10-18,MS/STT,-0.0129919322749471,-0.0129919322749471,0.0,29,0.1424099203565829,-0.0018501800405533
2024-10-18,META/MSFT,0.0,0.0,0.0,29,0.1575900796434171,0.0
2024-10-18,IEMG/VWO,0.0021422476746355,0.0021422476746355,0.0,29,0.35,0.0007497866861224
2024-10-18,IEFA/VEA,0.0003768661154968,0.0003768661154968,0.0,29,0.35,0.0001319031404238
2024-10-21,MS/STT,0.0086421687918086,0.0086421687918086,0.0,29,0.1424099203565829,0.0012307305693496
2024-10-21,META/MSFT,0.0,0.0,0.0,29,0.1575900796434171,0.0
2024-10-21,IEMG/VWO,-0.0009008081591426,-0.0009008081591426,0.0,29,0.35,-0.0003152828556999
2024-10-21,IEFA/VEA,-0.000386735932374,-0.000386735932374,0.0,29,0.35,-0.0001353575763308
2024-10-22,MS/STT,-0.0016410675953798,-0.0016410675953798,0.0,29,0.1424099203565829,-0.0002337043055578
2024-10-22,META/MSFT,0.0,0.0,0.0,29,0.1575900796434171,0.0
2024-10-22,IEMG/VWO,0.0008133777509426,0.0008133777509426,0.0,29,0.35,0.0002846822128299
2024-10-22,IEFA/VEA,-8.119602833693711e-05,-8.119602833693711e-05,0.0,29,0.35,-2.8418609917927983e-05
2024-10-23,MS/STT,0.0070641495788226,0.0070641495788226,0.0,29,0.1424099203565829,0.0010060049789071
2024-10-23,META/MSFT,-0.0045070069843598,-0.0035070069843598,1.0,29,0.1575900796434171,-0.0007102595896186
2024-10-23,IEMG/VWO,-0.000476727278963,-0.000476727278963,0.0,29,0.35,-0.000166854547637
2024-10-23,IEFA/VEA,-0.0004605399251942,-0.0004605399251942,0.0,29,0.35,-0.0001611889738179
2024-10-24,MS/STT,-0.0026829113527414,-0.0026829113527414,0.0,29,0.1424099203565829,-0.0003820731920676
2024-10-24,META/MSFT,0.0017342367779149,0.0017342367779149,0.0,29,0.1575900796434171,0.0002732985119521
2024-10-24,IEMG/VWO,0.0004967796510155,0.0004967796510155,0.0,29,0.35,0.0001738728778554
2024-10-24,IEFA/VEA,0.0010168632714629,0.0010168632714629,0.0,29,0.35,0.000355902145012
2024-10-25,MS/STT,0.0053077560997816,0.0053077560997816,0.0,29,0.1424099203565829,0.000755877123442
2024-10-25,META/MSFT,-0.0032763625085686,-0.0032763625085686,0.0,29,0.1575900796434171,-0.000516322228666
2024-10-25,IEMG/VWO,8.645896062873143e-05,8.645896062873143e-05,0.0,29,0.35,3.0260636220056e-05
2024-10-25,IEFA/VEA,-7.472841218651855e-05,-7.472841218651855e-05,0.0,29,0.35,-2.6154944265281493e-05
2024-10-28,MS/STT,-0.0004108670488823,-0.0004108670488823,0.0,29,0.1424099203565829,-5.85115437084726e-05
2024-10-28,META/MSFT,0.0049740047509305,0.0049740047509305,0.0,29,0.1575900796434171,0.0007838538048458
2024-10-28,IEMG/VWO,-0.0001078629386758,-0.0001078629386758,0.0,29,0.35,-3.775202853653e-05
2024-10-28,IEFA/VEA,5.295425473931858e-05,5.295425473931858e-05,0.0,29,0.35,1.8533989158761505e-05
2024-10-29,MS/STT,-0.0015422567552411,-0.0015422567552411,0.0,29,0.1424099203565829,-0.0002196326616832
2024-10-29,META/MSFT,-0.002103069171257,-0.002103069171257,0.0,29,0.1575900796434171,-0.000331422838194
2024-10-29,IEMG/VWO,-0.0004774347486708,-0.0004774347486708,0.0,29,0.35,-0.0001671021620347
2024-10-29,IEFA/VEA,-0.0004392478387774,-0.0004392478387774,0.0,29,0.35,-0.000153736743572
2024-10-30,MS/STT,0.0074958689405714,0.0074958689405714,0.0,29,0.1424099203565829,0.0010674860988301
2024-10-30,META/MSFT,-0.0016541187214747,-0.0016541187214747,0.0,29,0.1575900796434171,-0.0002606727010568
2024-10-30,IEMG/VWO,0.0005585476561813,0.0005585476561813,0.0,29,0.35,0.0001954916796634
2024-10-30,IEFA/VEA,-0.0001146660910989,-0.0001146660910989,0.0,29,0.35,-4.0133131884615e-05
2024-10-31,MS/STT,0.0033253618516617,0.0033253618516617,0.0,29,0.1424099203565829,0.0004735645164519
2024-10-31,META/MSFT,0.0330932705888098,0.0330932705888098,0.0,29,0.1575900796434171,0.0052151711477516
2024-10-31,IEMG/VWO,0.0010943414923074,0.0010943414923074,0.0,29,0.35,0.0003830195223075
2024-10-31,IEFA/VEA,0.0004454165031465,0.0004454165031465,0.0,29,0.35,0.0001558957761012
2024-11-01,MS/STT,-0.0031416932175186,-0.0031416932175186,0.0,29,0.1424099203565829,-0.0004474082808916
2024-11-01,META/MSFT,-0.007428494506451,-0.007428494506451,0.0,29,0.1575900796434171,-0.0011706570409022
2024-11-01,IEMG/VWO,-0.0011215395941102,-0.0011215395941102,0.0,29,0.35,-0.0003925388579385
2024-11-01,IEFA/VEA,0.0001071528844015,0.0001071528844015,0.0,29,0.35,3.7503509540525e-05
2024-11-04,MS/STT,0.0014228270729782,0.0014228270729782,0.0,29,0.1424099203565829,0.000202624690144
2024-11-04,META/MSFT,0.0003318782361136,0.0003318782361136,0.0,29,0.1575900796434171,5.2300717661059015e-05
2024-11-04,IEMG/VWO,6.580671764252745e-05,6.580671764252745e-05,0.0,29,0.35,2.3032351174884605e-05
2024-11-04,IEFA/VEA,-0.0005000605873181,-0.0005000605873181,0.0,29,0.35,-0.0001750212055613
2024-11-05,MS/STT,-0.0060004052284808,-0.0060004052284808,0.0,29,0.1424099203565829,-0.0008545172306951
2024-11-05,META/MSFT,0.0002563726931351,0.0002563726931351,0.0,29,0.1575900796434171,4.040179312955775e-05
2024-11-05,IEMG/VWO,-0.001,0.0,1.0,29,0.35,-0.00035
2024-11-05,IEFA/VEA,-0.0004701931794167,-0.0004701931794167,0.0,29,0.35,-0.0001645676127958
2024-11-06,MS/STT,-0.0542559460956041,-0.0542559460956041,0.0,29,0.1424099203565829,-0.007726584962346
2024-11-06,META/MSFT,-0.0156831274880745,-0.0156831274880745,0.0,29,0.1575900796434171,-0.0024715053099035
2024-11-06,IEMG/VWO,0.0,0.0,0.0,29,0.35,0.0
2024-11-06,IEFA/VEA,-0.0005455837377919,-0.0005455837377919,0.0,29,0.35,-0.0001909543082271
2024-11-07,MS/STT,0.0070753623216194,0.0070753623216194,0.0,29,0.1424099203565829,0.0010076017847157
2024-11-07,META/MSFT,0.0001133415261791,0.0001133415261791,0.0,29,0.1575900796434171,1.7861500137470816e-05
2024-11-07,IEMG/VWO,0.0,0.0,0.0,29,0.35,0.0
2024-11-07,IEFA/VEA,0.0002004957193571,0.0002004957193571,0.0,29,0.35,7.0173501774985e-05
2024-11-08,MS/STT,-0.0065311632994316,-0.0065311632994316,0.0,29,0.1424099203565829,-0.0009301024453078
2024-11-08,META/MSFT,0.0038856022288059,0.0038856022288059,0.0,29,0.1575900796434171,0.0006123323647001
2024-11-08,IEMG/VWO,-0.0,-0.0,0.0,29,0.35,-0.0
2024-11-08,IEFA/VEA,-8.711855231137326e-05,-8.711855231137326e-05,0.0,29,0.35,-3.049149330898064e-05
2024-11-11,MS/STT,-0.0110513262736566,-0.0110513262736566,0.0,29,0.1424099203565829,-0.001573818494466
2024-11-11,META/MSFT,0.0050067731369732,0.0050067731369732,0.0,29,0.1575900796434171,0.0007890177774121
2024-11-11,IEMG/VWO,0.0,0.0,0.0,29,0.35,0.0
2024-11-11,IEFA/VEA,0.0002675939749251,0.0002675939749251,0.0,29,0.35,9.3657891223785e-05
2024-11-12,MS/STT,-0.0002196953682564,-0.0002196953682564,0.0,29,0.1424099203565829,-3.128679989610408e-05
2024-11-12,META/MSFT,-0.0080117099925656,-0.0080117099925656,0.0,29,0.1575900796434171,-0.0012625660158083
2024-11-12,IEMG/VWO,-0.0,-0.0,0.0,29,0.35,-0.0
2024-11-12,IEFA/VEA,-0.0008059044282084,-0.0008059044282084,0.0,29,0.35,-0.0002820665498729
2024-11-13,MS/STT,-0.001,0.0,1.0,29,0.1424099203565829,-0.0001424099203565
2024-11-13,META/MSFT,-0.0059689370294618,-0.0059689370294618,0.0,29,0.1575900796434171,-0.0009406452618594
2024-11-13,IEMG/VWO,0.0,0.0,0.0,29,0.35,0.0
2024-11-13,IEFA/VEA,-0.001,0.0,1.0,29,0.35,-0.00035
2024-11-14,MS/STT,0.0,0.0,0.0,29,0.1424099203565829,0.0
2024-11-14,META/MSFT,-0.0042236534485894,-0.0042236534485894,0.0,29,0.1575900796434171,-0.0006656058833493
2024-11-14,IEMG/VWO,-0.0,-0.0,0.0,29,0.35,-0.0
2024-11-14,IEFA/VEA,-0.0,-0.0,0.0,29,0.35,-0.0
2024-11-15,MS/STT,0.0,0.0,0.0,29,0.1424099203565829,0.0
2024-11-15,META/MSFT,0.0094993345457297,0.0094993345457297,0.0,29,0.1575900796434171,0.001497000887621
2024-11-15,IEMG/VWO,-0.0,-0.0,0.0,29,0.35,-0.0
2024-11-15,IEFA/VEA,0.0,0.0,0.0,29,0.35,0.0
2024-11-18,MS/STT,-0.0,-0.0,0.0,29,0.1424099203565829,-0.0
2024-11-18,META/MSFT,-0.00117988745418,-0.00117988745418,0.0,29,0.1575900796434171,-0.0001859385578744
2024-11-18,IEMG/VWO,-0.0,-0.0,0.0,29,0.35,-0.0
2024-11-18,IEFA/VEA,0.0,0.0,0.0,29,0.35,0.0
2024-11-19,MS/STT,-0.0,-0.0,0.0,29,0.1424099203565829,-0.0
2024-11-19,META/MSFT,-0.001,0.0,1.0,29,0.1575900796434171,-0.0001575900796434
2024-11-19,IEMG/VWO,-0.0004845512306896,0.0005154487693103,1.0,29,0.35,-0.0001695929307413
2024-11-19,IEFA/VEA,-0.0,-0.0,0.0,29,0.35,-0.0
2024-11-20,MS/STT,-0.0,-0.0,0.0,29,0.1424099203565829,-0.0
2024-11-20,META/MSFT,-0.0,-0.0,0.0,29,0.1575900796434171,-0.0
2024-11-20,IEMG/VWO,0.0004282036994742,0.0004282036994742,0.0,29,0.35,0.0001498712948159
2024-11-20,IEFA/VEA,0.0,0.0,0.0,29,0.35,0.0
2024-11-21,MS/STT,0.0,0.0,0.0,29,0.1424099203565829,0.0
2024-11-21,META/MSFT,-0.0,-0.0,0.0,29,0.1575900796434171,-0.0
2024-11-21,IEMG/VWO,-0.0006216794287472,-0.0006216794287472,0.0,29,0.35,-0.0002175878000615
2024-11-21,IEFA/VEA,0.0,0.0,0.0,29,0.35,0.0
2024-11-22,MS/STT,-0.0,-0.0,0.0,29,0.1424099203565829,-0.0
2024-11-22,META/MSFT,0.0,0.0,0.0,29,0.1575900796434171,0.0
2024-11-22,IEMG/VWO,-0.0004296298825537,-0.0004296298825537,0.0,29,0.35,-0.0001503704588937
2024-11-22,IEFA/VEA,-0.0010362337313225,-3.623373132254557e-05,1.0,29,0.35,-0.0003626818059628
2024-11-25,MS/STT,-0.0,-0.0,0.0,29,0.1424099203565829,-0.0
2024-11-25,META/MSFT,0.0,0.0,0.0,29,0.1575900796434171,0.0
2024-11-25,IEMG/VWO,-0.0003166083679177,-0.0003166083679177,0.0,29,0.35,-0.0001108129287711
2024-11-25,IEFA/VEA,-0.0003763096717309,-0.0003763096717309,0.0,29,0.35,-0.0001317083851058
2024-11-26,MS/STT,-0.0,-0.0,0.0,29,0.1424099203565829,-0.0
2024-11-26,META/MSFT,0.0,0.0,0.0,29,0.1575900796434171,0.0
2024-11-26,IEMG/VWO,-0.0010756522158955,-0.0010756522158955,0.0,29,0.35,-0.0003764782755634
2024-11-26,IEFA/VEA,0.0003629535119658,0.0003629535119658,0.0,29,0.35,0.000127033729188
2024-11-27,MS/STT,-0.0,-0.0,0.0,29,0.1424099203565829,-0.0
2024-11-27,META/MSFT,-0.0,-0.0,0.0,29,0.1575900796434171,-0.0
2024-11-27,IEMG/VWO,0.0017407814621001,0.0017407814621001,0.0,29,0.35,0.000609273511735
2024-11-27,IEFA/VEA,-2.875751535741849e-05,-2.875751535741849e-05,0.0,29,0.35,-1.006513037509647e-05
2024-11-29,MS/STT,0.0,0.0,0.0,29,0.1424099203565829,0.0
2024-11-29,META/MSFT,-0.0,-0.0,0.0,29,0.1575900796434171,-0.0
2024-11-29,IEMG/VWO,0.0005567112392643,0.0005567112392643,0.0,29,0.35,0.0001948489337425
2024-11-29,IEFA/VEA,0.0012564656306001,0.0012564656306001,0.0,29,0.35,0.00043976297071
2024-12-02,MS/STT,-0.0,-0.0,0.0,29,0.1424099203565829,-0.0
2024-12-02,META/MSFT,0.0,0.0,0.0,29,0.1575900796434171,0.0
2024-12-02,IEMG/VWO,0.001406845530552,0.001406845530552,0.0,29,0.35,0.0004923959356932
2024-12-02,IEFA/VEA,0.0003770621389903,0.0003770621389903,0.0,29,0.35,0.0001319717486466
2024-12-03,MS/STT,-0.0,-0.0,0.0,29,0.1424099203565829,-0.0
2024-12-03,META/MSFT,-0.0,-0.0,0.0,29,0.1575900796434171,-0.0
2024-12-03,IEMG/VWO,0.0009497777207456,0.0009497777207456,0.0,29,0.35,0.0003324222022609
2024-12-03,IEFA/VEA,0.0005955259693413,0.0005955259693413,0.0,29,0.35,0.0002084340892694
2024-12-04,MS/STT,-0.0,-0.0,0.0,29,0.1424099203565829,-0.0
2024-12-04,META/MSFT,0.0,0.0,0.0,29,0.1575900796434171,0.0
2024-12-04,IEMG/VWO,-0.0003889673239905,-0.0003889673239905,0.0,29,0.35,-0.0001361385633966
2024-12-04,IEFA/VEA,0.0003693656275448,0.0003693656275448,0.0,29,0.35,0.0001292779696406
2024-12-05,MS/STT,-0.0,-0.0,0.0,29,0.1424099203565829,-0.0
2024-12-05,META/MSFT,0.0,0.0,0.0,29,0.1575900796434171,0.0
2024-12-05,IEMG/VWO,0.0001922485386397,0.0001922485386397,0.0,29,0.35,6.728698852389499e-05
2024-12-05,IEFA/VEA,0.0001190974396325,0.0001190974396325,0.0,29,0.35,4.1684103871375e-05
2024-12-06,MS/STT,-0.0,-0.0,0.0,29,0.1424099203565829,-0.0
2024-12-06,META/MSFT,-0.0,-0.0,0.0,29,0.1575900796434171,-0.0
2024-12-06,IEMG/VWO,0.0011984786840875,0.0011984786840875,0.0,29,0.35,0.0004194675394306
2024-12-06,IEFA/VEA,0.0006936507600534,0.0006936507600534,0.0,29,0.35,0.0002427777660186
2024-12-09,MS/STT,-0.0,-0.0,0.0,29,0.1424099203565829,-0.0
2024-12-09,META/MSFT,0.0,0.0,0.0,29,0.1575900796434171,0.0
2024-12-09,IEMG/VWO,0.0033403876343612,0.0033403876343612,0.0,29,0.35,0.0011691356720264
2024-12-09,IEFA/VEA,0.0005917376098953,0.0005917376098953,0.0,29,0.35,0.0002071081634633
2024-12-10,MS/STT,-0.0,-0.0,0.0,29,0.1424099203565829,-0.0
2024-12-10,META/MSFT,-0.0,-0.0,0.0,29,0.1575900796434171,-0.0
2024-12-10,IEMG/VWO,-0.0019968774007093,-0.0019968774007093,0.0,29,0.35,-0.0006989070902482
2024-12-10,IEFA/VEA,-0.0003162285345211,-0.0003162285345211,0.0,29,0.35,-0.0001106799870823
2024-12-11,MS/STT,0.0,0.0,0.0,29,0.1424099203565829,0.0
2024-12-11,META/MSFT,0.0,0.0,0.0,29,0.1575900796434171,0.0
2024-12-11,IEMG/VWO,-0.001616235667056,-0.001616235667056,0.0,29,0.35,-0.0005656824834695
2024-12-11,IEFA/VEA,-0.0005857586035393,-0.0005857586035393,0.0,29,0.35,-0.0002050155112387
2024-12-12,MS/STT,-0.0,-0.0,0.0,29,0.1424099203565829,-0.0
2024-12-12,META/MSFT,0.0,0.0,0.0,29,0.1575900796434171,0.0
2024-12-12,IEMG/VWO,-0.0002242601188929,-0.0002242601188929,0.0,29,0.35,-7.849104161251499e-05
2024-12-12,IEFA/VEA,0.0003365550867535,0.0003365550867535,0.0,29,0.35,0.0001177942803637
2024-12-13,MS/STT,-0.0,-0.0,0.0,29,0.1424099203565829,-0.0
2024-12-13,META/MSFT,0.0,0.0,0.0,29,0.1575900796434171,0.0
2024-12-13,IEMG/VWO,-4.736142464083529e-05,-4.736142464083529e-05,0.0,29,0.35,-1.657649862429235e-05
2024-12-13,IEFA/VEA,-0.0002433391629019,-0.0002433391629019,0.0,29,0.35,-8.516870701566499e-05
2024-12-16,MS/STT,0.0,0.0,0.0,29,0.1424099203565829,0.0
2024-12-16,META/MSFT,0.0,0.0,0.0,29,0.1575900796434171,0.0
2024-12-16,IEMG/VWO,-0.0005884845689659,-0.0005884845689659,0.0,29,0.35,-0.000205969599138
2024-12-16,IEFA/VEA,0.000358486075233,0.000358486075233,0.0,29,0.35,0.0001254701263315
2024-12-17,MS/STT,0.0,0.0,0.0,29,0.1424099203565829,0.0
2024-12-17,META/MSFT,0.0,0.0,0.0,29,0.1575900796434171,0.0
2024-12-17,IEMG/VWO,-0.001,0.0,1.0,29,0.35,-0.00035
2024-12-17,IEFA/VEA,4.29913481664704e-05,4.29913481664704e-05,0.0,29,0.35,1.504697185826464e-05
2024-12-18,MS/STT,-0.0,-0.0,0.0,29,0.1424099203565829,-0.0
2024-12-18,META/MSFT,-0.0,-0.0,0.0,29,0.1575900796434171,-0.0
2024-12-18,IEMG/VWO,-0.0,-0.0,0.0,29,0.35,-0.0
2024-12-18,IEFA/VEA,0.0005286503648255,0.0005286503648255,0.0,29,0.35,0.0001850276276889
2024-12-19,MS/STT,-0.0,-0.0,0.0,29,0.1424099203565829,-0.0
2024-12-19,META/MSFT,-0.0008564062856278,0.0001435937143721,1.0,29,0.1575900796434171,-0.0001349611347592
2024-12-19,IEMG/VWO,-0.0,-0.0,0.0,29,0.35,-0.0
2024-12-19,IEFA/VEA,0.0004695273386887,0.0004695273386887,0.0,29,0.35,0.000164334568541
2024-12-20,MS/STT,0.0,0.0,0.0,29,0.1424099203565829,0.0
2024-12-20,META/MSFT,0.0040177950245637,0.0040177950245637,0.0,29,0.1575900796434171,0.0006331646379119
2024-12-20,IEMG/VWO,0.0,0.0,0.0,29,0.35,0.0
2024-12-20,IEFA/VEA,-0.001,0.0,1.0,29,0.35,-0.00035
2024-12-23,MS/STT,0.0,0.0,0.0,29,0.1424099203565829,0.0
2024-12-23,META/MSFT,-0.0090619290881664,-0.0090619290881664,0.0,29,0.1575900796434171,-0.0014280701267271
2024-12-23,IEMG/VWO,-0.0,-0.0,0.0,29,0.35,-0.0
2024-12-23,IEFA/VEA,0.0,0.0,0.0,29,0.35,0.0
2024-12-24,MS/STT,0.0,0.0,0.0,29,0.1424099203565829,0.0
2024-12-24,META/MSFT,0.0032269348156806,0.0032269348156806,0.0,29,0.1575900796434171,0.0005085329146072
2024-12-24,IEMG/VWO,0.0,0.0,0.0,29,0.35,0.0
2024-12-24,IEFA/VEA,-0.0,-0.0,0.0,29,0.35,-0.0
2024-12-26,MS/STT,0.0,0.0,0.0,29,0.1424099203565829,0.0
2024-12-26,META/MSFT,-4.645105167983974e-05,-4.645105167983974e-05,0.0,29,0.1575900796434171,-7.320224933746429e-06
2024-12-26,IEMG/VWO,0.0,0.0,0.0,29,0.35,0.0
2024-12-26,IEFA/VEA,-0.0,-0.0,0.0,29,0.35,-0.0
2024-12-27,MS/STT,-0.0,-0.0,0.0,29,0.1424099203565829,-0.0
2024-12-27,META/MSFT,-0.0109870411113939,-0.0109870411113939,0.0,29,0.1575900796434171,-0.00173144868379
2024-12-27,IEMG/VWO,0.0,0.0,0.0,29,0.35,0.0
2024-12-27,IEFA/VEA,-0.0,-0.0,0.0,29,0.35,-0.0
2024-12-30,MS/STT,-0.0,-0.0,0.0,29,0.1424099203565829,-0.0
2024-12-30,META/MSFT,-0.0057529172832342,-0.0057529172832342,0.0,29,0.1575900796434171,-0.0009066026928468
2024-12-30,IEMG/VWO,-0.0,-0.0,0.0,29,0.35,-0.0
2024-12-30,IEFA/VEA,0.0,0.0,0.0,29,0.35,0.0
2024-12-31,MS/STT,0.0,0.0,0.0,29,0.1424099203565829,0.0
2024-12-31,META/MSFT,-0.0030800297480358,-0.0030800297480358,0.0,29,0.1575900796434171,-0.000485382133297
2024-12-31,IEMG/VWO,0.0,0.0,0.0,29,0.35,0.0
2024-12-31,IEFA/VEA,0.0,0.0,0.0,29,0.35,0.0
