date,unscaled,target_5pct,target_8pct,target_10pct
2017-07-05,0.0,0.0,0.0,0.0
2017-07-06,0.0,0.0,0.0,0.0
2017-07-07,0.00037732730874369,0.00047165913592961254,0.00047165913592961254,0.00047165913592961254
2017-07-10,0.00120041938737261,0.0015005242342157625,0.0015005242342157625,0.0015005242342157625
2017-07-11,-0.00020272243340271003,-0.00025340304175338756,-0.00025340304175338756,-0.00025340304175338756
2017-07-12,-0.001477436463827489,-0.0018467955797843612,-0.0018467955797843612,-0.0018467955797843612
2017-07-13,-0.001994038690025335,-0.002492548362531669,-0.002492548362531669,-0.002492548362531669
2017-07-14,0.0006326052575412501,0.0007907565719265626,0.0007907565719265626,0.0007907565719265626
2017-07-17,0.0015502780337508949,0.0019378475421886186,0.0019378475421886186,0.0019378475421886186
2017-07-18,-0.0030728206555403147,-0.0038410258194253935,-0.0038410258194253935,-0.0038410258194253935
2017-07-19,-0.00911154952888615,-0.011389436911107689,-0.011389436911107689,-0.011389436911107689
2017-07-20,-0.00065969095798986,-0.0008246136974873249,-0.0008246136974873249,-0.0008246136974873249
2017-07-21,-0.00019135430981176999,-0.0002391928872647125,-0.0002391928872647125,-0.0002391928872647125
2017-07-24,-0.0007803050558745748,-0.0009753813198432185,-0.0009753813198432185,-0.0009753813198432185
2017-07-25,0.001124475007204675,0.0014055937590058438,0.0014055937590058438,0.0014055937590058438
2017-07-26,0.0009472626284461199,0.0011840782855576499,0.0011840782855576499,0.0011840782855576499
2017-07-27,-0.0076187385570640745,-0.009523423196330092,-0.009523423196330092,-0.009523423196330092
2017-07-28,-0.00561838798615115,-0.0070229849826889375,-0.0070229849826889375,-0.0070229849826889375
2017-07-31,0.00073450618568292,0.0009181327321036499,0.0009181327321036499,0.0009181327321036499
2017-08-01,0.00012998814951947998,0.00016248518689934997,0.00016248518689934997,0.00016248518689934997
2017-08-02,0.000740289849647075,0.0009253623120588437,0.0009253623120588437,0.0009253623120588437
2017-08-03,-5.048486183212499e-05,-6.310607729015624e-05,-6.310607729015624e-05,-6.310607729015624e-05
2017-08-04,-0.00135838256021629,-0.0016979782002703625,-0.0016979782002703625,-0.0016979782002703625
2017-08-07,-0.003746393984309095,-0.004682992480386368,-0.004682992480386368,-0.004682992480386368
2017-08-08,0.0009608982286844149,0.0012011227858555187,0.0012011227858555187,0.0012011227858555187
2017-08-09,0.0012915201064376098,0.0016144001330470122,0.0016144001330470122,0.0016144001330470122
2017-08-10,-0.0008123319547516599,-0.0010154149434395748,-0.0010154149434395748,-0.0010154149434395748
2017-08-11,-0.00033523491200212997,-0.00041904364000266243,-0.00041904364000266243,-0.00041904364000266243
2017-08-14,-0.000165137640716545,-0.00020642205089568125,-0.00020642205089568125,-0.00020642205089568125
2017-08-15,-0.00071097680266718,-0.000888721003333975,-0.000888721003333975,-0.000888721003333975
2017-08-16,0.0015112886659835998,0.0018891108324794997,0.0018891108324794997,0.0018891108324794997
2017-08-17,-0.002159787402613575,-0.0026997342532669687,-0.0026997342532669687,-0.0026997342532669687
2017-08-18,-0.000343952216462505,-0.00042994027057813126,-0.00042994027057813126,-0.00042994027057813126
2017-08-21,-0.00012035931572325499,-0.00015044914465406873,-0.00015044914465406873,-0.00015044914465406873
2017-08-22,0.00017418772144399498,0.0002177346518049937,0.0002177346518049937,0.0002177346518049937
2017-08-23,3.293695891170495e-05,4.117119863963118e-05,4.117119863963118e-05,4.117119863963118e-05
2017-08-24,0.00128492453680843,0.0016061556710105375,0.0016061556710105375,0.0016061556710105375
2017-08-25,-0.000586684871943835,-0.0007333560899297938,-0.0007333560899297938,-0.0007333560899297938
2017-08-28,-0.002511191106479755,-0.0031389888830996937,-0.0031389888830996937,-0.0031389888830996937
2017-08-29,0.000575849163767395,0.0007198114547092437,0.0007198114547092437,0.0007198114547092437
2017-08-30,0.00014630608269459,0.0001828826033682375,0.0001828826033682375,0.0001828826033682375
2017-08-31,-0.0005694219742832599,-0.000711777467854075,-0.000711777467854075,-0.000711777467854075
2017-09-01,-0.00035,-0.0004375,-0.0004375,-0.0004375
2017-09-05,0.0,0.0,0.0,0.0
2017-09-06,0.0,0.0,0.0,0.0
2017-09-07,0.0,0.0,0.0,0.0
2017-09-08,0.0,0.0,0.0,0.0
2017-09-11,0.0012196490799010202,0.0015245613498762753,0.0015245613498762753,0.0015245613498762753
2017-09-12,0.0012040343512251602,0.00150504293903145,0.00150504293903145,0.00150504293903145
2017-09-13,0.00266827457274846,0.003335343215935575,0.003335343215935575,0.003335343215935575
2017-09-14,0.0009505787522453401,0.0011882234403066752,0.0011882234403066752,0.0011882234403066752
2017-09-15,0.0007167321597846601,0.0008959151997308251,0.0008959151997308251,0.0008959151997308251
2017-09-18,9.550580282187025e-05,0.00011938225352733781,0.00011938225352733781,0.00011938225352733781
2017-09-19,-0.0018105815920572198,-0.002263226990071525,-0.002263226990071525,-0.002263226990071525
2017-09-20,-0.0012580979167321998,-0.0015726223959152499,-0.0015726223959152499,-0.0015726223959152499
2017-09-21,0.000624862049520915,0.0007810775619011438,0.0007810775619011438,0.0007810775619011438
2017-09-22,-0.0028242349773210797,-0.0035302937216513497,-0.0035302937216513497,-0.0035302937216513497
2017-09-25,-0.0007769564978102957,-0.0009711956222628696,-0.0009711956222628696,-0.0009711956222628696
2017-09-26,-0.00111610349796775,-0.0013951293724596874,-0.0013951293724596874,-0.0013951293724596874
2017-09-27,-0.00106597005440566,-0.001332462568007075,-0.001332462568007075,-0.001332462568007075
2017-09-28,-0.001727206179461525,-0.0021590077243269063,-0.0021590077243269063,-0.0021590077243269063
2017-09-29,0.0009001683559557599,0.0011252104449446998,0.0011252104449446998,0.0011252104449446998
2017-10-02,0.0025592376849768853,0.0031990471062211066,0.0031990471062211066,0.0031990471062211066
2017-10-03,0.0,0.0,0.0,0.0
2017-10-04,0.0,0.0,0.0,0.0
2017-10-05,0.0,0.0,0.0,0.0
2017-10-06,0.0,0.0,0.0,0.0
2017-10-09,0.0,0.0,0.0,0.0
2017-10-10,0.0,0.0,0.0,0.0
2017-10-11,0.0,0.0,0.0,0.0
2017-10-12,0.0,0.0,0.0,0.0
2017-10-13,0.0,0.0,0.0,0.0
2017-10-16,0.0,0.0,0.0,0.0
2017-10-17,0.0,0.0,0.0,0.0
2017-10-18,0.0,0.0,0.0,0.0
2017-10-19,0.0,0.0,0.0,0.0
2017-10-20,0.0,0.0,0.0,0.0
2017-10-23,0.0,0.0,0.0,0.0
2017-10-24,-0.0010888331187713148,-0.0013610413984641435,-0.0013610413984641435,-0.0013610413984641435
2017-10-25,-0.0013660970322232776,-0.001707621290279097,-0.001707621290279097,-0.001707621290279097
2017-10-26,0.0002029091975598442,0.00025363649694980526,0.00025363649694980526,0.00025363649694980526
2017-10-27,-0.005095846337044923,-0.006369807921306153,-0.006369807921306153,-0.006369807921306153
2017-10-30,-0.004639906035741622,-0.0057998825446770284,-0.0057998825446770284,-0.0057998825446770284
2017-10-31,0.0010196245367954477,0.0012745306709943097,0.0012745306709943097,0.0012745306709943097
2017-11-01,0.0031080000837383067,0.0038850001046728836,0.0038850001046728836,0.0038850001046728836
2017-11-02,-0.0013308576588948135,-0.0016635720736185168,-0.0016635720736185168,-0.0016635720736185168
2017-11-03,0.0015507079566102226,0.0019383849457627782,0.0019383849457627782,0.0019383849457627782
2017-11-06,0.0010130803963995852,0.0012663504954994816,0.0012663504954994816,0.0012663504954994816
2017-11-07,0.0062224068603072774,0.007778008575384097,0.007778008575384097,0.007778008575384097
2017-11-08,-0.0015608751374851372,-0.0019510939218564216,-0.0019510939218564216,-0.0019510939218564216
2017-11-09,-0.0009269195921107681,-0.00115864949013846,-0.00115864949013846,-0.00115864949013846
2017-11-10,-0.0005304862565268172,-0.0006631078206585215,-0.0006631078206585215,-0.0006631078206585215
2017-11-13,0.0006899766773160249,0.0008624708466450312,0.0008624708466450312,0.0008624708466450312
2017-11-14,0.0016159306590940654,0.0020199133238675815,0.0020199133238675815,0.0020199133238675815
2017-11-15,0.002418680848102528,0.0030233510601281603,0.0030233510601281603,0.0030233510601281603
2017-11-16,0.00014464943952303153,0.0001808117994037894,0.0001808117994037894,0.0001808117994037894
2017-11-17,-0.0015833102197254116,-0.0019791377746567647,-0.0019791377746567647,-0.0019791377746567647
2017-11-20,-0.0005917924481717356,-0.0007397405602146695,-0.0007397405602146695,-0.0007397405602146695
2017-11-21,0.0009743491782274573,0.0012179364727843217,0.0012179364727843217,0.0012179364727843217
2017-11-22,0.00012959828560394937,0.00016199785700493673,0.00016199785700493673,0.00016199785700493673
2017-11-24,0.001359120216584585,0.0016989002707307314,0.0016989002707307314,0.0016989002707307314
2017-11-27,0.0017120842033850321,0.0021401052542312903,0.0021401052542312903,0.0021401052542312903
2017-11-28,-0.0003154510674464211,-0.00039431383430802634,-0.00039431383430802634,-0.00039431383430802634
2017-11-29,0.0,0.0,0.0,0.0
2017-11-30,-0.00019179034629496002,-0.00023973793286870002,-0.00023973793286870002,-0.00023973793286870002
2017-12-01,0.00053614971940544,0.0006701871492568001,0.0006701871492568001,0.0006701871492568001
2017-12-04,0.000175594760599615,0.00021949345074951876,0.00021949345074951876,0.00021949345074951876
2017-12-05,0.00021153436234245,0.0002644179529280625,0.0002644179529280625,0.0002644179529280625
2017-12-06,2.7627372908982432e-05,3.453421613622804e-05,3.453421613622804e-05,3.453421613622804e-05
2017-12-07,-0.00035825407991366,-0.000447817599892075,-0.000447817599892075,-0.000447817599892075
2017-12-08,0.00029664101470528,0.0003708012683816,0.0003708012683816,0.0003708012683816
2017-12-11,-0.00028767203384846504,-0.00035959004231058127,-0.00035959004231058127,-0.00035959004231058127
2017-12-12,0.0011809095451598953,0.0014761369314498691,0.0014761369314498691,0.0014761369314498691
2017-12-13,-0.0003837185179795102,-0.0004796481474743878,-0.0004796481474743878,-0.0004796481474743878
2017-12-14,-0.0001372246777234246,-0.00017153084715428076,-0.00017153084715428076,-0.00017153084715428076
2017-12-15,0.0005760619241009473,0.0007200774051261842,0.0007200774051261842,0.0007200774051261842
2017-12-18,-0.004052114029180571,-0.005065142536475714,-0.005065142536475714,-0.005065142536475714
2017-12-19,-0.0008540752032290231,-0.0010675940040362787,-0.0010675940040362787,-0.0010675940040362787
2017-12-20,-0.0007596248945399526,-0.0009495311181749407,-0.0009495311181749407,-0.0009495311181749407
2017-12-21,0.00014617862884758382,0.0001827232860594798,0.0001827232860594798,0.0001827232860594798
2017-12-22,0.0009579491131175598,0.0011974363913969499,0.0011974363913969499,0.0011974363913969499
2017-12-26,-0.0007275426719314574,-0.0009094283399143217,-0.0009094283399143217,-0.0009094283399143217
2017-12-27,-0.000730947676584264,-0.00091368459573033,-0.00091368459573033,-0.00091368459573033
2017-12-28,-0.00038895852646352947,-0.00048619815807941183,-0.00048619815807941183,-0.00048619815807941183
2017-12-29,0.00018393038115854994,0.00022991297644818742,0.00022991297644818742,0.00022991297644818742
2018-01-02,0.00037887059802220696,0.0004735882475277587,0.0004735882475277587,0.0004735882475277587
2018-01-03,0.0,0.0,0.0,0.0
2018-01-04,0.00024660367585676294,0.00030825459482095366,0.00030825459482095366,0.00030825459482095366
2018-01-05,-0.0003146706710860055,-0.0003933383388575069,-0.0003933383388575069,-0.0003933383388575069
2018-01-08,9.882013229418481e-05,0.00012352516536773102,0.00012352516536773102,0.00012352516536773102
2018-01-09,0.0004191870429869848,0.000523983803733731,0.000523983803733731,0.000523983803733731
2018-01-10,7.956926559551731e-05,9.946158199439663e-05,9.946158199439663e-05,9.946158199439663e-05
2018-01-11,0.0009388216109494728,0.001173527013686841,0.001173527013686841,0.001173527013686841
2018-01-12,0.0048563002181689005,0.006070375272711126,0.006070375272711126,0.006070375272711126
2018-01-16,-0.0001340209281162679,-0.00016752616014533485,-0.00016752616014533485,-0.00016752616014533485
2018-01-17,-0.0004534670022864173,-0.0005668337528580217,-0.0005668337528580217,-0.0005668337528580217
2018-01-18,0.0010771074476600214,0.0013463843095750266,0.0013463843095750266,0.0013463843095750266
2018-01-19,0.0006783650868358147,0.0008479563585447684,0.0008479563585447684,0.0008479563585447684
2018-01-22,0.0006660999339763279,0.0008326249174704099,0.0008326249174704099,0.0008326249174704099
2018-01-23,0.0003636453829603837,0.00045455672870047957,0.00045455672870047957,0.00045455672870047957
2018-01-24,-0.0009228280955889995,-0.0011535351194862493,-0.0011535351194862493,-0.0011535351194862493
2018-01-25,-0.00046133679413151154,-0.0005766709926643894,-0.0005766709926643894,-0.0005766709926643894
2018-01-26,0.0002853877950837886,0.0003567347438547357,0.0003567347438547357,0.0003567347438547357
2018-01-29,-0.002268623460051735,-0.002835779325064669,-0.002835779325064669,-0.002835779325064669
2018-01-30,-0.0001615601631762028,-0.0002019502039702535,-0.0002019502039702535,-0.0002019502039702535
2018-01-31,-0.0007148427194365447,-0.0008935533992956808,-0.0008935533992956808,-0.0008935533992956808
2018-02-01,0.005016287888784142,0.006270359860980177,0.006270359860980177,0.006270359860980177
2018-02-02,-0.0026207201080495003,-0.0032759001350618753,-0.0032759001350618753,-0.0032759001350618753
2018-02-05,-0.0030421928367655392,-0.003802741045956924,-0.003802741045956924,-0.003802741045956924
2018-02-06,-0.0005708329853872773,-0.0007135412317340966,-0.0007135412317340966,-0.0007135412317340966
2018-02-07,-0.0015639404096933183,-0.001954925512116648,-0.001954925512116648,-0.001954925512116648
2018-02-08,-0.0018439263277030946,-0.002304907909628868,-0.002304907909628868,-0.002304907909628868
2018-02-09,0.002671945172760839,0.0033399314659510486,0.0033399314659510486,0.0033399314659510486
2018-02-12,-0.0014080053257280144,-0.001760006657160018,-0.001760006657160018,-0.001760006657160018
2018-02-13,-0.0003895908273787079,-0.00048698853422338487,-0.00048698853422338487,-0.00048698853422338487
2018-02-14,-2.6517571534023142e-05,-3.314696441752893e-05,-3.314696441752893e-05,-3.314696441752893e-05
2018-02-15,0.00025221189200921,0.0003152648650115125,0.0003152648650115125,0.0003152648650115125
2018-02-16,8.015190670238499e-05,0.00010018988337798124,0.00010018988337798124,0.00010018988337798124
2018-02-20,-0.00013074200021606498,-0.00016342750027008123,-0.00016342750027008123,-0.00016342750027008123
2018-02-21,-0.00064681765174313,-0.0008085220646789125,-0.0008085220646789125,-0.0008085220646789125
2018-02-22,-7.949015183675999e-05,-9.936268979594999e-05,-9.936268979594999e-05,-9.936268979594999e-05
2018-02-23,0.00021633187757950998,0.0002704148469743875,0.0002704148469743875,0.0002704148469743875
2018-02-26,2.472166716054242e-05,3.090208395067802e-05,3.090208395067802e-05,3.090208395067802e-05
2018-02-27,0.00020930232801211998,0.00026162791001515,0.00026162791001515,0.00026162791001515
2018-02-28,0.00023165302749070997,0.00028956628436338744,0.00028956628436338744,0.00028956628436338744
2018-03-01,0.00012728946345436998,0.00015911182931796248,0.00015911182931796248,0.00015911182931796248
2018-03-02,-0.00024378537170627497,-0.0003047317146328437,-0.0003047317146328437,-0.0003047317146328437
2018-03-05,-0.00035,-0.0004375,-0.0004375,-0.0004375
2018-03-06,0.0,0.0,0.0,0.0
2018-03-07,0.0,0.0,0.0,0.0
2018-03-08,0.0,0.0,0.0,0.0
2018-03-09,0.0,0.0,0.0,0.0
2018-03-12,0.0,0.0,0.0,0.0
2018-03-13,0.0,0.0,0.0,0.0
2018-03-14,0.0,0.0,0.0,0.0
2018-03-15,-0.00033913653553969,-0.00042392066942461247,-0.00042392066942461247,-0.00042392066942461247
2018-03-16,0.00022993235419920498,0.00028741544274900625,0.00028741544274900625,0.00028741544274900625
2018-03-19,-5.121492533066e-05,-6.4018656663325e-05,-6.4018656663325e-05,-6.4018656663325e-05
2018-03-20,-0.0035341945620987747,-0.004417743202623468,-0.004417743202623468,-0.004417743202623468
2018-03-21,0.0007672845209867246,0.0009591056512334058,0.0009591056512334058,0.0009591056512334058
2018-03-22,-0.0014371660632678527,-0.001796457579084816,-0.001796457579084816,-0.001796457579084816
2018-03-23,-0.0013082148827115055,-0.001635268603389382,-0.001635268603389382,-0.001635268603389382
2018-03-26,-0.0014921171051960802,-0.0018651463814951003,-0.0018651463814951003,-0.0018651463814951003
2018-03-27,-0.002555876422760256,-0.00319484552845032,-0.00319484552845032,-0.00319484552845032
2018-03-28,0.0023410991146520063,0.002926373893315008,0.002926373893315008,0.002926373893315008
2018-03-29,0.0031447979155746564,0.00393099739446832,0.00393099739446832,0.00393099739446832
2018-04-02,-5.16508798906321e-05,-6.456359986329013e-05,-6.456359986329013e-05,-6.456359986329013e-05
2018-04-03,-0.00024886038703765946,-0.0003110754837970743,-0.0003110754837970743,-0.0003110754837970743
2018-04-04,-0.0011055650929270705,-0.0013819563661588382,-0.0013819563661588382,-0.0013819563661588382
2018-04-05,0.0,0.0,0.0,0.0
2018-04-06,7.582968909306e-05,9.4787111366325e-05,9.4787111366325e-05,9.4787111366325e-05
2018-04-09,0.00015950174590234503,0.0001993771823779313,0.0001993771823779313,0.0001993771823779313
2018-04-10,-4.2701413461945e-05,-5.337676682743125e-05,-5.337676682743125e-05,-5.337676682743125e-05
2018-04-11,0.00024866978416553,0.0003108372302069125,0.0003108372302069125,0.0003108372302069125
2018-04-12,-0.00022547515390732503,-0.00028184394238415627,-0.00028184394238415627,-0.00028184394238415627
2018-04-13,0.00017335583645828004,0.00021669479557285005,0.00021669479557285005,0.00021669479557285005
2018-04-16,4.480673064623e-05,5.60084133077875e-05,5.60084133077875e-05,5.60084133077875e-05
2018-04-17,-0.0016234335499178785,-0.002029291937397348,-0.002029291937397348,-0.002029291937397348
2018-04-18,0.0038151749981640945,0.0047689687477051185,0.0047689687477051185,0.0047689687477051185
2018-04-19,-3.6800798461314346e-05,-4.600099807664293e-05,-4.600099807664293e-05,-4.600099807664293e-05
2018-04-20,-0.0032450644129379627,-0.004056330516172453,-0.004056330516172453,-0.004056330516172453
2018-04-23,-0.002256107478694571,-0.002820134348368214,-0.002820134348368214,-0.002820134348368214
2018-04-24,-5.3783860781348526e-05,-6.722982597668565e-05,-6.722982597668565e-05,-6.722982597668565e-05
2018-04-25,-0.0026851821939328944,-0.0033564777424161182,-0.0033564777424161182,-0.0033564777424161182
2018-04-26,-0.0024939404051265075,-0.0031174255064081342,-0.0031174255064081342,-0.0031174255064081342
2018-04-27,-0.001618789377191316,-0.002023486721489145,-0.002023486721489145,-0.002023486721489145
2018-04-30,0.0009530200136932049,0.0011912750171165062,0.0011912750171165062,0.0011912750171165062
2018-05-01,0.0005209551221275743,0.0006511939026594678,0.0006511939026594678,0.0006511939026594678
2018-05-02,-0.0005055135314128814,-0.0006318919142661018,-0.0006318919142661018,-0.0006318919142661018
2018-05-03,-0.0011853859147961082,-0.0014817323934951353,-0.0014817323934951353,-0.0014817323934951353
2018-05-04,-0.0018136549466510662,-0.0022670686833138327,-0.0022670686833138327,-0.0022670686833138327
2018-05-07,0.0011311731271576024,0.001413966408947003,0.001413966408947003,0.001413966408947003
2018-05-08,0.0017428846201232384,0.002178605775154048,0.002178605775154048,0.002178605775154048
2018-05-09,-0.0006240938838219828,-0.0007801173547774784,-0.0007801173547774784,-0.0007801173547774784
2018-05-10,0.0014102127897297563,0.0017627659871621954,0.0017627659871621954,0.0017627659871621954
2018-05-11,-0.0017169313825659905,-0.002146164228207488,-0.002146164228207488,-0.002146164228207488
2018-05-14,-0.0012315510317648262,-0.0015394387897060327,-0.0015394387897060327,-0.0015394387897060327
2018-05-15,6.855070994622671e-06,8.568838743278339e-06,8.568838743278339e-06,8.568838743278339e-06
2018-05-16,5.4379405535385006e-05,6.797425691923126e-05,6.797425691923126e-05,6.797425691923126e-05
2018-05-17,0.00043185081770201006,0.0005398135221275125,0.0005398135221275125,0.0005398135221275125
2018-05-18,-0.00033175706475366,-0.00041469633094207506,-0.00041469633094207506,-0.00041469633094207506
2018-05-21,0.00013165727217209002,0.00016457159021511254,0.00016457159021511254,0.00016457159021511254
2018-05-22,6.332355445416001e-05,7.915444306770001e-05,7.915444306770001e-05,7.915444306770001e-05
2018-05-23,4.2074984547925e-05,5.259373068490625e-05,5.259373068490625e-05,5.259373068490625e-05
2018-05-24,-0.00038875963979884506,-0.0004859495497485563,-0.0004859495497485563,-0.0004859495497485563
2018-05-25,4.579605843844501e-05,5.724507304805626e-05,5.724507304805626e-05,5.724507304805626e-05
2018-05-29,-0.00038534210594866,-0.00048167763243582497,-0.00048167763243582497,-0.00048167763243582497
2018-05-30,3.408823466939012e-05,4.2610293336737645e-05,4.2610293336737645e-05,4.2610293336737645e-05
2018-05-31,5.983221666282001e-05,7.4790270828525e-05,7.4790270828525e-05,7.4790270828525e-05
2018-06-01,6.4615611642645e-05,8.076951455330625e-05,8.076951455330625e-05,8.076951455330625e-05
2018-06-04,7.964279772606501e-05,9.955349715758126e-05,9.955349715758126e-05,9.955349715758126e-05
2018-06-05,0.00012680351494433003,0.00015850439368041253,0.00015850439368041253,0.00015850439368041253
2018-06-06,0.000194077946049645,0.00024259743256205626,0.00024259743256205626,0.00024259743256205626
2018-06-07,-0.00042615729349420505,-0.0005326966168677563,-0.0005326966168677563,-0.0005326966168677563
2018-06-08,7.300684154603e-05,9.12585519325375e-05,9.12585519325375e-05,9.12585519325375e-05
2018-06-11,-0.00035000000000000005,-0.00043750000000000006,-0.00043750000000000006,-0.00043750000000000006
2018-06-12,0.0,0.0,0.0,0.0
2018-06-13,0.0,0.0,0.0,0.0
2018-06-14,0.0,0.0,0.0,0.0
2018-06-15,0.0,0.0,0.0,0.0
2018-06-18,0.0,0.0,0.0,0.0
2018-06-19,0.0002250315169416005,0.0002812893961770006,0.0002812893961770006,0.0002812893961770006
2018-06-20,0.0009244965794622304,0.001155620724327788,0.001155620724327788,0.001155620724327788
2018-06-21,0.0004146250979721703,0.0005182813724652129,0.0005182813724652129,0.0005182813724652129
2018-06-22,-0.0010407487577198176,-0.001300935947149772,-0.001300935947149772,-0.001300935947149772
2018-06-25,9.47664067680869e-05,0.00011845800846010863,0.00011845800846010863,0.00011845800846010863
2018-06-26,0.0017613809927575516,0.0022017262409469397,0.0022017262409469397,0.0022017262409469397
2018-06-27,-0.0015710229668529012,-0.0019637787085661266,-0.0019637787085661266,-0.0019637787085661266
2018-06-28,-0.0008421801464052302,-0.0010527251830065377,-0.0010527251830065377,-0.0010527251830065377
2018-06-29,0.0009948179844741535,0.0012435224805926919,0.0012435224805926919,0.0012435224805926919
2018-07-02,0.0005922869810331358,0.0007403587262914198,0.0007403587262914198,0.0007403587262914198
2018-07-03,0.0006212095216711049,0.0007765119020888812,0.0007765119020888812,0.0007765119020888812
2018-07-05,0.0,0.0,0.0,0.0
2018-07-06,0.0,0.0,0.0,0.0
2018-07-09,0.0,0.0,0.0,0.0
2018-07-10,-0.00036738357245643034,-0.0004592294655705379,-0.0004592294655705379,-0.0004592294655705379
2018-07-11,0.0006757096428121734,0.0008446370535152168,0.0008446370535152168,0.0008446370535152168
2018-07-12,-0.0013623830921852874,-0.0017029788652316092,-0.0017029788652316092,-0.0017029788652316092
2018-07-13,-0.002191023795236057,-0.0027387797440450714,-0.0027387797440450714,-0.0027387797440450714
2018-07-16,0.0031849998467542123,0.003981249808442765,0.003981249808442765,0.003981249808442765
2018-07-17,0.0019570273107808425,0.002446284138476053,0.002446284138476053,0.002446284138476053
2018-07-18,0.0013175399267465824,0.001646924908433228,0.001646924908433228,0.001646924908433228
2018-07-19,0.002104990377309424,0.00263123797163678,0.00263123797163678,0.00263123797163678
2018-07-20,-0.0036118501872598905,-0.004514812734074863,-0.004514812734074863,-0.004514812734074863
2018-07-23,0.0004017501758320362,0.0005021877197900452,0.0005021877197900452,0.0005021877197900452
2018-07-24,0.0020381920132698764,0.0025477400165873454,0.0025477400165873454,0.0025477400165873454
2018-07-25,0.0004750601572902193,0.0005938251966127741,0.0005938251966127741,0.0005938251966127741
2018-07-26,0.008307857428708107,0.010384821785885134,0.010384821785885134,0.010384821785885134
2018-07-27,-0.0035222417874643704,-0.004402802234330463,-0.004402802234330463,-0.004402802234330463
2018-07-30,-0.0004640014523579465,-0.0005800018154474331,-0.0005800018154474331,-0.0005800018154474331
2018-07-31,-0.004836294333501759,-0.006045367916877199,-0.006045367916877199,-0.006045367916877199
2018-08-01,0.00011881743015058498,0.00014852178768823122,0.00014852178768823122,0.00014852178768823122
2018-08-02,-0.000977627521502895,-0.0012220344018786186,-0.0012220344018786186,-0.0012220344018786186
2018-08-03,-0.002318619802380914,-0.0028982747529761425,-0.0028982747529761425,-0.0028982747529761425
2018-08-06,0.00014224317324013086,0.00017780396655016356,0.00017780396655016356,0.00017780396655016356
2018-08-07,0.0019562595489863994,0.0024453244362329994,0.0024453244362329994,0.0024453244362329994
2018-08-08,0.0008425805353174862,0.0010532256691468578,0.0010532256691468578,0.0010532256691468578
2018-08-09,-0.00024345050625484616,-0.0003043131328185577,-0.0003043131328185577,-0.0003043131328185577
2018-08-10,-0.0006565123751705935,-0.0008206404689632419,-0.0008206404689632419,-0.0008206404689632419
2018-08-13,-0.000731250790923189,-0.0009140634886539863,-0.0009140634886539863,-0.0009140634886539863
2018-08-14,-0.0006739817913804385,-0.0008424772392255481,-0.0008424772392255481,-0.0008424772392255481
2018-08-15,0.0011179825737217893,0.0013974782171522365,0.0013974782171522365,0.0013974782171522365
2018-08-16,-0.001849365648256271,-0.0023117070603203387,-0.0023117070603203387,-0.0023117070603203387
2018-08-17,0.00027083742934337206,0.00033854678667921505,0.00033854678667921505,0.00033854678667921505
2018-08-20,-0.0005883440001350004,-0.0007354300001687505,-0.0007354300001687505,-0.0007354300001687505
2018-08-21,-0.0009203012019403462,-0.0011503765024254327,-0.0011503765024254327,-0.0011503765024254327
2018-08-22,0.0008350483539211413,0.0010438104424014267,0.0010438104424014267,0.0010438104424014267
2018-08-23,-0.00011490717437272722,-0.00014363396796590903,-0.00014363396796590903,-0.00014363396796590903
2018-08-24,-0.0007701013992532746,-0.0009626267490665932,-0.0009626267490665932,-0.0009626267490665932
2018-08-27,0.005411757405350188,0.006764696756687735,0.006764696756687735,0.006764696756687735
2018-08-28,-0.0019970753445242573,-0.0024963441806553216,-0.0024963441806553216,-0.0024963441806553216
2018-08-29,0.006031646554539534,0.0075395581931744175,0.0075395581931744175,0.0075395581931744175
2018-08-30,-0.0006751254614286458,-0.0008439068267858072,-0.0008439068267858072,-0.0008439068267858072
2018-08-31,-0.0013483198382635943,-0.001685399797829493,-0.001685399797829493,-0.001685399797829493
2018-09-04,0.001027909715646739,0.0012848871445584236,0.0012848871445584236,0.0012848871445584236
2018-09-05,-0.007599049422940183,-0.009498811778675228,-0.009498811778675228,-0.009498811778675228
2018-09-06,0.0015521025860508646,0.0019401282325635808,0.0019401282325635808,0.0019401282325635808
2018-09-07,0.0009944707367366193,0.0012430884209207742,0.0012430884209207742,0.0012430884209207742
2018-09-10,-0.003786336596414099,-0.004732920745517624,-0.004732920745517624,-0.004732920745517624
2018-09-11,0.0037359079563047772,0.0046698849453809714,0.0046698849453809714,0.0046698849453809714
2018-09-12,0.003640624292822512,0.00455078036602814,0.00455078036602814,0.00455078036602814
2018-09-13,0.0009681787045319571,0.0012102233806649463,0.0012102233806649463,0.0012102233806649463
2018-09-14,3.948513183399968e-05,4.93564147924996e-05,4.93564147924996e-05,4.93564147924996e-05
2018-09-17,-0.005174155350942231,-0.006467694188677788,-0.006467694188677788,-0.006467694188677788
2018-09-18,-0.003349655750023908,-0.004187069687529885,-0.004187069687529885,-0.004187069687529885
2018-09-19,-0.004295675436256129,-0.0053157893340552015,-0.005369594295320161,-0.005369594295320161
2018-09-20,-0.0020094296950937283,-0.002438640934691562,-0.0025117871188671606,-0.0025117871188671606
2018-09-21,0.0005556093207278255,0.0006747279565147996,0.0006945116509097819,0.0006945116509097819
2018-09-24,-0.00203180198260203,-0.002483568716800115,-0.0025397524782525376,-0.0025397524782525376
2018-09-25,-0.0018654368840143353,-0.002273904058443906,-0.002331796105017919,-0.002331796105017919
2018-09-26,0.00015910965032272077,0.00019364710514420115,0.00019888706290340096,0.00019888706290340096
2018-09-27,-0.001024119553339526,-0.0012465645830551022,-0.0012801494416744075,-0.0012801494416744075
2018-09-28,0.0005788425573385268,0.0007042614060435175,0.0007235531966731585,0.0007235531966731585
2018-10-01,-0.0008809135139521553,-0.0010714940688275954,-0.0011011418924401942,-0.0011011418924401942
2018-10-02,0.0009936700884388568,0.0012175675918245936,0.0012420876105485711,0.0012420876105485711
2018-10-03,0.0,0.0,0.0,0.0
2018-10-04,0.0,0.0,0.0,0.0
2018-10-05,0.0,0.0,0.0,0.0
2018-10-08,0.0,0.0,0.0,0.0
2018-10-09,0.0,0.0,0.0,0.0
2018-10-10,0.0,0.0,0.0,0.0
2018-10-11,-0.003506768970589089,-0.004383461213236362,-0.004383461213236362,-0.004383461213236362
2018-10-12,0.0035987126699218025,0.004498390837402253,0.004498390837402253,0.004498390837402253
2018-10-15,-0.0036725978877568096,-0.004590747359696012,-0.004590747359696012,-0.004590747359696012
2018-10-16,0.002033694694711266,0.0025421183683890826,0.0025421183683890826,0.0025421183683890826
2018-10-17,-0.00026533255214323615,-0.0003316656901790452,-0.0003316656901790452,-0.0003316656901790452
2018-10-18,0.0018330559835726134,0.0022913199794657667,0.0022913199794657667,0.0022913199794657667
2018-10-19,-0.004203754047072522,-0.005254692558840653,-0.005254692558840653,-0.005254692558840653
2018-10-22,0.0033083111683446425,0.004135388960430803,0.004135388960430803,0.004135388960430803
2018-10-23,-0.0028726051812946584,-0.003590756476618323,-0.003590756476618323,-0.003590756476618323
2018-10-24,-0.002889049842034852,-0.003611312302543565,-0.003611312302543565,-0.003611312302543565
2018-10-25,0.008620637142245558,0.010775796427806947,0.010775796427806947,0.010775796427806947
2018-10-26,-0.0028295554672338394,-0.0035369443340422992,-0.0035369443340422992,-0.0035369443340422992
2018-10-29,-0.009631963083870224,-0.01203995385483778,-0.01203995385483778,-0.01203995385483778
2018-10-30,0.0014239044826402283,0.0017798806033002853,0.0017798806033002853,0.0017798806033002853
2018-10-31,0.004682786175775322,0.0058534827197191525,0.0058534827197191525,0.0058534827197191525
2018-11-01,-0.005236794267054671,-0.0065459928338183395,-0.0065459928338183395,-0.0065459928338183395
2018-11-02,-0.002492396053665512,-0.00311549506708189,-0.00311549506708189,-0.00311549506708189
2018-11-05,0.0013745762372239594,0.0017173967542193007,0.0017182202965299494,0.0017182202965299494
2018-11-06,-0.0013664953558983894,-0.0017018657895200061,-0.0017081191948729868,-0.0017081191948729868
2018-11-07,0.003596633782042255,0.004474445569304804,0.004495792227552819,0.004495792227552819
2018-11-08,-0.0006729978745077566,-0.0008237067286099848,-0.0008412473431346958,-0.0008412473431346958
2018-11-09,-0.0018331430861006778,-0.002245217478974637,-0.0022914288576258474,-0.0022914288576258474
2018-11-12,0.0008867844522905046,0.0010834299861459031,0.0011084805653631307,0.0011084805653631307
2018-11-13,0.0001953648396975213,0.00023918057665694008,0.0002442060496219016,0.0002442060496219016
2018-11-14,-0.0009351290688912995,-0.0011500715826994131,-0.0011689113361141243,-0.0011689113361141243
2018-11-15,0.0011481270903735102,0.0014113336730781439,0.0014351588629668878,0.0014351588629668878
2018-11-16,0.0033997567260730804,0.004170309576702588,0.0042496959075913505,0.0042496959075913505
2018-11-19,0.000539863156834906,0.0006524052132644263,0.0006748289460436325,0.0006748289460436325
2018-11-20,-0.0027158553113649734,-0.0033334871694624536,-0.0033948191392062167,-0.0033948191392062167
2018-11-21,-0.004300969371036888,-0.005246306959940807,-0.0053762117137961096,-0.0053762117137961096
2018-11-23,-0.00014245169274217472,-0.00017046536954439003,-0.0001780646159277184,-0.0001780646159277184
2018-11-26,-0.00015715010955304662,-0.0001884261996828127,-0.00019643763694130828,-0.00019643763694130828
2018-11-27,0.0014360282841019755,0.0017634613263850971,0.0017950353551274693,0.0017950353551274693
2018-11-28,-0.0009868031804745752,-0.0012078199473631182,-0.001233503975593219,-0.001233503975593219
2018-11-29,0.0002688157828986829,0.0003291836003727221,0.0003360197286233536,0.0003360197286233536
2018-11-30,0.00820242930781467,0.010045424879037758,0.010253036634768339,0.010253036634768339
2018-12-03,-0.006499896803287209,-0.0073556391799222,-0.00812487100410901,-0.00812487100410901
2018-12-04,0.004582438955109871,0.005004196532676531,0.0057280486938873386,0.0057280486938873386
2018-12-06,-0.0004940305271560984,-0.0005339927228668073,-0.0006175381589451231,-0.0006175381589451231
2018-12-07,0.001798025600391363,0.0019473069489385987,0.0022475320004892037,0.0022475320004892037
2018-12-10,-0.0009361318708572197,-0.00101788211166754,-0.0011701648385715245,-0.0011701648385715245
2018-12-11,-0.001309022045672013,-0.0014235293390183828,-0.0016362775570900163,-0.0016362775570900163
2018-12-12,-0.0005459385088498361,-0.0005943088405765885,-0.0006824231360622951,-0.0006824231360622951
2018-12-13,0.005267150115498515,0.005734978653888122,0.006583937644373144,0.006583937644373144
2018-12-14,0.0017474388196821416,0.0018529515904543317,0.002184298524602677,0.002184298524602677
2018-12-17,4.498405061361668e-05,4.758310282016655e-05,5.623006326702085e-05,5.623006326702085e-05
2018-12-18,-0.0015460407387412022,-0.0016365529826538495,-0.0019325509234265027,-0.0019325509234265027
2018-12-19,-0.0007895317864691689,-0.0008341342011753128,-0.000986914733086461,-0.000986914733086461
2018-12-20,0.001371024544732013,0.0014478451063114422,0.0017137806809150162,0.0017137806809150162
2018-12-21,0.0020232421137114827,0.002132829367151448,0.0025290526421393534,0.0025290526421393534
2018-12-24,0.005609250574259369,0.005891410805623999,0.007011563217824211,0.007011563217824211
2018-12-26,-0.0023825802806456678,-0.0024368159707943396,-0.002978225350807085,-0.002978225350807085
2018-12-27,0.0024277076159842396,0.002470537564462022,0.0030346345199802997,0.0030346345199802997
2018-12-28,-0.0012021161610169303,-0.0012177544734910545,-0.0015026452012711629,-0.0015026452012711629
2018-12-31,0.0005526291884333434,0.0005590629251349744,0.0006907864855416792,0.0006907864855416792
2019-01-02,-0.0016062252759097783,-0.0016246347330763074,-0.002007781594887223,-0.002007781594887223
2019-01-03,-0.00047514921989941705,-0.0004798904339478005,-0.0005939365248742713,-0.0005939365248742713
2019-01-04,0.0,0.0,0.0,0.0
2019-01-07,-0.003683914847456467,-0.0023766274443529642,-0.003802603910964742,-0.004604893559320583
2019-01-08,0.0033645698856451835,0.0021627203838089494,0.0034603526140943187,0.004205712357056479
2019-01-09,-0.0025542075341977626,-0.0016351556618302342,-0.002616249058928375,-0.003192759417747203
2019-01-10,9.34987231353549e-05,5.97562620427e-05,9.561001926831999e-05,0.00011687340391919363
2019-01-11,0.0014471498671906522,0.000929282445848117,0.001486851913356987,0.0018089373339883153
2019-01-14,0.0008288219412582097,0.0005341004862047409,0.0008545607779275854,0.001036027426572762
2019-01-15,0.002158239263854052,0.0013921009886179194,0.0022273615817886712,0.002697799079817565
2019-01-16,0.000509993422192515,0.00033215715771284124,0.0005314514523405459,0.0006374917777406438
2019-01-17,0.0014467471465979171,0.0009595805510291105,0.0015353288816465766,0.0018084339332473964
2019-01-18,-0.0033031876956442167,-0.0022244687516278006,-0.003559150002604481,-0.00412898461955527
2019-01-22,0.0037380446130858645,0.0025407197905633274,0.004065151664901324,0.00467255576635733
2019-01-23,-0.0019507883745407237,-0.00132096700617949,-0.002113547209887184,-0.0024384854681759045
2019-01-24,-0.001372463217251855,-0.0009295572829945935,-0.0014872916527913494,-0.0017155790215648186
2019-01-25,-0.002540765606289044,-0.0017217807728031574,-0.0027548492364850513,-0.003175957007861305
2019-01-28,0.003209256760622785,0.002171693510772892,0.003474709617236627,0.004011570950778481
2019-01-29,-0.0014596678977580571,-0.0010474344418563192,-0.0016758951069701107,-0.0018245848721975713
2019-01-30,0.002763812717156635,0.0020497384411133205,0.0032795815057813124,0.0034547658964457937
2019-01-31,-0.0014901356743759538,-0.001125614132181404,-0.0018009826114902463,-0.0018626695929699422
2019-02-01,-0.0028347505592785315,-0.002197444474555777,-0.003515911159289243,-0.0035434381990981645
2019-02-04,0.0002316004327654103,0.00017954127344183362,0.00028726603750693375,0.0002895005409567629
2019-02-05,0.0036541407955644543,0.0028436483375854386,0.004549837340136702,0.004567675994455568
2019-02-06,0.002957234231455455,0.0022960266446160386,0.003673642631385662,0.003696542789319319
2019-02-07,0.0027632223187271498,0.002136638615801474,0.003418621785282359,0.0034540278984089372
2019-02-08,0.00138960282515796,0.0010715487910246651,0.001714478065639464,0.0017370035314474498
2019-02-11,6.5264671055815e-05,5.03005206012429e-05,8.048083296198862e-05,8.158083881976876e-05
2019-02-12,-0.00036384734246483,-0.00029229177497670485,-0.00045480917808103747,-0.00045480917808103747
2019-02-13,-0.0012648073636348498,-0.001022156598063425,-0.0015810092045435622,-0.0015810092045435622
2019-02-14,-0.00035,-0.00028266990105561254,-0.0004375,-0.0004375
2019-02-15,0.0,0.0,0.0,0.0
2019-02-19,0.0,0.0,0.0,0.0
2019-02-20,0.0,0.0,0.0,0.0
2019-02-21,0.0,0.0,0.0,0.0
2019-02-22,0.0,0.0,0.0,0.0
2019-02-25,0.0011438204827466257,0.0009393522784748524,0.0014297756034332822,0.0014297756034332822
2019-02-26,0.0008351328389383951,0.0006855221988403233,0.001043916048672994,0.001043916048672994
2019-02-27,-0.00029652058751714446,-0.00024345822290308295,-0.0003706507343964306,-0.0003706507343964306
2019-02-28,0.0005585493195112371,0.00045857802402886507,0.0006981866493890464,0.0006981866493890464
2019-03-01,0.0022392346387421344,0.001860624323584364,0.002799043298427668,0.002799043298427668
2019-03-04,-0.009180108139095821,-0.007644863194831855,-0.011475135173869777,-0.011475135173869777
2019-03-05,-0.0003112181075196887,-0.00032956234943131547,-0.0003890226343996109,-0.0003890226343996109
2019-03-06,-0.0019459632635245056,-0.002062897223093594,-0.002432454079405632,-0.002432454079405632
2019-03-07,-0.0014708749099071766,-0.001556624266978438,-0.0018385936373839706,-0.0018385936373839706
2019-03-08,0.0016570084666476914,0.001790144089740658,0.0020712605833096143,0.0020712605833096143
2019-03-11,0.0010170528068228822,0.0011887704248080915,0.0012713160085286027,0.0012713160085286027
2019-03-12,0.0010454928376826213,0.0012277530673669933,0.0013068660471032766,0.0013068660471032766
2019-03-13,0.00205139002513349,0.0025642375314168624,0.0025642375314168624,0.0025642375314168624
2019-03-14,-0.003123374838020749,-0.003904218547525936,-0.003904218547525936,-0.003904218547525936
2019-03-15,0.0024601300031411,0.003075162503926375,0.003075162503926375,0.003075162503926375
2019-03-18,0.0018887924317317903,0.0023609905396647377,0.0023609905396647377,0.0023609905396647377
2019-03-19,0.005460656711012768,0.00682582088876596,0.00682582088876596,0.00682582088876596
2019-03-20,-0.00470500178548571,-0.005881252231857138,-0.005881252231857138,-0.005881252231857138
2019-03-21,0.009967099818793505,0.012458874773491882,0.012458874773491882,0.012458874773491882
2019-03-22,-0.003957435139486373,-0.004516426169687244,-0.004946793924357966,-0.004946793924357966
2019-03-25,-0.001843245847050515,-0.002093616891059096,-0.002304057308813144,-0.002304057308813144
2019-03-26,-0.004696281515264973,-0.005340066998270601,-0.005870351894081216,-0.005870351894081216
2019-03-27,-0.0008803640227914673,-0.000978653041674816,-0.0011004550284893341,-0.0011004550284893341
2019-03-28,-0.0005540864772578598,-0.0006156167964642482,-0.0006926080965723247,-0.0006926080965723247
2019-03-29,0.005849541300850749,0.006543919193768372,0.007311926626063435,0.007311926626063435
2019-04-01,-0.00010174036917522155,-0.00011042796043190816,-0.00012717546146902693,-0.00012717546146902693
2019-04-02,-0.0008951678154468805,-0.0009719118227365297,-0.0011189597693086006,-0.0011189597693086006
2019-04-03,0.0012166698571290093,0.0013218857178367452,0.0015208373214112617,0.0015208373214112617
2019-04-04,-0.0008653129448887745,-0.0009419819439914179,-0.0010816411811109682,-0.0010816411811109682
2019-04-05,0.0,0.0,0.0,0.0
2019-04-08,0.0,0.0,0.0,0.0
2019-04-09,0.0,0.0,0.0,0.0
2019-04-10,0.0,0.0,0.0,0.0
2019-04-11,0.0,0.0,0.0,0.0
2019-04-12,-0.004423278974680438,-0.005529098718350547,-0.005529098718350547,-0.005529098718350547
2019-04-15,0.003446009443645153,0.004307511804556441,0.004307511804556441,0.004307511804556441
2019-04-16,-0.0019268794070527943,-0.002408599258815993,-0.002408599258815993,-0.002408599258815993
2019-04-17,0.0007392009350533521,0.0009240011688166902,0.0009240011688166902,0.0009240011688166902
2019-04-18,0.0014581062404393436,0.0018226328005491795,0.0018226328005491795,0.0018226328005491795
2019-04-22,0.002987244175499735,0.0037340552193746686,0.0037340552193746686,0.0037340552193746686
2019-04-23,-0.00043422208256745705,-0.0005427776032093213,-0.0005427776032093213,-0.0005427776032093213
2019-04-24,-1.1880584038732964e-05,-1.4850730048416205e-05,-1.4850730048416205e-05,-1.4850730048416205e-05
2019-04-25,0.00019695626029190498,0.00024619532536488125,0.00024619532536488125,0.00024619532536488125
2019-04-26,-0.0038185352083201893,-0.004773169010400237,-0.004773169010400237,-0.004773169010400237
2019-04-29,-0.001444287456050734,-0.0018053593200634175,-0.0018053593200634175,-0.0018053593200634175
2019-04-30,-0.0011831003841062861,-0.0014788754801328577,-0.0014788754801328577,-0.0014788754801328577
2019-05-01,0.0014783843539214188,0.0018479804424017736,0.0018479804424017736,0.0018479804424017736
2019-05-02,0.0010458738044657897,0.0013073422555822372,0.0013073422555822372,0.0013073422555822372
2019-05-03,-0.003115164162689967,-0.003893955203362459,-0.003893955203362459,-0.003893955203362459
2019-05-06,0.0018404057932734075,0.0023005072415917594,0.0023005072415917594,0.0023005072415917594
2019-05-07,0.00036615922647209565,0.00045769903309011956,0.00045769903309011956,0.00045769903309011956
2019-05-08,-0.00022301453069916775,-0.0002787681633739597,-0.0002787681633739597,-0.0002787681633739597
2019-05-09,-2.9487453178763962e-05,-3.685931647345495e-05,-3.685931647345495e-05,-3.685931647345495e-05
2019-05-10,-0.0007387516150199531,-0.0009234395187749414,-0.0009234395187749414,-0.0009234395187749414
2019-05-13,0.0013166293463406334,0.0016457866829257916,0.0016457866829257916,0.0016457866829257916
2019-05-14,-4.593211576686468e-06,-5.741514470858084e-06,-5.741514470858084e-06,-5.741514470858084e-06
2019-05-15,-0.0011783834746125841,-0.0014729793432657302,-0.0014729793432657302,-0.0014729793432657302
2019-05-16,-0.001456398615479043,-0.0018204982693488037,-0.0018204982693488037,-0.0018204982693488037
2019-05-17,-0.001836199066796883,-0.002295248833496104,-0.002295248833496104,-0.002295248833496104
2019-05-20,0.004367205173988347,0.005459006467485434,0.005459006467485434,0.005459006467485434
2019-05-21,-0.0016993574302400108,-0.0021241967878000137,-0.0021241967878000137,-0.0021241967878000137
2019-05-22,-0.00015559121534863235,-0.00019448901918579044,-0.00019448901918579044,-0.00019448901918579044
2019-05-23,-0.0006042864222430666,-0.0007553580278038333,-0.0007553580278038333,-0.0007553580278038333
2019-05-24,0.0012664029647557963,0.0015830037059447453,0.0015830037059447453,0.0015830037059447453
2019-05-28,0.0015113118854243371,0.0018891398567804215,0.0018891398567804215,0.0018891398567804215
2019-05-29,0.0002307090818721255,0.0002883863523401569,0.0002883863523401569,0.0002883863523401569
2019-05-30,0.0036049258556203243,0.0045061573195254055,0.0045061573195254055,0.0045061573195254055
2019-05-31,-0.002347257156271078,-0.0029340714453388473,-0.0029340714453388473,-0.0029340714453388473
2019-06-03,-0.005592389549798515,-0.006990486937248143,-0.006990486937248143,-0.006990486937248143
2019-06-04,0.001862900245737682,0.0023286253071721024,0.0023286253071721024,0.0023286253071721024
2019-06-05,0.005511841571464891,0.006889801964331114,0.006889801964331114,0.006889801964331114
2019-06-06,0.0024379807587710575,0.003047475948463822,0.003047475948463822,0.003047475948463822
2019-06-07,0.0005031814543794274,0.0006289768179742843,0.0006289768179742843,0.0006289768179742843
2019-06-10,-0.007716039216251852,-0.009645049020314815,-0.009645049020314815,-0.009645049020314815
2019-06-11,0.0004945445954218735,0.0006181807442773419,0.0006181807442773419,0.0006181807442773419
2019-06-12,-2.6908426899574603e-05,-3.3635533624468254e-05,-3.3635533624468254e-05,-3.3635533624468254e-05
2019-06-13,0.00039308074629423146,0.0004913509328677893,0.0004913509328677893,0.0004913509328677893
2019-06-14,0.00032661959424834384,0.0004082744928104298,0.0004082744928104298,0.0004082744928104298
2019-06-17,0.0012968923572045825,0.0016211154465057282,0.0016211154465057282,0.0016211154465057282
2019-06-18,0.0008779207976645645,0.0010974009970807057,0.0010974009970807057,0.0010974009970807057
2019-06-19,-0.0011302938682978775,-0.0014128673353723468,-0.0014128673353723468,-0.0014128673353723468
2019-06-20,-0.00011377181541191139,-0.00014221476926488925,-0.00014221476926488925,-0.00014221476926488925
2019-06-21,0.0019221244810420442,0.002402655601302555,0.002402655601302555,0.002402655601302555
2019-06-24,-0.00032609779537353073,-0.0004076222442169134,-0.0004076222442169134,-0.0004076222442169134
2019-06-25,-0.00035000000000000005,-0.00043750000000000006,-0.00043750000000000006,-0.00043750000000000006
2019-06-26,0.0,0.0,0.0,0.0
2019-06-27,0.0,0.0,0.0,0.0
2019-06-28,0.0,0.0,0.0,0.0
2019-07-01,0.0,0.0,0.0,0.0
2019-07-02,0.0,0.0,0.0,0.0
2019-07-03,0.0,0.0,0.0,0.0
2019-07-05,0.0,0.0,0.0,0.0
2019-07-08,0.0,0.0,0.0,0.0
2019-07-09,0.0,0.0,0.0,0.0
2019-07-10,0.0,0.0,0.0,0.0
2019-07-11,0.0,0.0,0.0,0.0
2019-07-12,0.0,0.0,0.0,0.0
2019-07-15,0.0025806433686347417,0.003062911714710479,0.003225804210793427,0.003225804210793427
2019-07-16,6.439711079624586e-05,7.603389746852626e-05,8.049638849530733e-05,8.049638849530733e-05
2019-07-17,0.0005366877193499976,0.0006343574326733135,0.000670859649187497,0.000670859649187497
2019-07-18,-0.0009684842342159244,-0.0012106052927699056,-0.0012106052927699056,-0.0012106052927699056
2019-07-19,0.00011225568580467236,0.00014031960725584044,0.00014031960725584044,0.00014031960725584044
2019-07-22,-0.0012035905991544214,-0.0015044882489430268,-0.0015044882489430268,-0.0015044882489430268
2019-07-23,0.0010236938384139843,0.0012796172980174803,0.0012796172980174803,0.0012796172980174803
2019-07-24,0.005726786296540604,0.0071584828706757545,0.0071584828706757545,0.0071584828706757545
2019-07-25,-0.0016529715798151152,-0.002066214474768894,-0.002066214474768894,-0.002066214474768894
2019-07-26,0.0010690623097673988,0.0013363278872092483,0.0013363278872092483,0.0013363278872092483
2019-07-29,0.00018111162070333343,0.00022638952587916678,0.00022638952587916678,0.00022638952587916678
2019-07-30,-0.003495655786154353,-0.004369569732692941,-0.004369569732692941,-0.004369569732692941
2019-07-31,-0.009650743507127807,-0.012063429383909759,-0.012063429383909759,-0.012063429383909759
2019-08-01,0.0009426976435957268,0.0011108313805230521,0.0011783720544946584,0.0011783720544946584
2019-08-02,0.004930061429416337,0.0058177981925692495,0.006162576786770421,0.006162576786770421
2019-08-05,-0.0016459922988426201,-0.001904621212059706,-0.002057490373553275,-0.002057490373553275
2019-08-06,-0.0002399625625123321,-0.00027663282293903714,-0.0002999532031404151,-0.0002999532031404151
2019-08-07,-0.0005101756666221599,-0.0005887635726933753,-0.0006377195832776999,-0.0006377195832776999
2019-08-08,0.0010982993213098295,0.0012689717539539909,0.001372874151637287,0.001372874151637287
2019-08-09,6.980418487113156e-05,8.088588731304407e-05,8.725523108891445e-05,8.725523108891445e-05
2019-08-12,0.0009711026966680063,0.001130614813001266,0.001213878370835008,0.001213878370835008
2019-08-13,-0.000555239937892084,-0.0006464252885959933,-0.000694049922365105,-0.000694049922365105
2019-08-14,-0.00019501497406841065,-0.00022687717929570838,-0.0002437687175855133,-0.0002437687175855133
2019-08-15,-0.001967025943662942,-0.0023659388402814895,-0.0024587824295786774,-0.0024587824295786774
2019-08-16,-0.0006624421167063195,-0.0007932691579373386,-0.0008280526458828994,-0.0008280526458828994
2019-08-19,0.0013349799985388218,0.0016028146976421677,0.0016687249981735272,0.0016687249981735272
2019-08-20,-0.002110044705783692,-0.0025405838812145357,-0.002637555882229615,-0.002637555882229615
2019-08-21,-0.0011719127770435343,-0.0014042520626187088,-0.001464890971304418,-0.001464890971304418
2019-08-22,0.0006713061737836298,0.0008038083250772273,0.0008391327172295373,0.0008391327172295373
2019-08-23,-8.772886809419643e-06,-1.050266453897671e-05,-1.0966108511774554e-05,-1.0966108511774554e-05
2019-08-26,-0.0017540268640183448,-0.002192533580022931,-0.002192533580022931,-0.002192533580022931
2019-08-27,-0.0018723177169101646,-0.002340397146137706,-0.002340397146137706,-0.002340397146137706
2019-08-28,0.0030938715530837583,0.0038673394413546976,0.0038673394413546976,0.0038673394413546976
2019-08-29,-0.0007179288436685908,-0.0008885396068234785,-0.0008974110545857385,-0.0008974110545857385
2019-08-30,0.0016963319105885485,0.0020987505794867654,0.0021204148882356857,0.0021204148882356857
2019-09-03,-0.002403888888737184,-0.0029654739502190668,-0.00300486111092148,-0.00300486111092148
2019-09-04,-0.0047328779488410985,-0.005797434751780097,-0.005916097436051373,-0.005916097436051373
2019-09-05,-0.0012286864018069591,-0.001471255696541279,-0.0015358580022586988,-0.0015358580022586988
2019-09-06,-0.001953515889518227,-0.002335565946439219,-0.002441894861897784,-0.002441894861897784
2019-09-09,0.004929015446434443,0.0058739699180815445,0.006161269308043054,0.006161269308043054
2019-09-10,0.001039500171450293,0.0012445779225391937,0.0012993752143128662,0.0012993752143128662
2019-09-11,0.0034948371445651925,0.004190507223414089,0.0043685464307064905,0.0043685464307064905
2019-09-12,-0.003768343012120564,-0.004545868966206646,-0.004710428765150705,-0.004710428765150705
2019-09-13,0.004532851806471699,0.0053807734300395675,0.005666064758089624,0.005666064758089624
2019-09-16,0.00039454284621807153,0.00045794073652020143,0.0004931785577725894,0.0004931785577725894
2019-09-17,0.000795151031038035,0.0009247025489075208,0.0009939387887975438,0.0009939387887975438
2019-09-18,-0.001788189017513264,-0.0020872535011960164,-0.00223523627189158,-0.00223523627189158
2019-09-19,0.002479127834925216,0.002909497569810781,0.0030989097936565202,0.0030989097936565202
2019-09-20,-0.002205064260028297,-0.002576056740999903,-0.0027563303250353714,-0.0027563303250353714
2019-09-23,0.00039282794176051874,0.0004576468279425695,0.0004910349272006484,0.0004910349272006484
2019-09-24,0.0003972236975054247,0.00047023070117112765,0.0004965296218817809,0.0004965296218817809
2019-09-25,-0.0004840219699274218,-0.0005740289885508924,-0.0006050274624092773,-0.0006050274624092773
2019-09-26,0.0017031357111629022,0.002128919638953628,0.002128919638953628,0.002128919638953628
2019-09-27,0.001057257696974314,0.0013215721212178925,0.0013215721212178925,0.0013215721212178925
2019-09-30,0.000838253859859252,0.001047817324824065,0.001047817324824065,0.001047817324824065
2019-10-01,0.00028484512024298065,0.0003560564003037258,0.0003560564003037258,0.0003560564003037258
2019-10-02,0.0015681262350829093,0.0019601577938536366,0.0019601577938536366,0.0019601577938536366
2019-10-03,-0.00018499480944909495,-0.00023124351181136869,-0.00023124351181136869,-0.00023124351181136869
2019-10-04,0.0,0.0,0.0,0.0
2019-10-07,0.0,0.0,0.0,0.0
2019-10-08,0.0,0.0,0.0,0.0
2019-10-09,0.0,0.0,0.0,0.0
2019-10-10,0.0,0.0,0.0,0.0
2019-10-11,0.0,0.0,0.0,0.0
2019-10-14,0.00021930021646365298,0.00027412527057956625,0.00027412527057956625,0.00027412527057956625
2019-10-15,-0.0031568605804989914,-0.003946075725623739,-0.003946075725623739,-0.003946075725623739
2019-10-16,0.0009013751892659126,0.0011267189865823907,0.0011267189865823907,0.0011267189865823907
2019-10-17,-0.0006742571890924362,-0.0008428214863655453,-0.0008428214863655453,-0.0008428214863655453
2019-10-18,-0.0027280928662112877,-0.0034101160827641097,-0.0034101160827641097,-0.0034101160827641097
2019-10-21,-0.0011210969877149682,-0.0014013712346437103,-0.0014013712346437103,-0.0014013712346437103
2019-10-22,0.0036730729078062515,0.004591341134757815,0.004591341134757815,0.004591341134757815
2019-10-23,-0.004127243324121311,-0.005159054155151638,-0.005159054155151638,-0.005159054155151638
2019-10-24,0.004126613396875541,0.005158266746094426,0.005158266746094426,0.005158266746094426
2019-10-25,0.0017435055360217088,0.002179381920027136,0.002179381920027136,0.002179381920027136
2019-10-28,0.0004899767859707692,0.0006124709824634614,0.0006124709824634614,0.0006124709824634614
2019-10-29,-0.0015444821531249773,-0.0019306026914062218,-0.0019306026914062218,-0.0019306026914062218
2019-10-30,0.007058116518766802,0.008822645648458503,0.008822645648458503,0.008822645648458503
2019-10-31,-0.0004143301881201939,-0.0005179127351502424,-0.0005179127351502424,-0.0005179127351502424
2019-11-01,0.00023268090955869017,0.0002908511369483627,0.0002908511369483627,0.0002908511369483627
2019-11-04,-0.0013926458854981048,-0.001740807356872631,-0.001740807356872631,-0.001740807356872631
2019-11-05,0.0003428658090564087,0.00042858226132051085,0.00042858226132051085,0.00042858226132051085
2019-11-06,-0.0052153491439394534,-0.006519186429924316,-0.006519186429924316,-0.006519186429924316
2019-11-07,-0.004079235429661099,-0.005099044287076374,-0.005099044287076374,-0.005099044287076374
2019-11-08,0.0033006761729340852,0.004125845216167607,0.004125845216167607,0.004125845216167607
2019-11-11,-0.0006108911482012133,-0.0007636139352515165,-0.0007636139352515165,-0.0007636139352515165
2019-11-12,0.00011321475231938362,0.00014151844039922952,0.00014151844039922952,0.00014151844039922952
2019-11-13,-0.00022545248387182397,-0.00028181560483977997,-0.00028181560483977997,-0.00028181560483977997
2019-11-14,-0.00036192160425148004,-0.00045240200531435006,-0.00045240200531435006,-0.00045240200531435006
2019-11-15,3.249779317768951e-05,4.062224147211188e-05,4.062224147211188e-05,4.062224147211188e-05
2019-11-18,0.002474661283056057,0.003093326603820071,0.003093326603820071,0.003093326603820071
2019-11-19,0.001146688449014215,0.0014333605612677686,0.0014333605612677686,0.0014333605612677686
2019-11-20,0.0010379248343690888,0.001297406042961361,0.001297406042961361,0.001297406042961361
2019-11-21,-0.00043351616286908356,-0.0005418952035863545,-0.0005418952035863545,-0.0005418952035863545
2019-11-22,0.0019320011709455754,0.0024150014636819695,0.0024150014636819695,0.0024150014636819695
2019-11-25,-0.0013603866515586945,-0.001700483314448368,-0.001700483314448368,-0.001700483314448368
2019-11-26,0.004679059887296393,0.005848824859120491,0.005848824859120491,0.005848824859120491
2019-11-27,-0.000861645108233329,-0.0010770563852916613,-0.0010770563852916613,-0.0010770563852916613
2019-11-29,-0.0017619090792731407,-0.0022023863490914257,-0.0022023863490914257,-0.0022023863490914257
2019-12-02,0.001007435280690282,0.0012592941008628526,0.0012592941008628526,0.0012592941008628526
2019-12-03,-0.0033540008112819576,-0.004192501014102447,-0.004192501014102447,-0.004192501014102447
2019-12-04,-0.0030231252930570324,-0.0037789066163212903,-0.0037789066163212903,-0.0037789066163212903
2019-12-05,-0.002514861074510403,-0.0031435763431380036,-0.0031435763431380036,-0.0031435763431380036
2019-12-06,0.0003909633780721654,0.0004887042225902068,0.0004887042225902068,0.0004887042225902068
2019-12-09,-0.0003089374876897963,-0.00038617185961224536,-0.00038617185961224536,-0.00038617185961224536
2019-12-10,-0.0016766639012105752,-0.0020958298765132192,-0.0020958298765132192,-0.0020958298765132192
2019-12-11,9.494094662934756e-05,0.00011867618328668445,0.00011867618328668445,0.00011867618328668445
2019-12-12,0.0009628808145349406,0.0012036010181686759,0.0012036010181686759,0.0012036010181686759
2019-12-13,0.001989438689396399,0.0024867983617454987,0.0024867983617454987,0.0024867983617454987
2019-12-16,-0.0018133932970254075,-0.002266741621281759,-0.002266741621281759,-0.002266741621281759
2019-12-17,-0.000787681662744241,-0.0009846020784303013,-0.0009846020784303013,-0.0009846020784303013
2019-12-18,0.0013748968738597842,0.0017186210923247304,0.0017186210923247304,0.0017186210923247304
2019-12-19,0.002085318062363725,0.002606647577954656,0.002606647577954656,0.002606647577954656
2019-12-20,-0.00045017031002110575,-0.0005627128875263822,-0.0005627128875263822,-0.0005627128875263822
2019-12-23,0.0010831079560939003,0.0013538849451173753,0.0013538849451173753,0.0013538849451173753
2019-12-24,0.00014571931391693096,0.0001821491423961637,0.0001821491423961637,0.0001821491423961637
2019-12-26,-0.00023275030534834502,-0.00029093788168543127,-0.00029093788168543127,-0.00029093788168543127
2019-12-27,-0.00031820935397905035,-0.00039776169247381294,-0.00039776169247381294,-0.00039776169247381294
2019-12-30,0.0001222808218929801,0.00015285102736622513,0.00015285102736622513,0.00015285102736622513
2019-12-31,1.9861728927298192e-05,2.482716115912274e-05,2.482716115912274e-05,2.482716115912274e-05
2020-01-02,0.0002606806356082445,0.0003258507945103056,0.0003258507945103056,0.0003258507945103056
2020-01-03,-0.0011746638846806578,-0.0014683298558508223,-0.0014683298558508223,-0.0014683298558508223
2020-01-06,0.0,0.0,0.0,0.0
2020-01-07,0.0,0.0,0.0,0.0
2020-01-08,0.00110524357591116,0.0012739418835832346,0.00138155446988895,0.00138155446988895
2020-01-09,-0.001758660660617385,-0.0020644519778233567,-0.0021983258257717315,-0.0021983258257717315
2020-01-10,-0.00162511112368908,-0.0019029527026556989,-0.00203138890461135,-0.00203138890461135
2020-01-13,-0.0022260946537895052,-0.002605086091683567,-0.0027826183172368815,-0.0027826183172368815
2020-01-14,0.001681286970024785,0.001956315556632226,0.0021016087125309813,0.0021016087125309813
2020-01-15,0.0004908803167722952,0.0005702381154363608,0.000613600395965369,0.000613600395965369
2020-01-16,-8.885848320357498e-05,-0.00010396029783538953,-0.00011107310400446872,-0.00011107310400446872
2020-01-17,0.00034983705827031477,0.0004110915490501796,0.00043729632283789346,0.00043729632283789346
2020-01-21,-0.006304727980520454,-0.007562595224687042,-0.007880909975650567,-0.007880909975650567
2020-01-22,-0.0025088920290640753,-0.002917623023161137,-0.0031361150363300944,-0.0031361150363300944
2020-01-23,0.000996676531118709,0.0011518400240910275,0.0012458456638983863,0.0012458456638983863
2020-01-24,0.0029090523558448294,0.003538137102028395,0.003636315444806037,0.003636315444806037
2020-01-27,-0.006606408662194135,-0.007970677695018675,-0.00825801082774267,-0.00825801082774267
2020-01-28,0.00019915719640769929,0.000246009996559534,0.0002489464955096241,0.0002489464955096241
2020-01-29,-0.003538852254526505,-0.004377462964348245,-0.004423565318158131,-0.004423565318158131
2020-01-30,-0.0020803005614293954,-0.0025479687099860863,-0.0026003757017867444,-0.0026003757017867444
2020-01-31,0.0010986505192847843,0.0013422150011251099,0.0013733131491059803,0.0013733131491059803
2020-02-03,-0.002876370368580765,-0.003595462960725956,-0.003595462960725956,-0.003595462960725956
2020-02-04,0.007398971617954596,0.009248714522443245,0.009248714522443245,0.009248714522443245
2020-02-05,0.007069782111206331,0.008837227639007914,0.008837227639007914,0.008837227639007914
2020-02-06,-0.0005838505207671499,-0.0007298131509589374,-0.0007298131509589374,-0.0007298131509589374
2020-02-07,-0.0016230927262908248,-0.0020288659078635312,-0.0020288659078635312,-0.0020288659078635312
2020-02-10,-0.0027137906865385046,-0.0033922383581731306,-0.0033922383581731306,-0.0033922383581731306
2020-02-11,0.0024265328167763197,0.0030331660209703994,0.0030331660209703994,0.0030331660209703994
2020-02-12,-0.002723879079743815,-0.0034048488496797686,-0.0034048488496797686,-0.0034048488496797686
2020-02-13,-0.00035,-0.0004375,-0.0004375,-0.0004375
2020-02-14,0.00017595316292649002,0.00021994145365811251,0.00021994145365811251,0.00021994145365811251
2020-02-18,0.00496219453416585,0.006202743167707313,0.006202743167707313,0.006202743167707313
2020-02-19,-0.0020615182837529105,-0.002576897854691138,-0.002576897854691138,-0.002576897854691138
2020-02-20,0.0009070523294550301,0.0011338154118187877,0.0011338154118187877,0.0011338154118187877
2020-02-21,0.00024275735036805005,0.0003034466879600626,0.0003034466879600626,0.0003034466879600626
2020-02-24,0.0010834652266133102,0.0013543315332666377,0.0013543315332666377,0.0013543315332666377
2020-02-25,0.0010202115695400601,0.0012752644619250751,0.0012752644619250751,0.0012752644619250751
2020-02-26,-0.007335493093935604,-0.009169366367419506,-0.009169366367419506,-0.009169366367419506
2020-02-27,0.004004638698663971,0.005005798373329964,0.005005798373329964,0.005005798373329964
2020-02-28,0.0012917130948424142,0.0015831446948634913,0.0016146413685530177,0.0016146413685530177
2020-03-02,-0.009549434329831071,-0.011680951211313831,-0.01193679291228884,-0.01193679291228884
2020-03-03,0.00638879430143683,0.007087342425956522,0.007985992876796038,0.007985992876796038
2020-03-04,-0.007370158846909992,-0.007858763464256978,-0.009212698558637489,-0.009212698558637489
2020-03-05,-0.00587767121136701,-0.005985254862834302,-0.007347089014208762,-0.007347089014208762
2020-03-06,0.0015674258307304596,0.0015550109770642107,0.0019592822884130744,0.0019592822884130744
2020-03-09,-0.0008817690799504778,-0.0008769488919759173,-0.0011022113499380972,-0.0011022113499380972
2020-03-10,0.00871122187732651,0.008672828205599845,0.010889027346658137,0.010889027346658137
2020-03-11,0.008809122146501876,0.008270734411391794,0.011011402683127345,0.011011402683127345
2020-03-12,0.012977692146794664,0.011569880888259845,0.01622211518349333,0.01622211518349333
2020-03-13,0.013809365362667048,0.011191319582614857,0.01726170670333381,0.01726170670333381
2020-03-16,-0.005782988560298533,-0.0042939175908114,-0.00687026814529824,-0.007228735700373166
2020-03-17,-0.023462047146498036,-0.017138651676351927,-0.027421842682163085,-0.029327558933122545
2020-03-18,-0.029992929056071878,-0.01804054531958196,-0.028864872511331133,-0.03608109063916392
2020-03-19,0.006140510153502886,0.0030063421877993468,0.004810147500478955,0.0060126843755986936
2020-03-20,0.0005570307340418733,0.00027071488703223024,0.0004331438192515683,0.0005414297740644605
2020-03-23,0.0005348409935747962,0.00025989972481449874,0.0004158395597031979,0.0005197994496289975
2020-03-24,0.0137025721734459,0.006679169748554365,0.010686671597686983,0.01335833949710873
2020-03-25,0.022913636504721658,0.010774147571874209,0.017238636114998734,0.021548295143748418
2020-03-26,0.015082135981441957,0.006513975177395961,0.010422360283833537,0.013027950354791921
2020-03-27,0.005459392837482251,0.002283695945550545,0.0036539135128808723,0.00456739189110109
2020-03-30,-0.0004643955651247992,-0.00019356433251528998,-0.0003097029320244639,-0.00038712866503057996
2020-03-31,0.0009184896932281847,0.00038279669637015834,0.0006124747141922533,0.0007655933927403167
2020-04-01,-0.0013632416356145604,-0.0005681536594130082,-0.0009090458550608129,-0.0011363073188260164
2020-04-02,0.0024262992877241147,0.0010108301553317554,0.0016173282485308087,0.0020216603106635108
2020-04-03,-0.005212994204367914,-0.002170772202561003,-0.0034732355240976046,-0.004341544405122006
2020-04-06,0.0,0.0,0.0,0.0
2020-04-07,0.0,0.0,0.0,0.0
2020-04-08,0.0,0.0,0.0,0.0
2020-04-09,0.0,0.0,0.0,0.0
2020-04-13,0.0,0.0,0.0,0.0
2020-04-14,0.0,0.0,0.0,0.0
2020-04-15,0.0,0.0,0.0,0.0
2020-04-16,0.0,0.0,0.0,0.0
2020-04-17,0.0,0.0,0.0,0.0
2020-04-20,0.0,0.0,0.0,0.0
2020-04-21,0.0,0.0,0.0,0.0
2020-04-22,0.0,0.0,0.0,0.0
2020-04-23,0.0,0.0,0.0,0.0
2020-04-24,0.0,0.0,0.0,0.0
2020-04-27,0.0,0.0,0.0,0.0
2020-04-28,0.0,0.0,0.0,0.0
2020-04-29,0.0,0.0,0.0,0.0
2020-04-30,0.0,0.0,0.0,0.0
2020-05-01,0.0,0.0,0.0,0.0
2020-05-04,0.0,0.0,0.0,0.0
2020-05-05,0.0,0.0,0.0,0.0
2020-05-06,0.0,0.0,0.0,0.0
2020-05-07,0.0,0.0,0.0,0.0
2020-05-08,0.0,0.0,0.0,0.0
2020-05-11,0.0,0.0,0.0,0.0
2020-05-12,0.0,0.0,0.0,0.0
2020-05-13,0.0,0.0,0.0,0.0
2020-05-14,0.0,0.0,0.0,0.0
2020-05-15,0.0,0.0,0.0,0.0
2020-05-18,0.0,0.0,0.0,0.0
2020-05-19,0.0,0.0,0.0,0.0
2020-05-20,0.0,0.0,0.0,0.0
2020-05-21,0.0,0.0,0.0,0.0
2020-05-22,0.0,0.0,0.0,0.0
2020-05-26,0.0,0.0,0.0,0.0
2020-05-27,0.0,0.0,0.0,0.0
2020-05-28,0.004800970994799693,0.002806915837723583,0.004491065340357732,0.005613831675447166
2020-05-29,-0.002500265435069271,-0.001500996866474371,-0.002401594986358994,-0.003001993732948742
2020-06-01,0.0011585879743276897,0.0006939113135626617,0.0011102581017002585,0.0013878226271253234
2020-06-02,-0.002400459842808703,-0.0014997604576099312,-0.00239961673217589,-0.0029995209152198624
2020-06-03,0.0016904937853970113,0.0010568917019061113,0.0016910267230497782,0.002113117231746264
2020-06-04,-5.660042769851915e-05,-3.565363683105533e-05,-5.7045818929688514e-05,-7.075053462314895e-05
2020-06-05,0.0003315969139865595,0.00021153573011102863,0.0003384571681776458,0.0004144961424831994
2020-06-08,-0.0015256540579216646,-0.0009732661927866878,-0.0015572259084587006,-0.0019070675724020807
2020-06-09,-0.0019236485916176583,-0.0012359366357860679,-0.0019774986172577088,-0.002404560739522073
2020-06-10,-0.002599801807304063,-0.0017451832775473323,-0.002792293244075732,-0.003249752259130079
2020-06-11,0.004197110196728818,0.0029520857405286437,0.004723337184845831,0.005246387745911022
2020-06-12,-0.005985662227121134,-0.004222659769975596,-0.006756255631960953,-0.007482077783901417
2020-06-15,-0.009059720121869591,-0.006881076052359065,-0.011009721683774504,-0.011324650152336989
2020-06-16,0.003116702435244487,0.0022771560036015845,0.003643449605762535,0.0038958780440556087
2020-06-17,0.00029511563072675575,0.00023687963233224254,0.0003688945384084447,0.0003688945384084447
2020-06-18,-0.0007098785450132129,-0.0005957380227763599,-0.0008873481812665162,-0.0008873481812665162
2020-06-19,0.00957880872282802,0.008111996349344352,0.011973510903535026,0.011973510903535026
2020-06-22,-0.004582660618840575,-0.0037276719823722956,-0.0057283257735507185,-0.0057283257735507185
2020-06-23,0.0023106813977561615,0.0018736045343137613,0.002888351747195202,0.002888351747195202
2020-06-24,-0.0025968789277653953,-0.002302849579168651,-0.0032460986597067443,-0.0032460986597067443
2020-06-25,0.0014910123755689595,0.001318777683030453,0.0018637654694611994,0.0018637654694611994
2020-06-26,-0.0004714560699212323,-0.000428351861532216,-0.0005893200874015404,-0.0005893200874015404
2020-06-29,-0.00242058190882666,-0.002248698627551986,-0.003025727386033325,-0.003025727386033325
2020-06-30,0.0024505957872751147,0.002483624300381252,0.0030632447340938934,0.0030632447340938934
2020-07-01,-0.0009696382522988133,-0.0009993281552065586,-0.0012120478153735167,-0.0012120478153735167
2020-07-02,-0.0004173293641111784,-0.00046047999821636863,-0.000521661705138973,-0.000521661705138973
2020-07-06,0.0036323114368470044,0.004540389296058755,0.004540389296058755,0.004540389296058755
2020-07-07,0.0,0.0,0.0,0.0
2020-07-08,7.842610146266e-05,9.803262682832499e-05,9.803262682832499e-05,9.803262682832499e-05
2020-07-09,-0.0008898193490710649,-0.0011122741863388312,-0.0011122741863388312,-0.0011122741863388312
2020-07-10,-0.0012694666684518,-0.0015868333355647498,-0.0015868333355647498,-0.0015868333355647498
2020-07-13,0.00013250047187244,0.00016562558984055,0.00016562558984055,0.00016562558984055
2020-07-14,0.00070715760378802,0.000883947004735025,0.000883947004735025,0.000883947004735025
2020-07-15,0.0005633685298183249,0.0007042106622729061,0.0007042106622729061,0.0007042106622729061
2020-07-16,-0.000894641267185085,-0.0011183015839813563,-0.0011183015839813563,-0.0011183015839813563
2020-07-17,0.000630195580336105,0.0007877444754201312,0.0007877444754201312,0.0007877444754201312
2020-07-20,-0.0006995006817872498,-0.0008743758522340623,-0.0008743758522340623,-0.0008743758522340623
2020-07-21,0.003452128228462935,0.0043151602855786685,0.0043151602855786685,0.0043151602855786685
2020-07-22,-0.0011442270808235408,-0.001430283851029426,-0.001430283851029426,-0.001430283851029426
2020-07-23,0.00154583035162612,0.00193228793953265,0.00193228793953265,0.00193228793953265
2020-07-24,0.00038777846748603944,0.0004847230843575493,0.0004847230843575493,0.0004847230843575493
2020-07-27,-0.0024040392386508475,-0.0030050490483135594,-0.0030050490483135594,-0.0030050490483135594
2020-07-28,0.0013468462248083324,0.0016835577810104154,0.0016835577810104154,0.0016835577810104154
2020-07-29,-0.0012271178946136698,-0.0015338973682670872,-0.0015338973682670872,-0.0015338973682670872
2020-07-30,-0.0037855579108214167,-0.004731947388526771,-0.004731947388526771,-0.004731947388526771
2020-07-31,-0.0019097357796299505,-0.002387169724537438,-0.002387169724537438,-0.002387169724537438
2020-08-03,0.0005261772608763381,0.0006577215760954226,0.0006577215760954226,0.0006577215760954226
2020-08-04,-0.0010554487768475824,-0.001319310971059478,-0.001319310971059478,-0.001319310971059478
2020-08-05,0.0005938308048247676,0.0007422885060309596,0.0007422885060309596,0.0007422885060309596
2020-08-06,-0.0017637422626370644,-0.0022046778282963303,-0.0022046778282963303,-0.0022046778282963303
2020-08-07,0.004986664772715162,0.006233330965893952,0.006233330965893952,0.006233330965893952
2020-08-10,0.004110039559380864,0.00513754944922608,0.00513754944922608,0.00513754944922608
2020-08-11,0.0019233736114910808,0.002404217014363851,0.002404217014363851,0.002404217014363851
2020-08-12,0.0007402411332026273,0.0009253014165032841,0.0009253014165032841,0.0009253014165032841
2020-08-13,-0.0022298770157198663,-0.002787346269649833,-0.002787346269649833,-0.002787346269649833
2020-08-14,-0.00015134906032547178,-0.00018918632540683973,-0.00018918632540683973,-0.00018918632540683973
2020-08-17,0.0018836985160947612,0.0023546231451184512,0.0023546231451184512,0.0023546231451184512
2020-08-18,0.001499278196619484,0.0018740977457743552,0.0018740977457743552,0.0018740977457743552
2020-08-19,0.002374007457527642,0.0029675093219095525,0.0029675093219095525,0.0029675093219095525
2020-08-20,-0.0013809607470084964,-0.0017262009337606205,-0.0017262009337606205,-0.0017262009337606205
2020-08-21,0.002993178002564311,0.003741472503205389,0.003741472503205389,0.003741472503205389
2020-08-24,-0.001079194798963483,-0.0013489934987043536,-0.0013489934987043536,-0.0013489934987043536
2020-08-25,-0.0011394617711410978,-0.0014243272139263722,-0.0014243272139263722,-0.0014243272139263722
2020-08-26,-0.0013748421534084544,-0.001718552691760568,-0.001718552691760568,-0.001718552691760568
2020-08-27,0.001224161656074277,0.0015302020700928463,0.0015302020700928463,0.0015302020700928463
2020-08-28,0.0021487087418850695,0.002685885927356337,0.002685885927356337,0.002685885927356337
2020-08-31,-0.0007695284717986233,-0.0009619105897482791,-0.0009619105897482791,-0.0009619105897482791
2020-09-01,0.000819958878076228,0.001024948597595285,0.001024948597595285,0.001024948597595285
2020-09-02,-0.000312488617055075,-0.00039061077131884376,-0.00039061077131884376,-0.00039061077131884376
2020-09-03,-0.00062733449556281,-0.0007841681194535124,-0.0007841681194535124,-0.0007841681194535124
2020-09-04,-0.003907122906637045,-0.004883903633296306,-0.004883903633296306,-0.004883903633296306
2020-09-08,0.0007272054278098035,0.0009090067847622544,0.0009090067847622544,0.0009090067847622544
2020-09-09,0.0034697588454512427,0.004337198556814054,0.004337198556814054,0.004337198556814054
2020-09-10,-0.0019068821166632003,-0.0023836026458290004,-0.0023836026458290004,-0.0023836026458290004
2020-09-11,-0.0021190783255130743,-0.002648847906891343,-0.002648847906891343,-0.002648847906891343
2020-09-14,0.0007741831585830059,0.0009677289482287574,0.0009677289482287574,0.0009677289482287574
2020-09-15,-2.583537281070189e-05,-3.2294216013377364e-05,-3.2294216013377364e-05,-3.2294216013377364e-05
2020-09-16,0.000477264430523306,0.0005965805381541325,0.0005965805381541325,0.0005965805381541325
2020-09-17,0.0005369849366543733,0.0006712311708179666,0.0006712311708179666,0.0006712311708179666
2020-09-18,-0.0008805398140444703,-0.001100674767555588,-0.001100674767555588,-0.001100674767555588
2020-09-21,0.0006625248853947704,0.000828156106743463,0.000828156106743463,0.000828156106743463
2020-09-22,0.002806307999696463,0.0035078849996205783,0.0035078849996205783,0.0035078849996205783
2020-09-23,-0.0012516040901283368,-0.001564505112660421,-0.001564505112660421,-0.001564505112660421
2020-09-24,0.0016708449457856595,0.0020885561822320746,0.0020885561822320746,0.0020885561822320746
2020-09-25,0.0012757109231063485,0.0015946386538829356,0.0015946386538829356,0.0015946386538829356
2020-09-28,0.0015249913986557975,0.0019062392483197468,0.0019062392483197468,0.0019062392483197468
2020-09-29,1.2347275376725717e-05,1.5434094220907147e-05,1.5434094220907147e-05,1.5434094220907147e-05
2020-09-30,-0.0022841337780634048,-0.002855167222579256,-0.002855167222579256,-0.002855167222579256
2020-10-01,0.0020792844327094024,0.002599105540886753,0.002599105540886753,0.002599105540886753
2020-10-02,-0.0015646064281434249,-0.001955758035179281,-0.001955758035179281,-0.001955758035179281
2020-10-05,0.0,0.0,0.0,0.0
2020-10-06,0.0,0.0,0.0,0.0
2020-10-07,0.0,0.0,0.0,0.0
2020-10-08,0.0,0.0,0.0,0.0
2020-10-09,0.0,0.0,0.0,0.0
2020-10-12,0.0,0.0,0.0,0.0
2020-10-13,0.0,0.0,0.0,0.0
2020-10-14,0.0,0.0,0.0,0.0
2020-10-15,-0.002115070215527283,-0.0017956455681421906,-0.0026438377694091037,-0.0026438377694091037
2020-10-16,-0.001231000911330919,-0.0010436360906842046,-0.0015387511391636488,-0.0015387511391636488
2020-10-19,-0.0008845826338382171,-0.0007503291110074166,-0.0011057282922977713,-0.0011057282922977713
2020-10-20,0.0006980091950290012,0.0005951686942985455,0.0008725114937862514,0.0008725114937862514
2020-10-21,0.0001418798476919472,0.0001208778906213142,0.000177349809614934,0.000177349809614934
2020-10-22,-0.0009472959917375112,-0.0008072590187266736,-0.0011841199896718891,-0.0011841199896718891
2020-10-23,-7.445883506953373e-05,-6.347089410968661e-05,-9.307354383691716e-05,-9.307354383691716e-05
2020-10-26,-0.0022373944083047223,-0.001908422798071916,-0.0027967430103809027,-0.0027967430103809027
2020-10-27,0.00347275977396283,0.0029576043829289004,0.004340949717453538,0.004340949717453538
2020-10-28,-0.006424567341358151,-0.005441613760215088,-0.008030709176697688,-0.008030709176697688
2020-10-29,-0.005928962562848991,-0.005144694298792301,-0.007411203203561239,-0.007411203203561239
2020-10-30,0.002266472457879565,0.0020301561182177186,0.002833090572349456,0.002833090572349456
2020-11-02,-0.0007302966222907589,-0.0006579248698476102,-0.0009128707778634487,-0.0009128707778634487
2020-11-03,-0.00044333107055421843,-0.00040465966478758265,-0.0005541638381927731,-0.0005541638381927731
2020-11-04,0.0007969416713235411,0.0007403488230972561,0.0009961770891544265,0.0009961770891544265
2020-11-05,0.0006628427284366309,0.0006189010651293806,0.0008285534105457885,0.0008285534105457885
2020-11-06,-0.002836098410020645,-0.002648021695062408,-0.003545123012525806,-0.003545123012525806
2020-11-09,0.003382080046888253,0.003166189383566686,0.004227600058610316,0.004227600058610316
2020-11-10,-0.009396765092019033,-0.0087091018489814,-0.01174595636502379,-0.01174595636502379
2020-11-11,-0.00158474235096696,-0.001403805733001188,-0.0019809279387087,-0.0019809279387087
2020-11-12,-0.0006380531527917538,-0.0005653616621633326,-0.0007975664409896922,-0.0007975664409896922
2020-11-13,0.0024886102235235864,0.0022122505607787913,0.003110762779404483,0.003110762779404483
2020-11-16,-0.0007507897308124325,-0.0006623398941361356,-0.0009384871635155405,-0.0009384871635155405
2020-11-17,0.0013124792253604589,0.0011594416936857297,0.0016405990317005736,0.0016405990317005736
2020-11-18,0.0006406033614388385,0.0005693007508567838,0.0008007542017985481,0.0008007542017985481
2020-11-19,0.000481293515413326,0.00043385063847383083,0.0006016168942666575,0.0006016168942666575
2020-11-20,-0.0036149409589047677,-0.00328560024763682,-0.00451867619863096,-0.00451867619863096
2020-11-23,0.0005465232343548224,0.0004947202476508244,0.0006831540429435279,0.0006831540429435279
2020-11-24,-0.00279765769738532,-0.0025307437055528074,-0.00349707212173165,-0.00349707212173165
2020-11-25,-0.000405121701270825,-0.000479272597522494,-0.0005064021265885312,-0.0005064021265885312
2020-11-27,-7.3455754055033e-05,-8.69559804840813e-05,-9.181969256879124e-05,-9.181969256879124e-05
2020-11-30,-0.0033819001284789026,-0.004001744828721359,-0.004227375160598628,-0.004227375160598628
2020-12-01,-0.0005557029080408652,-0.0006555739809833819,-0.0006946286350510815,-0.0006946286350510815
2020-12-02,-0.004995743388591243,-0.005977178205649625,-0.006244679235739054,-0.006244679235739054
2020-12-03,0.0015517490174962192,0.0019121434539539754,0.001939686271870274,0.001939686271870274
2020-12-04,0.00048126173005690477,0.000601577162571131,0.000601577162571131,0.000601577162571131
2020-12-07,-0.004458939994346,-0.0055736749929325,-0.0055736749929325,-0.0055736749929325
2020-12-08,0.0010273126552150088,0.001284140819018761,0.001284140819018761,0.001284140819018761
2020-12-09,-0.0028776747322150865,-0.0035970934152688584,-0.0035970934152688584,-0.0035970934152688584
2020-12-10,0.002712148298735529,0.0033901853734194113,0.0033901853734194113,0.0033901853734194113
2020-12-11,0.001895412643648416,0.00236926580456052,0.00236926580456052,0.00236926580456052
2020-12-14,-0.003172039993142894,-0.003965049991428618,-0.003965049991428618,-0.003965049991428618
2020-12-15,-0.0011856104830939276,-0.0014820131038674096,-0.0014820131038674096,-0.0014820131038674096
2020-12-16,-0.004154023310065963,-0.005192529137582454,-0.005192529137582454,-0.005192529137582454
2020-12-17,-0.0004260269169156691,-0.0005325336461445864,-0.0005325336461445864,-0.0005325336461445864
2020-12-18,-0.0006632897794043888,-0.0008291122242554859,-0.0008291122242554859,-0.0008291122242554859
2020-12-21,0.00029933829520721757,0.00037417286900902195,0.00037417286900902195,0.00037417286900902195
2020-12-22,0.0009683024202351329,0.001210378025293916,0.001210378025293916,0.001210378025293916
2020-12-23,-0.0005639632794806643,-0.0007049540993508303,-0.0007049540993508303,-0.0007049540993508303
2020-12-24,-0.00011042440190384736,-0.0001380305023798092,-0.0001380305023798092,-0.0001380305023798092
2020-12-28,0.0,0.0,0.0,0.0
2020-12-29,0.0,0.0,0.0,0.0
2020-12-30,0.0,0.0,0.0,0.0
2020-12-31,0.0,0.0,0.0,0.0
2021-01-04,0.0,0.0,0.0,0.0
2021-01-05,0.0,0.0,0.0,0.0
2021-01-06,0.0,0.0,0.0,0.0
2021-01-07,-0.00036527774447994666,-0.00045659718059993333,-0.00045659718059993333,-0.00045659718059993333
2021-01-08,-0.0002129079950045386,-0.00026613499375567325,-0.00026613499375567325,-0.00026613499375567325
2021-01-11,0.00013564316527052534,0.00016955395658815666,0.00016955395658815666,0.00016955395658815666
2021-01-12,-0.0009507339410549776,-0.001188417426318722,-0.001188417426318722,-0.001188417426318722
2021-01-13,-0.0007975028338729436,-0.0009968785423411794,-0.0009968785423411794,-0.0009968785423411794
2021-01-14,0.0013017511536459385,0.001627188942057423,0.001627188942057423,0.001627188942057423
2021-01-15,0.001084524672016595,0.0013556558400207438,0.0013556558400207438,0.0013556558400207438
2021-01-19,-0.0008914056830515195,-0.0011142571038143994,-0.0011142571038143994,-0.0011142571038143994
2021-01-20,3.092261954154567e-05,3.865327442693209e-05,3.865327442693209e-05,3.865327442693209e-05
2021-01-21,-0.0007476879523624059,-0.0009346099404530073,-0.0009346099404530073,-0.0009346099404530073
2021-01-22,0.0003247018768540302,0.0004058773460675377,0.0004058773460675377,0.0004058773460675377
2021-01-25,0.0005520576275806426,0.0006900720344758033,0.0006900720344758033,0.0006900720344758033
2021-01-26,0.0012587509913107625,0.001573438739138453,0.001573438739138453,0.001573438739138453
2021-01-27,0.002552886600402056,0.00319110825050257,0.00319110825050257,0.00319110825050257
2021-01-28,-0.002564399947770373,-0.003205499934712966,-0.003205499934712966,-0.003205499934712966
2021-01-29,-0.0008960323096862037,-0.0011200403871077546,-0.0011200403871077546,-0.0011200403871077546
2021-02-01,0.0029618279502385157,0.003702284937798145,0.003702284937798145,0.003702284937798145
2021-02-02,-0.00016276341293317204,-0.00020345426616646506,-0.00020345426616646506,-0.00020345426616646506
2021-02-03,0.00164862361870217,0.0020607795233777123,0.0020607795233777123,0.0020607795233777123
2021-02-04,0.005385705510055622,0.006732131887569527,0.006732131887569527,0.006732131887569527
2021-02-05,-0.0009693937283417642,-0.0012117421604272052,-0.0012117421604272052,-0.0012117421604272052
2021-02-08,-0.0011045189652891662,-0.0013806487066114577,-0.0013806487066114577,-0.0013806487066114577
2021-02-09,-0.001817833368979897,-0.002272291711224871,-0.002272291711224871,-0.002272291711224871
2021-02-10,-0.0024021190994693788,-0.0030026488743367234,-0.0030026488743367234,-0.0030026488743367234
2021-02-11,-7.959244998557557e-05,-9.949056248196946e-05,-9.949056248196946e-05,-9.949056248196946e-05
2021-02-12,0.0008664556023163239,0.0010830695028954049,0.0010830695028954049,0.0010830695028954049
2021-02-16,0.00044133931438369514,0.000551674142979619,0.000551674142979619,0.000551674142979619
2021-02-17,-0.0014505487331216778,-0.0018131859164020971,-0.0018131859164020971,-0.0018131859164020971
2021-02-18,0.00037110609076411753,0.0004638826134551469,0.0004638826134551469,0.0004638826134551469
2021-02-19,0.001481221462138489,0.001851526827673111,0.001851526827673111,0.001851526827673111
2021-02-22,0.0010078225392275387,0.0012597781740344234,0.0012597781740344234,0.0012597781740344234
2021-02-23,-0.002100064011971578,-0.0026250800149644725,-0.0026250800149644725,-0.0026250800149644725
2021-02-24,0.0010912769796426077,0.0013640962245532596,0.0013640962245532596,0.0013640962245532596
2021-02-25,0.0029051040173392433,0.003631380021674054,0.003631380021674054,0.003631380021674054
2021-02-26,-0.0021245362398048624,-0.002655670299756078,-0.002655670299756078,-0.002655670299756078
2021-03-01,-0.0005248396432797195,-0.0006560495540996493,-0.0006560495540996493,-0.0006560495540996493
2021-03-02,0.0021264782292916627,0.0026580977866145785,0.0026580977866145785,0.0026580977866145785
2021-03-03,-0.0008491040722615965,-0.0010613800903269957,-0.0010613800903269957,-0.0010613800903269957
2021-03-04,-9.961490132819181e-05,-0.00012451862666023976,-0.00012451862666023976,-0.00012451862666023976
2021-03-05,0.0022654714231173305,0.002831839278896663,0.002831839278896663,0.002831839278896663
2021-03-08,0.0010493380914980773,0.0013116726143725965,0.0013116726143725965,0.0013116726143725965
2021-03-09,7.66898367832829e-06,9.586229597910362e-06,9.586229597910362e-06,9.586229597910362e-06
2021-03-10,0.0010288536666785994,0.0012860670833482492,0.0012860670833482492,0.0012860670833482492
2021-03-11,-0.0008772114898115529,-0.0010965143622644411,-0.0010965143622644411,-0.0010965143622644411
2021-03-12,-0.0012031055112953837,-0.0015038818891192297,-0.0015038818891192297,-0.0015038818891192297
2021-03-15,0.004943966186964746,0.006179957733705933,0.006179957733705933,0.006179957733705933
2021-03-16,0.0007880255710382729,0.0009850319637978412,0.0009850319637978412,0.0009850319637978412
2021-03-17,-0.0001483516499948117,-0.00018543956249351463,-0.00018543956249351463,-0.00018543956249351463
2021-03-18,0.0,0.0,0.0,0.0
2021-03-19,0.005347639688488079,0.0066845496106100995,0.0066845496106100995,0.0066845496106100995
2021-03-22,-0.000153558350152875,-0.00019194793769109376,-0.00019194793769109376,-0.00019194793769109376
2021-03-23,-0.0020506868584301108,-0.0025633585730376386,-0.0025633585730376386,-0.0025633585730376386
2021-03-24,0.0035319013239746896,0.004414876654968362,0.004414876654968362,0.004414876654968362
2021-03-25,-4.9745806485699206e-05,-6.218225810712401e-05,-6.218225810712401e-05,-6.218225810712401e-05
2021-03-26,-0.0014760847783104028,-0.0018451059728880035,-0.0018451059728880035,-0.0018451059728880035
2021-03-29,-0.002164918233055393,-0.0027061477913192414,-0.0027061477913192414,-0.0027061477913192414
2021-03-30,0.0025515608655349124,0.0031894510819186405,0.0031894510819186405,0.0031894510819186405
2021-03-31,-0.0016638911705035985,-0.002079863963129498,-0.002079863963129498,-0.002079863963129498
2021-04-01,-0.0009353621070605219,-0.0011692026338256524,-0.0011692026338256524,-0.0011692026338256524
2021-04-05,-0.0009414326550956082,-0.0011767908188695102,-0.0011767908188695102,-0.0011767908188695102
2021-04-06,0.0012734798400134647,0.0015918498000168308,0.0015918498000168308,0.0015918498000168308
2021-04-07,0.0,0.0,0.0,0.0
2021-04-08,0.0,0.0,0.0,0.0
2021-04-09,0.0,0.0,0.0,0.0
2021-04-12,0.0,0.0,0.0,0.0
2021-04-13,0.0,0.0,0.0,0.0
2021-04-14,0.0,0.0,0.0,0.0
2021-04-15,0.0,0.0,0.0,0.0
2021-04-16,0.0,0.0,0.0,0.0
2021-04-19,0.0,0.0,0.0,0.0
2021-04-20,0.0,0.0,0.0,0.0
2021-04-21,0.0,0.0,0.0,0.0
2021-04-22,-0.0025212176856204446,-0.0031251575905829315,-0.003151522107025556,-0.003151522107025556
2021-04-23,-0.0008720136207512655,-0.001090017025939082,-0.001090017025939082,-0.001090017025939082
2021-04-26,-0.001121868843131584,-0.0014023360539144798,-0.0014023360539144798,-0.0014023360539144798
2021-04-27,0.001357238321919118,0.0016965479023988976,0.0016965479023988976,0.0016965479023988976
2021-04-28,-0.0006385125264586061,-0.0007981406580732577,-0.0007981406580732577,-0.0007981406580732577
2021-04-29,0.0024040516368371654,0.0030050645460464567,0.0030050645460464567,0.0030050645460464567
2021-04-30,0.00037733760953240165,0.0004716720119155021,0.0004716720119155021,0.0004716720119155021
2021-05-03,0.0016006643451376011,0.0020008304314220013,0.0020008304314220013,0.0020008304314220013
2021-05-04,0.001782340355528299,0.0022279254444103735,0.0022279254444103735,0.0022279254444103735
2021-05-05,0.0012982551817663423,0.001622818977207928,0.001622818977207928,0.001622818977207928
2021-05-06,0.0021064693557947193,0.0026330866947433993,0.0026330866947433993,0.0026330866947433993
2021-05-07,-0.00038924070654105847,-0.00048655088317632307,-0.00048655088317632307,-0.00048655088317632307
2021-05-10,0.0021405655662567104,0.002675706957820888,0.002675706957820888,0.002675706957820888
2021-05-11,-0.005278036191426078,-0.006597545239282597,-0.006597545239282597,-0.006597545239282597
2021-05-12,-0.006009705076709795,-0.007512131345887244,-0.007512131345887244,-0.007512131345887244
2021-05-13,0.0017987767308765318,0.0022484709135956646,0.0022484709135956646,0.0022484709135956646
2021-05-14,-0.00018952812209937575,-0.0002369101526242197,-0.0002369101526242197,-0.0002369101526242197
2021-05-17,-0.0009388754695847548,-0.0011735943369809436,-0.0011735943369809436,-0.0011735943369809436
2021-05-18,0.0049605496024681854,0.006200687003085232,0.006200687003085232,0.006200687003085232
2021-05-19,0.0004981965570405093,0.0006227456963006367,0.0006227456963006367,0.0006227456963006367
2021-05-20,0.0003792797296200711,0.0004740996620250889,0.0004740996620250889,0.0004740996620250889
2021-05-21,-0.00017633191980732165,-0.00022041489975915205,-0.00022041489975915205,-0.00022041489975915205
2021-05-24,-0.0007769167876964282,-0.0009711459846205351,-0.0009711459846205351,-0.0009711459846205351
2021-05-25,0.0008911747643915781,0.0011139684554894726,0.0011139684554894726,0.0011139684554894726
2021-05-26,-0.0006159616108624694,-0.0007699520135780868,-0.0007699520135780868,-0.0007699520135780868
2021-05-27,-0.00138516319575403,-0.0017314539946925375,-0.0017314539946925375,-0.0017314539946925375
2021-05-28,0.0029317580266029547,0.0036646975332536936,0.0036646975332536936,0.0036646975332536936
2021-06-01,-0.0003499086329512808,-0.000437385791189101,-0.000437385791189101,-0.000437385791189101
2021-06-02,-0.0026808595390265437,-0.0033510744237831794,-0.0033510744237831794,-0.0033510744237831794
2021-06-03,-0.00047633402782172325,-0.0005954175347771541,-0.0005954175347771541,-0.0005954175347771541
2021-06-04,-0.001621960832529661,-0.0020274510406620766,-0.0020274510406620766,-0.0020274510406620766
2021-06-07,0.0016330562239932466,0.0020413202799915583,0.0020413202799915583,0.0020413202799915583
2021-06-08,-0.0006377480496882104,-0.0007971850621102631,-0.0007971850621102631,-0.0007971850621102631
2021-06-09,-9.739197589660837e-05,-0.00012173996987076047,-0.00012173996987076047,-0.00012173996987076047
2021-06-10,0.002920554876871743,0.0036506935960896785,0.0036506935960896785,0.0036506935960896785
2021-06-11,-0.000922580912663856,-0.00115322614082982,-0.00115322614082982,-0.00115322614082982
2021-06-14,0.0004463622913230904,0.000557952864153863,0.000557952864153863,0.000557952864153863
2021-06-15,0.0010424153472014665,0.0013030191840018332,0.0013030191840018332,0.0013030191840018332
2021-06-16,0.0066671168061000164,0.00833389600762502,0.00833389600762502,0.00833389600762502
2021-06-17,-0.0028000657992849243,-0.0035000822491061553,-0.0035000822491061553,-0.0035000822491061553
2021-06-18,0.0012549464346361004,0.0015686830432951255,0.0015686830432951255,0.0015686830432951255
2021-06-21,-0.0026979597628286147,-0.0033724497035357683,-0.0033724497035357683,-0.0033724497035357683
2021-06-22,-0.0029585585075225514,-0.0036981981344031893,-0.0036981981344031893,-0.0036981981344031893
2021-06-23,-0.0009201371640472623,-0.0011501714550590778,-0.0011501714550590778,-0.0011501714550590778
2021-06-24,0.003051718574183483,0.003814648217729354,0.003814648217729354,0.003814648217729354
2021-06-25,0.0008041944198138529,0.001005243024767316,0.001005243024767316,0.001005243024767316
2021-06-28,-0.0006922572539607667,-0.0008653215674509585,-0.0008653215674509585,-0.0008653215674509585
2021-06-29,-0.00010506122170201074,-0.00013132652712751343,-0.00013132652712751343,-0.00013132652712751343
2021-06-30,0.008788721515565655,0.01098590189445707,0.01098590189445707,0.01098590189445707
2021-07-01,-0.005352384121384668,-0.006690480151730835,-0.006690480151730835,-0.006690480151730835
2021-07-02,-0.0036018059682928734,-0.0045022574603660916,-0.0045022574603660916,-0.0045022574603660916
2021-07-06,0.002188892652149827,0.002736115815187284,0.002736115815187284,0.002736115815187284
2021-07-07,0.0,0.0,0.0,0.0
2021-07-08,0.0,0.0,0.0,0.0
2021-07-09,0.002631146740024696,0.00328893342503087,0.00328893342503087,0.00328893342503087
2021-07-12,-0.0006499352032780093,-0.0008124190040975116,-0.0008124190040975116,-0.0008124190040975116
2021-07-13,0.0013609777722824105,0.0017012222153530133,0.0017012222153530133,0.0017012222153530133
2021-07-14,-0.000439652800975355,-0.0005495660012191937,-0.0005495660012191937,-0.0005495660012191937
2021-07-15,0.0010072010029758024,0.0012590012537197532,0.0012590012537197532,0.0012590012537197532
2021-07-16,-0.000350082367496337,-0.00043760295937042126,-0.00043760295937042126,-0.00043760295937042126
2021-07-19,-0.0004455674895279009,-0.0005569593619098762,-0.0005569593619098762,-0.0005569593619098762
2021-07-20,0.0032164217590744705,0.004020527198843088,0.004020527198843088,0.004020527198843088
2021-07-21,0.0005992368349809538,0.0007490460437261922,0.0007490460437261922,0.0007490460437261922
2021-07-22,-0.0003927061058928395,-0.0004908826323660494,-0.0004908826323660494,-0.0004908826323660494
2021-07-23,0.0031663922331184938,0.003957990291398117,0.003957990291398117,0.003957990291398117
2021-07-26,-0.00200807981928667,-0.0025100997741083373,-0.0025100997741083373,-0.0025100997741083373
2021-07-27,0.0006194908290157384,0.000774363536269673,0.000774363536269673,0.000774363536269673
2021-07-28,-0.003954151865990758,-0.004942689832488447,-0.004942689832488447,-0.004942689832488447
2021-07-29,-0.0010256640943175819,-0.0012820801178969774,-0.0012820801178969774,-0.0012820801178969774
2021-07-30,0.0006140293476961747,0.0007675366846202184,0.0007675366846202184,0.0007675366846202184
2021-08-02,-0.000774156857179378,-0.0009676960714742225,-0.0009676960714742225,-0.0009676960714742225
2021-08-03,-0.003201069415404977,-0.004001336769256221,-0.004001336769256221,-0.004001336769256221
2021-08-04,-0.0008833025348921452,-0.0011041281686151815,-0.0011041281686151815,-0.0011041281686151815
2021-08-05,-0.0012200556045620426,-0.0015250695057025532,-0.0015250695057025532,-0.0015250695057025532
2021-08-06,-0.003246298199517412,-0.004057872749396765,-0.004057872749396765,-0.004057872749396765
2021-08-09,-0.0005407329858849019,-0.0006759162323561273,-0.0006759162323561273,-0.0006759162323561273
2021-08-10,-0.005982436342296136,-0.00747804542787017,-0.00747804542787017,-0.00747804542787017
2021-08-11,0.00015288914103732659,0.00019111142629665823,0.00019111142629665823,0.00019111142629665823
2021-08-12,-0.0032883742593680302,-0.0041104678242100375,-0.0041104678242100375,-0.0041104678242100375
2021-08-13,-0.0017339185462148265,-0.002167398182768533,-0.002167398182768533,-0.002167398182768533
2021-08-16,0.0020734130952308593,0.002591766369038574,0.002591766369038574,0.002591766369038574
2021-08-17,2.3077894930702823e-05,2.884736866337853e-05,2.884736866337853e-05,2.884736866337853e-05
2021-08-18,-0.001848026833347815,-0.0023100335416847686,-0.0023100335416847686,-0.0023100335416847686
2021-08-19,0.0013568259101069816,0.001696032387633727,0.001696032387633727,0.001696032387633727
2021-08-20,-0.0004150197847040974,-0.0005187747308801218,-0.0005187747308801218,-0.0005187747308801218
2021-08-23,0.001112884273614443,0.0013911053420180538,0.0013911053420180538,0.0013911053420180538
2021-08-24,-0.0010297421217016357,-0.0012871776521270447,-0.0012871776521270447,-0.0012871776521270447
2021-08-25,-0.0015388089160093647,-0.001923511145011706,-0.001923511145011706,-0.001923511145011706
2021-08-26,-0.0033007816549831793,-0.004125977068728974,-0.004125977068728974,-0.004125977068728974
2021-08-27,0.00040175648106046075,0.0005021956013255759,0.0005021956013255759,0.0005021956013255759
2021-08-30,-0.003015284570231999,-0.0037691057127899985,-0.0037691057127899985,-0.0037691057127899985
2021-08-31,-0.0019822130753591382,-0.002477766344198923,-0.002477766344198923,-0.002477766344198923
2021-09-01,-0.0022564513402171175,-0.002820564175271397,-0.002820564175271397,-0.002820564175271397
2021-09-02,-0.0019579790927168584,-0.002447473865896073,-0.002447473865896073,-0.002447473865896073
2021-09-03,0.0004296011842738999,0.0005370014803423749,0.0005370014803423749,0.0005370014803423749
2021-09-07,-0.00038214616268423315,-0.00047768270335529143,-0.00047768270335529143,-0.00047768270335529143
2021-09-08,-0.0016638388523747085,-0.0020797985654683855,-0.0020797985654683855,-0.0020797985654683855
2021-09-09,-0.00017419249278283655,-0.0002177406159785457,-0.0002177406159785457,-0.0002177406159785457
2021-09-10,-0.002257637812059959,-0.002822047265074949,-0.002822047265074949,-0.002822047265074949
2021-09-13,0.0008447409748421047,0.0010559262185526309,0.0010559262185526309,0.0010559262185526309
2021-09-14,-0.006207663936971593,-0.007759579921214491,-0.007759579921214491,-0.007759579921214491
2021-09-15,0.0008112770305620074,0.001014096288202509,0.001014096288202509,0.001014096288202509
2021-09-16,0.00013547484598728024,0.0001693435574841003,0.0001693435574841003,0.0001693435574841003
2021-09-17,-0.0006292490868983034,-0.0007865613586228792,-0.0007865613586228792,-0.0007865613586228792
2021-09-20,0.000858621792945422,0.0010732772411817773,0.0010732772411817773,0.0010732772411817773
2021-09-21,-0.0024973453936006753,-0.003121681742000844,-0.003121681742000844,-0.003121681742000844
2021-09-22,-0.0014417314149221074,-0.0018021642686526342,-0.0018021642686526342,-0.0018021642686526342
2021-09-23,-2.7203551426361228e-05,-3.4004439282951535e-05,-3.4004439282951535e-05,-3.4004439282951535e-05
2021-09-24,0.0006276964990210231,0.0007846206237762789,0.0007846206237762789,0.0007846206237762789
2021-09-27,-0.0003739848504547309,-0.0004674810630684136,-0.0004674810630684136,-0.0004674810630684136
2021-09-28,-0.0022575199274123864,-0.002821899909265483,-0.002821899909265483,-0.002821899909265483
2021-09-29,0.0012596147783446826,0.0015745184729308533,0.0015745184729308533,0.0015745184729308533
2021-09-30,-0.0015648993628442675,-0.001956124203555334,-0.001956124203555334,-0.001956124203555334
2021-10-01,0.0026802411198419197,0.0033503013998023995,0.0033503013998023995,0.0033503013998023995
2021-10-04,-0.00077442474400195,-0.0009680309300024375,-0.0009680309300024375,-0.0009680309300024375
2021-10-05,0.0,0.0,0.0,0.0
2021-10-06,0.0,0.0,0.0,0.0
2021-10-07,0.0,0.0,0.0,0.0
2021-10-08,0.0,0.0,0.0,0.0
2021-10-11,-0.0008238364686217896,-0.001029795585777237,-0.001029795585777237,-0.001029795585777237
2021-10-12,0.0011407520340259159,0.0014259400425323948,0.0014259400425323948,0.0014259400425323948
2021-10-13,-0.000485684095324739,-0.0006071051191559238,-0.0006071051191559238,-0.0006071051191559238
2021-10-14,-0.00033045920686932876,-0.00041307400858666093,-0.00041307400858666093,-0.00041307400858666093
2021-10-15,-0.0022970350327548403,-0.0028712937909435503,-0.0028712937909435503,-0.0028712937909435503
2021-10-18,0.00019297420533707612,0.00024121775667134516,0.00024121775667134516,0.00024121775667134516
2021-10-19,-0.0011221118055943162,-0.0014026397569928952,-0.0014026397569928952,-0.0014026397569928952
2021-10-20,-0.00015678094621042962,-0.000195976182763037,-0.000195976182763037,-0.000195976182763037
2021-10-21,-9.172346664202608e-05,-0.00011465433330253259,-0.00011465433330253259,-0.00011465433330253259
2021-10-22,-0.0005448474243594466,-0.0006810592804493082,-0.0006810592804493082,-0.0006810592804493082
2021-10-25,-0.0007407491242237219,-0.0009259364052796523,-0.0009259364052796523,-0.0009259364052796523
2021-10-26,-0.0015737207206777389,-0.0019671509008471737,-0.0019671509008471737,-0.0019671509008471737
2021-10-27,0.004492281549250025,0.005615351936562531,0.005615351936562531,0.005615351936562531
2021-10-28,0.0030429148269593997,0.0038036435336992495,0.0038036435336992495,0.0038036435336992495
2021-10-29,-0.0012647972936819705,-0.0015809966171024632,-0.0015809966171024632,-0.0015809966171024632
2021-11-01,0.002688297339357967,0.003360371674197459,0.003360371674197459,0.003360371674197459
2021-11-02,2.4868543231532436e-05,3.108567903941555e-05,3.108567903941555e-05,3.108567903941555e-05
2021-11-03,0.0019636114339140766,0.002454514292392596,0.002454514292392596,0.002454514292392596
2021-11-04,0.0014985162497837138,0.0018731453122296422,0.0018731453122296422,0.0018731453122296422
2021-11-05,-0.00327880737607914,-0.004098509220098925,-0.004098509220098925,-0.004098509220098925
2021-11-08,-0.0012736227107083542,-0.0015920283883854428,-0.0015920283883854428,-0.0015920283883854428
2021-11-09,-0.00034045148589598065,-0.0004255643573699758,-0.0004255643573699758,-0.0004255643573699758
2021-11-10,-0.0013305432098212476,-0.0016631790122765594,-0.0016631790122765594,-0.0016631790122765594
2021-11-11,-0.0006477608878268205,-0.0008097011097835256,-0.0008097011097835256,-0.0008097011097835256
2021-11-12,-0.0019506882608507354,-0.0024383603260634194,-0.0024383603260634194,-0.0024383603260634194
2021-11-15,-0.0024847265149447696,-0.003105908143680962,-0.003105908143680962,-0.003105908143680962
2021-11-16,-0.004957503420006631,-0.006196879275008289,-0.006196879275008289,-0.006196879275008289
2021-11-17,-0.0024958152178983246,-0.0031197690223729057,-0.0031197690223729057,-0.0031197690223729057
2021-11-18,-0.0010350260075491983,-0.001293782509436498,-0.001293782509436498,-0.001293782509436498
2021-11-19,-0.0008355107050709225,-0.0010443883813386532,-0.0010443883813386532,-0.0010443883813386532
2021-11-22,0.006132377387557801,0.0076654717344472505,0.0076654717344472505,0.0076654717344472505
2021-11-23,0.0018779606282802867,0.002347450785350358,0.002347450785350358,0.002347450785350358
2021-11-24,-0.0017169594446971687,-0.002146199305871461,-0.002146199305871461,-0.002146199305871461
2021-11-26,0.0008310217646544779,0.0010387772058180974,0.0010387772058180974,0.0010387772058180974
2021-11-29,-0.0035514419589161485,-0.004439302448645186,-0.004439302448645186,-0.004439302448645186
2021-11-30,0.0006978996469018749,0.0008723745586273437,0.0008723745586273437,0.0008723745586273437
2021-12-01,-0.002935916629990249,-0.0036698957874878113,-0.0036698957874878113,-0.0036698957874878113
2021-12-02,0.0007102366732328937,0.0008877958415411172,0.0008877958415411172,0.0008877958415411172
2021-12-03,-0.0010269507689739997,-0.0012836884612174996,-0.0012836884612174996,-0.0012836884612174996
2021-12-06,-0.001132075126762477,-0.0014150939084530962,-0.0014150939084530962,-0.0014150939084530962
2021-12-07,0.006488667805246762,0.008110834756558452,0.008110834756558452,0.008110834756558452
2021-12-08,0.0037347217673824205,0.004668402209228026,0.004668402209228026,0.004668402209228026
2021-12-09,-0.00016271842877816148,-0.00020339803597270185,-0.00020339803597270185,-0.00020339803597270185
2021-12-10,0.001449614028037237,0.001812017535046546,0.001812017535046546,0.001812017535046546
2021-12-13,-0.0005043726178249582,-0.0006304657722811977,-0.0006304657722811977,-0.0006304657722811977
2021-12-14,-0.006059507701854104,-0.00757438462731763,-0.00757438462731763,-0.00757438462731763
2021-12-15,0.0020962721170540337,0.002620340146317542,0.002620340146317542,0.002620340146317542
2021-12-16,0.0005982578992797598,0.0007478223740996997,0.0007478223740996997,0.0007478223740996997
2021-12-17,0.00397185614146748,0.00496482017683435,0.00496482017683435,0.00496482017683435
2021-12-20,-0.00011094404635636222,-0.00013868005794545276,-0.00013868005794545276,-0.00013868005794545276
2021-12-21,-0.00015498520229446965,-0.00019373150286808706,-0.00019373150286808706,-0.00019373150286808706
2021-12-22,0.0016471709439802179,0.0020589636799752723,0.0020589636799752723,0.0020589636799752723
2021-12-23,0.0009686063791051937,0.0012107579738814922,0.0012107579738814922,0.0012107579738814922
2021-12-27,0.0006412562862329022,0.0008015703577911277,0.0008015703577911277,0.0008015703577911277
2021-12-28,-0.001972336638425841,-0.0024654207980323016,-0.0024654207980323016,-0.0024654207980323016
2021-12-29,0.0005937395128027567,0.0007421743910034458,0.0007421743910034458,0.0007421743910034458
2021-12-30,-0.0011238525290031155,-0.0014048156612538943,-0.0014048156612538943,-0.0014048156612538943
2021-12-31,-0.0009706843469028549,-0.0012133554336285688,-0.0012133554336285688,-0.0012133554336285688
2022-01-03,-0.00012211007815067878,-0.00015263759768834848,-0.00015263759768834848,-0.00015263759768834848
2022-01-04,0.0,0.0,0.0,0.0
2022-01-05,0.0,0.0,0.0,0.0
2022-01-06,0.0,0.0,0.0,0.0
2022-01-07,0.0,0.0,0.0,0.0
2022-01-10,0.0022556500357985435,0.002819562544748179,0.002819562544748179,0.002819562544748179
2022-01-11,-0.000491672620846492,-0.000614590776058115,-0.000614590776058115,-0.000614590776058115
2022-01-12,0.0005677932691156028,0.0007097415863945034,0.0007097415863945034,0.0007097415863945034
2022-01-13,0.0007355363792736266,0.0009194204740920332,0.0009194204740920332,0.0009194204740920332
2022-01-14,-0.002010141750521266,-0.0025126771881515825,-0.0025126771881515825,-0.0025126771881515825
2022-01-18,-0.0008321231327683224,-0.001040153915960403,-0.001040153915960403,-0.001040153915960403
2022-01-19,-0.0014682268131930567,-0.001835283516491321,-0.001835283516491321,-0.001835283516491321
2022-01-20,0.000333638391563617,0.0004170479894545213,0.0004170479894545213,0.0004170479894545213
2022-01-21,0.001980054254922661,0.002475067818653326,0.002475067818653326,0.002475067818653326
2022-01-24,0.0001736826635967125,0.00021710332949589063,0.00021710332949589063,0.00021710332949589063
2022-01-25,0.007716902389498596,0.009646127986873245,0.009646127986873245,0.009646127986873245
2022-01-26,0.007862515926857834,0.009828144908572293,0.009828144908572293,0.009828144908572293
2022-01-27,-2.7187458357208494e-05,-3.398432294651062e-05,-3.398432294651062e-05,-3.398432294651062e-05
2022-01-28,-0.0020017156979397505,-0.002502144622424688,-0.002502144622424688,-0.002502144622424688
2022-01-31,-0.005015630928382923,-0.006269538660478653,-0.006269538660478653,-0.006269538660478653
2022-02-01,0.003045758937888757,0.0038071986723609464,0.0038071986723609464,0.0038071986723609464
2022-02-02,0.00564963156585483,0.007062039457318537,0.007062039457318537,0.007062039457318537
2022-02-03,-0.0062061095047507295,-0.007757636880938412,-0.007757636880938412,-0.007757636880938412
2022-02-04,-0.004246066700466361,-0.005139737832039139,-0.005307583375582951,-0.005307583375582951
2022-02-07,0.00029418508729132735,0.00034716203843427386,0.0003677313591141592,0.0003677313591141592
2022-02-08,-0.002282333746581577,-0.002739144938434346,-0.0028529171832269713,-0.0028529171832269713
2022-02-09,-9.894327687441656e-05,-0.00011886730910844899,-0.0001236790960930207,-0.0001236790960930207
2022-02-10,0.00040324065433804417,0.0004860947493349128,0.0005040508179225552,0.0005040508179225552
2022-02-11,-0.0013847452522718986,-0.00168004422843115,-0.0017309315653398732,-0.0017309315653398732
2022-02-14,0.0005134919771090105,0.0006214367769889564,0.0006418649713862631,0.0006418649713862631
2022-02-15,0.0008619424381417033,0.0010432805988530264,0.0010774280476771292,0.0010774280476771292
2022-02-16,0.0009513426138399013,0.0011524939923132792,0.0011891782672998766,0.0011891782672998766
2022-02-17,-0.003620058545713656,-0.0044126868270403545,-0.00452507318214207,-0.00452507318214207
2022-02-18,0.0011634361188072257,0.0014110647642399017,0.001454295148509032,0.001454295148509032
2022-02-22,0.003948614209368846,0.004935767761711057,0.004935767761711057,0.004935767761711057
2022-02-23,0.0015090112807783912,0.001886264100972989,0.001886264100972989,0.001886264100972989
2022-02-24,-0.00324552551764599,-0.004056906897057487,-0.004056906897057487,-0.004056906897057487
2022-02-25,-0.0002556175691379896,-0.0003193770672606459,-0.000319521961422487,-0.000319521961422487
2022-02-28,0.0,0.0,0.0,0.0
2022-03-01,0.0,0.0,0.0,0.0
2022-03-02,0.0009390207340256929,0.0011737759175321162,0.0011737759175321162,0.0011737759175321162
2022-03-03,0.0012821785657814442,0.0016027232072268053,0.0016027232072268053,0.0016027232072268053
2022-03-04,-0.0017923427646888844,-0.0022404284558611054,-0.0022404284558611054,-0.0022404284558611054
2022-03-07,-0.003414756318108674,-0.004268445397635843,-0.004268445397635843,-0.004268445397635843
2022-03-08,-0.01160994838216621,-0.014512435477707763,-0.014512435477707763,-0.014512435477707763
2022-03-09,0.0020872135488019705,0.002265540282151591,0.002609016936002463,0.002609016936002463
2022-03-10,0.0016589949726709995,0.0018117845232447402,0.0020737437158387492,0.0020737437158387492
2022-03-11,-0.0036663184027396502,-0.0039981866243159695,-0.004582898003424563,-0.004582898003424563
2022-03-14,0.0017178674915577282,0.0018522789481652023,0.0021473343644471603,0.0021473343644471603
2022-03-15,0.0005692724334417018,0.0006123581871950175,0.0007115905418021273,0.0007115905418021273
2022-03-16,0.003717038721642736,0.003997475815008555,0.00464629840205342,0.00464629840205342
2022-03-17,0.007704672829584931,0.00818355934418881,0.009630841036981164,0.009630841036981164
2022-03-18,0.0035225566306329855,0.003570458210358503,0.004403195788291232,0.004403195788291232
2022-03-21,0.0014065291284637064,0.001414370223544238,0.001758161410579633,0.001758161410579633
2022-03-22,-0.0022743984156660692,-0.002303476976800692,-0.0028429980195825866,-0.0028429980195825866
2022-03-23,-0.003617208706104741,-0.0036526659215294446,-0.004521510882630926,-0.004521510882630926
2022-03-24,0.0005550420094218629,0.000554317849174685,0.0006938025117773286,0.0006938025117773286
2022-03-25,-0.0008410877762849152,-0.0008540605452739904,-0.001051359720356144,-0.001051359720356144
2022-03-28,0.0025592896275569194,0.002611178330724685,0.003199112034446149,0.003199112034446149
2022-03-29,0.0016364374254500742,0.0016616166428194967,0.0020455467818125926,0.0020455467818125926
2022-03-30,-0.0016194611125361549,-0.001641326458578278,-0.0020243263906701936,-0.0020243263906701936
2022-03-31,0.00089254598762539,0.0009023457181211097,0.0011156824845317374,0.0011156824845317374
2022-04-01,0.0007823027403802327,0.0007905191002639852,0.000977878425475291,0.000977878425475291
2022-04-04,0.002302372031845278,0.0023257957932429456,0.002877965039806598,0.002877965039806598
2022-04-05,0.0,0.0,0.0,0.0
2022-04-06,0.0,0.0,0.0,0.0
2022-04-07,8.621583878388252e-05,0.00010776979847985315,0.00010776979847985315,0.00010776979847985315
2022-04-08,-0.0018246991911894034,-0.002280873988986754,-0.002280873988986754,-0.002280873988986754
2022-04-11,0.002208725236168135,0.0027609065452101687,0.0027609065452101687,0.0027609065452101687
2022-04-12,-0.0002664182811279311,-0.00033302285140991385,-0.00033302285140991385,-0.00033302285140991385
2022-04-13,-0.0016037789392226605,-0.0020047236740283257,-0.0020047236740283257,-0.0020047236740283257
2022-04-14,0.002238518067084992,0.0027981475838562402,0.0027981475838562402,0.0027981475838562402
2022-04-18,-0.0018148902510280334,-0.0022686128137850417,-0.0022686128137850417,-0.0022686128137850417
2022-04-19,-0.006175702408436392,-0.007719628010545491,-0.007719628010545491,-0.007719628010545491
2022-04-20,-0.0020781799311346922,-0.0025977249139183655,-0.0025977249139183655,-0.0025977249139183655
2022-04-21,-0.0007913705927644205,-0.0009892132409555256,-0.0009892132409555256,-0.0009892132409555256
2022-04-22,-0.0006136571220206082,-0.0007670714025257603,-0.0007670714025257603,-0.0007670714025257603
2022-04-25,-0.0035185848220597696,-0.004398231027574712,-0.004398231027574712,-0.004398231027574712
2022-04-26,0.0010922979360584563,0.0013653724200730704,0.0013653724200730704,0.0013653724200730704
2022-04-27,-0.0004915515855496782,-0.0006144394819370977,-0.0006144394819370977,-0.0006144394819370977
2022-04-28,0.0010228300367914668,0.0012785375459893333,0.0012785375459893333,0.0012785375459893333
2022-04-29,-0.0008223302529568699,-0.0010279128161960875,-0.0010279128161960875,-0.0010279128161960875
2022-05-02,0.002912937875905619,0.003641172344882024,0.003641172344882024,0.003641172344882024
2022-05-03,-0.000305513021553551,-0.0003818912769419387,-0.0003818912769419387,-0.0003818912769419387
2022-05-04,-0.002056720657542653,-0.0025709008219283163,-0.0025709008219283163,-0.0025709008219283163
2022-05-05,0.003888516592407353,0.0048606457405091915,0.0048606457405091915,0.0048606457405091915
2022-05-06,-0.0014854705497923447,-0.0018568381872404308,-0.0018568381872404308,-0.0018568381872404308
2022-05-09,-0.0019193939655925175,-0.002399242456990647,-0.002399242456990647,-0.002399242456990647
2022-05-10,0.0009057970282964021,0.0011322462853705026,0.0011322462853705026,0.0011322462853705026
2022-05-11,0.0005220032176277212,0.0006525040220346516,0.0006525040220346516,0.0006525040220346516
2022-05-12,0.0020662313751933148,0.0025827892189916437,0.0025827892189916437,0.0025827892189916437
2022-05-13,-0.003165363263675139,-0.003956704079593924,-0.003956704079593924,-0.003956704079593924
2022-05-16,0.0019572969965481668,0.0024466212456852087,0.0024466212456852087,0.0024466212456852087
2022-05-17,0.0010209917519771244,0.0012762396899714055,0.0012762396899714055,0.0012762396899714055
2022-05-18,-0.002666201204060519,-0.0033327515050756485,-0.0033327515050756485,-0.0033327515050756485
2022-05-19,-0.001404207108750641,-0.0017552588859383014,-0.0017552588859383014,-0.0017552588859383014
2022-05-20,0.003084753733802754,0.0038559421672534427,0.0038559421672534427,0.0038559421672534427
2022-05-23,-0.0003560581873200047,-0.0004450727341500059,-0.0004450727341500059,-0.0004450727341500059
2022-05-24,-0.0024469384058547457,-0.003058673007318432,-0.003058673007318432,-0.003058673007318432
2022-05-25,0.003400586663609861,0.004250733329512326,0.004250733329512326,0.004250733329512326
2022-05-26,-0.001185307554787936,-0.0014816344434849201,-0.0014816344434849201,-0.0014816344434849201
2022-05-27,-0.0013905191440033104,-0.001738148930004138,-0.001738148930004138,-0.001738148930004138
2022-05-31,0.0015557580592459798,0.0019446975740574747,0.0019446975740574747,0.0019446975740574747
2022-06-01,0.0013363621311014,0.0016704526638767498,0.0016704526638767498,0.0016704526638767498
2022-06-02,0.0006997366949297312,0.000874670868662164,0.000874670868662164,0.000874670868662164
2022-06-03,0.0008469835834529713,0.0010587294793162141,0.0010587294793162141,0.0010587294793162141
2022-06-06,-0.0012769424555231982,-0.001596178069403998,-0.001596178069403998,-0.001596178069403998
2022-06-07,-0.000626844392286708,-0.000783555490358385,-0.000783555490358385,-0.000783555490358385
2022-06-08,0.0028552349245431832,0.003569043655678979,0.003569043655678979,0.003569043655678979
2022-06-09,0.002439932024024603,0.003049915030030754,0.003049915030030754,0.003049915030030754
2022-06-10,-0.0016189082880040697,-0.002023635360005087,-0.002023635360005087,-0.002023635360005087
2022-06-13,0.0010268177498554622,0.0012835221873193276,0.0012835221873193276,0.0012835221873193276
2022-06-14,0.0029977909996008966,0.003747238749501121,0.003747238749501121,0.003747238749501121
2022-06-15,0.000117997762916838,0.0001474972036460475,0.0001474972036460475,0.0001474972036460475
2022-06-16,0.000963627611945927,0.0012045345149324087,0.0012045345149324087,0.0012045345149324087
2022-06-17,-0.0018714772142427163,-0.0023393465178033956,-0.0023393465178033956,-0.0023393465178033956
2022-06-21,0.0006335811323532208,0.0007919764154415259,0.0007919764154415259,0.0007919764154415259
2022-06-22,0.00037832496357992525,0.00047290620447490656,0.00047290620447490656,0.00047290620447490656
2022-06-23,0.0013889753490406464,0.001736219186300808,0.001736219186300808,0.001736219186300808
2022-06-24,0.003978458447343864,0.00497307305917983,0.00497307305917983,0.00497307305917983
2022-06-27,0.0004079917690859456,0.000509989711357432,0.000509989711357432,0.000509989711357432
2022-06-28,0.0006747723198526033,0.0008434653998157541,0.0008434653998157541,0.0008434653998157541
2022-06-29,0.002079649664348476,0.0025995620804355945,0.0025995620804355945,0.0025995620804355945
2022-06-30,0.0029276636616744063,0.003659579577093008,0.003659579577093008,0.003659579577093008
2022-07-01,-0.004118768959227838,-0.005148461199034797,-0.005148461199034797,-0.005148461199034797
2022-07-05,0.00012012764295057097,0.0001501595536882137,0.0001501595536882137,0.0001501595536882137
2022-07-06,0.003755278752317095,0.0046940984403963685,0.0046940984403963685,0.0046940984403963685
2022-07-07,0.0,0.0,0.0,0.0
2022-07-08,0.0,0.0,0.0,0.0
2022-07-11,0.0,0.0,0.0,0.0
2022-07-12,0.0,0.0,0.0,0.0
2022-07-13,0.0,0.0,0.0,0.0
2022-07-14,0.0,0.0,0.0,0.0
2022-07-15,0.0,0.0,0.0,0.0
2022-07-18,0.0,0.0,0.0,0.0
2022-07-19,0.0,0.0,0.0,0.0
2022-07-20,-0.0004399540141828555,-0.0004627724701806258,-0.0005499425177285694,-0.0005499425177285694
2022-07-21,-0.0006583888939194471,-0.000698136968514741,-0.000822986117399309,-0.000822986117399309
2022-07-22,0.0005810233940070546,0.0006333906903140493,0.0007262792425088182,0.0007262792425088182
2022-07-25,-0.00036613130609284433,-0.0004022955616331373,-0.0004576641326160554,-0.0004576641326160554
2022-07-26,0.0016931659909940407,0.0018825093814601132,0.0021164574887425507,0.0021164574887425507
2022-07-27,0.009229457106274907,0.011213753649354117,0.011536821382843634,0.011536821382843634
2022-07-28,0.004818242740166094,0.005558444584398243,0.0060228034252076176,0.0060228034252076176
2022-07-29,0.006088159399070727,0.0069090990396546235,0.007610199248838409,0.007610199248838409
2022-08-01,0.0022069198222806332,0.0025357515269262797,0.0027586497778507918,0.0027586497778507918
2022-08-02,0.00575085976793915,0.0065974458880462905,0.007188574709923938,0.007188574709923938
2022-08-03,0.009842400000667495,0.011124975279974282,0.012303000000834369,0.012303000000834369
2022-08-04,0.0012346282447537598,0.0012940975317528435,0.0015432853059421997,0.0015432853059421997
2022-08-05,9.628826639390556e-05,0.00010441675607288714,0.00012036033299238195,0.00012036033299238195
2022-08-08,-0.0004093887078203271,-0.0004501249044056961,-0.0005117358847754089,-0.0005117358847754089
2022-08-09,0.00016145645247333103,0.00017725215371439492,0.0002018205655916638,0.0002018205655916638
2022-08-10,7.985601055625325e-05,8.769555173323013e-05,9.982001319531656e-05,9.982001319531656e-05
2022-08-11,-0.003650829278210469,-0.004010068766947002,-0.004563536597763086,-0.004563536597763086
2022-08-12,-0.006966451411163056,-0.0075282435792024165,-0.00870806426395382,-0.00870806426395382
2022-08-15,-0.0026935928052459874,-0.002764431968237256,-0.0033669910065574843,-0.0033669910065574843
2022-08-16,-0.0011107897152379323,-0.0011344315065308092,-0.0013884871440474154,-0.0013884871440474154
2022-08-17,-0.004230649210008347,-0.004323527101289489,-0.005288311512510434,-0.005288311512510434
2022-08-18,5.753254398700009e-05,5.779868253345719e-05,7.191567998375011e-05,7.191567998375011e-05
2022-08-19,0.0003235915735639608,0.0003261419227376937,0.000404489466954951,0.000404489466954951
2022-08-22,0.0026492264551448525,0.0026978507642200188,0.003311533068931066,0.003311533068931066
2022-08-23,-0.000621356223009012,-0.0006325528421943783,-0.0007766952787612649,-0.0007766952787612649
2022-08-24,0.004335589025937292,0.004407593730611935,0.005419486282421615,0.005419486282421615
2022-08-25,-0.0016499031691333715,-0.0016603887478024856,-0.002062378961416714,-0.002062378961416714
2022-08-26,-0.00022208767086546275,-0.00022278329714608467,-0.00027760958858182846,-0.00027760958858182846
2022-08-29,0.0,0.0,0.0,0.0
2022-08-30,0.0,0.0,0.0,0.0
2022-08-31,0.0,0.0,0.0,0.0
2022-09-01,0.0,0.0,0.0,0.0
2022-09-02,0.0,0.0,0.0,0.0
2022-09-06,0.0,0.0,0.0,0.0
2022-09-07,0.0,0.0,0.0,0.0
2022-09-08,0.0,0.0,0.0,0.0
2022-09-09,0.0,0.0,0.0,0.0
2022-09-12,-0.001777847285180515,-0.0018589444312014775,-0.002222309106475644,-0.002222309106475644
2022-09-13,0.0028101192354047103,0.002921740861148932,0.0035126490442558876,0.0035126490442558876
2022-09-14,-0.0008490057736618464,-0.0008812878806661169,-0.001061257217077308,-0.001061257217077308
2022-09-15,0.0009739473814612008,0.0010093094898015703,0.001217434226826501,0.001217434226826501
2022-09-16,0.00045657493451099675,0.00047567434335908963,0.0005707186681387459,0.0005707186681387459
2022-09-19,-1.1401178728858287e-05,-1.1877041260668356e-05,-1.4251473411072858e-05,-1.4251473411072858e-05
2022-09-20,0.0029951180582356942,0.0031185518857141407,0.0037438975727946177,0.0037438975727946177
2022-09-21,0.00216893024692652,0.0023123810356242137,0.00271116280865815,0.00271116280865815
2022-09-22,-0.0002689693682559966,-0.0002863300260218528,-0.00033621171031999574,-0.00033621171031999574
2022-09-23,7.994819751398242e-05,8.50860739545003e-05,9.993524689247803e-05,9.993524689247803e-05
2022-09-26,0.001211276222596245,0.0013145835154048156,0.0015140952782453064,0.0015140952782453064
2022-09-27,0.0022471859988520545,0.0024384968592860066,0.0028089824985650684,0.0028089824985650684
2022-09-28,0.003820527839651947,0.004147851835834414,0.004775659799564934,0.004775659799564934
2022-09-29,0.0008733129650142454,0.0009522349992204377,0.0010916412062678066,0.0010916412062678066
2022-09-30,-0.0006741839484650836,-0.0007353743362181919,-0.0008427299355813544,-0.0008427299355813544
2022-10-03,-0.003332525284677351,-0.003958876754599072,-0.004165656605846689,-0.004165656605846689
2022-10-04,-0.00180797519973502,-0.0021251006766205443,-0.002259968999668775,-0.002259968999668775
2022-10-05,0.0,0.0,0.0,0.0
2022-10-06,0.0,0.0,0.0,0.0
2022-10-07,0.0,0.0,0.0,0.0
2022-10-10,0.0,0.0,0.0,0.0
2022-10-11,0.0,0.0,0.0,0.0
2022-10-12,0.0,0.0,0.0,0.0
2022-10-13,0.0,0.0,0.0,0.0
2022-10-14,0.0,0.0,0.0,0.0
2022-10-17,-0.0021025820462121296,-0.002628227557765162,-0.002628227557765162,-0.002628227557765162
2022-10-18,0.004539409995417605,0.0056742624942720055,0.0056742624942720055,0.0056742624942720055
2022-10-19,-0.005443046342772661,-0.006803807928465826,-0.006803807928465826,-0.006803807928465826
2022-10-20,-0.0026352370927386066,-0.0032940463659232584,-0.0032940463659232584,-0.0032940463659232584
2022-10-21,-0.004620561225287302,-0.005775701531609128,-0.005775701531609128,-0.005775701531609128
2022-10-24,-0.002990910041788075,-0.003738637552235094,-0.003738637552235094,-0.003738637552235094
2022-10-25,-0.0002081984925445929,-0.0002602481156807411,-0.0002602481156807411,-0.0002602481156807411
2022-10-26,-0.0033393781543818992,-0.004174222692977374,-0.004174222692977374,-0.004174222692977374
2022-10-27,-0.006469628786960552,-0.00808703598370069,-0.00808703598370069,-0.00808703598370069
2022-10-28,0.0021066770254678587,0.0026333462818348232,0.0026333462818348232,0.0026333462818348232
2022-10-31,-0.000557525156875874,-0.0006969064460948424,-0.0006969064460948424,-0.0006969064460948424
2022-11-01,0.0001561504723655335,0.00019518809045691686,0.00019518809045691686,0.00019518809045691686
2022-11-02,0.006266171060144447,0.007832713825180559,0.007832713825180559,0.007832713825180559
2022-11-03,0.0018135624908508785,0.002266953113563598,0.002266953113563598,0.002266953113563598
2022-11-04,-0.00015597101284711527,-0.0001949637660588941,-0.0001949637660588941,-0.0001949637660588941
2022-11-07,0.0019997701631240977,0.002499712703905122,0.002499712703905122,0.002499712703905122
2022-11-08,-0.0007620131511684581,-0.0009525164389605727,-0.0009525164389605727,-0.0009525164389605727
2022-11-09,0.001104792300166481,0.001380990375208101,0.001380990375208101,0.001380990375208101
2022-11-10,0.008361968251039692,0.010452460313799615,0.010452460313799615,0.010452460313799615
2022-11-11,0.004886793588688548,0.005782086066535489,0.006108491985860685,0.006108491985860685
2022-11-14,-0.01149084783799275,-0.013289750866817385,-0.014363559797490938,-0.014363559797490938
2022-11-15,-0.007015598200871272,-0.007172901516943694,-0.008769497751089091,-0.008769497751089091
2022-11-16,-0.002562567888548634,-0.0025242125467639363,-0.0032032098606857924,-0.0032032098606857924
2022-11-17,-0.00022495034562072314,-0.00022068306188899607,-0.00028118793202590395,-0.00028118793202590395
2022-11-18,-0.0012626601913353034,-0.0012399572047963351,-0.0015783252391691292,-0.0015783252391691292
2022-11-21,0.00820708419995403,0.008059034739225214,0.010258855249942538,0.010258855249942538
2022-11-22,-0.005848369363869667,-0.005460196710639729,-0.0073104617048370835,-0.0073104617048370835
2022-11-23,-0.0015439381653174961,-0.0014117151156986985,-0.00192992270664687,-0.00192992270664687
2022-11-25,-0.0008178861431273753,-0.0007474516561879973,-0.001022357678909219,-0.001022357678909219
2022-11-28,0.0018856424287412637,0.0017339002614576674,0.00235705303592658,0.00235705303592658
2022-11-29,0.00205229516288835,0.0018848601889849773,0.0025653689536104373,0.0025653689536104373
2022-11-30,-0.005407867865485854,-0.00497946354009913,-0.0067598348318573176,-0.0067598348318573176
2022-12-01,-0.0044830809784793925,-0.004090555328803856,-0.0056038512230992404,-0.0056038512230992404
2022-12-02,-0.0007575819870555274,-0.0006852689391462261,-0.0009469774838194092,-0.0009469774838194092
2022-12-05,0.00011865461721663127,0.00010793304485925434,0.0001483182715207891,0.0001483182715207891
2022-12-06,0.004077943399388745,0.0037369876939383835,0.005097429249235931,0.005097429249235931
2022-12-07,3.053737156310987e-05,2.763184240059026e-05,3.817171445388734e-05,3.817171445388734e-05
2022-12-08,0.006051549748789911,0.005479785644695382,0.007564437185987389,0.007564437185987389
2022-12-09,0.0014178546624842568,0.001252028321467676,0.0017723183281053208,0.0017723183281053208
2022-12-12,-0.001798780837876305,-0.0015864311331876978,-0.002248476047345381,-0.002248476047345381
2022-12-13,0.001720298367731094,0.001520632544047653,0.0021503729596638673,0.0021503729596638673
2022-12-14,-0.0024579470541082646,-0.002215902650209563,-0.003072433817635331,-0.003072433817635331
2022-12-15,-0.00309369761528961,-0.0027809914793305943,-0.0038671220191120125,-0.0038671220191120125
2022-12-16,-0.001105515762978655,-0.0009899518614644282,-0.0013818947037233186,-0.0013818947037233186
2022-12-19,-0.0028050712450906597,-0.0025110492107529385,-0.0035063390563633244,-0.0035063390563633244
2022-12-20,-0.0017397172167281547,-0.0015568893409025938,-0.0021746465209101936,-0.0021746465209101936
2022-12-21,0.00274485373503061,0.00246010598496592,0.0034310671687882623,0.0034310671687882623
2022-12-22,0.000422602851233745,0.000376687150698268,0.0005282535640421812,0.0005282535640421812
2022-12-23,6.1714214697135e-05,5.541814539855481e-05,7.714276837141875e-05,7.714276837141875e-05
2022-12-27,-0.0018452894676481298,-0.0016584106176515338,-0.0023066118345601624,-0.0023066118345601624
2022-12-28,-0.000852043869734435,-0.0007649383922623446,-0.0010650548371680438,-0.0010650548371680438
2022-12-29,-0.00096480703353664,-0.0008701431407471917,-0.0012060087919208,-0.0012060087919208
2022-12-30,-0.000264263913350815,-0.0002385485219609925,-0.00033032989168851873,-0.00033032989168851873
2023-01-03,0.000122353583093805,0.00011078168739107972,0.00015294197886725624,0.00015294197886725624
2023-01-04,0.000209872206926725,0.00019100227366354594,0.00026234025865840623,0.00026234025865840623
2023-01-05,0.0,0.0,0.0,0.0
2023-01-06,0.00031983526069319384,0.0003997940758664923,0.0003997940758664923,0.0003997940758664923
2023-01-09,0.00015746187220337248,0.0001968273402542156,0.0001968273402542156,0.0001968273402542156
2023-01-10,-0.0005332190721964154,-0.0006665238402455192,-0.0006665238402455192,-0.0006665238402455192
2023-01-11,0.003514310143282011,0.004392887679102514,0.004392887679102514,0.004392887679102514
2023-01-12,0.0012164797898041927,0.0015205997372552409,0.0015205997372552409,0.0015205997372552409
2023-01-13,-0.001636777689693908,-0.002045972112117385,-0.002045972112117385,-0.002045972112117385
2023-01-17,0.002587283837049539,0.003234104796311924,0.003234104796311924,0.003234104796311924
2023-01-18,0.0016024586222441878,0.0020030732778052347,0.0020030732778052347,0.0020030732778052347
2023-01-19,0.0013230245825883965,0.0016537807282354957,0.0016537807282354957,0.0016537807282354957
2023-01-20,-0.00018084644166381936,-0.0002260580520797742,-0.0002260580520797742,-0.0002260580520797742
2023-01-23,-0.00413071401835474,-0.005163392522943426,-0.005163392522943426,-0.005163392522943426
2023-01-24,0.00017258052410785779,0.00021572565513482223,0.00021572565513482223,0.00021572565513482223
2023-01-25,0.0019108924767202527,0.002388615595900316,0.002388615595900316,0.002388615595900316
2023-01-26,0.004209873113975958,0.005262341392469947,0.005262341392469947,0.005262341392469947
2023-01-27,-0.0019851880974225194,-0.0024814851217781495,-0.0024814851217781495,-0.0024814851217781495
2023-01-30,-0.0020286150843048484,-0.0025357688553810606,-0.0025357688553810606,-0.0025357688553810606
2023-01-31,0.0002573587233850006,0.0003216984042312508,0.0003216984042312508,0.0003216984042312508
2023-02-01,0.002532460768232131,0.0031655759602901637,0.0031655759602901637,0.0031655759602901637
2023-02-02,0.006480934019622235,0.008101167524527794,0.008101167524527794,0.008101167524527794
2023-02-03,-0.00030037323566323897,-0.0003754665445790487,-0.0003754665445790487,-0.0003754665445790487
2023-02-06,-0.001311341992908196,-0.0016391774911352448,-0.0016391774911352448,-0.0016391774911352448
2023-02-07,-0.0007192590643937416,-0.000899073830492177,-0.000899073830492177,-0.000899073830492177
2023-02-08,7.575866888037537e-05,9.46983361004692e-05,9.46983361004692e-05,9.46983361004692e-05
2023-02-09,-0.00843930495472557,-0.010549131193406962,-0.010549131193406962,-0.010549131193406962
2023-02-10,0.0008766213007354487,0.0010957766259193109,0.0010957766259193109,0.0010957766259193109
2023-02-13,0.0007999027574199998,0.0009998784467749996,0.0009998784467749996,0.0009998784467749996
2023-02-14,-0.0032434587599517277,-0.00405432344993966,-0.00405432344993966,-0.00405432344993966
2023-02-15,-0.00890905511219877,-0.011136318890248463,-0.011136318890248463,-0.011136318890248463
2023-02-16,-0.0023711973550260158,-0.0028931768333928455,-0.0029639966937825197,-0.0029639966937825197
2023-02-17,0.005479828602154433,0.0067102154830099596,0.006849785752693041,0.006849785752693041
2023-02-21,-0.0049371489212159305,-0.005825624314311095,-0.0061714361515199136,-0.0061714361515199136
2023-02-22,-0.0006274426973932421,-0.0007249086771302123,-0.0007843033717415526,-0.0007843033717415526
2023-02-23,0.0006722826365795698,0.0007797612513788856,0.0008403532957244623,0.0008403532957244623
2023-02-24,-0.00414683354331284,-0.004806501860853335,-0.00518354192914105,-0.00518354192914105
2023-02-27,0.0022792376980266555,0.002598836812382294,0.0028490471225333194,0.0028490471225333194
2023-02-28,0.00041359007482353813,0.00046855198311945146,0.0005169875935294227,0.0005169875935294227
2023-03-01,-0.0004579686678026734,-0.0005186500055851444,-0.0005724608347533418,-0.0005724608347533418
2023-03-02,0.0012321712607646289,0.001395394368055463,0.0015402140759557862,0.0015402140759557862
2023-03-03,-0.002226332998817672,-0.002516117256011424,-0.00278291624852209,-0.00278291624852209
2023-03-06,0.0002956133072941655,0.0003327108135136186,0.0003695166341177069,0.0003695166341177069
2023-03-07,-0.00032394039017975953,-0.0003645135602406832,-0.00040492548772469943,-0.00040492548772469943
2023-03-08,0.005398759324955335,0.006115061792395077,0.006748449156194169,0.006748449156194169
2023-03-09,0.0030207138024086724,0.003320001500395951,0.0037758922530108405,0.0037758922530108405
2023-03-10,-0.0009686533648316782,-0.001059631748397235,-0.0012108167060395979,-0.0012108167060395979
2023-03-13,-0.00011075847009308594,-0.00012115374623086774,-0.00013844808761635742,-0.00013844808761635742
2023-03-14,-0.0007439361395866877,-0.000813875225825124,-0.0009299201744833597,-0.0009299201744833597
2023-03-15,-0.0001335462686883165,-0.00014604565298270683,-0.00016693283586039564,-0.00016693283586039564
2023-03-16,0.0004916530971410978,0.0005406716506740096,0.0006145663714263723,0.0006145663714263723
2023-03-17,0.0012647514625011103,0.001414079601046631,0.0015809393281263878,0.0015809393281263878
2023-03-20,0.0024223310855033472,0.0027094940691414658,0.003027913856879184,0.003027913856879184
2023-03-21,-0.0007591340326379274,-0.0008792703901112956,-0.0009489175407974092,-0.0009489175407974092
2023-03-22,0.005012743383339498,0.005853512337317861,0.006265929229174373,0.006265929229174373
2023-03-23,-0.0019416792443022,-0.0022109236690621118,-0.00242709905537775,-0.00242709905537775
2023-03-24,-0.0025800076682537068,-0.0029260826368655577,-0.0032250095853171333,-0.0032250095853171333
2023-03-27,0.0015503358688443505,0.0017510782560613088,0.0019379198360554382,0.0019379198360554382
2023-03-28,0.0031412186830832843,0.0035431873127734197,0.003926523353854105,0.003926523353854105
2023-03-29,-0.004232807201966438,-0.004733298016977688,-0.005291009002458048,-0.005291009002458048
2023-03-30,-0.0005925001493172354,-0.0006505887979726747,-0.0007406251866465442,-0.0007406251866465442
2023-03-31,-0.002011737356770925,-0.002225246238041876,-0.002514671695963656,-0.002514671695963656
2023-04-03,0.0006568541222522978,0.0007268567409105588,0.0008210676528153723,0.0008210676528153723
2023-04-04,6.309311138035279e-05,6.988602381365256e-05,7.8866389225441e-05,7.8866389225441e-05
2023-04-05,0.001545082499085526,0.0017190014400839842,0.0019313531238569076,0.0019313531238569076
2023-04-06,0.0,0.0,0.0,0.0
2023-04-10,0.0,0.0,0.0,0.0
2023-04-11,0.0,0.0,0.0,0.0
2023-04-12,0.0,0.0,0.0,0.0
2023-04-13,0.0,0.0,0.0,0.0
2023-04-14,0.0,0.0,0.0,0.0
2023-04-17,0.0,0.0,0.0,0.0
2023-04-18,0.0,0.0,0.0,0.0
2023-04-19,0.0,0.0,0.0,0.0
2023-04-20,0.001478539384798385,0.0015155016217421541,0.0018481742309979813,0.0018481742309979813
2023-04-21,0.00034240787759423,0.00035505705401546375,0.0004280098469927875,0.0004280098469927875
2023-04-24,-0.001441039050309845,-0.0015368847039140927,-0.001801298812887306,-0.001801298812887306
2023-04-25,-0.00396887718650486,-0.0042608151257365065,-0.004961096483131075,-0.004961096483131075
2023-04-26,-0.0070584782112949294,-0.007447924639788032,-0.008823097764118663,-0.008823097764118663
2023-04-27,-0.00574359876944444,-0.005802357390779309,-0.007179498461805551,-0.007179498461805551
2023-04-28,-0.0019383811893732303,-0.0021459597518067703,-0.002422976486716538,-0.002422976486716538
2023-05-01,0.0012692194057041003,0.00140115732504179,0.0015865242571301255,0.0015865242571301255
2023-05-02,2.5429861572598797e-05,2.828756892092002e-05,3.1787326965748495e-05,3.1787326965748495e-05
2023-05-03,0.002476715880891575,0.0027608180736912935,0.003095894851114469,0.003095894851114469
2023-05-04,0.0010201668471374148,0.0011411446045688136,0.0012752085589217686,0.0012752085589217686
2023-05-05,0.0027923741935584195,0.0031210941382968705,0.0034904677419480244,0.0034904677419480244
2023-05-08,-0.001977946871809034,-0.0022453417681531124,-0.0024724335897612928,-0.0024724335897612928
2023-05-09,0.001039223075923835,0.0011753953904132797,0.001299028844904794,0.001299028844904794
2023-05-10,-0.002053119025159345,-0.0025631858675163946,-0.0025663987814491815,-0.0025663987814491815
2023-05-11,0.00023159768534314535,0.00028766118416759484,0.0002894971066789317,0.0002894971066789317
2023-05-12,0.0011786721922430298,0.0014733402403037874,0.0014733402403037874,0.0014733402403037874
2023-05-15,0.0010361213993441898,0.0012945898232971504,0.0012951517491802372,0.0012951517491802372
2023-05-16,-0.001399712453680095,-0.0017496405671001188,-0.0017496405671001188,-0.0017496405671001188
2023-05-17,-0.00188168545441279,-0.0023521068180159875,-0.0023521068180159875,-0.0023521068180159875
2023-05-18,0.0023453307809192803,0.0029316634761491003,0.0029316634761491003,0.0029316634761491003
2023-05-19,0.001491894441407805,0.0018648680517597562,0.0018648680517597562,0.0018648680517597562
2023-05-22,-0.0036366869149778405,-0.004545858643722301,-0.004545858643722301,-0.004545858643722301
2023-05-23,0.000752067753815125,0.0009400846922689064,0.0009400846922689064,0.0009400846922689064
2023-05-24,0.0025539753636337646,0.003192469204542206,0.003192469204542206,0.003192469204542206
2023-05-25,-0.00038560385557907497,-0.0004820048194738437,-0.0004820048194738437,-0.0004820048194738437
2023-05-26,0.0012204945533655,0.001525618191706875,0.001525618191706875,0.001525618191706875
2023-05-30,-0.000313314728779185,-0.0003916434109739812,-0.0003916434109739812,-0.0003916434109739812
2023-05-31,-0.00035,-0.0004375,-0.0004375,-0.0004375
2023-06-01,0.0,0.0,0.0,0.0
2023-06-02,0.0,0.0,0.0,0.0
2023-06-05,0.0,0.0,0.0,0.0
2023-06-06,0.0,0.0,0.0,0.0
2023-06-07,0.0,0.0,0.0,0.0
2023-06-08,-0.00075412387437555,-0.0009426548429694375,-0.0009426548429694375,-0.0009426548429694375
2023-06-09,-0.00041403985976758997,-0.0005175498247094875,-0.0005175498247094875,-0.0005175498247094875
2023-06-12,0.0014461176440304301,0.0018076470550380376,0.0018076470550380376,0.0018076470550380376
2023-06-13,-0.001257798575014905,-0.001572248218768631,-0.001572248218768631,-0.001572248218768631
2023-06-14,0.000129399083999465,0.00016174885499933126,0.00016174885499933126,0.00016174885499933126
2023-06-15,0.001172976508743585,0.0014662206359294812,0.0014662206359294812,0.0014662206359294812
2023-06-16,-0.0030333334396111947,-0.003791666799513993,-0.003791666799513993,-0.003791666799513993
2023-06-20,-0.0014162165350373249,-0.001770270668796656,-0.001770270668796656,-0.001770270668796656
2023-06-21,-0.0035395214599315897,-0.004424401824914487,-0.004424401824914487,-0.004424401824914487
2023-06-22,0.00188927264657943,0.0023615908082242876,0.0023615908082242876,0.0023615908082242876
2023-06-23,-0.0024405131833022146,-0.0030506414791277685,-0.0030506414791277685,-0.0030506414791277685
2023-06-26,-0.0009655883874243949,-0.0012069854842804936,-0.0012069854842804936,-0.0012069854842804936
2023-06-27,0.004562789888150348,0.005703487360187935,0.005703487360187935,0.005703487360187935
2023-06-28,-0.00014294225752499,-0.0001786778219062375,-0.0001786778219062375,-0.0001786778219062375
2023-06-29,0.0010494277254587,0.001311784656823375,0.001311784656823375,0.001311784656823375
2023-06-30,0.001064474548574675,0.0013305931857183436,0.0013305931857183436,0.0013305931857183436
2023-07-03,-0.001693279812181335,-0.0021165997652266687,-0.0021165997652266687,-0.0021165997652266687
2023-07-05,-0.002183344867676105,-0.002729181084595131,-0.002729181084595131,-0.002729181084595131
2023-07-06,-0.00254034925352726,-0.0031754365669090746,-0.0031754365669090746,-0.0031754365669090746
2023-07-07,-0.0006487688045512449,-0.0008109610056890562,-0.0008109610056890562,-0.0008109610056890562
2023-07-10,0.0,0.0,0.0,0.0
2023-07-11,-4.234865589428636e-05,-5.293581986785795e-05,-5.293581986785795e-05,-5.293581986785795e-05
2023-07-12,-7.523933817545e-05,-9.404917271931249e-05,-9.404917271931249e-05,-9.404917271931249e-05
2023-07-13,-0.00044488652988155,-0.0005561081623519375,-0.0005561081623519375,-0.0005561081623519375
2023-07-14,0.0002809588740434,0.00035119859255424996,0.00035119859255424996,0.00035119859255424996
2023-07-17,-0.00018997267345415,-0.00023746584181768752,-0.00023746584181768752,-0.00023746584181768752
2023-07-18,0.0001824815698089,0.000228101962261125,0.000228101962261125,0.000228101962261125
2023-07-19,0.00056449147667755,0.0007056143458469376,0.0007056143458469376,0.0007056143458469376
2023-07-20,-0.00029229498014735,-0.0003653687251841875,-0.0003653687251841875,-0.0003653687251841875
2023-07-21,-0.0024320287551202503,-0.003040035943900313,-0.003040035943900313,-0.003040035943900313
2023-07-24,-0.00239428524093728,-0.0029928565511716,-0.0029928565511716,-0.0029928565511716
2023-07-25,-0.0048290799666724496,-0.006036349958340562,-0.006036349958340562,-0.006036349958340562
2023-07-26,-0.0006315928332849,-0.000789491041606125,-0.000789491041606125,-0.000789491041606125
2023-07-27,0.005521337685871,0.00690167210733875,0.00690167210733875,0.00690167210733875
2023-07-28,0.00026935590781715,0.0003366948847714375,0.0003366948847714375,0.0003366948847714375
2023-07-31,0.012640277413676942,0.015800346767096178,0.015800346767096178,0.015800346767096178
2023-08-01,-0.0046159289508966505,-0.005769911188620813,-0.005769911188620813,-0.005769911188620813
2023-08-02,-0.00164443089532125,-0.0020555386191515625,-0.0020555386191515625,-0.0020555386191515625
2023-08-03,-0.00244555382313955,-0.0030569422789244374,-0.0030569422789244374,-0.0030569422789244374
2023-08-04,0.0019808311277313656,0.002476038909664207,0.002476038909664207,0.002476038909664207
2023-08-07,-0.00633150739701435,-0.007914384246267938,-0.007914384246267938,-0.007914384246267938
2023-08-08,-0.0008654689146514,-0.0010558954473597229,-0.0010818361433142499,-0.0010818361433142499
2023-08-09,0.0013690134583992,0.001670844628422395,0.001711266822999,0.001711266822999
2023-08-10,0.00248722447053085,0.0030228881262181753,0.0031090305881635626,0.0031090305881635626
2023-08-11,-0.00269629649290545,-0.003242496207822402,-0.0033703706161318124,-0.0033703706161318124
2023-08-14,0.000915599974873,0.001095818920086829,0.00114449996859125,0.00114449996859125
2023-08-15,0.000864334805804,0.0010321931538194138,0.001080418507255,0.001080418507255
2023-08-16,0.0005572328367145,0.0006641295252238048,0.0006965410458931251,0.0006965410458931251
2023-08-17,-0.0005,-0.0005952810453256343,-0.000625,-0.000625
2023-08-18,0.0,0.0,0.0,0.0
2023-08-21,0.0,0.0,0.0,0.0
2023-08-22,-0.00139172698367225,-0.001657530523561669,-0.0017396587295903125,-0.0017396587295903125
2023-08-23,-0.0019918972535221,-0.0023714625389522686,-0.002489871566902625,-0.002489871566902625
2023-08-24,0.0010192624327522,0.0012113631972369432,0.00127407804094025,0.00127407804094025
2023-08-25,0.00491604408817025,0.0058274943987607,0.006145055110212813,0.006145055110212813
2023-08-28,-0.00477109393874585,-0.005475502427190471,-0.005963867423432312,-0.005963867423432312
2023-08-29,-0.00018661997431134998,-0.00021036066378905745,-0.00023327496788918747,-0.00023327496788918747
2023-08-30,-0.0019551269333537187,-0.002204275580739077,-0.0024439086666921484,-0.0024439086666921484
2023-08-31,-0.00318163543544735,-0.003582038513588779,-0.003977044294309187,-0.003977044294309187
2023-09-01,-0.0034200776274579997,-0.0038276646229590244,-0.0042750970343225,-0.0042750970343225
2023-09-05,0.0031662485758837,0.0035273356337126565,0.003957810719854625,0.003957810719854625
2023-09-06,-0.00572967818508035,-0.006327980402261381,-0.007162097731350437,-0.007162097731350437
2023-09-07,0.00139373820955055,0.0015022601473618676,0.0017421727619381874,0.0017421727619381874
2023-09-08,0.0007369573321291499,0.0007920274507640334,0.0009211966651614374,0.0009211966651614374
2023-09-11,0.0049797259593475,0.005363146199353776,0.006224657449184375,0.006224657449184375
2023-09-12,0.0015698626185821,0.0016484637546025855,0.001962328273227625,0.001962328273227625
2023-09-13,-0.0007548865941103001,-0.0007896711389520992,-0.0009436082426378751,-0.0009436082426378751
2023-09-14,-0.0028612535895129,-0.002994342392613442,-0.003576566986891125,-0.003576566986891125
2023-09-15,-0.0034773821853744972,-0.003660661653446267,-0.004346727731718122,-0.004346727731718122
2023-09-18,0.000381496217071,0.00040613205490085276,0.00047687027133875,0.00047687027133875
2023-09-19,-0.0003965802343708,-0.00042405811138735366,-0.0004957252929635001,-0.0004957252929635001
2023-09-20,-0.0001904753182246,-0.0002036762534687945,-0.00023809414778074999,-0.00023809414778074999
2023-09-21,-0.0005,-0.0005346103813633161,-0.000625,-0.000625
2023-09-22,-0.00061109715810695,-0.0006577824007954085,-0.0007638714476336874,-0.0007638714476336874
2023-09-25,-0.00107663301927405,-0.0011596538704081185,-0.0013457912740925625,-0.0013457912740925625
2023-09-26,-0.0005008464244904,-0.0005449812834535689,-0.000626058030613,-0.000626058030613
2023-09-27,0.0002166305898655,0.00023611535053330308,0.000270788237331875,0.000270788237331875
2023-09-28,-0.0001559446795306,-0.00016999436399850479,-0.00019493084941325003,-0.00019493084941325003
2023-09-29,0.00015790949477425,0.00017228041266068952,0.0001973868684678125,0.0001973868684678125
2023-10-02,-0.0004039861611623,-0.0004406156255783923,-0.000504982701452875,-0.000504982701452875
2023-10-03,-0.00130063706997145,-0.0014191952366221035,-0.0016257963374643125,-0.0016257963374643125
2023-10-04,0.00054172163304095,0.0006028926731933965,0.0006771520413011874,0.0006771520413011874
2023-10-05,-0.00068854270350705,-0.0007681103509523593,-0.0008606783793838125,-0.0008606783793838125
2023-10-06,0.0,0.0,0.0,0.0
2023-10-09,0.0,0.0,0.0,0.0
2023-10-10,0.0,0.0,0.0,0.0
2023-10-11,0.0,0.0,0.0,0.0
2023-10-12,-0.00308983745240529,-0.0038622968155066126,-0.0038622968155066126,-0.0038622968155066126
2023-10-13,0.0010968467760938702,0.0013710584701173377,0.0013710584701173377,0.0013710584701173377
2023-10-16,-0.00018988189473060003,-0.00023735236841325002,-0.00023735236841325002,-0.00023735236841325002
2023-10-17,0.0008066935109565901,0.0010083668886957376,0.0010083668886957376,0.0010083668886957376
2023-10-18,-0.0036420821925069354,-0.004552602740633669,-0.004552602740633669,-0.004552602740633669
2023-10-19,0.002929465002422741,0.0036618312530284263,0.0036618312530284263,0.0036618312530284263
2023-10-20,0.004024422736876615,0.005030528421095769,0.005030528421095769,0.005030528421095769
2023-10-23,-0.0035198602864980645,-0.004399825358122581,-0.004399825358122581,-0.004399825358122581
2023-10-24,0.0018728365723850965,0.0023410457154813707,0.0023410457154813707,0.0023410457154813707
2023-10-25,0.00179279660658475,0.0022409957582309376,0.0022409957582309376,0.0022409957582309376
2023-10-26,0.008290182556847995,0.010362728196059993,0.010362728196059993,0.010362728196059993
2023-10-27,0.0013306656596888404,0.0016633320746110504,0.0016633320746110504,0.0016633320746110504
2023-10-30,-0.0021590694864915307,-0.0026988368581144133,-0.0026988368581144133,-0.0026988368581144133
2023-10-31,0.0006793889583166602,0.0008492361978958253,0.0008492361978958253,0.0008492361978958253
2023-11-01,-0.0019476927483384203,-0.0024346159354230253,-0.0024346159354230253,-0.0024346159354230253
2023-11-02,0.0004611123862845487,0.0005763904828556859,0.0005763904828556859,0.0005763904828556859
2023-11-03,0.006321412773323499,0.007901765966654374,0.007901765966654374,0.007901765966654374
2023-11-06,-0.0010625204209297576,-0.0013281505261621969,-0.0013281505261621969,-0.0013281505261621969
2023-11-07,-0.00470387967850359,-0.005879849598129488,-0.005879849598129488,-0.005879849598129488
2023-11-08,0.0013718787799444849,0.001714848474930606,0.001714848474930606,0.001714848474930606
2023-11-09,-0.005100032339672439,-0.006375040424590549,-0.006375040424590549,-0.006375040424590549
2023-11-10,0.0013771831176483448,0.001721478897060431,0.001721478897060431,0.001721478897060431
2023-11-13,0.00043243081823564,0.00054053852279455,0.00054053852279455,0.00054053852279455
2023-11-14,0.005717114691122345,0.007146393363902931,0.007146393363902931,0.007146393363902931
2023-11-15,0.00240274788211129,0.0030034348526391127,0.0030034348526391127,0.0030034348526391127
2023-11-16,-0.00035,-0.0004375,-0.0004375,-0.0004375
2023-11-17,0.0,0.0,0.0,0.0
2023-11-20,0.0,0.0,0.0,0.0
2023-11-21,0.0,0.0,0.0,0.0
2023-11-22,0.0,0.0,0.0,0.0
2023-11-24,0.0,0.0,0.0,0.0
2023-11-27,0.0,0.0,0.0,0.0
2023-11-28,0.0,0.0,0.0,0.0
2023-11-29,0.0,0.0,0.0,0.0
2023-11-30,0.0,0.0,0.0,0.0
2023-12-01,0.0,0.0,0.0,0.0
2023-12-04,0.0,0.0,0.0,0.0
2023-12-05,0.0,0.0,0.0,0.0
2023-12-06,0.0,0.0,0.0,0.0
2023-12-07,0.0,0.0,0.0,0.0
2023-12-08,0.0,0.0,0.0,0.0
2023-12-11,0.0,0.0,0.0,0.0
2023-12-12,0.0,0.0,0.0,0.0
2023-12-13,0.0,0.0,0.0,0.0
2023-12-14,0.0,0.0,0.0,0.0
2023-12-15,-0.0031866091827318695,-0.003983261478414837,-0.003983261478414837,-0.003983261478414837
2023-12-18,0.00431296209215947,0.005391202615199338,0.005391202615199338,0.005391202615199338
2023-12-19,-0.001001588878359005,-0.0012519860979487562,-0.0012519860979487562,-0.0012519860979487562
2023-12-20,-0.00105099309950024,-0.0013137413743752999,-0.0013137413743752999,-0.0013137413743752999
2023-12-21,-0.002068852837239578,-0.0025860660465494723,-0.0025860660465494723,-0.0025860660465494723
2023-12-22,0.001049564934714335,0.0013119561683929187,0.0013119561683929187,0.0013119561683929187
2023-12-26,-0.0010458067623307001,-0.0013072584529133752,-0.0013072584529133752,-0.0013072584529133752
2023-12-27,-0.00273395978915053,-0.0034174497364381625,-0.0034174497364381625,-0.0034174497364381625
2023-12-28,0.0008482182664339917,0.0010602728330424897,0.0010602728330424897,0.0010602728330424897
2023-12-29,0.00036260584777570993,0.0004532573097196374,0.0004532573097196374,0.0004532573097196374
2024-01-02,-0.0025776364317231155,-0.0032220455396538943,-0.0032220455396538943,-0.0032220455396538943
2024-01-03,0.0037458132816090856,0.004682266602011357,0.004682266602011357,0.004682266602011357
2024-01-04,-0.0011009148027332951,-0.001376143503416619,-0.001376143503416619,-0.001376143503416619
2024-01-05,-0.00278848617119316,-0.00348560771399145,-0.00348560771399145,-0.00348560771399145
2024-01-08,0.0,0.0,0.0,0.0
2024-01-09,0.0,0.0,0.0,0.0
2024-01-10,0.0,0.0,0.0,0.0
2024-01-11,0.0,0.0,0.0,0.0
2024-01-12,0.0,0.0,0.0,0.0
2024-01-16,0.0,0.0,0.0,0.0
2024-01-17,-0.002003121417335177,-0.002503901771668971,-0.002503901771668971,-0.002503901771668971
2024-01-18,-0.0005754639744782554,-0.0007193299680978192,-0.0007193299680978192,-0.0007193299680978192
2024-01-19,0.0008847695185605896,0.001105961898200737,0.001105961898200737,0.001105961898200737
2024-01-22,0.0032934250097710043,0.004116781262213756,0.004116781262213756,0.004116781262213756
2024-01-23,0.0028647990632241073,0.003580998829030134,0.003580998829030134,0.003580998829030134
2024-01-24,0.0020380782448632855,0.0025475978060791066,0.0025475978060791066,0.0025475978060791066
2024-01-25,-0.0003419600255244184,-0.000427450031905523,-0.000427450031905523,-0.000427450031905523
2024-01-26,-0.0013202594848306089,-0.001650324356038261,-0.001650324356038261,-0.001650324356038261
2024-01-29,0.000180818762870734,0.00022602345358841748,0.00022602345358841748,0.00022602345358841748
2024-01-30,0.0018879661401370212,0.0023599576751712763,0.0023599576751712763,0.0023599576751712763
2024-01-31,0.00035224752678270766,0.0004403094084783846,0.0004403094084783846,0.0004403094084783846
2024-02-01,-0.0005059982505581885,-0.0006324978131977356,-0.0006324978131977356,-0.0006324978131977356
2024-02-02,0.0010594494971190237,0.0013243118713987796,0.0013243118713987796,0.0013243118713987796
2024-02-05,-0.0012787705909426915,-0.0015984632386783645,-0.0015984632386783645,-0.0015984632386783645
2024-02-06,0.0004852455432166427,0.0006065569290208034,0.0006065569290208034,0.0006065569290208034
2024-02-07,-0.001044374142604056,-0.00130546767825507,-0.00130546767825507,-0.00130546767825507
2024-02-08,0.00033914546515938085,0.0004239318314492261,0.0004239318314492261,0.0004239318314492261
2024-02-09,-0.00020698490273625539,-0.00025873112842031925,-0.00025873112842031925,-0.00025873112842031925
2024-02-12,0.0009526422978535722,0.0011908028723169651,0.0011908028723169651,0.0011908028723169651
2024-02-13,-0.00013923403199149156,-0.00017404253998936443,-0.00017404253998936443,-0.00017404253998936443
2024-02-14,3.216093507297684e-05,4.020116884122105e-05,4.020116884122105e-05,4.020116884122105e-05
2024-02-15,-0.00010768595148937498,-0.00013460743936171874,-0.00013460743936171874,-0.00013460743936171874
2024-02-16,-0.0014233415418888715,-0.0017791769273610893,-0.0017791769273610893,-0.0017791769273610893
2024-02-20,0.00016712388140758682,0.00020890485175948352,0.00020890485175948352,0.00020890485175948352
2024-02-21,0.0010994221290628458,0.0013742776613285572,0.0013742776613285572,0.0013742776613285572
2024-02-22,-0.0032666373994215763,-0.0040832967492769705,-0.0040832967492769705,-0.0040832967492769705
2024-02-23,0.0005739431795940035,0.0007174289744925043,0.0007174289744925043,0.0007174289744925043
2024-02-26,-0.0035272138469060197,-0.004409017308632524,-0.004409017308632524,-0.004409017308632524
2024-02-27,-0.00144679019340592,-0.0018084877417574,-0.0018084877417574,-0.0018084877417574
2024-02-28,-0.0018583064879243417,-0.002322883109905427,-0.002322883109905427,-0.002322883109905427
2024-02-29,-0.00388754703463612,-0.00485943379329515,-0.00485943379329515,-0.00485943379329515
2024-03-01,-0.004764513494080592,-0.005955641867600741,-0.005955641867600741,-0.005955641867600741
2024-03-04,0.0018432942737636254,0.002304117842204532,0.002304117842204532,0.002304117842204532
2024-03-05,0.0035181426953948855,0.0043976783692436065,0.0043976783692436065,0.0043976783692436065
2024-03-06,-0.003152464202200974,-0.0039405802527512175,-0.0039405802527512175,-0.0039405802527512175
2024-03-07,0.005975413325024811,0.0074692666562810135,0.0074692666562810135,0.0074692666562810135
2024-03-08,-0.0037618942644943028,-0.004702367830617878,-0.004702367830617878,-0.004702367830617878
2024-03-11,-0.0006401123398214334,-0.0008001404247767918,-0.0008001404247767918,-0.0008001404247767918
2024-03-12,0.005653642720398384,0.00706705340049798,0.00706705340049798,0.00706705340049798
2024-03-13,-0.0012392633250877686,-0.0015490791563597106,-0.0015490791563597106,-0.0015490791563597106
2024-03-14,0.0013530594158920857,0.0016913242698651072,0.0016913242698651072,0.0016913242698651072
2024-03-15,-0.00033755396009610346,-0.00042194245012012934,-0.00042194245012012934,-0.00042194245012012934
2024-03-18,0.0,0.0,0.0,0.0
2024-03-19,0.0,0.0,0.0,0.0
2024-03-20,0.0,0.0,0.0,0.0
2024-03-21,0.0,0.0,0.0,0.0
2024-03-22,0.0,0.0,0.0,0.0
2024-03-25,0.0,0.0,0.0,0.0
2024-03-26,0.0,0.0,0.0,0.0
2024-03-27,0.0,0.0,0.0,0.0
2024-03-28,0.0,0.0,0.0,0.0
2024-04-01,0.000443001133672125,0.0005537514170901563,0.0005537514170901563,0.0005537514170901563
2024-04-02,0.00019643994581917997,0.00024554993227397494,0.00024554993227397494,0.00024554993227397494
2024-04-03,5.243788073202e-05,6.5547350915025e-05,6.5547350915025e-05,6.5547350915025e-05
2024-04-04,-0.00019344500914725,-0.0002418062614340625,-0.0002418062614340625,-0.0002418062614340625
2024-04-05,0.00018900451310604498,0.00023625564138255622,0.00023625564138255622,0.00023625564138255622
2024-04-08,-6.882632066674e-05,-8.603290083342499e-05,-8.603290083342499e-05,-8.603290083342499e-05
2024-04-09,0.0,0.0,0.0,0.0
2024-04-10,0.0,0.0,0.0,0.0
2024-04-11,-0.002351766902015244,-0.0025427665156616073,-0.002939708627519055,-0.002939708627519055
2024-04-12,-0.006584459943861585,-0.007078084851119326,-0.008230574929826982,-0.008230574929826982
2024-04-15,0.0021176262214104387,0.002193828988234166,0.0026470327767630485,0.0026470327767630485
2024-04-16,0.009245037638438255,0.009586408542039517,0.01155629704804782,0.01155629704804782
2024-04-17,0.002026373486335514,0.0019649719246496123,0.002532966857919393,0.002532966857919393
2024-04-18,-9.782839727125094e-05,-9.495577330133368e-05,-0.00012228549658906368,-0.00012228549658906368
2024-04-19,0.001216611920606936,0.0012134047489306102,0.0015207649007586699,0.0015207649007586699
2024-04-22,0.001496082412624151,0.0015168764119850252,0.0018701030157801887,0.0018701030157801887
2024-04-23,0.0027556727952612737,0.0028099788779104213,0.0034445909940765923,0.0034445909940765923
2024-04-24,-0.00032909601857090205,-0.00033647109848919686,-0.00041137002321362757,-0.00041137002321362757
2024-04-25,0.0010326359006903067,0.0010556667803820613,0.0012907948758628834,0.0012907948758628834
2024-04-26,0.004988657685756726,0.005102550004543924,0.006235822107195908,0.006235822107195908
2024-04-29,-0.00034706938209827975,-0.0003487729044387469,-0.0004338367276228497,-0.0004338367276228497
2024-04-30,-0.00494857811317088,-0.00497129901496277,-0.0061857226414636,-0.0061857226414636
2024-05-01,-0.020943955447823324,-0.02066106850135344,-0.026179944309779154,-0.026179944309779154
2024-05-02,0.0032665786711118215,0.002515744566547468,0.004025191306475949,0.004083223338889777
2024-05-03,0.004147186946295086,0.0031796145513212463,0.005087383282113994,0.005183983682868858
2024-05-06,0.002407538058724145,0.001937527296892788,0.0030094225734051813,0.0030094225734051813
2024-05-07,-0.0018508890602925564,-0.0014907895495041646,-0.0023136113253656955,-0.0023136113253656955
2024-05-08,-0.002461840875130148,-0.0019802422821656113,-0.003077301093912685,-0.003077301093912685
2024-05-09,0.0005737485099639853,0.00046335978359207485,0.0007171856374549817,0.0007171856374549817
2024-05-10,0.0012962962582815994,0.0010534413058810542,0.0016203703228519994,0.0016203703228519994
2024-05-13,0.002956953999024523,0.002406369085366226,0.0036961924987806536,0.0036961924987806536
2024-05-14,-0.00019629747100643438,-0.00015896005152474637,-0.000245371838758043,-0.000245371838758043
2024-05-15,0.001651601233922331,0.0013376945516860802,0.002064501542402914,0.002064501542402914
2024-05-16,0.003763624308055162,0.0030448141323012046,0.004704530385068953,0.004704530385068953
2024-05-17,-0.00036721004160674044,-0.00029477063215147594,-0.00045901255200842553,-0.00045901255200842553
2024-05-20,-0.0002964352063298843,-0.00023794835533411077,-0.00037054400791235534,-0.00037054400791235534
2024-05-21,-0.0008949705466338664,-0.0007183846000729212,-0.001118713183292333,-0.001118713183292333
2024-05-22,0.00027822378658081163,0.00022325508904285114,0.0003477797332260145,0.0003477797332260145
2024-05-23,-0.0036019530587456084,-0.002896869961121136,-0.004502441323432011,-0.004502441323432011
2024-05-24,0.001970789079332987,0.0015824655898546297,0.0024634863491662337,0.0024634863491662337
2024-05-28,-0.0033270764344832996,-0.002665928144340866,-0.004158845543104125,-0.004158845543104125
2024-05-29,0.0020867285756019046,0.0016635673603865111,0.0026084107195023807,0.0026084107195023807
2024-05-30,0.006601852674805781,0.005250843109097015,0.008252315843507226,0.008252315843507226
2024-05-31,-0.0013469277049530826,-0.0010478204939757636,-0.001676512790361222,-0.0016836596311913532
2024-06-03,-0.0049750372994474944,-0.0038737153126668874,-0.006197944500267019,-0.0062187966243093685
2024-06-04,-0.00030836935503055277,-0.0002374840126132046,-0.0003799744201811274,-0.000385461693788191
2024-06-05,7.788691158117501e-05,5.999727015564494e-05,9.599563224903189e-05,9.735863947646877e-05
2024-06-06,0.0009476700475157105,0.0007300019700692397,0.0011680031521107835,0.0011845875593946382
2024-06-07,-0.0026062796524063676,-0.0020064840608271647,-0.0032103744973234634,-0.0032578495655079596
2024-06-10,0.003108526213324594,0.002386572755198211,0.0038185164083171376,0.0038856577666557426
2024-06-11,0.005397361381294805,0.004129836804348848,0.006607738886958158,0.006746701726618506
2024-06-12,0.0007647016614640843,0.0005769778196622534,0.0009231645114596054,0.0009558770768301054
2024-06-13,-0.00031712067082200466,-0.00023922635399943216,-0.0003827621663990914,-0.0003964008385275058
2024-06-14,0.0041657409566092304,0.0031979978948294832,0.005116796631727173,0.005207176195761538
2024-06-17,0.001341401764774347,0.0010791397968814946,0.0016767522059679338,0.0016767522059679338
2024-06-18,-0.0015238016468655143,-0.001228158695725163,-0.0019047520585818928,-0.0019047520585818928
2024-06-20,0.0001638531520710496,0.00013203312510639583,0.000204816440088812,0.000204816440088812
2024-06-21,-9.599563630365986e-05,-7.774039737990143e-05,-0.00011999454537957482,-0.00011999454537957482
2024-06-24,-0.0015157207515073788,-0.0012284527110660453,-0.0018946509393842235,-0.0018946509393842235
2024-06-25,0.004546560982412223,0.0036788293788704448,0.005683201228015278,0.005683201228015278
2024-06-26,-0.002697217983002595,-0.002162728785248497,-0.0033715224787532437,-0.0033715224787532437
2024-06-27,0.004077305912336753,0.003255577706688201,0.005096632390420941,0.005096632390420941
2024-06-28,-0.0030381325263104868,-0.0024086051740569367,-0.0037976656578881086,-0.0037976656578881086
2024-07-01,-0.0002095157439039839,-0.00016538510350957617,-0.0002618946798799799,-0.0002618946798799799
2024-07-02,0.0,0.0,0.0,0.0
2024-07-03,0.0,0.0,0.0,0.0
2024-07-05,0.0,0.0,0.0,0.0
2024-07-08,0.0,0.0,0.0,0.0
2024-07-09,0.0,0.0,0.0,0.0
2024-07-10,0.0,0.0,0.0,0.0
2024-07-11,0.0,0.0,0.0,0.0
2024-07-12,0.0,0.0,0.0,0.0
2024-07-15,0.0,0.0,0.0,0.0
2024-07-16,0.0,0.0,0.0,0.0
2024-07-17,0.0002709466594462293,0.00033868332430778657,0.00033868332430778657,0.00033868332430778657
2024-07-18,-0.0024266058711620154,-0.0030332573389525194,-0.0030332573389525194,-0.0030332573389525194
2024-07-19,-0.006849960633644922,-0.008562450792056153,-0.008562450792056153,-0.008562450792056153
2024-07-22,0.0022332826717416207,0.002791603339677026,0.002791603339677026,0.002791603339677026
2024-07-23,0.0028455845314081444,0.0035569806642601807,0.0035569806642601807,0.0035569806642601807
2024-07-24,-0.004201122789727459,-0.005251403487159323,-0.005251403487159323,-0.005251403487159323
2024-07-25,-0.002865377742378362,-0.0035817221779729526,-0.0035817221779729526,-0.0035817221779729526
2024-07-26,0.0017052568587091709,0.0021315710733864636,0.0021315710733864636,0.0021315710733864636
2024-07-29,-0.002082834937618558,-0.0026035436720231973,-0.0026035436720231973,-0.0026035436720231973
2024-07-30,0.00014255345562613937,0.00017819181953267422,0.00017819181953267422,0.00017819181953267422
2024-07-31,-0.001652476955234305,-0.0020655961940428814,-0.0020655961940428814,-0.0020655961940428814
2024-08-01,-0.00430857342955102,-0.005385716786938775,-0.005385716786938775,-0.005385716786938775
2024-08-02,-0.009688686789663222,-0.012110858487079029,-0.012110858487079029,-0.012110858487079029
2024-08-05,-0.0060023895735442,-0.0071017284514585865,-0.007502986966930251,-0.007502986966930251
2024-08-06,0.00042658891764166566,0.0004902269371630084,0.0005332361470520821,0.0005332361470520821
2024-08-07,-0.0036857638315840623,-0.004261607882786128,-0.004607204789480078,-0.004607204789480078
2024-08-08,0.008821659160193453,0.01007803586802956,0.011027073950241816,0.011027073950241816
2024-08-09,-0.005157628131564333,-0.005441743016907698,-0.0064470351644554166,-0.0064470351644554166
2024-08-12,-0.0011207374703181682,-0.0011578242410538323,-0.0014009218378977103,-0.0014009218378977103
2024-08-13,0.006639573140457708,0.006863559366602331,0.008299466425572135,0.008299466425572135
2024-08-14,-0.0033619820828469467,-0.0033441793528520853,-0.0042024776035586835,-0.0042024776035586835
2024-08-15,0.0010086564403490978,0.0009963243023168565,0.0012608205504363722,0.0012608205504363722
2024-08-16,-1.0590206511808514e-05,-1.0479800894085916e-05,-1.3237758139760642e-05,-1.3237758139760642e-05
2024-08-19,0.0026130499395395704,0.0025856614262673994,0.003266312424424463,0.003266312424424463
2024-08-20,-0.001724724766888544,-0.0016957890028531778,-0.00215590595861068,-0.00215590595861068
2024-08-21,0.003000366368232759,0.0029452651243221406,0.0037504579602909488,0.0037504579602909488
2024-08-22,-0.0025566649169536564,-0.0024896885162176276,-0.0031958311461920703,-0.0031958311461920703
2024-08-23,0.0029499948426020962,0.002861234026298234,0.0036874935532526204,0.0036874935532526204
2024-08-26,-0.0015294672564905687,-0.001472286759405289,-0.0019118340706132109,-0.0019118340706132109
2024-08-27,0.0039770412834177725,0.003823700826148306,0.004971301604272216,0.004971301604272216
2024-08-28,-0.0026978528989866205,-0.002560955567251848,-0.0033723161237332756,-0.0033723161237332756
2024-08-29,0.002983960341794791,0.0028215611279291623,0.003729950427243489,0.003729950427243489
2024-08-30,0.009732711477611743,0.009187804309500818,0.01216588934701468,0.01216588934701468
2024-09-03,0.007358523047483696,0.006512465488338236,0.00919815380935462,0.00919815380935462
2024-09-04,-0.002148622413120641,-0.001878537590486009,-0.0026857780164008015,-0.0026857780164008015
2024-09-05,-0.0004008007816340217,-0.0003493068196854727,-0.0005010009770425271,-0.0005010009770425271
2024-09-06,0.002690112862741667,0.002362602508528911,0.003362641078427084,0.003362641078427084
2024-09-09,-0.003447223078804758,-0.0030160105257755233,-0.004309028848505947,-0.004309028848505947
2024-09-10,0.0038152572016280075,0.003313069965667468,0.00476907150203501,0.00476907150203501
2024-09-11,-0.0011279810109929135,-0.0009824547468335158,-0.0014099762637411418,-0.0014099762637411418
2024-09-12,-0.001143288615713986,-0.001003952472732227,-0.0014291107696424825,-0.0014291107696424825
2024-09-13,0.001738728275451675,0.001587849614523245,0.002173410344314594,0.002173410344314594
2024-09-16,-0.0033206511689096658,-0.003048997992023212,-0.004150813961137082,-0.004150813961137082
2024-09-17,-0.0007078042204537378,-0.0006453111771296633,-0.0008847552755671723,-0.0008847552755671723
2024-09-18,-0.0018299845816503702,-0.001711434297515263,-0.002287480727062963,-0.002287480727062963
2024-09-19,0.001464457414843128,0.001369053781580653,0.0018305717685539098,0.0018305717685539098
2024-09-20,-0.003055159472952297,-0.0028512207845125224,-0.0038189493411903714,-0.0038189493411903714
2024-09-23,0.0007383257614477317,0.00068815315059202,0.0009229072018096646,0.0009229072018096646
2024-09-24,0.0015885782714615332,0.0014809614332861399,0.0019857228393269167,0.0019857228393269167
2024-09-25,-0.0006292442983376395,-0.0005861220480521168,-0.0007865553729220493,-0.0007865553729220493
2024-09-26,0.00026538213326523965,0.00024799308594258097,0.0003317276665815496,0.0003317276665815496
2024-09-27,0.0019929511532256194,0.0018626658638217157,0.0024911889415320243,0.0024911889415320243
2024-09-30,-0.00023383242809505981,-0.0002178449059383257,-0.00029229053511882475,-0.00029229053511882475
2024-10-01,0.0024341663947921055,0.0022677556053184167,0.0030427079934901317,0.0030427079934901317
2024-10-02,-5.063495037845771e-05,-4.6961064818888694e-05,-6.329368797307214e-05,-6.329368797307214e-05
2024-10-03,0.0011554974287631282,0.0010716646702636796,0.0014443717859539103,0.0014443717859539103
2024-10-04,-0.002638779356638935,-0.0024447174726108852,-0.0032984741957986685,-0.0032984741957986685
2024-10-07,0.002220041718643181,0.002047797769707355,0.002775052148303976,0.002775052148303976
2024-10-08,0.0,0.0,0.0,0.0
2024-10-09,-0.0006567949048606049,-0.0008209936310757561,-0.0008209936310757561,-0.0008209936310757561
2024-10-10,-1.3740210978004863e-05,-1.7175263722506077e-05,-1.7175263722506077e-05,-1.7175263722506077e-05
2024-10-11,7.8986871747805e-05,9.873358968475624e-05,9.873358968475624e-05,9.873358968475624e-05
2024-10-14,-0.00029166671876979,-0.0003645833984622375,-0.0003645833984622375,-0.0003645833984622375
2024-10-15,-0.000107673666235065,-0.00013459208279383125,-0.00013459208279383125,-0.00013459208279383125
2024-10-16,6.8644590859355e-05,8.580573857419376e-05,8.580573857419376e-05,8.580573857419376e-05
2024-10-17,-0.0007772186457632182,-0.0009715233072040227,-0.0009715233072040227,-0.0009715233072040227
2024-10-18,-0.0009684902140070304,-0.001210612767508788,-0.001210612767508788,-0.001210612767508788
2024-10-21,0.0007800901373187993,0.0009751126716484992,0.0009751126716484992,0.0009751126716484992
2024-10-22,2.2559297354175634e-05,2.8199121692719543e-05,2.8199121692719543e-05,2.8199121692719543e-05
2024-10-23,-3.22981321666028e-05,-4.03726652082535e-05,-4.03726652082535e-05,-4.03726652082535e-05
2024-10-24,0.00042100034275191717,0.0005262504284398964,0.0005262504284398964,0.0005262504284398964
2024-10-25,0.00024366058673080785,0.0003045757334135098,0.0003045757334135098,0.0003045757334135098
2024-10-28,0.0007061242217596315,0.0008826552771995393,0.0008826552771995393,0.0008826552771995393
2024-10-29,-0.000871894405484163,-0.0010898680068552038,-0.0010898680068552038,-0.0010898680068552038
2024-10-30,0.0009621719455521314,0.0012027149319401643,0.0012027149319401643,0.0012027149319401643
2024-10-31,0.006227650962612516,0.007784563703265645,0.007784563703265645,0.007784563703265645
2024-11-01,-0.001973100670191985,-0.0024663758377399814,-0.0024663758377399814,-0.0024663758377399814
2024-11-04,0.00010293655341862411,0.00012867069177328015,0.00012867069177328015,0.00012867069177328015
2024-11-05,-0.0013286830503614617,-0.0016608538129518273,-0.0016608538129518273,-0.0016608538129518273
2024-11-06,-0.010389044580476724,-0.012986305725595905,-0.012986305725595905,-0.012986305725595905
2024-11-07,0.0010956367866282422,0.0013695459832853028,0.0013695459832853028,0.0013695459832853028
2024-11-08,-0.0003482615739167113,-0.00043532696739588913,-0.00043532696739588913,-0.00043532696739588913
2024-11-11,-0.0006911428258301357,-0.0008639285322876696,-0.0008639285322876696,-0.0008639285322876696
2024-11-12,-0.0015759193655774178,-0.0019698992069717724,-0.0019698992069717724,-0.0019698992069717724
2024-11-13,-0.0014330551822160096,-0.001791318977770012,-0.001791318977770012,-0.001791318977770012
2024-11-14,-0.0006656058833493969,-0.0008320073541867461,-0.0008320073541867461,-0.0008320073541867461
2024-11-15,0.001497000887621007,0.0018712511095262587,0.0018712511095262587,0.0018712511095262587
2024-11-18,-0.00018593855787449486,-0.00023242319734311857,-0.00023242319734311857,-0.00023242319734311857
2024-11-19,-0.0003271830103847771,-0.0004089787629809714,-0.0004089787629809714,-0.0004089787629809714
2024-11-20,0.00014987129481597,0.0001873391185199625,0.0001873391185199625,0.0001873391185199625
2024-11-21,-0.00021758780006152,-0.0002719847500769,-0.0002719847500769,-0.0002719847500769
2024-11-22,-0.00051305226485667,-0.0006413153310708375,-0.0006413153310708375,-0.0006413153310708375
2024-11-25,-0.00024252131387700999,-0.0003031516423462625,-0.0003031516423462625,-0.0003031516423462625
2024-11-26,-0.00024944454637539494,-0.0003118056829692437,-0.0003118056829692437,-0.0003118056829692437
2024-11-27,0.0005992083813599386,0.0007490104766999233,0.0007490104766999233,0.0007490104766999233
2024-11-29,0.00063461190445254,0.000793264880565675,0.000793264880565675,0.000793264880565675
2024-12-02,0.0006243676843398049,0.0007804596054247562,0.0007804596054247562,0.0007804596054247562
2024-12-03,0.000540856291530415,0.0006760703644130187,0.0006760703644130187,0.0006760703644130187
2024-12-04,-6.860593755994999e-06,-8.575742194993749e-06,-8.575742194993749e-06,-8.575742194993749e-06
2024-12-05,0.00010897109239526998,0.00013621386549408747,0.00013621386549408747,0.00013621386549408747
2024-12-06,0.0006622453054493149,0.0008278066318116436,0.0008278066318116436,0.0008278066318116436
2024-12-09,0.0013762438354897749,0.0017203047943622186,0.0017203047943622186,0.0017203047943622186
2024-12-10,-0.00080958707733064,-0.0010119838466633,-0.0010119838466633,-0.0010119838466633
2024-12-11,-0.000770697994708355,-0.0009633724933854437,-0.0009633724933854437,-0.0009633724933854437
2024-12-12,3.930323875120999e-05,4.912904843901249e-05,4.912904843901249e-05,4.912904843901249e-05
2024-12-13,-0.00010174520563995734,-0.00012718150704994668,-0.00012718150704994668,-0.00012718150704994668
2024-12-16,-8.049947280651501e-05,-0.00010062434100814376,-0.00010062434100814376,-0.00010062434100814376
2024-12-17,-0.00033495302814173534,-0.00041869128517716916,-0.00041869128517716916,-0.00041869128517716916
2024-12-18,0.00018502762768892497,0.0002312845346111562,0.0002312845346111562,0.0002312845346111562
2024-12-19,2.937343378183694e-05,3.6716792227296174e-05,3.6716792227296174e-05,3.6716792227296174e-05
2024-12-20,0.0002831646379119186,0.00035395579738989823,0.00035395579738989823,0.00035395579738989823
2024-12-23,-0.0014280701267271412,-0.0017850876584089264,-0.0017850876584089264,-0.0017850876584089264
2024-12-24,0.0005085329146072214,0.0006356661432590267,0.0006356661432590267,0.0006356661432590267
2024-12-26,-7.3202249337464295e-06,-9.150281167183037e-06,-9.150281167183037e-06,-9.150281167183037e-06
2024-12-27,-0.001731448683790063,-0.002164310854737579,-0.002164310854737579,-0.002164310854737579
2024-12-30,-0.0009066026928468684,-0.0011332533660585854,-0.0011332533660585854,-0.0011332533660585854
2024-12-31,-0.0004853821332970557,-0.0006067276666213196,-0.0006067276666213196,-0.0006067276666213196
