date,equal_weight,constrained_inverse_volatility,validation_score,score_risk_budget
2017-07-05,0.0,0.0,0.0,0.0
2017-07-06,0.0,0.0,0.0,0.0
2017-07-07,0.0,0.0,0.0,0.0
2017-07-10,0.0,0.0,0.0,0.0
2017-07-11,0.0,0.0,0.0,0.0
2017-07-12,-0.0027123291107718746,-0.0034336886373293784,-0.002252726320383533,-0.0035018826403822043
2017-07-13,0.00040486499489906255,0.0005104302244298987,0.0012478553309679,0.0006970545070838555
2017-07-14,0.00028828781460775,0.0003637542250638768,0.0007599764663464427,0.000471756124894493
2017-07-17,0.0027505428073466252,0.0034802615464760134,0.0030634817532926334,0.0037002001638991654
2017-07-18,-0.0018323908267373437,-0.0023193136269752507,-0.0016998460980095916,-0.0023998279786695905
2017-07-19,-0.001066887905594875,-0.0013506328801311067,-0.0008861042918012538,-0.0013774568215186825
2017-07-20,-0.000176788970290375,-0.00022380701371393336,-0.00014683216905535997,-0.00022825188271298225
2017-07-21,0.005429488632295406,0.0021982218051683046,0.007768952117308662,0.004462626698024228
2017-07-24,0.003033781397773344,0.0014337089307701893,0.004197758974445534,0.002605468678760656
2017-07-25,-0.0004925148846425,0.0005007747651258896,-0.0011928775778989433,-2.3309775810746025e-05
2017-07-26,0.004696890078463125,0.0049514643666105475,0.0026696132697782466,0.003408816383910126
2017-07-27,-0.007302436616443063,-0.008882065310521228,-0.0055437052033064345,-0.008380736423205715
2017-07-28,-0.004252517918598563,-0.005306359689132632,-0.004774002251877165,-0.006753123541694918
2017-07-31,-0.0031203755307186564,-0.0029866265621469688,-0.002524833192089116,-0.0026926683528586534
2017-08-01,-0.0006810762365109018,-0.0005624464579049666,1.337546865214331e-05,0.0001492507172183043
2017-08-02,-0.0007928927310292501,3.401881794552914e-05,-0.00133606266101187,-0.00040775087690000835
2017-08-03,-0.003831804863680906,-0.0021809152446982567,-0.00502096911810218,-0.003467228515681264
2017-08-04,-0.012039681997099937,-0.007829072605111117,-0.013350318806102348,-0.009510324302862907
2017-08-07,-0.004649286941753563,-0.004439663564675832,-0.003818673903224995,-0.004060753928090227
2017-08-08,-0.00019936827981656267,0.0006314787791484155,-0.0018629021796049644,-0.000962862265926813
2017-08-09,0.0001445852098833749,-0.00035484637292234244,-0.00029917013915436996,-0.000978487465178533
2017-08-10,0.0047991454750750005,0.004866670215357955,0.0018817798613335963,0.002301813616750038
2017-08-11,0.0021769514165007188,0.0033335361041427294,-0.0003076423013735502,0.0012444979215141367
2017-08-14,-0.0030785891085078764,-0.0032422074779033575,-0.0012836746251438705,-0.001718259733614967
2017-08-15,0.0018459229659735623,0.0009470180088486278,0.0020755670475086675,0.0011576727259729443
2017-08-16,-0.001369464725173844,0.00031722414763523554,-0.003334154378226758,-0.0014927071109007892
2017-08-17,0.0031765092986735938,0.0035099576572562106,0.0010216727353573466,0.0016561234960481752
2017-08-18,-0.0016251549998141563,-0.0018588148847742932,-0.000977155639872775,-0.0014289186235903156
2017-08-21,0.0021595609658060003,0.001918136887945945,0.0002627429563455827,3.835387283116187e-05
2017-08-22,-4.83853838985625e-05,1.5530677751687477e-05,0.00010390756223159728,0.00019635917108867674
2017-08-23,-0.0015914264162541875,-0.0020131587560426587,-0.001976721202884456,-0.0021799427830821935
2017-08-24,-0.0011922538959541875,-0.0015076345664535324,-0.0017269971667206669,-0.0016802171539466598
2017-08-25,0.0005950144065634375,0.0007528657866427409,0.0006652522850840241,0.0008009360924595461
2017-08-28,-0.0013396016328704062,-0.0016951636196450692,-0.0014204117236381083,-0.0017884218437242783
2017-08-29,-0.0011023902964150626,-0.0013935411781373984,-0.0017948893520305256,-0.0015914517060268893
2017-08-30,-0.0021416857127078124,-0.0027081585422688167,-0.0031264721893333935,-0.00302286028522876
2017-08-31,0.0002385543077630625,0.0003016331484692697,0.00035620693938919227,0.0003382274892362103
2017-09-01,0.0007995671589646563,0.0010106359073016548,0.001346709227655219,0.0011628659809722675
2017-09-05,-0.0010092759809423124,-0.001277286653921377,-0.0010162076448230549,-0.0013371060626296129
2017-09-06,-0.0003125,-0.00039561117229614825,-0.00025954703370031527,-0.0004034681192534235
2017-09-07,0.0,0.0,0.0,0.0
2017-09-08,-0.0018757732339624686,-0.0008425252754331572,-0.002626082527547456,-0.0015870134254118823
2017-09-11,0.0016206580136883435,0.0024119334019232683,-0.0007699365829169108,0.0002411591894407758
2017-09-12,-0.0005001125065041875,0.0008942949262826884,-0.0027193176509351436,-0.0011739574007436945
2017-09-13,0.002367793413724344,0.0027105311823211343,0.0003427974551632946,0.000898098472213888
2017-09-14,-0.003078052690257093,-0.00251703561889188,-0.0033207061244119027,-0.003005360708791395
2017-09-15,0.0013963151941571248,0.0003719229656551997,0.0021327942381196593,0.001042289078670977
2017-09-18,0.0025152018222897813,0.0012058653683836439,0.003468204197870093,0.00216948938645417
2017-09-19,0.003477785526637,0.004046766102210479,0.0031366409428903183,0.004296214874028605
2017-09-20,0.011045689700882749,0.004706051295689446,0.015641918547535532,0.009206222016690035
2017-09-21,-0.0031193563965365937,-0.0014010950575376207,-0.0043670989551512305,-0.0026391572234402915
2017-09-22,-0.0038009632694547815,-0.0017072466796766218,-0.005321348577236694,-0.0032158363435965706
2017-09-25,-0.0032069935342164064,-0.0014404582930423104,-0.004489790947902968,-0.0027133033470464647
2017-09-26,0.0002088372306544687,0.0010559678659114397,-0.00037842730002584583,0.0007009358228849611
2017-09-27,0.0018545505737640627,0.0018817322950625236,0.0018652145888128865,0.0021404755961385675
2017-09-28,-0.000373990187500875,-0.0001045930078681047,-0.0005677795793172011,-0.0002818792473353465
2017-09-29,-7.407408920906351e-06,0.0009697935880657205,-0.00068880701737454,0.0005239489503560637
2017-10-02,-0.002272753430401719,-0.0012760817065084113,-0.003003901836262721,-0.0020619567120805614
2017-10-03,0.0,0.0,0.0,0.0
2017-10-04,0.0,0.0,0.0,0.0
2017-10-05,0.0,0.0,0.0,0.0
2017-10-06,0.0,0.0,0.0,0.0
2017-10-09,0.0,0.0,0.0,0.0
2017-10-10,0.0,0.0,0.0,0.0
2017-10-11,0.0,0.0,0.0,0.0
2017-10-12,0.0,0.0,0.0,0.0
2017-10-13,0.0,0.0,0.0,0.0
2017-10-16,0.0,0.0,0.0,0.0
2017-10-17,0.0,0.0,0.0,0.0
2017-10-18,0.0,0.0,0.0,0.0
2017-10-19,0.0,0.0,0.0,0.0
2017-10-20,0.0,0.0,0.0,0.0
2017-10-23,0.0,0.0,0.0,0.0
2017-10-24,-0.001704296307996833,-0.0017895111233966745,-0.0018468972553326308,-0.0018468972553326308
2017-10-25,-0.002479129176860083,-0.0026030856357030876,-0.0025343660489069433,-0.0025343660489069433
2017-10-26,-0.0031020109030017503,-0.0026295864064443753,-0.0033823761416997182,-0.0033823761416997182
2017-10-27,-0.015254232513159539,-0.014418533030133858,-0.015954444138817518,-0.015954444138817518
2017-10-30,-0.022266997490765873,-0.01980030922939629,-0.023380347365304165,-0.023380347365304165
2017-10-31,0.001310591149622625,0.0013858405657786125,0.0010948837630981752,0.0010948837630981752
2017-11-01,0.004885229380827334,0.005179694926140906,0.004676714657712238,0.004676714657712238
2017-11-02,-0.0026369846683581668,-0.002899452836482019,-0.002706333901776075,-0.002706333901776075
2017-11-03,-0.002983979163828166,-0.0024091996322456377,-0.0031331781220195745,-0.0031331781220195745
2017-11-06,0.012936846164328124,0.011487670130158334,0.01358368847254453,0.01358368847254453
2017-11-07,0.013627749476885248,0.013341395009289669,0.013116375181350557,0.013116375181350557
2017-11-08,-0.007109478975993708,-0.006355498661222364,-0.0069983090557880195,-0.0069983090557880195
2017-11-09,-0.005671177565152375,-0.004796184854614496,-0.006204896577446651,-0.006204896577446651
2017-11-10,0.0015179804972815733,0.001066823113472809,0.0018747282559552015,0.0018747282559552015
2017-11-13,-0.0032991385894151253,-0.0028973221594624696,-0.003375162442842247,-0.003375162442842247
2017-11-14,0.0040175506467623745,0.003954005545879043,0.004170222747319543,0.004170222747319543
2017-11-15,-0.00010923521435420806,0.00027023657884666193,-0.00011289795947867587,-0.00011289795947867587
2017-11-16,-0.0021790073162630415,-0.0022254576820761934,-0.0021809804544844803,-0.0021809804544844803
2017-11-17,0.0017710332751731247,0.001859584938931781,0.0014809891253771358,0.0014809891253771358
2017-11-20,-0.0008333333333333333,-0.000875,-0.0008081652425592026,-0.0008081652425592026
2017-11-21,0.0,0.0,0.0,0.0
2017-11-22,0.0,0.0,0.0,0.0
2017-11-24,0.0,0.0,0.0,0.0
2017-11-27,0.0,0.0,0.0,0.0
2017-11-28,0.002227775696161875,0.0023391644809699686,0.002004998126545688,0.002004998126545688
2017-11-29,-0.005292539947695959,-0.0055571669450807555,-0.004763285952926364,-0.004763285952926364
2017-11-30,0.00030846646777525,0.00032388979116401245,0.00027761982099772504,0.00027761982099772504
2017-12-01,0.0002363137707209583,0.00024812945925700627,0.00021268239364886254,0.00021268239364886254
2017-12-04,0.0004458674105274583,0.00046816078105383117,0.00040128066947471254,0.00040128066947471254
2017-12-05,-0.005692062929415875,-0.005428167219775069,-0.005671355492585888,-0.005671355492585888
2017-12-06,0.0023888117744787357,0.002155842302692848,0.002502340657540687,0.002502340657540687
2017-12-07,0.0028276756937935417,0.0027624894556192,0.0027514781472782065,0.0027514781472782065
2017-12-08,-0.002934382033671249,-0.0027010013214601065,-0.0030210436441988316,-0.0030210436441988316
2017-12-11,0.006382702520809125,0.005507648797774033,0.006938621117803762,0.006938621117803762
2017-12-12,-0.003789573101069667,-0.00391655175612315,-0.003471163377533431,-0.003471163377533431
2017-12-13,0.0007113040805636667,0.0007468692845918499,0.0006401736725073001,0.0006401736725073001
2017-12-14,-0.00509303413195079,-0.005347685838548331,-0.004583730718755713,-0.004583730718755713
2017-12-15,0.0016915603578284582,0.001776138375719881,0.001518320899150218,0.001518320899150218
2017-12-18,0.0021890106486108334,0.002298461181041375,0.001962498507728881,0.001962498507728881
2017-12-19,0.0007462988595305,0.0006913252667228126,0.0007597306320400307,0.0007597306320400307
2017-12-20,-0.000605281603469125,-0.00048510636019225646,-0.00069198949014745,-0.00069198949014745
2017-12-21,0.002534628619950875,0.0021779840960163693,0.0027612086966060405,0.0027612086966060405
2017-12-22,0.011760226263414084,0.010356430186470568,0.0125760110271869,0.0125760110271869
2017-12-26,0.0027418241365091633,0.0024130807937465006,0.002854536109928277,0.002854536109928277
2017-12-27,-0.0027632325447839176,-0.002496263097773363,-0.002816281436530948,-0.002816281436530948
2017-12-28,-0.0008201521012458832,-0.0007403580013451627,-0.0008353824497437409,-0.0008353824497437409
2017-12-29,0.010470929678382649,0.009453081534348151,0.010665358486982756,0.010665358486982756
2018-01-02,-0.0004014528926992082,-0.000375,-0.00040838377433206517,-0.00040838377433206517
2018-01-03,0.0,0.0,0.0,0.0
2018-01-04,-0.0024027525132594998,-0.0024027525132594998,-0.0024027525132594998,-0.0024027525132594998
2018-01-05,-0.0035246739016545,-0.0035246739016545,-0.0035246739016545,-0.0035246739016545
2018-01-08,0.003564869606364,0.003564869606364,0.003564869606364,0.003564869606364
2018-01-09,0.003105252052183375,0.003105252052183375,0.003105252052183375,0.003105252052183375
2018-01-10,0.002496657169013875,0.002496657169013875,0.002496657169013875,0.002496657169013875
2018-01-11,0.006528786560174375,0.006528786560174375,0.006528786560174375,0.006528786560174375
2018-01-12,-0.0035831492472615002,-0.0035831492472615002,-0.0035831492472615002,-0.0035831492472615002
2018-01-16,-0.000151206101389625,-0.000151206101389625,-0.000151206101389625,-0.000151206101389625
2018-01-17,-0.00934270195284425,-0.00934270195284425,-0.00934270195284425,-0.00934270195284425
2018-01-18,0.0016399553254398752,0.0016399553254398752,0.0016399553254398752,0.0016399553254398752
2018-01-19,-0.0049108372335267495,-0.0049108372335267495,-0.0049108372335267495,-0.0049108372335267495
2018-01-22,-0.003322330656546375,-0.003322330656546375,-0.003322330656546375,-0.003322330656546375
2018-01-23,0.003507034641325125,0.003507034641325125,0.003507034641325125,0.003507034641325125
2018-01-24,0.001695574686327,0.001695574686327,0.001695574686327,0.001695574686327
2018-01-25,-0.000752341156843625,-0.000752341156843625,-0.000752341156843625,-0.000752341156843625
2018-01-26,0.004096658685842875,0.004096658685842875,0.004096658685842875,0.004096658685842875
2018-01-29,0.005691568014986249,0.005691568014986249,0.005691568014986249,0.005691568014986249
2018-01-30,0.01249711322161675,0.01249711322161675,0.01249711322161675,0.01249711322161675
2018-01-31,0.000696360889792625,0.000696360889792625,0.000696360889792625,0.000696360889792625
2018-02-01,-0.00125,-0.00125,-0.00125,-0.00125
2018-02-02,0.0,0.0,0.0,0.0
2018-02-05,0.0,0.0,0.0,0.0
2018-02-06,0.0,0.0,0.0,0.0
2018-02-07,-0.015271268233816875,-0.015271268233816875,-0.015271268233816875,-0.015271268233816875
2018-02-08,-0.016804892699895872,-0.016804892699895872,-0.016804892699895872,-0.016804892699895872
2018-02-09,0.034169793835281265,0.034169793835281265,0.034169793835281265,0.034169793835281265
2018-02-12,-0.006375373197129414,-0.006375373197129414,-0.006375373197129414,-0.006375373197129414
2018-02-13,-0.006775859344861386,-0.006775859344861386,-0.006775859344861386,-0.006775859344861386
2018-02-14,0.0024210958905562406,0.0024210958905562406,0.0024210958905562406,0.0024210958905562406
2018-02-15,0.008122182560810355,0.008122182560810355,0.008122182560810355,0.008122182560810355
2018-02-16,0.005007957596304344,0.005007957596304344,0.005007957596304344,0.005007957596304344
2018-02-20,0.0001331565574113134,0.0001331565574113134,0.0001331565574113134,0.0001331565574113134
2018-02-21,0.002324256064568294,0.002324256064568294,0.002324256064568294,0.002324256064568294
2018-02-22,-0.0025520781519933824,-0.0025520781519933824,-0.0025520781519933824,-0.0025520781519933824
2018-02-23,0.006570827557573091,0.006570827557573091,0.006570827557573091,0.006570827557573091
2018-02-26,0.0035485395131793418,0.0035485395131793418,0.0035485395131793418,0.0035485395131793418
2018-02-27,-0.011376755890990171,-0.011376755890990171,-0.011376755890990171,-0.011376755890990171
2018-02-28,-0.007008851596787622,-0.007008851596787622,-0.007008851596787622,-0.007008851596787622
2018-03-01,-0.012874336235232478,-0.012874336235232478,-0.012874336235232478,-0.012874336235232478
2018-03-02,0.005102049132469759,0.005102049132469759,0.005102049132469759,0.005102049132469759
2018-03-05,0.0008500257935907444,0.0008500257935907444,0.0008500257935907444,0.0008500257935907444
2018-03-06,0.0004077287380959135,0.0004077287380959135,0.0004077287380959135,0.0004077287380959135
2018-03-07,-0.0008184500761116469,-0.0008184500761116469,-0.0008184500761116469,-0.0008184500761116469
2018-03-08,0.0,0.0,0.0,0.0
2018-03-09,0.0,0.0,0.0,0.0
2018-03-12,0.000349228208786182,0.000349228208786182,0.000349228208786182,0.000349228208786182
2018-03-13,0.010209666159352277,0.010209666159352277,0.010209666159352277,0.010209666159352277
2018-03-14,-0.00363362665679998,-0.00363362665679998,-0.00363362665679998,-0.00363362665679998
2018-03-15,-0.002298665027910691,-0.002298665027910691,-0.002298665027910691,-0.002298665027910691
2018-03-16,0.005462439988031617,0.005462439988031617,0.005462439988031617,0.005462439988031617
2018-03-19,0.010962372488870062,0.010962372488870062,0.010962372488870062,0.010962372488870062
2018-03-20,0.009083630636521442,0.009083630636521442,0.009083630636521442,0.009083630636521442
2018-03-21,4.6684894339140114e-05,4.6684894339140114e-05,4.6684894339140114e-05,4.6684894339140114e-05
2018-03-22,0.0124064742013789,0.0124064742013789,0.0124064742013789,0.0124064742013789
2018-03-23,0.0040425984546164,0.0040425984546164,0.0040425984546164,0.0040425984546164
2018-03-26,-0.0026977900192488506,-0.0026977900192488506,-0.0026977900192488506,-0.0026977900192488506
2018-03-27,0.011810565132208743,0.011810565132208743,0.011810565132208743,0.011810565132208743
2018-03-28,-0.009621317235475641,-0.009621317235475641,-0.009621317235475641,-0.009621317235475641
2018-03-29,-0.011517728002009446,-0.011517728002009446,-0.011517728002009446,-0.011517728002009446
2018-04-02,-0.0015176980065071614,-0.0015176980065071614,-0.0015176980065071614,-0.0015176980065071614
2018-04-03,0.0007048902722309584,0.0007048902722309584,0.0007048902722309584,0.0007048902722309584
2018-04-04,-0.0016588117526215587,-0.0016588117526215587,-0.0016588117526215587,-0.0016588117526215587
2018-04-05,0.0,0.0,0.0,0.0
2018-04-06,0.0,0.0,0.0,0.0
2018-04-09,0.0,0.0,0.0,0.0
2018-04-10,0.0,0.0,0.0,0.0
2018-04-11,0.0,0.0,0.0,0.0
2018-04-12,0.0,0.0,0.0,0.0
2018-04-13,0.0,0.0,0.0,0.0
2018-04-16,0.0,0.0,0.0,0.0
2018-04-17,-0.002205238956354844,-0.002594151964063024,-0.003087334538896781,-0.003087334538896781
2018-04-18,-0.0003125,-0.0003676120841388084,-0.0004375,-0.0004375
2018-04-19,0.0,0.0,0.0,0.0
2018-04-20,0.0,0.0,0.0,0.0
2018-04-23,-0.0039118861283525,-0.004601781160183542,-0.005476640579693499,-0.005476640579693499
2018-04-24,-0.0003125,-0.0003676120841388084,-0.0004375,-0.0004375
2018-04-25,-0.0040294550183616875,-0.004740084343179266,-0.005641237025706363,-0.005641237025706363
2018-04-26,-0.0003125,-0.0003676120841388084,-0.0004375,-0.0004375
2018-04-27,0.0,0.0,0.0,0.0
2018-04-30,0.0,0.0,0.0,0.0
2018-05-01,0.0005142521352178125,0.0006049449574408077,0.0007199529893049375,0.0007199529893049375
2018-05-02,-0.0004767530339453438,-0.0005608325645700732,-0.0006674542475234811,-0.0006674542475234811
2018-05-03,-0.0006103594563274687,-0.0007180016378059866,-0.0008545032388584561,-0.0008545032388584561
2018-05-04,-0.0014851780022075312,-0.0017471020182675918,-0.0020792492030905435,-0.0020792492030905435
2018-05-07,0.0014240230128130312,0.0016751618163258352,0.001993632217938244,0.001993632217938244
2018-05-08,0.00267427943668975,0.0031459117993314478,0.0037439912113656493,0.0037439912113656493
2018-05-09,-0.00065552633477075,-0.0007711340868254388,-0.0009177368686790499,-0.0009177368686790499
2018-05-10,0.00025429859447671874,0.0013052858612785157,0.0003560180322674067,0.0008062108276982586
2018-05-11,-0.00037658730949628126,-0.000492218742647312,-0.0005272222332947937,-0.0005492441667118385
2018-05-14,-0.0005609433298826875,-0.0006120082606958544,-0.0006864768348373252,-0.000724936079898678
2018-05-15,0.002955659155934875,0.0020469577463034976,0.004035155942801364,0.003457579018206465
2018-05-16,0.000487623800452625,0.0003498046165435818,0.0006506319670808224,0.0005698956895898217
2018-05-17,-0.00036381041741896875,2.5421158429594624e-05,-0.0008425907030333271,-0.00043785094220187494
2018-05-18,0.002040427788419625,0.0011863415962712104,0.003068443940644969,0.0023969487671301904
2018-05-21,-0.000904334332484625,-0.0005483486794325377,-0.0013318357038876916,-0.001061350597957273
2018-05-22,0.002692304437283094,0.001979693233685222,0.0028608441531531355,0.0021039601213602935
2018-05-23,0.0003171590891996108,0.0002874789960516045,7.64246461557958e-06,-0.00016021057312537356
2018-05-24,0.001595785456846781,0.0009858201296441623,0.0012263978639791369,0.00016528712041879296
2018-05-25,-0.001582632243235906,-0.0011636679069758598,-0.001148410796783353,-0.0004099853201151828
2018-05-29,0.0013109357406164376,0.000797472943674868,0.0010120018048583952,0.00011940713917424348
2018-05-30,-0.0009126474219745554,-0.0006874944870387982,-0.0006562437787360096,-0.0002581872322782672
2018-05-31,0.0011076810925617186,0.0009196969972258387,0.0007653557900691899,0.00042620132822907594
2018-06-01,-0.0021214189108975934,-0.0016561234669396586,-0.0015042238475808651,-0.0006769734769240783
2018-06-04,-0.0016679167025248126,-0.001009260866839753,-0.0027598601408133612,-0.002423989264372156
2018-06-05,0.0012412543249835312,0.000971050767654769,0.0015012190302668622,0.001362724545780719
2018-06-06,-0.001891736458639844,-0.00146141907283206,-0.0006778925386466925,0.0004538691428339403
2018-06-07,6.163740145593735e-06,-0.00018678727693448644,0.00017810330064137035,-9.063293232490865e-05
2018-06-08,0.0003299202776603313,0.00011956671332314275,0.0010590713782772869,0.0011236953495191815
2018-06-11,-0.003174265534701219,-0.0021719766023809953,-0.0037074192797590185,-0.0026928207074453387
2018-06-12,0.000746086569121375,0.0005590774236982984,-4.90790595661011e-05,-0.0007021834644127889
2018-06-13,0.000803141156385875,0.0005715746294099361,0.0006570065358634108,0.00028730510011398423
2018-06-14,-0.0048372863266239055,-0.0036257483027325333,-0.004752515271015042,-0.0033093808015172382
2018-06-15,-0.0005507251269678916,-0.0003868110471397456,-0.0006089261246552232,-0.0004328783548364687
2018-06-18,-0.0031091549787502183,-0.001933664660631909,-0.004597944013167264,-0.0037698996169226555
2018-06-19,0.00034700858503396875,0.00010861094438919999,0.0008146929628504616,0.0006856575459900718
2018-06-20,0.0006209614104349687,0.0006025702512482727,0.0006326149966800202,0.0007187859910691478
2018-06-21,0.00142411766055275,0.0009201985511187668,0.0020266559171568214,0.0016688770682380292
2018-06-22,-0.000813233204253875,-0.0005020204716607632,-0.0011865557264663638,-0.0009540380471624893
2018-06-25,0.002053225849832844,0.0011349362226987297,0.0031610741302762354,0.0024145838763634958
2018-06-26,0.001971257488808531,0.0013102433994571627,0.0027597604843319435,0.002308438813948172
2018-06-27,0.0006847047820341562,0.00045510539659598324,0.0009585866948478188,0.0008018227471130199
2018-06-28,-0.00027399009106053124,-0.0001821140618954408,-0.0003835861274847437,-0.0003208557808567232
2018-06-29,-0.0003125,-0.0002077105931898547,-0.0004375,-0.00036595276540703225
2018-07-02,0.0,0.0,0.0,0.0
2018-07-03,0.0,0.0,0.0,0.0
2018-07-05,0.0,0.0,0.0,0.0
2018-07-06,-0.0006749005358693438,-0.0008149111805489409,-0.0009061619700414755,-0.0009448607502170812
2018-07-09,-0.0017876221572074233,-0.0024967412437594864,-0.0014741656675251492,-0.0024215250902151157
2018-07-10,-0.0027198350350097185,-0.003321969014081173,-0.003548080202464371,-0.003798678845313374
2018-07-11,-0.0007557995697033439,-0.0007881267031106084,-0.0013555042016694411,-0.0010879769966350436
2018-07-12,-0.0044623949857179376,-0.0058401047575974765,-0.004754228944797556,-0.006138932359205834
2018-07-13,-0.004668987982596313,-0.0061211931913013225,-0.004945008035831182,-0.0064205733271174925
2018-07-16,0.002169240961562312,0.002559087421875941,0.003077268387701058,0.0030513713936999717
2018-07-17,-0.00196470611798125,-0.00264903278046282,-0.001880363201185234,-0.002684202554777157
2018-07-18,0.0006392473459494999,0.0017233477717593778,-0.0003075902564789618,0.0013454308239770267
2018-07-19,0.002767212927745344,0.002169606504456247,0.003114569789016961,0.002358642934443366
2018-07-20,-0.003767950711425531,-0.005624617930389629,-0.002998466076517733,-0.005433399962390156
2018-07-23,0.006117372486384719,0.004530871181755285,0.008636169119029929,0.005761077208622417
2018-07-24,0.0009101592430866561,0.00016106361520682035,0.0010904424297585552,0.00022593960209040743
2018-07-25,-0.0012259475462811252,-0.00580803153791415,0.0002948473725887773,-0.0053513325534126546
2018-07-26,-0.00416132653096275,-0.002912920498252263,-0.0046893564075641495,-0.003181862424866856
2018-07-27,0.0007217579798762499,0.0022717977086621705,0.0007233659122054864,0.0023669618608789167
2018-07-30,0.0056212867976341875,0.0038258540054288883,0.006824410952769566,0.004414615094650616
2018-07-31,0.001500551968261469,0.0008579745649636681,0.00013345765022517423,-9.489401718609878e-05
2018-08-01,-0.008412522810345218,-0.0065882842257506185,-0.008256291295131868,-0.0063290286717319
2018-08-02,-0.0011082019539330936,-0.0023863650853435383,-0.0022559830796032377,-0.003244143234648932
2018-08-03,0.001768932725168906,0.00026313773787586906,0.0011608110020519733,-0.00027466112419050265
2018-08-06,-0.0006526255291498124,0.00025501117815449656,-0.0010203754355492469,0.0001403410083173013
2018-08-07,-0.0002744011776001367,-0.0004012307406603099,-0.00021390404679352742,-0.00038476999331797396
2018-08-08,-0.002207516963320469,-0.002190628229843635,-0.002321776785031193,-0.002288289570299488
2018-08-09,-0.0023574634974675,-0.0015843228767066324,-0.002916983842395297,-0.0018561231302130562
2018-08-10,0.013713767341043938,0.01105931029836172,0.01590075907626841,0.012231577698595106
2018-08-13,0.00037720125476565635,0.000697489401588963,0.00020948154251691808,0.0006424870953652566
2018-08-14,-0.002139439482494344,-0.0027934333523828977,-0.0018617754052011133,-0.0027393762612668198
2018-08-15,0.0019740753648944064,0.0027637055108521687,0.001609998967566919,0.002672525038498236
2018-08-16,0.00016012125260903126,0.00022416975365264374,0.00013059027835031603,0.00021677392079518052
2018-08-17,-0.0014750517061739687,-0.0019566818986120563,-0.0014997249508885762,-0.0020229425454640067
2018-08-20,0.001926854960746125,0.0025174730713705914,0.002064570371091787,0.002651806543514741
2018-08-21,0.0023563633569649374,0.003333219111987087,0.0018278584434318615,0.003181840193491903
2018-08-22,-0.0001219549114914375,-0.0002074256190035449,9.712805978245656e-07,-0.00015630282857527828
2018-08-23,0.00247794254100125,0.001747770089385056,0.001817500177873385,0.0012719395315643532
2018-08-24,-0.024737928258106563,-0.01642729185080182,-0.016905690682024313,-0.010894869874835438
2018-08-27,0.0021241573273353435,0.0027426983914942814,0.0030678258594796348,0.0032879316166697686
2018-08-28,-0.0013729468187183439,-0.0016577697800039624,-0.0018434008092902787,-0.0019221255462056816
2018-08-29,-0.0001338930408906875,-0.00016166965385346933,-0.00017977283356585994,-0.00018745025724696253
2018-08-30,0.0004551898301021562,0.0001126475156987115,8.101767896318319e-05,-0.0001343825430200987
2018-08-31,-0.0019149198757155625,-0.0012221945610724823,-0.001248690312051318,-0.0007560939591578678
2018-09-04,0.0034176251253937185,0.002181293793548417,0.002228581695987472,0.0013494275895020104
2018-09-05,-0.0008359159825618125,-0.0005335220446332455,-0.0005450881795896285,-0.00033005612025533137
2018-09-06,0.0027639352203259683,0.0013032349559657466,0.0018935705792034081,0.0006898436732955427
2018-09-07,-0.010677907434533094,-0.007600254457687138,-0.01356973670708236,-0.009187298913346782
2018-09-10,0.000521224156090125,0.0011344431583450469,0.0011886129555878724,0.0015430318534247719
2018-09-11,0.003975963459985531,0.0033336306717085765,0.0035826762157118498,0.003181759584878212
2018-09-12,0.004758513766100688,0.003617183134558252,0.00399817039311189,0.003116723481766584
2018-09-13,-0.002398418167143625,-0.0014314515240859671,-0.0033416880288842854,-0.001909006442490178
2018-09-14,-0.00036314888626065627,0.0007152009813551212,-0.00012491256300538165,0.0009549795103500948
2018-09-17,-0.004616620263114937,-0.0035407450066488296,-0.004656497812915061,-0.0035275953762378795
2018-09-18,-0.010497136843965938,-0.008282866650609223,-0.011058348103334064,-0.008386076451450751
2018-09-19,-0.0015080103300276252,0.0003861774080279149,-0.0006869946183443574,0.0011239440811369882
2018-09-20,-0.0038285191890058755,-0.002511700624166201,-0.0017605795386093788,-0.0011430385989013975
2018-09-21,-0.0019993291736934682,-0.002429656054198917,-0.0039949994298254105,-0.00364546429839526
2018-09-24,0.0007118455854399999,0.0005646804499487009,-7.648883435908661e-05,4.827029473819611e-05
2018-09-25,-0.005204477264164688,-0.0040066638601195,-0.0062432329924805305,-0.004544161901600894
2018-09-26,-1.0398615043156207e-05,-0.0003573264312048648,0.00017288618576917546,-0.00023973761082572977
2018-09-27,-0.002502245029761875,-0.0015363186353881705,-0.0019645237581802444,-0.0011384819231494156
2018-09-28,0.00021105493321396874,-5.727708004060047e-05,5.1769210241775614e-05,-0.00016245127487251736
2018-10-01,-0.003567714196983836,-0.001981568645244558,-0.003999406550699818,-0.0021747773341621508
2018-10-02,0.0012671681619288435,0.00033999834383984765,0.0009989917678963772,0.00014258574559418804
2018-10-03,0.0,0.0,0.0,0.0
2018-10-04,0.0,0.0,0.0,0.0
2018-10-05,-0.0009242399107753438,-0.0012577371445502464,-0.0006966936058819708,-0.0009613073058458495
2018-10-08,-0.0036057537406538435,-0.00037530405334052646,-0.004238800521517358,-0.000918521400436603
2018-10-09,0.0013674988743935627,0.001967074666918947,0.002238101027879005,0.0028239402971645725
2018-10-10,-0.029248386094136346,-0.015472545095984119,-0.03506931529465572,-0.02030497429148613
2018-10-11,-0.001870528949936469,0.0008529791728407272,-0.003809578618966208,-0.0008619726905236427
2018-10-12,0.006046371229198563,0.004038265268296861,0.007964235654597293,0.007056817658335714
2018-10-15,-0.015911283692930624,-0.01097907668974574,-0.01416711503959093,-0.011492179956273298
2018-10-16,0.008848104571809599,-0.0007050461493144451,0.009697004406281759,0.0012783213584925646
2018-10-17,-0.001578985517562391,-0.0013900157792095982,0.0001082720854517124,5.111027652716785e-05
2018-10-18,-0.007432821627860794,-0.0033929492421299733,-0.008139816359996742,-0.005320982488484477
2018-10-19,-0.009718663395942264,-0.007304540743093605,-0.00789985342423828,-0.00687674550360156
2018-10-22,0.0025735749857091475,0.0028769141298000973,0.002404662723894063,0.002869803552114352
2018-10-23,-0.015272356837310748,-0.01322742014026949,-0.014652921599302836,-0.014552880504753675
2018-10-24,-0.026089842984105764,-0.014682849713556906,-0.02507427146097871,-0.017293907803429945
2018-10-25,0.002303310220910999,0.0018863975768762791,0.0035777775935994125,0.00479677374106394
2018-10-26,0.00012308765489877873,0.001997005837967399,-0.0009925389729617364,0.00018671537579059987
2018-10-29,-0.0010930657703892579,-0.00216199694844681,-0.0009303611706925761,-0.002509889028174154
2018-10-30,-0.0012316971907498921,-0.0026811014525597535,-0.0009403441928309644,-0.0030182568908879094
2018-10-31,-0.0013677529660977854,-0.004273252415368644,-3.034975247669694e-05,-0.0023848468245466223
2018-11-01,0.0026065232840052272,0.00520437228811513,0.0019754968593157576,0.005102592348448475
2018-11-02,0.0013914143251140872,0.0011185555290775637,0.0018509543395594707,0.001699062501113846
2018-11-05,0.0005613409838992521,0.0012710366048768824,0.00024787976659321176,0.0007183004644052344
2018-11-06,-0.0012816172814237071,-0.0026149091327854913,-0.0009772552580637672,-0.002719862402162705
2018-11-07,0.0010646991713388909,0.0021148511252626037,0.0007328183714605772,0.0017626143265857732
2018-11-08,-0.006244743567314852,-0.012398049009789226,-0.004285850214860055,-0.010265635019436066
2018-11-09,-0.0007144256080572777,0.0004222508325908929,-0.001476494404855246,-0.00045303657362873265
2018-11-12,0.003532287349768425,0.0032575101775174473,0.004486967834865188,0.004444073259362733
2018-11-13,0.0003039090753062018,0.0016553076852617392,-0.0003498988648543528,0.0008855173272341409
2018-11-14,0.0008482926032810466,4.9373609161745545e-05,0.0015102583898098463,0.0009886551319247536
2018-11-15,-0.000875272203530868,-0.0003156644657238312,-0.0013987703567473746,-0.0010426335382841233
2018-11-16,-0.0019848741907082545,-0.00515300534006915,-0.0005984896054472272,-0.0032626787057605847
2018-11-19,0.003354465729963571,0.0035928333234945937,0.00417203043505805,0.005294379953262313
2018-11-20,0.004595474114275703,0.0063750338301651645,0.004748223446297546,0.00712838107998146
2018-11-21,-0.0020206937394173265,-0.002517748686957607,-0.0022667349253794,-0.0031218565616388753
2018-11-23,0.0013888447434159403,0.0014253526342985362,0.0017558984819850418,0.0021827821728191434
2018-11-26,-0.000823032547442973,-0.0008696907779754651,-0.001018346210248296,-0.0012825456724084826
2018-11-27,-0.0020339920475414197,-0.005044666425667601,-0.000571286361917415,-0.002771221703676767
2018-11-28,-0.002360391074153441,-0.0018239746149099642,-0.0033726185507795122,-0.0037666460156069556
2018-11-29,-0.00010166094323665278,-0.00036453993020123417,4.6725153850567456e-05,-0.00012272948275358165
2018-11-30,-0.0020078902419019278,-0.002420201523551503,-0.0022825465409474516,-0.0030785048340375527
2018-12-03,0.000621776114061882,-8.785419926758735e-05,0.001267694546527614,0.00106666916517056
2018-12-04,0.002807292090263364,0.003924194376409771,0.0028260346100573543,0.0042247433637263455
2018-12-06,-0.0022824434029030238,-0.003899775424598611,-0.0018244691317460828,-0.0033413084531936556
2018-12-07,0.0054543496750257894,0.0066514715334346506,0.00614219828807861,0.008347562524304512
2018-12-10,0.0014169657195171601,0.0029076390371455775,0.0008225555064113706,0.0019903022543085003
2018-12-11,-0.0007123998779468513,-0.0013739396500437068,-0.00046796442825241635,-0.0010176852557395937
2018-12-12,-0.00020063674417956023,-0.00038648483643734623,-0.00013167924825258282,-0.00028705670664030817
2018-12-13,-8.187896161186784e-05,-0.0001576170590026341,-5.375479041353842e-05,-0.00011725655156105717
2018-12-14,-0.0012172692788246391,-0.0023633713549732786,-0.0008467593893487616,-0.00202747944064465
2018-12-17,0.0015635956010214838,0.0030762823449120937,0.0011708402818788612,0.003099004808103084
2018-12-18,1.1422558874236703e-05,2.242168028278695e-05,8.428334177141835e-06,2.179930731008174e-05
2018-12-19,-0.0005989227754248153,-0.0011759910056168314,-0.00044215714457788063,-0.0011436228102716711
2018-12-20,0.0009709125676937315,0.001899823746284669,0.0007178790508634057,0.0018595562152733092
2018-12-21,-0.0012644981458565443,-0.002476468053403925,-0.0009352934097573241,-0.0024188458497310075
2018-12-24,0.005260469763710636,0.010282818135188509,0.0038914719531666533,0.010067957707265374
2018-12-26,-0.0021120548686748754,-0.0041591136230259,-0.0015705095005683263,-0.003960505829380044
2018-12-27,-0.0016643597296400958,-0.0032746453949992127,-0.0012384002611897295,-0.003109565631377409
2018-12-28,-0.00022259347684190007,-0.00043750000000000006,-0.00016566083470606047,-0.0004152650521041127
2018-12-31,0.0,0.0,0.0,0.0
2019-01-02,0.0,0.0,0.0,0.0
2019-01-03,0.0,0.0,0.0,0.0
2019-01-04,0.0,0.0,0.0,0.0
2019-01-07,-0.0010847581308449374,-0.0007985425921846764,-0.0007093491835406072,-0.0005107637238505093
2019-01-08,-0.006081717406183875,-0.004908226211545468,-0.004716570699947244,-0.003779860643921692
2019-01-09,-0.0013355788186438125,-0.0012945002022571755,-0.001805811735423669,-0.0017896415853336188
2019-01-10,-0.0009527374499663124,-0.0009903741621203755,-0.0013505311614733586,-0.001353152160063495
2019-01-11,0.004084320055139219,0.003985395355369074,0.005239328901684626,0.005117654911858724
2019-01-14,-0.001966216265469156,-0.0022354194440368045,-0.0033082116085585934,-0.003440788456208999
2019-01-15,0.0009186296848437188,0.0009429320174227575,0.0012313307130653048,0.0012162265764704527
2019-01-16,-0.004702171116271343,-0.002948129199415101,-0.0018462312670813066,-0.000687037094053991
2019-01-17,1.4081046320218755e-05,-7.6392480878781e-05,-0.00017768285994423097,-0.0002254380006083429
2019-01-18,-0.0008669506318580936,-0.0004964450158248948,-8.439254428839384e-06,0.0002881087609182416
2019-01-22,0.0062598758317156875,0.005813145638724156,0.006855275952384188,0.006378759686338366
2019-01-23,-0.0010168297331174375,-0.0008796609047177598,-0.0009603178070777717,-0.0008457173324462077
2019-01-24,0.0010621434730086563,0.001104290308164192,0.0012475544378031597,0.001185200413377379
2019-01-25,-0.0016567362817420626,-0.001563395974822446,-0.0016730749146685112,-0.0015106363294567528
2019-01-28,0.0024907958262952185,0.002029133049690713,0.001964191066130893,0.0015883196203610411
2019-01-29,-0.0018341668878237502,-0.0012371278129853466,-0.0010054251488739213,-0.0006233109568662312
2019-01-30,0.00011600610591743735,-0.00030730846838836467,-0.0005977357939630354,-0.00077987188901997
2019-01-31,-0.0018463008791671563,-0.0014643681873320732,-0.0013878157783009017,-0.001092925049458098
2019-02-01,-0.0057842890141268435,-0.0049935518186661155,-0.00504399066392334,-0.004286398396304502
2019-02-04,0.0013620871677987813,0.0012525213538174974,0.0013192147123453112,0.001172216268091387
2019-02-05,-0.0003125,-0.0002766666261600259,-0.00028431744555675856,-0.00024620964460524646
2019-02-06,0.0,0.0,0.0,0.0
2019-02-07,0.0,0.0,0.0,0.0
2019-02-08,0.0,0.0,0.0,0.0
2019-02-11,0.0,0.0,0.0,0.0
2019-02-12,0.0,0.0,0.0,0.0
2019-02-13,0.0,0.0,0.0,0.0
2019-02-14,0.0,0.0,0.0,0.0
2019-02-15,0.0,0.0,0.0,0.0
2019-02-19,0.0,0.0,0.0,0.0
2019-02-20,0.0,0.0,0.0,0.0
2019-02-21,0.0,0.0,0.0,0.0
2019-02-22,0.005192953845833688,0.007092185868925495,0.005620349583147446,0.007270135384167162
2019-02-25,-0.0026217815011115625,-0.0035806522194515196,-0.002837562012745063,-0.0036704941015561878
2019-02-26,-0.000740410172212625,-0.001011202239894363,-0.0008013481587347482,-0.001036574241097675
2019-02-27,0.0007808824944613749,0.0010664766059789899,0.0008451514749653112,0.0010932354922459247
2019-02-28,-0.0003125,-0.0004267914080956763,-0.0003382196909265246,-0.0004375
2019-03-01,0.0,0.0,0.0,0.0
2019-03-04,0.0,0.0,0.0,0.0
2019-03-05,0.0,0.0,0.0,0.0
2019-03-06,0.0,0.0,0.0,0.0
2019-03-07,0.0,0.0,0.0,0.0
2019-03-08,-0.0017905816765744062,-0.0013181332251608658,-0.0011709040146594576,-0.0008431042266290841
2019-03-11,0.0009073920799595624,0.0006679749181454461,0.0005933652975425705,0.0004272500427275946
2019-03-12,0.00021051687881734374,0.00015497159166577324,0.0001376620021223385,9.912291219645454e-05
2019-03-13,-0.001494030223067156,-0.0012070940682375666,-0.0010499678546679427,-0.000861776325943134
2019-03-14,0.0007436804946379375,0.00139277374861265,0.0010614759123828684,0.001597687028800415
2019-03-15,-0.00041654204716093753,-0.0005033817591367709,-0.0004062552641192497,-0.00048648871180025945
2019-03-18,-0.00018596330226971876,-0.00013689652395600365,-0.00012160583348731465,-8.756173940160762e-05
2019-03-19,-0.00019998696090756265,-0.0009189605361480486,-0.000655880662578061,-0.0012331048243470746
2019-03-20,-0.00014932700060015628,1.849132062406721e-06,-2.1594388347078748e-05,9.464830695577303e-05
2019-03-21,-0.005433757768565594,-0.005370858641987027,-0.0044859833146586705,-0.0045815601700296025
2019-03-22,0.0033986187135540314,0.0038390767437443364,0.0036676809504964775,0.003909554062857606
2019-03-25,0.003435084374650718,0.002628594926124815,0.0026211785748499698,0.001957358538938103
2019-03-26,-0.0005664641709314062,-0.0004636218575715037,-0.000450390667020827,-0.0003657899288926705
2019-03-27,-0.0018365128071645002,-0.0013519453377788349,-0.0012009394751522056,-0.000864731126334908
2019-03-28,0.002123503610917594,0.0018306105934631275,0.0021660112924717077,0.0019674411221138697
2019-03-29,0.0008826222298223127,0.0007798132970178967,0.0002692259112125382,0.00015115897398937643
2019-04-01,0.0033302849474629685,0.0027097214285758705,0.00309064581191423,0.0025938044735328456
2019-04-02,0.0014807852127398434,0.0012177585607140694,0.002357667908415586,0.002077603680015156
2019-04-03,0.0011004780028255625,0.0012188117471001424,0.00044684771824748417,0.0005244706986448841
2019-04-04,-0.008024652047232813,-0.007781772610561694,-0.009274359892196594,-0.008905963663517869
2019-04-05,0.0,0.0,0.0,0.0
2019-04-08,0.006869917921940375,0.006869917921940375,0.006869917921940375,0.006869917921940375
2019-04-09,-0.000625,-0.000625,-0.000625,-0.000625
2019-04-10,0.0,0.0,0.0,0.0
2019-04-11,-5.010709566887263e-05,-5.010709566887263e-05,-5.010709566887263e-05,-5.010709566887263e-05
2019-04-12,-0.0015263139974785,-0.0015263139974785,-0.0015263139974785,-0.0015263139974785
2019-04-15,-0.0002901846262464375,-0.0002901846262464375,-0.0002901846262464375,-0.0002901846262464375
2019-04-16,-0.014786017806500563,-0.014786017806500563,-0.014786017806500563,-0.014786017806500563
2019-04-17,-0.000625,-0.000625,-0.000625,-0.000625
2019-04-18,-0.004776006933399875,-0.004776006933399875,-0.004776006933399875,-0.004776006933399875
2019-04-22,0.0029336477839591877,0.0029336477839591877,0.0029336477839591877,0.0029336477839591877
2019-04-23,-0.000625,-0.000625,-0.000625,-0.000625
2019-04-24,0.0,0.0,0.0,0.0
2019-04-25,0.0,0.0,0.0,0.0
2019-04-26,0.0013037887796085626,0.0013037887796085626,0.0013037887796085626,0.0013037887796085626
2019-04-29,-0.000625,-0.000625,-0.000625,-0.000625
2019-04-30,0.0,0.0,0.0,0.0
2019-05-01,0.0,0.0,0.0,0.0
2019-05-02,0.0,0.0,0.0,0.0
2019-05-03,0.005437519150570813,0.005437519150570813,0.005437519150570813,0.005437519150570813
2019-05-06,-0.000625,-0.000625,-0.000625,-0.000625
2019-05-07,-0.00660426798544075,-0.00660426798544075,-0.00660426798544075,-0.00660426798544075
2019-05-08,0.0006768783528936875,0.0006768783528936875,0.0006768783528936875,0.0006768783528936875
2019-05-09,0.001798845669027375,0.001798845669027375,0.001798845669027375,0.001798845669027375
2019-05-10,-0.001074397638843875,-0.001074397638843875,-0.001074397638843875,-0.001074397638843875
2019-05-13,-0.012660709513884625,-0.012660709513884625,-0.012660709513884625,-0.012660709513884625
2019-05-14,-0.00024530771850925,-0.00024530771850925,-0.00024530771850925,-0.00024530771850925
2019-05-15,0.015471896545851875,0.015471896545851875,0.015471896545851875,0.015471896545851875
2019-05-16,-0.007294848848456375,-0.007294848848456375,-0.007294848848456375,-0.007294848848456375
2019-05-17,0.006952357101994875,0.006952357101994875,0.006952357101994875,0.006952357101994875
2019-05-20,0.005701775120037625,0.005701775120037625,0.005701775120037625,0.005701775120037625
2019-05-21,0.0034603061981140623,0.0034603061981140623,0.0034603061981140623,0.0034603061981140623
2019-05-22,-0.000625,-0.000625,-0.000625,-0.000625
2019-05-23,0.0,0.0,0.0,0.0
2019-05-24,0.0,0.0,0.0,0.0
2019-05-28,0.0,0.0,0.0,0.0
2019-05-29,0.0,0.0,0.0,0.0
2019-05-30,0.0,0.0,0.0,0.0
2019-05-31,0.0,0.0,0.0,0.0
2019-06-03,0.0,0.0,0.0,0.0
2019-06-04,0.0,0.0,0.0,0.0
2019-06-05,0.0,0.0,0.0,0.0
2019-06-06,0.0,0.0,0.0,0.0
2019-06-07,0.0,0.0,0.0,0.0
2019-06-10,-0.0166877082862775,-0.0166877082862775,-0.0166877082862775,-0.0166877082862775
2019-06-11,-0.000625,-0.000625,-0.000625,-0.000625
2019-06-12,0.0029527461345230004,0.0029527461345230004,0.0029527461345230004,0.0029527461345230004
2019-06-13,-0.0023486701211894376,-0.0023486701211894376,-0.0023486701211894376,-0.0023486701211894376
2019-06-14,-0.002473007484400812,-0.002473007484400812,-0.002473007484400812,-0.002473007484400812
2019-06-17,-0.0007230178664235625,-0.0007230178664235625,-0.0007230178664235625,-0.0007230178664235625
2019-06-18,-0.000625,-0.000625,-0.000625,-0.000625
2019-06-19,0.0,0.0,0.0,0.0
2019-06-20,0.0,0.0,0.0,0.0
2019-06-21,0.0,0.0,0.0,0.0
2019-06-24,-0.0008029638835488751,-0.0008029638835488751,-0.0008029638835488751,-0.0008029638835488751
2019-06-25,0.0017950700453084375,0.0017950700453084375,0.0017950700453084375,0.0017950700453084375
2019-06-26,-0.008486785652970688,-0.008486785652970688,-0.008486785652970688,-0.008486785652970688
2019-06-27,-0.0028276412088895,-0.0028276412088895,-0.0028276412088895,-0.0028276412088895
2019-06-28,-0.0010252507098811876,-0.0010252507098811876,-0.0010252507098811876,-0.0010252507098811876
2019-07-01,0.00114217436270225,0.00114217436270225,0.00114217436270225,0.00114217436270225
2019-07-02,0.0034163554318101873,0.0034163554318101873,0.0034163554318101873,0.0034163554318101873
2019-07-03,-0.005476676996093249,-0.005476676996093249,-0.005476676996093249,-0.005476676996093249
2019-07-05,-0.0025583330292261253,-0.0025583330292261253,-0.0025583330292261253,-0.0025583330292261253
2019-07-08,0.0,0.0,0.0,0.0
2019-07-09,-0.0067196337195279685,-0.0038159657926635066,-0.005700567439749244,-0.0034073551011020537
2019-07-10,-0.008534110604991095,-0.004292949787982298,-0.005802805659965924,-0.0025125971048775607
2019-07-11,-0.008435514821907063,-0.00568881900735143,-0.009489158408167553,-0.007223637125274807
2019-07-12,-0.0051952508752755935,-0.0027771297060831665,-0.003957713293051109,-0.0020665253720968113
2019-07-15,-0.00010535716864771869,-0.0003380250348949111,-0.0008117574442227458,-0.0009656976675845961
2019-07-16,0.0071510204182907815,0.0038110925130794182,0.005417753949660469,0.002806774206434283
2019-07-17,-0.005190592990704375,-0.003401508033604436,-0.0055819324124858575,-0.0041203401961056926
2019-07-18,-0.002690296380899875,-0.0004265108543757682,0.0005773123155991934,0.002247152694618414
2019-07-19,-0.003483212527815469,-0.0014681331100865392,-0.0016308631795677703,-9.407162143092342e-05
2019-07-22,-0.008198316772535937,-0.003993328868527333,-0.006244264705830916,-0.002937800509384967
2019-07-23,0.005387843032773968,0.005455750438751408,0.00457198612202972,0.004717090427644152
2019-07-24,-0.005269603936149062,-0.004596828769658734,-0.0043172178239296016,-0.003855755022840776
2019-07-25,0.00022071534742978125,0.00035489780793227595,0.0002187542015946324,0.0003238365821107039
2019-07-26,-0.00040477039560446877,-0.0016976628357650257,-0.0006067154058327697,-0.0016805770520801234
2019-07-29,0.0037705666576386253,0.0025679418520145885,0.002933334783767893,0.002024729157402917
2019-07-30,-0.003353117802013844,-0.001663951526755657,-0.0024836365384087226,-0.0011606238216483621
2019-07-31,0.010546406996087596,0.00507319217374738,0.007778165303859214,0.0034860584892244116
2019-08-01,-0.0015683720649624375,-0.0019235543537381727,-0.0014009560859738334,-0.0017169852159756146
2019-08-02,-0.003123914258449656,-0.0038593480213425404,-0.002872818076489136,-0.0033700962921952337
2019-08-05,0.002797474838353281,0.003701459588542348,0.0025873624807196396,0.003306988961244232
2019-08-06,-0.0033335065997398437,-0.0042956625182886095,-0.0030762215904269414,-0.0038051405391106444
2019-08-07,-0.00024111702224653128,-0.0009145171039205199,0.00027487902733438856,-0.0002916874848405706
2019-08-08,-0.0016291460613423751,-0.002411927567739581,-0.001293018026562421,-0.001929455864307651
2019-08-09,-0.0013201710008556562,-0.0001034677442632374,-0.0025076842235542494,-0.0014285937981037258
2019-08-12,0.004670913722057032,0.0015821501634849969,0.0044819973173226765,0.001982652299837597
2019-08-13,0.010746947392489499,0.00741667111053401,0.00860540823913137,0.00605411169945848
2019-08-14,-0.002790010670257969,-0.003162480378962344,-0.00289437207878556,-0.0032192960122685334
2019-08-15,-0.004013670356254969,-0.004759778619670247,-0.004383224164954033,-0.0050124754789542675
2019-08-16,-0.00014112647789678127,-0.0003037720262845903,-5.054897901464785e-05,-0.00019141695635961007
2019-08-19,-0.0008333766321359688,-0.0006503091433820881,-0.0011667272849903562,-0.0010031739007457477
2019-08-20,-0.0046939314345630315,-0.006377857266891593,-0.004510084822888321,-0.005952256115563834
2019-08-21,-0.0003125,-0.0004375,-0.0002904719099591541,-0.0003977071713998304
2019-08-22,-5.887254611421875e-05,-8.242156455990625e-05,-5.472262692465758e-05,-7.492490812221445e-05
2019-08-23,-0.003363770492177094,-0.0047092786890479315,-0.003126658686486157,-0.004280946072582295
2019-08-26,-0.0003125,-0.0004375,-0.0002904719099591541,-0.0003977071713998304
2019-08-27,-0.002096422319642969,-0.0029349912475001563,-0.0019486457448566186,-0.0026680390105749637
2019-08-28,0.0043330987988841555,0.00455495232138598,0.0051751930284756045,0.005346484863276428
2019-08-29,0.00048614643380290616,0.0008569965639759356,0.00031795109565223035,0.0006383180150946138
2019-08-30,0.0014897573723797813,0.0009647769765062846,0.0022357856493650237,0.001771299496810474
2019-09-03,-0.006061096465741782,-0.006230281433620856,-0.005924390193004206,-0.0061207270699625005
2019-09-04,-0.008852492401761967,-0.005575825852744689,-0.0077359143151156575,-0.005156432975796142
2019-09-05,-0.005242929106084655,-0.0013104242311705956,-0.00315518818315746,-5.811666763145065e-05
2019-09-06,-0.0011952078803294808,-0.0018193492615472767,-0.0009948486082416417,-0.001532419426450856
2019-09-09,0.002266195286986219,0.00343880325017353,0.0023774684809302537,0.0033602947515746703
2019-09-10,-0.002278731221337563,-0.0019366800608144991,-0.002854451617135767,-0.0025572863220566957
2019-09-11,-0.002194853834778656,0.0005711673713236997,-0.0014663196204408799,0.0007654744087415109
2019-09-12,0.0005420768764136457,-0.0002323401940477667,0.0002967450596421524,-0.0003263132546799823
2019-09-13,0.001300751280629876,0.0017647406145782584,0.0012056205682147182,0.0015891481950491507
2019-09-16,-0.001466594881332375,-0.002390732353655988,-0.0014388141241516432,-0.002207263498114468
2019-09-17,-0.0009463715469214997,0.0012124401975360832,-0.0003495512382057606,0.0013968774099292836
2019-09-18,0.0029780247843517187,0.0018883906973612239,0.002291585406247519,0.0014517117075960259
2019-09-19,0.00018190280801099997,-0.001616105990347994,-0.00022176470236730494,-0.0016864031942186587
2019-09-20,0.0020956921439911876,0.0009586242981148219,0.0015352738531874447,0.0006419960308039061
2019-09-23,0.0013404864375814063,0.002148847549823208,0.001302857306137639,0.001985011222581372
2019-09-24,-0.0003125,-0.0004375,-0.0002904719099591541,-0.0003977071713998304
2019-09-25,-0.0013048118665294687,-0.0010181844012385518,-0.0018267366131412561,-0.0015706622425095142
2019-09-26,0.000902634612276,0.0007043532526125098,0.0012636884571864,0.0010865429267247618
2019-09-27,-0.0003068165472763125,-0.00023941828741144168,-0.00042954316618683746,-0.0003693292332371317
2019-09-30,-0.0012182425507626872,-0.0002770877264121209,4.342936087961438e-05,0.0007422751894459972
2019-10-01,0.0008301621629432499,0.0008045698049104136,0.0015693038128146485,0.0015133917794982591
2019-10-02,-0.0010053685921599376,-0.000613006653419074,-0.0009621538944812108,-0.000647771645441266
2019-10-03,-4.7727374172219046e-05,-0.002795895080837399,-0.0022329017182317174,-0.004386349645747834
2019-10-04,0.0,0.0,0.0,0.0
2019-10-07,0.0,0.0,0.0,0.0
2019-10-08,0.0,0.0,0.0,0.0
2019-10-09,0.0023647990757467187,0.0009408443900973255,0.002844888462092428,0.0012284452184150507
2019-10-10,-0.0006506385486087813,-0.00025885904418596024,-0.0007827278515597388,-0.00033798804395362156
2019-10-11,0.005894927579404469,0.0023453195664673568,0.007091685559045953,0.0030622456140531906
2019-10-14,0.00027769298474,0.0005168339281238597,0.00022412894963723612,0.0005131634611334718
2019-10-15,0.0007009262979815623,-0.005570643950210103,0.0024258258061741677,-0.00494640447874746
2019-10-16,-0.009207831461934345,-0.001993166407244376,-0.011529036671535799,-0.0032668979508726366
2019-10-17,-0.00498411643624325,-0.004967555667742752,-0.005188472905862699,-0.00529869902849546
2019-10-18,-0.007811943387086594,-0.0062912295387039276,-0.008536655749463051,-0.006947985176624685
2019-10-21,-0.0004962074382840626,-0.0014712928087252987,-0.00025229460935369675,-0.00141426095325346
2019-10-22,0.005277797262200812,0.0074494128816761295,0.004901913956986553,0.007598352073022165
2019-10-23,0.005174852442646937,0.0017597888158591046,0.006306332201132786,0.0024166963302173525
2019-10-24,0.0061174859993715,0.002433865288191638,0.007359426648595306,0.0031778583228158487
2019-10-25,0.0043057209522774685,0.0017130476093389054,0.00517662793981599,0.002236698402795413
2019-10-28,0.008177421992388438,0.0032534187305396194,0.009837560287637059,0.004247935923410169
2019-10-29,0.003602809570147094,0.002808235079211872,0.002941243878950649,0.002400140284598469
2019-10-30,0.007258937211365563,0.003397406254746693,0.00821021340636737,0.00396666169442813
2019-10-31,-0.0017171299443137188,0.0010053803606134906,-0.002524485033501394,0.0006224605329009901
2019-11-01,0.00838409276630647,0.0060691762373714635,0.009718856437368292,0.007103414938967698
2019-11-04,-0.004767857095608501,-0.002336422274172405,-0.005514191765334888,-0.002802260528571177
2019-11-05,-0.0003125,-0.00012432932460131952,-0.00037594214811808517,-0.00016233477706070436
2019-11-06,0.0,0.0,0.0,0.0
2019-11-07,-0.00186723835267325,-0.002529737017107011,-0.0017628785871508872,-0.002592179172213964
2019-11-08,0.0019630463323801876,0.003051554745408407,0.002001149532962414,0.003262819018991985
2019-11-11,0.0003603087913924375,0.0001467256290860325,0.00021143162083090143,3.1950715504202034e-05
2019-11-12,-0.0003125,-0.00026479525751796243,-0.00023523865242280358,-0.00021633951977872214
2019-11-13,0.0,0.0,0.0,0.0
2019-11-14,0.0,0.0,0.0,0.0
2019-11-15,0.0,0.0,0.0,0.0
2019-11-18,0.002572815975337031,0.00218006229995423,0.0019367224415044616,0.0017811256722670018
2019-11-19,-0.0003125,-0.00026479525751796243,-0.00023523865242280358,-0.00021633951977872214
2019-11-20,0.0,0.0,0.0,0.0
2019-11-21,0.0,0.0,0.0,0.0
2019-11-22,0.0,0.0,0.0,0.0
2019-11-25,-0.0003873993757970625,-0.00032826085592473943,-0.00029162018275819603,-0.00026819134375204233
2019-11-26,-0.000419231165987,-0.0003552333585826666,-0.0003155819985293522,-0.0002902280612028843
2019-11-27,-0.0015313124822740624,-0.0012975497058695382,-0.00115271643125878,-0.0010601069025482678
2019-11-29,-6.550987980259375e-05,-5.550945757535545e-05,-4.931345870445437e-05,-4.535160299921581e-05
2019-12-02,-0.0010475751417485,-0.0008876573741718721,-0.0007885765269009425,-0.0007252220899135913
2019-12-03,0.0016550928078440939,0.0014024343240614538,0.0012458937656061402,0.001145798346362266
2019-12-04,-0.0003125,-0.00026479525751796243,-0.00023523865242280358,-0.00021633951977872214
2019-12-05,0.0004168209678088433,-0.0011115155766246183,0.0017809515378633626,-0.0002745742300900829
2019-12-06,-0.0015219177652740625,-0.0010952125818879945,-0.0013403497276394131,-0.0009788713806064683
2019-12-09,-0.0016983426386593752,-0.000974749576325583,-0.0017435682369505456,-0.0009972184346751665
2019-12-10,-0.0028138159919186253,-0.0014224698566863044,-0.0030815677096528663,-0.0015781838230463805
2019-12-11,0.0004156705091253205,0.0003641336222555387,0.0003009641422756678,0.0002923449205659893
2019-12-12,0.00400404574661197,0.0014525590378003243,0.004957630084957316,0.0020259820528567515
2019-12-13,0.005124779883334157,0.0020389133492011674,0.006165186425513576,0.0026621759995079444
2019-12-16,0.001767598331180406,0.0007032457813826541,0.0021264470836284944,0.0009182165792801417
2019-12-17,-0.0008399758727667812,-0.000334187625415993,-0.0010105034687209829,-0.00043634334733429116
2019-12-18,-0.0003125,-0.00012432932460131952,-0.00037594214811808517,-0.00016233477706070436
2019-12-19,0.0,0.0,0.0,0.0
2019-12-20,0.0,0.0,0.0,0.0
2019-12-23,0.0,0.0,0.0,0.0
2019-12-24,0.0,0.0,0.0,0.0
2019-12-26,0.0,0.0,0.0,0.0
2019-12-27,-0.0015026141641038752,-0.001273232334508875,-0.0011311133794406816,-0.0010402394453598027
2019-12-30,-0.0007375609890774375,-0.0006249684865214821,-0.000555209130080661,-0.0005106034885905029
2019-12-31,-0.0001066251239310625,-9.034824687747313e-05,-8.026352149746422e-05,-7.381512994429695e-05
2020-01-02,0.0011459913103703124,0.0009710498052571332,0.0008626606449272165,0.0007933542712195262
2020-01-03,0.0009838270172587813,0.0002509534225403651,0.0013242620308788805,0.0004570651437235886
2020-01-06,0.0,0.0,0.0,0.0
2020-01-07,-0.00012187924097759376,-8.695824827876977e-05,-0.00016058902895558973,-0.0001627240440954496
2020-01-08,-0.000519101867039125,-0.00037036815025997513,-0.0006837858041150914,-0.0006928337894789374
2020-01-09,-0.0014315080694080626,-0.0010213505853349817,-0.0020041112971712874,-0.0020041112971712874
2020-01-10,-0.00028166518824884377,-0.00032785188786886593,7.2223320017435e-05,0.00016919973387455745
2020-01-13,-0.0038611446853337814,-0.0028284755987188267,-0.0051348727251142095,-0.00507859976288322
2020-01-14,0.0018013636980260313,0.0014308142360570431,0.001986635163036765,0.0018753749672173227
2020-01-15,-0.0031205329748822184,-0.002324501535119474,-0.004008166432207188,-0.003933217582465832
2020-01-16,-0.0031225005168163127,-0.002315966504894507,-0.004047464573507836,-0.003980111545807852
2020-01-17,0.0007262523603373438,0.0008204215021525517,-9.459612803105262e-05,-0.00032559735768914204
2020-01-21,0.00014076478172956247,0.00017140924194000286,-6.389945533617842e-05,-0.00011814380345471907
2020-01-22,-0.0011953805450976875,-0.0005946188109782202,-0.0011944297916377513,-0.0010084451489497527
2020-01-23,0.005493535982555156,0.004689831669782355,0.006616910214594988,0.006499995946891612
2020-01-24,0.004778004772774063,0.00688631298135842,0.00816521294130944,0.009069476147987943
2020-01-27,-0.007786533360625406,-0.0086559377701905,-0.008522381335677095,-0.008564067597681704
2020-01-28,-0.0032185681430857882,-0.0026614785713833695,-0.003911000013766829,-0.0038293752290459054
2020-01-29,0.0013995204200502502,0.0021240288671664697,0.0026172940073034773,0.00293523733884321
2020-01-30,-0.020252160092242184,-0.015061054409799806,-0.02720597255703285,-0.027325158069140525
2020-01-31,-0.003591232689484625,-0.003472570070881851,-0.0022503306037981725,-0.002180566633876506
2020-02-03,-0.004485089405678282,-0.0038999793758402778,-0.004119422227959749,-0.004039334835120018
2020-02-04,0.0064341156880282505,0.007049891504400229,0.0015154328630046367,0.001339184990478444
2020-02-05,0.01231385360911128,0.010433691906698954,0.012223795564703457,0.012111364400441135
2020-02-06,0.0011143330464643123,0.0010097361211075838,0.001446548512743172,0.0014092966729048475
2020-02-07,0.0015213449371950312,0.0020905275475782883,0.002589676265899045,0.002936541053751453
2020-02-10,-0.0011087539012537499,9.811823876862923e-05,-0.0010595748842349964,-0.0007296544141187071
2020-02-11,-0.0014630642059697812,-0.001341430271135971,-0.0017053997044063993,-0.0016795573872170192
2020-02-12,-0.0030514389467598433,-0.002248346465371588,-0.004010187434852642,-0.0039557649659872594
2020-02-13,-0.0016766084282330623,-0.0013295877807260803,-0.0018568949961370105,-0.001754971135610998
2020-02-14,-0.00014644949349987502,-3.990608171969532e-05,-0.0003871148728217501,-0.00037562575313498275
2020-02-18,0.0035786758418364685,0.0038619428124170773,0.001272454727444697,0.0014524086973442402
2020-02-19,-0.002221020363122372,-0.002259206041183203,-0.00109819582845924,-0.0010980148741179625
2020-02-20,0.00047435372301825,0.0005716741117749379,3.467861322902642e-05,0.00010711955275649822
2020-02-21,0.00044705529365890624,0.0004293287136851031,0.00027801307032814925,0.00025731936238710166
2020-02-24,0.0013111481594000936,0.0013784654811673127,0.000547938876412392,0.0005842283204679787
2020-02-25,0.0013827575870024062,0.0014055079313933165,0.0006860057240766506,0.0006850613323959907
2020-02-26,-0.0033144175598481254,-0.004520326108729264,-0.003996416317064814,-0.004357506852264557
2020-02-27,-0.0031857475156169997,-0.004564259527725687,-0.004166173049668926,-0.004596805639566772
2020-02-28,-0.0018801776359011878,-0.004736397244245196,-0.0042141629624969125,-0.005393530714312858
2020-03-02,-0.0004134547515061251,-0.0005253375362917282,-0.0004830995077178174,-0.0005086295621538189
2020-03-03,-0.0038263431958276877,-0.005824357747664948,-0.005298078912952158,-0.00597035265013289
2020-03-04,0.004368152352705437,0.007074771480649956,0.006414100575129633,0.007374382633663445
2020-03-05,-0.002659395738934,-0.003325362057732161,-0.003061231146687757,-0.0032011301342928034
2020-03-06,-0.00019624211810693754,-0.0014698593962876475,-0.000977775582564203,-0.0015775889574460855
2020-03-09,0.000673802318347875,-0.0010062099094191495,-0.005181544202674519,-0.005476445727634635
2020-03-10,0.005344254641683687,0.004120164181286716,0.004091616651491568,0.003195650862176454
2020-03-11,0.003597898788019719,5.1033225282408855e-05,0.0023212379202611254,0.0010330464711227716
2020-03-12,-0.006945233636124625,-0.010789246980347519,-0.010197488665891274,-0.011621951397877157
2020-03-13,0.02269226089818931,0.026763954656812194,0.029484405278265832,0.03122243639636377
2020-03-16,-0.0013334839813932125,-0.002461550457955345,0.004373165815998963,0.004046711117702127
2020-03-17,-0.02522242724984844,-0.022482372968294393,-0.022218864036701123,-0.02076887732915346
2020-03-18,-0.028907712711106728,-0.029869011505124204,-0.024045343051720246,-0.02376688174697404
2020-03-19,0.008627676254424092,0.007706185612793178,0.00834721464695242,0.008515566804807908
2020-03-20,0.00995132424220543,0.006712313574065249,0.014043298041365938,0.013221922762799397
2020-03-23,-0.0031512366979068894,-0.003379811707597963,-0.0013054563980348323,-0.0014265605527355198
2020-03-24,0.006709684155010297,0.006212713558550886,0.004661202404737577,0.00493774036446822
2020-03-25,0.011826926275761871,0.01272954578961264,0.003057988385125477,0.0028719877010799375
2020-03-26,0.017379999077123016,0.015203723332647936,0.013652568278862734,0.013087220216659824
2020-03-27,0.0036559495576632436,0.002787688891309808,0.004185387030186415,0.00400223109043387
2020-03-30,-0.005501409257452325,-0.004286060928566207,-0.006054325888126942,-0.005781852314771398
2020-03-31,0.001587203892364142,0.0014075685168907842,0.0011906022631844565,0.0010041107128075984
2020-04-01,0.004584025004305059,0.0034617168597650435,0.005454379988609094,0.005315619249903452
2020-04-02,-0.0036034349092908665,-0.002576531423727254,-0.004776097727559373,-0.004768811089714715
2020-04-03,-0.006537855121538355,-0.00506129215479249,-0.007400894370341804,-0.007141548765979162
2020-04-06,0.0,0.0,0.0,0.0
2020-04-07,0.0,0.0,0.0,0.0
2020-04-08,0.0,0.0,0.0,0.0
2020-04-09,0.0,0.0,0.0,0.0
2020-04-13,0.0,0.0,0.0,0.0
2020-04-14,0.0,0.0,0.0,0.0
2020-04-15,0.0,0.0,0.0,0.0
2020-04-16,0.0,0.0,0.0,0.0
2020-04-17,0.0,0.0,0.0,0.0
2020-04-20,0.0,0.0,0.0,0.0
2020-04-21,0.0,0.0,0.0,0.0
2020-04-22,0.0,0.0,0.0,0.0
2020-04-23,0.0,0.0,0.0,0.0
2020-04-24,0.0,0.0,0.0,0.0
2020-04-27,0.0,0.0,0.0,0.0
2020-04-28,0.0,0.0,0.0,0.0
2020-04-29,0.0,0.0,0.0,0.0
2020-04-30,0.0,0.0,0.0,0.0
2020-05-01,-0.001260249013712822,-0.0018342178212095914,-0.0016348043859680764,-0.0018199785489962854
2020-05-04,-0.0020527808602134115,-0.002984491560729799,-0.002660560649961765,-0.0029608940081831503
2020-05-05,-0.0012815223692491597,-0.0018597345286530695,-0.0016586686706271192,-0.0018447546049084624
2020-05-06,0.004379697336900298,0.0063511112235624355,0.005684441899586117,0.006316879290997395
2020-05-07,-0.00026448001055626966,-0.0003814721025568978,-0.0003422585523490967,-0.0003795758387583973
2020-05-08,0.0,0.0,0.0,0.0
2020-05-11,0.0,0.0,0.0,0.0
2020-05-12,0.0,0.0,0.0,0.0
2020-05-13,0.0,0.0,0.0,0.0
2020-05-14,0.0,0.0,0.0,0.0
2020-05-15,0.0,0.0,0.0,0.0
2020-05-18,0.0,0.0,0.0,0.0
2020-05-19,0.0,0.0,0.0,0.0
2020-05-20,0.0,0.0,0.0,0.0
2020-05-21,0.0,0.0,0.0,0.0
2020-05-22,0.0,0.0,0.0,0.0
2020-05-26,-0.0028555384575760785,-0.0025589361064970624,-0.0025822539154838455,-0.0025454693821470795
2020-05-27,-0.006639265383156994,-0.00580725485382036,-0.006650172307598152,-0.006375260706481323
2020-05-28,0.00644580290302252,0.005703264694156876,0.006259661292386053,0.006058292375481361
2020-05-29,-0.003711852786377597,-0.0032680030565012566,-0.003690044784451971,-0.003550171307571538
2020-06-01,-0.0004801395394918829,-0.0003600515754509582,-0.0007527054472544131,-0.000653899528072631
2020-06-02,-0.0012996411591414728,-0.0012106184184981837,-0.0010050317407539406,-0.001040789110179454
2020-06-03,0.00041321971891897875,0.0004241645010659192,0.0001402514835995738,0.0002036321011800296
2020-06-04,0.0020281107849680993,0.0017176975051710639,0.0022691448638863026,0.002113969857796212
2020-06-05,-0.005767522225435763,-0.004878194276770262,-0.006483533551549704,-0.006033560712158923
2020-06-08,0.003521273301818735,0.0029237920559073713,0.004185717051632724,0.0038442910366029413
2020-06-09,-0.0019860560002934236,-0.001769583800675479,-0.001822854167711536,-0.0017864141312068248
2020-06-10,-0.0024126027808689405,-0.002208191121050402,-0.002190748977915602,-0.002179037825148843
2020-06-11,0.003914888104980287,0.003586425979252985,0.003565481801218605,0.0035462252348986666
2020-06-12,-0.006993430781965876,-0.006066502465477375,-0.0066756170974047,-0.006333316115691763
2020-06-15,-0.011761978785469087,-0.010743702786901134,-0.00912370691681615,-0.009034246844972645
2020-06-16,0.005409111561085484,0.0050305759317706405,0.0035990870253918283,0.003641615195954157
2020-06-17,0.0011355973025611876,0.0009470278950551499,0.0012973194444437304,0.001204338762986954
2020-06-18,-0.0004897089167086874,-0.00035404077452183883,-0.0007849814764316152,-0.0006693960693566619
2020-06-19,0.006832782624565532,0.005984545884034237,0.006242673904086855,0.006066935979497713
2020-06-22,-0.00614743578566,-0.0077185462909737275,-0.0064443082601941416,-0.007106214359624519
2020-06-23,0.00043606654168903145,-0.00043025299919254874,0.00024270553328134165,-8.16952077709746e-05
2020-06-24,-0.002993483562507156,-0.0018373473572502724,-0.0024841403499612546,-0.0021257805648245594
2020-06-25,-0.0017418965581543749,-0.0016751899383295374,-0.0017700727518385841,-0.0017513534992382948
2020-06-26,-0.0016669655831155626,-0.001460934991614204,-0.0015188956435589077,-0.0014772735763180056
2020-06-29,0.0017953602726942187,0.0016428464452858823,0.0016846951312115739,0.0016591446169525752
2020-06-30,0.003547320638638406,0.004013642461760506,0.00386867901829914,0.004031474657981706
2020-07-01,-0.0021969007775036564,-0.002749494013833756,-0.0025814885461933113,-0.0027555996573387954
2020-07-02,0.0036939710522930934,0.004344865349380128,0.0041448912120259866,0.004360340545988811
2020-07-06,-0.001088237290786875,-0.001117359118802204,-0.0011066749100264353,-0.0011249624248103164
2020-07-07,0.0,0.0,0.0,0.0
2020-07-08,0.0,0.0,0.0,0.0
2020-07-09,-0.0011054273214434376,-0.0015475982500208125,-0.0009607539410169757,-0.0015475982500208125
2020-07-10,-0.0011313840158313749,-0.0015839376221639249,-0.0009833135394141101,-0.0015839376221639249
2020-07-13,-0.0003125,-0.0004375,-0.0002716013986118646,-0.0004375
2020-07-14,0.00033399616089593756,0.0004675946252543125,0.000290284238177056,0.0004675946252543125
2020-07-15,0.0005110870227253125,0.0007155218318154374,0.00044419824059061994,0.0007155218318154374
2020-07-16,-0.0008248813831735001,-0.0011548339364428999,-0.0007169245995481985,-0.0011548339364428999
2020-07-17,0.000572316810331875,0.000801243534464625,0.0004974145476326992,0.000801243534464625
2020-07-20,-0.0016161609218703127,-0.0022055278336062137,-0.0012004001414356112,-0.0017860089608811953
2020-07-21,0.00038757160346768746,0.0005268841289991667,0.0002806294195381282,0.0004114112594115803
2020-07-22,5.784166000265628e-05,0.00011404411339028744,0.00016855214030464603,0.0003569922833279859
2020-07-23,0.00043672685469259374,0.0005922209130507111,0.0003109010178741633,0.0004511748586144828
2020-07-24,-0.0009724453368834375,-0.0013311400678778925,-0.0007368484531241701,-0.0011086352476632417
2020-07-27,0.0002800308470820312,0.00035952026127558624,0.00012704302152825308,0.00012056074545229772
2020-07-28,0.00212742684992525,0.002427296415393507,0.0020416474642080983,0.0023098879388075253
2020-07-29,-0.0022167108835153436,-0.0018237688410112475,-0.002845330748074886,-0.0024076587452074895
2020-07-30,-0.0020556848625553127,-0.001747787390377342,-0.0026608724656913474,-0.0023775775570304422
2020-07-31,-0.0024831919462381877,-0.0031374240682994657,-0.0016731920897583095,-0.0019686442729027285
2020-08-03,-7.221422452096868e-05,0.00017446517251382956,0.0001861749168973312,0.0007841472942210492
2020-08-04,0.0027581925485721257,0.00140507254129521,0.0029663671889789975,0.0013530339437244174
2020-08-05,-0.001311615904407625,-0.001486974335912074,0.00017044206800516566,0.0004108736334773903
2020-08-06,-0.0037493326903860627,-0.0002819723016002861,-0.0051473162923337075,-0.0013909992269091386
2020-08-07,-0.0009672257130239687,-0.0016086515119804246,-0.0003143997011724678,-0.0009262928359061841
2020-08-10,0.00019227294251962529,0.002152844984584715,-0.0009684445556508366,0.0009248958719197887
2020-08-11,0.005884808908999844,0.001277959141896735,0.008033028296798469,0.00304522304108872
2020-08-12,-0.0008051742250500312,0.0010670862243301125,-0.0016717193424041574,0.0003238278406615543
2020-08-13,7.784895538112496e-05,1.918958333664728e-05,0.00015720592334316283,0.0001482776234031119
2020-08-14,-0.000384605633313625,-0.00022207444394954523,-0.00042692505793989825,-0.0002489325293932745
2020-08-17,0.0007525563687100313,0.0010535789161940437,0.0006540651592829138,0.0010535789161940437
2020-08-18,0.0009027979419559062,0.0012639171187382686,0.0007846437878372387,0.0012639171187382686
2020-08-19,-0.0008512900575919063,-0.0011918060806286688,-0.0007398770248522768,-0.0011918060806286688
2020-08-20,5.02909177584375e-05,7.040728486181249e-05,4.370906752213083e-05,7.040728486181249e-05
2020-08-21,-0.0009314031605301875,-0.0013039644247422625,-0.000809505283428832,-0.0013039644247422625
2020-08-24,-0.00039855747692790625,-0.0005579804676990687,-0.000346396058114673,-0.0005579804676990687
2020-08-25,0.0004199062223357813,0.0005878687112700938,0.00036495077527111294,0.0005878687112700938
2020-08-26,9.067416217015626e-05,0.00012694382703821875,7.880713364279509e-05,0.00012694382703821875
2020-08-27,-0.0006111756031248751,-0.0008556458443748251,-0.0005311876755397311,-0.0008556458443748251
2020-08-28,-0.0005116292273167813,-0.0008048296684575072,-0.0004187366036778481,-0.0007973124448910612
2020-08-31,0.00132640778810625,0.0012636464839060418,0.0013265777674402583,0.0013140159391225516
2020-09-01,-0.0009977826178754375,-0.0007708675747380854,-0.0010505393679075352,-0.000824013362817451
2020-09-02,0.0013857798263951563,0.0005937477589603785,0.0015987129670870961,0.0007080437688509094
2020-09-03,-0.0006314243900897499,0.0002554891804159624,-0.0007351742577491919,0.00044169653909315314
2020-09-04,-0.002576841852412687,-0.0008129286887368281,-0.0030657531657322674,-0.0010649646560022758
2020-09-08,0.004822390753715906,0.0032363344771961025,0.004865796840108501,0.002853176725723036
2020-09-09,-0.0009843227533848438,0.00024229190554347937,-0.0014615432308568907,-0.00014781291364370557
2020-09-10,-0.0010803643950480937,-0.0007187852791491176,-0.0011081793568602427,-0.0006647027713591855
2020-09-11,-0.0003125,-0.00012112655731047025,-0.0003642562872014189,-0.0001479846427541995
2020-09-14,-0.0038849745281142813,-0.001505835487453925,-0.004528404471945575,-0.0018397330164869018
2020-09-15,0.0030492617455343124,0.0011819090482402767,0.003554280838827668,0.0014439805122462145
2020-09-16,-0.00523996874431925,-0.002031037998124347,-0.006107812991543075,-0.002481391688548018
2020-09-17,-0.0022148702495658123,-0.0008584947463017245,-0.002581697323967113,-0.0010488537044124847
2020-09-18,-0.0019899307130265935,-0.000771307060976898,-0.002319503274608445,-0.0009423333941531199
2020-09-21,0.0003593802896666875,0.00013929759120820937,0.00041890089602354566,0.00017018484409352157
2020-09-22,-0.0005755661665676875,-0.00022309231443433175,-0.0006708915035926376,-0.00027255985133095464
2020-09-23,-0.0011848828681730312,-0.0004592665044414561,-0.001381123309853685,-0.0005611022974469033
2020-09-24,0.002155288094655031,0.0008354004061369819,0.002512247165467078,0.0010206385239036934
2020-09-25,-0.0005521450916358437,-0.00044409698584291815,-0.0005277066393514482,-0.0003788720898424862
2020-09-28,-0.0032361353221074768,-0.0012284839785208924,-0.0037851283246447096,-0.0015192801081024678
2020-09-29,0.0011649686147653438,0.0005417431600109997,0.001312482475717385,0.0005976955456521703
2020-09-30,-0.0028321804520320625,-0.0014000848365393033,-0.003148979552959069,-0.0014954437043491636
2020-10-01,-0.0072450808091252495,-0.0012036760947925834,-0.008948247569466355,-0.0021667988273258243
2020-10-02,0.0006975288510877812,-0.0005305869891965299,0.0006747232912856643,-0.0007965891843073429
2020-10-05,0.0,0.0,0.0,0.0
2020-10-06,0.0,0.0,0.0,0.0
2020-10-07,-0.00038114045640603127,-0.0005335966389684438,-0.0002972431897038292,-0.0005335966389684438
2020-10-08,0.00017620290507815625,3.0258803889871717e-05,0.00016664726810370435,2.1162993591222195e-06
2020-10-09,-0.0021312839066785,-0.0010716263863632502,-0.001920400365949254,-0.0008229803523190154
2020-10-12,0.002198410943404375,0.0015245553680255002,0.0019242712801240288,0.0013225849561290315
2020-10-13,0.0015061330770305625,0.0010522478211310439,0.0013172698550395047,0.0009148885766230056
2020-10-14,0.0043573270927793435,0.0019788760361427495,0.003954819684742494,0.0014429588936966645
2020-10-15,-0.0006539923760871876,-0.0006472854006577275,-0.0005462716738127357,-0.0006123969392233743
2020-10-16,-0.00029717897768240627,-0.0004160505687553687,-0.00023176345033584756,-0.0004160505687553687
2020-10-19,-0.003052030642697969,-0.0018862066951063042,-0.002702552160027274,-0.0015758643662855442
2020-10-20,0.0019331123046913124,0.0009936941337657056,0.001738905036915342,0.0007709907943688738
2020-10-21,0.0007469886679176563,0.0006464090902083034,0.0006364999587321613,0.00059447701054854
2020-10-22,-0.002237592091758531,-0.000894845070903092,-0.002047285141435516,-0.0006038585131725242
2020-10-23,-0.00030498782138778125,-0.00021719728600838516,-0.00026618709040161813,-0.00018991815089293359
2020-10-26,-0.0034625036239674064,-0.001883029400208981,-0.0032912083584797905,-0.0014975486627601922
2020-10-27,0.005525874646730625,0.0044671622014678895,0.00442412081137466,0.0036440111595228367
2020-10-28,-0.009456391767482626,-0.008145750031616583,-0.010810757596479838,-0.008478303906708609
2020-10-29,-0.007162224578099251,-0.006478787500140306,-0.006873022031669935,-0.0060824033046117856
2020-10-30,0.0026344328704005623,0.0023208822723391025,0.0031233768575234483,0.0024736764292786944
2020-11-02,-0.0009387529185203125,-0.0019715665359448936,0.0006426193034667353,-0.0012086381937783457
2020-11-03,-0.0001940257247919687,-0.0006616514765283442,0.00019612109412282466,-0.0004884870880529693
2020-11-04,0.006564859722807625,0.003219378990591279,0.003597505672566858,0.0013034115083944019
2020-11-05,-0.0018566231801479378,-0.0014178093082475459,-0.0022194009225160157,-0.0015204230478443824
2020-11-06,0.00017523415971071877,0.0001154044096448122,0.0002312843646910573,0.00013496809035856808
2020-11-09,0.0038144913660151875,0.0025121193545649145,0.005034590365627105,0.0029379809062925768
2020-11-10,0.0016535522569051252,0.0010889841474973,0.002182455657350766,0.0012735918087604116
2020-11-11,-0.0011241515724401561,-0.001342283601948422,-0.0012276281355875832,-0.0013771468452882826
2020-11-12,0.0013236317693884063,0.002084780551279433,0.0012309164533802026,0.0020498920898450804
2020-11-13,0.0010191399260243124,0.0014267958964340373,0.001023650060033275,0.0014267958964340373
2020-11-16,-0.001650736566743625,-0.0023110311934410746,-0.0016580417884697052,-0.0023110311934410746
2020-11-17,-0.0003125,-0.0004375,-0.0003138829473674915,-0.0004375
2020-11-18,0.0,0.0,0.0,0.0
2020-11-19,0.0003247651321955,0.0004546711850737,0.00032620235806629297,0.0004546711850737
2020-11-20,0.0014570076027615,0.0020398106438660997,0.0014634554902131932,0.0020398106438660997
2020-11-23,-0.0003125,-0.0004375,-0.0003138829473674915,-0.0004375
2020-11-24,0.0,0.0,0.0,0.0
2020-11-25,0.0,0.0,0.0,0.0
2020-11-27,-0.0008264689859010937,-0.0007476411980645236,-0.0006998409877432047,-0.0006944035395904772
2020-11-30,-0.004212224555171594,-0.0016831358245190452,-0.003854163479831734,-0.001135178027225599
2020-12-01,-0.003179428020452532,-0.002083229837307944,-0.002799385473214841,-0.0017753148169784784
2020-12-02,-0.014582960945683126,-0.007976222754576066,-0.01305307382289298,-0.006358617803735285
2020-12-03,-8.619848098828124e-05,-0.00016114046059452432,-6.17594442248696e-05,-0.00016640194683217445
2020-12-04,0.004330414602179719,0.0029061595377800654,0.003803503400180669,0.002495719516563846
2020-12-07,-0.0001568227946103125,-0.0003532120896500905,-0.00010425053295392738,-0.00037059237181471773
2020-12-08,-0.001545227562251344,-0.0008366285989732842,-0.0013842725231553068,-0.0006641146398919857
2020-12-09,-0.0035124125799815623,-0.0019017165416883289,-0.003146550283745619,-0.0015095799950060119
2020-12-10,0.00111470950593425,0.000603534311058502,0.000998598379980112,0.0004790847123119609
2020-12-11,0.000283936866294625,0.00015373120985418806,0.000254361242268949,0.00012203162454375239
2020-12-14,-0.006467790550475531,-0.003674372225976818,-0.0064185930211708465,-0.0032811471297138654
2020-12-15,-0.0057118270378048435,-0.0036967871940088637,-0.007304017311906177,-0.004210835552925814
2020-12-16,-0.0010789717906684376,-0.0007973424009208187,-0.0017381335762112855,-0.001083174534354024
2020-12-17,-0.002843562400854406,-0.0018186695866287482,-0.003557559543241633,-0.0020331631039755714
2020-12-18,-0.0067509057640497815,-0.004192526199084849,-0.007992902648620485,-0.004463154446183303
2020-12-21,0.0017572008193849373,0.0010392941233484604,0.0018923217692123325,0.0010106528977333613
2020-12-22,-0.00032557356250915656,-0.0014738635830635345,-0.0007671397961704677,-0.0019140525672425835
2020-12-23,-0.0034574120812654063,-0.002351157375890069,-0.0038244775668372383,-0.002402068598281229
2020-12-24,0.0011451566785342499,0.0005888497610705125,0.0017910150163024515,0.0008168813545966593
2020-12-28,9.922424805965623e-05,0.00037061002141918365,-9.136107857214915e-05,0.00033572155998483035
2020-12-29,0.0010416878219309375,0.0014583629507033125,0.0008123897782620343,0.0014583629507033125
2020-12-30,-0.0003125,-0.0004375,-0.00024371198391884153,-0.0004375
2020-12-31,0.0,0.0,0.0,0.0
2021-01-04,0.0,0.0,0.0,0.0
2021-01-05,0.0,0.0,0.0,0.0
2021-01-06,-0.0005197190781404166,-0.0005457135281941375,-0.0005457050320474375,-0.0005457050320474375
2021-01-07,0.0019569078741267913,0.0020547067733532776,0.002054753267833131,0.002054753267833131
2021-01-08,0.0012381125354422081,0.0013000638581593365,0.0013000181622143186,0.0013000181622143186
2021-01-11,0.0022096928995437915,0.0023201180529711317,0.002320177544520981,0.002320177544520981
2021-01-12,0.0014770283626876252,0.0015508996804133091,0.0015508797808220062,0.0015508797808220062
2021-01-13,0.00020494178508620827,0.00021517475135589194,0.00021518887434051877,0.00021518887434051877
2021-01-14,0.0010665213373889167,0.0011198231728239126,0.0011198474042583622,0.0011198474042583622
2021-01-15,-0.002255370340923625,-0.0020923656156049616,-0.002092333306831263,-0.002092333306831263
2021-01-19,-0.007666477405700459,-0.00690000384799784,-0.006899829665130414,-0.006899829665130414
2021-01-20,-0.0002377246387744167,-0.0001686002430403327,-0.0001685810974697751,-0.0001685810974697751
2021-01-21,0.0005168103479431249,0.00033517228204540917,0.0003351211561629627,0.0003351211561629627
2021-01-22,0.0006947866326963332,0.0008920741449489571,0.0008921391916552559,0.0008921391916552559
2021-01-25,0.006359178822515792,0.006290503530632088,0.006290530895146243,0.006290530895146243
2021-01-26,0.0034254668341055835,0.0030205169109130117,0.003020420150695026,0.003020420150695026
2021-01-27,0.007853324871419832,0.0070681708123319035,0.00706799238427785,0.00706799238427785
2021-01-28,-0.003929450314488166,-0.002850677914503078,-0.0028503807865569017,-0.0028503807865569017
2021-01-29,0.0003602820890545649,0.0003809624658279753,0.00038097146189087095,0.00038097146189087095
2021-02-01,-0.0020811776977860833,-0.0021550922865599654,-0.0021551571269723814,-0.0021551571269723814
2021-02-02,0.000888424711026208,0.000988007605119552,0.0009879318160497185,0.0009879318160497185
2021-02-03,-0.0027387954101360835,-0.0029728720862383113,-0.002972954296150438,-0.002972954296150438
2021-02-04,-0.001596450731512708,-0.001716132307093928,-0.0017161806678752246,-0.0017161806678752246
2021-02-05,0.0013802421705225415,0.0011017174059401438,0.001101712280495944,0.001101712280495944
2021-02-08,0.0023392547707332505,0.002788302248385708,0.0027884530853671437,0.0027884530853671437
2021-02-09,0.004885867113885875,0.004873414574036865,0.004873363441940476,0.004873363441940476
2021-02-10,0.0005153040494900834,0.0011182319718368353,0.0011183088584950057,0.0011183088584950057
2021-02-11,-0.005258284423958416,-0.004517217113014512,-0.004517004362287945,-0.004517004362287945
2021-02-12,-0.002200499435063458,-0.0022771541772780494,-0.002277095584895681,-0.002277095584895681
2021-02-16,-0.009287347564391707,-0.008708878789528677,-0.0087087302783579,-0.0087087302783579
2021-02-17,0.003513137584399,0.003386101490130442,0.0033860556351573935,0.0033860556351573935
2021-02-18,0.0013191895257479583,0.0013761449960896415,0.0013761436320723498,0.0013761436320723498
2021-02-19,-0.0059564999970113325,-0.005850262703912795,-0.005850201492496687,-0.005850201492496687
2021-02-22,0.02035437166595904,0.018641084172385365,0.018640670452144,0.018640670452144
2021-02-23,0.0033202162996715003,0.0033217772359295534,0.00332175232340955,0.00332175232340955
2021-02-24,-0.0025342828109544166,-0.0020219171135542487,-0.002021820299318994,-0.002021820299318994
2021-02-25,0.010927353019800957,0.009772375454689123,0.009772117717820864,0.009772117717820864
2021-02-26,-0.004097287291816875,-0.0036876516532700905,-0.003687558562635188,-0.003687558562635188
2021-03-01,-0.00041666666666666664,-0.0003750094666938831,-0.000375,-0.000375
2021-03-02,0.0,0.0,0.0,0.0
2021-03-03,0.0,0.0,0.0,0.0
2021-03-04,0.0,0.0,0.0,0.0
2021-03-05,0.0,0.0,0.0,0.0
2021-03-08,-0.016259725651384498,-0.015064147619654383,-0.015063843342150225,-0.015063843342150225
2021-03-09,0.0020738011793670834,0.001615169375873562,0.0016150740108541069,0.0016150740108541069
2021-03-10,0.0005971585276876249,0.0004359609580372489,0.00043586676430163156,0.00043586676430163156
2021-03-11,0.02274439744902075,0.020294480800074073,0.02029399196977774,0.02029399196977774
2021-03-12,0.0006507136493720616,0.0007654494590840638,0.0007655307083123874,0.0007655307083123874
2021-03-15,-0.013077476390007056,-0.01452971795839167,-0.014529990069174561,-0.014529990069174561
2021-03-16,-0.0004933976564192549,-0.0009868014771275077,-0.0009869301224164624,-0.0009869301224164624
2021-03-17,0.0035680374759966362,0.0038608175901334646,0.003860865434081319,0.003860865434081319
2021-03-18,-0.017422767274494187,-0.018465332213078247,-0.018465503688774445,-0.018465503688774445
2021-03-19,0.0046336547520905115,0.004574963626361969,0.004575007880440827,0.004575007880440827
2021-03-22,0.00543634291419841,0.006032374970469842,0.006032619702358553,0.006032619702358553
2021-03-23,-0.003235600031218856,-0.0031284405666105273,-0.003128382843358398,-0.003128382843358398
2021-03-24,-0.00033183614571317954,-0.00031694818315559714,-0.0003169521770370908,-0.0003169521770370908
2021-03-25,-0.00739468458258045,-0.007087851150278996,-0.0070877662592151855,-0.0070877662592151855
2021-03-26,-0.0065422151607385515,-0.006712238758334691,-0.006712237236986212,-0.006712237236986212
2021-03-29,-0.004803860268934726,-0.004853802525828883,-0.004853789597385818,-0.004853789597385818
2021-03-30,0.005432159534532003,0.005841610885355739,0.005841654514799829,0.005841654514799829
2021-03-31,0.0040780567990686125,0.00392904493904435,0.0039290028288402465,0.0039290028288402465
2021-04-01,0.001286510881252247,0.0016426833628032105,0.0016427365789731443,0.0016427365789731443
2021-04-05,-0.00509849871100071,-0.00492830036105108,-0.004928250510478711,-0.004928250510478711
2021-04-06,-0.0005889392681609891,-0.0005638407909452171,-0.0005638341575606798,-0.0005638341575606798
2021-04-07,0.0,0.0,0.0,0.0
2021-04-08,0.0,0.0,0.0,0.0
2021-04-09,0.0,0.0,0.0,0.0
2021-04-12,0.0,0.0,0.0,0.0
2021-04-13,0.0,0.0,0.0,0.0
2021-04-14,0.0,0.0,0.0,0.0
2021-04-15,0.0,0.0,0.0,0.0
2021-04-16,0.0,0.0,0.0,0.0
2021-04-19,0.0,0.0,0.0,0.0
2021-04-20,0.0,0.0,0.0,0.0
2021-04-21,-0.000456907654091,-0.00040975036359738935,-0.0006396707157273999,-0.0005843120153973804
2021-04-22,0.0005425996950789063,0.00048659815688299675,0.0007596395731104687,0.0006938984684253397
2021-04-23,0.00011078803070453125,9.93536340592343e-05,0.00015510324298634377,0.00014168022120719084
2021-04-26,0.00547651152832325,0.004990417553644411,0.005825251200043451,0.005376174303277623
2021-04-27,-0.0007359156759960625,-0.0006692001258784672,-0.0008152661781873612,-0.0007511380091845842
2021-04-28,0.0012428926194150624,0.0011096457755657625,0.0018556867238092958,0.0016916344747942725
2021-04-29,-0.0011607045680525313,-0.0010409086267877507,-0.0016249863952735434,-0.0014843560167294638
2021-04-30,0.0008030988863054062,0.0007202113112396219,0.0011243384408275686,0.0010270353858572992
2021-05-03,0.00027960055432221873,0.0002507430719747652,0.0003914407760511062,0.0003575645142720722
2021-05-04,-0.0003125,-0.00028024697655575217,-0.0004375,-0.0003996376580185596
2021-05-05,-0.002025992917673656,-0.0018168908470445088,-0.002836390084743118,-0.002590921807300123
2021-05-06,-0.0003125,-0.00028024697655575217,-0.0004375,-0.0003996376580185596
2021-05-07,0.00045905833039574997,0.00041167906929964943,0.0006426816625540499,0.0005870623873704566
2021-05-10,0.003253266814187594,0.0033875693041541827,0.0038165750026599196,0.003907774976714217
2021-05-11,0.0009180322189924062,0.0006458363112115567,0.00195564027413792,0.001640724017911479
2021-05-12,-0.004241486887073258,-0.004707822326828864,-0.0034082679197499303,-0.003885892586184242
2021-05-13,0.0019053912105791249,0.001764556074463676,0.0028801266490575566,0.002691222313955781
2021-05-14,-0.0002355000856564687,-0.00021301840163899557,-0.000601678749944788,-0.0005606709191506762
2021-05-17,-0.002628382092720312,-0.0027210607272183896,-0.0018630965259416735,-0.001985490698753191
2021-05-18,0.0050338227109419376,0.005795896135274715,0.005593530512498399,0.006277777648288999
2021-05-19,-0.005746077272708219,-0.004962289186437754,-0.007052967267741693,-0.006227276782486643
2021-05-20,-0.0008637321099675,-0.0010035310435817996,-0.0009855347704070044,-0.0011101865755687955
2021-05-21,-0.0016688180830508699,-0.0015960987622751074,-0.00217940725955581,-0.002080007019982761
2021-05-24,-0.0013099766353371562,-0.0012934688527728303,-0.0007332886946499706,-0.0007448950672675858
2021-05-25,0.0011081053348203124,0.0011433156627612589,0.00016428403026261926,0.00024466512207246013
2021-05-26,-0.0007077235228239687,-0.0007484267681339764,-3.1594512867920356e-06,-7.452073496794814e-05
2021-05-27,-0.0006678784844165625,-0.0006744241511025483,-0.00027269120754045144,-0.0002966567412619102
2021-05-28,-0.001103063157903,-0.001015077584660298,-0.001234907007449059,-0.0011447050539695061
2021-06-01,-0.000293593762509125,-0.00025743511955424246,-0.00046534376138494707,-0.00042136760287324137
2021-06-02,-0.004191964142210938,-0.004030387933742178,-0.003355014512753037,-0.0032361015882003503
2021-06-03,2.8562052889875045e-05,6.964409931216864e-05,-0.00036831179036664113,-0.0003085909303864748
2021-06-04,-0.0013005031694836874,-0.0012441027171883681,-0.0010990257734569367,-0.0010531323010121154
2021-06-07,0.0026235182678931565,0.0025593978048519877,0.0017565985666355478,0.0017352729088509437
2021-06-08,-0.001920186429673,-0.0017721798378261256,-0.001865091980925289,-0.0017370321914349398
2021-06-09,-0.0015524181422774375,-0.0013754813781845967,-0.002562361207486012,-0.002328981261200327
2021-06-10,0.0010052205202205,0.0009117331112072132,0.001168482510828686,0.001074497833005218
2021-06-11,-3.5654868189093765e-05,-3.6943241343094254e-05,6.572024116347717e-05,5.6576159237029604e-05
2021-06-14,0.0013197519449220938,0.001246459088964866,0.0012641981206289166,0.0011945832487836507
2021-06-15,-0.0013542428866188437,-0.0012699410129781898,-0.0013815635938048188,-0.0012970804452292622
2021-06-16,-0.0007845999536458125,-0.0007962682111669393,-0.00023930908593254992,-0.0002771919711888082
2021-06-17,-0.006152202491800436,-0.006162044683068975,-0.005954689711508818,-0.0059610722988708694
2021-06-18,-0.00121461775062925,-0.0018069364042332526,-0.0005816744277865877,-0.0011637322421916417
2021-06-21,-0.0011114561280172815,-0.0011107614779388316,-0.001110022039900093,-0.0011097359896983135
2021-06-22,-0.0028905056184763125,-0.00301497774797009,-0.002317463505941728,-0.002458275752463915
2021-06-23,-0.0034675963217623744,-0.0037070182688075225,-0.002640464607198796,-0.0029081070492548346
2021-06-24,0.0016898777832040626,0.0021585180571928753,-0.0001070637824007056,0.0004158766359923358
2021-06-25,-0.0009974501206561565,-0.0005750887954355808,-0.0008283160962742171,-0.0004284854229329989
2021-06-28,-0.0015159743145807128,-0.0017508465629040846,-0.0014056568459684617,-0.001634095051005256
2021-06-29,-0.0031403182829842185,-0.0034583143502390367,-0.0028443139167531875,-0.003155253569776695
2021-06-30,-0.0033088319709124064,-0.0030305658314172365,-0.004811872765759895,-0.0044617065472252
2021-07-01,-1.076380050456249e-05,-0.00011654055095917663,0.0009761223493719208,0.0008240463589056867
2021-07-02,0.00043076254594096865,0.0005078889602461948,-0.0005244179868524727,-0.000402138286722152
2021-07-06,-0.0014617823450670002,-0.0014738295267104852,-0.0005357296341851044,-0.0005924014687015626
2021-07-07,0.0,0.0,0.0,0.0
2021-07-08,0.0003877174158469376,0.0005478870126321453,-0.0007875518104797128,-0.0008063349588808275
2021-07-09,0.0016965514799041563,0.001674579088244243,0.002150175864531558,0.002283587316376715
2021-07-12,-0.0004860896909593125,-0.0004902340251368557,-0.0005352338835403282,-0.0005703445363846251
2021-07-13,0.001661125799867875,0.001697174913464748,0.0016596177222701124,0.0017730740095716466
2021-07-14,0.0025038888525265937,0.0028761305060623268,4.03541890549418e-05,0.00011654994395881115
2021-07-15,3.547287257953127e-05,-6.36097401995623e-05,0.0008085153860316044,0.0008407215003010836
2021-07-16,-0.0004081990909325313,-0.00044811629789743,-0.00016736726148988652,-0.00018598365140092975
2021-07-19,0.00015936565047003126,0.00016072438019471626,0.00017547768979767382,0.0001869888000578319
2021-07-20,0.0026767340888546242,0.003048095061680566,0.0002489019365359765,0.00033828467792020283
2021-07-21,0.0022088203292949375,0.0024792574383174855,0.003217038848897998,0.0034561516049616773
2021-07-22,-0.0023155856930289686,-0.0025998663847745457,-0.0030114693842608832,-0.0032418199702405563
2021-07-23,0.0015820638149804376,0.0017762912180354187,0.002057508282722387,0.002214889340972613
2021-07-26,0.00038158206396281247,0.00042842827372633783,0.000496255745000715,0.0005342148895479375
2021-07-27,0.0009190724630558125,0.0007598015443475607,0.0012666591863342103,0.0011366071684531982
2021-07-28,-0.0016124658614270937,-0.0008411014709388707,-0.002351345643563938,-0.001722766775591967
2021-07-29,-0.0013312936423915938,-0.0002785769530865882,-0.002050430922756508,-0.0011929708736222377
2021-07-30,0.0011784433794714375,0.0009730134393627053,0.0016244401254519843,0.0014567002880541947
2021-08-02,-0.001710111071494031,-0.0014777551806798603,-0.0023400732895572417,-0.002150178089507582
2021-08-03,-0.0012413704156150312,-0.0005915157806675433,-0.0018248981210879968,-0.0012953892268264188
2021-08-04,0.006561761112783688,0.0070382133649388124,0.008620057222503613,0.009004918381874064
2021-08-05,-0.004133533677699249,-0.0048938368121576314,-0.005309419515456179,-0.005926413061358021
2021-08-06,-0.0035402239759970626,-0.002807829725716175,-0.004861047565309716,-0.004277437995275138
2021-08-09,0.0005756786961766251,0.0005129985611615097,0.0007101306995708135,0.0006799280923044931
2021-08-10,-0.0006069244486621465,-0.00044581692179442646,-0.0008558776077845779,-0.0007231109551897063
2021-08-11,-0.0011108148740532815,-0.0018457231256613239,0.0010437970484032902,0.0004910133145168466
2021-08-12,-0.004222819909729219,-0.004606939142147766,-0.001120523612231015,-0.0011501614318370536
2021-08-13,-0.0008515157938355307,-0.0011932232679519182,0.002601859655660361,0.002523134535746337
2021-08-16,0.004335468941289063,0.004075842604973551,0.005799481168390256,0.005631826354602292
2021-08-17,0.0023933504992177503,0.0023156725273795337,0.0014159543733582784,0.0012616037483581123
2021-08-18,-0.0005943997251759688,-0.0006452907070119627,-0.0005058479464102954,-0.0005066016654067634
2021-08-19,0.0001453733874206562,0.0004930512035256915,0.0001742162512835691,0.0004366003925336436
2021-08-20,-0.0020238463560169687,-0.0016722715663351887,-0.0027894742328232903,-0.0025023994834966756
2021-08-23,0.004376590858090093,0.004660158412808721,0.005758418922452177,0.005987262930241258
2021-08-24,-0.0020971227840905935,-0.0016778778456297883,-0.002904884921185494,-0.002562696929345772
2021-08-25,-0.004570767432468719,-0.005058945196645974,-0.005963524999256831,-0.006358824831810263
2021-08-26,0.019114558599564558,0.015674796789746256,0.027699435587312637,0.024967812116972885
2021-08-27,-0.002613302509649344,-0.00308547429832012,-0.0027671647245412125,-0.00311596301250297
2021-08-30,-0.000605055578358625,-0.001114457007023411,0.002234502687156072,0.0019889096435668
2021-08-31,-0.005044095837424657,-0.0064051027774600314,-0.004875209695910803,-0.005894236154791022
2021-09-01,-0.0003969001937540934,-0.0016487263625694461,0.0014044355382806803,0.0005000591152574661
2021-09-02,0.011882978669174999,0.010230242642933311,0.014633327743085256,0.013193735336973753
2021-09-03,-0.0009862692625048125,-0.0009554833489013889,-0.0020501697399488497,-0.0021923137916947735
2021-09-07,-0.00029334538802796895,-6.711743892443247e-05,0.00018403712385570706,0.0003051484370321493
2021-09-08,0.002262112399591719,0.002621938727232582,0.002477556343282619,0.002896330098384188
2021-09-09,0.0020330913906919067,0.0032881650978719965,0.003507253231477058,0.004204940329184007
2021-09-10,-0.0006841092092825939,-1.7068091932421914e-05,-0.0010150435553087042,-0.0004923399905444109
2021-09-13,0.004389668024448907,0.0047504257979402486,0.005755596662266979,0.006047263998169185
2021-09-14,-0.006585873056827031,-0.005494868258653824,-0.008197279486016569,-0.007554514321283109
2021-09-15,0.0038812276672755,0.0030131450386451934,0.0054720501105252235,0.004743183765161754
2021-09-16,-0.0002882370498422187,-0.0010820528123772948,5.2543869258950656e-05,-0.0006589204811326728
2021-09-17,-0.002286576951318,-0.0028193794041891347,-0.0025677755722791303,-0.003097816011691295
2021-09-20,-0.004866699822951437,-0.004835057252274938,-0.0059602620327019575,-0.006085366366554309
2021-09-21,-0.001287032026353125,-0.0012108370052527821,-0.001618086768941378,-0.0015890681067538273
2021-09-22,0.0016363754069391562,0.0016136631472539143,0.0018431772514493577,0.001922434021929785
2021-09-23,0.0027998144739651877,0.0028334048217814245,0.0030719135951720734,0.0032844693916867303
2021-09-24,0.0023218708278409687,0.0019769896591408233,0.0029680278467937417,0.0027484212520346254
2021-09-27,0.0021493062875128435,0.001579606995690418,0.003029987368683285,0.002560703491972023
2021-09-28,-0.001138486253721469,-0.0015647653997191689,-0.0007836288145880369,-0.001308297057754346
2021-09-29,0.00060608120197475,0.0007154702126781384,0.000549778194582732,0.0007042479229421835
2021-09-30,-0.0034083516054245937,-0.003467680640188716,-0.0037187904113595988,-0.003997127541614982
2021-10-01,0.0021428987734066563,0.002640852088943914,0.0018183897063816308,0.0024826362393923313
2021-10-04,-0.0005451079304398751,5.456707123286883e-05,-0.0012819901456147553,-0.0006795233308989112
2021-10-05,0.0,0.0,0.0,0.0
2021-10-06,-0.002091296036509125,-0.002283956015497283,-0.0017959034959741625,-0.0020153672598162624
2021-10-07,-7.8692248803375e-05,-8.59417470744549e-05,-6.757708247176375e-05,-7.583516588324267e-05
2021-10-08,-0.00184731933982575,-0.002017503043606558,-0.0015863881548360936,-0.0017802486357334823
2021-10-11,-0.0033643418002619373,-0.0038864653428083134,-0.0030026539331600233,-0.003556999434695226
2021-10-12,0.0003067449480183438,0.00016712214842956873,0.00017359962237911068,4.653106173002503e-05
2021-10-13,0.0009842163146133436,0.0013512640494928803,0.0009930612485990144,0.0013585282221435728
2021-10-14,-0.0014265642197893436,-0.0017260096700016268,-0.0013149581556934878,-0.0016240575967218205
2021-10-15,-0.005739513242368157,-0.005391544403929674,-0.0048875129314999485,-0.00474334435499223
2021-10-18,0.0023250493614374373,0.002944319413983541,0.002176348409016054,0.0027972403334062044
2021-10-19,-0.0017158431378902818,-0.00300519269517764,-0.0019302789910371151,-0.003153944827618102
2021-10-20,-0.004096582563834156,-0.0038371817180809006,-0.0038846091214808187,-0.0037072443686030996
2021-10-21,0.0012703111215294687,0.0016690903785720088,0.0007150804086980286,0.0012511925203528844
2021-10-22,-0.001661559343466125,-0.001726237044834721,-0.0017241617459395012,-0.0017839884552852694
2021-10-25,0.0010623634650292187,0.0009989282194676396,-3.2429443685990885e-05,0.0001764838708900109
2021-10-26,-0.003026816441994125,-0.00200340167126701,-0.0031963479961690565,-0.0021657543876799565
2021-10-27,0.015265979849053531,0.013125835121846667,0.017629597463286045,0.01502004054478322
2021-10-28,-0.0015312800384524685,-0.000855666762455692,-0.0014520444295486137,-0.0008829628488113254
2021-10-29,-0.0037553507866374997,-0.0036555144900489497,-0.0032978365149296906,-0.003331065513812065
2021-11-01,0.008420789562483998,0.007721040274136516,0.007019781921572483,0.006618849057780931
2021-11-02,-0.0037701904568755,-0.0029334438408393443,-0.0029349543890223356,-0.0022732389888548148
2021-11-03,0.0032229802955511563,0.004068550943743919,0.0029216210292146117,0.0037525012168765598
2021-11-04,0.004533325739732844,0.0047076155121125,0.004100402673391682,0.00441254220571368
2021-11-05,-0.0015955554914654688,-0.0016917718848407765,-0.0014035374848913827,-0.0015348665098121328
2021-11-08,-0.006192042752538438,-0.005214944939776268,-0.005145884720035213,-0.004458389764588362
2021-11-09,0.0017813306921944062,0.0013608075011755766,0.0014649156912651716,0.001146648017968299
2021-11-10,0.0016628896185992498,0.0013517800412710809,0.0013765419888930389,0.0011498231617470718
2021-11-11,-0.00046778051473193746,-0.0003802635824035032,-0.00038722926219054884,-0.00032345193838291227
2021-11-12,0.00034336006766434377,0.00027912092375026454,0.00028423386926142743,0.0002374200633666054
2021-11-15,-0.002362291875143906,-0.003095460494231778,-0.00234145142430141,-0.0030857901582310846
2021-11-16,-0.006450938516326688,-0.008942305255959094,-0.006554704310881148,-0.009031313922857363
2021-11-17,-0.0003125,-0.00043318819198395525,-0.0003175266811125543,-0.0004375
2021-11-18,0.000626268611443,0.0008681349359593451,0.0006363423797646837,0.0008767760560202
2021-11-19,0.0005694369928851872,-0.0007064257831340063,8.734279451163803e-05,-0.001051443221066744
2021-11-22,0.002632341890235687,0.0032287539861714253,0.0025366779740367803,0.003165942759417134
2021-11-23,0.002808504308284062,0.0023476748213263877,0.0023461037417730063,0.00202182679353097
2021-11-24,-0.00610163548547929,-0.004866279872434286,-0.005549130907484762,-0.0045043512053771426
2021-11-26,-0.006198749939470874,-0.005802158257658444,-0.005458595290681023,-0.005287480336063015
2021-11-29,-0.0035841041775343434,-0.005759753419473318,-0.00382908499230285,-0.005940849968621218
2021-11-30,-0.002943348247907875,-0.0018069392084565628,-0.003267597730207983,-0.00208757667224698
2021-12-01,-0.003762669419263594,-0.004507706976173822,-0.003944668213572185,-0.0046611053088924876
2021-12-02,0.001443932191208469,0.0003055177204070551,0.0013328072316114077,0.00024591725497280926
2021-12-03,0.002405195902420219,0.0032896549561619638,0.001841587893371415,0.0028665902811502147
2021-12-06,0.004594176617606281,0.004164404057923935,0.004957625310669749,0.004476498843194942
2021-12-07,-0.0022462347112980935,-0.0032939280448509986,-0.002480038245908804,-0.0034724760647727015
2021-12-08,0.0020302557389712188,0.0018887710291425463,0.0025242249410605054,0.0022788992074108793
2021-12-09,0.001743600928783406,0.0038994449977184232,0.001305914841603615,0.003550685999667029
2021-12-10,-0.004684942020502031,-0.006223072757516917,-0.0051329624900863634,-0.006573954199176873
2021-12-13,0.001289645960556656,0.0035392543076048174,0.00041815386917687174,0.002857180932238741
2021-12-14,0.0036704735307496565,0.005723074788958537,0.0028742613993519655,0.00511663610577578
2021-12-15,-0.0036343362932297497,-0.005541521824527504,-0.0038471074671577715,-0.005634422747695729
2021-12-16,-0.002832792974773563,-0.0023186009877101056,-0.004076735945838188,-0.00326843147890183
2021-12-17,-0.006824323785277844,-0.00632749384426287,-0.007038620870647,-0.006440437153337037
2021-12-20,-0.0034294455575401258,-0.003786002325451965,-0.0028985671069719572,-0.0033069294957596453
2021-12-21,0.003573534216781844,0.003496960543415711,0.0035330422081422293,0.003423840599968196
2021-12-22,-0.0021105548387357186,-0.0019137420195594291,-0.0022600741180833343,-0.002014692363359011
2021-12-23,-0.0024900709424278125,-0.0026325575127922976,-0.0022377876544828644,-0.002395391141507903
2021-12-27,0.0013991815460343746,0.0012880185332386394,0.001445116302610644,0.001313641876559639
2021-12-28,-7.887413346965624e-05,4.758289620750001e-06,2.900962995632966e-05,7.655238991204472e-05
2021-12-29,-0.0012827728834642186,-0.0012502729189285285,-0.0005294405497712016,-0.0006795242142917055
2021-12-30,0.0005141438463088125,0.00037738031363891754,0.000608534716606353,0.00045422112988976375
2021-12-31,-0.0005761114828596563,-0.00043578086794454304,-0.000623643519732423,-0.00047754145283210656
2022-01-03,0.0024950990362466565,0.0020282916198815825,0.0020654459270322764,0.0017252634394012666
2022-01-04,0.0,0.0,0.0,0.0
2022-01-05,-0.0005654786854740625,-0.0004876961729496481,-0.0005273832780865071,-0.00046052526614370607
2022-01-06,0.00024372647568965622,0.0002102015027157074,0.0002273070073329547,0.00019849059383935842
2022-01-07,0.0015164686266017188,0.0013078759015856668,0.0014143065264114918,0.0012350105066804857
2022-01-10,0.008071168934679313,0.007260395449058784,0.009060325684891403,0.008279703378892432
2022-01-11,0.0015799295809262814,0.0014918050481430717,0.002134906096991069,0.0020230345521115327
2022-01-12,0.003374420074910375,0.003029149013362478,0.0037557161127929955,0.0034256972095916024
2022-01-13,0.0005822813432134372,0.00035541382902900946,-0.00020834076513623952,-0.00036230642026630533
2022-01-14,0.007198180856047156,0.005313432417809931,0.008105407126450777,0.006363016069232011
2022-01-18,-0.0068940670927968755,-0.005996361456819011,-0.008578990283377552,-0.007675314236371644
2022-01-19,-0.0021716387819862818,-0.0005851425616622464,-0.00405615794432736,-0.0025146841534700332
2022-01-20,-0.007699571683617687,-0.006456402523734913,-0.009612481712289385,-0.00838493987022769
2022-01-21,0.0032115468330250305,0.002821122929189551,0.00411411809156513,0.0037107768370776488
2022-01-24,0.0009193857547364374,0.0007757607700570024,0.0007695890200745243,0.0006509346170644581
2022-01-25,-0.014013592237423532,-0.012085999842308527,-0.013069518625170256,-0.011412655261017545
2022-01-26,-0.0008581404377848748,-0.00033719188774381306,0.0012475237705616132,0.0015974579060936225
2022-01-27,-0.00452969090056375,-0.004214404666774089,-0.005738900689861556,-0.005443123667556738
2022-01-28,-0.007994882750888969,-0.011412059855111109,-0.005238028180778785,-0.008492970616996122
2022-01-31,0.0024462635314136875,0.0020712066846718872,0.0029401615898184685,0.002575165156108372
2022-02-01,0.004464631684263812,0.005411670270152445,0.004776201884508156,0.005614023488423291
2022-02-02,0.009738596382818064,0.009366995846320903,0.011945196709001201,0.011485669255802623
2022-02-03,-0.021472504676149286,-0.02093677824501434,-0.024354442199944697,-0.024219488512815527
2022-02-04,-0.007693427926413983,-0.008130428713688426,-0.008265686531455206,-0.008679755056763208
2022-02-07,-0.0022356283106172345,-0.00195832901751467,-0.002496281016071658,-0.002274247617480424
2022-02-08,-0.006998463216606788,-0.008517742832151263,-0.0059706828690200015,-0.007300882218312958
2022-02-09,-1.4486977305217471e-05,5.9982426658026864e-05,-1.8931775426259575e-05,4.3848176485310406e-05
2022-02-10,8.345796185357682e-05,0.00018595840575562518,6.323082418849614e-05,0.00015056487841302147
2022-02-11,0.0012219532228438426,0.00037846287530468755,0.0011277671707541884,0.0004267815967010861
2022-02-14,-0.003559691191815929,-0.0031467250006896375,-0.003897335704657459,-0.0035680318022853637
2022-02-15,0.0019871208929743895,0.0025848249678642036,0.002524211563178477,0.0030318863110165204
2022-02-16,0.002888169842407515,0.0032594386766571365,0.003039157833362475,0.0033680613632163458
2022-02-17,-0.006337339251854991,-0.008142888054162996,-0.005860983035030531,-0.00743008046636289
2022-02-18,0.0038889766665223683,0.004158060260480818,0.004109877889742578,0.004358449573964193
2022-02-22,0.003750215449466292,0.005428569371985965,0.003050986932891335,0.004509479731844892
2022-02-23,0.0004565258108807187,0.001043717316381336,0.00011327695101496272,0.0006176690225452422
2022-02-24,0.003188874007113546,0.0028250146666056867,0.003620286731793437,0.003332136119457582
2022-02-25,0.0007247577612924201,0.0006741832619433925,0.0008017210816735013,0.0007638271257465786
2022-02-28,-0.00029365299258900647,-0.0002731431878522055,-0.0003248095595263542,-0.00030944446879430175
2022-03-01,0.0,0.0,0.0,0.0
2022-03-02,0.0034772507501409796,0.004841681153904024,0.002761449860113818,0.003954699316808864
2022-03-03,0.00016448356890850347,0.0002282479377130251,0.0001308246204056377,0.0001869112938872154
2022-03-04,-0.00186873270876999,-0.0025928450815776833,-0.0014862095508328729,-0.0021232140769606228
2022-03-07,0.011130493860831132,0.013758604147237783,0.009897956586262772,0.012260161204441997
2022-03-08,-0.0002841140695084414,-0.00039090868244005963,-0.0002245854861416063,-0.00032096754650343606
2022-03-09,-0.0037275236872017833,-0.0033501570928239277,-0.004109970766669765,-0.0038184453360928816
2022-03-10,-0.0005843297816867832,-5.7728072345626275e-05,-0.0009489449441546616,-0.0004951939913705834
2022-03-11,0.003119296689531434,0.003284627656034948,0.0031223599288971618,0.0032993019561603706
2022-03-14,0.000837161750457778,0.0012875340473625296,0.001068323752151245,0.0014481922913728293
2022-03-15,-0.011706648957279464,-0.01119834971408102,-0.01100257103037914,-0.010745732859784831
2022-03-16,0.005361462431511207,0.004467224031039184,0.004664918425368493,0.003997743715161025
2022-03-17,0.0008470755117348085,0.0010271534859376558,0.00027033393840685704,0.00045828176529137394
2022-03-18,-0.0022532036634976813,-0.0005611496018553062,-0.002164807692787072,-0.0007690243367589027
2022-03-21,-0.0020734464745036704,-0.0015242222435393484,-0.0018296222477696446,-0.0014020900424910811
2022-03-22,0.0031346833476419323,0.003811319024571399,0.002578423904292095,0.003217077411957396
2022-03-23,0.0033677630532008675,0.0027883773328102202,0.003341531428017714,0.002893940916209681
2022-03-24,-0.008124791502326046,-0.006951852496952404,-0.0077838424095675795,-0.006897093212820396
2022-03-25,-0.0016973231062268623,-0.0015047811396295587,-0.0017218602410547436,-0.001577901264736181
2022-03-28,-0.0030441189055427334,-0.002666693444323621,-0.002951475112344738,-0.0026733499614507343
2022-03-29,-0.003618423723006421,-0.003274312384332964,-0.004125865005863874,-0.003845656534112462
2022-03-30,0.0007186994139345326,0.000679540376298,0.0008645228274039436,0.0008334637066346651
2022-03-31,0.006656940998226981,0.00578736250348628,0.006746387210728154,0.006070500175009305
2022-04-01,0.002109551037573018,0.0017632102057731213,0.0019849434588125555,0.0017133935335667506
2022-04-04,-0.0011256734234784415,-0.0009677051539240665,-0.0011207498532704813,-0.000996837825131029
2022-04-05,0.0,0.0,0.0,0.0
2022-04-06,0.0,0.0,0.0,0.0
2022-04-07,0.0017531210657826144,0.002052824568189312,0.002320082183911046,0.0024569979235069764
2022-04-08,6.275479177277808e-05,7.350594741820182e-05,8.309231287511497e-05,8.801161009272433e-05
2022-04-11,-0.0023324075206255243,-0.0012993224576154005,-0.0005782217603583243,0.00015279077919473272
2022-04-12,-0.0024212148830574077,-0.00354476081217238,-0.003998391604379853,-0.004729506104399398
2022-04-13,0.006894287007991257,0.006411497729526525,0.005405390276736504,0.005038603133514137
2022-04-14,-0.0022165016686155822,9.445152674012641e-07,0.001305472897994519,0.0028505264712738176
2022-04-18,0.013150979840326949,0.012999794563293832,0.012527062034526764,0.012101692768196235
2022-04-19,0.0011169422842072197,-0.0007159039477170542,-0.00261052675959472,-0.0037324552471181592
2022-04-20,0.0018149309465878207,0.001980571286128536,0.0019146068456440933,0.0020008823751596185
2022-04-21,-0.005734711920259166,-0.005541956622774303,-0.005026874565461216,-0.004799909843322746
2022-04-22,-0.005478076303473064,-0.005676871325670367,-0.005046467041689414,-0.005342941012326921
2022-04-25,-0.004263353548513751,-0.004445237124938109,-0.005275694576757944,-0.004959145859849517
2022-04-26,-0.013864505293886484,-0.012410575573844252,-0.01070921172953893,-0.009631118076900202
2022-04-27,-0.0015103046306465695,-0.001526842022352692,-0.0010637570126388175,-0.0010364046788515205
2022-04-28,0.016575789483557684,0.015890518803854458,0.014451317918434754,0.013268556919213366
2022-04-29,-0.021330466241438372,-0.021906862324371855,-0.021478701023803802,-0.021337278334493993
2022-05-02,0.007073664658054248,0.005700961467703059,0.005180783099193348,0.0037876918858401926
2022-05-03,0.0035997881199487545,0.004078302667905849,0.004430657732538703,0.004676300423229843
2022-05-04,0.011286790266562487,0.01158537647869922,0.011110271853719857,0.011292685085738073
2022-05-05,-0.015941494028391078,-0.016314157409438753,-0.016071514804964715,-0.016041584310518015
2022-05-06,-0.006243491613082506,-0.007146372422148496,-0.007509466263360703,-0.008124973578758868
2022-05-09,-0.005623199299564001,-0.0070276981381492765,-0.007477854967647766,-0.008661637437755474
2022-05-10,0.00792137734310304,0.00706508592663355,0.006642809030550836,0.005657300831330587
2022-05-11,-0.00935241899645758,-0.009185094518399616,-0.009040961921760238,-0.008617920057022057
2022-05-12,0.0024043732079776963,0.0021379275739570047,0.0020347038291138064,0.0017052856864613677
2022-05-13,0.005369861388261106,0.004454384789028985,0.00391240087523616,0.0030212109784944334
2022-05-16,-0.0017233512122076897,-0.001436231256481145,-0.001265939675398915,-0.0009824345503840059
2022-05-17,0.006882306215901107,0.005428833375597896,0.00449927005944908,0.003177303892432023
2022-05-18,-0.009336613210454479,-0.00785000754811519,-0.006963118380954709,-0.005449274420353483
2022-05-19,-0.005988300684247473,-0.005072720082056909,-0.0045168434625632425,-0.0035545914717619344
2022-05-20,-0.00498727765798386,-0.00539882730261507,-0.005896942659626566,-0.00585328611887952
2022-05-23,-0.0014775841755912018,-0.0009090824570863898,-0.00048791396676143146,-2.7698495754283136e-05
2022-05-24,-0.0019627808706200174,-0.0017575652399032065,-0.0016495571482589262,-0.0013940175664255996
2022-05-25,0.003955586722550279,0.0040679326925281405,0.00433764478292397,0.0043304935757856365
2022-05-26,0.0044353859715906855,0.003401985157770629,0.002680041586906825,0.0017077095916562834
2022-05-27,0.00722029966226733,0.005685860160569436,0.004599768151728435,0.0029837996523119177
2022-05-31,-0.0006777584931478235,-0.0004035665385639941,-0.00018169592720721484,8.536444492616018e-05
2022-06-01,-0.0033625540703372224,-0.002920993796477233,-0.0026319691867725927,-0.0020339246358442894
2022-06-02,0.002961754111503436,0.0029744588397594344,0.003105945703599422,0.002994696340774885
2022-06-03,-0.003965810943832786,-0.0031598233376870025,-0.0025846705455833314,-0.0017108082155993156
2022-06-06,-0.0029567135498466553,-0.0026724696238737944,-0.0025338801762239066,-0.0021679976875701576
2022-06-07,-0.0016805073859683644,-0.0019391554045780693,-0.0022434565013517236,-0.0023981809932125844
2022-06-08,-0.0040847660591211195,-0.004471568228971272,-0.004956065006244152,-0.0050168108689262305
2022-06-09,0.0009994481439541156,0.0010862576111270526,0.0011958723184162631,0.0012030842234295376
2022-06-10,0.0021290493646513153,0.0023159259813443954,0.0025510909874161786,0.002568876219758049
2022-06-13,-0.00485709022127475,-0.003764796462456817,-0.002979380473820295,-0.0018925541506511507
2022-06-14,0.0012823391854090256,0.0012220413385720824,0.001212281486635536,0.0010942560431237266
2022-06-15,0.0036171618535926443,0.0034244555185786825,0.0033777954298698227,0.0030280245186744986
2022-06-16,-0.00527479077042713,-0.0038566926438702315,-0.002804432999447052,-0.0014577747974368672
2022-06-17,0.002229383449803974,0.002479774541035426,0.002769976767914219,0.002825013395733458
2022-06-21,0.0030267699237486894,0.002480968539810826,0.002104494255859327,0.0015216063492424765
2022-06-22,0.00016727129316368309,0.0006698274596304401,0.0011128905484309335,0.0014762409775111213
2022-06-23,0.00030021849135452325,0.0004340743516055303,0.0005602631397255758,0.0006411544401451987
2022-06-24,0.0041521512772208355,0.0033878131970553195,0.0028592116585583727,0.002048441467207491
2022-06-27,-0.0012396644667635633,-0.0011251732235770993,-0.0010674052892740442,-0.000909296821322391
2022-06-28,-0.0038683048729044587,-0.00365890399494961,-0.003606630144061117,-0.0032208115173861106
2022-06-29,-0.002066294142314718,-0.0016537735156888615,-0.0013646429439656295,-0.0009393173932808487
2022-06-30,0.0016503218027017707,0.002018676937268449,0.002392897261915779,0.0025636606686058163
2022-07-01,-0.00308707018109534,-0.0024901132499310385,-0.002076444034407546,-0.0014576419927143207
2022-07-05,0.00025145309680078837,0.00034137726265843745,0.000427565926317121,0.00047807628793701865
2022-07-06,0.0026610470126905957,0.0023510517768989088,0.002170694055416321,0.0017849443551448117
2022-07-07,0.0,0.0,0.0,0.0
2022-07-08,0.0,0.0,0.0,0.0
2022-07-11,0.0,0.0,0.0,0.0
2022-07-12,0.0,0.0,0.0,0.0
2022-07-13,0.0,0.0,0.0,0.0
2022-07-14,0.0,0.0,0.0,0.0
2022-07-15,0.0,0.0,0.0,0.0
2022-07-18,0.0,0.0,0.0,0.0
2022-07-19,0.0,0.0,0.0,0.0
2022-07-20,-0.0008292646013783125,-0.0011143912184162325,-0.0006976753410822197,-0.0009444175338682208
2022-07-21,-0.0001621787620724375,-0.00021794079714333565,-0.00013635420870569578,-0.00018540760706145604
2022-07-22,0.0007933229319156814,0.0010667700021305862,0.000666859209077603,0.0009062998521330413
2022-07-25,0.00019860538899668675,0.000232271778791834,0.00013048162374751262,0.00015275199101986018
2022-07-26,-0.001411557613324625,-0.001477504398907936,-0.0007550218933812273,-0.0007217822788865763
2022-07-27,0.010007732993751094,0.012098397001747759,0.007069554104502068,0.008622194831910445
2022-07-28,-6.787064018815627e-05,0.0004423075305497804,5.3341828025040166e-05,0.00047942399815751165
2022-07-29,-0.005027602958308469,-0.003655710465089712,-0.0034032506142852676,-0.0021667201805919798
2022-08-01,0.0044519183817365625,0.0032038372460716355,0.004770734190693004,0.004492467084208849
2022-08-02,0.008466833965213532,0.006517929689131134,0.006311217635234597,0.004704020638065128
2022-08-03,0.0006540736416209063,0.0006494431867973727,-7.503575694701173e-05,-0.00034563141574991453
2022-08-04,-0.0005552984822564373,-0.0002223456539163831,-0.0013387899045413005,-0.0015035525263853333
2022-08-05,-0.0022329786912068748,-0.0016593433753440184,-0.002235092923773599,-0.0018666645165512743
2022-08-08,0.0044230604258273755,0.0029034251115913007,0.006352816378279622,0.0057913667566246475
2022-08-09,0.0026511230239893123,0.0017332907804816912,0.003840193584218091,0.0035094072205570964
2022-08-10,-0.0032100285990286246,-0.002345220354562437,-0.0035059771833789184,-0.002902858821819539
2022-08-11,-0.00037258883345874996,-0.00025446652948424314,-0.0004892670691701482,-0.0004338452513462081
2022-08-12,-0.0007528829307938125,-0.0005874827077727653,-0.0006486154001006287,-0.00047639640824184416
2022-08-15,-6.009953226487499e-05,-0.0001854485258585412,-7.295947373515706e-05,-0.00017717705236033874
2022-08-16,0.0026794369488053753,0.003749207452928555,0.0025619131373057725,0.003360997058216836
2022-08-17,-0.0013711812628245939,-0.0017574362491444271,-0.0012863948039495497,-0.0015580790756182647
2022-08-18,-0.0015364450407278124,-0.0018826646443991274,-0.0014282009488744477,-0.0016589071046867378
2022-08-19,0.005083619152106031,0.005560450722379746,0.0046232356080582,0.004817229638768283
2022-08-22,0.0028320637355754375,0.001668564642510658,0.002357085316470618,0.0012483706515478768
2022-08-23,-0.004781533237426187,-0.004274130344350204,-0.004202360183912143,-0.00357096146041099
2022-08-24,0.003592344146212844,0.001978643367157494,0.0029687790071682234,0.0014450532979513797
2022-08-25,-0.0007163277833752502,0.0005073324545498719,-0.00045409807547003116,0.0006176125709833865
2022-08-26,0.0038134452339806876,0.002799572677859821,0.0032583934392984167,0.002236149194328229
2022-08-29,0.000109352678494125,0.0001334696286597019,-0.00012915356344117348,-0.00019373064004126177
2022-08-30,-0.0003649355391293751,-9.692783033585402e-05,-0.0011859110772077803,-0.0012568011939906028
2022-08-31,-0.0009305258649105626,-0.00047642766309658987,-0.0019600800435884773,-0.0019524123028771074
2022-09-01,0.004024511794787313,0.002897109007000103,0.004595832857163287,0.0038751596854573415
2022-09-02,-0.0006357027839320312,-0.000279665134498033,-0.0015516236392855616,-0.0015840360564498565
2022-09-06,0.0006214146167032815,-0.0009096010128238974,0.002419416129375334,0.001773948325234772
2022-09-07,0.0030205946540400623,0.00231198948979214,0.0033321395812489054,0.0028655631625419697
2022-09-08,-0.0010724377932775,-0.0010129408650789299,-0.0010389798795353631,-0.0009841787113759148
2022-09-09,0.005102442991852,0.004748907604698231,0.00563026340442762,0.005556937554686037
2022-09-12,0.000299823574763375,0.0005343170179203417,4.6741249312607877e-05,0.00015642857318158917
2022-09-13,-0.0061551211720502815,-0.00745758840246555,-0.004867628307755281,-0.005551275701675703
2022-09-14,-0.001531711027240625,-0.0018558319281427407,-0.0012113165195436514,-0.0013814431868734872
2022-09-15,-0.0024690224666038436,-0.0029914851060906605,-0.0019525665401191974,-0.00222680009745182
2022-09-16,-0.0023091575264860315,-0.0019516368172357939,-0.002767861081050414,-0.0026464671035172664
2022-09-19,0.0006627765113855,0.0017996862596452662,0.00010962606954122498,0.0008132576287141706
2022-09-20,0.0037334949976574375,0.0039896711833904775,0.0043247800517200365,0.004708178342063933
2022-09-21,-0.0021897282549053123,0.0003950250862612008,-0.004081862182360296,-0.0026864269086134948
2022-09-22,-0.005459995052030438,-0.0055393641734786505,-0.00720900402982299,-0.007758933072786356
2022-09-23,-0.009174578661321344,-0.008229802068382787,-0.009408910487997735,-0.008730587318084838
2022-09-26,-0.00050131947691275,0.00047764523866264267,-0.0004451349368930379,0.0003402475212844661
2022-09-27,-0.005561662350772156,-0.004454191669688019,-0.006085679978666079,-0.005401284923838534
2022-09-28,0.001014056747746531,-0.0012263323820261639,0.0008957925607798949,-0.0008985738462350694
2022-09-29,0.002351514625828153,0.003859139786131903,0.0021575929289488365,0.0032816746858172798
2022-09-30,-0.002453183471166375,-0.002671118973321491,-0.002505507727292294,-0.002717425046693165
2022-10-03,0.01067753174662022,0.010113231139467195,0.0096034617350979,0.008815137260479207
2022-10-04,0.008597959682666094,0.005988633169713577,0.010146681781613591,0.008555056305282763
2022-10-05,0.0,0.0,0.0,0.0
2022-10-06,0.0004941372537169687,0.0004022184586951796,0.00033644868668036853,0.00026512237975482786
2022-10-07,-0.00014524640289715626,-0.00011822784836574056,-9.889552170415069e-05,-7.792991056079974e-05
2022-10-10,0.0013943396102641874,0.0011349662967514889,0.0009493794024453514,0.0007481132678804258
2022-10-11,-0.0003125,-0.0002543691401463085,-0.0002127753246628056,-0.00016766747103192276
2022-10-12,0.0,0.0,0.0,0.0
2022-10-13,0.0,0.0,0.0,0.0
2022-10-14,0.0,0.0,0.0,0.0
2022-10-17,0.0,0.0,0.0,0.0
2022-10-18,0.0,0.0,0.0,0.0
2022-10-19,0.0,0.0,0.0,0.0
2022-10-20,0.0,0.0,0.0,0.0
2022-10-21,0.0,0.0,0.0,0.0
2022-10-24,0.0027962146143895,0.003019570144307345,0.0036606507268757598,0.003826890772826519
2022-10-25,0.0018600396111966562,0.0020086155219615444,0.0024350617866402036,0.002545644525477321
2022-10-26,-0.016167925340878905,-0.017459383984146384,-0.02116616061821253,-0.02212737319387278
2022-10-27,-0.0017121436196759062,-0.001496960004830346,-0.0013829654444062678,-0.0012108498699843287
2022-10-28,-0.007822780583258781,-0.007110855148328779,-0.006093624297643539,-0.005381306321906162
2022-10-31,-0.0023123136796676567,-0.0029683861253051213,-0.00420803180000947,-0.004717156456543351
2022-11-01,-0.006728300978174251,-0.006906479226023135,-0.0067332806957480324,-0.006846186405938438
2022-11-02,0.005126093720189595,0.0041649023466289545,0.002572853881802952,0.0015694325637595112
2022-11-03,0.0020494490401547195,0.001167060564269014,-0.0006883946489973645,-0.0015567643754445964
2022-11-04,0.0003757665360046873,0.000489254174097141,0.001377025017791056,0.001407779305025738
2022-11-07,0.0030917861361084067,0.0026633584325293277,0.003109283973464985,0.0027101602032325546
2022-11-08,0.0036098536087736254,0.003505941838691702,0.003972743846948419,0.0038694574799380856
2022-11-09,-0.0035485121463652188,-0.003757987656843568,-0.004438778568307728,-0.0045962209345847774
2022-11-10,0.007269824427970563,0.007566287335515683,0.009841550829093873,0.009957028063991565
2022-11-11,-0.0007074804967441875,-0.0009801620508576767,-0.0006795575825609859,-0.0009624995035221332
2022-11-14,-0.000625,-0.0007035655929853242,-0.0007855368747127969,-0.0008546104141473841
2022-11-15,-3.49137058192906e-06,-4.090252628522732e-06,-4.205610301357895e-06,-4.769758203875835e-06
2022-11-16,-0.003310228142355781,-0.0029574284148864323,-0.0025876839613652846,-0.002299866999522636
2022-11-17,-0.005553349211610908,-0.005860908750636251,-0.00582508265211082,-0.006225331254953368
2022-11-18,0.0005560185479779062,0.0009683538362686078,0.0011883884375870357,0.0015865033787908242
2022-11-21,0.012334992034654,0.010892709916211309,0.009402761132782845,0.008185023938043576
2022-11-22,-0.010961966834541096,-0.010219845932322051,-0.009121408271122993,-0.008483833150423352
2022-11-23,-0.003182828612465344,-0.003104188906683178,-0.002806217016612738,-0.0027091213020545533
2022-11-25,-0.00299317497107725,-0.003133437992917849,-0.0029767874299581245,-0.0030851455895835943
2022-11-28,0.0027249451953053755,0.0022945167674604194,0.0017696937063040408,0.0013070381985129265
2022-11-29,0.0021773156534064062,0.001960899980466752,0.0016288708988533764,0.0013874316060391318
2022-11-30,-0.009274478600698625,-0.008668009816249624,-0.007469673987033206,-0.006758412418593134
2022-12-01,-0.005740834008890593,-0.00536543429393162,-0.004623673233431732,-0.004183407556285198
2022-12-02,-0.0005538459592805938,-0.0005176293372840115,-0.00044606806840333523,-0.0004035935140232716
2022-12-05,0.0012311996265661875,0.0011506900720041212,0.0009916093636480744,0.0008971884247299199
2022-12-06,0.006503297894842375,0.006078039792581218,0.005237762380666085,0.004739023199751897
2022-12-07,6.2469626303875e-05,5.8384665848347e-05,5.031309712080098e-05,4.552228932472582e-05
2022-12-08,-0.00221986026964775,-0.0020747010626085,-0.0017878775966755972,-0.001617636080673984
2022-12-09,0.0020088354203742814,0.0018774753700679797,0.0016179179800652477,0.0014638600008139125
2022-12-12,-0.005968119393555562,-0.0055778572268194715,-0.004806729100889,-0.0043490328633691705
2022-12-13,0.00041412970375996876,0.0003870492878296744,0.00033354046180025543,0.0003017807742409193
2022-12-14,0.001331992008742125,0.0014837851798735007,0.001901190893365824,0.0020229246208971247
2022-12-15,0.002628346814783844,0.0028382934306848185,0.0034408874156180345,0.0035971474154820274
2022-12-16,0.0004383290848625313,0.0003126926729939296,0.000757127886849919,0.0006041735960570275
2022-12-19,0.003714526659268031,0.003928192698316011,0.004957600912339056,0.00508590107099454
2022-12-20,-0.0009247049482559375,-0.0010546795534254094,-0.0011465533260391076,-0.0012640542420483739
2022-12-21,0.0026593523946126874,0.0031155166336489975,0.0032033837609825953,0.003633091246988815
2022-12-22,-0.0017682813177297813,-0.0020715982844237753,-0.002130023711614748,-0.0024157488081204695
2022-12-23,0.00040229578262590624,0.0004713024136842134,0.0004845945876846839,0.0005495989510527285
2022-12-27,-0.0017931086915845625,-0.002100684349275913,-0.002159930092730453,-0.002449666883370764
2022-12-28,-0.00031047865396881247,-0.00036373570226809525,-0.0003739941649968058,-0.00042416239472288703
2022-12-29,-0.00024095988028909374,-0.0002822922289665481,-0.00029025373588324754,-0.00032918887836272566
2022-12-30,-0.0003125,-0.0003661037739818263,-0.0003764290235980014,-0.00042692386950446165
2023-01-03,0.0,0.0,0.0,0.0
2023-01-04,0.0,0.0,0.0,0.0
2023-01-05,0.0,0.0,0.0,0.0
2023-01-06,0.0010106423991575312,0.0009106737347654209,0.0007252396510132703,0.0006808034625932366
2023-01-09,0.00018725784313943742,-9.768518502268944e-05,-0.0010618109880915123,-0.0010692517280293317
2023-01-10,-0.0029452320485360314,-0.002247619058491637,-0.003056792856033836,-0.002456132485996562
2023-01-11,0.0038170679725094683,0.005232707287571762,0.005736840568181575,0.006426262032739648
2023-01-12,0.0028506482343596553,0.003384670731764643,0.0021218753414150304,0.002606452358036188
2023-01-13,-0.004340092470233219,-0.004096676131214075,-0.004206332921057062,-0.003971041774876914
2023-01-17,0.0015361918312978436,0.0018310208790517724,0.0007544296339471992,0.001077839324117698
2023-01-18,-0.0045275286065467185,-0.005571238301205176,-0.0045347034607849035,-0.005595967527599421
2023-01-19,-0.010412322947808592,-0.010895552335737012,-0.008777999211612434,-0.009633221031651281
2023-01-20,0.0035191270176886964,0.002559537129275838,0.0019220968779303546,0.0013200659082075556
2023-01-23,0.0010828731997485626,0.0008972686474640922,0.0011520929628351878,0.0010399622597384842
2023-01-24,0.002017368424531781,0.003471934526452412,0.0034069992164558714,0.004525855948871592
2023-01-25,0.0023359681972186562,0.002633932822421102,0.0018429794257311856,0.002133572740469383
2023-01-26,0.0005998780975671563,0.0005564483577814602,-0.0020008504783115477,-0.0019778250729671635
2023-01-27,-0.007245330397041406,-0.008716248358889149,-0.009726982354188765,-0.01097556723326334
2023-01-30,-0.0003326169309140315,-0.001004136463768677,-0.00044128704385638814,-0.0009506557114353667
2023-01-31,0.005663528651300907,0.005980993268381023,0.0059423065101592756,0.006321091563091767
2023-02-01,0.0054596538696693436,0.005560237753310667,0.005124159516117516,0.005344887777273507
2023-02-02,0.0010971578216904061,-0.00036026204047640096,-0.0018981344175604618,-0.0029143346964266986
2023-02-03,0.006629711853695874,0.00640924530060519,0.007913237736793309,0.007898819527675825
2023-02-06,0.0030589395930071565,0.00295576447047575,0.0035272574836447065,0.003521429124193109
2023-02-07,0.002430705258803719,0.002348719882731527,0.002802841656059438,0.002798210304723967
2023-02-08,-0.0007567496480459376,-0.0007312252023062352,-0.000872606593937825,-0.0008711647187946333
2023-02-09,-0.005069117859871719,-0.005643943849617398,-0.004570406215543032,-0.005138492075671887
2023-02-10,0.0011425552703089687,0.0008901213282514114,0.0010763385608255557,0.0010438758297068123
2023-02-13,-0.004232131104842343,-0.005221660239523383,-0.0018698995511158625,-0.0029788325756628918
2023-02-14,-0.0006428391997763438,-0.0007636066007530251,-0.0005526253409927352,-0.0006495085113290696
2023-02-15,0.0048915349708051874,0.005835912220851987,0.004025736009687918,0.004812966980450156
2023-02-16,0.0015491887261945623,0.0020533918811223018,-0.0001717383939409188,0.00048110543094578395
2023-02-17,0.0035792505511611874,0.004135592398615691,0.003895678130883939,0.0042067513789747525
2023-02-21,-0.0012369760064517188,-0.001276270683541385,-0.002425318969649681,-0.0022318724168772274
2023-02-22,0.000523490063316625,0.0006502864780229016,0.0002493530654342216,0.0003842207046051931
2023-02-23,-0.003432229974564375,-0.004140138399084068,-0.0025054232394833746,-0.0031468581011072365
2023-02-24,0.0006547564428373748,0.0009276288874870463,-0.0004941888112901108,-0.00010067335919329676
2023-02-27,0.000539444309997375,0.000616143476800967,0.0006375625245865769,0.0006703802629796933
2023-02-28,0.0019290002429950622,0.002220426304383173,0.002158844797786999,0.0023099519352627134
2023-03-01,0.0007135924644350623,0.0010620684355407337,-0.0008989052878350401,-0.00036953094288999944
2023-03-02,-0.003532534203769781,-0.004104056787845129,-0.003686539719817872,-0.00403770386129809
2023-03-03,-0.0048521087311712814,-0.005517750573314141,-0.005905618434401232,-0.006153114691258742
2023-03-06,0.004668343173473312,0.0052343693840535685,0.00620676144363944,0.006298503944718899
2023-03-07,0.000820852661662625,0.0009737249216021705,0.000715092656489943,0.0008361726730357741
2023-03-08,0.004128865528218219,0.0040451758077639215,0.004194114812931193,0.004334610924201877
2023-03-09,-0.03978992598987825,-0.0393277007539754,-0.04712668677946102,-0.0471189693627677
2023-03-10,-0.0009226388270483333,-0.000974832389344984,-0.0011024973916410198,-0.001082254393353127
2023-03-13,0.001968533251587139,0.002155967836017821,0.0024701335612025877,0.0024258075787756033
2023-03-14,0.0011285003933448807,0.001235566003811516,0.0014146557464810702,0.0013892897150820818
2023-03-15,0.008691843469091947,0.008834560494003956,0.00990666317504642,0.010094271635611596
2023-03-16,-0.005842071807796396,-0.0055424129488520915,-0.005935175019720894,-0.005835044011021643
2023-03-17,-0.000943654741853956,-0.001208866391538713,-0.0014869733774754321,-0.00173913648747329
2023-03-20,0.0007989382269926516,-7.034532513085836e-05,-0.0005459865909384032,-0.0010409998396061198
2023-03-21,0.009628084116059995,0.00951435930363097,0.010410343575335866,0.010419486384352304
2023-03-22,-0.007234966043067884,-0.0074412659139200844,-0.00823262435320984,-0.008412172570263455
2023-03-23,-0.016513116606246825,-0.01452216401990495,-0.014743243455363856,-0.013695105455563463
2023-03-24,0.000740377121013229,0.00047625740169750946,0.00037077107644008494,0.0002147223483106012
2023-03-27,0.00364190499693057,0.0026102154613450532,0.0022595627018324083,0.0016540183009636656
2023-03-28,0.0012458156329331822,0.0008949376504741151,0.0007740103383189876,0.0005671675887281266
2023-03-29,-0.002007605976298678,-0.0014429761901908731,-0.001246962197355035,-0.0009140085104143376
2023-03-30,-0.0016127066610911343,-0.0011596744805465917,-0.0010025725072676443,-0.0007349109651373199
2023-03-31,0.001929544504974448,0.0012721397516467319,0.001190095584905734,0.0007940939475599846
2023-04-03,0.0034396087592865146,0.002957953332499034,0.0021782095288480304,0.0019237434168964229
2023-04-04,0.0005724021791085922,0.0005499914507279421,0.00036807313258859246,0.00036322506902114514
2023-04-05,0.002602074228723028,0.0024824814087007307,0.0016682873018495593,0.0016357872283925164
2023-04-06,0.0,0.0,0.0,0.0
2023-04-10,0.0008199073556223124,0.0005331877302261289,0.0008386192664771181,0.00046430204249329934
2023-04-11,-0.00033495559778131247,-0.00021782243284303816,-0.000342599948381442,-0.00018968065980623725
2023-04-12,0.0012634746096699062,0.0008216405850108811,0.0012923096043816066,0.0007154879607866238
2023-04-13,-0.002639593946204281,-0.001716534307497547,-0.0026998347115487643,-0.0014947650514067956
2023-04-14,0.0003669730496599688,0.00023864345899647212,0.0003753481019683379,0.0002078116940026653
2023-04-17,0.004977800509297499,0.003904855959523477,0.005971069180145476,0.003986692320444492
2023-04-18,0.008727046070557219,0.005903105314849937,0.009226408530315127,0.0053405379248160035
2023-04-19,-0.00189981953792,-0.0011708058614375314,-0.0018580120947363484,-0.0009627769789561618
2023-04-20,-0.003989292598169875,-0.0029793167717413246,-0.004587588197951124,-0.002932502449906385
2023-04-21,0.002480408367229219,0.0015639620230442687,0.0024723981176713134,0.0013188342633657182
2023-04-24,-0.004919609441031156,-0.0036074339039932892,-0.005569605606968727,-0.003499777988045693
2023-04-25,-0.0028619408083213438,-0.001949775548324528,-0.003044032482949461,-0.0017757081190163267
2023-04-26,0.01481396405894225,0.011212860897288339,0.017232461980050046,0.011150873768647967
2023-04-27,0.004175343124354593,0.0043992973226899745,0.004927988453581656,0.0045144595392998055
2023-04-28,0.0019254482157591564,0.0018281957677310592,0.0024072297594137093,0.0019342965693333585
2023-05-01,-0.0013356418468376877,-0.0020541226357506624,-0.001951207543085696,-0.0023322357303063807
2023-05-02,-0.006729951561746156,-0.00759897008944516,-0.0079454595650481,-0.00782536104509416
2023-05-03,0.005890121288045062,0.003583339861156771,0.00584271955366032,0.0029766251861551487
2023-05-04,0.0032374873592903434,0.0027212788167058476,0.00376309312167008,0.002727320919628728
2023-05-05,0.004390466113203063,0.005130840093442684,0.005614252870309541,0.005511473183086176
2023-05-08,-0.005911155215480875,-0.0058486007750196585,-0.007413502481752791,-0.006204563027099284
2023-05-09,0.0016951626345098436,0.0012670651563978454,0.0017827996096433378,0.0011624011197454431
2023-05-10,-0.004079302080183808,-0.0031878642471925636,-0.004873323817034848,-0.0032438151198944574
2023-05-11,-0.008180252668606156,-0.006986844277923836,-0.010028213147832029,-0.007275554610422837
2023-05-12,0.00014504346495846875,0.00011265478739063884,0.00011933948694339797,8.711812422359574e-05
2023-05-15,0.004087464743144344,0.0037326005744543053,0.004640410533596424,0.00370698564021279
2023-05-16,-0.003755736648393812,-0.0034152108545653474,-0.004649374091980956,-0.00358693529247315
2023-05-17,-0.000674322933413875,-0.0010027545488278172,-0.0009710686672344262,-0.0011333455013822743
2023-05-18,0.003267671140292688,0.003514352106813978,0.003887530746917966,0.0036257437579522403
2023-05-19,0.000468634849315751,0.0007070010199330274,0.0006517776464422101,0.0007867864845681372
2023-05-22,-0.0021344366417606875,-0.0018911575601297192,-0.002582494731625797,-0.001954413515464076
2023-05-23,0.0003170369489333437,0.00026832920004529287,0.00038207297823244623,0.0002759737113931961
2023-05-24,0.0034248840325289374,0.003451779232455614,0.004194142476129966,0.003611396667254201
2023-05-25,0.002404395566372594,0.0017624133573603791,0.002864758943957754,0.0017824219135184865
2023-05-26,0.001950168793882375,0.0015267743155940785,0.00233529554731571,0.0015565564957966877
2023-05-30,0.0003715933214953437,0.00029091796611919486,0.00044497698446541325,0.0002965927873436841
2023-05-31,-0.00034062798000309373,-0.0002666754040331468,-0.0004078964895181008,-0.0002718773352271677
2023-06-01,0.0009395268716819062,0.0007355494052587671,0.0011250682130208214,0.0007498974753773128
2023-06-02,0.00014869518696125,0.00011641248337942025,0.0001780600782389652,0.0001186832954584734
2023-06-05,-0.0014092815151595,-0.001103317224404735,-0.0016875917908185034,-0.0011248391953091765
2023-06-06,-0.002658428364957375,-0.002081266073068181,-0.003183424913278143,-0.0021218645037626186
2023-06-07,0.000993126043025375,0.0007775118437928287,0.0011892523526557436,0.0007926784585341114
2023-06-08,0.001371878942878,0.0010740349966941475,0.0016428028162532534,0.00109498577081233
2023-06-09,0.0006288438998177188,0.0004923177510436658,0.0007530303857838987,0.0005019211978850022
2023-06-12,0.0006654845467979688,0.0005210034724497738,0.0007969069671404279,0.0005311664802657957
2023-06-13,-0.0003125,-0.0002446541935856282,-0.00037421368900243836,-0.00024942656577336443
2023-06-14,0.0,0.0,0.0,0.0
2023-06-15,0.0,0.0,0.0,0.0
2023-06-16,-0.0018139339838682187,-0.0011796056432554526,-0.0018553315524714206,-0.0010272053883682733
2023-06-20,0.0006455444541737187,0.00041979911501062716,0.0006602770580422917,0.0003655627755230777
2023-06-21,-0.003197427722443219,-0.003997850675008157,-0.004091131321700333,-0.004296648878807658
2023-06-22,-0.00041447285299296867,0.0006742559350407469,-2.0192044707009727e-05,0.0009882146792851015
2023-06-23,-0.002247468284368656,-0.002803608845189974,-0.0028728812551196033,-0.003011718464296402
2023-06-26,0.0015518943779754997,0.000654566014852119,0.0014356038222764508,0.00041929416566103465
2023-06-27,0.006549538720558506,0.006677260977639171,0.007721109666321491,0.006840065277565686
2023-06-28,-0.00039412741178096873,-0.000444823066985509,-0.00033228312327207707,-0.00044163557914172086
2023-06-29,-8.552788758878129e-05,0.000541735599153996,5.389046902545842e-05,0.000706127360382386
2023-06-30,-0.0004984037873795938,0.00036590618741403453,-0.0003424515906306543,0.0005900595144842394
2023-07-03,0.0011618319975851565,4.965449019277852e-05,0.0007672622982278718,-0.0002770445832187123
2023-07-05,-0.0008668068105563123,-0.0017761794421430714,-0.0011533031027659638,-0.0020189950663968216
2023-07-06,-0.0006479312457153439,-0.0016065698857508554,-0.0012040880268998225,-0.0019085321951876973
2023-07-07,0.0011442550179490312,-5.081732171824228e-05,0.0010457463517033576,-0.0003453262641223133
2023-07-10,0.0,0.0,0.0,0.0
2023-07-11,0.0,0.0,0.0,0.0
2023-07-12,-0.0010419146550809375,-0.0009142261291681534,-0.0009942385371209622,-0.0008795190291549651
2023-07-13,0.001203436567297125,0.0010559532388322098,0.0011483695006616642,0.0010158657008587039
2023-07-14,0.0009633338541622812,0.0008452755475629683,0.0009192534506072408,0.0008131860436295553
2023-07-17,-0.0009443506611449063,-0.0008286187791924548,-0.0009011388939461547,-0.0007971616222323863
2023-07-18,-0.00060445151213175,-0.0005303748858039814,-0.0005767929112540801,-0.0005102400705555579
2023-07-19,-0.000902324834112375,-0.0007917432932918781,-0.0008610360922566279,-0.0007616860538536929
2023-07-20,0.014744629117335968,0.012937648144429801,0.014069941729413983,0.012446491488808142
2023-07-21,0.0023788936829906874,0.0020873559584726285,0.0022700398384925572,0.002008112902840701
2023-07-24,0.0010018496203695938,0.0007044094409607176,0.0010473997058320912,0.0007866535299469754
2023-07-25,0.001670331302860094,0.0012011352633732202,0.0017322981935008058,0.0013205757022359023
2023-07-26,0.010489655571712811,0.012277699034805214,0.008401402113658498,0.009893742546896536
2023-07-27,-0.0009527633205686564,-0.0009080116982706683,-0.0008714862392378718,-0.0008286067615529565
2023-07-28,-0.0005893981114200848,-0.0004088948192767665,-0.0007492311475482509,-0.000543928482168915
2023-07-31,-0.007222432660770813,-0.005468666329622028,-0.005825394226744752,-0.004005209590050619
2023-08-01,0.0066732617394531565,0.006506731828542918,0.006562823146006253,0.006394747359488915
2023-08-02,-0.0034457977387394693,-0.0029101547656447293,-0.005785488592075847,-0.005527685315867077
2023-08-03,0.002528354178710969,0.0022826365953185685,0.0025684636026140125,0.0023314925306624763
2023-08-04,-0.004889421045373406,-0.003817731938251675,-0.004661722316064732,-0.0034692031858328427
2023-08-07,0.007421964147471406,0.0069113312528119655,0.007194396460074252,0.0067582752416204366
2023-08-08,0.002527135826874343,0.002484520363982964,0.0019166916956669141,0.0017110384760948556
2023-08-09,-0.0026017806086976562,-0.003374736498735195,-0.0025981167600430135,-0.0034260208214998986
2023-08-10,0.0008827952116334998,0.0006337251907578736,0.0013714751312481586,0.0011764429028248732
2023-08-11,0.0013621169118545621,0.0006120967851715726,0.0013292993749901296,0.00047426225400226793
2023-08-14,-0.0017396792078438442,-0.0018390174511421196,-0.0003247310099896905,-0.000149100036732198
2023-08-15,-0.0020841215478406253,-0.0019524709351768728,-0.0026907204135540813,-0.0026344140457375013
2023-08-16,-0.0010698317499275938,-0.00041189762768447107,-0.0019115297271429888,-0.0013264981979000802
2023-08-17,0.008636118835167062,0.010276517359151015,0.010205159054020495,0.012222536340337094
2023-08-18,2.1512406820937486e-05,-8.746990407612328e-05,0.0002565199802742697,0.00017937330285766755
2023-08-21,0.00022961685735815618,-0.00010464105236946023,0.00037196302170691546,2.4757626304390166e-05
2023-08-22,0.001522109143438912,0.0013839056541082124,0.0016988977762094624,0.0014752781414472964
2023-08-23,-0.005144104379886407,-0.005116640401528424,-0.004278495533127452,-0.004120318440590363
2023-08-24,0.004040469731055938,0.00456370665889784,0.003447254354735141,0.003918757812934921
2023-08-25,-0.0007941501868258128,-0.001986220620050677,-0.001161451422857833,-0.0023694489624186657
2023-08-28,-0.0023406002995101875,-0.0017835918461923668,-0.00194451944490393,-0.0013803360041199212
2023-08-29,0.00012171946786768928,0.00010889631297283123,0.000483353116812555,0.0005348955565372778
2023-08-30,-0.0014110737382291246,-0.0012319502962934257,-0.0020897618800907623,-0.0020559292099090773
2023-08-31,0.0014964827005957816,0.0025565377155398737,0.0017729249229637748,0.002849832415434603
2023-09-01,-0.004906245476031375,-0.005000179067264852,-0.0050588037461589165,-0.005244396848495405
2023-09-05,0.0022776215731762812,0.0023491993833904194,0.002423079778212626,0.0025486340835042414
2023-09-06,-0.001389854755818125,-0.0004393700940334358,-0.0007708392405329735,0.0002193521063407469
2023-09-07,0.007510113099098375,0.007967815262084623,0.00814756449635557,0.00879944471897393
2023-09-08,-0.0015875436041126875,-0.002049462391105179,-0.0019822667079963103,-0.0025119153074417084
2023-09-11,0.003176430825575031,0.00270304493032069,0.0029712034926634256,0.0025312096828153
2023-09-12,0.0014415626625005938,0.0012648965502734745,0.0013755993792231016,0.0012168768211539148
2023-09-13,9.6438743274875e-05,8.462000081876313e-05,9.202588193554819e-05,8.140754086183197e-05
2023-09-14,-0.0011502070388038437,-0.0010092470853535658,-0.001097575658495496,-0.0009709326701210273
2023-09-15,-0.0032893282479000002,-0.0028862151203809276,-0.003138814575027459,-0.0027766446829949575
2023-09-18,0.0011465043062666874,0.0010059981293874685,0.0010940423562589452,0.0009678070554553547
2023-09-19,-0.0003125,-0.0002742025596548065,-0.00029820056886153035,-0.00026379290786496886
2023-09-20,0.0,0.0,0.0,0.0
2023-09-21,0.0,0.0,0.0,0.0
2023-09-22,-0.0015307606634945938,-0.001810638500321241,-0.0012161062520671961,-0.0014502041487118075
2023-09-25,0.0004601800367448125,0.0005443174177909907,0.0003655880590008739,0.0004359629917051602
2023-09-26,-0.002680790168819031,-0.0031709345599888156,-0.0021297422663961807,-0.0025397131748681858
2023-09-27,-0.0035290636591194377,-0.0031687804604725407,-0.003329795797721075,-0.0030034251549335674
2023-09-28,-0.0010773576755235938,-0.0012343478629616117,-0.0008768268880610676,-0.0010071429955436028
2023-09-29,-0.0004915330828101562,-0.00028332205576063013,-0.000546469159078257,-0.0003648986088518893
2023-10-02,0.00022241745706078124,0.0005023188927200886,5.151698745068349e-05,0.000291587276195383
2023-10-03,-0.0015405030850749687,-0.0019985944404301665,-0.0011315267198572431,-0.0015190775274948206
2023-10-04,0.00016201530389321875,0.00012147471257135255,0.0001654255119502676,0.00012977040311631352
2023-10-05,-0.001104285057142375,-0.0020751824982699085,-0.0005033629463435386,-0.001324276496870078
2023-10-06,0.0,0.0,0.0,0.0
2023-10-09,0.0,0.0,0.0,0.0
2023-10-10,0.0,0.0,0.0,0.0
2023-10-11,-0.004811996332908687,-0.003933187075158951,-0.004596600540063433,-0.002769743331768026
2023-10-12,-0.0003125,-0.00025542849078694346,-0.00029851179622606767,-0.0001798722881931865
2023-10-13,0.0011366568918265625,0.0015913196485571874,0.0008953385829767106,0.0015913196485571872
2023-10-16,0.0015226878319185622,0.0006547792125868846,0.0016241404411849016,4.185913473604241e-05
2023-10-17,-0.0015744370527718125,-0.0014689709659444078,-0.00145160449479351,-0.001163860016761062
2023-10-18,-0.0036009290720935942,-0.002943295610610225,-0.003439743377258643,-0.002072663525820296
2023-10-19,0.0013853763264672187,0.0011808065385296926,0.00038667964066011634,-0.0009388215515336109
2023-10-20,0.005431974583722438,0.0058553448469433386,0.0061075773186282725,0.0077223818621922945
2023-10-23,-0.004361926297792187,-0.0035183421413928703,-0.005489964477649047,-0.005005964880205497
2023-10-24,0.0005943492500078438,0.0003318329368137365,7.672122780995918e-05,-0.0009227329145070025
2023-10-25,-0.0006202905698389374,-0.0005240498010568727,-0.0002629796527238063,0.0002538093746054256
2023-10-26,0.001954192097377594,0.001577898838031437,0.002241884732540986,0.001820222740213171
2023-10-27,8.43883253282812e-05,0.00011175556418851384,-0.000746608319037756,-0.0014847554857692535
2023-10-30,-0.001313763963726656,-0.0011068180113743744,-0.0006171200638395425,0.00042609950264752775
2023-10-31,-0.0005848585457215735,-0.0004642815212702224,-0.0008248533015168793,-0.0008300186873930848
2023-11-01,-0.0027798663638768438,-0.003367033832269431,-0.0024775147929817446,-0.003417058646159604
2023-11-02,-0.0025364291750731875,-0.0035288835490952975,-0.0020042918970431625,-0.0035197052932266757
2023-11-03,-0.004688003085751781,-0.004931823686194473,-0.0040898986304435305,-0.003971657049909036
2023-11-06,0.005509675279783499,0.007341299996026966,0.00436920334904143,0.006880663011631602
2023-11-07,0.004175222293232594,0.005589631948285925,0.0032528831252904133,0.005052756333812603
2023-11-08,0.002208870519141406,0.002400163312477117,0.0018336777916739128,0.00169839633312272
2023-11-09,0.001124865515059031,0.0013579210902131976,0.0009637421452949619,0.001328223274596155
2023-11-10,-0.0012583650617501252,-0.0015935719506835054,-0.001135999839493261,-0.0019034024256613241
2023-11-13,0.002606741343042689,0.001945050228780913,0.002544456324888168,0.0012417748592043528
2023-11-14,0.0021322911117885625,0.0018546220716532482,0.001972648167491005,0.0012592515782443516
2023-11-15,0.0026566063295549378,0.0025081395580002306,0.002344261674725301,0.0016253065146225505
2023-11-16,-0.0002763776255421875,-0.0002793052945473514,-0.00023332816166455494,-0.00017433598653098049
2023-11-17,-0.00031874471344543753,-0.00026053273952539156,-0.0003044769822341145,-0.0001834666910621196
2023-11-20,0.0015605767945794688,0.001257216559760643,0.001845632542979577,0.0015561147967405326
2023-11-21,0.0015341245704525,0.0012131788622428883,0.0022538316404241894,0.002344361474235392
2023-11-22,-0.0011097537696754377,-0.0009356806315042524,-0.0005070411428207016,0.00038634248739001926
2023-11-24,0.0008381090177045938,0.000676907034096279,0.0009579798311921972,0.000774138889429631
2023-11-27,0.0005294447542972188,0.00041338770838393585,0.0008802108597900385,0.0009988503678229196
2023-11-28,-0.0003125,-0.0002482408271732256,-0.0004375,-0.0004375
2023-11-29,0.0,0.0,0.0,0.0
2023-11-30,0.0,0.0,0.0,0.0
2023-12-01,0.0,0.0,0.0,0.0
2023-12-04,0.0,0.0,0.0,0.0
2023-12-05,0.0,0.0,0.0,0.0
2023-12-06,-0.010186651700403344,-0.009980779301248455,-0.008780204504934193,-0.006335991052255561
2023-12-07,0.0013477956165837812,0.0007783014041413163,0.001473220249081276,0.0006834085542098498
2023-12-08,-0.005186799354027281,-0.004939789846905482,-0.0045523512405686965,-0.003185517255485811
2023-12-11,0.0074229364197765935,0.006898539222283816,0.006613140300401913,0.0045100398512002435
2023-12-12,0.0012946960076291873,0.0014714608691536743,0.0009993619182541685,0.0008632586902343577
2023-12-13,-0.008011844445204095,-0.007465491909586381,-0.0071265146453107706,-0.0048734625110738285
2023-12-14,-0.01770418702960994,-0.013966050004632368,-0.021740295122816562,-0.018785503837345927
2023-12-15,-0.004283015057883407,-0.003666720294581008,-0.004130847299297091,-0.0027723421035011696
2023-12-18,0.0021210402018191875,0.001560152393772531,0.002518314429418166,0.0019271291812578628
2023-12-19,-0.005811218949841844,-0.0055017361084086416,-0.005953055376483165,-0.00516531055212423
2023-12-20,-0.005190351962502906,-0.005151115427109193,-0.004662368449718696,-0.00368296812396394
2023-12-21,-0.008632415079363751,-0.0075090928018590195,-0.008842812666376692,-0.006748732613081915
2023-12-22,0.0005178154804769061,0.0003223516406567443,0.0008711204386317386,0.0008825636208732897
2023-12-26,-0.0006043897658235624,-0.0005500811036031209,-0.0006368294963726469,-0.0005404829258377314
2023-12-27,-0.0020265127645920627,-0.00157723252184133,-0.0026119764807783817,-0.002358259073189788
2023-12-28,0.0013947512493344687,0.001144579964397601,0.0016170140315349844,0.0013573414108473836
2023-12-29,0.0027406060735240623,0.002299791385453915,0.002790028511788938,0.0019919494033440533
2024-01-02,-0.0015972248436093748,-0.0016527503295754998,-0.0014611168701539744,-0.0012782216072553224
2024-01-03,0.0007417077927790313,0.0005736476510124283,0.0007272368142160219,0.00041760688221224455
2024-01-04,0.0008451482893202812,0.0009608754165838312,0.0006521661124314881,0.0005636126087443163
2024-01-05,-0.002688636405527812,-0.0025688776365507694,-0.0023550055538889766,-0.00165361483580523
2024-01-08,0.0,0.0,0.0,0.0
2024-01-09,0.0,0.0,0.0,0.0
2024-01-10,0.0,0.0,0.0,0.0
2024-01-11,0.0,0.0,0.0,0.0
2024-01-12,0.0,0.0,0.0,0.0
2024-01-16,0.0,0.0,0.0,0.0
2024-01-17,0.0,0.0,0.0,0.0
2024-01-18,0.0,0.0,0.0,0.0
2024-01-19,0.0,0.0,0.0,0.0
2024-01-22,-0.0004828853687095,-0.000507029637144975,-0.0004345968318385501,-0.0004345968318385501
2024-01-23,-0.00014930865758158333,-0.0001567740904606625,-0.00013437779182342503,-0.00013437779182342503
2024-01-24,-0.00477076065570225,-0.005009298688487362,-0.004773500056915131,-0.004773500056915131
2024-01-25,-0.0032073699776798744,-0.0033677384765638677,-0.0027910307345286193,-0.0027910307345286193
2024-01-26,0.0010239109318789168,0.0010751064784728626,0.0009038423450106439,0.0009038423450106439
2024-01-29,0.0012279004459858746,0.0012892954682851689,0.0012099736428827564,0.0012099736428827564
2024-01-30,0.0007642781376337082,0.0008024920445153937,0.0007362752334432938,0.0007362752334432938
2024-01-31,0.013683990333915666,0.01436818985061145,0.012456612286084945,0.012456612286084945
2024-02-01,0.0035408219902668746,0.003717863089780218,0.0032408106550202436,0.0032408106550202436
2024-02-02,0.011131911904182291,0.011688507499391404,0.009784242595344496,0.009784242595344496
2024-02-05,0.00033043988345295833,0.00034696187762560615,0.0004094618776256061,0.0004094618776256061
2024-02-06,0.0019612773583681667,0.002059341226286575,0.0018310750273124315,0.0018310750273124315
2024-02-07,-0.0006603985056037918,-0.0006934184308839814,-0.0008151619517853001,-0.0008151619517853001
2024-02-08,0.0010400321817098752,0.0010920337907953687,0.000891584994115219,0.000891584994115219
2024-02-09,-0.004151832509706167,-0.004359424135191475,-0.0043512348989900185,-0.0043512348989900185
2024-02-12,0.00396062603050325,0.004158657332028412,0.004170747842800362,0.004170747842800362
2024-02-13,-0.00045270486193520833,-0.00047534010503196873,-0.0004967000204604999,-0.0004967000204604999
2024-02-14,-0.0006003543801871249,-0.0006303720991964812,-0.00044476152986413765,-0.00044476152986413765
2024-02-15,0.0013548240507930006,0.0014225652533326502,0.0020003860074993057,0.0020003860074993057
2024-02-16,-0.0007891992962657921,-0.0008286592610790819,-0.00031756325602864466,-0.00031756325602864466
2024-02-20,0.004707970348057292,0.004943368865460156,0.004404725961037564,0.004404725961037564
2024-02-21,0.0003708570415106666,0.00038939989358619995,0.0002712713373596,0.0002712713373596
2024-02-22,-0.0052106945950467914,-0.005471229324799131,-0.004906389295776194,-0.004906389295776194
2024-02-23,0.0004423947767415833,0.0004645145155786626,0.0005594466766539124,0.0005594466766539124
2024-02-26,-0.013172807461481001,-0.01383144783455505,-0.012272623287007314,-0.012272623287007314
2024-02-27,0.0006245170508799167,0.0006557429034239124,0.0001319997965616254,0.0001319997965616254
2024-02-28,-0.006232508237726166,-0.006544133649612475,-0.0059463442828619935,-0.0059463442828619935
2024-02-29,-0.002660043172212083,-0.002793045330822687,-0.002812703602418925,-0.002812703602418925
2024-03-01,-0.008360840446297833,-0.008778882468612723,-0.008215748254376175,-0.008215748254376175
2024-03-04,-0.0041111349253188335,-0.004316691671584775,-0.0033840045043200266,-0.0033840045043200266
2024-03-05,-0.000597011247351125,-0.0005748167771616188,-0.0005643618097186813,-0.0005643618097186813
2024-03-06,-0.0017490193615966247,-0.0023756122278788864,-0.0015018997991936313,-0.0015018997991936313
2024-03-07,0.011418518926528957,0.01197541549431641,0.011604053570009348,0.011604053570009348
2024-03-08,-0.0030929056026415417,-0.003011805505597619,-0.003742496687664936,-0.003742496687664936
2024-03-11,0.009873384708333956,0.009882045063784525,0.009259808702981138,0.009259808702981138
2024-03-12,0.00811147453332729,0.008579548259993656,0.008579548259993656,0.008579548259993656
2024-03-13,-0.00041666666666666664,-0.0004375,-0.0004375,-0.0004375
2024-03-14,-0.002792829191580833,-0.0025135462724227503,-0.0029324706511598747,-0.0029324706511598747
2024-03-15,-0.00041666666666666664,-0.000375,-0.0004375,-0.0004375
2024-03-18,0.0005034161172619583,0.0004530745055357626,0.0005285869231250563,0.0005285869231250563
2024-03-19,0.0013337278747262498,0.0014987398124877305,0.0011020295432284562,0.0011020295432284562
2024-03-20,-0.004147323260045333,-0.0039011923341675503,-0.00418608802292085,-0.00418608802292085
2024-03-21,0.0037782287607778333,0.0037049065539909694,0.003662639529525807,0.003662639529525807
2024-03-22,-0.002268529435499916,-0.0028050960110779554,-0.001618536388146882,-0.001618536388146882
2024-03-25,0.0031306635320811245,0.003108985775489375,0.0029958081120688186,0.0029958081120688186
2024-03-26,-0.002661448396331833,-0.002732020816148425,-0.00245780355669865,-0.00245780355669865
2024-03-27,0.0009352890749591248,0.0009820535287070812,0.0008417601674632127,0.0008417601674632127
2024-03-28,0.00035285864134399994,0.0003705015734112,0.00031757277720959997,0.00031757277720959997
2024-04-01,-0.0075795898867067075,-0.007958569381042044,-0.006821630898036038,-0.006821630898036038
2024-04-02,0.0013703601535599165,0.0014388781612379123,0.0012333241382039251,0.0012333241382039251
2024-04-03,0.000789839264596125,0.0008293312278259312,0.0007108553381365128,0.0007108553381365128
2024-04-04,0.005658453846069958,0.005941376538373456,0.0050926084614629635,0.0050926084614629635
2024-04-05,-0.0018580358399157915,-0.0019509376319115808,-0.0020461683395371307,-0.0020461683395371307
2024-04-08,-0.004757473214539834,-0.0049953468752668255,-0.004386393719664576,-0.004386393719664576
2024-04-09,0.0,0.0,0.0,0.0
2024-04-10,0.0,0.0,0.0,0.0
2024-04-11,0.0,0.0,0.0,0.0
2024-04-12,-0.005799820568841594,-0.006592814531504322,-0.00811974879637823,-0.00811974879637823
2024-04-15,-0.0003125,-0.000355227289644686,-0.0004375,-0.0004375
2024-04-16,0.00754915071237575,0.008581325909364761,0.01056881099732605,0.01056881099732605
2024-04-17,0.001920070678857594,0.002182596810165809,0.0026880989504006313,0.0026880989504006313
2024-04-18,-0.00030731391250046877,-0.0003493321222644662,-0.0004302394775006562,-0.0004302394775006562
2024-04-19,-9.962941651059373e-05,-7.604360584833792e-05,-0.00028953720092286865,-0.00025157832965499316
2024-04-22,0.0001711607390352187,0.0004447889253727323,-0.0007695133010639288,-0.000514236953361431
2024-04-23,0.0023475416810319377,0.0025862420694235826,0.0036183568092771185,0.0035344235218568556
2024-04-24,-0.002293266862154469,-0.0018851283308808167,-0.0032105736070162563,-0.0032105736070162563
2024-04-25,0.0007666119341358437,0.0008417779856262624,0.001073256707790181,0.001073256707790181
2024-04-26,-0.0007644612164124062,-0.0028491191004926227,0.003347289679880218,0.0022298092924312417
2024-04-29,-1.0967496924999513e-06,-0.00018011080178677473,-0.0003476978118891423,-0.0002601309635813021
2024-04-30,0.011090551048911282,0.013814978998394272,0.008173101894953873,0.01003332050374638
2024-05-01,-0.022707320868297246,-0.021453835153194132,-0.031686258085870236,-0.03290902498832922
2024-05-02,0.005479854201522531,0.003670502196372315,0.005044617365857674,0.0037786724894047826
2024-05-03,0.00532879885358925,0.0023362388377303643,0.0034463912870329513,0.0017430275837238142
2024-05-06,0.003672674052807406,0.001884283235802553,0.0024133083604340497,0.0012653708151602527
2024-05-07,-0.0033889076055210934,-0.002199730269561114,-0.003400111740392569,-0.0029355829696293715
2024-05-08,-0.0034819148761014683,-0.002723967229285788,-0.003880435337978776,-0.0035860092246390823
2024-05-09,-0.0030674482918359378,-0.0017032613475081908,-0.002729431469776558,-0.0021375386242554377
2024-05-10,0.00012013840074975006,-0.00019597794892955775,-0.00012821319888179456,-0.0002697645957798966
2024-05-13,0.003204749766623125,0.0025737722916438135,0.0038828864562066513,0.0037892706981258973
2024-05-14,-0.000975282763687375,-0.000760521780541931,-0.0010888899390225667,-0.0010156696357578982
2024-05-15,-0.0018756062610489998,-0.0016237620393075784,-0.0023872232184915607,-0.0023946979647608167
2024-05-16,0.005339768716144937,0.004622779268773083,0.006782384424294661,0.006803943741910299
2024-05-17,-0.0015157562810350937,-0.0013122303764385415,-0.0019010360825695565,-0.001906009197043668
2024-05-20,0.0002880989589234375,0.00024941490267913423,0.00036075702873856005,0.0003617435148479642
2024-05-21,-0.0019446504931950625,-0.0016835354605848215,-0.0024355451786177407,-0.00244196673356555
2024-05-22,-0.0005694766268359063,-0.0007158135747694939,-0.0007116633780739865,-0.0007135741042200341
2024-05-23,-0.004443083750943187,-0.0043972729340655435,-0.005564072675926101,-0.005572217417661852
2024-05-24,0.006799296759292281,0.0062751132975196865,0.008476353518297853,0.008464958437555643
2024-05-28,-0.004456706988154563,-0.004789628523543203,-0.005444396429586739,-0.005433895698409644
2024-05-29,0.004750031864445,0.004027540690492727,0.005748163261971154,0.005736981056827887
2024-05-30,0.011014400909192625,0.009761287762824462,0.013206742906041222,0.013177283834675676
2024-05-31,0.00239092321854075,0.0028025155180823515,0.0027317414542651617,0.002723910724913126
2024-06-03,-0.004341842589083343,-0.0027629455435659598,-0.003192437018256687,-0.0022994028963842774
2024-06-04,0.007169104769180187,0.005239100396356783,0.004572289414120247,0.0035075258441851645
2024-06-05,0.0020061850899059375,0.0009480214076824532,0.0015494519664439512,0.0009713291590744809
2024-06-06,0.0013630394903839374,0.0008144790345463163,0.0009629585952632596,0.000663430879890975
2024-06-07,0.004266395641484094,0.002549368398776017,0.003013916352096026,0.0020765376269095085
2024-06-10,-0.003929355587593579,-0.0023515569242562886,-0.0027830427833680374,-0.001920069811126808
2024-06-11,0.0009399675924196151,0.0005630924839723963,0.0006690878429849612,0.00046249734235711285
2024-06-12,-0.000683261032525214,0.0006393625178473922,0.00037631001554316114,0.0009624177764250218
2024-06-13,0.0005602445132970471,-3.2059379695462516e-05,9.636802475821895e-05,-0.00017956211452103802
2024-06-14,-0.0023992901420292812,-0.0025588445597194785,-0.0026466777390773168,-0.0025987945478803047
2024-06-17,0.0012121884485922186,0.0005017396175774359,0.0006832488090740116,0.00032414797419451087
2024-06-18,0.00019531538643568754,0.0005057344633870278,0.00047676629022474235,0.0005979852289895548
2024-06-20,0.0007265013096318437,0.0005773648905834158,0.0006633091350675553,0.0005556085158975333
2024-06-21,0.0005522950496325938,0.001196590322407654,0.001183724435298873,0.0014274561673010046
2024-06-24,0.001113289305736125,0.0004967476570792103,0.0006989432675408053,0.0003586528139716065
2024-06-25,0.0018532544315344374,0.0011074050978080443,0.0014149971771691208,0.0009666217404072223
2024-06-26,-0.0007522131430095938,-0.0004494820867727986,-0.0005744070290316061,-0.00039230109830066536
2024-06-27,-0.002013872247794219,-0.0012033816596326435,-0.0015374723347387346,-0.0010501748370468661
2024-06-28,-0.0003085112855893125,-0.00018434973880518117,-0.00023545831483435205,-0.00016092390093022633
2024-07-01,-0.0003125,-0.00018673317984648413,-0.00023853680451525652,-0.00016302502593327554
2024-07-02,0.0,0.0,0.0,0.0
2024-07-03,0.0,0.0,0.0,0.0
2024-07-05,0.0,0.0,0.0,0.0
2024-07-08,0.0,0.0,0.0,0.0
2024-07-09,0.0,0.0,0.0,0.0
2024-07-10,0.0,0.0,0.0,0.0
2024-07-11,0.0,0.0,0.0,0.0
2024-07-12,0.0,0.0,0.0,0.0
2024-07-15,0.00041166464806300003,0.0004994208208826822,0.00048139698487002953,0.0005763305072882
2024-07-16,-0.011702716431833314,-0.014197430540717721,-0.013685052703897346,-0.016383803004566638
2024-07-17,-0.003117460400188593,-0.00249713589105106,-0.0035237763566619285,-0.0028319877957470613
2024-07-18,0.006251139821022719,0.004720221055356118,0.00703868587091948,0.005336359832367318
2024-07-19,-0.001678319186961313,-0.0031966539802446136,-0.002072584844977508,-0.0037338238614786443
2024-07-22,0.00022763226461534365,0.0008529722017964552,0.0003208493807396105,0.0010066401149741856
2024-07-23,0.00547223049396775,0.004965310452429811,0.006240603088351466,0.005665225156037908
2024-07-24,-0.001682151475212156,-0.0013913627295541848,-0.0019055586097789204,-0.0015805104362320431
2024-07-25,0.014406921464710874,0.010001523358168523,0.016138854931223356,0.011252529612833335
2024-07-26,-0.0014237336064668086,-0.0009569627077377871,-0.0017917214866316053,-0.0012552636128828807
2024-07-29,-0.004363959600091095,-0.004126466579683805,-0.005539851641482509,-0.005112358916662604
2024-07-30,-0.002523613587843469,-0.0024257430012696807,-0.00210459596601985,-0.002030593940262884
2024-07-31,-0.005221193758313407,-0.005268763189676725,-0.0039006008594595293,-0.003893863308387039
2024-08-01,0.0032658386379075307,0.0019066706907682088,0.003422233958912061,0.0020570571688575184
2024-08-02,0.00027304302035012495,0.00039666325280907403,0.0003275332519589444,0.0004189202790537777
2024-08-05,0.00038247597143509373,0.001172028896168669,0.001182094048591804,0.0017015334754023237
2024-08-06,0.0007489297000553125,-0.0004186761467634704,0.0006791206149340521,-0.0003678803241506471
2024-08-07,-0.004864104705544844,-0.004542619669267755,-0.004654342166229538,-0.004287731417742521
2024-08-08,-0.0032631857380331563,-0.0021594232506842665,-0.003357057295016881,-0.0022661415124799185
2024-08-09,0.0014204790702695624,0.0009612894626210228,0.0015891086641771548,0.0011051189597782412
2024-08-12,0.0014397235175350625,0.0012603843757956693,0.0012841098851307797,0.0011209810551950357
2024-08-13,0.0008880651535218438,-0.00030504799412578226,0.0009152572236890191,-0.00017947208663904944
2024-08-14,0.0014812231473825938,0.0012105511776059781,0.001318133212725878,0.001073990307560517
2024-08-15,-9.52596094065615e-06,0.0004927295338438587,-0.00010319415354861393,0.0003663354578073272
2024-08-16,-0.0010103288668989376,-0.00041281870759567445,-0.000977221186342866,-0.00042466192634726474
2024-08-19,0.0005851345894172188,0.0004239420335840862,0.0005309779856369627,0.00038379509886277965
2024-08-20,0.0032635335201828125,0.002251981129040451,0.0029827725600566233,0.0020566762306330646
2024-08-21,0.00044230296805153487,0.000631999539751634,0.0003424100453089579,0.0005224327162124908
2024-08-22,-0.0035830172201005,-0.002587735564416455,-0.0032529524983983893,-0.002343993319008327
2024-08-23,-0.001131367276006875,-0.00035126972254909437,-0.0011152997821499261,-0.0003927584582567243
2024-08-26,-0.002404938844500969,-0.0017158164449028808,-0.0021873877779259475,-0.001557576857901811
2024-08-27,4.4930898318656256e-05,-0.000402265577904212,0.00012305717697981826,-0.000294781355245186
2024-08-28,0.0006148515351794687,0.00047704724065172893,0.0005519693390108355,0.0004268324863246569
2024-08-29,0.0021948720567165937,0.0015049791810790795,0.0020078604394100008,0.0013760636158421902
2024-08-30,0.004097299890769719,0.0028916552072081295,0.003732634803733174,0.0026300936433815924
2024-09-03,-0.0001474744964940312,0.0011692425580239986,-0.00037531162818720654,0.0008548729813577408
2024-09-04,0.001756838942895625,0.002345210290409141,0.0017692817946066753,0.0023569235161543553
2024-09-05,0.0017787999463692813,0.002060567971097105,0.0016875374781530502,0.0019773434719588152
2024-09-06,0.00015676803861793757,0.0005263676323766181,-6.259370580180632e-05,0.00027487173500135296
2024-09-09,0.0016348553762735312,0.001997712215033783,0.0018818507477169413,0.0022703367250474435
2024-09-10,-0.001991396501461406,-0.0024984983890033283,-0.0021564191425515636,-0.002681695591203564
2024-09-11,0.0012727832773143438,0.0013898844166824183,0.0018101347960623603,0.0019803232021125996
2024-09-12,-0.0016018660557486875,-0.0016606999212954163,-0.00155379657840988,-0.0016323488904118064
2024-09-13,-0.0006132109696362189,-8.89656796033995e-05,-0.00029545437772739305,0.00021440711030934365
2024-09-16,-0.0011580849969117812,-0.001767181228492403,-0.0015064988473083725,-0.0021279721752562337
2024-09-17,-0.002844366190417718,-0.0019785686437287994,-0.002707425687293223,-0.0019229772926991995
2024-09-18,0.0010583358879221875,0.00066858084200393,0.0009789668558140496,0.000620938790330652
2024-09-19,-0.0004230393603784689,-0.0016713866162124547,-0.0009814832263801778,-0.0022122216062580554
2024-09-20,0.005943945283547656,0.006089815290558154,0.006479539093054999,0.006753229055858097
2024-09-23,-0.0013986404420886875,-0.0015784081656512352,-0.0015857993335847236,-0.001792506154529344
2024-09-24,0.005144336568598781,0.003580748457697182,0.0048976311437180006,0.0034811219862078578
2024-09-25,-0.0023500943658276716,-0.0033863866157507706,-0.0016614063835897644,-0.0026335727043996825
2024-09-26,0.0004031275828119687,-0.00016711945699419216,0.0003419584390289776,-0.00019666783092465518
2024-09-27,0.0029220301170936563,0.0026201163237977642,0.002556388302152865,0.0022917157584184445
2024-09-30,-0.002397993434713594,-0.0016512439665671464,-0.002192352573385788,-0.001508621013104444
2024-10-01,0.0042761472091466255,0.0032781756013466855,0.0038463055848108273,0.0029390071614138614
2024-10-02,0.0032881088229781245,0.001002881861717306,0.0026360552856196776,0.0004758613109391802
2024-10-03,0.0008057356262449062,0.0005138438304328933,0.0006990300081273216,0.0004277427547681093
2024-10-04,0.0005344253687117501,-0.0010132581679507275,2.9272722132333836e-05,-0.0014659234132199843
2024-10-07,0.0023106018748455,0.0014937697240461076,0.002354215085461281,0.0016203612862547173
2024-10-08,0.0,0.0,0.0,0.0
2024-10-09,0.0,0.0,0.0,0.0
2024-10-10,0.0,0.0,0.0,0.0
2024-10-11,0.0,0.0,0.0,0.0
2024-10-14,0.0,0.0,0.0,0.0
2024-10-15,0.0,0.0,0.0,0.0
2024-10-16,0.0,0.0,0.0,0.0
2024-10-17,-0.0008440741172202498,-0.0008862778230812624,-0.0008862778230812624,-0.0008862778230812624
2024-10-18,-0.005413305114561291,-0.005683970370289356,-0.005683970370289356,-0.005683970370289356
2024-10-21,0.003600903663253583,0.0037809488464162623,0.0037809488464162623,0.0037809488464162623
2024-10-22,-0.0006837781647415833,-0.0007179670729786625,-0.0007179670729786625,-0.0007179670729786625
2024-10-23,0.0025979838506974165,0.002727883043232287,0.002727883043232287,0.002727883043232287
2024-10-24,-8.872004397504163e-05,-9.315604617379371e-05,-9.315604617379371e-05,-9.315604617379371e-05
2024-10-25,0.0017102184546950833,0.0017957293774298374,0.0017957293774298374,0.0017957293774298374
2024-10-28,0.0024033179385100412,0.0025234838354355436,0.0025234838354355436,0.0025234838354355436
2024-10-29,-0.0017945297952335832,-0.0018842562849952622,-0.0018842562849952622,-0.0018842562849952622
2024-10-30,0.0016123314317015836,0.0016929480032866625,0.0016929480032866625,0.0016929480032866625
2024-10-31,0.01604702919453229,0.016849380654258905,0.016849380654258905,0.016849380654258905
2024-11-01,-0.0025282704544100833,-0.002654683977130587,-0.002654683977130587,-0.002654683977130587
2024-11-04,0.0034130279039389167,0.0035836792991358626,0.0035836792991358626,0.0035836792991358626
2024-11-05,-0.0027734934105151663,-0.0032168934371988806,-0.0032168934371988806,-0.0032168934371988806
2024-11-06,-0.031800363010471996,-0.032267555007060696,-0.032267555007060696,-0.032267555007060696
2024-11-07,-0.0003397734622040407,-0.0006078804431765196,-0.0006078804431765196,-0.0006078804431765196
2024-11-08,0.0027215402124669253,0.003338552372205231,0.003338552372205231,0.003338552372205231
2024-11-11,-0.0001574840958430174,0.0014114991113692542,0.0014114991113692542,0.0014114991113692542
2024-11-12,-0.0035265701226177533,-0.0036163712676826635,-0.0036163712676826635,-0.0036163712676826635
2024-11-13,0.006346293427893715,0.005436904047855051,0.005436904047855051,0.005436904047855051
2024-11-14,-0.013952179996544882,-0.01304696455781676,-0.01304696455781676,-0.01304696455781676
2024-11-15,-0.010183287156497727,-0.008395161799921542,-0.008395161799921542,-0.008395161799921542
2024-11-18,-0.0008730902878584438,-0.0010070252494674818,-0.0010070252494674818,-0.0010070252494674818
2024-11-19,0.002507157222838952,0.002207708926729635,0.002207708926729635,0.002207708926729635
2024-11-20,-0.0021076753249189635,-0.001901271476495662,-0.001901271476495662,-0.001901271476495662
2024-11-21,0.002600939065064431,0.002347143613716634,0.002347143613716634,0.002347143613716634
2024-11-22,0.007210154402690536,0.006509641057188287,0.006509641057188287,0.006509641057188287
2024-11-25,0.006938986201535794,0.006283691926588665,0.006283691926588665,0.006283691926588665
2024-11-26,-0.005121015699808321,-0.004650062513336636,-0.004650062513336636,-0.004650062513336636
2024-11-27,0.0008499065653885463,0.000772925687048278,0.000772925687048278,0.000772925687048278
2024-11-29,0.0047688992426636,0.004337166175667307,0.004337166175667307,0.004337166175667307
2024-12-02,-0.004550136953030243,-0.004143264395837018,-0.004143264395837018,-0.004143264395837018
2024-12-03,-0.0036169541652825705,-0.0033033257067204016,-0.0033033257067204016,-0.0033033257067204016
2024-12-04,-0.0042022926932709075,-0.003841177451826158,-0.003841177451826158,-0.003841177451826158
2024-12-05,0.006012623078656476,0.005500514865841217,0.005500514865841217,0.005500514865841217
2024-12-06,0.0005875103301782685,0.0005387122978670286,0.0005387122978670286,0.0005387122978670286
2024-12-09,0.004108805833542997,0.0037692359453373775,0.0037692359453373775,0.0037692359453373775
2024-12-10,-0.00646469359868398,-0.0059371927448204674,-0.0059371927448204674,-0.0059371927448204674
2024-12-11,-0.004750863599430881,-0.004372699149185378,-0.004372699149185378,-0.004372699149185378
2024-12-12,0.0014117874122417631,0.0013007948879547816,0.0013007948879547816,0.0013007948879547816
2024-12-13,0.002085315769809607,0.001921831593012525,0.001921831593012525,0.001921831593012525
2024-12-16,-0.003645894290852699,-0.003360869196503922,-0.003360869196503922,-0.003360869196503922
2024-12-17,-0.00032521612721040917,-0.0003000053608202079,-0.0003000053608202079,-0.0003000053608202079
2024-12-18,0.006034528662502373,0.005566571682014143,0.005566571682014143,0.005566571682014143
2024-12-19,0.00173065269756598,0.0015993979682090518,0.0015993979682090518,0.0015993979682090518
2024-12-20,-0.007197351505500151,-0.006651184102240476,-0.006651184102240476,-0.006651184102240476
2024-12-23,-0.003772369373087354,-0.003493186223321527,-0.003493186223321527,-0.003493186223321527
2024-12-24,-0.00046781939170636934,-0.0004338228417674103,-0.0004338228417674103,-0.0004338228417674103
2024-12-26,0.0015539912528188184,0.00143853628715022,0.00143853628715022,0.00143853628715022
2024-12-27,-0.0002690554457690192,-0.000249121313338963,-0.000249121313338963,-0.000249121313338963
2024-12-30,0.003696900319196622,0.003424191627124268,0.003424191627124268,0.003424191627124268
2024-12-31,-0.0016416137770913883,-0.001521702738797216,-0.001521702738797216,-0.001521702738797216
