date,segment,portfolio_return_unscaled,portfolio_gross_return_unscaled,pair_turnover,leverage,strategy_return,active_pairs
2017-07-05,0,0.0,0.0,0.0,1.25,0.0,4
2017-07-06,0,0.0,0.0,0.0,1.25,0.0,4
2017-07-07,0,0.0,0.0,0.0,1.25,0.0,4
2017-07-10,0,0.0,0.0,0.0,1.25,0.0,4
2017-07-11,0,0.0,0.0,0.0,1.25,0.0,4
2017-07-12,0,-0.0027469509098635,-0.0024304619720265,0.3164889378369185,1.25,-0.0034336886373293,4
2017-07-13,0,0.0004083441795439,0.0007245034543011,0.3161592747572313,1.25,0.0005104302244298,4
2017-07-14,0,0.0002910033800511,0.0002910033800511,0.0,1.25,0.0003637542250638,4
2017-07-17,0,0.0027842092371808,0.0027842092371808,0.0,1.25,0.003480261546476,4
2017-07-18,0,-0.0018554509015802,-0.0015392916268229,0.3161592747572313,1.25,-0.0023193136269752,4
2017-07-19,0,-0.0010805063041048,-0.0010805063041048,0.0,1.25,-0.0013506328801311,4
2017-07-20,0,-0.0001790456109711,-0.0001790456109711,0.0,1.25,-0.0002238070137139,4
2017-07-21,0,0.0017585774441346,0.0018708678399269,0.1122903957923219,1.25,0.0021982218051683,4
2017-07-24,0,0.0011469671446161,0.0011469671446161,0.0,1.25,0.0014337089307702,4
2017-07-25,0,0.0004006198121007,0.0004006198121007,0.0,1.25,0.0005007747651259,4
2017-07-26,0,0.0039611714932884,0.0042162328849019,0.2550613916135282,1.25,0.0049514643666105,4
2017-07-27,0,-0.007105652248417,-0.007105652248417,0.0,1.25,-0.0088820653105212,4
2017-07-28,0,-0.004245087751306,-0.004245087751306,0.0,1.25,-0.0053063596891326,4
2017-07-31,0,-0.0023893012497176,-0.0023893012497176,0.0,1.25,-0.002986626562147,4
2017-08-01,0,-0.0004499571663239,-0.0004499571663239,0.0,1.25,-0.0005624464579049,4
2017-08-02,0,2.7215054356413223e-05,2.7215054356413223e-05,0.0,1.25,3.401881794551653e-05,4
2017-08-03,0,-0.0017447321957586,-0.0017447321957586,0.0,1.25,-0.0021809152446983,4
2017-08-04,0,-0.0062632580840889,-0.0062632580840889,0.0,1.25,-0.0078290726051111,4
2017-08-07,0,-0.0035517308517407,-0.0035517308517407,0.0,1.25,-0.0044396635646758,4
2017-08-08,0,0.0005051830233187,0.0008216719611556,0.3164889378369185,1.25,0.0006314787791484,4
2017-08-09,0,-0.0002838770983378,3.261183949903115e-05,0.3164889378369185,1.25,-0.0003548463729223,4
2017-08-10,0,0.0038933361722863,0.0038933361722863,0.0,1.25,0.0048666702153579,4
2017-08-11,0,0.0026668288833141,0.0026668288833141,0.0,1.25,0.0033335361041427,4
2017-08-14,0,-0.0025937659823227,-0.0025937659823227,0.0,1.25,-0.0032422074779033,4
2017-08-15,0,0.0007576144070789,0.0007576144070789,0.0,1.25,0.0009470180088486,4
2017-08-16,0,0.0002537793181081,0.0002537793181081,0.0,1.25,0.0003172241476352,4
2017-08-17,0,0.002807966125805,0.0029202565215973,0.1122903957923219,1.25,0.0035099576572562,4
2017-08-18,0,-0.0014870519078194,-0.0014870519078194,0.0,1.25,-0.0018588148847743,4
2017-08-21,0,0.0015345095103567,0.0015345095103567,0.0,1.25,0.0019181368879459,4
2017-08-22,0,1.242454220136684e-05,0.0002674859338148,0.2550613916135282,1.25,1.553067775170855e-05,4
2017-08-23,0,-0.0016105270048341,-0.0012943677300769,0.3161592747572313,1.25,-0.0020131587560427,4
2017-08-24,0,-0.0012061076531628,-0.0012061076531628,0.0,1.25,-0.0015076345664535,4
2017-08-25,0,0.0006022926293142,0.0006022926293142,0.0,1.25,0.0007528657866427,4
2017-08-28,0,-0.001356130895716,-0.001356130895716,0.0,1.25,-0.001695163619645,4
2017-08-29,0,-0.0011148329425099,-0.0011148329425099,0.0,1.25,-0.0013935411781374,4
2017-08-30,0,-0.002166526833815,-0.002166526833815,0.0,1.25,-0.0027081585422688,4
2017-08-31,0,0.0002413065187754,0.0002413065187754,0.0,1.25,0.0003016331484692,4
2017-09-01,0,0.0008085087258413,0.0008085087258413,0.0,1.25,0.0010106359073016,4
2017-09-05,0,-0.0010218293231371,-0.0007056700483798,0.3161592747572313,1.25,-0.0012772866539213,4
2017-09-06,0,-0.0003164889378369,0.0,0.3164889378369185,1.25,-0.0003956111722961,4
2017-09-07,0,0.0,0.0,0.0,1.25,0.0,4
2017-09-08,0,-0.0006740202203465,-0.0005617298245542,0.1122903957923219,1.25,-0.0008425252754331,4
2017-09-11,0,0.0019295467215386,0.0021846081131521,0.2550613916135282,1.25,0.0024119334019232,4
2017-09-12,0,0.0007154359410261,0.0007154359410261,0.0,1.25,0.0008942949262826,4
2017-09-13,0,0.0021684249458569,0.0021684249458569,0.0,1.25,0.0027105311823211,4
2017-09-14,0,-0.0020136284951135,-0.001442078165663,0.5715503294504467,1.25,-0.0025170356188918,4
2017-09-15,0,0.0002975383725241,0.000614027310361,0.3164889378369185,1.25,0.0003719229656552,4
2017-09-18,0,0.0009646922947069,0.0012811812325438,0.3164889378369185,1.25,0.0012058653683836,4
2017-09-19,0,0.0032374128817683,0.0032374128817683,0.0,1.25,0.0040467661022104,4
2017-09-20,0,0.0037648410365515,0.0040813299743884,0.3164889378369185,1.25,0.0047060512956894,4
2017-09-21,0,-0.00112087604603,-0.00112087604603,0.0,1.25,-0.0014010950575376,4
2017-09-22,0,-0.0013657973437413,-0.0013657973437413,0.0,1.25,-0.0017072466796766,4
2017-09-25,0,-0.0011523666344338,-0.0011523666344338,0.0,1.25,-0.0014404582930423,4
2017-09-26,0,0.0008447742927291,0.001161263230566,0.3164889378369185,1.25,0.0010559678659114,4
2017-09-27,0,0.00150538583605,0.00150538583605,0.0,1.25,0.0018817322950625,4
2017-09-28,0,-8.367440629446948e-05,-8.367440629446948e-05,0.0,1.25,-0.000104593007868,4
2017-09-29,0,0.0007758348704525,0.0007758348704525,0.0,1.25,0.0009697935880657,4
2017-10-02,0,-0.0010208653652067,-0.0007043764273698,0.3164889378369185,1.25,-0.0012760817065084,4
2017-10-03,1,0.0,0.0,0.0,1.25,0.0,3
2017-10-04,1,0.0,0.0,0.0,1.25,0.0,3
2017-10-05,1,0.0,0.0,0.0,1.25,0.0,3
2017-10-06,1,0.0,0.0,0.0,1.25,0.0,3
2017-10-09,1,0.0,0.0,0.0,1.25,0.0,3
2017-10-10,1,0.0,0.0,0.0,1.25,0.0,3
2017-10-11,1,0.0,0.0,0.0,1.25,0.0,3
2017-10-12,1,0.0,0.0,0.0,1.25,0.0,3
2017-10-13,1,0.0,0.0,0.0,1.25,0.0,3
2017-10-16,1,0.0,0.0,0.0,1.25,0.0,3
2017-10-17,1,0.0,0.0,0.0,1.25,0.0,3
2017-10-18,1,0.0,0.0,0.0,1.25,0.0,3
2017-10-19,1,0.0,0.0,0.0,1.25,0.0,3
2017-10-20,1,0.0,0.0,0.0,1.25,0.0,3
2017-10-23,1,0.0,0.0,0.0,1.25,0.0,3
2017-10-24,1,-0.0014316088987173,-0.0007316088987173,0.7,1.25,-0.0017895111233966,3
2017-10-25,1,-0.0020824685085624,-0.0020824685085624,0.0,1.25,-0.0026030856357031,3
2017-10-26,1,-0.0021036691251554,-0.0018036691251554,0.3,1.25,-0.0026295864064443,3
2017-10-27,1,-0.0115348264241071,-0.0111848264241071,0.35,1.25,-0.0144185330301339,3
2017-10-30,1,-0.015840247383517,-0.015840247383517,0.0,1.25,-0.0198003092293962,3
2017-10-31,1,0.0011086724526228,0.0014586724526228,0.35,1.25,0.0013858405657786,3
2017-11-01,1,0.0041437559409127,0.0041437559409127,0.0,1.25,0.0051796949261409,3
2017-11-02,1,-0.0023195622691856,-0.0019695622691856,0.35,1.25,-0.002899452836482,3
2017-11-03,1,-0.0019273597057964,-0.0019273597057964,0.0,1.25,-0.0024091996322455,3
2017-11-06,1,0.0091901361041266,0.0091901361041266,0.0,1.25,0.0114876701301583,3
2017-11-07,1,0.0106731160074317,0.0110231160074317,0.35,1.25,0.0133413950092896,3
2017-11-08,1,-0.0050843989289779,-0.0050843989289779,0.0,1.25,-0.0063554986612223,3
2017-11-09,1,-0.0038369478836915,-0.0038369478836915,0.0,1.25,-0.0047961848546144,3
2017-11-10,1,0.0008534584907782,0.0008534584907782,0.0,1.25,0.0010668231134727,3
2017-11-13,1,-0.0023178577275699,-0.0019678577275699,0.35,1.25,-0.0028973221594624,3
2017-11-14,1,0.0031632044367032,0.0031632044367032,0.0,1.25,0.003954005545879,3
2017-11-15,1,0.0002161892630773,0.0002161892630773,0.0,1.25,0.0002702365788466,3
2017-11-16,1,-0.0017803661456609,-0.0011303661456609,0.65,1.25,-0.0022254576820762,3
2017-11-17,1,0.0014876679511454,0.0014876679511454,0.0,1.25,0.0018595849389318,3
2017-11-20,1,-0.0007,0.0,0.7,1.25,-0.000875,3
2017-11-21,1,0.0,0.0,0.0,1.25,0.0,3
2017-11-22,1,0.0,0.0,0.0,1.25,0.0,3
2017-11-24,1,0.0,0.0,0.0,1.25,0.0,3
2017-11-27,1,0.0,0.0,0.0,1.25,0.0,3
2017-11-28,1,0.0018713315847759,0.0022213315847759,0.35,1.25,0.0023391644809699,3
2017-11-29,1,-0.0044457335560646,-0.0044457335560646,0.0,1.25,-0.0055571669450807,3
2017-11-30,1,0.0002591118329312,0.0002591118329312,0.0,1.25,0.000323889791164,3
2017-12-01,1,0.0001985035674056,0.0001985035674056,0.0,1.25,0.000248129459257,3
2017-12-04,1,0.000374528624843,0.000374528624843,0.0,1.25,0.0004681607810538,3
2017-12-05,1,-0.00434253377582,-0.00404253377582,0.3,1.25,-0.005428167219775,3
2017-12-06,1,0.0017246738421543,0.0017246738421543,0.0,1.25,0.0021558423026928,3
2017-12-07,1,0.0022099915644954,0.0022099915644954,0.0,1.25,0.0027624894556192,3
2017-12-08,1,-0.0021608010571681,-0.0021608010571681,0.0,1.25,-0.0027010013214601,3
2017-12-11,1,0.0044061190382192,0.0044061190382192,0.0,1.25,0.005507648797774,3
2017-12-12,1,-0.0031332414048985,-0.0028332414048985,0.3,1.25,-0.0039165517561231,3
2017-12-13,1,0.0005974954276735,0.0005974954276735,0.0,1.25,0.0007468692845918,3
2017-12-14,1,-0.0042781486708386,-0.0042781486708386,0.0,1.25,-0.0053476858385483,3
2017-12-15,1,0.0014209107005759,0.0014209107005759,0.0,1.25,0.0017761383757199,3
2017-12-18,1,0.0018387689448331,0.0018387689448331,0.0,1.25,0.0022984611810413,3
2017-12-19,1,0.0005530602133782,0.0008530602133782,0.3,1.25,0.0006913252667228,3
2017-12-20,1,-0.0003880850881537,-0.0003880850881537,0.0,1.25,-0.0004851063601922,3
2017-12-21,1,0.0017423872768131,0.0017423872768131,0.0,1.25,0.0021779840960163,3
2017-12-22,1,0.0082851441491764,0.0082851441491764,0.0,1.25,0.0103564301864705,3
2017-12-26,1,0.0019304646349972,0.0022804646349972,0.35,1.25,0.0024130807937465,3
2017-12-27,1,-0.0019970104782187,-0.0019970104782187,0.0,1.25,-0.0024962630977733,3
2017-12-28,1,-0.0005922864010761,-0.0005922864010761,0.0,1.25,-0.0007403580013451,3
2017-12-29,1,0.0075624652274785,0.0075624652274785,0.0,1.25,0.0094530815343481,3
2018-01-02,1,-0.0003,0.0,0.3,1.25,-0.000375,3
2018-01-03,2,0.0,0.0,0.0,1.25,0.0,1
2018-01-04,2,-0.0019222020106076,-0.0009222020106076,1.0,1.25,-0.0024027525132596,1
2018-01-05,2,-0.0028197391213236,-0.0028197391213236,0.0,1.25,-0.0035246739016545,1
2018-01-08,2,0.0028518956850912,0.0028518956850912,0.0,1.25,0.003564869606364,1
2018-01-09,2,0.0024842016417467,0.0024842016417467,0.0,1.25,0.0031052520521834,1
2018-01-10,2,0.0019973257352111,0.0019973257352111,0.0,1.25,0.0024966571690139,1
2018-01-11,2,0.0052230292481395,0.0052230292481395,0.0,1.25,0.0065287865601743,1
2018-01-12,2,-0.0028665193978092,-0.0028665193978092,0.0,1.25,-0.0035831492472615,1
2018-01-16,2,-0.0001209648811117,-0.0001209648811117,0.0,1.25,-0.0001512061013896,1
2018-01-17,2,-0.0074741615622754,-0.0074741615622754,0.0,1.25,-0.0093427019528442,1
2018-01-18,2,0.0013119642603519,0.0013119642603519,0.0,1.25,0.0016399553254399,1
2018-01-19,2,-0.0039286697868214,-0.0039286697868214,0.0,1.25,-0.0049108372335268,1
2018-01-22,2,-0.0026578645252371,-0.0026578645252371,0.0,1.25,-0.0033223306565464,1
2018-01-23,2,0.0028056277130601,0.0028056277130601,0.0,1.25,0.0035070346413252,1
2018-01-24,2,0.0013564597490616,0.0013564597490616,0.0,1.25,0.001695574686327,1
2018-01-25,2,-0.0006018729254749,-0.0006018729254749,0.0,1.25,-0.0007523411568437,1
2018-01-26,2,0.0032773269486743,0.0032773269486743,0.0,1.25,0.0040966586858429,1
2018-01-29,2,0.004553254411989,0.004553254411989,0.0,1.25,0.0056915680149863,1
2018-01-30,2,0.0099976905772934,0.0099976905772934,0.0,1.25,0.0124971132216167,1
2018-01-31,2,0.0005570887118341,0.0005570887118341,0.0,1.25,0.0006963608897926,1
2018-02-01,2,-0.001,0.0,1.0,1.25,-0.00125,1
2018-02-02,2,0.0,0.0,0.0,1.25,0.0,1
2018-02-05,2,0.0,0.0,0.0,1.25,0.0,1
2018-02-06,2,0.0,0.0,0.0,1.25,0.0,1
2018-02-07,2,-0.0122170145870535,-0.0112170145870535,1.0,1.25,-0.0152712682338169,1
2018-02-08,2,-0.0134439141599167,-0.0134439141599167,0.0,1.25,-0.0168048926998959,1
2018-02-09,2,0.0278381708985444,0.0278381708985444,0.0,1.2274439279725695,0.0341697938352811,1
2018-02-12,2,-0.006834565094832,-0.006834565094832,0.0,0.9328132966280706,-0.0063753731971294,1
2018-02-13,2,-0.0073021915732416,-0.0073021915732416,0.0,0.9279213338761254,-0.0067758593448613,1
2018-02-14,2,0.0026465125258011,0.0026465125258011,0.0,0.9148250261250362,0.0024210958905562,1
2018-02-15,2,0.0088708133286241,0.0088708133286241,0.0,0.9156074262775736,0.0081221825608103,1
2018-02-16,2,0.0055676716607534,0.0055676716607534,0.0,0.8994707126150207,0.0050079575963043,1
2018-02-20,2,0.0001490419036505,0.0001490419036505,0.0,0.893416912625874,0.0001331565574113,1
2018-02-21,2,0.0025920448699072,0.0025920448699072,0.0,0.8966882061156194,0.0023242560645683,1
2018-02-22,2,-0.0028248661179007,-0.0028248661179007,0.0,0.9034333116961824,-0.0025520781519933,1
2018-02-23,2,0.0072929681728562,0.0072929681728562,0.0,0.9009812468439268,0.006570827557573,1
2018-02-26,2,0.003958309447652,0.003958309447652,0.0,0.8964785497718614,0.0035485395131793,1
2018-02-27,2,-0.0126585024439914,-0.0126585024439914,0.0,0.8987442188621846,-0.0113767558909901,1
2018-02-28,2,-0.0080454157426845,-0.0080454157426845,0.0,0.871160897205413,-0.0070088515967876,1
2018-03-01,2,-0.0148900401412512,-0.0148900401412512,0.0,0.8646273692416374,-0.0128743362352324,1
2018-03-02,2,0.0062024704046099,0.0062024704046099,0.0,0.8225833901081906,0.0051020491324697,1
2018-03-05,2,0.0010415429492284,0.0010415429492284,0.0,0.816121691592708,0.0008500257935907,1
2018-03-06,2,0.0004996780717045,0.0004996780717045,0.0,0.815982852129309,0.0004077287380959,1
2018-03-07,2,-0.001,0.0,1.0,0.8184500761116427,-0.0008184500761116,1
2018-03-08,2,0.0,0.0,0.0,0.8182065657876548,0.0,1
2018-03-09,2,0.0,0.0,0.0,0.8192213214822825,0.0,1
2018-03-12,2,0.0004241082777815,0.0014241082777815,1.0,0.8234411518987188,0.0003492282087862,1
2018-03-13,2,0.0123291783202238,0.0123291783202238,0.0,0.82808974727903,0.0102096661593522,1
2018-03-14,2,-0.0045225492039246,-0.0045225492039246,0.0,0.8034465724876482,-0.0036336266567999,1
2018-03-15,2,-0.0028731683195632,-0.0028731683195632,0.0,0.8000453757822791,-0.0022986650279107,1
2018-03-16,2,0.0068383905727697,0.0068383905727697,0.0,0.7987902898940707,0.0054624399880315,1
2018-03-19,2,0.0138388966754167,0.0138388966754167,0.0,0.7921420866118234,0.01096237248887,1
2018-03-20,2,0.0118758062312782,0.0118758062312782,0.0,0.7648853862735786,0.0090836306365214,1
2018-03-21,2,6.19495483547763e-05,6.19495483547763e-05,0.0,0.753595394623091,4.6684894339139904e-05,1
2018-03-22,2,0.0164141998421823,0.0164141998421823,0.0,0.755837891622098,0.0124064742013788,1
2018-03-23,2,0.0055789132696557,0.0055789132696557,0.0,0.7246211330447638,0.0040425984546164,1
2018-03-26,2,-0.0037363005985525,-0.0037363005985525,0.0,0.7220484401854613,-0.0026977900192488,1
2018-03-27,2,0.0164038155588846,0.0164038155588846,0.0,0.7199889007415639,0.0118105651322087,1
2018-03-28,2,-0.0138795036431986,-0.0138795036431986,0.0,0.6932032645267072,-0.0096213172354756,1
2018-03-29,2,-0.0170825288684583,-0.0170825288684583,0.0,0.6742402188048442,-0.0115177280020094,1
2018-04-02,2,-0.0023395876828366,-0.0023395876828366,0.0,0.6487031957131194,-0.0015176980065071,1
2018-04-03,2,0.0010851555018053,0.0010851555018053,0.0,0.6495753567652534,0.0007048902722309,1
2018-04-04,2,-0.0025528580131049,-0.0025528580131049,0.0,0.6497861393411497,-0.0016588117526216,1
2018-04-05,3,0.0,0.0,0.0,1.25,0.0,4
2018-04-06,3,0.0,0.0,0.0,1.25,0.0,4
2018-04-09,3,0.0,0.0,0.0,1.25,0.0,4
2018-04-10,3,0.0,0.0,0.0,1.25,0.0,4
2018-04-11,3,0.0,0.0,0.0,1.25,0.0,4
2018-04-12,3,0.0,0.0,0.0,1.25,0.0,4
2018-04-13,3,0.0,0.0,0.0,1.25,0.0,4
2018-04-16,3,0.0,0.0,0.0,1.25,0.0,4
2018-04-17,3,-0.0020753215712504,-0.0017812319039393,0.2940896673110465,1.25,-0.002594151964063,4
2018-04-18,3,-0.000294089667311,0.0,0.2940896673110465,1.25,-0.0003676120841388,4
2018-04-19,3,0.0,0.0,0.0,1.25,0.0,4
2018-04-20,3,0.0,0.0,0.0,1.25,0.0,4
2018-04-23,3,-0.0036814249281468,-0.0033873352608358,0.2940896673110465,1.25,-0.0046017811601835,4
2018-04-24,3,-0.000294089667311,0.0,0.2940896673110465,1.25,-0.0003676120841388,4
2018-04-25,3,-0.0037920674745434,-0.0034979778072323,0.2940896673110465,1.25,-0.0047400843431792,4
2018-04-26,3,-0.000294089667311,0.0,0.2940896673110465,1.25,-0.0003676120841388,4
2018-04-27,3,0.0,0.0,0.0,1.25,0.0,4
2018-04-30,3,0.0,0.0,0.0,1.25,0.0,4
2018-05-01,3,0.0004839559659526,0.0007780456332637,0.2940896673110465,1.25,0.0006049449574408,4
2018-05-02,3,-0.000448666051656,-0.000448666051656,0.0,1.25,-0.00056083256457,4
2018-05-03,3,-0.0005744013102448,-0.0005744013102448,0.0,1.25,-0.000718001637806,4
2018-05-04,3,-0.001397681614614,-0.001397681614614,0.0,1.25,-0.0017471020182676,4
2018-05-07,3,0.0013401294530606,0.0013401294530606,0.0,1.25,0.0016751618163258,4
2018-05-08,3,0.0025167294394651,0.0025167294394651,0.0,1.25,0.0031459117993314,4
2018-05-09,3,-0.0006169072694603,-0.0006169072694603,0.0,1.25,-0.0007711340868254,4
2018-05-10,3,0.0010442286890228,0.0012103971635746,0.1661684745518839,1.25,0.0013052858612785,4
2018-05-11,3,-0.0003937749941178,-0.0003937749941178,0.0,1.25,-0.0004922187426473,4
2018-05-14,3,-0.0004896066085567,0.0001544830587543,0.6440896673110466,1.25,-0.0006120082606958,4
2018-05-15,3,0.0016375661970428,0.0016375661970428,0.0,1.25,0.0020469577463035,4
2018-05-16,3,0.0002798436932348,0.0002798436932348,0.0,1.25,0.0003498046165436,4
2018-05-17,3,2.03369267436725e-05,2.03369267436725e-05,0.0,1.25,2.5421158429590623e-05,4
2018-05-18,3,0.0009490732770169,0.0009490732770169,0.0,1.25,0.0011863415962712,4
2018-05-21,3,-0.000438678943546,-0.000438678943546,0.0,1.25,-0.0005483486794325,4
2018-05-22,3,0.0015837545869481,0.0017734964450852,0.1897418581370696,1.25,0.0019796932336852,4
2018-05-23,3,0.0002299831968412,0.0003961516713931,0.1661684745518839,1.25,0.0002874789960516,4
2018-05-24,3,0.0007886561037153,0.0007886561037153,0.0,1.25,0.0009858201296441,4
2018-05-25,3,-0.0009309343255806,-0.0009309343255806,0.0,1.25,-0.0011636679069758,4
2018-05-29,3,0.0006379783549398,0.0006379783549398,0.0,1.25,0.0007974729436748,4
2018-05-30,3,-0.000549995589631,-0.000549995589631,0.0,1.25,-0.0006874944870387,4
2018-05-31,3,0.0007357575977806,0.0007357575977806,0.0,1.25,0.0009196969972258,4
2018-06-01,3,-0.0013248987735517,-0.0013248987735517,0.0,1.25,-0.0016561234669397,4
2018-06-04,3,-0.0008074086934717,-0.0006412402189199,0.1661684745518839,1.25,-0.0010092608668397,4
2018-06-05,3,0.0007768406141238,0.0007768406141238,0.0,1.25,0.0009710507676548,4
2018-06-06,3,-0.0011691352582656,-0.0011691352582656,0.0,1.25,-0.001461419072832,4
2018-06-07,3,-0.0001494298215476,-0.0001494298215476,0.0,1.25,-0.0001867872769345,4
2018-06-08,3,9.565337065849786e-05,9.565337065849786e-05,0.0,1.25,0.0001195667133231,4
2018-06-11,3,-0.0017375812819048,-0.0017375812819048,0.0,1.25,-0.002171976602381,4
2018-06-12,3,0.0004472619389586,0.0004472619389586,0.0,1.25,0.0005590774236983,4
2018-06-13,3,0.0004572597035279,0.0004572597035279,0.0,1.25,0.0005715746294099,4
2018-06-14,3,-0.002900598642186,-0.002900598642186,0.0,1.25,-0.0036257483027325,4
2018-06-15,3,-0.0003094488377118,-0.0001432803631599,0.1661684745518839,1.25,-0.0003868110471397,4
2018-06-18,3,-0.0015469317285055,-0.0013807632539536,0.1661684745518839,1.25,-0.0019336646606318,4
2018-06-19,3,8.68887555113476e-05,0.0002766306136484,0.1897418581370696,1.25,0.0001086109443891,4
2018-06-20,3,0.0004820562009986,0.0004820562009986,0.0,1.25,0.0006025702512483,4
2018-06-21,3,0.000736158840895,0.000736158840895,0.0,1.25,0.0009201985511187,4
2018-06-22,3,-0.0004016163773286,-0.0004016163773286,0.0,1.25,-0.0005020204716607,4
2018-06-25,3,0.0009079489781589,0.0012579489781589,0.35,1.25,0.0011349362226987,4
2018-06-26,3,0.0010481947195657,0.0010481947195657,0.0,1.25,0.0013102433994571,4
2018-06-27,3,0.0003640843172767,0.0003640843172767,0.0,1.25,0.0004551053965959,4
2018-06-28,3,-0.0001456912495163,-0.0001456912495163,0.0,1.25,-0.0001821140618954,4
2018-06-29,3,-0.0001661684745518,0.0,0.1661684745518839,1.25,-0.0002077105931898,4
2018-07-02,3,0.0,0.0,0.0,1.25,0.0,4
2018-07-03,3,0.0,0.0,0.0,1.25,0.0,4
2018-07-05,4,0.0,0.0,0.0,1.25,0.0,4
2018-07-06,4,-0.0006519289444391,-0.0003500655078146,0.3018634366244978,1.25,-0.0008149111805489,4
2018-07-09,4,-0.0019973929950076,-0.0016473929950076,0.35,1.25,-0.0024967412437595,4
2018-07-10,4,-0.0026575752112649,-0.0026575752112649,0.0,1.25,-0.0033219690140812,4
2018-07-11,4,-0.0006305013624884,-0.0006305013624884,0.0,1.25,-0.0007881267031105,4
2018-07-12,4,-0.0046720838060779,-0.0046720838060779,0.0,1.25,-0.0058401047575974,4
2018-07-13,4,-0.004896954553041,-0.004896954553041,0.0,1.25,-0.0061211931913013,4
2018-07-16,4,0.0020472699375007,0.0023972699375007,0.35,1.25,0.0025590874218759,4
2018-07-17,4,-0.0021192262243702,-0.0017692262243702,0.35,1.25,-0.0026490327804628,4
2018-07-18,4,0.0013786782174075,0.0015672526789201,0.1885744615126534,1.25,0.0017233477717593,4
2018-07-19,4,0.001735685203565,0.0020375486401895,0.3018634366244978,1.25,0.0021696065044562,4
2018-07-20,4,-0.0044996943443117,-0.0041978309076872,0.3018634366244978,1.25,-0.0056246179303896,4
2018-07-23,4,0.0036246969454042,0.0036246969454042,0.0,1.25,0.0045308711817553,4
2018-07-24,4,0.0001288508921654,0.0004788508921654,0.35,1.25,0.0001610636152067,4
2018-07-25,4,-0.0046464252303313,-0.0042964252303313,0.35,1.25,-0.0058080315379141,4
2018-07-26,4,-0.0023303363986018,-0.0019803363986018,0.35,1.25,-0.0029129204982522,4
2018-07-27,4,0.0018174381669297,0.0021674381669297,0.35,1.25,0.0022717977086622,4
2018-07-30,4,0.0030606832043431,0.0030606832043431,0.0,1.25,0.0038258540054288,4
2018-07-31,4,0.0006863796519709,0.0008459417538337,0.1595621018628489,1.25,0.0008579745649636,4
2018-08-01,4,-0.0052706273806005,-0.0052706273806005,0.0,1.25,-0.0065882842257506,4
2018-08-02,4,-0.0019090920682748,-0.0016072286316503,0.3018634366244978,1.25,-0.0023863650853435,4
2018-08-03,4,0.0002105101903006,0.0002105101903006,0.0,1.25,0.0002631377378758,4
2018-08-06,4,0.0002040089425236,0.0003635710443864,0.1595621018628489,1.25,0.0002550111781545,4
2018-08-07,4,-0.0003209845925282,-0.0003209845925282,0.0,1.25,-0.0004012307406603,4
2018-08-08,4,-0.0017525025838749,-0.0017525025838749,0.0,1.25,-0.0021906282298436,4
2018-08-09,4,-0.0012674583013652,-0.0012674583013652,0.0,1.25,-0.0015843228767066,4
2018-08-10,4,0.0088474482386893,0.0088474482386893,0.0,1.25,0.0110593102983617,4
2018-08-13,4,0.0005579915212711,0.0005579915212711,0.0,1.25,0.0006974894015889,4
2018-08-14,4,-0.0022347466819063,-0.0020461722203936,0.1885744615126534,1.25,-0.0027934333523829,4
2018-08-15,4,0.0022109644086817,0.0022109644086817,0.0,1.25,0.0027637055108521,4
2018-08-16,4,0.0001793358029221,0.0001793358029221,0.0,1.25,0.0002241697536526,4
2018-08-17,4,-0.0015653455188896,-0.0012634820822651,0.3018634366244978,1.25,-0.001956681898612,4
2018-08-20,4,0.0020139784570964,0.0020139784570964,0.0,1.25,0.0025174730713706,4
2018-08-21,4,0.0026665752895896,0.0026665752895896,0.0,1.25,0.003333219111987,4
2018-08-22,4,-0.0001659404952028,0.0001840595047971,0.35,1.25,-0.0002074256190035,4
2018-08-23,4,0.001398216071508,0.0015577781733709,0.1595621018628489,1.25,0.001747770089385,4
2018-08-24,4,-0.0131418334806414,-0.0131418334806414,0.0,1.25,-0.0164272918508018,4
2018-08-27,4,0.0021941587131954,0.0023537208150582,0.1595621018628489,1.25,0.0027426983914943,4
2018-08-28,4,-0.0013262158240031,-0.0013262158240031,0.0,1.25,-0.0016577697800039,4
2018-08-29,4,-0.0001293357230827,-0.0001293357230827,0.0,1.25,-0.0001616696538534,4
2018-08-30,4,9.011801255897348e-05,0.0005515435510463,0.4614255384873467,1.25,0.0001126475156987,4
2018-08-31,4,-0.0009777556488579,-0.0009777556488579,0.0,1.25,-0.0012221945610724,4
2018-09-04,4,0.0017450350348387,0.0017450350348387,0.0,1.25,0.0021812937935484,4
2018-09-05,4,-0.0004268176357066,-0.0004268176357066,0.0,1.25,-0.0005335220446332,4
2018-09-06,4,0.0010425879647726,0.0015330258629097,0.4904378981371512,1.25,0.0013032349559657,4
2018-09-07,4,-0.0060802035661497,-0.0060802035661497,0.0,1.25,-0.0076002544576871,4
2018-09-10,4,0.000907554526676,0.0010961289881886,0.1885744615126534,1.25,0.001134443158345,4
2018-09-11,4,0.0026669045373668,0.0032054789988795,0.5385744615126534,1.25,0.0033336306717086,4
2018-09-12,4,0.0028937465076466,0.0028937465076466,0.0,1.25,0.0036171831345582,4
2018-09-13,4,-0.0011451612192687,-0.0011451612192687,0.0,1.25,-0.0014314515240859,4
2018-09-14,4,0.0005721607850841,0.0005721607850841,0.0,1.25,0.0007152009813551,4
2018-09-17,4,-0.002832596005319,-0.002832596005319,0.0,1.25,-0.0035407450066488,4
2018-09-18,4,-0.0066262933204873,-0.0066262933204873,0.0,1.25,-0.0082828666506092,4
2018-09-19,4,0.0003089419264223,0.0006108053630468,0.3018634366244978,1.25,0.0003861774080279,4
2018-09-20,4,-0.0020093604993329,-0.0016593604993329,0.35,1.25,-0.0025117006241661,4
2018-09-21,4,-0.0019437248433591,-0.0016418614067346,0.3018634366244978,1.25,-0.0024296560541989,4
2018-09-24,4,0.0004517443599589,0.0004517443599589,0.0,1.25,0.0005646804499487,4
2018-09-25,4,-0.0032053310880956,-0.0032053310880956,0.0,1.25,-0.0040066638601195,4
2018-09-26,4,-0.0002858611449638,-0.0002858611449638,0.0,1.25,-0.0003573264312048,4
2018-09-27,4,-0.0012290549083105,-0.0012290549083105,0.0,1.25,-0.0015363186353881,4
2018-09-28,4,-4.582166403246791e-05,-4.582166403246791e-05,0.0,1.25,-5.7277080040584885e-05,4
2018-10-01,4,-0.0015852549161956,-0.0015852549161956,0.0,1.25,-0.0019815686452445,4
2018-10-02,4,0.0002719986750718,0.0002719986750718,0.0,1.25,0.0003399983438398,4
2018-10-03,5,0.0,0.0,0.0,1.25,0.0,4
2018-10-04,5,0.0,0.0,0.0,1.25,0.0,4
2018-10-05,5,-0.0010061897156402,-0.0006659812021669,0.3402085134732854,1.25,-0.0012577371445502,4
2018-10-08,5,-0.0003002432426723,-0.0001978314379542,0.1024118047181844,1.25,-0.0003753040533404,4
2018-10-09,5,0.0015736597335351,0.0021310394153436,0.5573796818085301,1.25,0.0019670746669189,4
2018-10-10,5,-0.0123780360767873,-0.0123780360767873,0.0,1.25,-0.0154725450959841,4
2018-10-11,5,0.0006823833382726,0.0007847951429907,0.1024118047181844,1.25,0.0008529791728407,4
2018-10-12,5,0.0032306122146375,0.0032306122146375,0.0,1.25,0.0040382652682969,4
2018-10-15,5,-0.0087832613517966,-0.0086808495470784,0.1024118047181844,1.25,-0.0109790766897458,4
2018-10-16,5,-0.0005640369194515,-0.0005640369194515,0.0,1.25,-0.0007050461493144,4
2018-10-17,5,-0.0011120126233676,-0.0007718041098944,0.3402085134732854,1.25,-0.0013900157792096,4
2018-10-18,5,-0.0027143593937039,-0.0023741508802306,0.3402085134732854,1.25,-0.0033929492421299,4
2018-10-19,5,-0.0058436325944749,-0.0058436325944749,0.0,1.25,-0.0073045407430936,4
2018-10-22,5,0.0023015313038401,0.0026515313038401,0.3499999999999999,1.25,0.0028769141298001,4
2018-10-23,5,-0.0105819361122156,-0.0102319361122156,0.3499999999999999,1.25,-0.0132274201402695,4
2018-10-24,5,-0.0117462797708455,-0.0117462797708455,0.0,1.25,-0.0146828497135569,4
2018-10-25,5,0.001509118061501,0.0016115298662192,0.1024118047181844,1.25,0.0018863975768762,4
2018-10-26,5,0.0015976046703739,0.0015976046703739,0.0,1.25,0.0019970058379674,4
2018-10-29,5,-0.0017295975587574,-0.0017295975587574,0.0,1.25,-0.0021619969484468,4
2018-10-30,5,-0.0021448811620477,-0.0021448811620477,0.0,1.25,-0.0026811014525597,4
2018-10-31,5,-0.0034186019322949,-0.0034186019322949,0.0,1.25,-0.0042732524153686,4
2018-11-01,5,0.0041634978304921,0.0041634978304921,0.0,1.25,0.0052043722881151,4
2018-11-02,5,0.000894844423262,0.000894844423262,0.0,1.25,0.0011185555290775,4
2018-11-05,5,0.0010168292839015,0.00157420896571,0.5573796818085301,1.25,0.0012710366048768,4
2018-11-06,5,-0.0020919273062284,-0.0017419273062284,0.3499999999999999,1.25,-0.0026149091327855,4
2018-11-07,5,0.0016918809002101,0.0016918809002101,0.0,1.25,0.0021148511252626,4
2018-11-08,5,-0.0099184392078314,-0.0099184392078314,0.0,1.25,-0.0123980490097892,4
2018-11-09,5,0.0003378006660727,0.0005451803478812,0.2073796818085301,1.25,0.0004222508325908,4
2018-11-12,5,0.0026060081420139,0.0026060081420139,0.0,1.25,0.0032575101775174,4
2018-11-13,5,0.0013242461482094,0.0013242461482094,0.0,1.25,0.0016553076852617,4
2018-11-14,5,3.949888732939053e-05,0.0003797074008026,0.3402085134732854,1.25,4.937360916173816e-05,4
2018-11-15,5,-0.000252531572579,-0.000252531572579,0.0,1.25,-0.0003156644657238,4
2018-11-16,5,-0.0041224042720553,-0.003782195758582,0.3402085134732854,1.25,-0.0051530053400691,4
2018-11-19,5,0.0028742666587956,0.0032242666587956,0.3499999999999999,1.25,0.0035928333234945,4
2018-11-20,5,0.0051000270641321,0.0051000270641321,0.0,1.25,0.0063750338301651,4
2018-11-21,5,-0.0020141989495661,-0.0020141989495661,0.0,1.25,-0.0025177486869576,4
2018-11-23,5,0.0011402821074388,0.0011402821074388,0.0,1.25,0.0014253526342985,4
2018-11-26,5,-0.0006957526223803,-0.0006957526223803,0.0,1.25,-0.0008696907779754,4
2018-11-27,5,-0.004035733140534,-0.004035733140534,0.0,1.25,-0.0050446664256676,4
2018-11-28,5,-0.0014591796919279,-0.0014591796919279,0.0,1.25,-0.0018239746149099,4
2018-11-29,5,-0.000291631944161,-0.000291631944161,0.0,1.25,-0.0003645399302012,4
2018-11-30,5,-0.0019361612188412,-0.0019361612188412,0.0,1.25,-0.0024202015235515,4
2018-12-03,5,-7.028335941407704e-05,-7.028335941407704e-05,0.0,1.25,-8.78541992675963e-05,4
2018-12-04,5,0.0031393555011278,0.0031393555011278,0.0,1.25,0.0039241943764098,4
2018-12-06,5,-0.0031198203396789,-0.0031198203396789,0.0,1.25,-0.0038997754245986,4
2018-12-07,5,0.0053211772267477,0.0053211772267477,0.0,1.25,0.0066514715334346,4
2018-12-10,5,0.0023261112297164,0.002533490911525,0.2073796818085301,1.25,0.0029076390371455,4
2018-12-11,5,-0.0010991517200349,-0.0010991517200349,0.0,1.25,-0.0013739396500437,4
2018-12-12,5,-0.0003091878691498,-0.0003091878691498,0.0,1.25,-0.0003864848364373,4
2018-12-13,5,-0.0001260936472021,-0.0001260936472021,0.0,1.25,-0.0001576170590026,4
2018-12-14,5,-0.0018906970839786,-0.0015406970839786,0.3499999999999999,1.25,-0.0023633713549733,4
2018-12-17,5,0.0024610258759296,0.0028012343894029,0.3402085134732854,1.25,0.0030762823449121,4
2018-12-18,5,1.7937344226229553e-05,1.7937344226229553e-05,0.0,1.25,2.242168028278694e-05,4
2018-12-19,5,-0.0009407928044934,-0.0009407928044934,0.0,1.25,-0.0011759910056168,4
2018-12-20,5,0.0015198589970277,0.0015198589970277,0.0,1.25,0.0018998237462847,4
2018-12-21,5,-0.0019811744427231,-0.0019811744427231,0.0,1.25,-0.0024764680534039,4
2018-12-24,5,0.0082262545081508,0.0082262545081508,0.0,1.25,0.0102828181351885,4
2018-12-26,5,-0.0033272908984207,-0.0033272908984207,0.0,1.25,-0.0041591136230259,4
2018-12-27,5,-0.0026197163159993,-0.0026197163159993,0.0,1.25,-0.0032746453949992,4
2018-12-28,5,-0.0003499999999999,0.0,0.3499999999999999,1.25,-0.0004374999999999,4
2018-12-31,5,0.0,0.0,0.0,1.25,0.0,4
2019-01-02,5,0.0,0.0,0.0,1.25,0.0,4
2019-01-03,5,0.0,0.0,0.0,1.25,0.0,4
2019-01-04,6,0.0,0.0,0.0,1.25,0.0,4
2019-01-07,6,-0.0006388340737477,-0.0004547970590717,0.1840370146759529,1.25,-0.0007985425921846,4
2019-01-08,6,-0.0039265809692364,-0.0037052476683083,0.2213333009280207,1.25,-0.0049082262115455,4
2019-01-09,6,-0.0010356001618057,-0.0007824036038862,0.2531965579194851,1.25,-0.0012945002022572,4
2019-01-10,6,-0.0007922993296963,-0.0007922993296963,0.0,1.25,-0.0009903741621204,4
2019-01-11,6,0.0031883162842952,0.0031883162842952,0.0,1.25,0.003985395355369,4
2019-01-14,6,-0.0017883355552294,-0.0017883355552294,0.0,1.25,-0.0022354194440367,4
2019-01-15,6,0.0007543456139382,0.0007543456139382,0.0,1.25,0.0009429320174227,4
2019-01-16,6,-0.002358503359532,-0.002358503359532,0.0,1.25,-0.002948129199415,4
2019-01-17,6,-6.111398470303884e-05,-6.111398470303884e-05,0.0,1.25,-7.639248087879856e-05,4
2019-01-18,6,-0.0003971560126599,-0.0003971560126599,0.0,1.25,-0.0004964450158248,4
2019-01-22,6,0.0046505165109793,0.0046505165109793,0.0,1.25,0.0058131456387241,4
2019-01-23,6,-0.0007037287237742,-0.0004505321658547,0.2531965579194851,1.25,-0.0008796609047177,4
2019-01-24,6,0.0008834322465313,0.0008834322465313,0.0,1.25,0.0011042903081641,4
2019-01-25,6,-0.0012507167798579,-0.0012507167798579,0.0,1.25,-0.0015633959748224,4
2019-01-28,6,0.0016233064397525,0.0016233064397525,0.0,1.25,0.0020291330496907,4
2019-01-29,6,-0.0009897022503882,-0.0009897022503882,0.0,1.25,-0.0012371278129853,4
2019-01-30,6,-0.0002458467747106,-0.0002458467747106,0.0,1.25,-0.0003073084683883,4
2019-01-31,6,-0.0011714945498656,-0.0011714945498656,0.0,1.25,-0.001464368187332,4
2019-02-01,6,-0.0039948414549329,-0.0039948414549329,0.0,1.25,-0.0049935518186661,4
2019-02-04,6,0.001002017083054,0.0011860540977299,0.1840370146759529,1.25,0.0012525213538175,4
2019-02-05,6,-0.000221333300928,0.0,0.2213333009280207,1.25,-0.00027666662616,4
2019-02-06,6,0.0,0.0,0.0,1.25,0.0,4
2019-02-07,6,0.0,0.0,0.0,1.25,0.0,4
2019-02-08,6,0.0,0.0,0.0,1.25,0.0,4
2019-02-11,6,0.0,0.0,0.0,1.25,0.0,4
2019-02-12,6,0.0,0.0,0.0,1.25,0.0,4
2019-02-13,6,0.0,0.0,0.0,1.25,0.0,4
2019-02-14,6,0.0,0.0,0.0,1.25,0.0,4
2019-02-15,6,0.0,0.0,0.0,1.25,0.0,4
2019-02-19,6,0.0,0.0,0.0,1.25,0.0,4
2019-02-20,6,0.0,0.0,0.0,1.25,0.0,4
2019-02-21,6,0.0,0.0,0.0,1.25,0.0,4
2019-02-22,6,0.0056737486951404,0.0060151818216169,0.3414331264765412,1.25,0.0070921858689255,4
2019-02-25,6,-0.0028645217755612,-0.0028645217755612,0.0,1.25,-0.0035806522194515,4
2019-02-26,6,-0.0008089617919155,-0.0008089617919155,0.0,1.25,-0.0010112022398944,4
2019-02-27,6,0.0008531812847831,0.0008531812847831,0.0,1.25,0.0010664766059789,4
2019-02-28,6,-0.0003414331264765,0.0,0.3414331264765412,1.25,-0.0004267914080956,4
2019-03-01,6,0.0,0.0,0.0,1.25,0.0,4
2019-03-04,6,0.0,0.0,0.0,1.25,0.0,4
2019-03-05,6,0.0,0.0,0.0,1.25,0.0,4
2019-03-06,6,0.0,0.0,0.0,1.25,0.0,4
2019-03-07,6,0.0,0.0,0.0,1.25,0.0,4
2019-03-08,6,-0.0010545065801286,-0.0008704695654527,0.1840370146759529,1.25,-0.0013181332251608,4
2019-03-11,6,0.0005343799345163,0.0005343799345163,0.0,1.25,0.0006679749181454,4
2019-03-12,6,0.0001239772733326,0.0001239772733326,0.0,1.25,0.0001549715916657,4
2019-03-13,6,-0.00096567525459,-0.0006242421281135,0.3414331264765412,1.25,-0.0012070940682375,4
2019-03-14,6,0.0011142189988901,0.0011142189988901,0.0,1.25,0.0013927737486126,4
2019-03-15,6,-0.0004027054073094,-6.127228083289114e-05,0.3414331264765412,1.25,-0.0005033817591367,4
2019-03-18,6,-0.0001095172191648,-0.0001095172191648,0.0,1.25,-0.000136896523956,4
2019-03-19,6,-0.0007351684289184,-0.0003937353024419,0.3414331264765412,1.25,-0.000918960536148,4
2019-03-20,6,1.4793056499569812e-06,1.4793056499569812e-06,0.0,1.25,1.8491320624462263e-06,4
2019-03-21,6,-0.0042966869135896,-0.0042966869135896,0.0,1.25,-0.005370858641987,4
2019-03-22,6,0.0030712613949954,0.0032925946959234,0.2213333009280207,1.25,0.0038390767437443,4
2019-03-25,6,0.0021028759408998,0.0024443090673764,0.3414331264765412,1.25,0.0026285949261248,4
2019-03-26,6,-0.0003708974860572,-0.0001495641851291,0.2213333009280207,1.25,-0.0004636218575715,4
2019-03-27,6,-0.001081556270223,-0.001081556270223,0.0,1.25,-0.0013519453377788,4
2019-03-28,6,0.0014644884747705,0.001939018333618,0.4745298588475058,1.25,0.0018306105934631,4
2019-03-29,6,0.0006238506376143,0.0009652837640908,0.3414331264765412,1.25,0.0007798132970179,4
2019-04-01,6,0.0021677771428606,0.0021677771428606,0.0,1.25,0.0027097214285758,4
2019-04-02,6,0.0009742068485712,0.0009742068485712,0.0,1.25,0.001217758560714,4
2019-04-03,6,0.0009750493976801,0.0009750493976801,0.0,1.25,0.0012188117471001,4
2019-04-04,6,-0.0062254180884493,-0.0056999479472968,0.5254701411524942,1.25,-0.0077817726105617,4
2019-04-05,7,0.0,0.0,0.0,1.25,0.0,2
2019-04-08,7,0.0054959343375523,0.0059959343375523,0.5,1.25,0.0068699179219404,2
2019-04-09,7,-0.0005,0.0,0.5,1.25,-0.000625,2
2019-04-10,7,0.0,0.0,0.0,1.25,0.0,2
2019-04-11,7,-4.0085676535098105e-05,0.0004599143234649,0.5,1.25,-5.010709566887263e-05,2
2019-04-12,7,-0.0012210511979828,-0.0012210511979828,0.0,1.25,-0.0015263139974785,2
2019-04-15,7,-0.0002321477009971,-0.0002321477009971,0.0,1.25,-0.0002901846262464,2
2019-04-16,7,-0.0118288142452004,-0.0118288142452004,0.0,1.25,-0.0147860178065006,2
2019-04-17,7,-0.0005,0.0,0.5,1.25,-0.000625,2
2019-04-18,7,-0.0038208055467199,-0.0033208055467199,0.5,1.25,-0.0047760069333999,2
2019-04-22,7,0.0023469182271673,0.0023469182271673,0.0,1.25,0.0029336477839592,2
2019-04-23,7,-0.0005,0.0,0.5,1.25,-0.000625,2
2019-04-24,7,0.0,0.0,0.0,1.25,0.0,2
2019-04-25,7,0.0,0.0,0.0,1.25,0.0,2
2019-04-26,7,0.0010430310236868,0.0015430310236868,0.5,1.25,0.0013037887796085,2
2019-04-29,7,-0.0005,0.0,0.5,1.25,-0.000625,2
2019-04-30,7,0.0,0.0,0.0,1.25,0.0,2
2019-05-01,7,0.0,0.0,0.0,1.25,0.0,2
2019-05-02,7,0.0,0.0,0.0,1.25,0.0,2
2019-05-03,7,0.0043500153204566,0.0048500153204566,0.5,1.25,0.0054375191505708,2
2019-05-06,7,-0.0005,0.0,0.5,1.25,-0.000625,2
2019-05-07,7,-0.0052834143883526,-0.0047834143883526,0.5,1.25,-0.0066042679854407,2
2019-05-08,7,0.0005415026823149,0.0005415026823149,0.0,1.25,0.0006768783528937,2
2019-05-09,7,0.0014390765352219,0.0014390765352219,0.0,1.25,0.0017988456690273,2
2019-05-10,7,-0.0008595181110751,-0.0008595181110751,0.0,1.25,-0.0010743976388438,2
2019-05-13,7,-0.0101285676111077,-0.0101285676111077,0.0,1.25,-0.0126607095138846,2
2019-05-14,7,-0.0001962461748074,-0.0001962461748074,0.0,1.25,-0.0002453077185093,2
2019-05-15,7,0.0123775172366815,0.0123775172366815,0.0,1.25,0.0154718965458518,2
2019-05-16,7,-0.0058358790787651,-0.0058358790787651,0.0,1.25,-0.0072948488484564,2
2019-05-17,7,0.0055618856815959,0.0055618856815959,0.0,1.25,0.0069523571019949,2
2019-05-20,7,0.0045614200960301,0.0045614200960301,0.0,1.25,0.0057017751200376,2
2019-05-21,7,0.0027682449584912,0.0027682449584912,0.0,1.25,0.0034603061981141,2
2019-05-22,7,-0.0005,0.0,0.5,1.25,-0.000625,2
2019-05-23,7,0.0,0.0,0.0,1.25,0.0,2
2019-05-24,7,0.0,0.0,0.0,1.25,0.0,2
2019-05-28,7,0.0,0.0,0.0,1.25,0.0,2
2019-05-29,7,0.0,0.0,0.0,1.25,0.0,2
2019-05-30,7,0.0,0.0,0.0,1.25,0.0,2
2019-05-31,7,0.0,0.0,0.0,1.25,0.0,2
2019-06-03,7,0.0,0.0,0.0,1.25,0.0,2
2019-06-04,7,0.0,0.0,0.0,1.25,0.0,2
2019-06-05,7,0.0,0.0,0.0,1.25,0.0,2
2019-06-06,7,0.0,0.0,0.0,1.25,0.0,2
2019-06-07,7,0.0,0.0,0.0,1.25,0.0,2
2019-06-10,7,-0.013350166629022,-0.012850166629022,0.5,1.25,-0.0166877082862775,2
2019-06-11,7,-0.0005,0.0,0.5,1.25,-0.000625,2
2019-06-12,7,0.0023621969076184,0.0028621969076184,0.5,1.25,0.002952746134523,2
2019-06-13,7,-0.0018789360969515,-0.0018789360969515,0.0,1.25,-0.0023486701211894,2
2019-06-14,7,-0.0019784059875206,-0.0019784059875206,0.0,1.25,-0.0024730074844008,2
2019-06-17,7,-0.0005784142931388,-0.0005784142931388,0.0,1.25,-0.0007230178664235,2
2019-06-18,7,-0.0005,0.0,0.5,1.25,-0.000625,2
2019-06-19,7,0.0,0.0,0.0,1.25,0.0,2
2019-06-20,7,0.0,0.0,0.0,1.25,0.0,2
2019-06-21,7,0.0,0.0,0.0,1.25,0.0,2
2019-06-24,7,-0.0006423711068391,-0.0001423711068391,0.5,1.25,-0.0008029638835489,2
2019-06-25,7,0.0014360560362467,0.0014360560362467,0.0,1.25,0.0017950700453084,2
2019-06-26,7,-0.0067894285223765,-0.0067894285223765,0.0,1.25,-0.0084867856529706,2
2019-06-27,7,-0.0022621129671116,-0.0022621129671116,0.0,1.25,-0.0028276412088895,2
2019-06-28,7,-0.0008202005679049,-0.0008202005679049,0.0,1.25,-0.0010252507098812,2
2019-07-01,7,0.0009137394901618,0.0009137394901618,0.0,1.25,0.0011421743627022,2
2019-07-02,7,0.0027330843454481,0.0027330843454481,0.0,1.25,0.0034163554318102,2
2019-07-03,7,-0.0043813415968746,-0.0043813415968746,0.0,1.25,-0.0054766769960932,2
2019-07-05,7,-0.0020466664233809,-0.0020466664233809,0.0,1.25,-0.0025583330292261,2
2019-07-08,8,0.0,0.0,0.0,1.25,0.0,4
2019-07-09,8,-0.0030527726341308,-0.0027254232570955,0.3273493770352874,1.25,-0.0038159657926635,4
2019-07-10,8,-0.0034343598303858,-0.0034343598303858,0.0,1.25,-0.0042929497879822,4
2019-07-11,8,-0.0045510552058811,-0.0045510552058811,0.0,1.25,-0.0056888190073514,4
2019-07-12,8,-0.0022217037648665,-0.0022217037648665,0.0,1.25,-0.0027771297060831,4
2019-07-15,8,-0.0002704200279159,-0.0002704200279159,0.0,1.25,-0.0003380250348949,4
2019-07-16,8,0.0030488740104635,0.0030488740104635,0.0,1.25,0.0038110925130794,4
2019-07-17,8,-0.0027212064268835,-0.0027212064268835,0.0,1.25,-0.0034015080336044,4
2019-07-18,8,-0.0003412086835006,-0.0003412086835006,0.0,1.25,-0.0004265108543757,4
2019-07-19,8,-0.0011745064880692,-0.0011745064880692,0.0,1.25,-0.0014681331100865,4
2019-07-22,8,-0.0031946630948218,-0.0026495804880191,0.5450826068026788,1.25,-0.0039933288685273,4
2019-07-23,8,0.0043646003510011,0.0043646003510011,0.0,1.25,0.0054557504387514,4
2019-07-24,8,-0.003677463015727,-0.003677463015727,0.0,1.25,-0.0045968287696587,4
2019-07-25,8,0.0002839182463458,0.0006065688693105,0.3226506229647127,1.25,0.0003548978079322,4
2019-07-26,8,-0.001358130268612,-0.001358130268612,0.0,1.25,-0.001697662835765,4
2019-07-29,8,0.0020543534816116,0.0023770041045763,0.3226506229647127,1.25,0.0025679418520146,4
2019-07-30,8,-0.0013311612214045,-0.0013311612214045,0.0,1.25,-0.0016639515267556,4
2019-07-31,8,0.0040585537389978,0.0040585537389978,0.0,1.25,0.0050731921737473,4
2019-08-01,8,-0.0015388434829905,-0.0014065767127579,0.1322667702326085,1.25,-0.0019235543537382,4
2019-08-02,8,-0.003087478417074,-0.0027648277941093,0.3226506229647127,1.25,-0.0038593480213425,4
2019-08-05,8,0.0029611676708339,0.0029611676708339,0.0,1.25,0.0037014595885424,4
2019-08-06,8,-0.0034365300146309,-0.0034365300146309,0.0,1.25,-0.0042956625182886,4
2019-08-07,8,-0.0007316136831364,-0.0005365310763337,0.1950826068026789,1.25,-0.0009145171039205,4
2019-08-08,8,-0.0019295420541916,-0.0019295420541916,0.0,1.25,-0.0024119275677396,4
2019-08-09,8,-8.277419541055815e-05,-8.277419541055815e-05,0.0,1.25,-0.0001034677442631,4
2019-08-12,8,0.0012657201307879,0.0017206375239853,0.4549173931973211,1.25,0.0015821501634849,4
2019-08-13,8,0.0059333368884272,0.0059333368884272,0.0,1.25,0.007416671110534,4
2019-08-14,8,-0.0025299843031699,-0.0023977175329373,0.1322667702326085,1.25,-0.0031624803789624,4
2019-08-15,8,-0.0038078228957362,-0.0038078228957362,0.0,1.25,-0.0047597786196702,4
2019-08-16,8,-0.0002430176210276,0.0001069823789723,0.35,1.25,-0.0003037720262845,4
2019-08-19,8,-0.0005202473147056,-0.0005202473147056,0.0,1.25,-0.000650309143382,4
2019-08-20,8,-0.0051022858135132,-0.0045572032067106,0.5450826068026788,1.25,-0.0063778572668916,4
2019-08-21,8,-0.00035,0.0,0.35,1.25,-0.0004375,4
2019-08-22,8,-6.593725164793702e-05,0.000284062748352,0.35,1.25,-8.242156455992128e-05,4
2019-08-23,8,-0.0037674229512383,-0.0037674229512383,0.0,1.25,-0.0047092786890479,4
2019-08-26,8,-0.00035,0.0,0.35,1.25,-0.0004375,4
2019-08-27,8,-0.0023479929980001,-0.0019979929980001,0.35,1.25,-0.0029349912475001,4
2019-08-28,8,0.0036439618571088,0.0038390444639115,0.1950826068026789,1.25,0.004554952321386,4
2019-08-29,8,0.0006855972511807,0.0006855972511807,0.0,1.25,0.0008569965639759,4
2019-08-30,8,0.000771821581205,0.000771821581205,0.0,1.25,0.0009647769765062,4
2019-09-03,8,-0.0049842251468967,-0.0048519583766641,0.1322667702326085,1.25,-0.0062302814336209,4
2019-09-04,8,-0.0044606606821957,-0.0044606606821957,0.0,1.25,-0.0055758258527447,4
2019-09-05,8,-0.0010483393849364,-0.0010483393849364,0.0,1.25,-0.0013104242311705,4
2019-09-06,8,-0.0014554794092378,-0.0014554794092378,0.0,1.25,-0.0018193492615472,4
2019-09-09,8,0.0027510426001388,0.0027510426001388,0.0,1.25,0.0034388032501735,4
2019-09-10,8,-0.0015493440486516,-0.0015493440486516,0.0,1.25,-0.0019366800608145,4
2019-09-11,8,0.0004569338970589,0.0006520165038616,0.1950826068026789,1.25,0.0005711673713237,4
2019-09-12,8,-0.0001858721552382,0.0001367784677264,0.3226506229647127,1.25,-0.0002323401940477,4
2019-09-13,8,0.0014117924916626,0.0014117924916626,0.0,1.25,0.0017647406145783,4
2019-09-16,8,-0.0019125858829248,-0.00158993525996,0.3226506229647127,1.25,-0.002390732353656,4
2019-09-17,8,0.0009699521580288,0.0009699521580288,0.0,1.25,0.001212440197536,4
2019-09-18,8,0.0015107125578889,0.0015107125578889,0.0,1.25,0.0018883906973612,4
2019-09-19,8,-0.0012928847922784,-0.0012928847922784,0.0,1.25,-0.001616105990348,4
2019-09-20,8,0.0007668994384918,0.0007668994384918,0.0,1.25,0.0009586242981147,4
2019-09-23,8,0.0017190780398585,0.0018513448100911,0.1322667702326085,1.25,0.0021488475498232,4
2019-09-24,8,-0.00035,0.0,0.35,1.25,-0.0004375,4
2019-09-25,8,-0.0008145475209908,-0.0006194649141881,0.1950826068026789,1.25,-0.0010181844012385,4
2019-09-26,8,0.00056348260209,0.00056348260209,0.0,1.25,0.0007043532526125,4
2019-09-27,8,-0.0001915346299291,-0.0001915346299291,0.0,1.25,-0.0002394182874114,4
2019-09-30,8,-0.0002216701811296,-8.940341089708898e-05,0.1322667702326085,1.25,-0.0002770877264121,4
2019-10-01,8,0.0006436558439283,0.0006436558439283,0.0,1.25,0.0008045698049104,4
2019-10-02,8,-0.0004904053227352,-0.0004904053227352,0.0,1.25,-0.0006130066534191,4
2019-10-03,8,-0.0022367160646699,-0.0018867160646699,0.35,1.25,-0.0027958950808374,4
2019-10-04,9,0.0,0.0,0.0,1.25,0.0,4
2019-10-07,9,0.0,0.0,0.0,1.25,0.0,4
2019-10-08,9,0.0,0.0,0.0,1.25,0.0,4
2019-10-09,9,0.0007526755120778,0.0008521389717589,0.0994634596810556,1.25,0.0009408443900973,4
2019-10-10,9,-0.0002070872353487,-0.0002070872353487,0.0,1.25,-0.0002588590441859,4
2019-10-11,9,0.0018762556531738,0.0018762556531738,0.0,1.25,0.0023453195664673,4
2019-10-14,9,0.000413467142499,0.0007521674768036,0.3387003343045744,1.25,0.0005168339281238,4
2019-10-15,9,-0.004456515160168,-0.004456515160168,0.0,1.25,-0.0055706439502101,4
2019-10-16,9,-0.0015945331257954,-0.0015945331257954,0.0,1.25,-0.0019931664072443,4
2019-10-17,9,-0.0039740445341942,-0.0039740445341942,0.0,1.25,-0.0049675556677427,4
2019-10-18,9,-0.0050329836309631,-0.0050329836309631,0.0,1.25,-0.0062912295387039,4
2019-10-21,9,-0.0011770342469802,-0.0011770342469802,0.0,1.25,-0.0014712928087253,4
2019-10-22,9,0.0059595303053409,0.0060589937650219,0.0994634596810556,1.25,0.0074494128816761,4
2019-10-23,9,0.0014078310526872,0.0018459948466729,0.4381637939856301,1.25,0.0017597888158591,4
2019-10-24,9,0.0019470922305533,0.0019470922305533,0.0,1.25,0.0024338652881916,4
2019-10-25,9,0.0013704380874711,0.0013704380874711,0.0,1.25,0.0017130476093389,4
2019-10-28,9,0.0026027349844317,0.0026027349844317,0.0,1.25,0.0032534187305396,4
2019-10-29,9,0.0022465880633695,0.0024584242693838,0.2118362060143699,1.25,0.0028082350792118,4
2019-10-30,9,0.0027179250037973,0.0027179250037973,0.0,1.25,0.0033974062547467,4
2019-10-31,9,0.0008043042884908,0.0011430046227953,0.3387003343045744,1.25,0.0010053803606135,4
2019-11-01,9,0.0048553409898971,0.0048553409898971,0.0,1.25,0.0060691762373714,4
2019-11-04,9,-0.0018691378193379,-0.0013186012790189,0.5505365403189444,1.25,-0.0023364222741724,4
2019-11-05,9,-9.946345968105566e-05,0.0,0.0994634596810556,1.25,-0.0001243293246013,4
2019-11-06,9,0.0,0.0,0.0,1.25,0.0,4
2019-11-07,9,-0.0020237896136856,-0.001685089279381,0.3387003343045744,1.25,-0.002529737017107,4
2019-11-08,9,0.0024412437963267,0.0026530800023411,0.2118362060143699,1.25,0.0030515547454084,4
2019-11-11,9,0.0001173805032688,0.0004560808375734,0.3387003343045744,1.25,0.000146725629086,4
2019-11-12,9,-0.0002118362060143,0.0,0.2118362060143699,1.25,-0.0002647952575179,4
2019-11-13,9,0.0,0.0,0.0,1.25,0.0,4
2019-11-14,9,0.0,0.0,0.0,1.25,0.0,4
2019-11-15,9,0.0,0.0,0.0,1.25,0.0,4
2019-11-18,9,0.0017440498399633,0.0019558860459777,0.2118362060143699,1.25,0.0021800622999542,4
2019-11-19,9,-0.0002118362060143,0.0,0.2118362060143699,1.25,-0.0002647952575179,4
2019-11-20,9,0.0,0.0,0.0,1.25,0.0,4
2019-11-21,9,0.0,0.0,0.0,1.25,0.0,4
2019-11-22,9,0.0,0.0,0.0,1.25,0.0,4
2019-11-25,9,-0.0002626086847397,-5.077247872542284e-05,0.2118362060143699,1.25,-0.0003282608559247,4
2019-11-26,9,-0.0002841866868661,-0.0002841866868661,0.0,1.25,-0.0003552333585826,4
2019-11-27,9,-0.0010380397646956,-0.0010380397646956,0.0,1.25,-0.0012975497058695,4
2019-11-29,9,-4.440756606030362e-05,-4.440756606030362e-05,0.0,1.25,-5.550945757537952e-05,4
2019-12-02,9,-0.0007101258993375,-0.0007101258993375,0.0,1.25,-0.0008876573741718,4
2019-12-03,9,0.0011219474592491,0.0011219474592491,0.0,1.25,0.0014024343240614,4
2019-12-04,9,-0.0002118362060143,0.0,0.2118362060143699,1.25,-0.0002647952575179,4
2019-12-05,9,-0.0008892124612996,-0.0005779127956042,0.3112996656954255,1.25,-0.0011115155766246,4
2019-12-06,9,-0.0008761700655104,-0.0008761700655104,0.0,1.25,-0.001095212581888,4
2019-12-09,9,-0.0007797996610604,-0.0007797996610604,0.0,1.25,-0.0009747495763255,4
2019-12-10,9,-0.001137975885349,-0.001137975885349,0.0,1.25,-0.0014224698566863,4
2019-12-11,9,0.0002913068978044,0.0002913068978044,0.0,1.25,0.0003641336222555,4
2019-12-12,9,0.0011620472302402,0.0013738834362546,0.2118362060143699,1.25,0.0014525590378003,4
2019-12-13,9,0.0016311306793609,0.0016311306793609,0.0,1.25,0.0020389133492011,4
2019-12-16,9,0.0005625966251061,0.0005625966251061,0.0,1.25,0.0007032457813826,4
2019-12-17,9,-0.0002673501003328,-0.0002673501003328,0.0,1.25,-0.000334187625416,4
2019-12-18,9,-9.946345968105566e-05,0.0,0.0994634596810556,1.25,-0.0001243293246013,4
2019-12-19,9,0.0,0.0,0.0,1.25,0.0,4
2019-12-20,9,0.0,0.0,0.0,1.25,0.0,4
2019-12-23,9,0.0,0.0,0.0,1.25,0.0,4
2019-12-24,9,0.0,0.0,0.0,1.25,0.0,4
2019-12-26,9,0.0,0.0,0.0,1.25,0.0,4
2019-12-27,9,-0.0010185858676071,-0.0008067496615927,0.2118362060143699,1.25,-0.0012732323345088,4
2019-12-30,9,-0.0004999747892172,-0.0004999747892172,0.0,1.25,-0.0006249684865215,4
2019-12-31,9,-7.227859750199379e-05,-7.227859750199379e-05,0.0,1.25,-9.034824687749224e-05,4
2020-01-02,9,0.0007768398442057,0.0007768398442057,0.0,1.25,0.0009710498052571,4
2020-01-03,9,0.0002007627380323,0.0005120624037277,0.3112996656954255,1.25,0.0002509534225403,4
2020-01-06,10,0.0,0.0,0.0,1.25,0.0,4
2020-01-07,10,-6.956659862303034e-05,0.0001088030884157,0.1783696870387389,1.25,-8.695824827878793e-05,4
2020-01-08,10,-0.0002962945202079,-0.0002962945202079,0.0,1.25,-0.0003703681502599,4
2020-01-09,10,-0.0008170804682679,-0.0008170804682679,0.0,1.25,-0.0010213505853349,4
2020-01-10,10,-0.000262281510295,-4.476441728734919e-05,0.2175170930077497,1.25,-0.0003278518878688,4
2020-01-13,10,-0.002262780478975,-0.002262780478975,0.0,1.25,-0.0028284755987188,4
2020-01-14,10,0.0011446513888456,0.0011446513888456,0.0,1.25,0.001430814236057,4
2020-01-15,10,-0.0018596012280955,-0.0018596012280955,0.0,1.25,-0.0023245015351194,4
2020-01-16,10,-0.0018527732039156,-0.0018527732039156,0.0,1.25,-0.0023159665048945,4
2020-01-17,10,0.000656337201722,0.000656337201722,0.0,1.25,0.0008204215021525,4
2020-01-21,10,0.000137127393552,0.0003154970805907,0.1783696870387389,1.25,0.00017140924194,4
2020-01-22,10,-0.0004756950487826,5.267463825613464e-05,0.5283696870387389,1.25,-0.0005946188109782,4
2020-01-23,10,0.0037518653358259,0.0037518653358259,0.0,1.25,0.0046898316697824,4
2020-01-24,10,0.0055090503850867,0.0057631636050402,0.2541132199535114,1.25,0.0068863129813584,4
2020-01-27,10,-0.0069247502161524,-0.0069247502161524,0.0,1.25,-0.0086559377701905,4
2020-01-28,10,-0.0021291828571067,-0.0017791828571067,0.35,1.25,-0.0026614785713833,4
2020-01-29,10,0.0016992230937331,0.0020492230937331,0.35,1.25,0.0021240288671664,4
2020-01-30,10,-0.0120488435278398,-0.0116988435278398,0.35,1.25,-0.0150610544097998,4
2020-01-31,10,-0.0027780560567055,-0.0025996863696667,0.1783696870387389,1.25,-0.0034725700708818,4
2020-02-03,10,-0.0031199835006722,-0.0029416138136335,0.1783696870387389,1.25,-0.0038999793758403,4
2020-02-04,10,0.0056399132035201,0.0056399132035201,0.0,1.25,0.0070498915044002,4
2020-02-05,10,0.0083469535253592,0.0083469535253592,0.0,1.25,0.010433691906699,4
2020-02-06,10,0.000807788896886,0.0014119021168396,0.6041132199535113,1.25,0.0010097361211076,4
2020-02-07,10,0.0016724220380626,0.0016724220380626,0.0,1.25,0.0020905275475783,4
2020-02-10,10,7.849459101488029e-05,7.849459101488029e-05,0.0,1.25,9.811823876860036e-05,4
2020-02-11,10,-0.0010731442169088,-0.0007231442169088,0.35,1.25,-0.001341430271136,4
2020-02-12,10,-0.0017986771722972,-0.0017986771722972,0.0,1.25,-0.0022483464653716,4
2020-02-13,10,-0.0010636702245808,-0.0010636702245808,0.0,1.25,-0.001329587780726,4
2020-02-14,10,-3.1924865375761624e-05,0.0004005580416164,0.4324829069922503,1.25,-3.990608171970203e-05,4
2020-02-18,10,0.0030895542499336,0.0030895542499336,0.0,1.25,0.003861942812417,4
2020-02-19,10,-0.0018073648329465,-0.0018073648329465,0.0,1.25,-0.0022592060411832,4
2020-02-20,10,0.0004573392894199,0.0004573392894199,0.0,1.25,0.0005716741117749,4
2020-02-21,10,0.000343462970948,0.000343462970948,0.0,1.25,0.0004293287136851,4
2020-02-24,10,0.0011027723849338,0.0013202894779416,0.2175170930077497,1.25,0.0013784654811673,4
2020-02-25,10,0.0011244063451146,0.0011244063451146,0.0,1.25,0.0014055079313933,4
2020-02-26,10,-0.0036162608869834,-0.0030121476670299,0.6041132199535113,1.25,-0.0045203261087292,4
2020-02-27,10,-0.0036514076221805,-0.0034338905291728,0.2175170930077497,1.25,-0.0045642595277256,4
2020-02-28,10,-0.0037891177953961,-0.0037891177953961,0.0,1.25,-0.0047363972442452,4
2020-03-02,10,-0.0004202700290333,-7.027002903339353e-05,0.35,1.25,-0.0005253375362917,4
2020-03-03,10,-0.0046594861981319,-0.0043094861981319,0.35,1.25,-0.0058243577476649,4
2020-03-04,10,0.0056598171845199,0.0056598171845199,0.0,1.25,0.0070747714806499,4
2020-03-05,10,-0.0026602896461857,-0.0026602896461857,0.0,1.25,-0.0033253620577321,4
2020-03-06,10,-0.0011758875170301,-0.0009217742970766,0.2541132199535114,1.25,-0.0014698593962876,4
2020-03-09,10,-0.0008049679275353,-0.0008049679275353,0.0,1.25,-0.0010062099094191,4
2020-03-10,10,0.0032961313450293,0.0035502445649828,0.2541132199535114,1.25,0.0041201641812867,4
2020-03-11,10,4.082658022593663e-05,0.0002191962672646,0.1783696870387389,1.25,5.103322528242078e-05,4
2020-03-12,10,-0.008631397584278,-0.008631397584278,0.0,1.25,-0.0107892469803475,4
2020-03-13,10,0.0214111637254497,0.0214111637254497,0.0,1.25,0.0267639546568122,4
2020-03-16,10,-0.0020637168018484,-0.0018096035818948,0.2541132199535114,1.1927753147866793,-0.0024615504579552,4
2020-03-17,10,-0.0188658327187445,-0.018611719498791,0.2541132199535114,1.1916978859860503,-0.0224823729682943,4
2020-03-18,10,-0.0284043943342964,-0.0281502811143429,0.2541132199535114,1.0515630487871137,-0.0298690115051241,4
2020-03-19,10,0.0090699961769244,0.0090699961769244,0.0,0.8496349350619297,0.0077061856127931,4
2020-03-20,10,0.0080612674117222,0.0080612674117222,0.0,0.8326623136585874,0.0067123135740652,4
2020-03-23,10,-0.0041210209199749,-0.0035926512329362,0.5283696870387389,0.8201394201169157,-0.0033798117075979,4
2020-03-24,10,0.007565088791618,0.0077434584786567,0.1783696870387389,0.8212347177516848,0.0062127135585508,4
2020-03-25,10,0.0157100936687463,0.0157100936687463,0.0,0.8102781598900826,0.0127295457896126,4
2020-03-26,10,0.0196865724007765,0.0196865724007765,0.0,0.7722890010070104,0.0152037233326479,4
2020-03-27,10,0.0038640076463903,0.0041181208663438,0.2541132199535114,0.7214501487630284,0.0027876888913098,4
2020-03-30,10,-0.0059546960440664,-0.0059546960440664,0.0,0.7197782887402089,-0.0042860609285662,4
2020-03-31,10,0.0019669658860168,0.0019669658860168,0.0,0.7156039293295312,0.0014075685168907,4
2020-04-01,10,0.0048403551489459,0.0048403551489459,0.0,0.7151782778829526,0.003461716859765,4
2020-04-02,10,-0.003615672239693,-0.003615672239693,0.0,0.7126009364017882,-0.0025765314237272,4
2020-04-03,10,-0.0071178564855746,-0.0071178564855746,0.0,0.711069711092086,-0.0050612921547924,4
2020-04-06,11,0.0,0.0,0.0,1.0686857097798617,0.0,4
2020-04-07,11,0.0,0.0,0.0,1.0686857097798617,0.0,4
2020-04-08,11,0.0,0.0,0.0,1.0686857097798617,0.0,4
2020-04-09,11,0.0,0.0,0.0,1.0679719374436598,0.0,4
2020-04-13,11,0.0,0.0,0.0,1.067396352626319,0.0,4
2020-04-14,11,0.0,0.0,0.0,1.06717893532874,0.0,4
2020-04-15,11,0.0,0.0,0.0,1.066553956244544,0.0,4
2020-04-16,11,0.0,0.0,0.0,1.065969586613938,0.0,4
2020-04-17,11,0.0,0.0,0.0,1.065774503094011,0.0,4
2020-04-20,11,0.0,0.0,0.0,1.0968682037643869,0.0,4
2020-04-21,11,0.0,0.0,0.0,1.0973818474855133,0.0,4
2020-04-22,11,0.0,0.0,0.0,1.0971246968424062,0.0,4
2020-04-23,11,0.0,0.0,0.0,1.1011465445602926,0.0,4
2020-04-24,11,0.0,0.0,0.0,1.1030632373843845,0.0,4
2020-04-27,11,0.0,0.0,0.0,1.1044870277973493,0.0,4
2020-04-28,11,0.0,0.0,0.0,1.1043241457248356,0.0,4
2020-04-29,11,0.0,0.0,0.0,1.1055622190742374,0.0,4
2020-04-30,11,0.0,0.0,0.0,1.1061805513288332,0.0,4
2020-05-01,11,-0.0016578002013847,-0.0013078002013847,0.35,1.1064166958584336,-0.0018342178212095,4
2020-05-04,11,-0.0027052916168149,-0.0027052916168149,0.0,1.1032051192483092,-0.0029844915607298,4
2020-05-05,11,-0.0016943408894014,-0.0016943408894014,0.0,1.097615326576965,-0.001859734528653,4
2020-05-06,11,0.0057771635387862,0.0057771635387862,0.0,1.099347660997105,0.0063511112235624,4
2020-05-07,11,-0.00035,0.0,0.35,1.0899202930197065,-0.0003814721025568,4
2020-05-08,11,0.0,0.0,0.0,1.0895906161190618,0.0,4
2020-05-11,11,0.0,0.0,0.0,1.1069354142729786,0.0,4
2020-05-12,11,0.0,0.0,0.0,1.1099610090440577,0.0,4
2020-05-13,11,0.0,0.0,0.0,1.1115282842442025,0.0,4
2020-05-14,11,0.0,0.0,0.0,1.1193094987993244,0.0,4
2020-05-15,11,0.0,0.0,0.0,1.12417842628738,0.0,4
2020-05-18,11,0.0,0.0,0.0,1.1235331520375915,0.0,4
2020-05-19,11,0.0,0.0,0.0,1.1241932650245694,0.0,4
2020-05-20,11,0.0,0.0,0.0,1.1240356771394855,0.0,4
2020-05-21,11,0.0,0.0,0.0,1.1305902521659332,0.0,4
2020-05-22,11,0.0,0.0,0.0,1.1309088466741846,0.0,4
2020-05-26,11,-0.0022577782728911,-0.0020386773198763,0.2191009530148357,1.133386806499923,-0.002558936106497,4
2020-05-27,11,-0.0051456775576291,-0.0049386075279594,0.207070029669667,1.1285695204920765,-0.0058072548538203,4
2020-05-28,11,0.0051269948578592,0.0051269948578592,0.0,1.112399144581607,0.0057032646941568,4
2020-05-29,11,-0.002957579255226,-0.002957579255226,0.0,1.1049587431094896,-0.0032680030565012,4
2020-06-01,11,-0.0003275718034295,-0.0003275718034295,0.0,1.099153137362129,-0.0003600515754509,4
2020-06-02,11,-0.0010923462950082,-0.0010923462950082,0.0,1.108273469714098,-0.0012106184184981,4
2020-06-03,11,0.0003779711915916,0.0003779711915916,0.0,1.122213836667603,0.0004241645010659,4
2020-06-04,11,0.0015288818747503,0.0015288818747503,0.0,1.1234991620602452,0.001717697505171,4
2020-06-05,11,-0.0043424435359778,-0.0043424435359778,0.0,1.1233754074989442,-0.0048781942767702,4
2020-06-08,11,0.0026031632280867,0.0026031632280867,0.0,1.1231689293860545,0.0029237920559073,4
2020-06-09,11,-0.001566649297121,-0.0013595792674514,0.207070029669667,1.129534097980516,-0.0017695838006754,4
2020-06-10,11,-0.0018374648322441,-0.0018374648322441,0.0,1.201759664893032,-0.0022081911210504,4
2020-06-11,11,0.0029663962698524,0.0029663962698524,0.0,1.2090178293783478,0.0035864259792529,4
2020-06-12,11,-0.0048532019723819,-0.0044223029253967,0.4308990469851643,1.25,-0.0060665024654774,4
2020-06-15,11,-0.0085949622295209,-0.0085949622295209,0.0,1.25,-0.0107437027869011,4
2020-06-16,11,0.0041717822917316,0.0041717822917316,0.0,1.2058577317759571,0.0050305759317706,4
2020-06-17,11,0.0007576223160441,0.0009814513333596,0.2238290173154973,1.25,0.0009470278950551,4
2020-06-18,11,-0.0002832326196174,-0.0002832326196174,0.0,1.25,-0.0003540407745218,4
2020-06-19,11,0.0047876367072274,0.0047876367072274,0.0,1.25,0.0059845458840342,4
2020-06-22,11,-0.006174837032779,-0.005824837032779,0.35,1.25,-0.0077185462909737,4
2020-06-23,11,-0.000344202399354,-0.000344202399354,0.0,1.25,-0.0004302529991925,4
2020-06-24,11,-0.0014698778858001,-0.0014698778858001,0.0,1.25,-0.0018373473572502,4
2020-06-25,11,-0.0013401519506636,-0.0007830819209939,0.557070029669667,1.25,-0.0016751899383295,4
2020-06-26,11,-0.0011687479932913,-0.0011687479932913,0.0,1.25,-0.0014609349916142,4
2020-06-29,11,0.0013142771562287,0.0016642771562287,0.35,1.25,0.0016428464452859,4
2020-06-30,11,0.0032109139694084,0.0032109139694084,0.0,1.25,0.0040136424617605,4
2020-07-01,11,-0.002199595211067,-0.002199595211067,0.0,1.25,-0.0027494940138338,4
2020-07-02,11,0.0034758922795041,0.0034758922795041,0.0,1.25,0.0043448653493801,4
2020-07-06,11,-0.0008938872950417,-0.0005438872950417,0.35,1.25,-0.0011173591188022,4
2020-07-07,12,0.0,0.0,0.0,1.25,0.0,4
2020-07-08,12,0.0,0.0,0.0,1.25,0.0,4
2020-07-09,12,-0.0012380786000166,-0.0008880786000166,0.35,1.25,-0.0015475982500208,4
2020-07-10,12,-0.0012671500977311,-0.0012671500977311,0.0,1.25,-0.0015839376221639,4
2020-07-13,12,-0.00035,0.0,0.35,1.25,-0.0004375,4
2020-07-14,12,0.0003740757002034,0.0007240757002034,0.35,1.25,0.0004675946252543,4
2020-07-15,12,0.0005724174654523,0.0005724174654523,0.0,1.25,0.0007155218318154,4
2020-07-16,12,-0.0009238671491543,-0.0009238671491543,0.0,1.25,-0.0011548339364429,4
2020-07-17,12,0.0006409948275717,0.0006409948275717,0.0,1.25,0.0008012435344646,4
2020-07-20,12,-0.001764422266885,-0.0014274964964385,0.3369257704464298,1.25,-0.0022055278336062,4
2020-07-21,12,0.0004215073031993,0.0004215073031993,0.0,1.25,0.0005268841289991,4
2020-07-22,12,9.12352907122384e-05,9.12352907122384e-05,0.0,1.25,0.0001140441133902,4
2020-07-23,12,0.0004737767304405,0.0004737767304405,0.0,1.25,0.0005922209130507,4
2020-07-24,12,-0.0010649120543023,-0.0010649120543023,0.0,1.25,-0.0013311400678779,4
2020-07-27,12,0.0002876162090204,0.0002876162090204,0.0,1.25,0.0003595202612755,4
2020-07-28,12,0.0019418371323148,0.00215801011602,0.216172983705194,1.25,0.0024272964153935,4
2020-07-29,12,-0.0014590150728089,-0.0011220893023625,0.3369257704464298,1.25,-0.0018237688410112,4
2020-07-30,12,-0.0013982299123018,-0.0013982299123018,0.0,1.25,-0.0017477873903773,4
2020-07-31,12,-0.0025099392546395,-0.0019568405004879,0.5530987541516238,1.25,-0.0031374240682994,4
2020-08-03,12,0.000139572138011,0.0002364733838594,0.0969012458483762,1.25,0.0001744651725138,4
2020-08-04,12,0.0011240580330361,0.0013402310167413,0.216172983705194,1.25,0.0014050725412951,4
2020-08-05,12,-0.0011895794687296,-0.0011895794687296,0.0,1.25,-0.001486974335912,4
2020-08-06,12,-0.0002255778412802,-0.0002255778412802,0.0,1.25,-0.0002819723016002,4
2020-08-07,12,-0.0012869212095843,-0.0012869212095843,0.0,1.25,-0.0016086515119804,4
2020-08-10,12,0.0017222759876677,0.0020722759876677,0.35,1.25,0.0021528449845847,4
2020-08-11,12,0.0010223673135173,0.0013723673135173,0.35,1.25,0.0012779591418967,4
2020-08-12,12,0.0008536689794641,0.0010698419631693,0.216172983705194,1.25,0.0010670862243301,4
2020-08-13,12,1.535166666935398e-05,0.0003522774371157,0.3369257704464298,1.25,1.918958333669248e-05,4
2020-08-14,12,-0.0001776595551596,-8.075830931129263e-05,0.0969012458483762,1.25,-0.0002220744439495,4
2020-08-17,12,0.0008428631329552,0.0008428631329552,0.0,1.25,0.001053578916194,4
2020-08-18,12,0.0010111336949906,0.0010111336949906,0.0,1.25,0.0012639171187382,4
2020-08-19,12,-0.0009534448645029,-0.0009534448645029,0.0,1.25,-0.0011918060806286,4
2020-08-20,12,5.632582788945021e-05,5.632582788945021e-05,0.0,1.25,7.040728486181276e-05,4
2020-08-21,12,-0.0010431715397938,-0.0010431715397938,0.0,1.25,-0.0013039644247422,4
2020-08-24,12,-0.0004463843741592,-0.0004463843741592,0.0,1.25,-0.0005579804676991,4
2020-08-25,12,0.000470294969016,0.000470294969016,0.0,1.25,0.00058786871127,4
2020-08-26,12,0.0001015550616305,0.0001015550616305,0.0,1.25,0.0001269438270382,4
2020-08-27,12,-0.0006845166754998,-0.0006845166754998,0.0,1.25,-0.0008556458443748,4
2020-08-28,12,-0.000643863734766,-0.0005469624889176,0.0969012458483762,1.25,-0.0008048296684575,4
2020-08-31,12,0.0010109171871248,0.0010109171871248,0.0,1.25,0.001263646483906,4
2020-09-01,12,-0.0006166940597905,-0.0006166940597905,0.0,1.25,-0.0007708675747381,4
2020-09-02,12,0.0004749982071683,0.0004749982071683,0.0,1.25,0.0005937477589603,4
2020-09-03,12,0.0002043913443327,0.0005413171147791,0.3369257704464298,1.25,0.0002554891804159,4
2020-09-04,12,-0.0006503429509894,-0.0006503429509894,0.0,1.25,-0.0008129286887367,4
2020-09-08,12,0.0025890675817569,0.0029390675817569,0.35,1.25,0.0032363344771961,4
2020-09-09,12,0.0001938335244347,0.0001938335244347,0.0,1.25,0.0002422919055434,4
2020-09-10,12,-0.0005750282233193,-0.0002381024528728,0.3369257704464298,1.25,-0.0007187852791491,4
2020-09-11,12,-9.690124584837628e-05,0.0,0.0969012458483762,1.25,-0.0001211265573104,4
2020-09-14,12,-0.0012046683899631,-0.0011077671441147,0.0969012458483762,1.25,-0.0015058354874539,4
2020-09-15,12,0.0009455272385922,0.0009455272385922,0.0,1.25,0.0011819090482402,4
2020-09-16,12,-0.0016248303984994,-0.0016248303984994,0.0,1.25,-0.0020310379981243,4
2020-09-17,12,-0.0006867957970413,-0.0006867957970413,0.0,1.25,-0.0008584947463017,4
2020-09-18,12,-0.0006170456487815,-0.0006170456487815,0.0,1.25,-0.0007713070609769,4
2020-09-21,12,0.0001114380729665,0.0001114380729665,0.0,1.25,0.0001392975912082,4
2020-09-22,12,-0.0001784738515474,-0.0001784738515474,0.0,1.25,-0.0002230923144343,4
2020-09-23,12,-0.0003674132035531,-0.0003674132035531,0.0,1.25,-0.0004592665044414,4
2020-09-24,12,0.0006683203249095,0.0006683203249095,0.0,1.25,0.0008354004061369,4
2020-09-25,12,-0.0003552775886743,7.854942762045902e-05,0.4338270162948061,1.25,-0.0004440969858429,4
2020-09-28,12,-0.0009827871828167,-0.0008858859369683,0.0969012458483762,1.25,-0.0012284839785209,4
2020-09-29,12,0.0004333945280088,0.0004333945280088,0.0,1.25,0.000541743160011,4
2020-09-30,12,-0.0011200678692314,-0.0011200678692314,0.0,1.25,-0.0014000848365393,4
2020-10-01,12,-0.0009629408758339,-0.0003967678921288,0.566172983705194,1.25,-0.0012036760947924,4
2020-10-02,12,-0.0004244695913572,-0.0004244695913572,0.0,1.25,-0.0005305869891965,4
2020-10-05,13,0.0,0.0,0.0,1.25,0.0,4
2020-10-06,13,0.0,0.0,0.0,1.25,0.0,4
2020-10-07,13,-0.0004268773111747,-7.68773111747571e-05,0.35,1.25,-0.0005335966389684,4
2020-10-08,13,2.420704311189008e-05,0.0001595639024204,0.135356859308532,1.25,3.0258803889862603e-05,4
2020-10-09,13,-0.0008573011090905,-0.0008573011090905,0.0,1.25,-0.0010716263863632,4
2020-10-12,13,0.0012196442944204,0.0012196442944204,0.0,1.25,0.0015245553680255,4
2020-10-13,13,0.0008417982569048,0.0008417982569048,0.0,1.25,0.001052247821131,4
2020-10-14,13,0.0015831008289141,0.0015831008289141,0.0,1.25,0.0019788760361427,4
2020-10-15,13,-0.0005178283205262,-0.0003824714612176,0.135356859308532,1.25,-0.0006472854006577,4
2020-10-16,13,-0.0003328404550043,-0.0003328404550043,0.0,1.25,-0.0004160505687553,4
2020-10-19,13,-0.001508965356085,-0.0013736084967765,0.135356859308532,1.25,-0.0018862066951063,4
2020-10-20,13,0.0007949553070125,0.0007949553070125,0.0,1.25,0.0009936941337656,4
2020-10-21,13,0.0005171272721666,0.0005171272721666,0.0,1.25,0.0006464090902083,4
2020-10-22,13,-0.0007158760567224,-0.0007158760567224,0.0,1.25,-0.000894845070903,4
2020-10-23,13,-0.0001737578288067,-0.0001737578288067,0.0,1.25,-0.0002171972860083,4
2020-10-26,13,-0.0015064235201671,-0.0011564235201671,0.35,1.25,-0.0018830294002089,4
2020-10-27,13,0.0035737297611743,0.0040883729018658,0.514643140691468,1.25,0.0044671622014679,4
2020-10-28,13,-0.0065166000252932,-0.0065166000252932,0.0,1.25,-0.0081457500316166,4
2020-10-29,13,-0.0051830300001122,-0.0050183868594207,0.164643140691468,1.25,-0.0064787875001403,4
2020-10-30,13,0.0018567058178713,0.0020213489585627,0.164643140691468,1.25,0.0023208822723391,4
2020-11-02,13,-0.0015772532287559,-0.0015772532287559,0.0,1.25,-0.0019715665359448,4
2020-11-03,13,-0.0005293211812226,-0.0005293211812226,0.0,1.25,-0.0006616514765283,4
2020-11-04,13,0.002575503192473,0.002575503192473,0.0,1.25,0.0032193789905912,4
2020-11-05,13,-0.001134247446598,-0.0006488905872895,0.485356859308532,1.25,-0.0014178093082475,4
2020-11-06,13,9.232352771585718e-05,9.232352771585718e-05,0.0,1.25,0.0001154044096448,4
2020-11-09,13,0.0020096954836519,0.0020096954836519,0.0,1.25,0.0025121193545649,4
2020-11-10,13,0.0008711873179978,0.0008711873179978,0.0,1.25,0.0010889841474973,4
2020-11-11,13,-0.0010738268815587,-0.0007238268815587,0.35,1.25,-0.0013422836019484,4
2020-11-12,13,0.0016678244410235,0.001832467581715,0.164643140691468,1.25,0.0020847805512794,4
2020-11-13,13,0.0011414367171472,0.0011414367171472,0.0,1.25,0.001426795896434,4
2020-11-16,13,-0.0018488249547528,-0.0018488249547528,0.0,1.25,-0.002311031193441,4
2020-11-17,13,-0.00035,0.0,0.35,1.25,-0.0004375,4
2020-11-18,13,0.0,0.0,0.0,1.25,0.0,4
2020-11-19,13,0.0003637369480589,0.0007137369480589,0.35,1.25,0.0004546711850737,4
2020-11-20,13,0.0016318485150928,0.0016318485150928,0.0,1.25,0.0020398106438661,4
2020-11-23,13,-0.00035,0.0,0.35,1.25,-0.0004375,4
2020-11-24,13,0.0,0.0,0.0,1.25,0.0,4
2020-11-25,13,0.0,0.0,0.0,1.25,0.0,4
2020-11-27,13,-0.0005981129584516,-0.0001127560991431,0.485356859308532,1.25,-0.0007476411980645,4
2020-11-30,13,-0.0013465086596152,-0.0013465086596152,0.0,1.25,-0.001683135824519,4
2020-12-01,13,-0.0016665838698463,-0.0016665838698463,0.0,1.25,-0.0020832298373079,4
2020-12-02,13,-0.0063809782036608,-0.0063809782036608,0.0,1.25,-0.007976222754576,4
2020-12-03,13,-0.0001289123684756,-0.0001289123684756,0.0,1.25,-0.0001611404605945,4
2020-12-04,13,0.002324927630224,0.002324927630224,0.0,1.25,0.00290615953778,4
2020-12-07,13,-0.00028256967172,6.743032827993524e-05,0.35,1.25,-0.00035321208965,4
2020-12-08,13,-0.0006693028791786,-0.0006693028791786,0.0,1.25,-0.0008366285989732,4
2020-12-09,13,-0.0015213732333506,-0.0015213732333506,0.0,1.25,-0.0019017165416883,4
2020-12-10,13,0.0004828274488468,0.0004828274488468,0.0,1.25,0.0006035343110585,4
2020-12-11,13,0.0001229849678833,0.0001229849678833,0.0,1.25,0.0001537312098541,4
2020-12-14,13,-0.0029394977807814,-0.0027748546400899,0.164643140691468,1.25,-0.0036743722259768,4
2020-12-15,13,-0.002957429755207,-0.002957429755207,0.0,1.25,-0.0036967871940088,4
2020-12-16,13,-0.0006378739207366,-0.0006378739207366,0.0,1.25,-0.0007973424009208,4
2020-12-17,13,-0.001454935669303,-0.001454935669303,0.0,1.25,-0.0018186695866287,4
2020-12-18,13,-0.0033540209592678,-0.0033540209592678,0.0,1.25,-0.0041925261990848,4
2020-12-21,13,0.0008314352986787,0.0008314352986787,0.0,1.25,0.0010392941233484,4
2020-12-22,13,-0.0011790908664508,-0.0008290908664508,0.35,1.25,-0.0014738635830635,4
2020-12-23,13,-0.001880925900712,-0.001530925900712,0.35,1.25,-0.00235115737589,4
2020-12-24,13,0.0004710798088564,0.0009564366681649,0.485356859308532,1.25,0.0005888497610705,4
2020-12-28,13,0.0002964880171353,0.0004611311578268,0.164643140691468,1.25,0.0003706100214191,4
2020-12-29,13,0.0011666903605626,0.0011666903605626,0.0,1.25,0.0014583629507033,4
2020-12-30,13,-0.00035,0.0,0.35,1.25,-0.0004375,4
2020-12-31,13,0.0,0.0,0.0,1.25,0.0,4
2021-01-04,13,0.0,0.0,0.0,1.25,0.0,4
2021-01-05,14,0.0,0.0,0.0,1.25,0.0,3
2021-01-06,14,-0.0004365708225553,0.0002634216040895,0.6999924266448937,1.25,-0.0005457135281941,3
2021-01-07,14,0.0016437654186826,0.0016437654186826,0.0,1.25,0.0020547067733532,3
2021-01-08,14,0.0010400510865274,0.0010400510865274,0.0,1.25,0.0013000638581593,3
2021-01-11,14,0.0018560944423768,0.0018560944423768,0.0,1.25,0.0023201180529711,3
2021-01-12,14,0.0012407197443306,0.0012407197443306,0.0,1.25,0.0015508996804133,3
2021-01-13,14,0.0001721398010847,0.0005221398010847,0.35,1.25,0.0002151747513558,3
2021-01-14,14,0.0008958585382591,0.0008958585382591,0.0,1.25,0.0011198231728239,3
2021-01-15,14,-0.0016738924924839,-0.0010238924924839,0.6500000000000001,1.25,-0.0020923656156049,3
2021-01-19,14,-0.0055200030783982,-0.0055200030783982,0.0,1.25,-0.0069000038479978,3
2021-01-20,14,-0.0001348801944322,0.0002151122322126,0.3499924266448937,1.25,-0.0001686002430403,3
2021-01-21,14,0.0002681378256363,0.0002681378256363,0.0,1.25,0.0003351722820454,3
2021-01-22,14,0.0007136593159591,0.0007136593159591,0.0,1.25,0.0008920741449489,3
2021-01-25,14,0.0050324028245056,0.0050324028245056,0.0,1.25,0.0062905035306321,3
2021-01-26,14,0.0024164135287304,0.0027664059553753,0.3499924266448937,1.25,0.003020516910913,3
2021-01-27,14,0.0056545366498655,0.0056545366498655,0.0,1.25,0.0070681708123319,3
2021-01-28,14,-0.0022805423316024,-0.0019305499049575,0.3499924266448937,1.25,-0.0028506779145031,3
2021-01-29,14,0.0003047699726623,0.0003047699726623,0.0,1.25,0.0003809624658279,3
2021-02-01,14,-0.0017240738292479,-0.0013740738292479,0.35,1.25,-0.0021550922865599,3
2021-02-02,14,0.0007904060840956,0.0007904060840956,0.0,1.25,0.0009880076051195,3
2021-02-03,14,-0.0023782976689906,-0.0020282976689906,0.35,1.25,-0.0029728720862382,3
2021-02-04,14,-0.0013729058456751,-0.0013729058456751,0.0,1.25,-0.0017161323070939,3
2021-02-05,14,0.0008813739247521,0.0012313739247521,0.35,1.25,0.0011017174059401,3
2021-02-08,14,0.0022306417987085,0.0022306417987085,0.0,1.25,0.0027883022483857,3
2021-02-09,14,0.0038987316592294,0.0038987316592294,0.0,1.25,0.0048734145740368,3
2021-02-10,14,0.0008945855774694,0.0008945855774694,0.0,1.25,0.0011182319718368,3
2021-02-11,14,-0.0036137736904116,-0.0036137736904116,0.0,1.25,-0.0045172171130145,3
2021-02-12,14,-0.0018217233418224,-0.0018217233418224,0.0,1.25,-0.002277154177278,3
2021-02-16,14,-0.0069671030316229,-0.006617110604978,0.3499924266448937,1.25,-0.0087088787895287,3
2021-02-17,14,0.0027088811921044,0.0027088811921044,0.0,1.25,0.0033861014901305,3
2021-02-18,14,0.0011009159968717,0.0011009159968717,0.0,1.25,0.0013761449960896,3
2021-02-19,14,-0.0046802101631302,-0.0046802101631302,0.0,1.25,-0.0058502627039128,3
2021-02-22,14,0.0149128673379083,0.0149128673379083,0.0,1.25,0.0186410841723853,3
2021-02-23,14,0.0026574217887436,0.0026574217887436,0.0,1.25,0.0033217772359295,3
2021-02-24,14,-0.0016175336908433,-0.0016175336908433,0.0,1.25,-0.0020219171135542,3
2021-02-25,14,0.0078179003637513,0.0081679003637513,0.35,1.25,0.0097723754546891,3
2021-02-26,14,-0.002950121322616,-0.002950121322616,0.0,1.25,-0.0036876516532701,3
2021-03-01,14,-0.0003000075733551,0.0,0.3000075733551063,1.25,-0.0003750094666938,3
2021-03-02,14,0.0,0.0,0.0,1.25,0.0,3
2021-03-03,14,0.0,0.0,0.0,1.25,0.0,3
2021-03-04,14,0.0,0.0,0.0,1.25,0.0,3
2021-03-05,14,0.0,0.0,0.0,1.25,0.0,3
2021-03-08,14,-0.0120513180957235,-0.0114013105223684,0.6500075733551063,1.25,-0.0150641476196544,3
2021-03-09,14,0.0012921355006988,0.0016421279273437,0.3499924266448937,1.25,0.0016151693758735,3
2021-03-10,14,0.0003487687664297,0.0003487687664297,0.0,1.25,0.0004359609580372,3
2021-03-11,14,0.0162355846400592,0.0162355846400592,0.0,1.25,0.0202944808000741,3
2021-03-12,14,0.0006123595672672,0.0006123595672672,0.0,1.25,0.000765449459084,3
2021-03-15,14,-0.0116237743667133,-0.0116237743667133,0.0,1.25,-0.0145297179583916,3
2021-03-16,14,-0.0008347750560826,-0.0008347750560826,0.0,1.182116631225523,-0.0009868014771275,3
2021-03-17,14,0.0032672604878191,0.0032672604878191,0.0,1.1816681297763758,0.0038608175901334,3
2021-03-18,14,-0.0156852331970691,-0.0156852331970691,0.0,1.177243078319589,-0.0184653322130782,3
2021-03-19,14,0.0042851824610085,0.0042851824610085,0.0,1.0676239968753294,0.0045749636263619,3
2021-03-22,14,0.0056847809705071,0.0056847809705071,0.0,1.0611446600609642,0.0060323749704698,3
2021-03-23,14,-0.0029791913356415,-0.0029791913356415,0.0,1.0500972291317603,-0.0031284405666105,3
2021-03-24,14,-0.0003002511075392,4.974131910564388e-05,0.3499924266448937,1.055610371442656,-0.0003169481831555,3
2021-03-25,14,-0.0067057989828946,-0.0067057989828946,0.0,1.05697339994218,-0.0070878511502789,3
2021-03-26,14,-0.0064495918626722,-0.0064495918626722,0.0,1.0407230257751006,-0.0067122387583347,3
2021-03-29,14,-0.0047281855399119,-0.0047281855399119,0.0,1.026567693855622,-0.0048538025258289,3
2021-03-30,14,0.005705598246553,0.005705598246553,0.0,1.0238384535547904,0.0058416108853557,3
2021-03-31,14,0.0038771498094252,0.0038771498094252,0.0,1.013384865731239,0.0039290449390443,3
2021-04-01,14,0.0016264780755735,0.0016264780755735,0.0,1.009963421870263,0.0016426833628032,3
2021-04-05,14,-0.0048802171622914,-0.0045302171622914,0.35,1.0098526760512037,-0.004928300361051,3
2021-04-06,14,-0.0005618812240495,-0.0005618812240495,0.0,1.0034875109040984,-0.0005638407909452,3
2021-04-07,15,0.0,0.0,0.0,1.25,0.0,4
2021-04-08,15,0.0,0.0,0.0,1.25,0.0,4
2021-04-09,15,0.0,0.0,0.0,1.25,0.0,4
2021-04-12,15,0.0,0.0,0.0,1.25,0.0,4
2021-04-13,15,0.0,0.0,0.0,1.25,0.0,4
2021-04-14,15,0.0,0.0,0.0,1.25,0.0,4
2021-04-15,15,0.0,0.0,0.0,1.25,0.0,4
2021-04-16,15,0.0,0.0,0.0,1.25,0.0,4
2021-04-19,15,0.0,0.0,0.0,1.25,0.0,4
2021-04-20,15,0.0,0.0,0.0,1.25,0.0,4
2021-04-21,15,-0.0003278002908779,-0.0001036027096333,0.2241975812446018,1.25,-0.0004097503635974,4
2021-04-22,15,0.0003892785255064,0.0003892785255064,0.0,1.25,0.000486598156883,4
2021-04-23,15,7.948290724739026e-05,7.948290724739026e-05,0.0,1.25,9.935363405923782e-05,4
2021-04-26,15,0.0039923340429155,0.0042205062645703,0.2281722216547894,1.25,0.0049904175536444,4
2021-04-27,15,-0.0005353601007027,-0.0005353601007027,0.0,1.25,-0.0006692001258784,4
2021-04-28,15,0.0008877166204526,0.0011158888421074,0.2281722216547894,1.25,0.0011096457755657,4
2021-04-29,15,-0.0008327269014302,-0.0008327269014302,0.0,1.25,-0.0010409086267877,4
2021-04-30,15,0.0005761690489917,0.0005761690489917,0.0,1.25,0.0007202113112396,4
2021-05-03,15,0.0002005944575798,0.0002005944575798,0.0,1.25,0.0002507430719747,4
2021-05-04,15,-0.0002241975812446,0.0,0.2241975812446018,1.25,-0.0002802469765557,4
2021-05-05,15,-0.0014535126776356,-0.001229315096391,0.2241975812446018,1.25,-0.0018168908470445,4
2021-05-06,15,-0.0002241975812446,0.0,0.2241975812446018,1.25,-0.0002802469765557,4
2021-05-07,15,0.0003293432554397,0.0005535408366843,0.2241975812446018,1.25,0.0004116790692996,4
2021-05-10,15,0.0027100554433233,0.0030137958001878,0.3037403568644916,1.25,0.0033875693041542,4
2021-05-11,15,0.0005166690489692,0.0007605588892053,0.2438898402361171,1.25,0.0006458363112115,4
2021-05-12,15,-0.0037662578614631,-0.0037662578614631,0.0,1.25,-0.0047078223268288,4
2021-05-13,15,0.0014116448595709,0.0014116448595709,0.0,1.25,0.0017645560744636,4
2021-05-14,15,-0.0001704147213111,-0.0001704147213111,0.0,1.25,-0.0002130184016389,4
2021-05-17,15,-0.0021768485817747,-0.0021768485817747,0.0,1.25,-0.0027210607272184,4
2021-05-18,15,0.0046367169082197,0.0046367169082197,0.0,1.25,0.0057958961352747,4
2021-05-19,15,-0.0039698313491502,-0.0039698313491502,0.0,1.25,-0.0049622891864377,4
2021-05-20,15,-0.0008028248348654,-0.0005786272536208,0.2241975812446018,1.25,-0.0010035310435817,4
2021-05-21,15,-0.0012768790098201,-0.000748941071711,0.5279379381090934,1.25,-0.0015960987622751,4
2021-05-24,15,-0.0010347750822182,-0.0010347750822182,0.0,1.25,-0.0012934688527728,4
2021-05-25,15,0.0009146525302089,0.0009146525302089,0.0,1.25,0.0011433156627612,4
2021-05-26,15,-0.0005987414145071,-0.0003705691928523,0.2281722216547894,1.25,-0.0007484267681339,4
2021-05-27,15,-0.000539539320882,-0.000539539320882,0.0,1.25,-0.0006744241511025,4
2021-05-28,15,-0.0008120620677282,-0.0005838898460734,0.2281722216547894,1.25,-0.0010150775846603,4
2021-06-01,15,-0.0002059480956434,-0.0002059480956434,0.0,1.25,-0.0002574351195542,4
2021-06-02,15,-0.0032243103469937,-0.0032243103469937,0.0,1.25,-0.0040303879337422,4
2021-06-03,15,5.571527944974792e-05,5.571527944974792e-05,0.0,1.25,6.96440993121849e-05,4
2021-06-04,15,-0.0009952821737506,-0.000771084592506,0.2241975812446018,1.25,-0.0012441027171883,4
2021-06-07,15,0.0020475182438816,0.0020475182438816,0.0,1.25,0.002559397804852,4
2021-06-08,15,-0.0014177438702609,-0.00094568180837,0.4720620618909065,1.25,-0.0017721798378261,4
2021-06-09,15,-0.0011003851025476,-0.000876187521303,0.2241975812446018,1.25,-0.0013754813781845,4
2021-06-10,15,0.0007293864889658,0.0007293864889658,0.0,1.25,0.0009117331112072,4
2021-06-11,15,-2.955459307447332e-05,0.0001986176285803,0.2281722216547894,1.25,-3.6943241343091645e-05,4
2021-06-14,15,0.0009971672711719,0.001241057111408,0.2438898402361171,1.25,0.0012464590889648,4
2021-06-15,15,-0.0010159528103825,-0.0010159528103825,0.0,1.25,-0.0012699410129782,4
2021-06-16,15,-0.0006370145689335,-0.0006370145689335,0.0,1.25,-0.0007962682111669,4
2021-06-17,15,-0.0049296357464552,-0.0046258953895907,0.3037403568644916,1.25,-0.006162044683069,4
2021-06-18,15,-0.0014455491233866,-0.0012173769017318,0.2281722216547894,1.25,-0.0018069364042332,4
2021-06-21,15,-0.000888609182351,-0.0006604369606963,0.2281722216547894,1.25,-0.0011107614779388,4
2021-06-22,15,-0.002411982198376,-0.0019596123954766,0.4523698028993912,1.25,-0.00301497774797,4
2021-06-23,15,-0.002965614615046,-0.0027414170338014,0.2241975812446018,1.25,-0.0037070182688075,4
2021-06-24,15,0.0017268144457542,0.0017268144457542,0.0,1.25,0.0021585180571928,4
2021-06-25,15,-0.0004600710363484,-0.0004600710363484,0.0,1.25,-0.0005750887954355,4
2021-06-28,15,-0.0014006772503232,-0.0011725050286684,0.2281722216547894,1.25,-0.001750846562904,4
2021-06-29,15,-0.0027666514801912,-0.0027666514801912,0.0,1.25,-0.003458314350239,4
2021-06-30,15,-0.0024244526651337,-0.0021207123082692,0.3037403568644916,1.25,-0.0030305658314172,4
2021-07-01,15,-9.323244076733849e-05,-9.323244076733849e-05,0.0,1.25,-0.0001165405509591,4
2021-07-02,15,0.0004063111681969,0.0004063111681969,0.0,1.25,0.0005078889602461,4
2021-07-06,15,-0.0011790636213683,-0.0011790636213683,0.0,1.25,-0.0014738295267104,4
2021-07-07,16,0.0,0.0,0.0,1.25,0.0,4
2021-07-08,16,0.0004383096101057,0.0009717221075806,0.5334124974749104,1.25,0.0005478870126321,4
2021-07-09,16,0.0013396632705954,0.001620944302286,0.2812810316905997,1.25,0.0016745790882442,4
2021-07-12,16,-0.0003921872201094,-0.0003921872201094,0.0,1.25,-0.0004902340251368,4
2021-07-13,16,0.0013577399307718,0.0016390209624624,0.2812810316905997,1.25,0.0016971749134647,4
2021-07-14,16,0.0023009044048498,0.0023009044048498,0.0,1.25,0.0028761305060623,4
2021-07-15,16,-5.088779215963629e-05,-5.088779215963629e-05,0.0,1.25,-6.360974019954535e-05,4
2021-07-16,16,-0.0003584930383179,-7.721200662736849e-05,0.2812810316905997,1.25,-0.0004481162978974,4
2021-07-19,16,0.0001285795041557,0.0001285795041557,0.0,1.25,0.0001607243801947,4
2021-07-20,16,0.0024384760493444,0.0029718885468193,0.5334124974749104,1.25,0.0030480950616805,4
2021-07-21,16,0.0019834059506539,0.0025453790759908,0.5619731253368636,1.25,0.0024792574383174,4
2021-07-22,16,-0.0020798931078196,-0.0020798931078196,0.0,1.25,-0.0025998663847745,4
2021-07-23,16,0.0014210329744283,0.0014210329744283,0.0,1.25,0.0017762912180354,4
2021-07-26,16,0.000342742618981,0.000342742618981,0.0,1.25,0.0004284282737263,4
2021-07-27,16,0.000607841235478,0.0007937366443569,0.1858954088788258,1.25,0.0007598015443476,4
2021-07-28,16,-0.0006728811767511,-0.0006728811767511,0.0,1.25,-0.0008411014709388,4
2021-07-29,16,-0.0002228615624692,-0.0002228615624692,0.0,1.25,-0.0002785769530865,4
2021-07-30,16,0.0007784107514901,0.0007784107514901,0.0,1.25,0.0009730134393627,4
2021-08-02,16,-0.0011822041445439,-0.0011822041445439,0.0,1.25,-0.0014777551806798,4
2021-08-03,16,-0.000473212624534,-0.000473212624534,0.0,1.25,-0.0005915157806675,4
2021-08-04,16,0.005630570691951,0.005630570691951,0.0,1.25,0.0070382133649388,4
2021-08-05,16,-0.0039150694497261,-0.0039150694497261,0.0,1.25,-0.0048938368121576,4
2021-08-06,16,-0.0022462637805729,-0.0017134402211423,0.5328235594305744,1.25,-0.0028078297257162,4
2021-08-09,16,0.0004103988489292,0.0004103988489292,0.0,1.25,0.0005129985611615,4
2021-08-10,16,-0.0003566535374355,-0.0003566535374355,0.0,1.25,-0.0004458169217944,4
2021-08-11,16,-0.001476578500529,-0.0011952974688384,0.2812810316905997,1.25,-0.0018457231256613,4
2021-08-12,16,-0.0036855513137182,-0.0036855513137182,0.0,1.25,-0.0046069391421477,4
2021-08-13,16,-0.0009545786143615,-0.0006738865207152,0.2806920936462638,1.25,-0.0011932232679519,4
2021-08-16,16,0.0032606740839788,0.0032606740839788,0.0,1.25,0.0040758426049735,4
2021-08-17,16,0.0018525380219036,0.0021332301155499,0.2806920936462638,1.25,0.0023156725273795,4
2021-08-18,16,-0.0005162325656095,4.5740559727275385e-05,0.5619731253368636,1.25,-0.0006452907070119,4
2021-08-19,16,0.0003944409628205,0.0006465724286048,0.2521314657843105,1.25,0.0004930512035256,4
2021-08-20,16,-0.0013378172530681,-0.0013378172530681,0.0,1.25,-0.0016722715663352,4
2021-08-23,16,0.0037281267302469,0.0037281267302469,0.0,1.25,0.0046601584128087,4
2021-08-24,16,-0.0013423022765038,-0.0010616101828575,0.2806920936462638,1.25,-0.0016778778456297,4
2021-08-25,16,-0.0040471561573167,-0.0037664640636705,0.2806920936462638,1.25,-0.0050589451966459,4
2021-08-26,16,0.0125398374317969,0.0128211184634875,0.2812810316905997,1.25,0.0156747967897462,4
2021-08-27,16,-0.0024683794386561,-0.0024683794386561,0.0,1.25,-0.0030854742983201,4
2021-08-30,16,-0.0008915656056187,-0.0008915656056187,0.0,1.25,-0.0011144570070234,4
2021-08-31,16,-0.005124082221968,-0.005124082221968,0.0,1.25,-0.00640510277746,4
2021-09-01,16,-0.0013189810900555,-0.0010668496242712,0.2521314657843105,1.25,-0.0016487263625694,4
2021-09-02,16,0.0081841941143466,0.0081841941143466,0.0,1.25,0.0102302426429333,4
2021-09-03,16,-0.0007643866791211,-0.0007643866791211,0.0,1.25,-0.0009554833489013,4
2021-09-07,16,-5.3693951139540666e-05,0.0004134824894298,0.4671764405694256,1.25,-6.711743892442583e-05,4
2021-09-08,16,0.002097550981786,0.0022834463906648,0.1858954088788258,1.25,0.0026219387272325,4
2021-09-09,16,0.0026305320782975,0.0026305320782975,0.0,1.25,0.0032881650978719,4
2021-09-10,16,-1.3654473545912755e-05,0.0002384769922383,0.2521314657843105,1.25,-1.7068091932390946e-05,4
2021-09-13,16,0.0038003406383522,0.0038003406383522,0.0,1.25,0.0047504257979402,4
2021-09-14,16,-0.004395894606923,-0.0041437631411387,0.2521314657843105,1.25,-0.0054948682586538,4
2021-09-15,16,0.0024105160309161,0.0026626474967004,0.2521314657843105,1.25,0.0030131450386452,4
2021-09-16,16,-0.0008656422499018,-0.0006135107841175,0.2521314657843105,1.25,-0.0010820528123773,4
2021-09-17,16,-0.0022555035233513,-0.0022555035233513,0.0,1.25,-0.0028193794041891,4
2021-09-20,16,-0.0038680458018199,-0.0038680458018199,0.0,1.25,-0.0048350572522749,4
2021-09-21,16,-0.0009686696042022,-0.0006879775105559,0.2806920936462638,1.25,-0.0012108370052528,4
2021-09-22,16,0.0012909305178031,0.0012909305178031,0.0,1.25,0.0016136631472539,4
2021-09-23,16,0.0022667238574251,0.0022667238574251,0.0,1.25,0.0028334048217814,4
2021-09-24,16,0.0015815917273126,0.0015815917273126,0.0,1.25,0.0019769896591408,4
2021-09-27,16,0.0012636855965523,0.0012636855965523,0.0,1.25,0.0015796069956904,4
2021-09-28,16,-0.0012518123197753,-0.0012518123197753,0.0,1.25,-0.0015647653997191,4
2021-09-29,16,0.0005723761701425,0.0005723761701425,0.0,1.25,0.0007154702126781,4
2021-09-30,16,-0.0027741445121509,-0.0027741445121509,0.0,1.25,-0.0034676806401887,4
2021-10-01,16,0.0021126816711551,0.0021126816711551,0.0,1.25,0.0026408520889439,4
2021-10-04,16,4.36536569863046e-05,4.36536569863046e-05,0.0,1.25,5.4567071232880754e-05,4
2021-10-05,17,0.0,0.0,0.0,1.25,0.0,4
2021-10-06,17,-0.0018271648123978,-0.0015541336422974,0.2730311701003547,1.25,-0.0022839560154973,4
2021-10-07,17,-6.875339765957557e-05,-6.875339765957557e-05,0.0,1.25,-8.594174707446946e-05,4
2021-10-08,17,-0.0016140024348852,-0.0016140024348852,0.0,1.25,-0.0020175030436065,4
2021-10-11,17,-0.0031091722742466,-0.0027626217206595,0.3465505535871639,1.25,-0.0038864653428083,4
2021-10-12,17,0.0001336977187436,0.0001336977187436,0.0,1.25,0.0001671221484295,4
2021-10-13,17,0.0010810112395943,0.0010810112395943,0.0,1.25,0.0013512640494929,4
2021-10-14,17,-0.0013808077360013,-0.0013808077360013,0.0,1.25,-0.0017260096700016,4
2021-10-15,17,-0.0043132355231437,-0.004110007956781,0.2032275663627278,1.25,-0.0053915444039297,4
2021-10-18,17,0.0023554555311868,0.0025586830975496,0.2032275663627278,1.25,0.0029443194139835,4
2021-10-19,17,-0.0024041541561421,-0.001927895419679,0.4762587364630826,1.25,-0.0030051926951776,4
2021-10-20,17,-0.0030697453744647,-0.002892554664515,0.1771907099497534,1.25,-0.0038371817180809,4
2021-10-21,17,0.0013352723028576,0.0013352723028576,0.0,1.25,0.001669090378572,4
2021-10-22,17,-0.0013809896358678,-0.0013809896358678,0.0,1.25,-0.0017262370448347,4
2021-10-25,17,0.0007991425755741,0.0007991425755741,0.0,1.25,0.0009989282194676,4
2021-10-26,17,-0.0016027213370136,-0.0016027213370136,0.0,1.25,-0.002003401671267,4
2021-10-27,17,0.0105006680974774,0.0107736992675777,0.2730311701003547,1.25,0.0131258351218467,4
2021-10-28,17,-0.0006845334099645,-0.0005073427000148,0.1771907099497534,1.25,-0.0008556667624556,4
2021-10-29,17,-0.0029244115920392,-0.0029244115920392,0.0,1.25,-0.003655514490049,4
2021-11-01,17,0.0061768322193092,0.0061768322193092,0.0,1.25,0.0077210402741365,4
2021-11-02,17,-0.0023467550726714,-0.0023467550726714,0.0,1.25,-0.0029334438408393,4
2021-11-03,17,0.0032548407549951,0.0032548407549951,0.0,1.25,0.0040685509437439,4
2021-11-04,17,0.00376609240969,0.00376609240969,0.0,1.25,0.0047076155121125,4
2021-11-05,17,-0.0013534175078726,-0.0010068669542854,0.3465505535871639,1.25,-0.0016917718848408,4
2021-11-08,17,-0.004171955951821,-0.004171955951821,0.0,1.25,-0.0052149449397763,4
2021-11-09,17,0.0010886460009404,0.0013616771710408,0.2730311701003547,1.25,0.0013608075011755,4
2021-11-10,17,0.0010814240330168,0.0010814240330168,0.0,1.25,0.0013517800412711,4
2021-11-11,17,-0.0003042108659228,-0.0003042108659228,0.0,1.25,-0.0003802635824035,4
2021-11-12,17,0.0002232967390002,0.0002232967390002,0.0,1.25,0.0002791209237502,4
2021-11-15,17,-0.0024763683953854,-0.0019265902754355,0.5497781199498918,1.25,-0.0030954604942317,4
2021-11-16,17,-0.0071538442047672,-0.0071538442047672,0.0,1.25,-0.008942305255959,4
2021-11-17,17,-0.0003465505535871,0.0,0.3465505535871639,1.25,-0.0004331881919839,4
2021-11-18,17,0.0006945079487674,0.0010410585023546,0.3465505535871639,1.25,0.0008681349359593,4
2021-11-19,17,-0.0005651406265072,-0.0003619130601444,0.2032275663627278,1.25,-0.000706425783134,4
2021-11-22,17,0.0025830031889371,0.0025830031889371,0.0,1.25,0.0032287539861714,4
2021-11-23,17,0.0018781398570611,0.0018781398570611,0.0,1.25,0.0023476748213264,4
2021-11-24,17,-0.0038930238979474,-0.0037158331879976,0.1771907099497534,1.25,-0.0048662798724343,4
2021-11-26,17,-0.0046417266061267,-0.0046417266061267,0.0,1.25,-0.0058021582576584,4
2021-11-29,17,-0.0046078027355786,-0.0046078027355786,0.0,1.25,-0.0057597534194732,4
2021-11-30,17,-0.0014455513667652,-0.0014455513667652,0.0,1.25,-0.0018069392084565,4
2021-12-01,17,-0.0036061655809391,-0.0036061655809391,0.0,1.25,-0.0045077069761738,4
2021-12-02,17,0.0002444141763256,0.0002444141763256,0.0,1.25,0.000305517720407,4
2021-12-03,17,0.0026317239649296,0.0026317239649296,0.0,1.25,0.003289654956162,4
2021-12-06,17,0.0033315232463391,0.0033315232463391,0.0,1.25,0.0041644040579239,4
2021-12-07,17,-0.0026351424358808,-0.0026351424358808,0.0,1.25,-0.003293928044851,4
2021-12-08,17,0.001511016823314,0.001511016823314,0.0,1.25,0.0018887710291425,4
2021-12-09,17,0.0031195559981747,0.0031195559981747,0.0,1.25,0.0038994449977184,4
2021-12-10,17,-0.0049784582060135,-0.0049784582060135,0.0,1.25,-0.0062230727575169,4
2021-12-13,17,0.0028314034460838,0.0028314034460838,0.0,1.25,0.0035392543076048,4
2021-12-14,17,0.0045784598311668,0.0045784598311668,0.0,1.25,0.0057230747889585,4
2021-12-15,17,-0.004433217459622,-0.0041601862895216,0.2730311701003547,1.25,-0.0055415218245275,4
2021-12-16,17,-0.0018548807901681,-0.0015083302365809,0.3465505535871639,1.25,-0.0023186009877101,4
2021-12-17,17,-0.0050619950754103,-0.0048587675090475,0.2032275663627278,1.25,-0.0063274938442628,4
2021-12-20,17,-0.0030288018603615,-0.0030288018603615,0.0,1.25,-0.0037860023254519,4
2021-12-21,17,0.0027975684347325,0.0027975684347325,0.0,1.25,0.0034969605434157,4
2021-12-22,17,-0.0015309936156475,-0.0015309936156475,0.0,1.25,-0.0019137420195594,4
2021-12-23,17,-0.0021060460102338,-0.0021060460102338,0.0,1.25,-0.0026325575127923,4
2021-12-27,17,0.0010304148265909,0.0012336423929536,0.2032275663627278,1.25,0.0012880185332386,4
2021-12-28,17,3.806631696616969e-06,3.806631696616969e-06,0.0,1.25,4.758289620771211e-06,4
2021-12-29,17,-0.0010002183351428,-0.0007271871650424,0.2730311701003547,1.25,-0.0012502729189285,4
2021-12-30,17,0.0003019042509111,0.0003019042509111,0.0,1.25,0.0003773803136389,4
2021-12-31,17,-0.0003486246943556,-0.0001714339844058,0.1771907099497534,1.25,-0.0004357808679445,4
2022-01-03,17,0.0016226332959052,0.0016226332959052,0.0,1.25,0.0020282916198815,4
2022-01-04,18,0.0,0.0,0.0,1.25,0.0,4
2022-01-05,18,-0.0003901569383597,-0.0001745448448018,0.2156120935578649,1.25,-0.0004876961729496,4
2022-01-06,18,0.0001681612021725,0.0001681612021725,0.0,1.25,0.0002102015027157,4
2022-01-07,18,0.0010463007212685,0.0010463007212685,0.0,1.25,0.0013078759015856,4
2022-01-10,18,0.005808316359247,0.0060376580363305,0.2293416770834662,1.25,0.0072603954490588,4
2022-01-11,18,0.0011934440385144,0.0011934440385144,0.0,1.25,0.001491805048143,4
2022-01-12,18,0.00242331921069,0.00242331921069,0.0,1.25,0.0030291490133625,4
2022-01-13,18,0.0002843310632231,0.0002843310632231,0.0,1.25,0.0003554138290289,4
2022-01-14,18,0.0042507459342479,0.0045976760195173,0.3469300852694381,1.25,0.0053134324178099,4
2022-01-18,18,-0.0047970891654552,-0.0047970891654552,0.0,1.25,-0.005996361456819,4
2022-01-19,18,-0.0004681140493297,-0.0004681140493297,0.0,1.25,-0.0005851425616622,4
2022-01-20,18,-0.0051651220189879,-0.0051651220189879,0.0,1.25,-0.0064564025237349,4
2022-01-21,18,0.0022568983433516,0.002603828428621,0.3469300852694381,1.25,0.0028211229291895,4
2022-01-24,18,0.0006206086160456,0.000849950293129,0.2293416770834662,1.25,0.000775760770057,4
2022-01-25,18,-0.0096687998738468,-0.0096687998738468,0.0,1.25,-0.0120859998423085,4
2022-01-26,18,-0.000269753510195,-4.041183311158207e-05,0.2293416770834662,1.25,-0.0003371918877438,4
2022-01-27,18,-0.0033715237334192,-0.0033715237334192,0.0,1.25,-0.0042144046667741,4
2022-01-28,18,-0.0091296478840888,-0.0087827177988194,0.3469300852694381,1.25,-0.011412059855111,4
2022-01-31,18,0.0016569653477375,0.0020038954330069,0.3469300852694381,1.25,0.0020712066846719,4
2022-02-01,18,0.0043293362161219,0.0046762663013914,0.3469300852694381,1.25,0.0054116702701524,4
2022-02-02,18,0.0074935966770567,0.0074935966770567,0.0,1.25,0.0093669958463209,4
2022-02-03,18,-0.0167494225960115,-0.0167494225960115,0.0,1.25,-0.0209367782450144,4
2022-02-04,18,-0.0069283280419008,-0.0069283280419008,0.0,1.1735051609158298,-0.0081304287136884,4
2022-02-07,18,-0.0017073635937392,-0.0017073635937392,0.0,1.1469900287763328,-0.0019583290175146,4
2022-02-08,18,-0.0073948001349129,-0.0071654584578294,0.2293416770834662,1.1518557197964872,-0.0085177428321512,4
2022-02-09,18,5.319912987956423e-05,5.319912987956423e-05,0.0,1.1275076640131574,5.998242665804003e-05,4
2022-02-10,18,0.0001647210973419,0.0001647210973419,0.0,1.128928891055273,0.0001859584057556,4
2022-02-11,18,0.0003352390906645,0.0003352390906645,0.0,1.128934202018074,0.0003784628753046,4
2022-02-14,18,-0.0027873417050942,-0.0025580000280108,0.2293416770834662,1.1289340646460788,-0.0031467250006896,4
2022-02-15,18,0.0022852718273492,0.0022852718273492,0.0,1.131079872831762,0.0025848249678642,4
2022-02-16,18,0.0028865304948594,0.0031021425884172,0.2156120935578649,1.1291890671038645,0.0032594386766571,4
2022-02-17,18,-0.0072291018121951,-0.0072291018121951,0.0,1.126403841819784,-0.0081428880541629,4
2022-02-18,18,0.0037681194187775,0.0037681194187775,0.0,1.1034842048158209,0.0041580602604808,4
2022-02-22,18,0.0049292175473174,0.0049292175473174,0.0,1.1013044808582644,0.0054285693719859,4
2022-02-23,18,0.0008752788768628,0.0008752788768628,0.0,1.19243974003146,0.0010437173163813,4
2022-02-24,18,0.0023680923912655,0.002715022476535,0.3469300852694381,1.192949513720592,0.0028250146666056,4
2022-02-25,18,0.0005662084563337,0.0005662084563337,0.0,1.1906979742209198,0.0006741832619434,4
2022-02-28,18,-0.0002293416770834,0.0,0.2293416770834662,1.190988011100998,-0.0002731431878522,4
2022-03-01,18,0.0,0.0,0.0,1.2274916764283448,0.0,4
2022-03-02,18,0.0039435593036272,0.0042904893888966,0.3469300852694381,1.2277439696293326,0.004841681153904,4
2022-03-03,18,0.0001872566277369,0.0001872566277369,0.0,1.2189044546589622,0.000228247937713,4
2022-03-04,18,-0.0021270300342788,-0.0021270300342788,0.0,1.2189978701719235,-0.0025928450815776,4
2022-03-07,18,0.011300629625311,0.0115299713023945,0.2293416770834662,1.2175077498709714,0.0137586041472377,4
2022-03-08,18,-0.0003389719005183,7.95818475110697e-06,0.3469300852694381,1.1532185465589015,-0.00039090868244,4
2022-03-09,18,-0.0029041936024804,-0.0029041936024804,0.0,1.1535584576602076,-0.0033501570928239,4
2022-03-10,18,-5.023142241213237e-05,0.0002966986628573,0.3469300852694381,1.1492422386924743,-5.772807234562635e-05,4
2022-03-11,18,0.002856873379563,0.002856873379563,0.0,1.149728118695044,0.0032846276560349,4
2022-03-14,18,0.0011200282707633,0.0013281444148526,0.2081161440892307,1.1495549540772123,0.0012875340473625,4
2022-03-15,18,-0.0097164230017035,-0.0097164230017035,0.0,1.1525177230466044,-0.011198349714081,4
2022-03-16,18,0.0040180433665687,0.0040180433665687,0.0,1.1117908950928233,0.0044672240310392,4
2022-03-17,18,0.000926522827815,0.000926522827815,0.0,1.108611094191746,0.0010271534859376,4
2022-03-18,18,-0.0005053821425213,-6.042837188002023e-05,0.4449537706413311,1.1103471109124177,-0.0005611496018553,4
2022-03-21,18,-0.0013635273029375,-0.0013635273029375,0.0,1.1178523820209196,-0.0015242222435393,4
2022-03-22,18,0.0033612165209111,0.0033612165209111,0.0,1.1339105948277888,0.0038113190245713,4
2022-03-23,18,0.0024492600007057,0.0030255317630586,0.5762717623529043,1.1384570572363844,0.0027883773328102,4
2022-03-24,18,-0.0061230244224986,-0.0061230244224986,0.0,1.1353625295708918,-0.0069518524969524,4
2022-03-25,18,-0.0013438826763974,-0.0013438826763974,0.0,1.1197265699290944,-0.0015047811396295,4
2022-03-28,18,-0.0023821221461508,-0.0023821221461508,0.0,1.1194612537533617,-0.0026666934443236,4
2022-03-29,18,-0.0029007403498475,-0.0029007403498475,0.0,1.1287850649938358,-0.0032743123843329,4
2022-03-30,18,0.0006032955560144,0.0006032955560144,0.0,1.1263805435386225,0.000679540376298,4
2022-03-31,18,0.0051295000249809,0.0051295000249809,0.0,1.1282507993569642,0.0057873625034862,4
2022-04-01,18,0.0015804935633338,0.0015804935633338,0.0,1.115607330949129,0.0017632102057731,4
2022-04-04,18,-0.0008681840310432,-0.0008681840310432,0.0,1.114631367685111,-0.000967705153924,4
2022-04-05,19,0.0,0.0,0.0,1.2154463249125629,0.0,4
2022-04-06,19,0.0,0.0,0.0,1.2138644291280585,0.0,4
2022-04-07,19,0.0016946349580966,0.001982045116081,0.2874101579844494,1.2113668246847655,0.0020528245681893,4
2022-04-08,19,6.0656438168207565e-05,6.0656438168207565e-05,0.0,1.211840814232905,7.35059474182285e-05,4
2022-04-11,19,-0.0010700010347886,-0.0008775461940953,0.1924548406933894,1.2143188794877946,-0.0012993224576153,4
2022-04-12,19,-0.0029318275288502,-0.0026525766606329,0.2792508682172516,1.2090618487242766,-0.0035447608121723,4
2022-04-13,19,0.0053627842743387,0.0053627842743387,0.0,1.1955539140751794,0.0064114977295265,4
2022-04-14,19,7.938922448012808e-07,7.938922448012808e-07,0.0,1.189727288085379,9.445152674394418e-07,4
2022-04-18,19,0.0109371927713733,0.0109371927713733,0.0,1.1885860325438398,0.0129997945632938,4
2022-04-19,19,-0.0006225942046294,-0.0006225942046294,0.0,1.1498724890044034,-0.000715903947717,4
2022-04-20,19,0.0017279344523088,0.0020153446102933,0.2874101579844494,1.1462074174642911,0.0019805712861285,4
2022-04-21,19,-0.0048354031401574,-0.004547992982173,0.2874101579844494,1.1461209049456549,-0.0055419566227743,4
2022-04-22,19,-0.0050490932461041,-0.0048082091129992,0.2408841331049095,1.1243348159693043,-0.0056768713256703,4
2022-04-25,19,-0.0040300944335836,-0.0040300944335836,0.0,1.10301066096491,-0.0044452371249381,4
2022-04-26,19,-0.011344365920926,-0.011344365920926,0.0,1.0939858305303298,-0.0124105755738442,4
2022-04-27,19,-0.0013062119897807,-0.0013062119897807,0.0,1.1689082892348424,-0.0015268420223527,4
2022-04-28,19,0.0130948464361169,0.0130948464361169,0.0,1.2134940933730043,0.0158905188038544,4
2022-04-29,19,-0.0191104351932195,-0.0191104351932195,0.0,1.1463298508316786,-0.0219068623243718,4
2022-05-02,19,0.0054930555868119,0.0054930555868119,0.0,1.0378488579999603,0.005700961467703,4
2022-05-03,19,0.0039487514944187,0.0039487514944187,0.0,1.0328081353486684,0.0040783026679058,4
2022-05-04,19,0.0111634101603662,0.0114508203183507,0.2874101579844494,1.0377990517477376,0.0115853764786991,4
2022-05-05,19,-0.0162499266146162,-0.0162499266146162,0.0,1.003952682147173,-0.0163141574094387,4
2022-05-06,19,-0.0077136085037171,-0.0077136085037171,0.0,0.9264629412686314,-0.0071463724221485,4
2022-05-09,19,-0.0077135735069027,-0.0075211186662093,0.1924548406933894,0.9110820207858604,-0.0070276981381492,4
2022-05-10,19,0.0078911141635568,0.0080835690042502,0.1924548406933894,0.8953217226614124,0.0070650859266335,4
2022-05-11,19,-0.010308422877995,-0.010308422877995,0.0,0.8910281065405922,-0.0091850945183996,4
2022-05-12,19,0.0024666354737798,0.0027458863419971,0.2792508682172516,0.8667383554169216,0.002137927573957,4
2022-05-13,19,0.005144295781383,0.005144295781383,0.0,0.8658881561883017,0.0044543847890289,4
2022-05-16,19,-0.0016664526901333,-0.0016664526901333,0.0,0.8618494032171999,-0.0014362312564811,4
2022-05-17,19,0.0062986130578454,0.0062986130578454,0.0,0.8619093323784666,0.0054288333755978,4
2022-05-18,19,-0.0091583899568671,-0.0091583899568671,0.0,0.8571383818647144,-0.0078500075481151,4
2022-05-19,19,-0.0060299320577528,-0.0060299320577528,0.0,0.8412565902023369,-0.0050727200820569,4
2022-05-20,19,-0.0064652211670923,-0.0064652211670923,0.0,0.835056862415602,-0.005398827302615,4
2022-05-23,19,-0.0010979185045225,-0.0010979185045225,0.0,0.8280054059948182,-0.0009090824570863,4
2022-05-24,19,-0.0021107332311864,-0.0021107332311864,0.0,0.8326799492872288,-0.0017575652399032,4
2022-05-25,19,0.0048850575736676,0.005172467731652,0.2874101579844494,0.8327297337202092,0.0040679326925281,4
2022-05-26,19,0.0041034808080022,0.0041034808080022,0.0,0.8290486338175064,0.0034019851577706,4
2022-05-27,19,0.006703279267091,0.006703279267091,0.0,0.8482206893100016,0.0056858601605694,4
2022-05-31,19,-0.0004796862374081,-0.0004796862374081,0.0,0.8413135651848486,-0.0004035665385639,4
2022-06-01,19,-0.0034702945787238,-0.0034702945787238,0.0,0.8417135001696107,-0.0029209937964772,4
2022-06-02,19,0.0035398419845097,0.0035398419845097,0.0,0.8402801178062662,0.0029744588397594,4
2022-06-03,19,-0.0037605478616728,-0.0035196637285679,0.2408841331049095,0.8402561153101168,-0.0031598233376869,4
2022-06-06,19,-0.0031900036107661,-0.0029491194776612,0.2408841331049095,0.8377638241080094,-0.0026724696238738,4
2022-06-07,19,-0.0023106862599749,-0.0021182314192815,0.1924548406933894,0.8392118991520366,-0.001939155404578,4
2022-06-08,19,-0.0053343049742055,-0.005046894816221,0.2874101579844494,0.8382663253402111,-0.0044715682289712,4
2022-06-09,19,0.0012950204436084,0.0012950204436084,0.0,0.8387957244136549,0.001086257611127,4
2022-06-10,19,0.0027545150682685,0.0027545150682685,0.0,0.8407744826025487,0.0023159259813444,4
2022-06-13,19,-0.0044862343695754,-0.004293779528882,0.1924548406933894,0.8391885381621561,-0.0037647964624568,4
2022-06-14,19,0.0014620046368419,0.0014620046368419,0.0,0.8358669376123108,0.001222041338572,4
2022-06-15,19,0.0040204860136421,0.0040204860136421,0.0,0.8517516307627867,0.0034244555185786,4
2022-06-16,19,-0.0045230979339227,-0.0045230979339227,0.0,0.8526661815003924,-0.0038566926438702,4
2022-06-17,19,0.0029190322340934,0.0029190322340934,0.0,0.8495194099168837,0.0024797745410354,4
2022-06-21,19,0.0029117338304547,0.0029117338304547,0.0,0.8520588365123162,0.0024809685398108,4
2022-06-22,19,0.0007881403795472,0.0007881403795472,0.0,0.8498834433724358,0.0006698274596304,4
2022-06-23,19,0.000507798052252,0.000507798052252,0.0,0.8548168896679018,0.0004340743516055,4
2022-06-24,19,0.0039606331249448,0.0039606331249448,0.0,0.8553716262478781,0.0033878131970553,4
2022-06-27,19,-0.0013003370448909,-0.0013003370448909,0.0,0.8652935237044137,-0.0011251732235771,4
2022-06-28,19,-0.0042269181900717,-0.0042269181900717,0.0,0.8656197802795743,-0.0036589039949496,4
2022-06-29,19,-0.0019150067646641,-0.0019150067646641,0.0,0.8635862526463975,-0.0016537735156888,4
2022-06-30,19,0.0023383954381006,0.0023383954381006,0.0,0.8632744079025986,0.0020186769372684,4
2022-07-01,19,-0.002883850508467,-0.002883850508467,0.0,0.8634682146733924,-0.002490113249931,4
2022-07-05,19,0.0003957781995439,0.0003957781995439,0.0,0.8625469089802716,0.0003413772626584,4
2022-07-06,19,0.0027241937179371,0.0027241937179371,0.0,0.8630266494701492,0.0023510517768989,4
2022-07-07,20,0.0,0.0,0.0,1.25,0.0,4
2022-07-08,20,0.0,0.0,0.0,1.25,0.0,4
2022-07-11,20,0.0,0.0,0.0,1.25,0.0,4
2022-07-12,20,0.0,0.0,0.0,1.25,0.0,4
2022-07-13,20,0.0,0.0,0.0,1.25,0.0,4
2022-07-14,20,0.0,0.0,0.0,1.25,0.0,4
2022-07-15,20,0.0,0.0,0.0,1.25,0.0,4
2022-07-18,20,0.0,0.0,0.0,1.25,0.0,4
2022-07-19,20,0.0,0.0,0.0,1.25,0.0,4
2022-07-20,20,-0.0008915129747329,-0.0005555553031514,0.3359576715815475,1.25,-0.0011143912184162,4
2022-07-21,20,-0.0001743526377146,-0.0001743526377146,0.0,1.25,-0.0002179407971433,4
2022-07-22,20,0.0008534160017044,0.0008534160017044,0.0,1.25,0.0010667700021306,4
2022-07-25,20,0.0001858174230334,0.000488719193527,0.3029017704935537,1.25,0.0002322717787918,4
2022-07-26,20,-0.0011820035191263,-0.0011820035191263,0.0,1.25,-0.0014775043989079,4
2022-07-27,20,0.0096787176013982,0.0096787176013982,0.0,1.25,0.0120983970017477,4
2022-07-28,20,0.0003538460244398,0.0008518255034801,0.4979794790402678,1.25,0.0004423075305498,4
2022-07-29,20,-0.0029245683720717,-0.0027585055226935,0.1660628493781846,1.25,-0.0036557104650896,4
2022-08-01,20,0.0025630697968573,0.0025630697968573,0.0,1.25,0.0032038372460716,4
2022-08-02,20,0.0052143437513049,0.0055503014228864,0.3359576715815475,1.25,0.0065179296891311,4
2022-08-03,20,0.0005195545494378,0.0005195545494378,0.0,1.25,0.0006494431867973,4
2022-08-04,20,-0.0001778765231331,-0.0001778765231331,0.0,1.25,-0.0002223456539163,4
2022-08-05,20,-0.0013274747002752,-0.0013274747002752,0.0,1.25,-0.001659343375344,4
2022-08-08,20,0.002322740089273,0.002322740089273,0.0,1.25,0.0029034251115913,4
2022-08-09,20,0.0013866326243853,0.0013866326243853,0.0,1.25,0.0017332907804816,4
2022-08-10,20,-0.0018761762836499,-0.0018761762836499,0.0,1.25,-0.0023452203545624,4
2022-08-11,20,-0.0002035732235874,-3.751037420921786e-05,0.1660628493781846,1.25,-0.0002544665294842,4
2022-08-12,20,-0.0004699861662182,-0.0004699861662182,0.0,1.25,-0.0005874827077727,4
2022-08-15,20,-0.0001483588206868,0.0001875988508947,0.3359576715815475,1.25,-0.0001854485258585,4
2022-08-16,20,0.0029993659623428,0.0029993659623428,0.0,1.25,0.0037492074529285,4
2022-08-17,20,-0.0014059489993155,-0.0014059489993155,0.0,1.25,-0.0017574362491444,4
2022-08-18,20,-0.0015061317155193,-0.0015061317155193,0.0,1.25,-0.0018826646443991,4
2022-08-19,20,0.0044483605779038,0.0044483605779038,0.0,1.25,0.0055604507223797,4
2022-08-22,20,0.0013348517140085,0.0013348517140085,0.0,1.25,0.0016685646425106,4
2022-08-23,20,-0.0034193042754801,-0.0034193042754801,0.0,1.25,-0.0042741303443502,4
2022-08-24,20,0.001582914693726,0.001582914693726,0.0,1.25,0.0019786433671575,4
2022-08-25,20,0.0004058659636398,0.0004058659636398,0.0,1.25,0.0005073324545498,4
2022-08-26,20,0.0022396581422878,0.0025756158138694,0.3359576715815475,1.25,0.0027995726778598,4
2022-08-29,20,0.0001067757029277,0.0002728385523059,0.1660628493781846,1.25,0.0001334696286596,4
2022-08-30,20,-7.754226426867779e-05,-7.754226426867779e-05,0.0,1.25,-9.692783033584724e-05,4
2022-08-31,20,-0.0003811421304772,-0.0003811421304772,0.0,1.25,-0.0004764276630965,4
2022-09-01,20,0.0023176872056,0.0023176872056,0.0,1.25,0.0028971090070001,4
2022-09-02,20,-0.0002237321075984,-0.0002237321075984,0.0,1.25,-0.000279665134498,4
2022-09-06,20,-0.0007276808102591,-0.0004247790397655,0.3029017704935537,1.25,-0.0009096010128239,4
2022-09-07,20,0.0018495915918337,0.0018495915918337,0.0,1.25,0.0023119894897921,4
2022-09-08,20,-0.0008103526920631,-0.0006152749835164,0.1950777085467141,1.25,-0.0010129408650789,4
2022-09-09,20,0.0037991260837586,0.0037991260837586,0.0,1.25,0.0047489076046982,4
2022-09-12,20,0.0004274536143362,0.0005935164637144,0.1660628493781846,1.25,0.0005343170179203,4
2022-09-13,20,-0.0059660707219724,-0.0059660707219724,0.0,1.25,-0.0074575884024655,4
2022-09-14,20,-0.0014846655425142,-0.0014846655425142,0.0,1.25,-0.0018558319281427,4
2022-09-15,20,-0.0023931880848725,-0.0023931880848725,0.0,1.25,-0.0029914851060906,4
2022-09-16,20,-0.0015613094537886,-0.0013952466044104,0.1660628493781846,1.25,-0.0019516368172358,4
2022-09-19,20,0.0014397490077162,0.0017757066792977,0.3359576715815475,1.25,0.0017996862596452,4
2022-09-20,20,0.0031917369467124,0.0031917369467124,0.0,1.25,0.0039896711833905,4
2022-09-21,20,0.0003160200690089,0.0003160200690089,0.0,1.25,0.0003950250862612,4
2022-09-22,20,-0.0044314913387829,-0.0042364136302362,0.1950777085467141,1.25,-0.0055393641734786,4
2022-09-23,20,-0.0065838416547062,-0.0065838416547062,0.0,1.25,-0.0082298020683828,4
2022-09-26,20,0.0003821161909301,0.0003821161909301,0.0,1.25,0.0004776452386626,4
2022-09-27,20,-0.0035633533357504,-0.0035633533357504,0.0,1.25,-0.004454191669688,4
2022-09-28,20,-0.0009810659056209,-0.0009810659056209,0.0,1.25,-0.0012263323820261,4
2022-09-29,20,0.0030873118289055,0.0032533746782837,0.1660628493781846,1.25,0.0038591397861319,4
2022-09-30,20,-0.0021368951786571,-0.0016348746576974,0.5020205209597322,1.25,-0.0026711189733214,4
2022-10-03,20,0.0080905849115737,0.0080905849115737,0.0,1.25,0.0101132311394672,4
2022-10-04,20,0.0047909065357708,0.0050938083062644,0.3029017704935537,1.25,0.0059886331697135,4
2022-10-05,21,0.0,0.0,0.0,1.25,0.0,4
2022-10-06,21,0.0003217747669561,0.0005252700790731,0.2034953121170468,1.25,0.0004022184586951,4
2022-10-07,21,-9.458227869260552e-05,-9.458227869260552e-05,0.0,1.25,-0.0001182278483657,4
2022-10-10,21,0.0009079730374011,0.0009079730374011,0.0,1.25,0.0011349662967514,4
2022-10-11,21,-0.000203495312117,0.0,0.2034953121170468,1.25,-0.0002543691401463,4
2022-10-12,21,0.0,0.0,0.0,1.25,0.0,4
2022-10-13,21,0.0,0.0,0.0,1.25,0.0,4
2022-10-14,21,0.0,0.0,0.0,1.25,0.0,4
2022-10-17,21,0.0,0.0,0.0,1.25,0.0,4
2022-10-18,21,0.0,0.0,0.0,1.25,0.0,4
2022-10-19,21,0.0,0.0,0.0,1.25,0.0,4
2022-10-20,21,0.0,0.0,0.0,1.25,0.0,4
2022-10-21,21,0.0,0.0,0.0,1.25,0.0,4
2022-10-24,21,0.0024156561154458,0.0026856255706486,0.2699694552027984,1.25,0.0030195701443073,4
2022-10-25,21,0.0016068924175692,0.0016068924175692,0.0,1.25,0.0020086155219615,4
2022-10-26,21,-0.0139675071873171,-0.0139675071873171,0.0,1.25,-0.0174593839841464,4
2022-10-27,21,-0.0011975680038643,-0.0004904510230497,0.7071169808145392,1.25,-0.0014969600048303,4
2022-10-28,21,-0.005688684118663,-0.005688684118663,0.0,1.25,-0.0071108551483288,4
2022-10-31,21,-0.002374708900244,-0.0021047394450412,0.2699694552027984,1.25,-0.002968386125305,4
2022-11-01,21,-0.0055251833808185,-0.005028805049516,0.4963783313025077,1.25,-0.0069064792260231,4
2022-11-02,21,0.0033319218773031,0.0033319218773031,0.0,1.25,0.0041649023466289,4
2022-11-03,21,0.0009336484514152,0.0009336484514152,0.0,1.25,0.001167060564269,4
2022-11-04,21,0.0003914033392777,0.0008285508648894,0.4371475256117407,1.25,0.0004892541740971,4
2022-11-07,21,0.0021306867460234,0.0021306867460234,0.0,1.25,0.0026633584325293,4
2022-11-08,21,0.0028047534709533,0.0028047534709533,0.0,1.25,0.0035059418386917,4
2022-11-09,21,-0.0030063901254748,-0.0028028948133578,0.2034953121170468,1.25,-0.0037579876568435,4
2022-11-10,21,0.0060530298684125,0.0060530298684125,0.0,1.25,0.0075662873355156,4
2022-11-11,21,-0.0007841296406861,-0.0007841296406861,0.0,1.25,-0.0009801620508577,4
2022-11-14,21,-0.0005628524743882,0.0,0.5628524743882594,1.25,-0.0007035655929853,4
2022-11-15,21,-3.2722021028181847e-06,0.0002896108170826,0.2928830191854609,1.25,-4.09025262852273e-06,4
2022-11-16,21,-0.0023659427319091,-0.0019287952062974,0.4371475256117407,1.25,-0.0029574284148864,4
2022-11-17,21,-0.004688727000509,-0.004688727000509,0.0,1.25,-0.0058609087506362,4
2022-11-18,21,0.0007746830690148,0.0007746830690148,0.0,1.25,0.0009683538362685,4
2022-11-21,21,0.008714167932969,0.008714167932969,0.0,1.25,0.0108927099162113,4
2022-11-22,21,-0.0081758767458576,-0.0081758767458576,0.0,1.25,-0.010219845932322,4
2022-11-23,21,-0.0024833511253465,-0.0022798558132295,0.2034953121170468,1.25,-0.0031041889066832,4
2022-11-25,21,-0.0025067503943343,-0.0025067503943343,0.0,1.25,-0.0031334379929178,4
2022-11-28,21,0.0018356134139683,0.0018356134139683,0.0,1.25,0.0022945167674604,4
2022-11-29,21,0.0015687199843734,0.0018616030035588,0.2928830191854609,1.25,0.0019608999804667,4
2022-11-30,21,-0.0069344078529997,-0.0069344078529997,0.0,1.25,-0.0086680098162496,4
2022-12-01,21,-0.0042923474351453,-0.0042923474351453,0.0,1.25,-0.0053654342939316,4
2022-12-02,21,-0.0004141034698272,-0.0004141034698272,0.0,1.25,-0.000517629337284,4
2022-12-05,21,0.0009205520576033,0.0009205520576033,0.0,1.25,0.0011506900720041,4
2022-12-06,21,0.0048624318340649,0.0048624318340649,0.0,1.25,0.0060780397925812,4
2022-12-07,21,4.670773267868029e-05,4.670773267868029e-05,0.0,1.25,5.838466584835036e-05,4
2022-12-08,21,-0.0016597608500868,-0.0016597608500868,0.0,1.25,-0.0020747010626085,4
2022-12-09,21,0.0015019802960543,0.0015019802960543,0.0,1.25,0.0018774753700679,4
2022-12-12,21,-0.0044622857814555,-0.0044622857814555,0.0,1.25,-0.0055778572268194,4
2022-12-13,21,0.0003096394302637,0.0003096394302637,0.0,1.25,0.0003870492878296,4
2022-12-14,21,0.0011870281438988,0.0016906498125962,0.5036216686974924,1.25,0.0014837851798735,4
2022-12-15,21,0.0022706347445478,0.0022706347445478,0.0,1.25,0.0028382934306848,4
2022-12-16,21,0.0002501541383951,0.0005430371575806,0.2928830191854609,1.25,0.0003126926729939,4
2022-12-19,21,0.0031425541586528,0.0031425541586528,0.0,1.25,0.003928192698316,4
2022-12-20,21,-0.0008437436427403,-0.0005737741875375,0.2699694552027984,1.25,-0.0010546795534254,4
2022-12-21,21,0.0024924133069192,0.0024924133069192,0.0,1.25,0.003115516633649,4
2022-12-22,21,-0.001657278627539,-0.001657278627539,0.0,1.25,-0.0020715982844237,4
2022-12-23,21,0.0003770419309473,0.0003770419309473,0.0,1.25,0.0004713024136842,4
2022-12-27,21,-0.0016805474794207,-0.0016805474794207,0.0,1.25,-0.0021006843492759,4
2022-12-28,21,-0.0002909885618144,-0.0002909885618144,0.0,1.25,-0.0003637357022681,4
2022-12-29,21,-0.0002258337831732,-0.0002258337831732,0.0,1.25,-0.0002822922289665,4
2022-12-30,21,-0.0002928830191854,0.0,0.2928830191854609,1.25,-0.0003661037739818,4
2023-01-03,21,0.0,0.0,0.0,1.25,0.0,4
2023-01-04,21,0.0,0.0,0.0,1.25,0.0,4
2023-01-05,22,0.0,0.0,0.0,1.25,0.0,4
2023-01-06,22,0.0007285389878123,0.0012091566066965,0.4806176188842357,1.25,0.0009106737347654,4
2023-01-09,22,-7.814814801813496e-05,0.0001996664952749,0.2778146432930943,1.25,-9.76851850226687e-05,4
2023-01-10,22,-0.0017980952467933,-0.0017980952467933,0.0,1.25,-0.0022476190584916,4
2023-01-11,22,0.0041861658300574,0.0041861658300574,0.0,1.25,0.0052327072875717,4
2023-01-12,22,0.0027077365854117,0.0027077365854117,0.0,1.25,0.0033846707317646,4
2023-01-13,22,-0.0032773409049712,-0.0032773409049712,0.0,1.25,-0.0040966761312141,4
2023-01-17,22,0.0014648167032414,0.001706384441064,0.2415677378226699,1.25,0.0018310208790517,4
2023-01-18,22,-0.0044569906409641,-0.0044569906409641,0.0,1.25,-0.0055712383012051,4
2023-01-19,22,-0.0087164418685896,-0.0087164418685896,0.0,1.25,-0.010895552335737,4
2023-01-20,22,0.0020476297034207,0.0023254443467138,0.2778146432930943,1.25,0.0025595371292758,4
2023-01-23,22,0.0007178149179712,0.0007178149179712,0.0,1.25,0.0008972686474641,4
2023-01-24,22,0.0027775476211619,0.0027775476211619,0.0,1.25,0.0034719345264524,4
2023-01-25,22,0.0021071462579369,0.0021071462579369,0.0,1.25,0.0026339328224211,4
2023-01-26,22,0.0004451586862251,0.0004451586862251,0.0,1.25,0.0005564483577814,4
2023-01-27,22,-0.0069729986871113,-0.0069729986871113,0.0,1.25,-0.0087162483588891,4
2023-01-30,22,-0.0008033091710149,-0.0005617414331922,0.2415677378226699,1.25,-0.0010041364637686,4
2023-01-31,22,0.0047847946147048,0.0050263623525275,0.2415677378226699,1.25,0.005980993268381,4
2023-02-01,22,0.0044481902026485,0.0044481902026485,0.0,1.25,0.0055602377533107,4
2023-02-02,22,-0.0002882096323811,-0.0002882096323811,0.0,1.25,-0.0003602620404764,4
2023-02-03,22,0.0051273962404841,0.0056080138593683,0.4806176188842357,1.25,0.0064092453006051,4
2023-02-06,22,0.0023646115763806,0.0023646115763806,0.0,1.25,0.0029557644704757,4
2023-02-07,22,0.0018789759061852,0.0018789759061852,0.0,1.25,0.0023487198827315,4
2023-02-08,22,-0.000584980161845,-0.000584980161845,0.0,1.25,-0.0007312252023062,4
2023-02-09,22,-0.0045151550796939,-0.0042141967554798,0.3009583242140523,1.25,-0.0056439438496174,4
2023-02-10,22,0.0007120970626011,0.0009899117058942,0.2778146432930943,1.25,0.0008901213282514,4
2023-02-13,22,-0.0041773281916187,-0.003935760453796,0.2415677378226699,1.25,-0.0052216602395233,4
2023-02-14,22,-0.0006108852806024,-0.0006108852806024,0.0,1.25,-0.000763606600753,4
2023-02-15,22,0.0046687297766816,0.0046687297766816,0.0,1.25,0.005835912220852,4
2023-02-16,22,0.0016427135048978,0.0016427135048978,0.0,1.25,0.0020533918811223,4
2023-02-17,22,0.0033084739188925,0.0033084739188925,0.0,1.25,0.0041355923986157,4
2023-02-21,22,-0.001021016546833,-0.001021016546833,0.0,1.25,-0.0012762706835413,4
2023-02-22,22,0.0005202291824183,0.0005202291824183,0.0,1.25,0.0006502864780229,4
2023-02-23,22,-0.0033121107192672,-0.0033121107192672,0.0,1.25,-0.004140138399084,4
2023-02-24,22,0.0007421031099896,0.0007421031099896,0.0,1.25,0.000927628887487,4
2023-02-27,22,0.0004929147814407,0.0004929147814407,0.0,1.25,0.0006161434768009,4
2023-02-28,22,0.0017763410435065,0.0017763410435065,0.0,1.25,0.0022204263043831,4
2023-03-01,22,0.0008496547484325,0.0008496547484325,0.0,1.25,0.0010620684355407,4
2023-03-02,22,-0.0032832454302761,-0.0032832454302761,0.0,1.25,-0.0041040567878451,4
2023-03-03,22,-0.0044142004586513,-0.0044142004586513,0.0,1.25,-0.0055177505733141,4
2023-03-06,22,0.0041874955072428,0.0041874955072428,0.0,1.25,0.0052343693840536,4
2023-03-07,22,0.0007789799372817,0.0007789799372817,0.0,1.25,0.0009737249216022,4
2023-03-08,22,0.0032361406462111,0.0034777083840338,0.2415677378226699,1.25,0.0040451758077639,4
2023-03-09,22,-0.0314621606031803,-0.0311612022789662,0.3009583242140523,1.25,-0.0393277007539754,4
2023-03-10,22,-0.000991194462525,-0.0007496267247024,0.2415677378226699,0.9834925700266418,-0.0009748323893449,4
2023-03-13,22,0.0021930396552316,0.0021930396552316,0.0,0.983095691349953,0.0021559678360178,4
2023-03-14,22,0.0012583235531412,0.0012583235531412,0.0,0.9819143897665508,0.0012355660038115,4
2023-03-15,22,0.0089999858758934,0.0094212129083862,0.4212270324928533,0.9816193731667306,0.0088345604940039,4
2023-03-16,22,-0.0057347821940859,-0.0057347821940859,0.0,0.9664557015901584,-0.005542412948852,4
2023-03-17,22,-0.0012644162952111,-0.0012644162952111,0.0,0.9560667606999288,-0.0012088663915387,4
2023-03-20,22,-7.342193670815088e-05,0.0002043927065849,0.2778146432930943,0.9580968343354076,-7.034532513085402e-05,4
2023-03-21,22,0.0099062432509822,0.0099062432509822,0.0,0.960440710224594,0.0095143593036309,4
2023-03-22,22,-0.007883964576317,-0.007883964576317,0.0,0.9438482177194444,-0.00744126591392,4
2023-03-23,22,-0.0156560255541748,-0.0156560255541748,0.0,0.927576668143114,-0.0145221640199049,4
2023-03-24,22,0.0005428529350282,0.0007844206728509,0.2415677378226699,0.877323066647389,0.0004762574016975,4
2023-03-27,22,0.0029753933080437,0.0029753933080437,0.0,0.8772673697586681,0.002610215461345,4
2023-03-28,22,0.0010195846358342,0.0010195846358342,0.0,0.8777472894556146,0.0008949376504741,4
2023-03-29,22,-0.0016386088487112,-0.0016386088487112,0.0,0.8806105199088434,-0.0014429761901908,4
2023-03-30,22,-0.0013174880596349,-0.0013174880596349,0.0,0.8802163116892947,-0.0011596744805465,4
2023-03-31,22,0.0014455331725211,0.0017464914967351,0.3009583242140523,0.8800488123202559,0.0012721397516467,4
2023-04-03,22,0.0033559416545436,0.0033559416545436,0.0,0.8814078541842973,0.002957953332499,4
2023-04-04,22,0.0006255326855169,0.0006255326855169,0.0,0.8792369503017045,0.0005499914507279,4
2023-04-05,22,0.002814798249067,0.002814798249067,0.0,0.8819393750595024,0.0024824814087007,4
2023-04-06,23,0.0,0.0,0.0,1.25,0.0,4
2023-04-10,23,0.0004265501841809,0.0005891257869517,0.1625756027708269,1.25,0.0005331877302261,4
2023-04-11,23,-0.0001742579462744,-0.0001742579462744,0.0,1.25,-0.000217822432843,4
2023-04-12,23,0.0006573124680087,0.0006573124680087,0.0,1.25,0.0008216405850108,4
2023-04-13,23,-0.001373227445998,-0.001373227445998,0.0,1.25,-0.0017165343074975,4
2023-04-14,23,0.0001909147671971,0.0001909147671971,0.0,1.25,0.0002386434589964,4
2023-04-17,23,0.0031238847676187,0.0033196081224872,0.1957233548685024,1.25,0.0039048559595234,4
2023-04-18,23,0.0047224842518799,0.0047224842518799,0.0,1.25,0.0059031053148499,4
2023-04-19,23,-0.00093664468915,-0.00093664468915,0.0,1.25,-0.0011708058614375,4
2023-04-20,23,-0.002383453417393,-0.002383453417393,0.0,1.25,-0.0029793167717413,4
2023-04-21,23,0.0012511696184354,0.0012511696184354,0.0,1.25,0.0015639620230442,4
2023-04-24,23,-0.0028859471231946,-0.0028859471231946,0.0,1.25,-0.0036074339039933,4
2023-04-25,23,-0.0015598204386596,-0.0015598204386596,0.0,1.25,-0.0019497755483245,4
2023-04-26,23,0.0089702887178306,0.0089702887178306,0.0,1.25,0.0112128608972883,4
2023-04-27,23,0.0035194378581519,0.0038111389005126,0.2917010423606707,1.25,0.0043992973226899,4
2023-04-28,23,0.0014625566141848,0.0014625566141848,0.0,1.25,0.0018281957677311,4
2023-05-01,23,-0.0016432981086005,-0.0016432981086005,0.0,1.25,-0.0020541226357506,4
2023-05-02,23,-0.0060791760715561,-0.0060791760715561,0.0,1.25,-0.0075989700894452,4
2023-05-03,23,0.0028666718889254,0.003158372931286,0.2917010423606707,1.25,0.0035833398611567,4
2023-05-04,23,0.0021770230533647,0.0024687240957253,0.2917010423606707,1.25,0.0027212788167058,4
2023-05-05,23,0.0041046720747541,0.0041046720747541,0.0,1.25,0.0051308400934426,4
2023-05-08,23,-0.0046788806200157,-0.0046788806200157,0.0,1.25,-0.0058486007750196,4
2023-05-09,23,0.0010136521251182,0.0010136521251182,0.0,1.25,0.0012670651563978,4
2023-05-10,23,-0.002550291397754,-0.002550291397754,0.0,1.25,-0.0031878642471925,4
2023-05-11,23,-0.005589475422339,-0.005589475422339,0.0,1.25,-0.0069868442779238,4
2023-05-12,23,9.012382991253708e-05,0.000285847184781,0.1957233548685024,1.25,0.0001126547873906,4
2023-05-15,23,0.0029860804595634,0.0029860804595634,0.0,1.25,0.0037326005744543,4
2023-05-16,23,-0.0027321686836522,-0.0025364453287837,0.1957233548685024,1.25,-0.0034152108545653,4
2023-05-17,23,-0.0008022036390622,-0.0008022036390622,0.0,1.25,-0.0010027545488278,4
2023-05-18,23,0.0028114816854512,0.0028114816854512,0.0,1.25,0.003514352106814,4
2023-05-19,23,0.0005656008159464,0.0007281764187172,0.1625756027708269,1.25,0.000707001019933,4
2023-05-22,23,-0.0015129260481038,-0.0015129260481038,0.0,1.25,-0.0018911575601297,4
2023-05-23,23,0.0002146633600362,0.0002146633600362,0.0,1.25,0.0002683292000453,4
2023-05-24,23,0.0027614233859645,0.0027614233859645,0.0,1.25,0.0034517792324556,4
2023-05-25,23,0.0014099306858883,0.0017016317282489,0.2917010423606707,1.25,0.0017624133573603,4
2023-05-26,23,0.0012214194524752,0.0012214194524752,0.0,1.25,0.0015267743155941,4
2023-05-30,23,0.0002327343728953,0.0002327343728953,0.0,1.25,0.0002909179661192,4
2023-05-31,23,-0.0002133403232265,-0.0002133403232265,0.0,1.25,-0.0002666754040331,4
2023-06-01,23,0.000588439524207,0.000588439524207,0.0,1.25,0.0007355494052587,4
2023-06-02,23,9.312998670354248e-05,9.312998670354248e-05,0.0,1.25,0.0001164124833794,4
2023-06-05,23,-0.0008826537795237,-0.0008826537795237,0.0,1.25,-0.0011033172244047,4
2023-06-06,23,-0.0016650128584545,-0.0016650128584545,0.0,1.25,-0.0020812660730682,4
2023-06-07,23,0.0006220094750342,0.0006220094750342,0.0,1.25,0.0007775118437928,4
2023-06-08,23,0.0008592279973553,0.0008592279973553,0.0,1.25,0.0010740349966941,4
2023-06-09,23,0.0003938542008349,0.0003938542008349,0.0,1.25,0.0004923177510436,4
2023-06-12,23,0.0004168027779598,0.0004168027779598,0.0,1.25,0.0005210034724497,4
2023-06-13,23,-0.0001957233548685,0.0,0.1957233548685024,1.25,-0.0002446541935856,4
2023-06-14,23,0.0,0.0,0.0,1.25,0.0,4
2023-06-15,23,0.0,0.0,0.0,1.25,0.0,4
2023-06-16,23,-0.0009436845146043,-0.0007811089118335,0.1625756027708269,1.25,-0.0011796056432554,4
2023-06-20,23,0.0003358392920085,0.0003358392920085,0.0,1.25,0.0004197991150106,4
2023-06-21,23,-0.0031982805400065,-0.0029065794976458,0.2917010423606707,1.25,-0.0039978506750081,4
2023-06-22,23,0.0005394047480325,0.0005394047480325,0.0,1.25,0.0006742559350407,4
2023-06-23,23,-0.0022428870761519,-0.0022428870761519,0.0,1.25,-0.0028036088451899,4
2023-06-26,23,0.0005236528118816,0.0005236528118816,0.0,1.25,0.0006545660148521,4
2023-06-27,23,0.0053418087821113,0.0056918087821113,0.35,1.25,0.0066772609776392,4
2023-06-28,23,-0.0003558584535884,-0.0003558584535884,0.0,1.25,-0.0004448230669855,4
2023-06-29,23,0.0004333884793232,0.0004333884793232,0.0,1.25,0.000541735599154,4
2023-06-30,23,0.0002927249499312,0.0002927249499312,0.0,1.25,0.000365906187414,4
2023-07-03,23,3.972359215420154e-05,3.972359215420154e-05,0.0,1.25,4.9654490192751925e-05,4
2023-07-05,23,-0.0014209435537144,-0.0014209435537144,0.0,1.25,-0.001776179442143,4
2023-07-06,23,-0.0012852559086006,-0.0012852559086006,0.0,1.25,-0.0016065698857508,4
2023-07-07,23,-4.065385737461285e-05,-4.065385737461285e-05,0.0,1.25,-5.081732171826607e-05,4
2023-07-10,24,0.0,0.0,0.0,1.25,0.0,4
2023-07-11,24,0.0,0.0,0.0,1.25,0.0,4
2023-07-12,24,-0.0007313809033345,-0.0005120188556106,0.2193620477238453,1.25,-0.0009142261291681,4
2023-07-13,24,0.0008447625910657,0.0008447625910657,0.0,1.25,0.0010559532388322,4
2023-07-14,24,0.0006762204380503,0.0006762204380503,0.0,1.25,0.0008452755475629,4
2023-07-17,24,-0.0006628950233539,-0.0006628950233539,0.0,1.25,-0.0008286187791924,4
2023-07-18,24,-0.0004242999086431,-0.0004242999086431,0.0,1.25,-0.0005303748858039,4
2023-07-19,24,-0.0006333946346335,-0.0006333946346335,0.0,1.25,-0.0007917432932918,4
2023-07-20,24,0.0103501185155438,0.0103501185155438,0.0,1.25,0.0129376481444298,4
2023-07-21,24,0.0016698847667781,0.0016698847667781,0.0,1.25,0.0020873559584726,4
2023-07-24,24,0.0005635275527685,0.0008592365005324,0.2957089477638702,1.25,0.0007044094409606,4
2023-07-25,24,0.0009609082106985,0.0009609082106985,0.0,1.25,0.0012011352633732,4
2023-07-26,24,0.0098221592278442,0.0098221592278442,0.0,1.25,0.0122776990348052,4
2023-07-27,24,-0.0007264093586165,-0.0007264093586165,0.0,1.25,-0.0009080116982707,4
2023-07-28,24,-0.0003271158554214,-0.0001288357395005,0.1982801159208854,1.25,-0.0004088948192767,4
2023-07-31,24,-0.0043749330636976,-0.0040882841751062,0.286648888591399,1.25,-0.005468666329622,4
2023-08-01,24,0.0052053854628343,0.0052053854628343,0.0,1.25,0.0065067318285429,4
2023-08-02,24,-0.0023281238125157,-0.0023281238125157,0.0,1.25,-0.0029101547656447,4
2023-08-03,24,0.0018261092762549,0.0018261092762549,0.0,1.25,0.0022826365953186,4
2023-08-04,24,-0.0030541855506013,-0.0030541855506013,0.0,1.25,-0.0038177319382516,4
2023-08-07,24,0.0055290650022496,0.0055290650022496,0.0,1.25,0.006911331252812,4
2023-08-08,24,0.0019876162911863,0.0022069783389102,0.2193620477238453,1.25,0.0024845203639829,4
2023-08-09,24,-0.0026997891989881,-0.0026997891989881,0.0,1.25,-0.0033747364987352,4
2023-08-10,24,0.0005069801526063,0.0005069801526063,0.0,1.25,0.0006337251907579,4
2023-08-11,24,0.0004896774281372,0.0004896774281372,0.0,1.25,0.0006120967851715,4
2023-08-14,24,-0.0014712139609137,-0.0014712139609137,0.0,1.25,-0.0018390174511421,4
2023-08-15,24,-0.0015619767481415,-0.0015619767481415,0.0,1.25,-0.0019524709351768,4
2023-08-16,24,-0.0003295181021475,-0.0003295181021475,0.0,1.25,-0.0004118976276844,4
2023-08-17,24,0.0082212138873207,0.0082212138873207,0.0,1.25,0.0102765173591509,4
2023-08-18,24,-6.997592326086317e-05,-6.997592326086317e-05,0.0,1.25,-8.746990407607896e-05,4
2023-08-21,24,-8.371284189557306e-05,-8.371284189557306e-05,0.0,1.25,-0.0001046410523694,4
2023-08-22,24,0.0011071245232865,0.0013264865710104,0.2193620477238453,1.25,0.0013839056541082,4
2023-08-23,24,-0.0040933123212227,-0.0040933123212227,0.0,1.25,-0.0051166404015284,4
2023-08-24,24,0.0036509653271183,0.0038492454430391,0.1982801159208854,1.25,0.0045637066588978,4
2023-08-25,24,-0.0015889764960405,-0.0015889764960405,0.0,1.25,-0.0019862206200506,4
2023-08-28,24,-0.0014268734769539,-0.0014268734769539,0.0,1.25,-0.0017835918461924,4
2023-08-29,24,8.711705037825642e-05,8.711705037825642e-05,0.0,1.25,0.0001088963129728,4
2023-08-30,24,-0.0009855602370347,-0.0009855602370347,0.0,1.25,-0.0012319502962934,4
2023-08-31,24,0.0020452301724319,0.0020452301724319,0.0,1.25,0.0025565377155398,4
2023-09-01,24,-0.0040001432538119,-0.003704434306048,0.2957089477638702,1.25,-0.0050001790672648,4
2023-09-05,24,0.0018793595067123,0.0018793595067123,0.0,1.25,0.0023491993833904,4
2023-09-06,24,-0.0003514960752267,-0.0003514960752267,0.0,1.25,-0.0004393700940334,4
2023-09-07,24,0.0063742522096677,0.0063742522096677,0.0,1.25,0.0079678152620846,4
2023-09-08,24,-0.0016395699128841,-0.0016395699128841,0.0,1.25,-0.0020494623911051,4
2023-09-11,24,0.0021624359442565,0.0024490848328479,0.286648888591399,1.25,0.0027030449303207,4
2023-09-12,24,0.0010119172402187,0.0010119172402187,0.0,1.25,0.0012648965502734,4
2023-09-13,24,6.769600065502308e-05,6.769600065502308e-05,0.0,1.25,8.462000081877886e-05,4
2023-09-14,24,-0.0008073976682828,-0.0008073976682828,0.0,1.25,-0.0010092470853535,4
2023-09-15,24,-0.0023089720963047,-0.0023089720963047,0.0,1.25,-0.0028862151203809,4
2023-09-18,24,0.0008047985035099,0.0008047985035099,0.0,1.25,0.0010059981293874,4
2023-09-19,24,-0.0002193620477238,0.0,0.2193620477238453,1.25,-0.0002742025596548,4
2023-09-20,24,0.0,0.0,0.0,1.25,0.0,4
2023-09-21,24,0.0,0.0,0.0,1.25,0.0,4
2023-09-22,24,-0.0014485108002569,-0.0011528018524931,0.2957089477638702,1.25,-0.0018106385003212,4
2023-09-25,24,0.0004354539342328,0.0004354539342328,0.0,1.25,0.000544317417791,4
2023-09-26,24,-0.002536747647991,-0.002536747647991,0.0,1.25,-0.0031709345599888,4
2023-09-27,24,-0.002535024368378,-0.0023156623206542,0.2193620477238453,1.25,-0.0031687804604725,4
2023-09-28,24,-0.0009874782903693,-0.0009874782903693,0.0,1.25,-0.0012343478629616,4
2023-09-29,24,-0.0002266576446084,-0.0002266576446084,0.0,1.25,-0.0002833220557606,4
2023-10-02,24,0.000401855114176,0.000401855114176,0.0,1.25,0.00050231889272,4
2023-10-03,24,-0.0015988755523441,-0.0015988755523441,0.0,1.25,-0.0019985944404301,4
2023-10-04,24,9.717977005706538e-05,9.717977005706538e-05,0.0,1.25,0.0001214747125713,4
2023-10-05,24,-0.0016601459986159,-0.001461865882695,0.1982801159208854,1.25,-0.0020751824982699,4
2023-10-06,25,0.0,0.0,0.0,1.25,0.0,4
2023-10-09,25,0.0,0.0,0.0,1.25,0.0,4
2023-10-10,25,0.0,0.0,0.0,1.25,0.0,4
2023-10-11,25,-0.0031465496601271,-0.0029422068674976,0.2043427926295548,1.25,-0.0039331870751589,4
2023-10-12,25,-0.0002043427926295,0.0,0.2043427926295548,1.25,-0.0002554284907869,4
2023-10-13,25,0.0012730557188457,0.0016230557188457,0.35,1.25,0.0015913196485572,4
2023-10-16,25,0.0005238233700695,0.000728166162699,0.2043427926295548,1.25,0.0006547792125868,4
2023-10-17,25,-0.0011751767727555,-0.0008251767727555,0.35,1.25,-0.0014689709659444,4
2023-10-18,25,-0.0023546364884881,-0.0023546364884881,0.0,1.25,-0.0029432956106102,4
2023-10-19,25,0.0009446452308237,0.0011432378925623,0.1985926617385805,1.25,0.0011808065385296,4
2023-10-20,25,0.0046842758775546,0.0050342758775546,0.35,1.25,0.0058553448469433,4
2023-10-23,25,-0.0028146737131143,-0.0028146737131143,0.0,1.25,-0.0035183421413929,4
2023-10-24,25,0.0002654663494509,0.0006154663494509,0.35,1.25,0.0003318329368137,4
2023-10-25,25,-0.0004192398408454,-0.0004192398408454,0.0,1.25,-0.0005240498010568,4
2023-10-26,25,0.0012623190704251,0.0012623190704251,0.0,1.25,0.0015778988380314,4
2023-10-27,25,8.940445135080326e-05,8.940445135080326e-05,0.0,1.25,0.0001117555641885,4
2023-10-30,25,-0.0008854544090995,-0.0008854544090995,0.0,1.25,-0.0011068180113743,4
2023-10-31,25,-0.0003714252170161,-0.0003714252170161,0.0,1.25,-0.0004642815212702,4
2023-11-01,25,-0.0026936270658155,-0.0021450344040769,0.5485926617385806,1.25,-0.0033670338322694,4
2023-11-02,25,-0.0028231068392762,-0.0028231068392762,0.0,1.25,-0.0035288835490953,4
2023-11-03,25,-0.0039454589489556,-0.0036983944033237,0.2470645456318647,1.25,-0.0049318236861945,4
2023-11-06,25,0.0058730399968215,0.0058730399968215,0.0,1.25,0.0073412999960269,4
2023-11-07,25,0.0044717055586287,0.0044717055586287,0.0,1.25,0.0055896319482859,4
2023-11-08,25,0.0019201306499817,0.0019201306499817,0.0,1.25,0.0024001633124771,4
2023-11-09,25,0.0010863368721705,0.0013334014178024,0.2470645456318647,1.25,0.0013579210902132,4
2023-11-10,25,-0.0012748575605468,-0.0010277930149149,0.2470645456318647,1.25,-0.0015935719506835,4
2023-11-13,25,0.0015560401830247,0.0019060401830247,0.35,1.25,0.0019450502287809,4
2023-11-14,25,0.0014836976573226,0.0014836976573226,0.0,1.25,0.0018546220716532,4
2023-11-15,25,0.0020065116464002,0.0020065116464002,0.0,1.25,0.0025081395580002,4
2023-11-16,25,-0.0002234442356378,2.362030999400104e-05,0.2470645456318647,1.25,-0.0002793052945473,4
2023-11-17,25,-0.0002084261916203,-0.0002084261916203,0.0,1.25,-0.0002605327395254,4
2023-11-20,25,0.0010057732478085,0.0012043659095471,0.1985926617385805,1.25,0.0012572165597606,4
2023-11-21,25,0.0009705430897943,0.0009705430897943,0.0,1.25,0.0012131788622428,4
2023-11-22,25,-0.0007485445052034,-0.0007485445052034,0.0,1.25,-0.0009356806315042,4
2023-11-24,25,0.000541525627277,0.000541525627277,0.0,1.25,0.0006769070340963,4
2023-11-27,25,0.0003307101667071,0.0005350529593367,0.2043427926295548,1.25,0.0004133877083839,4
2023-11-28,25,-0.0001985926617385,0.0,0.1985926617385805,1.25,-0.0002482408271732,4
2023-11-29,25,0.0,0.0,0.0,1.25,0.0,4
2023-11-30,25,0.0,0.0,0.0,1.25,0.0,4
2023-12-01,25,0.0,0.0,0.0,1.25,0.0,4
2023-12-04,25,0.0,0.0,0.0,1.25,0.0,4
2023-12-05,25,0.0,0.0,0.0,1.25,0.0,4
2023-12-06,25,-0.0079846234409987,-0.0075332161027373,0.4514073382614195,1.25,-0.0099807793012484,4
2023-12-07,25,0.000622641123313,0.000622641123313,0.0,1.25,0.0007783014041413,4
2023-12-08,25,-0.0039518318775244,-0.0039518318775244,0.0,1.25,-0.0049397898469055,4
2023-12-11,25,0.005518831377827,0.005518831377827,0.0,1.25,0.0068985392222838,4
2023-12-12,25,0.0011771686953229,0.0011771686953229,0.0,1.25,0.0014714608691536,4
2023-12-13,25,-0.0059723935276691,-0.0059723935276691,0.0,1.25,-0.0074654919095864,4
2023-12-14,25,-0.0111728400037059,-0.0109742473419673,0.1985926617385805,1.25,-0.0139660500046323,4
2023-12-15,25,-0.0029333762356648,-0.0027347835739262,0.1985926617385805,1.25,-0.003666720294581,4
2023-12-18,25,0.001248121915018,0.0014467145767566,0.1985926617385805,1.25,0.0015601523937725,4
2023-12-19,25,-0.0044013888867269,-0.0044013888867269,0.0,1.25,-0.0055017361084086,4
2023-12-20,25,-0.0041208923416873,-0.0041208923416873,0.0,1.25,-0.0051511154271092,4
2023-12-21,25,-0.0060072742414872,-0.0060072742414872,0.0,1.25,-0.007509092801859,4
2023-12-22,25,0.0002578813125254,0.0002578813125254,0.0,1.25,0.0003223516406567,4
2023-12-26,25,-0.0004400648828825,-0.0004400648828825,0.0,1.25,-0.0005500811036031,4
2023-12-27,25,-0.001261786017473,-0.001261786017473,0.0,1.25,-0.0015772325218413,4
2023-12-28,25,0.0009156639715181,0.0009156639715181,0.0,1.25,0.0011445799643976,4
2023-12-29,25,0.0018398331083631,0.0018398331083631,0.0,1.25,0.0022997913854539,4
2024-01-02,25,-0.0013222002636604,-0.0011236076019218,0.1985926617385805,1.25,-0.0016527503295755,4
2024-01-03,25,0.0004589181208099,0.0004589181208099,0.0,1.25,0.0005736476510124,4
2024-01-04,25,0.000768700333267,0.000768700333267,0.0,1.25,0.0009608754165838,4
2024-01-05,25,-0.0020551021092406,-0.0020551021092406,0.0,1.25,-0.0025688776365508,4
2024-01-08,26,0.0,0.0,0.0,1.25,0.0,3
2024-01-09,26,0.0,0.0,0.0,1.25,0.0,3
2024-01-10,26,0.0,0.0,0.0,1.25,0.0,3
2024-01-11,26,0.0,0.0,0.0,1.25,0.0,3
2024-01-12,26,0.0,0.0,0.0,1.25,0.0,3
2024-01-16,26,0.0,0.0,0.0,1.25,0.0,3
2024-01-17,26,0.0,0.0,0.0,1.25,0.0,3
2024-01-18,26,0.0,0.0,0.0,1.25,0.0,3
2024-01-19,26,0.0,0.0,0.0,1.25,0.0,3
2024-01-22,26,-0.0004056237097159,-5.5623709715997965e-05,0.35,1.25,-0.0005070296371449,3
2024-01-23,26,-0.0001254192723685,-0.0001254192723685,0.0,1.25,-0.0001567740904606,3
2024-01-24,26,-0.0040074389507899,-0.0036574389507899,0.35,1.25,-0.0050092986884874,3
2024-01-25,26,-0.002694190781251,-0.002694190781251,0.0,1.25,-0.0033677384765638,3
2024-01-26,26,0.0008600851827782,0.0008600851827782,0.0,1.25,0.0010751064784728,3
2024-01-29,26,0.0010314363746281,0.0010314363746281,0.0,1.25,0.0012892954682852,3
2024-01-30,26,0.0006419936356123,0.0006419936356123,0.0,1.25,0.0008024920445154,3
2024-01-31,26,0.0114945518804892,0.0114945518804892,0.0,1.25,0.0143681898506115,3
2024-02-01,26,0.0029742904718242,0.0029742904718242,0.0,1.25,0.0037178630897802,3
2024-02-02,26,0.0093508059995131,0.0093508059995131,0.0,1.25,0.0116885074993914,3
2024-02-05,26,0.0002775695021005,0.0006275695021005,0.35,1.25,0.0003469618776256,3
2024-02-06,26,0.0016474729810292,0.0019974729810292,0.35,1.25,0.0020593412262866,3
2024-02-07,26,-0.0005547347447071,-0.0005547347447071,0.0,1.25,-0.0006934184308839,3
2024-02-08,26,0.0008736270326362,0.0008736270326362,0.0,1.25,0.0010920337907953,3
2024-02-09,26,-0.0034875393081532,-0.0034875393081532,0.0,1.25,-0.0043594241351915,3
2024-02-12,26,0.0033269258656226,0.0033269258656226,0.0,1.25,0.0041586573320283,3
2024-02-13,26,-0.0003802720840255,-0.0003802720840255,0.0,1.25,-0.0004753401050319,3
2024-02-14,26,-0.0005042976793571,-0.0005042976793571,0.0,1.25,-0.0006303720991964,3
2024-02-15,26,0.0011380522026661,0.0011380522026661,0.0,1.25,0.0014225652533326,3
2024-02-16,26,-0.0006629274088632,-0.0006629274088632,0.0,1.25,-0.000828659261079,3
2024-02-20,26,0.0039546950923681,0.0039546950923681,0.0,1.25,0.0049433688654602,3
2024-02-21,26,0.0003115199148689,0.0006615199148689,0.35,1.25,0.0003893998935862,3
2024-02-22,26,-0.0043769834598393,-0.0040269834598393,0.35,1.25,-0.0054712293247991,3
2024-02-23,26,0.0003716116124629,0.0003716116124629,0.0,1.25,0.0004645145155786,3
2024-02-26,26,-0.011065158267644,-0.011065158267644,0.0,1.25,-0.013831447834555,3
2024-02-27,26,0.0005245943227391,0.0005245943227391,0.0,1.25,0.0006557429034238,3
2024-02-28,26,-0.00523530691969,-0.00523530691969,0.0,1.25,-0.0065441336496125,3
2024-02-29,26,-0.0022344362646581,-0.0022344362646581,0.0,1.25,-0.0027930453308226,3
2024-03-01,26,-0.0070231059748902,-0.0070231059748902,0.0,1.25,-0.0087788824686127,3
2024-03-04,26,-0.0034533533372678,-0.0034533533372678,0.0,1.25,-0.0043166916715847,3
2024-03-05,26,-0.0004598534217293,0.0001901465782706,0.65,1.25,-0.0005748167771616,3
2024-03-06,26,-0.0019004897823031,-0.0015504897823031,0.35,1.25,-0.0023756122278789,3
2024-03-07,26,0.0095803323954531,0.0095803323954531,0.0,1.25,0.0119754154943164,3
2024-03-08,26,-0.002409444404478,-0.002409444404478,0.0,1.25,-0.0030118055055976,3
2024-03-11,26,0.0079056360510276,0.0079056360510276,0.0,1.25,0.0098820450637845,3
2024-03-12,26,0.0068636386079949,0.0075136386079949,0.65,1.25,0.0085795482599936,3
2024-03-13,26,-0.00035,0.0,0.35,1.25,-0.0004375,3
2024-03-14,26,-0.0020108370179382,-0.0017108370179382,0.3,1.25,-0.0025135462724227,3
2024-03-15,26,-0.0003,0.0,0.3,1.25,-0.000375,3
2024-03-18,26,0.0003624596044286,0.0006624596044286,0.3,1.25,0.0004530745055357,3
2024-03-19,26,0.0011989918499901,0.0015489918499901,0.35,1.25,0.0014987398124877,3
2024-03-20,26,-0.003120953867334,-0.003120953867334,0.0,1.25,-0.0039011923341676,3
2024-03-21,26,0.0029639252431928,0.0029639252431928,0.0,1.25,0.003704906553991,3
2024-03-22,26,-0.0022440768088623,-0.0022440768088623,0.0,1.25,-0.0028050960110779,3
2024-03-25,26,0.0024871886203915,0.0024871886203915,0.0,1.25,0.0031089857754894,3
2024-03-26,26,-0.0021856166529187,-0.0018856166529187,0.3,1.25,-0.0027320208161484,3
2024-03-27,26,0.0007856428229656,0.0007856428229656,0.0,1.25,0.0009820535287071,3
2024-03-28,26,0.0002964012587289,0.0002964012587289,0.0,1.25,0.0003705015734112,3
2024-04-01,26,-0.0063668555048336,-0.0063668555048336,0.0,1.25,-0.007958569381042,3
2024-04-02,26,0.0011511025289903,0.0011511025289903,0.0,1.25,0.0014388781612379,3
2024-04-03,26,0.0006634649822607,0.0006634649822607,0.0,1.25,0.0008293312278259,3
2024-04-04,26,0.0047531012306987,0.0047531012306987,0.0,1.25,0.0059413765383734,3
2024-04-05,26,-0.0015607501055292,-0.0012107501055292,0.35,1.25,-0.0019509376319115,3
2024-04-08,26,-0.0039962775002134,-0.0039962775002134,0.0,1.25,-0.0049953468752668,3
2024-04-09,27,0.0,0.0,0.0,1.25,0.0,4
2024-04-10,27,0.0,0.0,0.0,1.25,0.0,4
2024-04-11,27,0.0,0.0,0.0,1.25,0.0,4
2024-04-12,27,-0.0052742516252034,-0.0049900697934877,0.2841818317157488,1.25,-0.0065928145315043,4
2024-04-15,27,-0.0002841818317157,0.0,0.2841818317157488,1.25,-0.0003552272896446,4
2024-04-16,27,0.0068650607274918,0.0071492425592075,0.2841818317157488,1.25,0.0085813259093647,4
2024-04-17,27,0.0017460774481326,0.0017460774481326,0.0,1.25,0.0021825968101658,4
2024-04-18,27,-0.0002794656978115,-0.0002794656978115,0.0,1.25,-0.0003493321222644,4
2024-04-19,27,-6.08348846786889e-05,0.0002891651153213,0.35,1.25,-7.604360584836112e-05,4
2024-04-22,27,0.0003558311402981,0.0003558311402981,0.0,1.25,0.0004447889253727,4
2024-04-23,27,0.0020689936555388,0.0024189936555388,0.35,1.25,0.0025862420694236,4
2024-04-24,27,-0.0015081026647046,-0.0012916710402975,0.2164316244070639,1.25,-0.0018851283308808,4
2024-04-25,27,0.000673422388501,0.000673422388501,0.0,1.25,0.0008417779856263,4
2024-04-26,27,-0.002279295280394,-0.001929295280394,0.35,1.25,-0.0028491191004925,4
2024-04-29,27,-0.0001440886414294,-0.0001440886414294,0.0,1.25,-0.0001801108017868,4
2024-04-30,27,0.0110519831987154,0.0110519831987154,0.0,1.25,0.0138149789983943,4
2024-05-01,27,-0.0171630681225553,-0.0170136815786781,0.1493865438771873,1.25,-0.0214538351531941,4
2024-05-02,27,0.0029364017570978,0.0035028333815049,0.5664316244070638,1.25,0.0036705021963723,4
2024-05-03,27,0.0018689910701842,0.0018689910701842,0.0,1.25,0.0023362388377303,4
2024-05-06,27,0.001507426588642,0.0017238582130491,0.2164316244070639,1.25,0.0018842832358025,4
2024-05-07,27,-0.0017597842156488,-0.0017597842156488,0.0,1.25,-0.0021997302695611,4
2024-05-08,27,-0.0021791737834286,-0.0021791737834286,0.0,1.25,-0.0027239672292858,4
2024-05-09,27,-0.0013626090780065,-0.0013626090780065,0.0,1.25,-0.0017032613475081,4
2024-05-10,27,-0.0001567823591436,-0.0001567823591436,0.0,1.25,-0.0001959779489295,4
2024-05-13,27,0.002059017833315,0.0023431996650308,0.2841818317157488,1.25,0.0025737722916438,4
2024-05-14,27,-0.0006084174244335,-0.0004590308805563,0.1493865438771873,1.25,-0.0007605217805419,4
2024-05-15,27,-0.001299009631446,-0.001299009631446,0.0,1.25,-0.0016237620393075,4
2024-05-16,27,0.0036982234150184,0.0036982234150184,0.0,1.25,0.004622779268773,4
2024-05-17,27,-0.0010497843011508,-0.0010497843011508,0.0,1.25,-0.0013122303764385,4
2024-05-20,27,0.0001995319221433,0.0001995319221433,0.0,1.25,0.0002494149026791,4
2024-05-21,27,-0.0013468283684678,-0.0013468283684678,0.0,1.25,-0.0016835354605848,4
2024-05-22,27,-0.0005726508598156,-0.0002884690280998,0.2841818317157488,1.25,-0.0007158135747695,4
2024-05-23,27,-0.0035178183472524,-0.0035178183472524,0.0,1.25,-0.0043972729340655,4
2024-05-24,27,0.0050200906380157,0.0050200906380157,0.0,1.25,0.0062751132975197,4
2024-05-28,27,-0.0038317028188346,-0.0038317028188346,0.0,1.25,-0.0047896285235432,4
2024-05-29,27,0.0032220325523941,0.0035062143841099,0.2841818317157488,1.25,0.0040275406904927,4
2024-05-30,27,0.0078090302102595,0.0080932120419753,0.2841818317157488,1.25,0.0097612877628244,4
2024-05-31,27,0.0022420124144659,0.0024584440388729,0.2164316244070639,1.25,0.0028025155180823,4
2024-06-03,27,-0.0022103564348527,-0.0017767880592598,0.4335683755929361,1.25,-0.0027629455435659,4
2024-06-04,27,0.0041912803170854,0.0045412803170854,0.35,1.25,0.0052391003963568,4
2024-06-05,27,0.0007584171261459,0.0011084171261459,0.35,1.25,0.0009480214076824,4
2024-06-06,27,0.000651583227637,0.000651583227637,0.0,1.25,0.0008144790345463,4
2024-06-07,27,0.0020394947190208,0.0020394947190208,0.0,1.25,0.002549368398776,4
2024-06-10,27,-0.001881245539405,-0.001881245539405,0.0,1.25,-0.0023515569242562,4
2024-06-11,27,0.0004504739871779,0.0004504739871779,0.0,1.25,0.0005630924839724,4
2024-06-12,27,0.0005114900142779,0.0007956718459936,0.2841818317157488,1.25,0.0006393625178474,4
2024-06-13,27,-2.564750375637533e-05,-2.564750375637533e-05,0.0,1.25,-3.205937969546916e-05,4
2024-06-14,27,-0.0020470756477755,-0.0018976891038984,0.1493865438771873,1.25,-0.0025588445597194,4
2024-06-17,27,0.0004013916940619,0.0005507782379391,0.1493865438771873,1.25,0.0005017396175774,4
2024-06-18,27,0.0004045875707096,0.0004045875707096,0.0,1.25,0.000505734463387,4
2024-06-20,27,0.0004618919124667,0.0004618919124667,0.0,1.25,0.0005773648905834,4
2024-06-21,27,0.0009572722579261,0.0009572722579261,0.0,1.25,0.0011965903224076,4
2024-06-24,27,0.0003973981256633,0.0006815799573791,0.2841818317157488,1.25,0.0004967476570792,4
2024-06-25,27,0.0008859240782464,0.0008859240782464,0.0,1.25,0.001107405097808,4
2024-06-26,27,-0.0003595856694182,-0.0003595856694182,0.0,1.25,-0.0004494820867728,4
2024-06-27,27,-0.0009627053277061,-0.0009627053277061,0.0,1.25,-0.0012033816596326,4
2024-06-28,27,-0.0001474797910441,-0.0001474797910441,0.0,1.25,-0.0001843497388051,4
2024-07-01,27,-0.0001493865438771,0.0,0.1493865438771873,1.25,-0.0001867331798464,4
2024-07-02,27,0.0,0.0,0.0,1.25,0.0,4
2024-07-03,27,0.0,0.0,0.0,1.25,0.0,4
2024-07-05,27,0.0,0.0,0.0,1.25,0.0,4
2024-07-08,27,0.0,0.0,0.0,1.25,0.0,4
2024-07-09,27,0.0,0.0,0.0,1.25,0.0,4
2024-07-10,28,0.0,0.0,0.0,1.25,0.0,4
2024-07-11,28,0.0,0.0,0.0,1.25,0.0,4
2024-07-12,28,0.0,0.0,0.0,1.25,0.0,4
2024-07-15,28,0.0003995366567061,0.0007028301403903,0.3032934836842318,1.25,0.0004994208208826,4
2024-07-16,28,-0.0113579444325741,-0.0113579444325741,0.0,1.25,-0.0141974305407177,4
2024-07-17,28,-0.0019977087128408,-0.0015056408139898,0.4920678988509632,1.25,-0.002497135891051,4
2024-07-18,28,0.0037761768442849,0.0037761768442849,0.0,1.25,0.0047202210553561,4
2024-07-19,28,-0.0025573231841956,-0.0022540297005114,0.3032934836842318,1.25,-0.0031966539802446,4
2024-07-22,28,0.0006823777614371,0.0006823777614371,0.0,1.25,0.0008529722017964,4
2024-07-23,28,0.0039722483619438,0.0039722483619438,0.0,1.25,0.0049653104524298,4
2024-07-24,28,-0.0011130901836433,-0.0011130901836433,0.0,1.25,-0.0013913627295542,4
2024-07-25,28,0.0080012186865348,0.0080012186865348,0.0,1.25,0.0100015233581685,4
2024-07-26,28,-0.0007655701661902,-0.0002576380650411,0.5079321011490368,1.25,-0.0009569627077377,4
2024-07-29,28,-0.003301173263747,-0.003301173263747,0.0,1.25,-0.0041264665796837,4
2024-07-30,28,-0.0019405944010157,-0.0019405944010157,0.0,1.25,-0.0024257430012696,4
2024-07-31,28,-0.0042150105517413,-0.0042150105517413,0.0,1.25,-0.0052687631896767,4
2024-08-01,28,0.0015253365526145,0.0021786300362988,0.6532934836842319,1.25,0.0019066706907682,4
2024-08-02,28,0.0003173306022472,0.0006673306022472,0.35,1.25,0.000396663252809,4
2024-08-05,28,0.0009376231169349,0.0009376231169349,0.0,1.25,0.0011720288961687,4
2024-08-06,28,-0.0003349409174107,-0.0003349409174107,0.0,1.25,-0.0004186761467634,4
2024-08-07,28,-0.0036340957354142,-0.0036340957354142,0.0,1.25,-0.0045426196692677,4
2024-08-08,28,-0.0017275386005474,-0.0017275386005474,0.0,1.25,-0.0021594232506842,4
2024-08-09,28,0.0007690315700968,0.0007690315700968,0.0,1.25,0.000961289462621,4
2024-08-12,28,0.0010083075006365,0.0010083075006365,0.0,1.25,0.0012603843757956,4
2024-08-13,28,-0.0002440383953006,-5.526398013390812e-05,0.1887744151667313,1.25,-0.0003050479941257,4
2024-08-14,28,0.0009684409420848,0.0009684409420848,0.0,1.25,0.001210551177606,4
2024-08-15,28,0.0003941836270751,0.0003941836270751,0.0,1.25,0.0004927295338438,4
2024-08-16,28,-0.0003302549660765,-0.0003302549660765,0.0,1.25,-0.0004128187075956,4
2024-08-19,28,0.0003391536268672,0.0003391536268672,0.0,1.25,0.0004239420335841,4
2024-08-20,28,0.0018015849032323,0.0018015849032323,0.0,1.25,0.0022519811290404,4
2024-08-21,28,0.0005055996318013,0.0005055996318013,0.0,1.25,0.0006319995397516,4
2024-08-22,28,-0.0020701884515331,-0.0020701884515331,0.0,1.25,-0.0025877355644164,4
2024-08-23,28,-0.0002810157780392,-0.0002810157780392,0.0,1.25,-0.000351269722549,4
2024-08-26,28,-0.0013726531559223,-0.0013726531559223,0.0,1.25,-0.0017158164449029,4
2024-08-27,28,-0.0003218124623233,-0.0003218124623233,0.0,1.25,-0.0004022655779042,4
2024-08-28,28,0.0003816377925213,0.0003816377925213,0.0,1.25,0.0004770472406517,4
2024-08-29,28,0.0012039833448632,0.0012039833448632,0.0,1.25,0.0015049791810791,4
2024-08-30,28,0.0023133241657665,0.0023133241657665,0.0,1.25,0.0028916552072081,4
2024-09-03,28,0.0009353940464192,0.0009353940464192,0.0,1.25,0.001169242558024,4
2024-09-04,28,0.0018761682323273,0.0021794617160115,0.3032934836842318,1.25,0.0023452102904091,4
2024-09-05,28,0.0016484543768777,0.0016484543768777,0.0,1.25,0.0020605679710971,4
2024-09-06,28,0.0004210941059013,0.0005790262070503,0.1579321011490367,1.25,0.0005263676323766,4
2024-09-09,28,0.001598169772027,0.001598169772027,0.0,1.25,0.0019977122150338,4
2024-09-10,28,-0.0019987987112026,-0.0019987987112026,0.0,1.25,-0.0024984983890033,4
2024-09-11,28,0.0011119075333459,0.0011119075333459,0.0,1.25,0.0013898844166824,4
2024-09-12,28,-0.0013285599370363,-0.0011706278358873,0.1579321011490367,1.25,-0.0016606999212954,4
2024-09-13,28,-7.117254368270253e-05,0.0002788274563172,0.35,1.25,-8.896567960337816e-05,4
2024-09-16,28,-0.0014137449827939,-0.0014137449827939,0.0,1.25,-0.0017671812284924,4
2024-09-17,28,-0.001582854914983,-0.0012795614312988,0.3032934836842318,1.25,-0.0019785686437288,4
2024-09-18,28,0.0005348646736031,0.0005348646736031,0.0,1.25,0.0006685808420039,4
2024-09-19,28,-0.0013371092929699,-0.0010338158092857,0.3032934836842318,1.25,-0.0016713866162124,4
2024-09-20,28,0.0048718522324465,0.0048718522324465,0.0,1.25,0.0060898152905581,4
2024-09-23,28,-0.001262726532521,-0.001262726532521,0.0,1.25,-0.0015784081656512,4
2024-09-24,28,0.0028645987661577,0.0028645987661577,0.0,1.25,0.0035807484576972,4
2024-09-25,28,-0.0027091092926006,-0.0023591092926006,0.35,1.25,-0.0033863866157507,4
2024-09-26,28,-0.0001336955655953,0.0005195979180888,0.6532934836842319,1.25,-0.0001671194569941,4
2024-09-27,28,0.0020960930590382,0.0024460930590382,0.35,1.25,0.0026201163237978,4
2024-09-30,28,-0.0013209951732537,-0.0013209951732537,0.0,1.25,-0.0016512439665671,4
2024-10-01,28,0.0026225404810773,0.0026225404810773,0.0,1.25,0.0032781756013467,4
2024-10-02,28,0.0008023054893738,0.001105598973058,0.3032934836842318,1.25,0.0010028818617172,4
2024-10-03,28,0.0004110750643462,0.0004110750643462,0.0,1.25,0.0005138438304328,4
2024-10-04,28,-0.0008106065343606,-0.0008106065343606,0.0,1.25,-0.0010132581679507,4
2024-10-07,28,0.0011950157792369,0.0011950157792369,0.0,1.25,0.0014937697240461,4
2024-10-08,29,0.0,0.0,0.0,1.25,0.0,3
2024-10-09,29,0.0,0.0,0.0,1.25,0.0,3
2024-10-10,29,0.0,0.0,0.0,1.25,0.0,3
2024-10-11,29,0.0,0.0,0.0,1.25,0.0,3
2024-10-14,29,0.0,0.0,0.0,1.25,0.0,3
2024-10-15,29,0.0,0.0,0.0,1.25,0.0,3
2024-10-16,29,0.0,0.0,0.0,1.25,0.0,3
2024-10-17,29,-0.000709022258465,-0.000359022258465,0.35,1.25,-0.0008862778230812,3
2024-10-18,29,-0.0045471762962315,-0.0045471762962315,0.0,1.25,-0.0056839703702893,3
2024-10-21,29,0.003024759077133,0.003024759077133,0.0,1.25,0.0037809488464162,3
2024-10-22,29,-0.0005743736583829,-0.0005743736583829,0.0,1.25,-0.0007179670729786,3
2024-10-23,29,0.0021823064345858,0.0025323064345858,0.35,1.25,0.0027278830432323,3
2024-10-24,29,-7.45248369390482e-05,-7.45248369390482e-05,0.0,1.25,-9.315604617381025e-05,3
2024-10-25,29,0.0014365835019438,0.0014365835019438,0.0,1.25,0.0017957293774298,3
2024-10-28,29,0.0020187870683484,0.0020187870683484,0.0,1.25,0.0025234838354355,3
2024-10-29,29,-0.0015074050279962,-0.0015074050279962,0.0,1.25,-0.0018842562849953,3
2024-10-30,29,0.0013543584026293,0.0013543584026293,0.0,1.25,0.0016929480032866,3
2024-10-31,29,0.0134795045234071,0.0134795045234071,0.0,1.25,0.0168493806542589,3
2024-11-01,29,-0.0021237471817045,-0.0021237471817045,0.0,1.25,-0.0026546839771306,3
2024-11-04,29,0.0028669434393087,0.0028669434393087,0.0,1.25,0.0035836792991359,3
2024-11-05,29,-0.0025735147497591,-0.0022735147497591,0.3,1.25,-0.0032168934371989,3
2024-11-06,29,-0.0258140440056486,-0.0258140440056486,0.0,1.25,-0.0322675550070607,3
2024-11-07,29,-0.0005297100385324,-0.0001797100385324,0.35,1.1475720657675987,-0.0006078804431765,3
2024-11-08,29,0.0029104782647654,0.0029104782647654,0.0,1.1470803313057107,0.0033385523722052,3
2024-11-11,29,0.0012332930198155,0.0012332930198155,0.0,1.1444961486770855,0.0014114991113692,3
2024-11-12,29,-0.0031547536126002,-0.0031547536126002,0.0,1.146324471501884,-0.0036163712676826,3
2024-11-13,29,0.0047671583377135,0.0047671583377135,0.0,1.1404916016409548,0.005436904047855,3
2024-11-14,29,-0.0115161152686997,-0.0115161152686997,0.0,1.1329310495248188,-0.0130469645578167,3
2024-11-15,29,-0.0078052961652396,-0.0078052961652396,0.0,1.075572485937017,-0.0083951617999215,3
2024-11-18,29,-0.0009581993671687,-0.0009581993671687,0.0,1.0509558699072996,-0.0010070252494674,3
2024-11-19,29,0.0020886998796459,0.0024386998796459,0.35,1.0569775716671324,0.0022077089267296,3
2024-11-20,29,-0.0018008223529479,-0.0018008223529479,0.0,1.0557795850231,-0.0019012714764956,3
2024-11-21,29,0.0022204205218995,0.0022204205218995,0.0,1.0570716630328738,0.0023471436137166,3
2024-11-22,29,0.0061667705171542,0.0061667705171542,0.0,1.0555996917803647,0.0065096410571882,3
2024-11-25,29,0.0060256687741966,0.0060256687741966,0.0,1.0428206663958934,0.0062836919265886,3
2024-11-26,29,-0.0045045164671913,-0.0045045164671913,0.0,1.032311136435042,-0.0046500625133366,3
2024-11-27,29,0.0007537386482399,0.0007537386482399,0.0,1.025455824579475,0.0007729256870483,3
2024-11-29,29,0.0042291089612057,0.0042291089612057,0.0,1.0255508229872483,0.0043371661756673,3
2024-12-02,29,-0.0040599971189369,-0.0040599971189369,0.0,1.0205091960562445,-0.004143264395837,3
2024-12-03,29,-0.0032035729245338,-0.0032035729245338,0.0,1.0311379776694478,-0.0033033257067204,3
2024-12-04,29,-0.0037332288687584,-0.0037332288687584,0.0,1.028915608140461,-0.0038411774518261,3
2024-12-05,29,0.00537201697526,0.00537201697526,0.0,1.0239198593699474,0.0055005148658412,3
2024-12-06,29,0.0005289280155375,0.0005289280155375,0.0,1.018498324993342,0.000538712297867,3
2024-12-09,29,0.003689293801177,0.003689293801177,0.0,1.0216686847045937,0.0037692359453373,3
2024-12-10,29,-0.0058205653990008,-0.0058205653990008,0.0,1.0200371162979476,-0.0059371927448204,3
2024-12-11,29,-0.0043293031027724,-0.0043293031027724,0.0,1.010023794911748,-0.0043726991491853,3
2024-12-12,29,0.0012953125624828,0.0012953125624828,0.0,1.0042324344183144,0.0013007948879547,3
2024-12-13,29,0.0019132672822091,0.0019132672822091,0.0,1.0044762751566476,0.0019218315930125,3
2024-12-16,29,-0.0033489548224894,-0.0033489548224894,0.0,1.0035576395162018,-0.0033608691965039,3
2024-12-17,29,-0.0003,0.0,0.3,1.00001786940069,-0.0003000053608202,3
2024-12-18,29,0.0055603924430724,0.0058603924430724,0.3,1.0011112954714798,0.0055665716820141,3
2024-12-19,29,0.0016082596183276,0.0016082596183276,0.0,0.9944899131846712,0.001599397968209,3
2024-12-20,29,-0.0066506542836514,-0.0066506542836514,0.0,1.0000796641302312,-0.0066511841022404,3
2024-12-23,29,-0.0035396823352018,-0.0035396823352018,0.0,0.9868643263781148,-0.0034931862233215,3
2024-12-24,29,-0.0004396056842244,-0.0004396056842244,0.0,0.9868453874357348,-0.0004338228417674,3
2024-12-26,29,0.0014432659098341,0.0014432659098341,0.0,0.9967229720790411,0.0014385362871502,3
2024-12-27,29,-0.0002500820533574,-0.0002500820533574,0.0,0.9961583008232324,-0.0002491213133389,3
2024-12-30,29,0.003431710679605,0.003431710679605,0.0,0.9978089491851924,0.0034241916271242,3
2024-12-31,29,-0.0015314801579122,-0.0015314801579122,0.0,0.993615706305782,-0.0015217027387972,3
