universe_mode,peer_group,pair,ticker_y,ticker_x,coverage,correlation,coint_pvalue,adf_pvalue,hedge_ratio,intercept,ar1_coefficient,mean_reversion_speed,half_life,equilibrium_mean,residual_volatility,suggested_zscore_window,threshold_crossings,spread_mean,spread_std,observations,zscore_window,subwindow_count,correlation_mean,correlation_std,coint_pass_rate,adf_pass_rate,half_life_pass_rate,hedge_ratio_cv,hedge_sign_consistency,spread_volatility_ratio,structural_instability_penalty,stability_score,training_trade_count,training_sharpe,training_max_drawdown,training_profit_factor,training_turnover,training_score,selected_candidate,rejection_reason,segment,train_start,train_end
stock_peer_groups,enterprise_software,INTU/NOW,INTU,NOW,1.0,0.9644110230395452,0.0018999384661719,0.0003239384729905,0.7465634297997269,2.6719630976831983,0.9371849084666248,0.0648746752666402,10.684403085041328,0.0051340309016548,0.0158138657428482,21.0,45.0,-1.8903749817704847e-14,0.0492012473669771,504.0,21.0,3.0,0.8635153730208854,0.0988029035491503,0.6666666666666666,0.6666666666666666,1.0,0.2730893925063105,1.0,1.514375449711015,0.1811169264308219,0.7977671506121391,20.0,0.7865914130570822,-0.0569424341921069,2.2421615722925194,39.0,1.0778639411853277,True,passed,0,2022-06-30,2024-07-02
etf_peer_groups,developed_international,IEFA/VEA,VEA,IEFA,1.0,0.999515340463128,0.0368087538074868,0.0093695574455599,0.959699775169674,-0.2073064675249775,0.9449901666827202,0.0565807571692843,12.250581562316562,-7.623958973434617e-05,0.0009377834337578,25.0,52.0,2.913806762010262e-14,0.002897647524076,504.0,25.0,3.0,0.9989458575075724,0.0006819983383274,0.6666666666666666,1.0,1.0,0.0269519249125249,1.0,1.515943771781309,0.0665383935037628,0.9097492916931836,14.0,-1.736264333011012,-0.0186784220772207,0.0708594983219936,27.0,0.8132922666092832,True,passed,0,2022-06-30,2024-07-02
etf_peer_groups,us_growth_technology,IYW/QQQ,QQQ,IYW,1.0,0.9990595741540956,0.0058293116782154,0.0011289289631823,0.8352417329532661,1.9832161003425328,0.9434406395609934,0.0582218312974539,11.905279602399885,0.0005490108267449,0.0023963329011719,24.0,41.0,1.5557220414906162e-14,0.0076792674487288,504.0,24.0,3.0,0.9971728282555862,0.0015241671791896,0.3333333333333333,0.6666666666666666,1.0,0.0243438342720381,1.0,1.2667179918857576,0.0382579995821601,0.7621340737723472,12.0,-0.3335653465305132,-0.0220813575134303,0.5890660972596823,24.0,0.7915525766557543,True,passed,0,2022-06-30,2024-07-02
stock_peer_groups,semiconductors,AVGO/NVDA,NVDA,AVGO,1.0,0.98546205547176,0.0815038029584082,0.0242911961489338,1.710469719233934,-3.8487570074841617,0.96530082813495,0.0353154872237088,19.62728635652533,-0.004868191457927,0.0299845942695856,39.0,44.0,5.541422699894928e-15,0.1145239143336993,504.0,39.0,3.0,0.9490424698695844,0.0077015194623962,0.0,0.3333333333333333,1.0,0.1063848807842841,1.0,1.0561660534347947,0.0442694726860928,0.5995003368654535,10.0,1.816737754738457,-0.0707037325099838,8.638837627355542,20.0,1.0245003368654535,False,stability_or_viability_filter,0,2022-06-30,2024-07-02
stock_peer_groups,capital_markets,MS/STT,MS,STT,1.0,0.7746415936114943,0.2095336492822998,0.0799697453279865,0.7395105968115595,1.2683795307559125,0.973423343907696,0.0269362000461221,25.732923700191066,0.0116019053880408,0.0133464001785727,51.0,22.0,-1.7037517781073038e-14,0.0526599154231647,504.0,51.0,3.0,0.8274658777133288,0.0542606986601814,0.3333333333333333,0.6666666666666666,1.0,0.3466574093220088,1.0,1.4125010373299098,0.1794728179196089,0.705585854303038,9.0,0.8461350546628071,-0.075188819538866,2.2214555875967026,18.0,0.9935788918822942,False,stability_or_viability_filter,0,2022-06-30,2024-07-02
stock_peer_groups,large_pharma,LLY/PFE,PFE,LLY,1.0,-0.9161528191709816,0.2627235401867448,0.107186742052715,-0.5334466347936782,6.676896462428655,0.9741007738130968,0.0262405168178032,26.415149723334306,0.0009860658232605,0.0182495312981185,53.0,33.0,2.5748362877457402e-14,0.0799168347849982,504.0,53.0,3.0,0.7066760193062902,0.144998848913177,0.3333333333333333,0.3333333333333333,1.0,0.1235934029596526,1.0,1.0589282901639017,0.0960783384202656,0.6170611709845459,10.0,1.119396316915572,-0.0924926704835932,2.898618369202732,20.0,0.9799015369820184,False,stability_or_viability_filter,0,2022-06-30,2024-07-02
stock_peer_groups,semiconductors,AVGO/MU,AVGO,MU,1.0,0.915762743625984,0.5223839274777887,0.2821514813645736,1.2870785029798846,-1.146723706848047,0.9852289108222262,0.0148812680361616,46.57850250903277,0.0175189494255723,0.0256843707811808,90.0,14.0,1.573344629183079e-14,0.1560132085948251,504.0,90.0,3.0,0.8441144997087379,0.0936266260953159,0.0,0.3333333333333333,1.0,0.286174716701337,1.0,1.6807107198404263,0.2022349720255983,0.5574717943912914,7.0,1.5668971318925156,-0.0337789741866463,6.206100248660731,14.0,0.9699717943912912,False,stability_or_viability_filter,0,2022-06-30,2024-07-02
stock_peer_groups,payments_credit,COF/SYF,COF,SYF,1.0,0.9171521594631152,0.2083905381472346,0.0788909924840819,0.9731457504682436,1.2778222796395264,0.9769327323342272,0.023337480554104,29.70102873585688,-0.0214004109147003,0.0119386856377515,59.0,25.0,-9.884509436702388e-15,0.0618787580289877,504.0,59.0,3.0,0.8413406108413796,0.1221349850800135,0.3333333333333333,0.3333333333333333,1.0,0.1812246676673218,1.0,1.1541108746256532,0.1182433147630732,0.6485108212340376,12.0,0.7897113002137084,-0.0408317877116738,2.726038988881569,23.0,0.9532694657101722,False,stability_or_viability_filter,0,2022-06-30,2024-07-02
stock_peer_groups,mega_cap_platforms,META/MSFT,MSFT,META,1.0,0.977525057349559,0.1832866859652407,0.0671126626791042,0.4247737865834332,3.386614580301651,0.9511408078450267,0.0500931644684558,13.837160976253092,0.0042787658894108,0.0141062749471737,28.0,50.0,1.533165129244264e-15,0.0444689451940668,504.0,28.0,3.0,0.9400656816868912,0.0183754206012732,0.3333333333333333,0.3333333333333333,1.0,0.1170227182715936,1.0,1.4446280337922897,0.0945358278234322,0.6755628376393795,14.0,0.5457477099062796,-0.0793138407832223,1.873683139293546,27.0,0.9011091510899988,False,stability_or_viability_filter,0,2022-06-30,2024-07-02
stock_peer_groups,mega_cap_platforms,AMZN/MSFT,MSFT,AMZN,1.0,0.9010353075013868,0.6250349333715942,0.3765842248063594,0.8298809926689075,1.69672160171972,0.9873637412011428,0.0127167753212515,54.506520957525794,0.0115155149052267,0.014327704338905,90.0,19.0,1.0164708581012545e-14,0.0914917144107354,504.0,90.0,3.0,0.7942135725319407,0.2133819491207877,0.0,0.3333333333333333,0.6666666666666666,0.2742922338531093,1.0,1.2442203589453218,0.1896936564296681,0.5129173608233517,10.0,1.234103769808042,-0.0487255268420787,3.6463725136778136,19.0,0.8980329262945579,False,stability_or_viability_filter,0,2022-06-30,2024-07-02
stock_peer_groups,semiconductors,AMD/MU,AMD,MU,1.0,0.8709348404442556,0.6747316035639008,0.4298316243138678,1.0403166857090178,0.2394230285411477,0.9870459414369268,0.0130386940899395,53.16078249698069,-0.0241354741440822,0.0276023252884039,90.0,19.0,6.055121131130219e-15,0.1621922420590321,504.0,90.0,3.0,0.8138874138811248,0.0350916947543624,0.0,0.3333333333333333,1.0,0.3953136547022111,1.0,1.5170450265689015,0.2009178972154025,0.5500467304154076,6.0,1.0991620502111366,-0.0463923497354805,4.265738668863103,12.0,0.889921037947078,False,stability_or_viability_filter,0,2022-06-30,2024-07-02
stock_peer_groups,semiconductors,MCHP/NXPI,MCHP,NXPI,1.0,0.895685647543309,0.185328340425844,0.0675996837966884,0.6601801582870038,0.8445940990097354,0.9750515391925872,0.025264948671022,27.435131160783158,0.0058077128189615,0.012099638833984,55.0,32.0,9.861600072702184e-15,0.059338481427393,504.0,55.0,3.0,0.8567515978509749,0.0141075131171713,0.3333333333333333,0.6666666666666666,1.0,0.3826728555773739,1.0,1.0817412417214574,0.1413424830894548,0.7167203178204649,10.0,0.3165533217418057,-0.0626760476990689,1.4242701784707184,19.0,0.8854168250052716,False,stability_or_viability_filter,0,2022-06-30,2024-07-02
stock_peer_groups,payments_credit,AXP/SYF,AXP,SYF,1.0,0.8988769531581553,0.4230052225689162,0.2061316389381906,1.0230300916687387,1.5520889693733195,0.9737305859884196,0.0266206193634075,26.037980976232955,-0.004932459161767,0.0166282869039596,52.0,34.0,2.5672585750379814e-14,0.0729789903554976,504.0,52.0,3.0,0.7204632272800638,0.2277527256193847,0.6666666666666666,0.6666666666666666,1.0,0.4692230393237064,1.0,1.30410699296995,0.2661149208665804,0.7535043147333579,12.0,-0.0070113631189753,-0.1072801343958178,1.0187848770396464,23.0,0.8533918541174939,False,stability_or_viability_filter,0,2022-06-30,2024-07-02
stock_peer_groups,oilfield_services,HAL/SLB,SLB,HAL,1.0,0.9069060780396428,0.1010724033461807,0.0305358206918533,1.0819308246157766,0.0431976898777555,0.9694114951704078,0.0310660976151637,22.31201321602786,0.0125274251236334,0.0130821227680594,45.0,33.0,-1.6670086827685187e-14,0.0641545823748257,504.0,45.0,3.0,0.8889137915765594,0.0528459420751564,0.3333333333333333,0.6666666666666666,1.0,0.1502238296047821,1.0,1.5175697397189791,0.1251976727509772,0.7263753472857087,15.0,0.1098133775170734,-0.0483770916061843,1.1353905621580864,29.0,0.849616882021174,False,stability_or_viability_filter,0,2022-06-30,2024-07-02
stock_peer_groups,money_center_banks,BAC/WFC,BAC,WFC,1.0,0.8594482888032289,0.7545319409006538,0.5234527933514055,0.6948241568406386,0.8022915490388149,0.986924489489716,0.0131617475515935,52.66376503901436,-0.0026849793580152,0.0095810477956004,90.0,25.0,-8.677362179768685e-15,0.0605467074038048,504.0,90.0,3.0,0.8851060241317042,0.0715359216575721,0.0,0.0,1.0,0.1360893124963619,1.0,1.1738106980878964,0.0885207111721887,0.5124244349157072,9.0,0.9131425026035837,-0.0263638323526735,3.8594815183474944,17.0,0.8493958103062447,False,stability_or_viability_filter,0,2022-06-30,2024-07-02
stock_peer_groups,large_pharma,ABBV/MRK,MRK,ABBV,1.0,0.8070731573692277,0.2956616420711092,0.1245434646116033,1.1292066809653702,-0.9600495349949404,0.976279195549415,0.0240066724629502,28.873105243122964,0.017748466219591,0.0148367787809268,58.0,29.0,-2.8044586053785304e-14,0.0748649651491166,504.0,58.0,3.0,0.4993663140495715,0.3404676573769787,0.3333333333333333,0.6666666666666666,0.6666666666666666,0.6715160447993592,1.0,1.2396111108068646,0.3639513574817643,0.5717797760975497,9.0,0.5987995494163729,-0.0550040385646387,2.0475878188228283,17.0,0.813979099451147,False,stability_or_viability_filter,0,2022-06-30,2024-07-02
etf_peer_groups,short_treasuries,SCHO/VGSH,VGSH,SCHO,1.0,0.9999466875443614,0.0,0.0,0.998435208981675,0.8855066665039888,0.044729860382209,3.107113982887902,0.2230839243031891,-2.1647614074642139e-07,0.0001822948766594,20.0,61.0,3.6410909560782026e-14,0.0001823522384863,504.0,20.0,3.0,0.9998353239381608,6.485328484301357e-05,1.0,1.0,0.0,0.0006894441790829,1.0,1.1150661807436228,0.0130365636817111,0.898655174616369,25.0,-5.102634118745122,-0.0440828333207778,0.0,49.0,0.7986551746163689,False,stability_or_viability_filter,0,2022-06-30,2024-07-02
etf_peer_groups,broad_us_equity,IVV/VOO,IVV,VOO,1.0,0.999998391661154,1.4546126456316427e-26,1.76587197431206e-27,1.0000949614256982,0.0883421555467927,0.0233371010919602,3.757710863266909,0.1844599560162357,9.831037630236798e-07,0.0002104106637223,20.0,63.0,8.721242423122917e-14,0.0002113678464201,504.0,20.0,3.0,0.9999940940375756,2.5032016173920783e-06,1.0,1.0,0.0,0.0001963440408345,1.0,1.1341731446665784,0.014974409599326,0.8985010825494614,26.0,-5.331168299769481,-0.0472894336515636,0.0,52.0,0.7985010825494613,False,stability_or_viability_filter,0,2022-06-30,2024-07-02
etf_peer_groups,intermediate_treasuries,SCHR/VGIT,VGIT,SCHR,1.0,0.9998914871301072,0.0106759988857428,0.0022519608720359,0.9983840533726444,0.8770229300505501,0.1941872043639225,1.6389326142559195,0.4229259790980706,-1.6942749021174335e-06,0.0002563980628391,20.0,58.0,-5.861096440636205e-14,0.0002626793923356,504.0,20.0,3.0,0.9999080878312676,2.832393130660167e-05,1.0,1.0,0.0,0.001840386956887,1.0,1.574055301646928,0.0644068260346121,0.8935363393543557,26.0,-5.1386492772064445,-0.0464158305718844,0.0,52.0,0.7935363393543556,False,stability_or_viability_filter,0,2022-06-30,2024-07-02
etf_peer_groups,broad_us_equity,SCHB/VTI,VTI,SCHB,1.0,0.9999912597629887,0.0257154057066398,0.0059385461844214,0.9944903247667892,2.5630197758231903,0.2787524253675026,1.277431255375696,0.5426101621069924,1.3739769715775747e-06,0.0004551374973969,20.0,65.0,2.722866024362428e-14,0.0004741827904453,504.0,20.0,3.0,0.9999619392113258,2.5940720101378207e-05,1.0,1.0,0.0,0.0016592594034532,1.0,1.5849723293348266,0.0655586588561656,0.893434618917215,26.0,-4.909474106529122,-0.0434519587273041,0.0,52.0,0.7934346189172149,False,stability_or_viability_filter,0,2022-06-30,2024-07-02
stock_peer_groups,mega_cap_platforms,AMZN/GOOGL,GOOGL,AMZN,1.0,0.9395479741755204,0.2060295140403638,0.0776650741729487,0.7987781100431691,0.9101631771327846,0.9710723968646487,0.0293542543922939,23.613176178711235,0.001661308942712,0.0161085320019901,47.0,31.0,1.3169359782577452e-14,0.0666707611103134,504.0,47.0,3.0,0.8714913299432364,0.0571776770090748,0.0,0.3333333333333333,1.0,0.1391379132644006,1.0,1.09428983180549,0.0759151780695462,0.5769479813455212,10.0,0.4679289438949113,-0.069382917359506,1.6545293271126442,20.0,0.7798637892853901,False,stability_or_viability_filter,0,2022-06-30,2024-07-02
etf_peer_groups,energy_equity,OIH/VDE,VDE,OIH,1.0,0.8903873208679967,0.4804314522070347,0.249082166603586,0.5625229843742535,1.5097753750836875,0.9832845921587712,0.0168566868410451,41.12001291215589,0.0167250595463072,0.0069968189611762,82.0,15.0,-3.616154994493367e-14,0.0391396445674966,504.0,82.0,3.0,0.8004446503618082,0.1672887075874217,0.3333333333333333,0.6666666666666666,0.6666666666666666,0.0338829705568411,1.0,1.313550824326452,0.1018962065288045,0.6732548752709049,8.0,0.0025068581583829,-0.0599443238730453,1.0230003021646703,16.0,0.7747809191028958,False,stability_or_viability_filter,0,2022-06-30,2024-07-02
etf_peer_groups,energy_equity,XLE/XOP,XLE,XOP,1.0,0.8634450286415254,0.6856763975722522,0.5030924329570997,0.8745553254202415,-0.5967722505480658,0.9901545139386004,0.0098942733464331,70.05539025357758,0.0183033200728986,0.0056802473719656,90.0,16.0,-1.2897090802728902e-14,0.0432534727571409,504.0,90.0,3.0,0.8625606378179914,0.1156544622747837,0.0,0.0,0.6666666666666666,0.1598078776858842,1.0,1.2727356597082344,0.1221247421766931,0.4700943519034952,7.0,0.7501269895682585,-0.0209770801356682,2.9582683684038544,14.0,0.7680268187589268,False,stability_or_viability_filter,0,2022-06-30,2024-07-02
stock_peer_groups,semiconductors,MU/NVDA,NVDA,MU,1.0,0.9128782538644136,0.5651579606292564,0.3193036738694151,2.2269497158913945,-5.918443083990837,0.9858869983164206,0.0142135371172493,48.76669155904545,0.0160791444522317,0.0451350994349394,90.0,21.0,-8.148684548994799e-15,0.2751825143656765,504.0,90.0,3.0,0.8537163420491835,0.0698051710142553,0.3333333333333333,0.3333333333333333,1.0,0.3359061801123579,1.0,2.330563614526641,0.2830775186562756,0.6351213336466683,4.0,0.2704102084943565,-0.1136148070948603,1.6913533885769811,8.0,0.7602505343496709,False,stability_or_viability_filter,0,2022-06-30,2024-07-02
stock_peer_groups,mega_cap_platforms,AAPL/MSFT,AAPL,MSFT,1.0,0.8710026677694872,0.240483769228414,0.0955789868134155,0.4952319077016726,2.274553510634016,0.9750170637497556,0.0253003068556348,27.39678947433664,0.0150878136787908,0.0127196966181751,55.0,32.0,-8.272042662842039e-15,0.0589200674583219,504.0,55.0,3.0,0.724722503885178,0.2995697105700519,0.6666666666666666,0.6666666666666666,1.0,0.4985809405438961,1.0,1.1363734205889675,0.2812028193256457,0.7530603440387299,12.0,-0.5447179245487626,-0.1348544381586044,0.6091595834772031,24.0,0.7518106345302756,False,stability_or_viability_filter,0,2022-06-30,2024-07-02
etf_peer_groups,financial_equity,VFH/XLF,XLF,VFH,1.0,0.9976151132389204,0.1695928053500112,0.0604294561020834,0.9805203720412936,-0.7927648388228037,0.9711003902836038,0.0293254274834398,23.6363879418763,0.0006760499705926,0.0015506935766315,47.0,39.0,6.268354442209019e-15,0.0066703935808568,504.0,47.0,3.0,0.9935364756709384,0.0062013451568941,0.6666666666666666,0.6666666666666666,1.0,0.0390230288939522,1.0,1.1122826921065083,0.027550646028783,0.8456290543148564,12.0,-0.9927512956404966,-0.012278772542399,0.0787207643971766,24.0,0.7506523981886407,False,stability_or_viability_filter,0,2022-06-30,2024-07-02
stock_peer_groups,semiconductors,AMD/AVGO,AMD,AVGO,1.0,0.9405481784582816,0.3359780553103597,0.1493833869551355,0.7993535001401375,1.2049329497971528,0.9760200429646504,0.0242721569554648,28.557296404755,-0.0206616210111252,0.0253181980478392,57.0,32.0,-9.632506432700167e-15,0.1121091428905675,504.0,57.0,3.0,0.86216065129646,0.0458617564432571,0.0,0.3333333333333333,1.0,0.0640610906090765,1.0,1.054639284551484,0.0427119806342761,0.577935631427354,12.0,0.3076270082946539,-0.0948684378977602,1.4441105990386895,23.0,0.7462852126234866,False,stability_or_viability_filter,0,2022-06-30,2024-07-02
stock_peer_groups,semiconductors,MU/NXPI,MU,NXPI,1.0,0.914916437487259,0.1534002928921155,0.0531977046513067,1.3964435478459838,-3.0272856927809317,0.9730128060997888,0.0273580354235565,25.336146029079053,-0.0013747393652028,0.025566602320782,51.0,21.0,6.617281678519782e-14,0.1115357472407788,504.0,51.0,3.0,0.7679951241704165,0.0779955676913939,0.0,0.3333333333333333,1.0,0.4588213998962626,1.0,1.588680499111697,0.2443479335416296,0.5342306543551079,8.0,0.4737744334418824,-0.0686050524048319,1.7084361688573122,16.0,0.7407186278142558,False,stability_or_viability_filter,0,2022-06-30,2024-07-02
stock_peer_groups,enterprise_software,ADSK/NOW,NOW,ADSK,1.0,0.760122331502371,0.1964053749979193,0.0728919017638422,1.948774227148117,-5.760781068839922,0.974594175292114,0.0257341251018629,26.934942525392724,-0.0157935981541518,0.0328385662242086,54.0,25.0,-8.515234372998026e-15,0.1561938642254348,504.0,54.0,3.0,0.5921162055998673,0.2008499672675399,0.0,0.0,1.0,0.4141956000241534,1.0,1.4952115038562062,0.2600386895256985,0.422025182447397,9.0,0.7771777420067877,-0.0741400620937656,3.2188437942608843,18.0,0.7386018437484151,False,stability_or_viability_filter,0,2022-06-30,2024-07-02
stock_peer_groups,industrial_machinery,CAT/CMI,CAT,CMI,1.0,0.8944006175219688,0.3034483135260332,0.1298306632595741,1.8142978351455608,-4.339977579710383,0.9768754409094542,0.0233961264596477,29.62657864563372,-0.003233494088725,0.0207826843804359,59.0,38.0,-3.7722911214485874e-14,0.0980288842321009,504.0,59.0,3.0,0.7664180690745376,0.1880038404366238,0.3333333333333333,0.6666666666666666,0.6666666666666666,0.2153058336253689,1.0,1.259656018749826,0.1632872267706449,0.6586091279249031,7.0,-0.1000154089155686,-0.0746984241173823,0.8734600849082834,14.0,0.724779820832982,False,stability_or_viability_filter,0,2022-06-30,2024-07-02
stock_peer_groups,payments_credit,MA/V,V,MA,1.0,0.988645316303398,0.0515627951967029,0.013985654071008,0.9299477531640076,-0.0865988522818947,0.9430217638739694,0.0586659172152493,11.81515969513849,-0.0002050281428792,0.0061018977745201,24.0,48.0,-7.789183760068558e-14,0.0183581918409511,504.0,24.0,3.0,0.9511811378375556,0.0218324039694013,0.3333333333333333,0.3333333333333333,1.0,0.0197526360057697,1.0,1.0960923138258376,0.0245386037501501,0.6853414240843738,13.0,-0.3214000258875096,-0.0453119509888764,0.6584796505235259,25.0,0.7200554027274236,False,stability_or_viability_filter,0,2022-06-30,2024-07-02
etf_peer_groups,us_growth_technology,QQQ/XLK,QQQ,XLK,1.0,0.997456796339774,0.1321461496329048,0.0440902629298959,0.9393483932611002,1.7284003394860972,0.9670869998571326,0.0334668187473228,20.71147502226795,-0.0002031445996455,0.0031967695357827,41.0,35.0,-1.5143089604133282e-14,0.0126233293649107,504.0,41.0,3.0,0.9925413178809068,0.0043900726280159,0.0,0.6666666666666666,1.0,0.03854975045554,1.0,1.1040660667029838,0.0258761706615168,0.6788810457374084,12.0,-0.2794454569433096,-0.0169955854968969,0.6526701644044344,24.0,0.7195977354161336,False,stability_or_viability_filter,0,2022-06-30,2024-07-02
etf_peer_groups,broad_us_equity,IVV/SPY,SPY,IVV,1.0,0.9999979623747688,0.1703453605092,0.0609370442486933,0.9957686225097316,0.0232834516780122,0.4207331492029343,0.8657564961417791,0.8006260231935162,-1.5840751879262325e-07,0.0002150912532159,20.0,57.0,-4.132496813882527e-15,0.0002369035545551,504.0,20.0,3.0,0.9999931159246332,2.114808444425225e-06,0.6666666666666666,1.0,0.0,0.0008563909128761,1.0,1.0781250753804563,0.0089667325049353,0.8157682723973315,21.0,-4.633032894434233,-0.0386120669589858,0.0,42.0,0.7157682723973314,False,stability_or_viability_filter,0,2022-06-30,2024-07-02
etf_peer_groups,broad_us_equity,SPY/VOO,SPY,VOO,1.0,0.999998296045544,0.0312204537979752,0.0077410436785566,0.9958651160974992,0.1112402852038016,0.2752973427399661,1.2899035191142083,0.5373635859493875,1.0762641131714146e-06,0.0002078168541554,20.0,64.0,-5.2027165644457934e-14,0.0002166399015662,504.0,20.0,3.0,0.9999941686189648,1.6277425345050074e-06,0.6666666666666666,1.0,0.0,0.0008951098921332,1.0,1.151695482437496,0.0171539661490554,0.8149498122065023,19.0,-4.330548869649081,-0.0347936083171993,0.0,38.0,0.7149498122065022,False,stability_or_viability_filter,0,2022-06-30,2024-07-02
stock_peer_groups,enterprise_software,CRM/INTU,CRM,INTU,1.0,0.9309911628702378,0.2124504874680144,0.080937758304376,1.1714931557393098,-1.9234030837317009,0.9708723636488856,0.029560267684266,23.44860973396678,-0.0132961271001458,0.020915442081058,47.0,26.0,-9.956762046241483e-15,0.0854749538186103,504.0,47.0,3.0,0.8145801136186771,0.0741977233496515,0.0,0.6666666666666666,1.0,0.2573137043285999,1.0,1.7577839745033377,0.1947020286153435,0.6175081588764683,10.0,-0.0402196746015788,-0.0863759490429282,0.9891088749354714,19.0,0.7109306514330049,False,stability_or_viability_filter,0,2022-06-30,2024-07-02
stock_peer_groups,semiconductors,ADI/TXN,TXN,ADI,1.0,0.7598760069529535,0.3478820376318221,0.156675664667388,0.4539643999769301,2.7078355087951334,0.9765391814969494,0.0237404050495273,29.19693994748187,0.0080741354380906,0.0105957830693011,58.0,22.0,9.047436521310404e-15,0.0474497960455587,504.0,58.0,3.0,0.7619238341904438,0.1488039253869259,0.3333333333333333,0.3333333333333333,1.0,0.2807004066132565,1.0,1.3176824385098178,0.1784661593900406,0.6226343426086068,9.0,-0.0730640350406356,-0.0821714267000377,0.9672070765631928,18.0,0.7100350911806712,False,stability_or_viability_filter,0,2022-06-30,2024-07-02
etf_peer_groups,energy_equity,VDE/XOP,VDE,XOP,1.0,0.8920456597338078,0.706476462017841,0.4662143133271291,0.906028442507056,0.2809983784617555,0.9896711261878364,0.0103825868126013,66.76054754665515,0.0171872838608272,0.0051821783061585,90.0,15.0,-4.1606929541904674e-15,0.0388594762982868,504.0,90.0,3.0,0.8961995360225226,0.0960921591601085,0.0,0.3333333333333333,0.6666666666666666,0.1136403291669233,1.0,1.2803420657865043,0.1010599478630666,0.5472772225526572,9.0,0.2373416330627576,-0.0162943843494951,1.476948936811502,17.0,0.7067259143526459,False,stability_or_viability_filter,0,2022-06-30,2024-07-02
stock_peer_groups,payments_credit,COF/V,V,COF,1.0,0.8057720983669736,0.3552141175511989,0.1602582848861269,0.6340204151218701,2.4799717629117906,0.9801164465253174,0.0200838913913934,34.51259355330811,0.0108384286820982,0.0132139394704947,69.0,17.0,-1.1482878140408762e-14,0.0723520758448475,504.0,69.0,3.0,0.5608567926281995,0.2837890848125975,0.3333333333333333,0.3333333333333333,1.0,0.3084111141630918,1.0,1.2559548928168855,0.2258394988604393,0.5676302482710058,7.0,0.1608792330890014,-0.052393440907143,1.3645954673628902,13.0,0.6974919066025005,False,stability_or_viability_filter,0,2022-06-30,2024-07-02
stock_peer_groups,enterprise_software,MSFT/NOW,MSFT,NOW,1.0,0.971836441235868,0.0703527302841254,0.0202036304238995,0.852789964269012,1.7348067936466172,0.94117065441102,0.0606308015238203,11.432261542635636,0.0053415772809328,0.0163073084465725,23.0,41.0,-6.967971173599792e-15,0.0497079375969454,504.0,23.0,3.0,0.9111260128005167,0.0310974430928251,0.0,0.3333333333333333,1.0,0.0493409049766815,1.0,1.5208999363638147,0.084690553396926,0.5859791145271033,20.0,0.0187885595795728,-0.0631660515773889,1.0466198491017,39.0,0.6911283909191241,False,stability_or_viability_filter,0,2022-06-30,2024-07-02
stock_peer_groups,money_center_banks,BAC/C,BAC,C,1.0,0.8283477213665368,0.5450061564130538,0.3017328550061849,0.6980751956537357,0.7546333530758865,0.9891560469239108,0.0109031772740192,63.57295338227858,0.0059085350959132,0.0099284842567534,90.0,8.0,-3.873444774803324e-15,0.0663490323365082,504.0,90.0,3.0,0.719997089083641,0.2451344488635208,0.0,0.0,0.6666666666666666,0.2004605460160263,1.0,1.2201565721004064,0.1729935063043386,0.429366588307143,9.0,0.7068799547377448,-0.0357116147364284,2.063545490923589,17.0,0.6885758560639842,False,stability_or_viability_filter,0,2022-06-30,2024-07-02
stock_peer_groups,enterprise_software,CRM/NOW,CRM,NOW,1.0,0.9550181292334194,0.142779377803093,0.0486337718995243,0.9302728786773304,0.9458060147875909,0.9659948586390577,0.0345967671035988,20.035027506597345,-0.001847059195691,0.0183524771497893,40.0,29.0,1.7012846158303593e-14,0.0694369327446571,504.0,40.0,3.0,0.880478532133483,0.0373450927073021,0.0,0.3333333333333333,1.0,0.1231953840619534,1.0,1.4143123597763487,0.099548198898235,0.5768314798102139,14.0,0.0061270612762141,-0.1108004736425264,1.0334013768740962,27.0,0.6794206078453507,False,stability_or_viability_filter,0,2022-06-30,2024-07-02
etf_peer_groups,us_growth_technology,QQQ/VGT,QQQ,VGT,1.0,0.9973897829996086,0.1842750508971503,0.0673096190297023,0.9882426664006728,1.959322110745972,0.9698170162916392,0.0306478682783471,22.616489155614644,-0.0017819531694559,0.0031511084578041,45.0,34.0,4.324583019730371e-15,0.0127883456349906,504.0,45.0,3.0,0.9934081192408964,0.0027845560907926,0.3333333333333333,0.3333333333333333,1.0,0.060805388151549,1.0,1.159889814332173,0.0389621830065775,0.6944558115095663,12.0,-0.6150733746506123,-0.0209524569999863,0.524348835151616,23.0,0.6784122470695553,False,stability_or_viability_filter,0,2022-06-30,2024-07-02
etf_peer_groups,emerging_markets,EEM/VWO,EEM,VWO,1.0,0.9931904742055444,0.1625536227349456,0.0572925591239605,1.0049267461863924,-0.0303664319381415,0.9695949692511144,0.0308768521591832,22.44876443319022,-0.0007588475010674,0.0015868379814085,45.0,27.0,-2.9160976984102824e-14,0.0065419304300901,504.0,45.0,3.0,0.9921350757414108,0.0053495831491763,0.3333333333333333,0.6666666666666666,1.0,0.0458255279181285,1.0,1.136528280619222,0.0322281793134596,0.7614776176706733,12.0,-1.1408089239824222,-0.0170245067112729,0.1091198452111923,24.0,0.666933609931233,False,stability_or_viability_filter,0,2022-06-30,2024-07-02
stock_peer_groups,money_center_banks,C/WFC,C,WFC,1.0,0.914055380937464,0.1965465151596487,0.0730152844029822,0.8768759173184565,0.5117052410637887,0.9795341485479352,0.020678178960804,33.5207071122569,-0.0012572489384536,0.0113867526986057,67.0,22.0,-8.776048670846476e-15,0.05700034441246,504.0,67.0,3.0,0.7049535974574047,0.1983001303150277,0.3333333333333333,0.3333333333333333,1.0,0.3691160134005744,1.0,1.2705806356387936,0.2192032296428444,0.6043180764000666,11.0,-0.1995041158171383,-0.1270598680109125,0.8182625552722784,22.0,0.6653055867911098,False,stability_or_viability_filter,0,2022-06-30,2024-07-02
etf_peer_groups,intermediate_treasuries,GOVT/SCHR,SCHR,GOVT,1.0,0.9723852167877156,0.479838652471351,0.2486560667828822,0.9200642270708068,0.3060500026958569,0.9755626909161076,0.0247408555650349,28.016297930276,0.0009317148786237,0.0009387251245811,56.0,30.0,7.650846446682726e-15,0.0041677732796443,504.0,56.0,3.0,0.9835969453474668,0.0063431909205053,0.3333333333333333,0.6666666666666666,1.0,0.0471569511355661,1.0,1.2962872797411378,0.0507541895454835,0.757490484048985,13.0,-1.991674307957956,-0.0188532487000068,0.0100993545530578,26.0,0.6579954517766379,False,stability_or_viability_filter,0,2022-06-30,2024-07-02
etf_peer_groups,intermediate_treasuries,GOVT/VGIT,VGIT,GOVT,1.0,0.9729020517856876,0.449867205742054,0.2260143160772301,0.9191654291577632,1.1807993987588328,0.9750844283972608,0.0252312185053072,27.47180761064489,0.0008402748327232,0.0009395679404743,55.0,37.0,8.33566020441183e-14,0.0041229031092091,504.0,55.0,3.0,0.983527363788624,0.0063247868537631,0.3333333333333333,0.6666666666666666,1.0,0.0456502234728112,1.0,1.2762246111665465,0.048016626905141,0.7577468449233086,11.0,-1.5086112555201217,-0.0146086303458983,0.0012179993933764,22.0,0.6578077448929773,False,stability_or_viability_filter,0,2022-06-30,2024-07-02
etf_peer_groups,physical_gold,GLD/SGOL,GLD,SGOL,1.0,0.9999735837709736,0.0965394038691331,0.0296464838599594,0.9878667951393816,2.30778488315384,0.6718508015831798,0.3977189845630006,1.7428063719954192,-5.3038485041083335e-06,0.0005051349423504,20.0,70.0,4.784532558503651e-15,0.0006843061425485,504.0,20.0,3.0,0.9998998920043788,0.0001036231590807,0.6666666666666666,0.6666666666666666,0.0,0.00042869194283,1.0,1.1853763907658912,0.0207748151190693,0.7478974914891877,30.0,-5.268751808180957,-0.0492145939776792,0.0,60.0,0.6478974914891876,False,stability_or_viability_filter,0,2022-06-30,2024-07-02
etf_peer_groups,physical_gold,IAU/SGOL,IAU,SGOL,1.0,0.9999877053661294,0.0019842469538948,0.0003358094383425,0.995913540034442,0.6949047894406933,0.1810283976062868,1.7091013671702944,0.4055623580171651,8.437660045373546e-07,0.000463211900717,20.0,61.0,-7.494005416219808e-14,0.0004706428627809,504.0,20.0,3.0,0.9999516844481352,3.925093209101416e-05,0.6666666666666666,0.6666666666666666,0.0,0.0001344997228968,1.0,1.2689485880946696,0.0299410933399592,0.7469938117780378,23.0,-4.428563805430212,-0.0362591757112837,0.0,45.0,0.6469938117780377,False,stability_or_viability_filter,0,2022-06-30,2024-07-02
stock_peer_groups,semiconductors,AMD/NXPI,AMD,NXPI,1.0,0.9143771833720556,0.263284590471683,0.1075887191242778,1.6670446573743725,-4.027460433279835,0.9747533560560764,0.0255708081337427,27.10697201803649,-0.0244624236442995,0.0297981384878425,54.0,29.0,2.283182461435481e-14,0.1336302388224381,504.0,54.0,3.0,0.7709797475381309,0.0173155793710924,0.0,0.0,1.0,0.129472328242039,1.0,1.2202729482886543,0.0734040745697831,0.4854045294275544,7.0,0.2803526915555108,-0.0746109988803387,1.4994965194016638,14.0,0.6399322591309642,False,stability_or_viability_filter,0,2022-06-30,2024-07-02
stock_peer_groups,enterprise_software,ADBE/INTU,ADBE,INTU,1.0,0.8471396955950461,0.5237429532252761,0.2834145327188566,1.041548307019652,-0.3399476043548312,0.9860327727165372,0.0140656868826468,49.27929836225036,-0.0183509277599066,0.0201333344884585,90.0,14.0,-2.1703979002037187e-14,0.1215692663114709,504.0,90.0,3.0,0.5918118461609663,0.3432558584628363,0.0,0.3333333333333333,1.0,0.6400928489900167,1.0,1.3622248794630911,0.3680301113135167,0.4778166170755565,11.0,0.2871622235338659,-0.1210590521500331,1.3559719113248652,21.0,0.6386895461718798,False,stability_or_viability_filter,0,2022-06-30,2024-07-02
etf_peer_groups,us_growth_technology,IYW/XLK,XLK,IYW,1.0,0.9983572854440964,0.0118775892881837,0.0024769830594872,0.8862866102694312,0.2845866976114263,0.9631851609667426,0.0375096105193199,18.47918895886504,0.0011881751883826,0.0025445475159803,37.0,32.0,-2.409007737559665e-14,0.0107753073179092,504.0,37.0,3.0,0.9952352729080292,0.0030885411669428,0.0,0.6666666666666666,1.0,0.0089758309642024,1.0,1.1514097658614846,0.0208447646949911,0.6800576750908416,12.0,-0.7338027295334887,-0.0265875509955285,0.3223158537744234,24.0,0.6361030583495394,False,stability_or_viability_filter,0,2022-06-30,2024-07-02
stock_peer_groups,mega_cap_platforms,AAPL/GOOGL,AAPL,GOOGL,1.0,0.84289275169796,0.1319276273210474,0.0439754702149632,0.5191923281753489,2.624108663955375,0.973252116403705,0.0271121179203889,25.56595477325964,0.0156544325295861,0.0132719301212078,51.0,29.0,-1.3424887304118163e-14,0.0645332904461182,504.0,51.0,3.0,0.6714423431817539,0.2535867341495761,0.0,0.3333333333333333,1.0,0.4874549871129901,1.0,1.0898067199143058,0.2569924315224449,0.5088280093098606,11.0,0.0306103436245706,-0.1327734777830614,1.0689440223929538,22.0,0.6168667619731939,False,stability_or_viability_filter,0,2022-06-30,2024-07-02
etf_peer_groups,us_growth_technology,IYW/VGT,VGT,IYW,1.0,0.998053407941432,0.0470647543106068,0.0124708994740275,0.842123712794669,0.0382824024132524,0.9662595737870948,0.0343227709411359,20.19496566138856,0.0026510501724153,0.0025313309434229,40.0,35.0,6.315054299594045e-15,0.0111477438619539,504.0,40.0,3.0,0.994599334833613,0.0016043295861984,0.0,0.6666666666666666,1.0,0.0386464492852881,1.0,1.216500128551678,0.0374724961295708,0.6782359174287795,11.0,-0.8073377887704617,-0.0235855366131073,0.1636786092209262,22.0,0.6153191795742566,False,stability_or_viability_filter,0,2022-06-30,2024-07-02
stock_peer_groups,enterprise_software,INTU/MSFT,MSFT,INTU,1.0,0.9395620820576456,0.3104448735079615,0.1341364392363593,1.0650496057047003,-0.840689941058848,0.9716658867470448,0.0287432715276795,24.115110901431272,0.0010872998929331,0.0171858308672542,48.0,29.0,2.6174829499615e-14,0.072219275005355,504.0,48.0,3.0,0.8072579404990602,0.0601920864095966,0.0,0.0,1.0,0.2093149824626109,1.0,1.7123848700089035,0.1689895640695029,0.4849155287178147,13.0,0.1317396793903561,-0.107539970819059,1.1493120204723333,26.0,0.6121420816499848,False,stability_or_viability_filter,0,2022-06-30,2024-07-02
etf_peer_groups,energy_equity,OIH/XLE,XLE,OIH,1.0,0.8927627896543742,0.4545834441109718,0.2294149035517009,0.5624646514733289,0.4795603100625251,0.9822765668450034,0.0178823739813544,38.76147435920267,0.0150157701824304,0.0071535732607979,78.0,15.0,-4.0536357339587564e-14,0.0386304511475549,504.0,78.0,3.0,0.7887906500968777,0.1763504546432442,0.0,0.6666666666666666,0.6666666666666666,0.085301608456612,1.0,1.214766476891792,0.1110802962434845,0.5860896328998709,7.0,-0.3430317577985757,-0.0600828508927797,0.7238925130437047,14.0,0.6083294948822698,False,stability_or_viability_filter,0,2022-06-30,2024-07-02
stock_peer_groups,money_center_banks,C/JPM,JPM,C,1.0,0.7647419933460725,0.7181314205147068,0.4772990209787537,1.0284013846444109,1.0176911772701032,0.9930855055936306,0.0069385102919805,99.89855911305352,0.0685867807016637,0.0118432523791284,90.0,25.0,-2.5214398470375775e-14,0.1217731148734729,504.0,90.0,3.0,0.4949952856910182,0.3590799677378294,0.3333333333333333,0.3333333333333333,0.3333333333333333,0.5370780369668696,1.0,1.3000861873041083,0.3320622446020228,0.4738759302958856,11.0,0.1508506006329313,-0.0596042617871045,1.1997077578559736,21.0,0.606488908283624,False,stability_or_viability_filter,0,2022-06-30,2024-07-02
stock_peer_groups,enterprise_software,CRM/MSFT,MSFT,CRM,1.0,0.9473080441712436,0.322509766586102,0.1416765703185574,0.8533778817983414,1.2038254160271442,0.9712084226304178,0.0292141863191027,23.72639008284502,0.0149729982175608,0.018017449317307,47.0,25.0,-6.153807622208011e-15,0.0675672156881493,504.0,47.0,3.0,0.8753376829074937,0.05067762808006,0.3333333333333333,0.3333333333333333,0.6666666666666666,0.1608876728898541,1.0,1.2164820640539111,0.0945753296626282,0.6260435544272773,11.0,-0.6388258682653861,-0.1390399134172951,0.5130939751036308,22.0,0.6058743729426509,False,stability_or_viability_filter,0,2022-06-30,2024-07-02
stock_peer_groups,mega_cap_platforms,GOOGL/META,GOOGL,META,1.0,0.9244889446317271,0.4458183620112095,0.2228233997401203,0.3708213385889529,2.74671623293269,0.978222205942523,0.0220184303141321,31.480317655299068,0.0092168237629581,0.0167264863293258,63.0,20.0,8.811293846231401e-15,0.0742237172403628,504.0,63.0,3.0,0.8223728940914935,0.0921355385207466,0.0,0.3333333333333333,1.0,0.235827266928242,1.0,1.2280102878434318,0.1346554115767108,0.558794349031869,7.0,-0.2151916556302561,-0.1385664061393822,0.7488671226663429,14.0,0.6014589568206478,False,stability_or_viability_filter,0,2022-06-30,2024-07-02
etf_peer_groups,intermediate_treasuries,GOVT/IEI,IEI,GOVT,1.0,0.9138369033038068,0.8626466826096844,0.6836381945344121,0.824465780681048,2.1556907808773587,0.9905328973978624,0.00951220047446,72.86927797842597,0.0039408154647283,0.0010170703650478,90.0,12.0,-3.239031617874663e-14,0.0069147208889858,504.0,90.0,3.0,0.9568462761755092,0.0219006703753056,0.3333333333333333,0.6666666666666666,1.0,0.0932255845877762,1.0,1.3052428875583932,0.0722912947164043,0.7486491062389036,4.0,-1.0883706027868136,-0.0089594632250225,0.0,8.0,0.5986491062389036,False,stability_or_viability_filter,0,2022-06-30,2024-07-02
etf_peer_groups,us_real_estate,IYR/VNQ,VNQ,IYR,1.0,0.9988703772652872,0.0888095873029228,0.0269482765758118,1.011755410000744,-0.1244297182419832,0.9425833699369413,0.0591309074054714,11.722248329573372,-0.0002437062517797,0.0008821995238422,23.0,64.0,-1.6420727211836838e-14,0.0027138541648484,504.0,23.0,3.0,0.9991259879147888,0.0003876515256988,0.3333333333333333,0.3333333333333333,1.0,0.0032792837545528,1.0,1.1006460529021636,0.0124052065269909,0.6985409763259981,15.0,-2.6885494305380253,-0.025329464101195,0.0,30.0,0.598540976325998,False,stability_or_viability_filter,0,2022-06-30,2024-07-02
stock_peer_groups,mega_cap_platforms,GOOGL/MSFT,MSFT,GOOGL,1.0,0.9411853832625507,0.2147567617255132,0.0818900367503849,1.0196285513572696,0.8436920472445517,0.9740184873190008,0.026324994699406,26.330382530925466,0.0044128953486403,0.0156116211364619,53.0,22.0,1.7270135938613544e-16,0.0712726121920939,504.0,53.0,3.0,0.8434496267989581,0.0531976901043963,0.0,0.0,1.0,0.065907680288341,1.0,1.205955471540378,0.0625857314131766,0.5046038335584219,5.0,0.1318524454528558,-0.0820932268248961,1.2323308326702571,10.0,0.5984982420098631,False,stability_or_viability_filter,0,2022-06-30,2024-07-02
stock_peer_groups,industrial_machinery,CMI/PCAR,CMI,PCAR,1.0,0.8287501229007093,0.328272182787476,0.1444716388638285,0.3597706922250476,3.8752156397972577,0.9794300721918964,0.0207844354764001,33.34933880436562,0.0122432024064603,0.0116534043792819,67.0,23.0,1.8616501638317703e-14,0.0604648922613939,504.0,67.0,3.0,0.5863981030368289,0.2957308705439658,0.0,0.0,1.0,0.5960083872689547,1.0,1.341369478565309,0.3351763613337856,0.4130818896258287,9.0,0.3640302407805493,-0.0539816168718894,1.5743353248900138,18.0,0.5964031919874118,False,stability_or_viability_filter,0,2022-06-30,2024-07-02
etf_peer_groups,emerging_markets,IEMG/VWO,VWO,IEMG,1.0,0.9958289849670336,0.1408716749163958,0.0476384912207039,0.8946053253920978,0.2112850844033824,0.956242369870462,0.0447438730936576,15.49144346778056,-0.0002000610967787,0.0014448485093675,31.0,41.0,2.3526154569437843e-14,0.0050635344128526,504.0,31.0,3.0,0.9923740534171064,0.005105619290032,0.3333333333333333,0.3333333333333333,1.0,0.0309016065256181,1.0,1.240304101583767,0.0387028643367464,0.694223226920602,16.0,-1.282151929272376,-0.0183803214623542,0.0296543020963433,31.0,0.5957059420254192,False,stability_or_viability_filter,0,2022-06-30,2024-07-02
stock_peer_groups,semiconductors,NVDA/NXPI,NVDA,NXPI,1.0,0.946451107665352,0.0462943343207643,0.0123056432272302,3.524014498716923,-14.820071503167645,0.9566287253050252,0.0443399196429609,15.632576381314754,-0.0087013848646476,0.0628928003955894,31.0,46.0,3.873092323049474e-14,0.2176260499858257,504.0,31.0,3.0,0.8141508018272411,0.0670182592784015,0.0,0.0,1.0,0.0876917098185049,1.0,1.2724459084823647,0.0818417573081204,0.4953535247259982,14.0,-0.044145146001705,-0.1681588558492696,0.9994463944764932,27.0,0.588704072549567,False,stability_or_viability_filter,0,2022-06-30,2024-07-02
stock_peer_groups,railroads,CSX/UNP,UNP,CSX,1.0,0.8467534941297211,0.2955837158599744,0.1250214586691882,0.9245352527829036,2.146543965355056,0.9703492886440148,0.0300991809164696,23.02877219428488,-0.0040578058922504,0.0110771585320146,46.0,33.0,3.23092522753613e-14,0.047121538930093,504.0,46.0,3.0,0.6799584520249601,0.1212794453146508,0.3333333333333333,0.3333333333333333,1.0,0.1718618715107701,1.0,1.1882185964184622,0.1186269496549694,0.6081269180407431,9.0,-0.6528586314607544,-0.1029374332488639,0.4172815341684822,18.0,0.581062200030054,False,stability_or_viability_filter,0,2022-06-30,2024-07-02
etf_peer_groups,developed_international,EFA/VEA,EFA,VEA,1.0,0.9989675440456016,0.0472853432146381,0.0126193441015365,1.0733093090495585,0.1732865716169617,0.957287087642551,0.0436519454290071,15.878952787734,0.0002745057403132,0.0012961896726571,32.0,34.0,-9.059772332695127e-15,0.0045433580093104,504.0,32.0,3.0,0.997534937408662,0.0014227031902175,0.0,0.6666666666666666,1.0,0.0359188622283351,1.0,1.609738100015529,0.0801958662523541,0.6746974810602634,11.0,-1.763031891186851,-0.0215208560323046,0.0304126530242646,22.0,0.5762181137114766,False,stability_or_viability_filter,0,2022-06-30,2024-07-02
stock_peer_groups,money_center_banks,JPM/WFC,JPM,WFC,1.0,0.8386575025483819,0.7691469019415641,0.5445608955280643,1.081927061222978,0.8696214130087547,0.9923288851082568,0.0077006892361294,90.0110573619691,0.0352926491628983,0.0119720635293181,90.0,11.0,-6.000138657529735e-14,0.1029350797402282,504.0,90.0,3.0,0.6392410453712095,0.3230409730626727,0.3333333333333333,0.3333333333333333,0.6666666666666666,0.372633014174095,1.0,1.369193098962595,0.2729127845192109,0.549185649557548,10.0,-0.4833036517054063,-0.1147601803353939,0.6759864215574818,19.0,0.5604894228796111,False,stability_or_viability_filter,0,2022-06-30,2024-07-02
stock_peer_groups,semiconductors,ADI/NXPI,ADI,NXPI,1.0,0.8936622728162966,0.5724065280245577,0.3260048306981466,0.6031085904593956,1.997298396207436,0.9810029794926908,0.0191797822219052,36.139470852192574,0.0095863522940684,0.0105931363679583,72.0,32.0,3.295247672613619e-14,0.0548266135631822,504.0,72.0,3.0,0.7757228667872088,0.158693141296722,0.0,0.3333333333333333,1.0,0.4318049418791099,1.0,1.215518665648238,0.2207792127973037,0.5385194620837386,7.0,-0.333289568864209,-0.0679672770078571,0.5660035730290984,14.0,0.5543262054055621,False,stability_or_viability_filter,0,2022-06-30,2024-07-02
stock_peer_groups,payments_credit,AXP/V,V,AXP,1.0,0.860979036482453,0.6532441053039636,0.4060910356445097,0.6315851774232055,2.2085886383247937,0.9871360241526556,0.0129474332868713,53.53548963737813,-0.0040090740932028,0.0102280157182429,90.0,26.0,3.037781666426737e-14,0.0621404802280824,504.0,90.0,3.0,0.6565964275182452,0.2526654195728814,0.0,0.3333333333333333,1.0,0.4468548413873722,1.0,1.334280277328969,0.2703156733566367,0.5037842062105642,9.0,-0.2282331494597894,-0.0743704851580538,0.6478611307539909,17.0,0.5519422903292953,False,stability_or_viability_filter,0,2022-06-30,2024-07-02
stock_peer_groups,payments_credit,COF/MA,MA,COF,1.0,0.790317484035246,0.2846094106323005,0.1186912541952467,0.6611112855362558,2.8562336010272067,0.9824372948420386,0.0177187593191606,39.11939702292759,0.0146761233822003,0.0133061936362977,78.0,14.0,9.632506432700167e-15,0.0795777796443043,504.0,78.0,3.0,0.525625960412308,0.2740065210828354,0.0,0.0,1.0,0.3078988928198923,1.0,1.2280244251333323,0.2193045185379462,0.4094760382492823,9.0,0.1537328598011522,-0.0788302316704345,1.2450631071303166,17.0,0.544789122575971,False,stability_or_viability_filter,0,2022-06-30,2024-07-02
stock_peer_groups,payments_credit,AXP/COF,AXP,COF,1.0,0.9206739155731932,0.1231300261988831,0.0404138479997566,0.9875463866882,0.505691945586447,0.969147458490384,0.0313385027242866,22.11806947696871,0.0139530728033224,0.0152372671254486,44.0,32.0,4.900841637273906e-15,0.0650068607265211,504.0,44.0,3.0,0.7662199085783871,0.1715220155993617,0.0,0.3333333333333333,1.0,0.388174673905711,1.0,1.1742242040936255,0.2059238080676493,0.5376292630044985,12.0,-0.4973713825031379,-0.1229395337247125,0.6072997814342325,24.0,0.5433885447007395,False,stability_or_viability_filter,0,2022-06-30,2024-07-02
etf_peer_groups,physical_gold,GLD/IAU,GLD,IAU,1.0,0.999988733488223,0.1350402463578978,0.0451145623384908,0.9919230697061,1.6184845420643494,0.7220660263001598,0.3256386951013347,2.128577441769463,-1.0677355758948484e-05,0.0003038011492886,20.0,78.0,1.7134442013381584e-14,0.0004469010861232,504.0,20.0,3.0,0.99995919705117,4.25764289699281e-05,0.3333333333333333,0.3333333333333333,0.3333333333333333,0.0003174883033626,1.0,1.1970033436020375,0.0220092819776705,0.6311222043983588,25.0,-4.845125070597351,-0.0433831418339694,0.0,49.0,0.5311222043983587,False,stability_or_viability_filter,0,2022-06-30,2024-07-02
stock_peer_groups,large_pharma,BMY/PFE,PFE,BMY,1.0,0.9168835318938946,0.6282899906369873,0.38042003380634,1.0976379768481994,-0.95168418913998,0.9839071095602742,0.0162237872393045,42.72412910351123,0.0109527241227197,0.0158546677151289,85.0,19.0,8.198027794533695e-15,0.0795830124294173,504.0,85.0,3.0,0.8128920294515637,0.0927237867788253,0.3333333333333333,0.3333333333333333,1.0,0.3272740346444713,1.0,1.1235507415110548,0.1537271339756605,0.6378502939653248,6.0,-1.4154217094398671,-0.1470616909830331,0.2021634293200198,12.0,0.5229584654313258,False,stability_or_viability_filter,0,2022-06-30,2024-07-02
stock_peer_groups,capital_markets,GS/MS,GS,MS,1.0,0.8434143349601357,0.6073258304225632,0.359608077195881,1.278732967534988,0.209679587835738,0.9805052150079228,0.0196873146368586,35.20780732900124,0.0064795376503803,0.0138344918284002,70.0,23.0,5.87008396035936e-14,0.0678288278922226,504.0,70.0,3.0,0.8203614688384352,0.0596895375760403,0.0,0.0,1.0,0.3497852692050475,1.0,1.244200298761784,0.1636249687894496,0.4887278703306638,13.0,-0.3380508171052018,-0.0754829055367192,0.668764880633749,26.0,0.521458491796571,False,stability_or_viability_filter,0,2022-06-30,2024-07-02
stock_peer_groups,oilfield_services,BKR/HAL,HAL,BKR,1.0,0.8503127336432348,0.4733214716742787,0.2434274618743444,0.8170406566787323,0.7547703568438291,0.9790074892365648,0.0212159865967552,32.670985032859846,-0.008039859537102,0.0149493161000827,65.0,25.0,8.387470612227671e-15,0.067170747745829,504.0,65.0,3.0,0.7603317398710773,0.0621106739053521,0.0,0.3333333333333333,1.0,0.1274614672896832,1.0,1.3894041282398537,0.1064578390916622,0.5461038177252698,8.0,-0.6674530504127506,-0.1027947437759595,0.4835599632517333,15.0,0.5201638583259439,False,stability_or_viability_filter,0,2022-06-30,2024-07-02
stock_peer_groups,semiconductors,ADI/MCHP,ADI,MCHP,1.0,0.9369018981323036,0.4759140194729781,0.2454604854696569,0.8578460521300839,1.4645460633411618,0.9786239575575908,0.0216078189659268,32.078535166041554,0.004900806286267,0.0096904166572032,64.0,29.0,9.045674262541155e-15,0.0427128382934137,504.0,64.0,3.0,0.8838735410821306,0.040515818559366,0.0,0.0,1.0,0.2266151995754808,1.0,1.410012806210552,0.1346006511794547,0.5075083201525872,8.0,-0.4200640390118224,-0.0473768662122968,0.4892579743116085,16.0,0.5189616130163943,False,stability_or_viability_filter,0,2022-06-30,2024-07-02
etf_peer_groups,long_treasuries,EDV/TLT,TLT,EDV,1.0,0.9946405481106646,0.6064616337405213,0.3583574376384721,0.670400366064211,1.607743258268299,0.9730010700924588,0.0273700970100371,25.324980773935696,0.0004033391038983,0.00162534085885,51.0,41.0,-1.887379141862766e-15,0.0068267017551629,504.0,51.0,3.0,0.9961477400759832,0.001981671318801,0.0,0.3333333333333333,1.0,0.0498721822319414,1.0,1.381870770464402,0.0597147034574032,0.6097321313399221,13.0,-1.234116966408712,-0.0189745766408624,0.165145494261464,25.0,0.5179894060529953,False,stability_or_viability_filter,0,2022-06-30,2024-07-02
stock_peer_groups,enterprise_software,MSFT/ORCL,MSFT,ORCL,1.0,0.8952914379333373,0.4000784341916554,0.1895715860602537,0.9004245365177664,1.632705634861243,0.9814011485013228,0.0187739850587052,36.92062065632361,-0.0082487728190834,0.0174577857088952,74.0,26.0,-5.815453938512725e-15,0.0939670585846798,504.0,74.0,3.0,0.7402499137597274,0.110245786315578,0.0,0.0,1.0,0.2203792175596368,1.0,1.1625907928797,0.1282739782783716,0.4722350806120946,11.0,-0.2840084870560976,-0.1452484732526986,0.7450917212126335,22.0,0.5168883936143116,False,stability_or_viability_filter,0,2022-06-30,2024-07-02
etf_peer_groups,energy_equity,VDE/XLE,XLE,VDE,1.0,0.997549869915764,0.4514013204639149,0.2264835205828896,0.9947924136377926,-1.0061777485836036,0.9773286247007962,0.0229323224921492,30.225773285598933,-0.0004410747559682,0.0012660558961154,60.0,37.0,-2.7526481975626898e-15,0.0059986333568583,504.0,60.0,3.0,0.9961577544895232,0.0017001613659974,0.0,0.3333333333333333,1.0,0.0412072351757144,1.0,1.3387706874543377,0.0519436530088303,0.6105117399881644,14.0,-1.975236425601868,-0.0249279807640111,0.0107444401994656,28.0,0.5110489619981377,False,stability_or_viability_filter,0,2022-06-30,2024-07-02
etf_peer_groups,long_treasuries,TLH/VGLT,TLH,VGLT,1.0,0.9865704946152104,0.6808957446936268,0.4379801011159862,0.7988311856168638,1.364699935089562,0.9847232066051774,0.0153946858230038,45.02509427793554,0.0023510478968933,0.0014010822573708,90.0,23.0,2.0084463193099852e-14,0.0077639423414562,504.0,90.0,3.0,0.9918831997945932,0.0045338990064089,0.0,0.3333333333333333,1.0,0.0192678927013199,1.0,1.503358471279961,0.0638626496003497,0.60825120165528,9.0,-1.9783204555058171,-0.0171627232266354,0.0,18.0,0.5082512016552799,False,stability_or_viability_filter,0,2022-06-30,2024-07-02
stock_peer_groups,enterprise_software,ADSK/INTU,INTU,ADSK,1.0,0.79656785770201,0.3161373368659816,0.1372145317620642,1.5809034983134738,-2.304456118791485,0.9733694848855726,0.0269915310719412,25.68017274427605,-0.0025133590394427,0.0256265356218154,51.0,32.0,-6.919332831568594e-14,0.1124951448141294,504.0,51.0,3.0,0.6680960882403149,0.103635170354505,0.0,0.0,1.0,0.375176830335513,1.0,1.5846041070827392,0.2245600121280881,0.4445680208472699,12.0,-0.2030128639300594,-0.107049646047778,0.8604747228620885,24.0,0.5071398274008654,False,stability_or_viability_filter,0,2022-06-30,2024-07-02
stock_peer_groups,oilfield_services,BKR/SLB,SLB,BKR,1.0,0.8078094894984178,0.2314641732505992,0.0901678700955646,0.9260002787695096,0.7191877097566816,0.98021641057951,0.0199819045742904,34.68874440786685,0.0091314484867884,0.015422732871739,69.0,25.0,-2.2969280798356016e-14,0.0897521101895149,504.0,69.0,3.0,0.7739246712149895,0.0673210572505331,0.0,0.3333333333333333,0.6666666666666666,0.1709795155524989,1.0,1.6123651022727843,0.1474740911868756,0.5120670920183932,11.0,-0.5345289680586843,-0.0920656315038823,0.4776422948944941,21.0,0.5057698615543152,False,stability_or_viability_filter,0,2022-06-30,2024-07-02
stock_peer_groups,semiconductors,MU/QCOM,QCOM,MU,1.0,0.8679256862758019,0.4243822661333098,0.2070120381491341,0.5917708382020541,2.3027704984924924,0.9814559455706212,0.0187181510711184,37.03075041580633,-0.0032917874764524,0.0176811841187753,74.0,18.0,1.2258271998877126e-14,0.0935785543057422,504.0,74.0,3.0,0.5221130697425368,0.3171866478846,0.0,0.3333333333333333,1.0,0.5907704376972898,1.0,1.1925162336898878,0.3240430544928397,0.4647906286530169,11.0,-0.3386896757862423,-0.2601540464425615,0.7675562141116794,22.0,0.5023649879906645,False,stability_or_viability_filter,0,2022-06-30,2024-07-02
stock_peer_groups,large_pharma,BMY/LLY,BMY,LLY,1.0,-0.9228568123692912,0.1675894232394691,0.0596053236325546,-0.4488615736180212,6.721853247854318,0.9680786388928702,0.032441956479538,21.365763837243616,-0.0065525458546494,0.0164131922080538,43.0,29.0,4.846211615427271e-15,0.0641440358446275,504.0,43.0,3.0,0.667888229181739,0.2484896700605601,0.0,0.0,1.0,0.4303015548551437,1.0,1.2698265126195192,0.2562444652629589,0.4413476107691388,13.0,-0.2103341301986695,-0.1467628808675274,0.8357123258730175,26.0,0.5015831075329893,False,stability_or_viability_filter,0,2022-06-30,2024-07-02
stock_peer_groups,semiconductors,AVGO/NXPI,AVGO,NXPI,1.0,0.9520324219515436,0.0425054716855372,0.0111210818602783,2.042282227458165,-6.320453567296248,0.9554399574973343,0.0455833561068798,15.206146272659574,-0.002241996148269,0.0349409507517023,30.0,40.0,-2.2116347554040815e-14,0.1188381300024369,504.0,30.0,3.0,0.8411860518241681,0.0462551801085102,0.0,0.0,1.0,0.0432025440164919,1.0,1.057942758028166,0.0362573256003525,0.5066707803960067,11.0,-0.5426992881065792,-0.1543321517971541,0.4644490257786528,22.0,0.4984883384689524,False,stability_or_viability_filter,0,2022-06-30,2024-07-02
etf_peer_groups,long_treasuries,EDV/VGLT,VGLT,EDV,1.0,0.985377094599007,0.7214171918330238,0.4857817245753231,0.5905076657553794,1.469530924026596,0.982124706718197,0.0180369861058248,38.4292129789965,0.001464707466884,0.0019984339215578,77.0,30.0,-2.7047147590391912e-14,0.0100025735355663,504.0,77.0,3.0,0.989718581765691,0.0061793670619797,0.0,0.0,1.0,0.0592613423302183,1.0,1.4274791682668642,0.0693112551603842,0.5404985199253843,9.0,-0.6960861370069352,-0.0141229994323666,0.2470495434813494,17.0,0.4984380765484115,False,stability_or_viability_filter,0,2022-06-30,2024-07-02
etf_peer_groups,short_treasuries,SCHO/SHY,SHY,SCHO,1.0,0.999854136798487,0.0119957490761263,0.0024677944764935,0.9671054810251104,1.329033262315234,0.5852803553701885,0.5356643066000287,1.293995459506146,-4.89599845325869e-06,0.0002334272569179,20.0,59.0,-8.445448925735874e-14,0.0002921821848862,504.0,20.0,3.0,0.9996261205187787,0.0001974420259372,0.3333333333333333,0.3333333333333333,0.0,0.0015673329537303,1.0,1.2022972432512835,0.0230657297989206,0.5975999571498026,24.0,-4.931436769580557,-0.0418394945486625,0.0,47.0,0.4975999571498026,False,stability_or_viability_filter,0,2022-06-30,2024-07-02
stock_peer_groups,industrial_machinery,CAT/PCAR,CAT,PCAR,1.0,0.9586213108364722,0.2807755095103178,0.1170864776630732,0.8441619007017089,1.8717837804720143,0.9747672615183972,0.0255565426141112,27.12210297871901,0.0047271542956224,0.0141366259839352,54.0,28.0,-6.5362177751344534e-15,0.0623951824492587,504.0,54.0,3.0,0.8299017028584371,0.0824908980963345,0.0,0.0,1.0,0.1682921129278966,1.0,1.0433570712068363,0.0884117893643922,0.49863424677817,9.0,-0.5575090049087165,-0.1164442036107116,0.5063573799357002,18.0,0.4903257650386476,False,stability_or_viability_filter,0,2022-06-30,2024-07-02
etf_peer_groups,us_real_estate,SCHH/VNQ,VNQ,SCHH,1.0,0.9987802214633328,0.3600241182955107,0.1650698838179353,1.007677929884257,1.4029546182865882,0.9434282689382096,0.0582349436262736,11.902598979201564,-0.0001875146657631,0.0009875246029621,24.0,56.0,-1.1456444258870068e-14,0.002820008992859,504.0,24.0,3.0,0.9988390065725768,0.0006325370840208,0.0,0.3333333333333333,1.0,0.0077032339101665,1.0,1.320116812701681,0.038347125076027,0.6125417058022081,6.0,-1.441714555801635,-0.0130497993127605,0.0,12.0,0.487541705802208,False,stability_or_viability_filter,0,2022-06-30,2024-07-02
stock_peer_groups,mega_cap_platforms,AAPL/AMZN,AAPL,AMZN,1.0,0.7737957916842546,0.3877587760725661,0.1822250431796221,0.4052187244141247,3.1428554438638163,0.9814433913211256,0.018730942607862,37.00546176832586,0.0246340879207836,0.0138996814822763,74.0,24.0,-7.050797335754367e-15,0.075969246322839,504.0,74.0,3.0,0.5681511808919396,0.3026303354170448,0.0,0.0,1.0,0.600883761708797,1.0,1.0592586704410891,0.3077556624242905,0.4112622289805558,12.0,-0.1405132380312393,-0.1491142426342113,0.9136925618830384,23.0,0.4858698713700219,False,stability_or_viability_filter,0,2022-06-30,2024-07-02
etf_peer_groups,intermediate_treasuries,IEI/SCHR,IEI,SCHR,1.0,0.9813376333015892,0.9089520931796382,0.7663630922602742,0.935712862027044,1.7590328397261836,0.9924740541367696,0.0075544086901859,91.75399544645074,0.0021904559157184,0.0004115941513855,90.0,17.0,9.39001962605188e-14,0.0032743428109572,504.0,90.0,3.0,0.9922981389638588,0.0047324315197501,0.0,0.3333333333333333,0.6666666666666666,0.0415643392505116,1.0,1.1065760860758669,0.0272740442651836,0.5786804636477797,10.0,-3.211268116565855,-0.0205751399087251,0.0,19.0,0.4786804636477796,False,stability_or_viability_filter,0,2022-06-30,2024-07-02
etf_peer_groups,intermediate_treasuries,IEI/VGIT,IEI,VGIT,1.0,0.9807635617276302,0.9319111293525092,0.8142853081689179,0.936577462136685,0.9396377629309364,0.9929472646767532,0.007077723419951,97.93363479082342,0.0025790044021257,0.0003989565309499,90.0,20.0,1.0127348695104525e-13,0.0033238406392053,504.0,90.0,3.0,0.9922347767448356,0.0047209350150295,0.0,0.3333333333333333,0.6666666666666666,0.0422745346045299,1.0,1.1034957027170893,0.0271646790639741,0.5786755596131449,9.0,-3.05055207937872,-0.0193858420058077,0.0,17.0,0.4786755596131448,False,stability_or_viability_filter,0,2022-06-30,2024-07-02
stock_peer_groups,payments_credit,AXP/MA,MA,AXP,1.0,0.8509214864607636,0.6619452724653778,0.4154470433121548,0.6636067665876535,2.547537330241169,0.9877287857476048,0.0123471272712103,56.138336095080746,-0.0021395026890744,0.0108268917304262,90.0,17.0,-1.0259870554551844e-14,0.0682255753505027,504.0,90.0,3.0,0.5970167534497022,0.3065645633629912,0.0,0.0,1.0,0.5745159140184896,1.0,1.3052179325952489,0.3276065960821879,0.4164935287542067,11.0,-0.2003744839049582,-0.0668911742292897,0.8301538145956511,22.0,0.4779450468982456,False,stability_or_viability_filter,0,2022-06-30,2024-07-02
etf_peer_groups,intermediate_treasuries,IEF/SCHR,IEF,SCHR,1.0,0.8467828036956958,0.9397015601517728,0.8317797605302817,1.2247739998443614,0.6677123649456811,0.99619467225358,0.0038125864263374,181.80497516637547,-0.0207281193615207,0.001268568695448,90.0,14.0,6.42449056916424e-14,0.0137398816683092,504.0,90.0,3.0,0.951033636173151,0.0183547567194871,0.0,0.3333333333333333,0.6666666666666666,0.1165192157528762,1.0,1.1028816820137044,0.0563892888256438,0.5654528134940567,9.0,-2.1967573986840163,-0.0205738356397392,0.0,18.0,0.4654528134940567,False,stability_or_viability_filter,0,2022-06-30,2024-07-02
etf_peer_groups,long_treasuries,EDV/TLH,TLH,EDV,1.0,0.9473168922602996,0.604288582927707,0.3564302151968002,0.4596690325921312,2.5899698154568505,0.98463208166987,0.0154872287337879,44.75604980558789,0.0033005921353376,0.0028292500565373,90.0,27.0,-4.5630166312093934e-14,0.015224895158511,504.0,90.0,3.0,0.9657998239915058,0.0175195559254159,0.0,0.0,1.0,0.0565721591903094,1.0,1.369627191703474,0.0657669263389611,0.5348732633639803,7.0,-0.7875285854962224,-0.0174091466281728,0.1620480217919073,14.0,0.4623463766291424,False,stability_or_viability_filter,0,2022-06-30,2024-07-02
etf_peer_groups,us_growth_technology,VGT/XLK,XLK,VGT,1.0,0.999177104925091,0.8009378021421406,0.5928587360306908,1.051256166061412,0.2489534800615351,0.9784434860113206,0.0217922495509583,31.807050435023196,-0.0023039831488968,0.0018997889541919,64.0,36.0,-6.432244507748923e-15,0.0076279863958946,504.0,64.0,3.0,0.998183392587987,0.0007692366043581,0.0,0.0,1.0,0.0327226562669531,1.0,1.1702605924158642,0.0300818078921997,0.5465376673577768,10.0,-0.9935929582367888,-0.0195013700247208,0.2954671086554011,20.0,0.4622720790550285,False,stability_or_viability_filter,0,2022-06-30,2024-07-02
stock_peer_groups,mega_cap_platforms,AMZN/META,META,AMZN,1.0,0.8832460665270297,0.7174450663812607,0.4797846938878002,1.8720864985094583,-3.581488288415048,0.9888382487830994,0.0112245110050978,61.75299576481655,-0.0055357553428149,0.0341179718263646,90.0,25.0,-2.593340004822826e-14,0.2276176944907358,504.0,90.0,3.0,0.7803482510489639,0.2405202354603517,0.0,0.6666666666666666,0.6666666666666666,0.2367686626943407,1.0,1.3748465261248175,0.2007459133987661,0.5750124714223643,6.0,-0.9991119151499284,-0.1585129078779746,0.227689766733704,12.0,0.4615301724865602,False,stability_or_viability_filter,0,2022-06-30,2024-07-02
etf_peer_groups,financial_equity,KBE/KRE,KBE,KRE,1.0,0.8704737958353091,0.962567100291038,0.8883468886927698,0.6458882019360297,1.1948568357933893,0.9978091060070152,0.0021932975124414,316.0297117140115,0.1713933503459375,0.0052974370379872,90.0,13.0,3.439929117568739e-15,0.0561888585864178,504.0,90.0,3.0,0.9729198268560668,0.0152379520928841,0.0,0.3333333333333333,0.6666666666666666,0.226291819925713,1.0,1.483256462992968,0.1342050865609733,0.5631427813912527,7.0,-1.8538067863756047,-0.0552498029434493,0.0267844768994227,14.0,0.4519820052362239,False,stability_or_viability_filter,0,2022-06-30,2024-07-02
stock_peer_groups,mega_cap_platforms,AAPL/META,AAPL,META,1.0,0.8426827238604723,0.2600173610702661,0.1060501481253908,0.2082011063142229,3.963641838379557,0.9744303133777922,0.0259022727220293,26.76009120892462,0.019049628015361,0.0145099081303418,54.0,25.0,-4.544865365886157e-15,0.0645727316261197,504.0,54.0,3.0,0.6215808466882405,0.3845471566585219,0.0,0.6666666666666666,0.6666666666666666,0.6580860960882184,1.0,1.390091447877522,0.3908879117908603,0.516306420492974,12.0,-0.9028372020229408,-0.226013085398592,0.4216115944389939,24.0,0.4519614199114826,False,stability_or_viability_filter,0,2022-06-30,2024-07-02
etf_peer_groups,us_real_estate,IYR/SCHH,SCHH,IYR,1.0,0.9974293819259502,0.3578002235686072,0.1626054589852177,1.0013750021723085,-1.5040445852819535,0.9581209031965404,0.0427813052200826,16.202104563994553,-7.565116575208626e-05,0.0011452527666095,32.0,46.0,1.0215814085320686e-14,0.0040563008654867,504.0,32.0,3.0,0.997876360712698,0.000806581605694,0.0,0.0,1.0,0.0060279383128699,1.0,1.0795686173717642,0.0111191307919395,0.5483571770989806,12.0,-1.2621956118048785,-0.013994645411569,0.0302675651299501,23.0,0.449870555355478,False,stability_or_viability_filter,0,2022-06-30,2024-07-02
stock_peer_groups,semiconductors,NXPI/QCOM,QCOM,NXPI,1.0,0.7916208194955409,0.6987023546011546,0.4570019172654999,0.8238159181915921,0.5246540783183499,0.9901752624598652,0.0098733187342137,70.2040721280479,-0.0077321931870277,0.0153332695006483,90.0,25.0,-1.0513635817323308e-14,0.1151164971655013,504.0,90.0,3.0,0.6000064173377124,0.2453962762874653,0.0,0.3333333333333333,1.0,0.7284126416321618,1.0,1.582831814220301,0.389362063108798,0.4777320646902149,9.0,-0.6765077710239606,-0.2521629190817686,0.4558362989374481,18.0,0.4490477139834932,False,stability_or_viability_filter,0,2022-06-30,2024-07-02
etf_peer_groups,broad_us_equity,SCHB/SPY,SPY,SCHB,1.0,0.9994392025325428,0.1432346695950646,0.0488319515642436,1.028454895699019,3.166927761069944,0.966170319280744,0.034415146355876,20.140759344514542,0.0001815039863357,0.0010356276620987,40.0,36.0,-8.828916433923863e-15,0.0039296309796875,504.0,40.0,3.0,0.9974973920489132,0.0011992333213712,0.0,0.0,1.0,0.0086812328562256,1.0,1.2406847866606858,0.0300362427992751,0.5463707237323008,15.0,-2.512953381451375,-0.0264312552555713,0.0165799442249199,29.0,0.4471997209435467,False,stability_or_viability_filter,0,2022-06-30,2024-07-02
etf_peer_groups,broad_us_equity,SCHB/VOO,VOO,SCHB,1.0,0.9994237901810044,0.1145565172552636,0.0369289802964249,1.032707408723552,3.0684242489151177,0.9639071693427044,0.0367602863708199,18.85586998881924,0.0001459820190822,0.001084042301714,38.0,34.0,1.29807980942681e-14,0.0039997803337694,504.0,38.0,3.0,0.997443223221846,0.0012166481857302,0.0,0.0,1.0,0.0085368072447052,1.0,1.244026124789017,0.0303651656755915,0.5463242892379023,13.0,-2.3352142245045,-0.0238915680642372,0.0091366278088336,25.0,0.4467811206283439,False,stability_or_viability_filter,0,2022-06-30,2024-07-02
etf_peer_groups,broad_us_equity,IVV/SCHB,IVV,SCHB,1.0,0.9994177962599804,0.1102471650112728,0.0352171284304082,1.0328009430617329,3.157070448209833,0.9634369966457386,0.0372481833583841,18.60888553653248,0.0001663369664228,0.0010974711384215,37.0,32.0,-2.3205423473435014e-14,0.0040209122521653,504.0,37.0,3.0,0.9974293698955892,0.0012231289487744,0.0,0.0,1.0,0.0087234945006229,1.0,1.242567571902942,0.0302674935834593,0.5463305931155513,14.0,-2.369217036884281,-0.0247464586981089,0.0021450050219803,27.0,0.4464378433666502,False,stability_or_viability_filter,0,2022-06-30,2024-07-02
etf_peer_groups,developed_international,EFA/IEFA,EFA,IEFA,1.0,0.9997607094562634,0.1214510722272296,0.0398811245357751,1.0313724152128605,-0.0545949979614081,0.9532359163317072,0.0478928547237007,14.472872510080885,0.0001401041696992,0.0006673790588269,29.0,48.0,-3.87978890637261e-14,0.00218771178204,504.0,29.0,3.0,0.9992092392267358,0.0005612739088922,0.0,0.0,1.0,0.0083210750791103,1.0,1.2911607336181286,0.0353119756202373,0.5462711122446602,12.0,-2.9579294619694227,-0.0254768090649371,0.0,23.0,0.4462711122446601,False,stability_or_viability_filter,0,2022-06-30,2024-07-02
etf_peer_groups,long_treasuries,TLT/VGLT,TLT,VGLT,1.0,0.9973769307259795,0.8225765162514014,0.6200894400119767,1.1217712997477016,-0.0066863294403564,0.9854360349848316,0.0146710606502649,47.24588065467688,-0.0015403435686378,0.0008674679452013,90.0,20.0,3.2885510892904836e-14,0.0047791791952302,504.0,90.0,3.0,0.9981065298691236,0.0011792653960117,0.0,0.0,1.0,0.012561707942035,1.0,1.2876059711546324,0.0365365434631969,0.5458729781209611,9.0,-2.083734560131131,-0.016294076706029,0.0,17.0,0.4458729781209611,False,stability_or_viability_filter,0,2022-06-30,2024-07-02
etf_peer_groups,broad_us_equity,IVV/VTI,IVV,VTI,1.0,0.9993699620968828,0.1559091380608714,0.054386636319786,1.038464084467297,0.4956297512642755,0.9592466753130584,0.0416070157843982,16.65938225783212,0.000133057260887,0.001200521864437,33.0,41.0,-7.329234221295279e-14,0.0041827821285541,504.0,33.0,3.0,0.9972297677069416,0.0013566069530124,0.0,0.0,1.0,0.009720439873225,1.0,1.385820802429307,0.0465613269897799,0.5446513092277574,13.0,-2.49716991008006,-0.0274057757743819,0.0223802414675932,26.0,0.445770321301137,False,stability_or_viability_filter,0,2022-06-30,2024-07-02
etf_peer_groups,broad_us_equity,SPY/VTI,SPY,VTI,1.0,0.9993916197461422,0.1629973796727654,0.0575438420768048,1.0340944676560464,0.5166850658279587,0.961141978295647,0.0396331407623839,17.48908028045598,0.0001408884477229,0.0011499287254365,35.0,30.0,5.336119553277737e-15,0.0040929000035394,504.0,35.0,3.0,0.9972992562007614,0.0013311268082703,0.0,0.0,1.0,0.0097800813538196,1.0,1.3847493197030856,0.0464536604654839,0.5446794480036419,12.0,-2.2871636141687097,-0.0249765408583686,0.0,24.0,0.4446794480036418,False,stability_or_viability_filter,0,2022-06-30,2024-07-02
etf_peer_groups,broad_us_equity,VOO/VTI,VOO,VTI,1.0,0.9993764331364148,0.1523282164514905,0.0528067267593176,1.0383705332867348,0.4072219328056801,0.9597429341720868,0.0410898072829682,16.869078401525023,0.0001144952844297,0.0011859424346406,34.0,36.0,-3.444510990368779e-14,0.0041608511959465,504.0,34.0,3.0,0.9972454473096248,0.0013490432540202,0.0,0.0,1.0,0.0095313709324653,1.0,1.4030584465428166,0.0484110765669192,0.5444702541707144,11.0,-2.3131469303028283,-0.0241820602487253,0.0,22.0,0.4444702541707143,False,stability_or_viability_filter,0,2022-06-30,2024-07-02
stock_peer_groups,enterprise_software,INTU/ORCL,ORCL,INTU,1.0,0.7961504934954973,0.6212579673403771,0.3730228979722729,0.8973391853832621,-0.9850852388651782,0.9872070936175772,0.0128754402636602,53.83483332343111,0.0401834789609483,0.0200228632197831,90.0,16.0,-9.478837468021893e-14,0.1269082448246765,504.0,90.0,3.0,0.4940783012581671,0.1661347016104264,0.0,0.0,0.6666666666666666,0.5151780669617159,1.0,1.1880752204410392,0.2480015029063851,0.3653860916905699,7.0,-0.0635105583079567,-0.0916034984617137,0.99719224709809,13.0,0.4432191202992809,False,stability_or_viability_filter,0,2022-06-30,2024-07-02
etf_peer_groups,long_treasuries,TLH/TLT,TLH,TLT,1.0,0.9725571064847404,0.6656137282125634,0.4199659107161395,0.7001595131559342,1.4228590800150174,0.9868828907256538,0.0132038983353887,52.49564658508375,0.0036579666319098,0.0018838994543345,90.0,25.0,4.511382449270477e-15,0.0110593612653412,504.0,90.0,3.0,0.9825770018450825,0.0092296034320234,0.0,0.0,1.0,0.0223938369810617,1.0,1.4279292245162882,0.0580888384172826,0.5398353666195423,9.0,-1.4859862962023986,-0.0179744114039377,0.0418975047061277,18.0,0.4419302418548487,False,stability_or_viability_filter,0,2022-06-30,2024-07-02
etf_peer_groups,intermediate_treasuries,GOVT/IEF,IEF,GOVT,1.0,0.934256644674964,0.976506061176342,0.93084629606569,1.2785859314099604,0.5835273012770616,0.9962720668568038,0.003734899204018,185.58658284921103,-0.0128628212086985,0.0009351013604038,90.0,38.0,-4.970979536289907e-14,0.0092109475086701,504.0,90.0,3.0,0.9823504291762156,0.0056190434993598,0.0,0.0,1.0,0.0951831498384878,1.0,1.2559853737993922,0.0620435504236594,0.5393832522516879,13.0,-3.297893697539773,-0.0298901221363714,0.0,25.0,0.4393832522516879,False,stability_or_viability_filter,0,2022-06-30,2024-07-02
stock_peer_groups,enterprise_software,ADBE/NOW,ADBE,NOW,1.0,0.8802019939741949,0.5420172277161656,0.2989156262047877,0.8377439102194413,2.1610405234114816,0.984701948068994,0.0154162743927788,44.962042248328224,0.0013256565691503,0.0188644950476063,90.0,17.0,-8.206839088379927e-15,0.108580944248181,504.0,90.0,3.0,0.6475255782595212,0.3730425862251534,0.0,0.3333333333333333,1.0,0.6441774847233013,1.0,1.2054190118570112,0.3618976916335972,0.4923582920681872,9.0,-0.8557483521562602,-0.1480916386711965,0.3633000413772279,18.0,0.4321610413136096,False,stability_or_viability_filter,0,2022-06-30,2024-07-02
stock_peer_groups,semiconductors,ADI/AVGO,AVGO,ADI,1.0,0.849961921068486,0.3909573648299336,0.1841347137122384,2.7017265971216653,-9.56367010228564,0.9798815792425728,0.020323552126538,34.10561186569591,-0.003193646036444,0.0407483289204672,68.0,17.0,3.6965139943709975e-14,0.204607025812268,504.0,68.0,3.0,0.661098636817933,0.2426915968806053,0.0,0.0,0.6666666666666666,0.1950704077287795,1.0,1.5531913967178996,0.2073863789495615,0.4112026879761937,7.0,-0.3718987559850416,-0.0933949396773008,0.634953478083063,14.0,0.4246655484825907,False,stability_or_viability_filter,0,2022-06-30,2024-07-02
stock_peer_groups,semiconductors,AMD/NVDA,NVDA,AMD,1.0,0.9355650049964648,0.653870339691526,0.4074301399892672,1.910696102627873,-5.358034777412817,0.9859337889162,0.0141660778348528,48.9300700335411,0.0882989072239341,0.0428304550665062,90.0,26.0,-8.790146741000446e-15,0.2380557436218371,504.0,90.0,3.0,0.8571864079282382,0.0344098482813473,0.0,0.0,0.3333333333333333,0.0974502765059139,1.0,1.2100498825384511,0.0672922507666927,0.4409007102387236,5.0,-0.3675740639830457,-0.1687893330871334,0.4401556914074309,10.0,0.4202723852116383,False,stability_or_viability_filter,0,2022-06-30,2024-07-02
stock_peer_groups,semiconductors,ADI/MU,MU,ADI,1.0,0.8075571935386546,0.5053125355281723,0.2682205381461741,1.82638845459042,-5.137098026132012,0.9834034025790624,0.0167358639949673,41.416874609424646,0.0005304673269544,0.0296424454467423,83.0,18.0,-2.6937887546698642e-14,0.162972076649835,504.0,83.0,3.0,0.5852101208127737,0.219407746406492,0.0,0.3333333333333333,1.0,0.7102645727865986,1.0,1.7434511837723088,0.3924964601501756,0.4737195508548425,6.0,-0.644541653983148,-0.1722594979061467,0.312398228990503,12.0,0.4176582142068955,False,stability_or_viability_filter,0,2022-06-30,2024-07-02
stock_peer_groups,home_improvement,HD/LOW,HD,LOW,1.0,0.8867550432545004,0.5579319062009959,0.3129491786055239,0.9971387089803688,0.4066120497917458,0.9845908266709156,0.0155291285093649,44.63529168053045,0.0012192508777266,0.0078485203579304,89.0,17.0,-4.0174213162507454e-14,0.044190392320185,504.0,89.0,3.0,0.7735168919466974,0.0394040107112923,0.0,0.0,1.0,0.1126694623375759,1.0,1.0761186110243102,0.0591487811301016,0.4874643448736642,10.0,-0.9370325568421248,-0.085497035732158,0.4148334569193184,20.0,0.4176511341933113,False,stability_or_viability_filter,0,2022-06-30,2024-07-02
stock_peer_groups,semiconductors,AVGO/MCHP,AVGO,MCHP,1.0,0.8590048135374749,0.2666318008942661,0.1092890997531079,2.500073428816684,-6.388910543415892,0.9744372035765668,0.0258952017449467,26.767398353836235,0.0014221098614232,0.044963344408724,54.0,27.0,6.717730428366821e-15,0.1988294909979344,504.0,54.0,3.0,0.6964644017954146,0.1074835403554745,0.0,0.0,0.6666666666666666,0.2081119098669399,1.0,1.747553686259439,0.1882600041029647,0.4219567667052238,9.0,-0.5447551647288865,-0.1176388701008434,0.534614903801476,18.0,0.4169742371859646,False,stability_or_viability_filter,0,2022-06-30,2024-07-02
stock_peer_groups,large_pharma,LLY/MRK,MRK,LLY,1.0,0.8073255667377125,0.6054764889240049,0.3570491502704394,0.2989421980436162,2.758466155838545,0.9878649031409552,0.012209328295306,56.77193403231095,0.0128615557201253,0.0110099026457853,90.0,20.0,7.609433365605439e-15,0.0748212004976644,504.0,90.0,3.0,0.6155615520102028,0.2678261768450072,0.0,0.6666666666666666,1.0,0.7711529524732502,0.6666666666666666,1.1141214871218357,0.3590065416751786,0.5179897338350328,1.0,-0.4683543689757876,-0.0327263309424753,0.0,2.0,0.4102365784886647,False,stability_or_viability_filter,0,2022-06-30,2024-07-02
etf_peer_groups,emerging_markets,EEM/IEMG,EEM,IEMG,1.0,0.9894784049032828,0.2699405883688183,0.110949292150359,0.8994041686478524,0.1804721724799644,0.9793634904791284,0.0208524178447951,33.24061438433904,-0.0015445734280203,0.0014912875338399,66.0,31.0,-1.3315803486301817e-13,0.0081242539884742,504.0,66.0,3.0,0.9858993761255648,0.0149011430647545,0.0,0.0,0.6666666666666666,0.0136808143972129,1.0,1.212270266267845,0.0331129042948608,0.5098302202685717,9.0,-2.173263565560984,-0.019546700746629,0.0,17.0,0.4098302202685717,False,stability_or_viability_filter,0,2022-06-30,2024-07-02
stock_peer_groups,big_box_retail,COST/WMT,WMT,COST,1.0,0.8718333355711892,0.2296054844185876,0.0897128124873843,0.5802820298433025,0.2443063028048741,0.980409800309639,0.0197846311422797,35.03462741231964,0.0190555733400145,0.0101581547067315,70.0,24.0,8.959323582848088e-15,0.0605744512348032,504.0,70.0,3.0,0.5439135901485844,0.355663624243179,0.0,0.0,1.0,0.5609645935347659,1.0,1.481922824345608,0.3590897197421603,0.40006942556293,11.0,-0.4867816502629922,-0.1441282198400799,0.4428526565055187,21.0,0.3991948108487572,False,stability_or_viability_filter,0,2022-06-30,2024-07-02
etf_peer_groups,intermediate_treasuries,IEF/VGIT,IEF,VGIT,1.0,0.8483859497135431,0.9326464500535596,0.8160290099267176,1.228945521312903,-0.4168540993855205,0.9964939029466878,0.0035122578159555,197.35088278858825,-0.0218697209224021,0.0012322412400675,90.0,13.0,4.3520742565306136e-14,0.0136737419676355,504.0,90.0,3.0,0.951242308335424,0.0188006150353356,0.0,0.0,0.6666666666666666,0.1165521562209491,1.0,1.1245481372868074,0.0589562723395179,0.4985816165165709,9.0,-2.24215959600967,-0.0210774576872007,0.0,17.0,0.3985816165165709,False,stability_or_viability_filter,0,2022-06-30,2024-07-02
stock_peer_groups,enterprise_software,ADBE/CRM,CRM,ADBE,1.0,0.8195179845666186,0.6519827864853691,0.4046138723705277,0.8387418264592559,0.2001572002021814,0.9880326852245488,0.0120394995703918,57.57275678339388,0.0121030134105949,0.0205370485521984,90.0,20.0,1.1953401231797521e-14,0.1341811530245391,504.0,90.0,3.0,0.5096550317987704,0.3326615064131163,0.0,0.3333333333333333,1.0,0.6423133473966586,1.0,1.3480117060856072,0.3636595852794368,0.4577144660884156,9.0,-1.1625155389178126,-0.1765924238445808,0.1232485265243468,18.0,0.3638768924146329,False,stability_or_viability_filter,0,2022-06-30,2024-07-02
stock_peer_groups,semiconductors,ADI/AMD,AMD,ADI,1.0,0.8123686508827235,0.5691114669467606,0.3239345997041627,2.194587588892632,-6.619563020538584,0.9840871830138426,0.0160407852308633,43.21154922181074,-0.036601797861325,0.0339080916138775,86.0,18.0,2.2387735404504743e-14,0.1924740594655569,504.0,86.0,3.0,0.6376775449234168,0.0771392828546727,0.0,0.0,1.0,0.0983606595140461,1.0,1.0862055003487068,0.068078369717207,0.4526115492591335,8.0,-0.9814282481382276,-0.2429247664322852,0.1206024416503718,15.0,0.361427434120918,False,stability_or_viability_filter,0,2022-06-30,2024-07-02
stock_peer_groups,enterprise_software,CRM/ORCL,ORCL,CRM,1.0,0.8260236344486911,0.6603271033136483,0.4148205400721435,0.7398773648509445,0.6267009230867886,0.985071935837299,0.0150406091698016,46.08504700405596,0.0559734060125766,0.0207161401611732,90.0,9.0,-2.33111589995898e-14,0.1182121098611657,504.0,90.0,3.0,0.575475043732174,0.2094271811921404,0.0,0.0,0.6666666666666666,0.4994517552865128,1.0,1.1453636970536007,0.2524445007210622,0.385290977527604,3.0,-0.2881360647210476,-0.0692737824343218,0.6349512279078618,6.0,0.3613181292148399,False,stability_or_viability_filter,0,2022-06-30,2024-07-02
stock_peer_groups,semiconductors,ADI/NVDA,NVDA,ADI,1.0,0.8678486387835478,0.4392920618236509,0.2174611776084609,4.788080008813992,-21.065181058039254,0.9730533683675412,0.0273163490016963,25.37481053990413,-0.0162943036309137,0.0765714024040354,51.0,30.0,-1.516952348567198e-14,0.3349041618213861,504.0,51.0,3.0,0.6756135990618742,0.241706289351782,0.0,0.0,1.0,0.1676582990839278,1.0,1.4925918530048805,0.1911872909235566,0.4497846706731129,10.0,-1.1797006331297737,-0.2417898807023847,0.2172875827895082,20.0,0.3606490498125884,False,stability_or_viability_filter,0,2022-06-30,2024-07-02
stock_peer_groups,semiconductors,MCHP/NVDA,NVDA,MCHP,1.0,0.8582486773323975,0.1720045537541111,0.0615240718039016,4.335565913467033,-15.030888164572064,0.9703032710933468,0.0301466057380283,22.992544719075184,-0.0057247083128098,0.0827023956736008,46.0,39.0,-6.527406481288222e-15,0.345962765529586,504.0,46.0,3.0,0.6488517376090663,0.1205052191609823,0.0,0.0,1.0,0.1488228694900082,1.0,1.4014161859707006,0.1343778279915191,0.4487751516031146,11.0,-1.0748539476812466,-0.2573855264135348,0.2260839327151784,21.0,0.3600793482388735,False,stability_or_viability_filter,0,2022-06-30,2024-07-02
stock_peer_groups,enterprise_software,NOW/ORCL,ORCL,NOW,1.0,0.8558034061853939,0.2603138396139008,0.1052530673054334,0.7466894614092563,1.05274227701883,0.9789624588213804,0.0212619836410277,32.60030636193463,0.0344770950031714,0.0193150011750084,65.0,20.0,1.839445703339267e-14,0.1084943517210088,504.0,65.0,3.0,0.6413206617991253,0.1716006934327026,0.0,0.0,1.0,0.4772489438358485,1.0,1.3035797908984263,0.2500143003004533,0.435328735419736,7.0,-0.8909687965663767,-0.2065417897036791,0.2922435446790282,13.0,0.353795593168731,False,stability_or_viability_filter,0,2022-06-30,2024-07-02
stock_peer_groups,semiconductors,AMD/MCHP,AMD,MCHP,1.0,0.801959738859076,0.3638341074661136,0.1651183045122312,1.983661511739928,-3.8386942730749065,0.9808156734210132,0.0193707336862197,35.783217702953905,-0.0234671808449718,0.0360456574694978,72.0,21.0,-4.5029236071780956e-14,0.19717212706668,504.0,72.0,3.0,0.6167043965804376,0.038682219569163,0.0,0.0,1.0,0.258362958641355,1.0,1.397827704267716,0.1432181376554744,0.4398542853795619,8.0,-1.1561853877175283,-0.2748039428596111,0.1657668334402874,16.0,0.3481426270515763,False,stability_or_viability_filter,0,2022-06-30,2024-07-02
etf_peer_groups,short_treasuries,SHY/VGSH,SHY,VGSH,1.0,0.9998523746086216,0.130195469650295,0.0414570792994836,0.9685678241075444,0.471522916493019,0.6810917328895214,0.3840582786891319,1.804796873343796,-5.56313351686392e-06,0.0002121449138323,20.0,72.0,9.677620257192873e-14,0.0002939416997628,504.0,20.0,3.0,0.999637809895679,0.0002140792029423,0.0,0.0,0.0,0.0019772490116502,1.0,1.2039174982021434,0.0233879425384356,0.4475706582200762,27.0,-5.255546039087423,-0.0490777043891458,0.0,54.0,0.3475706582200762,False,stability_or_viability_filter,0,2022-06-30,2024-07-02
stock_peer_groups,enterprise_software,ADBE/ORCL,ORCL,ADBE,1.0,0.8125660155600849,0.6800281296334661,0.4358613807770701,0.7448961580348501,0.0179085335238697,0.985984413219568,0.0141147325981954,49.10806320543151,0.0596138823165168,0.0198150228042613,90.0,20.0,-1.1236161912714282e-14,0.1222460203390092,504.0,90.0,3.0,0.6076777910281149,0.209730233451799,0.0,0.0,1.0,0.8654750376165242,0.6666666666666666,1.3981495569352749,0.4026405966822494,0.3783220547554704,5.0,-0.454089919875179,-0.0909192650908701,0.3930056495512267,10.0,0.3423588492517549,False,stability_or_viability_filter,0,2022-06-30,2024-07-02
stock_peer_groups,enterprise_software,ADBE/MSFT,MSFT,ADBE,1.0,0.8449005324910779,0.8507525021129345,0.6632523493951753,0.7789786473454641,0.98980163455411,0.9923437700145586,0.0076856893758112,90.1867284334251,0.0663280215707277,0.015774062699444,90.0,19.0,5.6210767962648605e-14,0.1128335275616811,504.0,90.0,3.0,0.5876097379512569,0.3410398395384955,0.0,0.0,0.6666666666666666,0.7797675590357271,0.6666666666666666,1.2054026800551128,0.3964249861975311,0.3405932692013944,10.0,-0.7560216036710646,-0.1839747661236297,0.4612235057296897,20.0,0.3002512039372192,False,stability_or_viability_filter,0,2022-06-30,2024-07-02
stock_peer_groups,enterprise_software,ADSK/MSFT,MSFT,ADSK,1.0,0.6915102927822564,,,,,,,,,,,,,,,,,,,,,,,,,,,,,,,,,False,correlation_prescreen,0,2022-06-30,2024-07-02
stock_peer_groups,enterprise_software,ADSK/ORCL,ORCL,ADSK,1.0,0.5694106157111242,,,,,,,,,,,,,,,,,,,,,,,,,,,,,,,,,False,correlation_prescreen,0,2022-06-30,2024-07-02
stock_peer_groups,enterprise_software,ADSK/CRM,CRM,ADSK,1.0,0.7470622663025275,,,,,,,,,,,,,,,,,,,,,,,,,,,,,,,,,False,correlation_prescreen,0,2022-06-30,2024-07-02
stock_peer_groups,enterprise_software,ADBE/ADSK,ADBE,ADSK,1.0,0.6469844612058221,,,,,,,,,,,,,,,,,,,,,,,,,,,,,,,,,False,correlation_prescreen,0,2022-06-30,2024-07-02
stock_peer_groups,semiconductors,INTC/NVDA,NVDA,INTC,1.0,0.5785620952219012,,,,,,,,,,,,,,,,,,,,,,,,,,,,,,,,,False,correlation_prescreen,0,2022-06-30,2024-07-02
stock_peer_groups,semiconductors,NVDA/QCOM,NVDA,QCOM,1.0,0.6785767168691702,,,,,,,,,,,,,,,,,,,,,,,,,,,,,,,,,False,correlation_prescreen,0,2022-06-30,2024-07-02
stock_peer_groups,semiconductors,NVDA/TXN,NVDA,TXN,1.0,0.4781110237369445,,,,,,,,,,,,,,,,,,,,,,,,,,,,,,,,,False,correlation_prescreen,0,2022-06-30,2024-07-02
stock_peer_groups,semiconductors,AMD/INTC,AMD,INTC,1.0,0.7229378629285903,,,,,,,,,,,,,,,,,,,,,,,,,,,,,,,,,False,correlation_prescreen,0,2022-06-30,2024-07-02
stock_peer_groups,semiconductors,AMD/QCOM,AMD,QCOM,1.0,0.7227000835586718,,,,,,,,,,,,,,,,,,,,,,,,,,,,,,,,,False,correlation_prescreen,0,2022-06-30,2024-07-02
stock_peer_groups,semiconductors,AMD/TXN,AMD,TXN,1.0,0.4460388117384449,,,,,,,,,,,,,,,,,,,,,,,,,,,,,,,,,False,correlation_prescreen,0,2022-06-30,2024-07-02
stock_peer_groups,semiconductors,INTC/QCOM,INTC,QCOM,1.0,0.3515226520647092,,,,,,,,,,,,,,,,,,,,,,,,,,,,,,,,,False,correlation_prescreen,0,2022-06-30,2024-07-02
stock_peer_groups,semiconductors,AVGO/INTC,INTC,AVGO,1.0,0.6189168974921123,,,,,,,,,,,,,,,,,,,,,,,,,,,,,,,,,False,correlation_prescreen,0,2022-06-30,2024-07-02
stock_peer_groups,semiconductors,INTC/MU,INTC,MU,1.0,0.4730171826677251,,,,,,,,,,,,,,,,,,,,,,,,,,,,,,,,,False,correlation_prescreen,0,2022-06-30,2024-07-02
stock_peer_groups,semiconductors,INTC/TXN,INTC,TXN,1.0,-0.0675654845066968,,,,,,,,,,,,,,,,,,,,,,,,,,,,,,,,,False,correlation_prescreen,0,2022-06-30,2024-07-02
stock_peer_groups,semiconductors,ADI/INTC,INTC,ADI,1.0,0.3815154031128705,,,,,,,,,,,,,,,,,,,,,,,,,,,,,,,,,False,correlation_prescreen,0,2022-06-30,2024-07-02
stock_peer_groups,semiconductors,INTC/MCHP,INTC,MCHP,1.0,0.4411316022422693,,,,,,,,,,,,,,,,,,,,,,,,,,,,,,,,,False,correlation_prescreen,0,2022-06-30,2024-07-02
stock_peer_groups,semiconductors,INTC/NXPI,INTC,NXPI,1.0,0.5517866823093438,,,,,,,,,,,,,,,,,,,,,,,,,,,,,,,,,False,correlation_prescreen,0,2022-06-30,2024-07-02
stock_peer_groups,semiconductors,AVGO/QCOM,QCOM,AVGO,1.0,0.7003032594035569,,,,,,,,,,,,,,,,,,,,,,,,,,,,,,,,,False,correlation_prescreen,0,2022-06-30,2024-07-02
stock_peer_groups,semiconductors,QCOM/TXN,QCOM,TXN,1.0,0.6451290945189251,,,,,,,,,,,,,,,,,,,,,,,,,,,,,,,,,False,correlation_prescreen,0,2022-06-30,2024-07-02
stock_peer_groups,semiconductors,ADI/QCOM,QCOM,ADI,1.0,0.6822610418954659,,,,,,,,,,,,,,,,,,,,,,,,,,,,,,,,,False,correlation_prescreen,0,2022-06-30,2024-07-02
stock_peer_groups,semiconductors,MCHP/QCOM,QCOM,MCHP,1.0,0.5733165125402737,,,,,,,,,,,,,,,,,,,,,,,,,,,,,,,,,False,correlation_prescreen,0,2022-06-30,2024-07-02
stock_peer_groups,semiconductors,AVGO/TXN,AVGO,TXN,1.0,0.4621994643662646,,,,,,,,,,,,,,,,,,,,,,,,,,,,,,,,,False,correlation_prescreen,0,2022-06-30,2024-07-02
stock_peer_groups,semiconductors,MU/TXN,MU,TXN,1.0,0.5608075369251031,,,,,,,,,,,,,,,,,,,,,,,,,,,,,,,,,False,correlation_prescreen,0,2022-06-30,2024-07-02
stock_peer_groups,semiconductors,MCHP/MU,MU,MCHP,1.0,0.7468697791896658,,,,,,,,,,,,,,,,,,,,,,,,,,,,,,,,,False,correlation_prescreen,0,2022-06-30,2024-07-02
stock_peer_groups,semiconductors,MCHP/TXN,TXN,MCHP,1.0,0.6746113199859671,,,,,,,,,,,,,,,,,,,,,,,,,,,,,,,,,False,correlation_prescreen,0,2022-06-30,2024-07-02
stock_peer_groups,semiconductors,NXPI/TXN,TXN,NXPI,1.0,0.6268579353598579,,,,,,,,,,,,,,,,,,,,,,,,,,,,,,,,,False,correlation_prescreen,0,2022-06-30,2024-07-02
stock_peer_groups,money_center_banks,BAC/JPM,JPM,BAC,1.0,0.5143533025841219,,,,,,,,,,,,,,,,,,,,,,,,,,,,,,,,,False,correlation_prescreen,0,2022-06-30,2024-07-02
stock_peer_groups,capital_markets,GS/SCHW,GS,SCHW,1.0,0.5063445361567204,,,,,,,,,,,,,,,,,,,,,,,,,,,,,,,,,False,correlation_prescreen,0,2022-06-30,2024-07-02
stock_peer_groups,capital_markets,GS/NTRS,GS,NTRS,1.0,0.2787096823592931,,,,,,,,,,,,,,,,,,,,,,,,,,,,,,,,,False,correlation_prescreen,0,2022-06-30,2024-07-02
stock_peer_groups,capital_markets,GS/STT,GS,STT,1.0,0.5961564123858422,,,,,,,,,,,,,,,,,,,,,,,,,,,,,,,,,False,correlation_prescreen,0,2022-06-30,2024-07-02
stock_peer_groups,capital_markets,MS/SCHW,MS,SCHW,1.0,0.5164584429312695,,,,,,,,,,,,,,,,,,,,,,,,,,,,,,,,,False,correlation_prescreen,0,2022-06-30,2024-07-02
stock_peer_groups,capital_markets,MS/NTRS,MS,NTRS,1.0,0.406409775254246,,,,,,,,,,,,,,,,,,,,,,,,,,,,,,,,,False,correlation_prescreen,0,2022-06-30,2024-07-02
stock_peer_groups,capital_markets,NTRS/SCHW,SCHW,NTRS,1.0,0.7357597388450046,,,,,,,,,,,,,,,,,,,,,,,,,,,,,,,,,False,correlation_prescreen,0,2022-06-30,2024-07-02
stock_peer_groups,capital_markets,SCHW/STT,SCHW,STT,1.0,0.4792429895578328,,,,,,,,,,,,,,,,,,,,,,,,,,,,,,,,,False,correlation_prescreen,0,2022-06-30,2024-07-02
stock_peer_groups,capital_markets,NTRS/STT,NTRS,STT,1.0,0.412373930990614,,,,,,,,,,,,,,,,,,,,,,,,,,,,,,,,,False,correlation_prescreen,0,2022-06-30,2024-07-02
stock_peer_groups,payments_credit,SYF/V,V,SYF,1.0,0.6980482640807532,,,,,,,,,,,,,,,,,,,,,,,,,,,,,,,,,False,correlation_prescreen,0,2022-06-30,2024-07-02
stock_peer_groups,payments_credit,MA/SYF,MA,SYF,1.0,0.7021788836850459,,,,,,,,,,,,,,,,,,,,,,,,,,,,,,,,,False,correlation_prescreen,0,2022-06-30,2024-07-02
stock_peer_groups,integrated_energy,CVX/XOM,XOM,CVX,1.0,0.7083624378200782,,,,,,,,,,,,,,,,,,,,,,,,,,,,,,,,,False,correlation_prescreen,0,2022-06-30,2024-07-02
stock_peer_groups,integrated_energy,COP/XOM,XOM,COP,1.0,0.745489179924255,,,,,,,,,,,,,,,,,,,,,,,,,,,,,,,,,False,correlation_prescreen,0,2022-06-30,2024-07-02
stock_peer_groups,integrated_energy,OXY/XOM,XOM,OXY,1.0,0.2909574399861526,,,,,,,,,,,,,,,,,,,,,,,,,,,,,,,,,False,correlation_prescreen,0,2022-06-30,2024-07-02
stock_peer_groups,integrated_energy,COP/CVX,CVX,COP,1.0,0.6072587589842183,,,,,,,,,,,,,,,,,,,,,,,,,,,,,,,,,False,correlation_prescreen,0,2022-06-30,2024-07-02
stock_peer_groups,integrated_energy,CVX/OXY,CVX,OXY,1.0,0.6255573707952347,,,,,,,,,,,,,,,,,,,,,,,,,,,,,,,,,False,correlation_prescreen,0,2022-06-30,2024-07-02
stock_peer_groups,integrated_energy,COP/OXY,COP,OXY,1.0,0.526049837502725,,,,,,,,,,,,,,,,,,,,,,,,,,,,,,,,,False,correlation_prescreen,0,2022-06-30,2024-07-02
stock_peer_groups,big_box_retail,TGT/WMT,WMT,TGT,1.0,-0.0707813486816252,,,,,,,,,,,,,,,,,,,,,,,,,,,,,,,,,False,correlation_prescreen,0,2022-06-30,2024-07-02
stock_peer_groups,big_box_retail,COST/TGT,COST,TGT,1.0,0.1182710180289319,,,,,,,,,,,,,,,,,,,,,,,,,,,,,,,,,False,correlation_prescreen,0,2022-06-30,2024-07-02
stock_peer_groups,home_improvement,HD/TSCO,HD,TSCO,1.0,0.6653066423052021,,,,,,,,,,,,,,,,,,,,,,,,,,,,,,,,,False,correlation_prescreen,0,2022-06-30,2024-07-02
stock_peer_groups,home_improvement,LOW/TSCO,LOW,TSCO,1.0,0.7073611913579951,,,,,,,,,,,,,,,,,,,,,,,,,,,,,,,,,False,correlation_prescreen,0,2022-06-30,2024-07-02
stock_peer_groups,beverages,KO/PEP,KO,PEP,1.0,0.5677855927250799,,,,,,,,,,,,,,,,,,,,,,,,,,,,,,,,,False,correlation_prescreen,0,2022-06-30,2024-07-02
stock_peer_groups,beverages,KDP/KO,KO,KDP,1.0,0.1818526241570505,,,,,,,,,,,,,,,,,,,,,,,,,,,,,,,,,False,correlation_prescreen,0,2022-06-30,2024-07-02
stock_peer_groups,beverages,KO/MNST,KO,MNST,1.0,0.3007795595033737,,,,,,,,,,,,,,,,,,,,,,,,,,,,,,,,,False,correlation_prescreen,0,2022-06-30,2024-07-02
stock_peer_groups,beverages,KDP/PEP,PEP,KDP,1.0,0.0148761677767669,,,,,,,,,,,,,,,,,,,,,,,,,,,,,,,,,False,correlation_prescreen,0,2022-06-30,2024-07-02
stock_peer_groups,beverages,MNST/PEP,PEP,MNST,1.0,0.5257136432723873,,,,,,,,,,,,,,,,,,,,,,,,,,,,,,,,,False,correlation_prescreen,0,2022-06-30,2024-07-02
stock_peer_groups,beverages,KDP/MNST,KDP,MNST,1.0,-0.6977269932526781,,,,,,,,,,,,,,,,,,,,,,,,,,,,,,,,,False,correlation_prescreen,0,2022-06-30,2024-07-02
stock_peer_groups,large_pharma,JNJ/MRK,JNJ,MRK,1.0,-0.3139611122175054,,,,,,,,,,,,,,,,,,,,,,,,,,,,,,,,,False,correlation_prescreen,0,2022-06-30,2024-07-02
stock_peer_groups,large_pharma,JNJ/PFE,JNJ,PFE,1.0,0.6086221697934023,,,,,,,,,,,,,,,,,,,,,,,,,,,,,,,,,False,correlation_prescreen,0,2022-06-30,2024-07-02
stock_peer_groups,large_pharma,ABBV/JNJ,JNJ,ABBV,1.0,-0.1242242779295937,,,,,,,,,,,,,,,,,,,,,,,,,,,,,,,,,False,correlation_prescreen,0,2022-06-30,2024-07-02
stock_peer_groups,large_pharma,BMY/JNJ,JNJ,BMY,1.0,0.6240032274095081,,,,,,,,,,,,,,,,,,,,,,,,,,,,,,,,,False,correlation_prescreen,0,2022-06-30,2024-07-02
stock_peer_groups,large_pharma,JNJ/LLY,JNJ,LLY,1.0,-0.4342829698698577,,,,,,,,,,,,,,,,,,,,,,,,,,,,,,,,,False,correlation_prescreen,0,2022-06-30,2024-07-02
stock_peer_groups,large_pharma,MRK/PFE,MRK,PFE,1.0,-0.7172498278990803,,,,,,,,,,,,,,,,,,,,,,,,,,,,,,,,,False,correlation_prescreen,0,2022-06-30,2024-07-02
stock_peer_groups,large_pharma,BMY/MRK,MRK,BMY,1.0,-0.6862130323505505,,,,,,,,,,,,,,,,,,,,,,,,,,,,,,,,,False,correlation_prescreen,0,2022-06-30,2024-07-02
stock_peer_groups,large_pharma,ABBV/PFE,PFE,ABBV,1.0,-0.5933083925031474,,,,,,,,,,,,,,,,,,,,,,,,,,,,,,,,,False,correlation_prescreen,0,2022-06-30,2024-07-02
stock_peer_groups,large_pharma,ABBV/BMY,ABBV,BMY,1.0,-0.582023739584846,,,,,,,,,,,,,,,,,,,,,,,,,,,,,,,,,False,correlation_prescreen,0,2022-06-30,2024-07-02
stock_peer_groups,large_pharma,ABBV/LLY,ABBV,LLY,1.0,0.7044114127097947,,,,,,,,,,,,,,,,,,,,,,,,,,,,,,,,,False,correlation_prescreen,0,2022-06-30,2024-07-02
stock_peer_groups,managed_care,CI/UNH,UNH,CI,1.0,0.1459129890058316,,,,,,,,,,,,,,,,,,,,,,,,,,,,,,,,,False,correlation_prescreen,0,2022-06-30,2024-07-02
stock_peer_groups,managed_care,CVS/UNH,UNH,CVS,1.0,0.2907639147937692,,,,,,,,,,,,,,,,,,,,,,,,,,,,,,,,,False,correlation_prescreen,0,2022-06-30,2024-07-02
stock_peer_groups,managed_care,HUM/UNH,UNH,HUM,1.0,0.2427723003923655,,,,,,,,,,,,,,,,,,,,,,,,,,,,,,,,,False,correlation_prescreen,0,2022-06-30,2024-07-02
stock_peer_groups,managed_care,CNC/UNH,UNH,CNC,1.0,0.5565508799166446,,,,,,,,,,,,,,,,,,,,,,,,,,,,,,,,,False,correlation_prescreen,0,2022-06-30,2024-07-02
stock_peer_groups,managed_care,CI/CVS,CI,CVS,1.0,-0.1019974581466063,,,,,,,,,,,,,,,,,,,,,,,,,,,,,,,,,False,correlation_prescreen,0,2022-06-30,2024-07-02
stock_peer_groups,managed_care,CI/HUM,CI,HUM,1.0,-0.6994213028375503,,,,,,,,,,,,,,,,,,,,,,,,,,,,,,,,,False,correlation_prescreen,0,2022-06-30,2024-07-02
stock_peer_groups,managed_care,CI/CNC,CI,CNC,1.0,0.2326819469654731,,,,,,,,,,,,,,,,,,,,,,,,,,,,,,,,,False,correlation_prescreen,0,2022-06-30,2024-07-02
stock_peer_groups,managed_care,CVS/HUM,CVS,HUM,1.0,0.4548794949549323,,,,,,,,,,,,,,,,,,,,,,,,,,,,,,,,,False,correlation_prescreen,0,2022-06-30,2024-07-02
stock_peer_groups,managed_care,CNC/CVS,CVS,CNC,1.0,0.7430012577207823,,,,,,,,,,,,,,,,,,,,,,,,,,,,,,,,,False,correlation_prescreen,0,2022-06-30,2024-07-02
stock_peer_groups,managed_care,CNC/HUM,HUM,CNC,1.0,0.0410835434191684,,,,,,,,,,,,,,,,,,,,,,,,,,,,,,,,,False,correlation_prescreen,0,2022-06-30,2024-07-02
stock_peer_groups,industrial_machinery,CAT/DE,CAT,DE,1.0,0.4810521785768268,,,,,,,,,,,,,,,,,,,,,,,,,,,,,,,,,False,correlation_prescreen,0,2022-06-30,2024-07-02
stock_peer_groups,industrial_machinery,CMI/DE,DE,CMI,1.0,0.5447451415469199,,,,,,,,,,,,,,,,,,,,,,,,,,,,,,,,,False,correlation_prescreen,0,2022-06-30,2024-07-02
stock_peer_groups,industrial_machinery,DE/PCAR,DE,PCAR,1.0,0.3420097946167014,,,,,,,,,,,,,,,,,,,,,,,,,,,,,,,,,False,correlation_prescreen,0,2022-06-30,2024-07-02
stock_peer_groups,railroads,NSC/UNP,UNP,NSC,1.0,0.6030125485821849,,,,,,,,,,,,,,,,,,,,,,,,,,,,,,,,,False,correlation_prescreen,0,2022-06-30,2024-07-02
stock_peer_groups,railroads,CSX/NSC,CSX,NSC,1.0,0.6647057029483943,,,,,,,,,,,,,,,,,,,,,,,,,,,,,,,,,False,correlation_prescreen,0,2022-06-30,2024-07-02
etf_peer_groups,intermediate_treasuries,IEF/IEI,IEI,IEF,1.0,0.7292478908598286,,,,,,,,,,,,,,,,,,,,,,,,,,,,,,,,,False,correlation_prescreen,0,2022-06-30,2024-07-02
etf_peer_groups,energy_equity,OIH/XOP,XOP,OIH,1.0,0.7134431194668763,,,,,,,,,,,,,,,,,,,,,,,,,,,,,,,,,False,correlation_prescreen,0,2022-06-30,2024-07-02
etf_peer_groups,financial_equity,KBE/XLF,XLF,KBE,1.0,0.5257165305632967,,,,,,,,,,,,,,,,,,,,,,,,,,,,,,,,,False,correlation_prescreen,0,2022-06-30,2024-07-02
etf_peer_groups,financial_equity,KRE/XLF,XLF,KRE,1.0,0.0513819403978834,,,,,,,,,,,,,,,,,,,,,,,,,,,,,,,,,False,correlation_prescreen,0,2022-06-30,2024-07-02
etf_peer_groups,financial_equity,KBE/VFH,VFH,KBE,1.0,0.5724430996373404,,,,,,,,,,,,,,,,,,,,,,,,,,,,,,,,,False,correlation_prescreen,0,2022-06-30,2024-07-02
etf_peer_groups,financial_equity,KRE/VFH,VFH,KRE,1.0,0.1036288226858778,,,,,,,,,,,,,,,,,,,,,,,,,,,,,,,,,False,correlation_prescreen,0,2022-06-30,2024-07-02
stock_peer_groups,mega_cap_platforms,AMZN/MSFT,MSFT,AMZN,1.0,0.9553861388067096,0.0193806625587847,0.0044147107139392,0.823691995534632,1.750932482308071,0.964243410183978,0.036411516053551,19.03648229149594,0.0109036869437036,0.0140460546380013,38.0,32.0,1.1636194653333188e-14,0.0645168661118135,504.0,38.0,3.0,0.9083718562000376,0.0653793032859516,0.3333333333333333,0.6666666666666666,1.0,0.0577309034571874,1.0,1.482571017082772,0.0946557374791321,0.7342940569687628,12.0,0.5850722467001871,-0.0616530503612415,2.1775129316150457,24.0,0.9809305405545432,True,passed,1,2022-09-29,2024-10-01
stock_peer_groups,mega_cap_platforms,AMZN/GOOGL,GOOGL,AMZN,1.0,0.960048126131976,0.0321045837721879,0.0079804744877553,0.8194213760308222,0.8233060215278019,0.9582988807600242,0.0425955655763101,16.272754479997914,0.0071217321211405,0.0161524487764231,33.0,33.0,-3.565930619569848e-14,0.0605135193173873,504.0,33.0,3.0,0.8718288445486594,0.0484536355010315,0.6666666666666666,0.6666666666666666,1.0,0.1715331976941022,1.0,1.1902627530218648,0.0944692502896962,0.8085102861081952,14.0,0.0521054979744164,-0.1301816994023189,1.0936835602922363,28.0,0.9210102888189696,True,passed,1,2022-09-29,2024-10-01
etf_peer_groups,developed_international,IEFA/VEA,VEA,IEFA,1.0,0.9996667988584064,0.0207859124090191,0.0048172898985982,0.971203585577807,-0.2548651310768808,0.9317816480724392,0.0706567749292163,9.810059704173268,-5.084960385519745e-05,0.0008696456587815,20.0,57.0,2.76066647496276e-14,0.0024166815225914,504.0,20.0,3.0,0.9994365645361466,0.0002064219238456,1.0,1.0,1.0,0.0183897722399385,1.0,1.4430471442586663,0.0554261918611132,0.9943165219479252,14.0,-2.4196242754231334,-0.0259427573947139,0.0,27.0,0.8943165219479252,True,passed,1,2022-09-29,2024-10-01
etf_peer_groups,us_real_estate,IYR/VNQ,VNQ,IYR,1.0,0.9994202755008532,0.0768343058048545,0.0226129367301265,0.9990627700306234,-0.0693200526536483,0.9314384451934028,0.0710251725051745,9.759176304843836,6.777477626483943e-05,0.000881703929559,20.0,60.0,7.815970093361102e-14,0.0024219397309112,504.0,20.0,3.0,0.9989973101355818,0.0009839047850665,0.6666666666666666,0.6666666666666666,1.0,0.0037931522450382,1.0,1.0831666917263096,0.0108330958685137,0.848666017947044,19.0,-2.7720463369306225,-0.0272759421450875,0.0,37.0,0.7486660179470439,True,passed,1,2022-09-29,2024-10-01
etf_peer_groups,energy_equity,VDE/XLE,XLE,VDE,1.0,0.9969503262018204,0.0751568632198552,0.0213964088976359,0.9735421192731804,-0.905388813323742,0.9632811295660304,0.0374099787740474,18.52840347080883,0.0009861921113491,0.0011988090581486,37.0,43.0,5.107907042660343e-15,0.0050466912729888,504.0,37.0,3.0,0.995850440575777,0.0017145176964726,0.6666666666666666,0.6666666666666666,1.0,0.0321473413506748,1.0,1.0945445332591115,0.0217922344889504,0.8467833866950492,14.0,-1.7889795927494383,-0.0226511349391116,0.0,28.0,0.7467833866950491,True,passed,1,2022-09-29,2024-10-01
etf_peer_groups,developed_international,EFA/VEA,EFA,VEA,1.0,0.9994212382402384,0.0175248344552164,0.0039611092388937,1.0509691755917752,0.2572795244317829,0.9443632814756492,0.0572443547938439,12.10856831308869,-0.0001077274757117,0.0011220771061286,24.0,47.0,1.4380031557049646e-14,0.0033491209533844,504.0,24.0,3.0,0.9989597896755076,0.0003035778745232,0.3333333333333333,1.0,1.0,0.0232258208282308,1.0,1.4358940821888255,0.0562758086996764,0.8274456998822426,12.0,-1.9777725719388863,-0.0216164992733022,0.1230102864872671,23.0,0.7335962142066059,True,passed,1,2022-09-29,2024-10-01
etf_peer_groups,us_growth_technology,IYW/QQQ,QQQ,IYW,1.0,0.9993988955509256,0.0121567451686826,0.002602831376156,0.838520386148692,1.9673615989987203,0.9418922872479054,0.0598643556910794,11.578629262074102,6.97394640750451e-05,0.0022552269926247,23.0,39.0,7.697546304067751e-15,0.0066555963884018,504.0,23.0,3.0,0.9982186573580925,0.0001909931114086,0.3333333333333333,0.6666666666666666,1.0,0.007319604347587,1.0,1.1394416823624005,0.0179970527488208,0.7644216257313077,13.0,-1.1722541266920583,-0.0271699167072108,0.1082254301693624,26.0,0.6698328972397758,True,passed,1,2022-09-29,2024-10-01
stock_peer_groups,semiconductors,AVGO/NVDA,NVDA,AVGO,1.0,0.9869037811181652,0.0774238311878841,0.022821563879725,1.6845738992262658,-3.735009559220339,0.9607333137773492,0.0400584176012534,17.30340892292902,-0.0009664557841694,0.031534082286409,35.0,47.0,-7.119525427754972e-15,0.1131376418338909,504.0,35.0,3.0,0.964862536398725,0.0087204006589277,0.3333333333333333,0.3333333333333333,1.0,0.1508676096312309,1.0,1.3035857019306891,0.0869277480890183,0.6825228592907794,11.0,1.128313135181736,-0.0900442160873217,5.998347523891285,21.0,1.0517698295680398,False,stability_or_viability_filter,1,2022-09-29,2024-10-01
stock_peer_groups,mega_cap_platforms,AMZN/META,META,AMZN,1.0,0.9417840771343984,0.1446472405572539,0.0438863923613862,1.8752473965448253,-3.53821815359341,0.9737384534433472,0.0266125396920306,26.0458862093314,0.0413000911726664,0.0333171068540047,52.0,35.0,-2.7776722720859874e-14,0.169615200710374,504.0,52.0,3.0,0.9035751409765048,0.0672321789894964,0.3333333333333333,0.3333333333333333,1.0,0.1502538282500458,1.0,1.92020489664738,0.1747403242628896,0.6584197528178372,11.0,0.9845931496576704,-0.0529601451430603,3.264209172136023,22.0,1.0061087252664878,False,stability_or_viability_filter,1,2022-09-29,2024-10-01
stock_peer_groups,capital_markets,NTRS/STT,NTRS,STT,1.0,0.7985008650725114,0.0113662526774156,0.0023635390621649,0.8222586528568469,0.8510832261880974,0.9559263900362496,0.0450743667652558,15.377857312334678,-0.0109919267476502,0.0142683462836228,31.0,38.0,6.726365496336127e-14,0.057565303201435,504.0,31.0,3.0,0.8330301196811917,0.0921201998560584,0.3333333333333333,0.3333333333333333,1.0,0.2522140708064536,1.0,1.4733481914006217,0.1673723337097953,0.6415202965493183,14.0,0.91211928508074,-0.0443262215943035,2.627398695857915,27.0,0.959708124104325,False,stability_or_viability_filter,1,2022-09-29,2024-10-01
stock_peer_groups,enterprise_software,CRM/INTU,CRM,INTU,1.0,0.9275007181546032,0.1658938613018097,0.0587788869738409,1.0947543100198005,-1.4531104373325878,0.9701053360544302,0.0303506195100495,22.83799117610877,0.0090952320988227,0.0206638815116566,46.0,25.0,1.4045202390892853e-15,0.0862991265616553,504.0,46.0,3.0,0.8504573689522946,0.0301699359340746,0.0,0.3333333333333333,1.0,0.1681974728374022,1.0,1.66902945904222,0.1404590761507389,0.5652351012896665,12.0,1.060943389243299,-0.0396325281535192,2.797585865983493,23.0,0.914255902975336,False,stability_or_viability_filter,1,2022-09-29,2024-10-01
stock_peer_groups,payments_credit,AXP/MA,MA,AXP,1.0,0.8671682703072872,0.1206895099868693,0.0391973882806872,0.5573987826126873,3.0970978615105165,0.9781138039412892,0.0221292517689302,31.322666839243595,0.0157520944011974,0.0106108646143645,63.0,22.0,1.3821395527198576e-14,0.0639679681041621,504.0,63.0,3.0,0.7938644181457698,0.1280827996075237,0.0,0.3333333333333333,1.0,0.3025166437714426,1.0,1.226608331599499,0.1687118513040442,0.5482615860727047,11.0,0.9917577739353816,-0.0519695321360925,3.011479034639246,22.0,0.8970252521630119,False,stability_or_viability_filter,1,2022-09-29,2024-10-01
stock_peer_groups,enterprise_software,INTU/NOW,INTU,NOW,1.0,0.9670740774108914,0.0415232382735196,0.0108635203233808,0.7188985414988804,2.798190351043016,0.9502930623082988,0.0509848553194562,13.595158331172785,-0.0055904323738223,0.0162044384165697,27.0,39.0,-4.5272427781936945e-14,0.0497759088543932,504.0,27.0,3.0,0.895570815864129,0.0342758925348949,0.0,0.3333333333333333,1.0,0.1718198224192603,1.0,1.2657097197922604,0.0982218738505251,0.5807371832476464,15.0,0.7523218240216406,-0.0404013255639386,4.837599663721448,29.0,0.8935854568508925,False,stability_or_viability_filter,1,2022-09-29,2024-10-01
stock_peer_groups,capital_markets,MS/STT,MS,STT,1.0,0.8111736914816949,0.1226414269686492,0.0401637056052035,0.850234480501392,0.8080774660520221,0.9663039170085476,0.034276880369704,20.222003084405276,-0.0009026996830419,0.0145768872488055,40.0,33.0,1.2177208095491796e-15,0.0569209284188564,504.0,40.0,3.0,0.8073438360980174,0.0561739383346124,0.6666666666666666,0.6666666666666666,1.0,0.2941095270960013,1.0,1.1575166585346914,0.1342630060918369,0.7884096584153205,12.0,0.014262465358188,-0.0840479125198639,1.04764543600684,24.0,0.8929313000193907,False,stability_or_viability_filter,1,2022-09-29,2024-10-01
stock_peer_groups,payments_credit,COF/SYF,COF,SYF,1.0,0.9325314864823118,0.5319726202199727,0.2903609207841401,0.8961150197920023,1.535422024539933,0.984065851187302,0.0160624622307415,43.15323333388751,-0.0039848362125754,0.011363296674329,86.0,21.0,-1.2085570639490992e-14,0.063398985371058,504.0,86.0,3.0,0.8888658107685748,0.0919207514349764,0.0,0.0,1.0,0.1792315234151566,1.0,1.058342584968101,0.0968666010576111,0.5125297925863825,10.0,1.1742711443280374,-0.0490734722612664,5.502474421945787,20.0,0.888670464235588,False,stability_or_viability_filter,1,2022-09-29,2024-10-01
stock_peer_groups,enterprise_software,ADBE/INTU,ADBE,INTU,1.0,0.8522707229275795,0.3578122003308919,0.1623905353815689,0.9864101046426575,-0.0033501973102095,0.9831812021631255,0.0169618399497739,40.86509379951922,0.0191049250328553,0.0191403508710939,82.0,24.0,5.404495193524493e-14,0.118414619700929,504.0,82.0,3.0,0.5751737465881784,0.3959620269570517,0.3333333333333333,0.3333333333333333,1.0,0.8178241229118465,0.6666666666666666,1.6844003718801883,0.4806398690540981,0.5123961164083014,11.0,1.1606574823894664,-0.0944687218961937,3.249048752744233,22.0,0.8864947387667214,False,stability_or_viability_filter,1,2022-09-29,2024-10-01
stock_peer_groups,large_pharma,LLY/PFE,PFE,LLY,1.0,-0.8656223798569095,0.5253209547690133,0.284865712908986,-0.4321659288830589,6.059817649944758,0.983234930591841,0.0169071939083447,40.99717459429114,0.0115037674746475,0.0168326188789565,82.0,24.0,1.6336138790913017e-15,0.0898822690049185,504.0,82.0,3.0,0.539713830142489,0.3811907580479768,0.0,0.6666666666666666,1.0,0.7053794443277492,1.0,1.1162255151105989,0.3751040135819752,0.5307513895107581,7.0,0.9794292498245124,-0.1085377828004525,5.4156982048146505,14.0,0.865165776984435,False,stability_or_viability_filter,1,2022-09-29,2024-10-01
stock_peer_groups,payments_credit,COF/V,V,COF,1.0,0.8545457902649135,0.0501453023554213,0.0132235978067352,0.564553645996031,2.817622112087105,0.96911531784066,0.0313716671126446,22.09468747934551,0.0110523461424372,0.0125498102331977,44.0,25.0,9.257321540727636e-14,0.0602448951436153,504.0,44.0,3.0,0.7265230141303854,0.2129186115008687,0.0,0.3333333333333333,1.0,0.0946185925776265,1.0,1.0521642007156182,0.1083084236612337,0.5374665778331397,13.0,0.8275663925522136,-0.0518164039279365,2.278411893869257,26.0,0.8255221314094346,False,stability_or_viability_filter,1,2022-09-29,2024-10-01
stock_peer_groups,semiconductors,MU/NXPI,MU,NXPI,1.0,0.9245110053265644,0.1695962593291732,0.0604540878170211,1.429593860024862,-3.205339546611905,0.969222392581211,0.0312611861163927,22.172772906926696,0.0024372006771485,0.0273533545341683,44.0,29.0,2.26714590663534e-14,0.1105078189023634,504.0,44.0,3.0,0.8236115192354752,0.0448216643716271,0.3333333333333333,0.6666666666666666,0.6666666666666666,0.3414046443015893,1.0,1.539096850275413,0.1886417529216736,0.6703720378500347,8.0,0.2145891789435235,-0.0536972866504518,1.3233455639368277,16.0,0.8187276928884046,False,stability_or_viability_filter,1,2022-09-29,2024-10-01
stock_peer_groups,large_pharma,BMY/PFE,PFE,BMY,1.0,0.9057090513417692,0.3458525875843418,0.155347654250065,0.9553857807716788,-0.3977190014643951,0.9803181593823034,0.0198781075747948,34.86987772612956,-0.0121231418246459,0.015399086188955,70.0,18.0,1.2033584005798224e-14,0.076096027248717,504.0,70.0,3.0,0.6755844220125705,0.3590442643129107,0.0,1.0,1.0,0.6329577185742522,1.0,1.0692750921136822,0.3383645600861301,0.6350596494945296,4.0,0.4503950040264789,-0.0402246425070164,2.0387509380209745,8.0,0.8045564469995502,False,stability_or_viability_filter,1,2022-09-29,2024-10-01
etf_peer_groups,short_treasuries,SCHO/VGSH,VGSH,SCHO,1.0,0.9999716178366764,3.3482624348937968e-25,3.7748885366672597e-26,0.9982524721939698,0.8860703583001079,0.0495536777159503,3.004698798640594,0.2306877417708369,2.915525865938732e-07,0.0001789629633659,20.0,63.0,-1.421605337857128e-13,0.0001791312654626,504.0,20.0,3.0,0.9998887443376088,5.4651443990157664e-05,1.0,1.0,0.0,0.0002267905487423,1.0,1.0875492259624835,0.0098215057711867,0.8989900355072835,22.0,-4.853488162014438,-0.0398117799782158,0.0,44.0,0.7989900355072834,False,stability_or_viability_filter,1,2022-09-29,2024-10-01
etf_peer_groups,broad_us_equity,IVV/VOO,IVV,VOO,1.0,0.9999988764125116,9.53037166338876e-27,1.17390300765826e-27,1.000028808750897,0.088751934454663,-0.0365994245529011,,,,0.0002028317051742,60.0,54.0,-6.991409215230768e-14,0.0002029235617141,504.0,60.0,3.0,0.9999963043139308,6.986558187558511e-07,1.0,1.0,0.0,0.0002047800577921,1.0,1.1063132511596645,0.0118810763667218,0.8988109684418104,16.0,-3.964237230315124,-0.0278724421838256,0.0,32.0,0.7988109684418103,False,stability_or_viability_filter,1,2022-09-29,2024-10-01
etf_peer_groups,physical_gold,IAU/SGOL,IAU,SGOL,1.0,0.9999928533216496,5.233952918207607e-07,5.29251020837249e-08,0.996440735834363,0.6933309422339666,0.1280408296073799,2.055406084618585,0.3372312584588705,-3.1109573760975575e-07,0.0004220150676628,20.0,61.0,9.174319152696136e-15,0.0004251753623396,504.0,20.0,3.0,0.9999660029071484,2.291817754999944e-05,1.0,1.0,0.0,0.0001756726556943,1.0,1.270520901483405,0.0301240748870152,0.8969790932380857,26.0,-4.866850164096056,-0.0420716421009821,0.0,52.0,0.7969790932380856,False,stability_or_viability_filter,1,2022-09-29,2024-10-01
etf_peer_groups,intermediate_treasuries,SCHR/VGIT,VGIT,SCHR,1.0,0.9999523860552624,0.0005601391917887,8.053462561030232e-05,0.9975737668929372,0.8795056682591129,0.1872703631280458,1.6752019141501069,0.4137693341352257,-1.931921184178781e-07,0.0002372178012221,20.0,64.0,1.206565711539851e-13,0.0002412848867002,504.0,20.0,3.0,0.9999197498084716,4.993846740641313e-05,1.0,1.0,0.0,0.0021401863639272,1.0,1.4289700472267757,0.0483933801911973,0.8951405994329981,29.0,-5.316715103501539,-0.0509433622945437,0.0,57.0,0.795140599432998,False,stability_or_viability_filter,1,2022-09-29,2024-10-01
etf_peer_groups,energy_equity,VDE/XOP,VDE,XOP,1.0,0.8955008079288289,0.3623596033166097,0.1661489380632363,0.7797119892732524,0.9139909078060212,0.9848921524233474,0.0152231337300432,45.53248975222491,0.0231884460622713,0.0042733804197336,90.0,25.0,2.4121798033443083e-14,0.0294736308834978,504.0,90.0,3.0,0.9060570047917006,0.0470423893168774,0.3333333333333333,0.3333333333333333,1.0,0.0697247561267742,1.0,1.4039123528269997,0.0838015321286616,0.668134097985059,9.0,0.1036057398035574,-0.023165710240535,1.1264689207188945,17.0,0.7899984049915373,False,stability_or_viability_filter,1,2022-09-29,2024-10-01
stock_peer_groups,enterprise_software,ADSK/NOW,NOW,ADSK,1.0,0.8327786217741499,0.1507998659255407,0.0520595765057361,2.154194997872675,-6.847656625865516,0.9686442841562364,0.031857830301531,21.757513741500237,0.0043758257539402,0.0359592618090377,44.0,33.0,-3.845953538003082e-14,0.1456575191030044,504.0,44.0,3.0,0.7403418150276945,0.1891664640673277,0.3333333333333333,0.6666666666666666,1.0,0.1540823474289815,1.0,1.3573968170474964,0.1541270279484915,0.6863394176287412,13.0,0.0080736630203343,-0.1317998379119995,1.0433272568739709,25.0,0.7897168299254899,False,stability_or_viability_filter,1,2022-09-29,2024-10-01
stock_peer_groups,money_center_banks,BAC/WFC,BAC,WFC,1.0,0.9105951872301282,0.5927392916311331,0.3449189802790278,0.8056656171700871,0.3837037779016408,0.9860005959511562,0.0140983199667469,49.16523260890927,0.0004261405705455,0.0098825955423466,90.0,24.0,5.2656292025078855e-15,0.0590470882539098,504.0,90.0,3.0,0.9017833291838804,0.0738050802124715,0.3333333333333333,0.3333333333333333,1.0,0.1385053107861405,1.0,1.191712099768288,0.0920714747515693,0.6662386848208132,10.0,0.0533073048143168,-0.052294712704946,1.0999980510547551,20.0,0.7792346830956984,False,stability_or_viability_filter,1,2022-09-29,2024-10-01
etf_peer_groups,energy_equity,XLE/XOP,XLE,XOP,1.0,0.86827822842651,0.2013566049611742,0.0754461658988231,0.7382583495379748,0.0857585828285292,0.9816472625071232,0.0185232383061447,37.42041046516177,0.020811566017565,0.0048704140804684,75.0,24.0,2.30829464889724e-14,0.0320808576864258,504.0,75.0,3.0,0.8762008818376709,0.0474666042503311,0.3333333333333333,0.3333333333333333,1.0,0.1088258025155882,1.0,1.4024998300481033,0.0968196722606512,0.6593682532333526,7.0,0.1340747891349727,-0.0316048858334769,1.2223928775784043,14.0,0.7780991154825186,False,stability_or_viability_filter,1,2022-09-29,2024-10-01
etf_peer_groups,us_growth_technology,IYW/XLK,XLK,IYW,1.0,0.9986725900826762,0.0113794854491583,0.00238650830953,0.8640057448855692,0.3884027605485389,0.9509094588476704,0.050336427228172,13.770289603947257,0.000641645261857,0.0029476705447716,28.0,42.0,4.0339865486816604e-14,0.0101965764318051,504.0,28.0,3.0,0.996284341362462,0.0018659701079018,0.0,1.0,1.0,0.0273177566151464,1.0,1.616292166604881,0.0782048163082251,0.741250603709793,10.0,-0.3068465285360066,-0.0174057283722646,0.591637348857584,20.0,0.7748054918722712,False,stability_or_viability_filter,1,2022-09-29,2024-10-01
stock_peer_groups,money_center_banks,BAC/C,BAC,C,1.0,0.8842858334978911,0.4183111402931007,0.2022959536151538,0.7645030146701602,0.5029079630615125,0.9880767147327808,0.011994937757933,57.78664254439526,-0.0084543378336125,0.009896017126309,90.0,10.0,1.5278783529365253e-14,0.0667114460997166,504.0,90.0,3.0,0.7737617026407987,0.2530067160019262,0.0,0.3333333333333333,0.6666666666666666,0.1381729412397689,1.0,1.1963103741891812,0.1522054828793629,0.5115532107055967,5.0,0.8168753205052995,-0.0377116919901274,2.4140660500764266,10.0,0.7672878112852128,False,stability_or_viability_filter,1,2022-09-29,2024-10-01
stock_peer_groups,semiconductors,NVDA/NXPI,NVDA,NXPI,1.0,0.9491925642832356,0.1580846258291954,0.055478027800617,3.550664770078555,-14.901797327312511,0.9572101206330258,0.0437323498393494,15.849758430686167,0.0268933353293813,0.066140164138258,32.0,44.0,5.5715573248490393e-14,0.2207174921361025,504.0,32.0,3.0,0.8870251985818447,0.012970199519352,0.0,0.3333333333333333,1.0,0.1540361327487623,1.0,1.4520044591899628,0.1058914951104784,0.5778338168010799,13.0,0.3072987333541443,-0.1305035940921095,1.4573990726521928,26.0,0.7467985804368112,False,stability_or_viability_filter,1,2022-09-29,2024-10-01
stock_peer_groups,money_center_banks,C/WFC,C,WFC,1.0,0.9408952075593808,0.3340426605946152,0.1480849694491448,0.9629066833366235,0.1881944765441316,0.9771064375944292,0.0231596895831421,29.92903588243616,0.0089627681818412,0.0120593000949542,60.0,27.0,8.881784197001252e-16,0.0559705474867837,504.0,60.0,3.0,0.7607810420950862,0.2344410912924575,0.3333333333333333,0.3333333333333333,1.0,0.3672513187590809,1.0,1.1952302282603515,0.2222563842683296,0.6179696220969386,10.0,0.1340034278449352,-0.1174386611701473,1.1598226549531596,20.0,0.7460612690213368,False,stability_or_viability_filter,1,2022-09-29,2024-10-01
etf_peer_groups,us_growth_technology,QQQ/XLK,QQQ,XLK,1.0,0.9980690674489212,0.0209317164317794,0.0048334945505543,0.9679253329397866,1.6018547777892964,0.949708642078302,0.0516000339764844,13.43307604944276,-0.000463043096765,0.0035504460169233,27.0,43.0,3.1398164491660973e-14,0.0119247994098643,504.0,27.0,3.0,0.9943146369095393,0.0013407633964315,0.0,1.0,1.0,0.0194876890439142,1.0,1.3208536316151036,0.0425932209929045,0.7443193371280943,9.0,-0.492239916203689,-0.0179632444574074,0.4973967947808835,18.0,0.745353189436585,False,stability_or_viability_filter,1,2022-09-29,2024-10-01
stock_peer_groups,enterprise_software,ADSK/CRM,CRM,ADSK,1.0,0.7651882304533663,0.4530178413087163,0.2277083796499622,1.7367367577688189,-4.001843552122255,0.9783412420198232,0.0218967515844479,31.65525159687376,0.0018873011321044,0.0306312594573703,63.0,26.0,-5.4982473600483945e-15,0.1486270014170369,504.0,63.0,3.0,0.6740198648601611,0.2421247618220273,0.3333333333333333,0.3333333333333333,1.0,0.1894487247781861,1.0,1.286352783947706,0.1756748048609273,0.6009374857289476,8.0,0.1587890839882387,-0.0753483167056366,1.2547038137506594,16.0,0.7374910390147162,False,stability_or_viability_filter,1,2022-09-29,2024-10-01
stock_peer_groups,semiconductors,ADI/NXPI,ADI,NXPI,1.0,0.8950528386353871,0.4929764871666699,0.2589433781262404,0.6225289317165836,1.9107189571360244,0.9828921556084572,0.0172558743057233,40.16876619981204,0.0229008467864009,0.0107638794235547,80.0,28.0,1.7529187977692752e-14,0.0581563676780346,504.0,80.0,3.0,0.7715751765512874,0.0992517550603433,0.0,0.3333333333333333,1.0,0.3698345787271874,1.0,1.1261110622259751,0.1703744515098408,0.5425230156535045,8.0,0.3685471885914873,-0.0393930861197788,1.6887062283824603,15.0,0.7322404053613506,False,stability_or_viability_filter,1,2022-09-29,2024-10-01
stock_peer_groups,semiconductors,MCHP/NXPI,MCHP,NXPI,1.0,0.8519485482111391,0.0991968818025584,0.0308624851816314,0.5022810394394396,1.6733176325454462,0.9655924983944578,0.035013378083117,19.79663827107761,0.0017853368768682,0.0146099011809587,40.0,32.0,-9.24304724469674e-16,0.0578821439268374,504.0,40.0,3.0,0.8221312156894361,0.0674054085953002,0.0,0.3333333333333333,1.0,0.2743597227979113,1.0,1.3855243900792336,0.1567577538065409,0.5565236952083716,11.0,0.2695170185147991,-0.0703641069905439,1.4174711368092292,22.0,0.7178248048260529,False,stability_or_viability_filter,1,2022-09-29,2024-10-01
stock_peer_groups,payments_credit,MA/V,V,MA,1.0,0.9832512052894,0.1316260224666028,0.0440310977252079,0.8879385260342846,0.161196741045638,0.9616337481391662,0.0391216199984372,17.71775250073064,-0.0024480184735911,0.0062053963444636,35.0,40.0,-4.19276606379075e-14,0.0211406807556609,504.0,35.0,3.0,0.9572306683606912,0.0216986583651443,0.0,0.3333333333333333,1.0,0.0877397038766756,1.0,1.0736898529476715,0.0446672155192368,0.6015076122049158,15.0,0.0664857267479538,-0.0328757415202265,1.0909857045283728,29.0,0.7160297564435275,False,stability_or_viability_filter,1,2022-09-29,2024-10-01
etf_peer_groups,short_treasuries,SCHO/SHY,SHY,SCHO,1.0,0.9999450036429616,0.006849342632313,0.0013529211620853,0.9731556338951824,1.3104745305285888,0.4936048061218915,0.7060200695625688,0.9817669644850192,4.1752961919481673e-07,0.0002114532493538,20.0,54.0,-1.850371707708594e-14,0.0002430894908375,504.0,20.0,3.0,0.9997798573776736,0.0001380850167741,0.6666666666666666,1.0,0.0,0.0033497730902266,1.0,1.1277385982733328,0.0153557969549261,0.8150760513155924,21.0,-4.548156657483921,-0.0379706040644778,0.0,42.0,0.7150760513155923,False,stability_or_viability_filter,1,2022-09-29,2024-10-01
stock_peer_groups,money_center_banks,JPM/WFC,JPM,WFC,1.0,0.8997730151477121,0.2094417910594042,0.0791481226439509,1.0941687653009735,0.8615042622801588,0.9816210794851188,0.0185499111979198,37.366603708467984,0.0342448638263003,0.0131954846014682,75.0,18.0,-3.623204029570352e-15,0.0856838075776771,504.0,75.0,3.0,0.7390450321131272,0.3000020613034346,0.3333333333333333,0.6666666666666666,1.0,0.3134103749097738,1.0,1.1141936138902082,0.2171589913922037,0.6797120255557281,11.0,-0.3579971237501649,-0.0868104981005298,0.7200522209789385,22.0,0.7120150680421502,False,stability_or_viability_filter,1,2022-09-29,2024-10-01
stock_peer_groups,enterprise_software,MSFT/NOW,MSFT,NOW,1.0,0.9681932212315336,0.0608748213925383,0.0170889853020198,0.8038076312289241,1.9659879315665965,0.9565133704754102,0.0444605116575417,15.590175522471014,-0.0027053125270237,0.016328512297261,31.0,33.0,3.7777541236332515e-14,0.0546532259263625,504.0,31.0,3.0,0.9074790945405076,0.0609919037043085,0.3333333333333333,0.0,1.0,0.1697001547914624,1.0,1.582683788350733,0.141639995982005,0.5960391073702597,14.0,0.0569335357857259,-0.0633734954168178,1.0884340196360365,28.0,0.7090008387199204,False,stability_or_viability_filter,1,2022-09-29,2024-10-01
stock_peer_groups,large_pharma,LLY/MRK,MRK,LLY,1.0,0.7515223806865908,0.1297365800528644,0.0429319588708694,0.2082123546319628,3.330227086766392,0.976196960255314,0.0240909093883591,28.77214676233346,0.0105663243330556,0.0119890152670987,58.0,32.0,7.0490350769851205e-16,0.0657192646769306,504.0,58.0,3.0,0.5205966792538012,0.1300161563018728,0.3333333333333333,0.3333333333333333,0.6666666666666666,0.4581702038060757,1.0,1.264405880993936,0.2254405512575313,0.5242717813543638,8.0,0.2925030850001069,-0.117102514711803,1.3932891115876915,16.0,0.6878116996837644,False,stability_or_viability_filter,1,2022-09-29,2024-10-01
stock_peer_groups,payments_credit,AXP/COF,AXP,COF,1.0,0.9431735803870432,0.2658887349352404,0.1091300520989939,1.0734466255521256,0.1268842449920899,0.9724065005806952,0.0279813514733579,24.771754903258188,0.0118714937339755,0.0161962477507264,50.0,26.0,-3.79942990649498e-14,0.0664030795473894,504.0,50.0,3.0,0.8619000415420351,0.1000801986301393,0.0,0.0,1.0,0.2965008056340451,1.0,1.371177249771479,0.1734355847293369,0.4981314519125751,14.0,0.4326143056762159,-0.082167976621552,1.4206013010774408,27.0,0.6840536628178796,False,stability_or_viability_filter,1,2022-09-29,2024-10-01
stock_peer_groups,semiconductors,AVGO/QCOM,QCOM,AVGO,1.0,0.8456693142198916,0.6361006154077569,0.3877973122129962,0.4401452170989094,2.8858343056771263,0.9863749440666082,0.0137187288469507,50.525612707478224,-0.0264906753141532,0.0181729348958465,90.0,25.0,2.763221750178168e-15,0.1141376668889991,504.0,90.0,3.0,0.6076752052123605,0.3861801065787905,0.3333333333333333,0.6666666666666666,1.0,0.7094435254227488,1.0,1.3976067246041473,0.4093864022898628,0.6276468277407704,8.0,-0.2698253832358664,-0.3379152890472998,0.8594370709521504,16.0,0.6801448738029979,False,stability_or_viability_filter,1,2022-09-29,2024-10-01
stock_peer_groups,mega_cap_platforms,GOOGL/MSFT,MSFT,GOOGL,1.0,0.9580725692869464,0.1343594096114915,0.0449937366183111,0.9677652658767588,1.1047715463826382,0.9689419121834588,0.0315506150353141,21.969371430132707,0.004204541182359,0.0149997533593241,44.0,28.0,-7.221736436371257e-15,0.062587212316799,504.0,44.0,3.0,0.8442413116466577,0.0539589075030369,0.3333333333333333,0.3333333333333333,1.0,0.1793208981994358,1.0,1.4204683254214037,0.124478638058758,0.6486124641057885,9.0,-0.3856440335186387,-0.0901425186999129,0.7072801998476341,18.0,0.6761298690703744,False,stability_or_viability_filter,1,2022-09-29,2024-10-01
stock_peer_groups,railroads,CSX/UNP,UNP,CSX,1.0,0.8539257024755301,0.3092804083813818,0.1329378811617067,1.0610391813513878,1.681243879044092,0.9727619464169088,0.0276158861166496,25.099581365308666,-0.0020173954355168,0.0115784548811528,50.0,35.0,-5.3179682879545e-14,0.0512002018750264,504.0,50.0,3.0,0.7247442580318998,0.1473728792154568,0.0,0.3333333333333333,1.0,0.2601622206502574,1.0,1.546142400769242,0.1965275222629316,0.5281999789483485,9.0,0.1840118099183819,-0.0436587957892996,1.2374277474142423,18.0,0.6676731378068179,False,stability_or_viability_filter,1,2022-09-29,2024-10-01
etf_peer_groups,emerging_markets,IEMG/VWO,VWO,IEMG,1.0,0.9966344852310732,0.9030022148102236,0.756687177721689,0.9343600399555502,0.0599415343374928,0.9871495979265013,0.012933682719381,53.59240640109957,0.0023192294122801,0.0013952085385717,90.0,27.0,1.1919037185797215e-14,0.0056122316702866,504.0,90.0,3.0,0.9962229631430872,0.0007281329553941,0.3333333333333333,0.6666666666666666,1.0,0.0534336184171649,1.0,1.135904150741279,0.0331543783176618,0.7624069696206722,15.0,-1.665400190400221,-0.0228349160226413,0.0522553387201229,30.0,0.6650197365566783,False,stability_or_viability_filter,1,2022-09-29,2024-10-01
stock_peer_groups,enterprise_software,INTU/MSFT,MSFT,INTU,1.0,0.9476919428987556,0.2149774795349707,0.0820075232980834,1.0583989865348244,-0.7911956381741962,0.9680155560636012,0.0325071215210486,21.32293319515008,0.007720710988321,0.0173775824685693,43.0,28.0,-6.799146783506e-14,0.0697214675560902,504.0,43.0,3.0,0.8416858466525791,0.0338328415174413,0.0,0.0,1.0,0.2266979397428552,1.0,1.546823639880578,0.1476017759623853,0.4956612840669062,12.0,0.2706917584801882,-0.0597128460522734,1.3209338418141836,23.0,0.6523117399296436,False,stability_or_viability_filter,1,2022-09-29,2024-10-01
etf_peer_groups,broad_us_equity,IVV/SPY,SPY,IVV,1.0,0.9999985855240856,0.137748411543202,0.0463099260030745,0.9959155384511914,0.022365649018562,0.3206245515462457,1.1374844617442543,0.6093684827105695,9.372189557901872e-07,0.0002144466852545,20.0,53.0,-8.904341109247606e-14,0.0002267513589682,504.0,20.0,3.0,0.9999956176596264,1.2757768121224495e-06,0.6666666666666666,0.6666666666666666,0.0,0.0004256515084796,1.0,1.128423732934929,0.0144116127545337,0.7485577431394532,19.0,-4.317040758220847,-0.0340628763886607,0.0,37.0,0.6485577431394531,False,stability_or_viability_filter,1,2022-09-29,2024-10-01
etf_peer_groups,broad_us_equity,SCHB/VTI,VTI,SCHB,1.0,0.999993281974648,0.0250214644868396,0.0059723741718677,0.9954757585258136,2.560294197389421,0.327922242694613,1.1149787636577797,0.6216685045067754,-1.6882302595466284e-06,0.0004509021938456,20.0,65.0,-2.3455664218667992e-14,0.000478195556129,504.0,20.0,3.0,0.9999839027541152,9.071747793178217e-06,0.6666666666666666,0.6666666666666666,0.0,0.0023842658603299,1.0,1.5010247743390353,0.0564671985737116,0.7443492558311575,25.0,-4.714792197300397,-0.0412612970303564,0.0,49.0,0.6443492558311574,False,stability_or_viability_filter,1,2022-09-29,2024-10-01
stock_peer_groups,mega_cap_platforms,META/MSFT,MSFT,META,1.0,0.9785123697274354,0.0687673940470169,0.0198339171855653,0.4236868665874311,3.39322294270675,0.953393152281022,0.0477279186569432,14.5228872338247,-0.0008700022408546,0.013736859772432,29.0,44.0,1.851781514723991e-14,0.045038688721599,504.0,29.0,3.0,0.9318113293078714,0.0254584497695531,0.0,0.0,1.0,0.0862013703632917,1.0,1.5457238630567989,0.0978559248283703,0.5231672398441307,13.0,0.0641503961433232,-0.0713818008767762,1.099499888151179,26.0,0.6377647936731882,False,stability_or_viability_filter,1,2022-09-29,2024-10-01
stock_peer_groups,semiconductors,AMD/QCOM,AMD,QCOM,1.0,0.7789937674797242,0.5811283258288013,0.3338231989114714,1.220787478933858,-1.1913230330368685,0.9888298985494628,0.0112329555296737,61.70657212421761,0.0722780785443473,0.0277319880167699,90.0,16.0,-3.0592812234115423e-14,0.2101461602562247,504.0,90.0,3.0,0.5869361536080224,0.352961815505302,0.3333333333333333,0.3333333333333333,0.6666666666666666,0.5436312165016186,1.0,1.214168873654078,0.3226608855194267,0.5311346165167296,10.0,-0.0055400103284152,-0.3277654740488739,1.088266719772694,19.0,0.6347169509561019,False,stability_or_viability_filter,1,2022-09-29,2024-10-01
stock_peer_groups,payments_credit,AXP/SYF,AXP,SYF,1.0,0.9323059660568124,0.2707829354983445,0.1116047852813668,1.0196415947553104,1.5711729880922345,0.9743902728606006,0.0259433647727598,26.717705534007685,0.0075922960208492,0.0164672413283799,53.0,36.0,-3.278682440182704e-14,0.0722720577466655,504.0,53.0,3.0,0.7647858023668164,0.2721208617128162,0.0,0.3333333333333333,1.0,0.4025640132317801,1.0,1.158865814536759,0.2425467154856164,0.533608445709809,13.0,-0.0056416753746877,-0.1279655575853604,1.0244734965771127,25.0,0.6339858692324615,False,stability_or_viability_filter,1,2022-09-29,2024-10-01
stock_peer_groups,mega_cap_platforms,GOOGL/META,GOOGL,META,1.0,0.9408320253488456,0.2471635971920475,0.0988994837856897,0.4032915748007381,2.5601932072430813,0.9740954488185152,0.0262459834073796,26.40964789930676,-0.0031331882114719,0.0165354610117838,53.0,22.0,-6.576749726827118e-15,0.0732803936035224,504.0,53.0,3.0,0.8238038223523048,0.0668048767967942,0.0,0.3333333333333333,1.0,0.1009188600986685,1.0,1.138957272476968,0.0713476092403729,0.5654828613307055,11.0,-0.1874187183294635,-0.1841444334269136,0.9015310163989186,22.0,0.6324466044012319,False,stability_or_viability_filter,1,2022-09-29,2024-10-01
stock_peer_groups,big_box_retail,COST/WMT,WMT,COST,1.0,0.9409219925988788,0.8037739000483332,0.5939692068076423,0.6375060591750098,-0.0919289803809647,0.9879743368115934,0.0120985564586736,57.29172591189723,0.0379182161702733,0.0102228833900759,90.0,19.0,-2.311114262928034e-14,0.0526629032192033,504.0,90.0,3.0,0.8551061576816507,0.0322048228981659,0.0,0.3333333333333333,0.6666666666666666,0.3493714200963498,1.0,1.409688254309092,0.1727129981436266,0.5298385729393834,9.0,0.007798514639186,-0.0512097223038683,1.0285490708280585,17.0,0.6324358036766643,False,stability_or_viability_filter,1,2022-09-29,2024-10-01
stock_peer_groups,enterprise_software,CRM/MSFT,MSFT,CRM,1.0,0.9372846730431372,0.1822121980344033,0.0662647610917232,0.8868523744473495,1.041977483594931,0.9702271631809756,0.0302250460562694,22.93287425499786,0.0027291567935831,0.0184872635488171,46.0,29.0,3.2790348919365534e-14,0.0761387352008649,504.0,46.0,3.0,0.825515545705171,0.1484550788891501,0.3333333333333333,0.6666666666666666,1.0,0.2146296722556605,1.0,1.4469042812667563,0.1706842816334653,0.7059771249296128,10.0,-0.938749269851643,-0.1518617828113627,0.3234277808564327,19.0,0.631336123494688,False,stability_or_viability_filter,1,2022-09-29,2024-10-01
stock_peer_groups,managed_care,CI/HUM,CI,HUM,1.0,-0.7575743937216013,0.0459560482530939,0.0122029915310949,-0.4822766496831395,8.587710862780815,0.9554648150528398,0.0455573395770519,15.214830079961391,-0.0005118455626199,0.0213247730051659,30.0,41.0,1.4859365942284636e-14,0.0719802453020481,504.0,30.0,3.0,0.6240970490333683,0.2869535035060442,0.6666666666666666,0.6666666666666666,1.0,0.8756245593513751,0.6666666666666666,1.8357545841433816,0.4803876414128489,0.6746521647837238,10.0,-0.7914896400507248,-0.1640543585386483,0.4629315135893017,20.0,0.6290752944555801,False,stability_or_viability_filter,1,2022-09-29,2024-10-01
etf_peer_groups,us_growth_technology,IYW/VGT,VGT,IYW,1.0,0.9983731080847522,0.0798527244706151,0.0237046562548165,0.8477584001458129,0.0148843598810523,0.9701922647789144,0.0302610160136528,22.90561494191799,0.0019244304529564,0.0026172072067911,46.0,32.0,-3.8529144601416047e-14,0.0110785873924917,504.0,46.0,3.0,0.9966051285673404,0.0015356670437539,0.0,0.6666666666666666,1.0,0.0523593897609592,1.0,1.380345310262194,0.060225608964037,0.6764620545787647,9.0,-0.7559330785663503,-0.0287633248426154,0.3181694202497543,18.0,0.6289805638062999,False,stability_or_viability_filter,1,2022-09-29,2024-10-01
stock_peer_groups,semiconductors,ADI/TXN,TXN,ADI,1.0,0.8442705228501363,0.487036234680496,0.2536392177468747,0.6172460141561347,1.868428721109204,0.9829829580784082,0.017163495629801,40.38496559852485,-0.0002855209771491,0.0093642217202042,81.0,24.0,-7.017314419138688e-15,0.0510946768325695,504.0,81.0,3.0,0.8209389656155444,0.1027710476844417,0.0,0.6666666666666666,1.0,0.3651642692887922,1.0,1.266988795407322,0.1856438607030026,0.6200036886669191,8.0,-0.4811843410945812,-0.115652242115155,0.6127005901927365,15.0,0.6284610670123687,False,stability_or_viability_filter,1,2022-09-29,2024-10-01
stock_peer_groups,semiconductors,MU/NVDA,NVDA,MU,1.0,0.914413349363956,0.5604645247992744,0.3155031672641381,2.2120620871129537,-5.765167033006225,0.9851507703843656,0.0149605831434446,46.3315616720238,0.0918655742023869,0.048726274323871,90.0,17.0,7.524844944681616e-15,0.283900798619546,504.0,90.0,3.0,0.8617737559393555,0.0290151988754652,0.3333333333333333,0.3333333333333333,0.6666666666666666,0.4836434334801208,1.0,2.439444010676229,0.3308244341936652,0.599027662232139,3.0,-0.0486585899570174,-0.1212806907155851,0.9514691922685934,6.0,0.6268023333520161,False,stability_or_viability_filter,1,2022-09-29,2024-10-01
stock_peer_groups,payments_credit,AXP/V,V,AXP,1.0,0.8528361040477449,0.191078034355329,0.0701859896654938,0.4950472210509716,2.910653052763361,0.9798947452060324,0.020310115936606,34.12817448819423,0.0104533726316396,0.0100119609507491,68.0,29.0,2.3896228910979558e-15,0.0605699849148363,504.0,68.0,3.0,0.7976176046100335,0.0753662441836946,0.0,0.3333333333333333,1.0,0.3993095549051453,1.0,1.2054155362945755,0.1810492148401217,0.5479661463351629,7.0,-0.0643120652363926,-0.0682219660559352,0.9353982993435394,14.0,0.622589251516881,False,stability_or_viability_filter,1,2022-09-29,2024-10-01
stock_peer_groups,semiconductors,AMD/AVGO,AMD,AVGO,1.0,0.9375494936720278,0.3678106843071697,0.1691427185063345,0.764708119766576,1.313454325987826,0.9775450235229208,0.0227109283133437,30.520424836737707,-0.0106851013131963,0.0253653725833896,61.0,34.0,2.2909364000201644e-14,0.1165806224162845,504.0,61.0,3.0,0.8466332874833519,0.1137188595673709,0.0,0.0,1.0,0.2221830432400444,1.0,1.0585902373092455,0.1184773273034991,0.499810589140488,9.0,0.0683557167200019,-0.1067557675380653,1.140657635285687,18.0,0.6170968284127727,False,stability_or_viability_filter,1,2022-09-29,2024-10-01
stock_peer_groups,semiconductors,AVGO/NXPI,AVGO,NXPI,1.0,0.9519639343872596,0.1348141763395111,0.045415964922494,2.0862223047387998,-6.515397061281594,0.9615135051291414,0.0392466681558024,17.66130000662149,0.0189089541861214,0.0371751701293797,35.0,35.0,2.1714552554652663e-14,0.1258201203949373,504.0,35.0,3.0,0.8979316304512911,0.026689535547664,0.0,0.3333333333333333,1.0,0.0752119147810359,1.0,1.0929251630900492,0.0442921682306832,0.5867203574564211,13.0,-0.3644984859462829,-0.1011005813102576,0.6558661347995034,26.0,0.6148388913044538,False,stability_or_viability_filter,1,2022-09-29,2024-10-01
stock_peer_groups,money_center_banks,C/JPM,JPM,C,1.0,0.9030593652575784,0.3630323985666462,0.1638056045377601,1.073061726912832,0.8900571003845508,0.984031390910424,0.0160974811069884,43.05935667531407,0.0283828499052648,0.0122558085072712,86.0,22.0,-6.6296174899045055e-15,0.0843402074219804,504.0,86.0,3.0,0.7110292653457951,0.2697191310865874,0.0,0.3333333333333333,1.0,0.2231321163751634,1.0,1.1946812674636784,0.1859150010943256,0.5258324828936829,10.0,-0.0909050561007868,-0.074406452301558,0.9371829785112016,20.0,0.6090558734041249,False,stability_or_viability_filter,1,2022-09-29,2024-10-01
stock_peer_groups,oilfield_services,HAL/SLB,SLB,HAL,1.0,0.903517245324188,0.2753114615494045,0.1138068215947348,0.8441176717739265,0.8902561261798543,0.9643906116723954,0.0362588676121825,19.116625151499655,0.001554992310902,0.0112408680255929,38.0,39.0,1.1054649259481916e-14,0.0428346096460188,504.0,38.0,3.0,0.9327419101284372,0.0185432772993944,0.0,0.3333333333333333,1.0,0.0168631350273654,1.0,1.0959276803089464,0.0224607685876917,0.5976060673400068,10.0,-0.4611824815217168,-0.0607409806993199,0.5845452300970034,19.0,0.6076559566165994,False,stability_or_viability_filter,1,2022-09-29,2024-10-01
stock_peer_groups,semiconductors,ADI/AVGO,AVGO,ADI,1.0,0.8749491249300538,0.5632690732558366,0.3178583402208548,2.756842939918025,-9.83319531670355,0.9759122540627052,0.024382600234895,28.427943446652996,0.0001086377716983,0.0434548464268483,57.0,22.0,-4.060244204343429e-15,0.198961294886741,504.0,57.0,3.0,0.7260206813628521,0.179201744840807,0.0,0.3333333333333333,1.0,0.063393515050711,1.0,1.1221110894997413,0.0944329854638106,0.5387285384609987,6.0,-0.0416735023441189,-0.070664897787218,0.981540153168743,12.0,0.6065545207678179,False,stability_or_viability_filter,1,2022-09-29,2024-10-01
etf_peer_groups,broad_us_equity,VOO/VTI,VOO,VTI,1.0,0.999575961799616,0.0967288810820162,0.0299479709005087,1.0371617918446183,0.4141662626453575,0.9566322715251416,0.0443362126525164,15.63388343502552,-3.138777112087871e-05,0.0011497755372341,31.0,35.0,1.0925475691696165e-13,0.0039416004519978,504.0,31.0,3.0,0.9989632006107394,0.0005402653098848,0.3333333333333333,0.3333333333333333,1.0,0.0204075298616871,1.0,1.3959503416665442,0.0509770807979177,0.6946430920728931,13.0,-1.5751025158375,-0.0199204259336638,0.1469328221850242,26.0,0.6019897331821442,False,stability_or_viability_filter,1,2022-09-29,2024-10-01
stock_peer_groups,semiconductors,AMD/MU,AMD,MU,1.0,0.8717674355155456,0.5146771240805232,0.2758733504468525,1.007724089162879,0.3764446865320252,0.9843647380844196,0.0157587818256072,43.98481990743832,0.0250448447390601,0.028405790115177,88.0,18.0,-2.3219521543588988e-14,0.1641939280230102,504.0,88.0,3.0,0.8053933268161358,0.1109370983474394,0.0,0.3333333333333333,1.0,0.474958645448902,1.0,1.5669107240400155,0.2582886617143378,0.5421861321992668,6.0,-0.096453321548673,-0.1022958741774471,0.9442339618877792,12.0,0.5999298320613548,False,stability_or_viability_filter,1,2022-09-29,2024-10-01
etf_peer_groups,broad_us_equity,SCHB/VOO,VOO,SCHB,1.0,0.999600504837584,0.0666160571088407,0.0190224749130447,1.0325017085090449,3.0695139971624705,0.959566218846268,0.0412739520061255,16.79381660513329,-4.090507900838437e-05,0.0010773933899722,34.0,32.0,-1.514485186290253e-14,0.0038258552564926,504.0,34.0,3.0,0.9990062174438528,0.0004794188262943,0.3333333333333333,0.3333333333333333,1.0,0.0183781202350816,1.0,1.2730260673313982,0.0366220760572806,0.6960893467552351,12.0,-2.030965980928639,-0.0229992723904834,0.0334484389274548,23.0,0.5977617687016078,False,stability_or_viability_filter,1,2022-09-29,2024-10-01
etf_peer_groups,broad_us_equity,SCHB/SPY,SPY,SCHB,1.0,0.9996079705150857,0.0848211408946201,0.0254986315513932,1.028324408654089,3.1677906445341684,0.9620371182570432,0.0387022445940112,17.909741097217992,-4.418238917307733e-05,0.0010308339553604,36.0,31.0,-5.4316339785708856e-14,0.0037745838000101,504.0,36.0,3.0,0.9990279570499532,0.0004867420443608,0.3333333333333333,0.3333333333333333,1.0,0.0187923370914093,1.0,1.2567883993021898,0.0349584040788333,0.696261148854605,12.0,-2.102399934961647,-0.0222925248426353,0.0244294728689617,23.0,0.5974826224980531,False,stability_or_viability_filter,1,2022-09-29,2024-10-01
etf_peer_groups,broad_us_equity,SPY/VTI,SPY,VTI,1.0,0.99958291946341,0.1066423360359883,0.0337721357090514,1.0329651134144793,0.5231887527663512,0.958006949929966,0.0429002464134096,16.157184130841816,-3.29978306536026e-05,0.0011181761875037,32.0,34.0,1.5537835568444454e-14,0.0038932917280228,504.0,32.0,3.0,0.9989833678124884,0.0005473068787984,0.3333333333333333,0.3333333333333333,1.0,0.0208043536802627,1.0,1.367089402465524,0.0479049315714119,0.6949553487959809,13.0,-2.123662712996809,-0.0245003363653214,0.0195528006175287,25.0,0.5959329888268573,False,stability_or_viability_filter,1,2022-09-29,2024-10-01
stock_peer_groups,industrial_machinery,CAT/CMI,CAT,CMI,1.0,0.8836114504185427,0.3258880872909769,0.1426208194892844,1.5146165369246636,-2.706279943309152,0.9779250231493648,0.0223222753325692,31.051815741588378,0.0103033743966165,0.0183813361202076,62.0,38.0,5.4911983249714095e-14,0.0944673046250461,504.0,62.0,3.0,0.8086476749034239,0.1240695036097866,0.0,0.0,1.0,0.1539085729614364,1.0,1.2015330802995488,0.115051923334802,0.4906567263923757,8.0,-0.0027302278286612,-0.0632618424769251,1.0136641673783189,16.0,0.5909304005869924,False,stability_or_viability_filter,1,2022-09-29,2024-10-01
etf_peer_groups,us_real_estate,IYR/SCHH,SCHH,IYR,1.0,0.998469952630796,0.2947121305129044,0.1248137201077548,1.0074166541934044,-1.530607949741594,0.953944292734348,0.0471500025990312,14.700893793252655,-2.948290526285285e-05,0.0011896974295183,29.0,49.0,3.555004615200521e-14,0.0039703721432457,504.0,29.0,3.0,0.9970714400830198,0.0023904756823419,0.0,0.6666666666666666,1.0,0.02051409248887,1.0,1.0795922629378834,0.0164784408279465,0.6809533492712936,15.0,-1.6416395965235058,-0.0187847675858073,0.0,29.0,0.5809533492712935,False,stability_or_viability_filter,1,2022-09-29,2024-10-01
etf_peer_groups,financial_equity,KBE/XLF,XLF,KBE,1.0,0.7820429313624611,0.2901754842930924,0.1213552337520571,0.680438564785858,1.0454667171103835,0.9893054156669572,0.0107521824266042,64.46571989374759,0.0522312182260741,0.0070050065252962,90.0,12.0,1.7485131508461593e-14,0.0724918448087616,504.0,90.0,3.0,0.8048923542916581,0.1874186874803031,0.3333333333333333,0.3333333333333333,1.0,0.4529573964208182,1.0,1.08504844840724,0.2229085222345116,0.6289322363494633,13.0,-0.8890053532192727,-0.1324612528100066,0.6173818010024504,26.0,0.5764505234166949,False,stability_or_viability_filter,1,2022-09-29,2024-10-01
etf_peer_groups,broad_us_equity,SPY/VOO,SPY,VOO,1.0,0.9999987893501368,0.0156433778093022,0.0034793237932005,0.995945551565484,0.1107471497649392,0.2079201912390044,1.5706009688772762,0.4413260874628344,3.1978881676556804e-07,0.0002052721438655,20.0,60.0,-9.950946592302972e-14,0.0002097787151084,504.0,20.0,3.0,0.9999962947476996,1.0122221696704737e-06,0.3333333333333333,0.6666666666666666,0.0,0.0005182559899048,1.0,1.1092641077176335,0.0123135458170952,0.665434385771882,18.0,-4.119007844389841,-0.0318736590682025,0.0,35.0,0.5654343857718819,False,stability_or_viability_filter,1,2022-09-29,2024-10-01
stock_peer_groups,mega_cap_platforms,AAPL/MSFT,AAPL,MSFT,1.0,0.8783059275099278,0.6953936830202275,0.4538595860865055,0.5897526465736745,1.741897737737727,0.9868154401333848,0.0132722477799221,52.22530441365897,0.0187694921062245,0.012473321721839,90.0,20.0,2.973987898980022e-14,0.0701235757041601,504.0,90.0,3.0,0.6523528883196922,0.2184504705799944,0.3333333333333333,0.3333333333333333,0.6666666666666666,0.4392462139166991,1.0,1.1737485154156424,0.2385376187673026,0.5559011268698594,8.0,-0.4776221014078263,-0.1075631908215715,0.5754774690223171,16.0,0.5630316851098013,False,stability_or_viability_filter,1,2022-09-29,2024-10-01
stock_peer_groups,semiconductors,NXPI/QCOM,QCOM,NXPI,1.0,0.8866444551484373,0.4932653301935447,0.2584475266559227,1.0113116408273335,-0.4723229109409717,0.9843873910207428,0.0157357693437519,44.04914468545944,-0.0076968844005383,0.0167380003656483,88.0,22.0,2.862084467132884e-14,0.0988990951258933,504.0,88.0,3.0,0.7117560275115142,0.2610272195302365,0.3333333333333333,0.6666666666666666,1.0,0.5958452111901917,1.0,1.2612526032761109,0.314652210604155,0.6631404524841297,7.0,-1.0447049314121353,-0.2998135794279977,0.1922983235555276,14.0,0.5602553686619061,False,stability_or_viability_filter,1,2022-09-29,2024-10-01
etf_peer_groups,emerging_markets,EEM/IEMG,EEM,IEMG,1.0,0.994335940654751,0.5412567494314087,0.299368083226354,0.9147873852690692,0.1205841798810014,0.982151148165604,0.0180100637696948,38.4866588715965,0.0012160624731068,0.0014064714075082,77.0,25.0,3.605845780693276e-14,0.0071405603648028,504.0,77.0,3.0,0.991446865263328,0.0067506844418169,0.3333333333333333,0.3333333333333333,0.6666666666666666,0.0221449304140745,1.0,1.385840672228709,0.0525030574218204,0.6592780772403166,10.0,-1.9872059419680987,-0.0185254525345468,0.0,19.0,0.5592780772403165,False,stability_or_viability_filter,1,2022-09-29,2024-10-01
stock_peer_groups,enterprise_software,ADBE/NOW,ADBE,NOW,1.0,0.8652803120117855,0.6710623836355507,0.4254896627209191,0.7444655834619794,2.5885359426500987,0.9880229283292596,0.0120493746925516,57.5255727575983,-0.0015594032228519,0.01773940914566,90.0,15.0,-2.9322223661488854e-14,0.1134768820574329,504.0,90.0,3.0,0.5855927445181281,0.4174131791086966,0.3333333333333333,0.3333333333333333,0.6666666666666666,0.7518775913904732,0.6666666666666666,1.3608672548181564,0.4298599518128517,0.4867455242815801,8.0,-0.1712242426061715,-0.1628948615942486,0.8601503054698798,16.0,0.5540694031641483,False,stability_or_viability_filter,1,2022-09-29,2024-10-01
stock_peer_groups,payments_credit,COF/MA,MA,COF,1.0,0.8516418285730882,0.0543914803096694,0.0147254351069413,0.6230292680736258,3.0517328269570383,0.9726284844437412,0.0277530945363683,24.975491639378376,0.018402105015915,0.0129942433731325,50.0,33.0,-1.720669462292068e-14,0.0673215551889623,504.0,50.0,3.0,0.7073203616423683,0.2179045268702895,0.0,0.0,1.0,0.0504155929714377,1.0,1.0110260818880643,0.0906651601570273,0.4677635743948893,11.0,-0.0723882118472838,-0.0588795915604775,0.936139219303887,21.0,0.5537123035829912,False,stability_or_viability_filter,1,2022-09-29,2024-10-01
stock_peer_groups,capital_markets,GS/MS,GS,MS,1.0,0.8908202043187373,0.249506776806385,0.1001302932794627,1.492052906384606,-0.7110477767478602,0.97424467857013,0.0260927968566241,26.56469463080866,0.0036738288566524,0.0166541259719903,53.0,25.0,-2.615544465315329e-14,0.0740714921156152,504.0,53.0,3.0,0.8245428212026801,0.1040467697906647,0.3333333333333333,0.3333333333333333,1.0,0.2590710908405668,1.0,1.3628444446201242,0.1613553362793132,0.6400001716727387,15.0,-1.1765094049299336,-0.1163134242477929,0.2302172754217464,30.0,0.551511035443826,False,stability_or_viability_filter,1,2022-09-29,2024-10-01
stock_peer_groups,enterprise_software,NOW/ORCL,ORCL,NOW,1.0,0.9029826418689496,0.1624821079951656,0.0569816291764778,0.7254857325343957,1.18641974836272,0.9708799170604424,0.0295524876892255,23.45478282062385,0.029939784619439,0.0194996473437159,47.0,27.0,-8.760188341923258e-15,0.0908288077960609,504.0,47.0,3.0,0.7527642413457194,0.141550031432118,0.3333333333333333,0.3333333333333333,1.0,0.4581628947691981,1.0,1.3246227550933012,0.2359735037441388,0.614593709962016,10.0,-0.8783316135940796,-0.1892661551286513,0.3570042504015757,19.0,0.5506941804429828,False,stability_or_viability_filter,1,2022-09-29,2024-10-01
etf_peer_groups,us_growth_technology,VGT/XLK,XLK,VGT,1.0,0.998062555560582,0.9214201226135206,0.7928702913965389,1.01688545404367,0.3823236903422338,0.9916452103954272,0.0083898864806306,82.61699156003904,-0.003080834872387,0.0018537652014033,90.0,22.0,-1.0145323734550835e-14,0.0123168652659109,504.0,90.0,3.0,0.9970227769792696,0.0024518884375335,0.0,0.3333333333333333,1.0,0.0716503754177161,1.0,1.8065351659461024,0.1143157730568723,0.6044907836057968,3.0,-0.5115494555478763,-0.0118545039385037,0.426490756922983,6.0,0.5365829031197644,False,stability_or_viability_filter,1,2022-09-29,2024-10-01
stock_peer_groups,enterprise_software,MSFT/ORCL,MSFT,ORCL,1.0,0.9082147912619456,0.5088600309168954,0.2723199121771117,0.9384889940506872,1.4380322491573363,0.9805892099349108,0.0196016533591853,35.36166913364669,-0.0384674066079434,0.018103897280353,71.0,24.0,-6.844613059752553e-15,0.0914159696981426,504.0,71.0,3.0,0.7524407346898819,0.1287733912414815,0.3333333333333333,0.3333333333333333,1.0,0.202624698644657,1.0,1.4959139990196455,0.1655675854086734,0.621553425131603,12.0,-1.1363606917843174,-0.1580582448072592,0.2959214060778847,23.0,0.5363494954354973,False,stability_or_viability_filter,1,2022-09-29,2024-10-01
stock_peer_groups,enterprise_software,ADSK/INTU,INTU,ADSK,1.0,0.8243071935668443,0.3869317249405013,0.1817553855689506,1.585084413548992,-2.320951170798189,0.974335542126603,0.0259995355625047,26.659983171375156,-0.0081686347313543,0.0257116773752303,53.0,33.0,7.246055607386856e-14,0.1107301376773367,504.0,53.0,3.0,0.7234649413822297,0.1866625903129601,0.0,0.3333333333333333,1.0,0.2708143541402155,1.0,1.3408907588123091,0.1903690657968707,0.528495995432537,12.0,-0.5393524605629346,-0.1028807147151704,0.6523049903089535,23.0,0.5302083758635444,False,stability_or_viability_filter,1,2022-09-29,2024-10-01
etf_peer_groups,physical_gold,GLD/IAU,GLD,IAU,1.0,0.9999931760705169,0.1350942798100174,0.0453069236717793,0.9930279874199144,1.6144380344074891,0.7123665570584305,0.3391626727190274,2.043701256989944,3.861051172761117e-07,0.0002899302110925,20.0,71.0,3.3622135058449784e-14,0.0004125700758432,504.0,20.0,3.0,0.99997064696205,2.4696070169925245e-05,0.3333333333333333,0.3333333333333333,0.3333333333333333,0.0008286884845053,1.0,1.3110583227699386,0.0348464973815515,0.6298413453356907,25.0,-4.8815755534038665,-0.0442273702315129,0.0,50.0,0.5298413453356906,False,stability_or_viability_filter,1,2022-09-29,2024-10-01
stock_peer_groups,enterprise_software,INTU/ORCL,ORCL,INTU,1.0,0.8324102775329828,0.4375339954902885,0.2175869350937251,0.8996613169154896,-0.9561294584404264,0.9828504842623856,0.0172982718660476,40.07031372425291,0.0733792033679578,0.0206093108701872,80.0,16.0,-1.1763077284718922e-14,0.117143050322076,504.0,80.0,3.0,0.6016000086851219,0.1554225692688852,0.3333333333333333,0.3333333333333333,1.0,0.5688606448078741,1.0,1.5529117461222246,0.3028623764836114,0.5701137645229193,6.0,-0.6351441481467218,-0.1214543054029745,0.4965790724496829,11.0,0.5246710959233951,False,stability_or_viability_filter,1,2022-09-29,2024-10-01
stock_peer_groups,semiconductors,ADI/MCHP,ADI,MCHP,1.0,0.8080126494399162,0.9821772599981776,0.9468802361111986,0.9532254043016006,1.073117023072404,0.9978432940944214,0.0021590349450648,321.04491043294524,0.2206978576801001,0.010819812045299,90.0,16.0,-1.106698507086664e-15,0.0768313215960371,504.0,90.0,3.0,0.7710403451298343,0.175756448964521,0.0,0.3333333333333333,1.0,0.0987291295767712,1.0,1.2030430842198423,0.114055535538191,0.5480211993953061,5.0,-0.4024452319686953,-0.0476854818073434,0.4703190975075958,10.0,0.5236703694753817,False,stability_or_viability_filter,1,2022-09-29,2024-10-01
stock_peer_groups,semiconductors,AVGO/MU,AVGO,MU,1.0,0.915779926709381,0.686495863696624,0.4436750107433941,1.2978682849642753,-1.1391011302091434,0.987328761314134,0.0127522035076327,54.35509087861313,0.0677043498087317,0.0278875815746619,90.0,14.0,-7.570663672682021e-15,0.1650483184192692,504.0,90.0,3.0,0.8417106626450033,0.047835621827022,0.0,0.3333333333333333,0.6666666666666666,0.366008424006612,1.0,1.8384708035221864,0.2311114378914543,0.5206498552054386,8.0,-0.4811476297863665,-0.217860814381256,0.4896092964631735,15.0,0.5229581755606423,False,stability_or_viability_filter,1,2022-09-29,2024-10-01
etf_peer_groups,broad_us_equity,IVV/VTI,IVV,VTI,1.0,0.9995730823662958,0.0982638024883896,0.0305328184025592,1.0371898487626547,0.5029399405754811,0.955903876752425,0.0450979183160567,15.369826511773958,-4.357298220568641e-05,0.0011632495327221,31.0,38.0,6.03538383291466e-14,0.003955076071449,504.0,31.0,3.0,0.9989592586491844,0.0005390327613945,0.0,0.3333333333333333,1.0,0.020607473549012,1.0,1.3559146358084535,0.0465949060821858,0.6117469907207441,13.0,-1.7388256717013018,-0.0220968377399475,0.1328388703047121,25.0,0.5183889342359796,False,stability_or_viability_filter,1,2022-09-29,2024-10-01
etf_peer_groups,financial_equity,VFH/XLF,XLF,VFH,1.0,0.9987758133539985,0.0598623394283242,0.0166802136219855,0.974407853319613,-0.7642806908406697,0.9569826993161866,0.0439699657321049,15.764105543840346,0.0006839099492648,0.0015966819665841,32.0,40.0,4.000415519127518e-14,0.0057537429167458,504.0,32.0,3.0,0.9955654920412536,0.0044770956824932,0.0,0.3333333333333333,1.0,0.0239454549753758,1.0,1.0312997316401464,0.0129519315126392,0.614262846525716,15.0,-1.1850992534461702,-0.0183582503523879,0.0341780601270452,30.0,0.5159717495320683,False,stability_or_viability_filter,1,2022-09-29,2024-10-01
etf_peer_groups,broad_us_equity,IVV/SCHB,IVV,SCHB,1.0,0.9995978855595724,0.0633490678739459,0.0179045931507942,1.0325299081634478,3.158358744125064,0.9590743085802458,0.0417867216154076,16.58773777324441,-5.4150067412326665e-05,0.0010871060137076,33.0,33.0,-1.7217268175536158e-15,0.0038384891958507,504.0,33.0,3.0,0.999002966331591,0.0004774884346248,0.0,0.3333333333333333,1.0,0.0185746107255458,1.0,1.251787144875261,0.0343270491506414,0.6129847033345003,12.0,-2.1801382261226765,-0.0235505159651757,0.0219590764810727,23.0,0.5140826571585538,False,stability_or_viability_filter,1,2022-09-29,2024-10-01
etf_peer_groups,us_real_estate,SCHH/VNQ,VNQ,SCHH,1.0,0.998970968754688,0.0658412364513587,0.0187193751772874,0.98974510070743,1.4542711535005453,0.9436565826146416,0.0579929686272607,11.95226243745207,0.0001265911230784,0.0010539769493365,24.0,50.0,-3.0379578923036634e-14,0.0032263983215931,504.0,24.0,3.0,0.9986695500790717,0.0004900705742071,0.0,0.3333333333333333,1.0,0.0175273228381055,1.0,1.1633020719385596,0.0241504724639441,0.6139190069400401,14.0,-1.956518980295012,-0.0202991761841841,0.0,28.0,0.51391900694004,False,stability_or_viability_filter,1,2022-09-29,2024-10-01
etf_peer_groups,long_treasuries,TLH/VGLT,TLH,VGLT,1.0,0.9790710739786695,0.8030135427257228,0.5129797011784608,0.8686961260461692,1.0900717020168016,0.9893751126318056,0.0106817345054967,64.890882674837,0.0077301855226547,0.0010963672181826,90.0,29.0,-3.5192307621848217e-15,0.008845311229014,504.0,90.0,3.0,0.9940723366302384,0.0031784778869578,0.0,0.3333333333333333,1.0,0.0412408422569354,1.0,1.2193735401484145,0.0391812778422327,0.611266623040003,12.0,-2.392565074613941,-0.0254314119636305,0.0,23.0,0.5112666230400029,False,stability_or_viability_filter,1,2022-09-29,2024-10-01
etf_peer_groups,us_growth_technology,QQQ/VGT,QQQ,VGT,1.0,0.997859468124656,0.0522431484281822,0.014195784725987,0.9859727578201892,1.9651221437416104,0.9614222682768724,0.039341561447195,17.618700302231257,-0.0012513016510716,0.0032728807995945,35.0,37.0,-1.3983523333969232e-14,0.012554678623604,504.0,35.0,3.0,0.9950746047968624,0.0015120792715129,0.0,0.3333333333333333,1.0,0.0493385315764054,1.0,1.248231522873584,0.0445314839352599,0.6109821694723563,7.0,-1.2866942531845489,-0.027266125593648,0.2450596303944046,14.0,0.5107351509920766,False,stability_or_viability_filter,1,2022-09-29,2024-10-01
stock_peer_groups,semiconductors,AMD/NXPI,AMD,NXPI,1.0,0.9124683818849504,0.2927871168781417,0.1238088495901807,1.631020469990336,-3.856882037229008,0.9756530822272976,0.0246482042934545,28.12160968432145,0.0119556372074417,0.0303101231825689,56.0,27.0,-3.4829282315383483e-14,0.137123407085816,504.0,56.0,3.0,0.8042726669589624,0.0531643438354906,0.0,0.0,1.0,0.1996333393684108,1.0,1.2282463249489226,0.1096265971734029,0.4901055070224002,13.0,-0.4442956335730252,-0.1207135669504567,0.6956970226378245,25.0,0.5082460131183376,False,stability_or_viability_filter,1,2022-09-29,2024-10-01
etf_peer_groups,long_treasuries,TLH/TLT,TLH,TLT,1.0,0.9500006732227702,0.8895942912789185,0.7295879311691064,0.7707481889132862,1.1130390499299985,0.9931072539258048,0.0069166107738489,100.2148600266286,0.0180354015204154,0.001474383398181,90.0,27.0,-5.164299323276224e-14,0.0135708925056685,504.0,90.0,3.0,0.9862055164003896,0.0060584048552724,0.0,0.3333333333333333,1.0,0.0690120101128486,1.0,1.2567205151807417,0.0535479733427894,0.6078632484324851,11.0,-2.1007451057537745,-0.028336860293192,0.0010148722456005,21.0,0.5079139920447651,False,stability_or_viability_filter,1,2022-09-29,2024-10-01
etf_peer_groups,long_treasuries,EDV/TLH,TLH,EDV,1.0,0.8848837213341054,0.8898154392798308,0.7311574001919476,0.4830533175703538,2.496602259747174,0.9943053148619582,0.0057109616800542,121.37135904462215,0.0310669021173327,0.0024254809300129,90.0,21.0,-1.7208456881689926e-14,0.0202450849862624,504.0,90.0,3.0,0.9695424253675284,0.0110071495790933,0.0,0.3333333333333333,1.0,0.1208416905317624,1.0,1.2322567971510288,0.069755924164844,0.6020766805920643,11.0,-1.544366011270358,-0.034189563777809,0.1146729755351599,21.0,0.5078103293688223,False,stability_or_viability_filter,1,2022-09-29,2024-10-01
etf_peer_groups,financial_equity,KBE/VFH,VFH,KBE,1.0,0.8029290432498345,0.2865560362827047,0.1190713289864984,0.7160819611761187,1.7917245077127937,0.9901855933147596,0.0098628854287233,70.27833645327753,0.0545890150709328,0.0062797574002628,90.0,11.0,-1.3844304891198776e-14,0.0710677331290651,504.0,90.0,3.0,0.8437358688800743,0.1505099854536586,0.0,0.3333333333333333,1.0,0.4115087487969504,1.0,1.1402104197527323,0.2029185136116177,0.5573087825255235,12.0,-0.8986014176550817,-0.1048518645866228,0.594857223000982,24.0,0.5022614310273104,False,stability_or_viability_filter,1,2022-09-29,2024-10-01
etf_peer_groups,physical_gold,GLD/SGOL,GLD,SGOL,1.0,0.9999849219581346,0.1834799068857986,0.0668705917356512,0.989492442626448,2.3029383186677075,0.6329683896581098,0.4573347954338295,1.515623100364413,5.745149334776169e-07,0.000475460851541,20.0,72.0,2.6513183183310284e-14,0.0006132704457549,504.0,20.0,3.0,0.9999312235934792,5.781816411857077e-05,0.3333333333333333,0.3333333333333333,0.0,0.000967210706236,1.0,1.4121616803380446,0.0461374185499009,0.5953690640433796,32.0,-5.460300078363496,-0.0526831077752816,0.0,64.0,0.4953690640433796,False,stability_or_viability_filter,1,2022-09-29,2024-10-01
stock_peer_groups,enterprise_software,CRM/NOW,CRM,NOW,1.0,0.9339577528261052,0.3534051469926531,0.1599465799655663,0.8194783816110518,1.455637728868242,0.9775034675824416,0.022753439729991,30.46340196406948,-0.0040086823362328,0.0177634606005493,61.0,20.0,-2.5337756584223015e-14,0.0825043194210048,504.0,61.0,3.0,0.8433745731894082,0.0986588102007456,0.0,0.0,1.0,0.1456980087739958,1.0,1.453055372302397,0.1317917588029579,0.4976644674170562,11.0,-0.5189670999517106,-0.135073656775677,0.4919517052260167,22.0,0.4944169876856004,False,stability_or_viability_filter,1,2022-09-29,2024-10-01
etf_peer_groups,short_treasuries,SHY/VGSH,SHY,VGSH,1.0,0.9999482486476908,0.0462677872300627,0.0122867484318868,0.9748347223953412,0.4467774043883432,0.5351051192955432,0.6252920667221474,1.1085174711931052,3.1047482051681505e-07,0.0001993778885183,20.0,72.0,1.0340582006183325e-13,0.0002358090270142,504.0,20.0,3.0,0.9998076576234324,0.0001096772767002,0.0,0.6666666666666666,0.0,0.0035603529884736,1.0,1.0911270364114436,0.0113485696896628,0.582150390770225,22.0,-4.710079554013472,-0.0405229289005909,0.0,44.0,0.482150390770225,False,stability_or_viability_filter,1,2022-09-29,2024-10-01
stock_peer_groups,semiconductors,MU/QCOM,QCOM,MU,1.0,0.9285015265001192,0.1510265134775312,0.0521401367007507,0.6848848145114936,1.892666956642633,0.969731216970964,0.0307363417890953,22.551388363525437,-0.0047534259595867,0.0189280171787598,45.0,28.0,6.174954727438966e-15,0.0794116610487415,504.0,45.0,3.0,0.6425994686392988,0.384802425017388,0.0,0.6666666666666666,1.0,0.6305100048265371,1.0,1.1349908760704597,0.3534364628446927,0.5586395542086887,10.0,-1.4259437406383244,-0.4020229651103041,0.2246020561868903,20.0,0.4698696570180332,False,stability_or_viability_filter,1,2022-09-29,2024-10-01
stock_peer_groups,semiconductors,ADI/NVDA,NVDA,ADI,1.0,0.8848302425105834,0.4618618403716211,0.2343426115425503,4.758876517777686,-20.895544309822505,0.9698304857252904,0.0306339797407262,22.62674280085269,-0.0049041669341938,0.0796072759325618,45.0,29.0,7.2957513046796e-14,0.3267767045120777,504.0,45.0,3.0,0.704462278060844,0.2095507691774147,0.0,0.0,1.0,0.1833474719792465,1.0,1.4780639284103794,0.1840842946533737,0.4577071400498736,12.0,-0.5312067975407878,-0.1617713943886244,0.6254548438540324,24.0,0.4592988626114571,False,stability_or_viability_filter,1,2022-09-29,2024-10-01
etf_peer_groups,financial_equity,KBE/KRE,KBE,KRE,1.0,0.8724950617853025,0.9309222519361582,0.8112596941572678,0.8014668883942198,0.6222742671178247,0.9984380235509284,0.0015631976060632,443.4162244564715,0.2759039521844529,0.0027597409036346,90.0,22.0,1.3816108750890837e-15,0.0653220957338804,504.0,90.0,3.0,0.9807317983815133,0.0032778266762124,0.0,0.0,1.0,0.2001695119187759,1.0,1.1328133410761152,0.0825728174290089,0.5369256678524774,10.0,-1.2781564406064192,-0.0678523271592222,0.3236648873254057,19.0,0.4531089122187476,False,stability_or_viability_filter,1,2022-09-29,2024-10-01
etf_peer_groups,developed_international,EFA/IEFA,EFA,IEFA,1.0,0.9998316309388896,0.4072446077284049,0.1964148384640783,1.0214645172800694,-0.0137034414889677,0.9499784101954812,0.0513160207558121,13.50742264015938,-0.0002058417038499,0.0005881212451153,27.0,59.0,-4.322820760961125e-15,0.0018065776343754,504.0,27.0,3.0,0.9996699480371284,0.0001482811237201,0.0,0.0,1.0,0.0052654298661638,1.0,1.1435262311806982,0.0177519293500389,0.5481422940742783,14.0,-3.1054343112367846,-0.0279862378171805,0.0177531987428769,28.0,0.4490299540114221,False,stability_or_viability_filter,1,2022-09-29,2024-10-01
etf_peer_groups,long_treasuries,EDV/TLT,TLT,EDV,1.0,0.9855164641791176,0.9583561231213192,0.8784569832286433,0.6631078170739737,1.6406973172342498,0.9888338933897292,0.0112289155707257,61.728773023016586,0.0062238467957183,0.001551973646831,90.0,29.0,-1.346365699704158e-15,0.0090843612648379,504.0,90.0,3.0,0.996187094224908,0.0009041042052836,0.0,0.0,1.0,0.047892647597367,1.0,1.1824831269872598,0.0365414869328013,0.5453926248629469,13.0,-2.016984288636145,-0.0258890030334749,0.0474586427171585,25.0,0.4477655569988048,False,stability_or_viability_filter,1,2022-09-29,2024-10-01
etf_peer_groups,emerging_markets,EEM/VWO,EEM,VWO,1.0,0.9950108091398786,0.1574821384635452,0.0550516639866877,0.9764195856977008,0.0714586804891905,0.9667823728514774,0.0337818627854298,20.51832324826385,-0.0001495687682506,0.0017566181266847,41.0,28.0,-4.4216834779158417e-14,0.0067028102489281,504.0,41.0,3.0,0.9915600628056808,0.0068303342193552,0.0,0.0,1.0,0.0404177202497956,1.0,1.2505099552724652,0.0435837909644353,0.5435316366049766,13.0,-1.3179236644519077,-0.0207251451931428,0.0595933767682866,26.0,0.4465113054433909,False,stability_or_viability_filter,1,2022-09-29,2024-10-01
etf_peer_groups,long_treasuries,TLT/VGLT,TLT,VGLT,1.0,0.9935860499865984,0.9153109724078784,0.7799925059169412,1.08660212613196,0.131284067108366,0.9924665554537418,0.0075619642643843,91.66231898563125,-0.0067844667786072,0.0007457023523836,90.0,30.0,-2.6798669103928183e-14,0.0060576005275774,504.0,90.0,3.0,0.9982710996714032,0.0004664579694129,0.0,0.0,1.0,0.0255751348186025,1.0,1.2853511795668562,0.040386217547878,0.545529153163063,13.0,-3.043061394924321,-0.026780853602525,0.0,25.0,0.445529153163063,False,stability_or_viability_filter,1,2022-09-29,2024-10-01
etf_peer_groups,intermediate_treasuries,GOVT/SCHR,SCHR,GOVT,1.0,0.9874362571595384,0.2432934144707557,0.0967047043003691,1.0060624136593137,0.0471442952175404,0.96970520902705,0.030763161893706,22.53172749130705,0.0006983977175669,0.0008973018934287,45.0,35.0,-1.890991772339721e-14,0.0039164594519511,504.0,45.0,3.0,0.9881934245485984,0.0067124093260098,0.0,0.0,1.0,0.0323084917896478,1.0,1.1706367581478874,0.0319666068327622,0.5438516954538734,13.0,-2.3113638436706974,-0.0196064010066262,0.0,25.0,0.4438516954538733,False,stability_or_viability_filter,1,2022-09-29,2024-10-01
etf_peer_groups,intermediate_treasuries,GOVT/VGIT,VGIT,GOVT,1.0,0.987501296910838,0.2550173074253729,0.1028717531786689,1.003735369351476,0.926190528177662,0.9693880734224694,0.0310902586974324,22.29467394612541,0.0006868308715208,0.0008997167884652,45.0,37.0,4.683731356902763e-14,0.0038970806723099,504.0,45.0,3.0,0.9880937369645028,0.0068045459153727,0.0,0.0,1.0,0.0309873022202859,1.0,1.2118437900083523,0.0361354816017031,0.5434098860809553,14.0,-2.1650120880131407,-0.019619711599678,0.0,27.0,0.4434098860809553,False,stability_or_viability_filter,1,2022-09-29,2024-10-01
etf_peer_groups,long_treasuries,EDV/VGLT,VGLT,EDV,1.0,0.9605253934953784,0.968673867118732,0.9064955354727522,0.5909681144981264,1.470990150068435,0.9941623216260034,0.0058547842231798,118.38987640495604,0.0189134388221887,0.0018103789899771,90.0,27.0,-1.3701561930889831e-14,0.0136270053729589,504.0,90.0,3.0,0.9898382470545044,0.0024907754469351,0.0,0.0,1.0,0.0750692879008749,1.0,1.2024282379226685,0.0483453808851221,0.5426250236751139,11.0,-2.2851129064229525,-0.0342665948206291,0.0,21.0,0.4426250236751138,False,stability_or_viability_filter,1,2022-09-29,2024-10-01
etf_peer_groups,intermediate_treasuries,GOVT/IEI,IEI,GOVT,1.0,0.9653829017309212,0.472097972000234,0.241732610428481,0.972663977613074,1.709490660134516,0.981346946397454,0.0188292158894202,36.81232318066998,0.0015624339807402,0.0011384754895293,74.0,31.0,2.7611070396550723e-14,0.0063929867383663,504.0,74.0,3.0,0.969349997988112,0.0201791401647749,0.0,0.0,1.0,0.0563433044780057,1.0,1.159870031586039,0.0432708183904867,0.5380104176579793,9.0,-1.6945083719294214,-0.0155611941158541,0.0222771451571163,17.0,0.439124274915835,False,stability_or_viability_filter,1,2022-09-29,2024-10-01
stock_peer_groups,semiconductors,QCOM/TXN,QCOM,TXN,1.0,0.7507199273012989,0.7304761869666813,0.49598321454911,1.6839372909184285,-3.685219825375206,0.989805520080366,0.0102467995144893,67.64523689370633,-0.0179760806500455,0.0204773778549155,90.0,28.0,-4.2026347128985296e-14,0.1412791329013795,504.0,90.0,3.0,0.60167174908799,0.2264595628120216,0.0,0.3333333333333333,1.0,0.2522532592118128,1.0,1.235035836157765,0.1856860335810298,0.4985160005805612,9.0,-0.9399479914347366,-0.1574363368727055,0.3805898923958611,18.0,0.4265532964851437,False,stability_or_viability_filter,1,2022-09-29,2024-10-01
stock_peer_groups,mega_cap_platforms,AAPL/META,AAPL,META,1.0,0.8622558725548027,0.508186922967857,0.2707701641024018,0.2506911066830186,3.738410187609039,0.9825600454346488,0.0175938221599556,39.39719148335941,0.012514070244327,0.014235213116175,79.0,25.0,-6.2577808895935405e-15,0.0742852173971347,504.0,79.0,3.0,0.5640139027833483,0.2520427073465847,0.0,0.3333333333333333,0.6666666666666666,0.4568303587488679,1.0,1.26458405844579,0.2656892507480164,0.4477678839543688,8.0,-0.6534488039490038,-0.1925055501651227,0.514488760399471,16.0,0.4254750013819918,False,stability_or_viability_filter,1,2022-09-29,2024-10-01
stock_peer_groups,enterprise_software,ADBE/MSFT,MSFT,ADBE,1.0,0.8452260293596003,0.8469935588278232,0.6568271772561791,0.8155961131259364,0.7911316164391244,0.9925148288882896,0.0075133255870263,92.25570921042448,0.0278996241151863,0.0157770637080799,90.0,16.0,1.4584453574282215e-14,0.1167335894284459,504.0,90.0,3.0,0.6164830066567656,0.2632716812053246,0.0,0.3333333333333333,1.0,0.8496074265100603,0.6666666666666666,1.276233013819274,0.4016522596628254,0.4472888590312422,10.0,-0.6712284271252352,-0.186150788752649,0.4806320204030648,20.0,0.4206361959826102,False,stability_or_viability_filter,1,2022-09-29,2024-10-01
stock_peer_groups,home_improvement,HD/LOW,HD,LOW,1.0,0.9120905196133692,0.4646308111245749,0.2363968711944719,1.034299387173813,0.2094526022436245,0.9825209198485968,0.0176336429986368,39.30822352553753,0.002763479281034,0.0078750190697914,79.0,16.0,-3.414200139537743e-14,0.0426381011292824,504.0,79.0,3.0,0.8565089693349494,0.0543586312122639,0.0,0.0,1.0,0.1704169820857914,1.0,1.2754124341941806,0.1055265860098163,0.5035745837327557,8.0,-1.4547018718759428,-0.0924369360205825,0.2172387443290434,15.0,0.4144365209492078,False,stability_or_viability_filter,1,2022-09-29,2024-10-01
etf_peer_groups,intermediate_treasuries,IEI/VGIT,IEI,VGIT,1.0,0.9935586852570258,0.6113370243357785,0.3622768282272867,0.984861590641574,0.7492236096853224,0.9831488080769974,0.0169947887284248,40.78586628150381,0.0003420146183417,0.0004907784164113,82.0,19.0,-1.435412635314173e-13,0.0027773886667399,504.0,82.0,3.0,0.9941645646284464,0.0045950344047608,0.0,0.0,0.6666666666666666,0.016406822619583,1.0,1.2643677758110623,0.0363748163204548,0.5115703261917328,9.0,-2.5342367095690297,-0.0151900190481335,0.0,17.0,0.4115703261917328,False,stability_or_viability_filter,1,2022-09-29,2024-10-01
etf_peer_groups,intermediate_treasuries,IEI/SCHR,IEI,SCHR,1.0,0.9936643718359666,0.6059196981174854,0.3573570243157981,0.9826233806978616,1.6149467058805742,0.9822236305021512,0.0179362669185367,38.64500811167072,0.0003193414537842,0.0005015426541272,77.0,21.0,-7.817908578007274e-14,0.0027545822876441,504.0,77.0,3.0,0.9942492632788664,0.0046508178851587,0.0,0.0,0.6666666666666666,0.0151950494258762,1.0,1.321709990237022,0.0423608435744585,0.5109928981289374,9.0,-2.589500910364684,-0.0154705271979055,0.0,17.0,0.4109928981289374,False,stability_or_viability_filter,1,2022-09-29,2024-10-01
stock_peer_groups,industrial_machinery,CAT/PCAR,CAT,PCAR,1.0,0.9230203847603532,0.8280525428220469,0.6294910128064701,0.8685066744241637,1.7866126939693996,0.9889466394272052,0.0111149028825357,62.36196464199891,0.0620891447798278,0.0146606367619781,90.0,18.0,-1.638724429522116e-14,0.0776265968526577,504.0,90.0,3.0,0.8500600852666437,0.0629185447043547,0.0,0.0,0.6666666666666666,0.0577512870837049,1.0,1.2008932002969992,0.0625447439623531,0.4729272135870923,4.0,-0.498044374977899,-0.0618130291355975,0.2474841891803549,8.0,0.4105947667994252,False,stability_or_viability_filter,1,2022-09-29,2024-10-01
stock_peer_groups,semiconductors,AMD/MCHP,AMD,MCHP,1.0,0.8030621394938566,0.7130043361366084,0.4777469457235707,2.434766521200914,-5.780626864387834,0.9762771086901988,0.0240088100291877,28.870534596145344,0.0220805854190893,0.0462737593735683,58.0,29.0,-7.439551620250096e-14,0.1997109787274242,504.0,58.0,3.0,0.7015813779758634,0.0715602917010194,0.0,0.0,1.0,0.1744880681870162,1.0,1.32555468949228,0.1181888632395985,0.463576458170006,10.0,-0.8059866612239325,-0.1932449245262908,0.3509861618587759,19.0,0.4102277670793549,False,stability_or_viability_filter,1,2022-09-29,2024-10-01
etf_peer_groups,intermediate_treasuries,GOVT/IEF,IEF,GOVT,1.0,0.9581439999215878,0.6167891793706441,0.3683188007815229,1.0737442992713229,1.2004560413915626,0.9870408607010576,0.0130438415189826,53.1398039106201,-0.0009895720765743,0.0012418526027285,90.0,14.0,-9.237408016635153e-14,0.0078044610621873,504.0,90.0,3.0,0.9834107334606677,0.0116513915005299,0.0,0.0,0.6666666666666666,0.0452357491224574,1.0,1.1781277363736482,0.0387543509158455,0.5086439149402491,13.0,-2.970100247745329,-0.0258365919747682,0.0,25.0,0.408643914940249,False,stability_or_viability_filter,1,2022-09-29,2024-10-01
stock_peer_groups,semiconductors,AMD/NVDA,NVDA,AMD,1.0,0.9354593467975932,0.5477609524158681,0.3042274110198107,1.957666347162693,-5.466564720038226,0.9839319046904504,0.0161985868748458,42.79059561894915,0.0580067865873555,0.0454596192312311,86.0,30.0,1.5648857870906968e-15,0.2478873968412142,504.0,86.0,3.0,0.8275107681324293,0.1460945131410327,0.0,0.0,0.6666666666666666,0.196574898566822,1.0,1.4697988753249476,0.1664230122720568,0.4569020574725683,6.0,-0.6677336167488426,-0.2078776547421785,0.3748351017194146,12.0,0.4004837700462126,False,stability_or_viability_filter,1,2022-09-29,2024-10-01
stock_peer_groups,semiconductors,ADI/QCOM,QCOM,ADI,1.0,0.8318811187455583,0.396031995443899,0.1874357665563217,1.3642246906857791,-2.225092017782412,0.9834713911241032,0.0166667304178981,41.58867175385437,-0.0305444895291466,0.0195013204233966,83.0,26.0,-6.363516415748317e-14,0.1186814355351204,504.0,83.0,3.0,0.6438405573359128,0.2354358656625215,0.0,0.3333333333333333,1.0,0.6029635454437982,1.0,1.2084527490793202,0.3026278869331421,0.4973640173073306,8.0,-1.0596552940318031,-0.3482601273447427,0.0560878688933771,16.0,0.4001684107519995,False,stability_or_viability_filter,1,2022-09-29,2024-10-01
stock_peer_groups,semiconductors,ADI/AMD,AMD,ADI,1.0,0.8091950256355377,0.7417142162455195,0.509739944435652,2.0796197146105198,-6.057808847922531,0.9851252114349552,0.0149865276808065,46.25135290329246,-0.0141899799128333,0.0339367647230918,90.0,13.0,-1.6283271027835629e-15,0.1969107942978452,504.0,90.0,3.0,0.6635140170190001,0.1215036740097658,0.0,0.0,1.0,0.4076001463079308,1.0,1.5473991603624049,0.237190069035055,0.4421594973512445,7.0,-0.7978412106629778,-0.2169615801682197,0.3932083988236211,14.0,0.3796437356929789,False,stability_or_viability_filter,1,2022-09-29,2024-10-01
etf_peer_groups,intermediate_treasuries,IEF/SCHR,IEF,SCHR,1.0,0.9125022925642952,0.5747607099061454,0.3280537129115037,1.0036636528960603,1.3470146295159315,0.9865767398013192,0.0135141665790912,51.29041265721601,-0.0017580034328385,0.0017572933709045,90.0,12.0,3.79255709729492e-14,0.0111516996176666,504.0,90.0,3.0,0.961018907830621,0.0291187706458676,0.0,0.0,0.3333333333333333,0.047341995958951,1.0,1.2030752367911812,0.0480508374006263,0.4687829765509259,10.0,-1.7823999687465546,-0.0168500136802814,0.043523467458225,19.0,0.3709591499238371,False,stability_or_viability_filter,1,2022-09-29,2024-10-01
etf_peer_groups,intermediate_treasuries,IEF/VGIT,IEF,VGIT,1.0,0.9128778507297642,0.5859482200373738,0.3384396563135996,1.0064708551584831,0.4606872970137812,0.9868945322893984,0.0131921021079023,52.54258759449208,-0.0018013793389327,0.0017321765529574,90.0,13.0,-1.5271382042534416e-13,0.0111288337105204,504.0,90.0,3.0,0.9613067885664855,0.0292135514095241,0.0,0.0,0.3333333333333333,0.0467313888709179,1.0,1.218517369000238,0.0495946877601738,0.4687005616989373,10.0,-1.866451960154768,-0.0175012312317002,0.0344103175564875,19.0,0.3704210775767617,False,stability_or_viability_filter,1,2022-09-29,2024-10-01
etf_peer_groups,intermediate_treasuries,IEF/IEI,IEI,IEF,1.0,0.8609761617471036,0.8437571093058016,0.6637059917756869,0.77407718959114,1.2089276207132515,0.9946624343105716,0.0053518613853415,129.5151594281651,0.0117402007113995,0.0011913682152464,90.0,14.0,-2.2884692377432195e-14,0.0124666546438929,504.0,90.0,3.0,0.9265565923120392,0.056056097602847,0.0,0.0,0.3333333333333333,0.146879473694302,1.0,1.1265152436202828,0.0817024397235255,0.4568022374389905,9.0,-2.083121769990815,-0.0206734755916814,0.0202965753158699,17.0,0.3578170662047839,False,stability_or_viability_filter,1,2022-09-29,2024-10-01
stock_peer_groups,mega_cap_platforms,AAPL/AMZN,AAPL,AMZN,1.0,0.824631625384814,0.4754572062513429,0.24494183145707,0.4773863321364689,2.815685946337113,0.9839210925366052,0.0162095756568947,42.76158705395308,0.0301032461690734,0.0142175291993759,86.0,22.0,8.682648956076422e-15,0.082967769301099,504.0,86.0,3.0,0.5710946490194034,0.1889163370634796,0.0,0.3333333333333333,0.6666666666666666,0.5336701393939041,1.0,1.4235978757044954,0.2879285894529607,0.4473141366428881,9.0,-1.269055522284926,-0.209584373290473,0.1604237428977682,18.0,0.3553353237877764,False,stability_or_viability_filter,1,2022-09-29,2024-10-01
stock_peer_groups,enterprise_software,CRM/ORCL,ORCL,CRM,1.0,0.8133866746612263,0.6502539907330492,0.4044576024012501,0.7447941517523679,0.6505910126314973,0.9848958865542774,0.0152193423262413,45.54383269011665,0.0747469113973841,0.0210887483841814,90.0,12.0,-2.3806353713747998e-14,0.1229696718610704,504.0,90.0,3.0,0.5077448769370062,0.2775135154770842,0.0,0.6666666666666666,0.6666666666666666,0.695511952777055,1.0,1.1022403873680615,0.3357018657922754,0.493366032655024,4.0,-0.9745267173230812,-0.1600908737269107,0.1534225290159662,8.0,0.3548581515073601,False,stability_or_viability_filter,1,2022-09-29,2024-10-01
stock_peer_groups,semiconductors,NVDA/QCOM,NVDA,QCOM,1.0,0.8250264879681245,0.6099544303593374,0.3604414649599001,2.7057504035237003,-9.332819203122208,0.9886967286988884,0.0113676387738241,60.9754755891814,0.1996579206983044,0.0510905049213194,90.0,21.0,-3.63871190673972e-14,0.3963387015676356,504.0,90.0,3.0,0.5890760038781737,0.3991374960607464,0.0,0.3333333333333333,0.6666666666666666,0.5981363397699313,1.0,1.1272536434311662,0.3465639056581333,0.4459459437370633,8.0,-1.370343544437952,-0.5211667701984354,0.1719194332241498,16.0,0.3545419153982708,False,stability_or_viability_filter,1,2022-09-29,2024-10-01
stock_peer_groups,large_pharma,BMY/LLY,BMY,LLY,1.0,-0.9089530000141894,0.4410912906842353,0.2197407061635071,-0.4302029764546601,6.620103234377781,0.977155260300646,0.0231097242112785,29.99374524000856,0.0177847964274225,0.0166902965419315,60.0,27.0,-2.878473473686874e-14,0.070947820063192,504.0,60.0,3.0,0.6963033140327809,0.1567090628007401,0.0,0.0,1.0,0.2537507401764656,1.0,1.271124250104178,0.1669448510039772,0.4573813434077974,6.0,-0.9852613471358076,-0.2050155738099345,0.2312677868432943,12.0,0.346155530679591,False,stability_or_viability_filter,1,2022-09-29,2024-10-01
stock_peer_groups,enterprise_software,ADBE/ORCL,ORCL,ADBE,1.0,0.8122070550506274,0.9491208839985564,0.8603657884332525,0.7584525724302389,-0.0109085019441244,0.9939984398303502,0.0060196419139676,115.14757695995208,0.1923146763155356,0.0202113518607649,90.0,19.0,4.748758705487952e-14,0.1233175883470269,504.0,90.0,3.0,0.5879206739673379,0.2955574478926258,0.0,0.3333333333333333,0.6666666666666666,0.9718249374379784,0.6666666666666666,1.3043964992397992,0.4562826283590679,0.4013519056559276,2.0,-0.3328696459068241,-0.051444303027356,0.0,4.0,0.3264214587699041,False,stability_or_viability_filter,1,2022-09-29,2024-10-01
stock_peer_groups,mega_cap_platforms,AAPL/GOOGL,AAPL,GOOGL,1.0,0.8723929978260565,0.5446869298736592,0.301629293995849,0.591708598912569,2.291852793190729,0.9835667712340734,0.016569752014662,41.83207931818185,0.0183107432497094,0.013401734842233,84.0,25.0,4.308194013176381e-14,0.0716938550520827,504.0,84.0,3.0,0.650923919360689,0.1840959755746474,0.0,0.0,0.6666666666666666,0.4068654839913868,1.0,1.2882253436581286,0.2290121913729146,0.4064964273695474,4.0,-0.6909805917564957,-0.1176319444319936,0.1560189996058447,8.0,0.3106502885863653,False,stability_or_viability_filter,1,2022-09-29,2024-10-01
stock_peer_groups,semiconductors,ADI/MU,MU,ADI,1.0,0.8215585749762364,0.4579352848849892,0.2314255182516212,1.8265360837272144,-5.15389226249573,0.9822129828845492,0.0179471072964135,38.62166582680759,-0.0206815122525286,0.0308754040736712,77.0,21.0,4.6312160455792253e-14,0.1652952596448952,504.0,77.0,3.0,0.6374373567897033,0.1137493923818184,0.0,0.0,0.6666666666666666,0.3146474008201169,1.0,1.3826452983145918,0.1853150753244886,0.4074944983316436,6.0,-1.0907693894365398,-0.1898388592363045,0.1100853830904248,12.0,0.2879987674861649,False,stability_or_viability_filter,1,2022-09-29,2024-10-01
stock_peer_groups,enterprise_software,ADBE/CRM,CRM,ADBE,1.0,0.8187754532058974,0.7579449333957295,0.5303464880362224,0.8350015480134123,0.2363788919151638,0.9897849931857616,0.0102675380404296,67.50860603881851,0.0236001377582234,0.0201081106069421,90.0,20.0,-3.0053561050726064e-14,0.1325379737903839,504.0,90.0,3.0,0.4862876685391899,0.3046713702303689,0.0,0.0,1.0,0.7824045191595026,0.6666666666666666,1.5743156371713345,0.4261714783712165,0.3456214359643425,8.0,-1.1369470020016417,-0.1508609662221889,0.1598977828016787,16.0,0.2536163251044264,False,stability_or_viability_filter,1,2022-09-29,2024-10-01
stock_peer_groups,enterprise_software,ADSK/MSFT,MSFT,ADSK,1.0,0.7467573654094964,,,,,,,,,,,,,,,,,,,,,,,,,,,,,,,,,False,correlation_prescreen,1,2022-09-29,2024-10-01
stock_peer_groups,enterprise_software,ADSK/ORCL,ORCL,ADSK,1.0,0.6887011107002159,,,,,,,,,,,,,,,,,,,,,,,,,,,,,,,,,False,correlation_prescreen,1,2022-09-29,2024-10-01
stock_peer_groups,enterprise_software,ADBE/ADSK,ADBE,ADSK,1.0,0.6608015317058374,,,,,,,,,,,,,,,,,,,,,,,,,,,,,,,,,False,correlation_prescreen,1,2022-09-29,2024-10-01
stock_peer_groups,semiconductors,INTC/NVDA,NVDA,INTC,1.0,0.1919743121674349,,,,,,,,,,,,,,,,,,,,,,,,,,,,,,,,,False,correlation_prescreen,1,2022-09-29,2024-10-01
stock_peer_groups,semiconductors,NVDA/TXN,NVDA,TXN,1.0,0.6337300509149338,,,,,,,,,,,,,,,,,,,,,,,,,,,,,,,,,False,correlation_prescreen,1,2022-09-29,2024-10-01
stock_peer_groups,semiconductors,MCHP/NVDA,NVDA,MCHP,1.0,0.7439227999850178,,,,,,,,,,,,,,,,,,,,,,,,,,,,,,,,,False,correlation_prescreen,1,2022-09-29,2024-10-01
stock_peer_groups,semiconductors,AMD/INTC,AMD,INTC,1.0,0.431624524101436,,,,,,,,,,,,,,,,,,,,,,,,,,,,,,,,,False,correlation_prescreen,1,2022-09-29,2024-10-01
stock_peer_groups,semiconductors,AMD/TXN,AMD,TXN,1.0,0.4973165107582332,,,,,,,,,,,,,,,,,,,,,,,,,,,,,,,,,False,correlation_prescreen,1,2022-09-29,2024-10-01
stock_peer_groups,semiconductors,INTC/QCOM,INTC,QCOM,1.0,0.0505466586905227,,,,,,,,,,,,,,,,,,,,,,,,,,,,,,,,,False,correlation_prescreen,1,2022-09-29,2024-10-01
stock_peer_groups,semiconductors,AVGO/INTC,INTC,AVGO,1.0,0.215931283666552,,,,,,,,,,,,,,,,,,,,,,,,,,,,,,,,,False,correlation_prescreen,1,2022-09-29,2024-10-01
stock_peer_groups,semiconductors,INTC/MU,INTC,MU,1.0,0.2123547061734333,,,,,,,,,,,,,,,,,,,,,,,,,,,,,,,,,False,correlation_prescreen,1,2022-09-29,2024-10-01
stock_peer_groups,semiconductors,INTC/TXN,INTC,TXN,1.0,-0.3781878084560369,,,,,,,,,,,,,,,,,,,,,,,,,,,,,,,,,False,correlation_prescreen,1,2022-09-29,2024-10-01
stock_peer_groups,semiconductors,ADI/INTC,INTC,ADI,1.0,0.0141804803973651,,,,,,,,,,,,,,,,,,,,,,,,,,,,,,,,,False,correlation_prescreen,1,2022-09-29,2024-10-01
stock_peer_groups,semiconductors,INTC/MCHP,INTC,MCHP,1.0,0.4516755007209949,,,,,,,,,,,,,,,,,,,,,,,,,,,,,,,,,False,correlation_prescreen,1,2022-09-29,2024-10-01
stock_peer_groups,semiconductors,INTC/NXPI,INTC,NXPI,1.0,0.2488587550159408,,,,,,,,,,,,,,,,,,,,,,,,,,,,,,,,,False,correlation_prescreen,1,2022-09-29,2024-10-01
stock_peer_groups,semiconductors,MCHP/QCOM,QCOM,MCHP,1.0,0.6859341766893211,,,,,,,,,,,,,,,,,,,,,,,,,,,,,,,,,False,correlation_prescreen,1,2022-09-29,2024-10-01
stock_peer_groups,semiconductors,AVGO/TXN,AVGO,TXN,1.0,0.6311880230216392,,,,,,,,,,,,,,,,,,,,,,,,,,,,,,,,,False,correlation_prescreen,1,2022-09-29,2024-10-01
stock_peer_groups,semiconductors,AVGO/MCHP,AVGO,MCHP,1.0,0.7371811466796742,,,,,,,,,,,,,,,,,,,,,,,,,,,,,,,,,False,correlation_prescreen,1,2022-09-29,2024-10-01
stock_peer_groups,semiconductors,MU/TXN,MU,TXN,1.0,0.6255032462934796,,,,,,,,,,,,,,,,,,,,,,,,,,,,,,,,,False,correlation_prescreen,1,2022-09-29,2024-10-01
stock_peer_groups,semiconductors,MCHP/MU,MU,MCHP,1.0,0.7318251937361968,,,,,,,,,,,,,,,,,,,,,,,,,,,,,,,,,False,correlation_prescreen,1,2022-09-29,2024-10-01
stock_peer_groups,semiconductors,MCHP/TXN,TXN,MCHP,1.0,0.5412372374201692,,,,,,,,,,,,,,,,,,,,,,,,,,,,,,,,,False,correlation_prescreen,1,2022-09-29,2024-10-01
stock_peer_groups,semiconductors,NXPI/TXN,TXN,NXPI,1.0,0.6835981903546043,,,,,,,,,,,,,,,,,,,,,,,,,,,,,,,,,False,correlation_prescreen,1,2022-09-29,2024-10-01
stock_peer_groups,money_center_banks,BAC/JPM,JPM,BAC,1.0,0.7486494901230691,,,,,,,,,,,,,,,,,,,,,,,,,,,,,,,,,False,correlation_prescreen,1,2022-09-29,2024-10-01
stock_peer_groups,capital_markets,GS/SCHW,GS,SCHW,1.0,0.4322265206036716,,,,,,,,,,,,,,,,,,,,,,,,,,,,,,,,,False,correlation_prescreen,1,2022-09-29,2024-10-01
stock_peer_groups,capital_markets,GS/NTRS,GS,NTRS,1.0,0.6063863869405537,,,,,,,,,,,,,,,,,,,,,,,,,,,,,,,,,False,correlation_prescreen,1,2022-09-29,2024-10-01
stock_peer_groups,capital_markets,GS/STT,GS,STT,1.0,0.681148954987056,,,,,,,,,,,,,,,,,,,,,,,,,,,,,,,,,False,correlation_prescreen,1,2022-09-29,2024-10-01
stock_peer_groups,capital_markets,MS/SCHW,MS,SCHW,1.0,0.4690035209578716,,,,,,,,,,,,,,,,,,,,,,,,,,,,,,,,,False,correlation_prescreen,1,2022-09-29,2024-10-01
stock_peer_groups,capital_markets,MS/NTRS,MS,NTRS,1.0,0.7122480641447425,,,,,,,,,,,,,,,,,,,,,,,,,,,,,,,,,False,correlation_prescreen,1,2022-09-29,2024-10-01
stock_peer_groups,capital_markets,NTRS/SCHW,SCHW,NTRS,1.0,0.7418215632460243,,,,,,,,,,,,,,,,,,,,,,,,,,,,,,,,,False,correlation_prescreen,1,2022-09-29,2024-10-01
stock_peer_groups,capital_markets,SCHW/STT,SCHW,STT,1.0,0.4781836313817401,,,,,,,,,,,,,,,,,,,,,,,,,,,,,,,,,False,correlation_prescreen,1,2022-09-29,2024-10-01
stock_peer_groups,payments_credit,SYF/V,V,SYF,1.0,0.7176278827167135,,,,,,,,,,,,,,,,,,,,,,,,,,,,,,,,,False,correlation_prescreen,1,2022-09-29,2024-10-01
stock_peer_groups,payments_credit,MA/SYF,MA,SYF,1.0,0.746821814019931,,,,,,,,,,,,,,,,,,,,,,,,,,,,,,,,,False,correlation_prescreen,1,2022-09-29,2024-10-01
stock_peer_groups,integrated_energy,CVX/XOM,XOM,CVX,1.0,0.3693514416691227,,,,,,,,,,,,,,,,,,,,,,,,,,,,,,,,,False,correlation_prescreen,1,2022-09-29,2024-10-01
stock_peer_groups,integrated_energy,COP/XOM,XOM,COP,1.0,0.4342833557760013,,,,,,,,,,,,,,,,,,,,,,,,,,,,,,,,,False,correlation_prescreen,1,2022-09-29,2024-10-01
stock_peer_groups,integrated_energy,OXY/XOM,XOM,OXY,1.0,0.1386062161899607,,,,,,,,,,,,,,,,,,,,,,,,,,,,,,,,,False,correlation_prescreen,1,2022-09-29,2024-10-01
stock_peer_groups,integrated_energy,COP/CVX,CVX,COP,1.0,0.3983592007576781,,,,,,,,,,,,,,,,,,,,,,,,,,,,,,,,,False,correlation_prescreen,1,2022-09-29,2024-10-01
stock_peer_groups,integrated_energy,CVX/OXY,CVX,OXY,1.0,0.7378301304148949,,,,,,,,,,,,,,,,,,,,,,,,,,,,,,,,,False,correlation_prescreen,1,2022-09-29,2024-10-01
stock_peer_groups,integrated_energy,COP/OXY,COP,OXY,1.0,0.6258260286595031,,,,,,,,,,,,,,,,,,,,,,,,,,,,,,,,,False,correlation_prescreen,1,2022-09-29,2024-10-01
stock_peer_groups,oilfield_services,BKR/SLB,SLB,BKR,1.0,0.4210899640974492,,,,,,,,,,,,,,,,,,,,,,,,,,,,,,,,,False,correlation_prescreen,1,2022-09-29,2024-10-01
stock_peer_groups,oilfield_services,BKR/HAL,HAL,BKR,1.0,0.4669126512276476,,,,,,,,,,,,,,,,,,,,,,,,,,,,,,,,,False,correlation_prescreen,1,2022-09-29,2024-10-01
stock_peer_groups,big_box_retail,TGT/WMT,WMT,TGT,1.0,0.1283236886749066,,,,,,,,,,,,,,,,,,,,,,,,,,,,,,,,,False,correlation_prescreen,1,2022-09-29,2024-10-01
stock_peer_groups,big_box_retail,COST/TGT,COST,TGT,1.0,0.2107899546999977,,,,,,,,,,,,,,,,,,,,,,,,,,,,,,,,,False,correlation_prescreen,1,2022-09-29,2024-10-01
stock_peer_groups,home_improvement,HD/TSCO,HD,TSCO,1.0,0.7200548803777301,,,,,,,,,,,,,,,,,,,,,,,,,,,,,,,,,False,correlation_prescreen,1,2022-09-29,2024-10-01
stock_peer_groups,home_improvement,LOW/TSCO,LOW,TSCO,1.0,0.7493435985993471,,,,,,,,,,,,,,,,,,,,,,,,,,,,,,,,,False,correlation_prescreen,1,2022-09-29,2024-10-01
stock_peer_groups,beverages,KO/PEP,KO,PEP,1.0,0.466912780282411,,,,,,,,,,,,,,,,,,,,,,,,,,,,,,,,,False,correlation_prescreen,1,2022-09-29,2024-10-01
stock_peer_groups,beverages,KDP/KO,KO,KDP,1.0,0.453979227625869,,,,,,,,,,,,,,,,,,,,,,,,,,,,,,,,,False,correlation_prescreen,1,2022-09-29,2024-10-01
stock_peer_groups,beverages,KO/MNST,KO,MNST,1.0,-0.0638168804581377,,,,,,,,,,,,,,,,,,,,,,,,,,,,,,,,,False,correlation_prescreen,1,2022-09-29,2024-10-01
stock_peer_groups,beverages,KDP/PEP,PEP,KDP,1.0,0.2419014020201226,,,,,,,,,,,,,,,,,,,,,,,,,,,,,,,,,False,correlation_prescreen,1,2022-09-29,2024-10-01
stock_peer_groups,beverages,MNST/PEP,PEP,MNST,1.0,0.3604521099360019,,,,,,,,,,,,,,,,,,,,,,,,,,,,,,,,,False,correlation_prescreen,1,2022-09-29,2024-10-01
stock_peer_groups,beverages,KDP/MNST,KDP,MNST,1.0,-0.6171755615093464,,,,,,,,,,,,,,,,,,,,,,,,,,,,,,,,,False,correlation_prescreen,1,2022-09-29,2024-10-01
stock_peer_groups,large_pharma,JNJ/MRK,JNJ,MRK,1.0,-0.2010244903495041,,,,,,,,,,,,,,,,,,,,,,,,,,,,,,,,,False,correlation_prescreen,1,2022-09-29,2024-10-01
stock_peer_groups,large_pharma,JNJ/PFE,JNJ,PFE,1.0,0.4853778835326416,,,,,,,,,,,,,,,,,,,,,,,,,,,,,,,,,False,correlation_prescreen,1,2022-09-29,2024-10-01
stock_peer_groups,large_pharma,ABBV/JNJ,JNJ,ABBV,1.0,0.1438574227739554,,,,,,,,,,,,,,,,,,,,,,,,,,,,,,,,,False,correlation_prescreen,1,2022-09-29,2024-10-01
stock_peer_groups,large_pharma,BMY/JNJ,JNJ,BMY,1.0,0.4842157720831771,,,,,,,,,,,,,,,,,,,,,,,,,,,,,,,,,False,correlation_prescreen,1,2022-09-29,2024-10-01
stock_peer_groups,large_pharma,JNJ/LLY,JNJ,LLY,1.0,-0.2016106917900952,,,,,,,,,,,,,,,,,,,,,,,,,,,,,,,,,False,correlation_prescreen,1,2022-09-29,2024-10-01
stock_peer_groups,large_pharma,MRK/PFE,MRK,PFE,1.0,-0.6421040909270831,,,,,,,,,,,,,,,,,,,,,,,,,,,,,,,,,False,correlation_prescreen,1,2022-09-29,2024-10-01
stock_peer_groups,large_pharma,ABBV/MRK,MRK,ABBV,1.0,0.6984497193578162,,,,,,,,,,,,,,,,,,,,,,,,,,,,,,,,,False,correlation_prescreen,1,2022-09-29,2024-10-01
stock_peer_groups,large_pharma,BMY/MRK,MRK,BMY,1.0,-0.7012737398691998,,,,,,,,,,,,,,,,,,,,,,,,,,,,,,,,,False,correlation_prescreen,1,2022-09-29,2024-10-01
stock_peer_groups,large_pharma,ABBV/PFE,PFE,ABBV,1.0,-0.5185866673968117,,,,,,,,,,,,,,,,,,,,,,,,,,,,,,,,,False,correlation_prescreen,1,2022-09-29,2024-10-01
stock_peer_groups,large_pharma,ABBV/BMY,ABBV,BMY,1.0,-0.5667271689702411,,,,,,,,,,,,,,,,,,,,,,,,,,,,,,,,,False,correlation_prescreen,1,2022-09-29,2024-10-01
stock_peer_groups,large_pharma,ABBV/LLY,ABBV,LLY,1.0,0.7492929279893769,,,,,,,,,,,,,,,,,,,,,,,,,,,,,,,,,False,correlation_prescreen,1,2022-09-29,2024-10-01
stock_peer_groups,managed_care,CI/UNH,UNH,CI,1.0,0.4611097564554596,,,,,,,,,,,,,,,,,,,,,,,,,,,,,,,,,False,correlation_prescreen,1,2022-09-29,2024-10-01
stock_peer_groups,managed_care,CVS/UNH,UNH,CVS,1.0,-0.2106768947788923,,,,,,,,,,,,,,,,,,,,,,,,,,,,,,,,,False,correlation_prescreen,1,2022-09-29,2024-10-01
stock_peer_groups,managed_care,HUM/UNH,UNH,HUM,1.0,-0.1927167626375844,,,,,,,,,,,,,,,,,,,,,,,,,,,,,,,,,False,correlation_prescreen,1,2022-09-29,2024-10-01
stock_peer_groups,managed_care,CNC/UNH,UNH,CNC,1.0,0.4604702129400788,,,,,,,,,,,,,,,,,,,,,,,,,,,,,,,,,False,correlation_prescreen,1,2022-09-29,2024-10-01
stock_peer_groups,managed_care,CI/CVS,CI,CVS,1.0,-0.1871579151239374,,,,,,,,,,,,,,,,,,,,,,,,,,,,,,,,,False,correlation_prescreen,1,2022-09-29,2024-10-01
stock_peer_groups,managed_care,CI/CNC,CI,CNC,1.0,0.5508393556090502,,,,,,,,,,,,,,,,,,,,,,,,,,,,,,,,,False,correlation_prescreen,1,2022-09-29,2024-10-01
stock_peer_groups,managed_care,CVS/HUM,CVS,HUM,1.0,0.5710915144244569,,,,,,,,,,,,,,,,,,,,,,,,,,,,,,,,,False,correlation_prescreen,1,2022-09-29,2024-10-01
stock_peer_groups,managed_care,CNC/CVS,CVS,CNC,1.0,0.4875272757555325,,,,,,,,,,,,,,,,,,,,,,,,,,,,,,,,,False,correlation_prescreen,1,2022-09-29,2024-10-01
stock_peer_groups,managed_care,CNC/HUM,HUM,CNC,1.0,-0.1141652633126032,,,,,,,,,,,,,,,,,,,,,,,,,,,,,,,,,False,correlation_prescreen,1,2022-09-29,2024-10-01
stock_peer_groups,industrial_machinery,CAT/DE,CAT,DE,1.0,0.0690816774510115,,,,,,,,,,,,,,,,,,,,,,,,,,,,,,,,,False,correlation_prescreen,1,2022-09-29,2024-10-01
stock_peer_groups,industrial_machinery,CMI/DE,DE,CMI,1.0,0.1324494382358586,,,,,,,,,,,,,,,,,,,,,,,,,,,,,,,,,False,correlation_prescreen,1,2022-09-29,2024-10-01
stock_peer_groups,industrial_machinery,DE/PCAR,DE,PCAR,1.0,-0.1118200540095401,,,,,,,,,,,,,,,,,,,,,,,,,,,,,,,,,False,correlation_prescreen,1,2022-09-29,2024-10-01
stock_peer_groups,industrial_machinery,CMI/PCAR,CMI,PCAR,1.0,0.7357154815815886,,,,,,,,,,,,,,,,,,,,,,,,,,,,,,,,,False,correlation_prescreen,1,2022-09-29,2024-10-01
stock_peer_groups,railroads,NSC/UNP,UNP,NSC,1.0,0.6575235938534919,,,,,,,,,,,,,,,,,,,,,,,,,,,,,,,,,False,correlation_prescreen,1,2022-09-29,2024-10-01
stock_peer_groups,railroads,CSX/NSC,CSX,NSC,1.0,0.7158117770342559,,,,,,,,,,,,,,,,,,,,,,,,,,,,,,,,,False,correlation_prescreen,1,2022-09-29,2024-10-01
etf_peer_groups,energy_equity,OIH/XLE,XLE,OIH,1.0,0.7368280777252613,,,,,,,,,,,,,,,,,,,,,,,,,,,,,,,,,False,correlation_prescreen,1,2022-09-29,2024-10-01
etf_peer_groups,energy_equity,OIH/VDE,VDE,OIH,1.0,0.7488085197828146,,,,,,,,,,,,,,,,,,,,,,,,,,,,,,,,,False,correlation_prescreen,1,2022-09-29,2024-10-01
etf_peer_groups,energy_equity,OIH/XOP,XOP,OIH,1.0,0.7300216384713075,,,,,,,,,,,,,,,,,,,,,,,,,,,,,,,,,False,correlation_prescreen,1,2022-09-29,2024-10-01
etf_peer_groups,financial_equity,KRE/XLF,XLF,KRE,1.0,0.3881742267380683,,,,,,,,,,,,,,,,,,,,,,,,,,,,,,,,,False,correlation_prescreen,1,2022-09-29,2024-10-01
etf_peer_groups,financial_equity,KRE/VFH,VFH,KRE,1.0,0.4167697198695184,,,,,,,,,,,,,,,,,,,,,,,,,,,,,,,,,False,correlation_prescreen,1,2022-09-29,2024-10-01
stock_peer_groups,mega_cap_platforms,META/MSFT,MSFT,META,1.0,0.9747370835231228,0.0509376226514391,0.0138144950842033,0.440028562765572,3.2857927228143478,0.957389357028378,0.0435451186215756,15.917907735736582,-0.0056200533811637,0.0119239752934476,32.0,46.0,2.9875572915032186e-14,0.0416024147180679,504.0,32.0,3.0,0.8482731134373527,0.1455619161069815,0.3333333333333333,0.6666666666666666,1.0,0.3156271551324566,1.0,1.276724007101322,0.1844768023132929,0.7102872647946755,14.0,0.7550985104149968,-0.0424241030479,2.790127893350151,28.0,1.0130584360244326,True,passed,2,2022-12-29,2024-12-31
etf_peer_groups,us_growth_technology,QQQ/XLK,QQQ,XLK,1.0,0.997868029908435,0.0418226578051436,0.0109756775292773,1.0007095646811313,1.4554736823423071,0.9512804713736523,0.0499463373377858,13.87783804590531,0.0009643291995549,0.0037734075005164,28.0,46.0,-4.8641866548735836e-14,0.0117974382316634,504.0,28.0,3.0,0.9919399473255792,0.0052357899198632,0.3333333333333333,1.0,1.0,0.0578925027037277,1.0,1.588682290269557,0.0864519075711477,0.8226731294076133,10.0,0.0826224182939529,-0.0162724684270056,1.13751835192542,20.0,0.9419424097479772,True,passed,2,2022-12-29,2024-12-31
stock_peer_groups,payments_credit,COF/V,V,COF,1.0,0.9281871319230308,0.0807310026658148,0.0239617447470607,0.4755432875447067,3.252718348924331,0.9590957876822954,0.0417643262062701,16.596632665317184,0.0049639917375169,0.0110479003278859,33.0,33.0,1.458621583305146e-14,0.040010975269001,504.0,33.0,3.0,0.770433994609334,0.1747355524070646,0.6666666666666666,0.6666666666666666,1.0,0.1933763560359203,1.0,1.1591737819558148,0.1403899452538633,0.7785695041269471,13.0,0.1713228207217878,-0.0698541293694473,1.2569419338345815,25.0,0.9171150239269444,True,passed,2,2022-12-29,2024-12-31
etf_peer_groups,financial_equity,VFH/XLF,XLF,VFH,1.0,0.9994104971747464,0.0866031632817309,0.0261576084571565,0.9607954101023336,-0.70301903953833,0.9470992404853736,0.0543513966875018,12.753070257702047,-6.104845568732508e-05,0.0015846407089085,26.0,53.0,-4.2051018751754745e-14,0.0049330366385671,504.0,26.0,3.0,0.9982309521790872,0.0012607188000556,1.0,1.0,1.0,0.0389872351385731,1.0,1.0900292152324933,0.0234192307831532,0.9972158149664564,16.0,-1.536291156565453,-0.0239496219975732,0.0,32.0,0.8972158149664563,True,passed,2,2022-12-29,2024-12-31
stock_peer_groups,payments_credit,AXP/SYF,AXP,SYF,1.0,0.9699010105735142,0.0853778864970704,0.0255836478634672,0.8855648182986618,2.060865853050848,0.9611517617504453,0.0396229618239684,17.493573136691975,0.0040123483789651,0.0145898946300422,35.0,33.0,-2.0653672775566403e-14,0.0563206241936209,504.0,35.0,3.0,0.8962710205717354,0.0908187202776215,0.6666666666666666,1.0,1.0,0.2923614277327254,1.0,1.354157611609331,0.1670775617378191,0.8740266656358185,8.0,-0.4924682467546087,-0.0472948100373258,0.4957054333434265,16.0,0.8749417002897986,True,passed,2,2022-12-29,2024-12-31
etf_peer_groups,us_growth_technology,IYW/QQQ,QQQ,IYW,1.0,0.999405145764068,0.00295264109223,0.0005299132536508,0.8510976767948956,1.9071894894596095,0.9290819611210112,0.073558318956555,9.423097079873882,0.0002642011237533,0.0023245370298629,20.0,44.0,-2.805515960640078e-15,0.0062340379477538,504.0,20.0,3.0,0.9976432593408214,0.0008659066153115,0.3333333333333333,1.0,1.0,0.0163406337061135,1.0,1.1529559304524637,0.0227306168240821,0.8304710864861304,14.0,-0.6541907041816705,-0.0194563266562691,0.3346080610631142,28.0,0.7990728839120356,True,passed,2,2022-12-29,2024-12-31
stock_peer_groups,capital_markets,NTRS/STT,NTRS,STT,1.0,0.9450899811075602,0.0162584706538776,0.0036306564950461,0.9964304451650672,0.1020674229586844,0.9471430576489932,0.0543051331617951,12.763934829048356,-0.0032827719736971,0.0134441008559024,26.0,35.0,2.9822705151954804e-14,0.0424375745640089,504.0,26.0,3.0,0.925875366435651,0.0195303718091509,0.3333333333333333,1.0,1.0,0.194970059594935,1.0,1.619683538938256,0.1403538703500571,0.8007667879072404,15.0,-0.6540592930950848,-0.0589445292525981,0.5545558978804709,29.0,0.7803856888370012,True,passed,2,2022-12-29,2024-12-31
etf_peer_groups,us_growth_technology,IYW/XLK,XLK,IYW,1.0,0.9986365892168556,0.041482790902605,0.0108431704586751,0.8480283204179753,0.4631787601861805,0.953951802717494,0.0471421300705807,14.70334877788026,-0.0005274085509113,0.0028981398806568,29.0,37.0,-3.2122452845821194e-14,0.009409338591234,504.0,29.0,3.0,0.9952688886242764,0.0030417968428971,0.3333333333333333,0.6666666666666666,1.0,0.0573087558453774,1.0,1.6912179349915275,0.0969188436729279,0.755792004455443,9.0,-0.3379318799514652,-0.0102717472197184,0.429841559083119,18.0,0.7765943004168792,True,passed,2,2022-12-29,2024-12-31
etf_peer_groups,developed_international,IEFA/VEA,VEA,IEFA,1.0,0.9995148789865296,0.0051695765851095,0.0009892814048486,0.9913735769044388,-0.3383968801047555,0.9347878545584852,0.0674356689580157,10.278643205741565,2.618815532250907e-05,0.0008080395704809,21.0,55.0,-4.2177020253755857e-14,0.0022656428243063,504.0,21.0,3.0,0.9984112670539824,0.0008871782196681,0.6666666666666666,0.6666666666666666,1.0,0.010508129746878,1.0,1.157237046195287,0.0212692188994362,0.8474758948735519,15.0,-3.14977927751024,-0.0301443192442379,0.0,30.0,0.7474758948735518,True,passed,2,2022-12-29,2024-12-31
stock_peer_groups,large_pharma,LLY/PFE,PFE,LLY,1.0,-0.8519614499749072,0.047648087363512,0.012691442527653,-0.3703310961624622,5.653770606961404,0.9688247367829697,0.0316715536433705,21.88548084394445,-0.0174542301942099,0.0161751382588092,44.0,34.0,1.5245300612749572e-14,0.0776515796366163,504.0,44.0,3.0,0.7098138648579423,0.1407822153846383,0.6666666666666666,0.6666666666666666,1.0,0.8669755038228967,0.6666666666666666,1.1700914514855665,0.3548182899009079,0.7086383038910614,12.0,-0.3702971181230702,-0.1469465971177512,0.6703618863209037,24.0,0.7366118304886461,True,passed,2,2022-12-29,2024-12-31
stock_peer_groups,enterprise_software,INTU/NOW,INTU,NOW,1.0,0.9238876176422688,0.5139386860642902,0.2758070300377344,0.6109373328198514,3.300785972845885,0.980098288374222,0.0201024180872423,34.48078621943689,-0.0119945878586758,0.0149266209391689,69.0,30.0,1.7520376683846516e-14,0.0680920116350078,504.0,69.0,3.0,0.7629214866116044,0.2407411415927843,0.6666666666666666,0.6666666666666666,1.0,0.553374948954892,1.0,1.3065953847374945,0.2987715173756137,0.7608532199153397,12.0,0.7825180355073278,-0.0800538252340861,2.6242781241814157,23.0,1.0594448314505096,False,stability_or_viability_filter,2,2022-12-29,2024-12-31
stock_peer_groups,money_center_banks,C/WFC,C,WFC,1.0,0.9581433108489992,0.2649781361900902,0.1083756651358666,0.8764321204550931,0.5216931993862248,0.974839270905374,0.0254826719270655,27.20072614613632,0.0008660398119413,0.011910581957034,54.0,33.0,-3.540377867415777e-15,0.0534513705800221,504.0,54.0,3.0,0.8404879016789845,0.1639812226613271,0.6666666666666666,0.6666666666666666,1.0,0.2724226678253336,1.0,1.1958570948834877,0.1672298629270522,0.7933989891270409,8.0,0.3231460796049574,-0.0649962009596825,1.6135538119722272,16.0,0.9725485916663958,False,stability_or_viability_filter,2,2022-12-29,2024-12-31
stock_peer_groups,money_center_banks,BAC/C,BAC,C,1.0,0.9654871862796706,0.060835194915567,0.0170059856809742,0.9102756882125336,-0.0721821294238767,0.968757303896452,0.0317411588369874,21.83748816858676,-0.008902690933079,0.0098582961828508,44.0,37.0,-7.810330865299515e-15,0.0458464691331158,504.0,44.0,3.0,0.9083505461330014,0.0817585379672963,0.0,0.3333333333333333,1.0,0.1470242675774808,1.0,1.2362699378705362,0.1025131505005408,0.5835029881498629,15.0,1.065022472417366,-0.0379866028848183,2.8710296990735737,29.0,0.9368078439661464,False,stability_or_viability_filter,2,2022-12-29,2024-12-31
stock_peer_groups,industrial_machinery,CAT/CMI,CAT,CMI,1.0,0.907235261732766,0.6857746312328579,0.4422459357719359,1.1309116797652576,-0.5944651995663908,0.9837138171841776,0.016420260425873,42.212922486160224,-0.0026750562970651,0.0156636968670448,84.0,16.0,6.760024638828731e-14,0.0853966533995552,504.0,84.0,3.0,0.7759203755687687,0.1945956104797285,0.3333333333333333,0.6666666666666666,0.6666666666666666,0.24579235269753,1.0,1.171204733507215,0.1658187358932212,0.6607315536362034,5.0,0.6902381355812259,-0.0445509606380383,21.65611023181032,9.0,0.9267672739733872,False,stability_or_viability_filter,2,2022-12-29,2024-12-31
stock_peer_groups,payments_credit,COF/SYF,COF,SYF,1.0,0.9708712295088496,0.0571128533177921,0.0157465392206564,0.8043298239086363,1.871456295656888,0.9683524039617296,0.0321592042775492,21.55361726545702,0.0065424302053556,0.0108582636026773,43.0,30.0,-6.344131569286609e-16,0.0502850747960212,504.0,43.0,3.0,0.9330919923857992,0.0270482202783074,0.3333333333333333,0.3333333333333333,1.0,0.1970721686672309,1.0,1.1421058560841932,0.0904963358800898,0.6742233645084408,10.0,0.5951853013847549,-0.0658174831938179,2.187340242330687,19.0,0.9228681718326884,False,stability_or_viability_filter,2,2022-12-29,2024-12-31
stock_peer_groups,enterprise_software,INTU/MSFT,MSFT,INTU,1.0,0.9383365566006736,0.1131448817130308,0.0363371237606406,0.9822049855480276,-0.3034077419414715,0.96636086331966,0.0342179500143641,20.25682953739113,0.005618476973535,0.0162586498334339,41.0,27.0,-7.043748300677382e-15,0.0643947756788475,504.0,41.0,3.0,0.6721490050136464,0.2508904820600048,0.3333333333333333,0.3333333333333333,1.0,0.3603242357335756,1.0,1.488397707270025,0.2580046511834185,0.5922367861350698,9.0,0.7787216025304192,-0.0319548861225312,2.9859286073100764,18.0,0.9083414568801365,False,stability_or_viability_filter,2,2022-12-29,2024-12-31
stock_peer_groups,semiconductors,MU/QCOM,QCOM,MU,1.0,0.935029285476598,0.109671241058837,0.0349635624010941,0.7289915681310264,1.6918899136373042,0.9646819870581796,0.0359567790456954,19.277232248168367,-8.22407845898433e-05,0.0197424999128801,39.0,39.0,2.939976304733569e-14,0.0749177247855968,504.0,39.0,3.0,0.7419433417846761,0.2507297302196862,0.3333333333333333,0.6666666666666666,1.0,0.3759840164243135,1.0,1.1421106228466082,0.2246946514198453,0.6796830369708511,11.0,0.5323079991532759,-0.1340401510336232,1.7291881209525908,21.0,0.895988642891472,False,stability_or_viability_filter,2,2022-12-29,2024-12-31
stock_peer_groups,semiconductors,AVGO/NVDA,NVDA,AVGO,1.0,0.9787731321776464,0.0699514232201063,0.0202282237274621,1.5729775309829137,-3.218757987446806,0.964175737391052,0.0364817007880665,18.999859260582493,-0.0034656172497278,0.0359407157328775,38.0,38.0,-1.0712771058248138e-14,0.1302715401271049,504.0,38.0,3.0,0.9207674676076018,0.0334975050871953,0.0,0.3333333333333333,1.0,0.0648498302402597,1.0,1.2795142292992736,0.0638395816979598,0.5904745753987711,11.0,0.6348226730596089,-0.1164162667989174,2.37026270178576,22.0,0.8542111114470005,False,stability_or_viability_filter,2,2022-12-29,2024-12-31
etf_peer_groups,us_growth_technology,VGT/XLK,XLK,VGT,1.0,0.9957021468373254,0.9687234480332374,0.9062252642278518,0.9657112424696056,0.5860130545833915,0.9969545234222,0.0030501234786763,227.2521704140164,-0.010991171481171,0.0018858204970217,90.0,22.0,-1.2764040265650808e-14,0.0166936946971026,504.0,90.0,3.0,0.9943912417909928,0.0046942217446194,0.3333333333333333,0.3333333333333333,1.0,0.1340360011048082,1.0,2.252216594190135,0.1853785847487131,0.6800599519728768,2.0,0.2961603239515434,-0.0032734483815411,inf,3.0,0.8494840005656084,False,stability_or_viability_filter,2,2022-12-29,2024-12-31
stock_peer_groups,money_center_banks,JPM/WFC,JPM,WFC,1.0,0.9630222911969526,0.2621588203408388,0.1068184395194479,0.9882662185276956,1.285661747682425,0.9760678290741892,0.0242231979816063,28.615015287670985,0.0050007082858435,0.0119291648235812,57.0,26.0,-7.556565602528051e-15,0.0564334477601224,504.0,57.0,3.0,0.8649404937799146,0.1059250312203424,0.3333333333333333,0.3333333333333333,1.0,0.0869251955040361,1.0,1.1412342044958266,0.0799760982965513,0.6582375136153235,9.0,0.4007967671558131,-0.0745421319536554,1.5871261727668449,18.0,0.8477133373270377,False,stability_or_viability_filter,2,2022-12-29,2024-12-31
stock_peer_groups,railroads,CSX/NSC,CSX,NSC,1.0,0.81949465599817,0.1210231389901656,0.0392519761605375,0.5965514513591259,0.2504858737123778,0.9696589754746324,0.0308108409761555,22.496860150502563,0.0043402466228399,0.0089930348740027,45.0,30.0,7.942500272992986e-15,0.0405499939301261,504.0,45.0,3.0,0.7216258395081437,0.1630582947294173,0.3333333333333333,0.3333333333333333,1.0,0.3268178517341569,1.0,1.110453134249046,0.1755646192933076,0.6128499979477051,11.0,0.5593099139681323,-0.0536737706708191,1.938561618746541,22.0,0.843674565980252,False,stability_or_viability_filter,2,2022-12-29,2024-12-31
stock_peer_groups,mega_cap_platforms,AMZN/META,META,AMZN,1.0,0.9756875597192628,0.0253582732845223,0.0060535330803834,1.59270881836207,-2.093822069853147,0.9580458721154054,0.0428596189474055,16.172499839779924,0.0031382041982766,0.0251559876659185,32.0,34.0,6.583798761904103e-15,0.0904278456876807,504.0,32.0,3.0,0.9104266941694478,0.057231908180162,0.0,1.0,1.0,0.138702450188336,1.0,1.386609050680479,0.1082680139762192,0.7167798721447399,12.0,0.0552936102514365,-0.0717198529437171,1.121042173462179,23.0,0.8311260223555643,False,stability_or_viability_filter,2,2022-12-29,2024-12-31
stock_peer_groups,capital_markets,MS/NTRS,MS,NTRS,1.0,0.8973124668887232,0.1271159144691162,0.0419156327468908,1.0361780811995125,-0.0552286008548577,0.9655523351343208,0.0350549733684062,19.773148114402883,0.0141494643306396,0.0160996624066343,40.0,36.0,1.1907582503797115e-14,0.0661871833607148,504.0,40.0,3.0,0.8612502042433046,0.0766546181111446,0.3333333333333333,0.6666666666666666,1.0,0.3695694221317053,1.0,1.2822037959934265,0.1800973240802195,0.7139694853194708,9.0,0.0535974175832776,-0.0913540110407774,1.1064666681520443,18.0,0.8273324313645647,False,stability_or_viability_filter,2,2022-12-29,2024-12-31
etf_peer_groups,us_growth_technology,QQQ/VGT,QQQ,VGT,1.0,0.9972775249867046,0.1639641816552484,0.0578733777959398,0.9699934855194752,2.02726628385793,0.97015493962247,0.0302994886708807,22.87653062693734,0.0003850999144396,0.0031766936925458,46.0,33.0,7.360954879141713e-15,0.0133295325134446,504.0,46.0,3.0,0.9958326691501656,0.0008420240208943,0.6666666666666666,0.6666666666666666,1.0,0.0909851192034199,1.0,1.2095349542975506,0.0538907093300548,0.8435690963545358,6.0,-0.5655523512977799,-0.0200195586786277,0.5097460382788628,12.0,0.8092235455738119,False,stability_or_viability_filter,2,2022-12-29,2024-12-31
etf_peer_groups,broad_us_equity,IVV/SPY,SPY,IVV,1.0,0.9999986813345804,0.3516648642022696,0.1606713736475613,0.9959953812934638,0.0218828648567711,0.3193640310217618,1.1414236637513169,0.6072654725607319,-1.0071138698456594e-06,0.0002166290947065,20.0,53.0,1.2171216415676358e-13,0.0002292568572833,504.0,20.0,3.0,0.9999943957367068,1.8968124828444785e-06,1.0,1.0,0.0,0.0005833933867852,1.0,1.0383888757118886,0.0044605273677436,0.8995525461974022,18.0,-4.316649563523117,-0.0333018634307563,0.0,36.0,0.7995525461974021,False,stability_or_viability_filter,2,2022-12-29,2024-12-31
etf_peer_groups,broad_us_equity,IVV/VOO,IVV,VOO,1.0,0.9999989910988122,0.0,0.0,0.999889177047461,0.0895949738976384,0.0148741584574398,4.208129903440588,0.1647162032695865,8.9547021685381e-07,0.0002005251119092,20.0,63.0,-1.4908532961946606e-13,0.0002013360199147,504.0,20.0,3.0,0.999995698067818,7.740431704881158e-07,1.0,1.0,0.0,0.0001435518198623,1.0,1.1341731446665784,0.0149562358061863,0.8985033009363358,19.0,-4.416849101454412,-0.0336355661231088,0.0,37.0,0.7985033009363357,False,stability_or_viability_filter,2,2022-12-29,2024-12-31
etf_peer_groups,intermediate_treasuries,SCHR/VGIT,VGIT,SCHR,1.0,0.9999618652612584,1.6289659104789365e-15,1.3124459884393026e-16,0.9984649110536976,0.8767096709719874,0.1612323400951467,1.824908848093664,0.3798256451460689,-4.95467425271106e-07,0.0002162390262116,20.0,69.0,6.604857754196596e-14,0.0002190353871625,504.0,20.0,3.0,0.9999307192842148,6.612099465541148e-06,1.0,1.0,0.0,0.0022551729327775,1.0,1.2032061445501054,0.0233323888496483,0.8976494409360889,25.0,-5.054625208020254,-0.0446583047992745,0.0,50.0,0.7976494409360888,False,stability_or_viability_filter,2,2022-12-29,2024-12-31
stock_peer_groups,mega_cap_platforms,AMZN/MSFT,MSFT,AMZN,1.0,0.9671053938330988,0.3374303662300069,0.1504662436646991,0.7126770956550852,2.3052675089693606,0.9728500038105992,0.0275253671478078,25.18212297906258,-0.0076324084556615,0.0120884428927626,50.0,32.0,-1.7370584688460585e-14,0.047380355520438,504.0,50.0,3.0,0.8786862205352081,0.0939699872786977,0.0,0.6666666666666666,1.0,0.3208911562548727,1.0,1.575760570928372,0.2022604446143426,0.6327788440057012,12.0,0.2899463025017058,-0.0405942662317889,1.3989910524385438,23.0,0.7962203420028843,False,stability_or_viability_filter,2,2022-12-29,2024-12-31
etf_peer_groups,short_treasuries,SCHO/VGSH,VGSH,SCHO,1.0,0.9999536355949326,6.590871937517115e-26,8.092370781706254e-27,0.99848333968917,0.885366371936134,0.161065791293151,1.825942355896536,0.3796106587491973,8.5337048008475e-07,0.0002430913529146,20.0,68.0,-1.1110336636590099e-13,0.0002448843857668,504.0,20.0,3.0,0.9998554282973604,4.6977878844647726e-05,1.0,1.0,0.0,0.0005736080395137,1.0,1.7130588216602294,0.0794356199350338,0.8920202950808367,19.0,-4.4834587105368096,-0.0343831390648641,0.0,38.0,0.7920202950808366,False,stability_or_viability_filter,2,2022-12-29,2024-12-31
stock_peer_groups,payments_credit,MA/V,V,MA,1.0,0.9758415595921404,0.0297169288311315,0.0073014540634915,0.8603344691743122,0.328014507907466,0.9634623184235428,0.0372219009495342,18.622025282903213,0.0036106828143147,0.0062639696598795,37.0,38.0,1.5809223418908382e-14,0.0234916713539663,504.0,37.0,3.0,0.9230713854388732,0.0298601250956289,0.0,0.0,1.0,0.073502360344057,1.0,1.186876337975045,0.0552181993660114,0.5252460264231171,11.0,0.5676467679909241,-0.0194991388079595,2.1467409812687808,22.0,0.7677300906851948,False,stability_or_viability_filter,2,2022-12-29,2024-12-31
stock_peer_groups,semiconductors,NXPI/QCOM,QCOM,NXPI,1.0,0.9069601113453346,0.3124300975997461,0.1350678052527766,1.2200702860428825,-1.5859995611680382,0.9767643869488936,0.0235098157478128,29.483309779849236,-6.078961539428148e-05,0.0190849549310005,59.0,30.0,-1.0277493142244306e-14,0.0889994622162246,504.0,59.0,3.0,0.7774409040388259,0.2011502737360227,0.3333333333333333,0.6666666666666666,1.0,0.4784609496821774,1.0,1.582831814220301,0.2912961649416557,0.6818972761822075,10.0,-0.1301027899446912,-0.2400158567728743,0.9153803187483328,20.0,0.7581508736279204,False,stability_or_viability_filter,2,2022-12-29,2024-12-31
etf_peer_groups,intermediate_treasuries,GOVT/SCHR,SCHR,GOVT,1.0,0.9882840514458046,0.3635918009504635,0.1670354373083517,1.011273316174925,0.0321271542937221,0.9551999184443626,0.0458346217244955,15.122786105366831,-0.0005663410297273,0.001341173163427,30.0,52.0,-2.4046020906365493e-15,0.0038337307913695,504.0,30.0,3.0,0.9860875339778588,0.0088191632175568,0.6666666666666666,0.6666666666666666,0.6666666666666666,0.0684399919166898,1.0,1.9943941017215672,0.1362412852360341,0.7995644216375278,14.0,-0.8258193292878175,-0.0249039599779939,0.3894377906513272,27.0,0.7451634117769216,False,stability_or_viability_filter,2,2022-12-29,2024-12-31
etf_peer_groups,intermediate_treasuries,GOVT/IEI,IEI,GOVT,1.0,0.968327521961056,0.4427488320756168,0.2203914132174297,0.9797163484741126,1.6896063388044524,0.974782082639477,0.0255413379504032,27.138248665982776,-0.0004585831835835,0.0014599488971466,54.0,40.0,1.1657694210317993e-13,0.0062011850795305,504.0,54.0,3.0,0.9617715036873896,0.0272860973964233,0.6666666666666666,0.6666666666666666,1.0,0.1245790788632957,1.0,1.6871565659130718,0.1269724549658032,0.827745630425267,11.0,-1.1341942812799417,-0.0247023973206256,0.3242728808069067,21.0,0.7439592744656124,False,stability_or_viability_filter,2,2022-12-29,2024-12-31
etf_peer_groups,intermediate_treasuries,GOVT/VGIT,VGIT,GOVT,1.0,0.988322673194128,0.3121441462888256,0.1358483229908577,1.0097988895950856,0.908550715096734,0.9574358048335952,0.0434966047351368,15.935661755226995,-0.0006136525833406,0.0013202654335788,32.0,50.0,2.1154947282478509e-13,0.0038217140543704,504.0,32.0,3.0,0.9860073477650928,0.0088227320820907,0.6666666666666666,0.6666666666666666,0.6666666666666666,0.0662920700337734,1.0,1.9357554769660796,0.1290110981459635,0.8002673937933434,14.0,-0.839425184090282,-0.0246895687956936,0.3850536907788695,27.0,0.7436063007187446,False,stability_or_viability_filter,2,2022-12-29,2024-12-31
stock_peer_groups,capital_markets,NTRS/SCHW,SCHW,NTRS,1.0,0.7888020272817269,0.2346756102342651,0.0916561210047083,0.9165863739493848,0.1445525868684808,0.9738540863378864,0.0264937952500458,26.16262313564708,-0.0202770113769254,0.0194278942467285,52.0,22.0,3.0551399153038145e-14,0.0927441019027162,504.0,52.0,3.0,0.7689206921276934,0.1433035733588359,0.0,0.3333333333333333,1.0,0.3693074240001841,1.0,1.7012546943336722,0.2487875207123036,0.5340180876273596,9.0,0.4577516367601724,-0.0694784816506454,1.6970980220383394,18.0,0.7375357342433024,False,stability_or_viability_filter,2,2022-12-29,2024-12-31
stock_peer_groups,semiconductors,NVDA/NXPI,NVDA,NXPI,1.0,0.8787433532248069,0.6545348757580882,0.4089842156670764,3.556192951021836,-14.827526182090484,0.9829729589723434,0.0171736678884749,40.361044889257975,0.1283026004620127,0.0658811924778407,81.0,33.0,-9.36111858223624e-15,0.3033856904870589,504.0,81.0,3.0,0.6704138297930627,0.2469195239722565,0.0,0.0,1.0,0.3370563527782492,1.0,1.5185928289512955,0.2522800510225347,0.4423754523460123,3.0,0.9450291325537185,-0.0322708130694402,inf,6.0,0.72162982222907,False,stability_or_viability_filter,2,2022-12-29,2024-12-31
etf_peer_groups,broad_us_equity,SPY/VOO,SPY,VOO,1.0,0.9999989067276124,0.0071673244514428,0.0014297598684365,0.9958862313612292,0.1111116011341939,0.1910354065640198,1.6552964934345382,0.4187450304578061,6.029441730440273e-08,0.0002051067946344,20.0,61.0,-3.8207532376028604e-14,0.0002087465180154,504.0,20.0,3.0,0.9999952272191304,1.517540582725063e-06,0.6666666666666666,1.0,0.0,0.0004394110878879,1.0,1.0692991568968349,0.0078468825313607,0.8158807852183132,12.0,-3.360082039264753,-0.021603933541112,0.0,24.0,0.7158807852183131,False,stability_or_viability_filter,2,2022-12-29,2024-12-31
etf_peer_groups,energy_equity,OIH/XOP,XOP,OIH,1.0,0.8122445019926497,0.4089407316751552,0.1954068578235386,0.7306304525120457,0.7188059407748497,0.98274937967679,0.0174011458919769,39.833421595501385,0.009444461105192,0.0081964227841372,80.0,15.0,3.984819529019689e-14,0.0432488495501378,504.0,80.0,3.0,0.8351008389015068,0.1134129728927576,0.3333333333333333,0.3333333333333333,1.0,0.0762435580619932,1.0,1.278686563682031,0.0941840173940315,0.6493568079859735,8.0,-0.1683098379561395,-0.0753625163429858,0.7734221746750585,16.0,0.7127814410263055,False,stability_or_viability_filter,2,2022-12-29,2024-12-31
stock_peer_groups,mega_cap_platforms,AMZN/GOOGL,GOOGL,AMZN,1.0,0.9646908653366,0.0588442169094522,0.0163870872003901,0.783322813695567,1.0059031419531548,0.958241445595285,0.0426555018729448,16.249889231747357,0.0006560429303032,0.0154771515430251,32.0,34.0,-7.577712707759005e-17,0.054056312688216,504.0,32.0,3.0,0.8542694481619518,0.0754340578438009,0.0,0.3333333333333333,1.0,0.0869950655431411,1.0,1.0832627142727804,0.0633944538259562,0.573894583324559,14.0,0.1297876546936401,-0.1303670963725851,1.1667671358533611,28.0,0.701701088321273,False,stability_or_viability_filter,2,2022-12-29,2024-12-31
stock_peer_groups,enterprise_software,CRM/NOW,CRM,NOW,1.0,0.9365372167304884,0.0555761058078008,0.0152549561692989,0.7294752708358161,1.8955482105714525,0.9676547172883329,0.0328799523532576,21.08114917907628,0.012363385488928,0.0161772024288523,42.0,27.0,2.7137022787623468e-14,0.0734783091465188,504.0,42.0,3.0,0.8390464354789656,0.0941899878549766,0.0,0.3333333333333333,1.0,0.2287296525124456,1.0,1.071250468139388,0.1155565988046282,0.5648726156559453,9.0,0.1394689648831391,-0.0825040921895268,1.275254030320956,18.0,0.6995556619044638,False,stability_or_viability_filter,2,2022-12-29,2024-12-31
stock_peer_groups,enterprise_software,ADSK/NOW,NOW,ADSK,1.0,0.9025478854144826,0.1348469987376485,0.0452133299024766,1.805449462424857,-4.936612801323708,0.9689963240370122,0.0314944606620213,22.00854264495473,0.0117946706153523,0.0277421636797585,44.0,32.0,4.0736373709897016e-14,0.1158682828397032,504.0,44.0,3.0,0.7829262469815951,0.1059499127973498,0.0,0.3333333333333333,1.0,0.2152785994747893,1.0,1.5136561072688373,0.1641490715650283,0.5459833212555626,14.0,0.2490655098530379,-0.1499857542299263,1.282420675451496,28.0,0.697464181506093,False,stability_or_viability_filter,2,2022-12-29,2024-12-31
etf_peer_groups,physical_gold,GLD/IAU,GLD,IAU,1.0,0.9999945002224676,0.1718699232508589,0.0614756107517729,0.9935592672361352,1.6124714549792871,0.7200843023662171,0.3283869872063933,2.110763238387086,-1.0193759243392156e-06,0.0002807588830977,20.0,68.0,-6.422552084518068e-14,0.000404280852217,504.0,20.0,3.0,0.9999626156489138,4.492128789870616e-05,0.6666666666666666,0.6666666666666666,0.3333333333333333,0.0005267435563496,1.0,1.1866914891808138,0.0209340537459509,0.7812305818709666,24.0,-4.838626783383973,-0.0426123705920635,0.0,48.0,0.6812305818709665,False,stability_or_viability_filter,2,2022-12-29,2024-12-31
stock_peer_groups,big_box_retail,COST/WMT,WMT,COST,1.0,0.932922784917684,0.931430198228888,0.8127325444201626,0.763297601938965,-0.8800893062321935,0.9948509532560652,0.0051623487665917,134.26973106615108,0.0434284641714933,0.0103140017123913,90.0,23.0,-7.951311566839217e-15,0.0738289631913847,504.0,90.0,3.0,0.8480868140036198,0.1022520940139981,0.0,0.3333333333333333,1.0,0.595730083499607,1.0,1.9855403366887328,0.342165207692172,0.5444718493983544,2.0,0.0565070903697403,-0.0128451215527158,5.326120157683285,3.0,0.6779479129538154,False,stability_or_viability_filter,2,2022-12-29,2024-12-31
stock_peer_groups,oilfield_services,HAL/SLB,SLB,HAL,1.0,0.9174850813273416,0.3554815217438782,0.1612291598481484,0.8545548669924048,0.8539530040239554,0.9687856057772944,0.0317119446392494,21.85760565758702,-0.0002978260722889,0.0107020063817642,44.0,33.0,2.105899229249305e-15,0.0430018437247238,504.0,44.0,3.0,0.9003403566696088,0.0551537918532972,0.3333333333333333,0.6666666666666666,1.0,0.1775979489433297,1.0,1.1639742078063895,0.0958032700218078,0.7321714288318881,8.0,-0.8092943934901,-0.0927833801520857,0.2767020680955509,15.0,0.6746123732131506,False,stability_or_viability_filter,2,2022-12-29,2024-12-31
stock_peer_groups,railroads,CSX/UNP,UNP,CSX,1.0,0.844014608202693,0.3486723699571676,0.1572431858865719,1.13107895466397,1.4411811597894069,0.9716491780633298,0.0287604675902408,24.100692326544348,0.0044458278341355,0.0122114054382676,48.0,29.0,-3.673252178616946e-14,0.0508554463397391,504.0,48.0,3.0,0.6764385472853948,0.1233369371540142,0.3333333333333333,0.3333333333333333,1.0,0.2229375085798065,1.0,1.4426674199109484,0.1646100841236012,0.6026486284089886,10.0,-0.1465623406030169,-0.0478105110452771,0.8660944318334,20.0,0.673968998910206,False,stability_or_viability_filter,2,2022-12-29,2024-12-31
stock_peer_groups,semiconductors,ADI/TXN,TXN,ADI,1.0,0.9036959930739158,0.1402195645886041,0.047427141931646,0.8480465574767099,0.6592503403380835,0.974915592027101,0.0254043840117824,27.284549794179902,-0.0050063792547206,0.009647491837931,55.0,21.0,3.8352037595106804e-14,0.0451304850611662,504.0,55.0,3.0,0.8058467547409137,0.1695215420669865,0.0,0.0,1.0,0.2276426676453056,1.0,1.242667678907755,0.1593511453382924,0.4855265741513992,7.0,0.3660033464934256,-0.0500592456590917,1.8718694937039155,14.0,0.6715205508106089,False,stability_or_viability_filter,2,2022-12-29,2024-12-31
stock_peer_groups,semiconductors,MU/NXPI,MU,NXPI,1.0,0.9139693534880844,0.0837973305103276,0.025125475013924,1.576997501247567,-3.9823505989904016,0.9617730761066492,0.0389767437653176,17.783609239741647,0.0015182276614843,0.0301874644152387,36.0,35.0,3.4667154508612824e-14,0.109971152970301,504.0,36.0,3.0,0.7886029389145027,0.0653704865325838,0.0,0.3333333333333333,1.0,0.3174220006211176,1.0,1.5555905571740636,0.1893297798483519,0.5448844234104572,6.0,0.2103311348339044,-0.0894789966148355,1.3577526970813598,12.0,0.6693217284896109,False,stability_or_viability_filter,2,2022-12-29,2024-12-31
etf_peer_groups,us_growth_technology,IYW/VGT,VGT,IYW,1.0,0.9976293667968146,0.6338612719824059,0.3858448676966457,0.8734826093666317,-0.104946901551162,0.9856983299256972,0.0144049246150125,48.11876487278244,0.0010312156030307,0.0022831789316014,90.0,29.0,-2.7608427008396848e-14,0.012789413004058,504.0,90.0,3.0,0.9963122850384064,0.0009414232649696,0.0,0.6666666666666666,1.0,0.0863267302860913,1.0,1.4233924079999087,0.076132985405899,0.674798106052345,2.0,-0.1537042245768719,-0.0122054060493197,0.7259928041313249,4.0,0.6630421125723805,False,stability_or_viability_filter,2,2022-12-29,2024-12-31
stock_peer_groups,capital_markets,MS/STT,MS,STT,1.0,0.9080017424565152,0.0755072565191711,0.0221336909613578,1.1054808169087096,-0.2610119434623535,0.963133014483174,0.0375637516100763,18.4525546797091,0.0071762402981077,0.0163935987537397,37.0,31.0,-1.5296406117057712e-14,0.0628238855984202,504.0,37.0,3.0,0.8366348303028488,0.0672178527672412,0.0,0.3333333333333333,1.0,0.2607158395427702,1.0,1.2140682184862523,0.1330965883795874,0.56251571540442,11.0,-0.01382993798988,-0.1106932931409422,1.025030851002705,22.0,0.6616927672560733,False,stability_or_viability_filter,2,2022-12-29,2024-12-31
stock_peer_groups,enterprise_software,CRM/INTU,CRM,INTU,1.0,0.9054455255726244,0.689351084807977,0.4474244864159646,1.0665232869860084,-1.244579540818323,0.9726476447915068,0.0277333951759757,24.99323202809257,0.0294331551231035,0.0199909969882461,50.0,28.0,2.934337076671981e-14,0.0889663931243619,504.0,50.0,3.0,0.7487543865460301,0.1633243096119053,0.0,0.6666666666666666,1.0,0.1899009018517255,1.0,1.3388497082292046,0.1553917047355663,0.6049827594962842,9.0,-0.2411843637648317,-0.111788910252455,0.7772772676169771,18.0,0.6576689683124083,False,stability_or_viability_filter,2,2022-12-29,2024-12-31
etf_peer_groups,physical_gold,IAU/SGOL,IAU,SGOL,1.0,0.999994624159726,8.034117298439472e-07,8.128143865305458e-08,0.9967064125185476,0.6925280071819093,0.1416253205907181,1.954570295977442,0.3546289340355067,-1.9975447842841577e-06,0.0003971457119866,20.0,62.0,-8.220937158533898e-15,0.0004022885168275,504.0,20.0,3.0,0.9999593642044918,4.408757135003711e-05,0.6666666666666666,0.6666666666666666,0.0,0.0001515683614394,1.0,1.2750028566889884,0.0306210916097063,0.7469277318901523,24.0,-4.723552283413754,-0.039533989632753,0.0,48.0,0.6469277318901522,False,stability_or_viability_filter,2,2022-12-29,2024-12-31
etf_peer_groups,broad_us_equity,SCHB/VTI,VTI,SCHB,1.0,0.9999950178965462,0.0005685556032313,8.662121230487692e-05,0.996417149148948,2.557539877739843,0.2093149565960006,1.563915191997329,0.4432127676147857,-6.136087035054608e-07,0.0004266945128807,20.0,66.0,-1.804024302077417e-14,0.0004359706390005,504.0,20.0,3.0,0.9999803880033652,1.0144321926791824e-05,0.6666666666666666,0.6666666666666666,0.0,0.0007261158353386,1.0,1.3562143764604948,0.039824795214699,0.7460126174793713,23.0,-4.752284851335757,-0.0387761201057844,0.0,46.0,0.6460126174793712,False,stability_or_viability_filter,2,2022-12-29,2024-12-31
etf_peer_groups,physical_gold,GLD/SGOL,GLD,SGOL,1.0,0.9999877123725204,0.1490194295994533,0.0510059750652783,0.9902854945323264,2.3005433017931107,0.6457056409750991,0.4374115431712136,1.5846568097738345,-7.334879220112805e-06,0.0004605755255701,20.0,69.0,-7.393204214618921e-14,0.0006042878920956,504.0,20.0,3.0,0.9999096920311772,0.0001102093178485,0.6666666666666666,0.6666666666666666,0.0,0.0006765560586555,1.0,1.3675376653785205,0.0410997735008925,0.745867445657705,29.0,-5.185678771627833,-0.0479709717273927,0.0,58.0,0.6458674456577049,False,stability_or_viability_filter,2,2022-12-29,2024-12-31
etf_peer_groups,short_treasuries,SCHO/SHY,SHY,SCHO,1.0,0.999930799600018,0.1504390733556809,0.0536838172935608,0.9739435747106168,1.308036767339372,0.4823800825914448,0.7290229225818957,0.9507892812274084,4.60095477266596e-06,0.0002653166207971,20.0,56.0,-1.4308836302772097e-13,0.0002918256516581,504.0,20.0,3.0,0.999759666313038,0.0001139200668225,0.6666666666666666,0.6666666666666666,0.0,0.0016626077662338,1.0,1.5125586203606836,0.0575431337622058,0.7441856032020389,16.0,-3.935174493955359,-0.0287152134539832,0.0,32.0,0.6441856032020388,False,stability_or_viability_filter,2,2022-12-29,2024-12-31
stock_peer_groups,semiconductors,AVGO/NXPI,AVGO,NXPI,1.0,0.8586002373062409,0.9720599609382888,0.9151339591962422,2.162090099538561,-6.85499285792271,0.996738195589786,0.0032671356904381,212.15745112410556,0.4786233203565305,0.0395087643817632,90.0,26.0,-9.974384633933944e-15,0.20276147505826,504.0,90.0,3.0,0.6027111521916825,0.3786035948770749,0.0,0.0,0.6666666666666666,0.6189462188968324,1.0,1.1902440352161068,0.3536548307264254,0.3819789716419447,4.0,0.7449385833489578,-0.0489187082925799,4.569962698905885,8.0,0.6437197591442884,False,stability_or_viability_filter,2,2022-12-29,2024-12-31
stock_peer_groups,payments_credit,AXP/V,V,AXP,1.0,0.9007842451835748,0.2882566816433645,0.1212633245273222,0.4187500697384096,3.321828712014064,0.978409082087537,0.0218274120607437,31.75581139124406,0.0118013204643127,0.0091121281379796,64.0,23.0,2.8287777763941292e-14,0.0466938994254192,504.0,64.0,3.0,0.6466191612362446,0.2497394246678645,0.0,0.3333333333333333,1.0,0.1631606705444346,1.0,1.2208147922589692,0.1621683419884296,0.5121046227768848,8.0,0.1281819246982997,-0.0532879728720238,1.1997242938716606,16.0,0.6413181261752129,False,stability_or_viability_filter,2,2022-12-29,2024-12-31
stock_peer_groups,enterprise_software,ADSK/INTU,INTU,ADSK,1.0,0.7847090582229699,0.7397866725967753,0.5070192982716409,1.0380093540150443,0.6383301051794787,0.9859408831214836,0.0141588824431941,48.954935768474,0.0029442703891456,0.0181659912326211,90.0,16.0,1.9783116943558743e-14,0.1102999332883801,504.0,90.0,3.0,0.6392088188681688,0.1380435284063458,0.3333333333333333,0.3333333333333333,1.0,0.6110847182022656,1.0,1.5846041070827392,0.3146654274342859,0.5783356619736136,10.0,-0.2063908017515514,-0.108703844038284,0.8637444937927373,20.0,0.6405642664005178,False,stability_or_viability_filter,2,2022-12-29,2024-12-31
stock_peer_groups,payments_credit,COF/MA,MA,COF,1.0,0.9247732461711152,0.033277284933864,0.0083337652565743,0.5374050665906108,3.4727701504615496,0.967162602805696,0.0333886458491635,20.75996683696919,0.0031623660750771,0.0116640205126768,42.0,29.0,-2.3104974723587984e-14,0.0464078390011435,504.0,42.0,3.0,0.7370305079394076,0.1956049840582768,0.0,0.3333333333333333,1.0,0.2623077378797054,1.0,1.107366655533085,0.1645672023718924,0.5344675734143293,11.0,0.0224991439685496,-0.0935894198568054,1.0538241542694342,21.0,0.6405336527230835,False,stability_or_viability_filter,2,2022-12-29,2024-12-31
stock_peer_groups,mega_cap_platforms,GOOGL/MSFT,MSFT,GOOGL,1.0,0.9495084246968792,0.2733743945409417,0.1131368148087871,0.861718088503735,1.6267833933428375,0.9721683007831255,0.0282263405564149,24.556749720162177,-0.005747646589927,0.0144683425819429,49.0,23.0,-1.1787748907488367e-14,0.0584378424760586,504.0,49.0,3.0,0.8154214727627371,0.0757196579195183,0.3333333333333333,0.3333333333333333,1.0,0.3592275107824899,1.0,1.5823357987053606,0.209686367201265,0.6328867314705577,11.0,-0.504639056120533,-0.0859434178054467,0.6272841488533121,21.0,0.6385550804951434,False,stability_or_viability_filter,2,2022-12-29,2024-12-31
stock_peer_groups,industrial_machinery,CAT/PCAR,CAT,PCAR,1.0,0.9099128763411668,0.3762195302032944,0.1743064948405756,0.9689531476380172,1.354560034192287,0.981499665456916,0.0186736061144659,37.11908542522935,-0.0086421045498401,0.0152193092517822,74.0,21.0,-2.565143864514885e-14,0.0842142130494608,504.0,74.0,3.0,0.700910126917908,0.1750779238483535,0.0,0.0,1.0,0.1960458542331644,1.0,1.0345768744953645,0.127549800971102,0.4624725516323668,8.0,0.2407618456701701,-0.0638197992078232,1.7547926012869537,15.0,0.6363264585472399,False,stability_or_viability_filter,2,2022-12-29,2024-12-31
stock_peer_groups,money_center_banks,C/JPM,JPM,C,1.0,0.933775787098331,0.6814757152857032,0.4369201844718617,1.0475925593639237,1.0088072758894238,0.9859550294160851,0.0141445345311041,49.004594604064025,0.0126704391865318,0.0122192008798762,90.0,25.0,2.4948297396219593e-14,0.0749575582598439,504.0,90.0,3.0,0.6827805230899647,0.386947106452062,0.3333333333333333,0.6666666666666666,0.6666666666666666,0.6132651596400389,1.0,1.4675440245826326,0.3853534247621039,0.6154931216296141,9.0,-0.4775429196139868,-0.1323494794956354,0.6056931636886356,18.0,0.6241463418719478,False,stability_or_viability_filter,2,2022-12-29,2024-12-31
stock_peer_groups,payments_credit,AXP/COF,AXP,COF,1.0,0.9597170726836316,0.3431999293817452,0.1535414455563393,1.057702723513218,0.2072369253323181,0.9707492580079718,0.0296870747198959,23.348450027493094,-0.0004847167452549,0.0156065321410085,47.0,25.0,5.04305591995208e-14,0.064987001655233,504.0,47.0,3.0,0.8801608537423197,0.0584173464375276,0.0,0.3333333333333333,1.0,0.2837990346833505,1.0,1.1742242040936255,0.1334303719395844,0.5733638429082881,11.0,-0.2833296127651409,-0.1045563148036986,0.7803706776627496,21.0,0.6198829348766544,False,stability_or_viability_filter,2,2022-12-29,2024-12-31
stock_peer_groups,semiconductors,MU/NVDA,NVDA,MU,1.0,0.8961034689447726,0.8226409728435435,0.6210005310223548,2.101754813029866,-5.171652902036032,0.9893874755095,0.0106692389410781,64.96688136688256,0.2090520486947145,0.0505355147489771,90.0,16.0,-2.8619082412559588e-15,0.2821240615288991,504.0,90.0,3.0,0.7277424924847505,0.2283693283439941,0.3333333333333333,0.3333333333333333,1.0,0.5033761721185184,1.0,1.820448902551062,0.3350761559931777,0.5984280075218699,5.0,-0.2004248327311358,-0.1300845413434125,0.7749159127553319,10.0,0.6196100782499661,False,stability_or_viability_filter,2,2022-12-29,2024-12-31
stock_peer_groups,semiconductors,ADI/NVDA,NVDA,ADI,1.0,0.859296705531888,0.4417308242761344,0.2190268221542076,4.8629527311524114,-21.391146729259987,0.9682976188659858,0.0322157814547496,21.51576492203177,0.0486436773194503,0.0801408027805225,43.0,31.0,2.3663610753439054e-14,0.3251135500594171,504.0,43.0,3.0,0.6631532289352469,0.2324217703437997,0.0,0.3333333333333333,1.0,0.1622780499386281,1.0,1.4925918530048805,0.1862990348724626,0.5138250704132321,9.0,-0.0174919984703608,-0.1247187943830654,1.0196587020885377,18.0,0.6121842057471047,False,stability_or_viability_filter,2,2022-12-29,2024-12-31
etf_peer_groups,us_real_estate,IYR/VNQ,VNQ,IYR,1.0,0.9996109185006632,0.0775932414326356,0.0229262764792717,1.0120074467554785,-0.126337421414792,0.92768687039839,0.0750610272759364,9.234448364419851,6.896411600867294e-05,0.0008916234533713,20.0,66.0,7.145783083416741e-14,0.002367415910952,504.0,20.0,3.0,0.9993043280239232,0.0004243368729446,0.3333333333333333,0.3333333333333333,1.0,0.0032261289284271,1.0,1.098958472108606,0.0122122077236357,0.6986048612336172,15.0,-2.0706204702186444,-0.0231228350643989,0.0611254227057095,30.0,0.6016611323689026,False,stability_or_viability_filter,2,2022-12-29,2024-12-31
stock_peer_groups,semiconductors,AMD/NXPI,AMD,NXPI,1.0,0.8729427401997567,0.2021843387569189,0.0757187923330667,1.48160042180773,-3.046796204329188,0.9737120952796178,0.0266396090969492,26.019420106255417,0.0122681715476274,0.0284687834117258,52.0,28.0,-5.80576151528187e-14,0.1300446983557102,504.0,52.0,3.0,0.6383259120831818,0.1911448550078194,0.0,0.0,1.0,0.3754074124295751,1.0,1.0570063573631816,0.195184795519485,0.4400629984688469,13.0,0.273410412457468,-0.1012959540856551,1.3423414694926166,26.0,0.5981916338120981,False,stability_or_viability_filter,2,2022-12-29,2024-12-31
stock_peer_groups,enterprise_software,MSFT/NOW,MSFT,NOW,1.0,0.9213795366857256,0.770069117569091,0.5465371206401792,0.6377633797793528,2.7546261314165523,0.9864073346749728,0.0136858913577696,50.64684224359547,-0.0088970270546668,0.0129641526254791,90.0,26.0,-3.4936780100307513e-14,0.0723929934161067,504.0,90.0,3.0,0.747788688487309,0.2620496709787748,0.0,0.3333333333333333,1.0,0.561951409668192,1.0,1.302806271990441,0.3083121682145935,0.5227826219670346,6.0,-0.0100721511141051,-0.0819974558312993,1.0235927662366755,11.0,0.5974514376117527,False,stability_or_viability_filter,2,2022-12-29,2024-12-31
stock_peer_groups,mega_cap_platforms,GOOGL/META,GOOGL,META,1.0,0.9486147551188696,0.1484873294293383,0.051088526967229,0.4718640246594496,2.1527665063995944,0.97097246861688,0.0294571647314247,23.530682157624646,0.0009240697151457,0.0156727864192254,47.0,24.0,6.2630676659012805e-15,0.0649438418889103,504.0,47.0,3.0,0.7652937237066045,0.1600751384448741,0.0,0.3333333333333333,1.0,0.0790042086080337,1.0,1.0946449454229732,0.0902092207312996,0.5489691755201878,10.0,-0.3632345627493501,-0.1627364207353537,0.7228205852642398,19.0,0.5806250203709973,False,stability_or_viability_filter,2,2022-12-29,2024-12-31
etf_peer_groups,developed_international,EFA/VEA,EFA,VEA,1.0,0.9989979366424931,0.0418525843774077,0.0109159245303381,1.0236973856607603,0.3599280918833715,0.9559829600517906,0.045015190303197,15.398072870319872,9.080433253565894e-05,0.0009669403863583,31.0,42.0,-8.509947596690287e-15,0.0033362980993532,504.0,31.0,3.0,0.9965597147659488,0.001724974494193,0.0,0.6666666666666666,1.0,0.0147240531492865,1.0,1.1185828377215754,0.018658880072446,0.680607374017576,12.0,-2.3375102263713505,-0.0245100893638363,0.0,24.0,0.5806073740175759,False,stability_or_viability_filter,2,2022-12-29,2024-12-31
stock_peer_groups,semiconductors,AMD/AVGO,AMD,AVGO,1.0,0.8313557842165172,0.8818000720787982,0.7156509168058252,0.5603372240870836,2.2311816004636515,0.9913357879118788,0.0087019645956743,79.65410258098491,-0.0440005901041599,0.0259030962543723,90.0,31.0,-7.036699265600397e-15,0.1481503720378046,504.0,90.0,3.0,0.7495307697742019,0.2050634960350892,0.3333333333333333,0.6666666666666666,1.0,0.8147508923659893,0.6666666666666666,1.4400415379268248,0.3888316336811179,0.6318328624087719,11.0,-0.8551161426718703,-0.2485761248741604,0.3423872848914701,22.0,0.5706848052525648,False,stability_or_viability_filter,2,2022-12-29,2024-12-31
etf_peer_groups,financial_equity,KBE/XLF,XLF,KBE,1.0,0.9393699917519902,0.2112507011429518,0.0801215444691368,0.7934396720342944,0.6527585142993042,0.9796162622929772,0.0205943530895123,33.6571475465734,0.0166419008821719,0.0084332495539792,67.0,19.0,5.43833056189402e-15,0.0492713612611853,504.0,67.0,3.0,0.9142205382357608,0.0391560401520859,0.3333333333333333,0.3333333333333333,1.0,0.3146586267894398,1.0,1.5753179913873936,0.1818624435791078,0.6603688902010294,10.0,-1.7040258486325912,-0.111282645957671,0.2037220319210681,20.0,0.5705549917970828,False,stability_or_viability_filter,2,2022-12-29,2024-12-31
stock_peer_groups,enterprise_software,CRM/MSFT,MSFT,CRM,1.0,0.9056480020679196,0.5420257675136136,0.2996686468845752,0.8048128756059644,1.476412317318042,0.9777718958273656,0.0224788715012559,30.835497258891166,-0.0153231446701409,0.0171114905213721,62.0,22.0,2.3737625621747396e-14,0.0789803487968574,504.0,62.0,3.0,0.6155029213564184,0.3615467292834027,0.6666666666666666,0.6666666666666666,0.6666666666666666,0.686427621348563,1.0,1.4869639956810086,0.4034318941752117,0.68019920758825,6.0,-1.022945990413645,-0.196694061277773,0.1610916621760861,12.0,0.5632537906970543,False,stability_or_viability_filter,2,2022-12-29,2024-12-31
etf_peer_groups,financial_equity,KRE/XLF,XLF,KRE,1.0,0.7948435452426096,0.3157147927612808,0.1363664923051796,0.7154044936586998,0.8616150098965625,0.9882415478919436,0.0118281294430355,58.60158902539539,0.0530805385889004,0.0094853508333837,90.0,12.0,8.539905995767474e-15,0.0871919324763644,504.0,90.0,3.0,0.80926353885788,0.0732715480590624,0.3333333333333333,0.3333333333333333,1.0,0.4366333615631527,1.0,1.71249552147978,0.2491344722607139,0.6274024374883986,11.0,-1.191216324730069,-0.1284406764449442,0.4250051498454272,22.0,0.5486526949806699,False,stability_or_viability_filter,2,2022-12-29,2024-12-31
etf_peer_groups,energy_equity,VDE/XOP,VDE,XOP,1.0,0.8813066350776194,0.8770653055624142,0.7069365056702305,0.8186445984476731,0.7397792449402715,0.9936315287196664,0.0063888365031588,108.49349176759112,0.0147498885189412,0.0041380289367685,90.0,36.0,3.73545991317134e-14,0.0325447700908036,504.0,90.0,3.0,0.8989061711602803,0.0922653974634345,0.0,0.3333333333333333,1.0,0.146308356808227,1.0,1.1774203585571623,0.0992379579302385,0.5814694136637129,11.0,-0.7083735266457801,-0.0469537667289826,0.4650400135816606,21.0,0.5484653853459288,False,stability_or_viability_filter,2,2022-12-29,2024-12-31
etf_peer_groups,financial_equity,KBE/KRE,KBE,KRE,1.0,0.9508074787054168,0.0954907901418122,0.0286595627967539,1.0131771160567782,-0.1644778476891248,0.9901233470763414,0.0099257506081599,69.83322550841746,0.0343608579882348,0.0037945965634451,90.0,17.0,5.339644070816229e-15,0.0526987033858115,504.0,90.0,3.0,0.9718618370698576,0.0139928134595539,0.3333333333333333,0.3333333333333333,0.6666666666666666,0.1686510132561203,1.0,2.354624601151853,0.2113951201443195,0.6384926139196991,10.0,-1.6984111448353132,-0.0538631850844514,0.1695546170815593,20.0,0.546970344773777,False,stability_or_viability_filter,2,2022-12-29,2024-12-31
stock_peer_groups,enterprise_software,MSFT/ORCL,MSFT,ORCL,1.0,0.8192067378269609,0.6956869245692701,0.4527138086341046,0.6972598997276028,2.5540725029471245,0.9896561807866878,0.0103976883080397,66.66358521480072,0.0110538442555494,0.0145314863609055,90.0,19.0,1.855658484016333e-14,0.1068204254662634,504.0,90.0,3.0,0.6719522809047161,0.1333730536105484,0.3333333333333333,0.3333333333333333,1.0,0.5689449280303533,1.0,1.745809230843727,0.3169736861962702,0.586290701606552,8.0,-0.7682908903930936,-0.1845472902555411,0.4480716005224479,16.0,0.5434506480737102,False,stability_or_viability_filter,2,2022-12-29,2024-12-31
stock_peer_groups,capital_markets,GS/NTRS,GS,NTRS,1.0,0.8144586972399964,0.5860489603969252,0.3363228357286034,1.3174425370082008,0.1856273951461775,0.9832071443703956,0.0169354543100123,40.92876210295419,0.0346393873290931,0.0205382264811696,82.0,14.0,4.306960432037909e-15,0.1218740855834145,504.0,82.0,3.0,0.8090861286015154,0.1052806142466351,0.0,0.0,1.0,0.4575724638258573,1.0,1.536181648312205,0.2471934313921869,0.4775521890111601,8.0,-0.2060973038569311,-0.1193183412374268,0.8107970946862201,16.0,0.5371774481669316,False,stability_or_viability_filter,2,2022-12-29,2024-12-31
stock_peer_groups,capital_markets,GS/MS,GS,MS,1.0,0.9292133974128048,0.4891159722598963,0.2553133924603679,1.301629490526203,0.1213180968785592,0.9827733785821996,0.0173767260216801,39.88940032173699,-0.0040214466694316,0.0144458286857192,80.0,16.0,-1.8933708216782037e-14,0.0776217080456335,504.0,80.0,3.0,0.8697458384865326,0.0869367758083272,0.0,0.3333333333333333,1.0,0.3138551991161923,1.0,1.3472233624163816,0.17217769857666,0.5668853564306338,7.0,-0.5861143607706905,-0.0916681813544784,0.3196939462671129,14.0,0.5324528996283858,False,stability_or_viability_filter,2,2022-12-29,2024-12-31
stock_peer_groups,money_center_banks,BAC/WFC,BAC,WFC,1.0,0.9603144850973332,0.147999146061181,0.0507671894276268,0.8281856911437382,0.2858295235151602,0.975613665462714,0.024688605499118,28.07559060331319,-0.0120320873564661,0.009391630885129,56.0,40.0,2.4824058152987727e-14,0.0490975121423966,504.0,56.0,3.0,0.8941221621320908,0.0716271168968237,0.0,0.0,1.0,0.0678358517322327,1.0,1.0113638991059153,0.0477503116658982,0.5187555093664329,7.0,-0.3831443178677288,-0.0645735661004783,0.6386155409590536,14.0,0.5307146387342263,False,stability_or_viability_filter,2,2022-12-29,2024-12-31
etf_peer_groups,energy_equity,VDE/XLE,XLE,VDE,1.0,0.997465760852823,0.5348189260200538,0.2946739605564074,0.9624640316676244,-0.8526190196428657,0.9726047170208976,0.027777531115825,24.95352008318174,-0.0010723619967777,0.0012263042626674,50.0,40.0,-4.597997467778932e-14,0.0047281165567025,504.0,50.0,3.0,0.9968685263056712,0.0016162244550762,0.0,0.3333333333333333,1.0,0.0381153328712361,1.0,1.2477196004223243,0.040768252489029,0.6118069729941815,12.0,-1.0346907183269711,-0.0173994629965119,0.3428852941661147,23.0,0.5289512377024872,False,stability_or_viability_filter,2,2022-12-29,2024-12-31
stock_peer_groups,semiconductors,AVGO/MU,AVGO,MU,1.0,0.8764200430304099,0.9922067280137112,0.9832043341458118,1.2790741243572166,-0.989942014141316,1.003228387847268,,,,0.0302619057242756,60.0,15.0,1.0978872132404324e-14,0.1904614818691633,504.0,60.0,3.0,0.6709744259274105,0.3363731669091886,0.0,0.3333333333333333,0.6666666666666666,0.665217524699211,1.0,1.6807107198404263,0.4094980882961805,0.4601271309855679,11.0,-0.1802701512635783,-0.1820812813752179,0.8932715173402835,22.0,0.5277501841630453,False,stability_or_viability_filter,2,2022-12-29,2024-12-31
etf_peer_groups,emerging_markets,EEM/IEMG,EEM,IEMG,1.0,0.9941581994511596,0.4342784558337215,0.2139970143572985,0.9397618316665034,0.0246661628645089,0.984108020356924,0.0160196111694222,43.268664465652215,-0.0016930845335158,0.0011397931658289,87.0,19.0,-1.030921380009074e-15,0.0069756280837159,504.0,87.0,3.0,0.9871552890690348,0.0157991206338729,0.3333333333333333,0.3333333333333333,0.6666666666666666,0.0232288537386498,1.0,1.038840206808704,0.0173249033251414,0.6617229986014113,5.0,-1.200720556300526,-0.007074870360623,0.0,10.0,0.5242229986014112,False,stability_or_viability_filter,2,2022-12-29,2024-12-31
stock_peer_groups,money_center_banks,BAC/JPM,JPM,BAC,1.0,0.9246970798146258,0.1997662449948747,0.0727418487427533,1.10032974534617,1.2672284035622976,0.9818783573496114,0.0182878506532226,37.90205824093397,0.0293400551874793,0.0118485379172512,76.0,21.0,-6.344131569286609e-16,0.0797427249244313,504.0,76.0,3.0,0.7375266004261146,0.3289046517172825,0.0,0.3333333333333333,0.6666666666666666,0.4930240007867449,1.0,1.049633042610755,0.2794910000136486,0.4897658834384971,8.0,-0.3197309423355375,-0.0860839520373545,0.6365068016262321,16.0,0.5236315821694781,False,stability_or_viability_filter,2,2022-12-29,2024-12-31
stock_peer_groups,large_pharma,BMY/LLY,BMY,LLY,1.0,-0.7873500737214353,0.8420400433053542,0.6524349932973881,-0.3372565915515491,6.046514718355946,0.9851950054104494,0.0149156823685303,46.47103387119412,0.0128538209371235,0.016595123923132,90.0,21.0,-8.902050172847585e-15,0.0900962425763892,504.0,90.0,3.0,0.6085817465399226,0.3321892851559176,0.0,0.0,0.6666666666666666,0.4348148897186388,1.0,1.1528227982800958,0.2726483692115294,0.3915472663804944,4.0,0.2250590071652614,-0.0705082883519916,1.7795197209990496,8.0,0.5142821035052361,False,stability_or_viability_filter,2,2022-12-29,2024-12-31
etf_peer_groups,financial_equity,KRE/VFH,VFH,KRE,1.0,0.8057420447548181,0.2677850604577171,0.1091051261412233,0.754360648695096,1.5910308396552326,0.9885877303094712,0.011477889364255,60.38977712388267,0.0570837133086644,0.008948905999189,90.0,10.0,-1.5437386818597414e-14,0.0885218864349787,504.0,90.0,3.0,0.82377433801492,0.0721036524741673,0.3333333333333333,0.3333333333333333,0.6666666666666666,0.4160365172915727,1.0,1.6904465180859656,0.2394296697092428,0.5986672841994723,11.0,-1.6915442764558053,-0.1542495145124267,0.256335421787154,22.0,0.51148405528883,False,stability_or_viability_filter,2,2022-12-29,2024-12-31
etf_peer_groups,emerging_markets,IEMG/VWO,VWO,IEMG,1.0,0.992413726586123,0.818597412697876,0.6140260557288163,1.0370309660644064,-0.3327553962188389,0.9888760496383736,0.0111862841941688,61.96402384638724,0.0023355783124022,0.0016292852371706,90.0,21.0,-2.343627937220628e-14,0.0087835649555132,504.0,90.0,3.0,0.9895588294257814,0.0059599614027345,0.3333333333333333,0.3333333333333333,1.0,0.1002876715935698,1.0,1.7726260570725882,0.1212632173401668,0.6852633856224287,2.0,-1.1056584272153824,-0.0079262248910403,0.0,4.0,0.5102633856224287,False,stability_or_viability_filter,2,2022-12-29,2024-12-31
etf_peer_groups,long_treasuries,TLH/VGLT,TLH,VGLT,1.0,0.9800059091218604,0.94231210724571,0.8387969857628865,0.8687958512176241,1.093434006053412,0.9935060850224176,0.0065150921751846,106.3910013737147,0.0076495703310098,0.0010168667415401,90.0,23.0,-2.1229931393109942e-14,0.0083426937817449,504.0,90.0,3.0,0.9939450398161388,0.0031461676680312,0.0,0.3333333333333333,1.0,0.0401922801514018,1.0,1.3791466625468116,0.05657355622279,0.6094955709984223,9.0,-2.3194580620892578,-0.0230945198787972,0.0,18.0,0.5094955709984222,False,stability_or_viability_filter,2,2022-12-29,2024-12-31
stock_peer_groups,semiconductors,ADI/QCOM,QCOM,ADI,1.0,0.8725961837671523,0.536993859928019,0.2948690753148798,1.6415102932574364,-3.696978922413922,0.975394541577974,0.0249132318075779,27.822451374980123,-0.0081492215088888,0.022853215504845,56.0,30.0,1.0672239106555475e-13,0.1032037011495031,504.0,56.0,3.0,0.6862349156635407,0.1655833900842024,0.0,0.0,1.0,0.4896963793023793,1.0,1.8091904912806136,0.3083366443822621,0.4407250644776589,9.0,-0.1939613563551798,-0.1103725632809953,0.7452418420089986,17.0,0.4988929531248318,False,stability_or_viability_filter,2,2022-12-29,2024-12-31
stock_peer_groups,mega_cap_platforms,AAPL/MSFT,AAPL,MSFT,1.0,0.8312501080258989,0.8885018694689836,0.7281891570348904,0.6722394105276928,1.2779140157310986,0.9931596138230908,0.0068638888580293,100.98461599492607,0.0816975720246443,0.0119734733562327,90.0,26.0,9.075632661618343e-15,0.083735572381767,504.0,90.0,3.0,0.5988981304386798,0.2707232246774355,0.3333333333333333,0.3333333333333333,0.6666666666666666,0.6955867355027007,1.0,1.5642732876448326,0.3848003520205823,0.5279111640742783,7.0,-0.610029061765719,-0.0888691049902026,0.4964576894041609,13.0,0.4987296892796284,False,stability_or_viability_filter,2,2022-12-29,2024-12-31
stock_peer_groups,enterprise_software,ADBE/INTU,ADBE,INTU,1.0,0.7538337377802218,0.6597554631782614,0.4135783289475997,0.7474690717815323,1.4928405373836409,0.9882868688947678,0.0117822702462262,58.82967934655483,-0.0147688216691821,0.0191571231939735,90.0,14.0,3.3447671440294402e-15,0.1159323902050298,504.0,90.0,3.0,0.435797621270108,0.3532533354220407,0.0,0.0,1.0,0.8072973375844292,1.0,1.0897113905434332,0.3968181566180936,0.3692675896557176,9.0,0.1201395749935332,-0.1059828536962136,1.1945915088681782,18.0,0.4970181013481566,False,stability_or_viability_filter,2,2022-12-29,2024-12-31
etf_peer_groups,energy_equity,XLE/XOP,XLE,XOP,1.0,0.867518830886506,0.7729397292811653,0.5497637781367778,0.777559770498137,-0.090214607140001,0.9907509489077272,0.0092920891449788,74.59540795887676,0.0065897968578313,0.0046657460845209,90.0,31.0,4.606191971055928e-14,0.0330547803411064,504.0,90.0,3.0,0.8882036690946932,0.0795860786539472,0.0,0.0,1.0,0.1730402054919204,1.0,1.225197106745524,0.1092306621314585,0.5111278510605274,9.0,-0.5902230164260371,-0.0472354741073329,0.4713193792818842,17.0,0.496160367560716,False,stability_or_viability_filter,2,2022-12-29,2024-12-31
etf_peer_groups,financial_equity,KBE/VFH,VFH,KBE,1.0,0.9459133701549678,0.2003601350823205,0.0747418325896111,0.831077605913192,1.391518314550518,0.9807996155931908,0.0193871057321686,35.7529994490007,0.0184335211502136,0.00772978863265,72.0,11.0,-3.189688372335767e-16,0.0484886519546442,504.0,72.0,3.0,0.9246955010128294,0.0370855170870623,0.0,0.3333333333333333,1.0,0.2851352337904695,1.0,1.5865333692326855,0.1725772913183646,0.5805828127880376,9.0,-2.0572840642406325,-0.1192366568729307,0.1361583431197736,18.0,0.4873907299440262,False,stability_or_viability_filter,2,2022-12-29,2024-12-31
etf_peer_groups,long_treasuries,EDV/TLH,TLH,EDV,1.0,0.8803913090203204,0.8190324703568926,0.6143971329379552,0.4770783714354474,2.5301454701484247,0.9930207014966864,0.0070037677255819,98.96775674443856,0.0150915116078092,0.0023303528925796,90.0,18.0,-2.54399675928393e-14,0.0198850970712698,504.0,90.0,3.0,0.9594054995317168,0.0204785347789418,0.0,0.0,1.0,0.1027386485723998,1.0,1.336875002159537,0.0785029502459513,0.5320010798583341,10.0,-0.8229532965274307,-0.0249028703163917,0.4486849182987433,20.0,0.4809923312941567,False,stability_or_viability_filter,2,2022-12-29,2024-12-31
etf_peer_groups,intermediate_treasuries,IEI/SCHR,IEI,SCHR,1.0,0.9942012657544383,0.7904983524986997,0.5739867963998306,0.9830274161562668,1.614312120557719,0.9844303029376076,0.015692177784205,44.171509531177584,0.0007858235870877,0.0004887207630143,88.0,25.0,-6.003663175068228e-14,0.0026707675178902,504.0,88.0,3.0,0.9927915605098784,0.0052885762806364,0.0,0.3333333333333333,0.6666666666666666,0.0480595025504336,1.0,1.08964316463702,0.0277430445700255,0.5787569190038003,8.0,-2.991012676845185,-0.017469522340348,0.0,16.0,0.4787569190038003,False,stability_or_viability_filter,2,2022-12-29,2024-12-31
etf_peer_groups,intermediate_treasuries,IEI/VGIT,IEI,VGIT,1.0,0.9941480890232512,0.7929116924467724,0.5774607290323996,0.9844485677053948,0.7515160480167342,0.9866231608798052,0.0134671150071967,51.469611731208325,0.0009689235333477,0.0004591670582101,90.0,21.0,-1.140815836859272e-13,0.0026829498061469,504.0,90.0,3.0,0.9928096874722556,0.0053525710095208,0.0,0.3333333333333333,0.6666666666666666,0.0496058719986434,1.0,1.211906253358253,0.0418646202647495,0.5773492931749222,10.0,-3.2400638461703646,-0.0206855049176206,0.0,19.0,0.4773492931749222,False,stability_or_viability_filter,2,2022-12-29,2024-12-31
etf_peer_groups,intermediate_treasuries,IEF/SCHR,IEF,SCHR,1.0,0.9123048504701116,0.7664292121164726,0.5417799721109382,0.9835078836512332,1.4068734107811114,0.9897829688083504,0.0102695833123779,67.49516114490186,-0.0053284476997466,0.0017071232273415,90.0,19.0,-1.3940524219999625e-13,0.0110891403948446,504.0,90.0,3.0,0.9532030033945088,0.0214226051744744,0.0,0.3333333333333333,0.6666666666666666,0.1494440317063573,1.0,1.191353704275136,0.0782170683241812,0.5638123773495424,9.0,-2.960585688602289,-0.0239131873878255,0.0,17.0,0.4638123773495423,False,stability_or_viability_filter,2,2022-12-29,2024-12-31
stock_peer_groups,enterprise_software,NOW/ORCL,ORCL,NOW,1.0,0.9101463441669612,0.3740920690923378,0.1730605159421964,0.7401693060408518,1.139429950403307,0.9785461331875266,0.0216873464126963,31.96090325528068,0.0003165926858232,0.0186938633227943,64.0,22.0,-8.954036806540349e-15,0.0906613492674925,504.0,64.0,3.0,0.706031641206612,0.2077573972056062,0.0,0.0,1.0,0.5534649358503696,1.0,1.307281394927935,0.2878831548995402,0.447719594811699,5.0,-0.2343123293848322,-0.0958780569978398,0.7004654673435162,9.0,0.46009601877115,False,stability_or_viability_filter,2,2022-12-29,2024-12-31
etf_peer_groups,emerging_markets,EEM/VWO,EEM,VWO,1.0,0.9919167106675264,0.460220338650148,0.234060295145095,0.8973018189214939,0.3588280369992159,0.9756517947266355,0.0246495239238998,28.12010417320386,-0.0019189649524692,0.002085741123782,56.0,32.0,6.121998851423115e-14,0.0082008675957044,504.0,56.0,3.0,0.9885669989898804,0.0046301976563533,0.0,0.3333333333333333,1.0,0.0972975539473149,1.0,1.5037587639904515,0.0899491132001618,0.6048135050941206,4.0,-0.9815344797446632,-0.0111317291024575,0.0,8.0,0.4575833331324211,False,stability_or_viability_filter,2,2022-12-29,2024-12-31
stock_peer_groups,payments_credit,AXP/MA,MA,AXP,1.0,0.9186948765419476,0.3138814972966398,0.135899944756611,0.48441478723625,3.492001699872456,0.9783145371328296,0.021924048043314,31.615839337267307,0.0066861990936299,0.0096663165728235,63.0,25.0,-1.1690824675179823e-14,0.0481700739450008,504.0,63.0,3.0,0.6445200215482609,0.3293137921735377,0.0,0.0,1.0,0.372474709782067,1.0,1.0932832953128206,0.2442943112421816,0.436700574262847,10.0,-0.3882916772296891,-0.068907183752556,0.5534609450070641,20.0,0.4561298699287468,False,stability_or_viability_filter,2,2022-12-29,2024-12-31
stock_peer_groups,semiconductors,ADI/NXPI,ADI,NXPI,1.0,0.8257056946094143,0.8687799766516522,0.6949129637558842,0.5904615769905144,2.098852641784442,0.9887615656960568,0.0113020626781105,61.32926354252212,0.0194341994575452,0.0104994186326581,90.0,24.0,-5.951147863744688e-14,0.0633590519155198,504.0,90.0,3.0,0.6703120268970174,0.1809255648487177,0.0,0.3333333333333333,1.0,0.3156988571227221,1.0,1.132895421440376,0.1803076319282995,0.516213910198091,3.0,-0.4818255858304404,-0.1035742973182047,0.468280477474653,6.0,0.4548540961972577,False,stability_or_viability_filter,2,2022-12-29,2024-12-31
etf_peer_groups,long_treasuries,EDV/VGLT,VGLT,EDV,1.0,0.9568319965842436,0.7784263235098101,0.5574079346396422,0.584871726061136,1.50227650087101,0.9920471576001468,0.0079846349237807,86.81012809934928,0.0092633424943747,0.0016848958968392,90.0,24.0,-1.255609373087975e-15,0.0137464620273143,504.0,90.0,3.0,0.9841025387953936,0.008528260198601,0.0,0.0,1.0,0.0690225396062827,1.0,1.4274791682668642,0.0733479519646128,0.538690839502387,10.0,-1.2681295690204926,-0.020485757306476,0.2551548907128334,20.0,0.4514485840380287,False,stability_or_viability_filter,2,2022-12-29,2024-12-31
etf_peer_groups,broad_us_equity,SCHB/SPY,SPY,SCHB,1.0,0.9995657692722052,0.2306185806485469,0.090358532815912,1.018025107092125,3.197043203176764,0.9730243486404946,0.0273461728127343,25.347136701965297,-3.915407385820255e-05,0.0009620575787075,51.0,25.0,1.7187309776458973e-14,0.0041597601892444,504.0,51.0,3.0,0.9982562355951466,0.0010025553047582,0.0,0.0,1.0,0.0076451015589872,1.0,1.1308285483585268,0.0174190576610847,0.5478221531326782,9.0,-1.8975971881743965,-0.0177971539950393,0.0337142266233976,18.0,0.449507864463848,False,stability_or_viability_filter,2,2022-12-29,2024-12-31
etf_peer_groups,long_treasuries,EDV/TLT,TLT,EDV,1.0,0.9844359458112112,0.7385547870154641,0.5050292777459658,0.6595206563287139,1.6593522940817595,0.985617464181088,0.0144869670202893,47.84625930252865,0.0030206742884023,0.0014556277259625,90.0,24.0,2.5337756584223015e-14,0.0091102248601687,504.0,90.0,3.0,0.9941049215856816,0.0029177529676176,0.0,0.0,1.0,0.0516452562382674,1.0,1.381870770464402,0.0606177553424508,0.5424644548621753,10.0,-1.3466289945913616,-0.0184207911473232,0.1387901539185849,19.0,0.4494039625581045,False,stability_or_viability_filter,2,2022-12-29,2024-12-31
etf_peer_groups,developed_international,EFA/IEFA,EFA,IEFA,1.0,0.9996869336369324,0.2131446361889875,0.0808370167213567,1.0160593920328886,0.0085567744023027,0.9516140821633132,0.0495957022566579,13.975952532598612,0.0001112946104999,0.0005557176762699,28.0,54.0,-2.7048909849161155e-14,0.001865135089841,504.0,28.0,3.0,0.9989377779289352,0.00050759740356,0.0,0.0,1.0,0.0084738411102439,1.0,1.082835591204874,0.0121977674162539,0.5485146677406085,17.0,-3.746434297001545,-0.0320057747696694,0.0,34.0,0.4485146677406085,False,stability_or_viability_filter,2,2022-12-29,2024-12-31
etf_peer_groups,broad_us_equity,SCHB/VOO,VOO,SCHB,1.0,0.9995581185279026,0.194422268380228,0.0720302070545968,1.0222213843614436,3.098704716991365,0.9709665502367122,0.0294632600620302,23.52581415296995,-4.251971763823449e-05,0.0010106039599163,47.0,24.0,1.5867377958293506e-14,0.0042135667698416,504.0,47.0,3.0,0.9982199853588104,0.0010300573339311,0.0,0.0,1.0,0.0080384316628291,1.0,1.1423434546734277,0.0188387690737454,0.547671119432328,10.0,-2.057541731517889,-0.0204878597933821,0.0133712078457201,20.0,0.448339679824614,False,stability_or_viability_filter,2,2022-12-29,2024-12-31
etf_peer_groups,broad_us_equity,IVV/SCHB,IVV,SCHB,1.0,0.9995554515220134,0.1868110765635309,0.0684164170485209,1.0221064028004494,3.1879611894335413,0.97052979718051,0.0299131739278489,23.17197039110019,-2.4764860198575e-05,0.0010205459190339,46.0,26.0,-2.5660249938995086e-14,0.0042257963546717,504.0,46.0,3.0,0.9982105540122616,0.0010319192637674,0.0,0.0,1.0,0.0081798633635876,1.0,1.1257089949963128,0.0170382603198198,0.5478488124710834,10.0,-2.0687130627488703,-0.0206533357666379,0.0024749666735947,20.0,0.4479725608047631,False,stability_or_viability_filter,2,2022-12-29,2024-12-31
etf_peer_groups,broad_us_equity,VOO/VTI,VOO,VTI,1.0,0.9995445514401436,0.1430539156071461,0.0487160242146949,1.025877984730361,0.4750357309365689,0.9675969625705292,0.0329396393887186,21.042949875077813,-2.494826204699603e-06,0.0010812952601443,42.0,29.0,-1.6577392016422833e-13,0.0042777478082899,504.0,42.0,3.0,0.9981590575689202,0.0011041961884864,0.0,0.0,1.0,0.0084585393287813,1.0,1.2609126596679776,0.0321778740244201,0.5463219769897881,8.0,-1.4290874761702868,-0.0148898431480812,0.0094815207354263,16.0,0.4467960530265594,False,stability_or_viability_filter,2,2022-12-29,2024-12-31
etf_peer_groups,us_real_estate,IYR/SCHH,SCHH,IYR,1.0,0.9991344288729812,0.111178649389301,0.0355350287909555,1.0173941137777311,-1.5750871991896322,0.9373573605278588,0.0646906814836534,10.714791754591348,-7.822929569005142e-05,0.001230941313894,21.0,46.0,-2.1451975998034973e-14,0.0035511292619209,504.0,21.0,3.0,0.9980568998636384,0.0010115205259128,0.0,0.0,1.0,0.0127763163951326,1.0,1.2080054258181432,0.0277076596201422,0.5467434590038953,12.0,-1.6091258062115612,-0.0147522796340442,0.0,24.0,0.4467434590038953,False,stability_or_viability_filter,2,2022-12-29,2024-12-31
etf_peer_groups,broad_us_equity,IVV/VTI,IVV,VTI,1.0,0.9995418469313712,0.2138814579416976,0.0815141610896676,1.025762553343578,0.5645875286253319,0.9667691368004632,0.0337955537069784,20.510011067426785,1.2815317295812076e-05,0.0010972199794648,41.0,31.0,-7.077407443169986e-14,0.0042899558506035,504.0,41.0,3.0,0.9981490925895896,0.0011073785590948,0.0,0.0,1.0,0.0085969377552821,1.0,1.248724516752765,0.0308708295217662,0.5464501901952208,10.0,-1.6594717476733416,-0.0180142745370732,0.0,20.0,0.4464501901952207,False,stability_or_viability_filter,2,2022-12-29,2024-12-31
etf_peer_groups,broad_us_equity,SPY/VTI,SPY,VTI,1.0,0.9995518336687672,0.2207053214846773,0.084919276874346,1.0216663203445644,0.5841465769264585,0.968455166601377,0.0320530887900782,21.62497302832488,3.075513247392811e-06,0.0010539969213726,43.0,28.0,5.932115469036829e-14,0.0042259671614589,504.0,43.0,3.0,0.9981934029878782,0.0010770835245951,0.0,0.0,1.0,0.0080731291328987,1.0,1.265915929562145,0.0325962852816251,0.546288722218807,10.0,-1.7957638110370255,-0.0191124098243902,0.0,20.0,0.4462887222188069,False,stability_or_viability_filter,2,2022-12-29,2024-12-31
etf_peer_groups,us_real_estate,SCHH/VNQ,VNQ,SCHH,1.0,0.999195568127596,0.1358324351364048,0.0456672409271743,0.993431484747122,1.4441289648642712,0.9473914410951604,0.0540429226317095,12.82586408739565,0.0001960626260015,0.0010848752446531,26.0,48.0,-1.7516852166308025e-14,0.0034037197675417,504.0,26.0,3.0,0.9985000241518526,0.0003405108208498,0.0,0.0,1.0,0.0136869513493666,1.0,1.2655880257198031,0.0341856013589391,0.5462064459020692,15.0,-1.870362436832672,-0.0184240936642251,0.0,30.0,0.4462064459020692,False,stability_or_viability_filter,2,2022-12-29,2024-12-31
etf_peer_groups,long_treasuries,TLT/VGLT,TLT,VGLT,1.0,0.992805730436894,0.9750694921673472,0.9243338241799604,1.0881287293287445,0.1225453866677802,0.9960388788912712,0.003968987127989,174.64082351688998,-0.0108402765749335,0.0007105037239537,90.0,28.0,-1.853191321739388e-14,0.0062069039040381,504.0,90.0,3.0,0.9973634404750488,0.0015280788511879,0.0,0.0,1.0,0.0235202409881206,1.0,1.235347771302792,0.034499192313413,0.5458909408874209,10.0,-2.5258607827398025,-0.0202904054961451,0.0,19.0,0.4458909408874208,False,stability_or_viability_filter,2,2022-12-29,2024-12-31
stock_peer_groups,semiconductors,ADI/AVGO,AVGO,ADI,1.0,0.8437723421543473,0.8237885073989082,0.626034195435389,2.9712671894844034,-10.92253544229867,0.9803234350822934,0.019872725969095,34.87932061448887,0.0581014775352893,0.0471462793572363,70.0,19.0,-4.9780285713668927e-14,0.2122759125271324,504.0,70.0,3.0,0.6167607971765333,0.2156903521197292,0.0,0.0,0.6666666666666666,0.187531051903012,1.0,1.7473989446394318,0.2174514618564062,0.3991117197751593,4.0,-0.0297645451125594,-0.0939166662060171,0.9926774123013468,8.0,0.4442809086233427,False,stability_or_viability_filter,2,2022-12-29,2024-12-31
etf_peer_groups,long_treasuries,TLH/TLT,TLH,TLT,1.0,0.949283211704804,0.949823770237426,0.856598897297723,0.76783665856627,1.131821636880313,0.9955069235017652,0.0045032007037128,153.92322620407398,0.0177811907580002,0.0014061813574095,90.0,19.0,-2.2347203452812082e-14,0.0131836471820602,504.0,90.0,3.0,0.983587583780595,0.0086366279625414,0.0,0.0,1.0,0.0581528493259758,1.0,1.2821230457112731,0.0536101641752028,0.5405358795276284,8.0,-1.8205849954425648,-0.0237073474107665,0.0268200513631797,16.0,0.4418768820957873,False,stability_or_viability_filter,2,2022-12-29,2024-12-31
stock_peer_groups,payments_credit,MA/SYF,MA,SYF,1.0,0.9004030250782615,0.2780641824863002,0.1148322255168082,0.4334869081074944,4.474034626673051,0.972420558076442,0.027966895179484,24.78455960561629,0.0077323964419926,0.0111527668958844,50.0,27.0,-3.430765371968658e-14,0.0530592770941069,504.0,50.0,3.0,0.6619017493457378,0.259114805052348,0.0,0.0,1.0,0.3288992019488818,1.0,1.088864431561955,0.205878494729516,0.4448875878634828,10.0,-0.5611500889182812,-0.1258094310472686,0.544020925613971,20.0,0.4379161208064392,False,stability_or_viability_filter,2,2022-12-29,2024-12-31
stock_peer_groups,home_improvement,HD/TSCO,HD,TSCO,1.0,0.7788399415595809,0.6818970894200375,0.4378880278452637,0.7846294844983632,2.758869607012842,0.9878333573368626,0.012241262123185,56.62383286827272,0.015380213099433,0.0126965828098202,90.0,18.0,4.70681694677989e-14,0.0786458122455213,504.0,90.0,3.0,0.4252653874799902,0.2514130226081945,0.0,0.0,1.0,0.7687139283743838,0.6666666666666666,1.4279272557243354,0.3875897898524523,0.3342240345514189,8.0,-0.008381257628652,-0.1373227289654328,1.0522407803856466,16.0,0.4355788849264035,False,stability_or_viability_filter,2,2022-12-29,2024-12-31
etf_peer_groups,intermediate_treasuries,GOVT/IEF,IEF,GOVT,1.0,0.9548786257538208,0.9887828760452394,0.9699201129207816,1.053350230690567,1.260029227977721,0.9994110346149512,0.0005891388932915,1176.5428975284092,-0.1510778112445732,0.0016335876394767,90.0,16.0,-2.9440294999028366e-14,0.0080423429794567,504.0,90.0,3.0,0.9814096306751844,0.0047142404249962,0.0,0.0,1.0,0.1097913571608078,1.0,2.1580045409750537,0.1668357037480517,0.5286688372939908,8.0,-2.2592073204871763,-0.0162172177400464,0.0,16.0,0.4286688372939908,False,stability_or_viability_filter,2,2022-12-29,2024-12-31
stock_peer_groups,enterprise_software,ADSK/ORCL,ORCL,ADSK,1.0,0.8402743202941148,0.3060691589218507,0.1313309457522065,1.366960662681771,-2.681022186304836,0.9777176744436762,0.0225343270603421,30.75961304297414,0.0112460628415315,0.0242968028507955,62.0,38.0,2.092506062603033e-14,0.1186450536067951,504.0,62.0,3.0,0.4653118280308931,0.2205219759793059,0.0,0.0,1.0,0.5665821987084461,1.0,1.0213495061785565,0.2647402255824236,0.3898539344494809,9.0,-0.3834004386368677,-0.1354513753865477,0.705176467238671,17.0,0.4176026920158843,False,stability_or_viability_filter,2,2022-12-29,2024-12-31
stock_peer_groups,large_pharma,BMY/PFE,PFE,BMY,1.0,0.7694056607461545,0.3656015684514889,0.1679264661247194,0.7807878378348038,0.2495357183849899,0.9835947651789124,0.0165412907578485,41.90405638272583,-0.0520718441189815,0.0150029171123134,84.0,22.0,-4.553676659732389e-15,0.0947294333439323,504.0,84.0,3.0,0.6226259383790244,0.3108038074509281,0.3333333333333333,0.3333333333333333,1.0,0.8192533779315451,0.6666666666666666,1.0713480841644254,0.3846132933679828,0.5338618219246245,6.0,-1.0014254921053287,-0.1143213971569038,0.1651060387807794,12.0,0.4171171238636634,False,stability_or_viability_filter,2,2022-12-29,2024-12-31
etf_peer_groups,intermediate_treasuries,IEF/IEI,IEI,IEF,1.0,0.8632458688408733,0.9655740575132996,0.8967714219621686,0.7917498059248009,1.1345565527126529,0.997165787939346,0.0028382360446709,244.217594890108,0.0273211516828621,0.0011888684046528,90.0,17.0,-2.6881495266082762e-14,0.0125369039881467,504.0,90.0,3.0,0.9115225180429344,0.0456054949729771,0.0,0.0,1.0,0.2253697045034299,1.0,1.6002406766667332,0.1570184750106616,0.5121787820096675,9.0,-2.099664000329776,-0.0247406034451075,0.0755986217492145,18.0,0.4159587130971282,False,stability_or_viability_filter,2,2022-12-29,2024-12-31
etf_peer_groups,short_treasuries,SHY/VGSH,SHY,VGSH,1.0,0.9999564317134612,0.0825838147432707,0.0246796909181045,0.9754027378180576,0.444510119088819,0.5209870482936191,0.6520300968590368,1.063060100904817,-1.1290462082868075e-06,0.0001976082435064,20.0,70.0,-2.8272446112648854e-13,0.0002315566110512,504.0,20.0,3.0,0.9998189386375308,0.0001075680552451,0.0,0.3333333333333333,0.0,0.001792364786946,1.0,1.0704839397503985,0.0084648598085524,0.5157749153451942,24.0,-4.9589206494573,-0.0437482367821348,0.0,48.0,0.4157749153451941,False,stability_or_viability_filter,2,2022-12-29,2024-12-31
stock_peer_groups,semiconductors,AMD/NVDA,NVDA,AMD,1.0,0.8474107713618604,0.9651225036732638,0.8951173856245849,2.020560730532123,-5.678771773586718,0.9969375218157446,0.0030671771667098,225.9886347887388,0.6226183191272049,0.0475202916452311,90.0,27.0,-9.241284985927494e-15,0.337483280404505,504.0,90.0,3.0,0.6910214166399596,0.240298574282451,0.3333333333333333,0.3333333333333333,0.6666666666666666,0.8707291341157957,0.6666666666666666,1.59058939999916,0.4359636139104333,0.5124923261022799,5.0,-0.772489580020492,-0.1476624851694645,0.0767882369107581,9.0,0.412958300944744,False,stability_or_viability_filter,2,2022-12-29,2024-12-31
stock_peer_groups,enterprise_software,ADSK/CRM,CRM,ADSK,1.0,0.8367380946588704,0.1718570011278188,0.0604015771110909,1.303737503441404,-1.6333008804540072,0.9721433170452638,0.0282520398709015,24.53441180627312,0.0243562758258823,0.022707499903836,49.0,24.0,-1.4626747784744125e-15,0.1147764319347391,504.0,49.0,3.0,0.6920472984742335,0.1216778990492586,0.0,0.0,1.0,0.2578988975894332,1.0,1.1640260775579183,0.1447507186082215,0.4585367527577362,9.0,-0.7470117992535095,-0.1509109670359455,0.2880676677166666,17.0,0.4108883662555431,False,stability_or_viability_filter,2,2022-12-29,2024-12-31
stock_peer_groups,mega_cap_platforms,AAPL/GOOGL,AAPL,GOOGL,1.0,0.8555444382013424,0.5651312746673873,0.3196965024013042,0.6279155152842604,2.132145002460571,0.9852833092462888,0.0148260555654928,46.75196160556845,0.0253464579989074,0.0133281590982165,90.0,21.0,7.85808807794609e-14,0.0779861038208811,504.0,90.0,3.0,0.6225055475435299,0.2324316636700561,0.0,0.0,1.0,0.5281877880130537,1.0,1.3488003008781595,0.2922954062141654,0.4263968462644659,4.0,-0.3150584338651964,-0.1086613282208298,0.6294350322277569,8.0,0.4106098327960742,False,stability_or_viability_filter,2,2022-12-29,2024-12-31
stock_peer_groups,capital_markets,GS/STT,GS,STT,1.0,0.8203841065952611,0.5336658299052199,0.2917081833673189,1.3991158734651266,-0.048525859783702,0.9855953152052922,0.0145094394555621,47.77215430567375,0.0208330344331117,0.0194949458043821,90.0,15.0,-4.892030343427674e-15,0.1201078588712065,504.0,90.0,3.0,0.7902180472060195,0.0971437814055496,0.0,0.0,1.0,0.5104703900025551,1.0,1.84495181223002,0.2964215918282594,0.467912352618679,6.0,-0.6802496185866129,-0.0986891886330071,0.3849337885008198,12.0,0.410121599255728,False,stability_or_viability_filter,2,2022-12-29,2024-12-31
stock_peer_groups,semiconductors,AVGO/QCOM,QCOM,AVGO,1.0,0.8405808982457759,0.8833527245688121,0.7185813794593967,0.4490486510692818,2.817837396069112,0.9922253123289256,0.0078050681233969,88.80731975703364,-0.0696702583742103,0.0181806949029198,90.0,27.0,-2.1992989440193578e-15,0.1144536431498994,504.0,90.0,3.0,0.5066349758880359,0.3251552762222409,0.0,0.3333333333333333,1.0,0.9398003163207336,1.0,1.1194999556094507,0.434929637026486,0.449832446936027,7.0,-0.6459205841680536,-0.2051224373584549,0.3928201533448391,13.0,0.410085366978061,False,stability_or_viability_filter,2,2022-12-29,2024-12-31
stock_peer_groups,payments_credit,SYF/V,V,SYF,1.0,0.8820505858453423,0.1052474385060203,0.0326478099824601,0.374386815528398,4.171966838009451,0.9712173140534658,0.0292050313507761,23.73382764889666,0.0109047317788607,0.0103928825852724,47.0,26.0,5.935287534821472e-15,0.0506602060105499,504.0,47.0,3.0,0.6368171135583521,0.2628217184790699,0.0,0.0,1.0,0.3845493529858387,1.0,1.1290934219949036,0.2301340707099588,0.4361908713185921,9.0,-0.6592600489898572,-0.0918829218668192,0.4483915266241375,18.0,0.4097214403013204,False,stability_or_viability_filter,2,2022-12-29,2024-12-31
stock_peer_groups,home_improvement,LOW/TSCO,LOW,TSCO,1.0,0.7991909117994583,0.3381282742368795,0.1504401271200305,0.7000660488318271,2.6874428449078094,0.9789061495477506,0.0213195046344228,32.51234925227941,0.0097657089279184,0.013066314605509,65.0,20.0,-1.1946352196720534e-14,0.0655324184321603,504.0,65.0,3.0,0.4911789784605214,0.2708853736125925,0.0,0.0,1.0,0.5853089144839232,1.0,1.225802418249874,0.3104872536154912,0.3917460192535812,10.0,-0.4343465898198759,-0.1275750024643015,0.6045891233323475,19.0,0.4068234869472172,False,stability_or_viability_filter,2,2022-12-29,2024-12-31
stock_peer_groups,large_pharma,ABBV/LLY,ABBV,LLY,1.0,0.7801423899150727,0.5268534708966677,0.2849018928298857,0.2872540553294333,3.1609147050947453,0.9819972144804796,0.0181668072096173,38.15459549727583,-0.0060423347014876,0.0142505976791145,76.0,18.0,-5.764348434204582e-14,0.0785899640775878,504.0,76.0,3.0,0.5381746499423964,0.2875667327788664,0.0,0.0,1.0,0.7357211998819373,0.6666666666666666,1.328798139431948,0.377629104157151,0.3634474187365506,9.0,-0.3155640733615618,-0.2021242484578759,0.7819332394592695,18.0,0.4052094697052799,False,stability_or_viability_filter,2,2022-12-29,2024-12-31
stock_peer_groups,home_improvement,HD/LOW,HD,LOW,1.0,0.9404926352744708,0.3983739200640495,0.1890590530738004,1.081641465261136,-0.0432841964876569,0.9807854770816862,0.0194015211266958,35.72643485186303,-0.0013831570498169,0.0081471107384139,71.0,22.0,-4.2482772150220086e-14,0.0426083951088061,504.0,71.0,3.0,0.8369550033292686,0.0592763473025741,0.0,0.0,1.0,0.0772002205389636,1.0,1.0486293062568657,0.0508954455312754,0.5041492062791897,7.0,-1.1040163207319469,-0.0694720026839073,0.2697404793204466,14.0,0.405136230245212,False,stability_or_viability_filter,2,2022-12-29,2024-12-31
stock_peer_groups,semiconductors,AMD/QCOM,AMD,QCOM,1.0,0.7924641456142707,0.2997969813233983,0.1274510397318323,0.9998349047388568,-0.0687109323544384,0.9827457504464018,0.0174048388346177,39.824969776870105,0.0280569815180412,0.0256104445316782,80.0,18.0,-3.1234274426121075e-14,0.1625932328967556,504.0,80.0,3.0,0.4463487704768563,0.2866854964448571,0.0,0.0,1.0,0.4608914949834222,1.0,1.0813862105030578,0.2582352427542106,0.385763668343793,9.0,-0.4271700290823434,-0.2083459441149435,0.6131541230036207,17.0,0.4023458701316225,False,stability_or_viability_filter,2,2022-12-29,2024-12-31
etf_peer_groups,intermediate_treasuries,IEF/VGIT,IEF,VGIT,1.0,0.9126015649001804,0.7725613329115681,0.5498121432226385,0.9853027652441048,0.5421726865662362,0.9899898178699976,0.0100606208861927,68.89705798488318,-0.0053722025068446,0.0016885287706148,90.0,20.0,-4.852379521119632e-14,0.0110712233886202,504.0,90.0,3.0,0.9532106880353232,0.021583233371252,0.0,0.0,0.6666666666666666,0.1481827715400799,1.0,1.1889906334309153,0.0775876275738789,0.4972105759181096,8.0,-3.101112497381013,-0.0235161057919717,0.0,15.0,0.3972105759181095,False,stability_or_viability_filter,2,2022-12-29,2024-12-31
stock_peer_groups,semiconductors,AMD/MU,AMD,MU,1.0,0.8504014285858061,0.2559246072984166,0.1034152597672874,0.8365077037127655,1.1485576776065245,0.977640934027296,0.0226128194822306,30.65284190256007,0.0166948436228017,0.0275320631358589,61.0,28.0,1.6723835720147202e-14,0.1402579089049986,504.0,61.0,3.0,0.5959877958020713,0.2983624370692402,0.0,0.0,1.0,0.7266664578253628,1.0,1.1757383717671916,0.3612027840501112,0.4128766705455067,3.0,-0.4369170635029051,-0.1040510354655523,0.5590783011919082,6.0,0.3627930260796663,False,stability_or_viability_filter,2,2022-12-29,2024-12-31
stock_peer_groups,semiconductors,NVDA/QCOM,NVDA,QCOM,1.0,0.8425109866454129,0.7528232829637094,0.5229253725704267,2.5345576461141315,-8.34012711437268,0.989038934034235,0.0110215810622604,62.88999524155259,0.2261217591585962,0.0470810691955285,90.0,18.0,1.5578367520137117e-15,0.3424039464215275,504.0,90.0,3.0,0.519447397243974,0.3621704923978743,0.0,0.3333333333333333,0.6666666666666666,0.5112224853128086,1.0,1.1780539430316388,0.3109147640181875,0.432103706242508,10.0,-1.716715923516904,-0.5194981004531458,0.0,20.0,0.332103706242508,False,stability_or_viability_filter,2,2022-12-29,2024-12-31
stock_peer_groups,enterprise_software,INTU/ORCL,ORCL,INTU,1.0,0.7626915075078996,0.8130779358098814,0.6056992386979074,0.937974939137162,-1.1408315843991537,0.9912041728641598,0.008834738764686,78.45700920219335,0.0641798296989303,0.0206070382109854,90.0,14.0,5.912730622575119e-14,0.141535628505946,504.0,90.0,3.0,0.4376305223772114,0.2054377488642292,0.0,0.0,0.6666666666666666,0.5452808289381538,1.0,1.1232877186215002,0.2639381613365166,0.3496804811273178,6.0,-0.4906505591065953,-0.1669627510879575,0.5825674275078049,12.0,0.3302112686367188,False,stability_or_viability_filter,2,2022-12-29,2024-12-31
stock_peer_groups,mega_cap_platforms,AAPL/AMZN,AAPL,AMZN,1.0,0.8350495587371419,0.638722147119289,0.391028714978424,0.4976494195031779,2.7348301302042897,0.9873295747608892,0.0127513796215553,54.35860284390128,0.0299894502188249,0.0132073871423722,90.0,13.0,1.4917520481669762e-14,0.0828733795459914,504.0,90.0,3.0,0.5594645350716297,0.3007193433415796,0.0,0.0,1.0,0.6369699908183447,1.0,1.2302633410355588,0.3381479270572591,0.4060513410621815,6.0,-0.8863578627059479,-0.1555382171674979,0.2905839010325197,12.0,0.3126268567079153,False,stability_or_viability_filter,2,2022-12-29,2024-12-31
stock_peer_groups,industrial_machinery,CMI/PCAR,CMI,PCAR,1.0,0.7596908963649692,0.9509326760708964,0.8578145667103952,0.6489797136553046,2.6440465151317074,0.9956536141165544,0.0043558588773926,159.12985247466244,0.028917952428492,0.0116887126286965,90.0,24.0,-2.4357940708522085e-14,0.1059111768141282,504.0,90.0,3.0,0.4582696792211272,0.2902082118190114,0.0,0.0,0.6666666666666666,0.5773781541789698,1.0,1.341369478565309,0.3271253973954725,0.3485215467324012,9.0,-0.8328676914300474,-0.2496573594785675,0.4284979920301959,18.0,0.2950162926194039,False,stability_or_viability_filter,2,2022-12-29,2024-12-31
stock_peer_groups,semiconductors,ADI/MU,MU,ADI,1.0,0.8115025684791283,0.3643082503439299,0.1668117165399337,1.9580460797599517,-5.853200769205786,0.978211292324252,0.0220295869604283,31.464374788553396,-0.0047597679053896,0.0333418990279584,63.0,33.0,-5.4880262591867663e-14,0.1583641560787416,504.0,63.0,3.0,0.5301623315341578,0.2185005284835078,0.0,0.0,1.0,0.5799647959488974,1.0,1.7434511837723088,0.3487607952299472,0.3976645033605447,4.0,-0.7978026392973038,-0.1751468855952195,0.2325202048212858,8.0,0.2896201177070135,False,stability_or_viability_filter,2,2022-12-29,2024-12-31
stock_peer_groups,mega_cap_platforms,AAPL/META,AAPL,META,1.0,0.8489383473808821,0.7973128246929038,0.5834405596827569,0.3099286934953245,3.403876880555509,0.9900532062428898,0.0099965936179545,69.33833734273311,0.0351666625238695,0.0126561301969687,90.0,20.0,-2.678633329254346e-15,0.0796072718152652,504.0,90.0,3.0,0.5627891477244973,0.3606541979715822,0.0,0.3333333333333333,0.6666666666666666,0.7347895928341212,1.0,1.595069234868213,0.4312667341428136,0.4309039468501763,3.0,-0.9197430701358736,-0.1034815321837291,0.0688265746265722,5.0,0.2838838150611238,False,stability_or_viability_filter,2,2022-12-29,2024-12-31
stock_peer_groups,enterprise_software,CRM/ORCL,ORCL,CRM,1.0,0.7968657489662095,0.6643530165860143,0.4179426175914493,0.8319926107700812,0.2127902883549069,0.9862623003586248,0.0138329350533113,50.10846778999499,-0.0045625888278343,0.0216520335452859,90.0,15.0,-9.477427661006495e-15,0.1322118478922668,504.0,90.0,3.0,0.4906639761256637,0.2059966337803981,0.0,0.0,0.6666666666666666,0.4914134399154119,1.0,1.0351915325127177,0.2363801948444608,0.3656946412136365,4.0,-0.9687053779983364,-0.1732937470286694,0.1635076945879222,7.0,0.2285642192432822,False,stability_or_viability_filter,2,2022-12-29,2024-12-31
stock_peer_groups,enterprise_software,ADBE/MSFT,MSFT,ADBE,1.0,0.7115703242864225,,,,,,,,,,,,,,,,,,,,,,,,,,,,,,,,,False,correlation_prescreen,2,2022-12-29,2024-12-31
stock_peer_groups,enterprise_software,ADSK/MSFT,MSFT,ADSK,1.0,0.7324402758666708,,,,,,,,,,,,,,,,,,,,,,,,,,,,,,,,,False,correlation_prescreen,2,2022-12-29,2024-12-31
stock_peer_groups,enterprise_software,ADBE/ORCL,ORCL,ADBE,1.0,0.5016220448825106,,,,,,,,,,,,,,,,,,,,,,,,,,,,,,,,,False,correlation_prescreen,2,2022-12-29,2024-12-31
stock_peer_groups,enterprise_software,ADBE/CRM,CRM,ADBE,1.0,0.6097156286508003,,,,,,,,,,,,,,,,,,,,,,,,,,,,,,,,,False,correlation_prescreen,2,2022-12-29,2024-12-31
stock_peer_groups,enterprise_software,ADBE/NOW,ADBE,NOW,1.0,0.6414022887401328,,,,,,,,,,,,,,,,,,,,,,,,,,,,,,,,,False,correlation_prescreen,2,2022-12-29,2024-12-31
stock_peer_groups,enterprise_software,ADBE/ADSK,ADBE,ADSK,1.0,0.4575401395205315,,,,,,,,,,,,,,,,,,,,,,,,,,,,,,,,,False,correlation_prescreen,2,2022-12-29,2024-12-31
stock_peer_groups,semiconductors,INTC/NVDA,NVDA,INTC,1.0,-0.2521298072619696,,,,,,,,,,,,,,,,,,,,,,,,,,,,,,,,,False,correlation_prescreen,2,2022-12-29,2024-12-31
stock_peer_groups,semiconductors,NVDA/TXN,NVDA,TXN,1.0,0.7060638085143891,,,,,,,,,,,,,,,,,,,,,,,,,,,,,,,,,False,correlation_prescreen,2,2022-12-29,2024-12-31
stock_peer_groups,semiconductors,MCHP/NVDA,NVDA,MCHP,1.0,0.1017550451054701,,,,,,,,,,,,,,,,,,,,,,,,,,,,,,,,,False,correlation_prescreen,2,2022-12-29,2024-12-31
stock_peer_groups,semiconductors,AMD/INTC,AMD,INTC,1.0,0.1799785981338456,,,,,,,,,,,,,,,,,,,,,,,,,,,,,,,,,False,correlation_prescreen,2,2022-12-29,2024-12-31
stock_peer_groups,semiconductors,AMD/TXN,AMD,TXN,1.0,0.4508186757255085,,,,,,,,,,,,,,,,,,,,,,,,,,,,,,,,,False,correlation_prescreen,2,2022-12-29,2024-12-31
stock_peer_groups,semiconductors,ADI/AMD,AMD,ADI,1.0,0.6937738874326018,,,,,,,,,,,,,,,,,,,,,,,,,,,,,,,,,False,correlation_prescreen,2,2022-12-29,2024-12-31
stock_peer_groups,semiconductors,AMD/MCHP,AMD,MCHP,1.0,0.4392865459517541,,,,,,,,,,,,,,,,,,,,,,,,,,,,,,,,,False,correlation_prescreen,2,2022-12-29,2024-12-31
stock_peer_groups,semiconductors,INTC/QCOM,INTC,QCOM,1.0,-0.1853059231156678,,,,,,,,,,,,,,,,,,,,,,,,,,,,,,,,,False,correlation_prescreen,2,2022-12-29,2024-12-31
stock_peer_groups,semiconductors,AVGO/INTC,INTC,AVGO,1.0,-0.2443187452535052,,,,,,,,,,,,,,,,,,,,,,,,,,,,,,,,,False,correlation_prescreen,2,2022-12-29,2024-12-31
stock_peer_groups,semiconductors,INTC/MU,INTC,MU,1.0,-0.0752792010663608,,,,,,,,,,,,,,,,,,,,,,,,,,,,,,,,,False,correlation_prescreen,2,2022-12-29,2024-12-31
stock_peer_groups,semiconductors,INTC/TXN,INTC,TXN,1.0,-0.638707984993107,,,,,,,,,,,,,,,,,,,,,,,,,,,,,,,,,False,correlation_prescreen,2,2022-12-29,2024-12-31
stock_peer_groups,semiconductors,ADI/INTC,INTC,ADI,1.0,-0.4165981702047817,,,,,,,,,,,,,,,,,,,,,,,,,,,,,,,,,False,correlation_prescreen,2,2022-12-29,2024-12-31
stock_peer_groups,semiconductors,INTC/MCHP,INTC,MCHP,1.0,0.5320100263767846,,,,,,,,,,,,,,,,,,,,,,,,,,,,,,,,,False,correlation_prescreen,2,2022-12-29,2024-12-31
stock_peer_groups,semiconductors,INTC/NXPI,INTC,NXPI,1.0,-0.01339929923029,,,,,,,,,,,,,,,,,,,,,,,,,,,,,,,,,False,correlation_prescreen,2,2022-12-29,2024-12-31
stock_peer_groups,semiconductors,QCOM/TXN,QCOM,TXN,1.0,0.7461232756296493,,,,,,,,,,,,,,,,,,,,,,,,,,,,,,,,,False,correlation_prescreen,2,2022-12-29,2024-12-31
stock_peer_groups,semiconductors,MCHP/QCOM,QCOM,MCHP,1.0,0.3630622178699433,,,,,,,,,,,,,,,,,,,,,,,,,,,,,,,,,False,correlation_prescreen,2,2022-12-29,2024-12-31
stock_peer_groups,semiconductors,AVGO/TXN,AVGO,TXN,1.0,0.6919156942182689,,,,,,,,,,,,,,,,,,,,,,,,,,,,,,,,,False,correlation_prescreen,2,2022-12-29,2024-12-31
stock_peer_groups,semiconductors,AVGO/MCHP,AVGO,MCHP,1.0,0.0533857928455347,,,,,,,,,,,,,,,,,,,,,,,,,,,,,,,,,False,correlation_prescreen,2,2022-12-29,2024-12-31
stock_peer_groups,semiconductors,MU/TXN,MU,TXN,1.0,0.6329599174843927,,,,,,,,,,,,,,,,,,,,,,,,,,,,,,,,,False,correlation_prescreen,2,2022-12-29,2024-12-31
stock_peer_groups,semiconductors,MCHP/MU,MU,MCHP,1.0,0.3497780004932873,,,,,,,,,,,,,,,,,,,,,,,,,,,,,,,,,False,correlation_prescreen,2,2022-12-29,2024-12-31
stock_peer_groups,semiconductors,MCHP/TXN,TXN,MCHP,1.0,0.0318640641497286,,,,,,,,,,,,,,,,,,,,,,,,,,,,,,,,,False,correlation_prescreen,2,2022-12-29,2024-12-31
stock_peer_groups,semiconductors,NXPI/TXN,TXN,NXPI,1.0,0.6447680914563709,,,,,,,,,,,,,,,,,,,,,,,,,,,,,,,,,False,correlation_prescreen,2,2022-12-29,2024-12-31
stock_peer_groups,semiconductors,ADI/MCHP,ADI,MCHP,1.0,0.2131575942398403,,,,,,,,,,,,,,,,,,,,,,,,,,,,,,,,,False,correlation_prescreen,2,2022-12-29,2024-12-31
stock_peer_groups,semiconductors,MCHP/NXPI,MCHP,NXPI,1.0,0.5030552979595335,,,,,,,,,,,,,,,,,,,,,,,,,,,,,,,,,False,correlation_prescreen,2,2022-12-29,2024-12-31
stock_peer_groups,capital_markets,GS/SCHW,GS,SCHW,1.0,0.6657802639104762,,,,,,,,,,,,,,,,,,,,,,,,,,,,,,,,,False,correlation_prescreen,2,2022-12-29,2024-12-31
stock_peer_groups,capital_markets,MS/SCHW,MS,SCHW,1.0,0.6985419540174832,,,,,,,,,,,,,,,,,,,,,,,,,,,,,,,,,False,correlation_prescreen,2,2022-12-29,2024-12-31
stock_peer_groups,capital_markets,SCHW/STT,SCHW,STT,1.0,0.6990986265115905,,,,,,,,,,,,,,,,,,,,,,,,,,,,,,,,,False,correlation_prescreen,2,2022-12-29,2024-12-31
stock_peer_groups,integrated_energy,CVX/XOM,XOM,CVX,1.0,0.4833771444957147,,,,,,,,,,,,,,,,,,,,,,,,,,,,,,,,,False,correlation_prescreen,2,2022-12-29,2024-12-31
stock_peer_groups,integrated_energy,COP/XOM,XOM,COP,1.0,0.392476883156008,,,,,,,,,,,,,,,,,,,,,,,,,,,,,,,,,False,correlation_prescreen,2,2022-12-29,2024-12-31
stock_peer_groups,integrated_energy,OXY/XOM,XOM,OXY,1.0,-0.0851814662806909,,,,,,,,,,,,,,,,,,,,,,,,,,,,,,,,,False,correlation_prescreen,2,2022-12-29,2024-12-31
stock_peer_groups,integrated_energy,COP/CVX,CVX,COP,1.0,0.3226419992735463,,,,,,,,,,,,,,,,,,,,,,,,,,,,,,,,,False,correlation_prescreen,2,2022-12-29,2024-12-31
stock_peer_groups,integrated_energy,CVX/OXY,CVX,OXY,1.0,0.3809083514442254,,,,,,,,,,,,,,,,,,,,,,,,,,,,,,,,,False,correlation_prescreen,2,2022-12-29,2024-12-31
stock_peer_groups,integrated_energy,COP/OXY,COP,OXY,1.0,0.5295255431158452,,,,,,,,,,,,,,,,,,,,,,,,,,,,,,,,,False,correlation_prescreen,2,2022-12-29,2024-12-31
stock_peer_groups,oilfield_services,BKR/SLB,SLB,BKR,1.0,-0.1631131750803241,,,,,,,,,,,,,,,,,,,,,,,,,,,,,,,,,False,correlation_prescreen,2,2022-12-29,2024-12-31
stock_peer_groups,oilfield_services,BKR/HAL,HAL,BKR,1.0,-0.0924440238623567,,,,,,,,,,,,,,,,,,,,,,,,,,,,,,,,,False,correlation_prescreen,2,2022-12-29,2024-12-31
stock_peer_groups,big_box_retail,TGT/WMT,WMT,TGT,1.0,0.1494919493364307,,,,,,,,,,,,,,,,,,,,,,,,,,,,,,,,,False,correlation_prescreen,2,2022-12-29,2024-12-31
stock_peer_groups,big_box_retail,COST/TGT,COST,TGT,1.0,0.2485124553762609,,,,,,,,,,,,,,,,,,,,,,,,,,,,,,,,,False,correlation_prescreen,2,2022-12-29,2024-12-31
stock_peer_groups,beverages,KO/PEP,KO,PEP,1.0,0.2858956497805197,,,,,,,,,,,,,,,,,,,,,,,,,,,,,,,,,False,correlation_prescreen,2,2022-12-29,2024-12-31
stock_peer_groups,beverages,KDP/KO,KO,KDP,1.0,0.7397479787121101,,,,,,,,,,,,,,,,,,,,,,,,,,,,,,,,,False,correlation_prescreen,2,2022-12-29,2024-12-31
stock_peer_groups,beverages,KO/MNST,KO,MNST,1.0,-0.3462705873625934,,,,,,,,,,,,,,,,,,,,,,,,,,,,,,,,,False,correlation_prescreen,2,2022-12-29,2024-12-31
stock_peer_groups,beverages,KDP/PEP,PEP,KDP,1.0,0.2884824023504961,,,,,,,,,,,,,,,,,,,,,,,,,,,,,,,,,False,correlation_prescreen,2,2022-12-29,2024-12-31
stock_peer_groups,beverages,MNST/PEP,PEP,MNST,1.0,0.3079013530781593,,,,,,,,,,,,,,,,,,,,,,,,,,,,,,,,,False,correlation_prescreen,2,2022-12-29,2024-12-31
stock_peer_groups,beverages,KDP/MNST,KDP,MNST,1.0,-0.5188828252226195,,,,,,,,,,,,,,,,,,,,,,,,,,,,,,,,,False,correlation_prescreen,2,2022-12-29,2024-12-31
stock_peer_groups,large_pharma,JNJ/MRK,JNJ,MRK,1.0,-0.0755009056107495,,,,,,,,,,,,,,,,,,,,,,,,,,,,,,,,,False,correlation_prescreen,2,2022-12-29,2024-12-31
stock_peer_groups,large_pharma,JNJ/PFE,JNJ,PFE,1.0,0.277567276192271,,,,,,,,,,,,,,,,,,,,,,,,,,,,,,,,,False,correlation_prescreen,2,2022-12-29,2024-12-31
stock_peer_groups,large_pharma,ABBV/JNJ,JNJ,ABBV,1.0,0.2504644639970232,,,,,,,,,,,,,,,,,,,,,,,,,,,,,,,,,False,correlation_prescreen,2,2022-12-29,2024-12-31
stock_peer_groups,large_pharma,BMY/JNJ,JNJ,BMY,1.0,0.3008490701033132,,,,,,,,,,,,,,,,,,,,,,,,,,,,,,,,,False,correlation_prescreen,2,2022-12-29,2024-12-31
stock_peer_groups,large_pharma,JNJ/LLY,JNJ,LLY,1.0,0.0079638895282471,,,,,,,,,,,,,,,,,,,,,,,,,,,,,,,,,False,correlation_prescreen,2,2022-12-29,2024-12-31
stock_peer_groups,large_pharma,MRK/PFE,MRK,PFE,1.0,-0.4158555605209905,,,,,,,,,,,,,,,,,,,,,,,,,,,,,,,,,False,correlation_prescreen,2,2022-12-29,2024-12-31
stock_peer_groups,large_pharma,ABBV/MRK,MRK,ABBV,1.0,0.4214611166611145,,,,,,,,,,,,,,,,,,,,,,,,,,,,,,,,,False,correlation_prescreen,2,2022-12-29,2024-12-31
stock_peer_groups,large_pharma,BMY/MRK,MRK,BMY,1.0,-0.6665670922597783,,,,,,,,,,,,,,,,,,,,,,,,,,,,,,,,,False,correlation_prescreen,2,2022-12-29,2024-12-31
stock_peer_groups,large_pharma,LLY/MRK,MRK,LLY,1.0,0.516960613197738,,,,,,,,,,,,,,,,,,,,,,,,,,,,,,,,,False,correlation_prescreen,2,2022-12-29,2024-12-31
stock_peer_groups,large_pharma,ABBV/PFE,PFE,ABBV,1.0,-0.5691433421036849,,,,,,,,,,,,,,,,,,,,,,,,,,,,,,,,,False,correlation_prescreen,2,2022-12-29,2024-12-31
stock_peer_groups,large_pharma,ABBV/BMY,ABBV,BMY,1.0,-0.4357567382346693,,,,,,,,,,,,,,,,,,,,,,,,,,,,,,,,,False,correlation_prescreen,2,2022-12-29,2024-12-31
stock_peer_groups,managed_care,CI/UNH,UNH,CI,1.0,0.4953625083470287,,,,,,,,,,,,,,,,,,,,,,,,,,,,,,,,,False,correlation_prescreen,2,2022-12-29,2024-12-31
stock_peer_groups,managed_care,CVS/UNH,UNH,CVS,1.0,-0.4448253650247079,,,,,,,,,,,,,,,,,,,,,,,,,,,,,,,,,False,correlation_prescreen,2,2022-12-29,2024-12-31
stock_peer_groups,managed_care,HUM/UNH,UNH,HUM,1.0,-0.4930642414675711,,,,,,,,,,,,,,,,,,,,,,,,,,,,,,,,,False,correlation_prescreen,2,2022-12-29,2024-12-31
stock_peer_groups,managed_care,CNC/UNH,UNH,CNC,1.0,0.0316820216632238,,,,,,,,,,,,,,,,,,,,,,,,,,,,,,,,,False,correlation_prescreen,2,2022-12-29,2024-12-31
stock_peer_groups,managed_care,CI/CVS,CI,CVS,1.0,-0.2431450866658773,,,,,,,,,,,,,,,,,,,,,,,,,,,,,,,,,False,correlation_prescreen,2,2022-12-29,2024-12-31
stock_peer_groups,managed_care,CI/HUM,CI,HUM,1.0,-0.697638744364182,,,,,,,,,,,,,,,,,,,,,,,,,,,,,,,,,False,correlation_prescreen,2,2022-12-29,2024-12-31
stock_peer_groups,managed_care,CI/CNC,CI,CNC,1.0,0.4184378269020362,,,,,,,,,,,,,,,,,,,,,,,,,,,,,,,,,False,correlation_prescreen,2,2022-12-29,2024-12-31
stock_peer_groups,managed_care,CVS/HUM,CVS,HUM,1.0,0.6086505074327951,,,,,,,,,,,,,,,,,,,,,,,,,,,,,,,,,False,correlation_prescreen,2,2022-12-29,2024-12-31
stock_peer_groups,managed_care,CNC/CVS,CVS,CNC,1.0,0.4347435193509555,,,,,,,,,,,,,,,,,,,,,,,,,,,,,,,,,False,correlation_prescreen,2,2022-12-29,2024-12-31
stock_peer_groups,managed_care,CNC/HUM,HUM,CNC,1.0,0.107011568805827,,,,,,,,,,,,,,,,,,,,,,,,,,,,,,,,,False,correlation_prescreen,2,2022-12-29,2024-12-31
stock_peer_groups,industrial_machinery,CAT/DE,CAT,DE,1.0,0.2815575255398148,,,,,,,,,,,,,,,,,,,,,,,,,,,,,,,,,False,correlation_prescreen,2,2022-12-29,2024-12-31
stock_peer_groups,industrial_machinery,CMI/DE,DE,CMI,1.0,0.4348701672881155,,,,,,,,,,,,,,,,,,,,,,,,,,,,,,,,,False,correlation_prescreen,2,2022-12-29,2024-12-31
stock_peer_groups,industrial_machinery,DE/PCAR,DE,PCAR,1.0,0.0923859781649974,,,,,,,,,,,,,,,,,,,,,,,,,,,,,,,,,False,correlation_prescreen,2,2022-12-29,2024-12-31
stock_peer_groups,railroads,NSC/UNP,UNP,NSC,1.0,0.7425467481377414,,,,,,,,,,,,,,,,,,,,,,,,,,,,,,,,,False,correlation_prescreen,2,2022-12-29,2024-12-31
etf_peer_groups,energy_equity,OIH/XLE,XLE,OIH,1.0,0.531280974174918,,,,,,,,,,,,,,,,,,,,,,,,,,,,,,,,,False,correlation_prescreen,2,2022-12-29,2024-12-31
etf_peer_groups,energy_equity,OIH/VDE,VDE,OIH,1.0,0.5526710917527105,,,,,,,,,,,,,,,,,,,,,,,,,,,,,,,,,False,correlation_prescreen,2,2022-12-29,2024-12-31
stock_peer_groups,capital_markets,GS/NTRS,GS,NTRS,1.0,0.9470456807940982,0.0103480324425686,0.0020329973205504,1.4790826434490691,-0.481192544123826,0.952353741538388,0.0488187359622944,14.198384429603069,0.014647893186941,0.0207148371875319,28.0,41.0,1.881739913801178e-14,0.0788250361514476,504.0,28.0,3.0,0.8779076984114641,0.0634073462318492,0.6666666666666666,0.6666666666666666,1.0,0.2403285406416428,1.0,1.2781752806644626,0.1321536601427709,0.8062615585885888,17.0,1.2868678498828898,-0.0609450872433686,3.5426219584048004,34.0,1.1992917360710225,True,passed,3,2023-03-31,2025-04-03
stock_peer_groups,enterprise_software,ADSK/NOW,NOW,ADSK,1.0,0.9451832859189404,0.0057961710768591,0.0011210285019609,1.6049821141014613,-3.812800414403714,0.9449433907443212,0.0566302572569721,12.239873419868788,0.0062786457932754,0.0239747165246344,24.0,46.0,-5.766110692973829e-14,0.0789691105927218,504.0,24.0,3.0,0.8933839413746473,0.0548935111887722,0.6666666666666666,1.0,1.0,0.1698444312169375,1.0,1.08469592990444,0.084323306346841,0.8815803213756443,16.0,0.3370929186552603,-0.078845481619747,1.539917475503106,31.0,1.0591401329490886,True,passed,3,2023-03-31,2025-04-03
stock_peer_groups,capital_markets,MS/NTRS,MS,NTRS,1.0,0.9605005017587284,0.0052834766980873,0.0009857828580267,1.15680560051248,-0.5608955801095171,0.9396420972956068,0.0622562237787082,11.133781307130988,0.005395494799678,0.0169780199305192,22.0,44.0,1.3507713466272738e-14,0.0526800229353422,504.0,22.0,3.0,0.8819831625740258,0.0865040136756298,0.3333333333333333,1.0,1.0,0.2853548548656321,1.0,1.2439491143682615,0.1510584133324497,0.7887232826435948,13.0,0.5266453782260159,-0.0750786793232437,1.8418914991235535,26.0,1.009814664333675,True,passed,3,2023-03-31,2025-04-03
etf_peer_groups,developed_international,IEFA/VEA,VEA,IEFA,1.0,0.9993096055776676,0.0521191166002609,0.0141800230532689,0.98369395037632,-0.3066822812261265,0.946900617031404,0.054561136359772,12.70404589797002,-2.01251119567954e-05,0.0008511701697446,25.0,51.0,7.880116312561667e-14,0.0026345435845957,504.0,25.0,3.0,0.9982123704275444,0.0018029838741263,1.0,1.0,1.0,0.0304276984924366,1.0,1.408545441079703,0.0561374986865991,0.993939342738226,12.0,-2.651748986424581,-0.0240929003906947,0.0,24.0,0.893939342738226,True,passed,3,2023-03-31,2025-04-03
stock_peer_groups,semiconductors,MU/QCOM,QCOM,MU,1.0,0.9467403418140484,0.005965211526827,0.0011599676171438,0.8224978927888869,1.2676687185292337,0.9393693304584878,0.0625465539331776,11.082100243292016,-0.0017719485866395,0.0222084897255735,22.0,46.0,-9.276530161312421e-15,0.066402844531793,504.0,22.0,3.0,0.8870268484667813,0.0427753054078541,0.3333333333333333,0.6666666666666666,1.0,0.1793045653675339,1.0,1.0444850164089667,0.0789694031927923,0.7305264384640827,11.0,0.161040367736329,-0.1282882013762198,1.3780408163842628,22.0,0.8735845344437452,True,passed,3,2023-03-31,2025-04-03
etf_peer_groups,us_real_estate,IYR/VNQ,VNQ,IYR,1.0,0.999762270835131,0.0092977040307721,0.0019036662645508,1.013468713019239,-0.1333307678863993,0.8867662748209753,0.1201738321605136,5.767871158790406,-0.000141094822071,0.0008990013647555,20.0,67.0,-8.502898561613301e-15,0.0019504930297118,504.0,20.0,3.0,0.999610494877762,0.0001572942630171,0.6666666666666666,0.6666666666666666,1.0,0.0024231534108082,1.0,1.1635943757681255,0.0190373020877335,0.847998893510667,17.0,-2.7418661973904386,-0.0300562604400078,0.0,34.0,0.747998893510667,True,passed,3,2023-03-31,2025-04-03
stock_peer_groups,mega_cap_platforms,AMZN/GOOGL,GOOGL,AMZN,1.0,0.9494785145821996,0.0473229615402576,0.0126453946659789,0.7225862310279355,1.3161033922458665,0.9588591880569582,0.0420110469369756,16.499164650664248,-0.0006976790670607,0.0149043032776877,33.0,36.0,-2.022896841217805e-14,0.0521678561283734,504.0,33.0,3.0,0.8205825076023551,0.045825689033687,0.3333333333333333,0.3333333333333333,1.0,0.118713635779257,1.0,1.0233911839180412,0.0574454620396526,0.6494010806966235,13.0,1.127603120785627,-0.0617307364603202,3.018473109031424,25.0,1.0185415488144676,False,stability_or_viability_filter,3,2023-03-31,2025-04-03
stock_peer_groups,money_center_banks,C/WFC,C,WFC,1.0,0.9715480766683176,0.081269611042152,0.0242094722647488,0.909975175408295,0.3893301083275796,0.9672628367822148,0.0332850140683182,20.824602301121008,-0.0113203981807485,0.0122278159123342,42.0,35.0,-1.3096226043653732e-14,0.0522946424996088,504.0,42.0,3.0,0.9299450664694184,0.0414662621363432,0.3333333333333333,0.3333333333333333,1.0,0.152575235279138,1.0,1.1952302282603515,0.0863727467229772,0.6738489919450569,12.0,0.8998132967622544,-0.0441784811789297,2.504828246199766,24.0,0.9840623987693834,False,stability_or_viability_filter,3,2023-03-31,2025-04-03
stock_peer_groups,semiconductors,NXPI/QCOM,QCOM,NXPI,1.0,0.8823617287167936,0.6044924320168907,0.3571020704715179,1.3334204300270929,-2.185259571738035,0.9814433442703376,0.0187309905482622,37.00536705594842,0.0202321056538193,0.0216777743663133,74.0,28.0,3.1674839118432646e-14,0.0970419111943466,504.0,74.0,3.0,0.8767981004488853,0.0564249485545808,0.3333333333333333,0.6666666666666666,1.0,0.2434051898292435,1.0,1.2938391365149704,0.1325921724073826,0.7226069745381497,8.0,0.6050696431263968,-0.0631205716239076,1.7434418548671775,16.0,0.950539513750468,False,stability_or_viability_filter,3,2023-03-31,2025-04-03
stock_peer_groups,enterprise_software,ADSK/ORCL,ORCL,ADSK,1.0,0.8768434612376546,0.3398198247825849,0.1511269554446151,1.2496657312410124,-2.0135591131373305,0.9704997302062272,0.0299441543677245,23.14799650201698,0.0102601494986521,0.0223260732310546,46.0,41.0,6.99757712092313e-14,0.0975845076008428,504.0,46.0,3.0,0.6606503672100242,0.2010573974558945,0.3333333333333333,0.6666666666666666,0.6666666666666666,0.3940800356580409,1.0,1.112434869715759,0.2108719076730628,0.6274087343685331,9.0,0.8450744188383158,-0.0430720830422548,2.717058069909572,17.0,0.940022800689759,False,stability_or_viability_filter,3,2023-03-31,2025-04-03
stock_peer_groups,railroads,NSC/UNP,UNP,NSC,1.0,0.8414402545758851,0.2475025295319062,0.099060229506637,0.7486220699495698,1.3450890021575042,0.976031854234822,0.024260055565959,28.571541341914585,0.0071462436561868,0.0097745031597382,57.0,28.0,3.689464959294012e-14,0.0468106965396457,504.0,57.0,3.0,0.7932363572091728,0.1287806295516708,0.6666666666666666,0.6666666666666666,1.0,0.2930918448214836,1.0,1.163941151347881,0.1588398416074827,0.782425105141545,11.0,0.1828462311498826,-0.0704306408226008,1.2181661383107834,22.0,0.9207603467295664,False,stability_or_viability_filter,3,2023-03-31,2025-04-03
stock_peer_groups,semiconductors,ADI/TXN,TXN,ADI,1.0,0.9420598341337386,0.0460487834260342,0.0122258438532267,0.9396884225066436,0.1681243888887968,0.9566941849762092,0.0442714945267846,15.656737771537976,-0.0008485852394088,0.010437188371189,31.0,41.0,-9.495050248698956e-15,0.0362088730927514,504.0,31.0,3.0,0.8522798325158224,0.0886762675154177,0.0,0.6666666666666666,1.0,0.1070044028388453,1.0,1.144758495759706,0.0813111674247216,0.6382721747198168,16.0,0.7980229922090695,-0.0579930116051746,2.140523467705858,31.0,0.91500179693647,False,stability_or_viability_filter,3,2023-03-31,2025-04-03
stock_peer_groups,money_center_banks,JPM/WFC,JPM,WFC,1.0,0.9822196516840714,0.1046756380303871,0.0330090734448744,0.9456224367311676,1.4624954962343455,0.9642252345995987,0.0364303658123259,19.0266324563072,0.0015223953760804,0.0113048645318514,38.0,38.0,-1.3872501031506718e-14,0.0426076537000325,504.0,38.0,3.0,0.93558825796126,0.0298875583160914,0.3333333333333333,0.3333333333333333,1.0,0.0692582170331265,1.0,1.1124807315594656,0.0455464508452355,0.6793424194057914,8.0,0.4841442028672554,-0.0442509412852626,2.149075954667956,16.0,0.9094178475692776,False,stability_or_viability_filter,3,2023-03-31,2025-04-03
stock_peer_groups,enterprise_software,INTU/NOW,INTU,NOW,1.0,0.8367810199820684,0.3728330146588055,0.1722450688674659,0.4817866615612356,3.9335364515183455,0.979404542587982,0.0208105015911433,33.30756721668539,0.0059105524144528,0.0153006858189955,67.0,35.0,1.8852644313396704e-14,0.0762390463752945,504.0,67.0,3.0,0.6635692807896736,0.3375380226907974,0.3333333333333333,0.3333333333333333,1.0,0.6599970106231594,1.0,1.3531267359196129,0.371747981762387,0.5787175220211797,8.0,0.7999973637934616,-0.0719202484656055,6.72090512070793,16.0,0.8987171265901989,False,stability_or_viability_filter,3,2023-03-31,2025-04-03
stock_peer_groups,mega_cap_platforms,AMZN/MSFT,MSFT,AMZN,1.0,0.9178674177741276,0.340404645043672,0.1518788393972147,0.5398897573911388,3.175319585989755,0.9770768421405684,0.0231899789159491,29.88994440539251,-0.0017307650525386,0.0110565251542157,60.0,25.0,1.449457837705065e-14,0.0509909767370424,504.0,60.0,3.0,0.7178563216734427,0.3346809783084632,0.3333333333333333,0.6666666666666666,1.0,0.5464745910046626,1.0,1.1952862615110929,0.3154169966056078,0.6645890474244666,11.0,0.3804879021901914,-0.0380213753490208,1.641582874565191,22.0,0.8537413764812548,False,stability_or_viability_filter,3,2023-03-31,2025-04-03
stock_peer_groups,semiconductors,ADI/NVDA,NVDA,ADI,1.0,0.8629237386497925,0.0353945401241518,0.0090138040203796,4.230382692335576,-17.970159879104873,0.9569180229490254,0.0440375516485878,15.739911839130862,0.0685916557587716,0.0742659073070392,31.0,37.0,2.3409845490667587e-14,0.2680861353151682,504.0,31.0,3.0,0.6408471551565943,0.2000677208583352,0.0,0.0,1.0,0.2583735652241008,1.0,1.4717519804248105,0.2052306487413465,0.4396887239150139,13.0,1.324921652711888,-0.0561938215533863,5.788340576337843,26.0,0.8384269718217972,False,stability_or_viability_filter,3,2023-03-31,2025-04-03
stock_peer_groups,semiconductors,AVGO/NVDA,NVDA,AVGO,1.0,0.9637543129462228,0.2315848080175567,0.0908443110637237,1.3446109968993425,-2.149343907486004,0.9733867665414488,0.0269737767630862,25.69707559486144,0.0058991536379925,0.0323286132664159,51.0,23.0,2.7138785046392718e-15,0.1415361683762212,504.0,51.0,3.0,0.8809009511149402,0.1101009805975536,0.3333333333333333,0.3333333333333333,1.0,0.3661637741719835,1.0,1.3035857019306891,0.1924866629154778,0.6509765714871872,10.0,0.3760113048856655,-0.0732753577242439,1.488986462058547,19.0,0.8318275903229644,False,stability_or_viability_filter,3,2023-03-31,2025-04-03
etf_peer_groups,broad_us_equity,IVV/VOO,IVV,VOO,1.0,0.9999989183727372,0.0,0.0,0.999811717047397,0.0900629644924502,0.032256077070098,3.434048817210131,0.2018454650633265,2.507216493441796e-07,0.0001987352240048,20.0,65.0,4.3321607324381314e-14,0.0001987252388689,504.0,20.0,3.0,0.9999960695884486,9.269637786249724e-07,1.0,1.0,0.0,0.0001435455042826,1.0,1.1662471791353726,0.0185200662821729,0.8981470107688949,22.0,-4.817532113329158,-0.0399407800171555,0.0,44.0,0.7981470107688948,False,stability_or_viability_filter,3,2023-03-31,2025-04-03
etf_peer_groups,physical_gold,IAU/SGOL,IAU,SGOL,1.0,0.9999965074071474,1.811396994061006e-07,6.287025825286122e-15,0.9971301033376556,0.6912133791408035,0.1390432259601533,1.972970416064522,0.3513216290098073,-1.1427222788612233e-06,0.000377692955808,20.0,62.0,-2.3087352135895518e-14,0.0003817150510628,504.0,20.0,3.0,0.9999740308072176,2.620171070981992e-05,1.0,1.0,0.0,0.0001855780901099,1.0,1.2861197327655378,0.031861674685333,0.8968073402332711,27.0,-5.015765915149322,-0.0448106750082157,0.0,53.0,0.796807340233271,False,stability_or_viability_filter,3,2023-03-31,2025-04-03
etf_peer_groups,intermediate_treasuries,SCHR/VGIT,VGIT,SCHR,1.0,0.9999620936694176,0.0,0.0,0.9989567909002764,0.8751831724650383,0.1384210350064102,1.9774552603068916,0.3505248358703055,-1.2251217134821997e-07,0.0002317254579168,20.0,67.0,-8.433994243735772e-14,0.0002337766323768,504.0,20.0,3.0,0.9999415722296714,2.239481882676556e-05,1.0,1.0,0.0,0.0016513793869765,1.0,1.3897801199392912,0.0438668269507445,0.8955987103623433,16.0,-3.949222916775899,-0.0287503781957818,0.0,32.0,0.7955987103623432,False,stability_or_viability_filter,3,2023-03-31,2025-04-03
etf_peer_groups,short_treasuries,SCHO/SHY,SHY,SCHO,1.0,0.9999399211318192,0.0650330053738879,0.0174948685669899,0.9747707529641544,1.3054517416168283,0.2590664105266297,1.3506708388506294,0.5131873441124913,-1.002745457096188e-06,0.0002806614420095,20.0,53.0,-7.38826989006503e-14,0.0002906796224714,504.0,20.0,3.0,0.9998422129968856,5.895596913585404e-05,1.0,1.0,0.0,0.0004976176887017,1.0,1.701878414108965,0.0781720150091641,0.8921433517483051,11.0,-3.275575003098431,-0.0199498022824581,0.0,22.0,0.792143351748305,False,stability_or_viability_filter,3,2023-03-31,2025-04-03
etf_peer_groups,short_treasuries,SCHO/VGSH,VGSH,SCHO,1.0,0.9999559752479964,0.0,0.0,0.9989641574427398,0.8838858513398578,0.066655821293899,2.708212894927648,0.2559426483265686,-7.581763027946072e-07,0.0002542138384652,20.0,65.0,-2.537820042297722e-13,0.0002550024551905,504.0,20.0,3.0,0.999887060368426,5.693224151248212e-05,1.0,1.0,0.0,0.0004422433417299,1.0,1.9465376237873209,0.1053372389485609,0.8894380411972503,12.0,-3.491999559317136,-0.0217961035024956,0.0,24.0,0.7894380411972503,False,stability_or_viability_filter,3,2023-03-31,2025-04-03
stock_peer_groups,enterprise_software,CRM/NOW,CRM,NOW,1.0,0.9307302933267224,0.1785382848804007,0.0645778410807852,0.6656337603072382,2.219313644049508,0.9700754022888444,0.0303814761874679,22.814795972483424,-0.0058303861955195,0.0153702323641653,46.0,24.0,-4.2928623618839395e-14,0.0632505714688064,504.0,46.0,3.0,0.8302319587105567,0.0929298155991599,0.0,0.3333333333333333,1.0,0.0749103582278778,1.0,1.1881212430423915,0.0768490849470561,0.5665397478496002,7.0,0.4927163650026238,-0.0741469905364635,2.161730116603581,14.0,0.7860337084301728,False,stability_or_viability_filter,3,2023-03-31,2025-04-03
stock_peer_groups,enterprise_software,INTU/MSFT,MSFT,INTU,1.0,0.8990416203416111,0.0805546932879873,0.0238963970604447,0.8295501865192804,0.675294762358532,0.9613779843707726,0.0393876233364074,17.598096098355942,0.0010743737303664,0.0153205866805433,35.0,33.0,2.4067168011596448e-14,0.0562554663485769,504.0,35.0,3.0,0.6985015846675057,0.2122732494377989,0.0,0.0,1.0,0.3050670406647402,1.0,1.111730160266451,0.1848612256193409,0.4561392736049423,11.0,0.8734618096903917,-0.0653399026618836,2.743289576982504,21.0,0.7743230239076262,False,stability_or_viability_filter,3,2023-03-31,2025-04-03
stock_peer_groups,semiconductors,MU/NXPI,MU,NXPI,1.0,0.8685695824246922,0.1181659745196169,0.0384247777612853,1.5108492994739238,-3.608176969864087,0.9644304125065007,0.0362175980142135,19.13840835849801,0.0158014378388754,0.0315646504321854,38.0,34.0,2.1714552554652663e-14,0.1176338070955455,504.0,38.0,3.0,0.8224470786838075,0.0457432194196473,0.6666666666666666,0.6666666666666666,0.6666666666666666,0.1772023439832706,1.0,1.3345343760917043,0.1114856740333842,0.7611298689342801,2.0,-0.1102467325605685,-0.0454298043307086,0.870016112517908,4.0,0.7630936646760903,False,stability_or_viability_filter,3,2023-03-31,2025-04-03
etf_peer_groups,us_growth_technology,IYW/VGT,VGT,IYW,1.0,0.9974911155982572,0.2697489433485464,0.1110513273467029,0.90880891816014,-0.2767450419417801,0.9786299846024508,0.021601660291541,32.08768081735708,-0.0035016156313432,0.0021436254662756,64.0,32.0,-1.540566616075098e-14,0.0112918556529603,504.0,64.0,3.0,0.9970288282218912,0.0016866883283347,0.3333333333333333,0.6666666666666666,1.0,0.081788766620629,1.0,1.3175648174221737,0.0631101313632294,0.7596128605858166,6.0,-0.3671992772226362,-0.0146560814617242,0.6009471429613327,12.0,0.7595803261504878,False,stability_or_viability_filter,3,2023-03-31,2025-04-03
stock_peer_groups,payments_credit,COF/MA,MA,COF,1.0,0.953371075896478,0.0050941821289033,0.0009788112164726,0.5151334807841959,3.590851042316757,0.9556030812871288,0.0454126390828463,15.263309830891696,0.0041723360799747,0.0115544383085987,31.0,44.0,2.0355851043563784e-14,0.0387076940968592,504.0,31.0,3.0,0.879649195588127,0.0287934319918301,0.0,0.3333333333333333,1.0,0.0668871364424227,1.0,1.0338321417421374,0.0356526496716551,0.5830137005965329,13.0,0.3247760649888514,-0.0497635067503164,1.4438146223595254,26.0,0.7539208414628369,False,stability_or_viability_filter,3,2023-03-31,2025-04-03
stock_peer_groups,capital_markets,NTRS/SCHW,SCHW,NTRS,1.0,0.846362940580863,0.0334987293258773,0.0081315167999694,0.8289669186651281,0.5178562403887733,0.9715080507554772,0.0289057232659089,23.979582665465948,0.0213313090744834,0.016518129025394,48.0,26.0,2.3425705819590803e-14,0.0819956837717258,504.0,48.0,3.0,0.7030606298213199,0.0559752538259279,0.3333333333333333,0.3333333333333333,1.0,0.2831611972418787,1.0,1.184424059178592,0.1335370458202235,0.6124114528733076,12.0,0.1447278389523616,-0.0966097786546015,1.1766374613392478,23.0,0.7429525017831242,False,stability_or_viability_filter,3,2023-03-31,2025-04-03
stock_peer_groups,money_center_banks,BAC/C,BAC,C,1.0,0.97431282081219,0.1847776367477959,0.0674835776937096,0.8639007052753602,0.096364746967496,0.9767639632730304,0.0235102495023198,29.482765824818248,-0.0003018726244416,0.0094978676691953,59.0,32.0,1.0686337176709443e-14,0.0440889036281419,504.0,59.0,3.0,0.9249326065553168,0.0435933829672939,0.0,0.3333333333333333,1.0,0.1119740133584265,1.0,1.0461027054798988,0.05697832160634,0.592201986144862,11.0,0.2290348220105719,-0.0697972862298303,1.2717656934524422,22.0,0.7401454941190698,False,stability_or_viability_filter,3,2023-03-31,2025-04-03
etf_peer_groups,us_growth_technology,IYW/QQQ,QQQ,IYW,1.0,0.9980896717566846,0.5389145734487156,0.2978731582923271,0.8652068480563015,1.841589092655886,0.9761576733764868,0.0241311550262733,28.724160936567905,0.0027988663423538,0.0025044513784679,57.0,37.0,-4.9133536745355544e-14,0.0093762870037662,504.0,57.0,3.0,0.993184772677736,0.0072635508286131,0.3333333333333333,0.6666666666666666,1.0,0.0201363126743069,1.0,1.5179792709720497,0.0666865401645344,0.7582942058196471,3.0,-0.2449500004763559,-0.0080398112411912,0.5326442655900823,6.0,0.7356839190276978,False,stability_or_viability_filter,3,2023-03-31,2025-04-03
stock_peer_groups,money_center_banks,BAC/JPM,JPM,BAC,1.0,0.9796107506400604,0.3692402096986338,0.1709840675694055,1.135617384416472,1.178423113628993,0.9678444068658704,0.0326839413339009,21.207576328653715,0.0152177211698349,0.0123063762862586,42.0,36.0,3.0575189646422964e-15,0.0455965641971514,504.0,42.0,3.0,0.9388167000556116,0.0257782416945031,0.0,0.6666666666666666,1.0,0.125487009135516,1.0,1.2218619972069558,0.0750730832996681,0.6605302000172694,13.0,-0.1487995856158138,-0.0600391451713128,0.8620980084093615,26.0,0.7313151625953653,False,stability_or_viability_filter,3,2023-03-31,2025-04-03
stock_peer_groups,payments_credit,AXP/SYF,AXP,SYF,1.0,0.9808032969866184,0.1556761735271398,0.0541909381117682,0.8655045090430178,2.138157816186365,0.9620113891109928,0.0387289893937948,17.897373296061296,-0.0010473534793894,0.0132373522576822,36.0,39.0,1.5895574098601446e-14,0.0491454944176483,504.0,36.0,3.0,0.9592381777445128,0.0147216138706183,0.0,0.6666666666666666,1.0,0.1816731332961149,1.0,1.3411965950917684,0.1033756485102187,0.6628053129184396,10.0,-0.1879512807606673,-0.0910342057738045,0.8001158285985557,20.0,0.7246184122342672,False,stability_or_viability_filter,3,2023-03-31,2025-04-03
stock_peer_groups,enterprise_software,ADSK/CRM,CRM,ADSK,1.0,0.9117557161542686,0.2149724135889586,0.0820045309334393,1.1072460760243898,-0.5318034657636947,0.961707623001579,0.0390448007051411,17.752611565223734,0.0010205219476804,0.0193094027845727,36.0,32.0,2.4928912549757882e-14,0.0710381207735629,504.0,36.0,3.0,0.8091638828156543,0.1171452697849428,0.3333333333333333,0.3333333333333333,1.0,0.2791732937307278,1.0,1.0303131112004682,0.1354743113052755,0.638743539573386,9.0,-0.0697168534076407,-0.0549049082246625,0.8956274520295082,18.0,0.7230673841637153,False,stability_or_viability_filter,3,2023-03-31,2025-04-03
stock_peer_groups,capital_markets,GS/STT,GS,STT,1.0,0.943979288656357,0.0636282035948496,0.0179999599334074,1.5897819013560897,-0.8267184873903969,0.9634218048302748,0.037263951836544,18.60101106829438,0.0130808538965907,0.0205029241663617,37.0,41.0,3.6915796698171084e-14,0.0810112885484505,504.0,37.0,3.0,0.8547299496849003,0.0732937212889021,0.0,0.6666666666666666,1.0,0.1826321084555011,1.0,1.3426131065346,0.1233767328630899,0.6346781474682494,10.0,-0.0986056170683006,-0.0693097101550678,0.9129312154469356,20.0,0.715533865680351,False,stability_or_viability_filter,3,2023-03-31,2025-04-03
stock_peer_groups,mega_cap_platforms,AMZN/META,META,AMZN,1.0,0.9751544901752678,0.0515076146072167,0.0139966849360116,1.474395481617346,-1.4819014942877384,0.9547850873636566,0.0462690032363579,14.98081073886792,0.0049911695257827,0.0222710325998228,30.0,39.0,1.5372183244135303e-14,0.0731587413878112,504.0,30.0,3.0,0.9001703619330877,0.0719359947819122,0.3333333333333333,0.3333333333333333,1.0,0.1522066917861392,1.0,1.2162239560149326,0.0987391128576763,0.6651686791975042,14.0,-0.288863882682496,-0.0919731913124133,0.7611046579810931,28.0,0.7098943296941844,False,stability_or_viability_filter,3,2023-03-31,2025-04-03
etf_peer_groups,us_growth_technology,QQQ/XLK,QQQ,XLK,1.0,0.9928528148590794,0.7710687314834136,0.5516829250678481,1.0370459003658876,1.2943397526764944,0.9833816460264042,0.0167579879710209,41.36219585302141,0.0082797753088856,0.0044067908452572,83.0,17.0,-4.999528128351697e-15,0.0181123388721819,504.0,83.0,3.0,0.9776202311399048,0.0230078205708496,0.0,0.6666666666666666,1.0,0.0406466219279204,1.0,1.771687149580608,0.1069611641196576,0.6670422747063437,5.0,-0.1205464503981112,-0.0146313880683743,0.7834304202081798,10.0,0.700631828157036,False,stability_or_viability_filter,3,2023-03-31,2025-04-03
stock_peer_groups,payments_credit,AXP/MA,MA,AXP,1.0,0.9440509914569172,0.2953750811035905,0.125763577044199,0.4804220905357195,3.5290546886563297,0.9753455228855076,0.0249634883162434,27.766439200282825,0.0145098127091145,0.0094539091515083,56.0,28.0,1.933197869863169e-14,0.0422987223876137,504.0,56.0,3.0,0.8830994639781219,0.01035246852083,0.0,0.3333333333333333,1.0,0.2334278803637398,1.0,1.0806017592383572,0.0902158673213407,0.5784199459290631,13.0,0.1017008382199674,-0.0524499545629933,1.121332958475402,25.0,0.6997417195858283,False,stability_or_viability_filter,3,2023-03-31,2025-04-03
stock_peer_groups,semiconductors,ADI/QCOM,QCOM,ADI,1.0,0.8667208207121916,0.2142374638485816,0.0817688746816397,1.651673730920794,-3.7563507960907696,0.9721176374270258,0.0282784556852811,24.511493423621644,0.0153489775731661,0.0241560826886101,49.0,36.0,2.45641249845239e-14,0.1028618480323876,504.0,49.0,3.0,0.690169190126599,0.1747479036749028,0.0,0.0,1.0,0.3695383804105557,1.0,1.3952183041604438,0.2253419062685354,0.4500081069047962,9.0,0.5643777196073102,-0.0538976062253343,2.110024886877633,18.0,0.6901660091897743,False,stability_or_viability_filter,3,2023-03-31,2025-04-03
stock_peer_groups,capital_markets,GS/MS,GS,MS,1.0,0.9640517930866364,0.3265934760577427,0.1434476439368235,1.2501412725329804,0.3641544681588894,0.9800668676324602,0.0201344773672148,34.42588391634161,0.0149692843800301,0.0121638333764105,69.0,22.0,-1.756267089430843e-14,0.0652289665894197,504.0,69.0,3.0,0.9006865231400911,0.1017616299138176,0.3333333333333333,0.6666666666666666,1.0,0.1822423962979616,1.0,1.5641974292570988,0.1573566119880485,0.7261026362528846,9.0,-0.7165442649940472,-0.0654328092416218,0.4274133768245045,17.0,0.6899916653450028,False,stability_or_viability_filter,3,2023-03-31,2025-04-03
stock_peer_groups,semiconductors,NVDA/NXPI,NVDA,NXPI,1.0,0.7585867048054661,0.9189319504555424,0.7876847293584075,2.9490889849038666,-11.45376325790926,0.9913015455394444,0.0087365068408544,79.3391676085673,0.3252860450305941,0.0587358626999887,90.0,26.0,1.3209891734270115e-14,0.3456672025553551,504.0,90.0,3.0,0.6476855998088161,0.3384968208061621,0.0,0.3333333333333333,1.0,0.7472664969858095,0.6666666666666666,1.3260434842954725,0.3981481597412653,0.4554399173114108,2.0,0.7128430101754021,-0.0267423726203599,inf,4.0,0.6873663688377212,False,stability_or_viability_filter,3,2023-03-31,2025-04-03
stock_peer_groups,industrial_machinery,CAT/PCAR,CAT,PCAR,1.0,0.9183006876481088,0.3443219646151514,0.1542287659638862,1.0807697080302328,0.8475801360034276,0.9781247877457716,0.0221180222547706,31.33856963230248,-0.0017062751143207,0.0160553631386254,63.0,25.0,-3.693694380340204e-15,0.0772121480134668,504.0,63.0,3.0,0.74268852969479,0.1748954855301945,0.0,0.0,0.6666666666666666,0.2395902878571853,1.0,1.1926857499156531,0.1595714522308659,0.4363816538672775,5.0,0.5800351363020695,-0.0377621093275537,66.50687144510168,10.0,0.6858869243125879,False,stability_or_viability_filter,3,2023-03-31,2025-04-03
stock_peer_groups,railroads,CSX/NSC,CSX,NSC,1.0,0.7781617601860088,0.8709175000858405,0.6980996236239445,0.5205424040664215,0.6600937689254979,0.9849074148392712,0.0152076373148974,45.57888685844284,-0.0109000466069306,0.0090757010243145,90.0,27.0,-3.573155880523757e-14,0.0409091581523661,504.0,90.0,3.0,0.7630563459618037,0.2309002559766627,0.3333333333333333,0.3333333333333333,1.0,0.3332251451967962,1.0,1.228120713202411,0.213388546302532,0.6194252318601977,7.0,-0.090911446289836,-0.0391133370731319,0.7807694611038065,13.0,0.6823269879719127,False,stability_or_viability_filter,3,2023-03-31,2025-04-03
etf_peer_groups,physical_gold,GLD/IAU,GLD,IAU,1.0,0.9999969985458688,0.0320470581895387,0.0078770295644708,0.9943008867334676,1.609647810918854,0.6605915582954708,0.4146195449513746,1.671766777519462,-3.659404084057568e-06,0.0002620678258305,20.0,66.0,1.8768055892472885e-15,0.0003518441568472,504.0,20.0,3.0,0.9999762930168428,2.752412402321227e-05,0.6666666666666666,0.6666666666666666,0.3333333333333333,0.0008362021157052,1.0,1.1550053527281,0.017510725716365,0.7815763340159074,19.0,-4.295714840194554,-0.0340048508301246,0.0,38.0,0.6815763340159073,False,stability_or_viability_filter,3,2023-03-31,2025-04-03
etf_peer_groups,broad_us_equity,SCHB/SPY,SPY,SCHB,1.0,0.9996831657020818,0.1353516986026458,0.0455210601500424,1.0083413891667838,3.2261546335503266,0.9657201173150284,0.0348812203788509,19.871643624608165,0.000439318352498,0.0008957150937808,40.0,24.0,-2.925349556948825e-15,0.0033872712057097,504.0,40.0,3.0,0.9990229974444008,0.0004936407220282,0.3333333333333333,0.6666666666666666,1.0,0.0142353115481093,1.0,1.177261871999163,0.024605414312175,0.7639618745965493,12.0,-2.704184434848253,-0.0261870203950482,0.0,24.0,0.6639618745965492,False,stability_or_viability_filter,3,2023-03-31,2025-04-03
etf_peer_groups,broad_us_equity,SPY/VTI,SPY,VTI,1.0,0.9996859864079116,0.1296202167106502,0.0431462360794124,1.0117016596249162,0.6394993808539894,0.9645518203016966,0.0360917204469749,19.20515763659147,0.0004745200515123,0.0009147957163456,38.0,27.0,1.1845903446873495e-14,0.0033721618106723,504.0,38.0,3.0,0.9990419668242874,0.0004658877725833,0.3333333333333333,0.6666666666666666,1.0,0.0144144676020766,1.0,1.2553608990554788,0.0333335516866065,0.7630938032040778,10.0,-2.485112494328481,-0.0228644282834822,0.0,20.0,0.6630938032040777,False,stability_or_viability_filter,3,2023-03-31,2025-04-03
stock_peer_groups,capital_markets,NTRS/STT,NTRS,STT,1.0,0.9666777957386432,0.0084126180562318,0.0017104342088349,1.0424021843641451,-0.0943666023834818,0.9429350880910536,0.0587578342523613,11.796676807094684,-0.0024409246485446,0.0130319805260895,24.0,34.0,-9.72590614747022e-15,0.0402380910454433,504.0,24.0,3.0,0.9161918309755768,0.0267142849701722,0.3333333333333333,0.3333333333333333,1.0,0.1700636429983646,1.0,1.6881288629020288,0.1420514052008488,0.6648428172238093,15.0,-0.550779497018579,-0.079690806799365,0.5794584173986359,30.0,0.6611988135409543,False,stability_or_viability_filter,3,2023-03-31,2025-04-03
stock_peer_groups,mega_cap_platforms,GOOGL/MSFT,MSFT,GOOGL,1.0,0.8872372454157131,0.2584162509661041,0.1048419956320609,0.6857413835449682,2.499145966161893,0.9747316393694448,0.0255930875425953,27.083374735710134,0.0011650724439554,0.0131805731838297,54.0,20.0,8.347819789919631e-15,0.0592682889503142,504.0,54.0,3.0,0.7099635009981843,0.1364294360154333,0.3333333333333333,0.3333333333333333,1.0,0.4170597877617352,1.0,1.4204683254214037,0.2312151107503232,0.6043693641745138,10.0,-0.2688323619759956,-0.0721145318168171,0.8144216944814962,19.0,0.6547655946021893,False,stability_or_viability_filter,3,2023-03-31,2025-04-03
stock_peer_groups,semiconductors,AMD/NXPI,AMD,NXPI,1.0,0.8030163654636869,0.2917540740337455,0.1231706014165875,1.243959962620348,-1.7758517925699069,0.9760498761926764,0.02424159121831,28.593303728197565,0.0010974787981701,0.0273738423050888,57.0,26.0,-3.0501174778114625e-14,0.1259824221581955,504.0,57.0,3.0,0.7835289415295678,0.0463030610710446,0.0,0.3333333333333333,1.0,0.1871770946286105,1.0,1.2282463249489226,0.1031874213386542,0.5522301599151932,15.0,-0.029107897233563,-0.1396591385454674,1.0116180931404668,30.0,0.648444879987182,False,stability_or_viability_filter,3,2023-03-31,2025-04-03
etf_peer_groups,broad_us_equity,IVV/SPY,SPY,IVV,1.0,0.9999982741193258,0.7676059852180273,0.5558134748218184,0.9959859146250952,0.0219216579475284,0.3324911449957255,1.1011420508326584,0.6294802564626456,-2.9323329941298225e-06,0.0002373377624945,20.0,53.0,7.333111190587621e-14,0.0002500192649061,504.0,20.0,3.0,0.9999941125300014,2.5886845677628183e-06,0.6666666666666666,0.6666666666666666,0.0,0.0004256377870006,1.0,1.1949596053995095,0.0218049205349127,0.747818036079009,17.0,-4.184321837400305,-0.0314726446669789,0.0,34.0,0.6478180360790089,False,stability_or_viability_filter,3,2023-03-31,2025-04-03
etf_peer_groups,broad_us_equity,SCHB/VTI,VTI,SCHB,1.0,0.999995930863286,0.0010278160772074,0.0001663787265308,0.996677352082192,2.556740843805642,0.299257220380904,1.206451806578147,0.5745336670562208,-9.133422614050376e-07,0.0003624766905501,20.0,72.0,-1.4947478880746952e-14,0.0003793412922224,504.0,20.0,3.0,0.9999846461813274,8.021253526712638e-06,0.6666666666666666,0.6666666666666666,0.0,0.0002362981641105,1.0,1.23763451636627,0.0264852749576868,0.7473476340495631,18.0,-4.005342046980762,-0.0306162863496243,0.0,36.0,0.647347634049563,False,stability_or_viability_filter,3,2023-03-31,2025-04-03
etf_peer_groups,physical_gold,GLD/SGOL,GLD,SGOL,1.0,0.9999930710523826,0.0344830652851971,0.0085021758544593,0.9914469147429708,2.2969232127895887,0.5628454367501576,0.5747502236137492,1.2059972351150623,-4.965528545997483e-06,0.0004385029902959,20.0,69.0,-4.187126835729162e-15,0.0005345861467386,504.0,20.0,3.0,0.9999453103147404,6.466311995813188e-05,0.6666666666666666,0.6666666666666666,0.0,0.000991584431883,1.0,1.427756639475737,0.0478805980145845,0.7451982677772265,24.0,-4.603384960683656,-0.0395361350055847,0.0,47.0,0.6451982677772264,False,stability_or_viability_filter,3,2023-03-31,2025-04-03
stock_peer_groups,payments_credit,MA/V,V,MA,1.0,0.970877998135881,0.4713816306656377,0.2443226642017421,0.9655208562718122,-0.3031012212035309,0.9821017255182344,0.0180603858519909,38.37942257936495,0.0051502198325222,0.0064519659085101,77.0,32.0,-2.7625168466704693e-14,0.0305572811385147,504.0,77.0,3.0,0.9433252555944568,0.0175122624977657,0.0,0.3333333333333333,1.0,0.1730347303999463,1.0,1.2514063233212869,0.0914497002238247,0.5933530105428984,5.0,-0.0625221902089378,-0.0255596271079151,0.8994661103993793,9.0,0.6414479875315267,False,stability_or_viability_filter,3,2023-03-31,2025-04-03
stock_peer_groups,money_center_banks,C/JPM,JPM,C,1.0,0.9672137346080566,0.1893804103144886,0.0684412674020475,0.994183052856056,1.2359338240590625,0.9736320000531412,0.0267218700868931,25.9393215484544,0.0179684280035996,0.011656099340743,52.0,41.0,1.5248825130288063e-14,0.0576385898766494,504.0,52.0,3.0,0.9093051191444556,0.0538048065411551,0.0,0.3333333333333333,1.0,0.1033887098488283,1.0,1.4947468528467056,0.107369711335184,0.5832559753192622,5.0,-0.0881952273268054,-0.0502979932085235,0.916645632571242,10.0,0.6283589728488035,False,stability_or_viability_filter,3,2023-03-31,2025-04-03
stock_peer_groups,money_center_banks,BAC/WFC,BAC,WFC,1.0,0.973516085511024,0.4992768566337527,0.2645115684347796,0.8084883966298164,0.3450461332404196,0.9800567664925096,0.0201447840027502,34.408270670229705,-0.0178579785518676,0.0096881922306093,69.0,28.0,9.598142386699863e-15,0.0447583978640707,504.0,69.0,3.0,0.9269894264287898,0.0382789880172737,0.3333333333333333,0.3333333333333333,1.0,0.2242134933280614,1.0,1.1797347536565923,0.1074680219658442,0.671000554410613,8.0,-0.7457568430241204,-0.1010068306122565,0.3646455630310213,16.0,0.627369306108546,False,stability_or_viability_filter,3,2023-03-31,2025-04-03
stock_peer_groups,semiconductors,ADI/NXPI,ADI,NXPI,1.0,0.7502473862558856,0.7163453996511573,0.4778903157771659,0.5949492220474835,2.0866588331405493,0.9874374469260674,0.0126421290982271,54.82835803797866,-0.0039562873851199,0.011065442138382,90.0,24.0,-5.848584403374555e-14,0.0715472901956072,504.0,90.0,3.0,0.6626559790655169,0.1689019422268837,0.0,0.6666666666666666,1.0,0.5161726855272079,1.0,1.4857665231886106,0.2823322673834317,0.5707641013613693,5.0,-0.0545618348899536,-0.1113013302103886,0.9960828182297464,10.0,0.6248839670393636,False,stability_or_viability_filter,3,2023-03-31,2025-04-03
etf_peer_groups,energy_equity,OIH/XOP,XOP,OIH,1.0,0.8116577277559787,0.37599224890237,0.1743330381480411,0.6628957037385506,1.1175151534914582,0.9798740398061198,0.0203312463883937,34.09270476185039,0.0062986379359544,0.0080325617212946,68.0,23.0,4.8032125014576617e-14,0.040854879993244,504.0,68.0,3.0,0.8945230746194722,0.0435689820554115,0.0,0.3333333333333333,1.0,0.0704085092978802,1.0,1.154705286901044,0.0551819734401021,0.5847792379775245,9.0,-0.2975511469071858,-0.0571299101548223,0.6878052532770726,18.0,0.6245368286053002,False,stability_or_viability_filter,3,2023-03-31,2025-04-03
etf_peer_groups,energy_equity,VDE/XLE,XLE,VDE,1.0,0.996741407807356,0.4621074781829242,0.2347205899065204,0.9671888601003926,-0.8752305191556098,0.974509342811555,0.025821172793096,26.844140121523697,5.673972313654147e-05,0.0011968627060303,54.0,37.0,-9.525008647776144e-15,0.0052850905925429,504.0,54.0,3.0,0.993545152404126,0.0046499385941589,0.3333333333333333,0.3333333333333333,1.0,0.030856294010036,1.0,1.105468810653785,0.0235541676073744,0.6960308713402941,8.0,-0.8443725143737043,-0.0080605163048664,0.0419299093637448,16.0,0.6214714896524256,False,stability_or_viability_filter,3,2023-03-31,2025-04-03
stock_peer_groups,enterprise_software,MSFT/NOW,MSFT,NOW,1.0,0.879501296872742,0.5366791784129245,0.2936540408385195,0.4672424616734676,3.6018573581621363,0.9814081396337728,0.0187668614604095,36.934635129171845,0.0038641247419213,0.0113428586800756,74.0,29.0,-5.4300479456785636e-14,0.061141882084645,504.0,74.0,3.0,0.6598207280063096,0.3373482755713173,0.3333333333333333,0.0,1.0,0.6172707469991281,1.0,1.1231993997916123,0.3318951630558832,0.5150989990293224,9.0,0.006446307809834,-0.0689433933010539,1.035250516097254,17.0,0.6178284710056602,False,stability_or_viability_filter,3,2023-03-31,2025-04-03
stock_peer_groups,payments_credit,AXP/COF,AXP,COF,1.0,0.9677986168086896,0.2355296171428615,0.0929550601463325,1.0275791571940076,0.3455640645854492,0.9740872398500516,0.0262544107160826,26.40117076157966,-0.0117279239971867,0.0141492810783298,53.0,26.0,-2.232781860635037e-15,0.0634420633642294,504.0,53.0,3.0,0.9312584407263644,0.0020208277211146,0.0,0.0,1.0,0.233144112803055,1.0,1.4463566919586732,0.1279835015034646,0.5200162600312446,11.0,-0.0202752550531749,-0.0495513268676963,1.0013705605312735,21.0,0.617043499799832,False,stability_or_viability_filter,3,2023-03-31,2025-04-03
stock_peer_groups,capital_markets,MS/STT,MS,STT,1.0,0.9611866557984636,0.0103171160496587,0.0021581574898451,1.2483147121468887,-0.8522956485779277,0.9424198810305844,0.0593043701373609,11.68796125739935,0.0026313278523749,0.0173462623730711,23.0,35.0,-3.0132862695342154e-14,0.0522295980585374,504.0,23.0,3.0,0.8469992963966412,0.0848532249146297,0.3333333333333333,0.3333333333333333,1.0,0.1334499255287615,1.0,1.059301348804345,0.079356755570502,0.6538141485421101,16.0,-0.7298383446563657,-0.1208387395576501,0.3932871247756932,32.0,0.6140027530824399,False,stability_or_viability_filter,3,2023-03-31,2025-04-03
stock_peer_groups,semiconductors,NVDA/TXN,NVDA,TXN,1.0,0.8066973402434234,0.1895526336162208,0.0665484976785867,3.964719589789943,-15.97771118100576,0.9710658909800952,0.0293609541052797,23.60778801923543,0.1060470264912692,0.0639325779502978,47.0,34.0,-3.5893686612008234e-14,0.313514266098366,504.0,47.0,3.0,0.552723276744087,0.3520544214189048,0.0,0.3333333333333333,0.6666666666666666,0.6149110732301215,1.0,1.709889496590954,0.4011984422820036,0.4313943082911546,8.0,0.309180291875729,-0.1948393185147962,1.6379486920531294,16.0,0.6096687866751705,False,stability_or_viability_filter,3,2023-03-31,2025-04-03
etf_peer_groups,emerging_markets,EEM/IEMG,EEM,IEMG,1.0,0.9970477781221188,0.3210011401421468,0.1393310343595801,0.9766021841926936,-0.1186910415187681,0.9796740567032832,0.0205353578403016,33.753839886812685,-0.0007250191013506,0.0009075504258922,68.0,26.0,-1.2848628686574631e-14,0.0052617778536503,504.0,68.0,3.0,0.9927960808667772,0.0071518000092803,0.3333333333333333,0.3333333333333333,1.0,0.0574616540629686,1.0,1.3071863665374872,0.0556696365282482,0.6926320565638694,8.0,-1.446384181900483,-0.0179449598605059,0.1043000994461182,15.0,0.5978470615361753,False,stability_or_viability_filter,3,2023-03-31,2025-04-03
etf_peer_groups,broad_us_equity,SCHB/VOO,VOO,SCHB,1.0,0.999673793556948,0.1612643279524386,0.0568759009146055,1.0125835888602157,3.127709106306032,0.9658564939925924,0.0347400127487808,19.952415837391147,0.0005788950287153,0.0009357215772433,40.0,25.0,1.5291119340749974e-14,0.0034514889527122,504.0,40.0,3.0,0.998994281249418,0.0004960817346761,0.3333333333333333,0.3333333333333333,1.0,0.0138014373387417,1.0,1.1850494411813974,0.0253268887112945,0.697215881441225,13.0,-2.519253987537386,-0.0256163384221536,0.009658868685459,26.0,0.597698824875498,False,stability_or_viability_filter,3,2023-03-31,2025-04-03
etf_peer_groups,broad_us_equity,VOO/VTI,VOO,VTI,1.0,0.9996766280334788,0.1670807580339593,0.0595441297718731,1.0159580103561543,0.530171442295464,0.9653793193709236,0.0352341778093884,19.672579967943783,0.0006221724374568,0.0009499248402445,39.0,30.0,-2.7466565177472523e-14,0.0034364633140476,504.0,39.0,3.0,0.9990132202999106,0.000470519229874,0.3333333333333333,0.3333333333333333,1.0,0.0139836322870298,1.0,1.2248535165851049,0.0298017745706462,0.696773127617913,12.0,-2.598840598638073,-0.0259421187033642,0.0085554077012634,24.0,0.5972008980029762,False,stability_or_viability_filter,3,2023-03-31,2025-04-03
stock_peer_groups,enterprise_software,ADSK/MSFT,MSFT,ADSK,1.0,0.7695409978320061,0.264212205158225,0.1076991101340803,0.6942114062492362,2.1255147658934845,0.981432768627735,0.0187417662080537,36.984090659613685,0.0137257752862447,0.0134665275041339,74.0,16.0,3.673957082124645e-14,0.0820452523287629,504.0,74.0,3.0,0.5524548305767323,0.3108927286717764,0.3333333333333333,0.3333333333333333,1.0,0.7102288918373357,1.0,1.3633806133493218,0.3807494972085175,0.5500387579233313,9.0,-0.253700459709862,-0.1286482929888955,0.6685410980135997,18.0,0.595410743867532,False,stability_or_viability_filter,3,2023-03-31,2025-04-03
stock_peer_groups,enterprise_software,ADSK/INTU,INTU,ADSK,1.0,0.7532890334815404,0.3950499949646929,0.1863292286222679,0.7364762734940216,2.298082984447537,0.9822489276968724,0.0179105122246195,38.70057828983553,0.0170060253963146,0.0157077897106513,77.0,22.0,1.4531585811204826e-14,0.0915765798249904,504.0,77.0,3.0,0.6171347557668704,0.332914285891134,0.3333333333333333,0.6666666666666666,1.0,0.7589509902204825,1.0,1.3030105616702488,0.3976229322227887,0.6311880623861054,5.0,-0.4710434873245515,-0.101020630844108,0.4382607226209605,10.0,0.5949445754184707,False,stability_or_viability_filter,3,2023-03-31,2025-04-03
stock_peer_groups,oilfield_services,HAL/SLB,SLB,HAL,1.0,0.9095658261852722,0.7060304042111675,0.4673145805397744,0.7578543763151141,1.1936895353217645,0.9784425419138588,0.0217932144487074,31.805642173224943,0.004565837569321,0.0106658344964801,64.0,34.0,-2.4846086387603304e-14,0.0478505820543208,504.0,64.0,3.0,0.9086918715766522,0.0272187259377735,0.0,0.3333333333333333,1.0,0.2220587980738703,1.0,1.0632406729177772,0.0901192494391898,0.5848277096169107,11.0,-0.4868613830553571,-0.0736868401754466,0.5917572215497666,21.0,0.5913863632360954,False,stability_or_viability_filter,3,2023-03-31,2025-04-03
etf_peer_groups,us_growth_technology,IYW/XLK,XLK,IYW,1.0,0.997050733396024,0.3283732424588394,0.1456398320132949,0.8274743423059567,0.5608491123624948,0.9675847706447364,0.0329522396790001,21.034903463683992,-0.0019092016551095,0.0031393069398422,42.0,39.0,2.1846721962346132e-14,0.0111508471975342,504.0,42.0,3.0,0.9919136146517474,0.0057349766834276,0.0,0.6666666666666666,1.0,0.0473258721301476,1.0,1.912407126637605,0.1190655192309256,0.6694051850731776,6.0,-0.768058256567222,-0.0162642930518805,0.2022771316988314,12.0,0.5893103031730359,False,stability_or_viability_filter,3,2023-03-31,2025-04-03
etf_peer_groups,developed_international,EFA/VEA,EFA,VEA,1.0,0.998790508986951,0.1218850695061988,0.0399023343291504,1.0264143397087593,0.3503276201648573,0.9640533600644696,0.0366086331395266,18.933981444162384,0.0001837122402511,0.0009763398081486,38.0,37.0,1.5838300688600945e-13,0.0035830262554174,504.0,38.0,3.0,0.9962966297903076,0.0037367151756081,0.0,0.6666666666666666,1.0,0.024074508330114,1.0,1.2461311745383634,0.0366183161172811,0.6787456591691821,12.0,-2.368876849545725,-0.0275377735024507,0.0401767376721247,24.0,0.5807544960527883,False,stability_or_viability_filter,3,2023-03-31,2025-04-03
etf_peer_groups,us_real_estate,IYR/SCHH,SCHH,IYR,1.0,0.99898133021971,0.1346486041128728,0.0713798156382833,1.010205296709326,-1.5444744121042906,0.9454681422523072,0.0560750855260505,12.361054362332323,-0.000417938428665,0.0012750597958641,25.0,40.0,-2.377287079713232e-15,0.0040269267705724,504.0,25.0,3.0,0.998473039482896,0.0006145502570084,0.0,0.6666666666666666,1.0,0.0134780684121707,1.0,1.1718935769212215,0.0237968258809732,0.68057191061596,14.0,-1.7350511641990134,-0.0168002962599272,0.0,28.0,0.5805719106159599,False,stability_or_viability_filter,3,2023-03-31,2025-04-03
stock_peer_groups,home_improvement,HD/LOW,HD,LOW,1.0,0.9376262991013014,0.6599822595336197,0.4140470312103155,1.1436226907516378,-0.3723304035936679,0.9837824240478868,0.0163505201516107,42.39297429884275,0.0086306130532633,0.0085033693305192,85.0,17.0,-2.989672002026314e-14,0.044294578792045,504.0,85.0,3.0,0.899020989802727,0.0438854231961618,0.0,0.0,1.0,0.0660756694611749,1.0,1.2754124341941806,0.0672550791295767,0.518029739537724,6.0,-0.0962985469309775,-0.0260964253954646,0.8855318663940441,12.0,0.5728615508177797,False,stability_or_viability_filter,3,2023-03-31,2025-04-03
stock_peer_groups,payments_credit,COF/V,V,COF,1.0,0.9431165719456835,0.4363397018831441,0.2175284791839429,0.5067808340394682,3.1182507660134884,0.9702760919038764,0.0301746171556395,22.97120049559267,0.0087620882186153,0.011574444067822,46.0,23.0,-5.658612908049806e-15,0.0424049479969027,504.0,46.0,3.0,0.88674283378796,0.0139891971276559,0.0,0.3333333333333333,1.0,0.2294880517470125,1.0,1.2722040541338884,0.1114039778619882,0.5772119773274579,9.0,-0.583554981179543,-0.1002344297667064,0.5265929537686933,18.0,0.5660083778389611,False,stability_or_viability_filter,3,2023-03-31,2025-04-03
stock_peer_groups,large_pharma,LLY/PFE,PFE,LLY,1.0,-0.7853875691027978,0.3156766909720972,0.1371750333207194,-0.3254938271272631,5.354874624194718,0.9752007131680738,0.0251119695109192,27.602262747991563,-0.0103854439753483,0.0159414012950149,55.0,36.0,3.361068037644968e-14,0.0694713461574533,504.0,55.0,3.0,0.4986606350560667,0.3673958553859495,0.0,1.0,1.0,1.224226872209873,0.6666666666666666,1.1195507794534971,0.5438243291378849,0.5369493925168949,13.0,-0.3888762647499165,-0.1392161340903408,0.7303490134677242,25.0,0.5651354034777937,False,stability_or_viability_filter,3,2023-03-31,2025-04-03
etf_peer_groups,broad_us_equity,SPY/VOO,SPY,VOO,1.0,0.9999984673670568,0.0539667117337027,0.0158321229254665,0.9957996569765226,0.1116153480557639,0.2773771243501136,1.282377238993088,0.5405173762318167,-2.2371072745324776e-06,0.0002280194171936,20.0,59.0,1.6887725785687104e-14,0.0002356064579726,504.0,20.0,3.0,0.9999946650239347,2.7687987593779977e-06,0.3333333333333333,0.6666666666666666,0.0,0.0004960352346248,1.0,1.253290842111832,0.0283096949124427,0.663834363431406,12.0,-3.380601627558358,-0.0219881234172566,0.0,24.0,0.5638343634314059,False,stability_or_viability_filter,3,2023-03-31,2025-04-03
etf_peer_groups,intermediate_treasuries,GOVT/VGIT,VGIT,GOVT,1.0,0.9917766024969824,0.1394176659368711,0.0471256746298166,1.01721724681183,0.8873907352396024,0.8802846625180764,0.1275099436841256,5.436024521170255,0.0002113388738687,0.0016177781924813,20.0,57.0,-2.6610107415618828e-15,0.0034362147537499,504.0,20.0,3.0,0.9913368271123884,0.0063251137190574,0.3333333333333333,0.3333333333333333,0.6666666666666666,0.0540233283395097,1.0,2.5275404899570977,0.1898428684591999,0.6455165865988437,17.0,-1.12271578865024,-0.0227448471637675,0.2951349154657069,33.0,0.560273332372129,False,stability_or_viability_filter,3,2023-03-31,2025-04-03
stock_peer_groups,large_pharma,ABBV/LLY,ABBV,LLY,1.0,0.8266517172625593,0.2530386486650035,0.0999057703536688,0.4339290202243693,2.214209348986764,0.9773031151489312,0.0229584241371256,30.191409324086404,-0.0052755871454499,0.0156342415234852,60.0,24.0,-3.1828155631357075e-14,0.0799902511877065,504.0,60.0,3.0,0.6565210813238104,0.1570488514073081,0.0,0.0,1.0,0.2488523875155439,1.0,1.5393956927475263,0.1952332677240091,0.4446069435585517,8.0,0.0514000015853091,-0.1635102919349285,1.136740952614801,15.0,0.5591539914270881,False,stability_or_viability_filter,3,2023-03-31,2025-04-03
stock_peer_groups,semiconductors,NVDA/QCOM,NVDA,QCOM,1.0,0.8842493136462083,0.4124102344932265,0.1980133572124509,2.274767105827517,-6.932632135671577,0.980787834409394,0.0193991176195785,35.73086127692672,0.1021688602952014,0.043346820708424,71.0,13.0,1.9088786988475703e-14,0.2477574146507599,504.0,71.0,3.0,0.5911878015616372,0.3961609273667523,0.0,0.3333333333333333,1.0,0.7183850098612741,0.6666666666666666,1.0840567911098684,0.3808549558659941,0.4430447881371431,9.0,0.0542266877251999,-0.1418759434538929,1.134830822659388,18.0,0.5579203324288926,False,stability_or_viability_filter,3,2023-03-31,2025-04-03
etf_peer_groups,financial_equity,KRE/VFH,VFH,KRE,1.0,0.9599999780046128,0.2608371792410715,0.1067511360104425,0.9561018582731016,0.8525054463014314,0.9712833989369494,0.0291369903116484,23.789251159644888,0.0143464122267181,0.0118842038382764,48.0,33.0,2.9833278704570285e-14,0.047190577040008,504.0,48.0,3.0,0.8954875728516823,0.0344598402352479,0.0,0.0,0.6666666666666666,0.0475067112122447,1.0,1.4910302045031694,0.0818810954272941,0.4823504503368578,11.0,-0.1692437817944912,-0.0468048770335075,0.8430329494648056,21.0,0.5491155305409244,False,stability_or_viability_filter,3,2023-03-31,2025-04-03
etf_peer_groups,emerging_markets,IEMG/VWO,VWO,IEMG,1.0,0.9924614411218052,0.5693354948124411,0.3234599211292899,1.0841470498853294,-0.5142692953671398,0.9832636594331338,0.0168779756404644,41.06814675677972,0.0009942270459092,0.0018249432579846,82.0,24.0,7.299540161033481e-14,0.0093664655636768,504.0,82.0,3.0,0.9859908501904084,0.0151242809827958,0.3333333333333333,0.3333333333333333,1.0,0.1156568914670736,1.0,1.9316960243615,0.1471155046345675,0.6817861620841453,4.0,-1.5972522890378924,-0.0165938119386023,0.0,8.0,0.5317861620841453,False,stability_or_viability_filter,3,2023-03-31,2025-04-03
stock_peer_groups,mega_cap_platforms,META/MSFT,MSFT,META,1.0,0.905161641042902,0.4694862373462809,0.2403472282752566,0.3521362291582326,3.802721171798322,0.9800651223320984,0.0201362581660292,34.42283937982656,-0.0049687946322272,0.0115185044639108,69.0,26.0,1.2349909454877932e-14,0.0546115158651536,504.0,69.0,3.0,0.636401067917152,0.4014177378330774,0.0,0.0,1.0,0.7303284500123645,0.6666666666666666,1.350509949208547,0.4161942791938748,0.3841475057265672,10.0,0.2076350746988121,-0.0603342674162454,1.2535827390241954,20.0,0.5279719038825988,False,stability_or_viability_filter,3,2023-03-31,2025-04-03
etf_peer_groups,us_real_estate,SCHH/VNQ,VNQ,SCHH,1.0,0.9989773027597874,0.2024615304233286,0.0758772690358513,1.0014215993481417,1.421443065996577,0.9554687848967284,0.0455531847033411,15.216217813836089,0.0001539537012931,0.0011826811573886,30.0,49.0,7.471977181604228e-15,0.0040447479037813,504.0,30.0,3.0,0.998461434158802,0.0007810903819868,0.0,0.3333333333333333,1.0,0.0146203908786386,1.0,1.2052769787913613,0.0279423802859153,0.6134877871777756,13.0,-1.3599424564285532,-0.0144095302508259,0.0628809698664184,26.0,0.5166318356710965,False,stability_or_viability_filter,3,2023-03-31,2025-04-03
etf_peer_groups,financial_equity,VFH/XLF,XLF,VFH,1.0,0.9994175589612684,0.5997556785696148,0.3552652486270313,0.9654839153865872,-0.7230094412116342,0.9694280124769304,0.0310490592719096,22.324257056864862,0.0013520135655929,0.0015723479281441,45.0,36.0,1.1681132251948968e-14,0.0055561369506211,504.0,45.0,3.0,0.9985292259856228,0.0005146468214815,0.0,0.3333333333333333,1.0,0.0201178757993525,1.0,1.0199783872801889,0.0090973283491879,0.6153892403281535,16.0,-2.328632793443242,-0.0324734050497169,0.0104520192756119,31.0,0.515911841291934,False,stability_or_viability_filter,3,2023-03-31,2025-04-03
etf_peer_groups,broad_us_equity,IVV/SCHB,IVV,SCHB,1.0,0.9996718526817424,0.1343412424587913,0.0451584163942119,1.0123920660937025,3.2171857385243707,0.9641251260911404,0.0365341939450025,18.9725598326704,0.0005447624912344,0.000955018187275,38.0,24.0,1.4193232127509542e-14,0.0034610919004701,504.0,38.0,3.0,0.9989908315372004,0.0004944150267878,0.0,0.3333333333333333,1.0,0.0139279824478521,1.0,1.174889626348993,0.0242396465303236,0.6139904098979344,12.0,-2.549286630349448,-0.0251089595925109,0.0165282919577159,24.0,0.5148168244958201,False,stability_or_viability_filter,3,2023-03-31,2025-04-03
etf_peer_groups,broad_us_equity,IVV/VTI,IVV,VTI,1.0,0.9996749999001208,0.135734417531394,0.045781647260742,1.0157661671239755,0.6201376351092385,0.9633703051317826,0.0373174082506929,18.574365505328856,0.0005817774484575,0.0009711595518224,37.0,31.0,1.0733918163479091e-14,0.0034444571812511,504.0,37.0,3.0,0.9990112539042766,0.0004665849484864,0.0,0.3333333333333333,1.0,0.014109358453318,1.0,1.2332713255817895,0.0307776839763558,0.6133417117451001,11.0,-2.448892425799801,-0.0250515223398619,0.0,22.0,0.5133417117451,False,stability_or_viability_filter,3,2023-03-31,2025-04-03
etf_peer_groups,financial_equity,KBE/XLF,XLF,KBE,1.0,0.9779914979831984,0.5362950663462496,0.2972571743359706,0.8503221336765108,0.4616663341984976,0.9733402001166528,0.0270216174984356,25.651579910050625,0.0107333135513367,0.0089241874174288,51.0,28.0,-1.3720946777351536e-14,0.0339705563333927,504.0,51.0,3.0,0.9359754934751168,0.0035046626683875,0.0,0.0,0.6666666666666666,0.0464703387595509,1.0,1.1796606693009892,0.0366206303983116,0.4969984769956146,12.0,-0.4758947479639828,-0.0507456334998023,0.7135708715009039,23.0,0.5112928083760624,False,stability_or_viability_filter,3,2023-03-31,2025-04-03
stock_peer_groups,home_improvement,HD/TSCO,HD,TSCO,1.0,0.8086476665410162,0.3675696896063554,0.1686720981681639,0.7941688281519919,2.7362358951855605,0.981961492293342,0.0182031849471107,38.07834632092584,0.0082966602827269,0.0131038174215145,76.0,28.0,-8.116611439394517e-14,0.0749563925288186,504.0,76.0,3.0,0.6304376459766006,0.0697063068730088,0.0,0.0,1.0,0.3060752558156605,1.0,1.7036144131524242,0.2034399001353813,0.437265421480612,9.0,-0.1392514441737795,-0.0851372842654353,0.873358491903155,18.0,0.5100456294497029,False,stability_or_viability_filter,3,2023-03-31,2025-04-03
etf_peer_groups,financial_equity,KRE/XLF,XLF,KRE,1.0,0.9531682591179986,0.3047854168182361,0.1314269998660495,0.9170659707762848,0.1233138853078531,0.9723282152093728,0.0280618615508806,24.700684211671383,0.0159752747475105,0.0124244484843808,49.0,25.0,-3.884723230926501e-14,0.0492419436962221,504.0,49.0,3.0,0.8781740834373538,0.0361230886887536,0.0,0.0,0.6666666666666666,0.0630537150594399,1.0,1.419099270828422,0.0796255202303336,0.4782476355029718,10.0,-0.3456669437270555,-0.0528019281322174,0.664512957302122,19.0,0.5096232418090196,False,stability_or_viability_filter,3,2023-03-31,2025-04-03
stock_peer_groups,enterprise_software,NOW/ORCL,ORCL,NOW,1.0,0.8892756338213249,0.5190618217538259,0.27952477396123,0.746369737201189,1.1157274367628969,0.973993621103166,0.0263505245364421,26.30487220857177,0.0026283394318003,0.0210797539399643,53.0,24.0,-8.326672684688674e-15,0.0928340665716269,504.0,53.0,3.0,0.7344695990942899,0.1179464443215395,0.0,0.3333333333333333,1.0,0.4052318911853688,1.0,1.3715504303744124,0.2156761596550152,0.5287164504747376,8.0,-0.6521968408132187,-0.2017656504417867,0.5057388278803507,16.0,0.5061738657467723,False,stability_or_viability_filter,3,2023-03-31,2025-04-03
stock_peer_groups,semiconductors,ADI/AVGO,AVGO,ADI,1.0,0.8215560330682735,0.1063416840723187,0.0334597241634481,2.886782774987335,-10.39969832983133,0.9709649898415836,0.0294648671167551,23.524531022432097,0.0712947425472845,0.0494268463524628,47.0,21.0,-1.4630272302282618e-14,0.2167891628101085,504.0,47.0,3.0,0.5535013814444599,0.2713156454120023,0.0,0.3333333333333333,1.0,0.3517972736236971,1.0,1.1644063949794763,0.2259716835651749,0.4824448436712641,6.0,-0.2562450327266082,-0.0995362809602595,0.7267417317172903,12.0,0.5053451753481375,False,stability_or_viability_filter,3,2023-03-31,2025-04-03
etf_peer_groups,energy_equity,VDE/XOP,VDE,XOP,1.0,0.7891887055277785,0.9912729310446292,0.9792300095280064,0.7618976476916707,1.0264245558699503,1.0014707773128366,,,,0.0039597627478895,60.0,28.0,1.0083644677627215e-14,0.0414689218120054,504.0,60.0,3.0,0.837599422432527,0.1149790141177197,0.0,0.3333333333333333,1.0,0.2767841729788476,1.0,1.9489749352267276,0.2360293885018255,0.5524635834246159,11.0,-0.7871047265907547,-0.0500964669493709,0.4175026905568962,21.0,0.5052730089638475,False,stability_or_viability_filter,3,2023-03-31,2025-04-03
stock_peer_groups,enterprise_software,CRM/MSFT,MSFT,CRM,1.0,0.8242282605456368,0.366893292202832,0.1675277792161571,0.6122683768487627,2.5403043468369386,0.9772990239817024,0.0229626103263726,30.185905291606225,0.0105649410558976,0.0141914673637946,60.0,18.0,8.458842092382146e-16,0.0727512428290744,504.0,60.0,3.0,0.5422953683240842,0.351078317315731,0.3333333333333333,0.3333333333333333,1.0,0.7004792583033942,1.0,1.1192764475691974,0.3637721304918414,0.549196629031837,6.0,-0.6098997497920524,-0.1267795203297259,0.4158661160232382,12.0,0.5035049723641911,False,stability_or_viability_filter,3,2023-03-31,2025-04-03
etf_peer_groups,us_growth_technology,QQQ/VGT,QQQ,VGT,1.0,0.9963855534577916,0.4074402566492039,0.1969937511551205,0.9480129389819824,2.121646616086338,0.973439637925086,0.0269194613053455,25.74892464219941,0.0052714472759587,0.0034016383084918,51.0,34.0,-1.0860800794864823e-14,0.0128917691139455,504.0,51.0,3.0,0.9913313590227976,0.0058739705971276,0.0,0.3333333333333333,1.0,0.0656876671998927,1.0,1.182189815028575,0.0440971920466262,0.6100897872177035,3.0,-0.7051254010576793,-0.0161975660998251,0.2089089041469126,6.0,0.5022664222663972,False,stability_or_viability_filter,3,2023-03-31,2025-04-03
stock_peer_groups,semiconductors,ADI/MU,MU,ADI,1.0,0.7787505883645741,0.1170498918350929,0.037843651796346,1.7082031141560623,-4.528392422087409,0.9709422296154367,0.0294883082224061,23.50583069507084,0.0211287116700524,0.0326478869575185,47.0,34.0,-1.0799121737941203e-14,0.1489114738348437,504.0,47.0,3.0,0.4881556776162159,0.2320542351125318,0.0,0.0,0.6666666666666666,0.4175446502911641,1.0,1.2619654763998722,0.2456402369567733,0.3641415623750432,5.0,0.2141039941963389,-0.103355242638736,1.7141528484151591,10.0,0.494464803925252,False,stability_or_viability_filter,3,2023-03-31,2025-04-03
stock_peer_groups,capital_markets,SCHW/STT,SCHW,STT,1.0,0.7701021644113105,0.1284637972000213,0.0422647597683436,0.8133593706432527,0.6574885322273918,0.9812614818066578,0.0189163087497401,36.64283501237882,0.0272049195169767,0.017366959680981,73.0,16.0,-8.804244811154416e-15,0.0982089503275817,504.0,73.0,3.0,0.5288800775490106,0.1045574771990524,0.0,0.3333333333333333,1.0,0.5666069025318217,1.0,1.2720247110348188,0.253946427803049,0.4734920432736144,6.0,-0.2953626697047866,-0.1028454287284953,0.6569105483696659,12.0,0.4870331702363797,False,stability_or_viability_filter,3,2023-03-31,2025-04-03
stock_peer_groups,semiconductors,QCOM/TXN,QCOM,TXN,1.0,0.7503331181946872,0.5713944482256793,0.3249765684464947,1.433487001577458,-2.3926031755540844,0.9872370644826804,0.0128450814763706,53.962069593333176,0.0353851767393653,0.020352519721634,90.0,20.0,6.887612173722163e-14,0.1363246231297414,504.0,90.0,3.0,0.4422633759115738,0.286863105793841,0.0,0.0,1.0,0.548920962973158,1.0,1.466138931323247,0.3303879041804715,0.3775270535598463,6.0,0.1370322717565231,-0.1049047260158673,1.245410085676527,12.0,0.4853523986071511,False,stability_or_viability_filter,3,2023-03-31,2025-04-03
etf_peer_groups,short_treasuries,SHY/VGSH,SHY,VGSH,1.0,0.9999658663961236,0.0325166378749177,0.0079750875027587,0.9757638677544594,0.4430422773383999,0.4966069421309149,0.6999564266845665,0.9902718999854404,-7.40169836589758e-08,0.0001903689983264,20.0,69.0,-1.0279079175136628e-13,0.0002191026374193,504.0,20.0,3.0,0.9998920156876904,3.134766298397358e-05,0.0,0.6666666666666666,0.0,0.0001672795695484,1.0,1.0382633113252613,0.0043176881136509,0.5828745684438907,28.0,-5.420443016120792,-0.0508936171786136,0.0,56.0,0.4828745684438907,False,stability_or_viability_filter,3,2023-03-31,2025-04-03
stock_peer_groups,big_box_retail,COST/WMT,WMT,COST,1.0,0.92863752863404,0.7745508478696002,0.5516903643050759,0.8671737739504235,-1.5421534897867748,0.9915984512060364,0.0084370407363629,82.15524876779818,-0.0020557295442563,0.0111594917069116,90.0,25.0,1.0651092001324518e-14,0.0867589191372559,504.0,90.0,3.0,0.888898418335613,0.0522980545244121,0.0,0.3333333333333333,0.6666666666666666,0.5805902856034475,1.0,1.9813191953657547,0.3199982461943704,0.5235581132977994,8.0,-0.7499643595850668,-0.1540719123559704,0.2520929640110993,16.0,0.4736681075605943,False,stability_or_viability_filter,3,2023-03-31,2025-04-03
etf_peer_groups,financial_equity,KBE/VFH,VFH,KBE,1.0,0.9828964272898826,0.3376276543558468,0.1510101956856361,0.8846227282424506,1.2123746678852545,0.971937945506228,0.0284633186314715,24.352296706313837,0.0089310134515379,0.0081689130418916,49.0,29.0,4.289337844345446e-15,0.0310377745221863,504.0,49.0,3.0,0.9490025637625198,0.0016407176325218,0.0,0.0,0.6666666666666666,0.0280301975705536,1.0,1.175705162025885,0.0294131008483457,0.500975997522462,12.0,-0.686955010165963,-0.045120207505039,0.4463066739526732,23.0,0.4702480796952012,False,stability_or_viability_filter,3,2023-03-31,2025-04-03
etf_peer_groups,financial_equity,KBE/KRE,KBE,KRE,1.0,0.9906016184494504,0.3150716696447039,0.1368170501145411,1.096179398032514,-0.4660301173443483,0.979421382489604,0.0207933077186233,33.335109061995695,0.0085755566217758,0.0048747745722501,67.0,24.0,2.259215742173731e-15,0.0256132987608991,504.0,67.0,3.0,0.9854928527646772,0.0097536190026619,0.0,0.3333333333333333,1.0,0.0864731016070709,1.0,2.975300440201213,0.2515534002256013,0.5878845398352758,6.0,-1.5024871823065795,-0.0433617793141478,0.0,11.0,0.4628845398352757,False,stability_or_viability_filter,3,2023-03-31,2025-04-03
stock_peer_groups,payments_credit,COF/SYF,COF,SYF,1.0,0.9763372008581942,0.5949801068820878,0.3481169381915784,0.8114410330645161,1.858393027147744,0.981809019592672,0.0183584706080916,37.756259514037815,0.0160510847250495,0.0111439725429624,76.0,30.0,9.896845248087111e-15,0.0513313873408804,504.0,76.0,3.0,0.9453069813282394,0.0185242726525986,0.0,0.0,1.0,0.179945655278006,1.0,1.086990638329507,0.0758222691245912,0.5287445184196007,10.0,-0.8841469025863967,-0.1026137800944151,0.307087270373558,19.0,0.461476846550319,False,stability_or_viability_filter,3,2023-03-31,2025-04-03
etf_peer_groups,energy_equity,XLE/XOP,XLE,XOP,1.0,0.7673657231685345,0.9879509748050876,0.9664100760662496,0.7188643603194194,0.2054036126673497,1.0005128449325096,,,,0.0045613764006594,60.0,27.0,1.536337195028907e-14,0.0420123121861451,504.0,60.0,3.0,0.8125989961378747,0.1194716690005262,0.0,0.0,1.0,0.2855026008990349,1.0,1.7406198441819147,0.2172825170978442,0.4814214973246842,9.0,-0.6117919471532739,-0.0479865035204575,0.3420015490371584,17.0,0.4567527827035511,False,stability_or_viability_filter,3,2023-03-31,2025-04-03
stock_peer_groups,mega_cap_platforms,AAPL/META,AAPL,META,1.0,0.7806943097478453,0.6025446010343732,0.3543862798174169,0.3044858953119828,3.442455585509336,0.986140764352101,0.0139561715345887,49.6659975009667,-0.0088932076853697,0.0134829313220056,90.0,20.0,-1.6577568242299763e-14,0.0804910393003691,504.0,90.0,3.0,0.4905565320990245,0.1507290679001265,0.0,0.3333333333333333,0.6666666666666666,0.7362303480672354,1.0,1.4008312212018692,0.3401899410115505,0.4219534722569343,3.0,-0.0413916480104187,-0.1151663086542293,0.9609079816327084,6.0,0.451290124137007,False,stability_or_viability_filter,3,2023-03-31,2025-04-03
etf_peer_groups,developed_international,EFA/IEFA,EFA,IEFA,1.0,0.9997428126158644,0.1232977509527004,0.040508716031034,1.011338482976583,0.028603364804044,0.941038440644436,0.060771289386884,11.405833043087348,8.049685844845674e-05,0.0005657525108266,23.0,58.0,-9.139073977311208e-15,0.0016526349435197,504.0,23.0,3.0,0.9991930883936524,0.0005673501062271,0.0,0.0,1.0,0.0021161113384399,1.0,1.1635433543011238,0.0190659709594583,0.5478916750024672,14.0,-3.350523271310889,-0.0276455785870978,0.0,28.0,0.4478916750024671,False,stability_or_viability_filter,3,2023-03-31,2025-04-03
etf_peer_groups,long_treasuries,TLT/VGLT,TLT,VGLT,1.0,0.9900593153156882,0.9885647239812336,0.9697262993865704,1.0690741268338555,0.195524416050675,0.9960433878254276,0.0039644602726158,174.8402387451829,-0.013266149470831,0.0007477365140644,90.0,46.0,-4.3540127411767854e-14,0.0067819334109085,504.0,90.0,3.0,0.99717161750189,0.0020202624089054,0.0,0.0,1.0,0.0248248452322559,1.0,1.2853511795668562,0.04065405583226,0.5452274987922464,8.0,-2.435659243489336,-0.0169005072440896,0.0,16.0,0.4452274987922464,False,stability_or_viability_filter,3,2023-03-31,2025-04-03
etf_peer_groups,emerging_markets,EEM/VWO,EEM,VWO,1.0,0.9931676698304194,0.1373333073654709,0.0463181718460437,0.8905324416681186,0.3824077753245797,0.966638942520591,0.0339302322380774,20.42860112764202,-0.000780433521681,0.0020650152054854,41.0,38.0,-2.3118191664357328e-14,0.0079968716131154,504.0,41.0,3.0,0.9836403978080372,0.0101509526768281,0.0,0.0,1.0,0.0802218674238811,1.0,1.7306326886185712,0.111305683213411,0.5347795311306682,8.0,-0.9590109706518808,-0.0158416103945612,0.0083705648579328,16.0,0.4413464137757827,False,stability_or_viability_filter,3,2023-03-31,2025-04-03
etf_peer_groups,intermediate_treasuries,GOVT/IEI,IEI,GOVT,1.0,0.9781038914341786,0.2583966817987385,0.1044343977356825,0.9911537688839324,1.6571317160909136,0.9460299166189324,0.0554810860973877,12.493396025868009,0.0006916125954848,0.00173437121872,25.0,53.0,-8.340770754842644e-15,0.0055207560118431,504.0,25.0,3.0,0.9764876634279896,0.0214911456476856,0.0,0.0,1.0,0.0871620813365224,1.0,2.213300728231251,0.1710289343537639,0.5270190224216209,17.0,-1.2747905108033617,-0.0223978315984195,0.2425356014635625,33.0,0.439145802494799,False,stability_or_viability_filter,3,2023-03-31,2025-04-03
stock_peer_groups,mega_cap_platforms,GOOGL/META,GOOGL,META,1.0,0.9172746089851292,0.1631347273840503,0.057660210000133,0.4617036901425968,2.213733326244672,0.973455587714362,0.0269030764592929,25.764606572365334,-0.0034271669716517,0.0155974107421473,52.0,22.0,5.741439070204381e-15,0.0662014165031123,504.0,52.0,3.0,0.6728666797759518,0.1699564531278847,0.0,0.3333333333333333,1.0,0.1846618484518119,1.0,1.0812275641193918,0.1272313854287202,0.5221601980677826,9.0,-0.975779456336105,-0.1856381237927095,0.2508172905840828,18.0,0.4383341441465709,False,stability_or_viability_filter,3,2023-03-31,2025-04-03
stock_peer_groups,enterprise_software,CRM/INTU,CRM,INTU,1.0,0.8105055900128711,0.4498805034622405,0.2254561509364088,1.0067567601518028,-0.8415242678331228,0.9814954771576184,0.0186778733683236,37.11060498651173,-0.0062335592388369,0.0195437514327396,74.0,24.0,1.7629636727539786e-14,0.1013048203100744,504.0,74.0,3.0,0.6342960733765328,0.3309680654252442,0.0,0.3333333333333333,1.0,0.3680046740143317,1.0,1.403598809239152,0.2778352252842088,0.4974571624823789,7.0,-0.7412526408804121,-0.1863017030549646,0.2855026114980662,14.0,0.4380443969252204,False,stability_or_viability_filter,3,2023-03-31,2025-04-03
etf_peer_groups,long_treasuries,EDV/VGLT,VGLT,EDV,1.0,0.9414683185106816,0.9924908960132552,0.9902092448211892,0.5944463509019705,1.467119129104827,1.00015127457787,,,,0.0014126399944816,60.0,34.0,-1.619956373629643e-14,0.0150531160968928,504.0,60.0,3.0,0.9818521252773524,0.0137823371887285,0.0,0.0,1.0,0.0722502411063516,1.0,1.6091987567303574,0.0963662768461775,0.5358264036347203,13.0,-2.283950259084473,-0.0311878431856306,0.0102547904802776,25.0,0.4363391431587342,False,stability_or_viability_filter,3,2023-03-31,2025-04-03
etf_peer_groups,long_treasuries,EDV/TLH,TLH,EDV,1.0,0.8486075482800555,0.987203711858382,0.9637423184644628,0.4913841616553537,2.477229921858645,1.0002771195365103,,,,0.0019939796945965,60.0,40.0,-8.599822793921847e-15,0.0216644434809774,504.0,60.0,3.0,0.9562620842107415,0.0296897173979011,0.0,0.0,1.0,0.115820841771443,1.0,1.699829661566514,0.1262623710082829,0.526439283951857,13.0,-1.8170248412840293,-0.0365671121944797,0.0726653704350758,25.0,0.4300725524736107,False,stability_or_viability_filter,3,2023-03-31,2025-04-03
stock_peer_groups,payments_credit,MA/SYF,MA,SYF,1.0,0.9359508740119298,0.318554707337846,0.1412952660190003,0.4203083209423975,4.539645541598227,0.9746622829847124,0.0256642444123961,27.008283174904147,0.0132034137915057,0.0112034900447013,54.0,24.0,-7.316898409910555e-15,0.0451628142641997,504.0,54.0,3.0,0.8408870598254735,0.0177209529167313,0.0,0.0,1.0,0.1873575734970551,1.0,1.057924543381593,0.074795569180328,0.5027422080383356,10.0,-1.060896369896576,-0.1516769767244198,0.336370034295294,20.0,0.4195607097531002,False,stability_or_viability_filter,3,2023-03-31,2025-04-03
stock_peer_groups,home_improvement,LOW/TSCO,LOW,TSCO,1.0,0.8156592040060089,0.2680411207063701,0.1100029373336682,0.6567638750953388,2.863101722798763,0.9755558131286312,0.0247479056621582,28.008316744953007,0.0010367222500449,0.0130770603622051,56.0,27.0,3.4281219838147895e-14,0.0604351664890504,504.0,56.0,3.0,0.6707108697431745,0.1098538932783237,0.0,0.0,1.0,0.2211789419746093,1.0,1.4419508690019085,0.1594499305289675,0.4517327243828968,7.0,-0.6224999563731354,-0.1169567359929761,0.4357684114685788,14.0,0.4176461515003555,False,stability_or_viability_filter,3,2023-03-31,2025-04-03
etf_peer_groups,intermediate_treasuries,IEI/VGIT,IEI,VGIT,1.0,0.995967761923093,0.278654435481911,0.1152314816276999,0.9840144467162716,0.7541029490420392,0.9790866889769062,0.0211350918765056,32.796033469363266,0.0005114583768578,0.0004333728393842,66.0,27.0,3.645672828878242e-13,0.0023797995658085,504.0,66.0,3.0,0.9953195788552124,0.0050081609641695,0.0,0.0,0.6666666666666666,0.0248526262439482,1.0,1.0195973723078238,0.0121310815480196,0.5142834532256678,16.0,-3.9071165405364794,-0.030081765302408,0.0,31.0,0.4142834532256678,False,stability_or_viability_filter,3,2023-03-31,2025-04-03
stock_peer_groups,semiconductors,AVGO/QCOM,QCOM,AVGO,1.0,0.8293895810955345,0.6223988112008548,0.3742823287409121,0.4498074989325479,2.781926718446943,0.9871583727359904,0.0129247937216971,53.62926445753187,-0.0421888386971936,0.0182647132198018,90.0,25.0,-9.665989349315849e-15,0.1152097826666994,504.0,90.0,3.0,0.6839667282679677,0.278364377423622,0.0,0.3333333333333333,1.0,0.7967769672622368,0.6666666666666666,1.7033913306394717,0.4365350405218942,0.4606715113481359,6.0,-0.6375808720653001,-0.1632862044651607,0.4743606485332102,12.0,0.4137524129650013,False,stability_or_viability_filter,3,2023-03-31,2025-04-03
stock_peer_groups,industrial_machinery,CAT/CMI,CAT,CMI,1.0,0.8944340163961786,0.2746281874977783,0.1126979919045154,0.9338230988796568,0.49755304574079,0.9827510147774212,0.0173994820911089,39.83723061010774,0.0093840874389727,0.014895972801213,80.0,18.0,7.576126674866685e-14,0.0872207533828854,504.0,80.0,3.0,0.8200911704816459,0.1093915114326407,0.0,0.0,1.0,0.4572665130497945,1.0,1.2516943685310005,0.2168520491087006,0.4833375877095414,2.0,-0.4104380734852456,-0.0476550629582077,0.2890101905032137,4.0,0.4112223862119153,False,stability_or_viability_filter,3,2023-03-31,2025-04-03
etf_peer_groups,intermediate_treasuries,IEI/SCHR,IEI,SCHR,1.0,0.9959145581452196,0.2970511750079703,0.1255731601109674,0.9829726643729352,1.615343263423604,0.975775959680379,0.0245222684273738,28.266030225254216,0.0004571588494224,0.0004802184621471,57.0,29.0,-1.2783425112112516e-14,0.0023954164431627,504.0,57.0,3.0,0.9952460511536216,0.0050326973791229,0.0,0.0,0.6666666666666666,0.0232426168142675,1.0,1.3245407017059243,0.0454851826984551,0.5109296611852265,12.0,-3.358443793185621,-0.021954423048628,0.0,24.0,0.4109296611852265,False,stability_or_viability_filter,3,2023-03-31,2025-04-03
etf_peer_groups,intermediate_treasuries,GOVT/SCHR,SCHR,GOVT,1.0,0.9918533349960874,0.1319352888301779,0.043952699610094,1.0183197060486695,0.0120980662176102,0.8781617161819559,0.1299245153119684,5.3349991639037,0.0002049313220834,0.0016226394225063,20.0,58.0,-6.282452512362989e-16,0.0034236533432647,504.0,20.0,3.0,0.9914665866282484,0.0062143352395799,0.0,0.0,0.6666666666666666,0.0556093457112464,1.0,2.5091105745921354,0.1882868463827349,0.4957046286854553,18.0,-1.1716907672523813,-0.0231129654893803,0.287334465632087,35.0,0.4100713519670595,False,stability_or_viability_filter,3,2023-03-31,2025-04-03
stock_peer_groups,payments_credit,SYF/V,V,SYF,1.0,0.9003339990641763,0.9126885548216476,0.7747129714019085,0.4020828823111195,4.093814114159189,0.9916521111037252,0.0083829276568341,82.68557345772378,0.0508334691974503,0.0109245659225242,90.0,17.0,-1.3590539628427314e-14,0.0555089116275501,504.0,90.0,3.0,0.7916831414551545,0.0437442601715076,0.0,0.3333333333333333,0.6666666666666666,0.2660288265178815,1.0,1.1885990057280778,0.1242131406440272,0.5188328046327192,7.0,-1.4416908878949095,-0.154156039809616,0.0710256811240141,13.0,0.4098840886889199,False,stability_or_viability_filter,3,2023-03-31,2025-04-03
etf_peer_groups,long_treasuries,EDV/TLT,TLT,EDV,1.0,0.9792151579210576,0.9904508203562012,0.9764080444980676,0.6676236113991941,1.6286221884673442,0.996617949703768,0.0033877823560606,204.6020398329061,0.0184082453120055,0.0012373150194721,90.0,24.0,7.276366458217892e-15,0.0097798508232938,504.0,90.0,3.0,0.9930513968265048,0.0053349861872023,0.0,0.0,0.6666666666666666,0.0456010669294443,1.0,1.314004934364483,0.0518681215238247,0.5097427037209104,11.0,-2.224090991806972,-0.0285368418861373,0.0,21.0,0.4097427037209103,False,stability_or_viability_filter,3,2023-03-31,2025-04-03
etf_peer_groups,long_treasuries,TLH/VGLT,TLH,VGLT,1.0,0.9770746711578312,0.9868646368275206,0.9663665409257928,0.8960558169926484,0.9886557475284844,0.9973572984017622,0.0026461996984222,261.9406165654209,0.0219694208423931,0.0009053766110976,90.0,35.0,-1.3461894738272336e-14,0.0087185123743505,504.0,90.0,3.0,0.9941363929606176,0.0030898248835203,0.0,0.0,0.6666666666666666,0.0395482655300308,1.0,1.487474620815437,0.0683765435617878,0.5083631105506423,10.0,-2.6055340930021447,-0.0233117597847956,0.0,19.0,0.4083631105506423,False,stability_or_viability_filter,3,2023-03-31,2025-04-03
stock_peer_groups,payments_credit,AXP/V,V,AXP,1.0,0.900819963473513,0.90356745109698,0.7568706076536444,0.4558925743268806,3.146772464873259,0.9923090916423596,0.0077206359126817,89.77850897247916,0.0583714913002972,0.0095550793916399,90.0,27.0,-4.70910788317991e-14,0.0553804972394707,504.0,90.0,3.0,0.8288866823039279,0.0347694570592377,0.0,0.3333333333333333,0.6666666666666666,0.3650924712242142,1.0,1.3083981847400692,0.1675537743989361,0.5237996264694218,5.0,-0.9582778841372104,-0.0998478302321586,0.2718078195303133,10.0,0.4061483348253559,False,stability_or_viability_filter,3,2023-03-31,2025-04-03
etf_peer_groups,long_treasuries,TLH/TLT,TLH,TLT,1.0,0.9375780558704137,0.9874385155761304,0.9832120818002714,0.7962842718770996,1.0108089305417938,0.9996099464332456,0.0003901296574338,1776.7097869954016,0.247755565022537,0.0012574711060855,90.0,26.0,-1.4209092456432758e-14,0.0142420109093419,504.0,90.0,3.0,0.9833769808506152,0.010029430663135,0.0,0.0,0.6666666666666666,0.0654080898425057,1.0,1.4747431696484905,0.0778950812406014,0.5047214037552603,10.0,-2.1298920923106768,-0.0262283814555968,0.0223203677828235,19.0,0.4058374221444014,False,stability_or_viability_filter,3,2023-03-31,2025-04-03
stock_peer_groups,beverages,KDP/KO,KO,KDP,1.0,0.8003129190519392,0.2900533515988295,0.1224517036657965,1.0020536172277414,0.6428519534794699,0.976841188680693,0.0234311901206167,29.582243880564008,0.0138220752749916,0.0102511113370289,59.0,28.0,1.7856968108772558e-14,0.0489497469768773,504.0,59.0,3.0,0.7037362846599292,0.178672344412932,0.0,0.3333333333333333,1.0,0.3577330370606189,1.0,1.37896223093357,0.2209087083726914,0.5205098669943798,6.0,-1.2456507718560637,-0.0995522918771334,0.1450136443616209,12.0,0.4027605492124608,False,stability_or_viability_filter,3,2023-03-31,2025-04-03
etf_peer_groups,intermediate_treasuries,IEF/SCHR,IEF,SCHR,1.0,0.9332780708064068,0.3020650251044181,0.1288673281764677,0.9756876116268954,1.4275425989421937,0.9823218587024196,0.0178362659759369,38.86167550400268,-0.0027170250839569,0.0016332293665672,78.0,17.0,8.075374584194156e-14,0.0100914219601493,504.0,78.0,3.0,0.963819156026208,0.0297080764713741,0.0,0.0,0.6666666666666666,0.0789026402815511,1.0,1.1658305161150049,0.0546291851526422,0.5021585371579544,13.0,-2.998088278339469,-0.0276582400364059,0.0,25.0,0.4021585371579544,False,stability_or_viability_filter,3,2023-03-31,2025-04-03
etf_peer_groups,intermediate_treasuries,IEF/VGIT,IEF,VGIT,1.0,0.9331663367546073,0.3132484801461594,0.1353558134060292,0.9765525684305112,0.5733585480573509,0.9827160775503176,0.0174350331590901,39.75600013118165,-0.0027999629300235,0.0016140197037275,80.0,16.0,-1.939524378844764e-13,0.0100995762215479,504.0,80.0,3.0,0.9637111586299816,0.0297507775956598,0.0,0.0,0.6666666666666666,0.0772189609885869,1.0,1.181178244684646,0.055787495604154,0.5020157067637467,10.0,-2.976391616584736,-0.0252508400462219,0.0,19.0,0.4020157067637467,False,stability_or_viability_filter,3,2023-03-31,2025-04-03
stock_peer_groups,mega_cap_platforms,AAPL/AMZN,AAPL,AMZN,1.0,0.7803808223230367,0.4547350285488545,0.228959439869516,0.4601859132109903,2.9338502129201287,0.985686703026557,0.0144167202804414,48.07939441679439,-0.0045156300716167,0.0135682266654229,90.0,14.0,2.379930467867101e-14,0.0805414573686709,504.0,90.0,3.0,0.4830769560508418,0.064529906029573,0.0,0.0,0.6666666666666666,0.5358772781721858,1.0,1.3754328269420633,0.241850486616371,0.36325085701774,3.0,-0.0093746896072344,-0.0869111684982493,1.035355067726637,6.0,0.4011124069629868,False,stability_or_viability_filter,3,2023-03-31,2025-04-03
stock_peer_groups,capital_markets,MS/SCHW,MS,SCHW,1.0,0.8355619353295343,0.5773135236530934,0.3295423949341832,1.027450417033673,0.2432303052385437,0.9861622993021724,0.0139343341704744,49.74383218314517,-0.0173256228867715,0.0166005410251157,90.0,16.0,-1.8597116791855995e-14,0.1040045614158498,504.0,90.0,3.0,0.7026671184196757,0.0380786857151964,0.0,0.0,0.6666666666666666,0.376956598272392,1.0,1.6086398003587077,0.2059717391468303,0.4217362723569025,3.0,-0.3281365012369661,-0.0952703409783223,0.703707526571447,6.0,0.3952011734999299,False,stability_or_viability_filter,3,2023-03-31,2025-04-03
etf_peer_groups,intermediate_treasuries,IEF/IEI,IEI,IEF,1.0,0.8972985677864336,0.5651169779594385,0.3191815173019099,0.8471427626670226,0.8925279563893826,0.9901589373678992,0.0098898059432591,70.08703553302718,0.0073577683236439,0.0013379939536035,90.0,15.0,8.770233216907964e-14,0.0117097231152036,504.0,90.0,3.0,0.9342606134942668,0.0581073415341381,0.0,0.0,0.6666666666666666,0.1685783804176098,1.0,1.1265152436202828,0.0896191566083918,0.4912699043793942,10.0,-3.4215022299982607,-0.0336327066882106,0.0,19.0,0.3912699043793942,False,stability_or_viability_filter,3,2023-03-31,2025-04-03
etf_peer_groups,intermediate_treasuries,GOVT/IEF,IEF,GOVT,1.0,0.9637673736806258,0.2831929746456124,0.117287711865015,1.034447941400099,1.3149560032435903,0.963541820058745,0.0371393877533664,18.663398146543635,-0.0007326147350384,0.0019022948302893,37.0,38.0,4.8206588632731997e-14,0.0074948998468153,504.0,37.0,3.0,0.9831939374002956,0.0116429277003057,0.0,0.0,0.6666666666666666,0.0486811568055421,1.0,3.1750041141279564,0.2617751519606111,0.4862876358206794,15.0,-2.011256266291299,-0.0402826789449028,0.0,29.0,0.3862876358206794,False,stability_or_viability_filter,3,2023-03-31,2025-04-03
etf_peer_groups,us_growth_technology,VGT/XLK,XLK,VGT,1.0,0.9937796168547288,0.7557264355113034,0.5265411646974852,0.9052401751905156,0.8346051899973026,0.9899513783768448,0.010099449810234,68.63217240384338,0.0008160268866684,0.0022127389018487,90.0,18.0,3.5685740077237176e-14,0.0161809286533643,504.0,90.0,3.0,0.989929746971578,0.0084301459358121,0.0,0.0,1.0,0.1292621304761495,1.0,2.5468311449918737,0.2177675526919732,0.5257056814736971,1.0,-0.6918610346108155,-0.0042241648895332,0.0,2.0,0.3844265262820748,False,stability_or_viability_filter,3,2023-03-31,2025-04-03
stock_peer_groups,enterprise_software,CRM/ORCL,ORCL,CRM,1.0,0.7545414379371448,0.483812990697798,0.2511826173821909,0.8855013612579845,-0.0679274699380252,0.9833072350771492,0.0168336592680984,41.17626295748617,0.0229589785121759,0.0239026992490945,82.0,12.0,3.1389353197814744e-14,0.1332014705548699,504.0,82.0,3.0,0.4422383400370028,0.1992891683719965,0.0,0.3333333333333333,0.6666666666666666,0.6524411191270308,1.0,1.2949337015581788,0.3166805071172512,0.4122248676308589,7.0,-0.6388168921357997,-0.2559995858800379,0.4192172134392203,14.0,0.37486319448245,False,stability_or_viability_filter,3,2023-03-31,2025-04-03
stock_peer_groups,semiconductors,MU/NVDA,NVDA,MU,1.0,0.8483764022492327,0.7721134815537415,0.5497458501882673,1.896071449498439,-4.161085714563744,0.9884842463991526,0.0115825733733676,59.843970611378005,0.1507264864622605,0.0491555557657116,90.0,20.0,6.520357446211237e-15,0.2808499148820037,504.0,90.0,3.0,0.6309039094290455,0.3158773917725342,0.0,0.0,0.6666666666666666,0.7599159867585101,0.6666666666666666,1.1759323495159917,0.3781458316787915,0.3532447275227156,3.0,-0.1094047396176198,-0.1444323907907682,0.8628866479765155,6.0,0.3674783489788983,False,stability_or_viability_filter,3,2023-03-31,2025-04-03
stock_peer_groups,industrial_machinery,CMI/PCAR,CMI,PCAR,1.0,0.792854944263042,0.852363099620343,0.6649815392219431,0.893769825183707,1.5581566751795857,0.9927803360802704,0.0072458518146135,95.66124153436228,-0.0062319424643457,0.0133408252773827,90.0,28.0,-9.456280555775542e-15,0.1138443942028578,504.0,90.0,3.0,0.6411139395243427,0.144957510098223,0.0,0.0,1.0,0.2572427303160584,1.0,1.2267185750340897,0.159257699586326,0.4443527149224531,4.0,-0.9212435948433144,-0.1144215573778857,0.2628731716390178,8.0,0.3193098342779068,False,stability_or_viability_filter,3,2023-03-31,2025-04-03
stock_peer_groups,semiconductors,AVGO/MU,AVGO,MU,1.0,0.7735360045881216,0.8890669333212883,0.7287685842777797,1.239128447530221,-0.731819733092143,0.9937883969740688,0.0062309752955698,111.24216477840402,0.2019041446860495,0.0313900708527415,90.0,11.0,2.16969299669602e-14,0.2409821935813615,504.0,90.0,3.0,0.7040835042003836,0.1981290482927895,0.0,0.0,0.6666666666666666,0.8930059585380465,0.6666666666666666,2.356156233956773,0.5143956949388091,0.3579146398895483,0.0,0.0,0.0,0.0,0.0,0.3079146398895483,False,stability_or_viability_filter,3,2023-03-31,2025-04-03
stock_peer_groups,mega_cap_platforms,AAPL/GOOGL,AAPL,GOOGL,1.0,0.7918206431075151,0.4268674184535665,0.2087539939713664,0.613548659894921,2.2122549362394506,0.9836413682900113,0.0164939114826158,42.02442709180935,-0.0016619951308413,0.0141320596635563,84.0,22.0,-1.861297712077921e-14,0.0786672554186333,504.0,84.0,3.0,0.5124727437109612,0.0555943376841277,0.0,0.0,0.6666666666666666,0.3822958321822084,1.0,1.5359786966345148,0.2055165784703914,0.3742331947473679,2.0,-0.3304609490278073,-0.0718490822514186,0.0,4.0,0.2996640523931968,False,stability_or_viability_filter,3,2023-03-31,2025-04-03
stock_peer_groups,capital_markets,GS/SCHW,GS,SCHW,1.0,0.8671486340424381,0.5101150618651079,0.2717986623051038,1.3827208020579145,0.2605793182765711,0.9839924231268568,0.0161370820338619,42.95368760631265,-0.0047753540947964,0.0217088957073432,86.0,22.0,-4.6181753306868027e-14,0.1222637948378829,504.0,86.0,3.0,0.6998539799970221,0.1257113289620109,0.0,0.0,0.6666666666666666,0.1338986944035747,1.0,1.4997314693020267,0.1420623932665315,0.427423922339269,5.0,-1.3258201602238142,-0.1259742522566542,0.086335627794442,10.0,0.2942407037289911,False,stability_or_viability_filter,3,2023-03-31,2025-04-03
stock_peer_groups,mega_cap_platforms,AAPL/MSFT,AAPL,MSFT,1.0,0.6850034310490037,,,,,,,,,,,,,,,,,,,,,,,,,,,,,,,,,False,correlation_prescreen,3,2023-03-31,2025-04-03
stock_peer_groups,enterprise_software,MSFT/ORCL,MSFT,ORCL,1.0,0.7300757820753639,,,,,,,,,,,,,,,,,,,,,,,,,,,,,,,,,False,correlation_prescreen,3,2023-03-31,2025-04-03
stock_peer_groups,enterprise_software,ADBE/MSFT,MSFT,ADBE,1.0,0.2936922410751529,,,,,,,,,,,,,,,,,,,,,,,,,,,,,,,,,False,correlation_prescreen,3,2023-03-31,2025-04-03
stock_peer_groups,enterprise_software,ADBE/ORCL,ORCL,ADBE,1.0,-0.0166433300582179,,,,,,,,,,,,,,,,,,,,,,,,,,,,,,,,,False,correlation_prescreen,3,2023-03-31,2025-04-03
stock_peer_groups,enterprise_software,INTU/ORCL,ORCL,INTU,1.0,0.6184834879440246,,,,,,,,,,,,,,,,,,,,,,,,,,,,,,,,,False,correlation_prescreen,3,2023-03-31,2025-04-03
stock_peer_groups,enterprise_software,ADBE/CRM,CRM,ADBE,1.0,0.0853633926920348,,,,,,,,,,,,,,,,,,,,,,,,,,,,,,,,,False,correlation_prescreen,3,2023-03-31,2025-04-03
stock_peer_groups,enterprise_software,ADBE/INTU,ADBE,INTU,1.0,0.438987886216074,,,,,,,,,,,,,,,,,,,,,,,,,,,,,,,,,False,correlation_prescreen,3,2023-03-31,2025-04-03
stock_peer_groups,enterprise_software,ADBE/NOW,ADBE,NOW,1.0,0.1563163862602415,,,,,,,,,,,,,,,,,,,,,,,,,,,,,,,,,False,correlation_prescreen,3,2023-03-31,2025-04-03
stock_peer_groups,enterprise_software,ADBE/ADSK,ADBE,ADSK,1.0,0.0909747960012145,,,,,,,,,,,,,,,,,,,,,,,,,,,,,,,,,False,correlation_prescreen,3,2023-03-31,2025-04-03
stock_peer_groups,semiconductors,AMD/NVDA,NVDA,AMD,1.0,0.5435430709871293,,,,,,,,,,,,,,,,,,,,,,,,,,,,,,,,,False,correlation_prescreen,3,2023-03-31,2025-04-03
stock_peer_groups,semiconductors,INTC/NVDA,NVDA,INTC,1.0,-0.576671147450052,,,,,,,,,,,,,,,,,,,,,,,,,,,,,,,,,False,correlation_prescreen,3,2023-03-31,2025-04-03
stock_peer_groups,semiconductors,MCHP/NVDA,NVDA,MCHP,1.0,-0.2778925597128212,,,,,,,,,,,,,,,,,,,,,,,,,,,,,,,,,False,correlation_prescreen,3,2023-03-31,2025-04-03
stock_peer_groups,semiconductors,AMD/INTC,AMD,INTC,1.0,0.1897330457730857,,,,,,,,,,,,,,,,,,,,,,,,,,,,,,,,,False,correlation_prescreen,3,2023-03-31,2025-04-03
stock_peer_groups,semiconductors,AMD/QCOM,AMD,QCOM,1.0,0.7138103152639309,,,,,,,,,,,,,,,,,,,,,,,,,,,,,,,,,False,correlation_prescreen,3,2023-03-31,2025-04-03
stock_peer_groups,semiconductors,AMD/AVGO,AMD,AVGO,1.0,0.4502904717179174,,,,,,,,,,,,,,,,,,,,,,,,,,,,,,,,,False,correlation_prescreen,3,2023-03-31,2025-04-03
stock_peer_groups,semiconductors,AMD/MU,AMD,MU,1.0,0.7208753603941838,,,,,,,,,,,,,,,,,,,,,,,,,,,,,,,,,False,correlation_prescreen,3,2023-03-31,2025-04-03
stock_peer_groups,semiconductors,AMD/TXN,AMD,TXN,1.0,0.3653903999660759,,,,,,,,,,,,,,,,,,,,,,,,,,,,,,,,,False,correlation_prescreen,3,2023-03-31,2025-04-03
stock_peer_groups,semiconductors,ADI/AMD,AMD,ADI,1.0,0.473860454438281,,,,,,,,,,,,,,,,,,,,,,,,,,,,,,,,,False,correlation_prescreen,3,2023-03-31,2025-04-03
stock_peer_groups,semiconductors,AMD/MCHP,AMD,MCHP,1.0,0.50215027523973,,,,,,,,,,,,,,,,,,,,,,,,,,,,,,,,,False,correlation_prescreen,3,2023-03-31,2025-04-03
stock_peer_groups,semiconductors,INTC/QCOM,INTC,QCOM,1.0,-0.3243110083737083,,,,,,,,,,,,,,,,,,,,,,,,,,,,,,,,,False,correlation_prescreen,3,2023-03-31,2025-04-03
stock_peer_groups,semiconductors,AVGO/INTC,INTC,AVGO,1.0,-0.5783626574419746,,,,,,,,,,,,,,,,,,,,,,,,,,,,,,,,,False,correlation_prescreen,3,2023-03-31,2025-04-03
stock_peer_groups,semiconductors,INTC/MU,INTC,MU,1.0,-0.2403724115288419,,,,,,,,,,,,,,,,,,,,,,,,,,,,,,,,,False,correlation_prescreen,3,2023-03-31,2025-04-03
stock_peer_groups,semiconductors,INTC/TXN,INTC,TXN,1.0,-0.6960837973106881,,,,,,,,,,,,,,,,,,,,,,,,,,,,,,,,,False,correlation_prescreen,3,2023-03-31,2025-04-03
stock_peer_groups,semiconductors,ADI/INTC,INTC,ADI,1.0,-0.5843077254447341,,,,,,,,,,,,,,,,,,,,,,,,,,,,,,,,,False,correlation_prescreen,3,2023-03-31,2025-04-03
stock_peer_groups,semiconductors,INTC/MCHP,INTC,MCHP,1.0,0.6460082954745042,,,,,,,,,,,,,,,,,,,,,,,,,,,,,,,,,False,correlation_prescreen,3,2023-03-31,2025-04-03
stock_peer_groups,semiconductors,INTC/NXPI,INTC,NXPI,1.0,-0.0906589880961308,,,,,,,,,,,,,,,,,,,,,,,,,,,,,,,,,False,correlation_prescreen,3,2023-03-31,2025-04-03
stock_peer_groups,semiconductors,MCHP/QCOM,QCOM,MCHP,1.0,0.052385938197369,,,,,,,,,,,,,,,,,,,,,,,,,,,,,,,,,False,correlation_prescreen,3,2023-03-31,2025-04-03
stock_peer_groups,semiconductors,AVGO/TXN,AVGO,TXN,1.0,0.7434544189575985,,,,,,,,,,,,,,,,,,,,,,,,,,,,,,,,,False,correlation_prescreen,3,2023-03-31,2025-04-03
stock_peer_groups,semiconductors,AVGO/MCHP,AVGO,MCHP,1.0,-0.4074289776738758,,,,,,,,,,,,,,,,,,,,,,,,,,,,,,,,,False,correlation_prescreen,3,2023-03-31,2025-04-03
stock_peer_groups,semiconductors,AVGO/NXPI,AVGO,NXPI,1.0,0.6655929848706491,,,,,,,,,,,,,,,,,,,,,,,,,,,,,,,,,False,correlation_prescreen,3,2023-03-31,2025-04-03
stock_peer_groups,semiconductors,MU/TXN,MU,TXN,1.0,0.6589154993396819,,,,,,,,,,,,,,,,,,,,,,,,,,,,,,,,,False,correlation_prescreen,3,2023-03-31,2025-04-03
stock_peer_groups,semiconductors,MCHP/MU,MU,MCHP,1.0,0.109595440298907,,,,,,,,,,,,,,,,,,,,,,,,,,,,,,,,,False,correlation_prescreen,3,2023-03-31,2025-04-03
stock_peer_groups,semiconductors,MCHP/TXN,TXN,MCHP,1.0,-0.1560677619847736,,,,,,,,,,,,,,,,,,,,,,,,,,,,,,,,,False,correlation_prescreen,3,2023-03-31,2025-04-03
stock_peer_groups,semiconductors,NXPI/TXN,TXN,NXPI,1.0,0.64062135745006,,,,,,,,,,,,,,,,,,,,,,,,,,,,,,,,,False,correlation_prescreen,3,2023-03-31,2025-04-03
stock_peer_groups,semiconductors,ADI/MCHP,ADI,MCHP,1.0,-0.1024630014949231,,,,,,,,,,,,,,,,,,,,,,,,,,,,,,,,,False,correlation_prescreen,3,2023-03-31,2025-04-03
stock_peer_groups,semiconductors,MCHP/NXPI,MCHP,NXPI,1.0,0.3636194286663263,,,,,,,,,,,,,,,,,,,,,,,,,,,,,,,,,False,correlation_prescreen,3,2023-03-31,2025-04-03
stock_peer_groups,integrated_energy,CVX/XOM,XOM,CVX,1.0,0.5979674407237926,,,,,,,,,,,,,,,,,,,,,,,,,,,,,,,,,False,correlation_prescreen,3,2023-03-31,2025-04-03
stock_peer_groups,integrated_energy,COP/XOM,XOM,COP,1.0,0.2540888024112271,,,,,,,,,,,,,,,,,,,,,,,,,,,,,,,,,False,correlation_prescreen,3,2023-03-31,2025-04-03
stock_peer_groups,integrated_energy,OXY/XOM,XOM,OXY,1.0,-0.1620529299145114,,,,,,,,,,,,,,,,,,,,,,,,,,,,,,,,,False,correlation_prescreen,3,2023-03-31,2025-04-03
stock_peer_groups,integrated_energy,COP/CVX,CVX,COP,1.0,0.1522964009365769,,,,,,,,,,,,,,,,,,,,,,,,,,,,,,,,,False,correlation_prescreen,3,2023-03-31,2025-04-03
stock_peer_groups,integrated_energy,CVX/OXY,CVX,OXY,1.0,0.0099004669819358,,,,,,,,,,,,,,,,,,,,,,,,,,,,,,,,,False,correlation_prescreen,3,2023-03-31,2025-04-03
stock_peer_groups,integrated_energy,COP/OXY,COP,OXY,1.0,0.6699347768123051,,,,,,,,,,,,,,,,,,,,,,,,,,,,,,,,,False,correlation_prescreen,3,2023-03-31,2025-04-03
stock_peer_groups,oilfield_services,BKR/SLB,SLB,BKR,1.0,-0.3868112145866847,,,,,,,,,,,,,,,,,,,,,,,,,,,,,,,,,False,correlation_prescreen,3,2023-03-31,2025-04-03
stock_peer_groups,oilfield_services,BKR/HAL,HAL,BKR,1.0,-0.4543577216919869,,,,,,,,,,,,,,,,,,,,,,,,,,,,,,,,,False,correlation_prescreen,3,2023-03-31,2025-04-03
stock_peer_groups,big_box_retail,TGT/WMT,WMT,TGT,1.0,0.0855442690021774,,,,,,,,,,,,,,,,,,,,,,,,,,,,,,,,,False,correlation_prescreen,3,2023-03-31,2025-04-03
stock_peer_groups,big_box_retail,COST/TGT,COST,TGT,1.0,0.2481063441251272,,,,,,,,,,,,,,,,,,,,,,,,,,,,,,,,,False,correlation_prescreen,3,2023-03-31,2025-04-03
stock_peer_groups,beverages,KO/PEP,KO,PEP,1.0,-0.1073225636138845,,,,,,,,,,,,,,,,,,,,,,,,,,,,,,,,,False,correlation_prescreen,3,2023-03-31,2025-04-03
stock_peer_groups,beverages,KO/MNST,KO,MNST,1.0,-0.3539604919870758,,,,,,,,,,,,,,,,,,,,,,,,,,,,,,,,,False,correlation_prescreen,3,2023-03-31,2025-04-03
stock_peer_groups,beverages,KDP/PEP,PEP,KDP,1.0,0.1811190864545472,,,,,,,,,,,,,,,,,,,,,,,,,,,,,,,,,False,correlation_prescreen,3,2023-03-31,2025-04-03
stock_peer_groups,beverages,MNST/PEP,PEP,MNST,1.0,0.3350458540174964,,,,,,,,,,,,,,,,,,,,,,,,,,,,,,,,,False,correlation_prescreen,3,2023-03-31,2025-04-03
stock_peer_groups,beverages,KDP/MNST,KDP,MNST,1.0,-0.3762955965689421,,,,,,,,,,,,,,,,,,,,,,,,,,,,,,,,,False,correlation_prescreen,3,2023-03-31,2025-04-03
stock_peer_groups,large_pharma,JNJ/MRK,JNJ,MRK,1.0,-0.2325219483365339,,,,,,,,,,,,,,,,,,,,,,,,,,,,,,,,,False,correlation_prescreen,3,2023-03-31,2025-04-03
stock_peer_groups,large_pharma,JNJ/PFE,JNJ,PFE,1.0,0.2134414445085455,,,,,,,,,,,,,,,,,,,,,,,,,,,,,,,,,False,correlation_prescreen,3,2023-03-31,2025-04-03
stock_peer_groups,large_pharma,ABBV/JNJ,JNJ,ABBV,1.0,0.3858490464753303,,,,,,,,,,,,,,,,,,,,,,,,,,,,,,,,,False,correlation_prescreen,3,2023-03-31,2025-04-03
stock_peer_groups,large_pharma,BMY/JNJ,JNJ,BMY,1.0,0.3898231788077618,,,,,,,,,,,,,,,,,,,,,,,,,,,,,,,,,False,correlation_prescreen,3,2023-03-31,2025-04-03
stock_peer_groups,large_pharma,JNJ/LLY,JNJ,LLY,1.0,0.0640366621590863,,,,,,,,,,,,,,,,,,,,,,,,,,,,,,,,,False,correlation_prescreen,3,2023-03-31,2025-04-03
stock_peer_groups,large_pharma,MRK/PFE,MRK,PFE,1.0,-0.0854219235891018,,,,,,,,,,,,,,,,,,,,,,,,,,,,,,,,,False,correlation_prescreen,3,2023-03-31,2025-04-03
stock_peer_groups,large_pharma,ABBV/MRK,MRK,ABBV,1.0,-0.0410825797994827,,,,,,,,,,,,,,,,,,,,,,,,,,,,,,,,,False,correlation_prescreen,3,2023-03-31,2025-04-03
stock_peer_groups,large_pharma,BMY/MRK,MRK,BMY,1.0,-0.6646103437000782,,,,,,,,,,,,,,,,,,,,,,,,,,,,,,,,,False,correlation_prescreen,3,2023-03-31,2025-04-03
stock_peer_groups,large_pharma,LLY/MRK,MRK,LLY,1.0,0.1708512974192326,,,,,,,,,,,,,,,,,,,,,,,,,,,,,,,,,False,correlation_prescreen,3,2023-03-31,2025-04-03
stock_peer_groups,large_pharma,ABBV/PFE,PFE,ABBV,1.0,-0.6028609337222933,,,,,,,,,,,,,,,,,,,,,,,,,,,,,,,,,False,correlation_prescreen,3,2023-03-31,2025-04-03
stock_peer_groups,large_pharma,BMY/PFE,PFE,BMY,1.0,0.5013785131831665,,,,,,,,,,,,,,,,,,,,,,,,,,,,,,,,,False,correlation_prescreen,3,2023-03-31,2025-04-03
stock_peer_groups,large_pharma,ABBV/BMY,ABBV,BMY,1.0,-0.1139213643743665,,,,,,,,,,,,,,,,,,,,,,,,,,,,,,,,,False,correlation_prescreen,3,2023-03-31,2025-04-03
stock_peer_groups,large_pharma,BMY/LLY,BMY,LLY,1.0,-0.5254682767296612,,,,,,,,,,,,,,,,,,,,,,,,,,,,,,,,,False,correlation_prescreen,3,2023-03-31,2025-04-03
stock_peer_groups,managed_care,CI/UNH,UNH,CI,1.0,0.4243080377097334,,,,,,,,,,,,,,,,,,,,,,,,,,,,,,,,,False,correlation_prescreen,3,2023-03-31,2025-04-03
stock_peer_groups,managed_care,CVS/UNH,UNH,CVS,1.0,-0.3523510628956024,,,,,,,,,,,,,,,,,,,,,,,,,,,,,,,,,False,correlation_prescreen,3,2023-03-31,2025-04-03
stock_peer_groups,managed_care,HUM/UNH,UNH,HUM,1.0,-0.3507925591001174,,,,,,,,,,,,,,,,,,,,,,,,,,,,,,,,,False,correlation_prescreen,3,2023-03-31,2025-04-03
stock_peer_groups,managed_care,CNC/UNH,UNH,CNC,1.0,0.0482025114434631,,,,,,,,,,,,,,,,,,,,,,,,,,,,,,,,,False,correlation_prescreen,3,2023-03-31,2025-04-03
stock_peer_groups,managed_care,CI/CVS,CI,CVS,1.0,-0.1310288541021436,,,,,,,,,,,,,,,,,,,,,,,,,,,,,,,,,False,correlation_prescreen,3,2023-03-31,2025-04-03
stock_peer_groups,managed_care,CI/HUM,CI,HUM,1.0,-0.5928664024224428,,,,,,,,,,,,,,,,,,,,,,,,,,,,,,,,,False,correlation_prescreen,3,2023-03-31,2025-04-03
stock_peer_groups,managed_care,CI/CNC,CI,CNC,1.0,0.3413425967887291,,,,,,,,,,,,,,,,,,,,,,,,,,,,,,,,,False,correlation_prescreen,3,2023-03-31,2025-04-03
stock_peer_groups,managed_care,CVS/HUM,CVS,HUM,1.0,0.5016311229793455,,,,,,,,,,,,,,,,,,,,,,,,,,,,,,,,,False,correlation_prescreen,3,2023-03-31,2025-04-03
stock_peer_groups,managed_care,CNC/CVS,CVS,CNC,1.0,0.3722505571009154,,,,,,,,,,,,,,,,,,,,,,,,,,,,,,,,,False,correlation_prescreen,3,2023-03-31,2025-04-03
stock_peer_groups,managed_care,CNC/HUM,HUM,CNC,1.0,0.3286015692612919,,,,,,,,,,,,,,,,,,,,,,,,,,,,,,,,,False,correlation_prescreen,3,2023-03-31,2025-04-03
stock_peer_groups,industrial_machinery,CAT/DE,CAT,DE,1.0,0.470648882838476,,,,,,,,,,,,,,,,,,,,,,,,,,,,,,,,,False,correlation_prescreen,3,2023-03-31,2025-04-03
stock_peer_groups,industrial_machinery,CMI/DE,DE,CMI,1.0,0.6681890023134545,,,,,,,,,,,,,,,,,,,,,,,,,,,,,,,,,False,correlation_prescreen,3,2023-03-31,2025-04-03
stock_peer_groups,industrial_machinery,DE/PCAR,DE,PCAR,1.0,0.3967711561997626,,,,,,,,,,,,,,,,,,,,,,,,,,,,,,,,,False,correlation_prescreen,3,2023-03-31,2025-04-03
stock_peer_groups,railroads,CSX/UNP,UNP,CSX,1.0,0.6753090305210316,,,,,,,,,,,,,,,,,,,,,,,,,,,,,,,,,False,correlation_prescreen,3,2023-03-31,2025-04-03
etf_peer_groups,energy_equity,OIH/XLE,XLE,OIH,1.0,0.3389487132315865,,,,,,,,,,,,,,,,,,,,,,,,,,,,,,,,,False,correlation_prescreen,3,2023-03-31,2025-04-03
etf_peer_groups,energy_equity,OIH/VDE,VDE,OIH,1.0,0.3701651839956255,,,,,,,,,,,,,,,,,,,,,,,,,,,,,,,,,False,correlation_prescreen,3,2023-03-31,2025-04-03
stock_peer_groups,enterprise_software,INTU/MSFT,MSFT,INTU,1.0,0.8845288752752808,0.009666741208245,0.0019899219462498,0.8928121620884837,0.2681515005237549,0.9500352420289356,0.0512561982030585,13.523187533611962,-0.0040104582475481,0.0156696209978656,27.0,33.0,6.403343463933284e-14,0.0519362793045471,504.0,27.0,3.0,0.6628106845710006,0.2449170032134215,0.6666666666666666,0.6666666666666666,1.0,0.3388958693202761,1.0,1.4043356506303,0.2395304742479325,0.7417496237179568,9.0,1.4881617163972567,-0.0444943252580204,5.244149757539337,18.0,1.1649738811775454,True,passed,4,2023-07-03,2025-07-07
stock_peer_groups,money_center_banks,C/WFC,C,WFC,1.0,0.980979579093784,0.0894535339048279,0.0272229029213712,0.9796619940766624,0.1021186668594494,0.961668941634315,0.0390850230599107,17.73434237194813,0.0011783496368543,0.0122228583328259,35.0,37.0,7.693140657144637e-15,0.0440463635684198,504.0,35.0,3.0,0.9469724390800552,0.0239688896559495,0.6666666666666666,0.6666666666666666,1.0,0.1992719505037115,1.0,1.025889668126216,0.0772902431783554,0.8290140854521783,13.0,0.8669928705371449,-0.0324855177234502,2.7150716423980623,26.0,1.1448165981526532,True,passed,4,2023-07-03,2025-07-07
stock_peer_groups,enterprise_software,ADSK/NOW,NOW,ADSK,1.0,0.9466644064269232,0.0169795054684658,0.0038158932730094,1.4455294371667826,-2.923027974083429,0.9456979874004872,0.0558320131214554,12.414869925110729,-0.0007001384201039,0.0219197985376797,25.0,48.0,2.4289212616521483e-14,0.0671104698538807,504.0,25.0,3.0,0.8742180850111283,0.0464810016686615,0.3333333333333333,0.6666666666666666,1.0,0.066232071130632,1.0,1.088861000367818,0.0474444687517442,0.7304767410442743,13.0,1.209717570399522,-0.0247520024045551,4.969133798409551,25.0,1.1119343766042027,True,passed,4,2023-07-03,2025-07-07
stock_peer_groups,capital_markets,MS/NTRS,MS,NTRS,1.0,0.9714759930338528,0.0612074670654773,0.0172927625971198,1.169434227588506,-0.6150332004943062,0.938360516781702,0.0636210575688626,10.894933329419922,-0.003758931197544,0.0170105385070009,22.0,48.0,2.2990427903586973e-14,0.0477876996854749,504.0,22.0,3.0,0.9228644828559488,0.052478392320226,0.3333333333333333,0.6666666666666666,1.0,0.1713533332557661,1.0,1.1120940607221357,0.0870654708277902,0.7386762402978748,17.0,0.7311857751634568,-0.0609803349026478,2.8055995329503403,33.0,1.0386340832199104,True,passed,4,2023-07-03,2025-07-07
stock_peer_groups,capital_markets,NTRS/STT,NTRS,STT,1.0,0.9733753293340384,0.0079570288269311,0.0016101437894449,1.046891745022359,-0.1108149092815716,0.9405124918619356,0.0613303481794071,11.301862799348712,0.0039272891853588,0.012877671633228,23.0,35.0,9.105591060695531e-15,0.0383723461796404,504.0,23.0,3.0,0.9403281616260578,0.0164812902976504,0.6666666666666666,1.0,1.0,0.1918657995059341,1.0,1.5548612131977644,0.1311002758453909,0.888638679488642,16.0,-0.3292414328844014,-0.0751274599867812,0.7495621749426454,32.0,0.926730573303114,True,passed,4,2023-07-03,2025-07-07
stock_peer_groups,semiconductors,NVDA/TXN,NVDA,TXN,1.0,0.8230282801600041,0.0632163513662356,0.0178156301723786,3.2483999220684585,-12.18073025235858,0.9665562978280612,0.0340157328547304,20.37725259426689,0.0337117522504152,0.0586600501934846,41.0,37.0,-2.6356342152847366e-14,0.2536144484437771,504.0,41.0,3.0,0.7371987870013109,0.1079191268792917,0.3333333333333333,0.6666666666666666,1.0,0.4378995591829623,1.0,1.4610662943820438,0.2331691502854228,0.6776494483884521,4.0,0.5802922795327937,-0.0629427439080175,inf,7.0,0.9146932903183712,True,passed,4,2023-07-03,2025-07-07
stock_peer_groups,railroads,NSC/UNP,UNP,NSC,1.0,0.8153006628444193,0.0159926858646518,0.0035458985913898,0.5563825481494578,2.390268158177191,0.9566485570838,0.0443191889533134,15.63988865613309,0.0037502969301466,0.009454866694816,31.0,39.0,-7.744951064960478e-14,0.0364662352584687,504.0,31.0,3.0,0.685716207946882,0.130805142557962,0.3333333333333333,0.6666666666666666,1.0,0.2852543094815332,1.0,1.146147008875532,0.1549250405548909,0.6726032145978981,12.0,-0.2532240455888869,-0.0526912136925754,0.7845445352218283,23.0,0.7238468345206565,True,passed,4,2023-07-03,2025-07-07
stock_peer_groups,integrated_energy,COP/OXY,COP,OXY,1.0,0.9250387920243356,0.0036689232085068,0.0006718979454074,0.5956142791336229,2.25487436296104,0.943099678187519,0.0585832986607316,11.831822318065564,0.0037004485915415,0.0105111627447572,24.0,42.0,-1.2441546910878738e-15,0.0345872910942062,504.0,24.0,3.0,0.8654383739353387,0.0281437633938598,0.3333333333333333,0.6666666666666666,1.0,0.2603141365539672,1.0,1.3702072981349886,0.1372867775531633,0.719297582395185,7.0,-0.915962656131678,-0.0711948377253592,0.2120523642888834,13.0,0.6300058021898776,True,passed,4,2023-07-03,2025-07-07
stock_peer_groups,semiconductors,NXPI/QCOM,QCOM,NXPI,1.0,0.8034475346560634,0.2765151371932842,0.1146206663863459,1.239014927350026,-1.6652733597824525,0.9775202168009944,0.0227363051871341,30.48635980450242,0.0147060241204106,0.021500786553028,61.0,30.0,6.879858235137478e-15,0.1068733703292021,504.0,61.0,3.0,0.9086424344319476,0.0221364857497847,0.6666666666666666,1.0,1.0,0.3443991620519335,1.0,1.555472538821082,0.1838977202473596,0.8754375032499176,6.0,0.3407681572970706,-0.0918366565282992,1.8071244608802344,12.0,1.04190894988849,False,stability_or_viability_filter,4,2023-07-03,2025-07-07
stock_peer_groups,mega_cap_platforms,AMZN/GOOGL,GOOGL,AMZN,1.0,0.9154111675909812,0.0402223592774638,0.0104187858350111,0.6943374125103314,1.457360528503472,0.9588723803892616,0.0419972886691131,16.50456975975499,0.0010149502362292,0.0149975599073037,33.0,31.0,-3.892829621265033e-15,0.0532738090519863,504.0,33.0,3.0,0.8056125733176501,0.0320221355360288,0.3333333333333333,0.3333333333333333,1.0,0.0901468258134212,1.0,1.0317659408111275,0.0442525360954975,0.6469778897198628,11.0,0.8659893099174795,-0.0521935863758422,3.855884141816426,22.0,0.9768762862074848,False,stability_or_viability_filter,4,2023-07-03,2025-07-07
stock_peer_groups,semiconductors,ADI/NVDA,NVDA,ADI,1.0,0.8607121880417195,0.0827457902212194,0.0245953794382685,3.505081549724949,-14.049227852668896,0.9516651169051936,0.0495420740323619,13.991081199127152,0.0177537882669193,0.0662246255922083,28.0,40.0,-1.098239664994282e-14,0.2273115547153503,504.0,28.0,3.0,0.7511139391068986,0.1080265861823539,0.0,0.6666666666666666,1.0,0.4158904050518835,1.0,1.830233123161686,0.2668871218738221,0.5944231059226757,13.0,0.9786558381528097,-0.0619121200074188,4.282982234293348,25.0,0.941221481645597,False,stability_or_viability_filter,4,2023-07-03,2025-07-07
stock_peer_groups,payments_credit,COF/V,V,COF,1.0,0.940573608958992,0.1951288201097918,0.0723605408611315,0.5519149180519265,2.9074167016139563,0.9634228006466604,0.0372629182125736,18.60152703569139,0.0015481215816343,0.0123469471738895,37.0,27.0,6.430482248979676e-15,0.0463119387298842,504.0,37.0,3.0,0.8903666771393334,0.0262357268157435,0.6666666666666666,0.6666666666666666,1.0,0.2578999304433256,1.0,1.610478021609435,0.1625427770429602,0.8063373915805373,9.0,0.1165373963750388,-0.0571827248809655,1.178125767881251,18.0,0.9327242894308556,False,stability_or_viability_filter,4,2023-07-03,2025-07-07
stock_peer_groups,semiconductors,MU/QCOM,QCOM,MU,1.0,0.912996071923442,0.103863642465702,0.0327767615543009,0.7584296069569081,1.5541603652185678,0.9608740741752824,0.0399119148358421,17.36692372217323,-0.0081980050803544,0.0211559523296074,35.0,39.0,9.992007221626407e-15,0.0732326872769322,504.0,35.0,3.0,0.8481733755918274,0.1039062301984522,0.3333333333333333,0.6666666666666666,1.0,0.2707586340114436,1.0,1.0240474111953963,0.1275602226472315,0.7159539882999003,8.0,0.4394589524870428,-0.100497182861756,1.9968055103466096,16.0,0.9317131066902872,False,stability_or_viability_filter,4,2023-07-03,2025-07-07
stock_peer_groups,payments_credit,AXP/SYF,AXP,SYF,1.0,0.9795414110100276,0.1630257561944436,0.0575175602328722,0.8818042259934022,2.078265395497948,0.9629186651069902,0.037786330660618,18.34386055596457,-0.0014224061356584,0.0133226675270268,37.0,40.0,-4.990716834505465e-15,0.0490134309971213,504.0,37.0,3.0,0.9545809190091128,0.0125953296079029,0.6666666666666666,1.0,1.0,0.2475189186418548,1.0,1.5623767258779837,0.1491910522919174,0.890392791189753,11.0,-0.3815448183991984,-0.1159117879951114,0.6572451701482587,21.0,0.9160233269372862,False,stability_or_viability_filter,4,2023-07-03,2025-07-07
stock_peer_groups,capital_markets,SCHW/STT,SCHW,STT,1.0,0.8209378602970332,0.2346748179014329,0.0923223696978983,0.7829473083406385,0.8189434512403413,0.9808384985679814,0.0193474623601164,35.82625812410546,0.0147412728937919,0.015893551650408,72.0,20.0,1.3394928905040975e-14,0.0847659906241249,504.0,72.0,3.0,0.6579044575352643,0.2036985997925474,0.3333333333333333,0.6666666666666666,1.0,0.6167195529621298,1.0,1.418201711609939,0.3199395744304412,0.6491488236074385,2.0,0.624999595495317,-0.0330901733270528,inf,4.0,0.8678987629317361,False,stability_or_viability_filter,4,2023-07-03,2025-07-07
stock_peer_groups,payments_credit,COF/MA,MA,COF,1.0,0.9572158585227296,0.0348790093918982,0.0088154436258815,0.5178922610651931,3.584153695748608,0.9448485552662425,0.0567306233087577,12.218219017046154,0.0002650778954282,0.0118846818144666,24.0,53.0,1.945533681247893e-14,0.0363872462088823,504.0,24.0,3.0,0.8808537884039583,0.0138596550954428,0.0,0.6666666666666666,1.0,0.0729083267924637,1.0,1.2173241557998762,0.0530697890515106,0.6482398015291719,14.0,0.5083676241017754,-0.0485716969617607,1.8487004373085287,28.0,0.8669299670098647,False,stability_or_viability_filter,4,2023-07-03,2025-07-07
stock_peer_groups,semiconductors,ADI/MU,MU,ADI,1.0,0.7794856281126923,0.1291198992944731,0.0427791339183336,1.5362258378304694,-3.604703552970781,0.971091639350503,0.0293344388818673,23.629126957270827,0.0173087645370593,0.0299976835523851,47.0,27.0,2.3501482946668392e-14,0.1353623309480447,504.0,47.0,3.0,0.7074228882290369,0.1617236109427409,0.3333333333333333,0.3333333333333333,1.0,0.3409821824042178,1.0,1.226551052214499,0.1927409369172639,0.6075816283655328,5.0,0.6424973976162489,-0.0606553753321302,4.334033867937432,10.0,0.8664562380079701,False,stability_or_viability_filter,4,2023-07-03,2025-07-07
stock_peer_groups,enterprise_software,CRM/NOW,CRM,NOW,1.0,0.8598539784282381,0.6834645362823559,0.4406194918009724,0.6152876911605747,2.4550514881677543,0.983577369082446,0.0165589771576949,41.85929927669714,-0.0146355063888119,0.0151485113290859,84.0,24.0,1.8357449599238505e-14,0.0760885839825892,504.0,84.0,3.0,0.8121542765141211,0.0878518149653282,0.0,0.0,1.0,0.2307762370354344,1.0,1.1407815208721956,0.1218517418749426,0.4908533949410361,6.0,1.2239110109934808,-0.0198321889733112,9.903231843171074,12.0,0.8494400465900581,False,stability_or_viability_filter,4,2023-07-03,2025-07-07
stock_peer_groups,semiconductors,ADI/QCOM,QCOM,ADI,1.0,0.8233296712732399,0.4190326671351549,0.2033608548242205,1.3479292238191434,-2.14639788911917,0.9799655815714424,0.0202378287797376,34.25007633496389,-0.0018842662779752,0.0206396366618652,69.0,29.0,9.429141770729149e-14,0.1018809321020513,504.0,69.0,3.0,0.7452591535512659,0.1044751560601655,0.0,0.3333333333333333,1.0,0.4722771579510583,1.0,1.7327759363155424,0.2736703198165793,0.5256144230728252,10.0,0.8713373342811687,-0.0541111741570602,2.703025177238248,20.0,0.841466282076913,False,stability_or_viability_filter,4,2023-07-03,2025-07-07
stock_peer_groups,money_center_banks,BAC/C,BAC,C,1.0,0.9753781035595084,0.1651669010800391,0.0583593092377293,0.7927029619005267,0.3828374783398821,0.9730682743969816,0.0273010302989871,25.389048434031423,0.0005395141396509,0.0093132995437332,51.0,26.0,1.5622423989368274e-15,0.0406708590123872,504.0,51.0,3.0,0.9271842840546372,0.0553573316044708,0.0,0.3333333333333333,1.0,0.2715494332513904,1.0,1.2362699378705362,0.1352211369375688,0.584940623986569,11.0,0.5860455308465526,-0.0763923989210139,1.7778394259375034,22.0,0.811739424910427,False,stability_or_viability_filter,4,2023-07-03,2025-07-07
stock_peer_groups,money_center_banks,C/JPM,JPM,C,1.0,0.9807838390605258,0.2018239028262947,0.075324395646754,0.9482749111520704,1.44056461932589,0.9621129257862076,0.0386234487335341,17.946278835481937,0.0039397715379591,0.011213738040524,36.0,44.0,5.0277242686596366e-15,0.0428028624265874,504.0,36.0,3.0,0.9541480584537422,0.0245529904804294,0.3333333333333333,1.0,1.0,0.1712200256383737,1.0,1.4675440245826326,0.117207008104338,0.8101496471363351,10.0,-0.5361452768751213,-0.0563129332062936,0.5812879337703353,20.0,0.8087922522935836,False,stability_or_viability_filter,4,2023-07-03,2025-07-07
stock_peer_groups,semiconductors,MU/NXPI,MU,NXPI,1.0,0.7822311265870397,0.1910493182973192,0.0705668672362902,1.452137498602006,-3.271154488646183,0.9719653790602224,0.0284350934068428,24.376469267835837,0.0323448865931821,0.031006874718398,49.0,27.0,1.3266284014885998e-14,0.1346207626231262,504.0,49.0,3.0,0.7911707025452418,0.0628367460529815,0.0,0.3333333333333333,1.0,0.2529909729502917,1.0,1.0214761818735594,0.1076621487648198,0.5536931274264951,4.0,0.6416150564429943,-0.0504774305768519,inf,8.0,0.7999353858929443,False,stability_or_viability_filter,4,2023-07-03,2025-07-07
etf_peer_groups,physical_gold,GLD/IAU,GLD,IAU,1.0,0.9999986339193364,0.0006340856053681,9.62663065671923e-05,0.9952151623123726,1.606136071642289,0.47404481398693,0.7464534174798653,0.9285873228367156,-2.6582312075858173e-06,0.0002576796158672,20.0,65.0,3.978299171573477e-14,0.0002941448157329,504.0,20.0,3.0,0.9999952415454276,1.847066238488204e-06,1.0,1.0,0.0,0.0004395690636706,1.0,1.0444675729383746,0.0050879801475669,0.8994900123716003,21.0,-4.494122561826166,-0.0374776472458086,0.0,41.0,0.7994900123716002,False,stability_or_viability_filter,4,2023-07-03,2025-07-07
etf_peer_groups,physical_gold,GLD/SGOL,GLD,SGOL,1.0,0.9999969559391296,0.0006492524575819,9.604192653483828e-05,0.9928028875995552,2.2926405406733585,0.373669196734169,0.9843843736799504,0.7041428115815519,-1.3473075393019852e-06,0.0004073155150296,20.0,62.0,-3.091001881257976e-15,0.000439085919459,504.0,20.0,3.0,0.999989542676668,4.124103329097905e-06,1.0,1.0,0.0,0.0007591398093054,1.0,1.158693661529816,0.0178870503630799,0.8982086806328591,23.0,-4.483680815847539,-0.0398400930208903,0.0,45.0,0.798208680632859,False,stability_or_viability_filter,4,2023-07-03,2025-07-07
etf_peer_groups,physical_gold,IAU/SGOL,IAU,SGOL,1.0,0.9999980332648892,0.0,0.0,0.9975758393972394,0.6898059784788018,0.0979295636735824,2.3235067967522376,0.2983194116448533,5.660121302454805e-07,0.0003530976816773,20.0,62.0,1.9603366549095623e-14,0.000354632325076,504.0,20.0,3.0,0.9999923467307416,3.468398961053952e-06,1.0,1.0,0.0,0.0003723052139365,1.0,1.2607728161175582,0.0291000152173612,0.8970880851609493,27.0,-5.035414479301321,-0.0448345150709927,0.0,53.0,0.7970880851609492,False,stability_or_viability_filter,4,2023-07-03,2025-07-07
etf_peer_groups,broad_us_equity,IVV/VOO,IVV,VOO,1.0,0.9999976668004348,8.038288416293231e-25,8.891335456288677e-26,0.999696705359864,0.0907633596024063,0.0762421595963947,2.5738406937467806,0.2693046163439587,5.771392054231235e-07,0.0002606073733796,20.0,60.0,2.6930838511621656e-14,0.0002613546348815,504.0,20.0,3.0,0.9999899947795008,8.684562316578741e-06,1.0,1.0,0.0,9.36551845844389e-05,1.0,1.4438857976705803,0.049354757434587,0.8950620229514165,20.0,-4.550595004900389,-0.0362603480897369,0.0,40.0,0.7950620229514164,False,stability_or_viability_filter,4,2023-07-03,2025-07-07
etf_peer_groups,intermediate_treasuries,SCHR/VGIT,VGIT,SCHR,1.0,0.999968171514336,0.0,0.0,0.9986039998610086,0.8762773482097341,0.0296398048979762,3.5186370609653816,0.1969930881049072,-7.022586509536697e-07,0.0002484825820276,20.0,65.0,9.241637437681344e-14,0.0002488059047948,504.0,20.0,3.0,0.9998915440010424,6.194300069303833e-05,1.0,1.0,0.0,0.0018140448283874,1.0,1.53909916928236,0.0605252369744001,0.8939203623028205,10.0,-3.1339145400090183,-0.0180745593654156,0.0,20.0,0.7939203623028204,False,stability_or_viability_filter,4,2023-07-03,2025-07-07
stock_peer_groups,mega_cap_platforms,AMZN/META,META,AMZN,1.0,0.9590486058766468,0.0722879518673379,0.0210045409110518,1.5342621415079756,-1.777807875719646,0.9602584610854894,0.0405528004588431,17.09246149999968,0.0047878381054547,0.0221100709616701,34.0,37.0,9.230711433312015e-15,0.079065635925685,504.0,34.0,3.0,0.862554369719937,0.072212036453736,0.0,0.6666666666666666,1.0,0.1789426881303871,1.0,1.3238747525098125,0.1197043251402424,0.6370014932492933,15.0,0.2599787723775114,-0.0877417214740888,1.2990394058023853,29.0,0.7909502793960393,False,stability_or_viability_filter,4,2023-07-03,2025-07-07
etf_peer_groups,short_treasuries,SCHO/SHY,SHY,SCHO,1.0,0.9999426986222548,0.0182640641621354,0.0041731307976991,0.9761116791802787,1.301286821359655,0.1251853892924695,2.0779595260679264,0.3335710690532896,-1.1316906154991213e-07,0.0003055329128439,20.0,50.0,1.4253501377417764e-13,0.0003076456637555,504.0,20.0,3.0,0.9997410802248446,0.0001392659859008,1.0,1.0,0.0,0.0016175690768253,1.0,1.899094970198913,0.1004850528207879,0.8898867647741323,9.0,-2.912748516192608,-0.016349791640666,0.0,18.0,0.7898867647741322,False,stability_or_viability_filter,4,2023-07-03,2025-07-07
etf_peer_groups,short_treasuries,SCHO/VGSH,VGSH,SCHO,1.0,0.9999576677254222,0.0,0.0,0.9999359993769752,0.8808896959354455,0.073731797896481,2.607321122407668,0.2658464945506503,-3.874872587765523e-07,0.0002703186087262,20.0,66.0,-1.006593397699629e-13,0.00027087684789,504.0,20.0,3.0,0.999802387816084,0.0001082891648064,1.0,1.0,0.0,0.0019682779756748,1.0,1.9761948295665872,0.1091582812208923,0.8890347688319317,13.0,-3.471907566952431,-0.0250284028315093,0.0,26.0,0.7890347688319316,False,stability_or_viability_filter,4,2023-07-03,2025-07-07
stock_peer_groups,semiconductors,AMD/NXPI,AMD,NXPI,1.0,0.800926835838074,0.2247865175935205,0.0869803398604159,1.4136015413827434,-2.699732669351953,0.972699341074866,0.0276802465256354,25.04122136043845,-0.0015620852669333,0.0286091285991407,50.0,31.0,2.1355051765726424e-14,0.1230121599788793,504.0,50.0,3.0,0.6728336653351832,0.2162499144914839,0.0,0.3333333333333333,1.0,0.3831123707846288,1.0,1.2217607322372266,0.2244275097850627,0.5124323320219561,11.0,0.708186313669343,-0.0879423978940099,2.3861884115114567,22.0,0.7879696996479305,False,stability_or_viability_filter,4,2023-07-03,2025-07-07
etf_peer_groups,broad_us_equity,IVV/SPY,SPY,IVV,1.0,0.9999923198129228,0.0001947080134209,2.7056802700385076e-05,0.9962893177618344,0.0200060074534653,0.0001087556546682,9.12640689239747,0.075949624943564,5.75827744178895e-07,0.0004727127535845,20.0,50.0,-1.5730098000169222e-13,0.000472420126057,504.0,20.0,3.0,0.9999655332245312,4.268955060357077e-05,1.0,1.0,0.0,0.0002674423706615,1.0,2.9661606976204973,0.2185656770426992,0.8781348156018629,15.0,-3.894432889369043,-0.0271889401370275,0.0,30.0,0.7781348156018628,False,stability_or_viability_filter,4,2023-07-03,2025-07-07
etf_peer_groups,us_growth_technology,QQQ/VGT,QQQ,VGT,1.0,0.9946292385034976,0.1238666273941471,0.0406422020468706,0.9226263582154548,2.2327764001240555,0.9684748708039884,0.0320327429828147,21.63870827208935,0.0011289211171172,0.0032045433227059,43.0,29.0,4.490235344039522e-15,0.0133495334167452,504.0,43.0,3.0,0.9857654867722078,0.0150063071878106,0.6666666666666666,0.6666666666666666,1.0,0.0488577390163001,1.0,1.188523092659207,0.0422350256968377,0.8422178691233682,5.0,-0.6243048265904293,-0.0160104581402342,0.3104442753025322,9.0,0.7765943588999303,False,stability_or_viability_filter,4,2023-07-03,2025-07-07
etf_peer_groups,broad_us_equity,SPY/VOO,SPY,VOO,1.0,0.999990434055837,2.8759626293967324e-24,3.0907894735545063e-25,0.9959875941852904,0.1104298320923757,-0.01467966405963,,,,0.0005271485689822,60.0,46.0,7.483784315358178e-14,0.0005272373976237,504.0,60.0,3.0,0.9999566999489572,5.599688181033989e-05,1.0,1.0,0.0,0.000322791585574,1.0,3.6594734201296446,0.295623309503533,0.870426844036886,9.0,-3.1358257675709,-0.0177104938747603,0.0,18.0,0.7704268440368859,False,stability_or_viability_filter,4,2023-07-03,2025-07-07
etf_peer_groups,us_growth_technology,IYW/QQQ,QQQ,IYW,1.0,0.9961339234814216,0.2478874339440241,0.0992759272367528,0.870963279321459,1.815845303071527,0.974151998681128,0.0261879313743062,26.4681914219468,-0.0004041798479653,0.0025528607345624,53.0,41.0,3.99856514741981e-14,0.0113304490807183,504.0,53.0,3.0,0.9892073095791384,0.0113799674852239,0.3333333333333333,0.6666666666666666,1.0,0.010757618675598,1.0,1.257819462994799,0.0360258023863627,0.7603659138228149,7.0,-0.3529069301758274,-0.0104441602069867,0.5076699280202922,13.0,0.7703133706974554,False,stability_or_viability_filter,4,2023-07-03,2025-07-07
stock_peer_groups,capital_markets,GS/NTRS,GS,NTRS,1.0,0.9630803622038822,0.1932485404978564,0.0715581725678371,1.4277040077400067,-0.2435127277376021,0.9558334983009712,0.0451715460563561,15.344774334161002,-0.0011514489906169,0.0198952153699351,31.0,40.0,8.168069395456509e-15,0.066810510579261,504.0,31.0,3.0,0.9106905585456556,0.0415239888765883,0.3333333333333333,0.3333333333333333,1.0,0.1347049406909465,1.0,1.4021424151892896,0.1034254670990993,0.667330092926504,13.0,-0.0265798091974811,-0.0768239003727739,0.9898082237297,26.0,0.7628335327333668,False,stability_or_viability_filter,4,2023-07-03,2025-07-07
etf_peer_groups,financial_equity,VFH/XLF,XLF,VFH,1.0,0.999324917203198,0.2700631899146698,0.1110826275458561,0.9812374340561704,-0.7946993216593512,0.9650831771556658,0.0355409874139404,19.50275529734065,-0.0004214708205116,0.0014906461524794,39.0,30.0,-1.3789674869352145e-15,0.0057032996028839,504.0,39.0,3.0,0.9976059811158274,0.0021429651997252,0.6666666666666666,0.6666666666666666,1.0,0.0090540865056166,1.0,1.0399794965553515,0.0081745168523752,0.8485840435937193,10.0,-2.440377306260997,-0.0323895373824979,0.0,19.0,0.7485840435937192,False,stability_or_viability_filter,4,2023-07-03,2025-07-07
stock_peer_groups,home_improvement,HD/LOW,HD,LOW,1.0,0.9049114209156838,0.3950615396353258,0.1852912209559195,1.0333921817273546,0.2393967069015419,0.9834410026585922,0.0166976300813599,41.51171017578873,0.0212361076472176,0.0074903293976834,83.0,18.0,-3.7530825008638035e-14,0.0458513074333637,504.0,83.0,3.0,0.8715580276608615,0.0384706937117954,0.0,0.0,1.0,0.0941485021178556,1.0,1.0889834648563987,0.0540934502605946,0.5124801618891559,4.0,0.5546905250212981,-0.012778384152783,3.462055446075956,7.0,0.7456837406423507,False,stability_or_viability_filter,4,2023-07-03,2025-07-07
stock_peer_groups,payments_credit,AXP/MA,MA,AXP,1.0,0.9361136888253696,0.1941909480600764,0.0719109784385971,0.4833058381452972,3.528079926674081,0.9722692373818136,0.028122519686063,24.64740671524731,0.0046008589674714,0.010128926568365,49.0,32.0,3.326792104583128e-14,0.0442239723203698,504.0,49.0,3.0,0.8499530094939062,0.0460525528864681,0.0,0.0,1.0,0.2760367136963322,1.0,1.3183711350172849,0.1427376594184095,0.4982144864316356,7.0,0.6559549560544214,-0.0438646861258146,2.20702314295229,14.0,0.7444588869874134,False,stability_or_viability_filter,4,2023-07-03,2025-07-07
stock_peer_groups,semiconductors,AVGO/NVDA,NVDA,AVGO,1.0,0.9359610914101814,0.4413667920894774,0.2194232176554864,1.1941156124055436,-1.429866092642218,0.9842625772131808,0.0158625707657855,43.69702684353128,-0.0095746697956276,0.0286706109638923,87.0,19.0,1.4048726908431348e-14,0.1572155959372019,504.0,87.0,3.0,0.8038063970214139,0.1551208623414554,0.0,0.3333333333333333,1.0,0.4710059322809742,1.0,1.3478768609237166,0.2473619160878895,0.5428820743132312,1.0,0.5135274178861193,-0.0251288559144139,inf,2.0,0.732411186996149,False,stability_or_viability_filter,4,2023-07-03,2025-07-07
etf_peer_groups,intermediate_treasuries,GOVT/IEI,IEI,GOVT,1.0,0.9814484299359943,0.2395089268809007,0.0947712635086221,1.0485247455861495,1.4852551643622451,0.9428254617063152,0.0588741018080418,11.773380132743954,0.000919493985901,0.0019145723319818,24.0,52.0,-6.498152985718734e-14,0.0059200507463733,504.0,24.0,3.0,0.9556481620134316,0.0352976848265137,0.6666666666666666,0.6666666666666666,1.0,0.0846632695248924,1.0,2.5516502304504693,0.2123925659449653,0.8176727839088613,17.0,-1.2491206394145746,-0.0221815486669572,0.2450565577002269,34.0,0.7299256117938726,False,stability_or_viability_filter,4,2023-07-03,2025-07-07
etf_peer_groups,energy_equity,OIH/XOP,XOP,OIH,1.0,0.8380154141822581,0.1139159618234611,0.0366912263561299,0.4995278562863174,2.0534623723789127,0.9670971078656816,0.0334563667862001,20.71794540601016,0.0071463886022269,0.009750692524055,41.0,32.0,-8.0892964284712e-14,0.0394886735828792,504.0,41.0,3.0,0.8240725249807453,0.1038616394306973,0.0,0.0,1.0,0.153578861606499,1.0,1.405809003284995,0.1309033895996204,0.4929277922852243,7.0,0.5617032256060794,-0.0301432752644424,1.9386026209635712,14.0,0.7116134071743148,False,stability_or_viability_filter,4,2023-07-03,2025-07-07
stock_peer_groups,enterprise_software,NOW/ORCL,ORCL,NOW,1.0,0.8640511274115734,0.6356454821725723,0.3884442464462811,0.8447515688336723,0.6190235985433676,0.9818139344873504,0.0183534646626597,37.766557611880046,0.0207216138841371,0.023197578344961,76.0,20.0,5.621957925649484e-14,0.1025043863377114,504.0,76.0,3.0,0.6777904960779404,0.194630447242864,0.0,0.0,1.0,0.5114461987682044,1.0,1.3074546673187708,0.2695205117057751,0.4424955728489075,4.0,0.750782045942813,-0.060965951769323,10.488340515406628,8.0,0.7051128797403295,False,stability_or_viability_filter,4,2023-07-03,2025-07-07
stock_peer_groups,payments_credit,AXP/COF,AXP,COF,1.0,0.964335879481945,0.3811891826556548,0.1778299524222101,1.010565381122991,0.4173451542006646,0.9781637339115552,0.0220782058725164,31.395086383481576,-0.0070506825733079,0.0138020583081579,63.0,23.0,-3.2370931332284926e-14,0.0644642010101582,504.0,63.0,3.0,0.9114574751430972,0.0299837267721119,0.0,0.0,1.0,0.2421985885050936,1.0,1.3390872085808945,0.1284037949347234,0.515023989292302,9.0,0.4154769946328233,-0.0741073939044266,1.5428023292760644,18.0,0.7044856549510287,False,stability_or_viability_filter,4,2023-07-03,2025-07-07
stock_peer_groups,money_center_banks,JPM/WFC,JPM,WFC,1.0,0.98059070581405,0.1774604060638593,0.0640717365222135,0.9468147719466034,1.4660757153435957,0.9683085300330644,0.0322045131159756,21.523293274572037,0.0053194753605551,0.0107166628121751,43.0,28.0,1.5640046577060737e-14,0.0430153238852183,504.0,43.0,3.0,0.9384302218761138,0.0411116656962601,0.3333333333333333,0.3333333333333333,1.0,0.0509390542570876,1.0,1.1368789950784406,0.0458923505487204,0.6800183204141563,12.0,-0.4232955955233579,-0.0707749320776202,0.7053932387171367,23.0,0.7017936430215095,False,stability_or_viability_filter,4,2023-07-03,2025-07-07
etf_peer_groups,intermediate_treasuries,GOVT/VGIT,VGIT,GOVT,1.0,0.9896353663943048,0.3502252666418464,0.1582563838770689,1.0677850909478892,0.7353401685761405,0.9177855688261518,0.0857915008036057,8.079438802996359,0.000466655255303,0.0017701371862995,20.0,56.0,1.3884924955829906e-13,0.0044782143367206,504.0,20.0,3.0,0.9753822086049144,0.0233589005994915,0.6666666666666666,0.6666666666666666,0.6666666666666666,0.0766277023785659,1.0,2.9770795244463435,0.2530043703756129,0.785211781780334,15.0,-1.067963729073915,-0.0196426616732107,0.3003323696228028,30.0,0.7002284002614741,False,stability_or_viability_filter,4,2023-07-03,2025-07-07
etf_peer_groups,intermediate_treasuries,GOVT/SCHR,SCHR,GOVT,1.0,0.989639048745582,0.3667033901017423,0.1687337347221246,1.0692477479837037,-0.1410425986278949,0.9166208089735408,0.0870614048153198,7.961589662265308,0.0004711735451473,0.0017814112778462,20.0,53.0,9.738506297670332e-14,0.0044835394105147,504.0,20.0,3.0,0.9755220998152984,0.0232959988876769,0.6666666666666666,0.6666666666666666,0.6666666666666666,0.0774408710941759,1.0,3.0276311145869115,0.25887130272583,0.7846600613479082,16.0,-1.061583420796914,-0.0198555179473025,0.2962591835626149,32.0,0.6994730205260389,False,stability_or_viability_filter,4,2023-07-03,2025-07-07
stock_peer_groups,industrial_machinery,CAT/CMI,CAT,CMI,1.0,0.8912795238723813,0.0626027882440802,0.0173643815258789,0.7770118013772465,1.3914857238318572,0.9744813042263832,0.02584994520944,26.814261111347253,0.0185818111253069,0.0139699343165869,54.0,34.0,-4.810966440042346e-16,0.0681046079777141,504.0,54.0,3.0,0.8398953760872664,0.1041532504646853,0.3333333333333333,0.6666666666666666,1.0,0.3313413040424493,1.0,1.1550870043136432,0.1623967408705608,0.7104008366014272,3.0,-0.4211355820006238,-0.0648976524286011,0.5924225415296869,5.0,0.6643516263778179,False,stability_or_viability_filter,4,2023-07-03,2025-07-07
stock_peer_groups,big_box_retail,COST/WMT,WMT,COST,1.0,0.934824037281688,0.7576643968382277,0.5297738758887401,1.008024930146505,-2.472090145092014,0.9906513812515098,0.0093925913547376,73.79722532167027,0.0022736251543195,0.0120730020268383,90.0,28.0,-3.4580803828919764e-14,0.0870372428601957,504.0,90.0,3.0,0.9220953277397428,0.0389549852072709,0.3333333333333333,0.6666666666666666,1.0,0.4356694039460184,1.0,1.7522244080600755,0.241788619502216,0.7230116366513807,6.0,-0.6933584795161871,-0.1211289790392741,0.2650764536525037,12.0,0.6572616874065779,False,stability_or_viability_filter,4,2023-07-03,2025-07-07
etf_peer_groups,financial_equity,KRE/VFH,VFH,KRE,1.0,0.9407912273714152,0.4233240471491892,0.2063842535823751,0.9892213426081412,0.7366736197195951,0.9773815776217466,0.0228781426747006,30.297353697616707,0.0025916452863355,0.0114351299421536,61.0,19.0,-1.7966228152465828e-14,0.0535945987933518,504.0,61.0,3.0,0.832624174137449,0.0631683855867036,0.3333333333333333,0.3333333333333333,0.6666666666666666,0.120142135224701,1.0,1.5394226029397142,0.1210393517082142,0.6127187750302074,11.0,-0.2882469061960086,-0.0813694105230364,0.7374472614605134,21.0,0.6563541021738317,False,stability_or_viability_filter,4,2023-07-03,2025-07-07
etf_peer_groups,us_growth_technology,IYW/VGT,VGT,IYW,1.0,0.9979271750026024,0.0433727722075534,0.0113453669008535,0.9406245903895404,-0.4352895084209969,0.9668209026858066,0.0337420099005886,20.54255755961509,-0.00140862970163,0.0019626151953296,41.0,33.0,3.4841618126768204e-14,0.0089479504978001,504.0,41.0,3.0,0.9969272223207684,0.0005702845514987,0.0,1.0,1.0,0.0564361971541551,1.0,1.2986828047867638,0.0521891388781917,0.744012891692373,7.0,-0.9140784883587,-0.0147718473608137,0.194904404282835,13.0,0.6541463386527098,False,stability_or_viability_filter,4,2023-07-03,2025-07-07
stock_peer_groups,enterprise_software,INTU/NOW,INTU,NOW,1.0,0.7658616657524828,0.2754014009070157,0.1144981753871364,0.4056008139689385,4.337106603645887,0.976219518969586,0.024067800882041,28.79977210868313,0.026197322930116,0.0150230241228517,58.0,20.0,-4.0650023030203955e-14,0.0709249856145088,504.0,58.0,3.0,0.5718820934089172,0.2661314559215688,0.6666666666666666,0.6666666666666666,1.0,0.7759428788247147,1.0,1.468946955010093,0.3994633288054381,0.7030241904716854,0.0,0.0,0.0,0.0,0.0,0.6530241904716854,False,stability_or_viability_filter,4,2023-07-03,2025-07-07
stock_peer_groups,mega_cap_platforms,GOOGL/MSFT,MSFT,GOOGL,1.0,0.7985572412170424,0.6648333219673896,0.4193684331479715,0.6717575601614862,2.582548862754243,0.9846975946750623,0.0154206954295843,44.9491518540826,0.0175905268206229,0.0132753539381719,90.0,18.0,4.9193453543509916e-14,0.067014796020339,504.0,90.0,3.0,0.6495806117235102,0.1643115557679955,0.3333333333333333,0.3333333333333333,1.0,0.4013648615315253,1.0,1.3664919133291222,0.2292801294697427,0.5894671399839033,8.0,-0.1894288130077719,-0.1107640460445295,0.7959930310429542,15.0,0.6508524695848852,False,stability_or_viability_filter,4,2023-07-03,2025-07-07
stock_peer_groups,capital_markets,NTRS/SCHW,SCHW,NTRS,1.0,0.897456858551244,0.1527854709914114,0.052928557098191,0.7958191593019627,0.6896230578106937,0.9687292131463984,0.0317701559420598,21.81755676062962,0.001554003866723,0.0161582820337332,44.0,27.0,2.5958071670997706e-15,0.0654804202874865,504.0,44.0,3.0,0.7882162256018926,0.1482185428330465,0.0,0.6666666666666666,1.0,0.3829066275293541,1.0,1.4601172247569454,0.2281658595382386,0.6075708037799826,11.0,-0.3167130217602649,-0.1487822069927928,0.767157307989622,21.0,0.648421715915424,False,stability_or_viability_filter,4,2023-07-03,2025-07-07
etf_peer_groups,financial_equity,KBE/KRE,KBE,KRE,1.0,0.9891499575887278,0.5716669319506152,0.3250808153116123,1.0760478697712137,-0.3832560477675545,0.985293352606929,0.0148158622440813,46.78412698098921,0.0022895082413419,0.0040048665103918,90.0,16.0,-2.9147760043333478e-15,0.024030195368945,504.0,90.0,3.0,0.9797169049098988,0.0186581759509546,0.3333333333333333,0.6666666666666666,1.0,0.1065209159586295,1.0,2.93534786420456,0.2567650155481458,0.7359193913393267,12.0,-1.1550559837620058,-0.0512475300868128,0.2423532257061306,23.0,0.6480370526246332,False,stability_or_viability_filter,4,2023-07-03,2025-07-07
etf_peer_groups,broad_us_equity,SCHB/VTI,VTI,SCHB,1.0,0.999990813614105,0.1044928426314797,0.0333849696812172,0.9965805948763524,2.5570357283026848,0.1060372443616801,2.2439648846805644,0.3088939516353514,-8.076764865086102e-07,0.0005060486856264,20.0,66.0,3.436404600030246e-16,0.0005085252222111,504.0,20.0,3.0,0.9999638964641008,3.312181951987383e-05,0.6666666666666666,0.6666666666666666,0.0,0.0014534357363275,1.0,1.7909443765450852,0.0883782276902919,0.741153151346996,21.0,-4.463074578361812,-0.0350938747634348,0.0,42.0,0.6411531513469959,False,stability_or_viability_filter,4,2023-07-03,2025-07-07
stock_peer_groups,capital_markets,GS/MS,GS,MS,1.0,0.9725884475147596,0.2180075505952723,0.0834920656531658,1.197735797830058,0.612777744235326,0.9769131224999472,0.0233575536158883,29.67550420556252,0.0113874007888201,0.0112719108973614,59.0,24.0,6.345893828055855e-15,0.0577074780131303,504.0,59.0,3.0,0.9403190392729348,0.0303119103047221,0.0,0.3333333333333333,1.0,0.1988962755846426,1.0,1.6169411136783332,0.1449517412607141,0.5872512523588289,12.0,-0.2971322271215782,-0.0775682164748379,0.7903955533742051,24.0,0.6322011959593024,False,stability_or_viability_filter,4,2023-07-03,2025-07-07
stock_peer_groups,oilfield_services,HAL/SLB,SLB,HAL,1.0,0.95008986851989,0.4467287414135636,0.2231414236231376,0.7167880645379654,1.3340421039805277,0.9727690392803148,0.0276085946744076,25.106210176009863,0.0007353874189725,0.0110569568729451,50.0,38.0,-3.189688372335767e-16,0.0474621023698221,504.0,50.0,3.0,0.895639692389663,0.0508197583785208,0.0,0.6666666666666666,1.0,0.2613539207718344,1.0,1.1050601778406808,0.1157312461435273,0.6456701318163963,7.0,-0.4992281972842559,-0.0657022116498986,0.4735913037997182,14.0,0.6319654674137438,False,stability_or_viability_filter,4,2023-07-03,2025-07-07
stock_peer_groups,capital_markets,GS/STT,GS,STT,1.0,0.957546007376123,0.0503555858038356,0.0135712291888766,1.526710672837825,-0.540660891043873,0.9630718088410896,0.0376273021124567,18.42138930100108,0.0069317575911255,0.0177657364971064,37.0,38.0,1.5396854866904752e-14,0.0715422005858195,504.0,37.0,3.0,0.8768661358302747,0.056825647017923,0.0,0.3333333333333333,1.0,0.2440897327232814,1.0,1.8009941369006115,0.1893044751249138,0.5669527531117439,13.0,-0.1834246127624601,-0.0575820762209747,0.8279225942084694,25.0,0.6308351909077983,False,stability_or_viability_filter,4,2023-07-03,2025-07-07
etf_peer_groups,financial_equity,KBE/VFH,VFH,KBE,1.0,0.9701345312000488,0.3722001190701181,0.1717733378916136,0.9376974318594414,1.018923004979876,0.975704895578779,0.0245950993766909,28.18232892430793,0.0003622129588543,0.0084414833241456,56.0,25.0,-4.012134539943007e-14,0.0383505144734736,504.0,56.0,3.0,0.8984592963535839,0.0738397662062867,0.0,0.3333333333333333,0.6666666666666666,0.0591123098858738,1.0,1.3386493427928767,0.0819450634521509,0.5497536510765142,13.0,-0.1407591924136906,-0.0537268720082981,0.892029247536233,25.0,0.6232412345912722,False,stability_or_viability_filter,4,2023-07-03,2025-07-07
etf_peer_groups,emerging_markets,EEM/IEMG,EEM,IEMG,1.0,0.9986594813928548,0.3511580445976229,0.1580942196237328,1.0040932174849964,-0.2264732491398634,0.9754955189996416,0.0248097124716622,27.93854146240756,-0.0007308548579835,0.0008037312068988,56.0,30.0,-8.274686050995911e-15,0.0039134737684887,504.0,56.0,3.0,0.9975557463300524,0.0013819763389975,0.3333333333333333,0.3333333333333333,1.0,0.0245938065563298,1.0,1.1211178909280917,0.022116137734897,0.6971773228090233,1.0,-0.2785087698901028,-0.0011246010979163,0.0,2.0,0.6179010073255078,False,stability_or_viability_filter,4,2023-07-03,2025-07-07
stock_peer_groups,capital_markets,MS/STT,MS,STT,1.0,0.9683796513894164,0.0223007820714205,0.0052260252742222,1.2537496467506446,-0.872377789195863,0.9489602138573028,0.0523884055320861,13.23092721605004,0.0002852154307682,0.0158273966872587,26.0,33.0,-7.771561172376096e-15,0.0502750918357495,504.0,26.0,3.0,0.8832142764626627,0.0685482117037579,0.0,0.3333333333333333,1.0,0.0447997011954134,1.0,1.2042106037625158,0.0604727047177811,0.5814229653105542,17.0,-0.3288959589244606,-0.0846964705082798,0.6689989202469272,33.0,0.6155385174842314,False,stability_or_viability_filter,4,2023-07-03,2025-07-07
etf_peer_groups,us_real_estate,IYR/VNQ,VNQ,IYR,1.0,0.9996918575169405,0.6428671608119194,0.4012811724251648,1.011223867589695,-0.123869859586816,0.91256066984744,0.0915007082316427,7.575320387741448,-7.215096960442063e-05,0.0008930469420592,20.0,72.0,2.3737625621747397e-15,0.0021374026546944,504.0,20.0,3.0,0.9988749928064176,0.0010308601273652,0.3333333333333333,0.3333333333333333,1.0,0.0065916311310565,1.0,1.176210383938092,0.0221197619681508,0.6975067720047894,16.0,-2.569609040927744,-0.0264472161221561,0.0,31.0,0.5975067720047893,False,stability_or_viability_filter,4,2023-07-03,2025-07-07
stock_peer_groups,mega_cap_platforms,META/MSFT,MSFT,META,1.0,0.8569320910265988,0.523949395786311,0.2838839915562481,0.3417813237417935,3.869540654727981,0.9821566996678796,0.018004411394705,38.49874152307993,0.0093969969311979,0.0114114158229788,77.0,22.0,3.278329988428855e-14,0.057385459472869,504.0,77.0,3.0,0.6661520049634199,0.213663793684371,0.0,0.3333333333333333,1.0,0.3753675790733951,1.0,1.223993098861554,0.2212319130149836,0.5110814766060233,7.0,-0.0170093156665194,-0.0672832717651893,1.0032321701769142,14.0,0.5961916877648912,False,stability_or_viability_filter,4,2023-07-03,2025-07-07
etf_peer_groups,developed_international,IEFA/VEA,VEA,IEFA,1.0,0.999411977017052,0.0984166370476714,0.0307068538323022,0.9798564895770004,-0.2903787271529729,0.951619676559606,0.0495898234241003,13.977609370213662,0.0001528471536799,0.0008810197867587,28.0,37.0,5.0279886074750253e-14,0.0027746019585446,504.0,28.0,3.0,0.9982482883242352,0.0009839572595975,0.3333333333333333,0.3333333333333333,1.0,0.0064829309367373,1.0,1.3146925364903532,0.0374548001199286,0.6958165920690659,8.0,-2.4916926229670064,-0.0184255864606369,0.0,16.0,0.5958165920690658,False,stability_or_viability_filter,4,2023-07-03,2025-07-07
etf_peer_groups,us_growth_technology,IYW/XLK,XLK,IYW,1.0,0.994537569789736,0.1488391324385782,0.0513026575125069,0.821097157776846,0.5913279867819405,0.9642824282869036,0.0363710518791515,19.057661099905328,0.0003152703324086,0.0034097120263781,38.0,37.0,-4.6271628504099585e-14,0.0127122482265517,504.0,38.0,3.0,0.9926557238807288,0.0028784675597849,0.3333333333333333,0.3333333333333333,1.0,0.0763534113027746,1.0,1.638599627644333,0.0973661404702235,0.6884273169231598,8.0,-1.1594720116644492,-0.0179792098795303,0.1348563585791508,15.0,0.5951701348521173,False,stability_or_viability_filter,4,2023-07-03,2025-07-07
etf_peer_groups,financial_equity,KBE/XLF,XLF,KBE,1.0,0.9628186086551148,0.3645484473042795,0.1668154971413652,0.9137820666646086,0.2292004671855036,0.9754740227341012,0.0248317489669343,27.91374789922897,1.047105807370763e-05,0.0092411770524164,56.0,26.0,5.803999256512624e-15,0.0419381123229864,504.0,56.0,3.0,0.8723697500158837,0.0976566775359183,0.3333333333333333,0.3333333333333333,0.6666666666666666,0.0771739100074586,1.0,1.3055110858914307,0.0922225387246179,0.6255368502981757,9.0,-0.6627829158036277,-0.0618327329189383,0.3293770789049356,17.0,0.5925882668728784,False,stability_or_viability_filter,4,2023-07-03,2025-07-07
stock_peer_groups,payments_credit,COF/SYF,COF,SYF,1.0,0.966146773463356,0.5133323638765792,0.2749282680092491,0.8299585280805694,1.8045892182830108,0.983040344444612,0.0171051175158218,40.52279558551994,0.0095939241031642,0.0112310642945189,81.0,25.0,6.7124436520590816e-15,0.0599607257011745,504.0,81.0,3.0,0.9220885788480307,0.0425177163738642,0.0,0.0,1.0,0.1801193532845094,1.0,1.1188400707662067,0.0874168088601475,0.521780463825993,8.0,-0.1562210969655854,-0.0675274312157813,0.8224720174724488,16.0,0.5894709001547775,False,stability_or_viability_filter,4,2023-07-03,2025-07-07
stock_peer_groups,home_improvement,HD/TSCO,HD,TSCO,1.0,0.8370452181056035,0.289813262488359,0.122056007656079,0.7194068478789999,3.042487035764564,0.9763553780319042,0.0239286420075249,28.96725941831412,0.001363142129878,0.0126163922995553,58.0,28.0,5.092927843121751e-15,0.0589445464162695,504.0,58.0,3.0,0.6364405481855114,0.0967840004935089,0.3333333333333333,0.3333333333333333,1.0,0.3360277311652904,1.0,1.641476877385903,0.2155457858180334,0.5875555584645745,4.0,-0.2266589423544414,-0.0478112189317552,0.5274684043122992,8.0,0.5799301373270234,False,stability_or_viability_filter,4,2023-07-03,2025-07-07
stock_peer_groups,enterprise_software,MSFT/NOW,MSFT,NOW,1.0,0.8289131627232343,0.777541276497997,0.5568882264741403,0.4431039328405968,3.730583144567816,0.985540139550682,0.0145654230811334,47.588537366811885,0.0180119662526735,0.0115003150103852,90.0,29.0,-5.1262345338605046e-14,0.0622784190482516,504.0,90.0,3.0,0.6006094433082546,0.2409741648676777,0.0,0.3333333333333333,1.0,0.7260272340986387,1.0,1.1327088010361648,0.3370792219927904,0.4831111052944513,5.0,0.0865339852078095,-0.0661879896575083,1.3899404440383516,10.0,0.5780882252775403,False,stability_or_viability_filter,4,2023-07-03,2025-07-07
etf_peer_groups,emerging_markets,IEMG/VWO,VWO,IEMG,1.0,0.992393122357564,0.6101151239752436,0.3620838075725199,1.076278746546118,-0.4840569191366597,0.9844806983597378,0.0156409866210614,44.316077837863695,-0.001567400661273,0.0018950969254554,89.0,22.0,4.246779295068149e-14,0.0100399545461193,504.0,89.0,3.0,0.984504710307478,0.0112389940511959,0.3333333333333333,0.3333333333333333,1.0,0.0779866308873223,1.0,1.7726260570725882,0.1155892146542381,0.6845672561114456,7.0,-2.136649131583688,-0.0240359194639226,0.0459283683900934,13.0,0.5743636745309503,False,stability_or_viability_filter,4,2023-07-03,2025-07-07
stock_peer_groups,semiconductors,ADI/TXN,TXN,ADI,1.0,0.9505305846019548,0.058205712688155,0.0161615319607859,0.9807346880304534,-0.0555138035849088,0.953419107227698,0.0477006952671751,14.53117562915123,-0.0007662549699985,0.0105268200280215,29.0,46.0,-1.3283906602578461e-14,0.0351411031961256,504.0,29.0,3.0,0.9182014907664576,0.0106502695022007,0.0,0.0,1.0,0.0965832350921575,1.0,1.3088341843783016,0.0700594109068196,0.5225444316009324,16.0,-0.2999396015646838,-0.0485412372848442,0.71953249515096,31.0,0.5635301161237779,False,stability_or_viability_filter,4,2023-07-03,2025-07-07
etf_peer_groups,us_growth_technology,QQQ/XLK,QQQ,XLK,1.0,0.9852850172138176,0.3394554998327987,0.1512969590382472,1.0434475854462186,1.268555400259863,0.9788288408084448,0.0213984823711715,32.39235234241495,-0.0004389846050002,0.0045374574300023,65.0,21.0,-3.474469389445966e-14,0.0220449122619804,504.0,65.0,3.0,0.9731092648704944,0.0239684475894094,0.3333333333333333,0.6666666666666666,1.0,0.0894439594885125,1.0,1.588682290269557,0.1032132790559247,0.7496226549786977,1.0,-1.060243870951987,-0.0075680551140145,0.0,1.0,0.5621226549786976,False,stability_or_viability_filter,4,2023-07-03,2025-07-07
stock_peer_groups,payments_credit,AXP/V,V,AXP,1.0,0.8735979538964918,0.7300651141865846,0.4956762564773266,0.4891644208607497,2.98772246414847,0.987997629619342,0.0120749804078538,57.40358635357347,0.0177528692434422,0.010352574123355,90.0,27.0,1.6998748088149623e-14,0.0663671972126607,504.0,90.0,3.0,0.7734475349818016,0.1007445598304604,0.0,0.3333333333333333,1.0,0.4792009259141089,1.0,1.6271458470943048,0.2629980338142236,0.5337287470306947,5.0,-0.1888527320638942,-0.0686515295056265,0.8149894012329421,10.0,0.5586503072827578,False,stability_or_viability_filter,4,2023-07-03,2025-07-07
stock_peer_groups,payments_credit,MA/V,V,MA,1.0,0.9683780361506672,0.4142101903493865,0.2007919366319127,1.0502549532989982,-0.8173582506976941,0.9820870431251096,0.018075335935567,38.34767901580354,0.0030693407709838,0.0066062314685808,77.0,24.0,3.280620924828875e-14,0.0340241196909058,504.0,77.0,3.0,0.9321949015408798,0.0319421139820261,0.0,0.0,1.0,0.2392288801556482,1.0,1.5567787691436936,0.1522546390618574,0.5178232614790342,4.0,-0.0746337622856128,-0.0265526959121865,0.8852802037794045,8.0,0.5508922073251626,False,stability_or_viability_filter,4,2023-07-03,2025-07-07
etf_peer_groups,financial_equity,KRE/XLF,XLF,KRE,1.0,0.9307944821322276,0.4251510951586831,0.2076421687419326,0.9609956252281956,-0.034170411830022,0.977397214559918,0.0228621439967588,30.31855545386353,0.0022807525354777,0.0120830845642469,61.0,18.0,-2.341160774943684e-15,0.0567471901872576,504.0,61.0,3.0,0.8014058501309481,0.081636955693795,0.3333333333333333,0.3333333333333333,0.6666666666666666,0.1406989104680275,1.0,1.4810133440944435,0.127557882508879,0.6042623409485158,8.0,-0.8384881000647344,-0.0734434102561538,0.3415680173196646,15.0,0.5455675268047888,False,stability_or_viability_filter,4,2023-07-03,2025-07-07
etf_peer_groups,us_growth_technology,VGT/XLK,XLK,VGT,1.0,0.993105288278457,0.5029697447362407,0.2663725107460513,0.8698636256494121,0.9841314576303823,0.982412457411954,0.0177440410793129,39.063659594885486,0.0031327052743887,0.0026488598302037,78.0,28.0,-1.458621583305146e-14,0.0142768198736703,504.0,78.0,3.0,0.9904626649334608,0.0048452880507928,0.3333333333333333,0.3333333333333333,1.0,0.10143599823347,1.0,2.097041552097019,0.1573206012166453,0.6818836061117006,5.0,-1.5824635811935084,-0.0184301714345674,0.0034437658358226,9.0,0.5445557944034918,False,stability_or_viability_filter,4,2023-07-03,2025-07-07
stock_peer_groups,money_center_banks,BAC/JPM,JPM,BAC,1.0,0.9652239931867186,0.5108673580080078,0.27317111034922,1.1482900168297063,1.1538796704477214,0.97743114723317,0.0228274272165867,30.364665013860755,0.0082221094792686,0.012422673191655,61.0,22.0,2.1129482643262904e-15,0.0573544134361056,504.0,61.0,3.0,0.9059985194823262,0.0907379306194971,0.0,0.3333333333333333,1.0,0.0499362023126944,1.0,1.0963851247192176,0.0576008359461991,0.5874062129426283,8.0,-0.8476021868956962,-0.0773410975485858,0.4454271997695254,16.0,0.5325372448967501,False,stability_or_viability_filter,4,2023-07-03,2025-07-07
stock_peer_groups,mega_cap_platforms,AMZN/MSFT,MSFT,AMZN,1.0,0.8637269302154476,0.5927420599824137,0.3454381901691743,0.5511087821298575,3.1237463273642145,0.9836775584208876,0.0164571201618095,42.11837634682058,0.0125779920349581,0.0109308205222027,84.0,23.0,1.6193395830604073e-14,0.0561085308906329,504.0,84.0,3.0,0.7122920200049824,0.2092584797415387,0.0,0.6666666666666666,1.0,0.4189217023848758,1.0,1.2833721755115324,0.2408791913211973,0.5873184192024592,11.0,-0.8409882034294998,-0.1426301117602055,0.4012309177250781,22.0,0.5312317345742882,False,stability_or_viability_filter,4,2023-07-03,2025-07-07
stock_peer_groups,home_improvement,LOW/TSCO,LOW,TSCO,1.0,0.8034662778315609,0.3501669902643219,0.1582030398217989,0.604691967332514,3.0661093525442817,0.9756652357279836,0.0246357475860334,28.13582896720803,-0.0105510559369382,0.013022518228112,56.0,30.0,-3.9559184852040497e-14,0.0561647206235425,504.0,56.0,3.0,0.71427647771009,0.0448041850513991,0.3333333333333333,0.3333333333333333,1.0,0.4152471209083944,1.0,1.794795528119446,0.2416610495554252,0.60440301447198,1.0,-0.3196940500452733,-0.0337474023274863,0.0,2.0,0.5189489069651889,False,stability_or_viability_filter,4,2023-07-03,2025-07-07
etf_peer_groups,developed_international,EFA/VEA,EFA,VEA,1.0,0.9988234055119396,0.4662722635178141,0.2384268816314113,1.0223773257688773,0.3653340028244785,0.976669888515692,0.023606566823047,29.36247298286621,-0.0007940490411,0.0009852154134737,59.0,27.0,4.9968847401978274e-14,0.0040167565430802,504.0,59.0,3.0,0.9965266529993674,0.0017438857727264,0.0,0.3333333333333333,1.0,0.0090313872542057,1.0,1.1809301751964143,0.0236951104752456,0.613428818868984,9.0,-1.7091438983354876,-0.0181144889638945,0.0574528622922181,17.0,0.516301461983595,False,stability_or_viability_filter,4,2023-07-03,2025-07-07
etf_peer_groups,intermediate_treasuries,IEI/VGIT,IEI,VGIT,1.0,0.9983341095951972,0.1501111324254765,0.0512372325056881,0.9885040751307272,0.7370783252003512,0.9614290297177116,0.0393345287236074,17.621850395882305,0.0003475173668582,0.0004343692853621,35.0,42.0,-5.1909094306918435e-14,0.00178156212508,504.0,35.0,3.0,0.9957082256567787,0.0023029525879459,0.0,0.3333333333333333,1.0,0.0152298379261479,1.0,1.1427703553294315,0.0217076363190792,0.6134229594489534,14.0,-3.3907605001658445,-0.0247872398165046,0.0,27.0,0.5134229594489533,False,stability_or_viability_filter,4,2023-07-03,2025-07-07
etf_peer_groups,emerging_markets,EEM/VWO,EEM,VWO,1.0,0.9938824554287552,0.2730731529299485,0.1128758807055891,0.9214050955523636,0.2678934612768695,0.9733255755169016,0.0270366427790306,25.637324361053604,0.0003780262173155,0.0019810825230825,51.0,38.0,4.512087352778176e-14,0.0083501628769361,504.0,51.0,3.0,0.987027807776279,0.0061885968349198,0.0,0.3333333333333333,1.0,0.0603957783708331,1.0,1.5037587639904515,0.07816798773419,0.6056068198373173,10.0,-1.320145367824206,-0.0206076239761449,0.1075173895348094,19.0,0.5109826893140578,False,stability_or_viability_filter,4,2023-07-03,2025-07-07
etf_peer_groups,intermediate_treasuries,IEI/SCHR,IEI,SCHR,1.0,0.9982924370820612,0.0773339081824586,0.0226290285651783,0.987114337073706,1.6033125674994204,0.9511347895774562,0.0500994919086844,13.83541337751156,0.0002556457582509,0.0005148295862467,28.0,61.0,-1.1934016385335811e-14,0.0018036887106666,504.0,28.0,3.0,0.9955573445937702,0.0024148089371283,0.0,0.3333333333333333,1.0,0.0146838947836359,1.0,1.4093130603832265,0.051178796838391,0.6104381231312701,11.0,-2.7205015335261797,-0.01777536097955,0.0,21.0,0.51043812313127,False,stability_or_viability_filter,4,2023-07-03,2025-07-07
stock_peer_groups,mega_cap_platforms,GOOGL/META,GOOGL,META,1.0,0.8536465214530119,0.2048839866205741,0.0770665591410135,0.404737537363345,2.556186898110729,0.972122735840277,0.0282732110526511,24.51604026402054,0.0014687051717056,0.016042632595428,49.0,23.0,-2.3476811323898943e-14,0.0689352272872125,504.0,49.0,3.0,0.5980552077074425,0.1431205842150356,0.0,0.0,1.0,0.1551886255559427,1.0,1.0522898602733834,0.1052463877318131,0.4389891631536793,11.0,-0.1842497462771943,-0.1296764810143168,0.8460773329775635,22.0,0.5036555678609784,False,stability_or_viability_filter,4,2023-07-03,2025-07-07
etf_peer_groups,intermediate_treasuries,IEF/SCHR,IEF,SCHR,1.0,0.9692308829660402,0.0811252829290953,0.0241325026851667,0.955665277416342,1.4861977601448682,0.9688313487260763,0.0316647289615745,21.890197809717105,-0.0016620584959214,0.001687508629072,44.0,32.0,1.74451282343997e-13,0.0075791137898818,504.0,44.0,3.0,0.9443623365445456,0.0296581314042364,0.0,0.3333333333333333,1.0,0.0519133240852171,1.0,1.2220672298277029,0.0518646218106737,0.5975707886217357,12.0,-2.069671317722224,-0.0203746265059977,0.0,24.0,0.4975707886217357,False,stability_or_viability_filter,4,2023-07-03,2025-07-07
stock_peer_groups,money_center_banks,BAC/WFC,BAC,WFC,1.0,0.9630605816569962,0.4300980576690532,0.2110846318401995,0.7816410863455256,0.443540530004155,0.9814096047037566,0.0187653686371578,36.93757335453705,0.0023792681422644,0.0094588631096613,74.0,25.0,-7.682567104529158e-15,0.0496603018446143,504.0,74.0,3.0,0.9015765603930408,0.0621864924851008,0.0,0.0,1.0,0.2394150598739352,1.0,1.1703238330306112,0.1194587211230799,0.5134482679859522,5.0,-0.3020355172736457,-0.0469769517777328,0.3019237068233587,9.0,0.4957391257360732,False,stability_or_viability_filter,4,2023-07-03,2025-07-07
stock_peer_groups,beverages,KDP/KO,KO,KDP,1.0,0.8059319764169947,0.4807227638612863,0.2489506801368304,1.179952248238024,0.0470214505201893,0.9811856840307206,0.0189935569705273,36.49380585403325,0.0074636617387646,0.0114258821170548,73.0,23.0,-2.8009340878400377e-14,0.0567184186353457,504.0,73.0,3.0,0.747054828220746,0.1110029729428508,0.0,0.3333333333333333,1.0,0.1656832115071939,1.0,1.3232993761969605,0.1281508810607882,0.5406152856157743,3.0,-0.4092010563218189,-0.0384622138525719,0.5019282855558953,6.0,0.4918315414452962,False,stability_or_viability_filter,4,2023-07-03,2025-07-07
etf_peer_groups,energy_equity,VDE/XLE,XLE,VDE,1.0,0.9964865842994028,0.219841548767081,0.0845053946236017,0.9919068035920274,-0.9934199809690498,0.9648358450745648,0.0357973008443033,19.363112978118604,-0.0002266287084931,0.0011697596609897,39.0,41.0,-7.120406557139595e-15,0.0044469295282157,504.0,39.0,3.0,0.9963141860216268,0.00237705631451,0.0,0.3333333333333333,1.0,0.0222172961752693,1.0,1.1997987395975829,0.0303979774518801,0.6127054154268854,6.0,-2.0425725101289443,-0.018152240129398,0.0116751269667778,12.0,0.4882891717752243,False,stability_or_viability_filter,4,2023-07-03,2025-07-07
stock_peer_groups,capital_markets,MS/SCHW,MS,SCHW,1.0,0.8821659641644514,0.5285784456859939,0.2874369130396327,1.1975487894398935,-0.4830553514824011,0.9823717092991044,0.0177855195414726,38.97255736295197,-0.0023898369239009,0.0176925125562785,78.0,19.0,-1.0714533317017385e-15,0.0949028918905604,504.0,78.0,3.0,0.8053348178793259,0.137856766012759,0.3333333333333333,0.6666666666666666,0.6666666666666666,0.1730768975843145,1.0,1.4582936529576662,0.1545660715276541,0.6692104306503993,1.0,-1.0721565261114383,-0.0713631414980002,0.0,2.0,0.4817104306503992,False,stability_or_viability_filter,4,2023-07-03,2025-07-07
stock_peer_groups,industrial_machinery,CAT/PCAR,CAT,PCAR,1.0,0.8194905242258421,0.7290330411964809,0.4953129060490806,1.0232651564902608,1.1218332731137148,0.9870650958655592,0.0130192884655638,53.24002017416896,0.0393592657973647,0.0157474539258704,90.0,22.0,-1.6174010984142362e-14,0.0860731834469089,504.0,90.0,3.0,0.6862671877671772,0.1750671150949854,0.0,0.0,1.0,0.1730473371240442,1.0,1.0543701277762645,0.1220792760481503,0.4593588693369792,7.0,-0.439035660949319,-0.0879894643698985,0.616611818659658,13.0,0.4618341111275643,False,stability_or_viability_filter,4,2023-07-03,2025-07-07
etf_peer_groups,us_real_estate,SCHH/VNQ,VNQ,SCHH,1.0,0.9988934938685357,0.2463745914403504,0.0986353624897236,1.0007928978065532,1.4237031936996396,0.9535719605124852,0.0475403869283472,14.58017541179576,0.0001367802427427,0.0012398787845473,29.0,50.0,-3.0663302584885275e-16,0.0040494939647084,504.0,29.0,3.0,0.9961795961076853,0.0030269249188366,0.0,0.0,1.0,0.0081191872378054,1.0,1.2331166105786997,0.0296172163387362,0.5460831773930477,10.0,-1.045592685858138,-0.0116347072264623,0.1258243707043618,19.0,0.4523743959282657,False,stability_or_viability_filter,4,2023-07-03,2025-07-07
etf_peer_groups,broad_us_equity,VOO/VTI,VOO,VTI,1.0,0.9995047996434724,0.1539720735995256,0.0534671423397326,1.0195979953364978,0.5106520283249921,0.9573141277976932,0.0436236991760267,15.88923437609026,0.0001703438342594,0.0011006963274589,32.0,34.0,1.3250423685962782e-14,0.0038082192511167,504.0,32.0,3.0,0.9985216261645964,0.0006006994574958,0.0,0.0,1.0,0.0244677445902682,1.0,1.0246074319655507,0.0110903071232047,0.5485213758288287,14.0,-1.6384231769020825,-0.0235452940980174,0.0045020981317539,27.0,0.4487464807354163,False,stability_or_viability_filter,4,2023-07-03,2025-07-07
etf_peer_groups,broad_us_equity,SCHB/VOO,VOO,SCHB,1.0,0.9995003812416964,0.1620616472037426,0.0570467622380105,1.0161164193512089,3.1177860763971,0.9691665389759804,0.0313188150105086,22.131973394503223,0.0001578910683817,0.0009408212101574,44.0,25.0,-3.6563344944321826e-14,0.0038251666244304,504.0,44.0,3.0,0.9985515942456576,0.000573109642662,0.0,0.0,1.0,0.0257393965389205,1.0,1.0609651829146518,0.0155447446065999,0.5480834241007545,10.0,-1.886367223358963,-0.0182782572946682,0.0096596035527163,19.0,0.4485664042783903,False,stability_or_viability_filter,4,2023-07-03,2025-07-07
etf_peer_groups,broad_us_equity,SPY/VTI,SPY,VTI,1.0,0.9995239101858376,0.1594965467851834,0.0559085470164277,1.0155360854765774,0.6188717735216662,0.9691137976092526,0.0313732357934524,22.09358273157801,0.0002588419888393,0.0009135142088073,44.0,25.0,-6.3740899683637954e-15,0.0037190847369219,504.0,44.0,3.0,0.9985658697409896,0.0005622102319604,0.0,0.0,1.0,0.0240850583933572,1.0,1.0356004246557304,0.0121713589479648,0.548424331540451,10.0,-1.8145290167745411,-0.018743403426485,0.0,19.0,0.4484243315404509,False,stability_or_viability_filter,4,2023-07-03,2025-07-07
etf_peer_groups,broad_us_equity,IVV/VTI,IVV,VTI,1.0,0.999507598994604,0.1551991009016814,0.0540182579144521,1.0192939897065354,0.6012315627499761,0.9593818057661592,0.0414661542735254,16.715974575016066,0.0002002701953187,0.0010704375813912,33.0,34.0,-4.1169889367131597e-14,0.0037962998994192,504.0,33.0,3.0,0.9985310934525928,0.0005774542055815,0.0,0.0,1.0,0.0243478655264005,1.0,1.0576634660175557,0.0147154916903891,0.5481612241941093,15.0,-1.882738526119545,-0.0256028361238018,0.0048514091346121,29.0,0.4484037946508398,False,stability_or_viability_filter,4,2023-07-03,2025-07-07
etf_peer_groups,broad_us_equity,IVV/SCHB,IVV,SCHB,1.0,0.9995009914384227,0.2122695474371422,0.0807100809339929,1.0158112269304649,3.207594902764887,0.9676987535485152,0.0328344451517532,21.1103667918364,0.0001773235957225,0.0009611554995193,42.0,24.0,-2.1221120099263703e-14,0.0038216800815724,504.0,42.0,3.0,0.9985500463814188,0.0005646140072804,0.0,0.0,1.0,0.0256348005695077,1.0,1.067276216228039,0.0162082733287115,0.5480166842624835,11.0,-2.007687806132585,-0.0205503023149538,0.0,21.0,0.4480166842624835,False,stability_or_viability_filter,4,2023-07-03,2025-07-07
stock_peer_groups,payments_credit,MA/SYF,MA,SYF,1.0,0.918037931711842,0.1590569214537615,0.0556882796452061,0.4266811393005396,4.530628799906364,0.9699884648248006,0.0304710994886133,22.747691819225768,0.0033668677399988,0.0118946588102417,45.0,29.0,2.287764334235521e-14,0.0498566927251087,504.0,45.0,3.0,0.7829935834015407,0.0893666207988496,0.0,0.0,1.0,0.1295575736466099,1.0,1.2373339992761467,0.0993451758458361,0.4858138782658015,9.0,-0.7251835256645982,-0.1172512824404036,0.4007428879036708,18.0,0.4470734938112953,False,stability_or_viability_filter,4,2023-07-03,2025-07-07
etf_peer_groups,developed_international,EFA/IEFA,EFA,IEFA,1.0,0.9997307488011256,0.6075457765935844,0.3617403587034937,1.0032830428114683,0.062146235232232,0.9639882496241808,0.0366761736324146,18.89911383632824,-0.0003146267181535,0.0005686220711385,38.0,39.0,4.0061428601275686e-14,0.0019219384578354,504.0,38.0,3.0,0.9992715496127544,0.0003633447943621,0.0,0.0,1.0,0.0117803262796129,1.0,1.2419805083450743,0.0309346135074444,0.5467244260524442,11.0,-3.0569585876301635,-0.0236390202397499,0.0,21.0,0.4467244260524441,False,stability_or_viability_filter,4,2023-07-03,2025-07-07
stock_peer_groups,large_pharma,ABBV/LLY,ABBV,LLY,1.0,0.8448434258587687,0.346382790590487,0.1562519965258954,0.5672658704853892,1.341388243263009,0.9726046013209464,0.0277776500746949,24.953413218758627,0.0073688992911816,0.0169186004660142,50.0,25.0,2.85203959214818e-14,0.0709790629498605,504.0,50.0,3.0,0.5850323289445917,0.2254757338908534,0.3333333333333333,0.3333333333333333,1.0,0.2269268556790192,1.0,1.3744862995337626,0.1924104520270423,0.5770170370334436,5.0,-1.5255811618579398,-0.1612185074506734,0.1423570934388823,10.0,0.4466348917053877,False,stability_or_viability_filter,4,2023-07-03,2025-07-07
stock_peer_groups,capital_markets,GS/SCHW,GS,SCHW,1.0,0.8784491795638467,0.4209614809953303,0.2046646058829269,1.4685592837832808,-0.109899106756219,0.9831459344050146,0.0169977116594796,40.77885273300164,0.0106136484951913,0.0215670182558294,82.0,20.0,-1.0263395072090336e-14,0.1185838941261884,504.0,82.0,3.0,0.770474189509681,0.1826308188988548,0.3333333333333333,0.3333333333333333,0.6666666666666666,0.0892147017684528,1.0,1.1842540188164228,0.1110878423131495,0.598176429812772,3.0,-0.9279668826991372,-0.1152273290166354,0.0,5.0,0.4464813974079014,False,stability_or_viability_filter,4,2023-07-03,2025-07-07
etf_peer_groups,us_real_estate,IYR/SCHH,SCHH,IYR,1.0,0.9988255557649252,0.6114311410501949,0.3648295761746837,1.008430034811178,-1.5374702870886705,0.9556660082869144,0.0453467906890734,15.285473790474054,-0.0002824421969377,0.0012902344614269,31.0,50.0,-1.3507713466272738e-14,0.0041639703948962,504.0,31.0,3.0,0.9961636285325044,0.0036023707400469,0.0,0.0,1.0,0.0102920937778131,1.0,1.1986358986986156,0.0267021435835773,0.5463706927747685,12.0,-1.7006281373227403,-0.0126076888167505,0.0,23.0,0.4463706927747684,False,stability_or_viability_filter,4,2023-07-03,2025-07-07
etf_peer_groups,long_treasuries,TLH/VGLT,TLH,VGLT,1.0,0.9717586967167824,0.8567712257080351,0.6535786553010448,0.9412397618367409,0.813270884483368,0.9916628906301304,0.0083720574457019,82.79293173218649,0.0090029163249908,0.0009921163220628,90.0,29.0,1.3640235325720062e-13,0.0091261952947288,504.0,90.0,3.0,0.990157406622532,0.002761081794891,0.0,0.0,1.0,0.0612378516996499,1.0,1.0602098683780898,0.0280229632068569,0.5447370553349473,12.0,-2.45774592794322,-0.0249201555986066,0.0,23.0,0.4447370553349473,False,stability_or_viability_filter,4,2023-07-03,2025-07-07
stock_peer_groups,payments_credit,SYF/V,V,SYF,1.0,0.8629105261419575,0.68989112520994,0.4469043631044961,0.4349690887799805,3.99065343802974,0.9847030897737352,0.0154151149515066,44.96542404908873,0.0118156169703545,0.0119185307818259,90.0,9.0,-2.754410456331936e-15,0.0689185729938425,504.0,90.0,3.0,0.7413302911510571,0.1199900890567259,0.0,0.0,1.0,0.2597341406780319,1.0,1.3318842755777,0.1634507738646637,0.4689874954012978,3.0,-0.2194725866717941,-0.0745617983385725,0.4163731703671547,6.0,0.4443852659188865,False,stability_or_viability_filter,4,2023-07-03,2025-07-07
etf_peer_groups,long_treasuries,TLT/VGLT,TLT,VGLT,1.0,0.9839929105021028,0.860433436860295,0.7312898751690456,1.0358548081117764,0.3241449764569707,0.9918229053403266,0.0082107104767764,84.41987846490005,-0.0072447990250685,0.0009046716402866,90.0,42.0,3.466362999107433e-15,0.0074905178002312,504.0,90.0,3.0,0.9957617974331112,0.0008005008045981,0.0,0.0,1.0,0.0444450121671328,1.0,1.3130705482798912,0.0498674541327871,0.5439537039449991,8.0,-1.9282991229700648,-0.0152826275279966,0.0,16.0,0.443953703944999,False,stability_or_viability_filter,4,2023-07-03,2025-07-07
etf_peer_groups,broad_us_equity,SCHB/SPY,SPY,SCHB,1.0,0.9995092841482917,0.1669517269085234,0.0592379407981065,1.012058043808158,3.215650281080194,0.9577568850380064,0.0431613066639637,16.059457744328853,0.0001315166297227,0.0010824274106958,32.0,26.0,-4.38467604376167e-14,0.0037757661084904,504.0,32.0,3.0,0.9985476341826764,0.0006020366363494,0.0,0.0,1.0,0.0254228871371806,1.0,1.6200646548597046,0.0775710473533661,0.5418798038103325,13.0,-2.5800943786229813,-0.0308562472414158,0.0,25.0,0.4418798038103325,False,stability_or_viability_filter,4,2023-07-03,2025-07-07
etf_peer_groups,long_treasuries,EDV/TLT,TLT,EDV,1.0,0.9553167567913862,0.9889885312999992,0.9666337198331776,0.6490916197488563,1.71070446074928,0.9967274399320774,0.0032779266040281,211.45903014062577,0.0241712432308579,0.0012610826817053,90.0,21.0,1.4718385240744934e-14,0.0124241446972849,504.0,90.0,3.0,0.9890833817943048,0.004475130005842,0.0,0.0,1.0,0.0911017091314085,1.0,1.261184134672125,0.0608794057870974,0.5411829048698664,10.0,-2.355222876765028,-0.0278600736433418,0.0,20.0,0.4411829048698664,False,stability_or_viability_filter,4,2023-07-03,2025-07-07
etf_peer_groups,long_treasuries,TLH/TLT,TLH,TLT,1.0,0.9143761208489802,0.9301617733863802,0.7991159634863936,0.8413172396862656,0.817079101037522,0.995654540868552,0.0043549280802226,159.16386397006,0.0269613533068965,0.0012994178804731,90.0,39.0,-2.7175792480546887e-14,0.0156578306740436,504.0,90.0,3.0,0.9733324122708944,0.0061659960287718,0.0,0.0,1.0,0.1074332000034918,1.0,1.200568301734599,0.0601517655368211,0.5373179265140414,12.0,-1.942154393740697,-0.027707498992033,0.0,23.0,0.4373179265140414,False,stability_or_viability_filter,4,2023-07-03,2025-07-07
etf_peer_groups,long_treasuries,EDV/VGLT,VGLT,EDV,1.0,0.8885166103946233,0.9861968857802534,0.9630542357364518,0.5734786323520004,1.5612339411947462,0.9981808308141584,0.0018208258836188,380.67735459819545,0.0619868192129597,0.0014804031860357,90.0,20.0,3.0478265414114417e-15,0.0183207887023433,504.0,90.0,3.0,0.9722049840020124,0.0089507499096598,0.0,0.0,1.0,0.1364562140157469,1.0,1.41931916335424,0.0950600061256066,0.5335452453879425,10.0,-1.8459635966929944,-0.030589178245679,0.0380438470393424,20.0,0.4354474377399095,False,stability_or_viability_filter,4,2023-07-03,2025-07-07
etf_peer_groups,intermediate_treasuries,IEF/VGIT,IEF,VGIT,1.0,0.9691567534945073,0.0909422283582312,0.0277449300456675,0.9568975996098968,0.6480127951834034,0.9697554915273952,0.0307113098501537,22.569769376231093,-0.0016842866830174,0.0016659711095785,45.0,33.0,1.8077250454928344e-14,0.0075880953347424,504.0,45.0,3.0,0.9441485594112842,0.0299010824707375,0.0,0.0,1.0,0.0513532700114664,1.0,1.2083146674639174,0.0502308583233921,0.5310140540204817,11.0,-2.009658236975418,-0.0216887546587385,0.0,22.0,0.4310140540204817,False,stability_or_viability_filter,4,2023-07-03,2025-07-07
stock_peer_groups,enterprise_software,ADSK/ORCL,ORCL,ADSK,1.0,0.8594370598365629,0.492637993164288,0.258544002726509,1.2830232740920564,-2.1921310502868643,0.9792761356650108,0.0209416173208085,33.0990281190556,0.0138258166511796,0.0232711087674066,66.0,31.0,1.892665918170505e-14,0.1041002787422777,504.0,66.0,3.0,0.6261453205984545,0.2538276910782038,0.0,0.0,1.0,0.5341187716942626,1.0,1.1746839628277166,0.282058150127235,0.4283305151368901,4.0,-0.2166650669002564,-0.0967658899573372,0.6155990464232047,8.0,0.4266107074230119,False,stability_or_viability_filter,4,2023-07-03,2025-07-07
stock_peer_groups,semiconductors,ADI/AVGO,AVGO,ADI,1.0,0.7929982605923018,0.2980442083600911,0.1264095755891847,2.531184645406332,-8.431143212474968,0.9737166390075124,0.0266349427101236,26.023978654795005,0.0395048792166783,0.0467331200884,52.0,23.0,-1.6353761378605482e-14,0.2132130109598749,504.0,52.0,3.0,0.5797019251373873,0.26720593518878,0.0,0.0,1.0,0.4417176358018759,1.0,1.1250377437912151,0.2502009396403536,0.4199053873203114,4.0,-0.2012882666116928,-0.1038753215853884,0.7340484276352678,8.0,0.4264145687103209,False,stability_or_viability_filter,4,2023-07-03,2025-07-07
etf_peer_groups,long_treasuries,EDV/TLH,TLH,EDV,1.0,0.756839723784766,0.9482399442389132,0.9450621753283316,0.4731484672014416,2.5619421908061035,0.997542318982494,0.0024607060729286,281.6862965412968,0.0630630179316013,0.0020395667179651,90.0,21.0,6.9785447262152686e-15,0.0252774286771072,504.0,90.0,3.0,0.9310148320857664,0.0196887446497222,0.0,0.0,1.0,0.2019129148239638,1.0,1.338663415294529,0.1114964881906207,0.5216040592023796,11.0,-1.7660242306943057,-0.0391257930773314,0.0717465292337601,21.0,0.4251913856640675,False,stability_or_viability_filter,4,2023-07-03,2025-07-07
etf_peer_groups,intermediate_treasuries,GOVT/IEF,IEF,GOVT,1.0,0.986772515565618,0.1156561449810917,0.0359844475811262,1.0512285054278718,1.261844032919699,0.9246117742623524,0.0783813330700369,8.843268587185037,-0.0002237694164217,0.0018484619873868,20.0,49.0,-2.456236272575465e-14,0.0049914335390435,504.0,20.0,3.0,0.9777403683969408,0.0054926336415744,0.0,0.0,1.0,0.0633447610012362,1.0,2.554348098951085,0.1956511425421685,0.5248699778450183,21.0,-2.6423950577883373,-0.0531556039685194,0.0,42.0,0.4248699778450183,False,stability_or_viability_filter,4,2023-07-03,2025-07-07
etf_peer_groups,short_treasuries,SHY/VGSH,SHY,VGSH,1.0,0.999969152756482,0.0827854149135888,0.0247848209853127,0.9761586554907672,0.4414467399831954,0.3540732156285732,1.038251563423929,0.6676100523018677,4.445753970808748e-07,0.0002112161883046,20.0,67.0,-1.1901590823981678e-13,0.0002257248220263,504.0,20.0,3.0,0.9998702261214216,3.577138157355042e-05,0.0,0.3333333333333333,0.0,0.0031312064701841,1.0,1.261123765752499,0.0300694110341969,0.5136272820936023,27.0,-5.297100210889903,-0.0493627234276216,0.0,54.0,0.4136272820936023,False,stability_or_viability_filter,4,2023-07-03,2025-07-07
etf_peer_groups,intermediate_treasuries,IEF/IEI,IEI,IEF,1.0,0.9534315979166176,0.1240101940766587,0.0407005009322032,0.956138171169053,0.4110521040379711,0.9747747533328414,0.025548856896761,27.130261966742555,0.0029477170879594,0.0017865724708283,54.0,30.0,-1.785326736535714e-13,0.0093129759078616,504.0,54.0,3.0,0.9102601306666892,0.0468324299665831,0.0,0.0,0.6666666666666666,0.0677010779065449,1.0,1.2152615567442089,0.0620957867070658,0.4880221206626324,14.0,-2.9318283632747653,-0.0323375226426875,0.0,28.0,0.3880221206626323,False,stability_or_viability_filter,4,2023-07-03,2025-07-07
stock_peer_groups,enterprise_software,ADSK/CRM,CRM,ADSK,1.0,0.827374667336151,0.8079958981882973,0.5998709728995569,0.904037890723022,0.5757958598674352,0.9823792174192963,0.0177778767200951,38.98931191127274,-0.0158178662635581,0.0175848724374911,78.0,26.0,-2.4356178449752842e-14,0.0837058393007285,504.0,78.0,3.0,0.7681244527647474,0.0470074667073671,0.0,0.0,0.6666666666666666,0.2456572990204434,1.0,1.5113145656369562,0.1543676514244875,0.4432610147154048,8.0,-0.8384087538470828,-0.0982124868915456,0.3953890059580727,15.0,0.387269151936246,False,stability_or_viability_filter,4,2023-07-03,2025-07-07
stock_peer_groups,semiconductors,AVGO/INTC,INTC,AVGO,1.0,-0.7520106880902082,0.1104662767851734,0.0352674462666592,-0.6335299011230698,6.496491473668183,0.9733305598854078,0.0270315218247791,25.642181193237693,0.0248207415637028,0.044269992834274,51.0,26.0,-1.5803936642600642e-14,0.1943411343732246,504.0,51.0,3.0,0.3484799789196395,0.3170177213392258,0.3333333333333333,0.3333333333333333,0.6666666666666666,1.118569809654612,1.0,2.581740067013178,0.6542780733327435,0.4383588540633021,3.0,-0.6678825122216185,-0.2619698132272423,0.1742379729034213,6.0,0.3343883758752304,False,stability_or_viability_filter,4,2023-07-03,2025-07-07
stock_peer_groups,semiconductors,NVDA/QCOM,NVDA,QCOM,1.0,0.8099635062533758,0.8742577420458585,0.7028100680323133,2.0147088929483408,-5.550770617695624,0.9910252226368476,0.0090152932738709,76.88570515713499,0.148432309125989,0.03919866592058,90.0,25.0,-6.301837358824698e-15,0.2618657903649346,504.0,90.0,3.0,0.5852998419291172,0.2845179301844012,0.0,0.0,0.6666666666666666,0.471820597815242,1.0,1.088185063147869,0.2619111830163109,0.3868005088473149,7.0,-0.7565324583908288,-0.1822614193754047,0.1594138299818517,13.0,0.3187913315877832,False,stability_or_viability_filter,4,2023-07-03,2025-07-07
stock_peer_groups,mega_cap_platforms,AAPL/MSFT,AAPL,MSFT,1.0,0.5382537609545646,,,,,,,,,,,,,,,,,,,,,,,,,,,,,,,,,False,correlation_prescreen,4,2023-07-03,2025-07-07
stock_peer_groups,mega_cap_platforms,AAPL/GOOGL,AAPL,GOOGL,1.0,0.7371372069578856,,,,,,,,,,,,,,,,,,,,,,,,,,,,,,,,,False,correlation_prescreen,4,2023-07-03,2025-07-07
stock_peer_groups,mega_cap_platforms,AAPL/META,AAPL,META,1.0,0.6753487392371218,,,,,,,,,,,,,,,,,,,,,,,,,,,,,,,,,False,correlation_prescreen,4,2023-07-03,2025-07-07
stock_peer_groups,mega_cap_platforms,AAPL/AMZN,AAPL,AMZN,1.0,0.7035118333389985,,,,,,,,,,,,,,,,,,,,,,,,,,,,,,,,,False,correlation_prescreen,4,2023-07-03,2025-07-07
stock_peer_groups,enterprise_software,MSFT/ORCL,MSFT,ORCL,1.0,0.7100121155808422,,,,,,,,,,,,,,,,,,,,,,,,,,,,,,,,,False,correlation_prescreen,4,2023-07-03,2025-07-07
stock_peer_groups,enterprise_software,CRM/MSFT,MSFT,CRM,1.0,0.6942182694170145,,,,,,,,,,,,,,,,,,,,,,,,,,,,,,,,,False,correlation_prescreen,4,2023-07-03,2025-07-07
stock_peer_groups,enterprise_software,ADBE/MSFT,MSFT,ADBE,1.0,-0.3114341225127566,,,,,,,,,,,,,,,,,,,,,,,,,,,,,,,,,False,correlation_prescreen,4,2023-07-03,2025-07-07
stock_peer_groups,enterprise_software,ADSK/MSFT,MSFT,ADSK,1.0,0.7392703555778232,,,,,,,,,,,,,,,,,,,,,,,,,,,,,,,,,False,correlation_prescreen,4,2023-07-03,2025-07-07
stock_peer_groups,enterprise_software,CRM/ORCL,ORCL,CRM,1.0,0.6203228996983011,,,,,,,,,,,,,,,,,,,,,,,,,,,,,,,,,False,correlation_prescreen,4,2023-07-03,2025-07-07
stock_peer_groups,enterprise_software,ADBE/ORCL,ORCL,ADBE,1.0,-0.5284941893388716,,,,,,,,,,,,,,,,,,,,,,,,,,,,,,,,,False,correlation_prescreen,4,2023-07-03,2025-07-07
stock_peer_groups,enterprise_software,INTU/ORCL,ORCL,INTU,1.0,0.6066172682359612,,,,,,,,,,,,,,,,,,,,,,,,,,,,,,,,,False,correlation_prescreen,4,2023-07-03,2025-07-07
stock_peer_groups,enterprise_software,ADBE/CRM,CRM,ADBE,1.0,-0.2676846525525718,,,,,,,,,,,,,,,,,,,,,,,,,,,,,,,,,False,correlation_prescreen,4,2023-07-03,2025-07-07
stock_peer_groups,enterprise_software,CRM/INTU,CRM,INTU,1.0,0.6533108811215005,,,,,,,,,,,,,,,,,,,,,,,,,,,,,,,,,False,correlation_prescreen,4,2023-07-03,2025-07-07
stock_peer_groups,enterprise_software,ADBE/INTU,ADBE,INTU,1.0,-0.2585230706743148,,,,,,,,,,,,,,,,,,,,,,,,,,,,,,,,,False,correlation_prescreen,4,2023-07-03,2025-07-07
stock_peer_groups,enterprise_software,ADBE/NOW,ADBE,NOW,1.0,-0.4599596282091711,,,,,,,,,,,,,,,,,,,,,,,,,,,,,,,,,False,correlation_prescreen,4,2023-07-03,2025-07-07
stock_peer_groups,enterprise_software,ADBE/ADSK,ADBE,ADSK,1.0,-0.4387030746119099,,,,,,,,,,,,,,,,,,,,,,,,,,,,,,,,,False,correlation_prescreen,4,2023-07-03,2025-07-07
stock_peer_groups,enterprise_software,ADSK/INTU,INTU,ADSK,1.0,0.7294504084417314,,,,,,,,,,,,,,,,,,,,,,,,,,,,,,,,,False,correlation_prescreen,4,2023-07-03,2025-07-07
stock_peer_groups,semiconductors,AMD/NVDA,NVDA,AMD,1.0,0.2505665996329038,,,,,,,,,,,,,,,,,,,,,,,,,,,,,,,,,False,correlation_prescreen,4,2023-07-03,2025-07-07
stock_peer_groups,semiconductors,INTC/NVDA,NVDA,INTC,1.0,-0.7362283673149851,,,,,,,,,,,,,,,,,,,,,,,,,,,,,,,,,False,correlation_prescreen,4,2023-07-03,2025-07-07
stock_peer_groups,semiconductors,MU/NVDA,NVDA,MU,1.0,0.7483239696694154,,,,,,,,,,,,,,,,,,,,,,,,,,,,,,,,,False,correlation_prescreen,4,2023-07-03,2025-07-07
stock_peer_groups,semiconductors,MCHP/NVDA,NVDA,MCHP,1.0,-0.3744441391397944,,,,,,,,,,,,,,,,,,,,,,,,,,,,,,,,,False,correlation_prescreen,4,2023-07-03,2025-07-07
stock_peer_groups,semiconductors,NVDA/NXPI,NVDA,NXPI,1.0,0.4459260825249144,,,,,,,,,,,,,,,,,,,,,,,,,,,,,,,,,False,correlation_prescreen,4,2023-07-03,2025-07-07
stock_peer_groups,semiconductors,AMD/INTC,AMD,INTC,1.0,0.3361661818908356,,,,,,,,,,,,,,,,,,,,,,,,,,,,,,,,,False,correlation_prescreen,4,2023-07-03,2025-07-07
stock_peer_groups,semiconductors,AMD/QCOM,AMD,QCOM,1.0,0.6274674659954257,,,,,,,,,,,,,,,,,,,,,,,,,,,,,,,,,False,correlation_prescreen,4,2023-07-03,2025-07-07
stock_peer_groups,semiconductors,AMD/AVGO,AMD,AVGO,1.0,0.0788460005368529,,,,,,,,,,,,,,,,,,,,,,,,,,,,,,,,,False,correlation_prescreen,4,2023-07-03,2025-07-07
stock_peer_groups,semiconductors,AMD/MU,AMD,MU,1.0,0.6273014948816007,,,,,,,,,,,,,,,,,,,,,,,,,,,,,,,,,False,correlation_prescreen,4,2023-07-03,2025-07-07
stock_peer_groups,semiconductors,AMD/TXN,AMD,TXN,1.0,0.3301063850453822,,,,,,,,,,,,,,,,,,,,,,,,,,,,,,,,,False,correlation_prescreen,4,2023-07-03,2025-07-07
stock_peer_groups,semiconductors,ADI/AMD,AMD,ADI,1.0,0.3746553271810626,,,,,,,,,,,,,,,,,,,,,,,,,,,,,,,,,False,correlation_prescreen,4,2023-07-03,2025-07-07
stock_peer_groups,semiconductors,AMD/MCHP,AMD,MCHP,1.0,0.661787891437416,,,,,,,,,,,,,,,,,,,,,,,,,,,,,,,,,False,correlation_prescreen,4,2023-07-03,2025-07-07
stock_peer_groups,semiconductors,INTC/QCOM,INTC,QCOM,1.0,-0.3183056690068226,,,,,,,,,,,,,,,,,,,,,,,,,,,,,,,,,False,correlation_prescreen,4,2023-07-03,2025-07-07
stock_peer_groups,semiconductors,INTC/MU,INTC,MU,1.0,-0.2277611055654729,,,,,,,,,,,,,,,,,,,,,,,,,,,,,,,,,False,correlation_prescreen,4,2023-07-03,2025-07-07
stock_peer_groups,semiconductors,INTC/TXN,INTC,TXN,1.0,-0.6162219414083387,,,,,,,,,,,,,,,,,,,,,,,,,,,,,,,,,False,correlation_prescreen,4,2023-07-03,2025-07-07
stock_peer_groups,semiconductors,ADI/INTC,INTC,ADI,1.0,-0.5674740913706094,,,,,,,,,,,,,,,,,,,,,,,,,,,,,,,,,False,correlation_prescreen,4,2023-07-03,2025-07-07
stock_peer_groups,semiconductors,INTC/MCHP,INTC,MCHP,1.0,0.6780558572865018,,,,,,,,,,,,,,,,,,,,,,,,,,,,,,,,,False,correlation_prescreen,4,2023-07-03,2025-07-07
stock_peer_groups,semiconductors,INTC/NXPI,INTC,NXPI,1.0,0.0622649698780512,,,,,,,,,,,,,,,,,,,,,,,,,,,,,,,,,False,correlation_prescreen,4,2023-07-03,2025-07-07
stock_peer_groups,semiconductors,AVGO/QCOM,QCOM,AVGO,1.0,0.6768144516284932,,,,,,,,,,,,,,,,,,,,,,,,,,,,,,,,,False,correlation_prescreen,4,2023-07-03,2025-07-07
stock_peer_groups,semiconductors,QCOM/TXN,QCOM,TXN,1.0,0.7301018393672246,,,,,,,,,,,,,,,,,,,,,,,,,,,,,,,,,False,correlation_prescreen,4,2023-07-03,2025-07-07
stock_peer_groups,semiconductors,MCHP/QCOM,QCOM,MCHP,1.0,0.0931055441027483,,,,,,,,,,,,,,,,,,,,,,,,,,,,,,,,,False,correlation_prescreen,4,2023-07-03,2025-07-07
stock_peer_groups,semiconductors,AVGO/MU,AVGO,MU,1.0,0.6246311662461949,,,,,,,,,,,,,,,,,,,,,,,,,,,,,,,,,False,correlation_prescreen,4,2023-07-03,2025-07-07
stock_peer_groups,semiconductors,AVGO/TXN,AVGO,TXN,1.0,0.7217690154892444,,,,,,,,,,,,,,,,,,,,,,,,,,,,,,,,,False,correlation_prescreen,4,2023-07-03,2025-07-07
stock_peer_groups,semiconductors,AVGO/MCHP,AVGO,MCHP,1.0,-0.5229392428791602,,,,,,,,,,,,,,,,,,,,,,,,,,,,,,,,,False,correlation_prescreen,4,2023-07-03,2025-07-07
stock_peer_groups,semiconductors,AVGO/NXPI,AVGO,NXPI,1.0,0.2473665113670599,,,,,,,,,,,,,,,,,,,,,,,,,,,,,,,,,False,correlation_prescreen,4,2023-07-03,2025-07-07
stock_peer_groups,semiconductors,MU/TXN,MU,TXN,1.0,0.6967676896764095,,,,,,,,,,,,,,,,,,,,,,,,,,,,,,,,,False,correlation_prescreen,4,2023-07-03,2025-07-07
stock_peer_groups,semiconductors,MCHP/MU,MU,MCHP,1.0,0.2064224612132681,,,,,,,,,,,,,,,,,,,,,,,,,,,,,,,,,False,correlation_prescreen,4,2023-07-03,2025-07-07
stock_peer_groups,semiconductors,MCHP/TXN,TXN,MCHP,1.0,-0.0128329314859379,,,,,,,,,,,,,,,,,,,,,,,,,,,,,,,,,False,correlation_prescreen,4,2023-07-03,2025-07-07
stock_peer_groups,semiconductors,NXPI/TXN,TXN,NXPI,1.0,0.6308420462784765,,,,,,,,,,,,,,,,,,,,,,,,,,,,,,,,,False,correlation_prescreen,4,2023-07-03,2025-07-07
stock_peer_groups,semiconductors,ADI/MCHP,ADI,MCHP,1.0,-0.0232567609023258,,,,,,,,,,,,,,,,,,,,,,,,,,,,,,,,,False,correlation_prescreen,4,2023-07-03,2025-07-07
stock_peer_groups,semiconductors,ADI/NXPI,ADI,NXPI,1.0,0.6677618588039651,,,,,,,,,,,,,,,,,,,,,,,,,,,,,,,,,False,correlation_prescreen,4,2023-07-03,2025-07-07
stock_peer_groups,semiconductors,MCHP/NXPI,MCHP,NXPI,1.0,0.5939412931386202,,,,,,,,,,,,,,,,,,,,,,,,,,,,,,,,,False,correlation_prescreen,4,2023-07-03,2025-07-07
stock_peer_groups,integrated_energy,CVX/XOM,XOM,CVX,1.0,0.5759079949388803,,,,,,,,,,,,,,,,,,,,,,,,,,,,,,,,,False,correlation_prescreen,4,2023-07-03,2025-07-07
stock_peer_groups,integrated_energy,COP/XOM,XOM,COP,1.0,0.1410967742217343,,,,,,,,,,,,,,,,,,,,,,,,,,,,,,,,,False,correlation_prescreen,4,2023-07-03,2025-07-07
stock_peer_groups,integrated_energy,OXY/XOM,XOM,OXY,1.0,-0.0694188376748796,,,,,,,,,,,,,,,,,,,,,,,,,,,,,,,,,False,correlation_prescreen,4,2023-07-03,2025-07-07
stock_peer_groups,integrated_energy,COP/CVX,CVX,COP,1.0,0.3571463818195105,,,,,,,,,,,,,,,,,,,,,,,,,,,,,,,,,False,correlation_prescreen,4,2023-07-03,2025-07-07
stock_peer_groups,integrated_energy,CVX/OXY,CVX,OXY,1.0,0.2571920907340134,,,,,,,,,,,,,,,,,,,,,,,,,,,,,,,,,False,correlation_prescreen,4,2023-07-03,2025-07-07
stock_peer_groups,oilfield_services,BKR/SLB,SLB,BKR,1.0,-0.4995881847408039,,,,,,,,,,,,,,,,,,,,,,,,,,,,,,,,,False,correlation_prescreen,4,2023-07-03,2025-07-07
stock_peer_groups,oilfield_services,BKR/HAL,HAL,BKR,1.0,-0.5778030646947434,,,,,,,,,,,,,,,,,,,,,,,,,,,,,,,,,False,correlation_prescreen,4,2023-07-03,2025-07-07
stock_peer_groups,big_box_retail,TGT/WMT,WMT,TGT,1.0,-0.2299279193700109,,,,,,,,,,,,,,,,,,,,,,,,,,,,,,,,,False,correlation_prescreen,4,2023-07-03,2025-07-07
stock_peer_groups,big_box_retail,COST/TGT,COST,TGT,1.0,-0.0059759643299729,,,,,,,,,,,,,,,,,,,,,,,,,,,,,,,,,False,correlation_prescreen,4,2023-07-03,2025-07-07
stock_peer_groups,beverages,KO/PEP,KO,PEP,1.0,-0.44209899151709,,,,,,,,,,,,,,,,,,,,,,,,,,,,,,,,,False,correlation_prescreen,4,2023-07-03,2025-07-07
stock_peer_groups,beverages,KO/MNST,KO,MNST,1.0,0.0991703962392776,,,,,,,,,,,,,,,,,,,,,,,,,,,,,,,,,False,correlation_prescreen,4,2023-07-03,2025-07-07
stock_peer_groups,beverages,KDP/PEP,PEP,KDP,1.0,-0.0308308851751647,,,,,,,,,,,,,,,,,,,,,,,,,,,,,,,,,False,correlation_prescreen,4,2023-07-03,2025-07-07
stock_peer_groups,beverages,MNST/PEP,PEP,MNST,1.0,-0.3575942714451492,,,,,,,,,,,,,,,,,,,,,,,,,,,,,,,,,False,correlation_prescreen,4,2023-07-03,2025-07-07
stock_peer_groups,beverages,KDP/MNST,KDP,MNST,1.0,-0.0883689037315318,,,,,,,,,,,,,,,,,,,,,,,,,,,,,,,,,False,correlation_prescreen,4,2023-07-03,2025-07-07
stock_peer_groups,large_pharma,JNJ/MRK,JNJ,MRK,1.0,-0.2373825270935065,,,,,,,,,,,,,,,,,,,,,,,,,,,,,,,,,False,correlation_prescreen,4,2023-07-03,2025-07-07
stock_peer_groups,large_pharma,JNJ/PFE,JNJ,PFE,1.0,0.2132683440424865,,,,,,,,,,,,,,,,,,,,,,,,,,,,,,,,,False,correlation_prescreen,4,2023-07-03,2025-07-07
stock_peer_groups,large_pharma,ABBV/JNJ,JNJ,ABBV,1.0,0.4402540042848757,,,,,,,,,,,,,,,,,,,,,,,,,,,,,,,,,False,correlation_prescreen,4,2023-07-03,2025-07-07
stock_peer_groups,large_pharma,BMY/JNJ,JNJ,BMY,1.0,0.4378309101187334,,,,,,,,,,,,,,,,,,,,,,,,,,,,,,,,,False,correlation_prescreen,4,2023-07-03,2025-07-07
stock_peer_groups,large_pharma,JNJ/LLY,JNJ,LLY,1.0,0.1020667039059011,,,,,,,,,,,,,,,,,,,,,,,,,,,,,,,,,False,correlation_prescreen,4,2023-07-03,2025-07-07
stock_peer_groups,large_pharma,MRK/PFE,MRK,PFE,1.0,0.3091032512054366,,,,,,,,,,,,,,,,,,,,,,,,,,,,,,,,,False,correlation_prescreen,4,2023-07-03,2025-07-07
stock_peer_groups,large_pharma,ABBV/MRK,MRK,ABBV,1.0,-0.2461448470113575,,,,,,,,,,,,,,,,,,,,,,,,,,,,,,,,,False,correlation_prescreen,4,2023-07-03,2025-07-07
stock_peer_groups,large_pharma,BMY/MRK,MRK,BMY,1.0,-0.4718274406219581,,,,,,,,,,,,,,,,,,,,,,,,,,,,,,,,,False,correlation_prescreen,4,2023-07-03,2025-07-07
stock_peer_groups,large_pharma,LLY/MRK,MRK,LLY,1.0,0.0834623793873329,,,,,,,,,,,,,,,,,,,,,,,,,,,,,,,,,False,correlation_prescreen,4,2023-07-03,2025-07-07
stock_peer_groups,large_pharma,ABBV/PFE,PFE,ABBV,1.0,-0.5445685635097479,,,,,,,,,,,,,,,,,,,,,,,,,,,,,,,,,False,correlation_prescreen,4,2023-07-03,2025-07-07
stock_peer_groups,large_pharma,BMY/PFE,PFE,BMY,1.0,0.232523720027842,,,,,,,,,,,,,,,,,,,,,,,,,,,,,,,,,False,correlation_prescreen,4,2023-07-03,2025-07-07
stock_peer_groups,large_pharma,LLY/PFE,PFE,LLY,1.0,-0.5335958599137705,,,,,,,,,,,,,,,,,,,,,,,,,,,,,,,,,False,correlation_prescreen,4,2023-07-03,2025-07-07
stock_peer_groups,large_pharma,ABBV/BMY,ABBV,BMY,1.0,0.0788050064811793,,,,,,,,,,,,,,,,,,,,,,,,,,,,,,,,,False,correlation_prescreen,4,2023-07-03,2025-07-07
stock_peer_groups,large_pharma,BMY/LLY,BMY,LLY,1.0,-0.2833782612360195,,,,,,,,,,,,,,,,,,,,,,,,,,,,,,,,,False,correlation_prescreen,4,2023-07-03,2025-07-07
stock_peer_groups,managed_care,CI/UNH,UNH,CI,1.0,0.0477834880047981,,,,,,,,,,,,,,,,,,,,,,,,,,,,,,,,,False,correlation_prescreen,4,2023-07-03,2025-07-07
stock_peer_groups,managed_care,CVS/UNH,UNH,CVS,1.0,-0.2438543850301553,,,,,,,,,,,,,,,,,,,,,,,,,,,,,,,,,False,correlation_prescreen,4,2023-07-03,2025-07-07
stock_peer_groups,managed_care,HUM/UNH,UNH,HUM,1.0,0.3125183701173936,,,,,,,,,,,,,,,,,,,,,,,,,,,,,,,,,False,correlation_prescreen,4,2023-07-03,2025-07-07
stock_peer_groups,managed_care,CNC/UNH,UNH,CNC,1.0,0.4732334650837004,,,,,,,,,,,,,,,,,,,,,,,,,,,,,,,,,False,correlation_prescreen,4,2023-07-03,2025-07-07
stock_peer_groups,managed_care,CI/CVS,CI,CVS,1.0,0.0050757614287443,,,,,,,,,,,,,,,,,,,,,,,,,,,,,,,,,False,correlation_prescreen,4,2023-07-03,2025-07-07
stock_peer_groups,managed_care,CI/HUM,CI,HUM,1.0,-0.4371946234945438,,,,,,,,,,,,,,,,,,,,,,,,,,,,,,,,,False,correlation_prescreen,4,2023-07-03,2025-07-07
stock_peer_groups,managed_care,CI/CNC,CI,CNC,1.0,0.1938167993990998,,,,,,,,,,,,,,,,,,,,,,,,,,,,,,,,,False,correlation_prescreen,4,2023-07-03,2025-07-07
stock_peer_groups,managed_care,CVS/HUM,CVS,HUM,1.0,0.337192798895253,,,,,,,,,,,,,,,,,,,,,,,,,,,,,,,,,False,correlation_prescreen,4,2023-07-03,2025-07-07
stock_peer_groups,managed_care,CNC/CVS,CVS,CNC,1.0,0.2052072153766815,,,,,,,,,,,,,,,,,,,,,,,,,,,,,,,,,False,correlation_prescreen,4,2023-07-03,2025-07-07
stock_peer_groups,managed_care,CNC/HUM,HUM,CNC,1.0,0.55527769543574,,,,,,,,,,,,,,,,,,,,,,,,,,,,,,,,,False,correlation_prescreen,4,2023-07-03,2025-07-07
stock_peer_groups,industrial_machinery,CAT/DE,CAT,DE,1.0,0.417256356814231,,,,,,,,,,,,,,,,,,,,,,,,,,,,,,,,,False,correlation_prescreen,4,2023-07-03,2025-07-07
stock_peer_groups,industrial_machinery,CMI/DE,DE,CMI,1.0,0.6255854804453781,,,,,,,,,,,,,,,,,,,,,,,,,,,,,,,,,False,correlation_prescreen,4,2023-07-03,2025-07-07
stock_peer_groups,industrial_machinery,DE/PCAR,DE,PCAR,1.0,0.1844658430210252,,,,,,,,,,,,,,,,,,,,,,,,,,,,,,,,,False,correlation_prescreen,4,2023-07-03,2025-07-07
stock_peer_groups,industrial_machinery,CMI/PCAR,CMI,PCAR,1.0,0.7098776272143537,,,,,,,,,,,,,,,,,,,,,,,,,,,,,,,,,False,correlation_prescreen,4,2023-07-03,2025-07-07
stock_peer_groups,railroads,CSX/UNP,UNP,CSX,1.0,0.6474829562549503,,,,,,,,,,,,,,,,,,,,,,,,,,,,,,,,,False,correlation_prescreen,4,2023-07-03,2025-07-07
stock_peer_groups,railroads,CSX/NSC,CSX,NSC,1.0,0.6468623775484794,,,,,,,,,,,,,,,,,,,,,,,,,,,,,,,,,False,correlation_prescreen,4,2023-07-03,2025-07-07
etf_peer_groups,energy_equity,XLE/XOP,XLE,XOP,1.0,0.6182250317327231,,,,,,,,,,,,,,,,,,,,,,,,,,,,,,,,,False,correlation_prescreen,4,2023-07-03,2025-07-07
etf_peer_groups,energy_equity,OIH/XLE,XLE,OIH,1.0,0.208208170992893,,,,,,,,,,,,,,,,,,,,,,,,,,,,,,,,,False,correlation_prescreen,4,2023-07-03,2025-07-07
etf_peer_groups,energy_equity,VDE/XOP,VDE,XOP,1.0,0.6438982186299768,,,,,,,,,,,,,,,,,,,,,,,,,,,,,,,,,False,correlation_prescreen,4,2023-07-03,2025-07-07
etf_peer_groups,energy_equity,OIH/VDE,VDE,OIH,1.0,0.2332913856287269,,,,,,,,,,,,,,,,,,,,,,,,,,,,,,,,,False,correlation_prescreen,4,2023-07-03,2025-07-07
stock_peer_groups,semiconductors,NXPI/QCOM,QCOM,NXPI,1.0,0.8320904887482697,0.0334114941122376,0.0083514665157276,1.0527250243878317,-0.6366898845661788,0.9643764298403544,0.0362735732056897,19.10887512044775,0.0158086788855853,0.0179660048961467,38.0,40.0,-1.1877624104719928e-15,0.0784972567938382,504.0,38.0,3.0,0.8706005679026028,0.0620474696492192,0.6666666666666666,1.0,1.0,0.3888526460093714,1.0,1.470451364569663,0.2025724123939372,0.8640595674029237,7.0,0.2805003519071362,-0.0852933179750693,2.090185702176481,14.0,1.048143905297818,True,passed,5,2023-10-02,2025-10-03
stock_peer_groups,integrated_energy,COP/OXY,COP,OXY,1.0,0.9456303041740104,0.0068098306055248,0.0013481895619967,0.6188280508984257,2.167646728084423,0.9381152150448578,0.0638825069807372,10.850344066317753,0.0006688752278823,0.0105776278961295,22.0,44.0,1.128021838194544e-14,0.0306079212952143,504.0,22.0,3.0,0.8821325460145908,0.0102357138767477,0.3333333333333333,0.6666666666666666,1.0,0.0926143029327768,1.0,1.368308133627548,0.0752064648951246,0.7296791566808019,7.0,0.7959361713723058,-0.0248527982838084,7.836808579829994,14.0,1.036569582386648,True,passed,5,2023-10-02,2025-10-03
stock_peer_groups,capital_markets,MS/NTRS,MS,NTRS,1.0,0.9763010318482702,0.0916820963452297,0.0280233877048459,1.1274430704358398,-0.438232077310237,0.9531279034308128,0.0480061729685083,14.43870939294919,-0.0035253991810133,0.0145912011507262,29.0,38.0,-2.7965284409169224e-14,0.0492098327773806,504.0,29.0,3.0,0.9459240500782656,0.028745746340973,0.6666666666666666,1.0,1.0,0.1471846696562147,1.0,1.1749575712021156,0.078083202132631,0.89533935897297,9.0,-0.1514930126401508,-0.0821354275053556,0.6219098037183203,18.0,0.9537108972628634,True,passed,5,2023-10-02,2025-10-03
stock_peer_groups,capital_markets,GS/MS,GS,MS,1.0,0.9876852293057624,0.058851656749692,0.0163741113552808,1.1506703929713595,0.8466621308036948,0.9631348431535182,0.0375618529433494,18.45348741462105,0.0054498362608578,0.0104742408283057,37.0,29.0,-7.863198628376902e-15,0.041445747001213,504.0,37.0,3.0,0.9741543932256986,0.0023229238449918,0.3333333333333333,1.0,1.0,0.1733654550512726,1.0,1.5641974292570988,0.1212513962162102,0.8147467920181369,16.0,0.1289093005645871,-0.0730363166037206,1.131165382640368,32.0,0.9406414562348434,True,passed,5,2023-10-02,2025-10-03
stock_peer_groups,payments_credit,COF/MA,MA,COF,1.0,0.9617015415045872,0.0106801291994657,0.0022392729923408,0.5087635128531312,3.627983706316632,0.9365739009232774,0.0655268483872597,10.578063765000367,-0.0011052627091484,0.0118381120464589,21.0,58.0,-2.026950036387072e-14,0.0341429548268887,504.0,21.0,3.0,0.8780486656632792,0.0306706000823826,0.3333333333333333,0.6666666666666666,1.0,0.1219860505634144,1.0,1.0372650589568555,0.055026112321583,0.7306762218503282,13.0,0.1154546309272812,-0.0630669577477845,1.254509275811005,26.0,0.8607198802799707,True,passed,5,2023-10-02,2025-10-03
etf_peer_groups,us_growth_technology,IYW/VGT,VGT,IYW,1.0,0.99900369898739,0.0497047485694456,0.0133908947056042,0.9634421352100198,-0.5500291314873396,0.9570163914268652,0.0439347597481052,15.776737702311868,-9.90999357523441e-05,0.0018383510483979,32.0,33.0,-3.872211193664852e-14,0.0063677419871788,504.0,32.0,3.0,0.998126122145908,0.0002007500566347,0.3333333333333333,0.6666666666666666,1.0,0.0436074524483183,1.0,1.2107493090551171,0.0380193240633307,0.7623962647968106,13.0,-0.7051212300501638,-0.0120843303200299,0.1686296054138328,25.0,0.7150595605599777,True,passed,5,2023-10-02,2025-10-03
stock_peer_groups,enterprise_software,ADSK/NOW,NOW,ADSK,1.0,0.911702983757597,0.1089125991120743,0.0346580322665972,1.190137229124451,-1.5071111380438322,0.9565544360009566,0.0444175800631532,15.605244130239049,5.023915140011024e-06,0.0207449206907153,31.0,43.0,-3.3356033984293593e-14,0.0710874474543823,504.0,31.0,3.0,0.8075725133998216,0.1113058939337196,0.3333333333333333,0.6666666666666666,1.0,0.0616772142254456,1.0,1.094482229538566,0.0681590615573402,0.711743888860888,10.0,0.5684497538979726,-0.0425739874116942,3.221219131085056,20.0,0.997011351945584,False,stability_or_viability_filter,5,2023-10-02,2025-10-03
stock_peer_groups,capital_markets,GS/NTRS,GS,NTRS,1.0,0.9727704691518432,0.3952681124422599,0.1870439909284135,1.3087407679702077,0.2909711747899983,0.964702170739103,0.0359358566380529,19.28845574884565,-0.0001675943023405,0.016186490178781,39.0,31.0,-3.473412034184418e-14,0.0613975950463163,504.0,39.0,3.0,0.9382123154951006,0.0353432947809453,0.6666666666666666,0.6666666666666666,1.0,0.1661410079422706,1.0,1.28405561307706,0.098723169027412,0.8246807619710339,9.0,-0.1449167762905085,-0.049140334645689,0.83353896537921,18.0,0.8946201937964181,False,stability_or_viability_filter,5,2023-10-02,2025-10-03
stock_peer_groups,semiconductors,ADI/NVDA,NVDA,ADI,1.0,0.8738953034390945,0.0850082341372081,0.0255456530794333,3.161408899300433,-12.17930392538252,0.9531687532102974,0.0479633152324381,14.451611136570524,0.0128849413363066,0.0599682597770055,29.0,39.0,-4.137783590190266e-15,0.2002868627531636,504.0,29.0,3.0,0.776794738727513,0.1237835539854399,0.0,0.3333333333333333,1.0,0.3384850501797071,1.0,1.6196477259741138,0.2229392820521727,0.5385714231433276,15.0,0.8111522702671529,-0.0725770080171519,3.537094721219531,29.0,0.8602442636834005,False,stability_or_viability_filter,5,2023-10-02,2025-10-03
stock_peer_groups,payments_credit,COF/V,V,COF,1.0,0.9375955848611836,0.2006846005165294,0.0750253752102227,0.5288157120569161,3.0192420930825703,0.9646502768839574,0.0359896507027113,19.259625115164745,-0.0009800501259859,0.0121574805754421,39.0,33.0,6.196278058546847e-14,0.0461791960742558,504.0,39.0,3.0,0.8307580273734386,0.0891349789890849,0.0,0.3333333333333333,1.0,0.228743689352989,1.0,1.2722040541338884,0.13620445101779,0.5607357284082474,9.0,0.6394531778408561,-0.0613559250518809,2.7767118356678218,17.0,0.8454892968677669,False,stability_or_viability_filter,5,2023-10-02,2025-10-03
stock_peer_groups,capital_markets,GS/STT,GS,STT,1.0,0.9702163702132685,0.1651238217670786,0.0584053830042568,1.4358041097590497,-0.1358110394106267,0.9700865045877952,0.0303700314735895,22.823393553698505,0.0033362617331198,0.0153648746282014,46.0,31.0,-5.899513681805774e-14,0.0641709953562676,504.0,46.0,3.0,0.9217044391221944,0.0370143484428529,0.0,0.6666666666666666,1.0,0.1738509464680524,1.0,1.3069852048148032,0.1043978988386132,0.6533196532300206,10.0,0.3152745914846308,-0.0688629151147182,1.7852720108766122,20.0,0.8398744424965459,False,stability_or_viability_filter,5,2023-10-02,2025-10-03
stock_peer_groups,money_center_banks,JPM/WFC,JPM,WFC,1.0,0.9761933765424436,0.3421940991916004,0.1531571275099728,0.9857977193247616,1.3180484782184472,0.975077385855044,0.0252384410261926,27.46394596403919,0.0049069812239394,0.0114409352276979,55.0,28.0,1.6678016992146797e-14,0.0485438074668196,504.0,55.0,3.0,0.9195608969989882,0.0100695022106714,0.0,0.0,1.0,0.1367209529783833,1.0,1.0955965002910208,0.0595519850953539,0.5239350257402118,13.0,0.9129281222304132,-0.0349588503057541,2.2763200737713567,25.0,0.8246902477633417,False,stability_or_viability_filter,5,2023-10-02,2025-10-03
stock_peer_groups,semiconductors,MU/QCOM,QCOM,MU,1.0,0.7861160976895512,0.5581469013914115,0.3135406173961541,0.530250473255554,2.585779372780157,0.9815462404057764,0.0186261543979982,37.21364946026856,-0.0082374491480095,0.0184976867456245,74.0,21.0,-2.8326547456864708e-14,0.0874756670819662,504.0,74.0,3.0,0.7853011570154239,0.1466297564852507,0.6666666666666666,0.6666666666666666,1.0,0.496796871085279,1.0,1.0358610274419278,0.2184601011281685,0.7744792791410391,4.0,-0.0426545244431515,-0.1021519668077348,1.0043435709618127,7.0,0.8182982790226571,False,stability_or_viability_filter,5,2023-10-02,2025-10-03
stock_peer_groups,enterprise_software,INTU/MSFT,MSFT,INTU,1.0,0.8434403107837798,0.1183138612482443,0.0385823265748587,0.9615236785179768,-0.1573343257421111,0.9622972749499918,0.038431858433007,18.035744531277683,0.0111073973907279,0.016968652356945,36.0,33.0,4.485301019485632e-14,0.0598174197637486,504.0,36.0,3.0,0.6721124452089472,0.1910245067160006,0.0,0.0,1.0,0.3151915326611046,1.0,1.413294396355397,0.2146602793874125,0.4465620833634955,10.0,1.1232681685926371,-0.0570365309973757,3.51663830291161,20.0,0.8150523086523911,False,stability_or_viability_filter,5,2023-10-02,2025-10-03
etf_peer_groups,physical_gold,GLD/SGOL,GLD,SGOL,1.0,0.9999978843041486,3.439465023891358e-05,4.332868179338687e-06,0.9932632754638996,2.2911252262497994,0.3430160883147509,1.06997792820846,0.6478144663418719,1.6926561666859389e-06,0.0003709347537398,20.0,64.0,1.1472304587793285e-15,0.0003945877612038,504.0,20.0,3.0,0.999991961032535,2.0220428873220577e-06,1.0,1.0,0.0,0.00079608517345,1.0,1.0169112232455857,0.0021450605438441,0.8997834842037493,20.0,-4.182236255505844,-0.0352960264276239,0.0,39.0,0.7997834842037492,False,stability_or_viability_filter,5,2023-10-02,2025-10-03
etf_peer_groups,physical_gold,GLD/IAU,GLD,IAU,1.0,0.9999990069397484,0.0003853701350375,5.741005093635726e-05,0.995516401794354,1.6049341166166329,0.406705381851208,0.8996662331808358,0.7704492566196163,1.553458801693764e-06,0.0002469166620519,20.0,67.0,-5.394274092662864e-15,0.000270336641962,504.0,20.0,3.0,0.999996220425978,8.942159485015259e-07,1.0,1.0,0.0,0.0005811739352152,1.0,1.0941578327481112,0.0106560041335113,0.8989334546931433,22.0,-4.61100339646432,-0.0402495866075021,0.0,44.0,0.7989334546931433,False,stability_or_viability_filter,5,2023-10-02,2025-10-03
etf_peer_groups,physical_gold,IAU/SGOL,IAU,SGOL,1.0,0.9999985248672862,3.587925804102152e-19,3.1151185911923424e-20,0.9977363743599604,0.6892827010383175,0.0966741513269634,2.336409220146771,0.2966719933233281,6.762088242858766e-08,0.0003297470336677,20.0,64.0,2.014614225002348e-14,0.0003309662881898,504.0,20.0,3.0,0.9999938963203664,1.9306165038300025e-06,1.0,1.0,0.0,0.0002760321150951,1.0,1.22504556634229,0.0250977171707874,0.8974887023630127,24.0,-4.71634961018985,-0.0402352621813312,0.0,47.0,0.7974887023630126,False,stability_or_viability_filter,5,2023-10-02,2025-10-03
etf_peer_groups,broad_us_equity,IVV/VOO,IVV,VOO,1.0,0.9999977073236224,6.094321587990655e-25,6.773107108857421e-26,0.9997903152449564,0.0901940409876167,0.0943534532421639,2.3607074074964536,0.2936184206305484,7.683240453862791e-08,0.0002560199300283,20.0,62.0,3.2460806529516485e-14,0.0002569184540715,504.0,20.0,3.0,0.9999934349185956,3.970958229312437e-06,1.0,1.0,0.0,0.0005810347022237,1.0,1.5691908187539207,0.0634384261928088,0.8936545161103681,17.0,-4.1979296420219,-0.0314801956733592,0.0,34.0,0.793654516110368,False,stability_or_viability_filter,5,2023-10-02,2025-10-03
etf_peer_groups,intermediate_treasuries,SCHR/VGIT,VGIT,SCHR,1.0,0.9999693013539708,0.0,0.0,0.9988884373141128,0.8754041752782553,0.0497987285240988,2.9997658269220686,0.2310670967510667,3.517490111722617e-07,0.0002604979872602,20.0,68.0,5.19690111050728e-14,0.000260688066931,504.0,20.0,3.0,0.99992343840085,3.718201358196128e-05,1.0,1.0,0.0,0.0014159210487355,1.0,1.5914367335599038,0.0661995603052062,0.8933609035696918,8.0,-2.812693167888431,-0.0144434320622637,0.0,16.0,0.7933609035696917,False,stability_or_viability_filter,5,2023-10-02,2025-10-03
stock_peer_groups,money_center_banks,C/JPM,JPM,C,1.0,0.9798084605169862,0.3752235941117661,0.1738097447488843,0.9047512738237689,1.611230008531074,0.9703083201999436,0.0301414021139551,22.996514161463843,-0.0030203443921909,0.0108111012235706,46.0,35.0,2.6433881538694204e-15,0.0447472674473342,504.0,46.0,3.0,0.9555407738116772,0.017809565421158,0.3333333333333333,0.3333333333333333,1.0,0.1459129624325803,1.0,1.354249312613065,0.0939352106860311,0.6794916723843163,11.0,0.0446244558790295,-0.0716759262833529,1.0688410587462518,21.0,0.7896273937034833,False,stability_or_viability_filter,5,2023-10-02,2025-10-03
stock_peer_groups,enterprise_software,MSFT/ORCL,MSFT,ORCL,1.0,0.8377597054641925,0.0823564810568344,0.029935624478097,0.3307004380736437,4.377137234729423,0.9705270965473232,0.0299159565698162,23.169815043096325,0.0105046513674188,0.0128340956214393,46.0,37.0,4.0443838754202125e-15,0.0607990629639758,504.0,46.0,3.0,0.6060300498308104,0.2989957720593307,0.0,0.3333333333333333,1.0,0.5943000425220811,1.0,1.3632630673974009,0.338127834571293,0.4843613956672399,8.0,0.6458189722992101,-0.0692805751924575,3.463706480658161,16.0,0.7812342415121214,False,stability_or_viability_filter,5,2023-10-02,2025-10-03
stock_peer_groups,capital_markets,MS/STT,MS,STT,1.0,0.9764934839821092,0.0485932963422766,0.0130395978341805,1.24040515917546,-0.8212965781568387,0.9563820313195848,0.0445978314042551,15.54217231499313,-0.0017973732777323,0.0143232648810014,31.0,33.0,-2.2329580865119617e-14,0.049012002629329,504.0,31.0,3.0,0.9194235736605432,0.035523307695965,0.3333333333333333,0.3333333333333333,1.0,0.0388395159995189,1.0,1.1681908251307878,0.043475477357471,0.6755083456793887,15.0,0.0055088833201855,-0.0528271540824424,1.02232654127381,30.0,0.7774510052411069,False,stability_or_viability_filter,5,2023-10-02,2025-10-03
stock_peer_groups,semiconductors,AVGO/NVDA,NVDA,AVGO,1.0,0.9150331389584236,0.5536408729773477,0.3091156924180045,1.0182226278312063,-0.5530952741540984,0.9873236224689592,0.01275740831757,54.33291490759239,-0.0024161058573908,0.0265546172304731,90.0,17.0,1.0263395072090336e-14,0.1661985022941038,504.0,90.0,3.0,0.8259746870827637,0.0972099011023322,0.3333333333333333,0.3333333333333333,1.0,0.540628269220627,1.0,1.4197630971373076,0.2592530675673539,0.6305683650139555,6.0,0.2585586257337989,-0.1059778247577858,1.5244519884702823,11.0,0.7705747582975395,False,stability_or_viability_filter,5,2023-10-02,2025-10-03
etf_peer_groups,energy_equity,OIH/XOP,XOP,OIH,1.0,0.8614406034095943,0.0909532220293474,0.0277972173021565,0.5136381112109263,1.9844842181196265,0.9635183230568408,0.0371637741244812,18.651151474503827,0.0047192070426646,0.0095562246570599,37.0,37.0,-5.997847721129714e-14,0.0360908849620839,504.0,37.0,3.0,0.8846802524092611,0.037210548802982,0.0,0.6666666666666666,1.0,0.1304932424549482,1.0,1.4072513392849884,0.1011514125620866,0.64438825517944,7.0,0.1533828413196326,-0.0308483702357162,1.2435055971470474,14.0,0.7670709612347373,False,stability_or_viability_filter,5,2023-10-02,2025-10-03
stock_peer_groups,semiconductors,ADI/TXN,TXN,ADI,1.0,0.9194483847549244,0.412918679152928,0.2030451172916688,0.9265291702756808,0.2195909159611675,0.972588585659177,0.0277941169859271,24.938629311767777,-0.0106040574405153,0.0118281172729948,50.0,27.0,2.4495396892523295e-15,0.045128406033278,504.0,50.0,3.0,0.8603624929573371,0.0796291139261699,0.0,0.6666666666666666,1.0,0.119156319981569,1.0,1.3844905890125834,0.1089829878595333,0.6375256577867143,9.0,0.1102999291439009,-0.0368287853215417,1.1321014056745484,18.0,0.7606757174420269,False,stability_or_viability_filter,5,2023-10-02,2025-10-03
etf_peer_groups,short_treasuries,SCHO/VGSH,VGSH,SCHO,1.0,0.9999533229257402,0.0,0.0,1.0000892522326672,0.8804129918919665,0.0679674236232655,2.6887267529577663,0.2577975541015614,-8.581385697523371e-07,0.0002812666694859,20.0,66.0,-1.663325561940794e-13,0.0002821854093539,504.0,20.0,3.0,0.999818775817276,9.988067768531268e-05,1.0,1.0,0.0,0.0014881908816582,1.0,1.979059314597085,0.1093137254750128,0.8890233214068177,5.0,-2.240055565927081,-0.008933903555082,0.0,10.0,0.7515233214068177,False,stability_or_viability_filter,5,2023-10-02,2025-10-03
etf_peer_groups,broad_us_equity,IVV/SPY,SPY,IVV,1.0,0.9999924404528736,6.69829687746258e-24,7.040911480024784e-25,0.996452834347588,0.01895345214067,-0.0150520109557116,,,,0.0004651517157444,60.0,32.0,-1.0117127594242896e-14,0.0004648697316167,504.0,60.0,3.0,0.9999774028057424,2.3743916427633025e-05,1.0,1.0,0.0,0.0002529112140288,1.0,3.0287918776766616,0.2255135381186701,0.8774429968895686,5.0,-2.17423815677328,-0.0087922546509862,0.0,9.0,0.7399429968895685,False,stability_or_viability_filter,5,2023-10-02,2025-10-03
etf_peer_groups,intermediate_treasuries,GOVT/VGIT,VGIT,GOVT,1.0,0.9886670285317196,0.3069865383978643,0.1314248274712968,1.1022541201505245,0.6314543223344153,0.928750749322506,0.07391487614295,9.377641101899588,-8.364244816844278e-05,0.0018397350644183,20.0,55.0,1.4609125197051666e-13,0.0049946241261797,504.0,20.0,3.0,0.9893406803298722,0.0090788125526612,0.6666666666666666,0.6666666666666666,0.6666666666666666,0.1229548762973395,1.0,3.534630354711693,0.3256368245846328,0.7814381542906713,14.0,-0.851182553040056,-0.0174842730193461,0.3541951270099487,27.0,0.7214705276851603,False,stability_or_viability_filter,5,2023-10-02,2025-10-03
stock_peer_groups,semiconductors,NVDA/TXN,NVDA,TXN,1.0,0.8374935750424215,0.190129740826768,0.0703064478097414,3.0065678378906773,-10.838654761862916,0.9681190276528588,0.0324002368135221,21.393275134046636,0.05454229344508,0.0587551050411478,43.0,34.0,2.100612452941566e-14,0.2251450248308851,504.0,43.0,3.0,0.7272640754764795,0.1347223374671798,0.0,0.3333333333333333,1.0,0.3888397539742939,1.0,1.3870586344406055,0.217527212085003,0.5267299643272862,3.0,0.3746704430974901,-0.0627145101243569,inf,6.0,0.7204305307919097,False,stability_or_viability_filter,5,2023-10-02,2025-10-03
stock_peer_groups,home_improvement,LOW/TSCO,LOW,TSCO,1.0,0.8114014767927734,0.2249624329536405,0.0870645043312845,0.6504639106241199,2.877593907080116,0.9728324178932312,0.027543444010889,25.1655958596142,-0.0005994763555178,0.0133128846538906,50.0,28.0,2.0757646042951936e-14,0.0575098288275178,504.0,50.0,3.0,0.6637418883636801,0.1122192143058081,0.0,0.0,1.0,0.1888932804507533,1.0,1.4419508690019085,0.1494764836968436,0.4509878237212357,4.0,0.7172711065146907,-0.0370369956967772,4.618416423781025,8.0,0.7085784896984393,False,stability_or_viability_filter,5,2023-10-02,2025-10-03
stock_peer_groups,large_pharma,ABBV/JNJ,JNJ,ABBV,1.0,0.7857278223523223,0.5424332265284957,0.3004663620323569,0.3861323606023313,3.0289290516523657,0.972420609433416,0.0279668423659434,24.78460640962543,0.003704292884074,0.0099930911822753,50.0,31.0,1.130312774594564e-14,0.0395849947800302,504.0,50.0,3.0,0.8069212270581003,0.0896841446280884,0.6666666666666666,0.6666666666666666,1.0,0.3913873512768646,1.0,1.6019107264041523,0.2272361349021124,0.7790066932743137,6.0,-0.7553140054050838,-0.0769606076093099,0.2704964628196605,11.0,0.7042344156045341,False,stability_or_viability_filter,5,2023-10-02,2025-10-03
etf_peer_groups,short_treasuries,SCHO/SHY,SHY,SCHO,1.0,0.9999385181669018,0.0018278242304909,0.00031118994776,0.9756683502318312,1.3026731373794709,0.1144255378852483,2.1678309916866163,0.3197422599907858,-1.5078789546508393e-07,0.000314188857306,20.0,51.0,8.772700379184907e-14,0.000315954412272,504.0,20.0,3.0,0.9997729553404244,0.0001237985081599,1.0,1.0,0.0,0.0004274504454526,1.0,1.9932037841930683,0.1105397256726562,0.8888892662678405,1.0,-0.9939342392701316,-0.0017732508751227,0.0,2.0,0.7022991303773207,False,stability_or_viability_filter,5,2023-10-02,2025-10-03
stock_peer_groups,home_improvement,HD/TSCO,HD,TSCO,1.0,0.8172945668540917,0.3423039563497603,0.1530448093395952,0.6975873426438449,3.12856115061831,0.9779805658133124,0.0222654805012889,31.13102277401198,0.007199729684872,0.0126081082968943,62.0,29.0,-3.1984996661819984e-14,0.0603651849595921,504.0,62.0,3.0,0.6608277898690488,0.0595132242981321,0.0,0.0,1.0,0.3347049473895023,1.0,1.7036144131524242,0.2095854364683697,0.4442484038204253,4.0,0.6635237594554687,-0.0348583158631273,5.245801154278353,7.0,0.6937769677387456,False,stability_or_viability_filter,5,2023-10-02,2025-10-03
etf_peer_groups,developed_international,IEFA/VEA,VEA,IEFA,1.0,0.9991638356812664,0.5389371915510948,0.2971786118196708,1.0031701168296627,-0.3881133511985078,0.9791159414046638,0.0211052150626294,32.84245995613118,0.0008637755205195,0.0009209466137816,66.0,31.0,-1.8723999423241727e-14,0.0039180316929719,504.0,66.0,3.0,0.997782910773398,0.0016548837964708,0.6666666666666666,0.6666666666666666,1.0,0.0375805047275774,1.0,1.5822634026083453,0.0777743964644989,0.8416682880468995,3.0,-1.1281469602834937,-0.0086203944827085,0.1770381017750487,6.0,0.6880201931356519,False,stability_or_viability_filter,5,2023-10-02,2025-10-03
etf_peer_groups,broad_us_equity,SPY/VOO,SPY,VOO,1.0,0.9999905199697338,2.605501696777284e-25,2.951837697683161e-26,0.9962442641607232,0.1088252609278399,-0.028774441216914,,,,0.0005207270880833,60.0,40.0,1.2371056560108889e-15,0.0005205806646782,504.0,60.0,3.0,0.9999722351640692,3.138330397348648e-05,0.6666666666666666,1.0,0.0,0.0005544693477537,1.0,3.6233516074275554,0.2916787961536374,0.7874918458423202,9.0,-2.972409727286372,-0.0173679946909846,0.0,18.0,0.6874918458423201,False,stability_or_viability_filter,5,2023-10-02,2025-10-03
stock_peer_groups,mega_cap_platforms,AMZN/META,META,AMZN,1.0,0.9495646930945606,0.0416011391436386,0.0108422179073038,1.5401132976616811,-1.7952738933435497,0.9616207942122031,0.039135090838285,17.711653805128098,0.0015847576888673,0.0220605473508633,35.0,37.0,5.859510407743882e-15,0.0799385043817889,504.0,35.0,3.0,0.836117198138858,0.068356679673162,0.0,0.0,1.0,0.1651543276290651,1.0,1.3025419893114485,0.1114527790242366,0.4978840216322908,15.0,0.4149797103123117,-0.0866811699444777,1.5412125233062468,30.0,0.6871916043444498,False,stability_or_viability_filter,5,2023-10-02,2025-10-03
stock_peer_groups,oilfield_services,HAL/SLB,SLB,HAL,1.0,0.9618994445952788,0.0915688878027757,0.0281274783732755,0.6760478513855672,1.4587480786833795,0.9619532904628488,0.038789384107667,17.869507250643323,-0.0088248854807223,0.0111464443475585,36.0,38.0,-1.0538307440092756e-15,0.0404654993977599,504.0,36.0,3.0,0.8965737595976374,0.0142734828999176,0.0,0.3333333333333333,1.0,0.2267351386426367,1.0,1.0900390284605594,0.0903405436764692,0.5817760521984291,14.0,-0.184740474176147,-0.047570555042419,0.783421663536155,27.0,0.6432360642488149,False,stability_or_viability_filter,5,2023-10-02,2025-10-03
etf_peer_groups,broad_us_equity,SCHB/VTI,VTI,SCHB,1.0,0.999990129168462,0.005334432023128,0.0010374351641349,0.9965062419590992,2.557272944580567,0.1618774728498123,1.820915570352739,0.3806586048499064,1.345243941025492e-06,0.0005178275081564,20.0,62.0,4.634740563117717e-14,0.0005245697944986,504.0,20.0,3.0,0.999969144910036,1.8869628686601746e-05,0.6666666666666666,0.6666666666666666,0.0,0.0004816063770116,1.0,1.6828277375005185,0.0760365739464014,0.7423886288328688,19.0,-4.1476535769466665,-0.0318053727681926,0.0,38.0,0.6423886288328687,False,stability_or_viability_filter,5,2023-10-02,2025-10-03
stock_peer_groups,payments_credit,MA/SYF,MA,SYF,1.0,0.9230283847375916,0.1675081416789178,0.0595035290205027,0.4115521284369841,4.591714785929998,0.9692734387880372,0.0312085203267511,22.210190464102112,0.0015989582101355,0.0118176127896374,44.0,30.0,2.4715679238679083e-14,0.0479238982355428,504.0,44.0,3.0,0.7443632144071319,0.1204094489901163,0.0,0.0,1.0,0.2198975583271264,1.0,1.0550155509080963,0.119548508095536,0.4741359527922293,12.0,0.3114547146476897,-0.0890700561443391,1.3896760669096118,24.0,0.6403379633348634,False,stability_or_viability_filter,5,2023-10-02,2025-10-03
etf_peer_groups,us_growth_technology,IYW/QQQ,QQQ,IYW,1.0,0.9961277192186476,0.6333417331665916,0.3865982574911489,0.8713603157016921,1.8121755121095435,0.9754331442509664,0.024873656120522,27.86671879684242,-0.0016985500710698,0.0026302538417802,56.0,34.0,-1.7093910061688922e-16,0.0113785040517365,504.0,56.0,3.0,0.9909079153328332,0.0063596882049891,0.3333333333333333,0.3333333333333333,1.0,0.0494909240819516,1.0,1.3684709989591457,0.0595580928688853,0.6917711695463197,11.0,-0.8072171804783134,-0.0199109491466215,0.3524863468644649,21.0,0.638312909817796,False,stability_or_viability_filter,5,2023-10-02,2025-10-03
stock_peer_groups,money_center_banks,C/WFC,C,WFC,1.0,0.9653874918219146,0.5647273247017179,0.3197251594426813,1.055760968079973,-0.1858541928306665,0.9816633104809934,0.0185068904352663,37.45346539897902,0.0156549759336069,0.0134203792240953,75.0,23.0,3.2786824401827043e-15,0.063215390790065,504.0,75.0,3.0,0.9359710815178458,0.0334880314224381,0.3333333333333333,0.6666666666666666,1.0,0.2590266831885771,1.0,1.405148792287236,0.1425214373466979,0.7364072933114583,7.0,-0.9710779809939796,-0.1146966228250682,0.185113866400628,14.0,0.6375012894823927,False,stability_or_viability_filter,5,2023-10-02,2025-10-03
stock_peer_groups,payments_credit,AXP/SYF,AXP,SYF,1.0,0.975740702903013,0.075210937482839,0.0219994377649995,0.7911226870295476,2.4254777530307035,0.96591419328924,0.0346802755376878,19.98678412478836,0.00624951954689,0.0119597916542677,40.0,32.0,-1.048367741824612e-14,0.0495904091361007,504.0,40.0,3.0,0.9580627237273638,0.0163168281576164,0.0,1.0,1.0,0.2676722509086631,1.0,1.4800211186690364,0.1479987062075416,0.7247158103110868,12.0,-1.3522824619870546,-0.1671465674940691,0.2295055177017845,23.0,0.6361910861961759,False,stability_or_viability_filter,5,2023-10-02,2025-10-03
stock_peer_groups,mega_cap_platforms,META/MSFT,MSFT,META,1.0,0.8275198494413479,0.6118040701918609,0.3640809718332103,0.3614362613140528,3.763990610511919,0.9856040737418122,0.0145005529506563,47.80143094671242,0.0252022590965049,0.0109682272238455,90.0,17.0,1.2838055133959151e-14,0.0625134939922827,504.0,90.0,3.0,0.5995208569555345,0.3757879499825557,0.0,0.0,1.0,0.8101479669891904,0.6666666666666666,1.350509949208547,0.4342575222359762,0.3731211286819527,5.0,0.6655746093909074,-0.0325701939801653,24.109446663780087,9.0,0.6354573200905888,False,stability_or_viability_filter,5,2023-10-02,2025-10-03
stock_peer_groups,capital_markets,NTRS/SCHW,SCHW,NTRS,1.0,0.9231370160719824,0.2575856734662707,0.1043991362070526,0.7900489339271282,0.7162008452300033,0.9746735371358912,0.0256526977603899,27.020439995602537,0.0011025210946851,0.0144294905459383,54.0,20.0,3.061924611565412e-15,0.0647890046505245,504.0,54.0,3.0,0.7611676051218058,0.1016397928913772,0.0,0.0,1.0,0.266488572540598,1.0,1.0773097080125713,0.1312994227009441,0.477161959010357,11.0,0.2801406749822602,-0.1135591620336046,1.3074161792590773,21.0,0.6345538692206498,False,stability_or_viability_filter,5,2023-10-02,2025-10-03
stock_peer_groups,home_improvement,HD/LOW,HD,LOW,1.0,0.9325536084457324,0.5299324473561261,0.2877459717478284,0.9929019759614376,0.4736322109747235,0.9808318409225358,0.0193542500912775,35.813693493209946,0.0109895523610478,0.0068936006818329,72.0,18.0,1.2963175506575635e-14,0.037821894175182,504.0,72.0,3.0,0.9334333091162212,0.004810502969388,0.0,0.0,1.0,0.1538657302717191,1.0,1.165183035147631,0.0712457483189947,0.5262337524471559,8.0,0.0274943235808998,-0.0306214907357684,1.052434153734909,16.0,0.6329796086710362,False,stability_or_viability_filter,5,2023-10-02,2025-10-03
etf_peer_groups,us_growth_technology,IYW/XLK,XLK,IYW,1.0,0.9944768119525318,0.223670845880727,0.0866231921212487,0.8347407288453134,0.5254412208346116,0.9692480225730616,0.0312347425950971,22.191544510078597,0.0020207674827989,0.0032402928752889,44.0,39.0,7.212925142525024e-15,0.01303440428911,504.0,44.0,3.0,0.9918384104375312,0.0056570151180582,0.0,0.6666666666666666,1.0,0.070701831441943,1.0,2.1618011939910238,0.1545419704078919,0.6658387389019269,13.0,-0.7288200249786168,-0.0199542402983423,0.3565357227264019,25.0,0.6243425212914545,False,stability_or_viability_filter,5,2023-10-02,2025-10-03
etf_peer_groups,intermediate_treasuries,GOVT/IEI,IEI,GOVT,1.0,0.982474948859649,0.2858033919814964,0.1195851499865317,1.0730613695902873,1.4121358838139022,0.9462182017247311,0.0552820793132405,12.538370285104858,-0.0001454920385026,0.001949072135838,25.0,53.0,1.0582363909323912e-13,0.0060751187620529,504.0,25.0,3.0,0.9831126717481408,0.0123180236397095,0.3333333333333333,0.3333333333333333,1.0,0.1375453805461395,1.0,3.042958143558313,0.2769498173462066,0.6680831862024146,13.0,-0.7770099814277718,-0.0174089197073644,0.3478192099922535,25.0,0.6189226494878615,False,stability_or_viability_filter,5,2023-10-02,2025-10-03
etf_peer_groups,financial_equity,KBE/VFH,VFH,KBE,1.0,0.9679338485809,0.4019316689787895,0.1915663788636962,0.954565750895371,0.9579860429891832,0.9752349970845084,0.0250768143748047,27.64095830514923,0.00061627496169,0.0085063609931403,55.0,26.0,7.04903507698512e-17,0.0382735020066874,504.0,55.0,3.0,0.9064546880829668,0.0593400005929474,0.0,0.0,0.6666666666666666,0.0932040111657777,1.0,1.2299260531368754,0.0763953431570056,0.4856408043717077,12.0,0.151920248016432,-0.0467159853716732,1.2019876172531987,24.0,0.6185282224368325,False,stability_or_viability_filter,5,2023-10-02,2025-10-03
stock_peer_groups,payments_credit,COF/SYF,COF,SYF,1.0,0.9691253248607192,0.280644531420217,0.1169043575614973,0.8167969228383636,1.8637157412216052,0.9782577697600578,0.0219820754135141,31.53238115695893,0.0101180256197045,0.0113382846431645,63.0,27.0,-2.7008377897468493e-14,0.0580572180551304,504.0,63.0,3.0,0.9051674720535736,0.0383881715685899,0.0,0.0,1.0,0.0345250823756445,1.0,1.100186101106326,0.0354362069932254,0.5227482473140708,6.0,0.0038648853830258,-0.0961433974505915,1.040931071058051,12.0,0.6003745336744272,False,stability_or_viability_filter,5,2023-10-02,2025-10-03
etf_peer_groups,financial_equity,KRE/VFH,VFH,KRE,1.0,0.9427894678940906,0.4140877376891897,0.1999628902418875,0.974874146941222,0.8026423063806278,0.9769171526005374,0.0233534282825453,29.6807463201457,0.0039275820838576,0.0109104672302219,59.0,20.0,-2.2888216894970687e-14,0.0507949337460823,504.0,59.0,3.0,0.8595990768018896,0.071757788051479,0.0,0.0,0.6666666666666666,0.1395149361142511,1.0,1.5041867949328176,0.126444996381112,0.4689219362290279,13.0,0.1551841770638588,-0.0718131875727912,1.1539226556027735,26.0,0.5998956955687454,False,stability_or_viability_filter,5,2023-10-02,2025-10-03
etf_peer_groups,intermediate_treasuries,IEI/VGIT,IEI,VGIT,1.0,0.9990139594712136,0.2359500557177467,0.0929551163956496,0.9786850443547936,0.7767133866225828,0.9636495275112328,0.0370276111487902,18.71973802940273,-9.427307921391884e-05,0.0003826384758685,37.0,39.0,-5.848584403374555e-14,0.0014470267768156,504.0,37.0,3.0,0.9987901823615364,0.0005347367958334,0.3333333333333333,0.3333333333333333,1.0,0.018099526000594,1.0,1.0822220246851075,0.01534720145271,0.698162825445113,14.0,-3.655020570035295,-0.0269875487178423,0.0,28.0,0.5981628254451129,False,stability_or_viability_filter,5,2023-10-02,2025-10-03
etf_peer_groups,us_real_estate,IYR/VNQ,VNQ,IYR,1.0,0.9995702425655804,0.2976749159728871,0.1269272615477483,1.0095943178196911,-0.1166687947395457,0.928804778984746,0.0738567032792785,9.385027354103649,3.818107430254837e-05,0.000903388918623,20.0,69.0,-1.025282151947486e-14,0.0024289408043677,504.0,20.0,3.0,0.9980021658620656,0.0023214131124872,0.3333333333333333,0.3333333333333333,1.0,0.0125670890324478,1.0,1.089907254760231,0.0149525290216707,0.6980052885633493,18.0,-3.2004492176831008,-0.0308802124429565,0.0,35.0,0.5980052885633492,False,stability_or_viability_filter,5,2023-10-02,2025-10-03
etf_peer_groups,energy_equity,VDE/XLE,XLE,VDE,1.0,0.995897499837294,0.4523268477131091,0.2278445375105339,0.9858208283763884,-0.9647181015361276,0.9683267921655172,0.0321856534656906,21.53590516031712,-0.0002196162494302,0.001172001065914,43.0,41.0,2.368916350559312e-14,0.0045720353155522,504.0,43.0,3.0,0.9927620793273308,0.0044889762769608,0.3333333333333333,0.3333333333333333,1.0,0.0226196484242666,1.0,1.0551389218805245,0.0151627551093563,0.6966742443208971,13.0,-3.0251798668635392,-0.0351964966886553,0.005687941924304,25.0,0.5969586414171122,False,stability_or_viability_filter,5,2023-10-02,2025-10-03
etf_peer_groups,emerging_markets,EEM/VWO,EEM,VWO,1.0,0.9952712902506736,0.7818417025896331,0.5625701627352998,0.9743370064154524,0.0715400188268118,0.9880953813337956,0.0119760460824028,57.877798381089285,0.0039883139605806,0.0017304493280454,90.0,25.0,4.988073446351597e-15,0.0093972573184837,504.0,90.0,3.0,0.988932388516652,0.0118656554822458,0.3333333333333333,0.3333333333333333,1.0,0.1090826998590874,1.0,1.383941552261769,0.0829762909206409,0.6889354680370988,8.0,-1.4655858913252209,-0.0190495829112243,0.1340308771423701,15.0,0.5956370118942172,False,stability_or_viability_filter,5,2023-10-02,2025-10-03
stock_peer_groups,payments_credit,AXP/MA,MA,AXP,1.0,0.932495866748103,0.2100180191801343,0.0795771079045365,0.5127991468629183,3.37069377143316,0.972716190997586,0.0276629238277925,25.05690233161653,-0.0018201545873163,0.0103031803855632,50.0,24.0,4.723734630964654e-14,0.0449902554737059,504.0,50.0,3.0,0.810444252965686,0.1110711955349493,0.0,0.0,1.0,0.2529213675587977,1.0,1.0806017592383572,0.1302866053910665,0.4895824027023148,8.0,0.0209323655676805,-0.0734341507272734,1.0475555334559856,15.0,0.5951000342102661,False,stability_or_viability_filter,5,2023-10-02,2025-10-03
etf_peer_groups,intermediate_treasuries,IEI/SCHR,IEI,SCHR,1.0,0.9989831114797167,0.1307372274723062,0.0435009434611248,0.9775969988079036,1.6334589110131168,0.9432562973982724,0.0584172438830118,11.865455034956168,-6.261948797786198e-05,0.0004864188923534,24.0,61.0,-3.9254314084960896e-14,0.0014694760292609,504.0,24.0,3.0,0.9987009129447774,0.0005710476718647,0.3333333333333333,0.3333333333333333,1.0,0.0187519099105917,1.0,1.629938780319324,0.076434183674077,0.6920318098687867,8.0,-2.409808969694185,-0.0137354609107489,0.0,16.0,0.5920318098687866,False,stability_or_viability_filter,5,2023-10-02,2025-10-03
etf_peer_groups,intermediate_treasuries,IEF/VGIT,IEF,VGIT,1.0,0.9817562513332808,0.2435445015628704,0.0968664161606218,0.9920801937001252,0.5057674149909894,0.9717782195649368,0.0286276697281195,24.21249047312785,0.0004551754441953,0.0014892780654909,48.0,28.0,8.023211724624464e-14,0.0063925647986433,504.0,48.0,3.0,0.9822865161741092,0.0092617923035683,0.3333333333333333,0.3333333333333333,1.0,0.0678804785612484,1.0,1.2094521985992177,0.0489865567992964,0.6906729733635977,12.0,-2.536150553269169,-0.0255691703944563,0.0204718062498031,23.0,0.5916965636760878,False,stability_or_viability_filter,5,2023-10-02,2025-10-03
etf_peer_groups,financial_equity,KBE/KRE,KBE,KRE,1.0,0.9916795710552424,0.4514960803193735,0.2261290119661225,1.0397885409883871,-0.2358499156911477,0.984383496603966,0.0157397255346944,44.03807290235592,0.0038856479271411,0.0032944519937675,88.0,13.0,-2.9115158256102425e-14,0.0198880386869941,504.0,88.0,3.0,0.9890181562274656,0.0092278275419226,0.0,0.3333333333333333,1.0,0.0875461405270371,1.0,2.7341947144475607,0.2249462909616044,0.5914265766273726,5.0,-0.3168863698420153,-0.0218989754919055,0.6256200098041241,10.0,0.5876746216412765,False,stability_or_viability_filter,5,2023-10-02,2025-10-03
etf_peer_groups,intermediate_treasuries,IEF/IEI,IEI,IEF,1.0,0.9724221121458636,0.3834440858666236,0.1790678715052415,0.9427208596068104,0.4737502082933176,0.9765495172349344,0.0237298210571139,29.20996238832348,-0.0001941050388307,0.0016313609617868,58.0,23.0,-5.911320815559724e-14,0.0076015420662411,504.0,58.0,3.0,0.9720665056727266,0.014189936292073,0.3333333333333333,0.3333333333333333,1.0,0.0754529492789825,1.0,1.354193164413814,0.0692357579029979,0.6860930506278818,13.0,-2.3935644371532887,-0.0286210982335999,0.0,25.0,0.5860930506278818,False,stability_or_viability_filter,5,2023-10-02,2025-10-03
stock_peer_groups,mega_cap_platforms,AMZN/GOOGL,GOOGL,AMZN,1.0,0.8564667791793819,0.8526823092539728,0.6670089058964666,0.8092299236875359,0.8727921711367801,0.9884960569721832,0.0115706252795899,59.9057668717891,0.0311256582345561,0.0160652386335781,90.0,18.0,-6.735353016059283e-15,0.0766607324509618,504.0,90.0,3.0,0.7810438250697972,0.01943782307284,0.0,0.0,1.0,0.2791394974260568,1.0,1.3799012512610247,0.1417370236397461,0.4810872539034747,9.0,0.0049919089129697,-0.1476333955442089,1.058499534036728,17.0,0.5847610169422566,False,stability_or_viability_filter,5,2023-10-02,2025-10-03
etf_peer_groups,emerging_markets,EEM/IEMG,EEM,IEMG,1.0,0.9993568897337672,0.521734884765829,0.2819514990315713,1.0087497613900585,-0.2454684313467747,0.974474785604511,0.0258566345565283,26.80732401753872,0.0001193782936413,0.0007929523686321,54.0,36.0,-6.588204408827219e-15,0.0034690990211974,504.0,54.0,3.0,0.9982042950929232,0.0014129853822765,0.3333333333333333,0.3333333333333333,1.0,0.0386688086292689,1.0,1.0897496354427705,0.0233327797197118,0.6972177958012596,7.0,-2.604012939351739,-0.0193412168496552,0.0,13.0,0.5847177958012596,False,stability_or_viability_filter,5,2023-10-02,2025-10-03
stock_peer_groups,capital_markets,NTRS/STT,NTRS,STT,1.0,0.9827958912655288,0.0124125190827704,0.0026629132117308,1.0810522203417592,-0.2555383975448085,0.945066183032788,0.0565003189853959,12.26802242902572,0.0018295698393034,0.0117024509239058,25.0,33.0,2.5341281101761513e-14,0.0363667794759526,504.0,25.0,3.0,0.9435365689869228,0.0271851907835996,0.3333333333333333,0.3333333333333333,1.0,0.1168131273250829,1.0,1.1814321452298753,0.0681585666173247,0.6790682855849982,13.0,-1.1994842885458423,-0.1264465356002987,0.0847083118221153,26.0,0.583303701176104,False,stability_or_viability_filter,5,2023-10-02,2025-10-03
stock_peer_groups,payments_credit,MA/V,V,MA,1.0,0.9636085014180024,0.4081571335986356,0.1956871512839529,1.0273389983677896,-0.6770048622404815,0.9814037560055646,0.0187713281423344,36.925846445393965,0.0025277123160753,0.0067055411555742,74.0,28.0,2.1125958125724406e-14,0.035500507630643,504.0,74.0,3.0,0.9043162320287996,0.0381357846628619,0.0,0.3333333333333333,1.0,0.1948798463492924,1.0,1.1732700131763174,0.0969241006903089,0.5830533146048357,5.0,-0.2809006926637643,-0.0283677525138937,0.5273596852049891,10.0,0.5797861949655205,False,stability_or_viability_filter,5,2023-10-02,2025-10-03
stock_peer_groups,semiconductors,AMD/NXPI,AMD,NXPI,1.0,0.7522589809620345,0.2758759658338122,0.1143917837178488,1.3505825268957308,-2.330857841813585,0.9753908877308464,0.0249169778342528,27.818268538453705,0.0189650777644747,0.0291111543096972,56.0,24.0,2.440728395406098e-15,0.1323277215530212,504.0,56.0,3.0,0.7605699672728146,0.0223885809155724,0.0,0.3333333333333333,1.0,0.2326480614236583,1.0,1.530448034403176,0.1439508846023187,0.5424140700246384,9.0,-0.3370288911089752,-0.1729342680017597,0.724542886440491,18.0,0.5780868806803167,False,stability_or_viability_filter,5,2023-10-02,2025-10-03
stock_peer_groups,money_center_banks,BAC/WFC,BAC,WFC,1.0,0.9598831713966166,0.4650027383140879,0.2368735999417883,0.774351288213421,0.4761564765636815,0.9822803370829842,0.0178785357235027,38.76979587588637,0.011168746784604,0.0093827816325764,78.0,22.0,8.978708429309798e-15,0.0501321463636605,504.0,78.0,3.0,0.8914432851621562,0.0412338987814702,0.0,0.0,1.0,0.2251150378177401,1.0,1.2601775407458748,0.117691594504834,0.5110916618400556,9.0,-0.1641705019236112,-0.03497562607749,0.8298911953455259,17.0,0.5779606463187902,False,stability_or_viability_filter,5,2023-10-02,2025-10-03
etf_peer_groups,us_growth_technology,QQQ/XLK,QQQ,XLK,1.0,0.984843529093042,0.5150823017309566,0.2770190473479333,1.026344228274359,1.3457487054639392,0.9823735133830128,0.0177836830856437,38.97658191623445,-0.0050014773235289,0.0043929147203118,78.0,19.0,2.4354416190983597e-15,0.0224475924237351,504.0,78.0,3.0,0.9739369510769662,0.020643077146593,0.0,0.3333333333333333,1.0,0.1002625709499272,1.0,1.6243920246990184,0.1096787743320644,0.5991830270027018,8.0,-0.6235664388902424,-0.0237244903314547,0.3489682915062715,15.0,0.573096475744479,False,stability_or_viability_filter,5,2023-10-02,2025-10-03
etf_peer_groups,short_treasuries,SHY/VGSH,SHY,VGSH,1.0,0.9999702317232324,0.1013722347131901,0.0317155050444273,0.9755666797547896,0.4438169736819937,0.3348386450837615,1.0941065196571904,0.633528059751554,9.186339782393446e-07,0.0002068003135743,20.0,65.0,2.515624393099065e-14,0.0002198524509468,504.0,20.0,3.0,0.999906348597031,1.1276202014942862e-05,0.3333333333333333,0.6666666666666666,0.0,0.0014137434511929,1.0,1.0895678945388478,0.0104269948331634,0.665600554332608,24.0,-4.932262997400394,-0.0429313660732501,0.0,47.0,0.5656005543326079,False,stability_or_viability_filter,5,2023-10-02,2025-10-03
stock_peer_groups,money_center_banks,BAC/C,BAC,C,1.0,0.9609411786635744,0.2653770304867691,0.1084462911418102,0.7088470191862137,0.7140559497108301,0.981337625812605,0.0188387136813537,36.793763750760185,0.0017951572336826,0.0093593407463369,74.0,15.0,1.4865533847976996e-14,0.0494800079365064,504.0,74.0,3.0,0.904207900730904,0.0518171758605813,0.0,0.3333333333333333,1.0,0.2458471016404433,1.0,1.1259466871768784,0.1132155021866614,0.5813970916307265,6.0,-0.4649373495765234,-0.0762204893404918,0.4835232429178835,12.0,0.5608326513401423,False,stability_or_viability_filter,5,2023-10-02,2025-10-03
etf_peer_groups,emerging_markets,IEMG/VWO,VWO,IEMG,1.0,0.9936638341157492,0.8455327569706386,0.6550033896747133,1.0245533933835096,-0.2829890382827744,0.9907348567426936,0.0093083316686323,74.46524309997909,-0.0039799880077782,0.0016450182067224,90.0,18.0,5.308716429415958e-14,0.0111070909170164,504.0,90.0,3.0,0.986578033219482,0.0155408733801199,0.3333333333333333,0.3333333333333333,1.0,0.1195964955183881,1.0,1.7215439511179955,0.1252173397570577,0.6841227743291647,6.0,-1.9452616494167745,-0.0179778266607149,0.0,12.0,0.5591227743291647,False,stability_or_viability_filter,5,2023-10-02,2025-10-03
etf_peer_groups,financial_equity,KBE/XLF,XLF,KBE,1.0,0.960340970293882,0.4096291465949123,0.1968303303567217,0.9255852108541258,0.1874034163838061,0.9752842935403284,0.0250262673680999,27.696786355102844,0.0008504357700268,0.0092201279623428,55.0,26.0,-5.650682743588198e-15,0.0415180706680737,504.0,55.0,3.0,0.8747024384471594,0.0881838848433925,0.0,0.0,0.6666666666666666,0.1497547703176435,1.0,1.2661739779362176,0.1088877714910361,0.4744534991293529,13.0,-0.0830530885656728,-0.0594326561305118,0.9212542288302252,26.0,0.5580582472860133,False,stability_or_viability_filter,5,2023-10-02,2025-10-03
stock_peer_groups,semiconductors,ADI/AVGO,AVGO,ADI,1.0,0.8090363206575352,0.1927197798615557,0.0714250949741667,2.6301672395448583,-8.890469349372776,0.974774816187422,0.02554879241563,27.130330439253864,0.0378734026882932,0.0495797482210278,54.0,22.0,5.1655329044146965e-14,0.2176242466076497,504.0,54.0,3.0,0.6184473720610447,0.2704958415789115,0.0,0.3333333333333333,1.0,0.3256546374749297,1.0,1.340553185223969,0.2365560691539436,0.4976229027665334,6.0,-0.0863534268937263,-0.1465043846466303,0.9234215149199057,12.0,0.5558409644784698,False,stability_or_viability_filter,5,2023-10-02,2025-10-03
etf_peer_groups,intermediate_treasuries,GOVT/SCHR,SCHR,GOVT,1.0,0.9887091912015796,0.3142013328952332,0.135645233268852,1.1034938903332143,-0.2442616368365333,0.9276309278321296,0.0751213323798176,9.22703523222078,-8.067793103388802e-05,0.001851935284218,20.0,57.0,-1.337325312217925e-13,0.0049907719422477,504.0,20.0,3.0,0.9894088913112148,0.0090574837061032,0.3333333333333333,0.3333333333333333,0.6666666666666666,0.1218554854003804,1.0,3.503888640829886,0.3218475053499263,0.6318341389594777,18.0,-0.9629500614692752,-0.0184729990677053,0.3176652664213257,36.0,0.5532748930601528,False,stability_or_viability_filter,5,2023-10-02,2025-10-03
etf_peer_groups,us_growth_technology,QQQ/VGT,QQQ,VGT,1.0,0.9949429122719812,0.5189368235767569,0.280404748026307,0.9024483903297268,2.318028477380952,0.9738813070627468,0.0264658440971794,26.19025405026909,-0.0013627081201881,0.0030904067444027,52.0,35.0,-2.1444926962957983e-14,0.0129993927526179,504.0,52.0,3.0,0.9888892750213432,0.0059590105540082,0.0,0.3333333333333333,1.0,0.046459466620723,1.0,1.182189815028575,0.0377161385058632,0.6101173715714161,12.0,-0.8562723981528533,-0.0288148063629845,0.3964785311526609,23.0,0.5515004384061212,False,stability_or_viability_filter,5,2023-10-02,2025-10-03
etf_peer_groups,intermediate_treasuries,GOVT/IEF,IEF,GOVT,1.0,0.992579352655933,0.582118058615063,0.3348207601223796,1.1182528682551622,1.056591185330771,0.8981332693700697,0.107436814820246,6.451672843425773,9.91846815283962e-06,0.001800561481609,20.0,54.0,5.36748775937032e-14,0.0040881016844345,504.0,20.0,3.0,0.9910265483484084,0.0057477944786829,0.3333333333333333,0.3333333333333333,0.6666666666666666,0.0686886876644632,1.0,3.018059857499372,0.2490410337698678,0.6395192003767819,18.0,-2.3511640831280247,-0.047167546299414,0.0,35.0,0.5395192003767818,False,stability_or_viability_filter,5,2023-10-02,2025-10-03
stock_peer_groups,capital_markets,SCHW/STT,SCHW,STT,1.0,0.869341328888881,0.2718351018508135,0.1119313168938192,0.818392222162605,0.6713675587666054,0.98185654511075,0.0183100657076425,37.85607280866445,0.0083412130762824,0.0152636557380244,76.0,25.0,2.8293945669633653e-14,0.0832819713093981,504.0,76.0,3.0,0.5864412328263827,0.1843810305320203,0.0,0.0,1.0,0.4014156295260483,1.0,1.2352040982659551,0.2213993420489068,0.424470374001705,7.0,0.0817447795510604,-0.0629217883689721,1.1422656460723204,14.0,0.53134537323798,False,stability_or_viability_filter,5,2023-10-02,2025-10-03
stock_peer_groups,mega_cap_platforms,GOOGL/MSFT,MSFT,GOOGL,1.0,0.802073398831764,0.1920579114484167,0.0707619650413301,0.6013594156685786,2.9568102340195743,0.9768335786687656,0.0234389805799649,29.572411572900545,0.0105732290452951,0.0126914249207765,59.0,20.0,2.5219685246683515e-14,0.0664984437717765,504.0,59.0,3.0,0.6658688421799538,0.115490551841103,0.3333333333333333,0.3333333333333333,1.0,0.2799335287304802,1.0,1.2138456942424591,0.155568659550801,0.6009103445899083,4.0,-0.6411216680927531,-0.1048166672906182,0.4343173199097412,8.0,0.5264579603714825,False,stability_or_viability_filter,5,2023-10-02,2025-10-03
stock_peer_groups,capital_markets,MS/SCHW,MS,SCHW,1.0,0.906773720829216,0.5131783077464093,0.2744254437433137,1.2235507090645223,-0.5908140973395886,0.9839231722349578,0.016207461975045,42.76716376858983,0.0020371525256744,0.0172803031442786,86.0,22.0,-3.048002767288366e-14,0.0958692602674163,504.0,86.0,3.0,0.745194040707012,0.0825979343296658,0.0,0.0,0.6666666666666666,0.174006266096659,1.0,1.3376632868628588,0.1230528764602037,0.4406598891973993,8.0,-0.101111812400818,-0.0707585911088348,0.8521812345789694,15.0,0.518102179066225,False,stability_or_viability_filter,5,2023-10-02,2025-10-03
stock_peer_groups,managed_care,CNC/UNH,UNH,CNC,1.0,0.7862302743858122,0.4167805611909538,0.2017450997542348,0.6052508718135,3.6241568445983976,0.9844602303059552,0.0156617775482908,44.257248477877205,0.0041013019681125,0.0249125905167821,89.0,23.0,-1.0050161761011536e-14,0.1415320202508563,504.0,89.0,3.0,0.3365362544323203,0.3011609948514024,0.0,0.0,0.6666666666666666,0.8035531990768163,1.0,2.7321478112516666,0.5606989325595914,0.2947308370187876,1.0,0.7351391182029958,-0.0288294892198132,inf,2.0,0.517501704749237,False,stability_or_viability_filter,5,2023-10-02,2025-10-03
etf_peer_groups,financial_equity,VFH/XLF,XLF,VFH,1.0,0.9992201879955476,0.4251772416229888,0.2076337350723049,0.9765443655933466,-0.7736207535326243,0.9694377218639958,0.0310390437387104,22.331460543530973,-3.3841590375830014e-05,0.0014445288045281,45.0,31.0,-3.6884076040324644e-15,0.0058792995187429,504.0,45.0,3.0,0.9962548656426694,0.0034961454406763,0.0,0.3333333333333333,1.0,0.0304577037007882,1.0,1.1310192189214134,0.0258756407050896,0.613142819006825,13.0,-2.3232736193894783,-0.0327955854996234,0.0,25.0,0.5131428190068249,False,stability_or_viability_filter,5,2023-10-02,2025-10-03
etf_peer_groups,broad_us_equity,SPY/VTI,SPY,VTI,1.0,0.9995461042650778,0.1470074616960045,0.0504199932333383,1.012184192117921,0.6378658400096147,0.9678805565734592,0.0326465912885423,21.231839319261844,-1.918970068009997e-05,0.0009067957845295,42.0,27.0,1.6870103197994642e-14,0.0036017450265308,504.0,42.0,3.0,0.9986650632582084,0.0004136032799585,0.0,0.3333333333333333,1.0,0.0150492770324084,1.0,1.2553608990554788,0.0335277266658422,0.6129801598146345,12.0,-2.355676001941545,-0.022452787445381,0.0,24.0,0.5129801598146344,False,stability_or_viability_filter,5,2023-10-02,2025-10-03
etf_peer_groups,broad_us_equity,SCHB/SPY,SPY,SCHB,1.0,0.9995363116299796,0.2099300393408336,0.079562683889047,1.0086479398459658,3.2262968637950658,0.95426388544631,0.0468150363006949,14.80608016851322,3.960513015844937e-05,0.0010887793495316,30.0,30.0,-5.35109875281633e-14,0.0036403819503796,504.0,30.0,3.0,0.9986175180630914,0.0004540089919008,0.0,0.3333333333333333,1.0,0.0150457944983008,1.0,1.54752633267832,0.0660028603498805,0.6097207601474515,15.0,-2.698272782156211,-0.0356487016383345,0.0,30.0,0.5097207601474514,False,stability_or_viability_filter,5,2023-10-02,2025-10-03
stock_peer_groups,payments_credit,SYF/V,V,SYF,1.0,0.8602324403002604,0.5257306801129499,0.2850562238278814,0.4089203872239706,4.0941221733838224,0.984467843748662,0.0156540439567927,44.279112954653904,0.0078918857114784,0.0117615526327954,89.0,12.0,1.863588648477941e-14,0.067716412129639,504.0,89.0,3.0,0.6085128450032471,0.2161099357556559,0.0,0.3333333333333333,0.6666666666666666,0.4014803054729668,1.0,1.1885990057280778,0.2268188588237717,0.4627796587017679,5.0,-0.085177863590463,-0.1355823102828466,0.9210206079709752,10.0,0.5085540095617472,False,stability_or_viability_filter,5,2023-10-02,2025-10-03
etf_peer_groups,intermediate_treasuries,IEF/SCHR,IEF,SCHR,1.0,0.9817856642878868,0.2521936361334715,0.1010397122651345,0.9910375471031768,1.3740503653213427,0.9709977470641488,0.0294311309158018,23.55149662929833,0.0004368739371518,0.0015071614431996,47.0,27.0,3.1748853986740985e-14,0.0063874570067446,504.0,47.0,3.0,0.9823858228779804,0.009235744503844,0.0,0.3333333333333333,1.0,0.0672292834900531,1.0,1.1926192538496971,0.0468904819812654,0.6075740741880352,12.0,-2.866857390668025,-0.0274113859285595,0.0,23.0,0.5075740741880351,False,stability_or_viability_filter,5,2023-10-02,2025-10-03
stock_peer_groups,enterprise_software,ADSK/ORCL,ORCL,ADSK,1.0,0.8337072801534412,0.4987235417992042,0.2633638468821929,1.7742116201469011,-4.884749849627008,0.9801866822045264,0.02001223341339,34.63617309681008,0.0255457713369579,0.03353644553766,69.0,26.0,-2.7755575615628917e-15,0.1557612705088919,504.0,69.0,3.0,0.721426759388334,0.1701714931725054,0.3333333333333333,0.3333333333333333,0.6666666666666666,0.4652485635111825,1.0,2.2978628654951927,0.3560136706162507,0.5614219894521251,5.0,-0.5901561687961993,-0.0832497356536439,0.3548083491593038,10.0,0.5031389815906604,False,stability_or_viability_filter,5,2023-10-02,2025-10-03
stock_peer_groups,money_center_banks,BAC/JPM,JPM,BAC,1.0,0.960838639383788,0.3709890914260959,0.1707160086558988,1.202770491065844,0.9677670079878976,0.9785052793802568,0.0217290967796141,31.899493457558,-0.0015261855315495,0.0126580496911397,64.0,20.0,-4.736246668226303e-14,0.0620183246166805,504.0,64.0,3.0,0.9067603796580748,0.0569895027599501,0.0,0.3333333333333333,1.0,0.1248219875101699,1.0,1.2916072736362536,0.093004638271846,0.5840562977540007,7.0,-1.1679896260970792,-0.0986262977552426,0.2845193983236473,14.0,0.485782267670183,False,stability_or_viability_filter,5,2023-10-02,2025-10-03
etf_peer_groups,financial_equity,KRE/XLF,XLF,KRE,1.0,0.9325836391171471,0.4237626920323648,0.2067079783390966,0.942437160049309,0.0479909772228924,0.9770942975727474,0.0231721141222014,29.912988383560293,0.0042321562069404,0.0114838619721041,60.0,18.0,-2.6359866670385855e-14,0.0537467385161334,504.0,60.0,3.0,0.8235614872984343,0.1000571681674011,0.0,0.0,0.6666666666666666,0.2000882755178902,1.0,1.4982375204278595,0.1554082057204148,0.4570162179192337,9.0,-0.3574965085971541,-0.0648343521702222,0.5957124421490642,18.0,0.4831773637371138,False,stability_or_viability_filter,5,2023-10-02,2025-10-03
stock_peer_groups,mega_cap_platforms,AMZN/MSFT,MSFT,AMZN,1.0,0.8206664724111966,0.6533161421787054,0.4073963643316196,0.5813639593591879,2.9857395416978703,0.987764085576808,0.0123113895272585,56.301295562556334,0.0294570543025827,0.0109129073529211,90.0,23.0,-5.756770721496825e-14,0.0636237266392946,504.0,90.0,3.0,0.6160861572482094,0.2927409343485175,0.3333333333333333,0.3333333333333333,0.6666666666666666,0.5663047402463617,1.0,1.2788587756731538,0.3173328666064212,0.5389549193180768,8.0,-0.8189219945419121,-0.104712568296824,0.3281907286173454,16.0,0.4825261565676573,False,stability_or_viability_filter,5,2023-10-02,2025-10-03
etf_peer_groups,developed_international,EFA/VEA,EFA,VEA,1.0,0.998119409779148,0.7196822844538333,0.4834748484781361,0.9771846297577198,0.5383807385606255,0.9871001780930764,0.0129837471378103,53.38575784038592,-0.0009519205568411,0.0010340824197374,90.0,15.0,-2.904731129348644e-14,0.0057510860776998,504.0,90.0,3.0,0.9954229106957744,0.0033957559973663,0.0,0.3333333333333333,1.0,0.0493629841159264,1.0,1.5001951560479083,0.0731634862653096,0.6082060457140793,5.0,-1.8529353362070624,-0.0134600305966903,0.0875578157135517,10.0,0.4750839364997569,False,stability_or_viability_filter,5,2023-10-02,2025-10-03
etf_peer_groups,us_real_estate,IYR/SCHH,SCHH,IYR,1.0,0.9969178886546304,0.8078153500047225,0.598149449191385,0.9823272807329512,-1.42210735395471,0.9804889754863308,0.0197038771760759,35.17821261094492,-0.0003673395009867,0.0012840137160993,70.0,34.0,4.1564635331442775e-14,0.0063416811427386,504.0,70.0,3.0,0.9880967115102774,0.0149416012084694,0.0,0.3333333333333333,1.0,0.0123971047749265,1.0,1.085496457460856,0.0186125083790049,0.6118295937063355,5.0,-1.519540266592485,-0.0137808690579156,0.0,10.0,0.4743295937063355,False,stability_or_viability_filter,5,2023-10-02,2025-10-03
stock_peer_groups,payments_credit,AXP/COF,AXP,COF,1.0,0.954100879217452,0.4510264312138827,0.226246283020422,0.9178454571338058,0.8756584412099897,0.982157375468228,0.0180037233170122,38.50021289235035,0.0047290246739447,0.0126343998475614,77.0,23.0,-2.191368779557749e-14,0.0678374140906954,504.0,77.0,3.0,0.9082878101750632,0.0312337166406884,0.0,0.0,1.0,0.3176220822634901,1.0,1.5716117173490878,0.1797976793401803,0.5090921846097477,5.0,-0.4427306372191462,-0.0827376566571025,0.3254692773136655,9.0,0.471456052892559,False,stability_or_viability_filter,5,2023-10-02,2025-10-03
stock_peer_groups,capital_markets,GS/SCHW,GS,SCHW,1.0,0.9071622789193614,0.4761840623483062,0.2454029019871397,1.4260685780530389,0.089219434277075,0.9844764148868872,0.015645337627817,44.30375342795718,0.0140471942763372,0.0201292051984914,89.0,18.0,-1.7615538657385816e-14,0.1114677054637331,504.0,89.0,3.0,0.710876309827789,0.140024534793941,0.0,0.0,0.6666666666666666,0.1091257731173943,1.0,1.08938529396237,0.092981801966264,0.4350875639269875,10.0,-0.3777115734960322,-0.1107154512935132,0.67069216121094,19.0,0.4619654359631296,False,stability_or_viability_filter,5,2023-10-02,2025-10-03
stock_peer_groups,semiconductors,ADI/MU,MU,ADI,1.0,0.7821356100700018,0.6244244668939349,0.3777811678012128,1.440914294418762,-3.0711665716343246,0.980784582854645,0.0194024328729133,35.724756019004694,0.0523407366256753,0.0308706190226018,71.0,14.0,2.7632217501781677e-14,0.1307412085660315,504.0,71.0,3.0,0.6108146287147669,0.291514439840379,0.0,0.0,1.0,0.4721139365469812,1.0,1.373498572936093,0.2960426335664637,0.4230993938220453,6.0,-0.1714656122177169,-0.1660675922356675,0.788803877255257,11.0,0.4618197458521506,False,stability_or_viability_filter,5,2023-10-02,2025-10-03
etf_peer_groups,broad_us_equity,IVV/SCHB,IVV,SCHB,1.0,0.9995333065117838,0.2017823204131908,0.0755727146226595,1.0122278221981502,3.218793333143879,0.9656825000343148,0.034920173707774,19.84947687719077,4.194161214176431e-05,0.0009525017797347,40.0,25.0,-1.801557139800472e-14,0.0036651298453602,504.0,40.0,3.0,0.998605286099496,0.0004473323333825,0.0,0.0,1.0,0.0148006349196346,1.0,1.174889626348993,0.0245148364564494,0.547199837879229,11.0,-2.2920450040732367,-0.0226741708051971,0.0,22.0,0.4471998378792289,False,stability_or_viability_filter,5,2023-10-02,2025-10-03
etf_peer_groups,broad_us_equity,VOO/VTI,VOO,VTI,1.0,0.9995314399974876,0.1425033928990834,0.0484831086748446,1.015975482573595,0.5311719262105963,0.9556148710756998,0.0454003016217457,15.267457611513809,-2.083737489888769e-05,0.0010835777253552,31.0,33.0,4.4588671379469386e-14,0.0036732118545717,504.0,31.0,3.0,0.9986249799910156,0.0004343324867096,0.0,0.0,1.0,0.0149396755485945,1.0,1.2248535165851049,0.030108393410113,0.5466454056567426,17.0,-2.2937568683926166,-0.0331063599531376,0.0,34.0,0.4466454056567425,False,stability_or_viability_filter,5,2023-10-02,2025-10-03
etf_peer_groups,broad_us_equity,IVV/VTI,IVV,VTI,1.0,0.9995349803512908,0.1600444085389716,0.0561427380794227,1.0157683746758188,0.6212215171862105,0.9580079714152194,0.0428991801531815,16.157585718069697,-2.3274459142327465e-05,0.0010504836452461,32.0,33.0,5.052395891429085e-15,0.0036585528085455,504.0,32.0,3.0,0.9986307545994192,0.0004248450133888,0.0,0.0,1.0,0.0148187954778512,1.0,1.2332713255817895,0.0310002496728344,0.5465576636825713,15.0,-2.236101660370448,-0.0285949785741324,0.0,30.0,0.4465576636825712,False,stability_or_viability_filter,5,2023-10-02,2025-10-03
etf_peer_groups,broad_us_equity,SCHB/VOO,VOO,SCHB,1.0,0.9995322045927608,0.1379874331296808,0.0465555881604187,1.0124366781128324,3.129265876201321,0.9672322207745838,0.0333166667804963,20.80481775462948,4.5431898836352345e-05,0.0009324605570677,42.0,27.0,5.3415825554623997e-14,0.0036702143628082,504.0,42.0,3.0,0.9986076256482406,0.0004509109798459,0.0,0.0,1.0,0.0149333551908838,1.0,1.271435178746495,0.0352875530287427,0.5461231511091859,11.0,-2.3428441679983103,-0.0220759634647174,0.0,22.0,0.4461231511091858,False,stability_or_viability_filter,5,2023-10-02,2025-10-03
etf_peer_groups,us_real_estate,SCHH/VNQ,VNQ,SCHH,1.0,0.9971270390184732,0.7752212578714778,0.5534316141451083,1.0220855678341432,1.3617905580404748,0.9815167207844429,0.0186562294612227,37.15365862114104,0.0007227861126775,0.0012780636551729,74.0,42.0,-2.2879405601124454e-14,0.0062763132173316,504.0,74.0,3.0,0.9899500858536312,0.0117509730267277,0.0,0.0,1.0,0.0103852145593677,1.0,1.2045478641097291,0.0301062696520017,0.5444768944982077,5.0,-0.750112214522283,-0.0089804781525401,0.0001992580251745,10.0,0.4444700252211239,False,stability_or_viability_filter,5,2023-10-02,2025-10-03
stock_peer_groups,industrial_machinery,CAT/CMI,CAT,CMI,1.0,0.9144080003791756,0.2635615427565764,0.1080031327074828,0.7837850038507657,1.36449881324085,0.978538309581736,0.0216953415769515,31.949125027665925,0.0083108873558711,0.0138730698028686,64.0,29.0,-9.865300816117601e-14,0.0644747751587931,504.0,64.0,3.0,0.8229726413197076,0.1097058476000675,0.0,0.0,1.0,0.3489260632562751,1.0,1.1075905403174402,0.1648318080984964,0.4892599795200772,5.0,-0.5416170085418158,-0.0612566059460754,0.3423662797239414,10.0,0.4376357422250019,False,stability_or_viability_filter,5,2023-10-02,2025-10-03
etf_peer_groups,us_growth_technology,VGT/XLK,XLK,VGT,1.0,0.9937915973966426,0.4557440657842446,0.2298648588522762,0.8649554189146874,1.008195363339482,0.9801142999793718,0.0200860814865639,34.50883045673225,0.0034096986219414,0.0026871387497918,69.0,29.0,2.0676582139566606e-14,0.0138169311530599,504.0,69.0,3.0,0.9892133352440102,0.0077945261898476,0.0,0.0,1.0,0.0969633972355337,1.0,2.995435152528073,0.2566343247560241,0.5216399013354001,10.0,-1.2683423275080796,-0.0245013783501717,0.2483151315550922,19.0,0.4340556579131546,False,stability_or_viability_filter,5,2023-10-02,2025-10-03
etf_peer_groups,developed_international,EFA/IEFA,EFA,IEFA,1.0,0.9996713740281116,0.237268021337598,0.0935906813704732,0.9826282876308814,0.1491623789319542,0.9682021618362056,0.0323143686385011,21.45012295657512,0.000117456071414,0.0005824494691559,43.0,38.0,-2.4049545423903983e-14,0.002405040080422,504.0,43.0,3.0,0.999210410710004,0.0005763795998081,0.0,0.0,1.0,0.016887662148167,1.0,1.3925156387987463,0.0494341960047413,0.544859183077027,6.0,-2.34495713975779,-0.0142285799343949,0.0,11.0,0.4198591830770269,False,stability_or_viability_filter,5,2023-10-02,2025-10-03
stock_peer_groups,big_box_retail,COST/WMT,WMT,COST,1.0,0.9318094272900996,0.7830238426194789,0.5633608487500198,1.2303906313324324,-3.958043382364628,0.9900215605824688,0.0100285577245164,69.11733467569624,0.0095439239328747,0.0137468904924748,90.0,28.0,2.8340645527018678e-14,0.0889051189335105,504.0,90.0,3.0,0.8537708876724027,0.099964559373357,0.0,0.3333333333333333,0.3333333333333333,0.2919144920878104,1.0,1.487922071865154,0.1848399140276284,0.4949587305153379,10.0,-1.0078471515215504,-0.1152009927165782,0.2840438388683467,19.0,0.4091609224587552,False,stability_or_viability_filter,5,2023-10-02,2025-10-03
etf_peer_groups,long_treasuries,TLT/VGLT,TLT,VGLT,1.0,0.9815729007290964,0.9365366936497914,0.8242135443435364,1.0191070211301545,0.3872667506643095,0.992715146269172,0.0073115178528403,94.80209096264056,-0.0049106007545774,0.0009760372915377,90.0,38.0,-5.0894033255832575e-14,0.0077056899700835,504.0,90.0,3.0,0.9911492306585538,0.0076732147316971,0.0,0.0,1.0,0.0239402340022127,1.0,1.1307520041897734,0.025065816710167,0.5452807259936218,5.0,-1.3512037914211017,-0.0102567327218564,0.0,10.0,0.4077807259936217,False,stability_or_viability_filter,5,2023-10-02,2025-10-03
stock_peer_groups,mega_cap_platforms,GOOGL/META,GOOGL,META,1.0,0.8174356153995612,0.8427324270802572,0.6510567864610565,0.4761972192519402,2.124712290350298,0.9889975851979989,0.0110633890226699,62.65233728468007,0.0370173651924942,0.0167055939086075,90.0,21.0,-6.34078327762504e-14,0.0855442265881268,504.0,90.0,3.0,0.632791777607799,0.13566434491226,0.0,0.0,0.6666666666666666,0.4460470655921392,1.0,1.183871273400291,0.2143339449903876,0.4034312165695776,13.0,-0.5790774873598409,-0.2357231906893071,0.6584232568799302,25.0,0.399490756309598,False,stability_or_viability_filter,5,2023-10-02,2025-10-03
etf_peer_groups,long_treasuries,EDV/VGLT,VGLT,EDV,1.0,0.8576302895934526,0.8726987830913059,0.7231218135962489,0.5613014272319696,1.6201375713832329,0.9962315775365174,0.0037755408564495,183.58884380124607,0.0396119660038782,0.0014778322073086,90.0,20.0,3.8501829590492736e-14,0.0199741922539252,504.0,90.0,3.0,0.9315574905672208,0.0654525458316367,0.0,0.0,1.0,0.1998357238782084,1.0,2.1225011334983934,0.2131517714031032,0.511574195501495,6.0,-1.1271659235743028,-0.0280523650067957,0.0523786366794921,12.0,0.3891931273354695,False,stability_or_viability_filter,5,2023-10-02,2025-10-03
etf_peer_groups,long_treasuries,TLH/VGLT,TLH,VGLT,1.0,0.9727217722503476,0.93807162401782,0.8282024698865107,0.9629471042547322,0.731194730453764,0.9936022186718266,0.0064183348426273,107.9948612148457,0.0071051894716072,0.0010609764754333,90.0,29.0,-1.6877152233071622e-14,0.0089193985908156,504.0,90.0,3.0,0.9837991043978604,0.013978837242189,0.0,0.0,0.3333333333333333,0.0291768607839211,1.0,1.685844221901191,0.0905901462199468,0.4702240948108037,9.0,-2.0512766453847164,-0.0215823663819608,0.0,18.0,0.3702240948108037,False,stability_or_viability_filter,5,2023-10-02,2025-10-03
stock_peer_groups,payments_credit,AXP/V,V,AXP,1.0,0.8621829766622162,0.7190177681524381,0.4821932499238081,0.5054904717623054,2.9030542990222896,0.9877896487819724,0.0122855099931094,56.41989473360969,0.0025363621002345,0.0105273766922533,90.0,29.0,-2.826839291747958e-14,0.0672774853269544,504.0,90.0,3.0,0.672590364585027,0.1900612499640947,0.0,0.3333333333333333,0.6666666666666666,0.4146082700171103,1.0,1.2466282951828964,0.2289596505696124,0.4785849594226288,2.0,-0.5813711692949853,-0.0526710888106494,0.0157017635658276,4.0,0.3671643722066724,False,stability_or_viability_filter,5,2023-10-02,2025-10-03
etf_peer_groups,long_treasuries,TLH/TLT,TLH,TLT,1.0,0.9106212534970796,0.9592538146366062,0.8794437612063477,0.868269095451899,0.704631787916306,0.9963949793382276,0.0036115344082641,191.9259522971306,0.0266837069229127,0.0013635575941559,90.0,42.0,-2.256043676389088e-14,0.0158890894425213,504.0,90.0,3.0,0.9516944842578476,0.0416362927032917,0.0,0.0,0.3333333333333333,0.088387642944939,1.0,1.4747431696484905,0.096090552954798,0.4616478991023154,11.0,-1.1538795332433642,-0.023561454579915,0.0811020676174737,22.0,0.3657030024831891,False,stability_or_viability_filter,5,2023-10-02,2025-10-03
etf_peer_groups,long_treasuries,EDV/TLT,TLT,EDV,1.0,0.9391685310856344,0.9320809235279413,0.8479754297103094,0.638170612919046,1.7619334855204276,0.9951482758445984,0.0048635319767178,142.5193015853716,0.0215037752635691,0.0012669235871791,90.0,20.0,-1.4298967653664317e-14,0.0138500055026863,504.0,90.0,3.0,0.9706217294417656,0.0295014893515449,0.0,0.0,0.6666666666666666,0.1364127423727832,1.0,1.8700995715593924,0.1519824740813752,0.4941238516189705,5.0,-0.9800448266355956,-0.0082874198873151,0.0,10.0,0.3596171276236312,False,stability_or_viability_filter,5,2023-10-02,2025-10-03
stock_peer_groups,mega_cap_platforms,AAPL/MSFT,AAPL,MSFT,1.0,0.5089071842488783,,,,,,,,,,,,,,,,,,,,,,,,,,,,,,,,,False,correlation_prescreen,5,2023-10-02,2025-10-03
stock_peer_groups,mega_cap_platforms,AAPL/GOOGL,AAPL,GOOGL,1.0,0.7369264145965738,,,,,,,,,,,,,,,,,,,,,,,,,,,,,,,,,False,correlation_prescreen,5,2023-10-02,2025-10-03
stock_peer_groups,mega_cap_platforms,AAPL/META,AAPL,META,1.0,0.6674245865661345,,,,,,,,,,,,,,,,,,,,,,,,,,,,,,,,,False,correlation_prescreen,5,2023-10-02,2025-10-03
stock_peer_groups,mega_cap_platforms,AAPL/AMZN,AAPL,AMZN,1.0,0.6991524205811941,,,,,,,,,,,,,,,,,,,,,,,,,,,,,,,,,False,correlation_prescreen,5,2023-10-02,2025-10-03
stock_peer_groups,enterprise_software,CRM/MSFT,MSFT,CRM,1.0,0.230184245324955,,,,,,,,,,,,,,,,,,,,,,,,,,,,,,,,,False,correlation_prescreen,5,2023-10-02,2025-10-03
stock_peer_groups,enterprise_software,ADBE/MSFT,MSFT,ADBE,1.0,-0.5813892345307773,,,,,,,,,,,,,,,,,,,,,,,,,,,,,,,,,False,correlation_prescreen,5,2023-10-02,2025-10-03
stock_peer_groups,enterprise_software,MSFT/NOW,MSFT,NOW,1.0,0.6665325570115289,,,,,,,,,,,,,,,,,,,,,,,,,,,,,,,,,False,correlation_prescreen,5,2023-10-02,2025-10-03
stock_peer_groups,enterprise_software,ADSK/MSFT,MSFT,ADSK,1.0,0.7076611362008299,,,,,,,,,,,,,,,,,,,,,,,,,,,,,,,,,False,correlation_prescreen,5,2023-10-02,2025-10-03
stock_peer_groups,enterprise_software,CRM/ORCL,ORCL,CRM,1.0,0.2023140704598216,,,,,,,,,,,,,,,,,,,,,,,,,,,,,,,,,False,correlation_prescreen,5,2023-10-02,2025-10-03
stock_peer_groups,enterprise_software,ADBE/ORCL,ORCL,ADBE,1.0,-0.7164219046830069,,,,,,,,,,,,,,,,,,,,,,,,,,,,,,,,,False,correlation_prescreen,5,2023-10-02,2025-10-03
stock_peer_groups,enterprise_software,INTU/ORCL,ORCL,INTU,1.0,0.6562344973558732,,,,,,,,,,,,,,,,,,,,,,,,,,,,,,,,,False,correlation_prescreen,5,2023-10-02,2025-10-03
stock_peer_groups,enterprise_software,NOW/ORCL,ORCL,NOW,1.0,0.7388348614754446,,,,,,,,,,,,,,,,,,,,,,,,,,,,,,,,,False,correlation_prescreen,5,2023-10-02,2025-10-03
stock_peer_groups,enterprise_software,ADBE/CRM,CRM,ADBE,1.0,-0.0485099931255884,,,,,,,,,,,,,,,,,,,,,,,,,,,,,,,,,False,correlation_prescreen,5,2023-10-02,2025-10-03
stock_peer_groups,enterprise_software,CRM/INTU,CRM,INTU,1.0,0.3109615270887821,,,,,,,,,,,,,,,,,,,,,,,,,,,,,,,,,False,correlation_prescreen,5,2023-10-02,2025-10-03
stock_peer_groups,enterprise_software,CRM/NOW,CRM,NOW,1.0,0.7127869141906158,,,,,,,,,,,,,,,,,,,,,,,,,,,,,,,,,False,correlation_prescreen,5,2023-10-02,2025-10-03
stock_peer_groups,enterprise_software,ADSK/CRM,CRM,ADSK,1.0,0.5748237061191256,,,,,,,,,,,,,,,,,,,,,,,,,,,,,,,,,False,correlation_prescreen,5,2023-10-02,2025-10-03
stock_peer_groups,enterprise_software,ADBE/INTU,ADBE,INTU,1.0,-0.4496576103856528,,,,,,,,,,,,,,,,,,,,,,,,,,,,,,,,,False,correlation_prescreen,5,2023-10-02,2025-10-03
stock_peer_groups,enterprise_software,ADBE/NOW,ADBE,NOW,1.0,-0.4988885684618694,,,,,,,,,,,,,,,,,,,,,,,,,,,,,,,,,False,correlation_prescreen,5,2023-10-02,2025-10-03
stock_peer_groups,enterprise_software,ADBE/ADSK,ADBE,ADSK,1.0,-0.5673912048312699,,,,,,,,,,,,,,,,,,,,,,,,,,,,,,,,,False,correlation_prescreen,5,2023-10-02,2025-10-03
stock_peer_groups,enterprise_software,INTU/NOW,INTU,NOW,1.0,0.634476405124393,,,,,,,,,,,,,,,,,,,,,,,,,,,,,,,,,False,correlation_prescreen,5,2023-10-02,2025-10-03
stock_peer_groups,enterprise_software,ADSK/INTU,INTU,ADSK,1.0,0.6680260090275179,,,,,,,,,,,,,,,,,,,,,,,,,,,,,,,,,False,correlation_prescreen,5,2023-10-02,2025-10-03
stock_peer_groups,semiconductors,AMD/NVDA,NVDA,AMD,1.0,0.1863811853383609,,,,,,,,,,,,,,,,,,,,,,,,,,,,,,,,,False,correlation_prescreen,5,2023-10-02,2025-10-03
stock_peer_groups,semiconductors,INTC/NVDA,NVDA,INTC,1.0,-0.7238837353482488,,,,,,,,,,,,,,,,,,,,,,,,,,,,,,,,,False,correlation_prescreen,5,2023-10-02,2025-10-03
stock_peer_groups,semiconductors,NVDA/QCOM,NVDA,QCOM,1.0,0.6516683353304781,,,,,,,,,,,,,,,,,,,,,,,,,,,,,,,,,False,correlation_prescreen,5,2023-10-02,2025-10-03
stock_peer_groups,semiconductors,MU/NVDA,NVDA,MU,1.0,0.6875537002747253,,,,,,,,,,,,,,,,,,,,,,,,,,,,,,,,,False,correlation_prescreen,5,2023-10-02,2025-10-03
stock_peer_groups,semiconductors,MCHP/NVDA,NVDA,MCHP,1.0,-0.3366926911635292,,,,,,,,,,,,,,,,,,,,,,,,,,,,,,,,,False,correlation_prescreen,5,2023-10-02,2025-10-03
stock_peer_groups,semiconductors,NVDA/NXPI,NVDA,NXPI,1.0,0.3502465198705606,,,,,,,,,,,,,,,,,,,,,,,,,,,,,,,,,False,correlation_prescreen,5,2023-10-02,2025-10-03
stock_peer_groups,semiconductors,AMD/INTC,AMD,INTC,1.0,0.3767063536717224,,,,,,,,,,,,,,,,,,,,,,,,,,,,,,,,,False,correlation_prescreen,5,2023-10-02,2025-10-03
stock_peer_groups,semiconductors,AMD/QCOM,AMD,QCOM,1.0,0.531109257096189,,,,,,,,,,,,,,,,,,,,,,,,,,,,,,,,,False,correlation_prescreen,5,2023-10-02,2025-10-03
stock_peer_groups,semiconductors,AMD/AVGO,AMD,AVGO,1.0,0.0619608504809044,,,,,,,,,,,,,,,,,,,,,,,,,,,,,,,,,False,correlation_prescreen,5,2023-10-02,2025-10-03
stock_peer_groups,semiconductors,AMD/MU,AMD,MU,1.0,0.5785773010105145,,,,,,,,,,,,,,,,,,,,,,,,,,,,,,,,,False,correlation_prescreen,5,2023-10-02,2025-10-03
stock_peer_groups,semiconductors,AMD/TXN,AMD,TXN,1.0,0.2984527592102921,,,,,,,,,,,,,,,,,,,,,,,,,,,,,,,,,False,correlation_prescreen,5,2023-10-02,2025-10-03
stock_peer_groups,semiconductors,ADI/AMD,AMD,ADI,1.0,0.3489059011151757,,,,,,,,,,,,,,,,,,,,,,,,,,,,,,,,,False,correlation_prescreen,5,2023-10-02,2025-10-03
stock_peer_groups,semiconductors,AMD/MCHP,AMD,MCHP,1.0,0.7185982303327941,,,,,,,,,,,,,,,,,,,,,,,,,,,,,,,,,False,correlation_prescreen,5,2023-10-02,2025-10-03
stock_peer_groups,semiconductors,INTC/QCOM,INTC,QCOM,1.0,-0.2212090526472012,,,,,,,,,,,,,,,,,,,,,,,,,,,,,,,,,False,correlation_prescreen,5,2023-10-02,2025-10-03
stock_peer_groups,semiconductors,AVGO/INTC,INTC,AVGO,1.0,-0.6726693555006823,,,,,,,,,,,,,,,,,,,,,,,,,,,,,,,,,False,correlation_prescreen,5,2023-10-02,2025-10-03
stock_peer_groups,semiconductors,INTC/MU,INTC,MU,1.0,-0.1310233652584809,,,,,,,,,,,,,,,,,,,,,,,,,,,,,,,,,False,correlation_prescreen,5,2023-10-02,2025-10-03
stock_peer_groups,semiconductors,INTC/TXN,INTC,TXN,1.0,-0.5946537057963577,,,,,,,,,,,,,,,,,,,,,,,,,,,,,,,,,False,correlation_prescreen,5,2023-10-02,2025-10-03
stock_peer_groups,semiconductors,ADI/INTC,INTC,ADI,1.0,-0.5117341847130257,,,,,,,,,,,,,,,,,,,,,,,,,,,,,,,,,False,correlation_prescreen,5,2023-10-02,2025-10-03
stock_peer_groups,semiconductors,INTC/MCHP,INTC,MCHP,1.0,0.654703215804158,,,,,,,,,,,,,,,,,,,,,,,,,,,,,,,,,False,correlation_prescreen,5,2023-10-02,2025-10-03
stock_peer_groups,semiconductors,INTC/NXPI,INTC,NXPI,1.0,0.1282209588624264,,,,,,,,,,,,,,,,,,,,,,,,,,,,,,,,,False,correlation_prescreen,5,2023-10-02,2025-10-03
stock_peer_groups,semiconductors,AVGO/QCOM,QCOM,AVGO,1.0,0.4329935892880531,,,,,,,,,,,,,,,,,,,,,,,,,,,,,,,,,False,correlation_prescreen,5,2023-10-02,2025-10-03
stock_peer_groups,semiconductors,QCOM/TXN,QCOM,TXN,1.0,0.7051576449163598,,,,,,,,,,,,,,,,,,,,,,,,,,,,,,,,,False,correlation_prescreen,5,2023-10-02,2025-10-03
stock_peer_groups,semiconductors,ADI/QCOM,QCOM,ADI,1.0,0.7213853285933618,,,,,,,,,,,,,,,,,,,,,,,,,,,,,,,,,False,correlation_prescreen,5,2023-10-02,2025-10-03
stock_peer_groups,semiconductors,MCHP/QCOM,QCOM,MCHP,1.0,0.2472522639048464,,,,,,,,,,,,,,,,,,,,,,,,,,,,,,,,,False,correlation_prescreen,5,2023-10-02,2025-10-03
stock_peer_groups,semiconductors,AVGO/MU,AVGO,MU,1.0,0.6006285235499236,,,,,,,,,,,,,,,,,,,,,,,,,,,,,,,,,False,correlation_prescreen,5,2023-10-02,2025-10-03
stock_peer_groups,semiconductors,AVGO/TXN,AVGO,TXN,1.0,0.6868543065866423,,,,,,,,,,,,,,,,,,,,,,,,,,,,,,,,,False,correlation_prescreen,5,2023-10-02,2025-10-03
stock_peer_groups,semiconductors,AVGO/MCHP,AVGO,MCHP,1.0,-0.461662229069963,,,,,,,,,,,,,,,,,,,,,,,,,,,,,,,,,False,correlation_prescreen,5,2023-10-02,2025-10-03
stock_peer_groups,semiconductors,AVGO/NXPI,AVGO,NXPI,1.0,0.1251776842804751,,,,,,,,,,,,,,,,,,,,,,,,,,,,,,,,,False,correlation_prescreen,5,2023-10-02,2025-10-03
stock_peer_groups,semiconductors,MU/TXN,MU,TXN,1.0,0.6563543390959836,,,,,,,,,,,,,,,,,,,,,,,,,,,,,,,,,False,correlation_prescreen,5,2023-10-02,2025-10-03
stock_peer_groups,semiconductors,MCHP/MU,MU,MCHP,1.0,0.2786854343646897,,,,,,,,,,,,,,,,,,,,,,,,,,,,,,,,,False,correlation_prescreen,5,2023-10-02,2025-10-03
stock_peer_groups,semiconductors,MU/NXPI,MU,NXPI,1.0,0.7032642458414043,,,,,,,,,,,,,,,,,,,,,,,,,,,,,,,,,False,correlation_prescreen,5,2023-10-02,2025-10-03
stock_peer_groups,semiconductors,MCHP/TXN,TXN,MCHP,1.0,0.0135161448157963,,,,,,,,,,,,,,,,,,,,,,,,,,,,,,,,,False,correlation_prescreen,5,2023-10-02,2025-10-03
stock_peer_groups,semiconductors,NXPI/TXN,TXN,NXPI,1.0,0.5854728853976365,,,,,,,,,,,,,,,,,,,,,,,,,,,,,,,,,False,correlation_prescreen,5,2023-10-02,2025-10-03
stock_peer_groups,semiconductors,ADI/MCHP,ADI,MCHP,1.0,-0.0033072888079523,,,,,,,,,,,,,,,,,,,,,,,,,,,,,,,,,False,correlation_prescreen,5,2023-10-02,2025-10-03
stock_peer_groups,semiconductors,ADI/NXPI,ADI,NXPI,1.0,0.5813460071471023,,,,,,,,,,,,,,,,,,,,,,,,,,,,,,,,,False,correlation_prescreen,5,2023-10-02,2025-10-03
stock_peer_groups,semiconductors,MCHP/NXPI,MCHP,NXPI,1.0,0.666459428202788,,,,,,,,,,,,,,,,,,,,,,,,,,,,,,,,,False,correlation_prescreen,5,2023-10-02,2025-10-03
stock_peer_groups,integrated_energy,CVX/XOM,XOM,CVX,1.0,0.6340501482680211,,,,,,,,,,,,,,,,,,,,,,,,,,,,,,,,,False,correlation_prescreen,5,2023-10-02,2025-10-03
stock_peer_groups,integrated_energy,COP/XOM,XOM,COP,1.0,0.0660060464391257,,,,,,,,,,,,,,,,,,,,,,,,,,,,,,,,,False,correlation_prescreen,5,2023-10-02,2025-10-03
stock_peer_groups,integrated_energy,OXY/XOM,XOM,OXY,1.0,-0.0811677526619573,,,,,,,,,,,,,,,,,,,,,,,,,,,,,,,,,False,correlation_prescreen,5,2023-10-02,2025-10-03
stock_peer_groups,integrated_energy,COP/CVX,CVX,COP,1.0,0.1244924823985722,,,,,,,,,,,,,,,,,,,,,,,,,,,,,,,,,False,correlation_prescreen,5,2023-10-02,2025-10-03
stock_peer_groups,integrated_energy,CVX/OXY,CVX,OXY,1.0,0.0325336935778155,,,,,,,,,,,,,,,,,,,,,,,,,,,,,,,,,False,correlation_prescreen,5,2023-10-02,2025-10-03
stock_peer_groups,oilfield_services,BKR/SLB,SLB,BKR,1.0,-0.6383481205999928,,,,,,,,,,,,,,,,,,,,,,,,,,,,,,,,,False,correlation_prescreen,5,2023-10-02,2025-10-03
stock_peer_groups,oilfield_services,BKR/HAL,HAL,BKR,1.0,-0.6655131572532698,,,,,,,,,,,,,,,,,,,,,,,,,,,,,,,,,False,correlation_prescreen,5,2023-10-02,2025-10-03
stock_peer_groups,big_box_retail,TGT/WMT,WMT,TGT,1.0,-0.4789237979810095,,,,,,,,,,,,,,,,,,,,,,,,,,,,,,,,,False,correlation_prescreen,5,2023-10-02,2025-10-03
stock_peer_groups,big_box_retail,COST/TGT,COST,TGT,1.0,-0.2449330140586851,,,,,,,,,,,,,,,,,,,,,,,,,,,,,,,,,False,correlation_prescreen,5,2023-10-02,2025-10-03
stock_peer_groups,beverages,KO/PEP,KO,PEP,1.0,-0.433840725990309,,,,,,,,,,,,,,,,,,,,,,,,,,,,,,,,,False,correlation_prescreen,5,2023-10-02,2025-10-03
stock_peer_groups,beverages,KDP/KO,KO,KDP,1.0,0.6322368871033278,,,,,,,,,,,,,,,,,,,,,,,,,,,,,,,,,False,correlation_prescreen,5,2023-10-02,2025-10-03
stock_peer_groups,beverages,KO/MNST,KO,MNST,1.0,0.3104811466553325,,,,,,,,,,,,,,,,,,,,,,,,,,,,,,,,,False,correlation_prescreen,5,2023-10-02,2025-10-03
stock_peer_groups,beverages,KDP/PEP,PEP,KDP,1.0,0.0706625310566489,,,,,,,,,,,,,,,,,,,,,,,,,,,,,,,,,False,correlation_prescreen,5,2023-10-02,2025-10-03
stock_peer_groups,beverages,MNST/PEP,PEP,MNST,1.0,-0.5524417952953523,,,,,,,,,,,,,,,,,,,,,,,,,,,,,,,,,False,correlation_prescreen,5,2023-10-02,2025-10-03
stock_peer_groups,beverages,KDP/MNST,KDP,MNST,1.0,-0.1956697788933381,,,,,,,,,,,,,,,,,,,,,,,,,,,,,,,,,False,correlation_prescreen,5,2023-10-02,2025-10-03
stock_peer_groups,large_pharma,JNJ/MRK,JNJ,MRK,1.0,-0.4544517782675356,,,,,,,,,,,,,,,,,,,,,,,,,,,,,,,,,False,correlation_prescreen,5,2023-10-02,2025-10-03
stock_peer_groups,large_pharma,JNJ/PFE,JNJ,PFE,1.0,-0.0653962547998513,,,,,,,,,,,,,,,,,,,,,,,,,,,,,,,,,False,correlation_prescreen,5,2023-10-02,2025-10-03
stock_peer_groups,large_pharma,BMY/JNJ,JNJ,BMY,1.0,0.1547899732396425,,,,,,,,,,,,,,,,,,,,,,,,,,,,,,,,,False,correlation_prescreen,5,2023-10-02,2025-10-03
stock_peer_groups,large_pharma,JNJ/LLY,JNJ,LLY,1.0,0.2050769145633479,,,,,,,,,,,,,,,,,,,,,,,,,,,,,,,,,False,correlation_prescreen,5,2023-10-02,2025-10-03
stock_peer_groups,large_pharma,MRK/PFE,MRK,PFE,1.0,0.489137902446611,,,,,,,,,,,,,,,,,,,,,,,,,,,,,,,,,False,correlation_prescreen,5,2023-10-02,2025-10-03
stock_peer_groups,large_pharma,ABBV/MRK,MRK,ABBV,1.0,-0.4458801284519636,,,,,,,,,,,,,,,,,,,,,,,,,,,,,,,,,False,correlation_prescreen,5,2023-10-02,2025-10-03
stock_peer_groups,large_pharma,BMY/MRK,MRK,BMY,1.0,-0.3967104394142727,,,,,,,,,,,,,,,,,,,,,,,,,,,,,,,,,False,correlation_prescreen,5,2023-10-02,2025-10-03
stock_peer_groups,large_pharma,LLY/MRK,MRK,LLY,1.0,0.1152988716343654,,,,,,,,,,,,,,,,,,,,,,,,,,,,,,,,,False,correlation_prescreen,5,2023-10-02,2025-10-03
stock_peer_groups,large_pharma,ABBV/PFE,PFE,ABBV,1.0,-0.2731633886724833,,,,,,,,,,,,,,,,,,,,,,,,,,,,,,,,,False,correlation_prescreen,5,2023-10-02,2025-10-03
stock_peer_groups,large_pharma,BMY/PFE,PFE,BMY,1.0,-0.0861192607699164,,,,,,,,,,,,,,,,,,,,,,,,,,,,,,,,,False,correlation_prescreen,5,2023-10-02,2025-10-03
stock_peer_groups,large_pharma,LLY/PFE,PFE,LLY,1.0,-0.0304027370619904,,,,,,,,,,,,,,,,,,,,,,,,,,,,,,,,,False,correlation_prescreen,5,2023-10-02,2025-10-03
stock_peer_groups,large_pharma,ABBV/BMY,ABBV,BMY,1.0,0.2710444091632519,,,,,,,,,,,,,,,,,,,,,,,,,,,,,,,,,False,correlation_prescreen,5,2023-10-02,2025-10-03
stock_peer_groups,large_pharma,ABBV/LLY,ABBV,LLY,1.0,0.6280242652206264,,,,,,,,,,,,,,,,,,,,,,,,,,,,,,,,,False,correlation_prescreen,5,2023-10-02,2025-10-03
stock_peer_groups,large_pharma,BMY/LLY,BMY,LLY,1.0,0.0150588964134088,,,,,,,,,,,,,,,,,,,,,,,,,,,,,,,,,False,correlation_prescreen,5,2023-10-02,2025-10-03
stock_peer_groups,managed_care,CI/UNH,UNH,CI,1.0,0.2314244446725859,,,,,,,,,,,,,,,,,,,,,,,,,,,,,,,,,False,correlation_prescreen,5,2023-10-02,2025-10-03
stock_peer_groups,managed_care,CVS/UNH,UNH,CVS,1.0,-0.3423958163515996,,,,,,,,,,,,,,,,,,,,,,,,,,,,,,,,,False,correlation_prescreen,5,2023-10-02,2025-10-03
stock_peer_groups,managed_care,HUM/UNH,UNH,HUM,1.0,0.4700132679129988,,,,,,,,,,,,,,,,,,,,,,,,,,,,,,,,,False,correlation_prescreen,5,2023-10-02,2025-10-03
stock_peer_groups,managed_care,CI/CVS,CI,CVS,1.0,0.0155511119607174,,,,,,,,,,,,,,,,,,,,,,,,,,,,,,,,,False,correlation_prescreen,5,2023-10-02,2025-10-03
stock_peer_groups,managed_care,CI/HUM,CI,HUM,1.0,-0.1329002339571585,,,,,,,,,,,,,,,,,,,,,,,,,,,,,,,,,False,correlation_prescreen,5,2023-10-02,2025-10-03
stock_peer_groups,managed_care,CI/CNC,CI,CNC,1.0,0.3543261549206697,,,,,,,,,,,,,,,,,,,,,,,,,,,,,,,,,False,correlation_prescreen,5,2023-10-02,2025-10-03
stock_peer_groups,managed_care,CVS/HUM,CVS,HUM,1.0,0.182363103392973,,,,,,,,,,,,,,,,,,,,,,,,,,,,,,,,,False,correlation_prescreen,5,2023-10-02,2025-10-03
stock_peer_groups,managed_care,CNC/CVS,CVS,CNC,1.0,-0.188536085915724,,,,,,,,,,,,,,,,,,,,,,,,,,,,,,,,,False,correlation_prescreen,5,2023-10-02,2025-10-03
stock_peer_groups,managed_care,CNC/HUM,HUM,CNC,1.0,0.5188231773524015,,,,,,,,,,,,,,,,,,,,,,,,,,,,,,,,,False,correlation_prescreen,5,2023-10-02,2025-10-03
stock_peer_groups,industrial_machinery,CAT/DE,CAT,DE,1.0,0.591490258158119,,,,,,,,,,,,,,,,,,,,,,,,,,,,,,,,,False,correlation_prescreen,5,2023-10-02,2025-10-03
stock_peer_groups,industrial_machinery,CAT/PCAR,CAT,PCAR,1.0,0.6376976494249326,,,,,,,,,,,,,,,,,,,,,,,,,,,,,,,,,False,correlation_prescreen,5,2023-10-02,2025-10-03
stock_peer_groups,industrial_machinery,CMI/DE,DE,CMI,1.0,0.7309275038965529,,,,,,,,,,,,,,,,,,,,,,,,,,,,,,,,,False,correlation_prescreen,5,2023-10-02,2025-10-03
stock_peer_groups,industrial_machinery,DE/PCAR,DE,PCAR,1.0,0.1819061264426154,,,,,,,,,,,,,,,,,,,,,,,,,,,,,,,,,False,correlation_prescreen,5,2023-10-02,2025-10-03
stock_peer_groups,industrial_machinery,CMI/PCAR,CMI,PCAR,1.0,0.5441812693072056,,,,,,,,,,,,,,,,,,,,,,,,,,,,,,,,,False,correlation_prescreen,5,2023-10-02,2025-10-03
stock_peer_groups,railroads,CSX/UNP,UNP,CSX,1.0,0.5992445281678604,,,,,,,,,,,,,,,,,,,,,,,,,,,,,,,,,False,correlation_prescreen,5,2023-10-02,2025-10-03
stock_peer_groups,railroads,NSC/UNP,UNP,NSC,1.0,0.5653930904008434,,,,,,,,,,,,,,,,,,,,,,,,,,,,,,,,,False,correlation_prescreen,5,2023-10-02,2025-10-03
stock_peer_groups,railroads,CSX/NSC,CSX,NSC,1.0,0.5914398543616836,,,,,,,,,,,,,,,,,,,,,,,,,,,,,,,,,False,correlation_prescreen,5,2023-10-02,2025-10-03
etf_peer_groups,long_treasuries,EDV/TLH,TLH,EDV,1.0,0.7166807292503551,,,,,,,,,,,,,,,,,,,,,,,,,,,,,,,,,False,correlation_prescreen,5,2023-10-02,2025-10-03
etf_peer_groups,energy_equity,XLE/XOP,XLE,XOP,1.0,0.6143306678034416,,,,,,,,,,,,,,,,,,,,,,,,,,,,,,,,,False,correlation_prescreen,5,2023-10-02,2025-10-03
etf_peer_groups,energy_equity,OIH/XLE,XLE,OIH,1.0,0.2497418879031229,,,,,,,,,,,,,,,,,,,,,,,,,,,,,,,,,False,correlation_prescreen,5,2023-10-02,2025-10-03
etf_peer_groups,energy_equity,VDE/XOP,VDE,XOP,1.0,0.6316794836322175,,,,,,,,,,,,,,,,,,,,,,,,,,,,,,,,,False,correlation_prescreen,5,2023-10-02,2025-10-03
etf_peer_groups,energy_equity,OIH/VDE,VDE,OIH,1.0,0.2620064627836097,,,,,,,,,,,,,,,,,,,,,,,,,,,,,,,,,False,correlation_prescreen,5,2023-10-02,2025-10-03
