date,pair,strategy_return,strategy_return_gross,position_change,segment,weight,weighted_return
2017-07-05,AVGO/TXN,0.0,0.0,0.0,0,1.0,0.0
2017-07-06,AVGO/TXN,0.0,0.0,0.0,0,1.0,0.0
2017-07-07,AVGO/TXN,-0.0,-0.0,0.0,0,1.0,-0.0
2017-07-10,AVGO/TXN,0.0,0.0,0.0,0,1.0,0.0
2017-07-11,AVGO/TXN,-0.0,-0.0,0.0,0,1.0,-0.0
2017-07-12,AVGO/TXN,0.0,0.0,0.0,0,1.0,0.0
2017-07-13,AVGO/TXN,0.0,0.0,0.0,0,1.0,0.0
2017-07-14,AVGO/TXN,-0.0,-0.0,0.0,0,1.0,-0.0
2017-07-17,AVGO/TXN,-0.0,-0.0,0.0,0,1.0,-0.0
2017-07-18,AVGO/TXN,0.0,0.0,0.0,0,1.0,0.0
2017-07-19,AVGO/TXN,0.0,0.0,0.0,0,1.0,0.0
2017-07-20,AVGO/TXN,-0.0,-0.0,0.0,0,1.0,-0.0
2017-07-21,AVGO/TXN,0.0,0.0,0.0,0,1.0,0.0
2017-07-24,AVGO/TXN,0.0,0.0,0.0,0,1.0,0.0
2017-07-25,AVGO/TXN,-0.0,-0.0,0.0,0,1.0,-0.0
2017-07-26,AVGO/TXN,-0.0,-0.0,0.0,0,1.0,-0.0
2017-07-27,AVGO/TXN,-0.0,-0.0,0.0,0,1.0,-0.0
2017-07-28,AVGO/TXN,0.0,0.0,0.0,0,1.0,0.0
2017-07-31,AVGO/TXN,-0.0,-0.0,0.0,0,1.0,-0.0
2017-08-01,AVGO/TXN,0.0,0.0,0.0,0,1.0,0.0
2017-08-02,AVGO/TXN,0.0,0.0,0.0,0,1.0,0.0
2017-08-03,AVGO/TXN,-0.0,-0.0,0.0,0,1.0,-0.0
2017-08-04,AVGO/TXN,-0.0,-0.0,0.0,0,1.0,-0.0
2017-08-07,AVGO/TXN,0.0,0.0,0.0,0,1.0,0.0
2017-08-08,AVGO/TXN,-0.0,-0.0,0.0,0,1.0,-0.0
2017-08-09,AVGO/TXN,-0.0,-0.0,0.0,0,1.0,-0.0
2017-08-10,AVGO/TXN,-0.0,-0.0,0.0,0,1.0,-0.0
2017-08-11,AVGO/TXN,0.0,0.0,0.0,0,1.0,0.0
2017-08-14,AVGO/TXN,0.0,0.0,0.0,0,1.0,0.0
2017-08-15,AVGO/TXN,0.0,0.0,0.0,0,1.0,0.0
2017-08-16,AVGO/TXN,-0.0,-0.0,0.0,0,1.0,-0.0
2017-08-17,AVGO/TXN,0.0,0.0,0.0,0,1.0,0.0
2017-08-18,AVGO/TXN,0.0,0.0,0.0,0,1.0,0.0
2017-08-21,AVGO/TXN,0.0,0.0,0.0,0,1.0,0.0
2017-08-22,AVGO/TXN,0.0,0.0,0.0,0,1.0,0.0
2017-08-23,AVGO/TXN,0.0,0.0,0.0,0,1.0,0.0
2017-08-24,AVGO/TXN,-0.0,-0.0,0.0,0,1.0,-0.0
2017-08-25,AVGO/TXN,-0.0,-0.0,0.0,0,1.0,-0.0
2017-08-28,AVGO/TXN,-0.0045674028714019,-0.0035674028714019,1.0,0,1.0,-0.0045674028714019
2017-08-29,AVGO/TXN,-0.0048362857860164,-0.0048362857860164,0.0,0,1.0,-0.0048362857860164
2017-08-30,AVGO/TXN,0.0014593758134576,0.0014593758134576,0.0,0,1.0,0.0014593758134576
2017-08-31,AVGO/TXN,0.0096601682756877,0.0096601682756877,0.0,0,1.0,0.0096601682756877
2017-09-01,AVGO/TXN,0.0029882806658177,0.0029882806658177,0.0,0,1.0,0.0029882806658177
2017-09-05,AVGO/TXN,-0.0034310006231415,-0.0034310006231415,0.0,0,1.0,-0.0034310006231415
2017-09-06,AVGO/TXN,-0.0006237043956649,-0.0006237043956649,0.0,0,1.0,-0.0006237043956649
2017-09-07,AVGO/TXN,-0.0054236074752925,-0.0054236074752925,0.0,0,1.0,-0.0054236074752925
2017-09-08,AVGO/TXN,-0.0014235696017445,-0.0014235696017445,0.0,0,1.0,-0.0014235696017445
2017-09-11,AVGO/TXN,0.0026467688624716,0.0026467688624716,0.0,0,1.0,0.0026467688624716
2017-09-12,AVGO/TXN,-0.0052002899352761,-0.0052002899352761,0.0,0,1.0,-0.0052002899352761
2017-09-13,AVGO/TXN,-0.0007649273642385,-0.0007649273642385,0.0,0,1.0,-0.0007649273642385
2017-09-14,AVGO/TXN,-0.0019712832566331,-0.0019712832566331,0.0,0,1.0,-0.0019712832566331
2017-09-15,AVGO/TXN,-0.0014951007439654,-0.0014951007439654,0.0,0,1.0,-0.0014951007439654
2017-09-18,AVGO/TXN,-0.0068151384118591,-0.0068151384118591,0.0,0,1.0,-0.0068151384118591
2017-09-19,AVGO/TXN,-0.0038812617606685,-0.0038812617606685,0.0,0,1.0,-0.0038812617606685
2017-09-20,AVGO/TXN,-0.0087620111263827,-0.0087620111263827,0.0,0,1.0,-0.0087620111263827
2017-09-21,AVGO/TXN,-0.0066366757104874,-0.0066366757104874,0.0,0,1.0,-0.0066366757104874
2017-09-22,AVGO/TXN,-0.0148572696736307,-0.0148572696736307,0.0,0,1.0,-0.0148572696736307
2017-09-25,AVGO/TXN,-0.001,-0.0,1.0,0,1.0,-0.001
2017-09-26,AVGO/TXN,0.0018202252706782,0.0028202252706782,1.0,0,1.0,0.0018202252706782
2017-09-27,AVGO/TXN,0.0012806533167379,0.0012806533167379,0.0,0,1.0,0.0012806533167379
2017-09-28,AVGO/TXN,0.0006427580314634,0.0006427580314634,0.0,0,1.0,0.0006427580314634
2017-09-29,AVGO/TXN,-0.0008106304893567,-0.0008106304893567,0.0,0,1.0,-0.0008106304893567
2017-10-02,AVGO/TXN,-0.0045306098561233,-0.0045306098561233,0.0,0,1.0,-0.0045306098561233
2017-10-03,MS/STT,0.0,0.0,0.0,1,1.0,0.0
2017-10-04,MS/STT,-0.0,-0.0,0.0,1,1.0,-0.0
2017-10-05,MS/STT,-0.0,-0.0,0.0,1,1.0,-0.0
2017-10-06,MS/STT,0.0,0.0,0.0,1,1.0,0.0
2017-10-09,MS/STT,-0.0,-0.0,0.0,1,1.0,-0.0
2017-10-10,MS/STT,-0.0,-0.0,0.0,1,1.0,-0.0
2017-10-11,MS/STT,-0.0,-0.0,0.0,1,1.0,-0.0
2017-10-12,MS/STT,-0.0,-0.0,0.0,1,1.0,-0.0
2017-10-13,MS/STT,-0.0,-0.0,0.0,1,1.0,-0.0
2017-10-16,MS/STT,0.0,0.0,0.0,1,1.0,0.0
2017-10-17,MS/STT,0.0,0.0,0.0,1,1.0,0.0
2017-10-18,MS/STT,0.0,0.0,0.0,1,1.0,0.0
2017-10-19,MS/STT,0.0,0.0,0.0,1,1.0,0.0
2017-10-20,MS/STT,0.0,0.0,0.0,1,1.0,0.0
2017-10-23,MS/STT,0.0,0.0,0.0,1,1.0,0.0
2017-10-24,MS/STT,-0.0046182415224168,-0.0036182415224168,1.0,1,1.0,-0.0046182415224168
2017-10-25,MS/STT,-0.0057942451686106,-0.0057942451686106,0.0,1,1.0,-0.0057942451686106
2017-10-26,MS/STT,0.0008606311337302,0.0008606311337302,0.0,1,1.0,0.0008606311337302
2017-10-27,MS/STT,-0.0101433682001443,-0.0101433682001443,0.0,1,1.0,-0.0101433682001443
2017-10-30,MS/STT,0.0036398485349784,0.0036398485349784,0.0,1,1.0,0.0036398485349784
2017-10-31,MS/STT,-0.0015459911013951,-0.0015459911013951,0.0,1,1.0,-0.0015459911013951
2017-11-01,MS/STT,0.005223794715083,0.005223794715083,0.0,1,1.0,0.005223794715083
2017-11-02,MS/STT,-0.0072110700404924,-0.0072110700404924,0.0,1,1.0,-0.0072110700404924
2017-11-03,MS/STT,0.0043456243879311,0.0043456243879311,0.0,1,1.0,0.0043456243879311
2017-11-06,MS/STT,-0.0024895029991353,-0.0024895029991353,0.0,1,1.0,-0.0024895029991353
2017-11-07,MS/STT,-0.0021237432012922,-0.0021237432012922,0.0,1,1.0,-0.0021237432012922
2017-11-08,MS/STT,0.0081693327095405,0.0081693327095405,0.0,1,1.0,0.0081693327095405
2017-11-09,MS/STT,0.0005647056583284,0.0005647056583284,0.0,1,1.0,0.0005647056583284
2017-11-10,MS/STT,4.358219358083013e-05,4.358219358083013e-05,0.0,1,1.0,4.358219358083013e-05
2017-11-13,MS/STT,0.0021450589637279,0.0021450589637279,0.0,1,1.0,0.0021450589637279
2017-11-14,MS/STT,0.0054132651405995,0.0054132651405995,0.0,1,1.0,0.0054132651405995
2017-11-15,MS/STT,0.0058971411571028,0.0058971411571028,0.0,1,1.0,0.0058971411571028
2017-11-16,MS/STT,-0.0028532713835311,-0.0028532713835311,0.0,1,1.0,-0.0028532713835311
2017-11-17,MS/STT,-0.0015556046192197,-0.0015556046192197,0.0,1,1.0,-0.0015556046192197
2017-11-20,MS/STT,-0.001,0.0,1.0,1,1.0,-0.001
2017-11-21,MS/STT,0.0,0.0,0.0,1,1.0,0.0
2017-11-22,MS/STT,-0.0,-0.0,0.0,1,1.0,-0.0
2017-11-24,MS/STT,0.0,0.0,0.0,1,1.0,0.0
2017-11-27,MS/STT,0.0,0.0,0.0,1,1.0,0.0
2017-11-28,MS/STT,0.0,0.0,0.0,1,1.0,0.0
2017-11-29,MS/STT,0.0,0.0,0.0,1,1.0,0.0
2017-11-30,MS/STT,-0.0,-0.0,0.0,1,1.0,-0.0
2017-12-01,MS/STT,0.0,0.0,0.0,1,1.0,0.0
2017-12-04,MS/STT,-0.0,-0.0,0.0,1,1.0,-0.0
2017-12-05,MS/STT,-0.0,-0.0,0.0,1,1.0,-0.0
2017-12-06,MS/STT,-0.0,-0.0,0.0,1,1.0,-0.0
2017-12-07,MS/STT,0.0,0.0,0.0,1,1.0,0.0
2017-12-08,MS/STT,0.0,0.0,0.0,1,1.0,0.0
2017-12-11,MS/STT,0.0,0.0,0.0,1,1.0,0.0
2017-12-12,MS/STT,0.0,0.0,0.0,1,1.0,0.0
2017-12-13,MS/STT,-0.0,-0.0,0.0,1,1.0,-0.0
2017-12-14,MS/STT,0.0,0.0,0.0,1,1.0,0.0
2017-12-15,MS/STT,0.0,0.0,0.0,1,1.0,0.0
2017-12-18,MS/STT,0.0,0.0,0.0,1,1.0,0.0
2017-12-19,MS/STT,-0.0,-0.0,0.0,1,1.0,-0.0
2017-12-20,MS/STT,-0.0,-0.0,0.0,1,1.0,-0.0
2017-12-21,MS/STT,-0.0,-0.0,0.0,1,1.0,-0.0
2017-12-22,MS/STT,0.0,0.0,0.0,1,1.0,0.0
2017-12-26,MS/STT,-0.0,-0.0,0.0,1,1.0,-0.0
2017-12-27,MS/STT,-0.0,-0.0,0.0,1,1.0,-0.0
2017-12-28,MS/STT,-0.0,-0.0,0.0,1,1.0,-0.0
2017-12-29,MS/STT,-0.0,-0.0,0.0,1,1.0,-0.0
2018-01-02,MS/STT,0.0,0.0,0.0,1,1.0,0.0
2018-01-03,TLH/TLT,-0.0,-0.0,0.0,2,1.0,-0.0
2018-01-04,TLH/TLT,-0.0,-0.0,0.0,2,1.0,-0.0
2018-01-05,TLH/TLT,0.0,0.0,0.0,2,1.0,0.0
2018-01-08,TLH/TLT,-0.0,-0.0,0.0,2,1.0,-0.0
2018-01-09,TLH/TLT,0.0,0.0,0.0,2,1.0,0.0
2018-01-10,TLH/TLT,0.0,0.0,0.0,2,1.0,0.0
2018-01-11,TLH/TLT,-0.0,-0.0,0.0,2,1.0,-0.0
2018-01-12,TLH/TLT,-0.0,-0.0,0.0,2,1.0,-0.0
2018-01-16,TLH/TLT,-0.0,-0.0,0.0,2,1.0,-0.0
2018-01-17,TLH/TLT,-0.0,-0.0,0.0,2,1.0,-0.0
2018-01-18,TLH/TLT,0.0,0.0,0.0,2,1.0,0.0
2018-01-19,TLH/TLT,0.0,0.0,0.0,2,1.0,0.0
2018-01-22,TLH/TLT,-0.0,-0.0,0.0,2,1.0,-0.0
2018-01-23,TLH/TLT,0.0,0.0,0.0,2,1.0,0.0
2018-01-24,TLH/TLT,0.0,0.0,0.0,2,1.0,0.0
2018-01-25,TLH/TLT,-0.0,-0.0,0.0,2,1.0,-0.0
2018-01-26,TLH/TLT,-0.0,-0.0,0.0,2,1.0,-0.0
2018-01-29,TLH/TLT,0.0,0.0,0.0,2,1.0,0.0
2018-01-30,TLH/TLT,0.0,0.0,0.0,2,1.0,0.0
2018-01-31,TLH/TLT,-0.0,-0.0,0.0,2,1.0,-0.0
2018-02-01,TLH/TLT,0.0,0.0,0.0,2,1.0,0.0
2018-02-02,TLH/TLT,0.0,0.0,0.0,2,1.0,0.0
2018-02-05,TLH/TLT,-0.0019840968236697,-0.0009840968236697,1.0,2,1.0,-0.0019840968236697
2018-02-06,TLH/TLT,0.000458455560348,0.000458455560348,0.0,2,1.0,0.000458455560348
2018-02-07,TLH/TLT,-0.0006901526881005,-0.0006901526881005,0.0,2,1.0,-0.0006901526881005
2018-02-08,TLH/TLT,-0.0004607486405337,-0.0004607486405337,0.0,2,1.0,-0.0004607486405337
2018-02-09,TLH/TLT,-0.0008840523049745,-0.0008840523049745,0.0,2,1.0,-0.0008840523049745
2018-02-12,TLH/TLT,0.0005194672864385,0.0005194672864385,0.0,2,1.0,0.0005194672864385
2018-02-13,TLH/TLT,0.0008170375864563,0.0008170375864563,0.0,2,1.0,0.0008170375864563
2018-02-14,TLH/TLT,-0.0003653514709329,-0.0003653514709329,0.0,2,1.0,-0.0003653514709329
2018-02-15,TLH/TLT,0.0004474386019213,0.0004474386019213,0.0,2,1.0,0.0004474386019213
2018-02-16,TLH/TLT,0.0004963467125267,0.0004963467125267,0.0,2,1.0,0.0004963467125267
2018-02-20,TLH/TLT,-0.0006422313625718,-0.0006422313625718,0.0,2,1.0,-0.0006422313625718
2018-02-21,TLH/TLT,-0.0015520578074414,-0.0015520578074414,0.0,2,1.0,-0.0015520578074414
2018-02-22,TLH/TLT,-8.528880807387816e-05,-8.528880807387816e-05,0.0,2,1.0,-8.528880807387816e-05
2018-02-23,TLH/TLT,0.000604244221819,0.000604244221819,0.0,2,1.0,0.000604244221819
2018-02-26,TLH/TLT,-0.0002138910392664,-0.0002138910392664,0.0,2,1.0,-0.0002138910392664
2018-02-27,TLH/TLT,0.0008634307543475,0.0008634307543475,0.0,2,1.0,0.0008634307543475
2018-02-28,TLH/TLT,0.0005330376278902,0.0005330376278902,0.0,2,1.0,0.0005330376278902
2018-03-01,TLH/TLT,2.232126590117601e-05,2.232126590117601e-05,0.0,2,1.0,2.232126590117601e-05
2018-03-02,TLH/TLT,-0.0003176254821721,-0.0003176254821721,0.0,2,1.0,-0.0003176254821721
2018-03-05,TLH/TLT,-0.001,0.0,1.0,2,1.0,-0.001
2018-03-06,TLH/TLT,-0.0,-0.0,0.0,2,1.0,-0.0
2018-03-07,TLH/TLT,0.0,0.0,0.0,2,1.0,0.0
2018-03-08,TLH/TLT,-0.0,-0.0,0.0,2,1.0,-0.0
2018-03-09,TLH/TLT,0.0,0.0,0.0,2,1.0,0.0
2018-03-12,TLH/TLT,-0.0,-0.0,0.0,2,1.0,-0.0
2018-03-13,TLH/TLT,-0.0,-0.0,0.0,2,1.0,-0.0
2018-03-14,TLH/TLT,-0.0,-0.0,0.0,2,1.0,-0.0
2018-03-15,TLH/TLT,-0.0010886942047742,-8.869420477426324e-05,1.0,2,1.0,-0.0010886942047742
2018-03-16,TLH/TLT,0.0001332728405542,0.0001332728405542,0.0,2,1.0,0.0001332728405542
2018-03-19,TLH/TLT,0.0005796356483182,0.0005796356483182,0.0,2,1.0,0.0005796356483182
2018-03-20,TLH/TLT,-4.1060129013099e-05,-4.1060129013099e-05,0.0,2,1.0,-4.1060129013099e-05
2018-03-21,TLH/TLT,-5.8696834184357896e-05,-5.8696834184357896e-05,0.0,2,1.0,-5.8696834184357896e-05
2018-03-22,TLH/TLT,-0.0006073915815797,-0.0006073915815797,0.0,2,1.0,-0.0006073915815797
2018-03-23,TLH/TLT,0.0003586136167828,0.0003586136167828,0.0,2,1.0,0.0003586136167828
2018-03-26,TLH/TLT,0.0001060098344368,0.0001060098344368,0.0,2,1.0,0.0001060098344368
2018-03-27,TLH/TLT,-0.0001954171464603,-0.0001954171464603,0.0,2,1.0,-0.0001954171464603
2018-03-28,TLH/TLT,-0.0007160138941823,-0.0007160138941823,0.0,2,1.0,-0.0007160138941823
2018-03-29,TLH/TLT,-2.081466616292833e-05,-2.081466616292833e-05,0.0,2,1.0,-2.081466616292833e-05
2018-04-02,TLH/TLT,-0.0003022928134925,-0.0003022928134925,0.0,2,1.0,-0.0003022928134925
2018-04-03,TLH/TLT,0.0004770912272857,0.0004770912272857,0.0,2,1.0,0.0004770912272857
2018-04-04,TLH/TLT,0.0004279654187253,0.0004279654187253,0.0,2,1.0,0.0004279654187253
2018-04-05,HUM/UNH,0.0,0.0,0.0,3,0.3,0.0
2018-04-05,MS/SCHW,0.0,0.0,0.0,3,0.35,0.0
2018-04-05,TLH/TLT,0.0,0.0,0.0,3,0.35,0.0
2018-04-06,HUM/UNH,-0.0,-0.0,0.0,3,0.3,-0.0
2018-04-06,MS/SCHW,0.0,0.0,0.0,3,0.35,0.0
2018-04-06,TLH/TLT,-0.0,-0.0,0.0,3,0.35,-0.0
2018-04-09,HUM/UNH,-0.0,-0.0,0.0,3,0.3,-0.0
2018-04-09,MS/SCHW,0.0,0.0,0.0,3,0.35,0.0
2018-04-09,TLH/TLT,-0.0,-0.0,0.0,3,0.35,-0.0
2018-04-10,HUM/UNH,0.0,0.0,0.0,3,0.3,0.0
2018-04-10,MS/SCHW,-0.0,-0.0,0.0,3,0.35,-0.0
2018-04-10,TLH/TLT,0.0,0.0,0.0,3,0.35,0.0
2018-04-11,HUM/UNH,-0.0,-0.0,0.0,3,0.3,-0.0
2018-04-11,MS/SCHW,-0.0,-0.0,0.0,3,0.35,-0.0
2018-04-11,TLH/TLT,-0.0,-0.0,0.0,3,0.35,-0.0
2018-04-12,HUM/UNH,0.0,0.0,0.0,3,0.3,0.0
2018-04-12,MS/SCHW,0.0,0.0,0.0,3,0.35,0.0
2018-04-12,TLH/TLT,0.0,0.0,0.0,3,0.35,0.0
2018-04-13,HUM/UNH,-0.0,-0.0,0.0,3,0.3,-0.0
2018-04-13,MS/SCHW,-0.0,-0.0,0.0,3,0.35,-0.0
2018-04-13,TLH/TLT,-0.0,-0.0,0.0,3,0.35,-0.0
2018-04-16,HUM/UNH,0.0,0.0,0.0,3,0.3,0.0
2018-04-16,MS/SCHW,-0.0,-0.0,0.0,3,0.35,-0.0
2018-04-16,TLH/TLT,-0.0,-0.0,0.0,3,0.35,-0.0
2018-04-17,HUM/UNH,0.0,0.0,0.0,3,0.3,0.0
2018-04-17,MS/SCHW,-0.0071248755727855,-0.0061248755727855,1.0,3,0.35,-0.0024937064504749
2018-04-17,TLH/TLT,-0.0,-0.0,0.0,3,0.35,-0.0
2018-04-18,HUM/UNH,0.0072165789646271,0.0082165789646271,1.0,3,0.3,0.0021649736893881
2018-04-18,MS/SCHW,0.0121139954048833,0.0121139954048833,0.0,3,0.35,0.0042398983917091
2018-04-18,TLH/TLT,0.0,0.0,0.0,3,0.35,0.0
2018-04-19,HUM/UNH,-0.0022173939102578,-0.0022173939102578,0.0,3,0.3,-0.0006652181730773
2018-04-19,MS/SCHW,0.0021356298116841,0.0021356298116841,0.0,3,0.35,0.0007474704340894
2018-04-19,TLH/TLT,0.0,0.0,0.0,3,0.35,0.0
2018-04-20,HUM/UNH,0.0008389509440503,0.0008389509440503,0.0,3,0.3,0.0002516852832151
2018-04-20,MS/SCHW,-0.013326769222734,-0.013326769222734,0.0,3,0.35,-0.0046643692279569
2018-04-20,TLH/TLT,0.0,0.0,0.0,3,0.35,0.0
2018-04-23,HUM/UNH,0.002428979454689,0.002428979454689,0.0,3,0.3,0.0007286938364067
2018-04-23,MS/SCHW,-0.0114264081645408,-0.0114264081645408,0.0,3,0.35,-0.0039992428575892
2018-04-23,TLH/TLT,-0.0,-0.0,0.0,3,0.35,-0.0
2018-04-24,HUM/UNH,-0.0003393767914872,-0.0003393767914872,0.0,3,0.3,-0.0001018130374461
2018-04-24,MS/SCHW,0.0011530087016707,0.0011530087016707,0.0,3,0.35,0.0004035530455847
2018-04-24,TLH/TLT,0.0,0.0,0.0,3,0.35,0.0
2018-04-25,HUM/UNH,0.002323743374007,0.002323743374007,0.0,3,0.3,0.0006971230122021
2018-04-25,MS/SCHW,-0.0116946119444923,-0.0116946119444923,0.0,3,0.35,-0.0040931141805723
2018-04-25,TLH/TLT,0.0,0.0,0.0,3,0.35,0.0
2018-04-26,HUM/UNH,-0.0072195399198963,-0.0072195399198963,0.0,3,0.3,-0.0021658619759689
2018-04-26,MS/SCHW,-0.0067976694919378,-0.0067976694919378,0.0,3,0.35,-0.0023791843221782
2018-04-26,TLH/TLT,-0.0,-0.0,0.0,3,0.35,-0.0
2018-04-27,HUM/UNH,-0.0077339710953758,-0.0077339710953758,0.0,3,0.3,-0.0023201913286127
2018-04-27,MS/SCHW,-0.0036637921655367,-0.0036637921655367,0.0,3,0.35,-0.0012823272579378
2018-04-27,TLH/TLT,-0.0,-0.0,0.0,3,0.35,-0.0
2018-04-30,HUM/UNH,0.0068213027462216,0.0068213027462216,0.0,3,0.3,0.0020463908238665
2018-04-30,MS/SCHW,-0.0001538580945614,-0.0001538580945614,0.0,3,0.35,-5.385033309651572e-05
2018-04-30,TLH/TLT,0.0,0.0,0.0,3,0.35,0.0
2018-05-01,HUM/UNH,9.996277256927509e-06,9.996277256927509e-06,0.0,3,0.3,2.9988831770782524e-06
2018-05-01,MS/SCHW,0.0026153406007381,0.0026153406007381,0.0,3,0.35,0.0009153692102583
2018-05-01,TLH/TLT,-0.0,-0.0,0.0,3,0.35,-0.0
2018-05-02,HUM/UNH,4.6631330929611765e-05,4.6631330929611765e-05,0.0,3,0.3,1.3989399278883532e-05
2018-05-02,MS/SCHW,-0.0015063393098974,-0.0015063393098974,0.0,3,0.35,-0.0005272187584641
2018-05-02,TLH/TLT,0.0,0.0,0.0,3,0.35,0.0
2018-05-03,HUM/UNH,-0.003129600993299,-0.003129600993299,0.0,3,0.3,-0.0009388802979897
2018-05-03,MS/SCHW,-0.0015987263626068,-0.0015987263626068,0.0,3,0.35,-0.0005595542269123
2018-05-03,TLH/TLT,-0.0,-0.0,0.0,3,0.35,-0.0
2018-05-04,HUM/UNH,-0.0039053972592518,-0.0039053972592518,0.0,3,0.3,-0.0011716191777755
2018-05-04,MS/SCHW,-0.0051826309075435,-0.0051826309075435,0.0,3,0.35,-0.0018139208176402
2018-05-04,TLH/TLT,-0.0,-0.0,0.0,3,0.35,-0.0
2018-05-07,HUM/UNH,0.0012431407638882,0.0012431407638882,0.0,3,0.3,0.0003729422291664
2018-05-07,MS/SCHW,0.0039390205509564,0.0039390205509564,0.0,3,0.35,0.0013786571928347
2018-05-07,TLH/TLT,0.0,0.0,0.0,3,0.35,0.0
2018-05-08,HUM/UNH,-0.0014715537301612,-0.0014715537301612,0.0,3,0.3,-0.0004414661190483
2018-05-08,MS/SCHW,0.0080758621705518,0.0080758621705518,0.0,3,0.35,0.0028265517596931
2018-05-08,TLH/TLT,-0.0,-0.0,0.0,3,0.35,-0.0
2018-05-09,HUM/UNH,0.0006378796238299,0.0006378796238299,0.0,3,0.3,0.0001913638871489
2018-05-09,MS/SCHW,-0.0029575454033138,-0.0029575454033138,0.0,3,0.35,-0.0010351408911598
2018-05-09,TLH/TLT,0.0,0.0,0.0,3,0.35,0.0
2018-05-10,HUM/UNH,-0.0012316379640338,-0.0012316379640338,0.0,3,0.3,-0.0003694913892101
2018-05-10,MS/SCHW,0.0065586595111935,0.0065586595111935,0.0,3,0.35,0.0022955308289177
2018-05-10,TLH/TLT,-0.0,-0.0,0.0,3,0.35,-0.0
2018-05-11,HUM/UNH,-0.0089461712015569,-0.0089461712015569,0.0,3,0.3,-0.002683851360467
2018-05-11,MS/SCHW,-0.0017962641074021,-0.0017962641074021,0.0,3,0.35,-0.0006286924375907
2018-05-11,TLH/TLT,-0.0,-0.0,0.0,3,0.35,-0.0
2018-05-14,HUM/UNH,-0.0062129056977798,-0.0062129056977798,0.0,3,0.3,-0.0018638717093339
2018-05-14,MS/SCHW,-0.001,0.0,1.0,3,0.35,-0.00035
2018-05-14,TLH/TLT,-0.000344934873633,0.0006550651263669,1.0,3,0.35,-0.0001207272057715
2018-05-15,HUM/UNH,-0.001,-0.0,1.0,3,0.3,-0.0003
2018-05-15,MS/SCHW,-0.0,-0.0,0.0,3,0.35,-0.0
2018-05-15,TLH/TLT,0.0003586251189706,0.0003586251189706,0.0,3,0.35,0.0001255187916397
2018-05-16,HUM/UNH,0.0,0.0,0.0,3,0.3,0.0
2018-05-16,MS/SCHW,0.0,0.0,0.0,3,0.35,0.0
2018-05-16,TLH/TLT,0.0001118145722844,0.0001118145722844,0.0,3,0.35,3.9135100299564936e-05
2018-05-17,HUM/UNH,0.0,0.0,0.0,3,0.3,0.0
2018-05-17,MS/SCHW,-0.0,-0.0,0.0,3,0.35,-0.0
2018-05-17,TLH/TLT,0.001162962429355,0.001162962429355,0.0,3,0.35,0.0004070368502742
2018-05-18,HUM/UNH,0.0,0.0,0.0,3,0.3,0.0
2018-05-18,MS/SCHW,-0.0,-0.0,0.0,3,0.35,-0.0
2018-05-18,TLH/TLT,-0.0007392747047256,-0.0007392747047256,0.0,3,0.35,-0.0002587461466539
2018-05-21,HUM/UNH,0.0,0.0,0.0,3,0.3,0.0
2018-05-21,MS/SCHW,0.0,0.0,0.0,3,0.35,0.0
2018-05-21,TLH/TLT,0.0002295090420182,0.0002295090420182,0.0,3,0.35,8.03281647063929e-05
2018-05-22,HUM/UNH,-0.0,-0.0,0.0,3,0.3,-0.0
2018-05-22,MS/SCHW,0.0,0.0,0.0,3,0.35,0.0
2018-05-22,TLH/TLT,0.00034054868317,0.00034054868317,0.0,3,0.35,0.0001191920391095
2018-05-23,HUM/UNH,-0.0,-0.0,0.0,3,0.3,-0.0
2018-05-23,MS/SCHW,-0.0,-0.0,0.0,3,0.35,-0.0
2018-05-23,TLH/TLT,8.635491079505471e-05,8.635491079505471e-05,0.0,3,0.35,3.0224218778269143e-05
2018-05-24,HUM/UNH,-0.0,-0.0,0.0,3,0.3,-0.0
2018-05-24,MS/SCHW,0.0,0.0,0.0,3,0.35,0.0
2018-05-24,TLH/TLT,-0.0011248305206456,-0.0011248305206456,0.0,3,0.35,-0.0003936906822259
2018-05-25,HUM/UNH,0.0,0.0,0.0,3,0.3,0.0
2018-05-25,MS/SCHW,-0.0,-0.0,0.0,3,0.35,-0.0
2018-05-25,TLH/TLT,0.0001871901066872,0.0001871901066872,0.0,3,0.35,6.551653734052334e-05
2018-05-29,HUM/UNH,-0.0,-0.0,0.0,3,0.3,-0.0
2018-05-29,MS/SCHW,-0.0,-0.0,0.0,3,0.35,-0.0
2018-05-29,TLH/TLT,-0.0009858324192251,-0.0009858324192251,0.0,3,0.35,-0.0003450413467288
2018-05-30,HUM/UNH,0.0,0.0,0.0,3,0.3,0.0
2018-05-30,MS/SCHW,0.0,0.0,0.0,3,0.35,0.0
2018-05-30,TLH/TLT,2.5834237581322763e-05,2.5834237581322763e-05,0.0,3,0.35,9.041983153462966e-06
2018-05-31,HUM/UNH,-0.0,-0.0,0.0,3,0.3,-0.0
2018-05-31,MS/SCHW,-0.0,-0.0,0.0,3,0.35,-0.0
2018-05-31,TLH/TLT,0.0003943793252742,0.0003943793252742,0.0,3,0.35,0.0001380327638459
2018-06-01,HUM/UNH,0.0,0.0,0.0,3,0.3,0.0
2018-06-01,MS/SCHW,0.0,0.0,0.0,3,0.35,0.0
2018-06-01,TLH/TLT,-0.0002298072459406,-0.0002298072459406,0.0,3,0.35,-8.043253607924055e-05
2018-06-04,HUM/UNH,-0.0,-0.0,0.0,3,0.3,-0.0
2018-06-04,MS/SCHW,0.0,0.0,0.0,3,0.35,0.0
2018-06-04,TLH/TLT,0.0002140439850916,0.0002140439850916,0.0,3,0.35,7.491539478207197e-05
2018-06-05,HUM/UNH,-0.0,-0.0,0.0,3,0.3,-0.0
2018-06-05,MS/SCHW,-0.0,-0.0,0.0,3,0.35,-0.0
2018-06-05,TLH/TLT,0.0005959475714225,0.0005959475714225,0.0,3,0.35,0.0002085816499978
2018-06-06,HUM/UNH,0.0,0.0,0.0,3,0.3,0.0
2018-06-06,MS/SCHW,-0.0,-0.0,0.0,3,0.35,-0.0
2018-06-06,TLH/TLT,0.0003575241169798,0.0003575241169798,0.0,3,0.35,0.0001251334409429
2018-06-07,HUM/UNH,-0.0,-0.0,0.0,3,0.3,-0.0
2018-06-07,MS/SCHW,0.0,0.0,0.0,3,0.35,0.0
2018-06-07,TLH/TLT,-0.0008804531095431,-0.0008804531095431,0.0,3,0.35,-0.0003081585883401
2018-06-08,HUM/UNH,0.0,0.0,0.0,3,0.3,0.0
2018-06-08,MS/SCHW,-0.0,-0.0,0.0,3,0.35,-0.0
2018-06-08,TLH/TLT,-9.083081674473984e-05,-9.083081674473984e-05,0.0,3,0.35,-3.179078586065893e-05
2018-06-11,HUM/UNH,0.0,0.0,0.0,3,0.3,0.0
2018-06-11,MS/SCHW,0.0,0.0,0.0,3,0.35,0.0
2018-06-11,TLH/TLT,-0.001,0.0,1.0,3,0.35,-0.00035
2018-06-12,HUM/UNH,-0.0,-0.0,0.0,3,0.3,-0.0
2018-06-12,MS/SCHW,-0.0,-0.0,0.0,3,0.35,-0.0
2018-06-12,TLH/TLT,-0.0,-0.0,0.0,3,0.35,-0.0
2018-06-13,HUM/UNH,-0.0,-0.0,0.0,3,0.3,-0.0
2018-06-13,MS/SCHW,0.0,0.0,0.0,3,0.35,0.0
2018-06-13,TLH/TLT,-0.0,-0.0,0.0,3,0.35,-0.0
2018-06-14,HUM/UNH,0.0,0.0,0.0,3,0.3,0.0
2018-06-14,MS/SCHW,0.0,0.0,0.0,3,0.35,0.0
2018-06-14,TLH/TLT,-0.0,-0.0,0.0,3,0.35,-0.0
2018-06-15,HUM/UNH,0.0,0.0,0.0,3,0.3,0.0
2018-06-15,MS/SCHW,0.0,0.0,0.0,3,0.35,0.0
2018-06-15,TLH/TLT,0.0,0.0,0.0,3,0.35,0.0
2018-06-18,HUM/UNH,-0.0,-0.0,0.0,3,0.3,-0.0
2018-06-18,MS/SCHW,0.0,0.0,0.0,3,0.35,0.0
2018-06-18,TLH/TLT,0.0,0.0,0.0,3,0.35,0.0
2018-06-19,HUM/UNH,0.0,0.0,0.0,3,0.3,0.0
2018-06-19,MS/SCHW,-0.0,-0.0,0.0,3,0.35,-0.0
2018-06-19,TLH/TLT,-0.0,-0.0,0.0,3,0.35,-0.0
2018-06-20,HUM/UNH,-0.0,-0.0,0.0,3,0.3,-0.0
2018-06-20,MS/SCHW,-0.0,-0.0,0.0,3,0.35,-0.0
2018-06-20,TLH/TLT,0.0,0.0,0.0,3,0.35,0.0
2018-06-21,HUM/UNH,-0.0,-0.0,0.0,3,0.3,-0.0
2018-06-21,MS/SCHW,0.0,0.0,0.0,3,0.35,0.0
2018-06-21,TLH/TLT,-0.0,-0.0,0.0,3,0.35,-0.0
2018-06-22,HUM/UNH,0.0,0.0,0.0,3,0.3,0.0
2018-06-22,MS/SCHW,-0.0,-0.0,0.0,3,0.35,-0.0
2018-06-22,TLH/TLT,0.0,0.0,0.0,3,0.35,0.0
2018-06-25,HUM/UNH,-0.0,-0.0,0.0,3,0.3,-0.0
2018-06-25,MS/SCHW,0.0,0.0,0.0,3,0.35,0.0
2018-06-25,TLH/TLT,0.0,0.0,0.0,3,0.35,0.0
2018-06-26,HUM/UNH,0.0003004660631218,0.0013004660631218,1.0,3,0.3,9.013981893656766e-05
2018-06-26,MS/SCHW,0.0,0.0,0.0,3,0.35,0.0
2018-06-26,TLH/TLT,-0.0,-0.0,0.0,3,0.35,-0.0
2018-06-27,HUM/UNH,-0.0065268012476047,-0.0065268012476047,0.0,3,0.3,-0.0019580403742814
2018-06-27,MS/SCHW,0.0,0.0,0.0,3,0.35,0.0
2018-06-27,TLH/TLT,-0.0,-0.0,0.0,3,0.35,-0.0
2018-06-28,HUM/UNH,-0.0068083175289368,-0.0068083175289368,0.0,3,0.3,-0.002042495258681
2018-06-28,MS/SCHW,0.0,0.0,0.0,3,0.35,0.0
2018-06-28,TLH/TLT,-0.0015412601367373,-0.0005412601367373,1.0,3,0.35,-0.000539441047858
2018-06-29,HUM/UNH,0.0003634431223879,0.0003634431223879,0.0,3,0.3,0.0001090329367163
2018-06-29,MS/SCHW,0.0041961800010225,0.0051961800010225,1.0,3,0.35,0.0014686630003578
2018-06-29,TLH/TLT,0.0007619891454638,0.0007619891454638,0.0,3,0.35,0.0002666962009123
2018-07-02,HUM/UNH,0.0041364126435423,0.0041364126435423,0.0,3,0.3,0.0012409237930627
2018-07-02,MS/SCHW,-0.0020810130641305,-0.0020810130641305,0.0,3,0.35,-0.0007283545724456
2018-07-02,TLH/TLT,-0.0004173746120297,-0.0004173746120297,0.0,3,0.35,-0.0001460811142104
2018-07-03,HUM/UNH,-0.0037748874481307,-0.0037748874481307,0.0,3,0.3,-0.0011324662344392
2018-07-03,MS/SCHW,-0.000807513235606,-0.000807513235606,0.0,3,0.35,-0.0002826296324621
2018-07-03,TLH/TLT,6.914352895204689e-06,6.914352895204689e-06,0.0,3,0.35,2.420023513321641e-06
2018-07-05,NSC/UNP,-0.0,-0.0,0.0,4,0.299422214327634,-0.0
2018-07-05,AVGO/MCHP,0.0,0.0,0.0,4,0.1913186683568761,0.0
2018-07-05,ADSK/NOW,0.0,0.0,0.0,4,0.1592591173154899,0.0
2018-07-05,QQQ/XLK,-0.0,-0.0,0.0,4,0.35,-0.0
2018-07-06,NSC/UNP,-0.0,-0.0,0.0,4,0.299422214327634,-0.0
2018-07-06,AVGO/MCHP,-0.0,-0.0,0.0,4,0.1913186683568761,-0.0
2018-07-06,ADSK/NOW,0.0,0.0,0.0,4,0.1592591173154899,0.0
2018-07-06,QQQ/XLK,0.0,0.0,0.0,4,0.35,0.0
2018-07-09,NSC/UNP,0.0,0.0,0.0,4,0.299422214327634,0.0
2018-07-09,AVGO/MCHP,-0.0,-0.0,0.0,4,0.1913186683568761,-0.0
2018-07-09,ADSK/NOW,0.0,0.0,0.0,4,0.1592591173154899,0.0
2018-07-09,QQQ/XLK,0.0,0.0,0.0,4,0.35,0.0
2018-07-10,NSC/UNP,-0.0,-0.0,0.0,4,0.299422214327634,-0.0
2018-07-10,AVGO/MCHP,0.0,0.0,0.0,4,0.1913186683568761,0.0
2018-07-10,ADSK/NOW,0.0,0.0,0.0,4,0.1592591173154899,0.0
2018-07-10,QQQ/XLK,-0.0,-0.0,0.0,4,0.35,-0.0
2018-07-11,NSC/UNP,-0.0,-0.0,0.0,4,0.299422214327634,-0.0
2018-07-11,AVGO/MCHP,-0.0,-0.0,0.0,4,0.1913186683568761,-0.0
2018-07-11,ADSK/NOW,0.0,0.0,0.0,4,0.1592591173154899,0.0
2018-07-11,QQQ/XLK,-0.0,-0.0,0.0,4,0.35,-0.0
2018-07-12,NSC/UNP,-0.0074996764534888,-0.0064996764534888,1.0,4,0.299422214327634,-0.0022455697304444
2018-07-12,AVGO/MCHP,-0.0,-0.0,0.0,4,0.1913186683568761,-0.0
2018-07-12,ADSK/NOW,0.0,0.0,0.0,4,0.1592591173154899,0.0
2018-07-12,QQQ/XLK,0.0,0.0,0.0,4,0.35,0.0
2018-07-13,NSC/UNP,-0.0065661424832788,-0.0065661424832788,0.0,4,0.299422214327634,-0.0019660489219341
2018-07-13,AVGO/MCHP,-0.0,-0.0,0.0,4,0.1913186683568761,-0.0
2018-07-13,ADSK/NOW,-0.0,-0.0,0.0,4,0.1592591173154899,-0.0
2018-07-13,QQQ/XLK,0.0,0.0,0.0,4,0.35,0.0
2018-07-16,NSC/UNP,0.0067584797197623,0.0067584797197623,0.0,4,0.299422214327634,0.0020236389631796
2018-07-16,AVGO/MCHP,0.0,0.0,0.0,4,0.1913186683568761,0.0
2018-07-16,ADSK/NOW,-0.0,-0.0,0.0,4,0.1592591173154899,-0.0
2018-07-16,QQQ/XLK,0.0,0.0,0.0,4,0.35,0.0
2018-07-17,NSC/UNP,-0.001906152563099,-0.001906152563099,0.0,4,0.299422214327634,-0.0005707444212893
2018-07-17,AVGO/MCHP,0.0101691015000734,0.0111691015000734,1.0,4,0.1913186683568761,0.0019455389573799
2018-07-17,ADSK/NOW,0.0,0.0,0.0,4,0.1592591173154899,0.0
2018-07-17,QQQ/XLK,-0.0,-0.0,0.0,4,0.35,-0.0
2018-07-18,NSC/UNP,-0.0008192605554958,-0.0008192605554958,0.0,4,0.299422214327634,-0.0002453048096378
2018-07-18,AVGO/MCHP,-0.0015502267865242,-0.0015502267865242,0.0,4,0.1913186683568761,-0.0002965873244489
2018-07-18,ADSK/NOW,-0.0,-0.0,0.0,4,0.1592591173154899,-0.0
2018-07-18,QQQ/XLK,-0.0,-0.0,0.0,4,0.35,-0.0
2018-07-19,NSC/UNP,-0.0049489942211667,-0.0049489942211667,0.0,4,0.299422214327634,-0.0014818388083964
2018-07-19,AVGO/MCHP,0.0085546649970065,0.0085546649970065,0.0,4,0.1913186683568761,0.0016366671154664
2018-07-19,ADSK/NOW,0.0,0.0,0.0,4,0.1592591173154899,0.0
2018-07-19,QQQ/XLK,-0.0,-0.0,0.0,4,0.35,-0.0
2018-07-20,NSC/UNP,0.0005725568543056,0.0005725568543056,0.0,4,0.299422214327634,0.0001714362411446
2018-07-20,AVGO/MCHP,0.0016500786350794,0.0016500786350794,0.0,4,0.1913186683568761,0.0003156908471475
2018-07-20,ADSK/NOW,0.0,0.0,0.0,4,0.1592591173154899,0.0
2018-07-20,QQQ/XLK,-0.0,-0.0,0.0,4,0.35,-0.0
2018-07-23,NSC/UNP,0.0112146692489955,0.0112146692489955,0.0,4,0.299422214327634,0.0033579210994862
2018-07-23,AVGO/MCHP,0.0192562427569435,0.0192562427569435,0.0,4,0.1913186683568761,0.0036840787218151
2018-07-23,ADSK/NOW,-0.0,-0.0,0.0,4,0.1592591173154899,-0.0
2018-07-23,QQQ/XLK,-0.0,-0.0,0.0,4,0.35,-0.0
2018-07-24,NSC/UNP,-0.0034252454322565,-0.0034252454322565,0.0,4,0.299422214327634,-0.0010255945719418
2018-07-24,AVGO/MCHP,0.0056366251054355,0.0056366251054355,0.0,4,0.1913186683568761,0.0010783916091988
2018-07-24,ADSK/NOW,-0.0,-0.0,0.0,4,0.1592591173154899,-0.0
2018-07-24,QQQ/XLK,-0.0,-0.0,0.0,4,0.35,-0.0
2018-07-25,NSC/UNP,-0.0056619364860923,-0.0056619364860923,0.0,4,0.299422214327634,-0.0016953095600481
2018-07-25,AVGO/MCHP,0.0255842843635325,0.0255842843635325,0.0,4,0.1913186683568761,0.0048947512152947
2018-07-25,ADSK/NOW,-0.0,-0.0,0.0,4,0.1592591173154899,-0.0
2018-07-25,QQQ/XLK,0.0,0.0,0.0,4,0.35,0.0
2018-07-26,NSC/UNP,0.0036863940595047,0.0036863940595047,0.0,4,0.299422214327634,0.0011037882721811
2018-07-26,AVGO/MCHP,-0.0148439276144038,-0.0148439276144038,0.0,4,0.1913186683568761,-0.0028399204643735
2018-07-26,ADSK/NOW,0.0256703705995101,0.0266703705995101,1.0,4,0.1592591173154899,0.0040882405628394
2018-07-26,QQQ/XLK,0.0,0.0,0.0,4,0.35,0.0
2018-07-27,NSC/UNP,0.0065888336950974,0.0065888336950974,0.0,4,0.299422214327634,0.0019728431748226
2018-07-27,AVGO/MCHP,-0.0084518664259507,-0.0084518664259507,0.0,4,0.1913186683568761,-0.001616999829743
2018-07-27,ADSK/NOW,-0.0112803976302207,-0.0112803976302207,0.0,4,0.1592591173154899,-0.0017965061695566
2018-07-27,QQQ/XLK,0.0,0.0,0.0,4,0.35,0.0
2018-07-30,NSC/UNP,-0.000753975836374,-0.000753975836374,0.0,4,0.299422214327634,-0.0002257571144766
2018-07-30,AVGO/MCHP,0.0200245555787288,0.0200245555787288,0.0,4,0.1913186683568761,0.0038310713077606
2018-07-30,ADSK/NOW,-0.0039328068523734,-0.0039328068523734,0.0,4,0.1592591173154899,-0.0006263353478813
2018-07-30,QQQ/XLK,0.0,0.0,0.0,4,0.35,0.0
2018-07-31,NSC/UNP,0.0040653322926735,0.0040653322926735,0.0,4,0.299422214327634,0.0012172507970499
2018-07-31,AVGO/MCHP,-0.0101498312970049,-0.0101498312970049,0.0,4,0.1913186683568761,-0.0019418522077899
2018-07-31,ADSK/NOW,-0.01408737507543,-0.01408737507543,0.0,4,0.1592591173154899,-0.0022435429198052
2018-07-31,QQQ/XLK,0.0,0.0,0.0,4,0.35,0.0
2018-08-01,NSC/UNP,-0.0032316111435878,-0.0032316111435878,0.0,4,0.299422214327634,-0.0009676161644589
2018-08-01,AVGO/MCHP,-0.0142800202161905,-0.0142800202161905,0.0,4,0.1913186683568761,-0.0027320344518708
2018-08-01,ADSK/NOW,0.0106727139792216,0.0106727139792216,0.0,4,0.1592591173154899,0.0016997270076915
2018-08-01,QQQ/XLK,0.001737911045428,0.002737911045428,1.0,4,0.35,0.0006082688658998
2018-08-02,NSC/UNP,0.0026959531225794,0.0026959531225794,0.0,4,0.299422214327634,0.0008072282536862
2018-08-02,AVGO/MCHP,-0.0055366345246143,-0.0055366345246143,0.0,4,0.1913186683568761,-0.0010592615444279
2018-08-02,ADSK/NOW,0.003889388291645,0.003889388291645,0.0,4,0.1592591173154899,0.0006194205462245
2018-08-02,QQQ/XLK,-0.0002609374081582,-0.0002609374081582,0.0,4,0.35,-9.13280928553706e-05
2018-08-03,NSC/UNP,-0.0083641805322635,-0.0083641805322635,0.0,4,0.299422214327634,-0.0025044214560064
2018-08-03,AVGO/MCHP,0.002121476026658,0.002121476026658,0.0,4,0.1913186683568761,0.0004058779683712
2018-08-03,ADSK/NOW,-0.009137510972932,-0.009137510972932,0.0,4,0.1592591173154899,-0.0014552319320097
2018-08-03,QQQ/XLK,0.0003267280976224,0.0003267280976224,0.0,4,0.35,0.0001143548341678
2018-08-06,NSC/UNP,-0.0052111503265868,-0.0052111503265868,0.0,4,0.299422214327634,-0.0015603341699807
2018-08-06,AVGO/MCHP,-0.0045017798839226,-0.0045017798839226,0.0,4,0.1913186683568761,-0.0008612745326278
2018-08-06,ADSK/NOW,0.0055040856469123,0.0055040856469123,0.0,4,0.1592591173154899,0.0008765758217561
2018-08-06,QQQ/XLK,-0.000152279435887,-0.000152279435887,0.0,4,0.35,-5.329780256047759e-05
2018-08-07,NSC/UNP,0.0018405649346104,0.0018405649346104,0.0,4,0.299422214327634,0.0005511060283348
2018-08-07,AVGO/MCHP,0.0026675912422659,0.0026675912422659,0.0,4,0.1913186683568761,0.0005103600041907
2018-08-07,ADSK/NOW,0.0009858312498079,0.0009858312498079,0.0,4,0.1592591173154899,0.0001570026146664
2018-08-07,QQQ/XLK,0.000165621499459,0.000165621499459,0.0,4,0.35,5.796752481065467e-05
2018-08-08,NSC/UNP,-0.001,0.0,1.0,4,0.299422214327634,-0.0002994222143276
2018-08-08,AVGO/MCHP,-0.0043584600960666,-0.0043584600960666,0.0,4,0.1913186683568761,-0.000833854781666
2018-08-08,ADSK/NOW,0.0043777649024353,0.0043777649024353,0.0,4,0.1592591173154899,0.0006971989741765
2018-08-08,QQQ/XLK,0.0007956783281838,0.0007956783281838,0.0,4,0.35,0.0002784874148643
2018-08-09,NSC/UNP,-0.0,-0.0,0.0,4,0.299422214327634,-0.0
2018-08-09,AVGO/MCHP,-0.0092883808740591,-0.0092883808740591,0.0,4,0.1913186683568761,-0.0017770406600164
2018-08-09,ADSK/NOW,0.0041885852844867,0.0041885852844867,0.0,4,0.1592591173154899,0.000667070395208
2018-08-09,QQQ/XLK,0.0005039700777553,0.0005039700777553,0.0,4,0.35,0.0001763895272143
2018-08-10,NSC/UNP,-0.0,-0.0,0.0,4,0.299422214327634,-0.0
2018-08-10,AVGO/MCHP,0.0299498604558283,0.0299498604558283,0.0,4,0.1913186683568761,0.0057299674198833
2018-08-10,ADSK/NOW,-0.0019844233766934,-0.0019844233766934,0.0,4,0.1592591173154899,-0.0003160375153524
2018-08-10,QQQ/XLK,-0.0003362681302354,-0.0003362681302354,0.0,4,0.35,-0.0001176938455824
2018-08-13,NSC/UNP,0.0,0.0,0.0,4,0.299422214327634,0.0
2018-08-13,AVGO/MCHP,-0.001,-0.0,1.0,4,0.1913186683568761,-0.0001913186683568
2018-08-13,ADSK/NOW,-0.0034437561872589,-0.0034437561872589,0.0,4,0.1592591173154899,-0.0005484495706326
2018-08-13,QQQ/XLK,-0.0001542709110479,-0.0001542709110479,0.0,4,0.35,-5.399481886678127e-05
2018-08-14,NSC/UNP,0.0,0.0,0.0,4,0.299422214327634,0.0
2018-08-14,AVGO/MCHP,0.0,0.0,0.0,4,0.1913186683568761,0.0
2018-08-14,ADSK/NOW,-0.0035526465407666,-0.0035526465407666,0.0,4,0.1592591173154899,-0.0005657913522164
2018-08-14,QQQ/XLK,7.053935756719476e-05,7.053935756719476e-05,0.0,4,0.35,2.468877514851817e-05
2018-08-15,NSC/UNP,-0.0,-0.0,0.0,4,0.299422214327634,-0.0
2018-08-15,AVGO/MCHP,0.0,0.0,0.0,4,0.1913186683568761,0.0
2018-08-15,ADSK/NOW,0.003161113254291,0.003161113254291,0.0,4,0.1592591173154899,0.0005034361066126
2018-08-15,QQQ/XLK,0.0014180335015837,0.0014180335015837,0.0,4,0.35,0.0004963117255542
2018-08-16,NSC/UNP,-0.0,-0.0,0.0,4,0.299422214327634,-0.0
2018-08-16,AVGO/MCHP,0.0,0.0,0.0,4,0.1913186683568761,0.0
2018-08-16,ADSK/NOW,-0.0105203416577584,-0.0105203416577584,0.0,4,0.1592591173154899,-0.0016754603262719
2018-08-16,QQQ/XLK,0.0006273878877638,0.0006273878877638,0.0,4,0.35,0.0002195857607173
2018-08-17,NSC/UNP,-0.0,-0.0,0.0,4,0.299422214327634,-0.0
2018-08-17,AVGO/MCHP,-0.0,-0.0,0.0,4,0.1913186683568761,-0.0
2018-08-17,ADSK/NOW,0.0002058670019205,0.0002058670019205,0.0,4,0.1592591173154899,3.278619701025228e-05
2018-08-17,QQQ/XLK,0.0006581463241275,0.0006581463241275,0.0,4,0.35,0.0002303512134446
2018-08-20,NSC/UNP,0.0,0.0,0.0,4,0.299422214327634,0.0
2018-08-20,AVGO/MCHP,-0.0,-0.0,0.0,4,0.1913186683568761,-0.0
2018-08-20,ADSK/NOW,-0.0024051253942269,-0.0024051253942269,0.0,4,0.1592591173154899,-0.0003830381473176
2018-08-20,QQQ/XLK,-0.0003295635283245,-0.0003295635283245,0.0,4,0.35,-0.0001153472349135
2018-08-21,NSC/UNP,-0.0,-0.0,0.0,4,0.299422214327634,-0.0
2018-08-21,AVGO/MCHP,-0.0,-0.0,0.0,4,0.1913186683568761,-0.0
2018-08-21,ADSK/NOW,-0.0029613131424281,-0.0029613131424281,0.0,4,0.1592591173154899,-0.0004716161171578
2018-08-21,QQQ/XLK,-0.000965495551291,-0.000965495551291,0.0,4,0.35,-0.0003379234429518
2018-08-22,NSC/UNP,-0.0,-0.0,0.0,4,0.299422214327634,-0.0
2018-08-22,AVGO/MCHP,-0.0,-0.0,0.0,4,0.1913186683568761,-0.0
2018-08-22,ADSK/NOW,-0.001,-0.0,1.0,4,0.1592591173154899,-0.0001592591173154
2018-08-22,QQQ/XLK,-0.000372814171738,-0.000372814171738,0.0,4,0.35,-0.0001304849601083
2018-08-23,NSC/UNP,0.0,0.0,0.0,4,0.299422214327634,0.0
2018-08-23,AVGO/MCHP,-0.0,-0.0,0.0,4,0.1913186683568761,-0.0
2018-08-23,ADSK/NOW,0.0,0.0,0.0,4,0.1592591173154899,0.0
2018-08-23,QQQ/XLK,0.0018150941214011,0.0018150941214011,0.0,4,0.35,0.0006352829424903
2018-08-24,NSC/UNP,-0.0,-0.0,0.0,4,0.299422214327634,-0.0
2018-08-24,AVGO/MCHP,0.0,0.0,0.0,4,0.1913186683568761,0.0
2018-08-24,ADSK/NOW,-0.0,-0.0,0.0,4,0.1592591173154899,-0.0
2018-08-24,QQQ/XLK,0.0005650118622011,0.0005650118622011,0.0,4,0.35,0.0001977541517704
2018-08-27,NSC/UNP,0.0,0.0,0.0,4,0.299422214327634,0.0
2018-08-27,AVGO/MCHP,0.0,0.0,0.0,4,0.1913186683568761,0.0
2018-08-27,ADSK/NOW,0.0045121855697926,0.0055121855697926,1.0,4,0.1592591173154899,0.0007186066910088
2018-08-27,QQQ/XLK,-0.0003420203757134,-0.0003420203757134,0.0,4,0.35,-0.0001197071314997
2018-08-28,NSC/UNP,-0.0,-0.0,0.0,4,0.299422214327634,-0.0
2018-08-28,AVGO/MCHP,0.0,0.0,0.0,4,0.1913186683568761,0.0
2018-08-28,ADSK/NOW,-0.0024119664660501,-0.0024119664660501,0.0,4,0.1592591173154899,-0.0003841276503777
2018-08-28,QQQ/XLK,-0.001,-0.0,1.0,4,0.35,-0.00035
2018-08-29,NSC/UNP,-0.0,-0.0,0.0,4,0.299422214327634,-0.0
2018-08-29,AVGO/MCHP,0.0,0.0,0.0,4,0.1913186683568761,0.0
2018-08-29,ADSK/NOW,0.0214762584723321,0.0214762584723321,0.0,4,0.1592591173154899,0.0034202899675429
2018-08-29,QQQ/XLK,0.0,0.0,0.0,4,0.35,0.0
2018-08-30,NSC/UNP,0.0,0.0,0.0,4,0.299422214327634,0.0
2018-08-30,AVGO/MCHP,0.0,0.0,0.0,4,0.1913186683568761,0.0
2018-08-30,ADSK/NOW,-0.0007729374022634,-0.0007729374022634,0.0,4,0.1592591173154899,-0.0001230973284246
2018-08-30,QQQ/XLK,0.0,0.0,0.0,4,0.35,0.0
2018-08-31,NSC/UNP,0.0,0.0,0.0,4,0.299422214327634,0.0
2018-08-31,AVGO/MCHP,0.0,0.0,0.0,4,0.1913186683568761,0.0
2018-08-31,ADSK/NOW,-0.0076217453578147,-0.0076217453578147,0.0,4,0.1592591173154899,-0.001213832438089
2018-08-31,QQQ/XLK,0.0,0.0,0.0,4,0.35,0.0
2018-09-04,NSC/UNP,0.0,0.0,0.0,4,0.299422214327634,0.0
2018-09-04,AVGO/MCHP,0.0,0.0,0.0,4,0.1913186683568761,0.0
2018-09-04,ADSK/NOW,0.013946870560196,0.013946870560196,0.0,4,0.1592591173154899,0.0022211662947302
2018-09-04,QQQ/XLK,-0.0,-0.0,0.0,4,0.35,-0.0
2018-09-05,NSC/UNP,0.0,0.0,0.0,4,0.299422214327634,0.0
2018-09-05,AVGO/MCHP,0.0,0.0,0.0,4,0.1913186683568761,0.0
2018-09-05,ADSK/NOW,-0.0176304949136998,-0.0176304949136998,0.0,4,0.1592591173154899,-0.002807817057791
2018-09-05,QQQ/XLK,0.0,0.0,0.0,4,0.35,0.0
2018-09-06,NSC/UNP,-0.0036950795593753,-0.0026950795593753,1.0,4,0.299422214327634,-0.0011063889037849
2018-09-06,AVGO/MCHP,-0.0,-0.0,0.0,4,0.1913186683568761,-0.0
2018-09-06,ADSK/NOW,0.0090653286552725,0.0090653286552725,0.0,4,0.1592591173154899,0.0014437362398135
2018-09-06,QQQ/XLK,-0.0,-0.0,0.0,4,0.35,-0.0
2018-09-07,NSC/UNP,0.0042890343753957,0.0042890343753957,0.0,4,0.299422214327634,0.0012842321700083
2018-09-07,AVGO/MCHP,0.0,0.0,0.0,4,0.1913186683568761,0.0
2018-09-07,ADSK/NOW,0.0108886014985622,0.0108886014985622,0.0,4,0.1592591173154899,0.0017341090634611
2018-09-07,QQQ/XLK,-0.0,-0.0,0.0,4,0.35,-0.0
2018-09-10,NSC/UNP,0.0039321549025917,0.0039321549025917,0.0,4,0.299422214327634,0.0011773745280132
2018-09-10,AVGO/MCHP,-0.017760958628011,-0.016760958628011,1.0,4,0.1913186683568761,-0.0033980029534526
2018-09-10,ADSK/NOW,0.0020130816807099,0.0020130816807099,0.0,4,0.1592591173154899,0.0003206016115538
2018-09-10,QQQ/XLK,0.0,0.0,0.0,4,0.35,0.0
2018-09-11,NSC/UNP,-0.0062226637898217,-0.0062226637898217,0.0,4,0.299422214327634,-0.0018632037709648
2018-09-11,AVGO/MCHP,0.016915564850017,0.016915564850017,0.0,4,0.1913186683568761,0.0032362633416096
2018-09-11,ADSK/NOW,0.0011678155007745,0.0011678155007745,0.0,4,0.1592591173154899,0.0001859852658407
2018-09-11,QQQ/XLK,-0.0,-0.0,0.0,4,0.35,-0.0
2018-09-12,NSC/UNP,-0.0025163496009463,-0.0025163496009463,0.0,4,0.299422214327634,-0.0007534509695378
2018-09-12,AVGO/MCHP,0.0081270003790811,0.0081270003790811,0.0,4,0.1913186683568761,0.0015548468902616
2018-09-12,ADSK/NOW,0.0101107932544196,0.0101107932544196,0.0,4,0.1592591173154899,0.0016102360090582
2018-09-12,QQQ/XLK,0.0,0.0,0.0,4,0.35,0.0
2018-09-13,NSC/UNP,5.81266525339781e-05,5.81266525339781e-05,0.0,4,0.299422214327634,1.74044110131767e-05
2018-09-13,AVGO/MCHP,-0.0133477109349583,-0.0133477109349583,0.0,4,0.1913186683568761,-0.0025536662816887
2018-09-13,ADSK/NOW,0.0037862112313441,0.0037862112313441,0.0,4,0.1592591173154899,0.0006029886586738
2018-09-13,QQQ/XLK,-0.0,-0.0,0.0,4,0.35,-0.0
2018-09-14,NSC/UNP,0.0016752282660499,0.0016752282660499,0.0,4,0.299422214327634,0.0005016005569249
2018-09-14,AVGO/MCHP,-0.0031791333901696,-0.0031791333901696,0.0,4,0.1913186683568761,-0.0006082275667361
2018-09-14,ADSK/NOW,-0.0046514809884317,-0.0046514809884317,0.0,4,0.1592591173154899,-0.0007407907564274
2018-09-14,QQQ/XLK,-0.0,-0.0,0.0,4,0.35,-0.0
2018-09-17,NSC/UNP,0.0023225464968416,0.0023225464968416,0.0,4,0.299422214327634,0.0006954220149632
2018-09-17,AVGO/MCHP,-0.0087401929607885,-0.0087401929607885,0.0,4,0.1913186683568761,-0.0016721620784402
2018-09-17,ADSK/NOW,-0.0178462771066373,-0.0178462771066373,0.0,4,0.1592591173154899,-0.0028421823393706
2018-09-17,QQQ/XLK,-0.0,-0.0,0.0,4,0.35,-0.0
2018-09-18,NSC/UNP,-0.0085201430497413,-0.0085201430497413,0.0,4,0.299422214327634,-0.0025511200983417
2018-09-18,AVGO/MCHP,-0.0197973578103581,-0.0197973578103581,0.0,4,0.1913186683568761,-0.0037876041332623
2018-09-18,ADSK/NOW,-0.008556111358193,-0.008556111358193,0.0,4,0.1592591173154899,-0.0013626387425588
2018-09-18,QQQ/XLK,0.0,0.0,0.0,4,0.35,0.0
2018-09-19,NSC/UNP,0.0008671997769856,0.0008671997769856,0.0,4,0.299422214327634,0.0002596588774894
2018-09-19,AVGO/MCHP,-0.0005130680219855,-0.0005130680219855,0.0,4,0.1913186683568761,-9.81594907427756e-05
2018-09-19,ADSK/NOW,-0.0174088057895955,-0.0174088057895955,0.0,4,0.1592591173154899,-0.0027725110435677
2018-09-19,QQQ/XLK,0.0,0.0,0.0,4,0.35,0.0
2018-09-20,NSC/UNP,-0.0074778589403143,-0.0074778589403143,0.0,4,0.299422214327634,-0.0022390370823386
2018-09-20,AVGO/MCHP,0.0016969581716563,0.0016969581716563,0.0,4,0.1913186683568761,0.0003246597776586
2018-09-20,ADSK/NOW,-0.0085309947188954,-0.0085309947188954,0.0,4,0.1592591173154899,-0.0013586386887543
2018-09-20,QQQ/XLK,-0.0,-0.0,0.0,4,0.35,-0.0
2018-09-21,NSC/UNP,-0.0035497619669275,-0.0035497619669275,0.0,4,0.299422214327634,-0.0010628775884734
2018-09-21,AVGO/MCHP,-0.0108379930172039,-0.0108379930172039,0.0,4,0.1913186683568761,-0.0020735103917125
2018-09-21,ADSK/NOW,0.0096971663189678,0.0096971663189678,0.0,4,0.1592591173154899,0.0015443621484203
2018-09-21,QQQ/XLK,-0.0,-0.0,0.0,4,0.35,-0.0
2018-09-24,NSC/UNP,0.0023859349429698,0.0023859349429698,0.0,4,0.299422214327634,0.0007144019238656
2018-09-24,AVGO/MCHP,-0.0054400673951079,-0.0054400673951079,0.0,4,0.1913186683568761,-0.0010407864498037
2018-09-24,ADSK/NOW,-0.001,0.0,1.0,4,0.1592591173154899,-0.0001592591173154
2018-09-24,QQQ/XLK,-0.0,-0.0,0.0,4,0.35,-0.0
2018-09-25,NSC/UNP,-0.0005114098581855,-0.0005114098581855,0.0,4,0.299422214327634,-0.0001531274721669
2018-09-25,AVGO/MCHP,-0.0124637935494042,-0.0124637935494042,0.0,4,0.1913186683568761,-0.002384556384547
2018-09-25,ADSK/NOW,0.0,0.0,0.0,4,0.1592591173154899,0.0
2018-09-25,QQQ/XLK,0.0,0.0,0.0,4,0.35,0.0
2018-09-26,NSC/UNP,-0.002570779498417,-0.002570779498417,0.0,4,0.299422214327634,-0.0007697484899641
2018-09-26,AVGO/MCHP,0.0055472503608753,0.0055472503608753,0.0,4,0.1913186683568761,0.0010612925520848
2018-09-26,ADSK/NOW,-0.0,-0.0,0.0,4,0.1592591173154899,-0.0
2018-09-26,QQQ/XLK,0.0,0.0,0.0,4,0.35,0.0
2018-09-27,NSC/UNP,0.0005016721859765,0.0005016721859765,0.0,4,0.299422214327634,0.0001502117967916
2018-09-27,AVGO/MCHP,-0.0034217721496307,-0.0034217721496307,0.0,4,0.1913186683568761,-0.0006546488910879
2018-09-27,ADSK/NOW,-0.0,-0.0,0.0,4,0.1592591173154899,-0.0
2018-09-27,QQQ/XLK,-0.0021549629996973,-0.0011549629996973,1.0,4,0.35,-0.000754237049894
2018-09-28,NSC/UNP,-0.0008123256376996,-0.0008123256376996,0.0,4,0.299422214327634,-0.0002432283411951
2018-09-28,AVGO/MCHP,0.0008076296011803,0.0008076296011803,0.0,4,0.1913186683568761,0.0001545146198234
2018-09-28,ADSK/NOW,0.0,0.0,0.0,4,0.1592591173154899,0.0
2018-09-28,QQQ/XLK,0.0020052839335258,0.0020052839335258,0.0,4,0.35,0.000701849376734
2018-10-01,NSC/UNP,0.0040178244964954,0.0040178244964954,0.0,4,0.299422214327634,0.0012030259075204
2018-10-01,AVGO/MCHP,-0.0155517855470512,-0.0155517855470512,0.0,4,0.1913186683568761,-0.0029753469014335
2018-10-01,ADSK/NOW,-0.0,-0.0,0.0,4,0.1592591173154899,-0.0
2018-10-01,QQQ/XLK,0.0014292372993856,0.0014292372993856,0.0,4,0.35,0.0005002330547849
2018-10-02,NSC/UNP,-0.0030887858425251,-0.0030887858425251,0.0,4,0.299422214327634,-0.0009248510965527
2018-10-02,AVGO/MCHP,0.0059258612967795,0.0059258612967795,0.0,4,0.1913186683568761,0.0011337278921674
2018-10-02,ADSK/NOW,-0.0,-0.0,0.0,4,0.1592591173154899,-0.0
2018-10-02,QQQ/XLK,0.0011747883977694,0.0011747883977694,0.0,4,0.35,0.0004111759392193
2018-10-03,MCHP/NXPI,-0.0,-0.0,0.0,5,0.3,-0.0
2018-10-03,HUM/UNH,0.0,0.0,0.0,5,0.35,0.0
2018-10-03,INTU/MSFT,-0.0,-0.0,0.0,5,0.35,-0.0
2018-10-04,MCHP/NXPI,-0.0227501729673394,-0.0217501729673394,1.0,5,0.3,-0.0068250518902018
2018-10-04,HUM/UNH,-0.0,-0.0,0.0,5,0.35,-0.0
2018-10-04,INTU/MSFT,-0.0,-0.0,0.0,5,0.35,-0.0
2018-10-05,MCHP/NXPI,-0.0214743440441609,-0.0214743440441609,0.0,5,0.3,-0.0064423032132482
2018-10-05,HUM/UNH,0.0,0.0,0.0,5,0.35,0.0
2018-10-05,INTU/MSFT,0.0,0.0,0.0,5,0.35,0.0
2018-10-08,MCHP/NXPI,-0.0114467530044389,-0.0114467530044389,0.0,5,0.3,-0.0034340259013316
2018-10-08,HUM/UNH,-0.0,-0.0,0.0,5,0.35,-0.0
2018-10-08,INTU/MSFT,0.0,0.0,0.0,5,0.35,0.0
2018-10-09,MCHP/NXPI,0.0013426799647948,0.0013426799647948,0.0,5,0.3,0.0004028039894384
2018-10-09,HUM/UNH,0.0,0.0,0.0,5,0.35,0.0
2018-10-09,INTU/MSFT,0.0,0.0,0.0,5,0.35,0.0
2018-10-10,MCHP/NXPI,0.0016853139775314,0.0016853139775314,0.0,5,0.3,0.0005055941932594
2018-10-10,HUM/UNH,-0.0,-0.0,0.0,5,0.35,-0.0
2018-10-10,INTU/MSFT,-0.0,-0.0,0.0,5,0.35,-0.0
2018-10-11,MCHP/NXPI,0.0164431989623291,0.0164431989623291,0.0,5,0.3,0.0049329596886987
2018-10-11,HUM/UNH,-0.0,-0.0,0.0,5,0.35,-0.0
2018-10-11,INTU/MSFT,0.0,0.0,0.0,5,0.35,0.0
2018-10-12,MCHP/NXPI,0.0003316681647779,0.0003316681647779,0.0,5,0.3,9.950044943339948e-05
2018-10-12,HUM/UNH,0.0,0.0,0.0,5,0.35,0.0
2018-10-12,INTU/MSFT,-0.0,-0.0,0.0,5,0.35,-0.0
2018-10-15,MCHP/NXPI,0.0023441300268256,0.0023441300268256,0.0,5,0.3,0.0007032390080476
2018-10-15,HUM/UNH,0.0,0.0,0.0,5,0.35,0.0
2018-10-15,INTU/MSFT,-0.0,-0.0,0.0,5,0.35,-0.0
2018-10-16,MCHP/NXPI,-0.0043742760379553,-0.0043742760379553,0.0,5,0.3,-0.0013122828113866
2018-10-16,HUM/UNH,0.0,0.0,0.0,5,0.35,0.0
2018-10-16,INTU/MSFT,0.0,0.0,0.0,5,0.35,0.0
2018-10-17,MCHP/NXPI,0.0042450765178225,0.0042450765178225,0.0,5,0.3,0.0012735229553467
2018-10-17,HUM/UNH,0.011128027537739,0.012128027537739,1.0,5,0.35,0.0038948096382086
2018-10-17,INTU/MSFT,-0.0,-0.0,0.0,5,0.35,-0.0
2018-10-18,MCHP/NXPI,-0.0059944801803841,-0.0059944801803841,0.0,5,0.3,-0.0017983440541152
2018-10-18,HUM/UNH,0.0057862521926539,0.0057862521926539,0.0,5,0.35,0.0020251882674288
2018-10-18,INTU/MSFT,-0.0,-0.0,0.0,5,0.35,-0.0
2018-10-19,MCHP/NXPI,-0.0052213797765674,-0.0052213797765674,0.0,5,0.3,-0.0015664139329702
2018-10-19,HUM/UNH,-0.0005798458444848,-0.0005798458444848,0.0,5,0.35,-0.0002029460455696
2018-10-19,INTU/MSFT,0.0,0.0,0.0,5,0.35,0.0
2018-10-22,MCHP/NXPI,0.0030266340898143,0.0030266340898143,0.0,5,0.3,0.0009079902269443
2018-10-22,HUM/UNH,0.0056618412441306,0.0056618412441306,0.0,5,0.35,0.0019816444354457
2018-10-22,INTU/MSFT,0.0,0.0,0.0,5,0.35,0.0
2018-10-23,MCHP/NXPI,-0.0012570244222821,-0.0012570244222821,0.0,5,0.3,-0.0003771073266846
2018-10-23,HUM/UNH,-0.0074484206993003,-0.0074484206993003,0.0,5,0.35,-0.0026069472447551
2018-10-23,INTU/MSFT,-0.0,-0.0,0.0,5,0.35,-0.0
2018-10-24,MCHP/NXPI,-0.0328991139693881,-0.0328991139693881,0.0,5,0.3,-0.0098697341908164
2018-10-24,HUM/UNH,0.0118944413895067,0.0118944413895067,0.0,5,0.35,0.0041630544863273
2018-10-24,INTU/MSFT,-0.0,-0.0,0.0,5,0.35,-0.0
2018-10-25,MCHP/NXPI,0.0016921728563785,0.0016921728563785,0.0,5,0.3,0.0005076518569135
2018-10-25,HUM/UNH,-0.0155674600064657,-0.0155674600064657,0.0,5,0.35,-0.005448611002263
2018-10-25,INTU/MSFT,0.0226350485411418,0.0236350485411418,1.0,5,0.35,0.0079222669893996
2018-10-26,MCHP/NXPI,0.0109274021113878,0.0109274021113878,0.0,5,0.3,0.0032782206334163
2018-10-26,HUM/UNH,0.011047973695262,0.011047973695262,0.0,5,0.35,0.0038667907933417
2018-10-26,INTU/MSFT,0.003048360607377,0.003048360607377,0.0,5,0.35,0.0010669262125819
2018-10-29,MCHP/NXPI,0.0001997500054374,0.0001997500054374,0.0,5,0.3,5.9925001631230144e-05
2018-10-29,HUM/UNH,0.0034172602743158,0.0034172602743158,0.0,5,0.35,0.0011960410960105
2018-10-29,INTU/MSFT,-0.0151358136615547,-0.0151358136615547,0.0,5,0.35,-0.0052975347815441
2018-10-30,MCHP/NXPI,0.0055216061571021,0.0055216061571021,0.0,5,0.3,0.0016564818471306
2018-10-30,HUM/UNH,0.0022019439151951,0.0022019439151951,0.0,5,0.35,0.0007706803703182
2018-10-30,INTU/MSFT,-0.0048442563088663,-0.0048442563088663,0.0,5,0.35,-0.0016954897081032
2018-10-31,MCHP/NXPI,-0.001,0.0,1.0,5,0.3,-0.0003
2018-10-31,HUM/UNH,-0.0110546386083231,-0.0110546386083231,0.0,5,0.35,-0.003869123512913
2018-10-31,INTU/MSFT,0.0023734053380983,0.0023734053380983,0.0,5,0.35,0.0008306918683344
2018-11-01,MCHP/NXPI,0.0,0.0,0.0,5,0.3,0.0
2018-11-01,HUM/UNH,0.0015459305277411,0.0015459305277411,0.0,5,0.35,0.0005410756847094
2018-11-01,INTU/MSFT,-0.007598401411153,-0.007598401411153,0.0,5,0.35,-0.0026594404939035
2018-11-02,MCHP/NXPI,-0.0,-0.0,0.0,5,0.3,-0.0
2018-11-02,HUM/UNH,0.0022263391567721,0.0022263391567721,0.0,5,0.35,0.0007792187048702
2018-11-02,INTU/MSFT,0.0002548255822748,0.0002548255822748,0.0,5,0.35,8.91889537962109e-05
2018-11-05,MCHP/NXPI,0.0,0.0,0.0,5,0.3,0.0
2018-11-05,HUM/UNH,0.0039307992667642,0.0039307992667642,0.0,5,0.35,0.0013757797433675
2018-11-05,INTU/MSFT,0.0051370656350642,0.0051370656350642,0.0,5,0.35,0.0017979729722724
2018-11-06,MCHP/NXPI,-0.0,-0.0,0.0,5,0.3,-0.0
2018-11-06,HUM/UNH,-0.0005648918150417,-0.0005648918150417,0.0,5,0.35,-0.0001977121352646
2018-11-06,INTU/MSFT,0.0025334351301004,0.0025334351301004,0.0,5,0.35,0.0008867022955351
2018-11-07,MCHP/NXPI,-0.0,-0.0,0.0,5,0.3,-0.0
2018-11-07,HUM/UNH,-0.0032938243216048,-0.0032938243216048,0.0,5,0.35,-0.0011528385125617
2018-11-07,INTU/MSFT,0.0092610233586699,0.0092610233586699,0.0,5,0.35,0.0032413581755344
2018-11-08,MCHP/NXPI,0.0,0.0,0.0,5,0.3,0.0
2018-11-08,HUM/UNH,-0.019231880773372,-0.019231880773372,0.0,5,0.35,-0.0067311582706802
2018-11-08,INTU/MSFT,-0.0035321851286297,-0.0035321851286297,0.0,5,0.35,-0.0012362647950204
2018-11-09,MCHP/NXPI,0.015794989844046,0.016794989844046,1.0,5,0.3,0.0047384969532138
2018-11-09,HUM/UNH,-0.0004420702085209,-0.0004420702085209,0.0,5,0.35,-0.0001547245729823
2018-11-09,INTU/MSFT,-0.0100356781776755,-0.0100356781776755,0.0,5,0.35,-0.0035124873621864
2018-11-12,MCHP/NXPI,0.0045707335194105,0.0045707335194105,0.0,5,0.3,0.0013712200558231
2018-11-12,HUM/UNH,0.0083006716924984,0.0083006716924984,0.0,5,0.35,0.0029052350923744
2018-11-12,INTU/MSFT,0.001235020871086,0.001235020871086,0.0,5,0.35,0.0004322573048801
2018-11-13,MCHP/NXPI,-0.0007180548239743,-0.0007180548239743,0.0,5,0.3,-0.0002154164471923
2018-11-13,HUM/UNH,-0.001,-0.0,1.0,5,0.35,-0.00035
2018-11-13,INTU/MSFT,0.0004550961528328,0.0004550961528328,0.0,5,0.35,0.0001592836534914
2018-11-14,MCHP/NXPI,-0.0094054564918872,-0.0094054564918872,0.0,5,0.3,-0.0028216369475661
2018-11-14,HUM/UNH,0.0,0.0,0.0,5,0.35,0.0
2018-11-14,INTU/MSFT,-0.0023324253306814,-0.0023324253306814,0.0,5,0.35,-0.0008163488657385
2018-11-15,MCHP/NXPI,-0.0198522064349772,-0.0198522064349772,0.0,5,0.3,-0.0059556619304931
2018-11-15,HUM/UNH,0.0,0.0,0.0,5,0.35,0.0
2018-11-15,INTU/MSFT,0.0038417519980264,0.0038417519980264,0.0,5,0.35,0.0013446131993092
2018-11-16,MCHP/NXPI,-0.0008344758296946,-0.0008344758296946,0.0,5,0.3,-0.0002503427489084
2018-11-16,HUM/UNH,0.0,0.0,0.0,5,0.35,0.0
2018-11-16,INTU/MSFT,0.0113759376507229,0.0113759376507229,0.0,5,0.35,0.003981578177753
2018-11-19,MCHP/NXPI,0.0002290712302875,0.0002290712302875,0.0,5,0.3,6.87213690862512e-05
2018-11-19,HUM/UNH,-0.0,-0.0,0.0,5,0.35,-0.0
2018-11-19,INTU/MSFT,0.0018064379621568,0.0018064379621568,0.0,5,0.35,0.0006322532867548
2018-11-20,MCHP/NXPI,0.0047912133414066,0.0047912133414066,0.0,5,0.3,0.0014373640024219
2018-11-20,HUM/UNH,-0.0,-0.0,0.0,5,0.35,-0.0
2018-11-20,INTU/MSFT,-0.0090875327794876,-0.0090875327794876,0.0,5,0.35,-0.0031806364728206
2018-11-21,MCHP/NXPI,0.0073637948320755,0.0073637948320755,0.0,5,0.3,0.0022091384496226
2018-11-21,HUM/UNH,0.0,0.0,0.0,5,0.35,0.0
2018-11-21,INTU/MSFT,-0.001,0.0,1.0,5,0.35,-0.00035
2018-11-23,MCHP/NXPI,-0.0141196955579277,-0.0141196955579277,0.0,5,0.3,-0.0042359086673783
2018-11-23,HUM/UNH,0.0,0.0,0.0,5,0.35,0.0
2018-11-23,INTU/MSFT,0.0,0.0,0.0,5,0.35,0.0
2018-11-26,MCHP/NXPI,-0.0152051253629816,-0.0152051253629816,0.0,5,0.3,-0.0045615376088944
2018-11-26,HUM/UNH,0.0,0.0,0.0,5,0.35,0.0
2018-11-26,INTU/MSFT,0.0,0.0,0.0,5,0.35,0.0
2018-11-27,MCHP/NXPI,0.013039101930733,0.013039101930733,0.0,5,0.3,0.0039117305792199
2018-11-27,HUM/UNH,0.0,0.0,0.0,5,0.35,0.0
2018-11-27,INTU/MSFT,0.0,0.0,0.0,5,0.35,0.0
2018-11-28,MCHP/NXPI,-0.0101520576726359,-0.0101520576726359,0.0,5,0.3,-0.0030456173017907
2018-11-28,HUM/UNH,-0.0018135184046285,-0.0008135184046285,1.0,5,0.35,-0.0006347314416199
2018-11-28,INTU/MSFT,-0.0036663811904414,-0.0026663811904414,1.0,5,0.35,-0.0012832334166545
2018-11-29,MCHP/NXPI,0.0121632588730546,0.0121632588730546,0.0,5,0.3,0.0036489776619164
2018-11-29,HUM/UNH,-0.0021138206191292,-0.0021138206191292,0.0,5,0.35,-0.0007398372166952
2018-11-29,INTU/MSFT,0.005592111639908,0.005592111639908,0.0,5,0.35,0.0019572390739678
2018-11-30,MCHP/NXPI,-0.0031521102236344,-0.0031521102236344,0.0,5,0.3,-0.0009456330670903
2018-11-30,HUM/UNH,-0.0002413305662261,-0.0002413305662261,0.0,5,0.35,-8.446569817916577e-05
2018-11-30,INTU/MSFT,0.0061635877787003,0.0061635877787003,0.0,5,0.35,0.0021572557225451
2018-12-03,MCHP/NXPI,-0.0144023628098226,-0.0144023628098226,0.0,5,0.3,-0.0043207088429467
2018-12-03,HUM/UNH,-0.0068526054796854,-0.0068526054796854,0.0,5,0.35,-0.0023984119178898
2018-12-03,INTU/MSFT,-0.0084259104079865,-0.0084259104079865,0.0,5,0.35,-0.0029490686427952
2018-12-04,MCHP/NXPI,0.0117346024489917,0.0117346024489917,0.0,5,0.3,0.0035203807346975
2018-12-04,HUM/UNH,0.0074871147418129,0.0074871147418129,0.0,5,0.35,0.0026204901596345
2018-12-04,INTU/MSFT,0.0085660485637853,0.0085660485637853,0.0,5,0.35,0.0029981169973248
2018-12-06,MCHP/NXPI,0.0104155064313745,0.0104155064313745,0.0,5,0.3,0.0031246519294123
2018-12-06,HUM/UNH,-0.0052926459691928,-0.0052926459691928,0.0,5,0.35,-0.0018524260892174
2018-12-06,INTU/MSFT,0.0036170700703763,0.0036170700703763,0.0,5,0.35,0.0012659745246317
2018-12-07,MCHP/NXPI,0.0042273714984548,0.0042273714984548,0.0,5,0.3,0.0012682114495364
2018-12-07,HUM/UNH,0.0058527992282247,0.0058527992282247,0.0,5,0.35,0.0020484797298786
2018-12-07,INTU/MSFT,0.0075006793268104,0.0075006793268104,0.0,5,0.35,0.0026252377643836
2018-12-10,MCHP/NXPI,-0.001,0.0,1.0,5,0.3,-0.0003
2018-12-10,HUM/UNH,0.0078350751621652,0.0078350751621652,0.0,5,0.35,0.0027422763067578
2018-12-10,INTU/MSFT,-0.0076630649745874,-0.0076630649745874,0.0,5,0.35,-0.0026820727411056
2018-12-11,MCHP/NXPI,-0.0,-0.0,0.0,5,0.3,-0.0
2018-12-11,HUM/UNH,-0.0031258041347529,-0.0031258041347529,0.0,5,0.35,-0.0010940314471635
2018-12-11,INTU/MSFT,-0.0069374590600053,-0.0069374590600053,0.0,5,0.35,-0.0024281106710018
2018-12-12,MCHP/NXPI,0.0,0.0,0.0,5,0.3,0.0
2018-12-12,HUM/UNH,-0.0028663414212242,-0.0028663414212242,0.0,5,0.35,-0.0010032194974284
2018-12-12,INTU/MSFT,0.0031090981947581,0.0031090981947581,0.0,5,0.35,0.0010881843681653
2018-12-13,MCHP/NXPI,-0.0,-0.0,0.0,5,0.3,-0.0
2018-12-13,HUM/UNH,-0.0012346561831259,-0.0012346561831259,0.0,5,0.35,-0.000432129664094
2018-12-13,INTU/MSFT,-0.0034490634932393,-0.0034490634932393,0.0,5,0.35,-0.0012071722226337
2018-12-14,MCHP/NXPI,-0.0,-0.0,0.0,5,0.3,-0.0
2018-12-14,HUM/UNH,0.002052005866702,0.002052005866702,0.0,5,0.35,0.0007182020533457
2018-12-14,INTU/MSFT,0.0048048621577811,0.0048048621577811,0.0,5,0.35,0.0016817017552234
2018-12-17,MCHP/NXPI,0.0,0.0,0.0,5,0.3,0.0
2018-12-17,HUM/UNH,0.0206784630886666,0.0206784630886666,0.0,5,0.35,0.0072374620810333
2018-12-17,INTU/MSFT,0.0112415013575716,0.0112415013575716,0.0,5,0.35,0.00393452547515
2018-12-18,MCHP/NXPI,0.0,0.0,0.0,5,0.3,0.0
2018-12-18,HUM/UNH,-0.000816537703856,-0.000816537703856,0.0,5,0.35,-0.0002857881963496
2018-12-18,INTU/MSFT,-0.0050879901780769,-0.0050879901780769,0.0,5,0.35,-0.0017807965623269
2018-12-19,MCHP/NXPI,-0.0,-0.0,0.0,5,0.3,-0.0
2018-12-19,HUM/UNH,-0.0041690860859719,-0.0041690860859719,0.0,5,0.35,-0.0014591801300901
2018-12-19,INTU/MSFT,-0.0034545103481463,-0.0034545103481463,0.0,5,0.35,-0.0012090786218512
2018-12-20,MCHP/NXPI,-0.0,-0.0,0.0,5,0.3,-0.0
2018-12-20,HUM/UNH,0.0133402098909948,0.0133402098909948,0.0,5,0.35,0.0046690734618482
2018-12-20,INTU/MSFT,0.0056817888929563,0.0056817888929563,0.0,5,0.35,0.0019886261125347
2018-12-21,MCHP/NXPI,0.0,0.0,0.0,5,0.3,0.0
2018-12-21,HUM/UNH,0.006232216712517,0.006232216712517,0.0,5,0.35,0.0021812758493809
2018-12-21,INTU/MSFT,0.0067699773814357,0.0067699773814357,0.0,5,0.35,0.0023694920835025
2018-12-24,MCHP/NXPI,-0.0,-0.0,0.0,5,0.3,-0.0
2018-12-24,HUM/UNH,0.0126926737506102,0.0126926737506102,0.0,5,0.35,0.0044424358127135
2018-12-24,INTU/MSFT,0.0187691326001908,0.0187691326001908,0.0,5,0.35,0.0065691964100668
2018-12-26,MCHP/NXPI,0.0,0.0,0.0,5,0.3,0.0
2018-12-26,HUM/UNH,-0.0160320978389082,-0.0160320978389082,0.0,5,0.35,-0.0056112342436178
2018-12-26,INTU/MSFT,-0.0194377793135129,-0.0194377793135129,0.0,5,0.35,-0.0068032227597295
2018-12-27,MCHP/NXPI,0.0,0.0,0.0,5,0.3,0.0
2018-12-27,HUM/UNH,-0.001,0.0,1.0,5,0.35,-0.00035
2018-12-27,INTU/MSFT,-0.001,-0.0,1.0,5,0.35,-0.00035
2018-12-28,MCHP/NXPI,0.0,0.0,0.0,5,0.3,0.0
2018-12-28,HUM/UNH,0.0,0.0,0.0,5,0.35,0.0
2018-12-28,INTU/MSFT,-0.0,-0.0,0.0,5,0.35,-0.0
2018-12-31,MCHP/NXPI,-0.0,-0.0,0.0,5,0.3,-0.0
2018-12-31,HUM/UNH,0.0,0.0,0.0,5,0.35,0.0
2018-12-31,INTU/MSFT,0.0,0.0,0.0,5,0.35,0.0
2019-01-02,MCHP/NXPI,-0.0,-0.0,0.0,5,0.3,-0.0
2019-01-02,HUM/UNH,-0.0,-0.0,0.0,5,0.35,-0.0
2019-01-02,INTU/MSFT,0.0,0.0,0.0,5,0.35,0.0
2019-01-03,MCHP/NXPI,-0.0,-0.0,0.0,5,0.3,-0.0
2019-01-03,HUM/UNH,-0.0,-0.0,0.0,5,0.35,-0.0
2019-01-03,INTU/MSFT,-0.0,-0.0,0.0,5,0.35,-0.0
2019-01-04,CRM/INTU,0.0,0.0,0.0,6,0.3473108284832283,0.0
2019-01-04,CNC/HUM,0.0,0.0,0.0,6,0.3026891715167718,0.0
2019-01-04,NTRS/SCHW,0.0,0.0,0.0,6,0.35,0.0
2019-01-07,CRM/INTU,0.0,0.0,0.0,6,0.3473108284832283,0.0
2019-01-07,CNC/HUM,-0.0,-0.0,0.0,6,0.3026891715167718,-0.0
2019-01-07,NTRS/SCHW,0.0,0.0,0.0,6,0.35,0.0
2019-01-08,CRM/INTU,0.0,0.0,0.0,6,0.3473108284832283,0.0
2019-01-08,CNC/HUM,-0.0,-0.0,0.0,6,0.3026891715167718,-0.0
2019-01-08,NTRS/SCHW,0.0,0.0,0.0,6,0.35,0.0
2019-01-09,CRM/INTU,0.0,0.0,0.0,6,0.3473108284832283,0.0
2019-01-09,CNC/HUM,-0.0,-0.0,0.0,6,0.3026891715167718,-0.0
2019-01-09,NTRS/SCHW,0.0,0.0,0.0,6,0.35,0.0
2019-01-10,CRM/INTU,-0.0,-0.0,0.0,6,0.3473108284832283,-0.0
2019-01-10,CNC/HUM,-0.0,-0.0,0.0,6,0.3026891715167718,-0.0
2019-01-10,NTRS/SCHW,-0.0,-0.0,0.0,6,0.35,-0.0
2019-01-11,CRM/INTU,0.0,0.0,0.0,6,0.3473108284832283,0.0
2019-01-11,CNC/HUM,0.0,0.0,0.0,6,0.3026891715167718,0.0
2019-01-11,NTRS/SCHW,-0.0,-0.0,0.0,6,0.35,-0.0
2019-01-14,CRM/INTU,-0.0,-0.0,0.0,6,0.3473108284832283,-0.0
2019-01-14,CNC/HUM,-0.0,-0.0,0.0,6,0.3026891715167718,-0.0
2019-01-14,NTRS/SCHW,-0.0,-0.0,0.0,6,0.35,-0.0
2019-01-15,CRM/INTU,0.0,0.0,0.0,6,0.3473108284832283,0.0
2019-01-15,CNC/HUM,0.0,0.0,0.0,6,0.3026891715167718,0.0
2019-01-15,NTRS/SCHW,0.0,0.0,0.0,6,0.35,0.0
2019-01-16,CRM/INTU,-0.0,-0.0,0.0,6,0.3473108284832283,-0.0
2019-01-16,CNC/HUM,0.0,0.0,0.0,6,0.3026891715167718,0.0
2019-01-16,NTRS/SCHW,0.0,0.0,0.0,6,0.35,0.0
2019-01-17,CRM/INTU,0.0,0.0,0.0,6,0.3473108284832283,0.0
2019-01-17,CNC/HUM,-0.0,-0.0,0.0,6,0.3026891715167718,-0.0
2019-01-17,NTRS/SCHW,0.0004870349767975,0.0014870349767975,1.0,6,0.35,0.0001704622418791
2019-01-18,CRM/INTU,0.0,0.0,0.0,6,0.3473108284832283,0.0
2019-01-18,CNC/HUM,0.0,0.0,0.0,6,0.3026891715167718,0.0
2019-01-18,NTRS/SCHW,-0.001671786475656,-0.001671786475656,0.0,6,0.35,-0.0005851252664796
2019-01-22,CRM/INTU,-0.0,-0.0,0.0,6,0.3473108284832283,-0.0
2019-01-22,CNC/HUM,0.0,0.0,0.0,6,0.3026891715167718,0.0
2019-01-22,NTRS/SCHW,0.002416524240112,0.002416524240112,0.0,6,0.35,0.0008457834840392
2019-01-23,CRM/INTU,0.0,0.0,0.0,6,0.3473108284832283,0.0
2019-01-23,CNC/HUM,0.0,0.0,0.0,6,0.3026891715167718,0.0
2019-01-23,NTRS/SCHW,-0.001425986724862,-0.001425986724862,0.0,6,0.35,-0.0004990953537017
2019-01-24,CRM/INTU,-0.0,-0.0,0.0,6,0.3473108284832283,-0.0
2019-01-24,CNC/HUM,0.0,0.0,0.0,6,0.3026891715167718,0.0
2019-01-24,NTRS/SCHW,-0.0035922825680028,-0.0035922825680028,0.0,6,0.35,-0.0012572988988009
2019-01-25,CRM/INTU,0.0,0.0,0.0,6,0.3473108284832283,0.0
2019-01-25,CNC/HUM,-0.0,-0.0,0.0,6,0.3026891715167718,-0.0
2019-01-25,NTRS/SCHW,0.0026221151313976,0.0026221151313976,0.0,6,0.35,0.0009177402959891
2019-01-28,CRM/INTU,-0.0,-0.0,0.0,6,0.3473108284832283,-0.0
2019-01-28,CNC/HUM,0.0,0.0,0.0,6,0.3026891715167718,0.0
2019-01-28,NTRS/SCHW,0.0035395527659378,0.0035395527659378,0.0,6,0.35,0.0012388434680782
2019-01-29,CRM/INTU,-0.0,-0.0,0.0,6,0.3473108284832283,-0.0
2019-01-29,CNC/HUM,-0.0,-0.0,0.0,6,0.3026891715167718,-0.0
2019-01-29,NTRS/SCHW,-0.0084803788414415,-0.0084803788414415,0.0,6,0.35,-0.0029681325945045
2019-01-30,CRM/INTU,0.0,0.0,0.0,6,0.3473108284832283,0.0
2019-01-30,CNC/HUM,0.0,0.0,0.0,6,0.3026891715167718,0.0
2019-01-30,NTRS/SCHW,0.0083587063022746,0.0083587063022746,0.0,6,0.35,0.0029255472057961
2019-01-31,CRM/INTU,0.0,0.0,0.0,6,0.3473108284832283,0.0
2019-01-31,CNC/HUM,0.0,0.0,0.0,6,0.3026891715167718,0.0
2019-01-31,NTRS/SCHW,-0.0039535841017118,-0.0039535841017118,0.0,6,0.35,-0.0013837544355991
2019-02-01,CRM/INTU,0.0,0.0,0.0,6,0.3473108284832283,0.0
2019-02-01,CNC/HUM,-0.0,-0.0,0.0,6,0.3026891715167718,-0.0
2019-02-01,NTRS/SCHW,-0.0025809175764114,-0.0025809175764114,0.0,6,0.35,-0.0009033211517439
2019-02-04,CRM/INTU,-0.0,-0.0,0.0,6,0.3473108284832283,-0.0
2019-02-04,CNC/HUM,0.0,0.0,0.0,6,0.3026891715167718,0.0
2019-02-04,NTRS/SCHW,0.0012593607551503,0.0012593607551503,0.0,6,0.35,0.0004407762643026
2019-02-05,CRM/INTU,-0.0,-0.0,0.0,6,0.3473108284832283,-0.0
2019-02-05,CNC/HUM,-0.0,-0.0,0.0,6,0.3026891715167718,-0.0
2019-02-05,NTRS/SCHW,0.0104404022730413,0.0104404022730413,0.0,6,0.35,0.0036541407955644
2019-02-06,CRM/INTU,-0.0,-0.0,0.0,6,0.3473108284832283,-0.0
2019-02-06,CNC/HUM,-0.0,-0.0,0.0,6,0.3026891715167718,-0.0
2019-02-06,NTRS/SCHW,0.0084492406613013,0.0084492406613013,0.0,6,0.35,0.0029572342314554
2019-02-07,CRM/INTU,-0.0,-0.0,0.0,6,0.3473108284832283,-0.0
2019-02-07,CNC/HUM,0.0,0.0,0.0,6,0.3026891715167718,0.0
2019-02-07,NTRS/SCHW,0.007894920910649,0.007894920910649,0.0,6,0.35,0.0027632223187271
2019-02-08,CRM/INTU,-0.0,-0.0,0.0,6,0.3473108284832283,-0.0
2019-02-08,CNC/HUM,-0.0,-0.0,0.0,6,0.3026891715167718,-0.0
2019-02-08,NTRS/SCHW,0.0039702937861656,0.0039702937861656,0.0,6,0.35,0.0013896028251579
2019-02-11,CRM/INTU,0.0,0.0,0.0,6,0.3473108284832283,0.0
2019-02-11,CNC/HUM,-0.0,-0.0,0.0,6,0.3026891715167718,-0.0
2019-02-11,NTRS/SCHW,0.0001864704887309,0.0001864704887309,0.0,6,0.35,6.526467105584729e-05
2019-02-12,CRM/INTU,0.0,0.0,0.0,6,0.3473108284832283,0.0
2019-02-12,CNC/HUM,0.0,0.0,0.0,6,0.3026891715167718,0.0
2019-02-12,NTRS/SCHW,-0.0010395638356138,-0.0010395638356138,0.0,6,0.35,-0.0003638473424648
2019-02-13,CRM/INTU,-0.0,-0.0,0.0,6,0.3473108284832283,-0.0
2019-02-13,CNC/HUM,0.0,0.0,0.0,6,0.3026891715167718,0.0
2019-02-13,NTRS/SCHW,-0.003613735324671,-0.003613735324671,0.0,6,0.35,-0.0012648073636348
2019-02-14,CRM/INTU,-0.0,-0.0,0.0,6,0.3473108284832283,-0.0
2019-02-14,CNC/HUM,0.0,0.0,0.0,6,0.3026891715167718,0.0
2019-02-14,NTRS/SCHW,-0.001,-0.0,1.0,6,0.35,-0.00035
2019-02-15,CRM/INTU,-0.0,-0.0,0.0,6,0.3473108284832283,-0.0
2019-02-15,CNC/HUM,0.0,0.0,0.0,6,0.3026891715167718,0.0
2019-02-15,NTRS/SCHW,0.0,0.0,0.0,6,0.35,0.0
2019-02-19,CRM/INTU,0.0,0.0,0.0,6,0.3473108284832283,0.0
2019-02-19,CNC/HUM,-0.0,-0.0,0.0,6,0.3026891715167718,-0.0
2019-02-19,NTRS/SCHW,0.0,0.0,0.0,6,0.35,0.0
2019-02-20,CRM/INTU,-0.0,-0.0,0.0,6,0.3473108284832283,-0.0
2019-02-20,CNC/HUM,0.0,0.0,0.0,6,0.3026891715167718,0.0
2019-02-20,NTRS/SCHW,-0.0,-0.0,0.0,6,0.35,-0.0
2019-02-21,CRM/INTU,0.0,0.0,0.0,6,0.3473108284832283,0.0
2019-02-21,CNC/HUM,0.0,0.0,0.0,6,0.3026891715167718,0.0
2019-02-21,NTRS/SCHW,-0.0,-0.0,0.0,6,0.35,-0.0
2019-02-22,CRM/INTU,-0.0,-0.0,0.0,6,0.3473108284832283,-0.0
2019-02-22,CNC/HUM,0.0,0.0,0.0,6,0.3026891715167718,0.0
2019-02-22,NTRS/SCHW,0.0,0.0,0.0,6,0.35,0.0
2019-02-25,CRM/INTU,0.0048560986982294,0.0058560986982294,1.0,6,0.3473108284832283,0.0016865756620784
2019-02-25,CNC/HUM,-0.0,-0.0,0.0,6,0.3026891715167718,-0.0
2019-02-25,NTRS/SCHW,-0.0,-0.0,0.0,6,0.35,-0.0
2019-02-26,CRM/INTU,0.0035455629210967,0.0035455629210967,0.0,6,0.3473108284832283,0.0012314123955655
2019-02-26,CNC/HUM,-0.0,-0.0,0.0,6,0.3026891715167718,-0.0
2019-02-26,NTRS/SCHW,0.0,0.0,0.0,6,0.35,0.0
2019-02-27,CRM/INTU,-0.0012588804456295,-0.0012588804456295,0.0,6,0.3473108284832283,-0.0004372228105329
2019-02-27,CNC/HUM,-0.0,-0.0,0.0,6,0.3026891715167718,-0.0
2019-02-27,NTRS/SCHW,-0.0,-0.0,0.0,6,0.35,-0.0
2019-02-28,CRM/INTU,0.0066246164337083,0.0066246164337083,0.0,6,0.3473108284832283,0.0023008010219748
2019-02-28,CNC/HUM,-0.0048803001679868,-0.0038803001679868,1.0,6,0.3026891715167718,-0.0014772140146011
2019-02-28,NTRS/SCHW,-0.0,-0.0,0.0,6,0.35,-0.0
2019-03-01,CRM/INTU,-0.0028688226133179,-0.0028688226133179,0.0,6,0.3473108284832283,-0.0009963731586028
2019-03-01,CNC/HUM,0.0141998764255168,0.0141998764255168,0.0,6,0.3026891715167718,0.0042981488308802
2019-03-01,NTRS/SCHW,0.0,0.0,0.0,6,0.35,0.0
2019-03-04,CRM/INTU,-0.0179542011717843,-0.0179542011717843,0.0,6,0.3473108284832283,-0.0062356884837269
2019-03-04,CNC/HUM,-0.0241187358378043,-0.0241187358378043,0.0,6,0.3026891715167718,-0.0073004801687768
2019-03-04,NTRS/SCHW,-0.0,-0.0,0.0,6,0.35,-0.0
2019-03-05,CRM/INTU,-0.0020066178418635,-0.0020066178418635,0.0,6,0.3473108284832283,-0.0006969201051068
2019-03-05,CNC/HUM,0.0007863698635606,0.0007863698635606,0.0,6,0.3026891715167718,0.0002380256425069
2019-03-05,NTRS/SCHW,0.0,0.0,0.0,6,0.35,0.0
2019-03-06,CRM/INTU,-0.0003199101629323,-0.0003199101629323,0.0,6,0.3473108284832283,-0.0001111082637282
2019-03-06,CNC/HUM,-0.0091124356475713,-0.0091124356475713,0.0,6,0.3026891715167718,-0.0027582355966632
2019-03-06,NTRS/SCHW,-0.0,-0.0,0.0,6,0.35,-0.0
2019-03-07,CRM/INTU,-0.0016022026605817,-0.0016022026605817,0.0,6,0.3473108284832283,-0.0005564623334446
2019-03-07,CNC/HUM,-0.00832047277452,-0.00832047277452,0.0,6,0.3026891715167718,-0.0025185170107473
2019-03-07,NTRS/SCHW,-0.0,-0.0,0.0,6,0.35,-0.0
2019-03-08,CRM/INTU,-0.0027491591092852,-0.0027491591092852,0.0,6,0.3473108284832283,-0.000954812727878
2019-03-08,CNC/HUM,-0.0010346959528193,-0.0010346959528193,0.0,6,0.3026891715167718,-0.0003131912607306
2019-03-08,NTRS/SCHW,-0.0,-0.0,0.0,6,0.35,-0.0
2019-03-11,CRM/INTU,0.0010001267400265,0.0010001267400265,0.0,6,0.3473108284832283,0.0003473548466668
2019-03-11,CNC/HUM,0.009908777136955,0.009908777136955,0.0,6,0.3026891715167718,0.0029992795423292
2019-03-11,NTRS/SCHW,0.0,0.0,0.0,6,0.35,0.0
2019-03-12,CRM/INTU,0.0026586201202454,0.0026586201202454,0.0,6,0.3473108284832283,0.0009233675565846
2019-03-12,CNC/HUM,0.0002911498586672,0.0002911498586672,0.0,6,0.3026891715167718,8.812790950720957e-05
2019-03-12,NTRS/SCHW,0.0,0.0,0.0,6,0.35,0.0
2019-03-13,CRM/INTU,-0.0004821421848219,-0.0004821421848219,0.0,6,0.3473108284832283,-0.0001674532016572
2019-03-13,CNC/HUM,0.016763588047513,0.016763588047513,0.0,6,0.3026891715167718,0.0050741565777501
2019-03-13,NTRS/SCHW,-0.0,-0.0,0.0,6,0.35,-0.0
2019-03-14,CRM/INTU,-0.0024038149107529,-0.0024038149107529,0.0,6,0.3473108284832283,-0.0008348709481739
2019-03-14,CNC/HUM,-0.0061790902426001,-0.0061790902426001,0.0,6,0.3026891715167718,-0.00187034370626
2019-03-14,NTRS/SCHW,-0.0,-0.0,0.0,6,0.35,-0.0
2019-03-15,CRM/INTU,0.0005961304518538,0.0005961304518538,0.0,6,0.3473108284832283,0.0002070425611174
2019-03-15,CNC/HUM,0.0018045812687018,0.0018045812687018,0.0,6,0.3026891715167718,0.000546227209158
2019-03-15,NTRS/SCHW,-0.0,-0.0,0.0,6,0.35,-0.0
2019-03-18,CRM/INTU,0.002224343668688,0.002224343668688,0.0,6,0.3473108284832283,0.0007725386424034
2019-03-18,CNC/HUM,0.0046274028983139,0.0046274028983139,0.0,6,0.3026891715167718,0.0014006647495649
2019-03-18,NTRS/SCHW,-0.0,-0.0,0.0,6,0.35,-0.0
2019-03-19,CRM/INTU,0.0096797764925395,0.0096797764925395,0.0,6,0.3473108284832283,0.0033618911931563
2019-03-19,CNC/HUM,0.0095462052080414,0.0095462052080414,0.0,6,0.3026891715167718,0.0028895329455511
2019-03-19,NTRS/SCHW,0.0,0.0,0.0,6,0.35,0.0
2019-03-20,CRM/INTU,-0.0013129162449796,-0.0013129162449796,0.0,6,0.3473108284832283,-0.0004559900287729
2019-03-20,CNC/HUM,-0.0246658967402253,-0.0246658967402253,0.0,6,0.3026891715167718,-0.007466099849017
2019-03-20,NTRS/SCHW,-0.0,-0.0,0.0,6,0.35,-0.0
2019-03-21,CRM/INTU,0.0037933659704579,0.0037933659704579,0.0,6,0.3473108284832283,0.0013174770779398
2019-03-21,CNC/HUM,0.0030286300096275,0.0030286300096275,0.0,6,0.3026891715167718,0.0009167335084449
2019-03-21,NTRS/SCHW,-0.0,-0.0,0.0,6,0.35,-0.0
2019-03-22,CRM/INTU,-0.001,-0.0,1.0,6,0.3473108284832283,-0.0003473108284832
2019-03-22,CNC/HUM,-0.0040654533576361,-0.0040654533576361,0.0,6,0.3026891715167718,-0.0012305687086629
2019-03-22,NTRS/SCHW,-0.0,-0.0,0.0,6,0.35,-0.0
2019-03-25,CRM/INTU,-0.0,-0.0,0.0,6,0.3473108284832283,-0.0
2019-03-25,CNC/HUM,-0.0063917794249795,-0.0063917794249795,0.0,6,0.3026891715167718,-0.001934722418665
2019-03-25,NTRS/SCHW,0.0,0.0,0.0,6,0.35,0.0
2019-03-26,CRM/INTU,-0.0,-0.0,0.0,6,0.3473108284832283,-0.0
2019-03-26,CNC/HUM,-0.0109518523808744,-0.0109518523808744,0.0,6,0.3026891715167718,-0.0033150071237408
2019-03-26,NTRS/SCHW,-0.0,-0.0,0.0,6,0.35,-0.0
2019-03-27,CRM/INTU,-0.0,-0.0,0.0,6,0.3473108284832283,-0.0
2019-03-27,CNC/HUM,-0.001,0.0,1.0,6,0.3026891715167718,-0.0003026891715167
2019-03-27,NTRS/SCHW,-0.0,-0.0,0.0,6,0.35,-0.0
2019-03-28,CRM/INTU,-0.0073943619141304,-0.0063943619141304,1.0,6,0.3473108284832283,-0.0025681419625014
2019-03-28,CNC/HUM,-0.0,-0.0,0.0,6,0.3026891715167718,-0.0
2019-03-28,NTRS/SCHW,0.0,0.0,0.0,6,0.35,0.0
2019-03-29,CRM/INTU,0.0078416150942754,0.0078416150942754,0.0,6,0.3473108284832283,0.0027234778350393
2019-03-29,CNC/HUM,0.0,0.0,0.0,6,0.3026891715167718,0.0
2019-03-29,NTRS/SCHW,-0.0,-0.0,0.0,6,0.35,-0.0
2019-04-01,CRM/INTU,0.0026946099181846,0.0026946099181846,0.0,6,0.3473108284832283,0.0009358672031238
2019-04-01,CNC/HUM,0.0,0.0,0.0,6,0.3026891715167718,0.0
2019-04-01,NTRS/SCHW,0.0,0.0,0.0,6,0.35,0.0
2019-04-02,CRM/INTU,-0.0064745435899301,-0.0064745435899301,0.0,6,0.3473108284832283,-0.0022486790982694
2019-04-02,CNC/HUM,-0.0,-0.0,0.0,6,0.3026891715167718,-0.0
2019-04-02,NTRS/SCHW,0.0,0.0,0.0,6,0.35,0.0
2019-04-03,CRM/INTU,0.0060534388892752,0.0060534388892752,0.0,6,0.3473108284832283,0.0021024248758067
2019-04-03,CNC/HUM,0.0,0.0,0.0,6,0.3026891715167718,0.0
2019-04-03,NTRS/SCHW,-0.0,-0.0,0.0,6,0.35,-0.0
2019-04-04,CRM/INTU,-0.003673692794122,-0.003673692794122,0.0,6,0.3473108284832283,-0.0012759132879193
2019-04-04,CNC/HUM,0.0,0.0,0.0,6,0.3026891715167718,0.0
2019-04-04,NTRS/SCHW,-0.0,-0.0,0.0,6,0.35,-0.0
2019-04-05,CRM/MSFT,0.0,0.0,0.0,7,0.5,0.0
2019-04-05,CNC/UNH,-0.0,-0.0,0.0,7,0.5,-0.0
2019-04-08,CRM/MSFT,0.0,0.0,0.0,7,0.5,0.0
2019-04-08,CNC/UNH,-0.0,-0.0,0.0,7,0.5,-0.0
2019-04-09,CRM/MSFT,0.0,0.0,0.0,7,0.5,0.0
2019-04-09,CNC/UNH,-0.0,-0.0,0.0,7,0.5,-0.0
2019-04-10,CRM/MSFT,-0.0,-0.0,0.0,7,0.5,-0.0
2019-04-10,CNC/UNH,-0.0,-0.0,0.0,7,0.5,-0.0
2019-04-11,CRM/MSFT,-0.0,-0.0,0.0,7,0.5,-0.0
2019-04-11,CNC/UNH,-0.0,-0.0,0.0,7,0.5,-0.0
2019-04-12,CRM/MSFT,0.0,0.0,0.0,7,0.5,0.0
2019-04-12,CNC/UNH,-0.0264803872652404,-0.0254803872652404,1.0,7,0.5,-0.0132401936326202
2019-04-15,CRM/MSFT,0.0,0.0,0.0,7,0.5,0.0
2019-04-15,CNC/UNH,0.0206298687262862,0.0206298687262862,0.0,7,0.5,0.0103149343631431
2019-04-16,CRM/MSFT,0.0,0.0,0.0,7,0.5,0.0
2019-04-16,CNC/UNH,-0.0115354498787545,-0.0115354498787545,0.0,7,0.5,-0.0057677249393772
2019-04-17,CRM/MSFT,0.0,0.0,0.0,7,0.5,0.0
2019-04-17,CNC/UNH,0.0044252978704457,0.0044252978704457,0.0,7,0.5,0.0022126489352228
2019-04-18,CRM/MSFT,-0.0076416110934398,-0.0066416110934398,1.0,7,0.5,-0.0038208055467199
2019-04-18,CNC/UNH,0.0087290939915195,0.0087290939915195,0.0,7,0.5,0.0043645469957597
2019-04-22,CRM/MSFT,0.0046938364543347,0.0046938364543347,0.0,7,0.5,0.0023469182271673
2019-04-22,CNC/UNH,0.0178834260908858,0.0178834260908858,0.0,7,0.5,0.0089417130454429
2019-04-23,CRM/MSFT,-0.002625750228406,-0.002625750228406,0.0,7,0.5,-0.001312875114203
2019-04-23,CNC/UNH,-0.0025995124818769,-0.0025995124818769,0.0,7,0.5,-0.0012997562409384
2019-04-24,CRM/MSFT,-0.0017597850053989,-0.0017597850053989,0.0,7,0.5,-0.0008798925026994
2019-04-24,CNC/UNH,-7.112426507206938e-05,-7.112426507206938e-05,0.0,7,0.5,-3.556213253603469e-05
2019-04-25,CRM/MSFT,-0.0123149932374993,-0.0123149932374993,0.0,7,0.5,-0.0061574966187496
2019-04-25,CNC/UNH,0.0011790976957812,0.0011790976957812,0.0,7,0.5,0.0005895488478906
2019-04-26,CRM/MSFT,0.0030860620473737,0.0030860620473737,0.0,7,0.5,0.0015430310236868
2019-04-26,CNC/UNH,0.0051075426312627,0.0051075426312627,0.0,7,0.5,0.0025537713156313
2019-04-29,CRM/MSFT,-0.0007944395884676,-0.0007944395884676,0.0,7,0.5,-0.0003972197942338
2019-04-29,CNC/UNH,0.0034032154735977,0.0034032154735977,0.0,7,0.5,0.0017016077367988
2019-04-30,CRM/MSFT,-0.0039956495028803,-0.0039956495028803,0.0,7,0.5,-0.0019978247514401
2019-04-30,CNC/UNH,-0.0090834895041334,-0.0090834895041334,0.0,7,0.5,-0.0045417447520667
2019-05-01,CRM/MSFT,0.0055879727942056,0.0055879727942056,0.0,7,0.5,0.0027939863971028
2019-05-01,CNC/UNH,0.0070370124262611,0.0070370124262611,0.0,7,0.5,0.0035185062131305
2019-05-02,CRM/MSFT,0.0073584610502663,0.0073584610502663,0.0,7,0.5,0.0036792305251331
2019-05-02,CNC/UNH,-0.0096477122928198,-0.0096477122928198,0.0,7,0.5,-0.0048238561464099
2019-05-03,CRM/MSFT,-0.0097000306409133,-0.0097000306409133,0.0,7,0.5,-0.0048500153204566
2019-05-03,CNC/UNH,-0.0070340714057931,-0.0070340714057931,0.0,7,0.5,-0.0035170357028965
2019-05-06,CRM/MSFT,0.0016620207230287,0.0016620207230287,0.0,7,0.5,0.0008310103615143
2019-05-06,CNC/UNH,0.0069049322166938,0.0069049322166938,0.0,7,0.5,0.0034524661083469
2019-05-07,CRM/MSFT,-0.0003306652175045,-0.0003306652175045,0.0,7,0.5,-0.0001653326087522
2019-05-07,CNC/UNH,-0.0062179986375564,-0.0062179986375564,0.0,7,0.5,-0.0031089993187782
2019-05-08,CRM/MSFT,-4.730326242531076e-05,-4.730326242531076e-05,0.0,7,0.5,-2.365163121265538e-05
2019-05-08,CNC/UNH,-0.000745158999197,-0.000745158999197,0.0,7,0.5,-0.0003725794995985
2019-05-09,CRM/MSFT,-0.0012802681606817,-0.0012802681606817,0.0,7,0.5,-0.0006401340803408
2019-05-09,CNC/UNH,0.006159930480296,0.006159930480296,0.0,7,0.5,0.003079965240148
2019-05-10,CRM/MSFT,0.000746012156059,0.000746012156059,0.0,7,0.5,0.0003730060780295
2019-05-10,CNC/UNH,-0.001,0.0,1.0,7,0.5,-0.0005
2019-05-13,CRM/MSFT,0.0023528634476897,0.0023528634476897,0.0,7,0.5,0.0011764317238448
2019-05-13,CNC/UNH,-0.0,-0.0,0.0,7,0.5,-0.0
2019-05-14,CRM/MSFT,0.005242363680087,0.005242363680087,0.0,7,0.5,0.0026211818400435
2019-05-14,CNC/UNH,-0.0,-0.0,0.0,7,0.5,-0.0
2019-05-15,CRM/MSFT,-0.0159616965595622,-0.0159616965595622,0.0,7,0.5,-0.0079808482797811
2019-05-15,CNC/UNH,0.0,0.0,0.0,7,0.5,0.0
2019-05-16,CRM/MSFT,-0.001,0.0,1.0,7,0.5,-0.0005
2019-05-16,CNC/UNH,-0.0,-0.0,0.0,7,0.5,-0.0
2019-05-17,CRM/MSFT,0.0,0.0,0.0,7,0.5,0.0
2019-05-17,CNC/UNH,0.0,0.0,0.0,7,0.5,0.0
2019-05-20,CRM/MSFT,-0.0,-0.0,0.0,7,0.5,-0.0
2019-05-20,CNC/UNH,0.0,0.0,0.0,7,0.5,0.0
2019-05-21,CRM/MSFT,0.0,0.0,0.0,7,0.5,0.0
2019-05-21,CNC/UNH,-0.0037683849997579,-0.0027683849997579,1.0,7,0.5,-0.0018841924998789
2019-05-22,CRM/MSFT,-0.0,-0.0,0.0,7,0.5,-0.0
2019-05-22,CNC/UNH,-0.0001592699877839,-0.0001592699877839,0.0,7,0.5,-7.963499389198379e-05
2019-05-23,CRM/MSFT,0.0,0.0,0.0,7,0.5,0.0
2019-05-23,CNC/UNH,0.0009630025860806,0.0009630025860806,0.0,7,0.5,0.0004815012930403
2019-05-24,CRM/MSFT,-0.0,-0.0,0.0,7,0.5,-0.0
2019-05-24,CNC/UNH,0.0044943025787799,0.0044943025787799,0.0,7,0.5,0.0022471512893899
2019-05-28,CRM/MSFT,-0.0,-0.0,0.0,7,0.5,-0.0
2019-05-28,CNC/UNH,0.0118029135148268,0.0118029135148268,0.0,7,0.5,0.0059014567574134
2019-05-29,CRM/MSFT,-0.0,-0.0,0.0,7,0.5,-0.0
2019-05-29,CNC/UNH,-0.0002555849740768,-0.0002555849740768,0.0,7,0.5,-0.0001277924870384
2019-05-30,CRM/MSFT,-0.0,-0.0,0.0,7,0.5,-0.0
2019-05-30,CNC/UNH,0.00082584267499,0.00082584267499,0.0,7,0.5,0.000412921337495
2019-05-31,CRM/MSFT,0.0,0.0,0.0,7,0.5,0.0
2019-05-31,CNC/UNH,0.0087957978389832,0.0087957978389832,0.0,7,0.5,0.0043978989194916
2019-06-03,CRM/MSFT,-0.0,-0.0,0.0,7,0.5,-0.0
2019-06-03,CNC/UNH,-0.0147213193170269,-0.0147213193170269,0.0,7,0.5,-0.0073606596585134
2019-06-04,CRM/MSFT,0.0,0.0,0.0,7,0.5,0.0
2019-06-04,CNC/UNH,-0.0006199044646931,-0.0006199044646931,0.0,7,0.5,-0.0003099522323465
2019-06-05,CRM/MSFT,-0.0,-0.0,0.0,7,0.5,-0.0
2019-06-05,CNC/UNH,-0.0062882345749831,-0.0062882345749831,0.0,7,0.5,-0.0031441172874915
2019-06-06,CRM/MSFT,0.0,0.0,0.0,7,0.5,0.0
2019-06-06,CNC/UNH,0.0028770401884342,0.0028770401884342,0.0,7,0.5,0.0014385200942171
2019-06-07,CRM/MSFT,0.0,0.0,0.0,7,0.5,0.0
2019-06-07,CNC/UNH,-0.0127392740536512,-0.0127392740536512,0.0,7,0.5,-0.0063696370268256
2019-06-10,CRM/MSFT,-0.026700333258044,-0.025700333258044,1.0,7,0.5,-0.013350166629022
2019-06-10,CNC/UNH,0.0001935191461759,0.0001935191461759,0.0,7,0.5,9.675957308795006e-05
2019-06-11,CRM/MSFT,-0.001,0.0,1.0,7,0.5,-0.0005
2019-06-11,CNC/UNH,0.0021193189660904,0.0021193189660904,0.0,7,0.5,0.0010596594830452
2019-06-12,CRM/MSFT,0.0047243938152368,0.0057243938152368,1.0,7,0.5,0.0023621969076184
2019-06-12,CNC/UNH,0.001375516819952,0.001375516819952,0.0,7,0.5,0.000687758409976
2019-06-13,CRM/MSFT,-0.0037578721939031,-0.0037578721939031,0.0,7,0.5,-0.0018789360969515
2019-06-13,CNC/UNH,-0.0010530088376046,-0.0010530088376046,0.0,7,0.5,-0.0005265044188023
2019-06-14,CRM/MSFT,-0.0039568119750413,-0.0039568119750413,0.0,7,0.5,-0.0019784059875206
2019-06-14,CNC/UNH,-0.0053511162306331,-0.0053511162306331,0.0,7,0.5,-0.0026755581153165
2019-06-17,CRM/MSFT,-0.0011568285862777,-0.0011568285862777,0.0,7,0.5,-0.0005784142931388
2019-06-17,CNC/UNH,0.006317725603444,0.006317725603444,0.0,7,0.5,0.003158862801722
2019-06-18,CRM/MSFT,-0.0099926639417036,-0.0099926639417036,0.0,7,0.5,-0.0049963319708518
2019-06-18,CNC/UNH,-0.001,-0.0,1.0,7,0.5,-0.0005
2019-06-19,CRM/MSFT,0.0065855419626844,0.0065855419626844,0.0,7,0.5,0.0032927709813422
2019-06-19,CNC/UNH,0.0,0.0,0.0,7,0.5,0.0
2019-06-20,CRM/MSFT,0.0018538315634811,0.0018538315634811,0.0,7,0.5,0.0009269157817405
2019-06-20,CNC/UNH,-0.0,-0.0,0.0,7,0.5,-0.0
2019-06-21,CRM/MSFT,-0.000965613770653,-0.000965613770653,0.0,7,0.5,-0.0004828068853265
2019-06-21,CNC/UNH,0.0,0.0,0.0,7,0.5,0.0
2019-06-24,CRM/MSFT,-0.0140852239994048,-0.0140852239994048,0.0,7,0.5,-0.0070426119997024
2019-06-24,CNC/UNH,-0.0,-0.0,0.0,7,0.5,-0.0
2019-06-25,CRM/MSFT,0.0114191602088136,0.0114191602088136,0.0,7,0.5,0.0057095801044068
2019-06-25,CNC/UNH,0.0,0.0,0.0,7,0.5,0.0
2019-06-26,CRM/MSFT,-0.0030822976402513,-0.0030822976402513,0.0,7,0.5,-0.0015411488201256
2019-06-26,CNC/UNH,-0.0,-0.0,0.0,7,0.5,-0.0
2019-06-27,CRM/MSFT,0.003221749330597,0.003221749330597,0.0,7,0.5,0.0016108746652985
2019-06-27,CNC/UNH,0.0,0.0,0.0,7,0.5,0.0
2019-06-28,CRM/MSFT,0.0035143614172144,0.0035143614172144,0.0,7,0.5,0.0017571807086072
2019-06-28,CNC/UNH,-0.0,-0.0,0.0,7,0.5,-0.0
2019-07-01,CRM/MSFT,-0.0020630800733265,-0.0020630800733265,0.0,7,0.5,-0.0010315400366632
2019-07-01,CNC/UNH,0.0,0.0,0.0,7,0.5,0.0
2019-07-02,CRM/MSFT,-0.0039496935666899,-0.0039496935666899,0.0,7,0.5,-0.0019748467833449
2019-07-02,CNC/UNH,0.0,0.0,0.0,7,0.5,0.0
2019-07-03,CRM/MSFT,-0.000332688744146,-0.000332688744146,0.0,7,0.5,-0.000166344372073
2019-07-03,CNC/UNH,0.0,0.0,0.0,7,0.5,0.0
2019-07-05,CRM/MSFT,-0.0006863404410494,-0.0006863404410494,0.0,7,0.5,-0.0003431702205247
2019-07-05,CNC/UNH,0.0,0.0,0.0,7,0.5,0.0
2019-07-08,INTU/MSFT,-0.0,-0.0,0.0,8,0.2833975891680209,-0.0
2019-07-08,AXP/V,0.0,0.0,0.0,8,0.35,0.0
2019-07-08,CNC/HUM,0.0,0.0,0.0,8,0.2361180397093434,0.0
2019-07-08,ADI/MU,0.0,0.0,0.0,8,0.1304843711226357,0.0
2019-07-09,INTU/MSFT,-0.0,-0.0,0.0,8,0.2833975891680209,-0.0
2019-07-09,AXP/V,0.0,0.0,0.0,8,0.35,0.0
2019-07-09,CNC/HUM,-0.0,-0.0,0.0,8,0.2361180397093434,-0.0
2019-07-09,ADI/MU,0.0,0.0,0.0,8,0.1304843711226357,0.0
2019-07-10,INTU/MSFT,0.0,0.0,0.0,8,0.2833975891680209,0.0
2019-07-10,AXP/V,0.0,0.0,0.0,8,0.35,0.0
2019-07-10,CNC/HUM,0.0,0.0,0.0,8,0.2361180397093434,0.0
2019-07-10,ADI/MU,0.0,0.0,0.0,8,0.1304843711226357,0.0
2019-07-11,INTU/MSFT,-0.0,-0.0,0.0,8,0.2833975891680209,-0.0
2019-07-11,AXP/V,0.0,0.0,0.0,8,0.35,0.0
2019-07-11,CNC/HUM,0.0,0.0,0.0,8,0.2361180397093434,0.0
2019-07-11,ADI/MU,0.0,0.0,0.0,8,0.1304843711226357,0.0
2019-07-12,INTU/MSFT,-0.0,-0.0,0.0,8,0.2833975891680209,-0.0
2019-07-12,AXP/V,-0.0,-0.0,0.0,8,0.35,-0.0
2019-07-12,CNC/HUM,0.0,0.0,0.0,8,0.2361180397093434,0.0
2019-07-12,ADI/MU,0.0,0.0,0.0,8,0.1304843711226357,0.0
2019-07-15,INTU/MSFT,-0.0,-0.0,0.0,8,0.2833975891680209,-0.0
2019-07-15,AXP/V,-0.0,-0.0,0.0,8,0.35,-0.0
2019-07-15,CNC/HUM,0.0093170769413966,0.0103170769413966,1.0,8,0.2361180397093434,0.0021999299432237
2019-07-15,ADI/MU,-0.0,-0.0,0.0,8,0.1304843711226357,-0.0
2019-07-16,INTU/MSFT,-0.0,-0.0,0.0,8,0.2833975891680209,-0.0
2019-07-16,AXP/V,-0.0,-0.0,0.0,8,0.35,-0.0
2019-07-16,CNC/HUM,0.000232497385491,0.000232497385491,0.0,8,0.2361180397093434,5.489682689970001e-05
2019-07-16,ADI/MU,-0.0,-0.0,0.0,8,0.1304843711226357,-0.0
2019-07-17,INTU/MSFT,-0.0,-0.0,0.0,8,0.2833975891680209,-0.0
2019-07-17,AXP/V,0.0,0.0,0.0,8,0.35,0.0
2019-07-17,CNC/HUM,0.0019376411461813,0.0019376411461813,0.0,8,0.2361180397093434,0.0004575120290965
2019-07-17,ADI/MU,0.0,0.0,0.0,8,0.1304843711226357,0.0
2019-07-18,INTU/MSFT,-0.0,-0.0,0.0,8,0.2833975891680209,-0.0
2019-07-18,AXP/V,0.0,0.0,0.0,8,0.35,0.0
2019-07-18,CNC/HUM,-0.0034965862530215,-0.0034965862530215,0.0,8,0.2361180397093434,-0.000825607091738
2019-07-18,ADI/MU,0.0,0.0,0.0,8,0.1304843711226357,0.0
2019-07-19,INTU/MSFT,0.0,0.0,0.0,8,0.2833975891680209,0.0
2019-07-19,AXP/V,0.0,0.0,0.0,8,0.35,0.0
2019-07-19,CNC/HUM,0.0004052845404612,0.0004052845404612,0.0,8,0.2361180397093434,9.569499121822077e-05
2019-07-19,ADI/MU,0.0,0.0,0.0,8,0.1304843711226357,0.0
2019-07-22,INTU/MSFT,0.0,0.0,0.0,8,0.2833975891680209,0.0
2019-07-22,AXP/V,0.0,0.0,0.0,8,0.35,0.0
2019-07-22,CNC/HUM,-0.0043454071781317,-0.0043454071781317,0.0,8,0.2361180397093434,-0.0010260290246393
2019-07-22,ADI/MU,0.0,0.0,0.0,8,0.1304843711226357,0.0
2019-07-23,INTU/MSFT,0.0,0.0,0.0,8,0.2833975891680209,0.0
2019-07-23,AXP/V,-0.0,-0.0,0.0,8,0.35,-0.0
2019-07-23,CNC/HUM,0.0036959133419441,0.0036959133419441,0.0,8,0.2361180397093434,0.0008726718132354
2019-07-23,ADI/MU,-0.0,-0.0,0.0,8,0.1304843711226357,-0.0
2019-07-24,INTU/MSFT,0.0,0.0,0.0,8,0.2833975891680209,0.0
2019-07-24,AXP/V,0.0,0.0,0.0,8,0.35,0.0
2019-07-24,CNC/HUM,0.0206758164263636,0.0206758164263636,0.0,8,0.2361180397093434,0.0048819332439832
2019-07-24,ADI/MU,-0.0,-0.0,0.0,8,0.1304843711226357,-0.0
2019-07-25,INTU/MSFT,0.001619739317081,0.002619739317081,1.0,8,0.2833975891680209,0.0004590302175414
2019-07-25,AXP/V,-0.0,-0.0,0.0,8,0.35,-0.0
2019-07-25,CNC/HUM,-0.0065934100967451,-0.0065934100967451,0.0,8,0.2361180397093434,-0.0015568230670432
2019-07-25,ADI/MU,0.0,0.0,0.0,8,0.1304843711226357,0.0
2019-07-26,INTU/MSFT,-0.0019399605116985,-0.0019399605116985,0.0,8,0.2833975891680209,-0.0005497801320965
2019-07-26,AXP/V,0.0,0.0,0.0,8,0.35,0.0
2019-07-26,CNC/HUM,0.0029528874435407,0.0029528874435407,0.0,8,0.2361180397093434,0.0006972299946511
2019-07-26,ADI/MU,-0.0,-0.0,0.0,8,0.1304843711226357,-0.0
2019-07-29,INTU/MSFT,-0.00202980720637,-0.00202980720637,0.0,8,0.2833975891680209,-0.0005752424687611
2019-07-29,AXP/V,-0.0,-0.0,0.0,8,0.35,-0.0
2019-07-29,CNC/HUM,-0.006970998828133,-0.006970998828133,0.0,8,0.2361180397093434,-0.0016459785781149
2019-07-29,ADI/MU,-0.0,-0.0,0.0,8,0.1304843711226357,-0.0
2019-07-30,INTU/MSFT,0.0004982553585658,0.0004982553585658,0.0,8,0.2833975891680209,0.0001412043674076
2019-07-30,AXP/V,-0.0,-0.0,0.0,8,0.35,-0.0
2019-07-30,CNC/HUM,-0.008343498066684,-0.008343498066684,0.0,8,0.2361180397093434,-0.0019700504078241
2019-07-30,ADI/MU,0.0,0.0,0.0,8,0.1304843711226357,0.0
2019-07-31,INTU/MSFT,0.0143565815501569,0.0143565815501569,0.0,8,0.2833975891680209,0.0040686206000085
2019-07-31,AXP/V,-0.0,-0.0,0.0,8,0.35,-0.0
2019-07-31,CNC/HUM,-0.039045799878206,-0.039045799878206,0.0,8,0.2361180397093434,-0.0092194177261253
2019-07-31,ADI/MU,-0.0,-0.0,0.0,8,0.1304843711226357,-0.0
2019-08-01,INTU/MSFT,-0.0070385352304079,-0.0070385352304079,0.0,8,0.2833975891680209,-0.0019947039155717
2019-08-01,AXP/V,0.0,0.0,0.0,8,0.35,0.0
2019-08-01,CNC/HUM,-0.0081460103173518,-0.0081460103173518,0.0,8,0.2361180397093434,-0.0019234199875852
2019-08-01,ADI/MU,-0.0,-0.0,0.0,8,0.1304843711226357,-0.0
2019-08-02,INTU/MSFT,0.000388712903294,0.000388712903294,0.0,8,0.2833975891680209,0.000110160299672
2019-08-02,AXP/V,-0.0,-0.0,0.0,8,0.35,-0.0
2019-08-02,CNC/HUM,0.0066507878820709,0.0066507878820709,0.0,8,0.2361180397093434,0.0015703709972372
2019-08-02,ADI/MU,0.0,0.0,0.0,8,0.1304843711226357,0.0
2019-08-05,INTU/MSFT,0.0048342015347064,0.0048342015347064,0.0,8,0.2833975891680209,0.0013700010604881
2019-08-05,AXP/V,-0.0,-0.0,0.0,8,0.35,-0.0
2019-08-05,CNC/HUM,-0.0009483259619808,-0.0009483259619808,0.0,8,0.2361180397093434,-0.0002239168671483
2019-08-05,ADI/MU,-0.0,-0.0,0.0,8,0.1304843711226357,-0.0
2019-08-06,INTU/MSFT,-0.0015540877416327,-0.0015540877416327,0.0,8,0.2833975891680209,-0.0004404247193342
2019-08-06,AXP/V,0.0,0.0,0.0,8,0.35,0.0
2019-08-06,CNC/HUM,-0.0094899737818303,-0.0094899737818303,0.0,8,0.2361180397093434,-0.0022407540062588
2019-08-06,ADI/MU,0.0,0.0,0.0,8,0.1304843711226357,0.0
2019-08-07,INTU/MSFT,-0.0048716008449718,-0.0048716008449718,0.0,8,0.2833975891680209,-0.0013805999348539
2019-08-07,AXP/V,0.0,0.0,0.0,8,0.35,0.0
2019-08-07,CNC/HUM,-0.0035696744700231,-0.0035696744700231,0.0,8,0.2361180397093434,-0.0008428645382623
2019-08-07,ADI/MU,-0.0,-0.0,0.0,8,0.1304843711226357,-0.0
2019-08-08,INTU/MSFT,-0.0042336777476538,-0.0042336777476538,0.0,8,0.2833975891680209,-0.0011998140669993
2019-08-08,AXP/V,0.0,0.0,0.0,8,0.35,0.0
2019-08-08,CNC/HUM,0.0005140700000885,0.0005140700000885,0.0,8,0.2361180397093434,0.0001213812006943
2019-08-08,ADI/MU,-0.0,-0.0,0.0,8,0.1304843711226357,-0.0
2019-08-09,INTU/MSFT,0.0049558337802749,0.0049558337802749,0.0,8,0.2833975891680209,0.0014044713456473
2019-08-09,AXP/V,-0.0,-0.0,0.0,8,0.35,-0.0
2019-08-09,CNC/HUM,-0.001,0.0,1.0,8,0.2361180397093434,-0.0002361180397093
2019-08-09,ADI/MU,-0.0,-0.0,0.0,8,0.1304843711226357,-0.0
2019-08-12,INTU/MSFT,0.0028447847181186,0.0028447847181186,0.0,8,0.2833975891680209,0.0008062051308168
2019-08-12,AXP/V,-0.0,-0.0,0.0,8,0.35,-0.0
2019-08-12,CNC/HUM,0.0,0.0,0.0,8,0.2361180397093434,0.0
2019-08-12,ADI/MU,0.0,0.0,0.0,8,0.1304843711226357,0.0
2019-08-13,INTU/MSFT,-0.0031207701338125,-0.0031207701338125,0.0,8,0.2833975891680209,-0.00088441873227
2019-08-13,AXP/V,-0.0,-0.0,0.0,8,0.35,-0.0
2019-08-13,CNC/HUM,0.0,0.0,0.0,8,0.2361180397093434,0.0
2019-08-13,ADI/MU,0.0,0.0,0.0,8,0.1304843711226357,0.0
2019-08-14,INTU/MSFT,0.0023083444719225,0.0023083444719225,0.0,8,0.2833975891680209,0.0006541792583121
2019-08-14,AXP/V,-0.0,-0.0,0.0,8,0.35,-0.0
2019-08-14,CNC/HUM,-0.0,-0.0,0.0,8,0.2361180397093434,-0.0
2019-08-14,ADI/MU,-0.0,-0.0,0.0,8,0.1304843711226357,-0.0
2019-08-15,INTU/MSFT,0.002165590286575,0.002165590286575,0.0,8,0.2833975891680209,0.000613723066341
2019-08-15,AXP/V,0.0,0.0,0.0,8,0.35,0.0
2019-08-15,CNC/HUM,-0.0,-0.0,0.0,8,0.2361180397093434,-0.0
2019-08-15,ADI/MU,0.0,0.0,0.0,8,0.1304843711226357,0.0
2019-08-16,INTU/MSFT,-0.0073893126356248,-0.0073893126356248,0.0,8,0.2833975891680209,-0.0020941133865448
2019-08-16,AXP/V,-0.0,-0.0,0.0,8,0.35,-0.0
2019-08-16,CNC/HUM,0.0,0.0,0.0,8,0.2361180397093434,0.0
2019-08-16,ADI/MU,0.0,0.0,0.0,8,0.1304843711226357,0.0
2019-08-19,INTU/MSFT,-0.0053682248970819,-0.0053682248970819,0.0,8,0.2833975891680209,-0.0015213419939447
2019-08-19,AXP/V,0.0,0.0,0.0,8,0.35,0.0
2019-08-19,CNC/HUM,0.0,0.0,0.0,8,0.2361180397093434,0.0
2019-08-19,ADI/MU,0.0,0.0,0.0,8,0.1304843711226357,0.0
2019-08-20,INTU/MSFT,0.0030173634097463,0.0030173634097463,0.0,8,0.2833975891680209,0.0008551135159659
2019-08-20,AXP/V,0.0,0.0,0.0,8,0.35,0.0
2019-08-20,CNC/HUM,-0.0,-0.0,0.0,8,0.2361180397093434,-0.0
2019-08-20,ADI/MU,-0.0,-0.0,0.0,8,0.1304843711226357,-0.0
2019-08-21,INTU/MSFT,-0.001,0.0,1.0,8,0.2833975891680209,-0.000283397589168
2019-08-21,AXP/V,-0.0027198809318697,-0.0017198809318697,1.0,8,0.35,-0.0009519583261543
2019-08-21,CNC/HUM,0.0,0.0,0.0,8,0.2361180397093434,0.0
2019-08-21,ADI/MU,0.0,0.0,0.0,8,0.1304843711226357,0.0
2019-08-22,INTU/MSFT,-0.0,-0.0,0.0,8,0.2833975891680209,-0.0
2019-08-22,AXP/V,0.0019180176393818,0.0019180176393818,0.0,8,0.35,0.0006713061737836
2019-08-22,CNC/HUM,-0.0,-0.0,0.0,8,0.2361180397093434,-0.0
2019-08-22,ADI/MU,0.0,0.0,0.0,8,0.1304843711226357,0.0
2019-08-23,INTU/MSFT,-0.0,-0.0,0.0,8,0.2833975891680209,-0.0
2019-08-23,AXP/V,-2.506539088405613e-05,-2.506539088405613e-05,0.0,8,0.35,-8.772886809419645e-06
2019-08-23,CNC/HUM,0.0,0.0,0.0,8,0.2361180397093434,0.0
2019-08-23,ADI/MU,0.0,0.0,0.0,8,0.1304843711226357,0.0
2019-08-26,INTU/MSFT,0.0026665794541498,0.0036665794541498,1.0,8,0.2833975891680209,0.000755702188631
2019-08-26,AXP/V,-0.0050115053257667,-0.0050115053257667,0.0,8,0.35,-0.0017540268640183
2019-08-26,CNC/HUM,-0.0,-0.0,0.0,8,0.2361180397093434,-0.0
2019-08-26,ADI/MU,-0.0,-0.0,0.0,8,0.1304843711226357,-0.0
2019-08-27,INTU/MSFT,0.0006887829196026,0.0006887829196026,0.0,8,0.2833975891680209,0.0001951994188755
2019-08-27,AXP/V,-0.0053494791911719,-0.0053494791911719,0.0,8,0.35,-0.0018723177169101
2019-08-27,CNC/HUM,-0.0,-0.0,0.0,8,0.2361180397093434,-0.0
2019-08-27,ADI/MU,-0.0,-0.0,0.0,8,0.1304843711226357,-0.0
2019-08-28,INTU/MSFT,0.0009540717882879,0.0009540717882879,0.0,8,0.2833975891680209,0.000270381644694
2019-08-28,AXP/V,0.0038696354350504,0.0038696354350504,0.0,8,0.35,0.0013543724022676
2019-08-28,CNC/HUM,0.0062802352408043,0.0072802352408043,1.0,8,0.2361180397093434,0.0014828768339722
2019-08-28,ADI/MU,0.0,0.0,0.0,8,0.1304843711226357,0.0
2019-08-29,INTU/MSFT,0.004515908441472,0.004515908441472,0.0,8,0.2833975891680209,0.0012797975652166
2019-08-29,AXP/V,-0.002223142789402,-0.002223142789402,0.0,8,0.35,-0.0007780999762907
2019-08-29,CNC/HUM,0.0002172400414195,0.0002172400414195,0.0,8,0.2361180397093434,5.129429272637029e-05
2019-08-29,ADI/MU,0.0,0.0,0.0,8,0.1304843711226357,0.0
2019-08-30,INTU/MSFT,-0.0030864853648937,-0.0030864853648937,0.0,8,0.2833975891680209,-0.0008747025114132
2019-08-30,AXP/V,-0.0001811143629238,-0.0001811143629238,0.0,8,0.35,-6.339002702334431e-05
2019-08-30,CNC/HUM,0.0063532469799836,0.0063532469799836,0.0,8,0.2361180397093434,0.001500116222703
2019-08-30,ADI/MU,0.0,0.0,0.0,8,0.1304843711226357,0.0
2019-09-03,INTU/MSFT,-0.0023559981780195,-0.0023559981780195,0.0,8,0.2833975891680209,-0.0006676842037349
2019-09-03,AXP/V,-0.0045669506636036,-0.0045669506636036,0.0,8,0.35,-0.0015984327322612
2019-09-03,CNC/HUM,-0.0029079946008882,-0.0029079946008882,0.0,8,0.2361180397093434,-0.000686629984647
2019-09-03,ADI/MU,0.0,0.0,0.0,8,0.1304843711226357,0.0
2019-09-04,INTU/MSFT,0.0041871331891823,0.0041871331891823,0.0,8,0.2833975891680209,0.0011866234513396
2019-09-04,AXP/V,-0.0053978625746596,-0.0053978625746596,0.0,8,0.35,-0.0018892519011308
2019-09-04,CNC/HUM,-0.0102665416698365,-0.0102665416698365,0.0,8,0.2361180397093434,-0.002424115693676
2019-09-04,ADI/MU,0.0,0.0,0.0,8,0.1304843711226357,0.0
2019-09-05,INTU/MSFT,0.0024531755758861,0.0024531755758861,0.0,8,0.2833975891680209,0.000695224044012
2019-09-05,AXP/V,-0.0012778607247241,-0.0012778607247241,0.0,8,0.35,-0.0004472512536534
2019-09-05,CNC/HUM,-0.002821269877329,-0.002821269877329,0.0,8,0.2361180397093434,-0.0006661527129259
2019-09-05,ADI/MU,0.0,0.0,0.0,8,0.1304843711226357,0.0
2019-09-06,INTU/MSFT,0.0019445746450819,0.0019445746450819,0.0,8,0.2833975891680209,0.0005510877663734
2019-09-06,AXP/V,-0.0048359699657011,-0.0048359699657011,0.0,8,0.35,-0.0016925894879953
2019-09-06,CNC/HUM,-0.0009420408060166,-0.0009420408060166,0.0,8,0.2361180397093434,-0.0002224328284428
2019-09-06,ADI/MU,0.0,0.0,0.0,8,0.1304843711226357,0.0
2019-09-09,INTU/MSFT,0.0093602321960317,0.0093602321960317,0.0,8,0.2833975891680209,0.0026526672384082
2019-09-09,AXP/V,0.012030984167894,0.012030984167894,0.0,8,0.35,0.0042108444587629
2019-09-09,CNC/HUM,0.0025928628614633,0.0025928628614633,0.0,8,0.2361180397093434,0.0006122216960838
2019-09-09,ADI/MU,0.0,0.0,0.0,8,0.1304843711226357,0.0
2019-09-10,INTU/MSFT,0.0055089006505393,0.0055089006505393,0.0,8,0.2833975891680209,0.0015612091633289
2019-09-10,AXP/V,0.0072640831688245,0.0072640831688245,0.0,8,0.35,0.0025424291090885
2019-09-10,CNC/HUM,-0.0054261292821857,-0.0054261292821857,0.0,8,0.2361180397093434,-0.0012812070093191
2019-09-10,ADI/MU,-0.0,-0.0,0.0,8,0.1304843711226357,-0.0
2019-09-11,INTU/MSFT,0.002273013209702,0.002273013209702,0.0,8,0.2833975891680209,0.0006441664637766
2019-09-11,AXP/V,0.006968298621757,0.006968298621757,0.0,8,0.35,0.0024389045176149
2019-09-11,CNC/HUM,0.0038123072911974,0.0038123072911974,0.0,8,0.2361180397093434,0.0009001545243671
2019-09-11,ADI/MU,0.0,0.0,0.0,8,0.1304843711226357,0.0
2019-09-12,INTU/MSFT,0.0031378120441161,0.0031378120441161,0.0,8,0.2833975891680209,0.0008892483685648
2019-09-12,AXP/V,-0.006210758363606,-0.006210758363606,0.0,8,0.35,-0.0021737654272621
2019-09-12,CNC/HUM,-0.0057527555433128,-0.0057527555433128,0.0,8,0.2361180397093434,-0.001358329361814
2019-09-12,ADI/MU,-0.0,-0.0,0.0,8,0.1304843711226357,-0.0
2019-09-13,INTU/MSFT,0.0035407358287156,0.0035407358287156,0.0,8,0.2833975891680209,0.0010034359977388
2019-09-13,AXP/V,0.0029392713843233,0.0029392713843233,0.0,8,0.35,0.0010287449845131
2019-09-13,CNC/HUM,0.011352041466105,0.011352041466105,0.0,8,0.2361180397093434,0.0026804217776758
2019-09-13,ADI/MU,-0.0,-0.0,0.0,8,0.1304843711226357,-0.0
2019-09-16,INTU/MSFT,-0.0052708811361586,-0.0052708811361586,0.0,8,0.2833975891680209,-0.0014937550067785
2019-09-16,AXP/V,-0.0017714823125199,-0.0017714823125199,0.0,8,0.35,-0.0006200188093819
2019-09-16,CNC/HUM,0.0029766914709528,0.0029766914709528,0.0,8,0.2361180397093434,0.0007028505549409
2019-09-16,ADI/MU,0.0,0.0,0.0,8,0.1304843711226357,0.0
2019-09-17,INTU/MSFT,0.0007189525959744,0.0007189525959744,0.0,8,0.2833975891680209,0.0002037494324252
2019-09-17,AXP/V,0.0039639032451675,0.0039639032451675,0.0,8,0.35,0.0013873661358086
2019-09-17,CNC/HUM,-0.0062037222394983,-0.0062037222394983,0.0,8,0.2361180397093434,-0.0014648107340916
2019-09-17,ADI/MU,0.0,0.0,0.0,8,0.1304843711226357,0.0
2019-09-18,INTU/MSFT,0.0053958690598597,0.0053958690598597,0.0,8,0.2833975891680209,0.0015291762830305
2019-09-18,AXP/V,-0.001,-0.0,1.0,8,0.35,-0.00035
2019-09-18,CNC/HUM,-0.0049958184906694,-0.0049958184906694,0.0,8,0.2361180397093434,-0.0011796028687605
2019-09-18,ADI/MU,-0.0,-0.0,0.0,8,0.1304843711226357,-0.0
2019-09-19,INTU/MSFT,0.0086319322199477,0.0086319322199477,0.0,8,0.2833975891680209,0.0024462687809949
2019-09-19,AXP/V,0.0,0.0,0.0,8,0.35,0.0
2019-09-19,CNC/HUM,0.0091718918924658,0.0091718918924658,0.0,8,0.2361180397093434,0.002165649134075
2019-09-19,ADI/MU,-0.0,-0.0,0.0,8,0.1304843711226357,-0.0
2019-09-20,INTU/MSFT,-0.0057931230933953,-0.0057931230933953,0.0,8,0.2833975891680209,-0.0016417571184218
2019-09-20,AXP/V,-0.0,-0.0,0.0,8,0.35,-0.0
2019-09-20,CNC/HUM,-0.0021897297976766,-0.0021897297976766,0.0,8,0.2361180397093434,-0.0005170347073205
2019-09-20,ADI/MU,-0.0,-0.0,0.0,8,0.1304843711226357,-0.0
2019-09-23,INTU/MSFT,-0.001,-0.0,1.0,8,0.2833975891680209,-0.000283397589168
2019-09-23,AXP/V,-0.0,-0.0,0.0,8,0.35,-0.0
2019-09-23,CNC/HUM,4.693113307781128e-05,4.693113307781128e-05,0.0,8,0.2361180397093434,1.1081287143671124e-05
2019-09-23,ADI/MU,0.0,0.0,0.0,8,0.1304843711226357,0.0
2019-09-24,INTU/MSFT,-0.0,-0.0,0.0,8,0.2833975891680209,-0.0
2019-09-24,AXP/V,-0.0,-0.0,0.0,8,0.35,-0.0
2019-09-24,CNC/HUM,-0.000870634540604,-0.000870634540604,0.0,8,0.2361180397093434,-0.0002055725210306
2019-09-24,ADI/MU,0.0,0.0,0.0,8,0.1304843711226357,0.0
2019-09-25,INTU/MSFT,0.0,0.0,0.0,8,0.2833975891680209,0.0
2019-09-25,AXP/V,-0.0,-0.0,0.0,8,0.35,-0.0
2019-09-25,CNC/HUM,-0.001,-0.0,1.0,8,0.2361180397093434,-0.0002361180397093
2019-09-25,ADI/MU,0.0,0.0,0.0,8,0.1304843711226357,0.0
2019-09-26,INTU/MSFT,-0.0,-0.0,0.0,8,0.2833975891680209,-0.0
2019-09-26,AXP/V,0.0,0.0,0.0,8,0.35,0.0
2019-09-26,CNC/HUM,0.0,0.0,0.0,8,0.2361180397093434,0.0
2019-09-26,ADI/MU,-0.0,-0.0,0.0,8,0.1304843711226357,-0.0
2019-09-27,INTU/MSFT,0.0,0.0,0.0,8,0.2833975891680209,0.0
2019-09-27,AXP/V,-0.0,-0.0,0.0,8,0.35,-0.0
2019-09-27,CNC/HUM,-0.0,-0.0,0.0,8,0.2361180397093434,-0.0
2019-09-27,ADI/MU,-0.0,-0.0,0.0,8,0.1304843711226357,-0.0
2019-09-30,INTU/MSFT,0.0,0.0,0.0,8,0.2833975891680209,0.0
2019-09-30,AXP/V,-0.0,-0.0,0.0,8,0.35,-0.0
2019-09-30,CNC/HUM,-0.0,-0.0,0.0,8,0.2361180397093434,-0.0
2019-09-30,ADI/MU,-0.0,-0.0,0.0,8,0.1304843711226357,-0.0
2019-10-01,INTU/MSFT,-0.0,-0.0,0.0,8,0.2833975891680209,-0.0
2019-10-01,AXP/V,0.0,0.0,0.0,8,0.35,0.0
2019-10-01,CNC/HUM,0.0,0.0,0.0,8,0.2361180397093434,0.0
2019-10-01,ADI/MU,0.0015408467943306,0.0025408467943306,1.0,8,0.1304843711226357,0.0002010564249545
2019-10-02,INTU/MSFT,-0.0,-0.0,0.0,8,0.2833975891680209,-0.0
2019-10-02,AXP/V,-0.0,-0.0,0.0,8,0.35,-0.0
2019-10-02,CNC/HUM,0.0,0.0,0.0,8,0.2361180397093434,0.0
2019-10-02,ADI/MU,1.8591967030908463e-05,1.8591967030908463e-05,0.0,8,0.1304843711226357,2.4259611259608683e-06
2019-10-03,INTU/MSFT,0.002503623146309,0.003503623146309,1.0,8,0.2833975891680209,0.0007095207638492
2019-10-03,AXP/V,0.0,0.0,0.0,8,0.35,0.0
2019-10-03,CNC/HUM,-0.0,-0.0,0.0,8,0.2361180397093434,-0.0
2019-10-03,ADI/MU,0.0085211579190858,0.0085211579190858,0.0,8,0.1304843711226357,0.0011118779323085
2019-10-04,AXP/MA,0.0,0.0,0.0,9,0.5,0.0
2019-10-04,CRM/INTU,-0.0,-0.0,0.0,9,0.5,-0.0
2019-10-07,AXP/MA,-0.0,-0.0,0.0,9,0.5,-0.0
2019-10-07,CRM/INTU,0.0,0.0,0.0,9,0.5,0.0
2019-10-08,AXP/MA,-0.0,-0.0,0.0,9,0.5,-0.0
2019-10-08,CRM/INTU,-0.0,-0.0,0.0,9,0.5,-0.0
2019-10-09,AXP/MA,0.0,0.0,0.0,9,0.5,0.0
2019-10-09,CRM/INTU,-0.0,-0.0,0.0,9,0.5,-0.0
2019-10-10,AXP/MA,-0.0,-0.0,0.0,9,0.5,-0.0
2019-10-10,CRM/INTU,-0.0,-0.0,0.0,9,0.5,-0.0
2019-10-11,AXP/MA,-0.0,-0.0,0.0,9,0.5,-0.0
2019-10-11,CRM/INTU,0.0,0.0,0.0,9,0.5,0.0
2019-10-14,AXP/MA,0.0,0.0,0.0,9,0.5,0.0
2019-10-14,CRM/INTU,0.0,0.0,0.0,9,0.5,0.0
2019-10-15,AXP/MA,-0.0,-0.0,0.0,9,0.5,-0.0
2019-10-15,CRM/INTU,0.0,0.0,0.0,9,0.5,0.0
2019-10-16,AXP/MA,0.0,0.0,0.0,9,0.5,0.0
2019-10-16,CRM/INTU,-0.0,-0.0,0.0,9,0.5,-0.0
2019-10-17,AXP/MA,-0.0,-0.0,0.0,9,0.5,-0.0
2019-10-17,CRM/INTU,0.0,0.0,0.0,9,0.5,0.0
2019-10-18,AXP/MA,-0.0,-0.0,0.0,9,0.5,-0.0
2019-10-18,CRM/INTU,-0.0,-0.0,0.0,9,0.5,-0.0
2019-10-21,AXP/MA,-0.0,-0.0,0.0,9,0.5,-0.0
2019-10-21,CRM/INTU,0.0,0.0,0.0,9,0.5,0.0
2019-10-22,AXP/MA,-0.0,-0.0,0.0,9,0.5,-0.0
2019-10-22,CRM/INTU,0.0,0.0,0.0,9,0.5,0.0
2019-10-23,AXP/MA,0.005975501662044,0.006975501662044,1.0,9,0.5,0.002987750831022
2019-10-23,CRM/INTU,0.0,0.0,0.0,9,0.5,0.0
2019-10-24,AXP/MA,0.017277683218312,0.017277683218312,0.0,9,0.5,0.008638841609156
2019-10-24,CRM/INTU,0.0,0.0,0.0,9,0.5,0.0
2019-10-25,AXP/MA,-0.0039837883961331,-0.0039837883961331,0.0,9,0.5,-0.0019918941980665
2019-10-25,CRM/INTU,-0.0120730645948786,-0.0110730645948786,1.0,9,0.5,-0.0060365322974393
2019-10-28,AXP/MA,0.010711552831502,0.010711552831502,0.0,9,0.5,0.005355776415751
2019-10-28,CRM/INTU,-0.0144377703676302,-0.0144377703676302,0.0,9,0.5,-0.0072188851838151
2019-10-29,AXP/MA,0.0009853437358523,0.0009853437358523,0.0,9,0.5,0.0004926718679261
2019-10-29,CRM/INTU,-0.0012897974446177,-0.0012897974446177,0.0,9,0.5,-0.0006448987223088
2019-10-30,AXP/MA,0.0033895994252487,0.0033895994252487,0.0,9,0.5,0.0016947997126243
2019-10-30,CRM/INTU,-0.0084413424278247,-0.0084413424278247,0.0,9,0.5,-0.0042206712139123
2019-10-31,AXP/MA,0.002267227150494,0.002267227150494,0.0,9,0.5,0.001133613575247
2019-10-31,CRM/INTU,0.0015852497504106,0.0015852497504106,0.0,9,0.5,0.0007926248752053
2019-11-01,AXP/MA,-0.0024824065431425,-0.0024824065431425,0.0,9,0.5,-0.0012412032715712
2019-11-01,CRM/INTU,-0.0133448676310122,-0.0133448676310122,0.0,9,0.5,-0.0066724338155061
2019-11-04,AXP/MA,-0.007221740427936,-0.007221740427936,0.0,9,0.5,-0.003610870213968
2019-11-04,CRM/INTU,0.0033011589503349,0.0033011589503349,0.0,9,0.5,0.0016505794751674
2019-11-05,AXP/MA,-0.0116865141255934,-0.0116865141255934,0.0,9,0.5,-0.0058432570627967
2019-11-05,CRM/INTU,-0.0035130791382271,-0.0035130791382271,0.0,9,0.5,-0.0017565395691135
2019-11-06,AXP/MA,-0.0016239608201327,-0.0016239608201327,0.0,9,0.5,-0.0008119804100663
2019-11-06,CRM/INTU,-0.0022955952245185,-0.0022955952245185,0.0,9,0.5,-0.0011477976122592
2019-11-07,AXP/MA,0.0002392394176555,0.0002392394176555,0.0,9,0.5,0.0001196197088277
2019-11-07,CRM/INTU,0.0083585577807058,0.0083585577807058,0.0,9,0.5,0.0041792788903529
2019-11-08,AXP/MA,0.0036294081921417,0.0036294081921417,0.0,9,0.5,0.0018147040960708
2019-11-08,CRM/INTU,-0.009893040001399,-0.009893040001399,0.0,9,0.5,-0.0049465200006995
2019-11-11,AXP/MA,0.0063656696868658,0.0063656696868658,0.0,9,0.5,0.0031828348434329
2019-11-11,CRM/INTU,-0.0002845140293093,-0.0002845140293093,0.0,9,0.5,-0.0001422570146546
2019-11-12,AXP/MA,0.0003198342588952,0.0003198342588952,0.0,9,0.5,0.0001599171294476
2019-11-12,CRM/INTU,-0.0003728078572268,-0.0003728078572268,0.0,9,0.5,-0.0001864039286134
2019-11-13,AXP/MA,0.0041713652267156,0.0041713652267156,0.0,9,0.5,0.0020856826133578
2019-11-13,CRM/INTU,0.0039054112655547,0.0039054112655547,0.0,9,0.5,0.0019527056327773
2019-11-14,AXP/MA,0.0006917343862455,0.0006917343862455,0.0,9,0.5,0.0003458671931227
2019-11-14,CRM/INTU,0.003584895226602,0.003584895226602,0.0,9,0.5,0.001792447613301
2019-11-15,AXP/MA,0.0029212428916036,0.0029212428916036,0.0,9,0.5,0.0014606214458018
2019-11-15,CRM/INTU,0.0015756631136088,0.0015756631136088,0.0,9,0.5,0.0007878315568044
2019-11-18,AXP/MA,0.0041708538752168,0.0041708538752168,0.0,9,0.5,0.0020854269376084
2019-11-18,CRM/INTU,0.0054096414554586,0.0054096414554586,0.0,9,0.5,0.0027048207277293
2019-11-19,AXP/MA,-0.001,0.0,1.0,9,0.5,-0.0005
2019-11-19,CRM/INTU,0.0022691785918569,0.0022691785918569,0.0,9,0.5,0.0011345892959284
2019-11-20,AXP/MA,0.0,0.0,0.0,9,0.5,0.0
2019-11-20,CRM/INTU,0.0011580942418111,0.0011580942418111,0.0,9,0.5,0.0005790471209055
2019-11-21,AXP/MA,0.0,0.0,0.0,9,0.5,0.0
2019-11-21,CRM/INTU,-0.001,-0.0,1.0,9,0.5,-0.0005
2019-11-22,AXP/MA,-0.0,-0.0,0.0,9,0.5,-0.0
2019-11-22,CRM/INTU,0.0,0.0,0.0,9,0.5,0.0
2019-11-25,AXP/MA,0.0,0.0,0.0,9,0.5,0.0
2019-11-25,CRM/INTU,0.0,0.0,0.0,9,0.5,0.0
2019-11-26,AXP/MA,0.0,0.0,0.0,9,0.5,0.0
2019-11-26,CRM/INTU,-0.0,-0.0,0.0,9,0.5,-0.0
2019-11-27,AXP/MA,0.0,0.0,0.0,9,0.5,0.0
2019-11-27,CRM/INTU,0.0,0.0,0.0,9,0.5,0.0
2019-11-29,AXP/MA,0.0,0.0,0.0,9,0.5,0.0
2019-11-29,CRM/INTU,0.0,0.0,0.0,9,0.5,0.0
2019-12-02,AXP/MA,-0.0,-0.0,0.0,9,0.5,-0.0
2019-12-02,CRM/INTU,-0.0,-0.0,0.0,9,0.5,-0.0
2019-12-03,AXP/MA,0.0,0.0,0.0,9,0.5,0.0
2019-12-03,CRM/INTU,0.0,0.0,0.0,9,0.5,0.0
2019-12-04,AXP/MA,-0.0,-0.0,0.0,9,0.5,-0.0
2019-12-04,CRM/INTU,-0.0,-0.0,0.0,9,0.5,-0.0
2019-12-05,AXP/MA,0.0,0.0,0.0,9,0.5,0.0
2019-12-05,CRM/INTU,0.0062295918365489,0.0072295918365489,1.0,9,0.5,0.0031147959182744
2019-12-06,AXP/MA,-0.0,-0.0,0.0,9,0.5,-0.0
2019-12-06,CRM/INTU,-0.0048971742392199,-0.0048971742392199,0.0,9,0.5,-0.0024485871196099
2019-12-09,AXP/MA,-0.0,-0.0,0.0,9,0.5,-0.0
2019-12-09,CRM/INTU,-0.0011799260283686,-0.0011799260283686,0.0,9,0.5,-0.0005899630141843
2019-12-10,AXP/MA,-0.0,-0.0,0.0,9,0.5,-0.0
2019-12-10,CRM/INTU,0.0020670542149444,0.0020670542149444,0.0,9,0.5,0.0010335271074722
2019-12-11,AXP/MA,0.0,0.0,0.0,9,0.5,0.0
2019-12-11,CRM/INTU,0.0006942485844094,0.0006942485844094,0.0,9,0.5,0.0003471242922047
2019-12-12,AXP/MA,-0.0,-0.0,0.0,9,0.5,-0.0
2019-12-12,CRM/INTU,0.0064164624506572,0.0064164624506572,0.0,9,0.5,0.0032082312253286
2019-12-13,AXP/MA,-0.0,-0.0,0.0,9,0.5,-0.0
2019-12-13,CRM/INTU,-0.0029781267262551,-0.0029781267262551,0.0,9,0.5,-0.0014890633631275
2019-12-16,AXP/MA,0.0,0.0,0.0,9,0.5,0.0
2019-12-16,CRM/INTU,-0.003636509463655,-0.003636509463655,0.0,9,0.5,-0.0018182547318275
2019-12-17,AXP/MA,-0.0,-0.0,0.0,9,0.5,-0.0
2019-12-17,CRM/INTU,0.0040173273668405,0.0040173273668405,0.0,9,0.5,0.0020086636834202
2019-12-18,AXP/MA,0.0,0.0,0.0,9,0.5,0.0
2019-12-18,CRM/INTU,-0.0052393933398694,-0.0052393933398694,0.0,9,0.5,-0.0026196966699347
2019-12-19,AXP/MA,0.0,0.0,0.0,9,0.5,0.0
2019-12-19,CRM/INTU,0.0050159307411133,0.0050159307411133,0.0,9,0.5,0.0025079653705566
2019-12-20,AXP/MA,-0.0,-0.0,0.0,9,0.5,-0.0
2019-12-20,CRM/INTU,-0.0008751545183608,-0.0008751545183608,0.0,9,0.5,-0.0004375772591804
2019-12-23,AXP/MA,0.0,0.0,0.0,9,0.5,0.0
2019-12-23,CRM/INTU,-0.0014156832383589,-0.0014156832383589,0.0,9,0.5,-0.0007078416191794
2019-12-24,AXP/MA,-0.0,-0.0,0.0,9,0.5,-0.0
2019-12-24,CRM/INTU,0.0015332638777784,0.0015332638777784,0.0,9,0.5,0.0007666319388892
2019-12-26,AXP/MA,0.0,0.0,0.0,9,0.5,0.0
2019-12-26,CRM/INTU,0.000115710576255,0.000115710576255,0.0,9,0.5,5.785528812754915e-05
2019-12-27,AXP/MA,0.0,0.0,0.0,9,0.5,0.0
2019-12-27,CRM/INTU,0.0012909212816447,0.0012909212816447,0.0,9,0.5,0.0006454606408223
2019-12-30,AXP/MA,-0.0,-0.0,0.0,9,0.5,-0.0
2019-12-30,CRM/INTU,-0.0017037140290536,-0.0017037140290536,0.0,9,0.5,-0.0008518570145268
2019-12-31,AXP/MA,0.0,0.0,0.0,9,0.5,0.0
2019-12-31,CRM/INTU,0.0022102983746835,0.0022102983746835,0.0,9,0.5,0.0011051491873417
2020-01-02,AXP/MA,0.0,0.0,0.0,9,0.5,0.0
2020-01-02,CRM/INTU,0.0079189694165637,0.0079189694165637,0.0,9,0.5,0.0039594847082818
2020-01-03,AXP/MA,-0.0,-0.0,0.0,9,0.5,-0.0
2020-01-03,CRM/INTU,-0.001,0.0,1.0,9,0.5,-0.0005
2020-01-06,MA/V,-0.0,-0.0,0.0,10,0.35,-0.0
2020-01-06,ADSK/NOW,-0.0,-0.0,0.0,10,0.3,-0.0
2020-01-06,CSX/UNP,-0.0,-0.0,0.0,10,0.35,-0.0
2020-01-07,MA/V,0.0,0.0,0.0,10,0.35,0.0
2020-01-07,ADSK/NOW,-0.0,-0.0,0.0,10,0.3,-0.0
2020-01-07,CSX/UNP,-0.0,-0.0,0.0,10,0.35,-0.0
2020-01-08,MA/V,0.0,0.0,0.0,10,0.35,0.0
2020-01-08,ADSK/NOW,0.0,0.0,0.0,10,0.3,0.0
2020-01-08,CSX/UNP,0.0031578387883176,0.0041578387883176,1.0,10,0.35,0.0011052435759111
2020-01-09,MA/V,-0.0,-0.0,0.0,10,0.35,-0.0
2020-01-09,ADSK/NOW,0.0,0.0,0.0,10,0.3,0.0
2020-01-09,CSX/UNP,-0.0050247447446211,-0.0050247447446211,0.0,10,0.35,-0.0017586606606173
2020-01-10,MA/V,-0.0,-0.0,0.0,10,0.35,-0.0
2020-01-10,ADSK/NOW,-0.0,-0.0,0.0,10,0.3,-0.0
2020-01-10,CSX/UNP,-0.001594176150099,-0.001594176150099,0.0,10,0.35,-0.0005579616525346
2020-01-13,MA/V,-0.0,-0.0,0.0,10,0.35,-0.0
2020-01-13,ADSK/NOW,0.0,0.0,0.0,10,0.3,0.0
2020-01-13,CSX/UNP,-0.0012114339184157,-0.0012114339184157,0.0,10,0.35,-0.0004240018714455
2020-01-14,MA/V,0.0,0.0,0.0,10,0.35,0.0
2020-01-14,ADSK/NOW,-0.0,-0.0,0.0,10,0.3,-0.0
2020-01-14,CSX/UNP,0.0030750510789349,0.0030750510789349,0.0,10,0.35,0.0010762678776272
2020-01-15,MA/V,-0.0064552323563305,-0.0054552323563305,1.0,10,0.35,-0.0022593313247156
2020-01-15,ADSK/NOW,0.0,0.0,0.0,10,0.3,0.0
2020-01-15,CSX/UNP,-0.0018517593169619,-0.0018517593169619,0.0,10,0.35,-0.0006481157609366
2020-01-16,MA/V,0.0053790924622476,0.0053790924622476,0.0,10,0.35,0.0018826823617866
2020-01-16,ADSK/NOW,0.0,0.0,0.0,10,0.3,0.0
2020-01-16,CSX/UNP,0.0001939119098605,0.0001939119098605,0.0,10,0.35,6.786916845120482e-05
2020-01-17,MA/V,-0.0056819674110834,-0.0056819674110834,0.0,10,0.35,-0.0019886885938792
2020-01-17,ADSK/NOW,0.0,0.0,0.0,10,0.3,0.0
2020-01-17,CSX/UNP,0.0063440193403365,0.0063440193403365,0.0,10,0.35,0.0022204067691178
2020-01-21,MA/V,-0.0093953414130846,-0.0093953414130846,0.0,10,0.35,-0.0032883694945796
2020-01-21,ADSK/NOW,-0.0,-0.0,0.0,10,0.3,-0.0
2020-01-21,CSX/UNP,-0.0003569447284468,-0.0003569447284468,0.0,10,0.35,-0.0001249306549563
2020-01-22,MA/V,0.0016715182647892,0.0016715182647892,0.0,10,0.35,0.0005850313926762
2020-01-22,ADSK/NOW,0.0,0.0,0.0,10,0.3,0.0
2020-01-22,CSX/UNP,-0.0036391695406145,-0.0036391695406145,0.0,10,0.35,-0.0012737093392151
2020-01-23,MA/V,0.0045951452081464,0.0045951452081464,0.0,10,0.35,0.0016083008228512
2020-01-23,ADSK/NOW,-0.0,-0.0,0.0,10,0.3,-0.0
2020-01-23,CSX/UNP,0.0086987351791688,0.0086987351791688,0.0,10,0.35,0.0030445573127091
2020-01-24,MA/V,0.0022715302245527,0.0022715302245527,0.0,10,0.35,0.0007950355785934
2020-01-24,ADSK/NOW,-0.0061174853304268,-0.0051174853304268,1.0,10,0.3,-0.001835245599128
2020-01-24,CSX/UNP,-0.0050099873834959,-0.0050099873834959,0.0,10,0.35,-0.0017534955842235
2020-01-27,MA/V,-0.0019638349843731,-0.0019638349843731,0.0,10,0.35,-0.0006873422445306
2020-01-27,ADSK/NOW,0.0035955485293462,0.0035955485293462,0.0,10,0.3,0.0010786645588038
2020-01-27,CSX/UNP,-0.0141608984636708,-0.0141608984636708,0.0,10,0.35,-0.0049563144622847
2020-01-28,MA/V,0.0031808418208694,0.0031808418208694,0.0,10,0.35,0.0011132946373043
2020-01-28,ADSK/NOW,0.0033864024499625,0.0033864024499625,0.0,10,0.3,0.0010159207349887
2020-01-28,CSX/UNP,-0.0020486819989577,-0.0020486819989577,0.0,10,0.35,-0.0007170386996351
2020-01-29,MA/V,-0.005415290651923,-0.005415290651923,0.0,10,0.35,-0.001895351728173
2020-01-29,ADSK/NOW,-0.0014831322495529,-0.0014831322495529,0.0,10,0.3,-0.0004449396748658
2020-01-29,CSX/UNP,-0.0002655950411387,-0.0002655950411387,0.0,10,0.35,-9.295826439855307e-05
2020-01-30,MA/V,-0.0032774038949133,-0.0032774038949133,0.0,10,0.35,-0.0011470913632196
2020-01-30,ADSK/NOW,0.0551669300049373,0.0551669300049373,0.0,10,0.3,0.0165500790014812
2020-01-30,CSX/UNP,0.0027850578264268,0.0027850578264268,0.0,10,0.35,0.0009747702392494
2020-01-31,MA/V,0.0128070079045854,0.0128070079045854,0.0,10,0.35,0.0044824527666049
2020-01-31,ADSK/NOW,-0.001,-0.0,1.0,10,0.3,-0.0003
2020-01-31,CSX/UNP,-0.003886246167433,-0.003886246167433,0.0,10,0.35,-0.0013601861586015
2020-02-03,MA/V,0.007022163439412,0.007022163439412,0.0,10,0.35,0.0024577572037942
2020-02-03,ADSK/NOW,-0.0044172237192455,-0.0034172237192455,1.0,10,0.3,-0.0013251671157736
2020-02-03,CSX/UNP,-0.0013273054613969,-0.0013273054613969,0.0,10,0.35,-0.0004645569114889
2020-02-04,MA/V,-0.0012648791033688,-0.0012648791033688,0.0,10,0.35,-0.0004427076861791
2020-02-04,ADSK/NOW,-0.0050738800869619,-0.0050738800869619,0.0,10,0.3,-0.0015221640260885
2020-02-04,CSX/UNP,0.005919846822448,0.005919846822448,0.0,10,0.35,0.0020719463878568
2020-02-05,MA/V,0.0009602262351174,0.0009602262351174,0.0,10,0.35,0.000336079182291
2020-02-05,ADSK/NOW,0.0184190400085265,0.0184190400085265,0.0,10,0.3,0.0055257120025579
2020-02-05,CSX/UNP,-0.001,0.0,1.0,10,0.35,-0.00035
2020-02-06,MA/V,0.0006997142962872,0.0006997142962872,0.0,10,0.35,0.0002449000037005
2020-02-06,ADSK/NOW,0.0026770641756898,0.0026770641756898,0.0,10,0.3,0.0008031192527069
2020-02-06,CSX/UNP,0.0,0.0,0.0,10,0.35,0.0
2020-02-07,MA/V,-0.0022885563063026,-0.0022885563063026,0.0,10,0.35,-0.0008009947072059
2020-02-07,ADSK/NOW,0.0031452908759531,0.0031452908759531,0.0,10,0.3,0.0009435872627859
2020-02-07,CSX/UNP,-0.0,-0.0,0.0,10,0.35,-0.0
2020-02-10,MA/V,-0.0044309631975293,-0.0044309631975293,0.0,10,0.35,-0.0015508371191352
2020-02-10,ADSK/NOW,-0.0047546266206604,-0.0047546266206604,0.0,10,0.3,-0.0014263879861981
2020-02-10,CSX/UNP,-0.0,-0.0,0.0,10,0.35,-0.0
2020-02-11,MA/V,0.006382607900991,0.006382607900991,0.0,10,0.35,0.0022339127653468
2020-02-11,ADSK/NOW,-0.0019654838682507,-0.0019654838682507,0.0,10,0.3,-0.0005896451604752
2020-02-11,CSX/UNP,-0.0,-0.0,0.0,10,0.35,-0.0
2020-02-12,MA/V,-0.001,0.0,1.0,10,0.35,-0.00035
2020-02-12,ADSK/NOW,-0.0078547964800741,-0.0078547964800741,0.0,10,0.3,-0.0023564389440222
2020-02-12,CSX/UNP,-0.0,-0.0,0.0,10,0.35,-0.0
2020-02-13,MA/V,-0.0,-0.0,0.0,10,0.35,-0.0
2020-02-13,ADSK/NOW,-0.0025215251093282,-0.0025215251093282,0.0,10,0.3,-0.0007564575327984
2020-02-13,CSX/UNP,-0.0,-0.0,0.0,10,0.35,-0.0
2020-02-14,MA/V,0.0,0.0,0.0,10,0.35,0.0
2020-02-14,ADSK/NOW,-0.0042492200725903,-0.0042492200725903,0.0,10,0.3,-0.0012747660217771
2020-02-14,CSX/UNP,-0.0,-0.0,0.0,10,0.35,-0.0
2020-02-18,MA/V,0.0,0.0,0.0,10,0.35,0.0
2020-02-18,ADSK/NOW,-0.0059695086537441,-0.0059695086537441,0.0,10,0.3,-0.0017908525961232
2020-02-18,CSX/UNP,-0.0,-0.0,0.0,10,0.35,-0.0
2020-02-19,MA/V,0.0,0.0,0.0,10,0.35,0.0
2020-02-19,ADSK/NOW,0.0071564615117294,0.0071564615117294,0.0,10,0.3,0.0021469384535188
2020-02-19,CSX/UNP,0.0,0.0,0.0,10,0.35,0.0
2020-02-20,MA/V,-0.0,-0.0,0.0,10,0.35,-0.0
2020-02-20,ADSK/NOW,-0.0004425423814506,-0.0004425423814506,0.0,10,0.3,-0.0001327627144351
2020-02-20,CSX/UNP,-0.0,-0.0,0.0,10,0.35,-0.0
2020-02-21,MA/V,-0.0,-0.0,0.0,10,0.35,-0.0
2020-02-21,ADSK/NOW,0.0041684220366557,0.0041684220366557,0.0,10,0.3,0.0012505266109967
2020-02-21,CSX/UNP,-0.0,-0.0,0.0,10,0.35,-0.0
2020-02-24,MA/V,-0.0,-0.0,0.0,10,0.35,-0.0
2020-02-24,ADSK/NOW,0.0026165633741565,0.0026165633741565,0.0,10,0.3,0.0007849690122469
2020-02-24,CSX/UNP,-0.0,-0.0,0.0,10,0.35,-0.0
2020-02-25,MA/V,0.0,0.0,0.0,10,0.35,0.0
2020-02-25,ADSK/NOW,-0.0098974893627779,-0.0098974893627779,0.0,10,0.3,-0.0029692468088333
2020-02-25,CSX/UNP,-0.0,-0.0,0.0,10,0.35,-0.0
2020-02-26,MA/V,0.0,0.0,0.0,10,0.35,0.0
2020-02-26,ADSK/NOW,0.0008959636049934,0.0008959636049934,0.0,10,0.3,0.000268789081498
2020-02-26,CSX/UNP,-0.0171649010236489,-0.0161649010236489,1.0,10,0.35,-0.0060077153582771
2020-02-27,MA/V,-0.0,-0.0,0.0,10,0.35,-0.0
2020-02-27,ADSK/NOW,0.0024055862820206,0.0024055862820206,0.0,10,0.3,0.0007216758846061
2020-02-27,CSX/UNP,-0.001,-0.0,1.0,10,0.35,-0.00035
2020-02-28,MA/V,-0.0,-0.0,0.0,10,0.35,-0.0
2020-02-28,ADSK/NOW,0.0130181067065042,0.0130181067065042,0.0,10,0.3,0.0039054320119512
2020-02-28,CSX/UNP,0.0101866479349571,0.0111866479349571,1.0,10,0.35,0.003565326777235
2020-03-02,MA/V,0.0,0.0,0.0,10,0.35,0.0
2020-03-02,ADSK/NOW,-0.001,0.0,1.0,10,0.3,-0.0003
2020-03-02,CSX/UNP,0.0001581472748048,0.0001581472748048,0.0,10,0.35,5.535154618168641e-05
2020-03-03,MA/V,0.0,0.0,0.0,10,0.35,0.0
2020-03-03,ADSK/NOW,-0.0,-0.0,0.0,10,0.3,-0.0
2020-03-03,CSX/UNP,-6.090902139867421e-05,-6.090902139867421e-05,0.0,10,0.35,-2.131815748953597e-05
2020-03-04,MA/V,0.0,0.0,0.0,10,0.35,0.0
2020-03-04,ADSK/NOW,0.0,0.0,0.0,10,0.3,0.0
2020-03-04,CSX/UNP,-0.0008142369833796,-0.0008142369833796,0.0,10,0.35,-0.0002849829441828
2020-03-05,MA/V,0.0025898382043922,0.0035898382043922,1.0,10,0.35,0.0009064433715372
2020-03-05,ADSK/NOW,-0.0,-0.0,0.0,10,0.3,-0.0
2020-03-05,CSX/UNP,-0.0083086884868577,-0.0083086884868577,0.0,10,0.35,-0.0029080409704001
2020-03-06,MA/V,0.0019438840615602,0.0019438840615602,0.0,10,0.35,0.000680359421546
2020-03-06,ADSK/NOW,0.0,0.0,0.0,10,0.3,0.0
2020-03-06,CSX/UNP,0.0085454373417668,0.0085454373417668,0.0,10,0.35,0.0029909030696184
2020-03-09,MA/V,0.0005874981524677,0.0005874981524677,0.0,10,0.35,0.0002056243533637
2020-03-09,ADSK/NOW,-0.0,-0.0,0.0,10,0.3,-0.0
2020-03-09,CSX/UNP,-0.0275484642238148,-0.0275484642238148,0.0,10,0.35,-0.0096419624783351
2020-03-10,MA/V,-0.0052551753482057,-0.0052551753482057,0.0,10,0.35,-0.001839311371872
2020-03-10,ADSK/NOW,0.0,0.0,0.0,10,0.3,0.0
2020-03-10,CSX/UNP,0.0292324566146041,0.0292324566146041,0.0,10,0.35,0.0102313598151114
2020-03-11,MA/V,0.0118819280097994,0.0118819280097994,0.0,10,0.35,0.0041586748034298
2020-03-11,ADSK/NOW,-0.0,-0.0,0.0,10,0.3,-0.0
2020-03-11,CSX/UNP,0.0099885186605771,0.0099885186605771,0.0,10,0.35,0.0034959815312019
2020-03-12,MA/V,-0.0059501481285815,-0.0059501481285815,0.0,10,0.35,-0.0020825518450035
2020-03-12,ADSK/NOW,-0.0,-0.0,0.0,10,0.3,-0.0
2020-03-12,CSX/UNP,-0.0036930608031793,-0.0036930608031793,0.0,10,0.35,-0.0012925712811127
2020-03-13,MA/V,-0.0013707219943294,-0.0013707219943294,0.0,10,0.35,-0.0004797526980153
2020-03-13,ADSK/NOW,-0.0,-0.0,0.0,10,0.3,-0.0
2020-03-13,CSX/UNP,0.0165399081808729,0.0165399081808729,0.0,10,0.35,0.0057889678633055
2020-03-16,MA/V,0.0176370748369014,0.0176370748369014,0.0,10,0.35,0.0061729761929155
2020-03-16,ADSK/NOW,-0.0,-0.0,0.0,10,0.3,-0.0
2020-03-16,CSX/UNP,-0.0110092043500749,-0.0110092043500749,0.0,10,0.35,-0.0038532215225262
2020-03-17,MA/V,-0.0169585805611976,-0.0169585805611976,0.0,10,0.35,-0.0059355031964191
2020-03-17,ADSK/NOW,0.0272469076763113,0.0282469076763113,1.0,10,0.3,0.0081740723028934
2020-03-17,CSX/UNP,-0.0288784160528352,-0.0288784160528352,0.0,10,0.35,-0.0101074456184923
2020-03-18,MA/V,0.0138717040600376,0.0138717040600376,0.0,10,0.35,0.0048550964210131
2020-03-18,ADSK/NOW,0.0172697182213749,0.0172697182213749,0.0,10,0.3,0.0051809154664124
2020-03-18,CSX/UNP,-0.0361586660211775,-0.0361586660211775,0.0,10,0.35,-0.0126555331074121
2020-03-19,MA/V,-0.0154666069950066,-0.0154666069950066,0.0,10,0.35,-0.0054133124482523
2020-03-19,ADSK/NOW,-0.0231383349047378,-0.0231383349047378,0.0,10,0.3,-0.0069415004714213
2020-03-19,CSX/UNP,-0.001,-0.0,1.0,10,0.35,-0.00035
2020-03-20,MA/V,-0.0117285093230921,-0.0117285093230921,0.0,10,0.35,-0.0041049782630822
2020-03-20,ADSK/NOW,-0.0443177426204302,-0.0443177426204302,0.0,10,0.3,-0.013295322786129
2020-03-20,CSX/UNP,0.0200466027467531,0.0210466027467531,1.0,10,0.35,0.0070163109613635
2020-03-23,MA/V,0.024349639034823,0.024349639034823,0.0,10,0.35,0.008522373662188
2020-03-23,ADSK/NOW,0.012436103322484,0.012436103322484,0.0,10,0.3,0.0037308309967452
2020-03-23,CSX/UNP,-6.217687708763539e-05,-6.217687708763539e-05,0.0,10,0.35,-2.1761906980672384e-05
2020-03-24,MA/V,-0.0010784945008994,-0.0010784945008994,0.0,10,0.35,-0.0003774730753148
2020-03-24,ADSK/NOW,0.0208945137857699,0.0208945137857699,0.0,10,0.3,0.0062683541357309
2020-03-24,CSX/UNP,0.0060467322031024,0.0060467322031024,0.0,10,0.35,0.0021163562710858
2020-03-25,MA/V,0.0109975333824052,0.0109975333824052,0.0,10,0.35,0.0038491366838418
2020-03-25,ADSK/NOW,-0.0156888504449468,-0.0156888504449468,0.0,10,0.3,-0.004706655133484
2020-03-25,CSX/UNP,0.0103222832109071,0.0103222832109071,0.0,10,0.35,0.0036127991238175
2020-03-26,MA/V,-0.012638544743197,-0.012638544743197,0.0,10,0.35,-0.0044234906601189
2020-03-26,ADSK/NOW,0.0353156988005197,0.0353156988005197,0.0,10,0.3,0.0105947096401559
2020-03-26,CSX/UNP,0.0263374452404214,0.0263374452404214,0.0,10,0.35,0.0092181058341474
2020-03-27,MA/V,-0.0024266837320356,-0.0024266837320356,0.0,10,0.35,-0.0008493393062124
2020-03-27,ADSK/NOW,0.0102830549671683,0.0102830549671683,0.0,10,0.3,0.0030849164901505
2020-03-27,CSX/UNP,0.0028461638404239,0.0028461638404239,0.0,10,0.35,0.0009961573441483
2020-03-30,MA/V,-0.0035991700184932,-0.0035991700184932,0.0,10,0.35,-0.0012597095064726
2020-03-30,ADSK/NOW,-0.016686643097115,-0.016686643097115,0.0,10,0.3,-0.0050059929291345
2020-03-30,CSX/UNP,-0.0084978740124108,-0.0084978740124108,0.0,10,0.35,-0.0029742559043438
2020-03-31,MA/V,-0.0058335830449529,-0.0058335830449529,0.0,10,0.35,-0.0020417540657335
2020-03-31,ADSK/NOW,-0.0001320458258721,-0.0001320458258721,0.0,10,0.3,-3.961374776165402e-05
2020-03-31,CSX/UNP,0.0087582158613337,0.0087582158613337,0.0,10,0.35,0.0030653755514668
2020-04-01,MA/V,-0.001,-0.0,1.0,10,0.35,-0.00035
2020-04-01,ADSK/NOW,0.0184969640467362,0.0184969640467362,0.0,10,0.3,0.0055490892140208
2020-04-01,CSX/UNP,0.0001749839898074,0.0001749839898074,0.0,10,0.35,6.124439643261223e-05
2020-04-02,MA/V,-0.0,-0.0,0.0,10,0.35,-0.0
2020-04-02,ADSK/NOW,-0.0232240142953841,-0.0232240142953841,0.0,10,0.3,-0.0069672042886152
2020-04-02,CSX/UNP,0.0062255277854251,0.0062255277854251,0.0,10,0.35,0.0021789347248988
2020-04-03,MA/V,-0.0,-0.0,0.0,10,0.35,-0.0
2020-04-03,ADSK/NOW,-0.0270486824381448,-0.0270486824381448,0.0,10,0.3,-0.0081146047314434
2020-04-03,CSX/UNP,-0.0122163170726361,-0.0122163170726361,0.0,10,0.35,-0.0042757109754226
2020-04-06,CNC/UNH,0.0,0.0,0.0,11,0.2555340310638121,0.0
2020-04-06,ADBE/INTU,0.0,0.0,0.0,11,0.2254696083357151,0.0
2020-04-06,EEM/IEMG,0.0,0.0,0.0,11,0.35,0.0
2020-04-06,ABBV/MRK,0.0,0.0,0.0,11,0.1689963606004727,0.0
2020-04-07,CNC/UNH,-0.0,-0.0,0.0,11,0.2555340310638121,-0.0
2020-04-07,ADBE/INTU,-0.0,-0.0,0.0,11,0.2254696083357151,-0.0
2020-04-07,EEM/IEMG,-0.0,-0.0,0.0,11,0.35,-0.0
2020-04-07,ABBV/MRK,-0.0,-0.0,0.0,11,0.1689963606004727,-0.0
2020-04-08,CNC/UNH,0.0,0.0,0.0,11,0.2555340310638121,0.0
2020-04-08,ADBE/INTU,0.0,0.0,0.0,11,0.2254696083357151,0.0
2020-04-08,EEM/IEMG,-0.0,-0.0,0.0,11,0.35,-0.0
2020-04-08,ABBV/MRK,0.0,0.0,0.0,11,0.1689963606004727,0.0
2020-04-09,CNC/UNH,-0.0,-0.0,0.0,11,0.2555340310638121,-0.0
2020-04-09,ADBE/INTU,-0.0,-0.0,0.0,11,0.2254696083357151,-0.0
2020-04-09,EEM/IEMG,-0.0,-0.0,0.0,11,0.35,-0.0
2020-04-09,ABBV/MRK,0.0,0.0,0.0,11,0.1689963606004727,0.0
2020-04-13,CNC/UNH,0.0,0.0,0.0,11,0.2555340310638121,0.0
2020-04-13,ADBE/INTU,0.0,0.0,0.0,11,0.2254696083357151,0.0
2020-04-13,EEM/IEMG,0.0,0.0,0.0,11,0.35,0.0
2020-04-13,ABBV/MRK,-0.0,-0.0,0.0,11,0.1689963606004727,-0.0
2020-04-14,CNC/UNH,0.0,0.0,0.0,11,0.2555340310638121,0.0
2020-04-14,ADBE/INTU,0.0,0.0,0.0,11,0.2254696083357151,0.0
2020-04-14,EEM/IEMG,0.0,0.0,0.0,11,0.35,0.0
2020-04-14,ABBV/MRK,0.0,0.0,0.0,11,0.1689963606004727,0.0
2020-04-15,CNC/UNH,0.0,0.0,0.0,11,0.2555340310638121,0.0
2020-04-15,ADBE/INTU,0.0,0.0,0.0,11,0.2254696083357151,0.0
2020-04-15,EEM/IEMG,-0.0,-0.0,0.0,11,0.35,-0.0
2020-04-15,ABBV/MRK,-0.0,-0.0,0.0,11,0.1689963606004727,-0.0
2020-04-16,CNC/UNH,0.0,0.0,0.0,11,0.2555340310638121,0.0
2020-04-16,ADBE/INTU,0.0,0.0,0.0,11,0.2254696083357151,0.0
2020-04-16,EEM/IEMG,-0.0,-0.0,0.0,11,0.35,-0.0
2020-04-16,ABBV/MRK,0.0,0.0,0.0,11,0.1689963606004727,0.0
2020-04-17,CNC/UNH,-0.0,-0.0,0.0,11,0.2555340310638121,-0.0
2020-04-17,ADBE/INTU,-0.0,-0.0,0.0,11,0.2254696083357151,-0.0
2020-04-17,EEM/IEMG,0.0,0.0,0.0,11,0.35,0.0
2020-04-17,ABBV/MRK,-0.0,-0.0,0.0,11,0.1689963606004727,-0.0
2020-04-20,CNC/UNH,-0.0,-0.0,0.0,11,0.2555340310638121,-0.0
2020-04-20,ADBE/INTU,0.0,0.0,0.0,11,0.2254696083357151,0.0
2020-04-20,EEM/IEMG,-0.0,-0.0,0.0,11,0.35,-0.0
2020-04-20,ABBV/MRK,-0.0,-0.0,0.0,11,0.1689963606004727,-0.0
2020-04-21,CNC/UNH,-0.0,-0.0,0.0,11,0.2555340310638121,-0.0
2020-04-21,ADBE/INTU,-0.0,-0.0,0.0,11,0.2254696083357151,-0.0
2020-04-21,EEM/IEMG,0.0,0.0,0.0,11,0.35,0.0
2020-04-21,ABBV/MRK,-0.0,-0.0,0.0,11,0.1689963606004727,-0.0
2020-04-22,CNC/UNH,-0.0,-0.0,0.0,11,0.2555340310638121,-0.0
2020-04-22,ADBE/INTU,-0.0,-0.0,0.0,11,0.2254696083357151,-0.0
2020-04-22,EEM/IEMG,0.0,0.0,0.0,11,0.35,0.0
2020-04-22,ABBV/MRK,0.0,0.0,0.0,11,0.1689963606004727,0.0
2020-04-23,CNC/UNH,0.0,0.0,0.0,11,0.2555340310638121,0.0
2020-04-23,ADBE/INTU,0.0,0.0,0.0,11,0.2254696083357151,0.0
2020-04-23,EEM/IEMG,-0.0,-0.0,0.0,11,0.35,-0.0
2020-04-23,ABBV/MRK,0.0,0.0,0.0,11,0.1689963606004727,0.0
2020-04-24,CNC/UNH,0.0,0.0,0.0,11,0.2555340310638121,0.0
2020-04-24,ADBE/INTU,0.0,0.0,0.0,11,0.2254696083357151,0.0
2020-04-24,EEM/IEMG,0.0,0.0,0.0,11,0.35,0.0
2020-04-24,ABBV/MRK,-0.0,-0.0,0.0,11,0.1689963606004727,-0.0
2020-04-27,CNC/UNH,0.0,0.0,0.0,11,0.2555340310638121,0.0
2020-04-27,ADBE/INTU,-0.0,-0.0,0.0,11,0.2254696083357151,-0.0
2020-04-27,EEM/IEMG,-0.0,-0.0,0.0,11,0.35,-0.0
2020-04-27,ABBV/MRK,0.0,0.0,0.0,11,0.1689963606004727,0.0
2020-04-28,CNC/UNH,0.0,0.0,0.0,11,0.2555340310638121,0.0
2020-04-28,ADBE/INTU,-0.0,-0.0,0.0,11,0.2254696083357151,-0.0
2020-04-28,EEM/IEMG,-0.0,-0.0,0.0,11,0.35,-0.0
2020-04-28,ABBV/MRK,-0.0,-0.0,0.0,11,0.1689963606004727,-0.0
2020-04-29,CNC/UNH,0.0,0.0,0.0,11,0.2555340310638121,0.0
2020-04-29,ADBE/INTU,0.0,0.0,0.0,11,0.2254696083357151,0.0
2020-04-29,EEM/IEMG,0.0,0.0,0.0,11,0.35,0.0
2020-04-29,ABBV/MRK,-0.0,-0.0,0.0,11,0.1689963606004727,-0.0
2020-04-30,CNC/UNH,0.0,0.0,0.0,11,0.2555340310638121,0.0
2020-04-30,ADBE/INTU,0.0,0.0,0.0,11,0.2254696083357151,0.0
2020-04-30,EEM/IEMG,-0.0,-0.0,0.0,11,0.35,-0.0
2020-04-30,ABBV/MRK,-0.0,-0.0,0.0,11,0.1689963606004727,-0.0
2020-05-01,CNC/UNH,-0.0,-0.0,0.0,11,0.2555340310638121,-0.0
2020-05-01,ADBE/INTU,-0.0,-0.0,0.0,11,0.2254696083357151,-0.0
2020-05-01,EEM/IEMG,-0.0,-0.0,0.0,11,0.35,-0.0
2020-05-01,ABBV/MRK,-0.0,-0.0,0.0,11,0.1689963606004727,-0.0
2020-05-04,CNC/UNH,0.0,0.0,0.0,11,0.2555340310638121,0.0
2020-05-04,ADBE/INTU,-0.0,-0.0,0.0,11,0.2254696083357151,-0.0
2020-05-04,EEM/IEMG,-0.0,-0.0,0.0,11,0.35,-0.0
2020-05-04,ABBV/MRK,-0.0,-0.0,0.0,11,0.1689963606004727,-0.0
2020-05-05,CNC/UNH,-0.0,-0.0,0.0,11,0.2555340310638121,-0.0
2020-05-05,ADBE/INTU,0.0,0.0,0.0,11,0.2254696083357151,0.0
2020-05-05,EEM/IEMG,0.0,0.0,0.0,11,0.35,0.0
2020-05-05,ABBV/MRK,-0.0,-0.0,0.0,11,0.1689963606004727,-0.0
2020-05-06,CNC/UNH,0.0,0.0,0.0,11,0.2555340310638121,0.0
2020-05-06,ADBE/INTU,0.0,0.0,0.0,11,0.2254696083357151,0.0
2020-05-06,EEM/IEMG,-0.0,-0.0,0.0,11,0.35,-0.0
2020-05-06,ABBV/MRK,-0.0,-0.0,0.0,11,0.1689963606004727,-0.0
2020-05-07,CNC/UNH,-0.0,-0.0,0.0,11,0.2555340310638121,-0.0
2020-05-07,ADBE/INTU,-0.0,-0.0,0.0,11,0.2254696083357151,-0.0
2020-05-07,EEM/IEMG,-0.0,-0.0,0.0,11,0.35,-0.0
2020-05-07,ABBV/MRK,-0.0,-0.0,0.0,11,0.1689963606004727,-0.0
2020-05-08,CNC/UNH,-0.0,-0.0,0.0,11,0.2555340310638121,-0.0
2020-05-08,ADBE/INTU,0.0,0.0,0.0,11,0.2254696083357151,0.0
2020-05-08,EEM/IEMG,0.0,0.0,0.0,11,0.35,0.0
2020-05-08,ABBV/MRK,0.0,0.0,0.0,11,0.1689963606004727,0.0
2020-05-11,CNC/UNH,-0.0,-0.0,0.0,11,0.2555340310638121,-0.0
2020-05-11,ADBE/INTU,-0.0,-0.0,0.0,11,0.2254696083357151,-0.0
2020-05-11,EEM/IEMG,-0.0,-0.0,0.0,11,0.35,-0.0
2020-05-11,ABBV/MRK,0.0,0.0,0.0,11,0.1689963606004727,0.0
2020-05-12,CNC/UNH,0.0,0.0,0.0,11,0.2555340310638121,0.0
2020-05-12,ADBE/INTU,-0.0,-0.0,0.0,11,0.2254696083357151,-0.0
2020-05-12,EEM/IEMG,-0.0,-0.0,0.0,11,0.35,-0.0
2020-05-12,ABBV/MRK,-0.0,-0.0,0.0,11,0.1689963606004727,-0.0
2020-05-13,CNC/UNH,-0.0,-0.0,0.0,11,0.2555340310638121,-0.0
2020-05-13,ADBE/INTU,-0.0,-0.0,0.0,11,0.2254696083357151,-0.0
2020-05-13,EEM/IEMG,0.0,0.0,0.0,11,0.35,0.0
2020-05-13,ABBV/MRK,0.0,0.0,0.0,11,0.1689963606004727,0.0
2020-05-14,CNC/UNH,0.0,0.0,0.0,11,0.2555340310638121,0.0
2020-05-14,ADBE/INTU,-0.0,-0.0,0.0,11,0.2254696083357151,-0.0
2020-05-14,EEM/IEMG,-0.0,-0.0,0.0,11,0.35,-0.0
2020-05-14,ABBV/MRK,0.0,0.0,0.0,11,0.1689963606004727,0.0
2020-05-15,CNC/UNH,-0.0,-0.0,0.0,11,0.2555340310638121,-0.0
2020-05-15,ADBE/INTU,0.0,0.0,0.0,11,0.2254696083357151,0.0
2020-05-15,EEM/IEMG,-0.0,-0.0,0.0,11,0.35,-0.0
2020-05-15,ABBV/MRK,-0.0,-0.0,0.0,11,0.1689963606004727,-0.0
2020-05-18,CNC/UNH,0.0,0.0,0.0,11,0.2555340310638121,0.0
2020-05-18,ADBE/INTU,-0.0,-0.0,0.0,11,0.2254696083357151,-0.0
2020-05-18,EEM/IEMG,0.0,0.0,0.0,11,0.35,0.0
2020-05-18,ABBV/MRK,-0.0,-0.0,0.0,11,0.1689963606004727,-0.0
2020-05-19,CNC/UNH,-0.0,-0.0,0.0,11,0.2555340310638121,-0.0
2020-05-19,ADBE/INTU,0.0,0.0,0.0,11,0.2254696083357151,0.0
2020-05-19,EEM/IEMG,-0.0009235415695434,7.645843045655504e-05,1.0,11,0.35,-0.0003232395493402
2020-05-19,ABBV/MRK,-0.0,-0.0,0.0,11,0.1689963606004727,-0.0
2020-05-20,CNC/UNH,0.0,0.0,0.0,11,0.2555340310638121,0.0
2020-05-20,ADBE/INTU,0.0,0.0,0.0,11,0.2254696083357151,0.0
2020-05-20,EEM/IEMG,-0.000144991477294,-0.000144991477294,0.0,11,0.35,-5.0747017052922375e-05
2020-05-20,ABBV/MRK,-0.0,-0.0,0.0,11,0.1689963606004727,-0.0
2020-05-21,CNC/UNH,-0.0,-0.0,0.0,11,0.2555340310638121,-0.0
2020-05-21,ADBE/INTU,-0.0,-0.0,0.0,11,0.2254696083357151,-0.0
2020-05-21,EEM/IEMG,0.0011299513380673,0.0011299513380673,0.0,11,0.35,0.0003954829683235
2020-05-21,ABBV/MRK,-0.0,-0.0,0.0,11,0.1689963606004727,-0.0
2020-05-22,CNC/UNH,0.0,0.0,0.0,11,0.2555340310638121,0.0
2020-05-22,ADBE/INTU,0.0,0.0,0.0,11,0.2254696083357151,0.0
2020-05-22,EEM/IEMG,0.0003121512727794,0.0003121512727794,0.0,11,0.35,0.0001092529454727
2020-05-22,ABBV/MRK,0.0,0.0,0.0,11,0.1689963606004727,0.0
2020-05-26,CNC/UNH,0.0,0.0,0.0,11,0.2555340310638121,0.0
2020-05-26,ADBE/INTU,-0.0,-0.0,0.0,11,0.2254696083357151,-0.0
2020-05-26,EEM/IEMG,0.000642382833591,0.000642382833591,0.0,11,0.35,0.0002248339917568
2020-05-26,ABBV/MRK,0.0,0.0,0.0,11,0.1689963606004727,0.0
2020-05-27,CNC/UNH,0.0,0.0,0.0,11,0.2555340310638121,0.0
2020-05-27,ADBE/INTU,-0.0,-0.0,0.0,11,0.2254696083357151,-0.0
2020-05-27,EEM/IEMG,-0.0003745870498374,-0.0003745870498374,0.0,11,0.35,-0.0001311054674431
2020-05-27,ABBV/MRK,0.0,0.0,0.0,11,0.1689963606004727,0.0
2020-05-28,CNC/UNH,-0.0,-0.0,0.0,11,0.2555340310638121,-0.0
2020-05-28,ADBE/INTU,0.0,0.0,0.0,11,0.2254696083357151,0.0
2020-05-28,EEM/IEMG,0.000452441590482,0.000452441590482,0.0,11,0.35,0.0001583545566687
2020-05-28,ABBV/MRK,0.0,0.0,0.0,11,0.1689963606004727,0.0
2020-05-29,CNC/UNH,0.0,0.0,0.0,11,0.2555340310638121,0.0
2020-05-29,ADBE/INTU,0.0,0.0,0.0,11,0.2254696083357151,0.0
2020-05-29,EEM/IEMG,-0.0011812310483847,-0.0011812310483847,0.0,11,0.35,-0.0004134308669346
2020-05-29,ABBV/MRK,0.0,0.0,0.0,11,0.1689963606004727,0.0
2020-06-01,CNC/UNH,0.0,0.0,0.0,11,0.2555340310638121,0.0
2020-06-01,ADBE/INTU,0.0,0.0,0.0,11,0.2254696083357151,0.0
2020-06-01,EEM/IEMG,3.342418044406302e-05,3.342418044406302e-05,0.0,11,0.35,1.1698463155422056e-05
2020-06-01,ABBV/MRK,-0.0,-0.0,0.0,11,0.1689963606004727,-0.0
2020-06-02,CNC/UNH,-0.0,-0.0,0.0,11,0.2555340310638121,-0.0
2020-06-02,ADBE/INTU,0.0,0.0,0.0,11,0.2254696083357151,0.0
2020-06-02,EEM/IEMG,0.0002554502339161,0.0002554502339161,0.0,11,0.35,8.940758187065899e-05
2020-06-02,ABBV/MRK,0.0,0.0,0.0,11,0.1689963606004727,0.0
2020-06-03,CNC/UNH,0.0,0.0,0.0,11,0.2555340310638121,0.0
2020-06-03,ADBE/INTU,-0.0,-0.0,0.0,11,0.2254696083357151,-0.0
2020-06-03,EEM/IEMG,-0.0004975769255909,-0.0004975769255909,0.0,11,0.35,-0.0001741519239568
2020-06-03,ABBV/MRK,0.0,0.0,0.0,11,0.1689963606004727,0.0
2020-06-04,CNC/UNH,-0.0,-0.0,0.0,11,0.2555340310638121,-0.0
2020-06-04,ADBE/INTU,0.0,0.0,0.0,11,0.2254696083357151,0.0
2020-06-04,EEM/IEMG,0.0002982486010443,0.0002982486010443,0.0,11,0.35,0.0001043870103655
2020-06-04,ABBV/MRK,-0.0,-0.0,0.0,11,0.1689963606004727,-0.0
2020-06-05,CNC/UNH,0.0,0.0,0.0,11,0.2555340310638121,0.0
2020-06-05,ADBE/INTU,0.0,0.0,0.0,11,0.2254696083357151,0.0
2020-06-05,EEM/IEMG,-0.0001168150535519,-0.0001168150535519,0.0,11,0.35,-4.088526874317594e-05
2020-06-05,ABBV/MRK,0.0,0.0,0.0,11,0.1689963606004727,0.0
2020-06-08,CNC/UNH,-0.0,-0.0,0.0,11,0.2555340310638121,-0.0
2020-06-08,ADBE/INTU,-0.0,-0.0,0.0,11,0.2254696083357151,-0.0
2020-06-08,EEM/IEMG,0.0012523168896587,0.0012523168896587,0.0,11,0.35,0.0004383109113805
2020-06-08,ABBV/MRK,0.0,0.0,0.0,11,0.1689963606004727,0.0
2020-06-09,CNC/UNH,0.0,0.0,0.0,11,0.2555340310638121,0.0
2020-06-09,ADBE/INTU,0.0,0.0,0.0,11,0.2254696083357151,0.0
2020-06-09,EEM/IEMG,-0.0003605506572152,-0.0003605506572152,0.0,11,0.35,-0.0001261927300253
2020-06-09,ABBV/MRK,-0.0,-0.0,0.0,11,0.1689963606004727,-0.0
2020-06-10,CNC/UNH,0.0,0.0,0.0,11,0.2555340310638121,0.0
2020-06-10,ADBE/INTU,0.0,0.0,0.0,11,0.2254696083357151,0.0
2020-06-10,EEM/IEMG,-0.0001859840166467,-0.0001859840166467,0.0,11,0.35,-6.509440582637753e-05
2020-06-10,ABBV/MRK,-0.0,-0.0,0.0,11,0.1689963606004727,-0.0
2020-06-11,CNC/UNH,-0.0,-0.0,0.0,11,0.2555340310638121,-0.0
2020-06-11,ADBE/INTU,0.0,0.0,0.0,11,0.2254696083357151,0.0
2020-06-11,EEM/IEMG,-0.000446459973739,-0.000446459973739,0.0,11,0.35,-0.0001562609908086
2020-06-11,ABBV/MRK,-0.0,-0.0,0.0,11,0.1689963606004727,-0.0
2020-06-12,CNC/UNH,-0.0098416504462591,-0.0088416504462591,1.0,11,0.2555340310638121,-0.0025148766108535
2020-06-12,ADBE/INTU,0.0,0.0,0.0,11,0.2254696083357151,0.0
2020-06-12,EEM/IEMG,0.0007532823892575,0.0007532823892575,0.0,11,0.35,0.0002636488362401
2020-06-12,ABBV/MRK,-0.0058029610867374,-0.0048029610867374,1.0,11,0.1689963606004727,-0.0009806793043647
2020-06-15,CNC/UNH,0.0020239294933641,0.0020239294933641,0.0,11,0.2555340310638121,0.0005171828620282
2020-06-15,ADBE/INTU,0.0100201132288779,0.0110201132288779,1.0,11,0.2254696083357151,0.0022592310051946
2020-06-15,EEM/IEMG,-0.0002699393381116,-0.0002699393381116,0.0,11,0.35,-9.4478768339061e-05
2020-06-15,ABBV/MRK,-0.02385539264682,-0.02385539264682,0.0,11,0.1689963606004727,-0.0040314745380078
2020-06-16,CNC/UNH,-0.0006381786558238,-0.0006381786558238,0.0,11,0.2555340310638121,-0.0001630763644615
2020-06-16,ADBE/INTU,-0.0059627517722614,-0.0059627517722614,0.0,11,0.2254696083357151,-0.0013444193066948
2020-06-16,EEM/IEMG,-0.001,-0.0,1.0,11,0.35,-0.00035
2020-06-16,ABBV/MRK,0.0213197861527366,0.0213197861527366,0.0,11,0.1689963606004727,0.0036029662685928
2020-06-17,CNC/UNH,0.0028130063360394,0.0028130063360394,0.0,11,0.2555340310638121,0.0007188188484562
2020-06-17,ADBE/INTU,-0.0056634975664618,-0.0056634975664618,0.0,11,0.2254696083357151,-0.0012769465781204
2020-06-17,EEM/IEMG,0.0,0.0,0.0,11,0.35,0.0
2020-06-17,ABBV/MRK,-0.0057043830761365,-0.0057043830761365,0.0,11,0.1689963606004727,-0.000964019979338
2020-06-18,CNC/UNH,-0.0049965898526837,-0.0049965898526837,0.0,11,0.2555340310638121,-0.0012767987466288
2020-06-18,ADBE/INTU,-0.0082860556311342,-0.0082860556311342,0.0,11,0.2254696083357151,-0.0018682537177997
2020-06-18,EEM/IEMG,0.0,0.0,0.0,11,0.35,0.0
2020-06-18,ABBV/MRK,-0.0019950606238296,-0.0019950606238296,0.0,11,0.1689963606004727,-0.0003371579846045
2020-06-19,CNC/UNH,0.0002480843739617,0.0002480843739617,0.0,11,0.2555340310638121,6.339400012239733e-05
2020-06-19,ADBE/INTU,-0.0114270587507287,-0.0114270587507287,0.0,11,0.2254696083357151,-0.002576454460956
2020-06-19,EEM/IEMG,-0.0,-0.0,0.0,11,0.35,-0.0
2020-06-19,ABBV/MRK,0.0151243530062345,0.0151243530062345,0.0,11,0.1689963606004727,0.0025559606144904
2020-06-22,CNC/UNH,0.0101653817152995,0.0101653817152995,0.0,11,0.2555340310638121,0.0025976009670128
2020-06-22,ADBE/INTU,-0.0018011357906938,-0.0018011357906938,0.0,11,0.2254696083357151,-0.0004061013812871
2020-06-22,EEM/IEMG,0.0,0.0,0.0,11,0.35,0.0
2020-06-22,ABBV/MRK,-0.012459833558317,-0.012459833558317,0.0,11,0.1689963606004727,-0.0021056665250432
2020-06-23,CNC/UNH,0.0053186552493451,0.0053186552493451,0.0,11,0.2555340310638121,0.0013590974157038
2020-06-23,ADBE/INTU,-0.0028613401462942,-0.0028613401462942,0.0,11,0.2254696083357151,-0.0006451452421002
2020-06-23,EEM/IEMG,0.0,0.0,0.0,11,0.35,0.0
2020-06-23,ABBV/MRK,0.0034804357020677,0.0034804357020677,0.0,11,0.1689963606004727,0.0005881809669534
2020-06-24,CNC/UNH,-0.0039497143589721,-0.0039497143589721,0.0,11,0.2555340310638121,-0.0010092864316987
2020-06-24,ADBE/INTU,-0.0004327006986585,-0.0004327006986585,0.0,11,0.2254696083357151,-9.756085705313252e-05
2020-06-24,EEM/IEMG,-0.0,-0.0,0.0,11,0.35,-0.0
2020-06-24,ABBV/MRK,-0.006345722870943,-0.006345722870943,0.0,11,0.1689963606004727,-0.0010724040705685
2020-06-25,CNC/UNH,0.0040611894628459,0.0040611894628459,0.0,11,0.2555340310638121,0.0010377721143549
2020-06-25,ADBE/INTU,-0.0027232451202815,-0.0027232451202815,0.0,11,0.2254696083357151,-0.000614009010672
2020-06-25,EEM/IEMG,0.0,0.0,0.0,11,0.35,0.0
2020-06-25,ABBV/MRK,0.0018903480521911,0.0018903480521911,0.0,11,0.1689963606004727,0.0003194619410885
2020-06-26,CNC/UNH,0.0056928211108066,0.0056928211108066,0.0,11,0.2555340310638121,0.0014547095265695
2020-06-26,ADBE/INTU,0.0093278649421917,0.0093278649421917,0.0,11,0.2254696083357151,0.0021031500551244
2020-06-26,EEM/IEMG,-0.0,-0.0,0.0,11,0.35,-0.0
2020-06-26,ABBV/MRK,-0.0111473706788641,-0.0111473706788641,0.0,11,0.1689963606004727,-0.0018838650749924
2020-06-29,CNC/UNH,-0.0141731577634867,-0.0141731577634867,0.0,11,0.2555340310638121,-0.0036217241362071
2020-06-29,ADBE/INTU,0.0057119620940127,0.0057119620940127,0.0,11,0.2254696083357151,0.0012878738561655
2020-06-29,EEM/IEMG,-0.0,-0.0,0.0,11,0.35,-0.0
2020-06-29,ABBV/MRK,0.0083926331006949,0.0083926331006949,0.0,11,0.1689963606004727,0.0014183244498725
2020-06-30,CNC/UNH,0.0039405944266681,0.0039405944266681,0.0,11,0.2555340310638121,0.0010069559786341
2020-06-30,ADBE/INTU,-0.0018293930858142,-0.0018293930858142,0.0,11,0.2254696083357151,-0.0004124725425506
2020-06-30,EEM/IEMG,0.0,0.0,0.0,11,0.35,0.0
2020-06-30,ABBV/MRK,0.0072413668686208,0.0072413668686208,0.0,11,0.1689963606004727,0.0012237646465697
2020-07-01,CNC/UNH,-0.0068305958140681,-0.0068305958140681,0.0,11,0.2555340310638121,-0.0017454496829364
2020-07-01,ADBE/INTU,0.003811474367835,0.003811474367835,0.0,11,0.2254696083357151,0.0008593716328973
2020-07-01,EEM/IEMG,-0.0,-0.0,0.0,11,0.35,-0.0
2020-07-01,ABBV/MRK,0.0051054970736753,0.0051054970736753,0.0,11,0.1689963606004727,0.0008628104245075
2020-07-02,CNC/UNH,-0.0060861610601179,-0.0060861610601179,0.0,11,0.2555340310638121,-0.0015552212693955
2020-07-02,ADBE/INTU,3.794600148967655e-06,3.794600148967655e-06,0.0,11,0.2254696083357151,8.555670093783836e-07
2020-07-02,EEM/IEMG,0.0,0.0,0.0,11,0.35,0.0
2020-07-02,ABBV/MRK,0.0069548007087999,0.0069548007087999,0.0,11,0.1689963606004727,0.0011753360084887
2020-07-06,CNC/UNH,0.0081760556735674,0.0081760556735674,0.0,11,0.2555340310638121,0.0020892604644688
2020-07-06,ADBE/INTU,-0.00582251274702,-0.00582251274702,0.0,11,0.2254696083357151,-0.0013127996686003
2020-07-06,EEM/IEMG,0.0,0.0,0.0,11,0.35,0.0
2020-07-06,ABBV/MRK,0.0072022176156132,0.0072022176156132,0.0,11,0.1689963606004727,0.0012171485652912
2020-07-07,MCHP/NXPI,-0.0,-0.0,0.0,12,0.1631383796095825,-0.0
2020-07-07,AXP/MA,0.0,0.0,0.0,12,0.2354755374332984,0.0
2020-07-07,IYR/VNQ,-0.0,-0.0,0.0,12,0.35,-0.0
2020-07-07,SCHW/STT,0.0,0.0,0.0,12,0.251386082957119,0.0
2020-07-08,MCHP/NXPI,-0.0,-0.0,0.0,12,0.1631383796095825,-0.0
2020-07-08,AXP/MA,0.0,0.0,0.0,12,0.2354755374332984,0.0
2020-07-08,IYR/VNQ,-0.0,-0.0,0.0,12,0.35,-0.0
2020-07-08,SCHW/STT,-0.0,-0.0,0.0,12,0.251386082957119,-0.0
2020-07-09,MCHP/NXPI,0.0,0.0,0.0,12,0.1631383796095825,0.0
2020-07-09,AXP/MA,-0.0,-0.0,0.0,12,0.2354755374332984,-0.0
2020-07-09,IYR/VNQ,-0.0,-0.0,0.0,12,0.35,-0.0
2020-07-09,SCHW/STT,0.0,0.0,0.0,12,0.251386082957119,0.0
2020-07-10,MCHP/NXPI,-0.0,-0.0,0.0,12,0.1631383796095825,-0.0
2020-07-10,AXP/MA,-0.0,-0.0,0.0,12,0.2354755374332984,-0.0
2020-07-10,IYR/VNQ,0.0,0.0,0.0,12,0.35,0.0
2020-07-10,SCHW/STT,-0.0,-0.0,0.0,12,0.251386082957119,-0.0
2020-07-13,MCHP/NXPI,-0.0,-0.0,0.0,12,0.1631383796095825,-0.0
2020-07-13,AXP/MA,-0.0,-0.0,0.0,12,0.2354755374332984,-0.0
2020-07-13,IYR/VNQ,0.0,0.0,0.0,12,0.35,0.0
2020-07-13,SCHW/STT,-0.0,-0.0,0.0,12,0.251386082957119,-0.0
2020-07-14,MCHP/NXPI,0.0,0.0,0.0,12,0.1631383796095825,0.0
2020-07-14,AXP/MA,0.0,0.0,0.0,12,0.2354755374332984,0.0
2020-07-14,IYR/VNQ,0.0,0.0,0.0,12,0.35,0.0
2020-07-14,SCHW/STT,-0.0,-0.0,0.0,12,0.251386082957119,-0.0
2020-07-15,MCHP/NXPI,-0.0,-0.0,0.0,12,0.1631383796095825,-0.0
2020-07-15,AXP/MA,0.0,0.0,0.0,12,0.2354755374332984,0.0
2020-07-15,IYR/VNQ,-0.0,-0.0,0.0,12,0.35,-0.0
2020-07-15,SCHW/STT,0.0,0.0,0.0,12,0.251386082957119,0.0
2020-07-16,MCHP/NXPI,-0.0,-0.0,0.0,12,0.1631383796095825,-0.0
2020-07-16,AXP/MA,-0.0,-0.0,0.0,12,0.2354755374332984,-0.0
2020-07-16,IYR/VNQ,-0.0,-0.0,0.0,12,0.35,-0.0
2020-07-16,SCHW/STT,0.0103148320925007,0.0113148320925007,1.0,12,0.251386082957119,0.0025930052360941
2020-07-17,MCHP/NXPI,-0.0,-0.0,0.0,12,0.1631383796095825,-0.0
2020-07-17,AXP/MA,0.0,0.0,0.0,12,0.2354755374332984,0.0
2020-07-17,IYR/VNQ,0.0,0.0,0.0,12,0.35,0.0
2020-07-17,SCHW/STT,0.0065089910883991,0.0065089910883991,0.0,12,0.251386082957119,0.0016362697737154
2020-07-20,MCHP/NXPI,0.0,0.0,0.0,12,0.1631383796095825,0.0
2020-07-20,AXP/MA,0.0,0.0,0.0,12,0.2354755374332984,0.0
2020-07-20,IYR/VNQ,0.0,0.0,0.0,12,0.35,0.0
2020-07-20,SCHW/STT,-0.0160998660919178,-0.0160998660919178,0.0,12,0.251386082957119,-0.0040472822729813
2020-07-21,MCHP/NXPI,-0.0,-0.0,0.0,12,0.1631383796095825,-0.0
2020-07-21,AXP/MA,0.0175041638162087,0.0185041638162087,1.0,12,0.2354755374332984,0.0041218023819422
2020-07-21,IYR/VNQ,-0.0,-0.0,0.0,12,0.35,-0.0
2020-07-21,SCHW/STT,-0.0141425348565759,-0.0141425348565759,0.0,12,0.251386082957119,-0.0035552364406791
2020-07-22,MCHP/NXPI,-0.0,-0.0,0.0,12,0.1631383796095825,-0.0
2020-07-22,AXP/MA,-0.009989608408626,-0.009989608408626,0.0,12,0.2354755374332984,-0.0023523084087694
2020-07-22,IYR/VNQ,-0.0,-0.0,0.0,12,0.35,-0.0
2020-07-22,SCHW/STT,0.0035657552136222,0.0035657552136222,0.0,12,0.251386082957119,0.0008963812359364
2020-07-23,MCHP/NXPI,-0.0,-0.0,0.0,12,0.1631383796095825,-0.0
2020-07-23,AXP/MA,0.0069951258792201,0.0069951258792201,0.0,12,0.2354755374332984,0.0016471810258229
2020-07-23,IYR/VNQ,0.0,0.0,0.0,12,0.35,0.0
2020-07-23,SCHW/STT,0.0010498961375207,0.0010498961375207,0.0,12,0.251386082957119,0.0002639292775231
2020-07-24,MCHP/NXPI,0.0,0.0,0.0,12,0.1631383796095825,0.0
2020-07-24,AXP/MA,-0.000225848040142,-0.000225848040142,0.0,12,0.2354755374332984,-5.318168863069924e-05
2020-07-24,IYR/VNQ,0.0,0.0,0.0,12,0.35,0.0
2020-07-24,SCHW/STT,0.0040525218464424,0.0040525218464424,0.0,12,0.251386082957119,0.0010187475930753
2020-07-27,MCHP/NXPI,-0.0,-0.0,0.0,12,0.1631383796095825,-0.0
2020-07-27,AXP/MA,-0.0016484224581206,-0.0016484224581206,0.0,12,0.2354755374332984,-0.000388163164243
2020-07-27,IYR/VNQ,-0.0,-0.0,0.0,12,0.35,-0.0
2020-07-27,SCHW/STT,0.0216517709283858,0.0216517709283858,0.0,12,0.251386082957119,0.0054429538827717
2020-07-28,MCHP/NXPI,0.0,0.0,0.0,12,0.1631383796095825,0.0
2020-07-28,AXP/MA,-0.0012385897784855,-0.0012385897784855,0.0,12,0.2354755374332984,-0.0002916575937482
2020-07-28,IYR/VNQ,-6.869173998616919e-05,0.0009313082600138,1.0,12,0.35,-2.4042108995159216e-05
2020-07-28,SCHW/STT,0.0046918706944548,0.0046918706944548,0.0,12,0.251386082957119,0.0011794709956203
2020-07-29,MCHP/NXPI,-0.0,-0.0,0.0,12,0.1631383796095825,-0.0
2020-07-29,AXP/MA,0.0044501719980968,0.0044501719980968,0.0,12,0.2354755374332984,0.0010479066429224
2020-07-29,IYR/VNQ,-0.0015888318941797,-0.0015888318941797,0.0,12,0.35,-0.0005560911629629
2020-07-29,SCHW/STT,0.0013092399379263,0.0013092399379263,0.0,12,0.251386082957119,0.0003291246996463
2020-07-30,MCHP/NXPI,0.0,0.0,0.0,12,0.1631383796095825,0.0
2020-07-30,AXP/MA,-0.008279122442266,-0.008279122442266,0.0,12,0.2354755374332984,-0.0019495308065686
2020-07-30,IYR/VNQ,-0.0006667561758834,-0.0006667561758834,0.0,12,0.35,-0.0002333646615592
2020-07-30,SCHW/STT,0.0028250015714925,0.0028250015714925,0.0,12,0.251386082957119,0.0007101660794052
2020-07-31,MCHP/NXPI,-0.0,-0.0,0.0,12,0.1631383796095825,-0.0
2020-07-31,AXP/MA,-0.0050093073054303,-0.0050093073054303,0.0,12,0.2354755374332984,-0.0011795693299147
2020-07-31,IYR/VNQ,0.0001208887679373,0.0001208887679373,0.0,12,0.35,4.231106877808932e-05
2020-07-31,SCHW/STT,0.0093850734940211,0.0093850734940211,0.0,12,0.251386082957119,0.0023592768639266
2020-08-03,MCHP/NXPI,0.0,0.0,0.0,12,0.1631383796095825,0.0
2020-08-03,AXP/MA,-0.0066492210764186,-0.0066492210764186,0.0,12,0.2354755374332984,-0.0015657289064824
2020-08-03,IYR/VNQ,-7.046718298936703e-05,-7.046718298936703e-05,0.0,12,0.35,-2.466351404627846e-05
2020-08-03,SCHW/STT,8.429466861405686e-05,8.429466861405686e-05,0.0,12,0.251386082957119,2.1190506557056157e-05
2020-08-04,MCHP/NXPI,0.0,0.0,0.0,12,0.1631383796095825,0.0
2020-08-04,AXP/MA,-0.0049112521075257,-0.0049112521075257,0.0,12,0.2354755374332984,-0.00115647972949
2020-08-04,IYR/VNQ,0.001127633537275,0.001127633537275,0.0,12,0.35,0.0003946717380462
2020-08-04,SCHW/STT,-0.0069364618047366,-0.0069364618047366,0.0,12,0.251386082957119,-0.0017437299626744
2020-08-05,MCHP/NXPI,-0.0,-0.0,0.0,12,0.1631383796095825,-0.0
2020-08-05,AXP/MA,-0.0151663560571889,-0.0151663560571889,0.0,12,0.2354755374332984,-0.0035713058434713
2020-08-05,IYR/VNQ,-0.0006099564838336,-0.0006099564838336,0.0,12,0.35,-0.0002134847693417
2020-08-05,SCHW/STT,0.0073387469604677,0.0073387469604677,0.0,12,0.251386082957119,0.0018448588522054
2020-08-06,MCHP/NXPI,-0.0066893536150892,-0.0056893536150892,1.0,12,0.1631383796095825,-0.0010912903094011
2020-08-06,AXP/MA,-0.0014289000993389,-0.0014289000993389,0.0,12,0.2354755374332984,-0.0003364710188303
2020-08-06,IYR/VNQ,0.0007375077115765,0.0007375077115765,0.0,12,0.35,0.0002581276990517
2020-08-06,SCHW/STT,0.0139496932942181,0.0139496932942181,0.0,12,0.251386082957119,0.0035067587556866
2020-08-07,MCHP/NXPI,0.0050436718350794,0.0050436718350794,0.0,12,0.1631383796095825,0.0008228164504573
2020-08-07,AXP/MA,0.0179864121304566,0.0179864121304566,0.0,12,0.2354755374332984,0.004235360062916
2020-08-07,IYR/VNQ,0.0002994017550133,0.0002994017550133,0.0,12,0.35,0.0001047906142546
2020-08-07,SCHW/STT,0.0027647110067421,0.0027647110067421,0.0,12,0.251386082957119,0.0006950098704933
2020-08-10,MCHP/NXPI,0.0047925495723466,0.0047925495723466,0.0,12,0.1631383796095825,0.0007818487714312
2020-08-10,AXP/MA,0.0195270301486475,0.0195270301486475,0.0,12,0.2354755374332984,0.004598137918729
2020-08-10,IYR/VNQ,-0.0004255500289707,-0.0004255500289707,0.0,12,0.35,-0.0001489425101397
2020-08-10,SCHW/STT,0.0059274201646755,0.0059274201646755,0.0,12,0.251386082957119,0.0014900709372388
2020-08-11,MCHP/NXPI,0.0023354154531626,0.0023354154531626,0.0,12,0.1631383796095825,0.0003809958927441
2020-08-11,AXP/MA,-0.0033959530165052,-0.0033959530165052,0.0,12,0.2354755374332984,-0.0007996638616597
2020-08-11,IYR/VNQ,6.811168313923786e-05,6.811168313923786e-05,0.0,12,0.35,2.383908909873325e-05
2020-08-11,SCHW/STT,-0.0174784045898732,-0.0174784045898732,0.0,12,0.251386082957119,-0.0043938276661879
2020-08-12,MCHP/NXPI,-0.0049750615174262,-0.0049750615174262,0.0,12,0.1631383796095825,-0.0008116234744109
2020-08-12,AXP/MA,-0.0047967416026835,-0.0047967416026835,0.0,12,0.2354755374332984,-0.0011295153068205
2020-08-12,IYR/VNQ,0.0001782804834792,0.0001782804834792,0.0,12,0.35,6.239816921772717e-05
2020-08-12,SCHW/STT,-0.001,-0.0,1.0,12,0.251386082957119,-0.0002513860829571
2020-08-13,MCHP/NXPI,-0.0006033509188168,-0.0006033509188168,0.0,12,0.1631383796095825,-9.842969123173318e-05
2020-08-13,AXP/MA,-0.0026313339843461,-0.0026313339843461,0.0,12,0.2354755374332984,-0.0006196147841304
2020-08-13,IYR/VNQ,-0.0004152639681997,-0.0004152639681997,0.0,12,0.35,-0.0001453423888698
2020-08-13,SCHW/STT,0.0,0.0,0.0,12,0.251386082957119,0.0
2020-08-14,MCHP/NXPI,-0.0031901987680775,-0.0031901987680775,0.0,12,0.1631383796095825,-0.0005204438576566
2020-08-14,AXP/MA,-0.0011288141010461,-0.0011288141010461,0.0,12,0.2354755374332984,-0.0002658081071061
2020-08-14,IYR/VNQ,1.062992818563242e-07,1.062992818563242e-07,0.0,12,0.35,3.7204748649713466e-08
2020-08-14,SCHW/STT,0.0,0.0,0.0,12,0.251386082957119,0.0
2020-08-17,MCHP/NXPI,0.011334328081538,0.011334328081538,0.0,12,0.1631383796095825,0.0018490639171854
2020-08-17,AXP/MA,-0.001,0.0,1.0,12,0.2354755374332984,-0.0002354755374332
2020-08-17,IYR/VNQ,0.0001201287549833,0.0001201287549833,0.0,12,0.35,4.204506424415783e-05
2020-08-17,SCHW/STT,0.0,0.0,0.0,12,0.251386082957119,0.0
2020-08-18,MCHP/NXPI,0.0230585109384234,0.0230585109384234,0.0,12,0.1631383796095825,0.0037617281107042
2020-08-18,AXP/MA,0.0,0.0,0.0,12,0.2354755374332984,0.0
2020-08-18,IYR/VNQ,2.105637035296518e-06,2.105637035296518e-06,0.0,12,0.35,7.369729623537812e-07
2020-08-18,SCHW/STT,0.0,0.0,0.0,12,0.251386082957119,0.0
2020-08-19,MCHP/NXPI,0.0062405032063481,0.0062405032063481,0.0,12,0.1631383796095825,0.001018065581032
2020-08-19,AXP/MA,0.0,0.0,0.0,12,0.2354755374332984,0.0
2020-08-19,IYR/VNQ,0.0002529536039337,0.0002529536039337,0.0,12,0.35,8.853376137682312e-05
2020-08-19,SCHW/STT,0.0,0.0,0.0,12,0.251386082957119,0.0
2020-08-20,MCHP/NXPI,-0.0063879782737138,-0.0063879782737138,0.0,12,0.1631383796095825,-0.0010421244245548
2020-08-20,AXP/MA,0.0,0.0,0.0,12,0.2354755374332984,0.0
2020-08-20,IYR/VNQ,0.0001808487833926,0.0001808487833926,0.0,12,0.35,6.329707418743639e-05
2020-08-20,SCHW/STT,-0.0,-0.0,0.0,12,0.251386082957119,-0.0
2020-08-21,MCHP/NXPI,0.0157783733178595,0.0157783733178595,0.0,12,0.1631383796095825,0.0025740582559506
2020-08-21,AXP/MA,0.0,0.0,0.0,12,0.2354755374332984,0.0
2020-08-21,IYR/VNQ,6.033617445529018e-05,6.033617445529018e-05,0.0,12,0.35,2.111766105935156e-05
2020-08-21,SCHW/STT,0.0,0.0,0.0,12,0.251386082957119,0.0
2020-08-24,MCHP/NXPI,-0.0109646965883907,-0.0109646965883907,0.0,12,0.1631383796095825,-0.0017887628343407
2020-08-24,AXP/MA,-0.0,-0.0,0.0,12,0.2354755374332984,-0.0
2020-08-24,IYR/VNQ,-0.001,-0.0,1.0,12,0.35,-0.00035
2020-08-24,SCHW/STT,0.0,0.0,0.0,12,0.251386082957119,0.0
2020-08-25,MCHP/NXPI,-0.0045045980877078,-0.0045045980877078,0.0,12,0.1631383796095825,-0.000734872832821
2020-08-25,AXP/MA,0.0,0.0,0.0,12,0.2354755374332984,0.0
2020-08-25,IYR/VNQ,0.0,0.0,0.0,12,0.35,0.0
2020-08-25,SCHW/STT,0.0,0.0,0.0,12,0.251386082957119,0.0
2020-08-26,MCHP/NXPI,-0.0077525821566,-0.0077525821566,0.0,12,0.1631383796095825,-0.0012647436908179
2020-08-26,AXP/MA,0.0,0.0,0.0,12,0.2354755374332984,0.0
2020-08-26,IYR/VNQ,0.0,0.0,0.0,12,0.35,0.0
2020-08-26,SCHW/STT,0.0,0.0,0.0,12,0.251386082957119,0.0
2020-08-27,MCHP/NXPI,0.0040122461017108,0.0040122461017108,0.0,12,0.1631383796095825,0.0006545513276279
2020-08-27,AXP/MA,-0.0,-0.0,0.0,12,0.2354755374332984,-0.0
2020-08-27,IYR/VNQ,0.0,0.0,0.0,12,0.35,0.0
2020-08-27,SCHW/STT,0.0,0.0,0.0,12,0.251386082957119,0.0
2020-08-28,MCHP/NXPI,0.0119565491229318,0.0119565491229318,0.0,12,0.1631383796095825,0.0019505720496374
2020-08-28,AXP/MA,0.0,0.0,0.0,12,0.2354755374332984,0.0
2020-08-28,IYR/VNQ,0.0,0.0,0.0,12,0.35,0.0
2020-08-28,SCHW/STT,-0.0,-0.0,0.0,12,0.251386082957119,-0.0
2020-08-31,MCHP/NXPI,0.0010074529360896,0.0010074529360896,0.0,12,0.1631383796095825,0.0001643542395265
2020-08-31,AXP/MA,-0.0,-0.0,0.0,12,0.2354755374332984,-0.0
2020-08-31,IYR/VNQ,-0.0,-0.0,0.0,12,0.35,-0.0
2020-08-31,SCHW/STT,-0.0,-0.0,0.0,12,0.251386082957119,-0.0
2020-09-01,MCHP/NXPI,0.0047975763110228,0.0047975763110228,0.0,12,0.1631383796095825,0.0007826688254335
2020-09-01,AXP/MA,-0.0,-0.0,0.0,12,0.2354755374332984,-0.0
2020-09-01,IYR/VNQ,-0.0,-0.0,0.0,12,0.35,-0.0
2020-09-01,SCHW/STT,0.0,0.0,0.0,12,0.251386082957119,0.0
2020-09-02,MCHP/NXPI,-0.001,-0.0,1.0,12,0.1631383796095825,-0.0001631383796095
2020-09-02,AXP/MA,-0.0,-0.0,0.0,12,0.2354755374332984,-0.0
2020-09-02,IYR/VNQ,0.0,0.0,0.0,12,0.35,0.0
2020-09-02,SCHW/STT,-0.0,-0.0,0.0,12,0.251386082957119,-0.0
2020-09-03,MCHP/NXPI,-0.0,-0.0,0.0,12,0.1631383796095825,-0.0
2020-09-03,AXP/MA,-0.0,-0.0,0.0,12,0.2354755374332984,-0.0
2020-09-03,IYR/VNQ,0.0,0.0,0.0,12,0.35,0.0
2020-09-03,SCHW/STT,0.0,0.0,0.0,12,0.251386082957119,0.0
2020-09-04,MCHP/NXPI,-0.0,-0.0,0.0,12,0.1631383796095825,-0.0
2020-09-04,AXP/MA,-0.0207404766607014,-0.0197404766607014,1.0,12,0.2354755374332984,-0.0048838748883014
2020-09-04,IYR/VNQ,-0.0,-0.0,0.0,12,0.35,-0.0
2020-09-04,SCHW/STT,0.0,0.0,0.0,12,0.251386082957119,0.0
2020-09-08,MCHP/NXPI,-0.0,-0.0,0.0,12,0.1631383796095825,-0.0
2020-09-08,AXP/MA,-0.0009746584739669,-0.0009746584739669,0.0,12,0.2354755374332984,-0.0002295082279712
2020-09-08,IYR/VNQ,0.0,0.0,0.0,12,0.35,0.0
2020-09-08,SCHW/STT,-0.0,-0.0,0.0,12,0.251386082957119,-0.0
2020-09-09,MCHP/NXPI,-0.0,-0.0,0.0,12,0.1631383796095825,-0.0
2020-09-09,AXP/MA,0.0167849391868202,0.0167849391868202,0.0,12,0.2354755374332984,0.0039524425758017
2020-09-09,IYR/VNQ,0.0,0.0,0.0,12,0.35,0.0
2020-09-09,SCHW/STT,0.0,0.0,0.0,12,0.251386082957119,0.0
2020-09-10,MCHP/NXPI,-0.0015949748321272,-0.0005949748321272,1.0,12,0.1631383796095825,-0.0002602016096313
2020-09-10,AXP/MA,-0.0075239027060203,-0.0075239027060203,0.0,12,0.2354755374332984,-0.0017716950332959
2020-09-10,IYR/VNQ,0.0,0.0,0.0,12,0.35,0.0
2020-09-10,SCHW/STT,0.0,0.0,0.0,12,0.251386082957119,0.0
2020-09-11,MCHP/NXPI,-0.0053796338083692,-0.0053796338083692,0.0,12,0.1631383796095825,-0.0008776247423902
2020-09-11,AXP/MA,-0.007174422917306,-0.007174422917306,0.0,12,0.2354755374332984,-0.0016894010922264
2020-09-11,IYR/VNQ,-0.0010085277599163,-8.5277599163079e-06,1.0,12,0.35,-0.0003529847159707
2020-09-11,SCHW/STT,0.0,0.0,0.0,12,0.251386082957119,0.0
2020-09-14,MCHP/NXPI,0.0036619243340377,0.0036619243340377,0.0,12,0.1631383796095825,0.0005974004021078
2020-09-14,AXP/MA,-0.0008488903296496,-0.0008488903296496,0.0,12,0.2354755374332984,-0.0001998929065961
2020-09-14,IYR/VNQ,0.0012843383158161,0.0012843383158161,0.0,12,0.35,0.0004495184105356
2020-09-14,SCHW/STT,0.0,0.0,0.0,12,0.251386082957119,0.0
2020-09-15,MCHP/NXPI,0.0016984752912626,0.0016984752912626,0.0,12,0.1631383796095825,0.0002770865068235
2020-09-15,AXP/MA,0.0032206519584714,0.0032206519584714,0.0,12,0.2354755374332984,0.0007583847508066
2020-09-15,IYR/VNQ,-0.0001782895258746,-0.0001782895258746,0.0,12,0.35,-6.24013340561142e-05
2020-09-15,SCHW/STT,0.0071545861436835,0.0081545861436835,1.0,12,0.251386082957119,0.0017985633858398
2020-09-16,MCHP/NXPI,-0.0043571933139799,-0.0043571933139799,0.0,12,0.1631383796095825,-0.0007108254568883
2020-09-16,AXP/MA,0.0073960612017445,0.0073960612017445,0.0,12,0.2354755374332984,0.0017415914863703
2020-09-16,IYR/VNQ,6.27045738495275e-05,6.27045738495275e-05,0.0,12,0.35,2.194660084733462e-05
2020-09-16,SCHW/STT,-0.0157285108266868,-0.0157285108266868,0.0,12,0.251386082957119,-0.0039539287274694
2020-09-17,MCHP/NXPI,0.0025765790816814,0.0025765790816814,0.0,12,0.1631383796095825,0.0004203389363214
2020-09-17,AXP/MA,0.0010563337457447,0.0010563337457447,0.0,12,0.2354755374332984,0.0002487407564881
2020-09-17,IYR/VNQ,0.000289996606701,0.000289996606701,0.0,12,0.35,0.0001014988123453
2020-09-17,SCHW/STT,-0.007535390567038,-0.007535390567038,0.0,12,0.251386082957119,-0.0018942923181997
2020-09-18,MCHP/NXPI,-0.0056845759648984,-0.0056845759648984,0.0,12,0.1631383796095825,-0.0009273725116811
2020-09-18,AXP/MA,-0.0023096173365635,-0.0023096173365635,0.0,12,0.2354755374332984,-0.0005438583835925
2020-09-18,IYR/VNQ,0.0004251413419066,0.0004251413419066,0.0,12,0.35,0.0001487994696673
2020-09-18,SCHW/STT,-0.0063887782833192,-0.0063887782833192,0.0,12,0.251386082957119,-0.0016060499475251
2020-09-21,MCHP/NXPI,0.0005719778124616,0.0005719778124616,0.0,12,0.1631383796095825,9.331153349762272e-05
2020-09-21,AXP/MA,0.0083359635047328,0.0083359635047328,0.0,12,0.2354755374332984,0.0019629154863013
2020-09-21,IYR/VNQ,0.0010086568611227,0.0010086568611227,0.0,12,0.35,0.0003530299013929
2020-09-21,SCHW/STT,-0.000822124450028,-0.000822124450028,0.0,12,0.251386082957119,-0.0002066706451958
2020-09-22,MCHP/NXPI,-0.0006731005366943,-0.0006731005366943,0.0,12,0.1631383796095825,-0.0001098085308706
2020-09-22,AXP/MA,0.0119603512545575,0.0119603512545575,0.0,12,0.2354755374332984,0.0028163701395579
2020-09-22,IYR/VNQ,-8.273115713275393e-05,-8.273115713275393e-05,0.0,12,0.35,-2.8955904996463877e-05
2020-09-22,SCHW/STT,-0.0027459789440854,-0.0027459789440854,0.0,12,0.251386082957119,-0.0006903008906363
2020-09-23,MCHP/NXPI,0.0009229139583079,0.0009229139583079,0.0,12,0.1631383796095825,0.0001505626876774
2020-09-23,AXP/MA,-0.0063935980103798,-0.0063935980103798,0.0,12,0.2354755374332984,-0.0015055359276266
2020-09-23,IYR/VNQ,0.0005828387858665,0.0005828387858665,0.0,12,0.35,0.0002039935750532
2020-09-23,SCHW/STT,-0.0046708079803076,-0.0046708079803076,0.0,12,0.251386082957119,-0.0011741761224143
2020-09-24,MCHP/NXPI,0.0034377930744265,0.0034377930744265,0.0,12,0.1631383796095825,0.0005608359915949
2020-09-24,AXP/MA,0.0070936234999426,0.0070936234999426,0.0,12,0.2354755374332984,0.0016703748059984
2020-09-24,IYR/VNQ,-0.0004532063968378,-0.0004532063968378,0.0,12,0.35,-0.0001586222388932
2020-09-24,SCHW/STT,0.0064028093043032,0.0064028093043032,0.0,12,0.251386082957119,0.0016095771509301
2020-09-25,MCHP/NXPI,0.0049617906450097,0.0049617906450097,0.0,12,0.1631383796095825,0.0008094584857888
2020-09-25,AXP/MA,0.0028052220899265,0.0028052220899265,0.0,12,0.2354755374332984,0.0006605611792452
2020-09-25,IYR/VNQ,-0.0001171203993803,-0.0001171203993803,0.0,12,0.35,-4.099213978312119e-05
2020-09-25,SCHW/STT,-0.0039395290569555,-0.0039395290569555,0.0,12,0.251386082957119,-0.0009903427783238
2020-09-28,MCHP/NXPI,0.0073505086706795,0.0073505086706795,0.0,12,0.1631383796095825,0.0011991500738408
2020-09-28,AXP/MA,0.0005174240187891,0.0005174240187891,0.0,12,0.2354755374332984,0.0001218406989052
2020-09-28,IYR/VNQ,-0.0001758573858383,-0.0001758573858383,0.0,12,0.35,-6.155008504342848e-05
2020-09-28,SCHW/STT,-0.006885558418937,-0.006885558418937,0.0,12,0.251386082957119,-0.001730933559909
2020-09-29,MCHP/NXPI,0.0007400858795349,0.0007400858795349,0.0,12,0.1631383796095825,0.0001207364111592
2020-09-29,AXP/MA,0.0008030987204837,0.0008030987204837,0.0,12,0.2354755374332984,0.0001891101028179
2020-09-29,IYR/VNQ,-0.0001724356213676,-0.0001724356213676,0.0,12,0.35,-6.0352467478678856e-05
2020-09-29,SCHW/STT,0.0026272469803841,0.0026272469803841,0.0,12,0.251386082957119,0.0006604533273596
2020-09-30,MCHP/NXPI,-0.0053397943680414,-0.0053397943680414,0.0,12,0.1631383796095825,-0.0008711254006506
2020-09-30,AXP/MA,-0.0073250577761128,-0.0073250577761128,0.0,12,0.2354755374332984,-0.0017248719165601
2020-09-30,IYR/VNQ,0.0001202954913875,0.0001202954913875,0.0,12,0.35,4.210342198565023e-05
2020-09-30,SCHW/STT,-0.0076102266766382,-0.0076102266766382,0.0,12,0.251386082957119,-0.0019131050746558
2020-10-01,MCHP/NXPI,0.0014181017815414,0.0014181017815414,0.0,12,0.1631383796095825,0.0002313468267621
2020-10-01,AXP/MA,0.004459464067024,0.004459464067024,0.0,12,0.2354755374332984,0.0010500946978469
2020-10-01,IYR/VNQ,-0.0002921092143632,-0.0002921092143632,0.0,12,0.35,-0.0001022382250271
2020-10-01,SCHW/STT,-0.0281896278106164,-0.0281896278106164,0.0,12,0.251386082957119,-0.0070864801153299
2020-10-02,MCHP/NXPI,-0.0050019905816808,-0.0050019905816808,0.0,12,0.1631383796095825,-0.0008160166383178
2020-10-02,AXP/MA,-0.001,-0.0,1.0,12,0.2354755374332984,-0.0002354755374332
2020-10-02,IYR/VNQ,-0.0005828036817223,-0.0005828036817223,0.0,12,0.35,-0.0002039812886028
2020-10-02,SCHW/STT,0.0075590450087866,0.0075590450087866,0.0,12,0.251386082957119,0.0019002387156554
2020-10-05,MA/V,-0.0,-0.0,0.0,13,1.0,-0.0
2020-10-06,MA/V,-0.0,-0.0,0.0,13,1.0,-0.0
2020-10-07,MA/V,-0.0,-0.0,0.0,13,1.0,-0.0
2020-10-08,MA/V,-0.0,-0.0,0.0,13,1.0,-0.0
2020-10-09,MA/V,0.0,0.0,0.0,13,1.0,0.0
2020-10-12,MA/V,-0.0,-0.0,0.0,13,1.0,-0.0
2020-10-13,MA/V,0.0,0.0,0.0,13,1.0,0.0
2020-10-14,MA/V,-0.0,-0.0,0.0,13,1.0,-0.0
2020-10-15,MA/V,-0.0,-0.0,0.0,13,1.0,-0.0
2020-10-16,MA/V,0.0,0.0,0.0,13,1.0,0.0
2020-10-19,MA/V,0.0,0.0,0.0,13,1.0,0.0
2020-10-20,MA/V,0.0,0.0,0.0,13,1.0,0.0
2020-10-21,MA/V,-0.0,-0.0,0.0,13,1.0,-0.0
2020-10-22,MA/V,-0.0,-0.0,0.0,13,1.0,-0.0
2020-10-23,MA/V,0.0,0.0,0.0,13,1.0,0.0
2020-10-26,MA/V,-0.0027147140223761,-0.0017147140223761,1.0,13,1.0,-0.0027147140223761
2020-10-27,MA/V,0.0073339856056029,0.0073339856056029,0.0,13,1.0,0.0073339856056029
2020-10-28,MA/V,-0.0091897739674652,-0.0091897739674652,0.0,13,1.0,-0.0091897739674652
2020-10-29,MA/V,-0.0095576490054518,-0.0095576490054518,0.0,13,1.0,-0.0095576490054518
2020-10-30,MA/V,0.0026402417331202,0.0026402417331202,0.0,13,1.0,0.0026402417331202
2020-11-02,MA/V,-0.0072343138423125,-0.0072343138423125,0.0,13,1.0,-0.0072343138423125
2020-11-03,MA/V,-0.0025443408884727,-0.0025443408884727,0.0,13,1.0,-0.0025443408884727
2020-11-04,MA/V,0.0011426348932588,0.0011426348932588,0.0,13,1.0,0.0011426348932588
2020-11-05,MA/V,0.0029893546946982,0.0029893546946982,0.0,13,1.0,0.0029893546946982
2020-11-06,MA/V,-0.0063908318820535,-0.0063908318820535,0.0,13,1.0,-0.0063908318820535
2020-11-09,MA/V,0.0040967622112114,0.0040967622112114,0.0,13,1.0,0.0040967622112114
2020-11-10,MA/V,-0.0142690354466401,-0.0142690354466401,0.0,13,1.0,-0.0142690354466401
2020-11-11,MA/V,-0.00159800785229,-0.00159800785229,0.0,13,1.0,-0.00159800785229
2020-11-12,MA/V,0.0052356216620429,0.0052356216620429,0.0,13,1.0,0.0052356216620429
2020-11-13,MA/V,0.0032612477632778,0.0032612477632778,0.0,13,1.0,0.0032612477632778
2020-11-16,MA/V,-0.0052823570135796,-0.0052823570135796,0.0,13,1.0,-0.0052823570135796
2020-11-17,MA/V,0.0065770353478893,0.0065770353478893,0.0,13,1.0,0.0065770353478893
2020-11-18,MA/V,0.0068285005303361,0.0068285005303361,0.0,13,1.0,0.0068285005303361
2020-11-19,MA/V,-0.0020392484230256,-0.0020392484230256,0.0,13,1.0,-0.0020392484230256
2020-11-20,MA/V,-0.001,0.0,1.0,13,1.0,-0.001
2020-11-23,MA/V,-0.0,-0.0,0.0,13,1.0,-0.0
2020-11-24,MA/V,-0.0,-0.0,0.0,13,1.0,-0.0
2020-11-25,MA/V,0.0,0.0,0.0,13,1.0,0.0
2020-11-27,MA/V,0.0,0.0,0.0,13,1.0,0.0
2020-11-30,MA/V,0.0,0.0,0.0,13,1.0,0.0
2020-12-01,MA/V,-0.0,-0.0,0.0,13,1.0,-0.0
2020-12-02,MA/V,-0.0,-0.0,0.0,13,1.0,-0.0
2020-12-03,MA/V,0.0,0.0,0.0,13,1.0,0.0
2020-12-04,MA/V,0.0,0.0,0.0,13,1.0,0.0
2020-12-07,MA/V,0.0,0.0,0.0,13,1.0,0.0
2020-12-08,MA/V,0.0,0.0,0.0,13,1.0,0.0
2020-12-09,MA/V,-0.0,-0.0,0.0,13,1.0,-0.0
2020-12-10,MA/V,0.0,0.0,0.0,13,1.0,0.0
2020-12-11,MA/V,0.0,0.0,0.0,13,1.0,0.0
2020-12-14,MA/V,-0.0,-0.0,0.0,13,1.0,-0.0
2020-12-15,MA/V,-0.0,-0.0,0.0,13,1.0,-0.0
2020-12-16,MA/V,0.0,0.0,0.0,13,1.0,0.0
2020-12-17,MA/V,0.0,0.0,0.0,13,1.0,0.0
2020-12-18,MA/V,-0.0,-0.0,0.0,13,1.0,-0.0
2020-12-21,MA/V,0.0,0.0,0.0,13,1.0,0.0
2020-12-22,MA/V,-0.0,-0.0,0.0,13,1.0,-0.0
2020-12-23,MA/V,0.0,0.0,0.0,13,1.0,0.0
2020-12-24,MA/V,0.0,0.0,0.0,13,1.0,0.0
2020-12-28,MA/V,-0.0,-0.0,0.0,13,1.0,-0.0
2020-12-29,MA/V,0.0,0.0,0.0,13,1.0,0.0
2020-12-30,MA/V,-0.0,-0.0,0.0,13,1.0,-0.0
2020-12-31,MA/V,-0.0,-0.0,0.0,13,1.0,-0.0
2021-01-04,MA/V,0.0,0.0,0.0,13,1.0,0.0
2021-01-05,MCHP/NXPI,0.0,0.0,0.0,14,1.0,0.0
2021-01-06,MCHP/NXPI,0.0,0.0,0.0,14,1.0,0.0
2021-01-07,MCHP/NXPI,0.0,0.0,0.0,14,1.0,0.0
2021-01-08,MCHP/NXPI,-0.0,-0.0,0.0,14,1.0,-0.0
2021-01-11,MCHP/NXPI,0.0,0.0,0.0,14,1.0,0.0
2021-01-12,MCHP/NXPI,-0.0,-0.0,0.0,14,1.0,-0.0
2021-01-13,MCHP/NXPI,0.0,0.0,0.0,14,1.0,0.0
2021-01-14,MCHP/NXPI,0.0,0.0,0.0,14,1.0,0.0
2021-01-15,MCHP/NXPI,0.0,0.0,0.0,14,1.0,0.0
2021-01-19,MCHP/NXPI,0.0,0.0,0.0,14,1.0,0.0
2021-01-20,MCHP/NXPI,0.0007098277856722,0.0017098277856722,1.0,14,1.0,0.0007098277856722
2021-01-21,MCHP/NXPI,-0.0020914728310064,-0.0020914728310064,0.0,14,1.0,-0.0020914728310064
2021-01-22,MCHP/NXPI,0.0042183030814538,0.0042183030814538,0.0,14,1.0,0.0042183030814538
2021-01-25,MCHP/NXPI,0.0090900045196059,0.0090900045196059,0.0,14,1.0,0.0090900045196059
2021-01-26,MCHP/NXPI,0.0001436000352033,0.0001436000352033,0.0,14,1.0,0.0001436000352033
2021-01-27,MCHP/NXPI,0.0219379643320621,0.0219379643320621,0.0,14,1.0,0.0219379643320621
2021-01-28,MCHP/NXPI,-0.0118758648629003,-0.0118758648629003,0.0,14,1.0,-0.0118758648629003
2021-01-29,MCHP/NXPI,-0.0009662522292204,-0.0009662522292204,0.0,14,1.0,-0.0009662522292204
2021-02-01,MCHP/NXPI,0.0074860473201595,0.0074860473201595,0.0,14,1.0,0.0074860473201595
2021-02-02,MCHP/NXPI,0.0089250114141437,0.0089250114141437,0.0,14,1.0,0.0089250114141437
2021-02-03,MCHP/NXPI,0.007134346363987,0.007134346363987,0.0,14,1.0,0.007134346363987
2021-02-04,MCHP/NXPI,0.0044071875450761,0.0044071875450761,0.0,14,1.0,0.0044071875450761
2021-02-05,MCHP/NXPI,-0.0050459395161286,-0.0050459395161286,0.0,14,1.0,-0.0050459395161286
2021-02-08,MCHP/NXPI,-0.0107798197619718,-0.0107798197619718,0.0,14,1.0,-0.0107798197619718
2021-02-09,MCHP/NXPI,0.0012969504523391,0.0012969504523391,0.0,14,1.0,0.0012969504523391
2021-02-10,MCHP/NXPI,0.0011180933461416,0.0011180933461416,0.0,14,1.0,0.0011180933461416
2021-02-11,MCHP/NXPI,-0.006487424942863,-0.006487424942863,0.0,14,1.0,-0.006487424942863
2021-02-12,MCHP/NXPI,-0.0056643209676637,-0.0056643209676637,0.0,14,1.0,-0.0056643209676637
2021-02-16,MCHP/NXPI,-0.0066498705488308,-0.0066498705488308,0.0,14,1.0,-0.0066498705488308
2021-02-17,MCHP/NXPI,-0.001,0.0,1.0,14,1.0,-0.001
2021-02-18,MCHP/NXPI,0.0112540700324649,0.0122540700324649,1.0,14,1.0,0.0112540700324649
2021-02-19,MCHP/NXPI,-0.007229083109594,-0.007229083109594,0.0,14,1.0,-0.007229083109594
2021-02-22,MCHP/NXPI,0.009342702279929,0.009342702279929,0.0,14,1.0,0.009342702279929
2021-02-23,MCHP/NXPI,-0.0103580554527996,-0.0103580554527996,0.0,14,1.0,-0.0103580554527996
2021-02-24,MCHP/NXPI,0.0050126928032739,0.0050126928032739,0.0,14,1.0,0.0050126928032739
2021-02-25,MCHP/NXPI,0.0135734250588784,0.0135734250588784,0.0,14,1.0,0.0135734250588784
2021-02-26,MCHP/NXPI,-0.0074967454605643,-0.0074967454605643,0.0,14,1.0,-0.0074967454605643
2021-03-01,MCHP/NXPI,-0.0073114235562369,-0.0073114235562369,0.0,14,1.0,-0.0073114235562369
2021-03-02,MCHP/NXPI,0.0080769716746959,0.0080769716746959,0.0,14,1.0,0.0080769716746959
2021-03-03,MCHP/NXPI,-0.0027197851423627,-0.0027197851423627,0.0,14,1.0,-0.0027197851423627
2021-03-04,MCHP/NXPI,0.0072281979867707,0.0072281979867707,0.0,14,1.0,0.0072281979867707
2021-03-05,MCHP/NXPI,0.0169878237324363,0.0169878237324363,0.0,14,1.0,0.0169878237324363
2021-03-08,MCHP/NXPI,0.0070733159458272,0.0070733159458272,0.0,14,1.0,0.0070733159458272
2021-03-09,MCHP/NXPI,5.169463014800642e-05,5.169463014800642e-05,0.0,14,1.0,5.169463014800642e-05
2021-03-10,MCHP/NXPI,0.0069352357504253,0.0069352357504253,0.0,14,1.0,0.0069352357504253
2021-03-11,MCHP/NXPI,-0.0059130551621248,-0.0059130551621248,0.0,14,1.0,-0.0059130551621248
2021-03-12,MCHP/NXPI,-0.008109822245573,-0.008109822245573,0.0,14,1.0,-0.008109822245573
2021-03-15,MCHP/NXPI,0.0333259939281946,0.0333259939281946,0.0,14,1.0,0.0333259939281946
2021-03-16,MCHP/NXPI,0.0053118760126081,0.0053118760126081,0.0,14,1.0,0.0053118760126081
2021-03-17,MCHP/NXPI,-0.001,0.0,1.0,14,1.0,-0.001
2021-03-18,MCHP/NXPI,-0.0,-0.0,0.0,14,1.0,-0.0
2021-03-19,MCHP/NXPI,0.0,0.0,0.0,14,1.0,0.0
2021-03-22,MCHP/NXPI,0.0,0.0,0.0,14,1.0,0.0
2021-03-23,MCHP/NXPI,0.0,0.0,0.0,14,1.0,0.0
2021-03-24,MCHP/NXPI,-0.0,-0.0,0.0,14,1.0,-0.0
2021-03-25,MCHP/NXPI,-0.0,-0.0,0.0,14,1.0,-0.0
2021-03-26,MCHP/NXPI,0.0,0.0,0.0,14,1.0,0.0
2021-03-29,MCHP/NXPI,-0.0,-0.0,0.0,14,1.0,-0.0
2021-03-30,MCHP/NXPI,-0.0,-0.0,0.0,14,1.0,-0.0
2021-03-31,MCHP/NXPI,0.0,0.0,0.0,14,1.0,0.0
2021-04-01,MCHP/NXPI,0.0,0.0,0.0,14,1.0,0.0
2021-04-05,MCHP/NXPI,-0.0,-0.0,0.0,14,1.0,-0.0
2021-04-06,MCHP/NXPI,-0.0,-0.0,0.0,14,1.0,-0.0
2021-04-07,TGT/WMT,-0.0,-0.0,0.0,15,0.2670734024485152,-0.0
2021-04-07,CAT/DE,0.0,0.0,0.0,15,0.2345558323288913,0.0
2021-04-07,AXP/COF,0.0,0.0,0.0,15,0.1583772339992794,0.0
2021-04-07,ADI/MCHP,-0.0,-0.0,0.0,15,0.3399935312233139,-0.0
2021-04-08,TGT/WMT,0.0,0.0,0.0,15,0.2670734024485152,0.0
2021-04-08,CAT/DE,0.0,0.0,0.0,15,0.2345558323288913,0.0
2021-04-08,AXP/COF,0.0,0.0,0.0,15,0.1583772339992794,0.0
2021-04-08,ADI/MCHP,0.0,0.0,0.0,15,0.3399935312233139,0.0
2021-04-09,TGT/WMT,-0.0,-0.0,0.0,15,0.2670734024485152,-0.0
2021-04-09,CAT/DE,-0.0,-0.0,0.0,15,0.2345558323288913,-0.0
2021-04-09,AXP/COF,-0.0,-0.0,0.0,15,0.1583772339992794,-0.0
2021-04-09,ADI/MCHP,-0.0,-0.0,0.0,15,0.3399935312233139,-0.0
2021-04-12,TGT/WMT,0.0,0.0,0.0,15,0.2670734024485152,0.0
2021-04-12,CAT/DE,-0.0,-0.0,0.0,15,0.2345558323288913,-0.0
2021-04-12,AXP/COF,-0.0,-0.0,0.0,15,0.1583772339992794,-0.0
2021-04-12,ADI/MCHP,0.0,0.0,0.0,15,0.3399935312233139,0.0
2021-04-13,TGT/WMT,-0.0,-0.0,0.0,15,0.2670734024485152,-0.0
2021-04-13,CAT/DE,-0.0,-0.0,0.0,15,0.2345558323288913,-0.0
2021-04-13,AXP/COF,-0.0,-0.0,0.0,15,0.1583772339992794,-0.0
2021-04-13,ADI/MCHP,0.0,0.0,0.0,15,0.3399935312233139,0.0
2021-04-14,TGT/WMT,-0.0,-0.0,0.0,15,0.2670734024485152,-0.0
2021-04-14,CAT/DE,0.0,0.0,0.0,15,0.2345558323288913,0.0
2021-04-14,AXP/COF,-0.0,-0.0,0.0,15,0.1583772339992794,-0.0
2021-04-14,ADI/MCHP,-0.0,-0.0,0.0,15,0.3399935312233139,-0.0
2021-04-15,TGT/WMT,0.0,0.0,0.0,15,0.2670734024485152,0.0
2021-04-15,CAT/DE,-0.0,-0.0,0.0,15,0.2345558323288913,-0.0
2021-04-15,AXP/COF,0.0,0.0,0.0,15,0.1583772339992794,0.0
2021-04-15,ADI/MCHP,-0.0,-0.0,0.0,15,0.3399935312233139,-0.0
2021-04-16,TGT/WMT,-0.0,-0.0,0.0,15,0.2670734024485152,-0.0
2021-04-16,CAT/DE,0.0,0.0,0.0,15,0.2345558323288913,0.0
2021-04-16,AXP/COF,0.0,0.0,0.0,15,0.1583772339992794,0.0
2021-04-16,ADI/MCHP,0.0,0.0,0.0,15,0.3399935312233139,0.0
2021-04-19,TGT/WMT,-0.0,-0.0,0.0,15,0.2670734024485152,-0.0
2021-04-19,CAT/DE,0.0,0.0,0.0,15,0.2345558323288913,0.0
2021-04-19,AXP/COF,-0.0,-0.0,0.0,15,0.1583772339992794,-0.0
2021-04-19,ADI/MCHP,0.0,0.0,0.0,15,0.3399935312233139,0.0
2021-04-20,TGT/WMT,0.0,0.0,0.0,15,0.2670734024485152,0.0
2021-04-20,CAT/DE,0.0,0.0,0.0,15,0.2345558323288913,0.0
2021-04-20,AXP/COF,-0.0,-0.0,0.0,15,0.1583772339992794,-0.0
2021-04-20,ADI/MCHP,0.0,0.0,0.0,15,0.3399935312233139,0.0
2021-04-21,TGT/WMT,0.0,0.0,0.0,15,0.2670734024485152,0.0
2021-04-21,CAT/DE,0.0,0.0,0.0,15,0.2345558323288913,0.0
2021-04-21,AXP/COF,0.0,0.0,0.0,15,0.1583772339992794,0.0
2021-04-21,ADI/MCHP,0.0,0.0,0.0,15,0.3399935312233139,0.0
2021-04-22,TGT/WMT,-0.0,-0.0,0.0,15,0.2670734024485152,-0.0
2021-04-22,CAT/DE,-0.0,-0.0,0.0,15,0.2345558323288913,-0.0
2021-04-22,AXP/COF,-0.0,-0.0,0.0,15,0.1583772339992794,-0.0
2021-04-22,ADI/MCHP,-0.0,-0.0,0.0,15,0.3399935312233139,-0.0
2021-04-23,TGT/WMT,0.0,0.0,0.0,15,0.2670734024485152,0.0
2021-04-23,CAT/DE,-0.0,-0.0,0.0,15,0.2345558323288913,-0.0
2021-04-23,AXP/COF,-0.0,-0.0,0.0,15,0.1583772339992794,-0.0
2021-04-23,ADI/MCHP,0.0,0.0,0.0,15,0.3399935312233139,0.0
2021-04-26,TGT/WMT,-0.0,-0.0,0.0,15,0.2670734024485152,-0.0
2021-04-26,CAT/DE,-0.0,-0.0,0.0,15,0.2345558323288913,-0.0
2021-04-26,AXP/COF,0.0159279818538705,0.0169279818538705,1.0,15,0.1583772339992794,0.0025226297092067
2021-04-26,ADI/MCHP,-0.0,-0.0,0.0,15,0.3399935312233139,-0.0
2021-04-27,TGT/WMT,0.0,0.0,0.0,15,0.2670734024485152,0.0
2021-04-27,CAT/DE,-0.0,-0.0,0.0,15,0.2345558323288913,-0.0
2021-04-27,AXP/COF,-0.0018594019467171,-0.0018594019467171,0.0,15,0.1583772339992794,-0.0002944869372139
2021-04-27,ADI/MCHP,-0.0,-0.0,0.0,15,0.3399935312233139,-0.0
2021-04-28,TGT/WMT,-0.0,-0.0,0.0,15,0.2670734024485152,-0.0
2021-04-28,CAT/DE,0.0,0.0,0.0,15,0.2345558323288913,0.0
2021-04-28,AXP/COF,-0.0072106318699261,-0.0072106318699261,0.0,15,0.1583772339992794,-0.0011419999309459
2021-04-28,ADI/MCHP,-0.0,-0.0,0.0,15,0.3399935312233139,-0.0
2021-04-29,TGT/WMT,0.0,0.0,0.0,15,0.2670734024485152,0.0
2021-04-29,CAT/DE,-0.0,-0.0,0.0,15,0.2345558323288913,-0.0
2021-04-29,AXP/COF,-0.0055516927049583,-0.0055516927049583,0.0,15,0.1583772339992794,-0.0008792617346252
2021-04-29,ADI/MCHP,0.0033882235500658,0.0043882235500658,1.0,15,0.3399935312233139,0.0011519740893608
2021-04-30,TGT/WMT,0.0,0.0,0.0,15,0.2670734024485152,0.0
2021-04-30,CAT/DE,0.0,0.0,0.0,15,0.2345558323288913,0.0
2021-04-30,AXP/COF,-0.0045164098329988,-0.0045164098329988,0.0,15,0.1583772339992794,-0.0007152964969574
2021-04-30,ADI/MCHP,-0.0047278335792482,-0.0047278335792482,0.0,15,0.3399935312233139,-0.0016074328336447
2021-05-03,TGT/WMT,0.0,0.0,0.0,15,0.2670734024485152,0.0
2021-05-03,CAT/DE,-0.0,-0.0,0.0,15,0.2345558323288913,-0.0
2021-05-03,AXP/COF,0.0033496468256109,0.0033496468256109,0.0,15,0.1583772339992794,0.0005305077991147
2021-05-03,ADI/MCHP,-0.0017515448478394,-0.0017515448478394,0.0,15,0.3399935312233139,-0.0005955139179129
2021-05-04,TGT/WMT,-0.0,-0.0,0.0,15,0.2670734024485152,-0.0
2021-05-04,CAT/DE,0.0,0.0,0.0,15,0.2345558323288913,0.0
2021-05-04,AXP/COF,-0.006704041956996,-0.006704041956996,0.0,15,0.1583772339992794,-0.0010617676217641
2021-05-04,ADI/MCHP,0.0109131751380111,0.0109131751380111,0.0,15,0.3399935312233139,0.0037104089520308
2021-05-05,TGT/WMT,-0.0,-0.0,0.0,15,0.2670734024485152,-0.0
2021-05-05,CAT/DE,0.0,0.0,0.0,15,0.2345558323288913,0.0
2021-05-05,AXP/COF,0.002974935336762,0.002974935336762,0.0,15,0.1583772339992794,0.000471162029963
2021-05-05,ADI/MCHP,0.0060842638372358,0.0060842638372358,0.0,15,0.3399935312233139,0.0020686103469161
2021-05-06,TGT/WMT,0.0,0.0,0.0,15,0.2670734024485152,0.0
2021-05-06,CAT/DE,0.0137967166734566,0.0147967166734566,1.0,15,0.2345558323288913,0.0032361003627485
2021-05-06,AXP/COF,-0.0055992661060822,-0.0055992661060822,0.0,15,0.1583772339992794,-0.0008867962783072
2021-05-06,ADI/MCHP,0.003584701771708,0.003584701771708,0.0,15,0.3399935312233139,0.0012187754137454
2021-05-07,TGT/WMT,-0.0,-0.0,0.0,15,0.2670734024485152,-0.0
2021-05-07,CAT/DE,-0.0043467475849191,-0.0043467475849191,0.0,15,0.2345558323288913,-0.0010195549977043
2021-05-07,AXP/COF,0.0047095121616433,0.0047095121616433,0.0,15,0.1583772339992794,0.000745879509647
2021-05-07,ADI/MCHP,-0.0013976811306471,-0.0013976811306471,0.0,15,0.3399935312233139,-0.0004752025431329
2021-05-10,TGT/WMT,0.0,0.0,0.0,15,0.2670734024485152,0.0
2021-05-10,CAT/DE,-0.0069126602645279,-0.0069126602645279,0.0,15,0.2345558323288913,-0.0016214047819532
2021-05-10,AXP/COF,-0.0002812406862272,-0.0002812406862272,0.0,15,0.1583772339992794,-4.4542121972737406e-05
2021-05-10,ADI/MCHP,-0.0083110833831807,-0.0083110833831807,0.0,15,0.3399935312233139,-0.002825714587739
2021-05-11,TGT/WMT,-0.0,-0.0,0.0,15,0.2670734024485152,-0.0
2021-05-11,CAT/DE,-0.0016530397096475,-0.0016530397096475,0.0,15,0.2345558323288913,-0.000387730104969
2021-05-11,AXP/COF,-0.00925896956592,-0.00925896956592,0.0,15,0.1583772339992794,-0.0014664099895339
2021-05-11,ADI/MCHP,-0.0057849439172017,-0.0057849439172017,0.0,15,0.3399935312233139,-0.0019668435103382
2021-05-12,TGT/WMT,-0.0,-0.0,0.0,15,0.2670734024485152,-0.0
2021-05-12,CAT/DE,-0.0064328333788664,-0.0064328333788664,0.0,15,0.2345558323288913,-0.0015088585874131
2021-05-12,AXP/COF,-0.0035708874634103,-0.0035708874634103,0.0,15,0.1583772339992794,-0.0005655472793776
2021-05-12,ADI/MCHP,-0.0023266063668081,-0.0023266063668081,0.0,15,0.3399935312233139,-0.0007910311144177
2021-05-13,TGT/WMT,0.0048476989319727,0.0058476989319727,1.0,15,0.2670734024485152,0.001294691447808
2021-05-13,CAT/DE,-0.0011544139497482,-0.0011544139497482,0.0,15,0.2345558323288913,-0.0002707745248352
2021-05-13,AXP/COF,-0.0017597206785672,-0.0017597206785672,0.0,15,0.1583772339992794,-0.0002786996936828
2021-05-13,ADI/MCHP,-0.0059155813681675,-0.0059155813681675,0.0,15,0.3399935312233139,-0.0020112593986021
2021-05-14,TGT/WMT,0.0039469227390745,0.0039469227390745,0.0,15,0.2670734024485152,0.001054118085126
2021-05-14,CAT/DE,0.0018829300416481,0.0018829300416481,0.0,15,0.2345558323288913,0.0004416522231358
2021-05-14,AXP/COF,0.0061781315695366,0.0061781315695366,0.0,15,0.1583772339992794,0.0009784753892668
2021-05-14,ADI/MCHP,0.003249776221901,0.003249776221901,0.0,15,0.3399935312233139,0.0011049028933696
2021-05-17,TGT/WMT,-0.0020616707325952,-0.0020616707325952,0.0,15,0.2670734024485152,-0.0005506174172827
2021-05-17,CAT/DE,-0.0064072178776858,-0.0064072178776858,0.0,15,0.2345558323288913,-0.0015028503222131
2021-05-17,AXP/COF,-0.0056587051445097,-0.0056587051445097,0.0,15,0.1583772339992794,-0.0008962100688049
2021-05-17,ADI/MCHP,-0.0009585050589325,-0.0009585050589325,0.0,15,0.3399935312233139,-0.0003258855196818
2021-05-18,TGT/WMT,0.0198030048020228,0.0198030048020228,0.0,15,0.2670734024485152,0.0052888558711805
2021-05-18,CAT/DE,-0.003912255014452,-0.003912255014452,0.0,15,0.2345558323288913,-0.0009176422311976
2021-05-18,AXP/COF,0.0003936093803054,0.0003936093803054,0.0,15,0.1583772339992794,6.233876492894699e-05
2021-05-18,ADI/MCHP,-0.0061730628790943,-0.0061730628790943,0.0,15,0.3399935312233139,-0.0020988014467268
2021-05-19,TGT/WMT,-0.0150800478935364,-0.0150800478935364,0.0,15,0.2670734024485152,-0.0040274797000133
2021-05-19,CAT/DE,-0.0074696426340248,-0.0074696426340248,0.0,15,0.2345558323288913,-0.001752048245223
2021-05-19,AXP/COF,-0.0016178984434857,-0.0016178984434857,0.0,15,0.1583772339992794,-0.000256238280371
2021-05-19,ADI/MCHP,0.0178915636152149,0.0178915636152149,0.0,15,0.3399935312233139,0.0060830158926434
2021-05-20,TGT/WMT,-0.0004984745483607,-0.0004984745483607,0.0,15,0.2670734024485152,-0.0001331292936647
2021-05-20,CAT/DE,0.0004594589049185,0.0004594589049185,0.0,15,0.2345558323288913,0.000107768765864
2021-05-20,AXP/COF,0.0014040811775157,0.0014040811775157,0.0,15,0.1583772339992794,0.0002223744932053
2021-05-20,ADI/MCHP,0.0132096091511774,0.0132096091511774,0.0,15,0.3399935312233139,0.0044911816613886
2021-05-21,TGT/WMT,-0.0072253171633785,-0.0072253171633785,0.0,15,0.2670734024485152,-0.0019296900385931
2021-05-21,CAT/DE,0.0003266142391406,0.0003266142391406,0.0,15,0.2345558323288913,7.660927471209983e-05
2021-05-21,AXP/COF,-0.001,0.0,1.0,15,0.1583772339992794,-0.0001583772339992
2021-05-21,ADI/MCHP,0.0030399315959126,0.0030399315959126,0.0,15,0.3399935312233139,0.0010335570779716
2021-05-24,TGT/WMT,-0.0002978063168648,-0.0002978063168648,0.0,15,0.2670734024485152,-7.953614631575683e-05
2021-05-24,CAT/DE,-0.0047261785759876,-0.0047261785759876,0.0,15,0.2345558323288913,-0.0011085527496257
2021-05-24,AXP/COF,0.0,0.0,0.0,15,0.1583772339992794,0.0
2021-05-24,ADI/MCHP,0.0008264274334332,0.0008264274334332,0.0,15,0.3399935312233139,0.0002809799813927
2021-05-25,TGT/WMT,0.0032034593102153,0.0032034593102153,0.0,15,0.2670734024485152,0.0008555587775845
2021-05-25,CAT/DE,0.0060167663431473,0.0060167663431473,0.0,15,0.2345558323288913,0.0014112676375453
2021-05-25,AXP/COF,0.0,0.0,0.0,15,0.1583772339992794,0.0
2021-05-25,ADI/MCHP,0.0028725298861377,0.0028725298861377,0.0,15,0.3399935312233139,0.0009766415795324
2021-05-26,TGT/WMT,-0.0028803740456295,-0.0028803740456295,0.0,15,0.2670734024485152,-0.0007692712966906
2021-05-26,CAT/DE,-0.0048957549724936,-0.0048957549724936,0.0,15,0.2345558323288913,-0.0011483278824515
2021-05-26,AXP/COF,-0.0,-0.0,0.0,15,0.1583772339992794,-0.0
2021-05-26,ADI/MCHP,-0.001,-0.0,1.0,15,0.3399935312233139,-0.0003399935312233
2021-05-27,TGT/WMT,-0.0028267329058789,-0.0028267329058789,0.0,15,0.2670734024485152,-0.0007549451749862
2021-05-27,CAT/DE,-0.0028065080501558,-0.0028065080501558,0.0,15,0.2345558323288913,-0.000658282831642
2021-05-27,AXP/COF,-0.0,-0.0,0.0,15,0.1583772339992794,-0.0
2021-05-27,ADI/MCHP,-0.0,-0.0,0.0,15,0.3399935312233139,-0.0
2021-05-28,TGT/WMT,0.002296155568986,0.002296155568986,0.0,15,0.2670734024485152,0.0006132420803602
2021-05-28,CAT/DE,-0.0008999494610646,-0.0008999494610646,0.0,15,0.2345558323288913,-0.0002110883948939
2021-05-28,AXP/COF,0.0,0.0,0.0,15,0.1583772339992794,0.0
2021-05-28,ADI/MCHP,0.0,0.0,0.0,15,0.3399935312233139,0.0
2021-06-01,TGT/WMT,-0.0023435899156377,-0.0023435899156377,0.0,15,0.2670734024485152,-0.0006259105327134
2021-06-01,CAT/DE,0.0004446611550896,0.0004446611550896,0.0,15,0.2345558323288913,0.0001042978673363
2021-06-01,AXP/COF,-0.0,-0.0,0.0,15,0.1583772339992794,-0.0
2021-06-01,ADI/MCHP,0.0,0.0,0.0,15,0.3399935312233139,0.0
2021-06-02,TGT/WMT,-0.0028507769488651,-0.0028507769488651,0.0,15,0.2670734024485152,-0.0007613666993552
2021-06-02,CAT/DE,-0.0112288011746003,-0.0112288011746003,0.0,15,0.2345558323288913,-0.002633780805564
2021-06-02,AXP/COF,0.0,0.0,0.0,15,0.1583772339992794,0.0
2021-06-02,ADI/MCHP,0.0,0.0,0.0,15,0.3399935312233139,0.0
2021-06-03,TGT/WMT,0.0004743036220672,0.0004743036220672,0.0,15,0.2670734024485152,0.0001266738821391
2021-06-03,CAT/DE,-0.001,-0.0,1.0,15,0.2345558323288913,-0.0002345558323288
2021-06-03,AXP/COF,0.0,0.0,0.0,15,0.1583772339992794,0.0
2021-06-03,ADI/MCHP,0.0,0.0,0.0,15,0.3399935312233139,0.0
2021-06-04,TGT/WMT,-0.0009805492561097,-0.0009805492561097,0.0,15,0.2670734024485152,-0.0002618786260975
2021-06-04,CAT/DE,0.0,0.0,0.0,15,0.2345558323288913,0.0
2021-06-04,AXP/COF,0.0,0.0,0.0,15,0.1583772339992794,0.0
2021-06-04,ADI/MCHP,0.0,0.0,0.0,15,0.3399935312233139,0.0
2021-06-07,TGT/WMT,-0.0045777402205785,-0.0045777402205785,0.0,15,0.2670734024485152,-0.0012225926562353
2021-06-07,CAT/DE,-0.0,-0.0,0.0,15,0.2345558323288913,-0.0
2021-06-07,AXP/COF,0.0,0.0,0.0,15,0.1583772339992794,0.0
2021-06-07,ADI/MCHP,0.0,0.0,0.0,15,0.3399935312233139,0.0
2021-06-08,TGT/WMT,-0.0101992599124113,-0.0101992599124113,0.0,15,0.2670734024485152,-0.0027239510472644
2021-06-08,CAT/DE,-0.0015134061270325,-0.0005134061270325,1.0,15,0.2345558323288913,-0.0003549782337777
2021-06-08,AXP/COF,-0.0051445965749536,-0.0041445965749536,1.0,15,0.1583772339992794,-0.0008147869755833
2021-06-08,ADI/MCHP,0.0,0.0,0.0,15,0.3399935312233139,0.0
2021-06-09,TGT/WMT,-0.0007794775979292,-0.0007794775979292,0.0,15,0.2670734024485152,-0.0002081777342113
2021-06-09,CAT/DE,-0.0039458002651174,-0.0039458002651174,0.0,15,0.2345558323288913,-0.0009255104653881
2021-06-09,AXP/COF,0.0033637643471696,0.0033637643471696,0.0,15,0.1583772339992794,0.0005327436931301
2021-06-09,ADI/MCHP,0.0,0.0,0.0,15,0.3399935312233139,0.0
2021-06-10,TGT/WMT,-0.001,0.0,1.0,15,0.2670734024485152,-0.0002670734024485
2021-06-10,CAT/DE,-0.0108226031326894,-0.0108226031326894,0.0,15,0.2345558323288913,-0.0025385046857532
2021-06-10,AXP/COF,0.0020653086860199,0.0020653086860199,0.0,15,0.1583772339992794,0.0003270978770465
2021-06-10,ADI/MCHP,-0.0,-0.0,0.0,15,0.3399935312233139,-0.0
2021-06-11,TGT/WMT,0.0,0.0,0.0,15,0.2670734024485152,0.0
2021-06-11,CAT/DE,-0.0125503905200341,-0.0125503905200341,0.0,15,0.2345558323288913,-0.0029437672944792
2021-06-11,AXP/COF,-0.003501938661961,-0.003501938661961,0.0,15,0.1583772339992794,-0.0005546273589165
2021-06-11,ADI/MCHP,-0.0,-0.0,0.0,15,0.3399935312233139,-0.0
2021-06-14,TGT/WMT,-0.0,-0.0,0.0,15,0.2670734024485152,-0.0
2021-06-14,CAT/DE,0.0035759232326468,0.0035759232326468,0.0,15,0.2345558323288913,0.0008387536501776
2021-06-14,AXP/COF,-0.0023535251431016,-0.0023535251431016,0.0,15,0.1583772339992794,-0.0003727448023122
2021-06-14,ADI/MCHP,-0.0,-0.0,0.0,15,0.3399935312233139,-0.0
2021-06-15,TGT/WMT,-0.0,-0.0,0.0,15,0.2670734024485152,-0.0
2021-06-15,CAT/DE,-0.0022416994024321,-0.0022416994024321,0.0,15,0.2345558323288913,-0.0005258036691686
2021-06-15,AXP/COF,-0.0002649708101791,-0.0002649708101791,0.0,15,0.1583772339992794,-4.196534400672077e-05
2021-06-15,ADI/MCHP,0.0,0.0,0.0,15,0.3399935312233139,0.0
2021-06-16,TGT/WMT,-0.0,-0.0,0.0,15,0.2670734024485152,-0.0
2021-06-16,CAT/DE,-0.0038135211507428,-0.0038135211507428,0.0,15,0.2345558323288913,-0.0008944836276163
2021-06-16,AXP/COF,0.0059146855152634,0.0059146855152634,0.0,15,0.1583772339992794,0.000936751531883
2021-06-16,ADI/MCHP,-0.0,-0.0,0.0,15,0.3399935312233139,-0.0
2021-06-17,TGT/WMT,0.0,0.0,0.0,15,0.2670734024485152,0.0
2021-06-17,CAT/DE,-0.0089997602613486,-0.0089997602613486,0.0,15,0.2345558323288913,-0.0021109462588611
2021-06-17,AXP/COF,-0.0123706423013512,-0.0123706423013512,0.0,15,0.1583772339992794,-0.0019592281104824
2021-06-17,ADI/MCHP,0.0,0.0,0.0,15,0.3399935312233139,0.0
2021-06-18,TGT/WMT,-0.0,-0.0,0.0,15,0.2670734024485152,-0.0
2021-06-18,CAT/DE,-0.0023651004103786,-0.0023651004103786,0.0,15,0.2345558323288913,-0.0005547480952977
2021-06-18,AXP/COF,0.0052185991291323,0.0052185991291323,0.0,15,0.1583772339992794,0.000826507295423
2021-06-18,ADI/MCHP,-0.0,-0.0,0.0,15,0.3399935312233139,-0.0
2021-06-21,TGT/WMT,0.0025106612227179,0.0035106612227179,1.0,15,0.2670734024485152,0.0006705308351468
2021-06-21,CAT/DE,-0.0003778855523359,-0.0003778855523359,0.0,15,0.2345558323288913,-8.863526025322035e-05
2021-06-21,AXP/COF,-0.0121617463480432,-0.0121617463480432,0.0,15,0.1583772339992794,-0.0019261437472039
2021-06-21,ADI/MCHP,0.0,0.0,0.0,15,0.3399935312233139,0.0
2021-06-22,TGT/WMT,-3.949613558544858e-05,-3.949613558544858e-05,0.0,15,0.2670734024485152,-1.0548367314373632e-05
2021-06-22,CAT/DE,-0.0057328917557586,-0.0057328917557586,0.0,15,0.2345558323288913,-0.0013446831974234
2021-06-22,AXP/COF,0.0014416535925912,0.0014416535925912,0.0,15,0.1583772339992794,0.0002283251083797
2021-06-22,ADI/MCHP,0.0,0.0,0.0,15,0.3399935312233139,0.0
2021-06-23,TGT/WMT,-0.0060307750174219,-0.0060307750174219,0.0,15,0.2670734024485152,-0.0016106596033043
2021-06-23,CAT/DE,-0.0055667891625848,-0.0055667891625848,0.0,15,0.2345558323288913,-0.0013057228654295
2021-06-23,AXP/COF,-0.0016103149644981,-0.0016103149644981,0.0,15,0.1583772339992794,-0.0002550372299448
2021-06-23,ADI/MCHP,-0.0,-0.0,0.0,15,0.3399935312233139,-0.0
2021-06-24,TGT/WMT,0.0027504317517912,0.0027504317517912,0.0,15,0.2670734024485152,0.0007345671661533
2021-06-24,CAT/DE,0.0108695971812985,0.0108695971812985,0.0,15,0.2345558323288913,0.0025495274139392
2021-06-24,AXP/COF,-0.0047155622266218,-0.0047155622266218,0.0,15,0.1583772339992794,-0.0007468377022038
2021-06-24,ADI/MCHP,0.0,0.0,0.0,15,0.3399935312233139,0.0
2021-06-25,TGT/WMT,0.0082836387162189,0.0082836387162189,0.0,15,0.2670734024485152,0.0022123395765948
2021-06-25,CAT/DE,-0.0069241507162161,-0.0069241507162161,0.0,15,0.2345558323288913,-0.0016240999344127
2021-06-25,AXP/COF,0.0018703883623117,0.0018703883623117,0.0,15,0.1583772339992794,0.0002962269353273
2021-06-25,ADI/MCHP,0.0,0.0,0.0,15,0.3399935312233139,0.0
2021-06-28,TGT/WMT,-0.003067086529751,-0.003067086529751,0.0,15,0.2670734024485152,-0.0008191372351046
2021-06-28,CAT/DE,2.257709383136942e-05,2.257709383136942e-05,0.0,15,0.2345558323288913,5.295589035184332e-06
2021-06-28,AXP/COF,0.006205623435062,0.006205623435062,0.0,15,0.1583772339992794,0.0009828294748862
2021-06-28,ADI/MCHP,0.0,0.0,0.0,15,0.3399935312233139,0.0
2021-06-29,TGT/WMT,-0.0049880832544883,-0.0049880832544883,0.0,15,0.2670734024485152,-0.0013321843664726
2021-06-29,CAT/DE,-0.0029479270247821,-0.0029479270247821,0.0,15,0.2345558323288913,-0.0006914534769426
2021-06-29,AXP/COF,-0.002912938857454,-0.002912938857454,0.0,15,0.1583772339992794,-0.0004613431990525
2021-06-29,ADI/MCHP,0.0,0.0,0.0,15,0.3399935312233139,0.0
2021-06-30,TGT/WMT,0.0206957645191571,0.0206957645191571,0.0,15,0.2670734024485152,0.0055272882464045
2021-06-30,CAT/DE,0.0018010371660024,0.0018010371660024,0.0,15,0.2345558323288913,0.0004224437715269
2021-06-30,AXP/COF,-0.0021166074237937,-0.0021166074237937,0.0,15,0.1583772339992794,-0.0003352224292427
2021-06-30,ADI/MCHP,0.0,0.0,0.0,15,0.3399935312233139,0.0
2021-07-01,TGT/WMT,-0.0108729644489591,-0.0108729644489591,0.0,15,0.2670734024485152,-0.0029038796100852
2021-07-01,CAT/DE,-0.0043385434557653,-0.0043385434557653,0.0,15,0.2345558323288913,-0.0010176306713621
2021-07-01,AXP/COF,-0.0012373866705885,-0.0012373866705885,0.0,15,0.1583772339992794,-0.0001959738782753
2021-07-01,ADI/MCHP,0.0040150563658357,0.0050150563658357,1.0,15,0.3399935312233139,0.0013650931918811
2021-07-02,TGT/WMT,0.0012207681846424,0.0012207681846424,0.0,15,0.2670734024485152,0.0003260347126733
2021-07-02,CAT/DE,0.0049362305862097,0.0049362305862097,0.0,15,0.2345558323288913,0.0011578216737157
2021-07-02,AXP/COF,-0.0048960821287193,-0.0048960821287193,0.0,15,0.1583772339992794,-0.0007754279449798
2021-07-02,ADI/MCHP,-0.0038462384206153,-0.0038462384206153,0.0,15,0.3399935312233139,-0.0013076961825517
2021-07-06,TGT/WMT,0.0001854414669526,0.0001854414669526,0.0,15,0.2670734024485152,4.952648353408649e-05
2021-07-06,CAT/DE,-0.001,-0.0,1.0,15,0.2345558323288913,-0.0002345558323288
2021-07-06,AXP/COF,-0.001,0.0,1.0,15,0.1583772339992794,-0.0001583772339992
2021-07-06,ADI/MCHP,0.0025688016909559,0.0025688016909559,0.0,15,0.3399935312233139,0.0008733759579205
2021-07-07,MCHP/NXPI,-0.0,-0.0,0.0,16,0.5,-0.0
2021-07-07,NSC/UNP,0.0,0.0,0.0,16,0.5,0.0
2021-07-08,MCHP/NXPI,-0.0,-0.0,0.0,16,0.5,-0.0
2021-07-08,NSC/UNP,0.0,0.0,0.0,16,0.5,0.0
2021-07-09,MCHP/NXPI,0.0,0.0,0.0,16,0.5,0.0
2021-07-09,NSC/UNP,0.0080927745663848,0.0090927745663848,1.0,16,0.5,0.0040463872831924
2021-07-12,MCHP/NXPI,-0.0,-0.0,0.0,16,0.5,-0.0
2021-07-12,NSC/UNP,-0.0019990443721269,-0.0019990443721269,0.0,16,0.5,-0.0009995221860634
2021-07-13,MCHP/NXPI,-0.0,-0.0,0.0,16,0.5,-0.0
2021-07-13,NSC/UNP,0.0041860403045551,0.0041860403045551,0.0,16,0.5,0.0020930201522775
2021-07-14,MCHP/NXPI,-0.0,-0.0,0.0,16,0.5,-0.0
2021-07-14,NSC/UNP,-0.0013522662767717,-0.0013522662767717,0.0,16,0.5,-0.0006761331383858
2021-07-15,MCHP/NXPI,-0.0,-0.0,0.0,16,0.5,-0.0
2021-07-15,NSC/UNP,0.0030979080475167,0.0030979080475167,0.0,16,0.5,0.0015489540237583
2021-07-16,MCHP/NXPI,-0.0,-0.0,0.0,16,0.5,-0.0
2021-07-16,NSC/UNP,-0.0010767691655949,-0.0010767691655949,0.0,16,0.5,-0.0005383845827974
2021-07-19,MCHP/NXPI,-0.0,-0.0,0.0,16,0.5,-0.0
2021-07-19,NSC/UNP,-0.0013704584362427,-0.0013704584362427,0.0,16,0.5,-0.0006852292181213
2021-07-20,MCHP/NXPI,0.0,0.0,0.0,16,0.5,0.0
2021-07-20,NSC/UNP,0.0024192669271411,0.0024192669271411,0.0,16,0.5,0.0012096334635705
2021-07-21,MCHP/NXPI,-0.0028510929065479,-0.0018510929065479,1.0,16,0.5,-0.0014255464532739
2021-07-21,NSC/UNP,0.0023378166627744,0.0023378166627744,0.0,16,0.5,0.0011689083313872
2021-07-22,MCHP/NXPI,-0.0011100597433902,-0.0011100597433902,0.0,16,0.5,-0.0005550298716951
2021-07-22,NSC/UNP,-0.0003346744696374,-0.0003346744696374,0.0,16,0.5,-0.0001673372348187
2021-07-23,MCHP/NXPI,0.001501948735136,0.001501948735136,0.0,16,0.5,0.000750974367568
2021-07-23,NSC/UNP,0.0008941529938688,0.0008941529938688,0.0,16,0.5,0.0004470764969344
2021-07-26,MCHP/NXPI,0.0035498720753079,0.0035498720753079,0.0,16,0.5,0.0017749360376539
2021-07-26,NSC/UNP,-0.0001677823613585,-0.0001677823613585,0.0,16,0.5,-8.389118067927246e-05
2021-07-27,MCHP/NXPI,0.0043884349607784,0.0043884349607784,0.0,16,0.5,0.0021942174803892
2021-07-27,NSC/UNP,0.0014095385913465,0.0014095385913465,0.0,16,0.5,0.0007047692956732
2021-07-28,MCHP/NXPI,0.0024663792856561,0.0024663792856561,0.0,16,0.5,0.001233189642828
2021-07-28,NSC/UNP,-0.006574918156538,-0.006574918156538,0.0,16,0.5,-0.003287459078269
2021-07-29,MCHP/NXPI,0.0006568025270109,0.0006568025270109,0.0,16,0.5,0.0003284012635054
2021-07-29,NSC/UNP,-0.0034716804030794,-0.0034716804030794,0.0,16,0.5,-0.0017358402015397
2021-07-30,MCHP/NXPI,-0.0033266912818449,-0.0033266912818449,0.0,16,0.5,-0.0016633456409224
2021-07-30,NSC/UNP,-0.0004965106079639,-0.0004965106079639,0.0,16,0.5,-0.0002482553039819
2021-08-02,MCHP/NXPI,-0.0013814330139857,-0.0013814330139857,0.0,16,0.5,-0.0006907165069928
2021-08-02,NSC/UNP,0.0001992503091407,0.0001992503091407,0.0,16,0.5,9.962515457038473e-05
2021-08-03,MCHP/NXPI,-0.0034787909997079,-0.0034787909997079,0.0,16,0.5,-0.0017393954998539
2021-08-03,NSC/UNP,-0.001881914460485,-0.001881914460485,0.0,16,0.5,-0.0009409572302425
2021-08-04,MCHP/NXPI,0.0015656702364144,0.0015656702364144,0.0,16,0.5,0.0007828351182072
2021-08-04,NSC/UNP,-0.0028575229151539,-0.0028575229151539,0.0,16,0.5,-0.0014287614575769
2021-08-05,MCHP/NXPI,-0.0073526440778314,-0.0073526440778314,0.0,16,0.5,-0.0036763220389157
2021-08-05,NSC/UNP,-0.001,0.0,1.0,16,0.5,-0.0005
2021-08-06,MCHP/NXPI,0.0020056640982509,0.0020056640982509,0.0,16,0.5,0.0010028320491254
2021-08-06,NSC/UNP,-0.0,-0.0,0.0,16,0.5,-0.0
2021-08-09,MCHP/NXPI,0.0080190145027899,0.0080190145027899,0.0,16,0.5,0.0040095072513949
2021-08-09,NSC/UNP,-0.0,-0.0,0.0,16,0.5,-0.0
2021-08-10,MCHP/NXPI,-0.0033182983916162,-0.0033182983916162,0.0,16,0.5,-0.0016591491958081
2021-08-10,NSC/UNP,-0.0,-0.0,0.0,16,0.5,-0.0
2021-08-11,MCHP/NXPI,0.0025468744265678,0.0025468744265678,0.0,16,0.5,0.0012734372132839
2021-08-11,NSC/UNP,0.0,0.0,0.0,16,0.5,0.0
2021-08-12,MCHP/NXPI,-0.0105875191855934,-0.0105875191855934,0.0,16,0.5,-0.0052937595927967
2021-08-12,NSC/UNP,-0.0,-0.0,0.0,16,0.5,-0.0
2021-08-13,MCHP/NXPI,4.580745504882607e-05,4.580745504882607e-05,0.0,16,0.5,2.2903727524413035e-05
2021-08-13,NSC/UNP,0.0,0.0,0.0,16,0.5,0.0
2021-08-16,MCHP/NXPI,-0.0002622695022644,-0.0002622695022644,0.0,16,0.5,-0.0001311347511322
2021-08-16,NSC/UNP,-0.0,-0.0,0.0,16,0.5,-0.0
2021-08-17,MCHP/NXPI,-0.001,-0.0,1.0,16,0.5,-0.0005
2021-08-17,NSC/UNP,0.0,0.0,0.0,16,0.5,0.0
2021-08-18,MCHP/NXPI,-0.0,-0.0,0.0,16,0.5,-0.0
2021-08-18,NSC/UNP,-0.0,-0.0,0.0,16,0.5,-0.0
2021-08-19,MCHP/NXPI,0.0,0.0,0.0,16,0.5,0.0
2021-08-19,NSC/UNP,0.0,0.0,0.0,16,0.5,0.0
2021-08-20,MCHP/NXPI,-0.0,-0.0,0.0,16,0.5,-0.0
2021-08-20,NSC/UNP,-0.0,-0.0,0.0,16,0.5,-0.0
2021-08-23,MCHP/NXPI,-0.0,-0.0,0.0,16,0.5,-0.0
2021-08-23,NSC/UNP,-0.0,-0.0,0.0,16,0.5,-0.0
2021-08-24,MCHP/NXPI,-0.0,-0.0,0.0,16,0.5,-0.0
2021-08-24,NSC/UNP,0.0,0.0,0.0,16,0.5,0.0
2021-08-25,MCHP/NXPI,0.0,0.0,0.0,16,0.5,0.0
2021-08-25,NSC/UNP,-0.0,-0.0,0.0,16,0.5,-0.0
2021-08-26,MCHP/NXPI,0.0,0.0,0.0,16,0.5,0.0
2021-08-26,NSC/UNP,0.0,0.0,0.0,16,0.5,0.0
2021-08-27,MCHP/NXPI,0.0,0.0,0.0,16,0.5,0.0
2021-08-27,NSC/UNP,-0.0,-0.0,0.0,16,0.5,-0.0
2021-08-30,MCHP/NXPI,-0.0,-0.0,0.0,16,0.5,-0.0
2021-08-30,NSC/UNP,0.0,0.0,0.0,16,0.5,0.0
2021-08-31,MCHP/NXPI,0.0,0.0,0.0,16,0.5,0.0
2021-08-31,NSC/UNP,0.0,0.0,0.0,16,0.5,0.0
2021-09-01,MCHP/NXPI,-0.0027056273463064,-0.0017056273463064,1.0,16,0.5,-0.0013528136731532
2021-09-01,NSC/UNP,0.0,0.0,0.0,16,0.5,0.0
2021-09-02,MCHP/NXPI,-0.0014079188620355,-0.0014079188620355,0.0,16,0.5,-0.0007039594310177
2021-09-02,NSC/UNP,-0.0,-0.0,0.0,16,0.5,-0.0
2021-09-03,MCHP/NXPI,0.0003984252828276,0.0003984252828276,0.0,16,0.5,0.0001992126414138
2021-09-03,NSC/UNP,-0.0,-0.0,0.0,16,0.5,-0.0
2021-09-07,MCHP/NXPI,0.0024797315416565,0.0024797315416565,0.0,16,0.5,0.0012398657708282
2021-09-07,NSC/UNP,-0.0,-0.0,0.0,16,0.5,-0.0
2021-09-08,MCHP/NXPI,-0.004187123788096,-0.004187123788096,0.0,16,0.5,-0.002093561894048
2021-09-08,NSC/UNP,0.0,0.0,0.0,16,0.5,0.0
2021-09-09,MCHP/NXPI,-0.0007276351716485,-0.0007276351716485,0.0,16,0.5,-0.0003638175858242
2021-09-09,NSC/UNP,-0.0,-0.0,0.0,16,0.5,-0.0
2021-09-10,MCHP/NXPI,-0.0016129869060018,-0.0016129869060018,0.0,16,0.5,-0.0008064934530009
2021-09-10,NSC/UNP,-0.0061387603632157,-0.0051387603632157,1.0,16,0.5,-0.0030693801816078
2021-09-13,MCHP/NXPI,-0.0053145879762216,-0.0053145879762216,0.0,16,0.5,-0.0026572939881108
2021-09-13,NSC/UNP,0.0002565053757855,0.0002565053757855,0.0,16,0.5,0.0001282526878927
2021-09-14,MCHP/NXPI,-0.0056848642176903,-0.0056848642176903,0.0,16,0.5,-0.0028424321088451
2021-09-14,NSC/UNP,-0.007515302110428,-0.007515302110428,0.0,16,0.5,-0.003757651055214
2021-09-15,MCHP/NXPI,-0.0033038905725542,-0.0033038905725542,0.0,16,0.5,-0.0016519452862771
2021-09-15,NSC/UNP,-0.0047579825743381,-0.0047579825743381,0.0,16,0.5,-0.002378991287169
2021-09-16,MCHP/NXPI,-0.0015634693636468,-0.0015634693636468,0.0,16,0.5,-0.0007817346818234
2021-09-16,NSC/UNP,-0.0010665732377259,-0.0010665732377259,0.0,16,0.5,-0.0005332866188629
2021-09-17,MCHP/NXPI,-0.0013598291808038,-0.0013598291808038,0.0,16,0.5,-0.0006799145904019
2021-09-17,NSC/UNP,-0.0017954668940786,-0.0017954668940786,0.0,16,0.5,-0.0008977334470393
2021-09-20,MCHP/NXPI,0.0009316833292563,0.0009316833292563,0.0,16,0.5,0.0004658416646281
2021-09-20,NSC/UNP,-0.0016956545179907,-0.0016956545179907,0.0,16,0.5,-0.0008478272589953
2021-09-21,MCHP/NXPI,0.0047717396630115,0.0047717396630115,0.0,16,0.5,0.0023858698315057
2021-09-21,NSC/UNP,0.0007909206910745,0.0007909206910745,0.0,16,0.5,0.0003954603455372
2021-09-22,MCHP/NXPI,0.0013085994774241,0.0013085994774241,0.0,16,0.5,0.000654299738712
2021-09-22,NSC/UNP,0.0035733186127291,0.0035733186127291,0.0,16,0.5,0.0017866593063645
2021-09-23,MCHP/NXPI,-0.0052172769967926,-0.0052172769967926,0.0,16,0.5,-0.0026086384983963
2021-09-23,NSC/UNP,0.0052090776794167,0.0052090776794167,0.0,16,0.5,0.0026045388397083
2021-09-24,MCHP/NXPI,0.0002575981038761,0.0002575981038761,0.0,16,0.5,0.000128799051938
2021-09-24,NSC/UNP,0.0003154310584594,0.0003154310584594,0.0,16,0.5,0.0001577155292297
2021-09-27,MCHP/NXPI,-0.0025008700963348,-0.0025008700963348,0.0,16,0.5,-0.0012504350481674
2021-09-27,NSC/UNP,-0.0005743859517669,-0.0005743859517669,0.0,16,0.5,-0.0002871929758834
2021-09-28,MCHP/NXPI,0.0027638398241218,0.0027638398241218,0.0,16,0.5,0.0013819199120609
2021-09-28,NSC/UNP,-0.0069435883501877,-0.0069435883501877,0.0,16,0.5,-0.0034717941750938
2021-09-29,MCHP/NXPI,-0.001,-0.0,1.0,16,0.5,-0.0005
2021-09-29,NSC/UNP,0.0033281020242145,0.0033281020242145,0.0,16,0.5,0.0016640510121072
2021-09-30,MCHP/NXPI,0.0,0.0,0.0,16,0.5,0.0
2021-09-30,NSC/UNP,-0.0063385373603799,-0.0063385373603799,0.0,16,0.5,-0.0031692686801899
2021-10-01,MCHP/NXPI,0.0,0.0,0.0,16,0.5,0.0
2021-10-01,NSC/UNP,0.0080829141047843,0.0080829141047843,0.0,16,0.5,0.0040414570523921
2021-10-04,MCHP/NXPI,-0.0,-0.0,0.0,16,0.5,-0.0
2021-10-04,NSC/UNP,0.0023085536114215,0.0023085536114215,0.0,16,0.5,0.0011542768057107
2021-10-05,COST/WMT,-0.0,-0.0,0.0,17,1.0,-0.0
2021-10-06,COST/WMT,0.0,0.0,0.0,17,1.0,0.0
2021-10-07,COST/WMT,0.0,0.0,0.0,17,1.0,0.0
2021-10-08,COST/WMT,0.0,0.0,0.0,17,1.0,0.0
2021-10-11,COST/WMT,0.0,0.0,0.0,17,1.0,0.0
2021-10-12,COST/WMT,0.0,0.0,0.0,17,1.0,0.0
2021-10-13,COST/WMT,-0.0,-0.0,0.0,17,1.0,-0.0
2021-10-14,COST/WMT,0.0,0.0,0.0,17,1.0,0.0
2021-10-15,COST/WMT,0.0,0.0,0.0,17,1.0,0.0
2021-10-18,COST/WMT,-0.0,-0.0,0.0,17,1.0,-0.0
2021-10-19,COST/WMT,0.0,0.0,0.0,17,1.0,0.0
2021-10-20,COST/WMT,0.0,0.0,0.0,17,1.0,0.0
2021-10-21,COST/WMT,-0.0,-0.0,0.0,17,1.0,-0.0
2021-10-22,COST/WMT,0.0,0.0,0.0,17,1.0,0.0
2021-10-25,COST/WMT,0.0,0.0,0.0,17,1.0,0.0
2021-10-26,COST/WMT,-0.0,-0.0,0.0,17,1.0,-0.0
2021-10-27,COST/WMT,-0.0,-0.0,0.0,17,1.0,-0.0
2021-10-28,COST/WMT,0.0,0.0,0.0,17,1.0,0.0
2021-10-29,COST/WMT,0.0,0.0,0.0,17,1.0,0.0
2021-11-01,COST/WMT,0.0,0.0,0.0,17,1.0,0.0
2021-11-02,COST/WMT,-0.0,-0.0,0.0,17,1.0,-0.0
2021-11-03,COST/WMT,-0.0,-0.0,0.0,17,1.0,-0.0
2021-11-04,COST/WMT,-0.0,-0.0,0.0,17,1.0,-0.0
2021-11-05,COST/WMT,-0.0032983420702,-0.0022983420702,1.0,17,1.0,-0.0032983420702
2021-11-08,COST/WMT,0.0032579408519516,0.0032579408519516,0.0,17,1.0,0.0032579408519516
2021-11-09,COST/WMT,-0.0017110148224422,-0.0017110148224422,0.0,17,1.0,-0.0017110148224422
2021-11-10,COST/WMT,-0.0029962055743197,-0.0029962055743197,0.0,17,1.0,-0.0029962055743197
2021-11-11,COST/WMT,-0.004940301278173,-0.004940301278173,0.0,17,1.0,-0.004940301278173
2021-11-12,COST/WMT,-0.0068513957818833,-0.0068513957818833,0.0,17,1.0,-0.0068513957818833
2021-11-15,COST/WMT,-0.0055593340004605,-0.0055593340004605,0.0,17,1.0,-0.0055593340004605
2021-11-16,COST/WMT,-0.0206430032522454,-0.0206430032522454,0.0,17,1.0,-0.0206430032522454
2021-11-17,COST/WMT,-0.0049379128201946,-0.0049379128201946,0.0,17,1.0,-0.0049379128201946
2021-11-18,COST/WMT,0.0030040595566176,0.0030040595566176,0.0,17,1.0,0.0030040595566176
2021-11-19,COST/WMT,-0.0065269471859208,-0.0065269471859208,0.0,17,1.0,-0.0065269471859208
2021-11-22,COST/WMT,0.0060779991403178,0.0060779991403178,0.0,17,1.0,0.0060779991403178
2021-11-23,COST/WMT,0.0003606558295243,0.0003606558295243,0.0,17,1.0,0.0003606558295243
2021-11-24,COST/WMT,-8.686095150012914e-05,-8.686095150012914e-05,0.0,17,1.0,-8.686095150012914e-05
2021-11-26,COST/WMT,-0.0043480713799751,-0.0043480713799751,0.0,17,1.0,-0.0043480713799751
2021-11-29,COST/WMT,-0.0158031183596274,-0.0158031183596274,0.0,17,1.0,-0.0158031183596274
2021-11-30,COST/WMT,0.0020884315010077,0.0020884315010077,0.0,17,1.0,0.0020884315010077
2021-12-01,COST/WMT,-0.0084965432769398,-0.0084965432769398,0.0,17,1.0,-0.0084965432769398
2021-12-02,COST/WMT,-0.0043587446977333,-0.0043587446977333,0.0,17,1.0,-0.0043587446977333
2021-12-03,COST/WMT,-0.001,0.0,1.0,17,1.0,-0.001
2021-12-06,COST/WMT,0.0,0.0,0.0,17,1.0,0.0
2021-12-07,COST/WMT,-0.0,-0.0,0.0,17,1.0,-0.0
2021-12-08,COST/WMT,0.0,0.0,0.0,17,1.0,0.0
2021-12-09,COST/WMT,0.0,0.0,0.0,17,1.0,0.0
2021-12-10,COST/WMT,0.013010831583992,0.014010831583992,1.0,17,1.0,0.013010831583992
2021-12-13,COST/WMT,-0.0122101955632642,-0.0122101955632642,0.0,17,1.0,-0.0122101955632642
2021-12-14,COST/WMT,-0.0140626530777606,-0.0140626530777606,0.0,17,1.0,-0.0140626530777606
2021-12-15,COST/WMT,0.0106675587568994,0.0106675587568994,0.0,17,1.0,0.0106675587568994
2021-12-16,COST/WMT,0.0015321424135049,0.0015321424135049,0.0,17,1.0,0.0015321424135049
2021-12-17,COST/WMT,0.0162283084406914,0.0162283084406914,0.0,17,1.0,0.0162283084406914
2021-12-20,COST/WMT,-0.0013322318118743,-0.0013322318118743,0.0,17,1.0,-0.0013322318118743
2021-12-21,COST/WMT,-0.0040487697612521,-0.0040487697612521,0.0,17,1.0,-0.0040487697612521
2021-12-22,COST/WMT,0.0021878008909977,0.0021878008909977,0.0,17,1.0,0.0021878008909977
2021-12-23,COST/WMT,0.0018553484128414,0.0018553484128414,0.0,17,1.0,0.0018553484128414
2021-12-27,COST/WMT,0.0035103197211652,0.0035103197211652,0.0,17,1.0,0.0035103197211652
2021-12-28,COST/WMT,-0.0080617346125126,-0.0080617346125126,0.0,17,1.0,-0.0080617346125126
2021-12-29,COST/WMT,0.0024268526416457,0.0024268526416457,0.0,17,1.0,0.0024268526416457
2021-12-30,COST/WMT,-0.0045936381527929,-0.0045936381527929,0.0,17,1.0,-0.0045936381527929
2021-12-31,COST/WMT,-0.0039675780720154,-0.0039675780720154,0.0,17,1.0,-0.0039675780720154
2022-01-03,COST/WMT,-0.0004991130947857,-0.0004991130947857,0.0,17,1.0,-0.0004991130947857
2022-01-04,INTU/ORCL,0.0,0.0,0.0,18,0.3,0.0
2022-01-04,CAT/DE,0.0,0.0,0.0,18,0.35,0.0
2022-01-04,CSX/UNP,0.0,0.0,0.0,18,0.35,0.0
2022-01-05,INTU/ORCL,-0.0,-0.0,0.0,18,0.3,-0.0
2022-01-05,CAT/DE,0.0,0.0,0.0,18,0.35,0.0
2022-01-05,CSX/UNP,0.0,0.0,0.0,18,0.35,0.0
2022-01-06,INTU/ORCL,0.0,0.0,0.0,18,0.3,0.0
2022-01-06,CAT/DE,0.0,0.0,0.0,18,0.35,0.0
2022-01-06,CSX/UNP,-0.0,-0.0,0.0,18,0.35,-0.0
2022-01-07,INTU/ORCL,0.0,0.0,0.0,18,0.3,0.0
2022-01-07,CAT/DE,0.0,0.0,0.0,18,0.35,0.0
2022-01-07,CSX/UNP,0.0,0.0,0.0,18,0.35,0.0
2022-01-10,INTU/ORCL,0.0,0.0,0.0,18,0.3,0.0
2022-01-10,CAT/DE,-0.0,-0.0,0.0,18,0.35,-0.0
2022-01-10,CSX/UNP,0.0,0.0,0.0,18,0.35,0.0
2022-01-11,INTU/ORCL,-0.0,-0.0,0.0,18,0.3,-0.0
2022-01-11,CAT/DE,-0.0,-0.0,0.0,18,0.35,-0.0
2022-01-11,CSX/UNP,-0.0,-0.0,0.0,18,0.35,-0.0
2022-01-12,INTU/ORCL,-0.0,-0.0,0.0,18,0.3,-0.0
2022-01-12,CAT/DE,0.0,0.0,0.0,18,0.35,0.0
2022-01-12,CSX/UNP,-0.0,-0.0,0.0,18,0.35,-0.0
2022-01-13,INTU/ORCL,0.0,0.0,0.0,18,0.3,0.0
2022-01-13,CAT/DE,0.0,0.0,0.0,18,0.35,0.0
2022-01-13,CSX/UNP,0.0,0.0,0.0,18,0.35,0.0
2022-01-14,INTU/ORCL,0.0,0.0,0.0,18,0.3,0.0
2022-01-14,CAT/DE,0.0,0.0,0.0,18,0.35,0.0
2022-01-14,CSX/UNP,0.0,0.0,0.0,18,0.35,0.0
2022-01-18,INTU/ORCL,-0.0,-0.0,0.0,18,0.3,-0.0
2022-01-18,CAT/DE,-0.0,-0.0,0.0,18,0.35,-0.0
2022-01-18,CSX/UNP,-0.0,-0.0,0.0,18,0.35,-0.0
2022-01-19,INTU/ORCL,-0.0,-0.0,0.0,18,0.3,-0.0
2022-01-19,CAT/DE,-0.0,-0.0,0.0,18,0.35,-0.0
2022-01-19,CSX/UNP,0.0,0.0,0.0,18,0.35,0.0
2022-01-20,INTU/ORCL,-0.0,-0.0,0.0,18,0.3,-0.0
2022-01-20,CAT/DE,-0.0,-0.0,0.0,18,0.35,-0.0
2022-01-20,CSX/UNP,0.0,0.0,0.0,18,0.35,0.0
2022-01-21,INTU/ORCL,0.0,0.0,0.0,18,0.3,0.0
2022-01-21,CAT/DE,-0.0,-0.0,0.0,18,0.35,-0.0
2022-01-21,CSX/UNP,0.0,0.0,0.0,18,0.35,0.0
2022-01-24,INTU/ORCL,-0.0,-0.0,0.0,18,0.3,-0.0
2022-01-24,CAT/DE,0.0,0.0,0.0,18,0.35,0.0
2022-01-24,CSX/UNP,-0.0,-0.0,0.0,18,0.35,-0.0
2022-01-25,INTU/ORCL,-0.0,-0.0,0.0,18,0.3,-0.0
2022-01-25,CAT/DE,-0.0,-0.0,0.0,18,0.35,-0.0
2022-01-25,CSX/UNP,0.0,0.0,0.0,18,0.35,0.0
2022-01-26,INTU/ORCL,-0.0,-0.0,0.0,18,0.3,-0.0
2022-01-26,CAT/DE,-0.0,-0.0,0.0,18,0.35,-0.0
2022-01-26,CSX/UNP,0.0,0.0,0.0,18,0.35,0.0
2022-01-27,INTU/ORCL,-0.0,-0.0,0.0,18,0.3,-0.0
2022-01-27,CAT/DE,-0.0,-0.0,0.0,18,0.35,-0.0
2022-01-27,CSX/UNP,0.0,0.0,0.0,18,0.35,0.0
2022-01-28,INTU/ORCL,-0.0,-0.0,0.0,18,0.3,-0.0
2022-01-28,CAT/DE,-0.0279951182717897,-0.0269951182717897,1.0,18,0.35,-0.0097982913951264
2022-01-28,CSX/UNP,-0.0,-0.0,0.0,18,0.35,-0.0
2022-01-31,INTU/ORCL,-0.0,-0.0,0.0,18,0.3,-0.0
2022-01-31,CAT/DE,-0.001870312031302,-0.001870312031302,0.0,18,0.35,-0.0006546092109557
2022-01-31,CSX/UNP,-0.0,-0.0,0.0,18,0.35,-0.0
2022-02-01,INTU/ORCL,-0.0,-0.0,0.0,18,0.3,-0.0
2022-02-01,CAT/DE,0.0090483393783712,0.0090483393783712,0.0,18,0.35,0.0031669187824299
2022-02-01,CSX/UNP,-0.0,-0.0,0.0,18,0.35,-0.0
2022-02-02,INTU/ORCL,0.0,0.0,0.0,18,0.3,0.0
2022-02-02,CAT/DE,0.0027188928780178,0.0027188928780178,0.0,18,0.35,0.0009516125073062
2022-02-02,CSX/UNP,0.0,0.0,0.0,18,0.35,0.0
2022-02-03,INTU/ORCL,0.0,0.0,0.0,18,0.3,0.0
2022-02-03,CAT/DE,-0.008009033879601,-0.008009033879601,0.0,18,0.35,-0.0028031618578603
2022-02-03,CSX/UNP,-0.0,-0.0,0.0,18,0.35,-0.0
2022-02-04,INTU/ORCL,-0.0,-0.0,0.0,18,0.3,-0.0
2022-02-04,CAT/DE,-0.0045907743943352,-0.0045907743943352,0.0,18,0.35,-0.0016067710380173
2022-02-04,CSX/UNP,-0.0,-0.0,0.0,18,0.35,-0.0
2022-02-07,INTU/ORCL,-0.0,-0.0,0.0,18,0.3,-0.0
2022-02-07,CAT/DE,0.0009200198672241,0.0009200198672241,0.0,18,0.35,0.0003220069535284
2022-02-07,CSX/UNP,0.0,0.0,0.0,18,0.35,0.0
2022-02-08,INTU/ORCL,-0.0,-0.0,0.0,18,0.3,-0.0
2022-02-08,CAT/DE,-0.0155341138861251,-0.0155341138861251,0.0,18,0.35,-0.0054369398601438
2022-02-08,CSX/UNP,-0.0,-0.0,0.0,18,0.35,-0.0
2022-02-09,INTU/ORCL,0.0,0.0,0.0,18,0.3,0.0
2022-02-09,CAT/DE,-6.949709647869866e-05,-6.949709647869866e-05,0.0,18,0.35,-2.432398376754453e-05
2022-02-09,CSX/UNP,-0.0,-0.0,0.0,18,0.35,-0.0
2022-02-10,INTU/ORCL,-0.0,-0.0,0.0,18,0.3,-0.0
2022-02-10,CAT/DE,0.0009306923302685,0.0009306923302685,0.0,18,0.35,0.0003257423155939
2022-02-10,CSX/UNP,0.0,0.0,0.0,18,0.35,0.0
2022-02-11,INTU/ORCL,-0.0,-0.0,0.0,18,0.3,-0.0
2022-02-11,CAT/DE,-0.0046539931069089,-0.0046539931069089,0.0,18,0.35,-0.0016288975874181
2022-02-11,CSX/UNP,0.0,0.0,0.0,18,0.35,0.0
2022-02-14,INTU/ORCL,-0.0,-0.0,0.0,18,0.3,-0.0
2022-02-14,CAT/DE,0.0020088289660239,0.0020088289660239,0.0,18,0.35,0.0007030901381083
2022-02-14,CSX/UNP,0.0,0.0,0.0,18,0.35,0.0
2022-02-15,INTU/ORCL,0.0,0.0,0.0,18,0.3,0.0
2022-02-15,CAT/DE,0.0033719999804724,0.0033719999804724,0.0,18,0.35,0.0011801999931653
2022-02-15,CSX/UNP,0.0,0.0,0.0,18,0.35,0.0
2022-02-16,INTU/ORCL,-0.0,-0.0,0.0,18,0.3,-0.0
2022-02-16,CAT/DE,0.0037217418859278,0.0037217418859278,0.0,18,0.35,0.0013026096600747
2022-02-16,CSX/UNP,0.0,0.0,0.0,18,0.35,0.0
2022-02-17,INTU/ORCL,-0.0,-0.0,0.0,18,0.3,-0.0
2022-02-17,CAT/DE,-0.014162009903785,-0.014162009903785,0.0,18,0.35,-0.0049567034663247
2022-02-17,CSX/UNP,-0.0,-0.0,0.0,18,0.35,-0.0
2022-02-18,INTU/ORCL,-0.0,-0.0,0.0,18,0.3,-0.0
2022-02-18,CAT/DE,0.0045514716485672,0.0045514716485672,0.0,18,0.35,0.0015930150769985
2022-02-18,CSX/UNP,0.0,0.0,0.0,18,0.35,0.0
2022-02-22,INTU/ORCL,-0.0,-0.0,0.0,18,0.3,-0.0
2022-02-22,CAT/DE,0.0154473505975533,0.0154473505975533,0.0,18,0.35,0.0054065727091436
2022-02-22,CSX/UNP,-0.0,-0.0,0.0,18,0.35,-0.0
2022-02-23,INTU/ORCL,-0.0,-0.0,0.0,18,0.3,-0.0
2022-02-23,CAT/DE,0.0059033942223423,0.0059033942223423,0.0,18,0.35,0.0020661879778198
2022-02-23,CSX/UNP,0.0,0.0,0.0,18,0.35,0.0
2022-02-24,INTU/ORCL,0.0,0.0,0.0,18,0.3,0.0
2022-02-24,CAT/DE,-0.0126968014311018,-0.0126968014311018,0.0,18,0.35,-0.0044438805008856
2022-02-24,CSX/UNP,-0.0,-0.0,0.0,18,0.35,-0.0
2022-02-25,INTU/ORCL,0.0,0.0,0.0,18,0.3,0.0
2022-02-25,CAT/DE,-0.001,0.0,1.0,18,0.35,-0.00035
2022-02-25,CSX/UNP,0.0,0.0,0.0,18,0.35,0.0
2022-02-28,INTU/ORCL,-0.0049715927114901,-0.0039715927114901,1.0,18,0.3,-0.001491477813447
2022-02-28,CAT/DE,-0.0,-0.0,0.0,18,0.35,-0.0
2022-02-28,CSX/UNP,0.0,0.0,0.0,18,0.35,0.0
2022-03-01,INTU/ORCL,-0.0038717292666739,-0.0038717292666739,0.0,18,0.3,-0.0011615187800021
2022-03-01,CAT/DE,-0.0,-0.0,0.0,18,0.35,-0.0
2022-03-01,CSX/UNP,-0.0,-0.0,0.0,18,0.35,-0.0
2022-03-02,INTU/ORCL,-0.0106484341908546,-0.0106484341908546,0.0,18,0.3,-0.0031945302572563
2022-03-02,CAT/DE,0.0,0.0,0.0,18,0.35,0.0
2022-03-02,CSX/UNP,0.0,0.0,0.0,18,0.35,0.0
2022-03-03,INTU/ORCL,-0.0076077129376053,-0.0076077129376053,0.0,18,0.3,-0.0022823138812815
2022-03-03,CAT/DE,0.0,0.0,0.0,18,0.35,0.0
2022-03-03,CSX/UNP,-0.0,-0.0,0.0,18,0.35,-0.0
2022-03-04,INTU/ORCL,0.0112732508161683,0.0112732508161683,0.0,18,0.3,0.0033819752448505
2022-03-04,CAT/DE,-0.0,-0.0,0.0,18,0.35,-0.0
2022-03-04,CSX/UNP,-0.0,-0.0,0.0,18,0.35,-0.0
2022-03-07,INTU/ORCL,0.0030881632443214,0.0030881632443214,0.0,18,0.3,0.0009264489732964
2022-03-07,CAT/DE,0.0,0.0,0.0,18,0.35,0.0
2022-03-07,CSX/UNP,-0.0,-0.0,0.0,18,0.35,-0.0
2022-03-08,INTU/ORCL,0.01265650537015,0.01265650537015,0.0,18,0.3,0.003796951611045
2022-03-08,CAT/DE,-0.0447192441213064,-0.0437192441213064,1.0,18,0.35,-0.0156517354424572
2022-03-08,CSX/UNP,0.0,0.0,0.0,18,0.35,0.0
2022-03-09,INTU/ORCL,-0.0121857125317744,-0.0121857125317744,0.0,18,0.3,-0.0036557137595323
2022-03-09,CAT/DE,-0.001,-0.0,1.0,18,0.35,-0.00035
2022-03-09,CSX/UNP,0.0,0.0,0.0,18,0.35,0.0
2022-03-10,INTU/ORCL,-0.0128264083785814,-0.0128264083785814,0.0,18,0.3,-0.0038479225135744
2022-03-10,CAT/DE,-0.0,-0.0,0.0,18,0.35,-0.0
2022-03-10,CSX/UNP,0.0,0.0,0.0,18,0.35,0.0
2022-03-11,INTU/ORCL,-0.0191955128209414,-0.0191955128209414,0.0,18,0.3,-0.0057586538462824
2022-03-11,CAT/DE,-0.0,-0.0,0.0,18,0.35,-0.0
2022-03-11,CSX/UNP,-0.0075268624415468,-0.0065268624415468,1.0,18,0.35,-0.0026344018545414
2022-03-14,INTU/ORCL,-0.002838431365451,-0.002838431365451,0.0,18,0.3,-0.0008515294096353
2022-03-14,CAT/DE,-0.0,-0.0,0.0,18,0.35,-0.0
2022-03-14,CSX/UNP,0.001870127271627,0.001870127271627,0.0,18,0.35,0.0006545445450694
2022-03-15,INTU/ORCL,-0.0222922096703637,-0.0222922096703637,0.0,18,0.3,-0.0066876629011091
2022-03-15,CAT/DE,0.0,0.0,0.0,18,0.35,0.0
2022-03-15,CSX/UNP,-0.0034261708221951,-0.0034261708221951,0.0,18,0.35,-0.0011991597877682
2022-03-16,INTU/ORCL,0.0176971564866955,0.0176971564866955,0.0,18,0.3,0.0053091469460086
2022-03-16,CAT/DE,-0.0,-0.0,0.0,18,0.35,-0.0
2022-03-16,CSX/UNP,0.0084205485743764,0.0084205485743764,0.0,18,0.35,0.0029471920010317
2022-03-17,INTU/ORCL,0.0044071920263937,0.0044071920263937,0.0,18,0.3,0.0013221576079181
2022-03-17,CAT/DE,-0.0,-0.0,0.0,18,0.35,-0.0
2022-03-17,CSX/UNP,0.0101285326918157,0.0101285326918157,0.0,18,0.35,0.0035449864421355
2022-03-18,INTU/ORCL,-0.0057492195514431,-0.0057492195514431,0.0,18,0.3,-0.0017247658654329
2022-03-18,CAT/DE,-0.0,-0.0,0.0,18,0.35,-0.0
2022-03-18,CSX/UNP,0.0047185527764643,0.0047185527764643,0.0,18,0.35,0.0016514934717625
2022-03-21,INTU/ORCL,-0.0018591690328974,-0.0018591690328974,0.0,18,0.3,-0.0005577507098692
2022-03-21,CAT/DE,-0.0,-0.0,0.0,18,0.35,-0.0
2022-03-21,CSX/UNP,0.0003464708315053,0.0003464708315053,0.0,18,0.35,0.0001212647910268
2022-03-22,INTU/ORCL,-0.0014301246436693,-0.0014301246436693,0.0,18,0.3,-0.0004290373931008
2022-03-22,CAT/DE,-0.0,-0.0,0.0,18,0.35,-0.0
2022-03-22,CSX/UNP,-0.003759248621708,-0.003759248621708,0.0,18,0.35,-0.0013157370175978
2022-03-23,INTU/ORCL,0.0033039534467506,0.0033039534467506,0.0,18,0.3,0.0009911860340252
2022-03-23,CAT/DE,-0.0,-0.0,0.0,18,0.35,-0.0
2022-03-23,CSX/UNP,-0.0085675693453402,-0.0085675693453402,0.0,18,0.35,-0.002998649270869
2022-03-24,INTU/ORCL,-0.0136603181689023,-0.0136603181689023,0.0,18,0.3,-0.0040980954506706
2022-03-24,CAT/DE,-0.0,-0.0,0.0,18,0.35,-0.0
2022-03-24,CSX/UNP,-0.001464470227716,-0.001464470227716,0.0,18,0.35,-0.0005125645797006
2022-03-25,INTU/ORCL,-0.001,-0.0,1.0,18,0.3,-0.0003
2022-03-25,CAT/DE,-0.0,-0.0,0.0,18,0.35,-0.0
2022-03-25,CSX/UNP,-0.0033471353795048,-0.0033471353795048,0.0,18,0.35,-0.0011714973828267
2022-03-28,INTU/ORCL,0.0,0.0,0.0,18,0.3,0.0
2022-03-28,CAT/DE,-0.0,-0.0,0.0,18,0.35,-0.0
2022-03-28,CSX/UNP,0.0037106490649267,0.0037106490649267,0.0,18,0.35,0.0012987271727243
2022-03-29,INTU/ORCL,0.0,0.0,0.0,18,0.3,0.0
2022-03-29,CAT/DE,0.0,0.0,0.0,18,0.35,0.0
2022-03-29,CSX/UNP,0.0052329722084256,0.0052329722084256,0.0,18,0.35,0.0018315402729489
2022-03-30,INTU/ORCL,0.0,0.0,0.0,18,0.3,0.0
2022-03-30,CAT/DE,0.0,0.0,0.0,18,0.35,0.0
2022-03-30,CSX/UNP,-0.0046270317501033,-0.0046270317501033,0.0,18,0.35,-0.0016194611125361
2022-03-31,INTU/ORCL,-0.0,-0.0,0.0,18,0.3,-0.0
2022-03-31,CAT/DE,-0.0,-0.0,0.0,18,0.35,-0.0
2022-03-31,CSX/UNP,0.0025501313932154,0.0025501313932154,0.0,18,0.35,0.0008925459876253
2022-04-01,INTU/ORCL,-0.0,-0.0,0.0,18,0.3,-0.0
2022-04-01,CAT/DE,-0.0,-0.0,0.0,18,0.35,-0.0
2022-04-01,CSX/UNP,0.0024469265767178,0.0024469265767178,0.0,18,0.35,0.0008564243018512
2022-04-04,INTU/ORCL,0.0,0.0,0.0,18,0.3,0.0
2022-04-04,CAT/DE,0.0,0.0,0.0,18,0.35,0.0
2022-04-04,CSX/UNP,0.0059119224243163,0.0059119224243163,0.0,18,0.35,0.0020691728485107
2022-04-05,AXP/COF,-0.0,-0.0,0.0,19,0.5,-0.0
2022-04-05,ABBV/JNJ,0.0,0.0,0.0,19,0.5,0.0
2022-04-06,AXP/COF,-0.0,-0.0,0.0,19,0.5,-0.0
2022-04-06,ABBV/JNJ,0.0,0.0,0.0,19,0.5,0.0
2022-04-07,AXP/COF,-0.0,-0.0,0.0,19,0.5,-0.0
2022-04-07,ABBV/JNJ,-0.0,-0.0,0.0,19,0.5,-0.0
2022-04-08,AXP/COF,-0.0,-0.0,0.0,19,0.5,-0.0
2022-04-08,ABBV/JNJ,-0.0,-0.0,0.0,19,0.5,-0.0
2022-04-11,AXP/COF,-0.0,-0.0,0.0,19,0.5,-0.0
2022-04-11,ABBV/JNJ,0.0,0.0,0.0,19,0.5,0.0
2022-04-12,AXP/COF,-0.010804627768476,-0.009804627768476,1.0,19,0.5,-0.005402313884238
2022-04-12,ABBV/JNJ,0.0,0.0,0.0,19,0.5,0.0
2022-04-13,AXP/COF,0.0119907633586682,0.0119907633586682,0.0,19,0.5,0.0059953816793341
2022-04-13,ABBV/JNJ,0.0,0.0,0.0,19,0.5,0.0
2022-04-14,AXP/COF,0.0051166906970748,0.0051166906970748,0.0,19,0.5,0.0025583453485374
2022-04-14,ABBV/JNJ,0.0083437832883768,0.0093437832883768,1.0,19,0.5,0.0041718916441884
2022-04-18,AXP/COF,-0.0067916525225646,-0.0067916525225646,0.0,19,0.5,-0.0033958262612823
2022-04-18,ABBV/JNJ,0.0031575669507702,0.0031575669507702,0.0,19,0.5,0.0015787834753851
2022-04-19,AXP/COF,-0.0027604253559224,-0.0027604253559224,0.0,19,0.5,-0.0013802126779612
2022-04-19,ABBV/JNJ,-0.0269819322942377,-0.0269819322942377,0.0,19,0.5,-0.0134909661471188
2022-04-20,AXP/COF,0.0031799037492018,0.0031799037492018,0.0,19,0.5,0.0015899518746009
2022-04-20,ABBV/JNJ,-0.0024022289720459,-0.0024022289720459,0.0,19,0.5,-0.0012011144860229
2022-04-21,AXP/COF,-0.0026885142346368,-0.0026885142346368,0.0,19,0.5,-0.0013442571173184
2022-04-21,ABBV/JNJ,0.0055361942818309,0.0055361942818309,0.0,19,0.5,0.0027680971409154
2022-04-22,AXP/COF,-0.0018188190468564,-0.0018188190468564,0.0,19,0.5,-0.0009094095234282
2022-04-22,ABBV/JNJ,0.00013191645547,0.00013191645547,0.0,19,0.5,6.595822773502841e-05
2022-04-25,AXP/COF,0.0076299492591236,0.0076299492591236,0.0,19,0.5,0.0038149746295618
2022-04-25,ABBV/JNJ,-0.0145589168401335,-0.0145589168401335,0.0,19,0.5,-0.0072794584200667
2022-04-26,AXP/COF,-0.0038324324079091,-0.0038324324079091,0.0,19,0.5,-0.0019162162039545
2022-04-26,ABBV/JNJ,0.0047351711675214,0.0047351711675214,0.0,19,0.5,0.0023675855837607
2022-04-27,AXP/COF,0.0220593980898436,0.0220593980898436,0.0,19,0.5,0.0110296990449218
2022-04-27,ABBV/JNJ,0.0125200524777227,0.0125200524777227,0.0,19,0.5,0.0062600262388613
2022-04-28,AXP/COF,-0.0031402146584954,-0.0031402146584954,0.0,19,0.5,-0.0015701073292477
2022-04-28,ABBV/JNJ,-0.0077252481641,-0.0077252481641,0.0,19,0.5,-0.00386262408205
2022-04-29,AXP/COF,-0.0072664542502582,-0.0072664542502582,0.0,19,0.5,-0.0036332271251291
2022-04-29,ABBV/JNJ,-0.0070167328757065,-0.0070167328757065,0.0,19,0.5,-0.0035083664378532
2022-05-02,AXP/COF,-0.0170573765046486,-0.0170573765046486,0.0,19,0.5,-0.0085286882523243
2022-05-02,ABBV/JNJ,0.0090670878187374,0.0090670878187374,0.0,19,0.5,0.0045335439093687
2022-05-03,AXP/COF,-0.0051072583597425,-0.0051072583597425,0.0,19,0.5,-0.0025536291798712
2022-05-03,ABBV/JNJ,0.0049240546563779,0.0049240546563779,0.0,19,0.5,0.0024620273281889
2022-05-04,AXP/COF,0.0004560955334395,0.0004560955334395,0.0,19,0.5,0.0002280477667197
2022-05-04,ABBV/JNJ,-0.0034108783706701,-0.0034108783706701,0.0,19,0.5,-0.001705439185335
2022-05-05,AXP/COF,-0.0095369052250094,-0.0095369052250094,0.0,19,0.5,-0.0047684526125047
2022-05-05,ABBV/JNJ,0.0144696119110247,0.0144696119110247,0.0,19,0.5,0.0072348059555123
2022-05-06,AXP/COF,-0.0023386072299252,-0.0023386072299252,0.0,19,0.5,-0.0011693036149626
2022-05-06,ABBV/JNJ,0.0028321471666594,0.0028321471666594,0.0,19,0.5,0.0014160735833297
2022-05-09,AXP/COF,-0.0084580850065941,-0.0084580850065941,0.0,19,0.5,-0.004229042503297
2022-05-09,ABBV/JNJ,-0.0074955700922287,-0.0074955700922287,0.0,19,0.5,-0.0037477850461143
2022-05-10,AXP/COF,-0.001,0.0,1.0,19,0.5,-0.0005
2022-05-10,ABBV/JNJ,0.0032062817857712,0.0032062817857712,0.0,19,0.5,0.0016031408928856
2022-05-11,AXP/COF,-0.0,-0.0,0.0,19,0.5,-0.0
2022-05-11,ABBV/JNJ,0.0035257216808197,0.0035257216808197,0.0,19,0.5,0.0017628608404098
2022-05-12,AXP/COF,-0.0,-0.0,0.0,19,0.5,-0.0
2022-05-12,ABBV/JNJ,-0.001,0.0,1.0,19,0.5,-0.0005
2022-05-13,AXP/COF,0.0,0.0,0.0,19,0.5,0.0
2022-05-13,ABBV/JNJ,-0.0,-0.0,0.0,19,0.5,-0.0
2022-05-16,AXP/COF,0.0,0.0,0.0,19,0.5,0.0
2022-05-16,ABBV/JNJ,0.0,0.0,0.0,19,0.5,0.0
2022-05-17,AXP/COF,-0.0,-0.0,0.0,19,0.5,-0.0
2022-05-17,ABBV/JNJ,0.0,0.0,0.0,19,0.5,0.0
2022-05-18,AXP/COF,0.0,0.0,0.0,19,0.5,0.0
2022-05-18,ABBV/JNJ,-0.0,-0.0,0.0,19,0.5,-0.0
2022-05-19,AXP/COF,-0.0,-0.0,0.0,19,0.5,-0.0
2022-05-19,ABBV/JNJ,-0.0,-0.0,0.0,19,0.5,-0.0
2022-05-20,AXP/COF,-0.0,-0.0,0.0,19,0.5,-0.0
2022-05-20,ABBV/JNJ,0.0,0.0,0.0,19,0.5,0.0
2022-05-23,AXP/COF,0.0,0.0,0.0,19,0.5,0.0
2022-05-23,ABBV/JNJ,0.0,0.0,0.0,19,0.5,0.0
2022-05-24,AXP/COF,-0.0,-0.0,0.0,19,0.5,-0.0
2022-05-24,ABBV/JNJ,-0.0064268420219197,-0.0054268420219197,1.0,19,0.5,-0.0032134210109598
2022-05-25,AXP/COF,0.0,0.0,0.0,19,0.5,0.0
2022-05-25,ABBV/JNJ,0.0126257504539215,0.0126257504539215,0.0,19,0.5,0.0063128752269607
2022-05-26,AXP/COF,0.0,0.0,0.0,19,0.5,0.0
2022-05-26,ABBV/JNJ,-0.0021455775046848,-0.0021455775046848,0.0,19,0.5,-0.0010727887523424
2022-05-27,AXP/COF,0.0,0.0,0.0,19,0.5,0.0
2022-05-27,ABBV/JNJ,-0.007479804385573,-0.007479804385573,0.0,19,0.5,-0.0037399021927865
2022-05-31,AXP/COF,-0.0,-0.0,0.0,19,0.5,-0.0
2022-05-31,ABBV/JNJ,0.0006912525269818,0.0006912525269818,0.0,19,0.5,0.0003456262634909
2022-06-01,AXP/COF,-0.0,-0.0,0.0,19,0.5,-0.0
2022-06-01,ABBV/JNJ,0.0042880745082882,0.0042880745082882,0.0,19,0.5,0.0021440372541441
2022-06-02,AXP/COF,0.0,0.0,0.0,19,0.5,0.0
2022-06-02,ABBV/JNJ,0.003711423559336,0.003711423559336,0.0,19,0.5,0.001855711779668
2022-06-03,AXP/COF,-0.0,-0.0,0.0,19,0.5,-0.0
2022-06-03,ABBV/JNJ,0.0037394407559283,0.0037394407559283,0.0,19,0.5,0.0018697203779641
2022-06-06,AXP/COF,-0.0,-0.0,0.0,19,0.5,-0.0
2022-06-06,ABBV/JNJ,-0.0012367894386178,-0.0012367894386178,0.0,19,0.5,-0.0006183947193089
2022-06-07,AXP/COF,-0.0,-0.0,0.0,19,0.5,-0.0
2022-06-07,ABBV/JNJ,-0.0022841794647934,-0.0022841794647934,0.0,19,0.5,-0.0011420897323967
2022-06-08,AXP/COF,0.0,0.0,0.0,19,0.5,0.0
2022-06-08,ABBV/JNJ,0.0043689075184354,0.0043689075184354,0.0,19,0.5,0.0021844537592177
2022-06-09,AXP/COF,0.0,0.0,0.0,19,0.5,0.0
2022-06-09,ABBV/JNJ,0.0063162735882067,0.0063162735882067,0.0,19,0.5,0.0031581367941033
2022-06-10,AXP/COF,0.0,0.0,0.0,19,0.5,0.0
2022-06-10,ABBV/JNJ,2.967382959621949e-05,2.967382959621949e-05,0.0,19,0.5,1.4836914798109747e-05
2022-06-13,AXP/COF,-0.0,-0.0,0.0,19,0.5,-0.0
2022-06-13,ABBV/JNJ,-0.0009314904434739,-0.0009314904434739,0.0,19,0.5,-0.0004657452217369
2022-06-14,AXP/COF,-0.0,-0.0,0.0,19,0.5,-0.0
2022-06-14,ABBV/JNJ,0.0068078584575467,0.0068078584575467,0.0,19,0.5,0.0034039292287733
2022-06-15,AXP/COF,0.0,0.0,0.0,19,0.5,0.0
2022-06-15,ABBV/JNJ,-0.0064380575282328,-0.0064380575282328,0.0,19,0.5,-0.0032190287641164
2022-06-16,AXP/COF,-0.0,-0.0,0.0,19,0.5,-0.0
2022-06-16,ABBV/JNJ,0.0019490807708224,0.0019490807708224,0.0,19,0.5,0.0009745403854112
2022-06-17,AXP/COF,0.0057744391195416,0.0067744391195416,1.0,19,0.5,0.0028872195597708
2022-06-17,ABBV/JNJ,0.0006562239989688,0.0006562239989688,0.0,19,0.5,0.0003281119994844
2022-06-21,AXP/COF,0.0054727805957981,0.0054727805957981,0.0,19,0.5,0.002736390297899
2022-06-21,ABBV/JNJ,-0.0032892161252532,-0.0032892161252532,0.0,19,0.5,-0.0016446080626266
2022-06-22,AXP/COF,0.0018155785593835,0.0018155785593835,0.0,19,0.5,0.0009077892796917
2022-06-22,ABBV/JNJ,-0.001,0.0,1.0,19,0.5,-0.0005
2022-06-23,AXP/COF,-0.0052825418404279,-0.0052825418404279,0.0,19,0.5,-0.0026412709202139
2022-06-23,ABBV/JNJ,0.0,0.0,0.0,19,0.5,0.0
2022-06-24,AXP/COF,-0.0054756992797264,-0.0054756992797264,0.0,19,0.5,-0.0027378496398632
2022-06-24,ABBV/JNJ,0.0,0.0,0.0,19,0.5,0.0
2022-06-27,AXP/COF,-0.0054798755044933,-0.0054798755044933,0.0,19,0.5,-0.0027399377522466
2022-06-27,ABBV/JNJ,-0.0,-0.0,0.0,19,0.5,-0.0
2022-06-28,AXP/COF,-0.0042697525072338,-0.0042697525072338,0.0,19,0.5,-0.0021348762536169
2022-06-28,ABBV/JNJ,-0.0,-0.0,0.0,19,0.5,-0.0
2022-06-29,AXP/COF,0.0002069944545668,0.0002069944545668,0.0,19,0.5,0.0001034972272834
2022-06-29,ABBV/JNJ,-0.0041060682659147,-0.0031060682659147,1.0,19,0.5,-0.0020530341329573
2022-06-30,AXP/COF,0.0042798447983207,0.0042798447983207,0.0,19,0.5,0.0021399223991603
2022-06-30,ABBV/JNJ,0.0039781151298582,0.0039781151298582,0.0,19,0.5,0.0019890575649291
2022-07-01,AXP/COF,-0.0031792144464943,-0.0031792144464943,0.0,19,0.5,-0.0015896072232471
2022-07-01,ABBV/JNJ,0.006611620258803,0.006611620258803,0.0,19,0.5,0.0033058101294015
2022-07-05,AXP/COF,-0.0024655571729288,-0.0024655571729288,0.0,19,0.5,-0.0012327785864644
2022-07-05,ABBV/JNJ,-0.0056056881364153,-0.0056056881364153,0.0,19,0.5,-0.0028028440682076
2022-07-06,AXP/COF,-0.0037831202174862,-0.0037831202174862,0.0,19,0.5,-0.0018915601087431
2022-07-06,ABBV/JNJ,0.0033903992848589,0.0033903992848589,0.0,19,0.5,0.0016951996424294
2022-07-07,MA/SYF,0.0,0.0,0.0,20,0.1332046633189439,0.0
2022-07-07,JNJ/LLY,0.0,0.0,0.0,20,0.327691670320911,0.0
2022-07-07,MSFT/ORCL,0.0,0.0,0.0,20,0.2464366196727371,0.0
2022-07-07,NXPI/TXN,0.0,0.0,0.0,20,0.2926670466874079,0.0
2022-07-08,MA/SYF,-0.0,-0.0,0.0,20,0.1332046633189439,-0.0
2022-07-08,JNJ/LLY,-0.0,-0.0,0.0,20,0.327691670320911,-0.0
2022-07-08,MSFT/ORCL,-0.0,-0.0,0.0,20,0.2464366196727371,-0.0
2022-07-08,NXPI/TXN,-0.0,-0.0,0.0,20,0.2926670466874079,-0.0
2022-07-11,MA/SYF,0.0,0.0,0.0,20,0.1332046633189439,0.0
2022-07-11,JNJ/LLY,-0.0,-0.0,0.0,20,0.327691670320911,-0.0
2022-07-11,MSFT/ORCL,-0.0,-0.0,0.0,20,0.2464366196727371,-0.0
2022-07-11,NXPI/TXN,-0.0,-0.0,0.0,20,0.2926670466874079,-0.0
2022-07-12,MA/SYF,-0.0,-0.0,0.0,20,0.1332046633189439,-0.0
2022-07-12,JNJ/LLY,-0.0,-0.0,0.0,20,0.327691670320911,-0.0
2022-07-12,MSFT/ORCL,-0.0,-0.0,0.0,20,0.2464366196727371,-0.0
2022-07-12,NXPI/TXN,0.0,0.0,0.0,20,0.2926670466874079,0.0
2022-07-13,MA/SYF,0.0,0.0,0.0,20,0.1332046633189439,0.0
2022-07-13,JNJ/LLY,-0.0,-0.0,0.0,20,0.327691670320911,-0.0
2022-07-13,MSFT/ORCL,-0.0,-0.0,0.0,20,0.2464366196727371,-0.0
2022-07-13,NXPI/TXN,-0.0,-0.0,0.0,20,0.2926670466874079,-0.0
2022-07-14,MA/SYF,0.0,0.0,0.0,20,0.1332046633189439,0.0
2022-07-14,JNJ/LLY,-0.0,-0.0,0.0,20,0.327691670320911,-0.0
2022-07-14,MSFT/ORCL,0.0,0.0,0.0,20,0.2464366196727371,0.0
2022-07-14,NXPI/TXN,0.0,0.0,0.0,20,0.2926670466874079,0.0
2022-07-15,MA/SYF,0.0,0.0,0.0,20,0.1332046633189439,0.0
2022-07-15,JNJ/LLY,0.0,0.0,0.0,20,0.327691670320911,0.0
2022-07-15,MSFT/ORCL,-0.0,-0.0,0.0,20,0.2464366196727371,-0.0
2022-07-15,NXPI/TXN,0.0,0.0,0.0,20,0.2926670466874079,0.0
2022-07-18,MA/SYF,-0.0,-0.0,0.0,20,0.1332046633189439,-0.0
2022-07-18,JNJ/LLY,-0.0,-0.0,0.0,20,0.327691670320911,-0.0
2022-07-18,MSFT/ORCL,-0.0,-0.0,0.0,20,0.2464366196727371,-0.0
2022-07-18,NXPI/TXN,0.0,0.0,0.0,20,0.2926670466874079,0.0
2022-07-19,MA/SYF,0.0,0.0,0.0,20,0.1332046633189439,0.0
2022-07-19,JNJ/LLY,-0.0,-0.0,0.0,20,0.327691670320911,-0.0
2022-07-19,MSFT/ORCL,0.0,0.0,0.0,20,0.2464366196727371,0.0
2022-07-19,NXPI/TXN,0.0,0.0,0.0,20,0.2926670466874079,0.0
2022-07-20,MA/SYF,-0.0,-0.0,0.0,20,0.1332046633189439,-0.0
2022-07-20,JNJ/LLY,-0.0013005618588559,-0.0003005618588559,1.0,20,0.327691670320911,-0.0004261832878841
2022-07-20,MSFT/ORCL,0.0,0.0,0.0,20,0.2464366196727371,0.0
2022-07-20,NXPI/TXN,-0.0,-0.0,0.0,20,0.2926670466874079,-0.0
2022-07-21,MA/SYF,0.0,0.0,0.0,20,0.1332046633189439,0.0
2022-07-21,JNJ/LLY,-0.0019462840572471,-0.0019462840572471,0.0,20,0.327691670320911,-0.0006377810736382
2022-07-21,MSFT/ORCL,-0.0,-0.0,0.0,20,0.2464366196727371,-0.0
2022-07-21,NXPI/TXN,-0.0,-0.0,0.0,20,0.2926670466874079,-0.0
2022-07-22,MA/SYF,-0.0,-0.0,0.0,20,0.1332046633189439,-0.0
2022-07-22,JNJ/LLY,0.0017175814766734,0.0017175814766734,0.0,20,0.327691670320911,0.0005628371430033
2022-07-22,MSFT/ORCL,-0.0,-0.0,0.0,20,0.2464366196727371,-0.0
2022-07-22,NXPI/TXN,-0.0,-0.0,0.0,20,0.2926670466874079,-0.0
2022-07-25,MA/SYF,-0.0,-0.0,0.0,20,0.1332046633189439,-0.0
2022-07-25,JNJ/LLY,-0.0010823322362949,-0.0010823322362949,0.0,20,0.327691670320911,-0.0003546712583536
2022-07-25,MSFT/ORCL,-0.0,-0.0,0.0,20,0.2464366196727371,-0.0
2022-07-25,NXPI/TXN,-0.0,-0.0,0.0,20,0.2926670466874079,-0.0
2022-07-26,MA/SYF,0.0,0.0,0.0,20,0.1332046633189439,0.0
2022-07-26,JNJ/LLY,0.0050052210858646,0.0050052210858646,0.0,20,0.327691670320911,0.0016401692579524
2022-07-26,MSFT/ORCL,-0.0,-0.0,0.0,20,0.2464366196727371,-0.0
2022-07-26,NXPI/TXN,-0.0,-0.0,0.0,20,0.2926670466874079,-0.0
2022-07-27,MA/SYF,-0.0,-0.0,0.0,20,0.1332046633189439,-0.0
2022-07-27,JNJ/LLY,0.0003448558867754,0.0003448558867754,0.0,20,0.327691670320911,0.0001130064015574
2022-07-27,MSFT/ORCL,0.0,0.0,0.0,20,0.2464366196727371,0.0
2022-07-27,NXPI/TXN,0.0301624843728152,0.0311624843728152,1.0,20,0.2926670466874079,0.0088275652221469
2022-07-28,MA/SYF,0.0,0.0,0.0,20,0.1332046633189439,0.0
2022-07-28,JNJ/LLY,0.0024415624006191,0.0024415624006191,0.0,20,0.327691670320911,0.0008000796612516
2022-07-28,MSFT/ORCL,0.0,0.0,0.0,20,0.2464366196727371,0.0
2022-07-28,NXPI/TXN,0.013214163708281,0.013214163708281,0.0,20,0.2926670466874079,0.0038673502669465
2022-07-29,MA/SYF,0.0058803625404715,0.0068803625404715,1.0,20,0.1332046633189439,0.0007832917123968
2022-07-29,JNJ/LLY,0.0022802371835484,0.0022802371835484,0.0,20,0.327691670320911,0.0007472147314048
2022-07-29,MSFT/ORCL,0.0,0.0,0.0,20,0.2464366196727371,0.0
2022-07-29,NXPI/TXN,0.0149217047944017,0.0149217047944017,0.0,20,0.2926670466874079,0.0043670912737188
2022-08-01,MA/SYF,0.0087663078274814,0.0087663078274814,0.0,20,0.1332046633189439,0.0011677130827098
2022-08-01,JNJ/LLY,0.0024318350428314,0.0024318350428314,0.0,20,0.327691670320911,0.0007968920871303
2022-08-01,MSFT/ORCL,-0.0,-0.0,0.0,20,0.2464366196727371,-0.0
2022-08-01,NXPI/TXN,-0.0014725291017806,-0.0014725291017806,0.0,20,0.2926670466874079,-0.0004309607433794
2022-08-02,MA/SYF,-0.0049806113357261,-0.0049806113357261,0.0,20,0.1332046633189439,-0.0006634406560979
2022-08-02,JNJ/LLY,-0.0004692339333483,-0.0004692339333483,0.0,20,0.327691670320911,-0.0001537640513901
2022-08-02,MSFT/ORCL,-0.0,-0.0,0.0,20,0.2464366196727371,-0.0
2022-08-02,NXPI/TXN,0.0015628211089734,0.0015628211089734,0.0,20,0.2926670466874079,0.0004573862384639
2022-08-03,MA/SYF,0.0002918428535566,0.0002918428535566,0.0,20,0.1332046633189439,3.887482905005428e-05
2022-08-03,JNJ/LLY,0.012648779509412,0.012648779509412,0.0,20,0.327691670320911,0.0041448996849601
2022-08-03,MSFT/ORCL,0.0,0.0,0.0,20,0.2464366196727371,0.0
2022-08-03,NXPI/TXN,0.0137397959234065,0.0137397959234065,0.0,20,0.2926670466874079,0.004021185494991
2022-08-04,MA/SYF,-0.0059455688370775,-0.0059455688370775,0.0,20,0.1332046633189439,-0.0007919774951825
2022-08-04,JNJ/LLY,-0.0038564327771968,-0.0038564327771968,0.0,20,0.327691670320911,-0.0012637208982399
2022-08-04,MSFT/ORCL,0.0,0.0,0.0,20,0.2464366196727371,0.0
2022-08-04,NXPI/TXN,0.0075434606700807,0.0075434606700807,0.0,20,0.2926670466874079,0.0022077223561151
2022-08-05,MA/SYF,-0.0016185922529195,-0.0016185922529195,0.0,20,0.1332046633189439,-0.0002156040361007
2022-08-05,JNJ/LLY,0.001473826643798,0.001473826643798,0.0,20,0.327691670320911,0.0004829607146696
2022-08-05,MSFT/ORCL,-0.0,-0.0,0.0,20,0.2464366196727371,-0.0
2022-08-05,NXPI/TXN,0.0026513331763357,0.0026513331763357,0.0,20,0.2926670466874079,0.0007759578505025
2022-08-08,MA/SYF,0.0151629913366495,0.0151629913366495,0.0,20,0.1332046633189439,0.0020197811559064
2022-08-08,JNJ/LLY,-0.0049081949942793,-0.0049081949942793,0.0,20,0.327691670320911,-0.0016083746159361
2022-08-08,MSFT/ORCL,-0.0,-0.0,0.0,20,0.2464366196727371,-0.0
2022-08-08,NXPI/TXN,-0.0021478115200029,-0.0021478115200029,0.0,20,0.2926670466874079,-0.0006285936544004
2022-08-09,MA/SYF,0.0066861510698553,0.0066861510698553,0.0,20,0.1332046633189439,0.0008906265021596
2022-08-09,JNJ/LLY,-0.0005856521734453,-0.0005856521734453,0.0,20,0.327691670320911,-0.0001919133389433
2022-08-09,MSFT/ORCL,0.0,0.0,0.0,20,0.2464366196727371,0.0
2022-08-09,NXPI/TXN,-0.001318929078623,-0.001318929078623,0.0,20,0.2926670466874079,-0.0003860070782307
2022-08-10,MA/SYF,0.0013952919463773,0.0013952919463773,0.0,20,0.1332046633189439,0.0001858593939488
2022-08-10,JNJ/LLY,0.0005043095960942,0.0005043095960942,0.0,20,0.327691670320911,0.000165258053903
2022-08-10,MSFT/ORCL,0.0,0.0,0.0,20,0.2464366196727371,0.0
2022-08-10,NXPI/TXN,0.0021188031795821,0.0021188031795821,0.0,20,0.2926670466874079,0.0006201038690802
2022-08-11,MA/SYF,0.0093044248454164,0.0093044248454164,0.0,20,0.1332046633189439,0.0012393927789101
2022-08-11,JNJ/LLY,-0.0113388717856825,-0.0113388717856825,0.0,20,0.327691670320911,-0.0037156538350049
2022-08-11,MSFT/ORCL,-0.0,-0.0,0.0,20,0.2464366196727371,-0.0
2022-08-11,NXPI/TXN,-0.0045847575052061,-0.0045847575052061,0.0,20,0.2926670466874079,-0.0013418074388266
2022-08-12,MA/SYF,-0.0072016405960515,-0.0072016405960515,0.0,20,0.1332046633189439,-0.000959292110941
2022-08-12,JNJ/LLY,-0.0154653336551648,-0.0154653336551648,0.0,20,0.327691670320911,-0.0050678610175311
2022-08-12,MSFT/ORCL,0.0,0.0,0.0,20,0.2464366196727371,0.0
2022-08-12,NXPI/TXN,-0.0014885854373503,-0.0014885854373503,0.0,20,0.2926670466874079,-0.0004356599036911
2022-08-15,MA/SYF,-0.0145007740409033,-0.0145007740409033,0.0,20,0.1332046633189439,-0.0019315707239826
2022-08-15,JNJ/LLY,-0.002125085722697,-0.002125085722697,0.0,20,0.327691670320911,-0.0006963728900457
2022-08-15,MSFT/ORCL,0.0,0.0,0.0,20,0.2464366196727371,0.0
2022-08-15,NXPI/TXN,-0.0001119863096019,-0.0001119863096019,0.0,20,0.2926670466874079,-3.277470250063582e-05
2022-08-16,MA/SYF,0.0036700401506115,0.0036700401506115,0.0,20,0.1332046633189439,0.0004888664626292
2022-08-16,JNJ/LLY,-0.001,0.0,1.0,20,0.327691670320911,-0.0003276916703209
2022-08-16,MSFT/ORCL,-0.0,-0.0,0.0,20,0.2464366196727371,-0.0
2022-08-16,NXPI/TXN,-0.0040946779870351,-0.0040946779870351,0.0,20,0.2926670466874079,-0.0011983773136015
2022-08-17,MA/SYF,0.0009541576710732,0.0009541576710732,0.0,20,0.1332046633189439,0.0001270982513284
2022-08-17,JNJ/LLY,-0.0,-0.0,0.0,20,0.327691670320911,-0.0
2022-08-17,MSFT/ORCL,-0.0,-0.0,0.0,20,0.2464366196727371,-0.0
2022-08-17,NXPI/TXN,-0.0134917173920772,-0.0134917173920772,0.0,20,0.2926670466874079,-0.0039485810838803
2022-08-18,MA/SYF,-0.0026195897635069,-0.0026195897635069,0.0,20,0.1332046633189439,-0.0003489415724816
2022-08-18,JNJ/LLY,-0.0,-0.0,0.0,20,0.327691670320911,-0.0
2022-08-18,MSFT/ORCL,-0.0,-0.0,0.0,20,0.2464366196727371,-0.0
2022-08-18,NXPI/TXN,0.0017048924543178,0.0017048924543178,0.0,20,0.2926670466874079,0.0004989658395248
2022-08-19,MA/SYF,-0.0027120901785139,-0.0027120901785139,0.0,20,0.1332046633189439,-0.0003612630591195
2022-08-19,JNJ/LLY,0.0,0.0,0.0,20,0.327691670320911,0.0
2022-08-19,MSFT/ORCL,-0.0,-0.0,0.0,20,0.2464366196727371,-0.0
2022-08-19,NXPI/TXN,-0.0028829305329628,-0.0028829305329628,0.0,20,0.2926670466874079,-0.0008437387648871
2022-08-22,MA/SYF,0.0095143856071362,0.0095143856071362,0.0,20,0.1332046633189439,0.0012673605314851
2022-08-22,JNJ/LLY,-0.0,-0.0,0.0,20,0.327691670320911,-0.0
2022-08-22,MSFT/ORCL,-0.0,-0.0,0.0,20,0.2464366196727371,-0.0
2022-08-22,NXPI/TXN,-0.0039499408685241,-0.0039499408685241,0.0,20,0.2926670466874079,-0.0011560175285808
2022-08-23,MA/SYF,0.0148993429624505,0.0148993429624505,0.0,20,0.1332046633189439,0.0019846619629867
2022-08-23,JNJ/LLY,0.0,0.0,0.0,20,0.327691670320911,0.0
2022-08-23,MSFT/ORCL,-0.0,-0.0,0.0,20,0.2464366196727371,-0.0
2022-08-23,NXPI/TXN,-0.001,0.0,1.0,20,0.2926670466874079,-0.0002926670466874
2022-08-24,MA/SYF,0.0052896214483897,0.0052896214483897,0.0,20,0.1332046633189439,0.0007046022441174
2022-08-24,JNJ/LLY,-0.0,-0.0,0.0,20,0.327691670320911,-0.0
2022-08-24,MSFT/ORCL,-0.0,-0.0,0.0,20,0.2464366196727371,-0.0
2022-08-24,NXPI/TXN,0.0,0.0,0.0,20,0.2926670466874079,0.0
2022-08-25,MA/SYF,-0.001,0.0,1.0,20,0.1332046633189439,-0.0001332046633189
2022-08-25,JNJ/LLY,0.0,0.0,0.0,20,0.327691670320911,0.0
2022-08-25,MSFT/ORCL,0.0,0.0,0.0,20,0.2464366196727371,0.0
2022-08-25,NXPI/TXN,0.0,0.0,0.0,20,0.2926670466874079,0.0
2022-08-26,MA/SYF,-0.0,-0.0,0.0,20,0.1332046633189439,-0.0
2022-08-26,JNJ/LLY,-0.0,-0.0,0.0,20,0.327691670320911,-0.0
2022-08-26,MSFT/ORCL,-0.0,-0.0,0.0,20,0.2464366196727371,-0.0
2022-08-26,NXPI/TXN,-0.0,-0.0,0.0,20,0.2926670466874079,-0.0
2022-08-29,MA/SYF,0.0,0.0,0.0,20,0.1332046633189439,0.0
2022-08-29,JNJ/LLY,-0.0,-0.0,0.0,20,0.327691670320911,-0.0
2022-08-29,MSFT/ORCL,-0.0,-0.0,0.0,20,0.2464366196727371,-0.0
2022-08-29,NXPI/TXN,-0.0,-0.0,0.0,20,0.2926670466874079,-0.0
2022-08-30,MA/SYF,-0.0,-0.0,0.0,20,0.1332046633189439,-0.0
2022-08-30,JNJ/LLY,0.0,0.0,0.0,20,0.327691670320911,0.0
2022-08-30,MSFT/ORCL,-0.0,-0.0,0.0,20,0.2464366196727371,-0.0
2022-08-30,NXPI/TXN,-0.0,-0.0,0.0,20,0.2926670466874079,-0.0
2022-08-31,MA/SYF,-0.0,-0.0,0.0,20,0.1332046633189439,-0.0
2022-08-31,JNJ/LLY,0.0,0.0,0.0,20,0.327691670320911,0.0
2022-08-31,MSFT/ORCL,-0.0,-0.0,0.0,20,0.2464366196727371,-0.0
2022-08-31,NXPI/TXN,-0.0,-0.0,0.0,20,0.2926670466874079,-0.0
2022-09-01,MA/SYF,0.0,0.0,0.0,20,0.1332046633189439,0.0
2022-09-01,JNJ/LLY,0.0,0.0,0.0,20,0.327691670320911,0.0
2022-09-01,MSFT/ORCL,-0.0,-0.0,0.0,20,0.2464366196727371,-0.0
2022-09-01,NXPI/TXN,0.0,0.0,0.0,20,0.2926670466874079,0.0
2022-09-02,MA/SYF,-0.0,-0.0,0.0,20,0.1332046633189439,-0.0
2022-09-02,JNJ/LLY,-0.0,-0.0,0.0,20,0.327691670320911,-0.0
2022-09-02,MSFT/ORCL,-0.0,-0.0,0.0,20,0.2464366196727371,-0.0
2022-09-02,NXPI/TXN,-0.0,-0.0,0.0,20,0.2926670466874079,-0.0
2022-09-06,MA/SYF,0.0,0.0,0.0,20,0.1332046633189439,0.0
2022-09-06,JNJ/LLY,-0.0,-0.0,0.0,20,0.327691670320911,-0.0
2022-09-06,MSFT/ORCL,-0.0,-0.0,0.0,20,0.2464366196727371,-0.0
2022-09-06,NXPI/TXN,0.0,0.0,0.0,20,0.2926670466874079,0.0
2022-09-07,MA/SYF,0.0,0.0,0.0,20,0.1332046633189439,0.0
2022-09-07,JNJ/LLY,-0.0,-0.0,0.0,20,0.327691670320911,-0.0
2022-09-07,MSFT/ORCL,0.0,0.0,0.0,20,0.2464366196727371,0.0
2022-09-07,NXPI/TXN,0.0,0.0,0.0,20,0.2926670466874079,0.0
2022-09-08,MA/SYF,-0.0,-0.0,0.0,20,0.1332046633189439,-0.0
2022-09-08,JNJ/LLY,0.0,0.0,0.0,20,0.327691670320911,0.0
2022-09-08,MSFT/ORCL,0.0,0.0,0.0,20,0.2464366196727371,0.0
2022-09-08,NXPI/TXN,0.0,0.0,0.0,20,0.2926670466874079,0.0
2022-09-09,MA/SYF,0.0,0.0,0.0,20,0.1332046633189439,0.0
2022-09-09,JNJ/LLY,-0.0,-0.0,0.0,20,0.327691670320911,-0.0
2022-09-09,MSFT/ORCL,0.0,0.0,0.0,20,0.2464366196727371,0.0
2022-09-09,NXPI/TXN,0.0,0.0,0.0,20,0.2926670466874079,0.0
2022-09-12,MA/SYF,-0.0,-0.0,0.0,20,0.1332046633189439,-0.0
2022-09-12,JNJ/LLY,0.0,0.0,0.0,20,0.327691670320911,0.0
2022-09-12,MSFT/ORCL,-0.0,-0.0,0.0,20,0.2464366196727371,-0.0
2022-09-12,NXPI/TXN,-0.0,-0.0,0.0,20,0.2926670466874079,-0.0
2022-09-13,MA/SYF,-0.0,-0.0,0.0,20,0.1332046633189439,-0.0
2022-09-13,JNJ/LLY,-0.0,-0.0,0.0,20,0.327691670320911,-0.0
2022-09-13,MSFT/ORCL,-0.0,-0.0,0.0,20,0.2464366196727371,-0.0
2022-09-13,NXPI/TXN,-0.0,-0.0,0.0,20,0.2926670466874079,-0.0
2022-09-14,MA/SYF,-0.0,-0.0,0.0,20,0.1332046633189439,-0.0
2022-09-14,JNJ/LLY,0.0,0.0,0.0,20,0.327691670320911,0.0
2022-09-14,MSFT/ORCL,0.0193928389384384,0.0203928389384384,1.0,20,0.2464366196727371,0.0047791056738465
2022-09-14,NXPI/TXN,-0.0,-0.0,0.0,20,0.2926670466874079,-0.0
2022-09-15,MA/SYF,-0.0,-0.0,0.0,20,0.1332046633189439,-0.0
2022-09-15,JNJ/LLY,0.0,0.0,0.0,20,0.327691670320911,0.0
2022-09-15,MSFT/ORCL,-0.0066630517462009,-0.0066630517462009,0.0,20,0.2464366196727371,-0.0016420199490382
2022-09-15,NXPI/TXN,-0.0,-0.0,0.0,20,0.2926670466874079,-0.0
2022-09-16,MA/SYF,-0.0043205663113372,-0.0033205663113372,1.0,20,0.1332046633189439,-0.0005755195808488
2022-09-16,JNJ/LLY,0.0,0.0,0.0,20,0.327691670320911,0.0
2022-09-16,MSFT/ORCL,0.0061188878674336,0.0061188878674336,0.0,20,0.2464366196727371,0.0015079180422068
2022-09-16,NXPI/TXN,0.0,0.0,0.0,20,0.2926670466874079,0.0
2022-09-19,MA/SYF,-0.0042518667311059,-0.0042518667311059,0.0,20,0.1332046633189439,-0.0005663684763939
2022-09-19,JNJ/LLY,0.0010447186172219,0.0020447186172219,1.0,20,0.327691670320911,0.0003423455886928
2022-09-19,MSFT/ORCL,-0.0018941244128865,-0.0018941244128865,0.0,20,0.2464366196727371,-0.0004667816175513
2022-09-19,NXPI/TXN,-0.0,-0.0,0.0,20,0.2926670466874079,-0.0
2022-09-20,MA/SYF,0.0075841865699277,0.0075841865699277,0.0,20,0.1332046633189439,0.0010102490185952
2022-09-20,JNJ/LLY,0.0024144258158239,0.0024144258158239,0.0,20,0.327691670320911,0.0007911872284532
2022-09-20,MSFT/ORCL,0.0001370194153939,0.0001370194153939,0.0,20,0.2464366196727371,3.376660155921452e-05
2022-09-20,NXPI/TXN,0.0,0.0,0.0,20,0.2926670466874079,0.0
2022-09-21,MA/SYF,-0.0109510539001761,-0.0109510539001761,0.0,20,0.1332046633189439,-0.0014587314477605
2022-09-21,JNJ/LLY,0.0022487681277647,0.0022487681277647,0.0,20,0.327691670320911,0.0007369025839516
2022-09-21,MSFT/ORCL,-0.001202540374444,-0.001202540374444,0.0,20,0.2464366196727371,-0.0002963499848979
2022-09-21,NXPI/TXN,-0.0,-0.0,0.0,20,0.2926670466874079,-0.0
2022-09-22,MA/SYF,-0.0060953106057002,-0.0060953106057002,0.0,20,0.1332046633189439,-0.0008119237970566
2022-09-22,JNJ/LLY,0.0014126667842064,0.0014126667842064,0.0,20,0.327691670320911,0.0004629191381234
2022-09-22,MSFT/ORCL,0.0093766127127048,0.0093766127127048,0.0,20,0.2464366196727371,0.0023107407408994
2022-09-22,NXPI/TXN,0.0,0.0,0.0,20,0.2926670466874079,0.0
2022-09-23,MA/SYF,-0.0070921813251484,-0.0070921813251484,0.0,20,0.1332046633189439,-0.0009447116256133
2022-09-23,JNJ/LLY,-0.0017619679557861,-0.0017619679557861,0.0,20,0.327691670320911,-0.0005773822224834
2022-09-23,MSFT/ORCL,0.0008057783719595,0.0008057783719595,0.0,20,0.2464366196727371,0.0001985732981911
2022-09-23,NXPI/TXN,-0.0,-0.0,0.0,20,0.2926670466874079,-0.0
2022-09-26,MA/SYF,0.0017737360346829,0.0017737360346829,0.0,20,0.1332046633189439,0.0002362699113166
2022-09-26,JNJ/LLY,0.0006744016846713,0.0006744016846713,0.0,20,0.327691670320911,0.0002209958145171
2022-09-26,MSFT/ORCL,0.0053352240061714,0.0053352240061714,0.0,20,0.2464366196727371,0.0013147945692777
2022-09-26,NXPI/TXN,-0.0,-0.0,0.0,20,0.2926670466874079,-0.0
2022-09-27,MA/SYF,-0.0079713489529393,-0.0079713489529393,0.0,20,0.1332046633189439,-0.0010618208534741
2022-09-27,JNJ/LLY,0.0066448820994252,0.0066448820994252,0.0,20,0.327691670320911,0.0021774725142461
2022-09-27,MSFT/ORCL,0.0035403783564727,0.0035403783564727,0.0,20,0.2464366196727371,0.0008724788745316
2022-09-27,NXPI/TXN,-0.0,-0.0,0.0,20,0.2926670466874079,-0.0
2022-09-28,MA/SYF,0.0004293328163635,0.0004293328163635,0.0,20,0.1332046633189439,5.718913325548259e-05
2022-09-28,JNJ/LLY,0.0154715256173907,0.0154715256173907,0.0,20,0.327691670320911,0.0050698900719755
2022-09-28,MSFT/ORCL,0.0081435397670212,0.0081435397670212,0.0,20,0.2464366196727371,0.0020068664123552
2022-09-28,NXPI/TXN,0.0,0.0,0.0,20,0.2926670466874079,0.0
2022-09-29,MA/SYF,-0.0069821559329261,-0.0069821559329261,0.0,20,0.1332046633189439,-0.0009300557302857
2022-09-29,JNJ/LLY,0.0041171050712664,0.0041171050712664,0.0,20,0.327691670320911,0.0013491410376899
2022-09-29,MSFT/ORCL,0.0010556400548935,0.0010556400548935,0.0,20,0.2464366196727371,0.0002601483667191
2022-09-29,NXPI/TXN,-0.0,-0.0,0.0,20,0.2926670466874079,-0.0
2022-09-30,MA/SYF,0.0002407879649357,0.0002407879649357,0.0,20,0.1332046633189439,3.207407980051661e-05
2022-09-30,JNJ/LLY,-0.0006593667769663,-0.0006593667769663,0.0,20,0.327691670320911,-0.0002160690004982
2022-09-30,MSFT/ORCL,-0.0098639591238627,-0.0098639591238627,0.0,20,0.2464366196727371,-0.0024308407430747
2022-09-30,NXPI/TXN,-0.0,-0.0,0.0,20,0.2926670466874079,-0.0
2022-10-03,MA/SYF,-0.0010865155534768,-0.0010865155534768,0.0,20,0.1332046633189439,-0.0001447289384916
2022-10-03,JNJ/LLY,-0.0008820553821492,-0.0008820553821492,0.0,20,0.327691670320911,-0.000289042201492
2022-10-03,MSFT/ORCL,0.0080893661936322,0.0080893661936322,0.0,20,0.2464366196727371,0.0019935160600536
2022-10-03,NXPI/TXN,0.0,0.0,0.0,20,0.2926670466874079,0.0
2022-10-04,MA/SYF,0.0096831076863739,0.0096831076863739,0.0,20,0.1332046633189439,0.0012898350992445
2022-10-04,JNJ/LLY,-0.0032426485935607,-0.0032426485935607,0.0,20,0.327691670320911,-0.0010625889338876
2022-10-04,MSFT/ORCL,0.0049011561178595,0.0049011561178595,0.0,20,0.2464366196727371,0.0012078243461736
2022-10-04,NXPI/TXN,0.0,0.0,0.0,20,0.2926670466874079,0.0
2022-10-05,MSFT/ORCL,-0.0,-0.0,0.0,21,0.2247074849149615,-0.0
2022-10-05,COF/V,0.0,0.0,0.0,21,0.2136082013964435,0.0
2022-10-05,MA/SYF,0.0,0.0,0.0,21,0.2116843136885949,0.0
2022-10-05,BAC/WFC,-0.0,-0.0,0.0,21,0.35,-0.0
2022-10-06,MSFT/ORCL,0.0,0.0,0.0,21,0.2247074849149615,0.0
2022-10-06,COF/V,-0.0,-0.0,0.0,21,0.2136082013964435,-0.0
2022-10-06,MA/SYF,-0.0,-0.0,0.0,21,0.2116843136885949,-0.0
2022-10-06,BAC/WFC,0.0,0.0,0.0,21,0.35,0.0
2022-10-07,MSFT/ORCL,-0.0,-0.0,0.0,21,0.2247074849149615,-0.0
2022-10-07,COF/V,0.0,0.0,0.0,21,0.2136082013964435,0.0
2022-10-07,MA/SYF,-0.0,-0.0,0.0,21,0.2116843136885949,-0.0
2022-10-07,BAC/WFC,-0.0,-0.0,0.0,21,0.35,-0.0
2022-10-10,MSFT/ORCL,-0.0,-0.0,0.0,21,0.2247074849149615,-0.0
2022-10-10,COF/V,-0.0,-0.0,0.0,21,0.2136082013964435,-0.0
2022-10-10,MA/SYF,-0.0,-0.0,0.0,21,0.2116843136885949,-0.0
2022-10-10,BAC/WFC,0.0,0.0,0.0,21,0.35,0.0
2022-10-11,MSFT/ORCL,-0.0,-0.0,0.0,21,0.2247074849149615,-0.0
2022-10-11,COF/V,-0.0,-0.0,0.0,21,0.2136082013964435,-0.0
2022-10-11,MA/SYF,-0.0,-0.0,0.0,21,0.2116843136885949,-0.0
2022-10-11,BAC/WFC,-0.0,-0.0,0.0,21,0.35,-0.0
2022-10-12,MSFT/ORCL,-0.0,-0.0,0.0,21,0.2247074849149615,-0.0
2022-10-12,COF/V,-0.0,-0.0,0.0,21,0.2136082013964435,-0.0
2022-10-12,MA/SYF,-0.0,-0.0,0.0,21,0.2116843136885949,-0.0
2022-10-12,BAC/WFC,-0.0,-0.0,0.0,21,0.35,-0.0
2022-10-13,MSFT/ORCL,0.0,0.0,0.0,21,0.2247074849149615,0.0
2022-10-13,COF/V,0.0,0.0,0.0,21,0.2136082013964435,0.0
2022-10-13,MA/SYF,0.0,0.0,0.0,21,0.2116843136885949,0.0
2022-10-13,BAC/WFC,0.0,0.0,0.0,21,0.35,0.0
2022-10-14,MSFT/ORCL,-0.0,-0.0,0.0,21,0.2247074849149615,-0.0
2022-10-14,COF/V,-0.0,-0.0,0.0,21,0.2136082013964435,-0.0
2022-10-14,MA/SYF,-0.0,-0.0,0.0,21,0.2116843136885949,-0.0
2022-10-14,BAC/WFC,0.0064963349778835,0.0074963349778835,1.0,21,0.35,0.0022737172422592
2022-10-17,MSFT/ORCL,0.0,0.0,0.0,21,0.2247074849149615,0.0
2022-10-17,COF/V,0.0,0.0,0.0,21,0.2136082013964435,0.0
2022-10-17,MA/SYF,0.0,0.0,0.0,21,0.2116843136885949,0.0
2022-10-17,BAC/WFC,-0.0280636047802738,-0.0280636047802738,0.0,21,0.35,-0.0098222616730958
2022-10-18,MSFT/ORCL,0.0,0.0,0.0,21,0.2247074849149615,0.0
2022-10-18,COF/V,0.0,0.0,0.0,21,0.2136082013964435,0.0
2022-10-18,MA/SYF,0.0,0.0,0.0,21,0.2116843136885949,0.0
2022-10-18,BAC/WFC,-0.001,0.0,1.0,21,0.35,-0.00035
2022-10-19,MSFT/ORCL,-0.0,-0.0,0.0,21,0.2247074849149615,-0.0
2022-10-19,COF/V,0.0,0.0,0.0,21,0.2136082013964435,0.0
2022-10-19,MA/SYF,-0.0026357304938306,-0.0016357304938306,1.0,21,0.2116843136885949,-0.0005579428006546
2022-10-19,BAC/WFC,-0.0,-0.0,0.0,21,0.35,-0.0
2022-10-20,MSFT/ORCL,-0.0,-0.0,0.0,21,0.2247074849149615,-0.0
2022-10-20,COF/V,0.0,0.0,0.0,21,0.2136082013964435,0.0
2022-10-20,MA/SYF,0.0034107303148415,0.0034107303148415,0.0,21,0.2116843136885949,0.0007219981058741
2022-10-20,BAC/WFC,-0.0,-0.0,0.0,21,0.35,-0.0
2022-10-21,MSFT/ORCL,-0.0,-0.0,0.0,21,0.2247074849149615,-0.0
2022-10-21,COF/V,0.0,0.0,0.0,21,0.2136082013964435,0.0
2022-10-21,MA/SYF,-0.0080331503661504,-0.0080331503661504,0.0,21,0.2116843136885949,-0.0017004919220158
2022-10-21,BAC/WFC,0.0,0.0,0.0,21,0.35,0.0
2022-10-24,MSFT/ORCL,0.0,0.0,0.0,21,0.2247074849149615,0.0
2022-10-24,COF/V,-0.0,-0.0,0.0,21,0.2136082013964435,-0.0
2022-10-24,MA/SYF,-0.0024693402322062,-0.0024693402322062,0.0,21,0.2116843136885949,-0.0005227205923182
2022-10-24,BAC/WFC,-0.0,-0.0,0.0,21,0.35,-0.0
2022-10-25,MSFT/ORCL,0.0,0.0,0.0,21,0.2247074849149615,0.0
2022-10-25,COF/V,0.0,0.0,0.0,21,0.2136082013964435,0.0
2022-10-25,MA/SYF,0.0011237935592271,0.0011237935592271,0.0,21,0.2116843136885949,0.0002378894683126
2022-10-25,BAC/WFC,0.0,0.0,0.0,21,0.35,0.0
2022-10-26,MSFT/ORCL,-0.0,-0.0,0.0,21,0.2247074849149615,-0.0
2022-10-26,COF/V,0.0,0.0,0.0,21,0.2136082013964435,0.0
2022-10-26,MA/SYF,-0.018325262890927,-0.018325262890927,0.0,21,0.2116843136885949,-0.0038791706982289
2022-10-26,BAC/WFC,0.0,0.0,0.0,21,0.35,0.0
2022-10-27,MSFT/ORCL,-0.0156233261027299,-0.0146233261027299,1.0,21,0.2247074849149615,-0.0035106783145507
2022-10-27,COF/V,-0.0039426101952853,-0.0029426101952853,1.0,21,0.2136082013964435,-0.0008421738726221
2022-10-27,MA/SYF,0.0004737883222653,0.0004737883222653,0.0,21,0.2116843136885949,0.0001002935558324
2022-10-27,BAC/WFC,0.0,0.0,0.0,21,0.35,0.0
2022-10-28,MSFT/ORCL,0.0173303616830428,0.0173303616830428,0.0,21,0.2247074849149615,0.0038942619864631
2022-10-28,COF/V,-0.0053157940866341,-0.0053157940866341,0.0,21,0.2136082013964435,-0.0011354972138397
2022-10-28,MA/SYF,-0.0149356355968905,-0.0149356355968905,0.0,21,0.2116843136885949,-0.0031616397708307
2022-10-28,BAC/WFC,-0.0,-0.0,0.0,21,0.35,-0.0
2022-10-31,MSFT/ORCL,-0.0136750535373856,-0.0136750535373856,0.0,21,0.2247074849149615,-0.0030728868864633
2022-10-31,COF/V,0.0049417238216474,0.0049417238216474,0.0,21,0.2136082013964435,0.00105559273734
2022-10-31,MA/SYF,0.0002693736030499,0.0002693736030499,0.0,21,0.2116843136885949,5.702216628744601e-05
2022-10-31,BAC/WFC,0.0,0.0,0.0,21,0.35,0.0
2022-11-01,MSFT/ORCL,-0.0075604264761787,-0.0075604264761787,0.0,21,0.2247074849149615,-0.0016988844183466
2022-11-01,COF/V,0.002807671519755,0.002807671519755,0.0,21,0.2136082013964435,0.0005997416634469
2022-11-01,MA/SYF,-0.0084692623761066,-0.0084692623761066,0.0,21,0.2116843136885949,-0.0017928099935347
2022-11-01,BAC/WFC,-0.0,-0.0,0.0,21,0.35,-0.0
2022-11-02,MSFT/ORCL,-0.0156839649982836,-0.0156839649982836,0.0,21,0.2247074849149615,-0.0035243043282586
2022-11-02,COF/V,0.0121272327796757,0.0121272327796757,0.0,21,0.2136082013964435,0.0025904763819825
2022-11-02,MA/SYF,0.0217126681746322,0.0217126681746322,0.0,21,0.2116843136885949,0.0045962312608952
2022-11-02,BAC/WFC,-0.0,-0.0,0.0,21,0.35,-0.0
2022-11-03,MSFT/ORCL,-0.0176615375738966,-0.0176615375738966,0.0,21,0.2247074849149615,-0.0039686796879614
2022-11-03,COF/V,0.0112236430411813,0.0112236430411813,0.0,21,0.2136082013964435,0.0023974622031424
2022-11-03,MA/SYF,0.0169049858167604,0.0169049858167604,0.0,21,0.2116843136885949,0.0035785203205363
2022-11-03,BAC/WFC,0.0,0.0,0.0,21,0.35,0.0
2022-11-04,MSFT/ORCL,0.0185330918839144,0.0185330918839144,0.0,21,0.2247074849149615,0.0041645244649323
2022-11-04,COF/V,0.0016486345142775,0.0016486345142775,0.0,21,0.2136082013964435,0.0003521618533549
2022-11-04,MA/SYF,-0.0135432347924841,-0.0135432347924841,0.0,21,0.2116843136885949,-0.0028668903621705
2022-11-04,BAC/WFC,0.0,0.0,0.0,21,0.35,0.0
2022-11-07,MSFT/ORCL,0.0168103246675468,0.0168103246675468,0.0,21,0.2247074849149615,0.0037774057766483
2022-11-07,COF/V,-0.0058697457071219,-0.0058697457071219,0.0,21,0.2136082013964435,-0.0012538258231528
2022-11-07,MA/SYF,-0.0061868422205275,-0.0061868422205275,0.0,21,0.2116843136885949,-0.0013096574493519
2022-11-07,BAC/WFC,0.0,0.0,0.0,21,0.35,0.0
2022-11-08,MSFT/ORCL,0.0075745059000076,0.0075745059000076,0.0,21,0.2247074849149615,0.0017020481702642
2022-11-08,COF/V,-0.0041239192043346,-0.0041239192043346,0.0,21,0.2136082013964435,-0.0008809029639421
2022-11-08,MA/SYF,-0.0022173100159067,-0.0022173100159067,0.0,21,0.2116843136885949,-0.000469369748952
2022-11-08,BAC/WFC,0.0,0.0,0.0,21,0.35,0.0
2022-11-09,MSFT/ORCL,-0.013019204076802,-0.013019204076802,0.0,21,0.2247074849149615,-0.0029255126036928
2022-11-09,COF/V,0.0166727076404102,0.0166727076404102,0.0,21,0.2136082013964435,0.0035614270914767
2022-11-09,MA/SYF,0.014290885254546,0.014290885254546,0.0,21,0.2116843136885949,0.003025156237111
2022-11-09,BAC/WFC,0.0,0.0,0.0,21,0.35,0.0
2022-11-10,MSFT/ORCL,0.0494646462586521,0.0494646462586521,0.0,21,0.2247074849149615,0.0111150762529899
2022-11-10,COF/V,-0.0109379228584045,-0.0109379228584045,0.0,21,0.2136082013964435,-0.0023364300287968
2022-11-10,MA/SYF,-0.0206097755094245,-0.0206097755094245,0.0,21,0.2116843136885949,-0.0043627661839885
2022-11-10,BAC/WFC,0.0,0.0,0.0,21,0.35,0.0
2022-11-11,MSFT/ORCL,0.0090802349693142,0.0090802349693142,0.0,21,0.2247074849149615,0.0020403967623914
2022-11-11,COF/V,0.0086813031082985,0.0086813031082985,0.0,21,0.2136082013964435,0.001854397542741
2022-11-11,MA/SYF,0.0063396255498188,0.0063396255498188,0.0,21,0.2116843136885949,0.001341999283556
2022-11-11,BAC/WFC,0.0,0.0,0.0,21,0.35,0.0
2022-11-14,MSFT/ORCL,-0.0184540890517399,-0.0184540890517399,0.0,21,0.2247074849149615,-0.0041467719372132
2022-11-14,COF/V,-0.0173500017908118,-0.0173500017908118,0.0,21,0.2136082013964435,-0.0037061026767603
2022-11-14,MA/SYF,-0.0171858422602391,-0.0171858422602391,0.0,21,0.2116843136885949,-0.0036379732240191
2022-11-14,BAC/WFC,-0.0,-0.0,0.0,21,0.35,-0.0
2022-11-15,MSFT/ORCL,-0.0015510023361256,-0.0015510023361256,0.0,21,0.2247074849149615,-0.000348521834048
2022-11-15,COF/V,-0.0302207125519205,-0.0302207125519205,0.0,21,0.2136082013964435,-0.0064553920531346
2022-11-15,MA/SYF,-0.001,0.0,1.0,21,0.2116843136885949,-0.0002116843136885
2022-11-15,BAC/WFC,0.0,0.0,0.0,21,0.35,0.0
2022-11-16,MSFT/ORCL,-0.0017227396093488,-0.0017227396093488,0.0,21,0.2247074849149615,-0.0003871124847801
2022-11-16,COF/V,-0.005152030032495,-0.005152030032495,0.0,21,0.2136082013964435,-0.0011005158687817
2022-11-16,MA/SYF,-0.0050780311316222,-0.0040780311316222,1.0,21,0.2116843136885949,-0.0010749395349867
2022-11-16,BAC/WFC,-0.0,-0.0,0.0,21,0.35,-0.0
2022-11-17,MSFT/ORCL,0.0026994585732908,0.0026994585732908,0.0,21,0.2247074849149615,0.0006065885466363
2022-11-17,COF/V,-0.0090413939772055,-0.0090413939772055,0.0,21,0.2136082013964435,-0.0019313159055875
2022-11-17,MA/SYF,0.0051953637667661,0.0051953637667661,0.0,21,0.2116843136885949,0.0010997770133304
2022-11-17,BAC/WFC,-0.0,-0.0,0.0,21,0.35,-0.0
2022-11-18,MSFT/ORCL,-0.0034777919179122,-0.0034777919179122,0.0,21,0.2247074849149615,-0.0007814858749316
2022-11-18,COF/V,-0.0006258906259133,-0.0006258906259133,0.0,21,0.2136082013964435,-0.0001336953708722
2022-11-18,MA/SYF,-0.0016414959591319,-0.0016414959591319,0.0,21,0.2116843136885949,-0.0003474789455314
2022-11-18,BAC/WFC,-0.0,-0.0,0.0,21,0.35,-0.0
2022-11-21,MSFT/ORCL,0.0019391543837177,0.0019391543837177,0.0,21,0.2247074849149615,0.000435742504427
2022-11-21,COF/V,0.0219181687963546,0.0219181687963546,0.0,21,0.2136082013964435,0.0046819006144929
2022-11-21,MA/SYF,0.0145945678600393,0.0145945678600393,0.0,21,0.2116843136885949,0.003089441081034
2022-11-21,BAC/WFC,-0.0,-0.0,0.0,21,0.35,-0.0
2022-11-22,MSFT/ORCL,-0.0012065097212275,-0.0012065097212275,0.0,21,0.2247074849149615,-0.0002711117649824
2022-11-22,COF/V,-0.0136294438584046,-0.0136294438584046,0.0,21,0.2136082013964435,-0.0029113609886276
2022-11-22,MA/SYF,-0.0125937371730875,-0.0125937371730875,0.0,21,0.2116843136885949,-0.0026658966102595
2022-11-22,BAC/WFC,0.0,0.0,0.0,21,0.35,0.0
2022-11-23,MSFT/ORCL,-0.001,0.0,1.0,21,0.2247074849149615,-0.0002247074849149
2022-11-23,COF/V,-0.001,0.0,1.0,21,0.2136082013964435,-0.0002136082013964
2022-11-23,MA/SYF,-0.0052229778378031,-0.0052229778378031,0.0,21,0.2116843136885949,-0.0011056224790061
2022-11-23,BAC/WFC,-0.0,-0.0,0.0,21,0.35,-0.0
2022-11-25,MSFT/ORCL,-0.0,-0.0,0.0,21,0.2247074849149615,-0.0
2022-11-25,COF/V,0.0,0.0,0.0,21,0.2136082013964435,0.0
2022-11-25,MA/SYF,-0.0038637068986158,-0.0038637068986158,0.0,21,0.2116843136885949,-0.0008178861431273
2022-11-25,BAC/WFC,0.0,0.0,0.0,21,0.35,0.0
2022-11-28,MSFT/ORCL,-0.0,-0.0,0.0,21,0.2247074849149615,-0.0
2022-11-28,COF/V,-0.0,-0.0,0.0,21,0.2136082013964435,-0.0
2022-11-28,MA/SYF,0.0089078042481466,0.0089078042481466,0.0,21,0.2116843136885949,0.0018856424287412
2022-11-28,BAC/WFC,-0.0,-0.0,0.0,21,0.35,-0.0
2022-11-29,MSFT/ORCL,-0.0,-0.0,0.0,21,0.2247074849149615,-0.0
2022-11-29,COF/V,-0.0,-0.0,0.0,21,0.2136082013964435,-0.0
2022-11-29,MA/SYF,0.0096950743639297,0.0096950743639297,0.0,21,0.2116843136885949,0.0020522951628883
2022-11-29,BAC/WFC,-0.0,-0.0,0.0,21,0.35,-0.0
2022-11-30,MSFT/ORCL,0.0,0.0,0.0,21,0.2247074849149615,0.0
2022-11-30,COF/V,0.0,0.0,0.0,21,0.2136082013964435,0.0
2022-11-30,MA/SYF,-0.0255468521557118,-0.0255468521557118,0.0,21,0.2116843136885949,-0.0054078678654858
2022-11-30,BAC/WFC,0.0,0.0,0.0,21,0.35,0.0
2022-12-01,MSFT/ORCL,-0.0,-0.0,0.0,21,0.2247074849149615,-0.0
2022-12-01,COF/V,0.0,0.0,0.0,21,0.2136082013964435,0.0
2022-12-01,MA/SYF,-0.0211781444754304,-0.0211781444754304,0.0,21,0.2116843136885949,-0.0044830809784794
2022-12-01,BAC/WFC,-0.0,-0.0,0.0,21,0.35,-0.0
2022-12-02,MSFT/ORCL,0.0,0.0,0.0,21,0.2247074849149615,0.0
2022-12-02,COF/V,0.0,0.0,0.0,21,0.2136082013964435,0.0
2022-12-02,MA/SYF,-0.0035788291246275,-0.0035788291246275,0.0,21,0.2116843136885949,-0.0007575819870555
2022-12-02,BAC/WFC,0.0,0.0,0.0,21,0.35,0.0
2022-12-05,MSFT/ORCL,0.0,0.0,0.0,21,0.2247074849149615,0.0
2022-12-05,COF/V,-0.0,-0.0,0.0,21,0.2136082013964435,-0.0
2022-12-05,MA/SYF,0.0005605262626648,0.0005605262626648,0.0,21,0.2116843136885949,0.0001186546172166
2022-12-05,BAC/WFC,-0.0,-0.0,0.0,21,0.35,-0.0
2022-12-06,MSFT/ORCL,-0.0,-0.0,0.0,21,0.2247074849149615,-0.0
2022-12-06,COF/V,-0.0,-0.0,0.0,21,0.2136082013964435,-0.0
2022-12-06,MA/SYF,0.0192642682319283,0.0192642682319283,0.0,21,0.2116843136885949,0.0040779433993887
2022-12-06,BAC/WFC,-0.0,-0.0,0.0,21,0.35,-0.0
2022-12-07,MSFT/ORCL,-0.0,-0.0,0.0,21,0.2247074849149615,-0.0
2022-12-07,COF/V,-0.0,-0.0,0.0,21,0.2136082013964435,-0.0
2022-12-07,MA/SYF,0.0001442590196269,0.0001442590196269,0.0,21,0.2116843136885949,3.0537371563114684e-05
2022-12-07,BAC/WFC,0.0037099355842406,0.0047099355842406,1.0,21,0.35,0.0012984774544842
2022-12-08,MSFT/ORCL,0.0,0.0,0.0,21,0.2247074849149615,0.0
2022-12-08,COF/V,0.0,0.0,0.0,21,0.2136082013964435,0.0
2022-12-08,MA/SYF,-0.005344759607124,-0.005344759607124,0.0,21,0.2116843136885949,-0.0011314017692645
2022-12-08,BAC/WFC,-0.0065836892725723,-0.0065836892725723,0.0,21,0.35,-0.0023042912454003
2022-12-09,MSFT/ORCL,-0.0,-0.0,0.0,21,0.2247074849149615,-0.0
2022-12-09,COF/V,-0.0,-0.0,0.0,21,0.2136082013964435,-0.0
2022-12-09,MA/SYF,0.0063159900871299,0.0063159900871299,0.0,21,0.2116843136885949,0.001336996026858
2022-12-09,BAC/WFC,-0.0002743085272134,-0.0002743085272134,0.0,21,0.35,-9.60079845246903e-05
2022-12-12,MSFT/ORCL,0.0,0.0,0.0,21,0.2247074849149615,0.0
2022-12-12,COF/V,0.0,0.0,0.0,21,0.2136082013964435,0.0
2022-12-12,MA/SYF,-0.0154463177975546,-0.0154463177975546,0.0,21,0.2116843136885949,-0.0032697431819912
2022-12-12,BAC/WFC,0.0026696582186232,0.0026696582186232,0.0,21,0.35,0.0009343803765181
2022-12-13,MSFT/ORCL,0.0,0.0,0.0,21,0.2247074849149615,0.0
2022-12-13,COF/V,-0.0,-0.0,0.0,21,0.2136082013964435,-0.0
2022-12-13,MA/SYF,0.0005948092023764,0.0005948092023764,0.0,21,0.2116843136885949,0.0001259117777807
2022-12-13,BAC/WFC,0.0027160200585481,0.0027160200585481,0.0,21,0.35,0.0009506070204918
2022-12-14,MSFT/ORCL,-0.0,-0.0,0.0,21,0.2247074849149615,-0.0
2022-12-14,COF/V,0.0,0.0,0.0,21,0.2136082013964435,0.0
2022-12-14,MA/SYF,-0.001,0.0,1.0,21,0.2116843136885949,-0.0002116843136885
2022-12-14,BAC/WFC,-0.0039394792829146,-0.0039394792829146,0.0,21,0.35,-0.0013788177490201
2022-12-15,MSFT/ORCL,-0.0,-0.0,0.0,21,0.2247074849149615,-0.0
2022-12-15,COF/V,-0.0,-0.0,0.0,21,0.2136082013964435,-0.0
2022-12-15,MA/SYF,-0.0,-0.0,0.0,21,0.2116843136885949,-0.0
2022-12-15,BAC/WFC,-0.0010348438133137,-0.0010348438133137,0.0,21,0.35,-0.0003621953346598
2022-12-16,MSFT/ORCL,-0.0,-0.0,0.0,21,0.2247074849149615,-0.0
2022-12-16,COF/V,0.0,0.0,0.0,21,0.2136082013964435,0.0
2022-12-16,MA/SYF,0.0,0.0,0.0,21,0.2116843136885949,0.0
2022-12-16,BAC/WFC,0.0005606262153045,0.0005606262153045,0.0,21,0.35,0.0001962191753565
2022-12-19,MSFT/ORCL,-0.0,-0.0,0.0,21,0.2247074849149615,-0.0
2022-12-19,COF/V,-0.0,-0.0,0.0,21,0.2136082013964435,-0.0
2022-12-19,MA/SYF,-0.0,-0.0,0.0,21,0.2116843136885949,-0.0
2022-12-19,BAC/WFC,0.0001190711792773,0.0001190711792773,0.0,21,0.35,4.1674912747067646e-05
2022-12-20,MSFT/ORCL,0.0,0.0,0.0,21,0.2247074849149615,0.0
2022-12-20,COF/V,0.0,0.0,0.0,21,0.2136082013964435,0.0
2022-12-20,MA/SYF,0.0,0.0,0.0,21,0.2116843136885949,0.0
2022-12-20,BAC/WFC,0.0108133090515101,0.0108133090515101,0.0,21,0.35,0.0037846581680285
2022-12-21,MSFT/ORCL,0.0,0.0,0.0,21,0.2247074849149615,0.0
2022-12-21,COF/V,0.0,0.0,0.0,21,0.2136082013964435,0.0
2022-12-21,MA/SYF,0.0,0.0,0.0,21,0.2116843136885949,0.0
2022-12-21,BAC/WFC,0.0073588911539449,0.0073588911539449,0.0,21,0.35,0.0025756119038807
2022-12-22,MSFT/ORCL,-0.0,-0.0,0.0,21,0.2247074849149615,-0.0
2022-12-22,COF/V,-0.0,-0.0,0.0,21,0.2136082013964435,-0.0
2022-12-22,MA/SYF,-0.0,-0.0,0.0,21,0.2116843136885949,-0.0
2022-12-22,BAC/WFC,-0.0006055422506564,-0.0006055422506564,0.0,21,0.35,-0.0002119397877297
2022-12-23,MSFT/ORCL,0.0,0.0,0.0,21,0.2247074849149615,0.0
2022-12-23,COF/V,-0.0,-0.0,0.0,21,0.2136082013964435,-0.0
2022-12-23,MA/SYF,0.0,0.0,0.0,21,0.2116843136885949,0.0
2022-12-23,BAC/WFC,-0.0016914614664663,-0.0016914614664663,0.0,21,0.35,-0.0005920115132632
2022-12-27,MSFT/ORCL,-0.0,-0.0,0.0,21,0.2247074849149615,-0.0
2022-12-27,COF/V,0.0,0.0,0.0,21,0.2136082013964435,0.0
2022-12-27,MA/SYF,0.0,0.0,0.0,21,0.2116843136885949,0.0
2022-12-27,BAC/WFC,0.00044719188745,0.00044719188745,0.0,21,0.35,0.0001565171606075
2022-12-28,MSFT/ORCL,-0.0,-0.0,0.0,21,0.2247074849149615,-0.0
2022-12-28,COF/V,-0.0,-0.0,0.0,21,0.2136082013964435,-0.0
2022-12-28,MA/SYF,-0.0,-0.0,0.0,21,0.2116843136885949,-0.0
2022-12-28,BAC/WFC,0.0034318888767646,0.0034318888767646,0.0,21,0.35,0.0012011611068676
2022-12-29,MSFT/ORCL,0.0,0.0,0.0,21,0.2247074849149615,0.0
2022-12-29,COF/V,0.0,0.0,0.0,21,0.2136082013964435,0.0
2022-12-29,MA/SYF,0.0,0.0,0.0,21,0.2116843136885949,0.0
2022-12-29,BAC/WFC,0.0043488126095273,0.0043488126095273,0.0,21,0.35,0.0015220844133345
2022-12-30,MSFT/ORCL,-0.0,-0.0,0.0,21,0.2247074849149615,-0.0
2022-12-30,COF/V,-0.0,-0.0,0.0,21,0.2136082013964435,-0.0
2022-12-30,MA/SYF,-0.0,-0.0,0.0,21,0.2116843136885949,-0.0
2022-12-30,BAC/WFC,6.233474911852141e-05,6.233474911852141e-05,0.0,21,0.35,2.181716219148249e-05
2023-01-03,MSFT/ORCL,-0.0,-0.0,0.0,21,0.2247074849149615,-0.0
2023-01-03,COF/V,-0.0,-0.0,0.0,21,0.2136082013964435,-0.0
2023-01-03,MA/SYF,0.0,0.0,0.0,21,0.2116843136885949,0.0
2023-01-03,BAC/WFC,0.0016474370817427,0.0016474370817427,0.0,21,0.35,0.0005766029786099
2023-01-04,MSFT/ORCL,-0.0,-0.0,0.0,21,0.2247074849149615,-0.0
2023-01-04,COF/V,0.0,0.0,0.0,21,0.2136082013964435,0.0
2023-01-04,MA/SYF,0.0,0.0,0.0,21,0.2116843136885949,0.0
2023-01-04,BAC/WFC,0.0020895290734855,0.0020895290734855,0.0,21,0.35,0.0007313351757199
2023-01-05,JNJ/LLY,-0.0,-0.0,0.0,22,0.35,-0.0
2023-01-05,NTRS/SCHW,-0.0,-0.0,0.0,22,0.35,-0.0
2023-01-05,MSFT/ORCL,-0.0,-0.0,0.0,22,0.3,-0.0
2023-01-06,JNJ/LLY,0.0,0.0,0.0,22,0.35,0.0
2023-01-06,NTRS/SCHW,-0.0,-0.0,0.0,22,0.35,-0.0
2023-01-06,MSFT/ORCL,0.0020182669155854,0.0030182669155854,1.0,22,0.3,0.0006054800746756
2023-01-09,JNJ/LLY,-0.0,-0.0,0.0,22,0.35,-0.0
2023-01-09,NTRS/SCHW,0.0,0.0,0.0,22,0.35,0.0
2023-01-09,MSFT/ORCL,0.002732055466311,0.002732055466311,0.0,22,0.3,0.0008196166398933
2023-01-10,JNJ/LLY,-0.0,-0.0,0.0,22,0.35,-0.0
2023-01-10,NTRS/SCHW,-0.0,-0.0,0.0,22,0.35,-0.0
2023-01-10,MSFT/ORCL,0.0049570910797409,0.0049570910797409,0.0,22,0.3,0.0014871273239222
2023-01-11,JNJ/LLY,-0.0,-0.0,0.0,22,0.35,-0.0
2023-01-11,NTRS/SCHW,-0.0,-0.0,0.0,22,0.35,-0.0
2023-01-11,MSFT/ORCL,0.0132821553504265,0.0132821553504265,0.0,22,0.3,0.0039846466051279
2023-01-12,JNJ/LLY,-0.0,-0.0,0.0,22,0.35,-0.0
2023-01-12,NTRS/SCHW,-0.0054413338242321,-0.0044413338242321,1.0,22,0.35,-0.0019044668384812
2023-01-12,MSFT/ORCL,0.0073581345850568,0.0073581345850568,0.0,22,0.3,0.002207440375517
2023-01-13,JNJ/LLY,-0.0,-0.0,0.0,22,0.35,-0.0
2023-01-13,NTRS/SCHW,-0.007294234764768,-0.007294234764768,0.0,22,0.35,-0.0025529821676688
2023-01-13,MSFT/ORCL,0.0005882675428406,0.0005882675428406,0.0,22,0.3,0.0001764802628521
2023-01-17,JNJ/LLY,-0.0,-0.0,0.0,22,0.35,-0.0
2023-01-17,NTRS/SCHW,-0.0019521669385859,-0.0019521669385859,0.0,22,0.35,-0.000683258428505
2023-01-17,MSFT/ORCL,0.0053246253796127,0.0053246253796127,0.0,22,0.3,0.0015973876138838
2023-01-18,JNJ/LLY,-0.0,-0.0,0.0,22,0.35,-0.0
2023-01-18,NTRS/SCHW,-0.0122555902046855,-0.0122555902046855,0.0,22,0.35,-0.0042894565716399
2023-01-18,MSFT/ORCL,-0.0062113471376559,-0.0062113471376559,0.0,22,0.3,-0.0018634041412967
2023-01-19,JNJ/LLY,-0.0,-0.0,0.0,22,0.35,-0.0
2023-01-19,NTRS/SCHW,0.0027837081336541,0.0027837081336541,0.0,22,0.35,0.0009742978467789
2023-01-19,MSFT/ORCL,-0.0084680523823125,-0.0084680523823125,0.0,22,0.3,-0.0025404157146937
2023-01-20,JNJ/LLY,-0.0,-0.0,0.0,22,0.35,-0.0
2023-01-20,NTRS/SCHW,-0.0088588509128115,-0.0088588509128115,0.0,22,0.35,-0.003100597819484
2023-01-20,MSFT/ORCL,0.0196790879214435,0.0196790879214435,0.0,22,0.3,0.005903726376433
2023-01-23,JNJ/LLY,0.0,0.0,0.0,22,0.35,0.0
2023-01-23,NTRS/SCHW,-0.0004942057266338,-0.0004942057266338,0.0,22,0.35,-0.0001729720043218
2023-01-23,MSFT/ORCL,0.0004936327128541,0.0004936327128541,0.0,22,0.3,0.0001480898138562
2023-01-24,JNJ/LLY,-0.0,-0.0,0.0,22,0.35,-0.0
2023-01-24,NTRS/SCHW,0.0099616747365146,0.0099616747365146,0.0,22,0.35,0.0034865861577801
2023-01-24,MSFT/ORCL,-0.0041198778657206,-0.0041198778657206,0.0,22,0.3,-0.0012359633597161
2023-01-25,JNJ/LLY,0.0,0.0,0.0,22,0.35,0.0
2023-01-25,NTRS/SCHW,0.0016602501913255,0.0016602501913255,0.0,22,0.35,0.0005810875669639
2023-01-25,MSFT/ORCL,-0.0038236972683177,-0.0038236972683177,0.0,22,0.3,-0.0011471091804953
2023-01-26,JNJ/LLY,-0.0,-0.0,0.0,22,0.35,-0.0
2023-01-26,NTRS/SCHW,-0.0202630077469283,-0.0202630077469283,0.0,22,0.35,-0.0070920527114249
2023-01-26,MSFT/ORCL,0.0203147438432926,0.0203147438432926,0.0,22,0.3,0.0060944231529878
2023-01-27,JNJ/LLY,0.0,0.0,0.0,22,0.35,0.0
2023-01-27,NTRS/SCHW,-0.0253946965583511,-0.0253946965583511,0.0,22,0.35,-0.0088881437954228
2023-01-27,MSFT/ORCL,0.0034136209212551,0.0034136209212551,0.0,22,0.3,0.0010240862763765
2023-01-30,JNJ/LLY,-0.0,-0.0,0.0,22,0.35,-0.0
2023-01-30,NTRS/SCHW,0.0142707267420155,0.0142707267420155,0.0,22,0.35,0.0049947543597054
2023-01-30,MSFT/ORCL,-0.0090873510896351,-0.0090873510896351,0.0,22,0.3,-0.0027262053268905
2023-01-31,JNJ/LLY,0.0031353024597449,0.0041353024597449,1.0,22,0.35,0.0010973558609107
2023-01-31,NTRS/SCHW,0.0071392656770619,0.0071392656770619,0.0,22,0.35,0.0024987429869716
2023-01-31,MSFT/ORCL,0.0102644340632961,0.0102644340632961,0.0,22,0.3,0.0030793302189888
2023-02-01,JNJ/LLY,0.0080915195447856,0.0080915195447856,0.0,22,0.35,0.0028320318406749
2023-02-01,NTRS/SCHW,0.0070482149991777,0.0070482149991777,0.0,22,0.35,0.0024668752497121
2023-02-01,MSFT/ORCL,0.0078305628055643,0.0078305628055643,0.0,22,0.3,0.0023491688416692
2023-02-02,JNJ/LLY,0.0110818993912712,0.0110818993912712,0.0,22,0.35,0.0038786647869449
2023-02-02,NTRS/SCHW,-0.0177947493173049,-0.0177947493173049,0.0,22,0.35,-0.0062281622610567
2023-02-02,MSFT/ORCL,0.0342432939441317,0.0342432939441317,0.0,22,0.3,0.0102729881832395
2023-02-03,JNJ/LLY,-0.0102919601859616,-0.0102919601859616,0.0,22,0.35,-0.0036021860650865
2023-02-03,NTRS/SCHW,0.0173734225247682,0.0173734225247682,0.0,22,0.35,0.0060806978836688
2023-02-03,MSFT/ORCL,-0.001,-0.0,1.0,22,0.3,-0.0003
2023-02-06,JNJ/LLY,-0.0048039602331212,-0.0048039602331212,0.0,22,0.35,-0.0016813860815924
2023-02-06,NTRS/SCHW,0.0091537265204875,0.0091537265204875,0.0,22,0.35,0.0032038042821706
2023-02-06,MSFT/ORCL,-0.0,-0.0,0.0,22,0.3,-0.0
2023-02-07,JNJ/LLY,-0.0012275256384273,-0.0012275256384273,0.0,22,0.35,-0.0004296339734495
2023-02-07,NTRS/SCHW,0.0007423807417904,0.0007423807417904,0.0,22,0.35,0.0002598332596266
2023-02-07,MSFT/ORCL,0.0,0.0,0.0,22,0.3,0.0
2023-02-08,JNJ/LLY,0.0002518440773728,0.0002518440773728,0.0,22,0.35,8.814542708050409e-05
2023-02-08,NTRS/SCHW,0.0014964552765403,0.0014964552765403,0.0,22,0.35,0.0005237593467891
2023-02-08,MSFT/ORCL,0.0,0.0,0.0,22,0.3,0.0
2023-02-09,JNJ/LLY,-0.0110546699365825,-0.0110546699365825,0.0,22,0.35,-0.0038691344778039
2023-02-09,NTRS/SCHW,-0.001,-0.0,1.0,22,0.35,-0.00035
2023-02-09,MSFT/ORCL,-0.0,-0.0,0.0,22,0.3,-0.0
2023-02-10,JNJ/LLY,0.0012638468811202,0.0012638468811202,0.0,22,0.35,0.000442346408392
2023-02-10,NTRS/SCHW,0.0,0.0,0.0,22,0.35,0.0
2023-02-10,MSFT/ORCL,-0.0,-0.0,0.0,22,0.3,-0.0
2023-02-13,JNJ/LLY,-0.0007577552082778,-0.0007577552082778,0.0,22,0.35,-0.0002652143228972
2023-02-13,NTRS/SCHW,-0.0,-0.0,0.0,22,0.35,-0.0
2023-02-13,MSFT/ORCL,0.0,0.0,0.0,22,0.3,0.0
2023-02-14,JNJ/LLY,-0.0021936480404707,-0.0021936480404707,0.0,22,0.35,-0.0007677768141647
2023-02-14,NTRS/SCHW,0.0,0.0,0.0,22,0.35,0.0
2023-02-14,MSFT/ORCL,0.0,0.0,0.0,22,0.3,0.0
2023-02-15,JNJ/LLY,-0.004173327306018,-0.004173327306018,0.0,22,0.35,-0.0014606645571063
2023-02-15,NTRS/SCHW,-0.0,-0.0,0.0,22,0.35,-0.0
2023-02-15,MSFT/ORCL,-0.0,-0.0,0.0,22,0.3,-0.0
2023-02-16,JNJ/LLY,0.0008117496962423,0.0008117496962423,0.0,22,0.35,0.0002841123936848
2023-02-16,NTRS/SCHW,0.0,0.0,0.0,22,0.35,0.0
2023-02-16,MSFT/ORCL,-0.0,-0.0,0.0,22,0.3,-0.0
2023-02-17,JNJ/LLY,0.014319707974406,0.014319707974406,0.0,22,0.35,0.0050118977910421
2023-02-17,NTRS/SCHW,-0.0,-0.0,0.0,22,0.35,-0.0
2023-02-17,MSFT/ORCL,-0.0,-0.0,0.0,22,0.3,-0.0
2023-02-21,JNJ/LLY,-0.0107740966810132,-0.0107740966810132,0.0,22,0.35,-0.0037709338383546
2023-02-21,NTRS/SCHW,0.0,0.0,0.0,22,0.35,0.0
2023-02-21,MSFT/ORCL,-0.0,-0.0,0.0,22,0.3,-0.0
2023-02-22,JNJ/LLY,-0.0021820126440995,-0.0021820126440995,0.0,22,0.35,-0.0007637044254348
2023-02-22,NTRS/SCHW,0.0,0.0,0.0,22,0.35,0.0
2023-02-22,MSFT/ORCL,-0.0,-0.0,0.0,22,0.3,-0.0
2023-02-23,JNJ/LLY,0.0008594478285548,0.0008594478285548,0.0,22,0.35,0.0003008067399942
2023-02-23,NTRS/SCHW,-0.0,-0.0,0.0,22,0.35,-0.0
2023-02-23,MSFT/ORCL,0.0,0.0,0.0,22,0.3,0.0
2023-02-24,JNJ/LLY,-0.0043491520685228,-0.0043491520685228,0.0,22,0.35,-0.0015222032239829
2023-02-24,NTRS/SCHW,0.0,0.0,0.0,22,0.35,0.0
2023-02-24,MSFT/ORCL,-0.0,-0.0,0.0,22,0.3,-0.0
2023-02-27,JNJ/LLY,0.0019790217243602,0.0019790217243602,0.0,22,0.35,0.000692657603526
2023-02-27,NTRS/SCHW,-0.0,-0.0,0.0,22,0.35,-0.0
2023-02-27,MSFT/ORCL,0.0,0.0,0.0,22,0.3,0.0
2023-02-28,JNJ/LLY,-0.001,-0.0,1.0,22,0.35,-0.00035
2023-02-28,NTRS/SCHW,-0.0,-0.0,0.0,22,0.35,-0.0
2023-02-28,MSFT/ORCL,0.0,0.0,0.0,22,0.3,0.0
2023-03-01,JNJ/LLY,-0.0,-0.0,0.0,22,0.35,-0.0
2023-03-01,NTRS/SCHW,0.0,0.0,0.0,22,0.35,0.0
2023-03-01,MSFT/ORCL,-0.0,-0.0,0.0,22,0.3,-0.0
2023-03-02,JNJ/LLY,-0.0,-0.0,0.0,22,0.35,-0.0
2023-03-02,NTRS/SCHW,-0.0,-0.0,0.0,22,0.35,-0.0
2023-03-02,MSFT/ORCL,0.0,0.0,0.0,22,0.3,0.0
2023-03-03,JNJ/LLY,0.0,0.0,0.0,22,0.35,0.0
2023-03-03,NTRS/SCHW,0.0,0.0,0.0,22,0.35,0.0
2023-03-03,MSFT/ORCL,0.0,0.0,0.0,22,0.3,0.0
2023-03-06,JNJ/LLY,0.0,0.0,0.0,22,0.35,0.0
2023-03-06,NTRS/SCHW,-0.0,-0.0,0.0,22,0.35,-0.0
2023-03-06,MSFT/ORCL,0.0,0.0,0.0,22,0.3,0.0
2023-03-07,JNJ/LLY,0.0001413580209828,0.0011413580209828,1.0,22,0.35,4.9475307343990085e-05
2023-03-07,NTRS/SCHW,0.0,0.0,0.0,22,0.35,0.0
2023-03-07,MSFT/ORCL,-0.0,-0.0,0.0,22,0.3,-0.0
2023-03-08,JNJ/LLY,0.0070561909879352,0.0070561909879352,0.0,22,0.35,0.0024696668457773
2023-03-08,NTRS/SCHW,0.0,0.0,0.0,22,0.35,0.0
2023-03-08,MSFT/ORCL,-0.0,-0.0,0.0,22,0.3,-0.0
2023-03-09,JNJ/LLY,0.0118392325085484,0.0118392325085484,0.0,22,0.35,0.0041437313779919
2023-03-09,NTRS/SCHW,-0.0,-0.0,0.0,22,0.35,-0.0
2023-03-09,MSFT/ORCL,0.0,0.0,0.0,22,0.3,0.0
2023-03-10,JNJ/LLY,-0.0032200884277058,-0.0032200884277058,0.0,22,0.35,-0.001127030949697
2023-03-10,NTRS/SCHW,-0.0,-0.0,0.0,22,0.35,-0.0
2023-03-10,MSFT/ORCL,0.0,0.0,0.0,22,0.3,0.0
2023-03-13,JNJ/LLY,-0.0003681937014477,-0.0003681937014477,0.0,22,0.35,-0.0001288677955067
2023-03-13,NTRS/SCHW,-0.0,-0.0,0.0,22,0.35,-0.0
2023-03-13,MSFT/ORCL,0.0,0.0,0.0,22,0.3,0.0
2023-03-14,JNJ/LLY,-0.0024730623368572,-0.0024730623368572,0.0,22,0.35,-0.0008655718179
2023-03-14,NTRS/SCHW,0.0,0.0,0.0,22,0.35,0.0
2023-03-14,MSFT/ORCL,0.0,0.0,0.0,22,0.3,0.0
2023-03-15,JNJ/LLY,-0.000443947040272,-0.000443947040272,0.0,22,0.35,-0.0001553814640952
2023-03-15,NTRS/SCHW,0.0,0.0,0.0,22,0.35,0.0
2023-03-15,MSFT/ORCL,0.0,0.0,0.0,22,0.3,0.0
2023-03-16,JNJ/LLY,0.0016343993692985,0.0016343993692985,0.0,22,0.35,0.0005720397792545
2023-03-16,NTRS/SCHW,-0.0,-0.0,0.0,22,0.35,-0.0
2023-03-16,MSFT/ORCL,0.0,0.0,0.0,22,0.3,0.0
2023-03-17,JNJ/LLY,0.0079813289483101,0.0079813289483101,0.0,22,0.35,0.0027934651319085
2023-03-17,NTRS/SCHW,0.0,0.0,0.0,22,0.35,0.0
2023-03-17,MSFT/ORCL,-0.0071695357364786,-0.0061695357364786,1.0,22,0.3,-0.0021508607209436
2023-03-20,JNJ/LLY,-0.0045100674502625,-0.0045100674502625,0.0,22,0.35,-0.0015785236075919
2023-03-20,NTRS/SCHW,-0.0,-0.0,0.0,22,0.35,-0.0
2023-03-20,MSFT/ORCL,0.0238469397299706,0.0238469397299706,0.0,22,0.3,0.0071540819189912
2023-03-21,JNJ/LLY,-0.0017475427616977,-0.0017475427616977,0.0,22,0.35,-0.0006116399665941
2023-03-21,NTRS/SCHW,0.0,0.0,0.0,22,0.35,0.0
2023-03-21,MSFT/ORCL,-0.001473119533599,-0.001473119533599,0.0,22,0.3,-0.0004419358600797
2023-03-22,JNJ/LLY,0.0141069154346156,0.0141069154346156,0.0,22,0.35,0.0049374204021154
2023-03-22,NTRS/SCHW,-0.0,-0.0,0.0,22,0.35,-0.0
2023-03-22,MSFT/ORCL,0.0048536607035994,0.0048536607035994,0.0,22,0.3,0.0014560982110798
2023-03-23,JNJ/LLY,0.0007562686245127,0.0007562686245127,0.0,22,0.35,0.0002646940185794
2023-03-23,NTRS/SCHW,-0.0,-0.0,0.0,22,0.35,-0.0
2023-03-23,MSFT/ORCL,-0.0136882271773837,-0.0136882271773837,0.0,22,0.3,-0.0041064681532151
2023-03-24,JNJ/LLY,-0.0053286459440919,-0.0053286459440919,0.0,22,0.35,-0.0018650260804321
2023-03-24,NTRS/SCHW,0.0,0.0,0.0,22,0.35,0.0
2023-03-24,MSFT/ORCL,-0.0061656176250264,-0.0061656176250264,0.0,22,0.3,-0.0018496852875079
2023-03-27,JNJ/LLY,-0.0043259021659328,-0.0043259021659328,0.0,22,0.35,-0.0015140657580764
2023-03-27,NTRS/SCHW,0.0,0.0,0.0,22,0.35,0.0
2023-03-27,MSFT/ORCL,0.0179947684651894,0.0179947684651894,0.0,22,0.3,0.0053984305395568
2023-03-28,JNJ/LLY,0.0095301308797736,0.0095301308797736,0.0,22,0.35,0.0033355458079207
2023-03-28,NTRS/SCHW,-0.0,-0.0,0.0,22,0.35,-0.0
2023-03-28,MSFT/ORCL,0.00173158728803,0.00173158728803,0.0,22,0.3,0.000519476186409
2023-03-29,JNJ/LLY,-0.008769543138274,-0.008769543138274,0.0,22,0.35,-0.0030693400983959
2023-03-29,NTRS/SCHW,0.0,0.0,0.0,22,0.35,0.0
2023-03-29,MSFT/ORCL,-0.0100636578858127,-0.0100636578858127,0.0,22,0.3,-0.0030190973657438
2023-03-30,JNJ/LLY,0.0027014900703894,0.0027014900703894,0.0,22,0.35,0.0009455215246362
2023-03-30,NTRS/SCHW,-0.0,-0.0,0.0,22,0.35,-0.0
2023-03-30,MSFT/ORCL,-0.0088669700534786,-0.0088669700534786,0.0,22,0.3,-0.0026600910160435
2023-03-31,JNJ/LLY,-0.0060320200417934,-0.0060320200417934,0.0,22,0.35,-0.0021112070146276
2023-03-31,NTRS/SCHW,-0.0,-0.0,0.0,22,0.35,-0.0
2023-03-31,MSFT/ORCL,-0.0012444647029852,-0.0012444647029852,0.0,22,0.3,-0.0003733394108955
2023-04-03,JNJ/LLY,-0.001,0.0,1.0,22,0.35,-0.00035
2023-04-03,NTRS/SCHW,-0.0,-0.0,0.0,22,0.35,-0.0
2023-04-03,MSFT/ORCL,0.006043215641652,0.006043215641652,0.0,22,0.3,0.0018129646924956
2023-04-04,JNJ/LLY,0.0,0.0,0.0,22,0.35,0.0
2023-04-04,NTRS/SCHW,-0.0,-0.0,0.0,22,0.35,-0.0
2023-04-04,MSFT/ORCL,0.000398138526141,0.000398138526141,0.0,22,0.3,0.0001194415578423
2023-04-05,JNJ/LLY,0.0,0.0,0.0,22,0.35,0.0
2023-04-05,NTRS/SCHW,-0.0,-0.0,0.0,22,0.35,-0.0
2023-04-05,MSFT/ORCL,0.0097499846733462,0.0097499846733462,0.0,22,0.3,0.0029249954020038
2023-04-06,GOOGL/MSFT,-0.0,-0.0,0.0,23,0.1913288753869351,-0.0
2023-04-06,EDV/TLT,-0.0,-0.0,0.0,23,0.35,-0.0
2023-04-06,JNJ/LLY,-0.0,-0.0,0.0,23,0.2568481742795795,-0.0
2023-04-06,MCHP/NXPI,0.0,0.0,0.0,23,0.2018229503334852,0.0
2023-04-10,GOOGL/MSFT,0.0,0.0,0.0,23,0.1913288753869351,0.0
2023-04-10,EDV/TLT,-0.0,-0.0,0.0,23,0.35,-0.0
2023-04-10,JNJ/LLY,-0.0,-0.0,0.0,23,0.2568481742795795,-0.0
2023-04-10,MCHP/NXPI,0.0,0.0,0.0,23,0.2018229503334852,0.0
2023-04-11,GOOGL/MSFT,-0.0,-0.0,0.0,23,0.1913288753869351,-0.0
2023-04-11,EDV/TLT,-0.0,-0.0,0.0,23,0.35,-0.0
2023-04-11,JNJ/LLY,0.0,0.0,0.0,23,0.2568481742795795,0.0
2023-04-11,MCHP/NXPI,0.0,0.0,0.0,23,0.2018229503334852,0.0
2023-04-12,GOOGL/MSFT,0.0,0.0,0.0,23,0.1913288753869351,0.0
2023-04-12,EDV/TLT,0.0,0.0,0.0,23,0.35,0.0
2023-04-12,JNJ/LLY,-0.0,-0.0,0.0,23,0.2568481742795795,-0.0
2023-04-12,MCHP/NXPI,-0.0,-0.0,0.0,23,0.2018229503334852,-0.0
2023-04-13,GOOGL/MSFT,0.0,0.0,0.0,23,0.1913288753869351,0.0
2023-04-13,EDV/TLT,0.0,0.0,0.0,23,0.35,0.0
2023-04-13,JNJ/LLY,0.0,0.0,0.0,23,0.2568481742795795,0.0
2023-04-13,MCHP/NXPI,0.0,0.0,0.0,23,0.2018229503334852,0.0
2023-04-14,GOOGL/MSFT,-0.0,-0.0,0.0,23,0.1913288753869351,-0.0
2023-04-14,EDV/TLT,0.0,0.0,0.0,23,0.35,0.0
2023-04-14,JNJ/LLY,-0.0,-0.0,0.0,23,0.2568481742795795,-0.0
2023-04-14,MCHP/NXPI,-0.0,-0.0,0.0,23,0.2018229503334852,-0.0
2023-04-17,GOOGL/MSFT,0.0,0.0,0.0,23,0.1913288753869351,0.0
2023-04-17,EDV/TLT,0.0,0.0,0.0,23,0.35,0.0
2023-04-17,JNJ/LLY,0.0,0.0,0.0,23,0.2568481742795795,0.0
2023-04-17,MCHP/NXPI,0.0,0.0,0.0,23,0.2018229503334852,0.0
2023-04-18,GOOGL/MSFT,0.0,0.0,0.0,23,0.1913288753869351,0.0
2023-04-18,EDV/TLT,0.0,0.0,0.0,23,0.35,0.0
2023-04-18,JNJ/LLY,-0.0,-0.0,0.0,23,0.2568481742795795,-0.0
2023-04-18,MCHP/NXPI,-0.0,-0.0,0.0,23,0.2018229503334852,-0.0
2023-04-19,GOOGL/MSFT,0.0,0.0,0.0,23,0.1913288753869351,0.0
2023-04-19,EDV/TLT,-0.0,-0.0,0.0,23,0.35,-0.0
2023-04-19,JNJ/LLY,0.0057775301072338,0.0067775301072338,1.0,23,0.2568481742795795,0.0014839480598883
2023-04-19,MCHP/NXPI,-0.0,-0.0,0.0,23,0.2018229503334852,-0.0
2023-04-20,GOOGL/MSFT,-0.0,-0.0,0.0,23,0.1913288753869351,-0.0
2023-04-20,EDV/TLT,0.0,0.0,0.0,23,0.35,0.0
2023-04-20,JNJ/LLY,0.0020454604526682,0.0020454604526682,0.0,23,0.2568481742795795,0.0005253727828289
2023-04-20,MCHP/NXPI,-0.0,-0.0,0.0,23,0.2018229503334852,-0.0
2023-04-21,GOOGL/MSFT,-0.0,-0.0,0.0,23,0.1913288753869351,-0.0
2023-04-21,EDV/TLT,-0.0,-0.0,0.0,23,0.35,-0.0
2023-04-21,JNJ/LLY,-0.0108785114196232,-0.0108785114196232,0.0,23,0.2568481742795795,-0.0027941257970097
2023-04-21,MCHP/NXPI,-0.0,-0.0,0.0,23,0.2018229503334852,-0.0
2023-04-24,GOOGL/MSFT,-0.0,-0.0,0.0,23,0.1913288753869351,-0.0
2023-04-24,EDV/TLT,0.0,0.0,0.0,23,0.35,0.0
2023-04-24,JNJ/LLY,0.0057999351803453,0.0057999351803453,0.0,23,0.2568481742795795,0.0014897027620116
2023-04-24,MCHP/NXPI,0.0,0.0,0.0,23,0.2018229503334852,0.0
2023-04-25,GOOGL/MSFT,-0.0,-0.0,0.0,23,0.1913288753869351,-0.0
2023-04-25,EDV/TLT,0.0,0.0,0.0,23,0.35,0.0
2023-04-25,JNJ/LLY,0.0060096201723329,0.0060096201723329,0.0,23,0.2568481742795795,0.0015435599693774
2023-04-25,MCHP/NXPI,-0.0,-0.0,0.0,23,0.2018229503334852,-0.0
2023-04-26,GOOGL/MSFT,0.0,0.0,0.0,23,0.1913288753869351,0.0
2023-04-26,EDV/TLT,-0.0,-0.0,0.0,23,0.35,-0.0
2023-04-26,JNJ/LLY,-0.0063528114407194,-0.0063528114407194,0.0,23,0.2568481742795795,-0.0016317080200912
2023-04-26,MCHP/NXPI,-0.0,-0.0,0.0,23,0.2018229503334852,-0.0
2023-04-27,GOOGL/MSFT,-0.0036658277271348,-0.0026658277271348,1.0,23,0.1913288753869351,-0.0007013786963949
2023-04-27,EDV/TLT,-0.0,-0.0,0.0,23,0.35,-0.0
2023-04-27,JNJ/LLY,-0.0072865067317998,-0.0072865067317998,0.0,23,0.2568481742795795,-0.0018715259509386
2023-04-27,MCHP/NXPI,-0.0,-0.0,0.0,23,0.2018229503334852,-0.0
2023-04-28,GOOGL/MSFT,-0.0055726128068317,-0.0055726128068317,0.0,23,0.1913288753869351,-0.0010662017412979
2023-04-28,EDV/TLT,-0.0,-0.0,0.0,23,0.35,-0.0
2023-04-28,JNJ/LLY,-0.0001458370340572,-0.0001458370340572,0.0,23,0.2568481742795795,-3.745797593996424e-05
2023-04-28,MCHP/NXPI,0.0,0.0,0.0,23,0.2018229503334852,0.0
2023-05-01,GOOGL/MSFT,0.0026196631263363,0.0026196631263363,0.0,23,0.1913288753869351,0.0005012171998545
2023-05-01,EDV/TLT,0.0,0.0,0.0,23,0.35,0.0
2023-05-01,JNJ/LLY,-0.0065131428317588,-0.0065131428317588,0.0,23,0.2568481742795795,-0.0016728888451593
2023-05-01,MCHP/NXPI,0.0,0.0,0.0,23,0.2018229503334852,0.0
2023-05-02,GOOGL/MSFT,-0.0072008076229303,-0.0072008076229303,0.0,23,0.1913288753869351,-0.0013777224243729
2023-05-02,EDV/TLT,0.0,0.0,0.0,23,0.35,0.0
2023-05-02,JNJ/LLY,0.0075971446576555,0.0075971446576555,0.0,23,0.2568481742795795,0.0019513127350567
2023-05-02,MCHP/NXPI,-0.0,-0.0,0.0,23,0.2018229503334852,-0.0
2023-05-03,GOOGL/MSFT,0.0022596442286175,0.0022596442286175,0.0,23,0.1913288753869351,0.0004323351890359
2023-05-03,EDV/TLT,-0.0,-0.0,0.0,23,0.35,-0.0
2023-05-03,JNJ/LLY,-0.0259627004838717,-0.0259627004838717,0.0,23,0.2568481742795795,-0.00666847221865
2023-05-03,MCHP/NXPI,0.0,0.0,0.0,23,0.2018229503334852,0.0
2023-05-04,GOOGL/MSFT,-0.004818532290113,-0.004818532290113,0.0,23,0.1913288753869351,-0.0009219243640829
2023-05-04,EDV/TLT,0.0,0.0,0.0,23,0.35,0.0
2023-05-04,JNJ/LLY,-0.0019682656247113,-0.0019682656247113,0.0,23,0.2568481742795795,-0.0005055454322043
2023-05-04,MCHP/NXPI,0.0,0.0,0.0,23,0.2018229503334852,0.0
2023-05-05,GOOGL/MSFT,-0.006229417430601,-0.006229417430601,0.0,23,0.1913288753869351,-0.0011918674313126
2023-05-05,EDV/TLT,0.0,0.0,0.0,23,0.35,0.0
2023-05-05,JNJ/LLY,0.0029421302660473,0.0029421302660473,0.0,23,0.2568481742795795,0.0007556807873269
2023-05-05,MCHP/NXPI,0.0136990741676262,0.0146990741676262,1.0,23,0.2018229503334852,0.0027647875653475
2023-05-08,GOOGL/MSFT,0.0126022732148242,0.0126022732148242,0.0,23,0.1913288753869351,0.0024111787615112
2023-05-08,EDV/TLT,-0.0,-0.0,0.0,23,0.35,-0.0
2023-05-08,JNJ/LLY,-0.0044253643332241,-0.0044253643332241,0.0,23,0.2568481742795795,-0.0011366467495105
2023-05-08,MCHP/NXPI,0.0098307951272752,0.0098307951272752,0.0,23,0.2018229503334852,0.0019840800767107
2023-05-09,GOOGL/MSFT,0.0013930907904229,0.0013930907904229,0.0,23,0.1913288753869351,0.0002665384942435
2023-05-09,EDV/TLT,0.0,0.0,0.0,23,0.35,0.0
2023-05-09,JNJ/LLY,-0.0036152746715029,-0.0036152746715029,0.0,23,0.2568481742795795,-0.0009285766988947
2023-05-09,MCHP/NXPI,0.0024726985617667,0.0024726985617667,0.0,23,0.2018229503334852,0.0004990473190211
2023-05-10,GOOGL/MSFT,0.0076124825933525,0.0076124825933525,0.0,23,0.1913288753869351,0.0014564877334887
2023-05-10,EDV/TLT,0.0,0.0,0.0,23,0.35,0.0
2023-05-10,JNJ/LLY,-0.0012366039530809,-0.0012366039530809,0.0,23,0.2568481742795795,-0.0003176194676557
2023-05-10,MCHP/NXPI,-0.0101306061850526,-0.0101306061850526,0.0,23,0.2018229503334852,-0.0020445888289339
2023-05-11,GOOGL/MSFT,0.0224284471491478,0.0224284471491478,0.0,23,0.1913288753869351,0.0042912095697217
2023-05-11,EDV/TLT,-0.0,-0.0,0.0,23,0.35,-0.0
2023-05-11,JNJ/LLY,-0.0029375759891246,-0.0029375759891246,0.0,23,0.2568481742795795,-0.0007545110296142
2023-05-11,MCHP/NXPI,0.0017836427059313,0.0017836427059313,0.0,23,0.2018229503334852,0.0003599800332518
2023-05-12,GOOGL/MSFT,0.0055296475577149,0.0055296475577149,0.0,23,0.1913288753869351,0.0010579812485037
2023-05-12,EDV/TLT,0.0,0.0,0.0,23,0.35,0.0
2023-05-12,JNJ/LLY,-0.0010074636937207,-0.0010074636937207,0.0,23,0.2568481742795795,-0.0002587652103851
2023-05-12,MCHP/NXPI,-0.0011706517889552,-0.0011706517889552,0.0,23,0.2018229503334852,-0.0002362643978601
2023-05-15,GOOGL/MSFT,-0.0044933773203066,-0.0044933773203066,0.0,23,0.1913288753869351,-0.0008597128293834
2023-05-15,EDV/TLT,0.0,0.0,0.0,23,0.35,0.0
2023-05-15,JNJ/LLY,-0.0059213878195435,-0.0059213878195435,0.0,23,0.2568481742795795,-0.0015208976506511
2023-05-15,MCHP/NXPI,-0.0012114559952851,-0.0012114559952851,0.0,23,0.2018229503334852,-0.0002444996231676
2023-05-16,GOOGL/MSFT,0.0065152249314115,0.0065152249314115,0.0,23,0.1913288753869351,0.0012465506590199
2023-05-16,EDV/TLT,0.0,0.0,0.0,23,0.35,0.0
2023-05-16,JNJ/LLY,-0.001,-0.0,1.0,23,0.2568481742795795,-0.0002568481742795
2023-05-16,MCHP/NXPI,0.003347852003211,0.003347852003211,0.0,23,0.2018229503334852,0.0006756733685679
2023-05-17,GOOGL/MSFT,-0.000848049495258,-0.000848049495258,0.0,23,0.1913288753869351,-0.0001622563562001
2023-05-17,EDV/TLT,-0.0,-0.0,0.0,23,0.35,-0.0
2023-05-17,JNJ/LLY,-0.0,-0.0,0.0,23,0.2568481742795795,-0.0
2023-05-17,MCHP/NXPI,-0.0024119318693021,-0.0024119318693021,0.0,23,0.2018229503334852,-0.0004867832058659
2023-05-18,GOOGL/MSFT,-0.001511217476637,-0.001511217476637,0.0,23,0.1913288753869351,-0.00028913954027
2023-05-18,EDV/TLT,0.0,0.0,0.0,23,0.35,0.0
2023-05-18,JNJ/LLY,-0.0,-0.0,0.0,23,0.2568481742795795,-0.0
2023-05-18,MCHP/NXPI,0.0007576043529063,0.0007576043529063,0.0,23,0.2018229503334852,0.000152901945689
2023-05-19,GOOGL/MSFT,9.170341206877e-05,9.170341206877e-05,0.0,23,0.1913288753869351,1.754551070026246e-05
2023-05-19,EDV/TLT,0.0,0.0,0.0,23,0.35,0.0
2023-05-19,JNJ/LLY,-0.0,-0.0,0.0,23,0.2568481742795795,-0.0
2023-05-19,MCHP/NXPI,-0.0015440053446441,-0.0015440053446441,0.0,23,0.2018229503334852,-0.0003116157139867
2023-05-22,GOOGL/MSFT,0.0025799206913304,0.0025799206913304,0.0,23,0.1913288753869351,0.0004936133244597
2023-05-22,EDV/TLT,0.0,0.0,0.0,23,0.35,0.0
2023-05-22,JNJ/LLY,0.0,0.0,0.0,23,0.2568481742795795,0.0
2023-05-22,MCHP/NXPI,-0.0022048300160607,-0.0022048300160607,0.0,23,0.2018229503334852,-0.0004449852988252
2023-05-23,GOOGL/MSFT,0.0024508636293049,0.0024508636293049,0.0,23,0.1913288753869351,0.0004689209819216
2023-05-23,EDV/TLT,-0.0,-0.0,0.0,23,0.35,-0.0
2023-05-23,JNJ/LLY,0.0,0.0,0.0,23,0.2568481742795795,0.0
2023-05-23,MCHP/NXPI,0.0040535562319782,0.0040535562319782,0.0,23,0.2018229503334852,0.0008181006780805
2023-05-24,GOOGL/MSFT,-0.001,0.0,1.0,23,0.1913288753869351,-0.0001913288753869
2023-05-24,EDV/TLT,-0.0,-0.0,0.0,23,0.35,-0.0
2023-05-24,JNJ/LLY,-0.0,-0.0,0.0,23,0.2568481742795795,-0.0
2023-05-24,MCHP/NXPI,0.0033771346008164,0.0033771346008164,0.0,23,0.2018229503334852,0.00068158326881
2023-05-25,GOOGL/MSFT,0.0,0.0,0.0,23,0.1913288753869351,0.0
2023-05-25,EDV/TLT,-0.0,-0.0,0.0,23,0.35,-0.0
2023-05-25,JNJ/LLY,-0.0,-0.0,0.0,23,0.2568481742795795,-0.0
2023-05-25,MCHP/NXPI,0.0102232769725392,0.0102232769725392,0.0,23,0.2018229503334852,0.0020632919206742
2023-05-26,GOOGL/MSFT,0.0,0.0,0.0,23,0.1913288753869351,0.0
2023-05-26,EDV/TLT,-0.0,-0.0,0.0,23,0.35,-0.0
2023-05-26,JNJ/LLY,0.0,0.0,0.0,23,0.2568481742795795,0.0
2023-05-26,MCHP/NXPI,-0.0018020251244148,-0.0018020251244148,0.0,23,0.2018229503334852,-0.0003636900271844
2023-05-30,GOOGL/MSFT,0.0,0.0,0.0,23,0.1913288753869351,0.0
2023-05-30,EDV/TLT,0.0,0.0,0.0,23,0.35,0.0
2023-05-30,JNJ/LLY,-0.0,-0.0,0.0,23,0.2568481742795795,-0.0
2023-05-30,MCHP/NXPI,0.0121315076404763,0.0121315076404763,0.0,23,0.2018229503334852,0.0024484166639941
2023-05-31,GOOGL/MSFT,-0.0,-0.0,0.0,23,0.1913288753869351,-0.0
2023-05-31,EDV/TLT,0.0,0.0,0.0,23,0.35,0.0
2023-05-31,JNJ/LLY,0.0,0.0,0.0,23,0.2568481742795795,0.0
2023-05-31,MCHP/NXPI,0.0030077617321091,0.0030077617321091,0.0,23,0.2018229503334852,0.0006070353466744
2023-06-01,GOOGL/MSFT,0.0,0.0,0.0,23,0.1913288753869351,0.0
2023-06-01,EDV/TLT,-0.0,-0.0,0.0,23,0.35,-0.0
2023-06-01,JNJ/LLY,-0.0,-0.0,0.0,23,0.2568481742795795,-0.0
2023-06-01,MCHP/NXPI,-0.0046599709806394,-0.0046599709806394,0.0,23,0.2018229503334852,-0.000940489091781
2023-06-02,GOOGL/MSFT,0.0,0.0,0.0,23,0.1913288753869351,0.0
2023-06-02,EDV/TLT,-0.0,-0.0,0.0,23,0.35,-0.0
2023-06-02,JNJ/LLY,0.0,0.0,0.0,23,0.2568481742795795,0.0
2023-06-02,MCHP/NXPI,-0.001,0.0,1.0,23,0.2018229503334852,-0.0002018229503334
2023-06-05,GOOGL/MSFT,-0.0,-0.0,0.0,23,0.1913288753869351,-0.0
2023-06-05,EDV/TLT,0.0,0.0,0.0,23,0.35,0.0
2023-06-05,JNJ/LLY,0.0,0.0,0.0,23,0.2568481742795795,0.0
2023-06-05,MCHP/NXPI,0.0,0.0,0.0,23,0.2018229503334852,0.0
2023-06-06,GOOGL/MSFT,-0.0,-0.0,0.0,23,0.1913288753869351,-0.0
2023-06-06,EDV/TLT,-0.0,-0.0,0.0,23,0.35,-0.0
2023-06-06,JNJ/LLY,-0.0009320213400736,6.79786599263029e-05,1.0,23,0.2568481742795795,-0.0002393879795875
2023-06-06,MCHP/NXPI,0.0,0.0,0.0,23,0.2018229503334852,0.0
2023-06-07,GOOGL/MSFT,-0.0,-0.0,0.0,23,0.1913288753869351,-0.0
2023-06-07,EDV/TLT,0.0,0.0,0.0,23,0.35,0.0
2023-06-07,JNJ/LLY,-0.0051267997979967,-0.0051267997979967,0.0,23,0.2568481742795795,-0.0013168091680123
2023-06-07,MCHP/NXPI,0.0,0.0,0.0,23,0.2018229503334852,0.0
2023-06-08,GOOGL/MSFT,0.0,0.0,0.0,23,0.1913288753869351,0.0
2023-06-08,EDV/TLT,-0.0,-0.0,0.0,23,0.35,-0.0
2023-06-08,JNJ/LLY,-0.0035618119587951,-0.0035618119587951,0.0,23,0.2568481742795795,-0.0009148448987437
2023-06-08,MCHP/NXPI,-0.0,-0.0,0.0,23,0.2018229503334852,-0.0
2023-06-09,GOOGL/MSFT,0.0,0.0,0.0,23,0.1913288753869351,0.0
2023-06-09,EDV/TLT,-0.0,-0.0,0.0,23,0.35,-0.0
2023-06-09,JNJ/LLY,0.0013969984342043,0.0013969984342043,0.0,23,0.2568481742795795,0.0003588164972968
2023-06-09,MCHP/NXPI,0.0,0.0,0.0,23,0.2018229503334852,0.0
2023-06-12,GOOGL/MSFT,0.0,0.0,0.0,23,0.1913288753869351,0.0
2023-06-12,EDV/TLT,0.0,0.0,0.0,23,0.35,0.0
2023-06-12,JNJ/LLY,0.0001516870183948,0.0001516870183948,0.0,23,0.2568481742795795,3.896053373662968e-05
2023-06-12,MCHP/NXPI,0.0,0.0,0.0,23,0.2018229503334852,0.0
2023-06-13,GOOGL/MSFT,0.0,0.0,0.0,23,0.1913288753869351,0.0
2023-06-13,EDV/TLT,-0.0,-0.0,0.0,23,0.35,-0.0
2023-06-13,JNJ/LLY,-0.0038293369670901,-0.0038293369670901,0.0,23,0.2568481742795795,-0.0009835582086984
2023-06-13,MCHP/NXPI,-0.0,-0.0,0.0,23,0.2018229503334852,-0.0
2023-06-14,GOOGL/MSFT,0.0,0.0,0.0,23,0.1913288753869351,0.0
2023-06-14,EDV/TLT,-0.0,-0.0,0.0,23,0.35,-0.0
2023-06-14,JNJ/LLY,-0.0028868537980915,-0.0028868537980915,0.0,23,0.2568481742795795,-0.0007414831274518
2023-06-14,MCHP/NXPI,0.0,0.0,0.0,23,0.2018229503334852,0.0
2023-06-15,GOOGL/MSFT,0.0,0.0,0.0,23,0.1913288753869351,0.0
2023-06-15,EDV/TLT,0.0,0.0,0.0,23,0.35,0.0
2023-06-15,JNJ/LLY,-0.0071165238181318,-0.0071165238181318,0.0,23,0.2568481742795795,-0.0018278661499043
2023-06-15,MCHP/NXPI,-0.0,-0.0,0.0,23,0.2018229503334852,-0.0
2023-06-16,GOOGL/MSFT,-0.0,-0.0,0.0,23,0.1913288753869351,-0.0
2023-06-16,EDV/TLT,-0.0,-0.0,0.0,23,0.35,-0.0
2023-06-16,JNJ/LLY,-0.0055254641714295,-0.0055254641714295,0.0,23,0.2568481742795795,-0.0014192053844788
2023-06-16,MCHP/NXPI,-0.0,-0.0,0.0,23,0.2018229503334852,-0.0
2023-06-20,GOOGL/MSFT,-0.0,-0.0,0.0,23,0.1913288753869351,-0.0
2023-06-20,EDV/TLT,-0.0,-0.0,0.0,23,0.35,-0.0
2023-06-20,JNJ/LLY,0.0026704467581073,0.0026704467581073,0.0,23,0.2568481742795795,0.0006858993743306
2023-06-20,MCHP/NXPI,-0.0,-0.0,0.0,23,0.2018229503334852,-0.0
2023-06-21,GOOGL/MSFT,0.0,0.0,0.0,23,0.1913288753869351,0.0
2023-06-21,EDV/TLT,-0.0,-0.0,0.0,23,0.35,-0.0
2023-06-21,JNJ/LLY,0.0017094677423356,0.0017094677423356,0.0,23,0.2568481742795795,0.0004390736686087
2023-06-21,MCHP/NXPI,-0.0,-0.0,0.0,23,0.2018229503334852,-0.0
2023-06-22,GOOGL/MSFT,0.0,0.0,0.0,23,0.1913288753869351,0.0
2023-06-22,EDV/TLT,0.0,0.0,0.0,23,0.35,0.0
2023-06-22,JNJ/LLY,-0.0057393767935388,-0.0057393767935388,0.0,23,0.2568481742795795,-0.001474148450923
2023-06-22,MCHP/NXPI,-0.0,-0.0,0.0,23,0.2018229503334852,-0.0
2023-06-23,GOOGL/MSFT,-0.0,-0.0,0.0,23,0.1913288753869351,-0.0
2023-06-23,EDV/TLT,-0.0,-0.0,0.0,23,0.35,-0.0
2023-06-23,JNJ/LLY,0.0012393493235247,0.0012393493235247,0.0,23,0.2568481742795795,0.0003183246110419
2023-06-23,MCHP/NXPI,0.0,0.0,0.0,23,0.2018229503334852,0.0
2023-06-26,GOOGL/MSFT,0.0,0.0,0.0,23,0.1913288753869351,0.0
2023-06-26,EDV/TLT,0.0,0.0,0.0,23,0.35,0.0
2023-06-26,JNJ/LLY,0.0054768567948698,0.0054768567948698,0.0,23,0.2568481742795795,0.001406720668553
2023-06-26,MCHP/NXPI,-0.0,-0.0,0.0,23,0.2018229503334852,-0.0
2023-06-27,GOOGL/MSFT,0.0,0.0,0.0,23,0.1913288753869351,0.0
2023-06-27,EDV/TLT,4.883216759192315e-05,0.0010488321675919,1.0,23,0.35,1.7091258657173103e-05
2023-06-27,JNJ/LLY,0.0076409510817586,0.0076409510817586,0.0,23,0.2568481742795795,0.0019625643351092
2023-06-27,MCHP/NXPI,0.0,0.0,0.0,23,0.2018229503334852,0.0
2023-06-28,GOOGL/MSFT,-0.0,-0.0,0.0,23,0.1913288753869351,-0.0
2023-06-28,EDV/TLT,-0.000600231559104,-0.000600231559104,0.0,23,0.35,-0.0002100810456864
2023-06-28,JNJ/LLY,-0.0013502623899414,-0.0013502623899414,0.0,23,0.2568481742795795,-0.0003468124296548
2023-06-28,MCHP/NXPI,0.0,0.0,0.0,23,0.2018229503334852,0.0
2023-06-29,GOOGL/MSFT,0.0,0.0,0.0,23,0.1913288753869351,0.0
2023-06-29,EDV/TLT,0.0004523748257035,0.0004523748257035,0.0,23,0.35,0.0001583311889962
2023-06-29,JNJ/LLY,-0.0024412986795494,-0.0024412986795494,0.0,23,0.2568481742795795,-0.0006270431087134
2023-06-29,MCHP/NXPI,0.0,0.0,0.0,23,0.2018229503334852,0.0
2023-06-30,GOOGL/MSFT,0.0,0.0,0.0,23,0.1913288753869351,0.0
2023-06-30,EDV/TLT,0.0005065958461603,0.0005065958461603,0.0,23,0.35,0.0001773085461561
2023-06-30,JNJ/LLY,-0.0043997658794379,-0.0043997658794379,0.0,23,0.2568481742795795,-0.0011300718333912
2023-06-30,MCHP/NXPI,0.0,0.0,0.0,23,0.2018229503334852,0.0
2023-07-03,GOOGL/MSFT,-0.0,-0.0,0.0,23,0.1913288753869351,-0.0
2023-07-03,EDV/TLT,0.0004719724454973,0.0004719724454973,0.0,23,0.35,0.000165190355924
2023-07-03,JNJ/LLY,0.006313206702741,0.006313206702741,0.0,23,0.2568481742795795,0.0016215356154486
2023-07-03,MCHP/NXPI,0.0,0.0,0.0,23,0.2018229503334852,0.0
2023-07-05,GOOGL/MSFT,-0.0,-0.0,0.0,23,0.1913288753869351,-0.0
2023-07-05,EDV/TLT,-0.000998395059272,-0.000998395059272,0.0,23,0.35,-0.0003494382707452
2023-07-05,JNJ/LLY,-0.001,-0.0,1.0,23,0.2568481742795795,-0.0002568481742795
2023-07-05,MCHP/NXPI,-0.0,-0.0,0.0,23,0.2018229503334852,-0.0
2023-07-06,GOOGL/MSFT,0.0,0.0,0.0,23,0.1913288753869351,0.0
2023-07-06,EDV/TLT,0.0001361022679094,0.0001361022679094,0.0,23,0.35,4.7635793768299984e-05
2023-07-06,JNJ/LLY,-0.0,-0.0,0.0,23,0.2568481742795795,-0.0
2023-07-06,MCHP/NXPI,-0.0,-0.0,0.0,23,0.2018229503334852,-0.0
2023-07-07,GOOGL/MSFT,-0.0,-0.0,0.0,23,0.1913288753869351,-0.0
2023-07-07,EDV/TLT,-0.0008536251558607,-0.0008536251558607,0.0,23,0.35,-0.0002987688045512
2023-07-07,JNJ/LLY,-0.0,-0.0,0.0,23,0.2568481742795795,-0.0
2023-07-07,MCHP/NXPI,-0.0,-0.0,0.0,23,0.2018229503334852,-0.0
2023-07-10,CNC/CVS,-0.0,-0.0,0.0,24,0.35,-0.0
2023-07-10,ADBE/NOW,0.0,0.0,0.0,24,0.3,0.0
2023-07-10,NXPI/TXN,0.0,0.0,0.0,24,0.35,0.0
2023-07-11,CNC/CVS,0.0,0.0,0.0,24,0.35,0.0
2023-07-11,ADBE/NOW,0.0,0.0,0.0,24,0.3,0.0
2023-07-11,NXPI/TXN,-0.0,-0.0,0.0,24,0.35,-0.0
2023-07-12,CNC/CVS,0.0,0.0,0.0,24,0.35,0.0
2023-07-12,ADBE/NOW,0.0,0.0,0.0,24,0.3,0.0
2023-07-12,NXPI/TXN,0.0,0.0,0.0,24,0.35,0.0
2023-07-13,CNC/CVS,-0.0091024487654526,-0.0081024487654526,1.0,24,0.35,-0.0031858570679084
2023-07-13,ADBE/NOW,0.0,0.0,0.0,24,0.3,0.0
2023-07-13,NXPI/TXN,0.0044561366698753,0.0054561366698753,1.0,24,0.35,0.0015596478344563
2023-07-14,CNC/CVS,0.007959368210894,0.007959368210894,0.0,24,0.35,0.0027857788738129
2023-07-14,ADBE/NOW,-0.0,-0.0,0.0,24,0.3,-0.0
2023-07-14,NXPI/TXN,0.0011145924365267,0.0011145924365267,0.0,24,0.35,0.0003901073527843
2023-07-17,CNC/CVS,-0.000573995336426,-0.000573995336426,0.0,24,0.35,-0.0002008983677491
2023-07-17,ADBE/NOW,-0.0,-0.0,0.0,24,0.3,-0.0
2023-07-17,NXPI/TXN,0.0032768517690425,0.0032768517690425,0.0,24,0.35,0.0011468981191648
2023-07-18,CNC/CVS,-0.0051687415172681,-0.0051687415172681,0.0,24,0.35,-0.0018090595310438
2023-07-18,ADBE/NOW,0.0,0.0,0.0,24,0.3,0.0
2023-07-18,NXPI/TXN,0.0057691462351959,0.0057691462351959,0.0,24,0.35,0.0020192011823185
2023-07-19,CNC/CVS,-0.0098205816947222,-0.0098205816947222,0.0,24,0.35,-0.0034372035931528
2023-07-19,ADBE/NOW,-0.0,-0.0,0.0,24,0.3,-0.0
2023-07-19,NXPI/TXN,-0.0054898001960743,-0.0054898001960743,0.0,24,0.35,-0.001921430068626
2023-07-20,CNC/CVS,-0.002617460436832,-0.002617460436832,0.0,24,0.35,-0.0009161111528912
2023-07-20,ADBE/NOW,0.0,0.0,0.0,24,0.3,0.0
2023-07-20,NXPI/TXN,-0.0008732630515572,-0.0008732630515572,0.0,24,0.35,-0.000305642068045
2023-07-21,CNC/CVS,0.0003394667095596,0.0003394667095596,0.0,24,0.35,0.0001188133483458
2023-07-21,ADBE/NOW,0.0,0.0,0.0,24,0.3,0.0
2023-07-21,NXPI/TXN,-0.0131849963320437,-0.0131849963320437,0.0,24,0.35,-0.0046147487162153
2023-07-24,CNC/CVS,-0.0072320871392682,-0.0072320871392682,0.0,24,0.35,-0.0025312304987439
2023-07-24,ADBE/NOW,0.0,0.0,0.0,24,0.3,0.0
2023-07-24,NXPI/TXN,-0.0026748059197915,-0.0026748059197915,0.0,24,0.35,-0.000936182071927
2023-07-25,CNC/CVS,0.0002329066134408,0.0002329066134408,0.0,24,0.35,8.151731470431175e-05
2023-07-25,ADBE/NOW,-0.0,-0.0,0.0,24,0.3,-0.0
2023-07-25,NXPI/TXN,0.0081086816675357,0.0081086816675357,0.0,24,0.35,0.0028380385836375
2023-07-26,CNC/CVS,0.003514693556818,0.003514693556818,0.0,24,0.35,0.0012301427448863
2023-07-26,ADBE/NOW,-0.0,-0.0,0.0,24,0.3,-0.0
2023-07-26,NXPI/TXN,0.0319801012163854,0.0319801012163854,0.0,24,0.35,0.0111930354257349
2023-07-27,CNC/CVS,-0.0034691997422926,-0.0034691997422926,0.0,24,0.35,-0.0012142199098024
2023-07-27,ADBE/NOW,0.0,0.0,0.0,24,0.3,0.0
2023-07-27,NXPI/TXN,-0.0006939038461859,-0.0006939038461859,0.0,24,0.35,-0.000242866346165
2023-07-28,CNC/CVS,-0.0091269423230971,-0.0091269423230971,0.0,24,0.35,-0.003194429813084
2023-07-28,ADBE/NOW,0.0,0.0,0.0,24,0.3,0.0
2023-07-28,NXPI/TXN,-0.0043351019538197,-0.0043351019538197,0.0,24,0.35,-0.0015172856838369
2023-07-31,CNC/CVS,0.0083197269463678,0.0083197269463678,0.0,24,0.35,0.0029119044312287
2023-07-31,ADBE/NOW,0.0,0.0,0.0,24,0.3,0.0
2023-07-31,NXPI/TXN,-0.0063615457250395,-0.0063615457250395,0.0,24,0.35,-0.0022265410037638
2023-08-01,CNC/CVS,0.0064304100767724,0.0064304100767724,0.0,24,0.35,0.0022506435268703
2023-08-01,ADBE/NOW,-0.0,-0.0,0.0,24,0.3,-0.0
2023-08-01,NXPI/TXN,0.0065850031464826,0.0065850031464826,0.0,24,0.35,0.0023047511012689
2023-08-02,CNC/CVS,-0.0258799127866182,-0.0258799127866182,0.0,24,0.35,-0.0090579694753163
2023-08-02,ADBE/NOW,-0.0,-0.0,0.0,24,0.3,-0.0
2023-08-02,NXPI/TXN,0.009721319277574,0.009721319277574,0.0,24,0.35,0.0034024617471509
2023-08-03,CNC/CVS,0.0127446968411318,0.0127446968411318,0.0,24,0.35,0.0044606438943961
2023-08-03,ADBE/NOW,-0.0,-0.0,0.0,24,0.3,-0.0
2023-08-03,NXPI/TXN,0.0016148822195779,0.0016148822195779,0.0,24,0.35,0.0005652087768522
2023-08-04,CNC/CVS,0.0119611277137347,0.0119611277137347,0.0,24,0.35,0.0041863946998071
2023-08-04,ADBE/NOW,0.0,0.0,0.0,24,0.3,0.0
2023-08-04,NXPI/TXN,0.0087123301453673,0.0087123301453673,0.0,24,0.35,0.0030493155508785
2023-08-07,CNC/CVS,-0.0046861010054875,-0.0046861010054875,0.0,24,0.35,-0.0016401353519206
2023-08-07,ADBE/NOW,0.0,0.0,0.0,24,0.3,0.0
2023-08-07,NXPI/TXN,0.0065352886980022,0.0065352886980022,0.0,24,0.35,0.0022873510443007
2023-08-08,CNC/CVS,-0.0034178134014931,-0.0034178134014931,0.0,24,0.35,-0.0011962346905226
2023-08-08,ADBE/NOW,-0.0,-0.0,0.0,24,0.3,-0.0
2023-08-08,NXPI/TXN,0.0054069932152714,0.0054069932152714,0.0,24,0.35,0.0018924476253449
2023-08-09,CNC/CVS,-0.001,0.0,1.0,24,0.35,-0.00035
2023-08-09,ADBE/NOW,-0.0,-0.0,0.0,24,0.3,-0.0
2023-08-09,NXPI/TXN,-0.001,0.0,1.0,24,0.35,-0.00035
2023-08-10,CNC/CVS,-0.0,-0.0,0.0,24,0.35,-0.0
2023-08-10,ADBE/NOW,-0.0,-0.0,0.0,24,0.3,-0.0
2023-08-10,NXPI/TXN,0.0,0.0,0.0,24,0.35,0.0
2023-08-11,CNC/CVS,0.0,0.0,0.0,24,0.35,0.0
2023-08-11,ADBE/NOW,-0.0,-0.0,0.0,24,0.3,-0.0
2023-08-11,NXPI/TXN,0.0,0.0,0.0,24,0.35,0.0
2023-08-14,CNC/CVS,-0.0,-0.0,0.0,24,0.35,-0.0
2023-08-14,ADBE/NOW,0.008730781426604,0.009730781426604,1.0,24,0.3,0.0026192344279812
2023-08-14,NXPI/TXN,0.0,0.0,0.0,24,0.35,0.0
2023-08-15,CNC/CVS,-0.0,-0.0,0.0,24,0.35,-0.0
2023-08-15,ADBE/NOW,0.0007041705230939,0.0007041705230939,0.0,24,0.3,0.0002112511569281
2023-08-15,NXPI/TXN,0.0,0.0,0.0,24,0.35,0.0
2023-08-16,CNC/CVS,-0.0,-0.0,0.0,24,0.35,-0.0
2023-08-16,ADBE/NOW,0.0025108985274012,0.0025108985274012,0.0,24,0.3,0.0007532695582203
2023-08-16,NXPI/TXN,-0.0,-0.0,0.0,24,0.35,-0.0
2023-08-17,CNC/CVS,-0.0,-0.0,0.0,24,0.35,-0.0
2023-08-17,ADBE/NOW,0.001078321925756,0.001078321925756,0.0,24,0.3,0.0003234965777268
2023-08-17,NXPI/TXN,0.0,0.0,0.0,24,0.35,0.0
2023-08-18,CNC/CVS,-0.0,-0.0,0.0,24,0.35,-0.0
2023-08-18,ADBE/NOW,-0.0025074714289283,-0.0025074714289283,0.0,24,0.3,-0.0007522414286785
2023-08-18,NXPI/TXN,-0.0,-0.0,0.0,24,0.35,-0.0
2023-08-21,CNC/CVS,0.0011374621612081,0.0021374621612081,1.0,24,0.35,0.0003981117564228
2023-08-21,ADBE/NOW,0.0045115252234684,0.0045115252234684,0.0,24,0.3,0.0013534575670405
2023-08-21,NXPI/TXN,-0.0,-0.0,0.0,24,0.35,-0.0
2023-08-22,CNC/CVS,-0.0001608232032061,-0.0001608232032061,0.0,24,0.35,-5.62881211221585e-05
2023-08-22,ADBE/NOW,-0.006347402823223,-0.006347402823223,0.0,24,0.3,-0.0019042208469669
2023-08-22,NXPI/TXN,0.0,0.0,0.0,24,0.35,0.0
2023-08-23,CNC/CVS,-0.0058450196674748,-0.0058450196674748,0.0,24,0.35,-0.0020457568836161
2023-08-23,ADBE/NOW,0.0083638443074714,0.0083638443074714,0.0,24,0.3,0.0025091532922414
2023-08-23,NXPI/TXN,0.0,0.0,0.0,24,0.35,0.0
2023-08-24,CNC/CVS,-0.0006777197563151,-0.0006777197563151,0.0,24,0.35,-0.0002372019147103
2023-08-24,ADBE/NOW,-0.0072174092291541,-0.0072174092291541,0.0,24,0.3,-0.0021652227687462
2023-08-24,NXPI/TXN,-0.0,-0.0,0.0,24,0.35,-0.0
2023-08-25,CNC/CVS,0.010938878776887,0.010938878776887,0.0,24,0.35,0.0038286075719104
2023-08-25,ADBE/NOW,0.0041863469178614,0.0041863469178614,0.0,24,0.3,0.0012559040753584
2023-08-25,NXPI/TXN,0.0,0.0,0.0,24,0.35,0.0
2023-08-28,CNC/CVS,-0.0034593282884172,-0.0034593282884172,0.0,24,0.35,-0.001210764900946
2023-08-28,ADBE/NOW,0.0021293695988602,0.0021293695988602,0.0,24,0.3,0.000638810879658
2023-08-28,NXPI/TXN,-0.0,-0.0,0.0,24,0.35,-0.0
2023-08-29,CNC/CVS,-0.0031639728786609,-0.0031639728786609,0.0,24,0.35,-0.0011073905075313
2023-08-29,ADBE/NOW,0.0043598590896539,0.0043598590896539,0.0,24,0.3,0.0013079577268961
2023-08-29,NXPI/TXN,-0.0,-0.0,0.0,24,0.35,-0.0
2023-08-30,CNC/CVS,0.0051906932378321,0.0051906932378321,0.0,24,0.35,0.0018167426332412
2023-08-30,ADBE/NOW,-0.0013407629491738,-0.0013407629491738,0.0,24,0.3,-0.0004022288847521
2023-08-30,NXPI/TXN,-0.0,-0.0,0.0,24,0.35,-0.0
2023-08-31,CNC/CVS,-0.011848963875292,-0.011848963875292,0.0,24,0.35,-0.0041471373563522
2023-08-31,ADBE/NOW,0.0147805302265438,0.0147805302265438,0.0,24,0.3,0.0044341590679631
2023-08-31,NXPI/TXN,-0.0,-0.0,0.0,24,0.35,-0.0
2023-09-01,CNC/CVS,0.0072045734681403,0.0072045734681403,0.0,24,0.35,0.0025216007138491
2023-09-01,ADBE/NOW,0.0026708436071669,0.0026708436071669,0.0,24,0.3,0.00080125308215
2023-09-01,NXPI/TXN,-0.0,-0.0,0.0,24,0.35,-0.0
2023-09-05,CNC/CVS,-0.0037175721741045,-0.0037175721741045,0.0,24,0.35,-0.0013011502609365
2023-09-05,ADBE/NOW,-0.0025968201511337,-0.0025968201511337,0.0,24,0.3,-0.0007790460453401
2023-09-05,NXPI/TXN,0.0,0.0,0.0,24,0.35,0.0
2023-09-06,CNC/CVS,-0.0082642400636002,-0.0082642400636002,0.0,24,0.35,-0.00289248402226
2023-09-06,ADBE/NOW,-0.0039991849071039,-0.0039991849071039,0.0,24,0.3,-0.0011997554721311
2023-09-06,NXPI/TXN,-0.0,-0.0,0.0,24,0.35,-0.0
2023-09-07,CNC/CVS,-0.0142774612874737,-0.0142774612874737,0.0,24,0.35,-0.0049971114506157
2023-09-07,ADBE/NOW,-0.0021094700755411,-0.0021094700755411,0.0,24,0.3,-0.0006328410226623
2023-09-07,NXPI/TXN,-0.0,-0.0,0.0,24,0.35,-0.0
2023-09-08,CNC/CVS,0.0072780495936417,0.0072780495936417,0.0,24,0.35,0.0025473173577746
2023-09-08,ADBE/NOW,-0.0006176389676416,-0.0006176389676416,0.0,24,0.3,-0.0001852916902925
2023-09-08,NXPI/TXN,0.0,0.0,0.0,24,0.35,0.0
2023-09-11,CNC/CVS,0.0260073701484889,0.0260073701484889,0.0,24,0.35,0.0091025795519711
2023-09-11,ADBE/NOW,-0.001,0.0,1.0,24,0.3,-0.0003
2023-09-11,NXPI/TXN,0.0,0.0,0.0,24,0.35,0.0
2023-09-12,CNC/CVS,0.0150553825950298,0.0150553825950298,0.0,24,0.35,0.0052693839082604
2023-09-12,ADBE/NOW,-0.0,-0.0,0.0,24,0.3,-0.0
2023-09-12,NXPI/TXN,-0.0,-0.0,0.0,24,0.35,-0.0
2023-09-13,CNC/CVS,-0.0088518108835639,-0.0088518108835639,0.0,24,0.35,-0.0030981338092473
2023-09-13,ADBE/NOW,0.009614170785069,0.010614170785069,1.0,24,0.3,0.0028842512355207
2023-09-13,NXPI/TXN,0.0,0.0,0.0,24,0.35,0.0
2023-09-14,CNC/CVS,0.0004863030319765,0.0004863030319765,0.0,24,0.35,0.0001702060611917
2023-09-14,ADBE/NOW,-0.0006172159409361,-0.0006172159409361,0.0,24,0.3,-0.0001851647822808
2023-09-14,NXPI/TXN,0.0,0.0,0.0,24,0.35,0.0
2023-09-15,CNC/CVS,0.0081235791478617,0.0081235791478617,0.0,24,0.35,0.0028432527017516
2023-09-15,ADBE/NOW,-0.0176167271357364,-0.0176167271357364,0.0,24,0.3,-0.0052850181407209
2023-09-15,NXPI/TXN,-0.0,-0.0,0.0,24,0.35,-0.0
2023-09-18,CNC/CVS,-0.001,-0.0,1.0,24,0.35,-0.00035
2023-09-18,ADBE/NOW,0.0047027989139977,0.0047027989139977,0.0,24,0.3,0.0014108396741993
2023-09-18,NXPI/TXN,-0.0,-0.0,0.0,24,0.35,-0.0
2023-09-19,CNC/CVS,0.0,0.0,0.0,24,0.35,0.0
2023-09-19,ADBE/NOW,0.014665078616758,0.014665078616758,0.0,24,0.3,0.0043995235850274
2023-09-19,NXPI/TXN,0.0,0.0,0.0,24,0.35,0.0
2023-09-20,CNC/CVS,-0.0,-0.0,0.0,24,0.35,-0.0
2023-09-20,ADBE/NOW,-0.0051834758499867,-0.0051834758499867,0.0,24,0.3,-0.001555042754996
2023-09-20,NXPI/TXN,0.0,0.0,0.0,24,0.35,0.0
2023-09-21,CNC/CVS,-0.0,-0.0,0.0,24,0.35,-0.0
2023-09-21,ADBE/NOW,-0.0091268088941293,-0.0091268088941293,0.0,24,0.3,-0.0027380426682388
2023-09-21,NXPI/TXN,-0.0,-0.0,0.0,24,0.35,-0.0
2023-09-22,CNC/CVS,-0.0,-0.0,0.0,24,0.35,-0.0
2023-09-22,ADBE/NOW,-0.0045171245604896,-0.0045171245604896,0.0,24,0.3,-0.0013551373681468
2023-09-22,NXPI/TXN,-0.0,-0.0,0.0,24,0.35,-0.0
2023-09-25,CNC/CVS,0.0,0.0,0.0,24,0.35,0.0
2023-09-25,ADBE/NOW,-0.0054701225856236,-0.0054701225856236,0.0,24,0.3,-0.0016410367756871
2023-09-25,NXPI/TXN,-0.0,-0.0,0.0,24,0.35,-0.0
2023-09-26,CNC/CVS,-0.0,-0.0,0.0,24,0.35,-0.0
2023-09-26,ADBE/NOW,0.0046816839705638,0.0046816839705638,0.0,24,0.3,0.0014045051911691
2023-09-26,NXPI/TXN,-0.0,-0.0,0.0,24,0.35,-0.0
2023-09-27,CNC/CVS,-0.0,-0.0,0.0,24,0.35,-0.0
2023-09-27,ADBE/NOW,-0.005639121744971,-0.005639121744971,0.0,24,0.3,-0.0016917365234913
2023-09-27,NXPI/TXN,-0.0,-0.0,0.0,24,0.35,-0.0
2023-09-28,CNC/CVS,0.0,0.0,0.0,24,0.35,0.0
2023-09-28,ADBE/NOW,-0.0028812609727692,-0.0028812609727692,0.0,24,0.3,-0.0008643782918307
2023-09-28,NXPI/TXN,-0.0,-0.0,0.0,24,0.35,-0.0
2023-09-29,CNC/CVS,-0.0,-0.0,0.0,24,0.35,-0.0
2023-09-29,ADBE/NOW,0.0021466277925164,0.0021466277925164,0.0,24,0.3,0.0006439883377549
2023-09-29,NXPI/TXN,0.0,0.0,0.0,24,0.35,0.0
2023-10-02,CNC/CVS,-0.0,-0.0,0.0,24,0.35,-0.0
2023-10-02,ADBE/NOW,0.0157791019712127,0.0157791019712127,0.0,24,0.3,0.0047337305913638
2023-10-02,NXPI/TXN,0.0,0.0,0.0,24,0.35,0.0
2023-10-03,CNC/CVS,0.0,0.0,0.0,24,0.35,0.0
2023-10-03,ADBE/NOW,-0.0057652612609346,-0.0057652612609346,0.0,24,0.3,-0.0017295783782804
2023-10-03,NXPI/TXN,-0.0,-0.0,0.0,24,0.35,-0.0
2023-10-04,CNC/CVS,-0.0,-0.0,0.0,24,0.35,-0.0
2023-10-04,ADBE/NOW,0.0077368706256652,0.0077368706256652,0.0,24,0.3,0.0023210611876995
2023-10-04,NXPI/TXN,-0.0,-0.0,0.0,24,0.35,-0.0
2023-10-05,CNC/CVS,0.0,0.0,0.0,24,0.35,0.0
2023-10-05,ADBE/NOW,-0.0011680582755066,-0.0011680582755066,0.0,24,0.3,-0.0003504174826519
2023-10-05,NXPI/TXN,-0.0,-0.0,0.0,24,0.35,-0.0
2023-10-06,MS/STT,0.0,0.0,0.0,25,0.2703101820072726,0.0
2023-10-06,CNC/CVS,-0.0,-0.0,0.0,25,0.228245657821276,-0.0
2023-10-06,ADBE/NOW,0.0,0.0,0.0,25,0.2209364399363079,0.0
2023-10-06,NXPI/TXN,0.0,0.0,0.0,25,0.2805077202351436,0.0
2023-10-09,MS/STT,-0.0,-0.0,0.0,25,0.2703101820072726,-0.0
2023-10-09,CNC/CVS,0.0,0.0,0.0,25,0.228245657821276,0.0
2023-10-09,ADBE/NOW,0.0,0.0,0.0,25,0.2209364399363079,0.0
2023-10-09,NXPI/TXN,0.0,0.0,0.0,25,0.2805077202351436,0.0
2023-10-10,MS/STT,-0.0,-0.0,0.0,25,0.2703101820072726,-0.0
2023-10-10,CNC/CVS,0.0,0.0,0.0,25,0.228245657821276,0.0
2023-10-10,ADBE/NOW,0.0,0.0,0.0,25,0.2209364399363079,0.0
2023-10-10,NXPI/TXN,-0.0,-0.0,0.0,25,0.2805077202351436,-0.0
2023-10-11,MS/STT,-0.0,-0.0,0.0,25,0.2703101820072726,-0.0
2023-10-11,CNC/CVS,0.0,0.0,0.0,25,0.228245657821276,0.0
2023-10-11,ADBE/NOW,0.0,0.0,0.0,25,0.2209364399363079,0.0
2023-10-11,NXPI/TXN,-0.0,-0.0,0.0,25,0.2805077202351436,-0.0
2023-10-12,MS/STT,-0.0,-0.0,0.0,25,0.2703101820072726,-0.0
2023-10-12,CNC/CVS,-0.0,-0.0,0.0,25,0.228245657821276,-0.0
2023-10-12,ADBE/NOW,-0.0102994581746843,-0.0092994581746843,1.0,25,0.2209364399363079,-0.0022755256223876
2023-10-12,NXPI/TXN,-0.0,-0.0,0.0,25,0.2805077202351436,-0.0
2023-10-13,MS/STT,-0.0,-0.0,0.0,25,0.2703101820072726,-0.0
2023-10-13,CNC/CVS,0.0,0.0,0.0,25,0.228245657821276,0.0
2023-10-13,ADBE/NOW,0.0036561559203129,0.0036561559203129,0.0,25,0.2209364399363079,0.0008077780728859
2023-10-13,NXPI/TXN,0.0,0.0,0.0,25,0.2805077202351436,0.0
2023-10-16,MS/STT,0.0,0.0,0.0,25,0.2703101820072726,0.0
2023-10-16,CNC/CVS,-0.0,-0.0,0.0,25,0.228245657821276,-0.0
2023-10-16,ADBE/NOW,-0.000632939649102,-0.000632939649102,0.0,25,0.2209364399363079,-0.0001398394327671
2023-10-16,NXPI/TXN,-0.0,-0.0,0.0,25,0.2805077202351436,-0.0
2023-10-17,MS/STT,0.0,0.0,0.0,25,0.2703101820072726,0.0
2023-10-17,CNC/CVS,0.0,0.0,0.0,25,0.228245657821276,0.0
2023-10-17,ADBE/NOW,0.0026889783698553,0.0026889783698553,0.0,25,0.2209364399363079,0.0005940933081015
2023-10-17,NXPI/TXN,0.0,0.0,0.0,25,0.2805077202351436,0.0
2023-10-18,MS/STT,-0.0,-0.0,0.0,25,0.2703101820072726,-0.0
2023-10-18,CNC/CVS,-0.0,-0.0,0.0,25,0.228245657821276,-0.0
2023-10-18,ADBE/NOW,-0.0106376170777374,-0.0106376170777374,0.0,25,0.2209364399363079,-0.0023502372465609
2023-10-18,NXPI/TXN,-0.0,-0.0,0.0,25,0.2805077202351436,-0.0
2023-10-19,MS/STT,-0.0,-0.0,0.0,25,0.2703101820072726,-0.0
2023-10-19,CNC/CVS,0.0,0.0,0.0,25,0.228245657821276,0.0
2023-10-19,ADBE/NOW,0.0092361152496563,0.0092361152496563,0.0,25,0.2209364399363079,0.0020405944221005
2023-10-19,NXPI/TXN,0.0,0.0,0.0,25,0.2805077202351436,0.0
2023-10-20,MS/STT,0.0090234490152295,0.0100234490152295,1.0,25,0.2703101820072726,0.00243913014564
2023-10-20,CNC/CVS,-0.0,-0.0,0.0,25,0.228245657821276,-0.0
2023-10-20,ADBE/NOW,0.0026426695737699,0.0026426695737699,0.0,25,0.2209364399363079,0.0005838620075567
2023-10-20,NXPI/TXN,0.0081561443919365,0.0091561443919365,1.0,25,0.2805077202351436,0.0022878614692907
2023-10-23,MS/STT,-0.0090726653037981,-0.0090726653037981,0.0,25,0.2703101820072726,-0.0024524338095607
2023-10-23,CNC/CVS,0.0,0.0,0.0,25,0.228245657821276,0.0
2023-10-23,ADBE/NOW,-0.0002676005109291,-0.0002676005109291,0.0,25,0.2209364399363079,-5.912270420981884e-05
2023-10-23,NXPI/TXN,-0.0001196567850345,-0.0001196567850345,0.0,25,0.2805077202351436,-3.356465198071744e-05
2023-10-24,MS/STT,-0.0040045253338838,-0.0040045253338838,0.0,25,0.2703101820072726,-0.0010824639718548
2023-10-24,CNC/CVS,0.0,0.0,0.0,25,0.228245657821276,0.0
2023-10-24,ADBE/NOW,0.0108773693727993,0.0108773693727993,0.0,25,0.2209364399363079,0.0024032072650985
2023-10-24,NXPI/TXN,-0.0001513764607347,-0.0001513764607347,0.0,25,0.2805077202351436,-4.246226589796385e-05
2023-10-25,MS/STT,0.0025863452905425,0.0025863452905425,0.0,25,0.2703101820072726,0.0006991154662202
2023-10-25,CNC/CVS,0.0,0.0,0.0,25,0.228245657821276,0.0
2023-10-25,ADBE/NOW,0.0019456166828205,0.0019456166828205,0.0,25,0.2209364399363079,0.000429857623383
2023-10-25,NXPI/TXN,0.0074125752972922,0.0074125752972922,0.0,25,0.2805077202351436,0.0020792845977147
2023-10-26,MS/STT,0.0023912516319395,0.0023912516319395,0.0,25,0.2703101820072726,0.0006463796638547
2023-10-26,CNC/CVS,-0.0,-0.0,0.0,25,0.228245657821276,-0.0
2023-10-26,ADBE/NOW,0.0239272713569571,0.0239272713569571,0.0,25,0.2209364399363079,0.005286406150996
2023-10-26,NXPI/TXN,-0.0026574740022613,-0.0026574740022613,0.0,25,0.2805077202351436,-0.0007454419739584
2023-10-27,MS/STT,-0.0051657569304402,-0.0051657569304402,0.0,25,0.2703101820072726,-0.0013963566960726
2023-10-27,CNC/CVS,-0.0,-0.0,0.0,25,0.228245657821276,-0.0
2023-10-27,ADBE/NOW,0.0093324774391411,0.0093324774391411,0.0,25,0.2209364399363079,0.0020618843411897
2023-10-27,NXPI/TXN,0.0031043788003123,0.0031043788003123,0.0,25,0.2805077202351436,0.0008708022200219
2023-10-30,MS/STT,0.0041189754519486,0.0041189754519486,0.0,25,0.2703101820072726,0.0011134010040997
2023-10-30,CNC/CVS,0.0,0.0,0.0,25,0.228245657821276,0.0
2023-10-30,ADBE/NOW,-0.0110838458291346,-0.0110838458291346,0.0,25,0.2209364399363079,-0.0024488254382918
2023-10-30,NXPI/TXN,-0.0119426537039781,-0.0119426537039781,0.0,25,0.2805077202351436,-0.0033500065640606
2023-10-31,MS/STT,-0.0021492793509944,-0.0021492793509944,0.0,25,0.2703101820072726,-0.0005809720925517
2023-10-31,CNC/CVS,0.0,0.0,0.0,25,0.228245657821276,0.0
2023-10-31,ADBE/NOW,0.0038588797307657,0.0038588797307657,0.0,25,0.2209364399363079,0.0008525671498577
2023-10-31,NXPI/TXN,-0.0021588832974808,-0.0021588832974808,0.0,25,0.2805077202351436,-0.00060558343203
2023-11-01,MS/STT,0.0005607507084559,0.0005607507084559,0.0,25,0.2703101820072726,0.0001515766260634
2023-11-01,CNC/CVS,-0.0,-0.0,0.0,25,0.228245657821276,-0.0
2023-11-01,ADBE/NOW,-0.0056348605016238,-0.0056348605016238,0.0,25,0.2209364399363079,-0.0012449460187664
2023-11-01,NXPI/TXN,-0.0050527804537904,-0.0050527804537904,0.0,25,0.2805077202351436,-0.0014173439259414
2023-11-02,MS/STT,0.0118349489674424,0.0118349489674424,0.0,25,0.2703101820072726,0.0031991072094361
2023-11-02,CNC/CVS,0.0,0.0,0.0,25,0.228245657821276,0.0
2023-11-02,ADBE/NOW,-0.0113139859308707,-0.0113139859308707,0.0,25,0.2209364399363079,-0.002499671773056
2023-11-02,NXPI/TXN,-0.0079950974846139,-0.0079950974846139,0.0,25,0.2805077202351436,-0.0022426865684667
2023-11-03,MS/STT,0.018491899940685,0.018491899940685,0.0,25,0.2703101820072726,0.0049985488386268
2023-11-03,CNC/CVS,0.0,0.0,0.0,25,0.228245657821276,0.0
2023-11-03,ADBE/NOW,-0.0002113630033967,-0.0002113630033967,0.0,25,0.2209364399363079,-4.6697789504726966e-05
2023-11-03,NXPI/TXN,-0.0046642935160512,-0.0046642935160512,0.0,25,0.2805077202351436,-0.0013083703406951
2023-11-06,MS/STT,6.31421373197494e-05,6.31421373197494e-05,0.0,25,0.2703101820072726,1.706796263122966e-05
2023-11-06,CNC/CVS,-0.0,-0.0,0.0,25,0.228245657821276,-0.0
2023-11-06,ADBE/NOW,-0.0001865714804371,-0.0001865714804371,0.0,25,0.2209364399363079,-4.122043868143164e-05
2023-11-06,NXPI/TXN,0.0140974544737482,0.0140974544737482,0.0,25,0.2805077202351436,0.0039544448155498
2023-11-07,MS/STT,0.0002633151311098,0.0002633151311098,0.0,25,0.2703101820072726,7.117676101556145e-05
2023-11-07,CNC/CVS,-0.0,-0.0,0.0,25,0.228245657821276,-0.0
2023-11-07,ADBE/NOW,-0.017431997027532,-0.017431997027532,0.0,25,0.2209364399363079,-0.0038513633642432
2023-11-07,NXPI/TXN,0.009861385320389,0.009861385320389,0.0,25,0.2805077202351436,0.0027661947145826
2023-11-08,MS/STT,0.0037549102784556,0.0037549102784556,0.0,25,0.2703101820072726,0.0010149904807903
2023-11-08,CNC/CVS,-0.0,-0.0,0.0,25,0.228245657821276,-0.0
2023-11-08,ADBE/NOW,-0.001,-0.0,1.0,25,0.2209364399363079,-0.0002209364399363
2023-11-08,NXPI/TXN,0.0012504058232326,0.0012504058232326,0.0,25,0.2805077202351436,0.0003507484868437
2023-11-09,MS/STT,-0.0146311878869038,-0.0146311878869038,0.0,25,0.2703101820072726,-0.0039549590606915
2023-11-09,CNC/CVS,-0.0,-0.0,0.0,25,0.228245657821276,-0.0
2023-11-09,ADBE/NOW,-0.0,-0.0,0.0,25,0.2209364399363079,-0.0
2023-11-09,NXPI/TXN,0.002701634324188,0.002701634324188,0.0,25,0.2805077202351436,0.0007578292851869
2023-11-10,MS/STT,0.0038069853197359,0.0038069853197359,0.0,25,0.2703101820072726,0.0010290668946768
2023-11-10,CNC/CVS,0.0068519653250913,0.0078519653250913,1.0,25,0.228245657821276,0.001563931332994
2023-11-10,ADBE/NOW,0.0,0.0,0.0,25,0.2209364399363079,0.0
2023-11-10,NXPI/TXN,-0.0049494803175257,-0.0049494803175257,0.0,25,0.2805077202351436,-0.0013883674402178
2023-11-13,MS/STT,0.0005332866431928,0.0005332866431928,0.0,25,0.2703101820072726,0.0001441528095835
2023-11-13,CNC/CVS,4.032649358225452e-05,4.032649358225452e-05,0.0,25,0.228245657821276,9.204347055307148e-06
2023-11-13,ADBE/NOW,-0.0,-0.0,0.0,25,0.2209364399363079,-0.0
2023-11-13,NXPI/TXN,0.002238921057218,0.002238921057218,0.0,25,0.2805077202351436,0.0006280346415467
2023-11-14,MS/STT,0.0173346134032067,0.0173346134032067,0.0,25,0.2703101820072726,0.0046857225040465
2023-11-14,CNC/CVS,0.002372011786731,0.002372011786731,0.0,25,0.228245657821276,0.0005414013906222
2023-11-14,ADBE/NOW,0.0,0.0,0.0,25,0.2209364399363079,0.0
2023-11-14,NXPI/TXN,0.0016247346095289,0.0016247346095289,0.0,25,0.2805077202351436,0.0004557506013061
2023-11-15,MS/STT,0.0068649939488894,0.0068649939488894,0.0,25,0.2703101820072726,0.0018556777638031
2023-11-15,CNC/CVS,0.0063243699828455,0.0063243699828455,0.0,25,0.228245657821276,0.0014435099870397
2023-11-15,ADBE/NOW,-0.0,-0.0,0.0,25,0.2209364399363079,-0.0
2023-11-15,NXPI/TXN,0.002458973640403,0.002458973640403,0.0,25,0.2805077202351436,0.0006897610899877
2023-11-16,MS/STT,-0.001,0.0,1.0,25,0.2703101820072726,-0.0002703101820072
2023-11-16,CNC/CVS,-0.0086637540983545,-0.0086637540983545,0.0,25,0.228245657821276,-0.0019774642533807
2023-11-16,ADBE/NOW,0.0,0.0,0.0,25,0.2209364399363079,0.0
2023-11-16,NXPI/TXN,-0.001,-0.0,1.0,25,0.2805077202351436,-0.0002805077202351
2023-11-17,MS/STT,0.0,0.0,0.0,25,0.2703101820072726,0.0
2023-11-17,CNC/CVS,0.0082020378814122,0.0082020378814122,0.0,25,0.228245657821276,0.0018720795317179
2023-11-17,ADBE/NOW,-0.0,-0.0,0.0,25,0.2209364399363079,-0.0
2023-11-17,NXPI/TXN,0.0,0.0,0.0,25,0.2805077202351436,0.0
2023-11-20,MS/STT,-0.0,-0.0,0.0,25,0.2703101820072726,-0.0
2023-11-20,CNC/CVS,-0.006140761920368,-0.006140761920368,0.0,25,0.228245657821276,-0.0014016022440382
2023-11-20,ADBE/NOW,0.0,0.0,0.0,25,0.2209364399363079,0.0
2023-11-20,NXPI/TXN,-0.0,-0.0,0.0,25,0.2805077202351436,-0.0
2023-11-21,MS/STT,-0.0,-0.0,0.0,25,0.2703101820072726,-0.0
2023-11-21,CNC/CVS,-0.0058481165180046,-0.0058481165180046,0.0,25,0.228245657821276,-0.0013348072016674
2023-11-21,ADBE/NOW,-0.0,-0.0,0.0,25,0.2209364399363079,-0.0
2023-11-21,NXPI/TXN,-0.0,-0.0,0.0,25,0.2805077202351436,-0.0
2023-11-22,MS/STT,-0.0,-0.0,0.0,25,0.2703101820072726,-0.0
2023-11-22,CNC/CVS,0.0085603988427527,0.0085603988427527,0.0,25,0.228245657821276,0.0019538738650765
2023-11-22,ADBE/NOW,0.0,0.0,0.0,25,0.2209364399363079,0.0
2023-11-22,NXPI/TXN,0.0,0.0,0.0,25,0.2805077202351436,0.0
2023-11-24,MS/STT,-0.0,-0.0,0.0,25,0.2703101820072726,-0.0
2023-11-24,CNC/CVS,0.0021558797882546,0.0021558797882546,0.0,25,0.228245657821276,0.0004920702004537
2023-11-24,ADBE/NOW,-0.0,-0.0,0.0,25,0.2209364399363079,-0.0
2023-11-24,NXPI/TXN,-0.0,-0.0,0.0,25,0.2805077202351436,-0.0
2023-11-27,MS/STT,-0.0,-0.0,0.0,25,0.2703101820072726,-0.0
2023-11-27,CNC/CVS,-0.0056866958937674,-0.0056866958937674,0.0,25,0.228245657821276,-0.0012979636451025
2023-11-27,ADBE/NOW,0.0,0.0,0.0,25,0.2209364399363079,0.0
2023-11-27,NXPI/TXN,-0.0,-0.0,0.0,25,0.2805077202351436,-0.0
2023-11-28,MS/STT,-0.0,-0.0,0.0,25,0.2703101820072726,-0.0
2023-11-28,CNC/CVS,0.0106471162902078,0.0106471162902078,0.0,25,0.228245657821276,0.0024301580615581
2023-11-28,ADBE/NOW,0.0,0.0,0.0,25,0.2209364399363079,0.0
2023-11-28,NXPI/TXN,0.0,0.0,0.0,25,0.2805077202351436,0.0
2023-11-29,MS/STT,0.0,0.0,0.0,25,0.2703101820072726,0.0
2023-11-29,CNC/CVS,-0.0133887745356726,-0.0133887745356726,0.0,25,0.228245657821276,-0.0030559296513153
2023-11-29,ADBE/NOW,-0.0,-0.0,0.0,25,0.2209364399363079,-0.0
2023-11-29,NXPI/TXN,-0.0,-0.0,0.0,25,0.2805077202351436,-0.0
2023-11-30,MS/STT,0.0,0.0,0.0,25,0.2703101820072726,0.0
2023-11-30,CNC/CVS,-0.003400751570325,-0.003400751570325,0.0,25,0.228245657821276,-0.0007762067792555
2023-11-30,ADBE/NOW,-0.0,-0.0,0.0,25,0.2209364399363079,-0.0
2023-11-30,NXPI/TXN,-0.0,-0.0,0.0,25,0.2805077202351436,-0.0
2023-12-01,MS/STT,0.0,0.0,0.0,25,0.2703101820072726,0.0
2023-12-01,CNC/CVS,0.0002887060100971,0.0002887060100971,0.0,25,0.228245657821276,6.589589319157968e-05
2023-12-01,ADBE/NOW,-0.0,-0.0,0.0,25,0.2209364399363079,-0.0
2023-12-01,NXPI/TXN,0.0,0.0,0.0,25,0.2805077202351436,0.0
2023-12-04,MS/STT,0.0,0.0,0.0,25,0.2703101820072726,0.0
2023-12-04,CNC/CVS,0.0035340502504464,0.0035340502504464,0.0,25,0.228245657821276,0.0008066316241865
2023-12-04,ADBE/NOW,-0.0,-0.0,0.0,25,0.2209364399363079,-0.0
2023-12-04,NXPI/TXN,0.0,0.0,0.0,25,0.2805077202351436,0.0
2023-12-05,MS/STT,-0.0,-0.0,0.0,25,0.2703101820072726,-0.0
2023-12-05,CNC/CVS,0.0214210584581885,0.0214210584581885,0.0,25,0.228245657821276,0.0048892635790172
2023-12-05,ADBE/NOW,-0.0,-0.0,0.0,25,0.2209364399363079,-0.0
2023-12-05,NXPI/TXN,0.0,0.0,0.0,25,0.2805077202351436,0.0
2023-12-06,MS/STT,0.0,0.0,0.0,25,0.2703101820072726,0.0
2023-12-06,CNC/CVS,0.026532146016142,0.026532146016142,0.0,25,0.228245657821276,0.0060558471208644
2023-12-06,ADBE/NOW,-0.0,-0.0,0.0,25,0.2209364399363079,-0.0
2023-12-06,NXPI/TXN,-0.0,-0.0,0.0,25,0.2805077202351436,-0.0
2023-12-07,MS/STT,-0.0,-0.0,0.0,25,0.2703101820072726,-0.0
2023-12-07,CNC/CVS,0.0054282873716933,0.0054282873716933,0.0,25,0.228245657821276,0.001238983021995
2023-12-07,ADBE/NOW,0.0,0.0,0.0,25,0.2209364399363079,0.0
2023-12-07,NXPI/TXN,-0.0,-0.0,0.0,25,0.2805077202351436,-0.0
2023-12-08,MS/STT,0.0,0.0,0.0,25,0.2703101820072726,0.0
2023-12-08,CNC/CVS,-0.001,0.0,1.0,25,0.228245657821276,-0.0002282456578212
2023-12-08,ADBE/NOW,-0.0,-0.0,0.0,25,0.2209364399363079,-0.0
2023-12-08,NXPI/TXN,-0.0,-0.0,0.0,25,0.2805077202351436,-0.0
2023-12-11,MS/STT,0.0,0.0,0.0,25,0.2703101820072726,0.0
2023-12-11,CNC/CVS,0.0132332725309038,0.0142332725309038,1.0,25,0.228245657821276,0.0030204369939443
2023-12-11,ADBE/NOW,0.0,0.0,0.0,25,0.2209364399363079,0.0
2023-12-11,NXPI/TXN,0.0,0.0,0.0,25,0.2805077202351436,0.0
2023-12-12,MS/STT,0.0,0.0,0.0,25,0.2703101820072726,0.0
2023-12-12,CNC/CVS,0.0105427595390856,0.0105427595390856,0.0,25,0.228245657821276,0.0024063390862501
2023-12-12,ADBE/NOW,0.0,0.0,0.0,25,0.2209364399363079,0.0
2023-12-12,NXPI/TXN,-0.0,-0.0,0.0,25,0.2805077202351436,-0.0
2023-12-13,MS/STT,0.0,0.0,0.0,25,0.2703101820072726,0.0
2023-12-13,CNC/CVS,-0.0143776666965842,-0.0143776666965842,0.0,25,0.228245657821276,-0.0032816399930969
2023-12-13,ADBE/NOW,-0.0,-0.0,0.0,25,0.2209364399363079,-0.0
2023-12-13,NXPI/TXN,0.0,0.0,0.0,25,0.2805077202351436,0.0
2023-12-14,MS/STT,0.0,0.0,0.0,25,0.2703101820072726,0.0
2023-12-14,CNC/CVS,0.002408758867091,0.002408758867091,0.0,25,0.228245657821276,0.000549788752152
2023-12-14,ADBE/NOW,-0.0,-0.0,0.0,25,0.2209364399363079,-0.0
2023-12-14,NXPI/TXN,0.0,0.0,0.0,25,0.2805077202351436,0.0
2023-12-15,MS/STT,-0.0091045976649482,-0.0081045976649482,1.0,25,0.2703101820072726,-0.0024610654519151
2023-12-15,CNC/CVS,-0.0049056380625689,-0.0049056380625689,0.0,25,0.228245657821276,-0.0011196905866241
2023-12-15,ADBE/NOW,-0.0,-0.0,0.0,25,0.2209364399363079,-0.0
2023-12-15,NXPI/TXN,-0.0,-0.0,0.0,25,0.2805077202351436,-0.0
2023-12-18,MS/STT,0.0034244804333012,0.0034244804333012,0.0,25,0.2703101820072726,0.0009256719292059
2023-12-18,CNC/CVS,-0.0016618369905405,-0.0016618369905405,0.0,25,0.228245657821276,-0.0003793070770976
2023-12-18,ADBE/NOW,0.0103813131350135,0.0113813131350135,1.0,25,0.2209364399363079,0.0022936103659139
2023-12-18,NXPI/TXN,0.0,0.0,0.0,25,0.2805077202351436,0.0
2023-12-19,MS/STT,-0.0055286982041797,-0.0055286982041797,0.0,25,0.2703101820072726,-0.0014944634178351
2023-12-19,CNC/CVS,-0.0136483423136769,-0.0136483423136769,0.0,25,0.228245657821276,-0.0031151748695551
2023-12-19,ADBE/NOW,0.0031115183103463,0.0031115183103463,0.0,25,0.2209364399363079,0.0006874477782845
2023-12-19,NXPI/TXN,0.0,0.0,0.0,25,0.2805077202351436,0.0
2023-12-20,MS/STT,-0.0027163173140242,-0.0027163173140242,0.0,25,0.2703101820072726,-0.0007342482275433
2023-12-20,CNC/CVS,-0.0187085712140994,-0.0187085712140994,0.0,25,0.228245657821276,-0.0042701501436583
2023-12-20,ADBE/NOW,-0.0003342734653059,-0.0003342734653059,0.0,25,0.2209364399363079,-7.385318938986855e-05
2023-12-20,NXPI/TXN,-0.0,-0.0,0.0,25,0.2805077202351436,-0.0
2023-12-21,MS/STT,-0.0053230234246917,-0.0053230234246917,0.0,25,0.2703101820072726,-0.0014388674307573
2023-12-21,CNC/CVS,-0.0068234610469359,-0.0068234610469359,0.0,25,0.228245657821276,-0.0015574253552757
2023-12-21,ADBE/NOW,-6.45398388262778e-05,-6.45398388262778e-05,0.0,25,0.2209364399363079,-1.425920222434092e-05
2023-12-21,NXPI/TXN,-0.0,-0.0,0.0,25,0.2805077202351436,-0.0
2023-12-22,MS/STT,0.002360522095041,0.002360522095041,0.0,25,0.2703101820072726,0.0006380731571427
2023-12-22,CNC/CVS,-0.0015149369168123,-0.0015149369168123,0.0,25,0.228245657821276,-0.0003457777731355
2023-12-22,ADBE/NOW,0.0005076038867055,0.0005076038867055,0.0,25,0.2209364399363079,0.0001121481956265
2023-12-22,NXPI/TXN,0.0,0.0,0.0,25,0.2805077202351436,0.0
2023-12-26,MS/STT,-0.0002567358706811,-0.0002567358706811,0.0,25,0.2703101820072726,-6.939831993160626e-05
2023-12-26,CNC/CVS,-0.000703867054983,-0.000703867054983,0.0,25,0.228245657821276,-0.0001606545989833
2023-12-26,ADBE/NOW,-0.0026434174371993,-0.0026434174371993,0.0,25,0.2209364399363079,-0.0005840272378403
2023-12-26,NXPI/TXN,0.0,0.0,0.0,25,0.2805077202351436,0.0
2023-12-27,MS/STT,-0.0042305955551134,-0.0042305955551134,0.0,25,0.2703101820072726,-0.0011435730545018
2023-12-27,CNC/CVS,0.0005786060686109,0.0005786060686109,0.0,25,0.228245657821276,0.0001320643227494
2023-12-27,ADBE/NOW,-0.0036291657570397,-0.0036291657570397,0.0,25,0.2209364399363079,-0.0008018149622991
2023-12-27,NXPI/TXN,0.0,0.0,0.0,25,0.2805077202351436,0.0
2023-12-28,MS/STT,0.0023385377759315,0.0023385377759315,0.0,25,0.2703101820072726,0.0006321305718429
2023-12-28,CNC/CVS,0.0007366874185439,0.0007366874185439,0.0,25,0.228245657821276,0.0001681457044542
2023-12-28,ADBE/NOW,0.0002005681409977,0.0002005681409977,0.0,25,0.2209364399363079,4.431281103669278e-05
2023-12-28,NXPI/TXN,0.0,0.0,0.0,25,0.2805077202351436,0.0
2023-12-29,MS/STT,0.0012433485473144,0.0012433485473144,0.0,25,0.2703101820072726,0.000336089772123
2023-12-29,CNC/CVS,0.001486584064075,0.001486584064075,0.0,25,0.228245657821276,0.0003393063576114
2023-12-29,ADBE/NOW,-0.0012744846672971,-0.0012744846672971,0.0,25,0.2209364399363079,-0.000281580105146
2023-12-29,NXPI/TXN,-0.0,-0.0,0.0,25,0.2805077202351436,-0.0
2024-01-02,MS/STT,-0.0028721835663356,-0.0028721835663356,0.0,25,0.2703101820072726,-0.0007763804625744
2024-01-02,CNC/CVS,-0.0047694032081615,-0.0047694032081615,0.0,25,0.228245657821276,-0.0010885955726617
2024-01-02,ADBE/NOW,-0.0054020634447311,-0.0054020634447311,0.0,25,0.2209364399363079,-0.0011935126657889
2024-01-02,NXPI/TXN,0.0,0.0,0.0,25,0.2805077202351436,0.0
2024-01-03,MS/STT,0.0108680995411378,0.0108680995411378,0.0,25,0.2703101820072726,0.0029377579650381
2024-01-03,CNC/CVS,-0.0006303563792027,-0.0006303563792027,0.0,25,0.228245657821276,-0.0001438761064329
2024-01-03,ADBE/NOW,-0.0011789725883505,-0.0011789725883505,0.0,25,0.2209364399363079,-0.0002604780064526
2024-01-03,NXPI/TXN,-0.0,-0.0,0.0,25,0.2805077202351436,-0.0
2024-01-04,MS/STT,-0.0012176710593387,-0.0012176710593387,0.0,25,0.2703101820072726,-0.0003291488856748
2024-01-04,CNC/CVS,0.0050777179361521,0.0050777179361521,0.0,25,0.228245657821276,0.0011589670705679
2024-01-04,ADBE/NOW,-0.002828850583863,-0.002828850583863,0.0,25,0.2209364399363079,-0.0006249961771104
2024-01-04,NXPI/TXN,0.0,0.0,0.0,25,0.2805077202351436,0.0
2024-01-05,MS/STT,-0.0032119871874465,-0.0032119871874465,0.0,25,0.2703101820072726,-0.0008682328412437
2024-01-05,CNC/CVS,-0.0069221880896439,-0.0069221880896439,0.0,25,0.228245657821276,-0.0015799593740833
2024-01-05,ADBE/NOW,-0.0051635669669012,-0.0051635669669012,0.0,25,0.2209364399363079,-0.0011408201030398
2024-01-05,NXPI/TXN,0.0,0.0,0.0,25,0.2805077202351436,0.0
2024-01-08,ADBE/NOW,0.0,0.0,0.0,26,0.3447217029299099,0.0
2024-01-08,MS/STT,0.0,0.0,0.0,26,0.3052782970700901,0.0
2024-01-08,EEM/VWO,0.0,0.0,0.0,26,0.35,0.0
2024-01-09,ADBE/NOW,0.0,0.0,0.0,26,0.3447217029299099,0.0
2024-01-09,MS/STT,-0.0,-0.0,0.0,26,0.3052782970700901,-0.0
2024-01-09,EEM/VWO,-0.0,-0.0,0.0,26,0.35,-0.0
2024-01-10,ADBE/NOW,-0.0,-0.0,0.0,26,0.3447217029299099,-0.0
2024-01-10,MS/STT,-0.0,-0.0,0.0,26,0.3052782970700901,-0.0
2024-01-10,EEM/VWO,-0.0,-0.0,0.0,26,0.35,-0.0
2024-01-11,ADBE/NOW,-0.0,-0.0,0.0,26,0.3447217029299099,-0.0
2024-01-11,MS/STT,-0.0,-0.0,0.0,26,0.3052782970700901,-0.0
2024-01-11,EEM/VWO,-0.0,-0.0,0.0,26,0.35,-0.0
2024-01-12,ADBE/NOW,-0.0,-0.0,0.0,26,0.3447217029299099,-0.0
2024-01-12,MS/STT,-0.0,-0.0,0.0,26,0.3052782970700901,-0.0
2024-01-12,EEM/VWO,-0.0,-0.0,0.0,26,0.35,-0.0
2024-01-16,ADBE/NOW,0.0,0.0,0.0,26,0.3447217029299099,0.0
2024-01-16,MS/STT,-0.0,-0.0,0.0,26,0.3052782970700901,-0.0
2024-01-16,EEM/VWO,-0.0,-0.0,0.0,26,0.35,-0.0
2024-01-17,ADBE/NOW,-0.0,-0.0,0.0,26,0.3447217029299099,-0.0
2024-01-17,MS/STT,-0.0064110955541357,-0.0054110955541357,1.0,26,0.3052782970700901,-0.0019571683331201
2024-01-17,EEM/VWO,-0.0,-0.0,0.0,26,0.35,-0.0
2024-01-18,ADBE/NOW,-0.0,-0.0,0.0,26,0.3447217029299099,-0.0
2024-01-18,MS/STT,-0.0018418027466607,-0.0018418027466607,0.0,26,0.3052782970700901,-0.0005622624060395
2024-01-18,EEM/VWO,0.0,0.0,0.0,26,0.35,0.0
2024-01-19,ADBE/NOW,0.0,0.0,0.0,26,0.3447217029299099,0.0
2024-01-19,MS/STT,0.0028317514244467,0.0028317514244467,0.0,26,0.3052782970700901,0.0008644722525809
2024-01-19,EEM/VWO,0.0,0.0,0.0,26,0.35,0.0
2024-01-22,ADBE/NOW,-0.0,-0.0,0.0,26,0.3447217029299099,-0.0
2024-01-22,MS/STT,0.0105407801320958,0.0105407801320958,0.0,26,0.3052782970700901,0.0032178714085164
2024-01-22,EEM/VWO,-0.0,-0.0,0.0,26,0.35,-0.0
2024-01-23,ADBE/NOW,-0.0,-0.0,0.0,26,0.3447217029299099,-0.0
2024-01-23,MS/STT,0.0091689402243833,0.0091689402243833,0.0,26,0.3052782970700901,0.0027990784576372
2024-01-23,EEM/VWO,0.0,0.0,0.0,26,0.35,0.0
2024-01-24,ADBE/NOW,0.0,0.0,0.0,26,0.3447217029299099,0.0
2024-01-24,MS/STT,0.0065229767210049,0.0065229767210049,0.0,26,0.3052782970700901,0.0019913232252162
2024-01-24,EEM/VWO,-0.0,-0.0,0.0,26,0.35,-0.0
2024-01-25,ADBE/NOW,0.0,0.0,0.0,26,0.3447217029299099,0.0
2024-01-25,MS/STT,-0.0010944610647957,-0.0010944610647957,0.0,26,0.3052782970700901,-0.0003341152100703
2024-01-25,EEM/VWO,-0.0,-0.0,0.0,26,0.35,-0.0
2024-01-26,ADBE/NOW,0.0086499145989852,0.0096499145989852,1.0,26,0.3447217029299099,0.0029818132907604
2024-01-26,MS/STT,-0.0042255599886518,-0.0042255599886518,0.0,26,0.3052782970700901,-0.0012899717575031
2024-01-26,EEM/VWO,0.0,0.0,0.0,26,0.35,0.0
2024-01-29,ADBE/NOW,-0.0060989174818963,-0.0060989174818963,0.0,26,0.3447217029299099,-0.0021024292203883
2024-01-29,MS/STT,0.000578719970099,0.000578719970099,0.0,26,0.3052782970700901,0.0001766706469522
2024-01-29,EEM/VWO,0.0,0.0,0.0,26,0.35,0.0
2024-01-30,ADBE/NOW,0.0013279890465071,0.0013279890465071,0.0,26,0.3447217029299099,0.0004577866455842
2024-01-30,MS/STT,0.0060425350269049,0.0060425350269049,0.0,26,0.3052782970700901,0.0018446548029999
2024-01-30,EEM/VWO,0.0,0.0,0.0,26,0.35,0.0
2024-01-31,ADBE/NOW,-0.0011282380954312,-0.0011282380954312,0.0,26,0.3447217029299099,-0.0003889281575674
2024-01-31,MS/STT,0.0022576599191503,0.0022576599191503,0.0,26,0.3052782970700901,0.0006892145754816
2024-01-31,EEM/VWO,-0.0,-0.0,0.0,26,0.35,-0.0
2024-02-01,ADBE/NOW,-0.0066254208910122,-0.0066254208910122,0.0,26,0.3447217029299099,-0.0022839263721771
2024-02-01,MS/STT,0.0001858989205753,0.0001858989205753,0.0,26,0.3052782970700901,5.675090590040401e-05
2024-02-01,EEM/VWO,0.0,0.0,0.0,26,0.35,0.0
2024-02-02,ADBE/NOW,-0.0009005862719148,-0.0009005862719148,0.0,26,0.3447217029299099,-0.0003104516332897
2024-02-02,MS/STT,0.002289459461014,0.002289459461014,0.0,26,0.3052782970700901,0.0006989222854693
2024-02-02,EEM/VWO,0.0,0.0,0.0,26,0.35,0.0
2024-02-05,ADBE/NOW,0.0058114080858576,0.0058114080858576,0.0,26,0.3447217029299099,0.0020033184917775
2024-02-05,MS/STT,-0.0053832177036067,-0.0053832177036067,0.0,26,0.3052782970700901,-0.0016433795333146
2024-02-05,EEM/VWO,-0.0003358929535552,0.0006641070464447,1.0,26,0.35,-0.0001175625337443
2024-02-06,ADBE/NOW,0.0178791569764527,0.0178791569764527,0.0,26,0.3447217029299099,0.0061633334398739
2024-02-06,MS/STT,0.0021450828205624,0.0021450828205624,0.0,26,0.3052782970700901,0.0006548472305356
2024-02-06,EEM/VWO,0.0015779370268936,0.0015779370268936,0.0,26,0.35,0.0005522779594127
2024-02-07,ADBE/NOW,-0.0015864731500417,-0.0015864731500417,0.0,26,0.3447217029299099,-0.0005468917259349
2024-02-07,MS/STT,-0.003754461428326,-0.003754461428326,0.0,26,0.3052782970700901,-0.0011461555912547
2024-02-07,EEM/VWO,-0.0009932353790789,-0.0009932353790789,0.0,26,0.35,-0.0003476323826776
2024-02-08,ADBE/NOW,0.0046826681498134,0.0046826681498134,0.0,26,0.3447217029299099,0.0016142173388593
2024-02-08,MS/STT,0.00079057114293,0.00079057114293,0.0,26,0.3052782970700901,0.0002413442122264
2024-02-08,EEM/VWO,5.5876952601811816e-05,5.5876952601811816e-05,0.0,26,0.35,1.9556933410634132e-05
2024-02-09,ADBE/NOW,-0.0039153257096478,-0.0039153257096478,0.0,26,0.3447217029299099,-0.001349697746155
2024-02-09,MS/STT,-0.0006130667720771,-0.0006130667720771,0.0,26,0.3052782970700901,-0.0001871559801699
2024-02-09,EEM/VWO,-7.299098882329102e-05,-7.299098882329102e-05,0.0,26,0.35,-2.5546846088151857e-05
2024-02-12,ADBE/NOW,0.0015314534465625,0.0015314534465625,0.0,26,0.3447217029299099,0.0005279252400569
2024-02-12,MS/STT,0.0031396010043754,0.0031396010043754,0.0,26,0.3052782970700901,0.0009584520480952
2024-02-12,EEM/VWO,-0.0015416956231385,-0.0015416956231385,0.0,26,0.35,-0.0005395934680985
2024-02-13,ADBE/NOW,0.0025093640585515,0.0025093640585515,0.0,26,0.3447217029299099,0.000865032251535
2024-02-13,MS/STT,-0.001,-0.0,1.0,26,0.3052782970700901,-0.00030527829707
2024-02-13,EEM/VWO,-0.0002750975941541,-0.0002750975941541,0.0,26,0.35,-9.628415795394962e-05
2024-02-14,ADBE/NOW,0.0069536449323955,0.0069536449323955,0.0,26,0.3447217029299099,0.0023970723226653
2024-02-14,MS/STT,-0.0,-0.0,0.0,26,0.3052782970700901,-0.0
2024-02-14,EEM/VWO,0.0004626191286347,0.0004626191286347,0.0,26,0.35,0.0001619166950221
2024-02-15,ADBE/NOW,0.007676031968382,0.007676031968382,0.0,26,0.3447217029299099,0.002646094811885
2024-02-15,MS/STT,0.0,0.0,0.0,26,0.3052782970700901,0.0
2024-02-15,EEM/VWO,0.0008265291673138,0.0008265291673138,0.0,26,0.35,0.0002892852085598
2024-02-16,ADBE/NOW,0.0359417408458569,0.0359417408458569,0.0,26,0.3447217029299099,0.0123898981106493
2024-02-16,MS/STT,0.0,0.0,0.0,26,0.3052782970700901,0.0
2024-02-16,EEM/VWO,0.0001905481600732,0.0001905481600732,0.0,26,0.35,6.669185602562823e-05
2024-02-20,ADBE/NOW,-0.001,0.0,1.0,26,0.3447217029299099,-0.0003447217029299
2024-02-20,MS/STT,-0.0,-0.0,0.0,26,0.3052782970700901,-0.0
2024-02-20,EEM/VWO,0.0002699192029081,0.0002699192029081,0.0,26,0.35,9.44717210178412e-05
2024-02-21,ADBE/NOW,-0.0,-0.0,0.0,26,0.3447217029299099,-0.0
2024-02-21,MS/STT,-0.0,-0.0,0.0,26,0.3052782970700901,-0.0
2024-02-21,EEM/VWO,-0.0003507859157074,-0.0003507859157074,0.0,26,0.35,-0.0001227750704976
2024-02-22,ADBE/NOW,-0.0,-0.0,0.0,26,0.3447217029299099,-0.0
2024-02-22,MS/STT,0.0,0.0,0.0,26,0.3052782970700901,0.0
2024-02-22,EEM/VWO,-0.000483800521036,-0.000483800521036,0.0,26,0.35,-0.0001693301823626
2024-02-23,ADBE/NOW,0.0,0.0,0.0,26,0.3447217029299099,0.0
2024-02-23,MS/STT,-0.0,-0.0,0.0,26,0.3052782970700901,-0.0
2024-02-23,EEM/VWO,0.0003633502386263,0.0003633502386263,0.0,26,0.35,0.0001271725835192
2024-02-26,ADBE/NOW,0.0,0.0,0.0,26,0.3447217029299099,0.0
2024-02-26,MS/STT,-0.0,-0.0,0.0,26,0.3052782970700901,-0.0
2024-02-26,EEM/VWO,0.0004312449237885,0.0004312449237885,0.0,26,0.35,0.0001509357233259
2024-02-27,ADBE/NOW,-0.0,-0.0,0.0,26,0.3447217029299099,-0.0
2024-02-27,MS/STT,-0.0,-0.0,0.0,26,0.3052782970700901,-0.0
2024-02-27,EEM/VWO,0.0006456040144977,0.0006456040144977,0.0,26,0.35,0.0002259614050742
2024-02-28,ADBE/NOW,0.0,0.0,0.0,26,0.3447217029299099,0.0
2024-02-28,MS/STT,0.0,0.0,0.0,26,0.3052782970700901,0.0
2024-02-28,EEM/VWO,-0.0015242878141356,-0.0015242878141356,0.0,26,0.35,-0.0005335007349474
2024-02-29,ADBE/NOW,0.0,0.0,0.0,26,0.3447217029299099,0.0
2024-02-29,MS/STT,-0.0,-0.0,0.0,26,0.3052782970700901,-0.0
2024-02-29,EEM/VWO,0.0008842589382244,0.0008842589382244,0.0,26,0.35,0.0003094906283785
2024-03-01,ADBE/NOW,0.0,0.0,0.0,26,0.3447217029299099,0.0
2024-03-01,MS/STT,0.0,0.0,0.0,26,0.3052782970700901,0.0
2024-03-01,EEM/VWO,0.0009105156799831,0.0009105156799831,0.0,26,0.35,0.0003186804879941
2024-03-04,ADBE/NOW,-0.0,-0.0,0.0,26,0.3447217029299099,-0.0
2024-03-04,MS/STT,0.0,0.0,0.0,26,0.3052782970700901,0.0
2024-03-04,EEM/VWO,-0.001,0.0,1.0,26,0.35,-0.00035
2024-03-05,ADBE/NOW,-0.0,-0.0,0.0,26,0.3447217029299099,-0.0
2024-03-05,MS/STT,-0.0,-0.0,0.0,26,0.3052782970700901,-0.0
2024-03-05,EEM/VWO,-0.0,-0.0,0.0,26,0.35,-0.0
2024-03-06,ADBE/NOW,-0.0,-0.0,0.0,26,0.3447217029299099,-0.0
2024-03-06,MS/STT,-0.0,-0.0,0.0,26,0.3052782970700901,-0.0
2024-03-06,EEM/VWO,0.0,0.0,0.0,26,0.35,0.0
2024-03-07,ADBE/NOW,-0.0,-0.0,0.0,26,0.3447217029299099,-0.0
2024-03-07,MS/STT,0.0,0.0,0.0,26,0.3052782970700901,0.0
2024-03-07,EEM/VWO,0.0,0.0,0.0,26,0.35,0.0
2024-03-08,ADBE/NOW,0.0,0.0,0.0,26,0.3447217029299099,0.0
2024-03-08,MS/STT,0.0,0.0,0.0,26,0.3052782970700901,0.0
2024-03-08,EEM/VWO,0.0,0.0,0.0,26,0.35,0.0
2024-03-11,ADBE/NOW,0.0,0.0,0.0,26,0.3447217029299099,0.0
2024-03-11,MS/STT,-0.0,-0.0,0.0,26,0.3052782970700901,-0.0
2024-03-11,EEM/VWO,-0.0,-0.0,0.0,26,0.35,-0.0
2024-03-12,ADBE/NOW,0.0,0.0,0.0,26,0.3447217029299099,0.0
2024-03-12,MS/STT,0.0,0.0,0.0,26,0.3052782970700901,0.0
2024-03-12,EEM/VWO,0.0,0.0,0.0,26,0.35,0.0
2024-03-13,ADBE/NOW,0.0,0.0,0.0,26,0.3447217029299099,0.0
2024-03-13,MS/STT,0.0,0.0,0.0,26,0.3052782970700901,0.0
2024-03-13,EEM/VWO,0.0,0.0,0.0,26,0.35,0.0
2024-03-14,ADBE/NOW,-0.0,-0.0,0.0,26,0.3447217029299099,-0.0
2024-03-14,MS/STT,0.0,0.0,0.0,26,0.3052782970700901,0.0
2024-03-14,EEM/VWO,-0.0013319066748361,-0.0003319066748361,1.0,26,0.35,-0.0004661673361926
2024-03-15,ADBE/NOW,-0.0,-0.0,0.0,26,0.3447217029299099,-0.0
2024-03-15,MS/STT,-0.0,-0.0,0.0,26,0.3052782970700901,-0.0
2024-03-15,EEM/VWO,0.0014779833538432,0.0014779833538432,0.0,26,0.35,0.0005172941738451
2024-03-18,ADBE/NOW,0.0182795703941528,0.0192795703941528,1.0,26,0.3447217029299099,0.0063013646350995
2024-03-18,MS/STT,-0.0,-0.0,0.0,26,0.3052782970700901,-0.0
2024-03-18,EEM/VWO,0.0002747021080689,0.0002747021080689,0.0,26,0.35,9.614573782413208e-05
2024-03-19,ADBE/NOW,0.0078633071042736,0.0078633071042736,0.0,26,0.3447217029299099,0.002710652615646
2024-03-19,MS/STT,0.0,0.0,0.0,26,0.3052782970700901,0.0
2024-03-19,EEM/VWO,0.0002907828108492,0.0002907828108492,0.0,26,0.35,0.0001017739837972
2024-03-20,ADBE/NOW,-0.0080284320332951,-0.0080284320332951,0.0,26,0.3447217029299099,-0.0027675747623745
2024-03-20,MS/STT,0.0,0.0,0.0,26,0.3052782970700901,0.0
2024-03-20,EEM/VWO,-0.0014304265136676,-0.0014304265136676,0.0,26,0.35,-0.0005006492797836
2024-03-21,ADBE/NOW,-0.01200855503019,-0.01200855503019,0.0,26,0.3447217029299099,-0.0041396095397346
2024-03-21,MS/STT,0.0,0.0,0.0,26,0.3052782970700901,0.0
2024-03-21,EEM/VWO,-0.000224184505215,-0.000224184505215,0.0,26,0.35,-7.846457682526569e-05
2024-03-22,ADBE/NOW,-0.0141828486835694,-0.0141828486835694,0.0,26,0.3447217029299099,-0.0048891357505972
2024-03-22,MS/STT,-0.0,-0.0,0.0,26,0.3052782970700901,-0.0
2024-03-22,EEM/VWO,0.0001203169541258,0.0001203169541258,0.0,26,0.35,4.2110933944032186e-05
2024-03-25,ADBE/NOW,0.0089661372227396,0.0089661372227396,0.0,26,0.3447217029299099,0.003090822092126
2024-03-25,MS/STT,-0.0,-0.0,0.0,26,0.3052782970700901,-0.0
2024-03-25,EEM/VWO,-0.0003572638731479,-0.0003572638731479,0.0,26,0.35,-0.0001250423556017
2024-03-26,ADBE/NOW,-0.0016048014854553,-0.0016048014854553,0.0,26,0.3447217029299099,-0.0005532099009306
2024-03-26,MS/STT,-0.0,-0.0,0.0,26,0.3052782970700901,-0.0
2024-03-26,EEM/VWO,-0.0007534845983727,-0.0007534845983727,0.0,26,0.35,-0.0002637196094304
2024-03-27,ADBE/NOW,0.0063337860556139,0.0063337860556139,0.0,26,0.3447217029299099,0.0021833935150849
2024-03-27,MS/STT,0.0,0.0,0.0,26,0.3052782970700901,0.0
2024-03-27,EEM/VWO,0.0005266860610605,0.0005266860610605,0.0,26,0.35,0.0001843401213711
2024-03-28,ADBE/NOW,-0.0015639861767083,-0.0015639861767083,0.0,26,0.3447217029299099,-0.0005391399781937
2024-03-28,MS/STT,-0.0,-0.0,0.0,26,0.3052782970700901,-0.0
2024-03-28,EEM/VWO,-5.672920396027669e-05,-5.672920396027669e-05,0.0,26,0.35,-1.985522138609684e-05
2024-04-01,ADBE/NOW,-0.0061227166724191,-0.0061227166724191,0.0,26,0.3447217029299099,-0.0021106333178736
2024-04-01,MS/STT,-0.0,-0.0,0.0,26,0.3052782970700901,-0.0
2024-04-01,EEM/VWO,0.0012604395244695,0.0012604395244695,0.0,26,0.35,0.0004411538335643
2024-04-02,ADBE/NOW,0.0025143574916891,0.0025143574916891,0.0,26,0.3447217029299099,0.0008667535963096
2024-04-02,MS/STT,-0.0,-0.0,0.0,26,0.3052782970700901,-0.0
2024-04-02,EEM/VWO,0.0001764234076642,0.0001764234076642,0.0,26,0.35,6.174819268247113e-05
2024-04-03,ADBE/NOW,-0.0037827846650164,-0.0037827846650164,0.0,26,0.3447217029299099,-0.0013040079715416
2024-04-03,MS/STT,0.0,0.0,0.0,26,0.3052782970700901,0.0
2024-04-03,EEM/VWO,0.000378213821022,0.000378213821022,0.0,26,0.35,0.0001323748373577
2024-04-04,ADBE/NOW,-0.0110684521885295,-0.0110684521885295,0.0,26,0.3447217029299099,-0.0038155356872281
2024-04-04,MS/STT,0.0,0.0,0.0,26,0.3052782970700901,0.0
2024-04-04,EEM/VWO,-5.95103405674506e-05,-5.95103405674506e-05,0.0,26,0.35,-2.0828619198607702e-05
2024-04-05,ADBE/NOW,-0.0161831664914962,-0.0161831664914962,0.0,26,0.3447217029299099,-0.0055786887117468
2024-04-05,MS/STT,0.0,0.0,0.0,26,0.3052782970700901,0.0
2024-04-05,EEM/VWO,0.0005245243280429,0.0005245243280429,0.0,26,0.35,0.000183583514815
2024-04-08,ADBE/NOW,-0.0021104384340006,-0.0021104384340006,0.0,26,0.3447217029299099,-0.0007275139308974
2024-04-08,MS/STT,0.0,0.0,0.0,26,0.3052782970700901,0.0
2024-04-08,EEM/VWO,-1.8677862687316715e-05,-1.8677862687316715e-05,0.0,26,0.35,-6.53725194056085e-06
2024-04-09,MS/STT,0.0,0.0,0.0,27,0.35,0.0
2024-04-09,CNC/CVS,-0.0,-0.0,0.0,27,0.3,-0.0
2024-04-09,META/MSFT,0.0,0.0,0.0,27,0.35,0.0
2024-04-10,MS/STT,-0.0,-0.0,0.0,27,0.35,-0.0
2024-04-10,CNC/CVS,-0.0,-0.0,0.0,27,0.3,-0.0
2024-04-10,META/MSFT,-0.0,-0.0,0.0,27,0.35,-0.0
2024-04-11,MS/STT,-0.0,-0.0,0.0,27,0.35,-0.0
2024-04-11,CNC/CVS,-0.0112247741300673,-0.0102247741300673,1.0,27,0.3,-0.0033674322390201
2024-04-11,META/MSFT,0.0,0.0,0.0,27,0.35,0.0
2024-04-12,MS/STT,-0.0153156602290483,-0.0143156602290483,1.0,27,0.35,-0.0053604810801669
2024-04-12,CNC/CVS,-0.0061235458228343,-0.0061235458228343,0.0,27,0.3,-0.0018370637468503
2024-04-12,META/MSFT,-0.0,-0.0,0.0,27,0.35,-0.0
2024-04-15,MS/STT,0.0100195152749001,0.0100195152749001,0.0,27,0.35,0.003506830346215
2024-04-15,CNC/CVS,-0.0064463223695662,-0.0064463223695662,0.0,27,0.3,-0.0019338967108698
2024-04-15,META/MSFT,-0.0,-0.0,0.0,27,0.35,-0.0
2024-04-16,MS/STT,0.0250105363345965,0.0250105363345965,0.0,27,0.35,0.0087536877171087
2024-04-16,CNC/CVS,0.0028050293420652,0.0028050293420652,0.0,27,0.3,0.0008415088026195
2024-04-16,META/MSFT,0.0,0.0,0.0,27,0.35,0.0
2024-04-17,MS/STT,0.007623175678596,0.007623175678596,0.0,27,0.35,0.0026681114875086
2024-04-17,CNC/CVS,-0.0029227937309819,-0.0029227937309819,0.0,27,0.3,-0.0008768381192945
2024-04-17,META/MSFT,-0.0,-0.0,0.0,27,0.35,-0.0
2024-04-18,MS/STT,3.130050122631656e-05,3.130050122631656e-05,0.0,27,0.35,1.0955175429210796e-05
2024-04-18,CNC/CVS,-0.0005186388001522,-0.0005186388001522,0.0,27,0.3,-0.0001555916400456
2024-04-18,META/MSFT,-0.0,-0.0,0.0,27,0.35,-0.0
2024-04-19,MS/STT,0.0010142231005612,0.0010142231005612,0.0,27,0.35,0.0003549780851964
2024-04-19,CNC/CVS,0.0035489262969918,0.0035489262969918,0.0,27,0.3,0.0010646778890975
2024-04-19,META/MSFT,0.0004522505007794,0.0014522505007794,1.0,27,0.35,0.0001582876752727
2024-04-22,MS/STT,0.0038053013480793,0.0038053013480793,0.0,27,0.35,0.0013318554718277
2024-04-22,CNC/CVS,-0.003061690675131,-0.003061690675131,0.0,27,0.3,-0.0009185072025393
2024-04-22,META/MSFT,0.0030414196268079,0.0030414196268079,0.0,27,0.35,0.0010644968693827
2024-04-23,MS/STT,0.0118081283137767,0.0118081283137767,0.0,27,0.35,0.0041328449098218
2024-04-23,CNC/CVS,-0.011947080239343,-0.011947080239343,0.0,27,0.3,-0.0035841240718029
2024-04-23,META/MSFT,0.0043429460954587,0.0043429460954587,0.0,27,0.35,0.0015200311334105
2024-04-24,MS/STT,0.0011073351587721,0.0011073351587721,0.0,27,0.35,0.0003875673055702
2024-04-24,CNC/CVS,-0.0086421231863417,-0.0086421231863417,0.0,27,0.3,-0.0025926369559025
2024-04-24,META/MSFT,0.0040717317349728,0.0040717317349728,0.0,27,0.35,0.0014251061072405
2024-04-25,MS/STT,-0.0032831646810603,-0.0032831646810603,0.0,27,0.35,-0.0011491076383711
2024-04-25,CNC/CVS,-0.002115325557949,-0.002115325557949,0.0,27,0.3,-0.0006345976673847
2024-04-25,META/MSFT,0.0096848753999011,0.0096848753999011,0.0,27,0.35,0.0033897063899654
2024-04-26,MS/STT,0.0012698090756723,0.0012698090756723,0.0,27,0.35,0.0004444331764853
2024-04-26,CNC/CVS,0.0058597004693667,0.0058597004693667,0.0,27,0.3,0.00175791014081
2024-04-26,META/MSFT,0.0123139118196768,0.0123139118196768,0.0,27,0.35,0.0043098691368868
2024-04-29,MS/STT,-0.0022773199820748,-0.0022773199820748,0.0,27,0.35,-0.0007970619937261
2024-04-29,CNC/CVS,0.0034490265220402,0.0034490265220402,0.0,27,0.3,0.001034707956612
2024-04-29,META/MSFT,-0.0010432910588785,-0.0010432910588785,0.0,27,0.35,-0.0003651518706074
2024-04-30,MS/STT,-0.0006767065476444,-0.0006767065476444,0.0,27,0.35,-0.0002368472916755
2024-04-30,CNC/CVS,0.006031424184383,0.006031424184383,0.0,27,0.3,0.0018094272553149
2024-04-30,META/MSFT,-0.0221630614737891,-0.0221630614737891,0.0,27,0.35,-0.0077570715158262
2024-05-01,MS/STT,0.0014474676033925,0.0014474676033925,0.0,27,0.35,0.0005066136611873
2024-05-01,CNC/CVS,-0.1089320818984332,-0.1089320818984332,0.0,27,0.3,-0.0326796245695299
2024-05-01,META/MSFT,0.0051088097493245,0.0051088097493245,0.0,27,0.35,0.0017880834122635
2024-05-02,MS/STT,0.0069836994412117,0.0069836994412117,0.0,27,0.35,0.0024442948044241
2024-05-02,CNC/CVS,-0.001,-0.0,1.0,27,0.3,-0.0003
2024-05-02,META/MSFT,0.0039250641843487,0.0039250641843487,0.0,27,0.35,0.001373772464522
2024-05-03,MS/STT,0.0003030726247151,0.0003030726247151,0.0,27,0.35,0.0001060754186503
2024-05-03,CNC/CVS,0.0061241733311328,0.0071241733311328,1.0,27,0.3,0.0018372519993398
2024-05-03,META/MSFT,0.0102294167374977,0.0102294167374977,0.0,27,0.35,0.0035802958581242
2024-05-06,MS/STT,0.0038107996353685,0.0038107996353685,0.0,27,0.35,0.0013337798723789
2024-05-06,CNC/CVS,-0.0005499687534357,-0.0005499687534357,0.0,27,0.3,-0.0001649906260307
2024-05-06,META/MSFT,0.0044625030890518,0.0044625030890518,0.0,27,0.35,0.0015618760811681
2024-05-07,MS/STT,0.0052407197230832,0.0052407197230832,0.0,27,0.35,0.0018342519030791
2024-05-07,CNC/CVS,-0.0060022147107101,-0.0060022147107101,0.0,27,0.3,-0.001800664413213
2024-05-07,META/MSFT,-0.0089252378088937,-0.0089252378088937,0.0,27,0.35,-0.0031238332331127
2024-05-08,MS/STT,-0.0008059592108539,-0.0008059592108539,0.0,27,0.35,-0.0002820857237988
2024-05-08,CNC/CVS,-0.0100311241963629,-0.0100311241963629,0.0,27,0.3,-0.0030093372589088
2024-05-08,META/MSFT,-0.0003009745075579,-0.0003009745075579,0.0,27,0.35,-0.0001053410776452
2024-05-09,MS/STT,-0.001,0.0,1.0,27,0.35,-0.00035
2024-05-09,CNC/CVS,0.0023089538741891,0.0023089538741891,0.0,27,0.3,0.0006926861622567
2024-05-09,META/MSFT,0.0016169353304707,0.0016169353304707,0.0,27,0.35,0.0005659273656647
2024-05-10,MS/STT,-0.0,-0.0,0.0,27,0.35,-0.0
2024-05-10,CNC/CVS,0.001182902451568,0.001182902451568,0.0,27,0.3,0.0003548707354704
2024-05-10,META/MSFT,0.0038870879336572,0.0038870879336572,0.0,27,0.35,0.00136048077678
2024-05-13,MS/STT,0.0,0.0,0.0,27,0.35,0.0
2024-05-13,CNC/CVS,0.0105938888000369,0.0105938888000369,0.0,27,0.3,0.003178166640011
2024-05-13,META/MSFT,0.0027337366313484,0.0027337366313484,0.0,27,0.35,0.0009568078209719
2024-05-14,MS/STT,0.0,0.0,0.0,27,0.35,0.0
2024-05-14,CNC/CVS,-0.0046446253707003,-0.0046446253707003,0.0,27,0.3,-0.00139338761121
2024-05-14,META/MSFT,0.0028800212037277,0.0028800212037277,0.0,27,0.35,0.0010080074213047
2024-05-15,MS/STT,0.0,0.0,0.0,27,0.35,0.0
2024-05-15,CNC/CVS,-0.0016685225687691,-0.0016685225687691,0.0,27,0.3,-0.0005005567706307
2024-05-15,META/MSFT,0.0074192409825614,0.0074192409825614,0.0,27,0.35,0.0025967343438965
2024-05-16,MS/STT,-0.0,-0.0,0.0,27,0.35,-0.0
2024-05-16,CNC/CVS,0.0192508354493433,0.0192508354493433,0.0,27,0.3,0.005775250634803
2024-05-16,META/MSFT,-0.001,0.0,1.0,27,0.35,-0.00035
2024-05-17,MS/STT,0.0,0.0,0.0,27,0.35,0.0
2024-05-17,CNC/CVS,-0.0017526608490817,-0.0017526608490817,0.0,27,0.3,-0.0005257982547245
2024-05-17,META/MSFT,-0.0,-0.0,0.0,27,0.35,-0.0
2024-05-20,MS/STT,0.0,0.0,0.0,27,0.35,0.0
2024-05-20,CNC/CVS,-0.0014148588588442,-0.0014148588588442,0.0,27,0.3,-0.0004244576576532
2024-05-20,META/MSFT,0.0,0.0,0.0,27,0.35,0.0
2024-05-21,MS/STT,0.0,0.0,0.0,27,0.35,0.0
2024-05-21,CNC/CVS,-0.0042716147720336,-0.0042716147720336,0.0,27,0.3,-0.00128148443161
2024-05-21,META/MSFT,0.0,0.0,0.0,27,0.35,0.0
2024-05-22,MS/STT,-0.0,-0.0,0.0,27,0.35,-0.0
2024-05-22,CNC/CVS,0.0013279373730898,0.0013279373730898,0.0,27,0.3,0.0003983812119269
2024-05-22,META/MSFT,0.0,0.0,0.0,27,0.35,0.0
2024-05-23,MS/STT,-0.0,-0.0,0.0,27,0.35,-0.0
2024-05-23,CNC/CVS,-0.0171918013970172,-0.0171918013970172,0.0,27,0.3,-0.0051575404191051
2024-05-23,META/MSFT,-0.0,-0.0,0.0,27,0.35,-0.0
2024-05-24,MS/STT,-0.0,-0.0,0.0,27,0.35,-0.0
2024-05-24,CNC/CVS,0.0094064008871627,0.0094064008871627,0.0,27,0.3,0.0028219202661488
2024-05-24,META/MSFT,-0.0,-0.0,0.0,27,0.35,-0.0
2024-05-28,MS/STT,0.0,0.0,0.0,27,0.35,0.0
2024-05-28,CNC/CVS,-0.0158798397317961,-0.0158798397317961,0.0,27,0.3,-0.0047639519195388
2024-05-28,META/MSFT,-0.0,-0.0,0.0,27,0.35,-0.0
2024-05-29,MS/STT,-0.0,-0.0,0.0,27,0.35,-0.0
2024-05-29,CNC/CVS,0.0099597697849294,0.0099597697849294,0.0,27,0.3,0.0029879309354788
2024-05-29,META/MSFT,0.0,0.0,0.0,27,0.35,0.0
2024-05-30,MS/STT,-0.0034765426982136,-0.0024765426982136,1.0,27,0.35,-0.0012167899443747
2024-05-30,CNC/CVS,0.0372537634464609,0.0372537634464609,0.0,27,0.3,0.0111761290339382
2024-05-30,META/MSFT,-0.0,-0.0,0.0,27,0.35,-0.0
2024-05-31,MS/STT,-0.0032385058159842,-0.0032385058159842,0.0,27,0.35,-0.0011334770355944
2024-05-31,CNC/CVS,-0.001,0.0,1.0,27,0.3,-0.0003
2024-05-31,META/MSFT,-6.084109388884262e-05,0.0009391589061111,1.0,27,0.35,-2.1294382861094915e-05
2024-06-03,MS/STT,-0.0013343531281386,-0.0013343531281386,0.0,27,0.35,-0.0004670235948485
2024-06-03,CNC/CVS,-0.0100559018433881,-0.0090559018433881,1.0,27,0.3,-0.0030167705530164
2024-06-03,META/MSFT,-0.0089211246638948,-0.0089211246638948,0.0,27,0.35,-0.0031223936323631
2024-06-04,MS/STT,-0.0016710794108847,-0.0016710794108847,0.0,27,0.35,-0.0005848777938096
2024-06-04,CNC/CVS,-0.0049023414518079,-0.0049023414518079,0.0,27,0.3,-0.0014707024355423
2024-06-04,META/MSFT,0.0048092330521512,0.0048092330521512,0.0,27,0.35,0.0016832315682529
2024-06-05,MS/STT,0.0013414411692364,0.0013414411692364,0.0,27,0.35,0.0004695044092327
2024-06-05,CNC/CVS,-0.0069812789443783,-0.0069812789443783,0.0,27,0.3,-0.0020943836833134
2024-06-05,META/MSFT,0.0039900743609034,0.0039900743609034,0.0,27,0.35,0.0013965260263162
2024-06-06,MS/STT,0.0011466315764992,0.0011466315764992,0.0,27,0.35,0.0004013210517747
2024-06-06,CNC/CVS,0.0005946236163598,0.0005946236163598,0.0,27,0.3,0.0001783870849079
2024-06-06,META/MSFT,0.0015800431508749,0.0015800431508749,0.0,27,0.35,0.0005530151028062
2024-06-07,MS/STT,0.0004651707368274,0.0004651707368274,0.0,27,0.35,0.0001628097578896
2024-06-07,CNC/CVS,-0.0122687919801392,-0.0122687919801392,0.0,27,0.3,-0.0036806375940417
2024-06-07,META/MSFT,-0.0007295934171997,-0.0007295934171997,0.0,27,0.35,-0.0002553576960199
2024-06-10,MS/STT,-0.0025704126892758,-0.0025704126892758,0.0,27,0.35,-0.0008996444412465
2024-06-10,CNC/CVS,0.0167937094949739,0.0167937094949739,0.0,27,0.3,0.0050381128484921
2024-06-10,META/MSFT,0.0017785350816837,0.0017785350816837,0.0,27,0.35,0.0006224872785893
2024-06-11,MS/STT,0.0108113087959357,0.0108113087959357,0.0,27,0.35,0.0037839580785774
2024-06-11,CNC/CVS,0.0005810737299551,0.0005810737299551,0.0,27,0.3,0.0001743221189865
2024-06-11,META/MSFT,0.0056846266142399,0.0056846266142399,0.0,27,0.35,0.0019896193149839
2024-06-12,MS/STT,-0.0041287598927265,-0.0041287598927265,0.0,27,0.35,-0.0014450659624542
2024-06-12,CNC/CVS,-0.0069077085080031,-0.0069077085080031,0.0,27,0.3,-0.0020723125524009
2024-06-12,META/MSFT,0.0134992484919834,0.0134992484919834,0.0,27,0.35,0.0047247369721942
2024-06-13,MS/STT,0.0001119140462818,0.0001119140462818,0.0,27,0.35,3.916991619864722e-05
2024-06-13,CNC/CVS,-0.0060124620309657,-0.0060124620309657,0.0,27,0.3,-0.0018037386092897
2024-06-13,META/MSFT,0.0033509435675688,0.0033509435675688,0.0,27,0.35,0.001172830248649
2024-06-14,MS/STT,0.0056159772024099,0.0056159772024099,0.0,27,0.35,0.0019655920208434
2024-06-14,CNC/CVS,0.0088737055092219,0.0088737055092219,0.0,27,0.3,0.0026621116527665
2024-06-14,META/MSFT,0.0013443218005759,0.0013443218005759,0.0,27,0.35,0.0004705126302015
2024-06-17,MS/STT,0.0054348553068912,0.0054348553068912,0.0,27,0.35,0.0019021993574119
2024-06-17,CNC/CVS,-0.0132355815121819,-0.0132355815121819,0.0,27,0.3,-0.0039706744536545
2024-06-17,META/MSFT,0.0082794338151762,0.0082794338151762,0.0,27,0.35,0.0028978018353116
2024-06-18,MS/STT,-0.0002651401548112,-0.0002651401548112,0.0,27,0.35,-9.279905418394871e-05
2024-06-18,CNC/CVS,-0.0074483305554029,-0.0074483305554029,0.0,27,0.3,-0.0022344991666208
2024-06-18,META/MSFT,0.0004764731326115,0.0004764731326115,0.0,27,0.35,0.000166765596414
2024-06-20,MS/STT,-0.0009735566939515,-0.0009735566939515,0.0,27,0.35,-0.000340744842883
2024-06-20,CNC/CVS,0.0052723482261102,0.0052723482261102,0.0,27,0.3,0.001581704467833
2024-06-20,META/MSFT,-0.0022385165624024,-0.0022385165624024,0.0,27,0.35,-0.0007834807968408
2024-06-21,MS/STT,-0.0071359576166974,-0.0071359576166974,0.0,27,0.35,-0.002497585165844
2024-06-21,CNC/CVS,-0.0020610792569875,-0.0020610792569875,0.0,27,0.3,-0.0006183237770962
2024-06-21,META/MSFT,0.010402775942182,0.010402775942182,0.0,27,0.35,0.0036409715797637
2024-06-24,MS/STT,0.0021694574541424,0.0021694574541424,0.0,27,0.35,0.0007593101089498
2024-06-24,CNC/CVS,-0.0035099142839619,-0.0035099142839619,0.0,27,0.3,-0.0010529742851885
2024-06-24,META/MSFT,-0.0056771511384756,-0.0056771511384756,0.0,27,0.35,-0.0019870028984664
2024-06-25,MS/STT,0.0063210149630454,0.0063210149630454,0.0,27,0.35,0.0022123552370659
2024-06-25,CNC/CVS,0.0125045021289758,0.0125045021289758,0.0,27,0.3,0.0037513506386927
2024-06-25,META/MSFT,-0.0009688766028263,-0.0009688766028263,0.0,27,0.35,-0.0003391068109892
2024-06-26,MS/STT,-0.0071753771195848,-0.0071753771195848,0.0,27,0.35,-0.0025113819918547
2024-06-26,CNC/CVS,-0.0018283106228018,-0.0018283106228018,0.0,27,0.3,-0.0005484931868405
2024-06-26,META/MSFT,0.0006287138055999,0.0006287138055999,0.0,27,0.35,0.0002200498319599
2024-06-27,MS/STT,-0.001,-0.0,1.0,27,0.35,-0.00035
2024-06-27,CNC/CVS,0.0240353628788658,0.0240353628788658,0.0,27,0.3,0.0072106088636597
2024-06-27,META/MSFT,-0.002270181415196,-0.002270181415196,0.0,27,0.35,-0.0007945634953186
2024-06-28,MS/STT,0.0,0.0,0.0,27,0.35,0.0
2024-06-28,CNC/CVS,-0.0132133446052245,-0.0132133446052245,0.0,27,0.3,-0.0039640033815673
2024-06-28,META/MSFT,-0.001,-0.0,1.0,27,0.35,-0.00035
2024-07-01,MS/STT,0.0,0.0,0.0,27,0.35,0.0
2024-07-01,CNC/CVS,-0.001,-0.0,1.0,27,0.3,-0.0003
2024-07-01,META/MSFT,0.0,0.0,0.0,27,0.35,0.0
2024-07-02,MS/STT,0.0,0.0,0.0,27,0.35,0.0
2024-07-02,CNC/CVS,-0.0,-0.0,0.0,27,0.3,-0.0
2024-07-02,META/MSFT,0.0,0.0,0.0,27,0.35,0.0
2024-07-03,MS/STT,0.0,0.0,0.0,27,0.35,0.0
2024-07-03,CNC/CVS,-0.0,-0.0,0.0,27,0.3,-0.0
2024-07-03,META/MSFT,0.0,0.0,0.0,27,0.35,0.0
2024-07-05,MS/STT,-0.0,-0.0,0.0,27,0.35,-0.0
2024-07-05,CNC/CVS,0.0,0.0,0.0,27,0.3,0.0
2024-07-05,META/MSFT,-0.0,-0.0,0.0,27,0.35,-0.0
2024-07-08,MS/STT,0.0,0.0,0.0,27,0.35,0.0
2024-07-08,CNC/CVS,0.0,0.0,0.0,27,0.3,0.0
2024-07-08,META/MSFT,0.0,0.0,0.0,27,0.35,0.0
2024-07-09,MS/STT,0.0,0.0,0.0,27,0.35,0.0
2024-07-09,CNC/CVS,0.0,0.0,0.0,27,0.3,0.0
2024-07-09,META/MSFT,-0.0,-0.0,0.0,27,0.35,-0.0
2024-07-10,META/MSFT,0.0,0.0,0.0,28,0.3,0.0
2024-07-10,MS/STT,-0.0,-0.0,0.0,28,0.35,-0.0
2024-07-10,INTU/NOW,-0.0,-0.0,0.0,28,0.35,-0.0
2024-07-11,META/MSFT,-0.0,-0.0,0.0,28,0.3,-0.0
2024-07-11,MS/STT,0.0,0.0,0.0,28,0.35,0.0
2024-07-11,INTU/NOW,-0.0,-0.0,0.0,28,0.35,-0.0
2024-07-12,META/MSFT,0.0,0.0,0.0,28,0.3,0.0
2024-07-12,MS/STT,-0.0,-0.0,0.0,28,0.35,-0.0
2024-07-12,INTU/NOW,0.0,0.0,0.0,28,0.35,0.0
2024-07-15,META/MSFT,0.0,0.0,0.0,28,0.3,0.0
2024-07-15,MS/STT,0.0,0.0,0.0,28,0.35,0.0
2024-07-15,INTU/NOW,0.0,0.0,0.0,28,0.35,0.0
2024-07-16,META/MSFT,-0.0,-0.0,0.0,28,0.3,-0.0
2024-07-16,MS/STT,-0.0,-0.0,0.0,28,0.35,-0.0
2024-07-16,INTU/NOW,0.0,0.0,0.0,28,0.35,0.0
2024-07-17,META/MSFT,0.0,0.0,0.0,28,0.3,0.0
2024-07-17,MS/STT,0.0008598602472718,0.0018598602472718,1.0,28,0.35,0.0003009510865451
2024-07-17,INTU/NOW,0.0,0.0,0.0,28,0.35,0.0
2024-07-18,META/MSFT,-0.0,-0.0,0.0,28,0.3,-0.0
2024-07-18,MS/STT,-0.0077009324590793,-0.0077009324590793,0.0,28,0.35,-0.0026953263606777
2024-07-18,INTU/NOW,-0.0,-0.0,0.0,28,0.35,-0.0
2024-07-19,META/MSFT,-0.0069359802273125,-0.0059359802273125,1.0,28,0.3,-0.0020807940681937
2024-07-19,MS/STT,-0.0166442488049027,-0.0166442488049027,0.0,28,0.35,-0.0058254870817159
2024-07-19,INTU/NOW,-0.0,-0.0,0.0,28,0.35,-0.0
2024-07-22,META/MSFT,0.0037389655480553,0.0037389655480553,0.0,28,0.3,0.0011216896644165
2024-07-22,MS/STT,0.0043411957946424,0.0043411957946424,0.0,28,0.35,0.0015194185281248
2024-07-22,INTU/NOW,0.0,0.0,0.0,28,0.35,0.0
2024-07-23,META/MSFT,0.0024365841404149,0.0024365841404149,0.0,28,0.3,0.0007309752421244
2024-07-23,MS/STT,0.0072409414905188,0.0072409414905188,0.0,28,0.35,0.0025343295216815
2024-07-23,INTU/NOW,-0.0,-0.0,0.0,28,0.35,-0.0
2024-07-24,META/MSFT,-0.0110614605241913,-0.0110614605241913,0.0,28,0.3,-0.0033184381572574
2024-07-24,MS/STT,-0.0052079468643841,-0.0052079468643841,0.0,28,0.35,-0.0018227814025344
2024-07-24,INTU/NOW,0.0,0.0,0.0,28,0.35,0.0
2024-07-25,META/MSFT,-0.013299741135816,-0.013299741135816,0.0,28,0.3,-0.0039899223407448
2024-07-25,MS/STT,0.000675080027741,0.000675080027741,0.0,28,0.35,0.0002362780097093
2024-07-25,INTU/NOW,-0.0,-0.0,0.0,28,0.35,-0.0
2024-07-26,META/MSFT,0.0047248501720796,0.0047248501720796,0.0,28,0.3,0.0014174550516239
2024-07-26,MS/STT,0.00194136599921,0.00194136599921,0.0,28,0.35,0.0006794780997235
2024-07-26,INTU/NOW,0.0,0.0,0.0,28,0.35,0.0
2024-07-29,META/MSFT,0.0025060316657897,0.0025060316657897,0.0,28,0.3,0.0007518094997369
2024-07-29,MS/STT,-0.0084506064391369,-0.0084506064391369,0.0,28,0.35,-0.0029577122536979
2024-07-29,INTU/NOW,0.0,0.0,0.0,28,0.35,0.0
2024-07-30,META/MSFT,-0.0050804174916442,-0.0050804174916442,0.0,28,0.3,-0.0015241252474932
2024-07-30,MS/STT,0.0041838944088569,0.0041838944088569,0.0,28,0.35,0.0014643630430999
2024-07-30,INTU/NOW,-0.0,-0.0,0.0,28,0.35,-0.0
2024-07-31,META/MSFT,-0.0146457640828643,-0.0146457640828643,0.0,28,0.3,-0.0043937292248592
2024-07-31,MS/STT,0.005512904952556,0.005512904952556,0.0,28,0.35,0.0019295167333946
2024-07-31,INTU/NOW,0.0,0.0,0.0,28,0.35,0.0
2024-08-01,META/MSFT,-0.0150524914468727,-0.0150524914468727,0.0,28,0.3,-0.0045157474340618
2024-08-01,MS/STT,-0.002617589742175,-0.002617589742175,0.0,28,0.35,-0.0009161564097612
2024-08-01,INTU/NOW,-0.0,-0.0,0.0,28,0.35,-0.0
2024-08-02,META/MSFT,-0.0100798989999124,-0.0100798989999124,0.0,28,0.3,-0.0030239696999737
2024-08-02,MS/STT,-0.0233438976197794,-0.0233438976197794,0.0,28,0.35,-0.0081703641669228
2024-08-02,INTU/NOW,-0.0,-0.0,0.0,28,0.35,-0.0
2024-08-05,META/MSFT,-0.0173477765818857,-0.0173477765818857,0.0,28,0.3,-0.0052043329745657
2024-08-05,MS/STT,-0.0063071295281268,-0.0063071295281268,0.0,28,0.35,-0.0022074953348444
2024-08-05,INTU/NOW,-0.0,-0.0,0.0,28,0.35,-0.0
2024-08-06,META/MSFT,-0.0017939674118492,-0.0017939674118492,0.0,28,0.3,-0.0005381902235547
2024-08-06,MS/STT,0.0059186930982109,0.0059186930982109,0.0,28,0.35,0.0020715425843738
2024-08-06,INTU/NOW,0.0,0.0,0.0,28,0.35,0.0
2024-08-07,META/MSFT,0.0005493155153628,0.0005493155153628,0.0,28,0.3,0.0001647946546088
2024-08-07,MS/STT,-0.002454885407336,-0.002454885407336,0.0,28,0.35,-0.0008592098925676
2024-08-07,INTU/NOW,0.0,0.0,0.0,28,0.35,0.0
2024-08-08,META/MSFT,-0.0031292474790236,-0.0031292474790236,0.0,28,0.3,-0.000938774243707
2024-08-08,MS/STT,0.0104587135233242,0.0104587135233242,0.0,28,0.35,0.0036605497331634
2024-08-08,INTU/NOW,0.0,0.0,0.0,28,0.35,0.0
2024-08-09,META/MSFT,0.0019680193972985,0.0019680193972985,0.0,28,0.3,0.0005904058191895
2024-08-09,MS/STT,-0.0016902101450351,-0.0016902101450351,0.0,28,0.35,-0.0005915735507623
2024-08-09,INTU/NOW,-0.0,-0.0,0.0,28,0.35,-0.0
2024-08-12,META/MSFT,0.002353358583107,0.002353358583107,0.0,28,0.3,0.0007060075749321
2024-08-12,MS/STT,0.004124216381895,0.004124216381895,0.0,28,0.35,0.0014434757336632
2024-08-12,INTU/NOW,-0.0,-0.0,0.0,28,0.35,-0.0
2024-08-13,META/MSFT,0.0067589935441253,0.0067589935441253,0.0,28,0.3,0.0020276980632376
2024-08-13,MS/STT,-0.001,0.0,1.0,28,0.35,-0.00035
2024-08-13,INTU/NOW,0.0,0.0,0.0,28,0.35,0.0
2024-08-14,META/MSFT,0.0059684100382328,0.0059684100382328,0.0,28,0.3,0.0017905230114698
2024-08-14,MS/STT,0.0,0.0,0.0,28,0.35,0.0
2024-08-14,INTU/NOW,-0.0,-0.0,0.0,28,0.35,-0.0
2024-08-15,META/MSFT,-0.001,0.0,1.0,28,0.3,-0.0003
2024-08-15,MS/STT,-0.0005629899037364,0.0004370100962635,1.0,28,0.35,-0.0001970464663077
2024-08-15,INTU/NOW,0.0,0.0,0.0,28,0.35,0.0
2024-08-16,META/MSFT,0.0,0.0,0.0,28,0.3,0.0
2024-08-16,MS/STT,-0.0018330720676032,-0.0018330720676032,0.0,28,0.35,-0.0006415752236611
2024-08-16,INTU/NOW,0.0,0.0,0.0,28,0.35,0.0
2024-08-19,META/MSFT,0.0,0.0,0.0,28,0.3,0.0
2024-08-19,MS/STT,-0.002682287207937,-0.002682287207937,0.0,28,0.35,-0.0009388005227779
2024-08-19,INTU/NOW,0.0,0.0,0.0,28,0.35,0.0
2024-08-20,META/MSFT,0.0,0.0,0.0,28,0.3,0.0
2024-08-20,MS/STT,0.0029876478393946,0.0029876478393946,0.0,28,0.35,0.0010456767437881
2024-08-20,INTU/NOW,0.0,0.0,0.0,28,0.35,0.0
2024-08-21,META/MSFT,-0.0,-0.0,0.0,28,0.3,-0.0
2024-08-21,MS/STT,0.0023854257656708,0.0023854257656708,0.0,28,0.35,0.0008348990179847
2024-08-21,INTU/NOW,0.0,0.0,0.0,28,0.35,0.0
2024-08-22,META/MSFT,-0.0,-0.0,0.0,28,0.3,-0.0
2024-08-22,MS/STT,0.0092698009675546,0.0092698009675546,0.0,28,0.35,0.0032444303386441
2024-08-22,INTU/NOW,0.0,0.0,0.0,28,0.35,0.0
2024-08-23,META/MSFT,0.0,0.0,0.0,28,0.3,0.0
2024-08-23,MS/STT,-0.0011185325641432,-0.0011185325641432,0.0,28,0.35,-0.0003914863974501
2024-08-23,INTU/NOW,-0.0,-0.0,0.0,28,0.35,-0.0
2024-08-26,META/MSFT,-0.0,-0.0,0.0,28,0.3,-0.0
2024-08-26,MS/STT,-0.0001473293349193,-0.0001473293349193,0.0,28,0.35,-5.156526722176351e-05
2024-08-26,INTU/NOW,-0.0034663917185376,-0.0024663917185376,1.0,28,0.35,-0.0012132371014881
2024-08-27,META/MSFT,0.0,0.0,0.0,28,0.3,0.0
2024-08-27,MS/STT,0.0056238502144862,0.0056238502144862,0.0,28,0.35,0.0019683475750701
2024-08-27,INTU/NOW,0.0071809381893197,0.0071809381893197,0.0,28,0.35,0.0025133283662619
2024-08-28,META/MSFT,-0.0,-0.0,0.0,28,0.3,-0.0
2024-08-28,MS/STT,-0.004073845516066,-0.004073845516066,0.0,28,0.35,-0.0014258459306231
2024-08-28,INTU/NOW,-0.000631207959305,-0.000631207959305,0.0,28,0.35,-0.0002209227857567
2024-08-29,META/MSFT,0.0,0.0,0.0,28,0.3,0.0
2024-08-29,MS/STT,0.0029044794450196,0.0029044794450196,0.0,28,0.35,0.0010165678057568
2024-08-29,INTU/NOW,-0.0026384427754037,-0.0026384427754037,0.0,28,0.35,-0.0009234549713913
2024-08-30,META/MSFT,0.0,0.0,0.0,28,0.3,0.0
2024-08-30,MS/STT,-0.0006253828087615,-0.0006253828087615,0.0,28,0.35,-0.0002188839830665
2024-08-30,INTU/NOW,-0.0039631694167676,-0.0039631694167676,0.0,28,0.35,-0.0013871092958686
2024-09-03,META/MSFT,-0.0,-0.0,0.0,28,0.3,-0.0
2024-09-03,MS/STT,0.0207010463228692,0.0207010463228692,0.0,28,0.35,0.0072453662130042
2024-09-03,INTU/NOW,0.0035443289314643,0.0035443289314643,0.0,28,0.35,0.0012405151260125
2024-09-04,META/MSFT,-0.0,-0.0,0.0,28,0.3,-0.0
2024-09-04,MS/STT,-0.0057586485401921,-0.0057586485401921,0.0,28,0.35,-0.0020155269890672
2024-09-04,INTU/NOW,-0.0011776829697912,-0.0011776829697912,0.0,28,0.35,-0.0004121890394269
2024-09-05,META/MSFT,-0.0,-0.0,0.0,28,0.3,-0.0
2024-09-05,MS/STT,0.0003905972324581,0.0003905972324581,0.0,28,0.35,0.0001367090313603
2024-09-05,INTU/NOW,-0.0018469739452156,-0.0018469739452156,0.0,28,0.35,-0.0006464408808254
2024-09-06,META/MSFT,-0.0,-0.0,0.0,28,0.3,-0.0
2024-09-06,MS/STT,0.0097497067004894,0.0097497067004894,0.0,28,0.35,0.0034123973451713
2024-09-06,INTU/NOW,-0.0013470234860383,-0.0013470234860383,0.0,28,0.35,-0.0004714582201134
2024-09-09,META/MSFT,0.0,0.0,0.0,28,0.3,0.0
2024-09-09,MS/STT,-0.008414350124112,-0.008414350124112,0.0,28,0.35,-0.0029450225434392
2024-09-09,INTU/NOW,-0.0028056998387316,-0.0028056998387316,0.0,28,0.35,-0.000981994943556
2024-09-10,META/MSFT,0.0,0.0,0.0,28,0.3,0.0
2024-09-10,MS/STT,0.008208341273788,0.008208341273788,0.0,28,0.35,0.0028729194458258
2024-09-10,INTU/NOW,0.0043320888872803,0.0043320888872803,0.0,28,0.35,0.0015162311105481
2024-09-11,META/MSFT,0.0,0.0,0.0,28,0.3,0.0
2024-09-11,MS/STT,-0.0059811937627103,-0.0059811937627103,0.0,28,0.35,-0.0020934178169486
2024-09-11,INTU/NOW,0.0026678868697783,0.0026678868697783,0.0,28,0.35,0.0009337604044224
2024-09-12,META/MSFT,-0.0008255781040632,0.0001744218959367,1.0,28,0.3,-0.0002476734312189
2024-09-12,MS/STT,-0.001,-0.0,1.0,28,0.35,-0.00035
2024-09-12,INTU/NOW,-0.0022461766814721,-0.0022461766814721,0.0,28,0.35,-0.0007861618385152
2024-09-13,META/MSFT,-0.0066822162558115,-0.0066822162558115,0.0,28,0.3,-0.0020046648767434
2024-09-13,MS/STT,0.0,0.0,0.0,28,0.35,0.0
2024-09-13,INTU/NOW,0.0115824153118473,0.0115824153118473,0.0,28,0.35,0.0040538453591465
2024-09-16,META/MSFT,0.0033405094521967,0.0033405094521967,0.0,28,0.3,0.001002152835659
2024-09-16,MS/STT,0.0,0.0,0.0,28,0.35,0.0
2024-09-16,INTU/NOW,-0.0144328936906639,-0.0144328936906639,0.0,28,0.35,-0.0050515127917323
2024-09-17,META/MSFT,-0.0049864847495159,-0.0049864847495159,0.0,28,0.3,-0.0014959454248547
2024-09-17,MS/STT,-0.0,-0.0,0.0,28,0.35,-0.0
2024-09-17,INTU/NOW,0.0015733560037138,0.0015733560037138,0.0,28,0.35,0.0005506746012998
2024-09-18,META/MSFT,0.0081353700210706,0.0081353700210706,0.0,28,0.3,0.0024406110063211
2024-09-18,MS/STT,-0.0,-0.0,0.0,28,0.35,-0.0
2024-09-18,INTU/NOW,-0.013089859195515,-0.013089859195515,0.0,28,0.35,-0.0045814507184302
2024-09-19,META/MSFT,-0.0030361101256055,-0.0030361101256055,0.0,28,0.3,-0.0009108330376816
2024-09-19,MS/STT,-0.0,-0.0,0.0,28,0.35,-0.0
2024-09-19,INTU/NOW,0.0076403825241768,0.0076403825241768,0.0,28,0.35,0.0026741338834618
2024-09-20,META/MSFT,0.0067969347638064,0.0067969347638064,0.0,28,0.3,0.0020390804291419
2024-09-20,MS/STT,0.0,0.0,0.0,28,0.35,0.0
2024-09-20,INTU/NOW,-0.0163171861399588,-0.0163171861399588,0.0,28,0.35,-0.0057110151489855
2024-09-23,META/MSFT,0.0044156835791667,0.0044156835791667,0.0,28,0.3,0.00132470507375
2024-09-23,MS/STT,-0.0,-0.0,0.0,28,0.35,-0.0
2024-09-23,INTU/NOW,-0.001,0.0,1.0,28,0.35,-0.00035
2024-09-24,META/MSFT,0.006863872404699,0.006863872404699,0.0,28,0.3,0.0020591617214097
2024-09-24,MS/STT,0.0,0.0,0.0,28,0.35,0.0
2024-09-24,INTU/NOW,-0.0,-0.0,0.0,28,0.35,-0.0
2024-09-25,META/MSFT,-0.0027188163484071,-0.0027188163484071,0.0,28,0.3,-0.0008156449045221
2024-09-25,MS/STT,0.0,0.0,0.0,28,0.35,0.0
2024-09-25,INTU/NOW,0.0,0.0,0.0,28,0.35,0.0
2024-09-26,META/MSFT,0.0011466536675864,0.0011466536675864,0.0,28,0.3,0.0003439961002759
2024-09-26,MS/STT,0.0,0.0,0.0,28,0.35,0.0
2024-09-26,INTU/NOW,0.0,0.0,0.0,28,0.35,0.0
2024-09-27,META/MSFT,0.0053997770372023,0.0053997770372023,0.0,28,0.3,0.0016199331111606
2024-09-27,MS/STT,0.0023586512547083,0.0033586512547083,1.0,28,0.35,0.0008255279391479
2024-09-27,INTU/NOW,-0.0,-0.0,0.0,28,0.35,-0.0
2024-09-30,META/MSFT,-0.0015769505069669,-0.0015769505069669,0.0,28,0.3,-0.00047308515209
2024-09-30,MS/STT,0.0004161712515717,0.0004161712515717,0.0,28,0.35,0.0001456599380501
2024-09-30,INTU/NOW,-0.0,-0.0,0.0,28,0.35,-0.0
2024-10-01,META/MSFT,0.0183191923428286,0.0183191923428286,0.0,28,0.3,0.0054957577028485
2024-10-01,MS/STT,-0.0057302631219536,-0.0057302631219536,0.0,28,0.35,-0.0020055920926837
2024-10-01,INTU/NOW,-0.0,-0.0,0.0,28,0.35,-0.0
2024-10-02,META/MSFT,0.0045919670973644,0.0045919670973644,0.0,28,0.3,0.0013775901292093
2024-10-02,MS/STT,-0.0035334273456803,-0.0035334273456803,0.0,28,0.35,-0.0012366995709881
2024-10-02,INTU/NOW,-0.0,-0.0,0.0,28,0.35,-0.0
2024-10-03,META/MSFT,0.005575698991853,0.005575698991853,0.0,28,0.3,0.0016727096975559
2024-10-03,MS/STT,-0.0004282544140976,-0.0004282544140976,0.0,28,0.35,-0.0001498890449341
2024-10-03,INTU/NOW,-0.0,-0.0,0.0,28,0.35,-0.0
2024-10-04,META/MSFT,0.0067215609958147,0.0067215609958147,0.0,28,0.3,0.0020164682987444
2024-10-04,MS/STT,-0.0133111656947241,-0.0133111656947241,0.0,28,0.35,-0.0046589079931534
2024-10-04,INTU/NOW,-0.0,-0.0,0.0,28,0.35,-0.0
2024-10-07,META/MSFT,0.0067706109938914,0.0067706109938914,0.0,28,0.3,0.0020311832981674
2024-10-07,MS/STT,0.002072474135843,0.002072474135843,0.0,28,0.35,0.000725365947545
2024-10-07,INTU/NOW,-0.0,-0.0,0.0,28,0.35,-0.0
2024-10-08,META/MSFT,0.0,0.0,0.0,29,0.5,0.0
2024-10-08,MS/STT,-0.0,-0.0,0.0,29,0.5,-0.0
2024-10-09,META/MSFT,0.0,0.0,0.0,29,0.5,0.0
2024-10-09,MS/STT,0.0,0.0,0.0,29,0.5,0.0
2024-10-10,META/MSFT,0.0,0.0,0.0,29,0.5,0.0
2024-10-10,MS/STT,-0.0,-0.0,0.0,29,0.5,-0.0
2024-10-11,META/MSFT,-0.0,-0.0,0.0,29,0.5,-0.0
2024-10-11,MS/STT,0.0,0.0,0.0,29,0.5,0.0
2024-10-14,META/MSFT,0.0,0.0,0.0,29,0.5,0.0
2024-10-14,MS/STT,0.0,0.0,0.0,29,0.5,0.0
2024-10-15,META/MSFT,0.0,0.0,0.0,29,0.5,0.0
2024-10-15,MS/STT,-0.0,-0.0,0.0,29,0.5,-0.0
2024-10-16,META/MSFT,-0.0,-0.0,0.0,29,0.5,-0.0
2024-10-16,MS/STT,0.0,0.0,0.0,29,0.5,0.0
2024-10-17,META/MSFT,0.0,0.0,0.0,29,0.5,0.0
2024-10-17,MS/STT,-0.0020257778813286,-0.0010257778813286,1.0,29,0.5,-0.0010128889406643
2024-10-18,META/MSFT,0.0,0.0,0.0,29,0.5,0.0
2024-10-18,MS/STT,-0.0129919322749471,-0.0129919322749471,0.0,29,0.5,-0.0064959661374735
2024-10-21,META/MSFT,0.0,0.0,0.0,29,0.5,0.0
2024-10-21,MS/STT,0.0086421687918086,0.0086421687918086,0.0,29,0.5,0.0043210843959043
2024-10-22,META/MSFT,0.0,0.0,0.0,29,0.5,0.0
2024-10-22,MS/STT,-0.0016410675953798,-0.0016410675953798,0.0,29,0.5,-0.0008205337976899
2024-10-23,META/MSFT,-0.0045070069843598,-0.0035070069843598,1.0,29,0.5,-0.0022535034921799
2024-10-23,MS/STT,0.0070641495788226,0.0070641495788226,0.0,29,0.5,0.0035320747894113
2024-10-24,META/MSFT,0.0017342367779149,0.0017342367779149,0.0,29,0.5,0.0008671183889574
2024-10-24,MS/STT,-0.0026829113527414,-0.0026829113527414,0.0,29,0.5,-0.0013414556763707
2024-10-25,META/MSFT,-0.0032763625085686,-0.0032763625085686,0.0,29,0.5,-0.0016381812542843
2024-10-25,MS/STT,0.0053077560997816,0.0053077560997816,0.0,29,0.5,0.0026538780498908
2024-10-28,META/MSFT,0.0049740047509305,0.0049740047509305,0.0,29,0.5,0.0024870023754652
2024-10-28,MS/STT,-0.0004108670488823,-0.0004108670488823,0.0,29,0.5,-0.0002054335244411
2024-10-29,META/MSFT,-0.002103069171257,-0.002103069171257,0.0,29,0.5,-0.0010515345856285
2024-10-29,MS/STT,-0.0015422567552411,-0.0015422567552411,0.0,29,0.5,-0.0007711283776205
2024-10-30,META/MSFT,-0.0016541187214747,-0.0016541187214747,0.0,29,0.5,-0.0008270593607373
2024-10-30,MS/STT,0.0074958689405714,0.0074958689405714,0.0,29,0.5,0.0037479344702857
2024-10-31,META/MSFT,0.0330932705888098,0.0330932705888098,0.0,29,0.5,0.0165466352944049
2024-10-31,MS/STT,0.0033253618516617,0.0033253618516617,0.0,29,0.5,0.0016626809258308
2024-11-01,META/MSFT,-0.007428494506451,-0.007428494506451,0.0,29,0.5,-0.0037142472532255
2024-11-01,MS/STT,-0.0031416932175186,-0.0031416932175186,0.0,29,0.5,-0.0015708466087593
2024-11-04,META/MSFT,0.0003318782361136,0.0003318782361136,0.0,29,0.5,0.0001659391180568
2024-11-04,MS/STT,0.0014228270729782,0.0014228270729782,0.0,29,0.5,0.0007114135364891
2024-11-05,META/MSFT,0.0002563726931351,0.0002563726931351,0.0,29,0.5,0.0001281863465675
2024-11-05,MS/STT,-0.0060004052284808,-0.0060004052284808,0.0,29,0.5,-0.0030002026142404
2024-11-06,META/MSFT,-0.0156831274880745,-0.0156831274880745,0.0,29,0.5,-0.0078415637440372
2024-11-06,MS/STT,-0.0542559460956041,-0.0542559460956041,0.0,29,0.5,-0.027127973047802
2024-11-07,META/MSFT,0.0001133415261791,0.0001133415261791,0.0,29,0.5,5.667076308958891e-05
2024-11-07,MS/STT,0.0070753623216194,0.0070753623216194,0.0,29,0.5,0.0035376811608097
2024-11-08,META/MSFT,0.0038856022288059,0.0038856022288059,0.0,29,0.5,0.0019428011144029
2024-11-08,MS/STT,-0.0065311632994316,-0.0065311632994316,0.0,29,0.5,-0.0032655816497158
2024-11-11,META/MSFT,0.0050067731369732,0.0050067731369732,0.0,29,0.5,0.0025033865684866
2024-11-11,MS/STT,-0.0110513262736566,-0.0110513262736566,0.0,29,0.5,-0.0055256631368283
2024-11-12,META/MSFT,-0.0080117099925656,-0.0080117099925656,0.0,29,0.5,-0.0040058549962828
2024-11-12,MS/STT,-0.0002196953682564,-0.0002196953682564,0.0,29,0.5,-0.0001098476841282
2024-11-13,META/MSFT,-0.0059689370294618,-0.0059689370294618,0.0,29,0.5,-0.0029844685147309
2024-11-13,MS/STT,-0.001,0.0,1.0,29,0.5,-0.0005
2024-11-14,META/MSFT,-0.0042236534485894,-0.0042236534485894,0.0,29,0.5,-0.0021118267242947
2024-11-14,MS/STT,0.0,0.0,0.0,29,0.5,0.0
2024-11-15,META/MSFT,0.0094993345457297,0.0094993345457297,0.0,29,0.5,0.0047496672728648
2024-11-15,MS/STT,0.0,0.0,0.0,29,0.5,0.0
2024-11-18,META/MSFT,-0.00117988745418,-0.00117988745418,0.0,29,0.5,-0.00058994372709
2024-11-18,MS/STT,-0.0,-0.0,0.0,29,0.5,-0.0
2024-11-19,META/MSFT,-0.001,0.0,1.0,29,0.5,-0.0005
2024-11-19,MS/STT,-0.0,-0.0,0.0,29,0.5,-0.0
2024-11-20,META/MSFT,-0.0,-0.0,0.0,29,0.5,-0.0
2024-11-20,MS/STT,-0.0,-0.0,0.0,29,0.5,-0.0
2024-11-21,META/MSFT,-0.0,-0.0,0.0,29,0.5,-0.0
2024-11-21,MS/STT,0.0,0.0,0.0,29,0.5,0.0
2024-11-22,META/MSFT,0.0,0.0,0.0,29,0.5,0.0
2024-11-22,MS/STT,-0.0,-0.0,0.0,29,0.5,-0.0
2024-11-25,META/MSFT,0.0,0.0,0.0,29,0.5,0.0
2024-11-25,MS/STT,-0.0,-0.0,0.0,29,0.5,-0.0
2024-11-26,META/MSFT,0.0,0.0,0.0,29,0.5,0.0
2024-11-26,MS/STT,-0.0,-0.0,0.0,29,0.5,-0.0
2024-11-27,META/MSFT,-0.0,-0.0,0.0,29,0.5,-0.0
2024-11-27,MS/STT,-0.0,-0.0,0.0,29,0.5,-0.0
2024-11-29,META/MSFT,-0.0,-0.0,0.0,29,0.5,-0.0
2024-11-29,MS/STT,0.0,0.0,0.0,29,0.5,0.0
2024-12-02,META/MSFT,0.0,0.0,0.0,29,0.5,0.0
2024-12-02,MS/STT,-0.0,-0.0,0.0,29,0.5,-0.0
2024-12-03,META/MSFT,-0.0,-0.0,0.0,29,0.5,-0.0
2024-12-03,MS/STT,-0.0,-0.0,0.0,29,0.5,-0.0
2024-12-04,META/MSFT,0.0,0.0,0.0,29,0.5,0.0
2024-12-04,MS/STT,-0.0,-0.0,0.0,29,0.5,-0.0
2024-12-05,META/MSFT,0.0,0.0,0.0,29,0.5,0.0
2024-12-05,MS/STT,-0.0,-0.0,0.0,29,0.5,-0.0
2024-12-06,META/MSFT,-0.0,-0.0,0.0,29,0.5,-0.0
2024-12-06,MS/STT,-0.0,-0.0,0.0,29,0.5,-0.0
2024-12-09,META/MSFT,0.0,0.0,0.0,29,0.5,0.0
2024-12-09,MS/STT,-0.0,-0.0,0.0,29,0.5,-0.0
2024-12-10,META/MSFT,-0.0,-0.0,0.0,29,0.5,-0.0
2024-12-10,MS/STT,-0.0,-0.0,0.0,29,0.5,-0.0
2024-12-11,META/MSFT,0.0,0.0,0.0,29,0.5,0.0
2024-12-11,MS/STT,0.0,0.0,0.0,29,0.5,0.0
2024-12-12,META/MSFT,0.0,0.0,0.0,29,0.5,0.0
2024-12-12,MS/STT,-0.0,-0.0,0.0,29,0.5,-0.0
2024-12-13,META/MSFT,0.0,0.0,0.0,29,0.5,0.0
2024-12-13,MS/STT,-0.0,-0.0,0.0,29,0.5,-0.0
2024-12-16,META/MSFT,0.0,0.0,0.0,29,0.5,0.0
2024-12-16,MS/STT,0.0,0.0,0.0,29,0.5,0.0
2024-12-17,META/MSFT,0.0,0.0,0.0,29,0.5,0.0
2024-12-17,MS/STT,0.0,0.0,0.0,29,0.5,0.0
2024-12-18,META/MSFT,-0.0,-0.0,0.0,29,0.5,-0.0
2024-12-18,MS/STT,-0.0,-0.0,0.0,29,0.5,-0.0
2024-12-19,META/MSFT,-0.0008564062856278,0.0001435937143721,1.0,29,0.5,-0.0004282031428139
2024-12-19,MS/STT,-0.0,-0.0,0.0,29,0.5,-0.0
2024-12-20,META/MSFT,0.0040177950245637,0.0040177950245637,0.0,29,0.5,0.0020088975122818
2024-12-20,MS/STT,0.0,0.0,0.0,29,0.5,0.0
2024-12-23,META/MSFT,-0.0090619290881664,-0.0090619290881664,0.0,29,0.5,-0.0045309645440832
2024-12-23,MS/STT,0.0,0.0,0.0,29,0.5,0.0
2024-12-24,META/MSFT,0.0032269348156806,0.0032269348156806,0.0,29,0.5,0.0016134674078403
2024-12-24,MS/STT,0.0,0.0,0.0,29,0.5,0.0
2024-12-26,META/MSFT,-4.645105167983974e-05,-4.645105167983974e-05,0.0,29,0.5,-2.322552583991987e-05
2024-12-26,MS/STT,0.0,0.0,0.0,29,0.5,0.0
2024-12-27,META/MSFT,-0.0109870411113939,-0.0109870411113939,0.0,29,0.5,-0.0054935205556969
2024-12-27,MS/STT,-0.0,-0.0,0.0,29,0.5,-0.0
2024-12-30,META/MSFT,-0.0057529172832342,-0.0057529172832342,0.0,29,0.5,-0.0028764586416171
2024-12-30,MS/STT,-0.0,-0.0,0.0,29,0.5,-0.0
2024-12-31,META/MSFT,-0.0030800297480358,-0.0030800297480358,0.0,29,0.5,-0.0015400148740179
2024-12-31,MS/STT,0.0,0.0,0.0,29,0.5,0.0
