date,segment,portfolio_return_unscaled,portfolio_gross_return_unscaled,pair_turnover,leverage,strategy_return,active_pairs
2017-07-05,0,0.0,0.0,0.0,1.0,0.0,1
2017-07-06,0,0.0,0.0,0.0,1.0,0.0,1
2017-07-07,0,0.0,0.0,0.0,1.0,0.0,1
2017-07-10,0,0.0,0.0,0.0,1.0,0.0,1
2017-07-11,0,0.0,0.0,0.0,1.0,0.0,1
2017-07-12,0,0.0,0.0,0.0,1.0,0.0,1
2017-07-13,0,0.0,0.0,0.0,1.0,0.0,1
2017-07-14,0,0.0,0.0,0.0,1.0,0.0,1
2017-07-17,0,0.0,0.0,0.0,1.0,0.0,1
2017-07-18,0,0.0,0.0,0.0,1.0,0.0,1
2017-07-19,0,0.0,0.0,0.0,1.0,0.0,1
2017-07-20,0,0.0,0.0,0.0,1.0,0.0,1
2017-07-21,0,0.0,0.0,0.0,1.0,0.0,1
2017-07-24,0,0.0,0.0,0.0,1.0,0.0,1
2017-07-25,0,0.0,0.0,0.0,1.0,0.0,1
2017-07-26,0,0.0,0.0,0.0,1.0,0.0,1
2017-07-27,0,0.0,0.0,0.0,1.0,0.0,1
2017-07-28,0,0.0,0.0,0.0,1.0,0.0,1
2017-07-31,0,0.0,0.0,0.0,1.0,0.0,1
2017-08-01,0,0.0,0.0,0.0,1.0,0.0,1
2017-08-02,0,0.0,0.0,0.0,1.0,0.0,1
2017-08-03,0,0.0,0.0,0.0,1.0,0.0,1
2017-08-04,0,0.0,0.0,0.0,1.0,0.0,1
2017-08-07,0,0.0,0.0,0.0,1.0,0.0,1
2017-08-08,0,0.0,0.0,0.0,1.0,0.0,1
2017-08-09,0,0.0,0.0,0.0,1.0,0.0,1
2017-08-10,0,0.0,0.0,0.0,1.0,0.0,1
2017-08-11,0,0.0,0.0,0.0,1.0,0.0,1
2017-08-14,0,0.0,0.0,0.0,1.0,0.0,1
2017-08-15,0,0.0,0.0,0.0,1.0,0.0,1
2017-08-16,0,0.0,0.0,0.0,1.0,0.0,1
2017-08-17,0,0.0,0.0,0.0,1.0,0.0,1
2017-08-18,0,0.0,0.0,0.0,1.0,0.0,1
2017-08-21,0,0.0,0.0,0.0,1.0,0.0,1
2017-08-22,0,0.0,0.0,0.0,1.0,0.0,1
2017-08-23,0,0.0,0.0,0.0,1.0,0.0,1
2017-08-24,0,0.0,0.0,0.0,1.0,0.0,1
2017-08-25,0,0.0,0.0,0.0,1.0,0.0,1
2017-08-28,0,-0.0045674028714019,-0.0035674028714019,1.0,1.0,-0.0045674028714019,1
2017-08-29,0,-0.0048362857860164,-0.0048362857860164,0.0,1.0,-0.0048362857860164,1
2017-08-30,0,0.0014593758134576,0.0014593758134576,0.0,1.0,0.0014593758134576,1
2017-08-31,0,0.0096601682756877,0.0096601682756877,0.0,1.0,0.0096601682756877,1
2017-09-01,0,0.0029882806658177,0.0029882806658177,0.0,1.0,0.0029882806658177,1
2017-09-05,0,-0.0034310006231415,-0.0034310006231415,0.0,1.0,-0.0034310006231415,1
2017-09-06,0,-0.0006237043956649,-0.0006237043956649,0.0,1.0,-0.0006237043956649,1
2017-09-07,0,-0.0054236074752925,-0.0054236074752925,0.0,1.0,-0.0054236074752925,1
2017-09-08,0,-0.0014235696017445,-0.0014235696017445,0.0,1.0,-0.0014235696017445,1
2017-09-11,0,0.0026467688624716,0.0026467688624716,0.0,1.0,0.0026467688624716,1
2017-09-12,0,-0.0052002899352761,-0.0052002899352761,0.0,1.0,-0.0052002899352761,1
2017-09-13,0,-0.0007649273642385,-0.0007649273642385,0.0,1.0,-0.0007649273642385,1
2017-09-14,0,-0.0019712832566331,-0.0019712832566331,0.0,1.0,-0.0019712832566331,1
2017-09-15,0,-0.0014951007439654,-0.0014951007439654,0.0,1.0,-0.0014951007439654,1
2017-09-18,0,-0.0068151384118591,-0.0068151384118591,0.0,1.0,-0.0068151384118591,1
2017-09-19,0,-0.0038812617606685,-0.0038812617606685,0.0,1.0,-0.0038812617606685,1
2017-09-20,0,-0.0087620111263827,-0.0087620111263827,0.0,1.0,-0.0087620111263827,1
2017-09-21,0,-0.0066366757104874,-0.0066366757104874,0.0,1.0,-0.0066366757104874,1
2017-09-22,0,-0.0148572696736307,-0.0148572696736307,0.0,1.0,-0.0148572696736307,1
2017-09-25,0,-0.001,0.0,1.0,1.0,-0.001,1
2017-09-26,0,0.0018202252706782,0.0028202252706782,1.0,1.0,0.0018202252706782,1
2017-09-27,0,0.0012806533167379,0.0012806533167379,0.0,1.0,0.0012806533167379,1
2017-09-28,0,0.0006427580314634,0.0006427580314634,0.0,1.0,0.0006427580314634,1
2017-09-29,0,-0.0008106304893567,-0.0008106304893567,0.0,1.0,-0.0008106304893567,1
2017-10-02,0,-0.0045306098561233,-0.0045306098561233,0.0,1.0,-0.0045306098561233,1
2017-10-03,1,0.0,0.0,0.0,1.0,0.0,1
2017-10-04,1,0.0,0.0,0.0,1.0,0.0,1
2017-10-05,1,0.0,0.0,0.0,1.0,0.0,1
2017-10-06,1,0.0,0.0,0.0,1.0,0.0,1
2017-10-09,1,0.0,0.0,0.0,1.0,0.0,1
2017-10-10,1,0.0,0.0,0.0,1.0,0.0,1
2017-10-11,1,0.0,0.0,0.0,1.0,0.0,1
2017-10-12,1,0.0,0.0,0.0,1.0,0.0,1
2017-10-13,1,0.0,0.0,0.0,1.0,0.0,1
2017-10-16,1,0.0,0.0,0.0,1.0,0.0,1
2017-10-17,1,0.0,0.0,0.0,1.0,0.0,1
2017-10-18,1,0.0,0.0,0.0,1.0,0.0,1
2017-10-19,1,0.0,0.0,0.0,1.0,0.0,1
2017-10-20,1,0.0,0.0,0.0,1.0,0.0,1
2017-10-23,1,0.0,0.0,0.0,1.0,0.0,1
2017-10-24,1,-0.0046182415224168,-0.0036182415224168,1.0,1.0,-0.0046182415224168,1
2017-10-25,1,-0.0057942451686106,-0.0057942451686106,0.0,1.0,-0.0057942451686106,1
2017-10-26,1,0.0008606311337302,0.0008606311337302,0.0,1.0,0.0008606311337302,1
2017-10-27,1,-0.0101433682001443,-0.0101433682001443,0.0,1.0,-0.0101433682001443,1
2017-10-30,1,0.0036398485349784,0.0036398485349784,0.0,1.0,0.0036398485349784,1
2017-10-31,1,-0.0015459911013951,-0.0015459911013951,0.0,1.0,-0.0015459911013951,1
2017-11-01,1,0.005223794715083,0.005223794715083,0.0,1.0,0.005223794715083,1
2017-11-02,1,-0.0072110700404924,-0.0072110700404924,0.0,1.0,-0.0072110700404924,1
2017-11-03,1,0.0043456243879311,0.0043456243879311,0.0,1.0,0.0043456243879311,1
2017-11-06,1,-0.0024895029991353,-0.0024895029991353,0.0,1.0,-0.0024895029991353,1
2017-11-07,1,-0.0021237432012922,-0.0021237432012922,0.0,1.0,-0.0021237432012922,1
2017-11-08,1,0.0081693327095405,0.0081693327095405,0.0,1.0,0.0081693327095405,1
2017-11-09,1,0.0005647056583284,0.0005647056583284,0.0,1.0,0.0005647056583284,1
2017-11-10,1,4.358219358083013e-05,4.358219358083013e-05,0.0,1.0,4.358219358083013e-05,1
2017-11-13,1,0.0021450589637279,0.0021450589637279,0.0,1.0,0.0021450589637279,1
2017-11-14,1,0.0054132651405995,0.0054132651405995,0.0,1.0,0.0054132651405995,1
2017-11-15,1,0.0058971411571028,0.0058971411571028,0.0,1.0,0.0058971411571028,1
2017-11-16,1,-0.0028532713835311,-0.0028532713835311,0.0,1.0,-0.0028532713835311,1
2017-11-17,1,-0.0015556046192197,-0.0015556046192197,0.0,1.0,-0.0015556046192197,1
2017-11-20,1,-0.001,0.0,1.0,1.0,-0.001,1
2017-11-21,1,0.0,0.0,0.0,1.0,0.0,1
2017-11-22,1,0.0,0.0,0.0,1.0,0.0,1
2017-11-24,1,0.0,0.0,0.0,1.0,0.0,1
2017-11-27,1,0.0,0.0,0.0,1.0,0.0,1
2017-11-28,1,0.0,0.0,0.0,1.0,0.0,1
2017-11-29,1,0.0,0.0,0.0,1.0,0.0,1
2017-11-30,1,0.0,0.0,0.0,1.0,0.0,1
2017-12-01,1,0.0,0.0,0.0,1.0,0.0,1
2017-12-04,1,0.0,0.0,0.0,1.0,0.0,1
2017-12-05,1,0.0,0.0,0.0,1.0,0.0,1
2017-12-06,1,0.0,0.0,0.0,1.0,0.0,1
2017-12-07,1,0.0,0.0,0.0,1.0,0.0,1
2017-12-08,1,0.0,0.0,0.0,1.0,0.0,1
2017-12-11,1,0.0,0.0,0.0,1.0,0.0,1
2017-12-12,1,0.0,0.0,0.0,1.0,0.0,1
2017-12-13,1,0.0,0.0,0.0,1.0,0.0,1
2017-12-14,1,0.0,0.0,0.0,1.0,0.0,1
2017-12-15,1,0.0,0.0,0.0,1.0,0.0,1
2017-12-18,1,0.0,0.0,0.0,1.0,0.0,1
2017-12-19,1,0.0,0.0,0.0,1.0,0.0,1
2017-12-20,1,0.0,0.0,0.0,1.0,0.0,1
2017-12-21,1,0.0,0.0,0.0,1.0,0.0,1
2017-12-22,1,0.0,0.0,0.0,1.0,0.0,1
2017-12-26,1,0.0,0.0,0.0,1.0,0.0,1
2017-12-27,1,0.0,0.0,0.0,1.0,0.0,1
2017-12-28,1,0.0,0.0,0.0,1.0,0.0,1
2017-12-29,1,0.0,0.0,0.0,1.0,0.0,1
2018-01-02,1,0.0,0.0,0.0,1.0,0.0,1
2018-01-03,2,0.0,0.0,0.0,1.0,0.0,1
2018-01-04,2,0.0,0.0,0.0,1.0,0.0,1
2018-01-05,2,0.0,0.0,0.0,1.0,0.0,1
2018-01-08,2,0.0,0.0,0.0,1.0,0.0,1
2018-01-09,2,0.0,0.0,0.0,1.0,0.0,1
2018-01-10,2,0.0,0.0,0.0,1.0,0.0,1
2018-01-11,2,0.0,0.0,0.0,1.0,0.0,1
2018-01-12,2,0.0,0.0,0.0,1.0,0.0,1
2018-01-16,2,0.0,0.0,0.0,1.0,0.0,1
2018-01-17,2,0.0,0.0,0.0,1.0,0.0,1
2018-01-18,2,0.0,0.0,0.0,1.0,0.0,1
2018-01-19,2,0.0,0.0,0.0,1.0,0.0,1
2018-01-22,2,0.0,0.0,0.0,1.0,0.0,1
2018-01-23,2,0.0,0.0,0.0,1.0,0.0,1
2018-01-24,2,0.0,0.0,0.0,1.0,0.0,1
2018-01-25,2,0.0,0.0,0.0,1.0,0.0,1
2018-01-26,2,0.0,0.0,0.0,1.0,0.0,1
2018-01-29,2,0.0,0.0,0.0,1.0,0.0,1
2018-01-30,2,0.0,0.0,0.0,1.0,0.0,1
2018-01-31,2,0.0,0.0,0.0,1.0,0.0,1
2018-02-01,2,0.0,0.0,0.0,1.0,0.0,1
2018-02-02,2,0.0,0.0,0.0,1.0,0.0,1
2018-02-05,2,-0.0019840968236697,-0.0009840968236697,1.0,1.0,-0.0019840968236697,1
2018-02-06,2,0.000458455560348,0.000458455560348,0.0,1.0,0.000458455560348,1
2018-02-07,2,-0.0006901526881005,-0.0006901526881005,0.0,1.0,-0.0006901526881005,1
2018-02-08,2,-0.0004607486405337,-0.0004607486405337,0.0,1.0,-0.0004607486405337,1
2018-02-09,2,-0.0008840523049745,-0.0008840523049745,0.0,1.0,-0.0008840523049745,1
2018-02-12,2,0.0005194672864385,0.0005194672864385,0.0,1.0,0.0005194672864385,1
2018-02-13,2,0.0008170375864563,0.0008170375864563,0.0,1.0,0.0008170375864563,1
2018-02-14,2,-0.0003653514709329,-0.0003653514709329,0.0,1.0,-0.0003653514709329,1
2018-02-15,2,0.0004474386019213,0.0004474386019213,0.0,1.0,0.0004474386019213,1
2018-02-16,2,0.0004963467125267,0.0004963467125267,0.0,1.0,0.0004963467125267,1
2018-02-20,2,-0.0006422313625718,-0.0006422313625718,0.0,1.0,-0.0006422313625718,1
2018-02-21,2,-0.0015520578074414,-0.0015520578074414,0.0,1.0,-0.0015520578074414,1
2018-02-22,2,-8.528880807387816e-05,-8.528880807387816e-05,0.0,1.0,-8.528880807387816e-05,1
2018-02-23,2,0.000604244221819,0.000604244221819,0.0,1.0,0.000604244221819,1
2018-02-26,2,-0.0002138910392664,-0.0002138910392664,0.0,1.0,-0.0002138910392664,1
2018-02-27,2,0.0008634307543475,0.0008634307543475,0.0,1.0,0.0008634307543475,1
2018-02-28,2,0.0005330376278902,0.0005330376278902,0.0,1.0,0.0005330376278902,1
2018-03-01,2,2.232126590117601e-05,2.232126590117601e-05,0.0,1.0,2.232126590117601e-05,1
2018-03-02,2,-0.0003176254821721,-0.0003176254821721,0.0,1.0,-0.0003176254821721,1
2018-03-05,2,-0.001,0.0,1.0,1.0,-0.001,1
2018-03-06,2,0.0,0.0,0.0,1.0,0.0,1
2018-03-07,2,0.0,0.0,0.0,1.0,0.0,1
2018-03-08,2,0.0,0.0,0.0,1.0,0.0,1
2018-03-09,2,0.0,0.0,0.0,1.0,0.0,1
2018-03-12,2,0.0,0.0,0.0,1.0,0.0,1
2018-03-13,2,0.0,0.0,0.0,1.0,0.0,1
2018-03-14,2,0.0,0.0,0.0,1.0,0.0,1
2018-03-15,2,-0.0010886942047742,-8.869420477426324e-05,1.0,1.0,-0.0010886942047742,1
2018-03-16,2,0.0001332728405542,0.0001332728405542,0.0,1.0,0.0001332728405542,1
2018-03-19,2,0.0005796356483182,0.0005796356483182,0.0,1.0,0.0005796356483182,1
2018-03-20,2,-4.1060129013099e-05,-4.1060129013099e-05,0.0,1.0,-4.1060129013099e-05,1
2018-03-21,2,-5.8696834184357896e-05,-5.8696834184357896e-05,0.0,1.0,-5.8696834184357896e-05,1
2018-03-22,2,-0.0006073915815797,-0.0006073915815797,0.0,1.0,-0.0006073915815797,1
2018-03-23,2,0.0003586136167828,0.0003586136167828,0.0,1.0,0.0003586136167828,1
2018-03-26,2,0.0001060098344368,0.0001060098344368,0.0,1.0,0.0001060098344368,1
2018-03-27,2,-0.0001954171464603,-0.0001954171464603,0.0,1.0,-0.0001954171464603,1
2018-03-28,2,-0.0007160138941823,-0.0007160138941823,0.0,1.0,-0.0007160138941823,1
2018-03-29,2,-2.081466616292833e-05,-2.081466616292833e-05,0.0,1.0,-2.081466616292833e-05,1
2018-04-02,2,-0.0003022928134925,-0.0003022928134925,0.0,1.0,-0.0003022928134925,1
2018-04-03,2,0.0004770912272857,0.0004770912272857,0.0,1.0,0.0004770912272857,1
2018-04-04,2,0.0004279654187253,0.0004279654187253,0.0,1.0,0.0004279654187253,1
2018-04-05,3,0.0,0.0,0.0,1.0,0.0,3
2018-04-06,3,0.0,0.0,0.0,1.0,0.0,3
2018-04-09,3,0.0,0.0,0.0,1.0,0.0,3
2018-04-10,3,0.0,0.0,0.0,1.0,0.0,3
2018-04-11,3,0.0,0.0,0.0,1.0,0.0,3
2018-04-12,3,0.0,0.0,0.0,1.0,0.0,3
2018-04-13,3,0.0,0.0,0.0,1.0,0.0,3
2018-04-16,3,0.0,0.0,0.0,1.0,0.0,3
2018-04-17,3,-0.0024937064504749,-0.0021437064504749,0.35,1.0,-0.0024937064504749,3
2018-04-18,3,0.0064048720810973,0.0067048720810973,0.3,1.0,0.0064048720810973,3
2018-04-19,3,8.22522610121005e-05,8.22522610121005e-05,0.0,1.0,8.22522610121005e-05,3
2018-04-20,3,-0.0044126839447418,-0.0044126839447418,0.0,1.0,-0.0044126839447418,3
2018-04-23,3,-0.0032705490211825,-0.0032705490211825,0.0,1.0,-0.0032705490211825,3
2018-04-24,3,0.0003017400081385,0.0003017400081385,0.0,1.0,0.0003017400081385,3
2018-04-25,3,-0.0033959911683702,-0.0033959911683702,0.0,1.0,-0.0033959911683702,3
2018-04-26,3,-0.0045450462981471,-0.0045450462981471,0.0,1.0,-0.0045450462981471,3
2018-04-27,3,-0.0036025185865506,-0.0036025185865506,0.0,1.0,-0.0036025185865506,3
2018-04-30,3,0.0019925404907699,0.0019925404907699,0.0,1.0,0.0019925404907699,3
2018-05-01,3,0.0009183680934354,0.0009183680934354,0.0,1.0,0.0009183680934354,3
2018-05-02,3,-0.0005132293591852,-0.0005132293591852,0.0,1.0,-0.0005132293591852,3
2018-05-03,3,-0.0014984345249021,-0.0014984345249021,0.0,1.0,-0.0014984345249021,3
2018-05-04,3,-0.0029855399954157,-0.0029855399954157,0.0,1.0,-0.0029855399954157,3
2018-05-07,3,0.0017515994220012,0.0017515994220012,0.0,1.0,0.0017515994220012,3
2018-05-08,3,0.0023850856406447,0.0023850856406447,0.0,1.0,0.0023850856406447,3
2018-05-09,3,-0.0008437770040108,-0.0008437770040108,0.0,1.0,-0.0008437770040108,3
2018-05-10,3,0.0019260394397075,0.0019260394397075,0.0,1.0,0.0019260394397075,3
2018-05-11,3,-0.0033125437980578,-0.0033125437980578,0.0,1.0,-0.0033125437980578,3
2018-05-14,3,-0.0023345989151055,-0.0016345989151055,0.7,1.0,-0.0023345989151055,3
2018-05-15,3,-0.0001744812083602,0.0001255187916397,0.3,1.0,-0.0001744812083602,3
2018-05-16,3,3.9135100299564936e-05,3.9135100299564936e-05,0.0,1.0,3.9135100299564936e-05,3
2018-05-17,3,0.0004070368502742,0.0004070368502742,0.0,1.0,0.0004070368502742,3
2018-05-18,3,-0.0002587461466539,-0.0002587461466539,0.0,1.0,-0.0002587461466539,3
2018-05-21,3,8.03281647063929e-05,8.03281647063929e-05,0.0,1.0,8.03281647063929e-05,3
2018-05-22,3,0.0001191920391095,0.0001191920391095,0.0,1.0,0.0001191920391095,3
2018-05-23,3,3.0224218778269143e-05,3.0224218778269143e-05,0.0,1.0,3.0224218778269143e-05,3
2018-05-24,3,-0.0003936906822259,-0.0003936906822259,0.0,1.0,-0.0003936906822259,3
2018-05-25,3,6.551653734052334e-05,6.551653734052334e-05,0.0,1.0,6.551653734052334e-05,3
2018-05-29,3,-0.0003450413467288,-0.0003450413467288,0.0,1.0,-0.0003450413467288,3
2018-05-30,3,9.041983153462966e-06,9.041983153462966e-06,0.0,1.0,9.041983153462966e-06,3
2018-05-31,3,0.0001380327638459,0.0001380327638459,0.0,1.0,0.0001380327638459,3
2018-06-01,3,-8.043253607924055e-05,-8.043253607924055e-05,0.0,1.0,-8.043253607924055e-05,3
2018-06-04,3,7.491539478207197e-05,7.491539478207197e-05,0.0,1.0,7.491539478207197e-05,3
2018-06-05,3,0.0002085816499978,0.0002085816499978,0.0,1.0,0.0002085816499978,3
2018-06-06,3,0.0001251334409429,0.0001251334409429,0.0,1.0,0.0001251334409429,3
2018-06-07,3,-0.0003081585883401,-0.0003081585883401,0.0,1.0,-0.0003081585883401,3
2018-06-08,3,-3.179078586065893e-05,-3.179078586065893e-05,0.0,1.0,-3.179078586065893e-05,3
2018-06-11,3,-0.00035,0.0,0.35,1.0,-0.00035,3
2018-06-12,3,0.0,0.0,0.0,1.0,0.0,3
2018-06-13,3,0.0,0.0,0.0,1.0,0.0,3
2018-06-14,3,0.0,0.0,0.0,1.0,0.0,3
2018-06-15,3,0.0,0.0,0.0,1.0,0.0,3
2018-06-18,3,0.0,0.0,0.0,1.0,0.0,3
2018-06-19,3,0.0,0.0,0.0,1.0,0.0,3
2018-06-20,3,0.0,0.0,0.0,1.0,0.0,3
2018-06-21,3,0.0,0.0,0.0,1.0,0.0,3
2018-06-22,3,0.0,0.0,0.0,1.0,0.0,3
2018-06-25,3,0.0,0.0,0.0,1.0,0.0,3
2018-06-26,3,9.013981893656766e-05,0.0003901398189365,0.3,1.0,9.013981893656766e-05,3
2018-06-27,3,-0.0019580403742814,-0.0019580403742814,0.0,1.0,-0.0019580403742814,3
2018-06-28,3,-0.0025819363065391,-0.0022319363065391,0.35,1.0,-0.0025819363065391,3
2018-06-29,3,0.0018443921379865,0.0021943921379865,0.35,1.0,0.0018443921379865,3
2018-07-02,3,0.0003664881064065,0.0003664881064065,0.0,1.0,0.0003664881064065,3
2018-07-03,3,-0.001412675843388,-0.001412675843388,0.0,1.0,-0.001412675843388,3
2018-07-05,4,0.0,0.0,0.0,1.0,0.0,4
2018-07-06,4,0.0,0.0,0.0,1.0,0.0,4
2018-07-09,4,0.0,0.0,0.0,1.0,0.0,4
2018-07-10,4,0.0,0.0,0.0,1.0,0.0,4
2018-07-11,4,0.0,0.0,0.0,1.0,0.0,4
2018-07-12,4,-0.0022455697304444,-0.0019461475161168,0.299422214327634,1.0,-0.0022455697304444,4
2018-07-13,4,-0.0019660489219341,-0.0019660489219341,0.0,1.0,-0.0019660489219341,4
2018-07-16,4,0.0020236389631796,0.0020236389631796,0.0,1.0,0.0020236389631796,4
2018-07-17,4,0.0013747945360905,0.0015661132044474,0.1913186683568761,1.0,0.0013747945360905,4
2018-07-18,4,-0.0005418921340868,-0.0005418921340868,0.0,1.0,-0.0005418921340868,4
2018-07-19,4,0.00015482830707,0.00015482830707,0.0,1.0,0.00015482830707,4
2018-07-20,4,0.0004871270882921,0.0004871270882921,0.0,1.0,0.0004871270882921,4
2018-07-23,4,0.0070419998213014,0.0070419998213014,0.0,1.0,0.0070419998213014,4
2018-07-24,4,5.279703725699484e-05,5.279703725699484e-05,0.0,1.0,5.279703725699484e-05,4
2018-07-25,4,0.0031994416552465,0.0031994416552465,0.0,1.0,0.0031994416552465,4
2018-07-26,4,0.002352108370647,0.0025113674879625,0.1592591173154899,1.0,0.002352108370647,4
2018-07-27,4,-0.0014406628244771,-0.0014406628244771,0.0,1.0,-0.0014406628244771,4
2018-07-30,4,0.0029789788454026,0.0029789788454026,0.0,1.0,0.0029789788454026,4
2018-07-31,4,-0.0029681443305451,-0.0029681443305451,0.0,1.0,-0.0029681443305451,4
2018-08-01,4,-0.0013916547427384,-0.0010416547427384,0.35,1.0,-0.0013916547427384,4
2018-08-02,4,0.0002760591626275,0.0002760591626275,0.0,1.0,0.0002760591626275,4
2018-08-03,4,-0.003439420585477,-0.003439420585477,0.0,1.0,-0.003439420585477,4
2018-08-06,4,-0.001598330683413,-0.001598330683413,0.0,1.0,-0.001598330683413,4
2018-08-07,4,0.0012764361720027,0.0012764361720027,0.0,1.0,0.0012764361720027,4
2018-08-08,4,-0.0001575906069527,0.0001418316073748,0.299422214327634,1.0,-0.0001575906069527,4
2018-08-09,4,-0.000933580737594,-0.000933580737594,0.0,1.0,-0.000933580737594,4
2018-08-10,4,0.0052962360589485,0.0052962360589485,0.0,1.0,0.0052962360589485,4
2018-08-13,4,-0.0007937630578562,-0.0006024443894994,0.1913186683568761,1.0,-0.0007937630578562,4
2018-08-14,4,-0.0005411025770679,-0.0005411025770679,0.0,1.0,-0.0005411025770679,4
2018-08-15,4,0.0009997478321669,0.0009997478321669,0.0,1.0,0.0009997478321669,4
2018-08-16,4,-0.0014558745655546,-0.0014558745655546,0.0,1.0,-0.0014558745655546,4
2018-08-17,4,0.0002631374104548,0.0002631374104548,0.0,1.0,0.0002631374104548,4
2018-08-20,4,-0.0004983853822312,-0.0004983853822312,0.0,1.0,-0.0004983853822312,4
2018-08-21,4,-0.0008095395601097,-0.0008095395601097,0.0,1.0,-0.0008095395601097,4
2018-08-22,4,-0.0002897440774238,-0.0001304849601083,0.1592591173154899,1.0,-0.0002897440774238,4
2018-08-23,4,0.0006352829424903,0.0006352829424903,0.0,1.0,0.0006352829424903,4
2018-08-24,4,0.0001977541517704,0.0001977541517704,0.0,1.0,0.0001977541517704,4
2018-08-27,4,0.0005988995595091,0.0007581586768246,0.1592591173154899,1.0,0.0005988995595091,4
2018-08-28,4,-0.0007341276503777,-0.0003841276503777,0.35,1.0,-0.0007341276503777,4
2018-08-29,4,0.0034202899675429,0.0034202899675429,0.0,1.0,0.0034202899675429,4
2018-08-30,4,-0.0001230973284246,-0.0001230973284246,0.0,1.0,-0.0001230973284246,4
2018-08-31,4,-0.001213832438089,-0.001213832438089,0.0,1.0,-0.001213832438089,4
2018-09-04,4,0.0022211662947302,0.0022211662947302,0.0,1.0,0.0022211662947302,4
2018-09-05,4,-0.002807817057791,-0.002807817057791,0.0,1.0,-0.002807817057791,4
2018-09-06,4,0.0003373473360285,0.0006367695503561,0.299422214327634,1.0,0.0003373473360285,4
2018-09-07,4,0.0030183412334694,0.0030183412334694,0.0,1.0,0.0030183412334694,4
2018-09-10,4,-0.0019000268138854,-0.0017087081455286,0.1913186683568761,1.0,-0.0019000268138854,4
2018-09-11,4,0.0015590448364855,0.0015590448364855,0.0,1.0,0.0015590448364855,4
2018-09-12,4,0.002411631929782,0.002411631929782,0.0,1.0,0.002411631929782,4
2018-09-13,4,-0.0019332732120017,-0.0019332732120017,0.0,1.0,-0.0019332732120017,4
2018-09-14,4,-0.0008474177662386,-0.0008474177662386,0.0,1.0,-0.0008474177662386,4
2018-09-17,4,-0.0038189224028476,-0.0038189224028476,0.0,1.0,-0.0038189224028476,4
2018-09-18,4,-0.0077013629741629,-0.0077013629741629,0.0,1.0,-0.0077013629741629,4
2018-09-19,4,-0.002611011656821,-0.002611011656821,0.0,1.0,-0.002611011656821,4
2018-09-20,4,-0.0032730159934343,-0.0032730159934343,0.0,1.0,-0.0032730159934343,4
2018-09-21,4,-0.0015920258317657,-0.0015920258317657,0.0,1.0,-0.0015920258317657,4
2018-09-24,4,-0.0004856436432535,-0.000326384525938,0.1592591173154899,1.0,-0.0004856436432535,4
2018-09-25,4,-0.0025376838567139,-0.0025376838567139,0.0,1.0,-0.0025376838567139,4
2018-09-26,4,0.0002915440621207,0.0002915440621207,0.0,1.0,0.0002915440621207,4
2018-09-27,4,-0.0012586741441903,-0.0009086741441903,0.35,1.0,-0.0012586741441903,4
2018-09-28,4,0.0006131356553623,0.0006131356553623,0.0,1.0,0.0006131356553623,4
2018-10-01,4,-0.001272087939128,-0.001272087939128,0.0,1.0,-0.001272087939128,4
2018-10-02,4,0.0006200527348339,0.0006200527348339,0.0,1.0,0.0006200527348339,4
2018-10-03,5,0.0,0.0,0.0,1.0,0.0,3
2018-10-04,5,-0.0068250518902018,-0.0065250518902018,0.3,1.0,-0.0068250518902018,3
2018-10-05,5,-0.0064423032132482,-0.0064423032132482,0.0,1.0,-0.0064423032132482,3
2018-10-08,5,-0.0034340259013316,-0.0034340259013316,0.0,1.0,-0.0034340259013316,3
2018-10-09,5,0.0004028039894384,0.0004028039894384,0.0,1.0,0.0004028039894384,3
2018-10-10,5,0.0005055941932594,0.0005055941932594,0.0,1.0,0.0005055941932594,3
2018-10-11,5,0.0049329596886987,0.0049329596886987,0.0,1.0,0.0049329596886987,3
2018-10-12,5,9.950044943339948e-05,9.950044943339948e-05,0.0,1.0,9.950044943339948e-05,3
2018-10-15,5,0.0007032390080476,0.0007032390080476,0.0,1.0,0.0007032390080476,3
2018-10-16,5,-0.0013122828113866,-0.0013122828113866,0.0,1.0,-0.0013122828113866,3
2018-10-17,5,0.0051683325935554,0.0055183325935554,0.35,1.0,0.0051683325935554,3
2018-10-18,5,0.0002268442133136,0.0002268442133136,0.0,1.0,0.0002268442133136,3
2018-10-19,5,-0.0017693599785399,-0.0017693599785399,0.0,1.0,-0.0017693599785399,3
2018-10-22,5,0.00288963466239,0.00288963466239,0.0,1.0,0.00288963466239,3
2018-10-23,5,-0.0029840545714397,-0.0029840545714397,0.0,1.0,-0.0029840545714397,3
2018-10-24,5,-0.005706679704489,-0.005706679704489,0.0,1.0,-0.005706679704489,3
2018-10-25,5,0.0029813078440501,0.0033313078440501,0.35,1.0,0.0029813078440501,3
2018-10-26,5,0.00821193763934,0.00821193763934,0.0,1.0,0.00821193763934,3
2018-10-29,5,-0.0040415686839023,-0.0040415686839023,0.0,1.0,-0.0040415686839023,3
2018-10-30,5,0.0007316725093457,0.0007316725093457,0.0,1.0,0.0007316725093457,3
2018-10-31,5,-0.0033384316445786,-0.0030384316445786,0.3,1.0,-0.0033384316445786,3
2018-11-01,5,-0.0021183648091941,-0.0021183648091941,0.0,1.0,-0.0021183648091941,3
2018-11-02,5,0.0008684076586664,0.0008684076586664,0.0,1.0,0.0008684076586664,3
2018-11-05,5,0.0031737527156399,0.0031737527156399,0.0,1.0,0.0031737527156399,3
2018-11-06,5,0.0006889901602705,0.0006889901602705,0.0,1.0,0.0006889901602705,3
2018-11-07,5,0.0020885196629727,0.0020885196629727,0.0,1.0,0.0020885196629727,3
2018-11-08,5,-0.0079674230657006,-0.0079674230657006,0.0,1.0,-0.0079674230657006,3
2018-11-09,5,0.001071285018045,0.001371285018045,0.3,1.0,0.001071285018045,3
2018-11-12,5,0.0047087124530777,0.0047087124530777,0.0,1.0,0.0047087124530777,3
2018-11-13,5,-0.0004061327937008,-5.613279370081896e-05,0.35,1.0,-0.0004061327937008,3
2018-11-14,5,-0.0036379858133046,-0.0036379858133046,0.0,1.0,-0.0036379858133046,3
2018-11-15,5,-0.0046110487311839,-0.0046110487311839,0.0,1.0,-0.0046110487311839,3
2018-11-16,5,0.0037312354288446,0.0037312354288446,0.0,1.0,0.0037312354288446,3
2018-11-19,5,0.0007009746558411,0.0007009746558411,0.0,1.0,0.0007009746558411,3
2018-11-20,5,-0.0017432724703987,-0.0017432724703987,0.0,1.0,-0.0017432724703987,3
2018-11-21,5,0.0018591384496226,0.0022091384496226,0.35,1.0,0.0018591384496226,3
2018-11-23,5,-0.0042359086673783,-0.0042359086673783,0.0,1.0,-0.0042359086673783,3
2018-11-26,5,-0.0045615376088944,-0.0045615376088944,0.0,1.0,-0.0045615376088944,3
2018-11-27,5,0.0039117305792199,0.0039117305792199,0.0,1.0,0.0039117305792199,3
2018-11-28,5,-0.0049635821600652,-0.0042635821600652,0.7,1.0,-0.0049635821600652,3
2018-11-29,5,0.0048663795191889,0.0048663795191889,0.0,1.0,0.0048663795191889,3
2018-11-30,5,0.0011271569572756,0.0011271569572756,0.0,1.0,0.0011271569572756,3
2018-12-03,5,-0.0096681894036319,-0.0096681894036319,0.0,1.0,-0.0096681894036319,3
2018-12-04,5,0.0091389878916569,0.0091389878916569,0.0,1.0,0.0091389878916569,3
2018-12-06,5,0.0025382003648265,0.0025382003648265,0.0,1.0,0.0025382003648265,3
2018-12-07,5,0.0059419289437987,0.0059419289437987,0.0,1.0,0.0059419289437987,3
2018-12-10,5,-0.0002397964343477,6.020356565222427e-05,0.3,1.0,-0.0002397964343477,3
2018-12-11,5,-0.0035221421181653,-0.0035221421181653,0.0,1.0,-0.0035221421181653,3
2018-12-12,5,8.496487073686963e-05,8.496487073686963e-05,0.0,1.0,8.496487073686963e-05,3
2018-12-13,5,-0.0016393018867278,-0.0016393018867278,0.0,1.0,-0.0016393018867278,3
2018-12-14,5,0.0023999038085691,0.0023999038085691,0.0,1.0,0.0023999038085691,3
2018-12-17,5,0.0111719875561834,0.0111719875561834,0.0,1.0,0.0111719875561834,3
2018-12-18,5,-0.0020665847586765,-0.0020665847586765,0.0,1.0,-0.0020665847586765,3
2018-12-19,5,-0.0026682587519414,-0.0026682587519414,0.0,1.0,-0.0026682587519414,3
2018-12-20,5,0.0066576995743829,0.0066576995743829,0.0,1.0,0.0066576995743829,3
2018-12-21,5,0.0045507679328834,0.0045507679328834,0.0,1.0,0.0045507679328834,3
2018-12-24,5,0.0110116322227803,0.0110116322227803,0.0,1.0,0.0110116322227803,3
2018-12-26,5,-0.0124144570033474,-0.0124144570033474,0.0,1.0,-0.0124144570033474,3
2018-12-27,5,-0.0007,0.0,0.7,1.0,-0.0007,3
2018-12-28,5,0.0,0.0,0.0,1.0,0.0,3
2018-12-31,5,0.0,0.0,0.0,1.0,0.0,3
2019-01-02,5,0.0,0.0,0.0,1.0,0.0,3
2019-01-03,5,0.0,0.0,0.0,1.0,0.0,3
2019-01-04,6,0.0,0.0,0.0,1.0,0.0,3
2019-01-07,6,0.0,0.0,0.0,1.0,0.0,3
2019-01-08,6,0.0,0.0,0.0,1.0,0.0,3
2019-01-09,6,0.0,0.0,0.0,1.0,0.0,3
2019-01-10,6,0.0,0.0,0.0,1.0,0.0,3
2019-01-11,6,0.0,0.0,0.0,1.0,0.0,3
2019-01-14,6,0.0,0.0,0.0,1.0,0.0,3
2019-01-15,6,0.0,0.0,0.0,1.0,0.0,3
2019-01-16,6,0.0,0.0,0.0,1.0,0.0,3
2019-01-17,6,0.0001704622418791,0.0005204622418791,0.35,1.0,0.0001704622418791,3
2019-01-18,6,-0.0005851252664796,-0.0005851252664796,0.0,1.0,-0.0005851252664796,3
2019-01-22,6,0.0008457834840392,0.0008457834840392,0.0,1.0,0.0008457834840392,3
2019-01-23,6,-0.0004990953537017,-0.0004990953537017,0.0,1.0,-0.0004990953537017,3
2019-01-24,6,-0.0012572988988009,-0.0012572988988009,0.0,1.0,-0.0012572988988009,3
2019-01-25,6,0.0009177402959891,0.0009177402959891,0.0,1.0,0.0009177402959891,3
2019-01-28,6,0.0012388434680782,0.0012388434680782,0.0,1.0,0.0012388434680782,3
2019-01-29,6,-0.0029681325945045,-0.0029681325945045,0.0,1.0,-0.0029681325945045,3
2019-01-30,6,0.0029255472057961,0.0029255472057961,0.0,1.0,0.0029255472057961,3
2019-01-31,6,-0.0013837544355991,-0.0013837544355991,0.0,1.0,-0.0013837544355991,3
2019-02-01,6,-0.0009033211517439,-0.0009033211517439,0.0,1.0,-0.0009033211517439,3
2019-02-04,6,0.0004407762643026,0.0004407762643026,0.0,1.0,0.0004407762643026,3
2019-02-05,6,0.0036541407955644,0.0036541407955644,0.0,1.0,0.0036541407955644,3
2019-02-06,6,0.0029572342314554,0.0029572342314554,0.0,1.0,0.0029572342314554,3
2019-02-07,6,0.0027632223187271,0.0027632223187271,0.0,1.0,0.0027632223187271,3
2019-02-08,6,0.0013896028251579,0.0013896028251579,0.0,1.0,0.0013896028251579,3
2019-02-11,6,6.526467105584729e-05,6.526467105584729e-05,0.0,1.0,6.526467105584729e-05,3
2019-02-12,6,-0.0003638473424648,-0.0003638473424648,0.0,1.0,-0.0003638473424648,3
2019-02-13,6,-0.0012648073636348,-0.0012648073636348,0.0,1.0,-0.0012648073636348,3
2019-02-14,6,-0.00035,0.0,0.35,1.0,-0.00035,3
2019-02-15,6,0.0,0.0,0.0,1.0,0.0,3
2019-02-19,6,0.0,0.0,0.0,1.0,0.0,3
2019-02-20,6,0.0,0.0,0.0,1.0,0.0,3
2019-02-21,6,0.0,0.0,0.0,1.0,0.0,3
2019-02-22,6,0.0,0.0,0.0,1.0,0.0,3
2019-02-25,6,0.0016865756620784,0.0020338864905616,0.3473108284832283,1.0,0.0016865756620784,3
2019-02-26,6,0.0012314123955655,0.0012314123955655,0.0,1.0,0.0012314123955655,3
2019-02-27,6,-0.0004372228105329,-0.0004372228105329,0.0,1.0,-0.0004372228105329,3
2019-02-28,6,0.0008235870073737,0.0011262761788905,0.3026891715167718,1.0,0.0008235870073737,3
2019-03-01,6,0.0033017756722773,0.0033017756722773,0.0,1.0,0.0033017756722773,3
2019-03-04,6,-0.0135361686525038,-0.0135361686525038,0.0,1.0,-0.0135361686525038,3
2019-03-05,6,-0.0004588944625999,-0.0004588944625999,0.0,1.0,-0.0004588944625999,3
2019-03-06,6,-0.0028693438603915,-0.0028693438603915,0.0,1.0,-0.0028693438603915,3
2019-03-07,6,-0.003074979344192,-0.003074979344192,0.0,1.0,-0.003074979344192,3
2019-03-08,6,-0.0012680039886087,-0.0012680039886087,0.0,1.0,-0.0012680039886087,3
2019-03-11,6,0.0033466343889961,0.0033466343889961,0.0,1.0,0.0033466343889961,3
2019-03-12,6,0.0010114954660918,0.0010114954660918,0.0,1.0,0.0010114954660918,3
2019-03-13,6,0.0049067033760929,0.0049067033760929,0.0,1.0,0.0049067033760929,3
2019-03-14,6,-0.0027052146544339,-0.0027052146544339,0.0,1.0,-0.0027052146544339,3
2019-03-15,6,0.0007532697702754,0.0007532697702754,0.0,1.0,0.0007532697702754,3
2019-03-18,6,0.0021732033919684,0.0021732033919684,0.0,1.0,0.0021732033919684,3
2019-03-19,6,0.0062514241387075,0.0062514241387075,0.0,1.0,0.0062514241387075,3
2019-03-20,6,-0.00792208987779,-0.00792208987779,0.0,1.0,-0.00792208987779,3
2019-03-21,6,0.0022342105863848,0.0022342105863848,0.0,1.0,0.0022342105863848,3
2019-03-22,6,-0.0015778795371461,-0.0012305687086629,0.3473108284832283,1.0,-0.0015778795371461,3
2019-03-25,6,-0.001934722418665,-0.001934722418665,0.0,1.0,-0.001934722418665,3
2019-03-26,6,-0.0033150071237408,-0.0033150071237408,0.0,1.0,-0.0033150071237408,3
2019-03-27,6,-0.0003026891715167,0.0,0.3026891715167718,1.0,-0.0003026891715167,3
2019-03-28,6,-0.0025681419625014,-0.0022208311340182,0.3473108284832283,1.0,-0.0025681419625014,3
2019-03-29,6,0.0027234778350393,0.0027234778350393,0.0,1.0,0.0027234778350393,3
2019-04-01,6,0.0009358672031238,0.0009358672031238,0.0,1.0,0.0009358672031238,3
2019-04-02,6,-0.0022486790982694,-0.0022486790982694,0.0,1.0,-0.0022486790982694,3
2019-04-03,6,0.0021024248758067,0.0021024248758067,0.0,1.0,0.0021024248758067,3
2019-04-04,6,-0.0012759132879193,-0.0012759132879193,0.0,1.0,-0.0012759132879193,3
2019-04-05,7,0.0,0.0,0.0,1.0,0.0,2
2019-04-08,7,0.0,0.0,0.0,1.0,0.0,2
2019-04-09,7,0.0,0.0,0.0,1.0,0.0,2
2019-04-10,7,0.0,0.0,0.0,1.0,0.0,2
2019-04-11,7,0.0,0.0,0.0,1.0,0.0,2
2019-04-12,7,-0.0132401936326202,-0.0127401936326202,0.5,1.0,-0.0132401936326202,2
2019-04-15,7,0.0103149343631431,0.0103149343631431,0.0,1.0,0.0103149343631431,2
2019-04-16,7,-0.0057677249393772,-0.0057677249393772,0.0,1.0,-0.0057677249393772,2
2019-04-17,7,0.0022126489352228,0.0022126489352228,0.0,1.0,0.0022126489352228,2
2019-04-18,7,0.0005437414490398,0.0010437414490398,0.5,1.0,0.0005437414490398,2
2019-04-22,7,0.0112886312726102,0.0112886312726102,0.0,1.0,0.0112886312726102,2
2019-04-23,7,-0.0026126313551414,-0.0026126313551414,0.0,1.0,-0.0026126313551414,2
2019-04-24,7,-0.0009154546352355,-0.0009154546352355,0.0,1.0,-0.0009154546352355,2
2019-04-25,7,-0.005567947770859,-0.005567947770859,0.0,1.0,-0.005567947770859,2
2019-04-26,7,0.0040968023393182,0.0040968023393182,0.0,1.0,0.0040968023393182,2
2019-04-29,7,0.001304387942565,0.001304387942565,0.0,1.0,0.001304387942565,2
2019-04-30,7,-0.0065395695035069,-0.0065395695035069,0.0,1.0,-0.0065395695035069,2
2019-05-01,7,0.0063124926102334,0.0063124926102334,0.0,1.0,0.0063124926102334,2
2019-05-02,7,-0.0011446256212767,-0.0011446256212767,0.0,1.0,-0.0011446256212767,2
2019-05-03,7,-0.0083670510233532,-0.0083670510233532,0.0,1.0,-0.0083670510233532,2
2019-05-06,7,0.0042834764698612,0.0042834764698612,0.0,1.0,0.0042834764698612,2
2019-05-07,7,-0.0032743319275305,-0.0032743319275305,0.0,1.0,-0.0032743319275305,2
2019-05-08,7,-0.0003962311308111,-0.0003962311308111,0.0,1.0,-0.0003962311308111,2
2019-05-09,7,0.0024398311598071,0.0024398311598071,0.0,1.0,0.0024398311598071,2
2019-05-10,7,-0.0001269939219704,0.0003730060780295,0.5,1.0,-0.0001269939219704,2
2019-05-13,7,0.0011764317238448,0.0011764317238448,0.0,1.0,0.0011764317238448,2
2019-05-14,7,0.0026211818400435,0.0026211818400435,0.0,1.0,0.0026211818400435,2
2019-05-15,7,-0.0079808482797811,-0.0079808482797811,0.0,1.0,-0.0079808482797811,2
2019-05-16,7,-0.0005,0.0,0.5,1.0,-0.0005,2
2019-05-17,7,0.0,0.0,0.0,1.0,0.0,2
2019-05-20,7,0.0,0.0,0.0,1.0,0.0,2
2019-05-21,7,-0.0018841924998789,-0.0013841924998789,0.5,1.0,-0.0018841924998789,2
2019-05-22,7,-7.963499389198379e-05,-7.963499389198379e-05,0.0,1.0,-7.963499389198379e-05,2
2019-05-23,7,0.0004815012930403,0.0004815012930403,0.0,1.0,0.0004815012930403,2
2019-05-24,7,0.0022471512893899,0.0022471512893899,0.0,1.0,0.0022471512893899,2
2019-05-28,7,0.0059014567574134,0.0059014567574134,0.0,1.0,0.0059014567574134,2
2019-05-29,7,-0.0001277924870384,-0.0001277924870384,0.0,1.0,-0.0001277924870384,2
2019-05-30,7,0.000412921337495,0.000412921337495,0.0,1.0,0.000412921337495,2
2019-05-31,7,0.0043978989194916,0.0043978989194916,0.0,1.0,0.0043978989194916,2
2019-06-03,7,-0.0073606596585134,-0.0073606596585134,0.0,1.0,-0.0073606596585134,2
2019-06-04,7,-0.0003099522323465,-0.0003099522323465,0.0,1.0,-0.0003099522323465,2
2019-06-05,7,-0.0031441172874915,-0.0031441172874915,0.0,1.0,-0.0031441172874915,2
2019-06-06,7,0.0014385200942171,0.0014385200942171,0.0,1.0,0.0014385200942171,2
2019-06-07,7,-0.0063696370268256,-0.0063696370268256,0.0,1.0,-0.0063696370268256,2
2019-06-10,7,-0.013253407055934,-0.012753407055934,0.5,1.0,-0.013253407055934,2
2019-06-11,7,0.0005596594830452,0.0010596594830452,0.5,1.0,0.0005596594830452,2
2019-06-12,7,0.0030499553175944,0.0035499553175944,0.5,1.0,0.0030499553175944,2
2019-06-13,7,-0.0024054405157539,-0.0024054405157539,0.0,1.0,-0.0024054405157539,2
2019-06-14,7,-0.0046539641028372,-0.0046539641028372,0.0,1.0,-0.0046539641028372,2
2019-06-17,7,0.0025804485085831,0.0025804485085831,0.0,1.0,0.0025804485085831,2
2019-06-18,7,-0.0054963319708518,-0.0049963319708518,0.5,1.0,-0.0054963319708518,2
2019-06-19,7,0.0032927709813422,0.0032927709813422,0.0,1.0,0.0032927709813422,2
2019-06-20,7,0.0009269157817405,0.0009269157817405,0.0,1.0,0.0009269157817405,2
2019-06-21,7,-0.0004828068853265,-0.0004828068853265,0.0,1.0,-0.0004828068853265,2
2019-06-24,7,-0.0070426119997024,-0.0070426119997024,0.0,1.0,-0.0070426119997024,2
2019-06-25,7,0.0057095801044068,0.0057095801044068,0.0,1.0,0.0057095801044068,2
2019-06-26,7,-0.0015411488201256,-0.0015411488201256,0.0,1.0,-0.0015411488201256,2
2019-06-27,7,0.0016108746652985,0.0016108746652985,0.0,1.0,0.0016108746652985,2
2019-06-28,7,0.0017571807086072,0.0017571807086072,0.0,1.0,0.0017571807086072,2
2019-07-01,7,-0.0010315400366632,-0.0010315400366632,0.0,1.0,-0.0010315400366632,2
2019-07-02,7,-0.0019748467833449,-0.0019748467833449,0.0,1.0,-0.0019748467833449,2
2019-07-03,7,-0.000166344372073,-0.000166344372073,0.0,1.0,-0.000166344372073,2
2019-07-05,7,-0.0003431702205247,-0.0003431702205247,0.0,1.0,-0.0003431702205247,2
2019-07-08,8,0.0,0.0,0.0,1.0,0.0,4
2019-07-09,8,0.0,0.0,0.0,1.0,0.0,4
2019-07-10,8,0.0,0.0,0.0,1.0,0.0,4
2019-07-11,8,0.0,0.0,0.0,1.0,0.0,4
2019-07-12,8,0.0,0.0,0.0,1.0,0.0,4
2019-07-15,8,0.0021999299432237,0.002436047982933,0.2361180397093434,1.0,0.0021999299432237,4
2019-07-16,8,5.489682689970001e-05,5.489682689970001e-05,0.0,1.0,5.489682689970001e-05,4
2019-07-17,8,0.0004575120290965,0.0004575120290965,0.0,1.0,0.0004575120290965,4
2019-07-18,8,-0.000825607091738,-0.000825607091738,0.0,1.0,-0.000825607091738,4
2019-07-19,8,9.569499121822077e-05,9.569499121822077e-05,0.0,1.0,9.569499121822077e-05,4
2019-07-22,8,-0.0010260290246393,-0.0010260290246393,0.0,1.0,-0.0010260290246393,4
2019-07-23,8,0.0008726718132354,0.0008726718132354,0.0,1.0,0.0008726718132354,4
2019-07-24,8,0.0048819332439832,0.0048819332439832,0.0,1.0,0.0048819332439832,4
2019-07-25,8,-0.0010977928495018,-0.0008143952603338,0.2833975891680209,1.0,-0.0010977928495018,4
2019-07-26,8,0.0001474498625546,0.0001474498625546,0.0,1.0,0.0001474498625546,4
2019-07-29,8,-0.002221221046876,-0.002221221046876,0.0,1.0,-0.002221221046876,4
2019-07-30,8,-0.0018288460404165,-0.0018288460404165,0.0,1.0,-0.0018288460404165,4
2019-07-31,8,-0.0051507971261167,-0.0051507971261167,0.0,1.0,-0.0051507971261167,4
2019-08-01,8,-0.0039181239031569,-0.0039181239031569,0.0,1.0,-0.0039181239031569,4
2019-08-02,8,0.0016805312969092,0.0016805312969092,0.0,1.0,0.0016805312969092,4
2019-08-05,8,0.0011460841933397,0.0011460841933397,0.0,1.0,0.0011460841933397,4
2019-08-06,8,-0.0026811787255931,-0.0026811787255931,0.0,1.0,-0.0026811787255931,4
2019-08-07,8,-0.0022234644731162,-0.0022234644731162,0.0,1.0,-0.0022234644731162,4
2019-08-08,8,-0.001078432866305,-0.001078432866305,0.0,1.0,-0.001078432866305,4
2019-08-09,8,0.001168353305938,0.0014044713456473,0.2361180397093434,1.0,0.001168353305938,4
2019-08-12,8,0.0008062051308168,0.0008062051308168,0.0,1.0,0.0008062051308168,4
2019-08-13,8,-0.00088441873227,-0.00088441873227,0.0,1.0,-0.00088441873227,4
2019-08-14,8,0.0006541792583121,0.0006541792583121,0.0,1.0,0.0006541792583121,4
2019-08-15,8,0.000613723066341,0.000613723066341,0.0,1.0,0.000613723066341,4
2019-08-16,8,-0.0020941133865448,-0.0020941133865448,0.0,1.0,-0.0020941133865448,4
2019-08-19,8,-0.0015213419939447,-0.0015213419939447,0.0,1.0,-0.0015213419939447,4
2019-08-20,8,0.0008551135159659,0.0008551135159659,0.0,1.0,0.0008551135159659,4
2019-08-21,8,-0.0012353559153224,-0.0006019583261543,0.6333975891680209,1.0,-0.0012353559153224,4
2019-08-22,8,0.0006713061737836,0.0006713061737836,0.0,1.0,0.0006713061737836,4
2019-08-23,8,-8.772886809419645e-06,-8.772886809419645e-06,0.0,1.0,-8.772886809419645e-06,4
2019-08-26,8,-0.0009983246753873,-0.0007149270862192,0.2833975891680209,1.0,-0.0009983246753873,4
2019-08-27,8,-0.0016771182980346,-0.0016771182980346,0.0,1.0,-0.0016771182980346,4
2019-08-28,8,0.0031076308809339,0.0033437489206432,0.2361180397093434,1.0,0.0031076308809339,4
2019-08-29,8,0.0005529918816523,0.0005529918816523,0.0,1.0,0.0005529918816523,4
2019-08-30,8,0.0005620236842664,0.0005620236842664,0.0,1.0,0.0005620236842664,4
2019-09-03,8,-0.0029527469206433,-0.0029527469206433,0.0,1.0,-0.0029527469206433,4
2019-09-04,8,-0.0031267441434672,-0.0031267441434672,0.0,1.0,-0.0031267441434672,4
2019-09-05,8,-0.0004181799225673,-0.0004181799225673,0.0,1.0,-0.0004181799225673,4
2019-09-06,8,-0.0013639345500647,-0.0013639345500647,0.0,1.0,-0.0013639345500647,4
2019-09-09,8,0.007475733393255,0.007475733393255,0.0,1.0,0.007475733393255,4
2019-09-10,8,0.0028224312630984,0.0028224312630984,0.0,1.0,0.0028224312630984,4
2019-09-11,8,0.0039832255057587,0.0039832255057587,0.0,1.0,0.0039832255057587,4
2019-09-12,8,-0.0026428464205113,-0.0026428464205113,0.0,1.0,-0.0026428464205113,4
2019-09-13,8,0.0047126027599279,0.0047126027599279,0.0,1.0,0.0047126027599279,4
2019-09-16,8,-0.0014109232612196,-0.0014109232612196,0.0,1.0,-0.0014109232612196,4
2019-09-17,8,0.0001263048341422,0.0001263048341422,0.0,1.0,0.0001263048341422,4
2019-09-18,8,-4.265857299770928e-07,0.00034957341427,0.35,1.0,-4.265857299770928e-07,4
2019-09-19,8,0.00461191791507,0.00461191791507,0.0,1.0,0.00461191791507,4
2019-09-20,8,-0.0021587918257423,-0.0021587918257423,0.0,1.0,-0.0021587918257423,4
2019-09-23,8,-0.0002723163020243,1.1081287143671124e-05,0.2833975891680209,1.0,-0.0002723163020243,4
2019-09-24,8,-0.0002055725210306,-0.0002055725210306,0.0,1.0,-0.0002055725210306,4
2019-09-25,8,-0.0002361180397093,0.0,0.2361180397093434,1.0,-0.0002361180397093,4
2019-09-26,8,0.0,0.0,0.0,1.0,0.0,4
2019-09-27,8,0.0,0.0,0.0,1.0,0.0,4
2019-09-30,8,0.0,0.0,0.0,1.0,0.0,4
2019-10-01,8,0.0002010564249545,0.0003315407960772,0.1304843711226357,1.0,0.0002010564249545,4
2019-10-02,8,2.4259611259608683e-06,2.4259611259608683e-06,0.0,1.0,2.4259611259608683e-06,4
2019-10-03,8,0.0018213986961578,0.0021047962853258,0.2833975891680209,1.0,0.0018213986961578,4
2019-10-04,9,0.0,0.0,0.0,1.0,0.0,2
2019-10-07,9,0.0,0.0,0.0,1.0,0.0,2
2019-10-08,9,0.0,0.0,0.0,1.0,0.0,2
2019-10-09,9,0.0,0.0,0.0,1.0,0.0,2
2019-10-10,9,0.0,0.0,0.0,1.0,0.0,2
2019-10-11,9,0.0,0.0,0.0,1.0,0.0,2
2019-10-14,9,0.0,0.0,0.0,1.0,0.0,2
2019-10-15,9,0.0,0.0,0.0,1.0,0.0,2
2019-10-16,9,0.0,0.0,0.0,1.0,0.0,2
2019-10-17,9,0.0,0.0,0.0,1.0,0.0,2
2019-10-18,9,0.0,0.0,0.0,1.0,0.0,2
2019-10-21,9,0.0,0.0,0.0,1.0,0.0,2
2019-10-22,9,0.0,0.0,0.0,1.0,0.0,2
2019-10-23,9,0.002987750831022,0.003487750831022,0.5,1.0,0.002987750831022,2
2019-10-24,9,0.008638841609156,0.008638841609156,0.0,1.0,0.008638841609156,2
2019-10-25,9,-0.0080284264955058,-0.0075284264955058,0.5,1.0,-0.0080284264955058,2
2019-10-28,9,-0.0018631087680641,-0.0018631087680641,0.0,1.0,-0.0018631087680641,2
2019-10-29,9,-0.0001522268543826,-0.0001522268543826,0.0,1.0,-0.0001522268543826,2
2019-10-30,9,-0.002525871501288,-0.002525871501288,0.0,1.0,-0.002525871501288,2
2019-10-31,9,0.0019262384504523,0.0019262384504523,0.0,1.0,0.0019262384504523,2
2019-11-01,9,-0.0079136370870774,-0.0079136370870774,0.0,1.0,-0.0079136370870774,2
2019-11-04,9,-0.0019602907388005,-0.0019602907388005,0.0,1.0,-0.0019602907388005,2
2019-11-05,9,-0.0075997966319103,-0.0075997966319103,0.0,1.0,-0.0075997966319103,2
2019-11-06,9,-0.0019597780223256,-0.0019597780223256,0.0,1.0,-0.0019597780223256,2
2019-11-07,9,0.0042988985991806,0.0042988985991806,0.0,1.0,0.0042988985991806,2
2019-11-08,9,-0.0031318159046286,-0.0031318159046286,0.0,1.0,-0.0031318159046286,2
2019-11-11,9,0.0030405778287782,0.0030405778287782,0.0,1.0,0.0030405778287782,2
2019-11-12,9,-2.6486799165827824e-05,-2.6486799165827824e-05,0.0,1.0,-2.6486799165827824e-05,2
2019-11-13,9,0.0040383882461352,0.0040383882461352,0.0,1.0,0.0040383882461352,2
2019-11-14,9,0.0021383148064238,0.0021383148064238,0.0,1.0,0.0021383148064238,2
2019-11-15,9,0.0022484530026062,0.0022484530026062,0.0,1.0,0.0022484530026062,2
2019-11-18,9,0.0047902476653377,0.0047902476653377,0.0,1.0,0.0047902476653377,2
2019-11-19,9,0.0006345892959284,0.0011345892959284,0.5,1.0,0.0006345892959284,2
2019-11-20,9,0.0005790471209055,0.0005790471209055,0.0,1.0,0.0005790471209055,2
2019-11-21,9,-0.0005,0.0,0.5,1.0,-0.0005,2
2019-11-22,9,0.0,0.0,0.0,1.0,0.0,2
2019-11-25,9,0.0,0.0,0.0,1.0,0.0,2
2019-11-26,9,0.0,0.0,0.0,1.0,0.0,2
2019-11-27,9,0.0,0.0,0.0,1.0,0.0,2
2019-11-29,9,0.0,0.0,0.0,1.0,0.0,2
2019-12-02,9,0.0,0.0,0.0,1.0,0.0,2
2019-12-03,9,0.0,0.0,0.0,1.0,0.0,2
2019-12-04,9,0.0,0.0,0.0,1.0,0.0,2
2019-12-05,9,0.0031147959182744,0.0036147959182744,0.5,1.0,0.0031147959182744,2
2019-12-06,9,-0.0024485871196099,-0.0024485871196099,0.0,1.0,-0.0024485871196099,2
2019-12-09,9,-0.0005899630141843,-0.0005899630141843,0.0,1.0,-0.0005899630141843,2
2019-12-10,9,0.0010335271074722,0.0010335271074722,0.0,1.0,0.0010335271074722,2
2019-12-11,9,0.0003471242922047,0.0003471242922047,0.0,1.0,0.0003471242922047,2
2019-12-12,9,0.0032082312253286,0.0032082312253286,0.0,1.0,0.0032082312253286,2
2019-12-13,9,-0.0014890633631275,-0.0014890633631275,0.0,1.0,-0.0014890633631275,2
2019-12-16,9,-0.0018182547318275,-0.0018182547318275,0.0,1.0,-0.0018182547318275,2
2019-12-17,9,0.0020086636834202,0.0020086636834202,0.0,1.0,0.0020086636834202,2
2019-12-18,9,-0.0026196966699347,-0.0026196966699347,0.0,1.0,-0.0026196966699347,2
2019-12-19,9,0.0025079653705566,0.0025079653705566,0.0,1.0,0.0025079653705566,2
2019-12-20,9,-0.0004375772591804,-0.0004375772591804,0.0,1.0,-0.0004375772591804,2
2019-12-23,9,-0.0007078416191794,-0.0007078416191794,0.0,1.0,-0.0007078416191794,2
2019-12-24,9,0.0007666319388892,0.0007666319388892,0.0,1.0,0.0007666319388892,2
2019-12-26,9,5.785528812754915e-05,5.785528812754915e-05,0.0,1.0,5.785528812754915e-05,2
2019-12-27,9,0.0006454606408223,0.0006454606408223,0.0,1.0,0.0006454606408223,2
2019-12-30,9,-0.0008518570145268,-0.0008518570145268,0.0,1.0,-0.0008518570145268,2
2019-12-31,9,0.0011051491873417,0.0011051491873417,0.0,1.0,0.0011051491873417,2
2020-01-02,9,0.0039594847082818,0.0039594847082818,0.0,1.0,0.0039594847082818,2
2020-01-03,9,-0.0005,0.0,0.5,1.0,-0.0005,2
2020-01-06,10,0.0,0.0,0.0,1.0,0.0,3
2020-01-07,10,0.0,0.0,0.0,1.0,0.0,3
2020-01-08,10,0.0011052435759111,0.0014552435759111,0.35,1.0,0.0011052435759111,3
2020-01-09,10,-0.0017586606606173,-0.0017586606606173,0.0,1.0,-0.0017586606606173,3
2020-01-10,10,-0.0005579616525346,-0.0005579616525346,0.0,1.0,-0.0005579616525346,3
2020-01-13,10,-0.0004240018714455,-0.0004240018714455,0.0,1.0,-0.0004240018714455,3
2020-01-14,10,0.0010762678776272,0.0010762678776272,0.0,1.0,0.0010762678776272,3
2020-01-15,10,-0.0029074470856523,-0.0025574470856523,0.35,1.0,-0.0029074470856523,3
2020-01-16,10,0.0019505515302378,0.0019505515302378,0.0,1.0,0.0019505515302378,3
2020-01-17,10,0.0002317181752385,0.0002317181752385,0.0,1.0,0.0002317181752385,3
2020-01-21,10,-0.003413300149536,-0.003413300149536,0.0,1.0,-0.003413300149536,3
2020-01-22,10,-0.0006886779465388,-0.0006886779465388,0.0,1.0,-0.0006886779465388,3
2020-01-23,10,0.0046528581355603,0.0046528581355603,0.0,1.0,0.0046528581355603,3
2020-01-24,10,-0.0027937056047581,-0.0024937056047581,0.3,1.0,-0.0027937056047581,3
2020-01-27,10,-0.0045649921480115,-0.0045649921480115,0.0,1.0,-0.0045649921480115,3
2020-01-28,10,0.0014121766726578,0.0014121766726578,0.0,1.0,0.0014121766726578,3
2020-01-29,10,-0.0024332496674375,-0.0024332496674375,0.0,1.0,-0.0024332496674375,3
2020-01-30,10,0.0163777578775109,0.0163777578775109,0.0,1.0,0.0163777578775109,3
2020-01-31,10,0.0028222666080033,0.0031222666080033,0.3,1.0,0.0028222666080033,3
2020-02-03,10,0.0006680331765316,0.0009680331765316,0.3,1.0,0.0006680331765316,3
2020-02-04,10,0.0001070746755891,0.0001070746755891,0.0,1.0,0.0001070746755891,3
2020-02-05,10,0.005511791184849,0.005861791184849,0.35,1.0,0.005511791184849,3
2020-02-06,10,0.0010480192564074,0.0010480192564074,0.0,1.0,0.0010480192564074,3
2020-02-07,10,0.00014259255558,0.00014259255558,0.0,1.0,0.00014259255558,3
2020-02-10,10,-0.0029772251053334,-0.0029772251053334,0.0,1.0,-0.0029772251053334,3
2020-02-11,10,0.0016442676048716,0.0016442676048716,0.0,1.0,0.0016442676048716,3
2020-02-12,10,-0.0027064389440222,-0.0023564389440222,0.35,1.0,-0.0027064389440222,3
2020-02-13,10,-0.0007564575327984,-0.0007564575327984,0.0,1.0,-0.0007564575327984,3
2020-02-14,10,-0.0012747660217771,-0.0012747660217771,0.0,1.0,-0.0012747660217771,3
2020-02-18,10,-0.0017908525961232,-0.0017908525961232,0.0,1.0,-0.0017908525961232,3
2020-02-19,10,0.0021469384535188,0.0021469384535188,0.0,1.0,0.0021469384535188,3
2020-02-20,10,-0.0001327627144351,-0.0001327627144351,0.0,1.0,-0.0001327627144351,3
2020-02-21,10,0.0012505266109967,0.0012505266109967,0.0,1.0,0.0012505266109967,3
2020-02-24,10,0.0007849690122469,0.0007849690122469,0.0,1.0,0.0007849690122469,3
2020-02-25,10,-0.0029692468088333,-0.0029692468088333,0.0,1.0,-0.0029692468088333,3
2020-02-26,10,-0.0057389262767791,-0.0053889262767791,0.35,1.0,-0.0057389262767791,3
2020-02-27,10,0.0003716758846061,0.0007216758846061,0.35,1.0,0.0003716758846061,3
2020-02-28,10,0.0074707587891862,0.0078207587891862,0.35,1.0,0.0074707587891862,3
2020-03-02,10,-0.0002446484538183,5.535154618168641e-05,0.3,1.0,-0.0002446484538183,3
2020-03-03,10,-2.131815748953597e-05,-2.131815748953597e-05,0.0,1.0,-2.131815748953597e-05,3
2020-03-04,10,-0.0002849829441828,-0.0002849829441828,0.0,1.0,-0.0002849829441828,3
2020-03-05,10,-0.0020015975988629,-0.0016515975988629,0.35,1.0,-0.0020015975988629,3
2020-03-06,10,0.0036712624911644,0.0036712624911644,0.0,1.0,0.0036712624911644,3
2020-03-09,10,-0.0094363381249714,-0.0094363381249714,0.0,1.0,-0.0094363381249714,3
2020-03-10,10,0.0083920484432394,0.0083920484432394,0.0,1.0,0.0083920484432394,3
2020-03-11,10,0.0076546563346318,0.0076546563346318,0.0,1.0,0.0076546563346318,3
2020-03-12,10,-0.0033751231261162,-0.0033751231261162,0.0,1.0,-0.0033751231261162,3
2020-03-13,10,0.0053092151652902,0.0053092151652902,0.0,1.0,0.0053092151652902,3
2020-03-16,10,0.0023197546703892,0.0023197546703892,0.0,1.0,0.0023197546703892,3
2020-03-17,10,-0.007868876512018,-0.007568876512018,0.3,1.0,-0.007868876512018,3
2020-03-18,10,-0.0026195212199864,-0.0026195212199864,0.0,1.0,-0.0026195212199864,3
2020-03-19,10,-0.0127048129196736,-0.0123548129196736,0.35,1.0,-0.0127048129196736,3
2020-03-20,10,-0.0103839900878477,-0.0100339900878477,0.35,1.0,-0.0103839900878477,3
2020-03-23,10,0.0122314427519526,0.0122314427519526,0.0,1.0,0.0122314427519526,3
2020-03-24,10,0.008007237331502,0.008007237331502,0.0,1.0,0.008007237331502,3
2020-03-25,10,0.0027552806741752,0.0027552806741752,0.0,1.0,0.0027552806741752,3
2020-03-26,10,0.0153893248141844,0.0153893248141844,0.0,1.0,0.0153893248141844,3
2020-03-27,10,0.0032317345280864,0.0032317345280864,0.0,1.0,0.0032317345280864,3
2020-03-30,10,-0.0092399583399509,-0.0092399583399509,0.0,1.0,-0.0092399583399509,3
2020-03-31,10,0.0009840077379716,0.0009840077379716,0.0,1.0,0.0009840077379716,3
2020-04-01,10,0.0052603336104534,0.0056103336104534,0.35,1.0,0.0052603336104534,3
2020-04-02,10,-0.0047882695637164,-0.0047882695637164,0.0,1.0,-0.0047882695637164,3
2020-04-03,10,-0.0123903157068661,-0.0123903157068661,0.0,1.0,-0.0123903157068661,3
2020-04-06,11,0.0,0.0,0.0,1.0,0.0,4
2020-04-07,11,0.0,0.0,0.0,1.0,0.0,4
2020-04-08,11,0.0,0.0,0.0,1.0,0.0,4
2020-04-09,11,0.0,0.0,0.0,1.0,0.0,4
2020-04-13,11,0.0,0.0,0.0,1.0,0.0,4
2020-04-14,11,0.0,0.0,0.0,1.0,0.0,4
2020-04-15,11,0.0,0.0,0.0,1.0,0.0,4
2020-04-16,11,0.0,0.0,0.0,1.0,0.0,4
2020-04-17,11,0.0,0.0,0.0,1.0,0.0,4
2020-04-20,11,0.0,0.0,0.0,1.0,0.0,4
2020-04-21,11,0.0,0.0,0.0,1.0,0.0,4
2020-04-22,11,0.0,0.0,0.0,1.0,0.0,4
2020-04-23,11,0.0,0.0,0.0,1.0,0.0,4
2020-04-24,11,0.0,0.0,0.0,1.0,0.0,4
2020-04-27,11,0.0,0.0,0.0,1.0,0.0,4
2020-04-28,11,0.0,0.0,0.0,1.0,0.0,4
2020-04-29,11,0.0,0.0,0.0,1.0,0.0,4
2020-04-30,11,0.0,0.0,0.0,1.0,0.0,4
2020-05-01,11,0.0,0.0,0.0,1.0,0.0,4
2020-05-04,11,0.0,0.0,0.0,1.0,0.0,4
2020-05-05,11,0.0,0.0,0.0,1.0,0.0,4
2020-05-06,11,0.0,0.0,0.0,1.0,0.0,4
2020-05-07,11,0.0,0.0,0.0,1.0,0.0,4
2020-05-08,11,0.0,0.0,0.0,1.0,0.0,4
2020-05-11,11,0.0,0.0,0.0,1.0,0.0,4
2020-05-12,11,0.0,0.0,0.0,1.0,0.0,4
2020-05-13,11,0.0,0.0,0.0,1.0,0.0,4
2020-05-14,11,0.0,0.0,0.0,1.0,0.0,4
2020-05-15,11,0.0,0.0,0.0,1.0,0.0,4
2020-05-18,11,0.0,0.0,0.0,1.0,0.0,4
2020-05-19,11,-0.0003232395493402,2.676045065979426e-05,0.35,1.0,-0.0003232395493402,4
2020-05-20,11,-5.0747017052922375e-05,-5.0747017052922375e-05,0.0,1.0,-5.0747017052922375e-05,4
2020-05-21,11,0.0003954829683235,0.0003954829683235,0.0,1.0,0.0003954829683235,4
2020-05-22,11,0.0001092529454727,0.0001092529454727,0.0,1.0,0.0001092529454727,4
2020-05-26,11,0.0002248339917568,0.0002248339917568,0.0,1.0,0.0002248339917568,4
2020-05-27,11,-0.0001311054674431,-0.0001311054674431,0.0,1.0,-0.0001311054674431,4
2020-05-28,11,0.0001583545566687,0.0001583545566687,0.0,1.0,0.0001583545566687,4
2020-05-29,11,-0.0004134308669346,-0.0004134308669346,0.0,1.0,-0.0004134308669346,4
2020-06-01,11,1.1698463155422056e-05,1.1698463155422056e-05,0.0,1.0,1.1698463155422056e-05,4
2020-06-02,11,8.940758187065899e-05,8.940758187065899e-05,0.0,1.0,8.940758187065899e-05,4
2020-06-03,11,-0.0001741519239568,-0.0001741519239568,0.0,1.0,-0.0001741519239568,4
2020-06-04,11,0.0001043870103655,0.0001043870103655,0.0,1.0,0.0001043870103655,4
2020-06-05,11,-4.088526874317594e-05,-4.088526874317594e-05,0.0,1.0,-4.088526874317594e-05,4
2020-06-08,11,0.0004383109113805,0.0004383109113805,0.0,1.0,0.0004383109113805,4
2020-06-09,11,-0.0001261927300253,-0.0001261927300253,0.0,1.0,-0.0001261927300253,4
2020-06-10,11,-6.509440582637753e-05,-6.509440582637753e-05,0.0,1.0,-6.509440582637753e-05,4
2020-06-11,11,-0.0001562609908086,-0.0001562609908086,0.0,1.0,-0.0001562609908086,4
2020-06-12,11,-0.0032319070789782,-0.0028073766873139,0.4245303916642848,1.0,-0.0032319070789782,4
2020-06-15,11,-0.001349539439124,-0.0011240698307883,0.2254696083357151,1.0,-0.001349539439124,4
2020-06-16,11,0.0017454705974364,0.0020954705974364,0.35,1.0,0.0017454705974364,4
2020-06-17,11,-0.0015221477090022,-0.0015221477090022,0.0,1.0,-0.0015221477090022,4
2020-06-18,11,-0.0034822104490331,-0.0034822104490331,0.0,1.0,-0.0034822104490331,4
2020-06-19,11,4.290015365684746e-05,4.290015365684746e-05,0.0,1.0,4.290015365684746e-05,4
2020-06-22,11,8.58330606824686e-05,8.58330606824686e-05,0.0,1.0,8.58330606824686e-05,4
2020-06-23,11,0.001302133140557,0.001302133140557,0.0,1.0,0.001302133140557,4
2020-06-24,11,-0.0021792513593204,-0.0021792513593204,0.0,1.0,-0.0021792513593204,4
2020-06-25,11,0.0007432250447713,0.0007432250447713,0.0,1.0,0.0007432250447713,4
2020-06-26,11,0.0016739945067015,0.0016739945067015,0.0,1.0,0.0016739945067015,4
2020-06-29,11,-0.0009155258301691,-0.0009155258301691,0.0,1.0,-0.0009155258301691,4
2020-06-30,11,0.0018182480826532,0.0018182480826532,0.0,1.0,0.0018182480826532,4
2020-07-01,11,-2.3267625531559703e-05,-2.3267625531559703e-05,0.0,1.0,-2.3267625531559703e-05,4
2020-07-02,11,-0.0003790296938973,-0.0003790296938973,0.0,1.0,-0.0003790296938973,4
2020-07-06,11,0.0019936093611597,0.0019936093611597,0.0,1.0,0.0019936093611597,4
2020-07-07,12,0.0,0.0,0.0,1.0,0.0,4
2020-07-08,12,0.0,0.0,0.0,1.0,0.0,4
2020-07-09,12,0.0,0.0,0.0,1.0,0.0,4
2020-07-10,12,0.0,0.0,0.0,1.0,0.0,4
2020-07-13,12,0.0,0.0,0.0,1.0,0.0,4
2020-07-14,12,0.0,0.0,0.0,1.0,0.0,4
2020-07-15,12,0.0,0.0,0.0,1.0,0.0,4
2020-07-16,12,0.0025930052360941,0.0028443913190512,0.251386082957119,1.0,0.0025930052360941,4
2020-07-17,12,0.0016362697737154,0.0016362697737154,0.0,1.0,0.0016362697737154,4
2020-07-20,12,-0.0040472822729813,-0.0040472822729813,0.0,1.0,-0.0040472822729813,4
2020-07-21,12,0.0005665659412631,0.0008020414786964,0.2354755374332984,1.0,0.0005665659412631,4
2020-07-22,12,-0.0014559271728329,-0.0014559271728329,0.0,1.0,-0.0014559271728329,4
2020-07-23,12,0.001911110303346,0.001911110303346,0.0,1.0,0.001911110303346,4
2020-07-24,12,0.0009655659044446,0.0009655659044446,0.0,1.0,0.0009655659044446,4
2020-07-27,12,0.0050547907185286,0.0050547907185286,0.0,1.0,0.0050547907185286,4
2020-07-28,12,0.0008637712928768,0.0012137712928768,0.35,1.0,0.0008637712928768,4
2020-07-29,12,0.0008209401796058,0.0008209401796058,0.0,1.0,0.0008209401796058,4
2020-07-30,12,-0.0014727293887226,-0.0014727293887226,0.0,1.0,-0.0014727293887226,4
2020-07-31,12,0.0012220186027899,0.0012220186027899,0.0,1.0,0.0012220186027899,4
2020-08-03,12,-0.0015692019139717,-0.0015692019139717,0.0,1.0,-0.0015692019139717,4
2020-08-04,12,-0.0025055379541182,-0.0025055379541182,0.0,1.0,-0.0025055379541182,4
2020-08-05,12,-0.0019399317606076,-0.0019399317606076,0.0,1.0,-0.0019399317606076,4
2020-08-06,12,0.0023371251265069,0.0025002635061165,0.1631383796095825,1.0,0.0023371251265069,4
2020-08-07,12,0.0058579769981214,0.0058579769981214,0.0,1.0,0.0058579769981214,4
2020-08-10,12,0.0067211151172592,0.0067211151172592,0.0,1.0,0.0067211151172592,4
2020-08-11,12,-0.0047886565460048,-0.0047886565460048,0.0,1.0,-0.0047886565460048,4
2020-08-12,12,-0.0021301266949708,-0.0018787406120137,0.251386082957119,1.0,-0.0021301266949708,4
2020-08-13,12,-0.000863386864232,-0.000863386864232,0.0,1.0,-0.000863386864232,4
2020-08-14,12,-0.0007862147600141,-0.0007862147600141,0.0,1.0,-0.0007862147600141,4
2020-08-17,12,0.0016556334439963,0.0018911089814296,0.2354755374332984,1.0,0.0016556334439963,4
2020-08-18,12,0.0037624650836665,0.0037624650836665,0.0,1.0,0.0037624650836665,4
2020-08-19,12,0.0011065993424088,0.0011065993424088,0.0,1.0,0.0011065993424088,4
2020-08-20,12,-0.0009788273503674,-0.0009788273503674,0.0,1.0,-0.0009788273503674,4
2020-08-21,12,0.00259517591701,0.00259517591701,0.0,1.0,0.00259517591701,4
2020-08-24,12,-0.0021387628343407,-0.0017887628343407,0.35,1.0,-0.0021387628343407,4
2020-08-25,12,-0.000734872832821,-0.000734872832821,0.0,1.0,-0.000734872832821,4
2020-08-26,12,-0.0012647436908179,-0.0012647436908179,0.0,1.0,-0.0012647436908179,4
2020-08-27,12,0.0006545513276279,0.0006545513276279,0.0,1.0,0.0006545513276279,4
2020-08-28,12,0.0019505720496374,0.0019505720496374,0.0,1.0,0.0019505720496374,4
2020-08-31,12,0.0001643542395265,0.0001643542395265,0.0,1.0,0.0001643542395265,4
2020-09-01,12,0.0007826688254335,0.0007826688254335,0.0,1.0,0.0007826688254335,4
2020-09-02,12,-0.0001631383796095,0.0,0.1631383796095825,1.0,-0.0001631383796095,4
2020-09-03,12,0.0,0.0,0.0,1.0,0.0,4
2020-09-04,12,-0.0048838748883014,-0.0046483993508681,0.2354755374332984,1.0,-0.0048838748883014,4
2020-09-08,12,-0.0002295082279712,-0.0002295082279712,0.0,1.0,-0.0002295082279712,4
2020-09-09,12,0.0039524425758017,0.0039524425758017,0.0,1.0,0.0039524425758017,4
2020-09-10,12,-0.0020318966429272,-0.0018687582633177,0.1631383796095825,1.0,-0.0020318966429272,4
2020-09-11,12,-0.0029200105505874,-0.0025700105505874,0.35,1.0,-0.0029200105505874,4
2020-09-14,12,0.0008470259060472,0.0008470259060472,0.0,1.0,0.0008470259060472,4
2020-09-15,12,0.0027716333094139,0.003023019392371,0.251386082957119,1.0,0.0027716333094139,4
2020-09-16,12,-0.0029012160971401,-0.0029012160971401,0.0,1.0,-0.0029012160971401,4
2020-09-17,12,-0.0011237138130447,-0.0011237138130447,0.0,1.0,-0.0011237138130447,4
2020-09-18,12,-0.0029284813731314,-0.0029284813731314,0.0,1.0,-0.0029284813731314,4
2020-09-21,12,0.002202586275996,0.002202586275996,0.0,1.0,0.002202586275996,4
2020-09-22,12,0.0019873048130544,0.0019873048130544,0.0,1.0,0.0019873048130544,4
2020-09-23,12,-0.0023251557873103,-0.0023251557873103,0.0,1.0,-0.0023251557873103,4
2020-09-24,12,0.0036821657096304,0.0036821657096304,0.0,1.0,0.0036821657096304,4
2020-09-25,12,0.0004386847469271,0.0004386847469271,0.0,1.0,0.0004386847469271,4
2020-09-28,12,-0.0004714928722063,-0.0004714928722063,0.0,1.0,-0.0004714928722063,4
2020-09-29,12,0.0009099473738581,0.0009099473738581,0.0,1.0,0.0009099473738581,4
2020-09-30,12,-0.004466998969881,-0.004466998969881,0.0,1.0,-0.004466998969881,4
2020-10-01,12,-0.0059072768157479,-0.0059072768157479,0.0,1.0,-0.0059072768157479,4
2020-10-02,12,0.0006447652513015,0.0008802407887348,0.2354755374332984,1.0,0.0006447652513015,4
2020-10-05,13,0.0,0.0,0.0,1.0,0.0,1
2020-10-06,13,0.0,0.0,0.0,1.0,0.0,1
2020-10-07,13,0.0,0.0,0.0,1.0,0.0,1
2020-10-08,13,0.0,0.0,0.0,1.0,0.0,1
2020-10-09,13,0.0,0.0,0.0,1.0,0.0,1
2020-10-12,13,0.0,0.0,0.0,1.0,0.0,1
2020-10-13,13,0.0,0.0,0.0,1.0,0.0,1
2020-10-14,13,0.0,0.0,0.0,1.0,0.0,1
2020-10-15,13,0.0,0.0,0.0,1.0,0.0,1
2020-10-16,13,0.0,0.0,0.0,1.0,0.0,1
2020-10-19,13,0.0,0.0,0.0,1.0,0.0,1
2020-10-20,13,0.0,0.0,0.0,1.0,0.0,1
2020-10-21,13,0.0,0.0,0.0,1.0,0.0,1
2020-10-22,13,0.0,0.0,0.0,1.0,0.0,1
2020-10-23,13,0.0,0.0,0.0,1.0,0.0,1
2020-10-26,13,-0.0027147140223761,-0.0017147140223761,1.0,1.0,-0.0027147140223761,1
2020-10-27,13,0.0073339856056029,0.0073339856056029,0.0,1.0,0.0073339856056029,1
2020-10-28,13,-0.0091897739674652,-0.0091897739674652,0.0,1.0,-0.0091897739674652,1
2020-10-29,13,-0.0095576490054518,-0.0095576490054518,0.0,1.0,-0.0095576490054518,1
2020-10-30,13,0.0026402417331202,0.0026402417331202,0.0,1.0,0.0026402417331202,1
2020-11-02,13,-0.0072343138423125,-0.0072343138423125,0.0,1.0,-0.0072343138423125,1
2020-11-03,13,-0.0025443408884727,-0.0025443408884727,0.0,1.0,-0.0025443408884727,1
2020-11-04,13,0.0011426348932588,0.0011426348932588,0.0,1.0,0.0011426348932588,1
2020-11-05,13,0.0029893546946982,0.0029893546946982,0.0,1.0,0.0029893546946982,1
2020-11-06,13,-0.0063908318820535,-0.0063908318820535,0.0,1.0,-0.0063908318820535,1
2020-11-09,13,0.0040967622112114,0.0040967622112114,0.0,1.0,0.0040967622112114,1
2020-11-10,13,-0.0142690354466401,-0.0142690354466401,0.0,1.0,-0.0142690354466401,1
2020-11-11,13,-0.00159800785229,-0.00159800785229,0.0,1.0,-0.00159800785229,1
2020-11-12,13,0.0052356216620429,0.0052356216620429,0.0,1.0,0.0052356216620429,1
2020-11-13,13,0.0032612477632778,0.0032612477632778,0.0,1.0,0.0032612477632778,1
2020-11-16,13,-0.0052823570135796,-0.0052823570135796,0.0,1.0,-0.0052823570135796,1
2020-11-17,13,0.0065770353478893,0.0065770353478893,0.0,1.0,0.0065770353478893,1
2020-11-18,13,0.0068285005303361,0.0068285005303361,0.0,1.0,0.0068285005303361,1
2020-11-19,13,-0.0020392484230256,-0.0020392484230256,0.0,1.0,-0.0020392484230256,1
2020-11-20,13,-0.001,0.0,1.0,1.0,-0.001,1
2020-11-23,13,0.0,0.0,0.0,1.0,0.0,1
2020-11-24,13,0.0,0.0,0.0,1.0,0.0,1
2020-11-25,13,0.0,0.0,0.0,1.0,0.0,1
2020-11-27,13,0.0,0.0,0.0,1.0,0.0,1
2020-11-30,13,0.0,0.0,0.0,1.0,0.0,1
2020-12-01,13,0.0,0.0,0.0,1.0,0.0,1
2020-12-02,13,0.0,0.0,0.0,1.0,0.0,1
2020-12-03,13,0.0,0.0,0.0,1.0,0.0,1
2020-12-04,13,0.0,0.0,0.0,1.0,0.0,1
2020-12-07,13,0.0,0.0,0.0,1.0,0.0,1
2020-12-08,13,0.0,0.0,0.0,1.0,0.0,1
2020-12-09,13,0.0,0.0,0.0,1.0,0.0,1
2020-12-10,13,0.0,0.0,0.0,1.0,0.0,1
2020-12-11,13,0.0,0.0,0.0,1.0,0.0,1
2020-12-14,13,0.0,0.0,0.0,1.0,0.0,1
2020-12-15,13,0.0,0.0,0.0,1.0,0.0,1
2020-12-16,13,0.0,0.0,0.0,1.0,0.0,1
2020-12-17,13,0.0,0.0,0.0,1.0,0.0,1
2020-12-18,13,0.0,0.0,0.0,1.0,0.0,1
2020-12-21,13,0.0,0.0,0.0,1.0,0.0,1
2020-12-22,13,0.0,0.0,0.0,1.0,0.0,1
2020-12-23,13,0.0,0.0,0.0,1.0,0.0,1
2020-12-24,13,0.0,0.0,0.0,1.0,0.0,1
2020-12-28,13,0.0,0.0,0.0,1.0,0.0,1
2020-12-29,13,0.0,0.0,0.0,1.0,0.0,1
2020-12-30,13,0.0,0.0,0.0,1.0,0.0,1
2020-12-31,13,0.0,0.0,0.0,1.0,0.0,1
2021-01-04,13,0.0,0.0,0.0,1.0,0.0,1
2021-01-05,14,0.0,0.0,0.0,1.0,0.0,1
2021-01-06,14,0.0,0.0,0.0,1.0,0.0,1
2021-01-07,14,0.0,0.0,0.0,1.0,0.0,1
2021-01-08,14,0.0,0.0,0.0,1.0,0.0,1
2021-01-11,14,0.0,0.0,0.0,1.0,0.0,1
2021-01-12,14,0.0,0.0,0.0,1.0,0.0,1
2021-01-13,14,0.0,0.0,0.0,1.0,0.0,1
2021-01-14,14,0.0,0.0,0.0,1.0,0.0,1
2021-01-15,14,0.0,0.0,0.0,1.0,0.0,1
2021-01-19,14,0.0,0.0,0.0,1.0,0.0,1
2021-01-20,14,0.0007098277856722,0.0017098277856722,1.0,1.0,0.0007098277856722,1
2021-01-21,14,-0.0020914728310064,-0.0020914728310064,0.0,1.0,-0.0020914728310064,1
2021-01-22,14,0.0042183030814538,0.0042183030814538,0.0,1.0,0.0042183030814538,1
2021-01-25,14,0.0090900045196059,0.0090900045196059,0.0,1.0,0.0090900045196059,1
2021-01-26,14,0.0001436000352033,0.0001436000352033,0.0,1.0,0.0001436000352033,1
2021-01-27,14,0.0219379643320621,0.0219379643320621,0.0,1.0,0.0219379643320621,1
2021-01-28,14,-0.0118758648629003,-0.0118758648629003,0.0,1.0,-0.0118758648629003,1
2021-01-29,14,-0.0009662522292204,-0.0009662522292204,0.0,1.0,-0.0009662522292204,1
2021-02-01,14,0.0074860473201595,0.0074860473201595,0.0,1.0,0.0074860473201595,1
2021-02-02,14,0.0089250114141437,0.0089250114141437,0.0,1.0,0.0089250114141437,1
2021-02-03,14,0.007134346363987,0.007134346363987,0.0,1.0,0.007134346363987,1
2021-02-04,14,0.0044071875450761,0.0044071875450761,0.0,1.0,0.0044071875450761,1
2021-02-05,14,-0.0050459395161286,-0.0050459395161286,0.0,1.0,-0.0050459395161286,1
2021-02-08,14,-0.0107798197619718,-0.0107798197619718,0.0,1.0,-0.0107798197619718,1
2021-02-09,14,0.0012969504523391,0.0012969504523391,0.0,1.0,0.0012969504523391,1
2021-02-10,14,0.0011180933461416,0.0011180933461416,0.0,1.0,0.0011180933461416,1
2021-02-11,14,-0.006487424942863,-0.006487424942863,0.0,1.0,-0.006487424942863,1
2021-02-12,14,-0.0056643209676637,-0.0056643209676637,0.0,1.0,-0.0056643209676637,1
2021-02-16,14,-0.0066498705488308,-0.0066498705488308,0.0,1.0,-0.0066498705488308,1
2021-02-17,14,-0.001,0.0,1.0,1.0,-0.001,1
2021-02-18,14,0.0112540700324649,0.0122540700324649,1.0,1.0,0.0112540700324649,1
2021-02-19,14,-0.007229083109594,-0.007229083109594,0.0,1.0,-0.007229083109594,1
2021-02-22,14,0.009342702279929,0.009342702279929,0.0,1.0,0.009342702279929,1
2021-02-23,14,-0.0103580554527996,-0.0103580554527996,0.0,1.0,-0.0103580554527996,1
2021-02-24,14,0.0050126928032739,0.0050126928032739,0.0,1.0,0.0050126928032739,1
2021-02-25,14,0.0135734250588784,0.0135734250588784,0.0,1.0,0.0135734250588784,1
2021-02-26,14,-0.0074967454605643,-0.0074967454605643,0.0,1.0,-0.0074967454605643,1
2021-03-01,14,-0.0073114235562369,-0.0073114235562369,0.0,1.0,-0.0073114235562369,1
2021-03-02,14,0.0080769716746959,0.0080769716746959,0.0,1.0,0.0080769716746959,1
2021-03-03,14,-0.0027197851423627,-0.0027197851423627,0.0,1.0,-0.0027197851423627,1
2021-03-04,14,0.0072281979867707,0.0072281979867707,0.0,1.0,0.0072281979867707,1
2021-03-05,14,0.0169878237324363,0.0169878237324363,0.0,1.0,0.0169878237324363,1
2021-03-08,14,0.0070733159458272,0.0070733159458272,0.0,1.0,0.0070733159458272,1
2021-03-09,14,5.169463014800642e-05,5.169463014800642e-05,0.0,1.0,5.169463014800642e-05,1
2021-03-10,14,0.0069352357504253,0.0069352357504253,0.0,1.0,0.0069352357504253,1
2021-03-11,14,-0.0059130551621248,-0.0059130551621248,0.0,1.0,-0.0059130551621248,1
2021-03-12,14,-0.008109822245573,-0.008109822245573,0.0,1.0,-0.008109822245573,1
2021-03-15,14,0.0333259939281946,0.0333259939281946,0.0,1.0,0.0333259939281946,1
2021-03-16,14,0.0053118760126081,0.0053118760126081,0.0,1.0,0.0053118760126081,1
2021-03-17,14,-0.001,0.0,1.0,1.0,-0.001,1
2021-03-18,14,0.0,0.0,0.0,1.0,0.0,1
2021-03-19,14,0.0,0.0,0.0,1.0,0.0,1
2021-03-22,14,0.0,0.0,0.0,1.0,0.0,1
2021-03-23,14,0.0,0.0,0.0,1.0,0.0,1
2021-03-24,14,0.0,0.0,0.0,1.0,0.0,1
2021-03-25,14,0.0,0.0,0.0,1.0,0.0,1
2021-03-26,14,0.0,0.0,0.0,1.0,0.0,1
2021-03-29,14,0.0,0.0,0.0,1.0,0.0,1
2021-03-30,14,0.0,0.0,0.0,1.0,0.0,1
2021-03-31,14,0.0,0.0,0.0,1.0,0.0,1
2021-04-01,14,0.0,0.0,0.0,1.0,0.0,1
2021-04-05,14,0.0,0.0,0.0,1.0,0.0,1
2021-04-06,14,0.0,0.0,0.0,1.0,0.0,1
2021-04-07,15,0.0,0.0,0.0,1.0,0.0,4
2021-04-08,15,0.0,0.0,0.0,1.0,0.0,4
2021-04-09,15,0.0,0.0,0.0,1.0,0.0,4
2021-04-12,15,0.0,0.0,0.0,1.0,0.0,4
2021-04-13,15,0.0,0.0,0.0,1.0,0.0,4
2021-04-14,15,0.0,0.0,0.0,1.0,0.0,4
2021-04-15,15,0.0,0.0,0.0,1.0,0.0,4
2021-04-16,15,0.0,0.0,0.0,1.0,0.0,4
2021-04-19,15,0.0,0.0,0.0,1.0,0.0,4
2021-04-20,15,0.0,0.0,0.0,1.0,0.0,4
2021-04-21,15,0.0,0.0,0.0,1.0,0.0,4
2021-04-22,15,0.0,0.0,0.0,1.0,0.0,4
2021-04-23,15,0.0,0.0,0.0,1.0,0.0,4
2021-04-26,15,0.0025226297092067,0.002681006943206,0.1583772339992794,1.0,0.0025226297092067,4
2021-04-27,15,-0.0002944869372139,-0.0002944869372139,0.0,1.0,-0.0002944869372139,4
2021-04-28,15,-0.0011419999309459,-0.0011419999309459,0.0,1.0,-0.0011419999309459,4
2021-04-29,15,0.0002727123547356,0.0006127058859589,0.3399935312233139,1.0,0.0002727123547356,4
2021-04-30,15,-0.0023227293306022,-0.0023227293306022,0.0,1.0,-0.0023227293306022,4
2021-05-03,15,-6.500611879820971e-05,-6.500611879820971e-05,0.0,1.0,-6.500611879820971e-05,4
2021-05-04,15,0.0026486413302667,0.0026486413302667,0.0,1.0,0.0026486413302667,4
2021-05-05,15,0.0025397723768792,0.0025397723768792,0.0,1.0,0.0025397723768792,4
2021-05-06,15,0.0035680794981867,0.0038026353305156,0.2345558323288913,1.0,0.0035680794981867,4
2021-05-07,15,-0.0007488780311901,-0.0007488780311901,0.0,1.0,-0.0007488780311901,4
2021-05-10,15,-0.0044916614916649,-0.0044916614916649,0.0,1.0,-0.0044916614916649,4
2021-05-11,15,-0.0038209836048412,-0.0038209836048412,0.0,1.0,-0.0038209836048412,4
2021-05-12,15,-0.0028654369812084,-0.0028654369812084,0.0,1.0,-0.0028654369812084,4
2021-05-13,15,-0.0012660421693122,-0.0009989687668637,0.2670734024485152,1.0,-0.0012660421693122,4
2021-05-14,15,0.0035791485908984,0.0035791485908984,0.0,1.0,0.0035791485908984,4
2021-05-17,15,-0.0032755633279827,-0.0032755633279827,0.0,1.0,-0.0032755633279827,4
2021-05-18,15,0.0023347509581849,0.0023347509581849,0.0,1.0,0.0023347509581849,4
2021-05-19,15,4.724966703606188e-05,4.724966703606188e-05,0.0,1.0,4.724966703606188e-05,4
2021-05-20,15,0.0046881956267933,0.0046881956267933,0.0,1.0,0.0046881956267933,4
2021-05-21,15,-0.0009779009199086,-0.0008195236859093,0.1583772339992794,1.0,-0.0009779009199086,4
2021-05-24,15,-0.0009071089145487,-0.0009071089145487,0.0,1.0,-0.0009071089145487,4
2021-05-25,15,0.0032434679946624,0.0032434679946624,0.0,1.0,0.0032434679946624,4
2021-05-26,15,-0.0022575927103655,-0.0019175991791422,0.3399935312233139,1.0,-0.0022575927103655,4
2021-05-27,15,-0.0014132280066283,-0.0014132280066283,0.0,1.0,-0.0014132280066283,4
2021-05-28,15,0.0004021536854662,0.0004021536854662,0.0,1.0,0.0004021536854662,4
2021-06-01,15,-0.000521612665377,-0.000521612665377,0.0,1.0,-0.000521612665377,4
2021-06-02,15,-0.0033951475049192,-0.0033951475049192,0.0,1.0,-0.0033951475049192,4
2021-06-03,15,-0.0001078819501897,0.0001266738821391,0.2345558323288913,1.0,-0.0001078819501897,4
2021-06-04,15,-0.0002618786260975,-0.0002618786260975,0.0,1.0,-0.0002618786260975,4
2021-06-07,15,-0.0012225926562353,-0.0012225926562353,0.0,1.0,-0.0012225926562353,4
2021-06-08,15,-0.0038937162566255,-0.0035007831902973,0.3929330663281707,1.0,-0.0038937162566255,4
2021-06-09,15,-0.0006009445064694,-0.0006009445064694,0.0,1.0,-0.0006009445064694,4
2021-06-10,15,-0.0024784802111552,-0.0022114068087067,0.2670734024485152,1.0,-0.0024784802111552,4
2021-06-11,15,-0.0034983946533957,-0.0034983946533957,0.0,1.0,-0.0034983946533957,4
2021-06-14,15,0.0004660088478654,0.0004660088478654,0.0,1.0,0.0004660088478654,4
2021-06-15,15,-0.0005677690131753,-0.0005677690131753,0.0,1.0,-0.0005677690131753,4
2021-06-16,15,4.226790426669648e-05,4.226790426669648e-05,0.0,1.0,4.226790426669648e-05,4
2021-06-17,15,-0.0040701743693435,-0.0040701743693435,0.0,1.0,-0.0040701743693435,4
2021-06-18,15,0.0002717592001252,0.0002717592001252,0.0,1.0,0.0002717592001252,4
2021-06-21,15,-0.0013442481723103,-0.0010771747698618,0.2670734024485152,1.0,-0.0013442481723103,4
2021-06-22,15,-0.001126906456358,-0.001126906456358,0.0,1.0,-0.001126906456358,4
2021-06-23,15,-0.0031714196986787,-0.0031714196986787,0.0,1.0,-0.0031714196986787,4
2021-06-24,15,0.0025372568778887,0.0025372568778887,0.0,1.0,0.0025372568778887,4
2021-06-25,15,0.0008844665775094,0.0008844665775094,0.0,1.0,0.0008844665775094,4
2021-06-28,15,0.0001689878288167,0.0001689878288167,0.0,1.0,0.0001689878288167,4
2021-06-29,15,-0.0024849810424678,-0.0024849810424678,0.0,1.0,-0.0024849810424678,4
2021-06-30,15,0.0056145095886887,0.0056145095886887,0.0,1.0,0.0056145095886887,4
2021-07-01,15,-0.0027523909678416,-0.0024123974366182,0.3399935312233139,1.0,-0.0027523909678416,4
2021-07-02,15,-0.0005992677411425,-0.0005992677411425,0.0,1.0,-0.0005992677411425,4
2021-07-06,15,0.0005299693751264,0.0009229024414546,0.3929330663281707,1.0,0.0005299693751264,4
2021-07-07,16,0.0,0.0,0.0,1.0,0.0,2
2021-07-08,16,0.0,0.0,0.0,1.0,0.0,2
2021-07-09,16,0.0040463872831924,0.0045463872831924,0.5,1.0,0.0040463872831924,2
2021-07-12,16,-0.0009995221860634,-0.0009995221860634,0.0,1.0,-0.0009995221860634,2
2021-07-13,16,0.0020930201522775,0.0020930201522775,0.0,1.0,0.0020930201522775,2
2021-07-14,16,-0.0006761331383858,-0.0006761331383858,0.0,1.0,-0.0006761331383858,2
2021-07-15,16,0.0015489540237583,0.0015489540237583,0.0,1.0,0.0015489540237583,2
2021-07-16,16,-0.0005383845827974,-0.0005383845827974,0.0,1.0,-0.0005383845827974,2
2021-07-19,16,-0.0006852292181213,-0.0006852292181213,0.0,1.0,-0.0006852292181213,2
2021-07-20,16,0.0012096334635705,0.0012096334635705,0.0,1.0,0.0012096334635705,2
2021-07-21,16,-0.0002566381218867,0.0002433618781132,0.5,1.0,-0.0002566381218867,2
2021-07-22,16,-0.0007223671065138,-0.0007223671065138,0.0,1.0,-0.0007223671065138,2
2021-07-23,16,0.0011980508645024,0.0011980508645024,0.0,1.0,0.0011980508645024,2
2021-07-26,16,0.0016910448569747,0.0016910448569747,0.0,1.0,0.0016910448569747,2
2021-07-27,16,0.0028989867760624,0.0028989867760624,0.0,1.0,0.0028989867760624,2
2021-07-28,16,-0.0020542694354409,-0.0020542694354409,0.0,1.0,-0.0020542694354409,2
2021-07-29,16,-0.0014074389380342,-0.0014074389380342,0.0,1.0,-0.0014074389380342,2
2021-07-30,16,-0.0019116009449044,-0.0019116009449044,0.0,1.0,-0.0019116009449044,2
2021-08-02,16,-0.0005910913524224,-0.0005910913524224,0.0,1.0,-0.0005910913524224,2
2021-08-03,16,-0.0026803527300964,-0.0026803527300964,0.0,1.0,-0.0026803527300964,2
2021-08-04,16,-0.0006459263393697,-0.0006459263393697,0.0,1.0,-0.0006459263393697,2
2021-08-05,16,-0.0041763220389157,-0.0036763220389157,0.5,1.0,-0.0041763220389157,2
2021-08-06,16,0.0010028320491254,0.0010028320491254,0.0,1.0,0.0010028320491254,2
2021-08-09,16,0.0040095072513949,0.0040095072513949,0.0,1.0,0.0040095072513949,2
2021-08-10,16,-0.0016591491958081,-0.0016591491958081,0.0,1.0,-0.0016591491958081,2
2021-08-11,16,0.0012734372132839,0.0012734372132839,0.0,1.0,0.0012734372132839,2
2021-08-12,16,-0.0052937595927967,-0.0052937595927967,0.0,1.0,-0.0052937595927967,2
2021-08-13,16,2.2903727524413035e-05,2.2903727524413035e-05,0.0,1.0,2.2903727524413035e-05,2
2021-08-16,16,-0.0001311347511322,-0.0001311347511322,0.0,1.0,-0.0001311347511322,2
2021-08-17,16,-0.0005,0.0,0.5,1.0,-0.0005,2
2021-08-18,16,0.0,0.0,0.0,1.0,0.0,2
2021-08-19,16,0.0,0.0,0.0,1.0,0.0,2
2021-08-20,16,0.0,0.0,0.0,1.0,0.0,2
2021-08-23,16,0.0,0.0,0.0,1.0,0.0,2
2021-08-24,16,0.0,0.0,0.0,1.0,0.0,2
2021-08-25,16,0.0,0.0,0.0,1.0,0.0,2
2021-08-26,16,0.0,0.0,0.0,1.0,0.0,2
2021-08-27,16,0.0,0.0,0.0,1.0,0.0,2
2021-08-30,16,0.0,0.0,0.0,1.0,0.0,2
2021-08-31,16,0.0,0.0,0.0,1.0,0.0,2
2021-09-01,16,-0.0013528136731532,-0.0008528136731532,0.5,1.0,-0.0013528136731532,2
2021-09-02,16,-0.0007039594310177,-0.0007039594310177,0.0,1.0,-0.0007039594310177,2
2021-09-03,16,0.0001992126414138,0.0001992126414138,0.0,1.0,0.0001992126414138,2
2021-09-07,16,0.0012398657708282,0.0012398657708282,0.0,1.0,0.0012398657708282,2
2021-09-08,16,-0.002093561894048,-0.002093561894048,0.0,1.0,-0.002093561894048,2
2021-09-09,16,-0.0003638175858242,-0.0003638175858242,0.0,1.0,-0.0003638175858242,2
2021-09-10,16,-0.0038758736346087,-0.0033758736346087,0.5,1.0,-0.0038758736346087,2
2021-09-13,16,-0.002529041300218,-0.002529041300218,0.0,1.0,-0.002529041300218,2
2021-09-14,16,-0.0066000831640591,-0.0066000831640591,0.0,1.0,-0.0066000831640591,2
2021-09-15,16,-0.0040309365734462,-0.0040309365734462,0.0,1.0,-0.0040309365734462,2
2021-09-16,16,-0.0013150213006863,-0.0013150213006863,0.0,1.0,-0.0013150213006863,2
2021-09-17,16,-0.0015776480374412,-0.0015776480374412,0.0,1.0,-0.0015776480374412,2
2021-09-20,16,-0.0003819855943671,-0.0003819855943671,0.0,1.0,-0.0003819855943671,2
2021-09-21,16,0.002781330177043,0.002781330177043,0.0,1.0,0.002781330177043,2
2021-09-22,16,0.0024409590450766,0.0024409590450766,0.0,1.0,0.0024409590450766,2
2021-09-23,16,-4.099658687950133e-06,-4.099658687950133e-06,0.0,1.0,-4.099658687950133e-06,2
2021-09-24,16,0.0002865145811677,0.0002865145811677,0.0,1.0,0.0002865145811677,2
2021-09-27,16,-0.0015376280240509,-0.0015376280240509,0.0,1.0,-0.0015376280240509,2
2021-09-28,16,-0.0020898742630329,-0.0020898742630329,0.0,1.0,-0.0020898742630329,2
2021-09-29,16,0.0011640510121072,0.0016640510121072,0.5,1.0,0.0011640510121072,2
2021-09-30,16,-0.0031692686801899,-0.0031692686801899,0.0,1.0,-0.0031692686801899,2
2021-10-01,16,0.0040414570523921,0.0040414570523921,0.0,1.0,0.0040414570523921,2
2021-10-04,16,0.0011542768057107,0.0011542768057107,0.0,1.0,0.0011542768057107,2
2021-10-05,17,0.0,0.0,0.0,1.0,0.0,1
2021-10-06,17,0.0,0.0,0.0,1.0,0.0,1
2021-10-07,17,0.0,0.0,0.0,1.0,0.0,1
2021-10-08,17,0.0,0.0,0.0,1.0,0.0,1
2021-10-11,17,0.0,0.0,0.0,1.0,0.0,1
2021-10-12,17,0.0,0.0,0.0,1.0,0.0,1
2021-10-13,17,0.0,0.0,0.0,1.0,0.0,1
2021-10-14,17,0.0,0.0,0.0,1.0,0.0,1
2021-10-15,17,0.0,0.0,0.0,1.0,0.0,1
2021-10-18,17,0.0,0.0,0.0,1.0,0.0,1
2021-10-19,17,0.0,0.0,0.0,1.0,0.0,1
2021-10-20,17,0.0,0.0,0.0,1.0,0.0,1
2021-10-21,17,0.0,0.0,0.0,1.0,0.0,1
2021-10-22,17,0.0,0.0,0.0,1.0,0.0,1
2021-10-25,17,0.0,0.0,0.0,1.0,0.0,1
2021-10-26,17,0.0,0.0,0.0,1.0,0.0,1
2021-10-27,17,0.0,0.0,0.0,1.0,0.0,1
2021-10-28,17,0.0,0.0,0.0,1.0,0.0,1
2021-10-29,17,0.0,0.0,0.0,1.0,0.0,1
2021-11-01,17,0.0,0.0,0.0,1.0,0.0,1
2021-11-02,17,0.0,0.0,0.0,1.0,0.0,1
2021-11-03,17,0.0,0.0,0.0,1.0,0.0,1
2021-11-04,17,0.0,0.0,0.0,1.0,0.0,1
2021-11-05,17,-0.0032983420702,-0.0022983420702,1.0,1.0,-0.0032983420702,1
2021-11-08,17,0.0032579408519516,0.0032579408519516,0.0,1.0,0.0032579408519516,1
2021-11-09,17,-0.0017110148224422,-0.0017110148224422,0.0,1.0,-0.0017110148224422,1
2021-11-10,17,-0.0029962055743197,-0.0029962055743197,0.0,1.0,-0.0029962055743197,1
2021-11-11,17,-0.004940301278173,-0.004940301278173,0.0,1.0,-0.004940301278173,1
2021-11-12,17,-0.0068513957818833,-0.0068513957818833,0.0,1.0,-0.0068513957818833,1
2021-11-15,17,-0.0055593340004605,-0.0055593340004605,0.0,1.0,-0.0055593340004605,1
2021-11-16,17,-0.0206430032522454,-0.0206430032522454,0.0,1.0,-0.0206430032522454,1
2021-11-17,17,-0.0049379128201946,-0.0049379128201946,0.0,1.0,-0.0049379128201946,1
2021-11-18,17,0.0030040595566176,0.0030040595566176,0.0,1.0,0.0030040595566176,1
2021-11-19,17,-0.0065269471859208,-0.0065269471859208,0.0,1.0,-0.0065269471859208,1
2021-11-22,17,0.0060779991403178,0.0060779991403178,0.0,1.0,0.0060779991403178,1
2021-11-23,17,0.0003606558295243,0.0003606558295243,0.0,1.0,0.0003606558295243,1
2021-11-24,17,-8.686095150012914e-05,-8.686095150012914e-05,0.0,1.0,-8.686095150012914e-05,1
2021-11-26,17,-0.0043480713799751,-0.0043480713799751,0.0,1.0,-0.0043480713799751,1
2021-11-29,17,-0.0158031183596274,-0.0158031183596274,0.0,1.0,-0.0158031183596274,1
2021-11-30,17,0.0020884315010077,0.0020884315010077,0.0,1.0,0.0020884315010077,1
2021-12-01,17,-0.0084965432769398,-0.0084965432769398,0.0,1.0,-0.0084965432769398,1
2021-12-02,17,-0.0043587446977333,-0.0043587446977333,0.0,1.0,-0.0043587446977333,1
2021-12-03,17,-0.001,0.0,1.0,1.0,-0.001,1
2021-12-06,17,0.0,0.0,0.0,1.0,0.0,1
2021-12-07,17,0.0,0.0,0.0,1.0,0.0,1
2021-12-08,17,0.0,0.0,0.0,1.0,0.0,1
2021-12-09,17,0.0,0.0,0.0,1.0,0.0,1
2021-12-10,17,0.013010831583992,0.014010831583992,1.0,1.0,0.013010831583992,1
2021-12-13,17,-0.0122101955632642,-0.0122101955632642,0.0,1.0,-0.0122101955632642,1
2021-12-14,17,-0.0140626530777606,-0.0140626530777606,0.0,1.0,-0.0140626530777606,1
2021-12-15,17,0.0106675587568994,0.0106675587568994,0.0,1.0,0.0106675587568994,1
2021-12-16,17,0.0015321424135049,0.0015321424135049,0.0,1.0,0.0015321424135049,1
2021-12-17,17,0.0162283084406914,0.0162283084406914,0.0,1.0,0.0162283084406914,1
2021-12-20,17,-0.0013322318118743,-0.0013322318118743,0.0,1.0,-0.0013322318118743,1
2021-12-21,17,-0.0040487697612521,-0.0040487697612521,0.0,1.0,-0.0040487697612521,1
2021-12-22,17,0.0021878008909977,0.0021878008909977,0.0,1.0,0.0021878008909977,1
2021-12-23,17,0.0018553484128414,0.0018553484128414,0.0,1.0,0.0018553484128414,1
2021-12-27,17,0.0035103197211652,0.0035103197211652,0.0,1.0,0.0035103197211652,1
2021-12-28,17,-0.0080617346125126,-0.0080617346125126,0.0,1.0,-0.0080617346125126,1
2021-12-29,17,0.0024268526416457,0.0024268526416457,0.0,1.0,0.0024268526416457,1
2021-12-30,17,-0.0045936381527929,-0.0045936381527929,0.0,1.0,-0.0045936381527929,1
2021-12-31,17,-0.0039675780720154,-0.0039675780720154,0.0,1.0,-0.0039675780720154,1
2022-01-03,17,-0.0004991130947857,-0.0004991130947857,0.0,1.0,-0.0004991130947857,1
2022-01-04,18,0.0,0.0,0.0,1.0,0.0,3
2022-01-05,18,0.0,0.0,0.0,1.0,0.0,3
2022-01-06,18,0.0,0.0,0.0,1.0,0.0,3
2022-01-07,18,0.0,0.0,0.0,1.0,0.0,3
2022-01-10,18,0.0,0.0,0.0,1.0,0.0,3
2022-01-11,18,0.0,0.0,0.0,1.0,0.0,3
2022-01-12,18,0.0,0.0,0.0,1.0,0.0,3
2022-01-13,18,0.0,0.0,0.0,1.0,0.0,3
2022-01-14,18,0.0,0.0,0.0,1.0,0.0,3
2022-01-18,18,0.0,0.0,0.0,1.0,0.0,3
2022-01-19,18,0.0,0.0,0.0,1.0,0.0,3
2022-01-20,18,0.0,0.0,0.0,1.0,0.0,3
2022-01-21,18,0.0,0.0,0.0,1.0,0.0,3
2022-01-24,18,0.0,0.0,0.0,1.0,0.0,3
2022-01-25,18,0.0,0.0,0.0,1.0,0.0,3
2022-01-26,18,0.0,0.0,0.0,1.0,0.0,3
2022-01-27,18,0.0,0.0,0.0,1.0,0.0,3
2022-01-28,18,-0.0097982913951264,-0.0094482913951264,0.35,1.0,-0.0097982913951264,3
2022-01-31,18,-0.0006546092109557,-0.0006546092109557,0.0,1.0,-0.0006546092109557,3
2022-02-01,18,0.0031669187824299,0.0031669187824299,0.0,1.0,0.0031669187824299,3
2022-02-02,18,0.0009516125073062,0.0009516125073062,0.0,1.0,0.0009516125073062,3
2022-02-03,18,-0.0028031618578603,-0.0028031618578603,0.0,1.0,-0.0028031618578603,3
2022-02-04,18,-0.0016067710380173,-0.0016067710380173,0.0,1.0,-0.0016067710380173,3
2022-02-07,18,0.0003220069535284,0.0003220069535284,0.0,1.0,0.0003220069535284,3
2022-02-08,18,-0.0054369398601438,-0.0054369398601438,0.0,1.0,-0.0054369398601438,3
2022-02-09,18,-2.432398376754453e-05,-2.432398376754453e-05,0.0,1.0,-2.432398376754453e-05,3
2022-02-10,18,0.0003257423155939,0.0003257423155939,0.0,1.0,0.0003257423155939,3
2022-02-11,18,-0.0016288975874181,-0.0016288975874181,0.0,1.0,-0.0016288975874181,3
2022-02-14,18,0.0007030901381083,0.0007030901381083,0.0,1.0,0.0007030901381083,3
2022-02-15,18,0.0011801999931653,0.0011801999931653,0.0,1.0,0.0011801999931653,3
2022-02-16,18,0.0013026096600747,0.0013026096600747,0.0,1.0,0.0013026096600747,3
2022-02-17,18,-0.0049567034663247,-0.0049567034663247,0.0,1.0,-0.0049567034663247,3
2022-02-18,18,0.0015930150769985,0.0015930150769985,0.0,1.0,0.0015930150769985,3
2022-02-22,18,0.0054065727091436,0.0054065727091436,0.0,1.0,0.0054065727091436,3
2022-02-23,18,0.0020661879778198,0.0020661879778198,0.0,1.0,0.0020661879778198,3
2022-02-24,18,-0.0044438805008856,-0.0044438805008856,0.0,1.0,-0.0044438805008856,3
2022-02-25,18,-0.00035,0.0,0.35,1.0,-0.00035,3
2022-02-28,18,-0.001491477813447,-0.001191477813447,0.3,1.0,-0.001491477813447,3
2022-03-01,18,-0.0011615187800021,-0.0011615187800021,0.0,1.0,-0.0011615187800021,3
2022-03-02,18,-0.0031945302572563,-0.0031945302572563,0.0,1.0,-0.0031945302572563,3
2022-03-03,18,-0.0022823138812815,-0.0022823138812815,0.0,1.0,-0.0022823138812815,3
2022-03-04,18,0.0033819752448505,0.0033819752448505,0.0,1.0,0.0033819752448505,3
2022-03-07,18,0.0009264489732964,0.0009264489732964,0.0,1.0,0.0009264489732964,3
2022-03-08,18,-0.0118547838314122,-0.0115047838314122,0.35,1.0,-0.0118547838314122,3
2022-03-09,18,-0.0040057137595323,-0.0036557137595323,0.35,1.0,-0.0040057137595323,3
2022-03-10,18,-0.0038479225135744,-0.0038479225135744,0.0,1.0,-0.0038479225135744,3
2022-03-11,18,-0.0083930557008238,-0.0080430557008238,0.35,1.0,-0.0083930557008238,3
2022-03-14,18,-0.0001969848645658,-0.0001969848645658,0.0,1.0,-0.0001969848645658,3
2022-03-15,18,-0.0078868226888774,-0.0078868226888774,0.0,1.0,-0.0078868226888774,3
2022-03-16,18,0.0082563389470404,0.0082563389470404,0.0,1.0,0.0082563389470404,3
2022-03-17,18,0.0048671440500536,0.0048671440500536,0.0,1.0,0.0048671440500536,3
2022-03-18,18,-7.327239367039998e-05,-7.327239367039998e-05,0.0,1.0,-7.327239367039998e-05,3
2022-03-21,18,-0.0004364859188423,-0.0004364859188423,0.0,1.0,-0.0004364859188423,3
2022-03-22,18,-0.0017447744106986,-0.0017447744106986,0.0,1.0,-0.0017447744106986,3
2022-03-23,18,-0.0020074632368438,-0.0020074632368438,0.0,1.0,-0.0020074632368438,3
2022-03-24,18,-0.0046106600303712,-0.0046106600303712,0.0,1.0,-0.0046106600303712,3
2022-03-25,18,-0.0014714973828267,-0.0011714973828267,0.3,1.0,-0.0014714973828267,3
2022-03-28,18,0.0012987271727243,0.0012987271727243,0.0,1.0,0.0012987271727243,3
2022-03-29,18,0.0018315402729489,0.0018315402729489,0.0,1.0,0.0018315402729489,3
2022-03-30,18,-0.0016194611125361,-0.0016194611125361,0.0,1.0,-0.0016194611125361,3
2022-03-31,18,0.0008925459876253,0.0008925459876253,0.0,1.0,0.0008925459876253,3
2022-04-01,18,0.0008564243018512,0.0008564243018512,0.0,1.0,0.0008564243018512,3
2022-04-04,18,0.0020691728485107,0.0020691728485107,0.0,1.0,0.0020691728485107,3
2022-04-05,19,0.0,0.0,0.0,1.0,0.0,2
2022-04-06,19,0.0,0.0,0.0,1.0,0.0,2
2022-04-07,19,0.0,0.0,0.0,1.0,0.0,2
2022-04-08,19,0.0,0.0,0.0,1.0,0.0,2
2022-04-11,19,0.0,0.0,0.0,1.0,0.0,2
2022-04-12,19,-0.005402313884238,-0.004902313884238,0.5,1.0,-0.005402313884238,2
2022-04-13,19,0.0059953816793341,0.0059953816793341,0.0,1.0,0.0059953816793341,2
2022-04-14,19,0.0067302369927258,0.0072302369927258,0.5,1.0,0.0067302369927258,2
2022-04-18,19,-0.0018170427858972,-0.0018170427858972,0.0,1.0,-0.0018170427858972,2
2022-04-19,19,-0.0148711788250801,-0.0148711788250801,0.0,1.0,-0.0148711788250801,2
2022-04-20,19,0.0003888373885779,0.0003888373885779,0.0,1.0,0.0003888373885779,2
2022-04-21,19,0.001423840023597,0.001423840023597,0.0,1.0,0.001423840023597,2
2022-04-22,19,-0.0008434512956932,-0.0008434512956932,0.0,1.0,-0.0008434512956932,2
2022-04-25,19,-0.0034644837905049,-0.0034644837905049,0.0,1.0,-0.0034644837905049,2
2022-04-26,19,0.0004513693798061,0.0004513693798061,0.0,1.0,0.0004513693798061,2
2022-04-27,19,0.0172897252837832,0.0172897252837832,0.0,1.0,0.0172897252837832,2
2022-04-28,19,-0.0054327314112977,-0.0054327314112977,0.0,1.0,-0.0054327314112977,2
2022-04-29,19,-0.0071415935629823,-0.0071415935629823,0.0,1.0,-0.0071415935629823,2
2022-05-02,19,-0.0039951443429555,-0.0039951443429555,0.0,1.0,-0.0039951443429555,2
2022-05-03,19,-9.16018516823225e-05,-9.16018516823225e-05,0.0,1.0,-9.16018516823225e-05,2
2022-05-04,19,-0.0014773914186153,-0.0014773914186153,0.0,1.0,-0.0014773914186153,2
2022-05-05,19,0.0024663533430076,0.0024663533430076,0.0,1.0,0.0024663533430076,2
2022-05-06,19,0.0002467699683671,0.0002467699683671,0.0,1.0,0.0002467699683671,2
2022-05-09,19,-0.0079768275494114,-0.0079768275494114,0.0,1.0,-0.0079768275494114,2
2022-05-10,19,0.0011031408928856,0.0016031408928856,0.5,1.0,0.0011031408928856,2
2022-05-11,19,0.0017628608404098,0.0017628608404098,0.0,1.0,0.0017628608404098,2
2022-05-12,19,-0.0005,0.0,0.5,1.0,-0.0005,2
2022-05-13,19,0.0,0.0,0.0,1.0,0.0,2
2022-05-16,19,0.0,0.0,0.0,1.0,0.0,2
2022-05-17,19,0.0,0.0,0.0,1.0,0.0,2
2022-05-18,19,0.0,0.0,0.0,1.0,0.0,2
2022-05-19,19,0.0,0.0,0.0,1.0,0.0,2
2022-05-20,19,0.0,0.0,0.0,1.0,0.0,2
2022-05-23,19,0.0,0.0,0.0,1.0,0.0,2
2022-05-24,19,-0.0032134210109598,-0.0027134210109598,0.5,1.0,-0.0032134210109598,2
2022-05-25,19,0.0063128752269607,0.0063128752269607,0.0,1.0,0.0063128752269607,2
2022-05-26,19,-0.0010727887523424,-0.0010727887523424,0.0,1.0,-0.0010727887523424,2
2022-05-27,19,-0.0037399021927865,-0.0037399021927865,0.0,1.0,-0.0037399021927865,2
2022-05-31,19,0.0003456262634909,0.0003456262634909,0.0,1.0,0.0003456262634909,2
2022-06-01,19,0.0021440372541441,0.0021440372541441,0.0,1.0,0.0021440372541441,2
2022-06-02,19,0.001855711779668,0.001855711779668,0.0,1.0,0.001855711779668,2
2022-06-03,19,0.0018697203779641,0.0018697203779641,0.0,1.0,0.0018697203779641,2
2022-06-06,19,-0.0006183947193089,-0.0006183947193089,0.0,1.0,-0.0006183947193089,2
2022-06-07,19,-0.0011420897323967,-0.0011420897323967,0.0,1.0,-0.0011420897323967,2
2022-06-08,19,0.0021844537592177,0.0021844537592177,0.0,1.0,0.0021844537592177,2
2022-06-09,19,0.0031581367941033,0.0031581367941033,0.0,1.0,0.0031581367941033,2
2022-06-10,19,1.4836914798109747e-05,1.4836914798109747e-05,0.0,1.0,1.4836914798109747e-05,2
2022-06-13,19,-0.0004657452217369,-0.0004657452217369,0.0,1.0,-0.0004657452217369,2
2022-06-14,19,0.0034039292287733,0.0034039292287733,0.0,1.0,0.0034039292287733,2
2022-06-15,19,-0.0032190287641164,-0.0032190287641164,0.0,1.0,-0.0032190287641164,2
2022-06-16,19,0.0009745403854112,0.0009745403854112,0.0,1.0,0.0009745403854112,2
2022-06-17,19,0.0032153315592552,0.0037153315592552,0.5,1.0,0.0032153315592552,2
2022-06-21,19,0.0010917822352724,0.0010917822352724,0.0,1.0,0.0010917822352724,2
2022-06-22,19,0.0004077892796917,0.0009077892796917,0.5,1.0,0.0004077892796917,2
2022-06-23,19,-0.0026412709202139,-0.0026412709202139,0.0,1.0,-0.0026412709202139,2
2022-06-24,19,-0.0027378496398632,-0.0027378496398632,0.0,1.0,-0.0027378496398632,2
2022-06-27,19,-0.0027399377522466,-0.0027399377522466,0.0,1.0,-0.0027399377522466,2
2022-06-28,19,-0.0021348762536169,-0.0021348762536169,0.0,1.0,-0.0021348762536169,2
2022-06-29,19,-0.0019495369056739,-0.0014495369056739,0.5,1.0,-0.0019495369056739,2
2022-06-30,19,0.0041289799640894,0.0041289799640894,0.0,1.0,0.0041289799640894,2
2022-07-01,19,0.0017162029061543,0.0017162029061543,0.0,1.0,0.0017162029061543,2
2022-07-05,19,-0.0040356226546721,-0.0040356226546721,0.0,1.0,-0.0040356226546721,2
2022-07-06,19,-0.0001963604663136,-0.0001963604663136,0.0,1.0,-0.0001963604663136,2
2022-07-07,20,0.0,0.0,0.0,1.0,0.0,4
2022-07-08,20,0.0,0.0,0.0,1.0,0.0,4
2022-07-11,20,0.0,0.0,0.0,1.0,0.0,4
2022-07-12,20,0.0,0.0,0.0,1.0,0.0,4
2022-07-13,20,0.0,0.0,0.0,1.0,0.0,4
2022-07-14,20,0.0,0.0,0.0,1.0,0.0,4
2022-07-15,20,0.0,0.0,0.0,1.0,0.0,4
2022-07-18,20,0.0,0.0,0.0,1.0,0.0,4
2022-07-19,20,0.0,0.0,0.0,1.0,0.0,4
2022-07-20,20,-0.0004261832878841,-9.84916175632497e-05,0.327691670320911,1.0,-0.0004261832878841,4
2022-07-21,20,-0.0006377810736382,-0.0006377810736382,0.0,1.0,-0.0006377810736382,4
2022-07-22,20,0.0005628371430033,0.0005628371430033,0.0,1.0,0.0005628371430033,4
2022-07-25,20,-0.0003546712583536,-0.0003546712583536,0.0,1.0,-0.0003546712583536,4
2022-07-26,20,0.0016401692579524,0.0016401692579524,0.0,1.0,0.0016401692579524,4
2022-07-27,20,0.0089405716237043,0.0092332386703917,0.2926670466874079,1.0,0.0089405716237043,4
2022-07-28,20,0.0046674299281981,0.0046674299281981,0.0,1.0,0.0046674299281981,4
2022-07-29,20,0.0058975977175205,0.0060308023808395,0.1332046633189439,1.0,0.0058975977175205,4
2022-08-01,20,0.0015336444264608,0.0015336444264608,0.0,1.0,0.0015336444264608,4
2022-08-02,20,-0.000359818469024,-0.000359818469024,0.0,1.0,-0.000359818469024,4
2022-08-03,20,0.0082049600090013,0.0082049600090013,0.0,1.0,0.0082049600090013,4
2022-08-04,20,0.0001520239626926,0.0001520239626926,0.0,1.0,0.0001520239626926,4
2022-08-05,20,0.0010433145290713,0.0010433145290713,0.0,1.0,0.0010433145290713,4
2022-08-08,20,-0.00021718711443,-0.00021718711443,0.0,1.0,-0.00021718711443,4
2022-08-09,20,0.0003127060849855,0.0003127060849855,0.0,1.0,0.0003127060849855,4
2022-08-10,20,0.000971221316932,0.000971221316932,0.0,1.0,0.000971221316932,4
2022-08-11,20,-0.0038180684949214,-0.0038180684949214,0.0,1.0,-0.0038180684949214,4
2022-08-12,20,-0.0064628130321634,-0.0064628130321634,0.0,1.0,-0.0064628130321634,4
2022-08-15,20,-0.0026607183165289,-0.0026607183165289,0.0,1.0,-0.0026607183165289,4
2022-08-16,20,-0.0010372025212932,-0.0007095108509722,0.327691670320911,1.0,-0.0010372025212932,4
2022-08-17,20,-0.0038214828325518,-0.0038214828325518,0.0,1.0,-0.0038214828325518,4
2022-08-18,20,0.0001500242670431,0.0001500242670431,0.0,1.0,0.0001500242670431,4
2022-08-19,20,-0.0012050018240067,-0.0012050018240067,0.0,1.0,-0.0012050018240067,4
2022-08-22,20,0.0001113430029043,0.0001113430029043,0.0,1.0,0.0001113430029043,4
2022-08-23,20,0.0016919949162992,0.0019846619629867,0.2926670466874079,1.0,0.0016919949162992,4
2022-08-24,20,0.0007046022441174,0.0007046022441174,0.0,1.0,0.0007046022441174,4
2022-08-25,20,-0.0001332046633189,0.0,0.1332046633189439,1.0,-0.0001332046633189,4
2022-08-26,20,0.0,0.0,0.0,1.0,0.0,4
2022-08-29,20,0.0,0.0,0.0,1.0,0.0,4
2022-08-30,20,0.0,0.0,0.0,1.0,0.0,4
2022-08-31,20,0.0,0.0,0.0,1.0,0.0,4
2022-09-01,20,0.0,0.0,0.0,1.0,0.0,4
2022-09-02,20,0.0,0.0,0.0,1.0,0.0,4
2022-09-06,20,0.0,0.0,0.0,1.0,0.0,4
2022-09-07,20,0.0,0.0,0.0,1.0,0.0,4
2022-09-08,20,0.0,0.0,0.0,1.0,0.0,4
2022-09-09,20,0.0,0.0,0.0,1.0,0.0,4
2022-09-12,20,0.0,0.0,0.0,1.0,0.0,4
2022-09-13,20,0.0,0.0,0.0,1.0,0.0,4
2022-09-14,20,0.0047791056738465,0.0050255422935193,0.2464366196727371,1.0,0.0047791056738465,4
2022-09-15,20,-0.0016420199490382,-0.0016420199490382,0.0,1.0,-0.0016420199490382,4
2022-09-16,20,0.000932398461358,0.0010656031246769,0.1332046633189439,1.0,0.000932398461358,4
2022-09-19,20,-0.0006908045052525,-0.0003631128349316,0.327691670320911,1.0,-0.0006908045052525,4
2022-09-20,20,0.0018352028486077,0.0018352028486077,0.0,1.0,0.0018352028486077,4
2022-09-21,20,-0.0010181788487068,-0.0010181788487068,0.0,1.0,-0.0010181788487068,4
2022-09-22,20,0.0019617360819662,0.0019617360819662,0.0,1.0,0.0019617360819662,4
2022-09-23,20,-0.0013235205499056,-0.0013235205499056,0.0,1.0,-0.0013235205499056,4
2022-09-26,20,0.0017720602951115,0.0017720602951115,0.0,1.0,0.0017720602951115,4
2022-09-27,20,0.0019881305353037,0.0019881305353037,0.0,1.0,0.0019881305353037,4
2022-09-28,20,0.0071339456175862,0.0071339456175862,0.0,1.0,0.0071339456175862,4
2022-09-29,20,0.0006792336741232,0.0006792336741232,0.0,1.0,0.0006792336741232,4
2022-09-30,20,-0.0026148356637725,-0.0026148356637725,0.0,1.0,-0.0026148356637725,4
2022-10-03,20,0.0015597449200699,0.0015597449200699,0.0,1.0,0.0015597449200699,4
2022-10-04,20,0.0014350705115305,0.0014350705115305,0.0,1.0,0.0014350705115305,4
2022-10-05,21,0.0,0.0,0.0,1.0,0.0,4
2022-10-06,21,0.0,0.0,0.0,1.0,0.0,4
2022-10-07,21,0.0,0.0,0.0,1.0,0.0,4
2022-10-10,21,0.0,0.0,0.0,1.0,0.0,4
2022-10-11,21,0.0,0.0,0.0,1.0,0.0,4
2022-10-12,21,0.0,0.0,0.0,1.0,0.0,4
2022-10-13,21,0.0,0.0,0.0,1.0,0.0,4
2022-10-14,21,0.0022737172422592,0.0026237172422592,0.35,1.0,0.0022737172422592,4
2022-10-17,21,-0.0098222616730958,-0.0098222616730958,0.0,1.0,-0.0098222616730958,4
2022-10-18,21,-0.00035,0.0,0.35,1.0,-0.00035,4
2022-10-19,21,-0.0005579428006546,-0.000346258486966,0.2116843136885949,1.0,-0.0005579428006546,4
2022-10-20,21,0.0007219981058741,0.0007219981058741,0.0,1.0,0.0007219981058741,4
2022-10-21,21,-0.0017004919220158,-0.0017004919220158,0.0,1.0,-0.0017004919220158,4
2022-10-24,21,-0.0005227205923182,-0.0005227205923182,0.0,1.0,-0.0005227205923182,4
2022-10-25,21,0.0002378894683126,0.0002378894683126,0.0,1.0,0.0002378894683126,4
2022-10-26,21,-0.0038791706982289,-0.0038791706982289,0.0,1.0,-0.0038791706982289,4
2022-10-27,21,-0.0042525586313404,-0.003814242945029,0.4383156863114051,1.0,-0.0042525586313404,4
2022-10-28,21,-0.0004028749982073,-0.0004028749982073,0.0,1.0,-0.0004028749982073,4
2022-10-31,21,-0.0019602719828358,-0.0019602719828358,0.0,1.0,-0.0019602719828358,4
2022-11-01,21,-0.0028919527484344,-0.0028919527484344,0.0,1.0,-0.0028919527484344,4
2022-11-02,21,0.0036624033146191,0.0036624033146191,0.0,1.0,0.0036624033146191,4
2022-11-03,21,0.0020073028357174,0.0020073028357174,0.0,1.0,0.0020073028357174,4
2022-11-04,21,0.0016497959561167,0.0016497959561167,0.0,1.0,0.0016497959561167,4
2022-11-07,21,0.0012139225041435,0.0012139225041435,0.0,1.0,0.0012139225041435,4
2022-11-08,21,0.00035177545737,0.00035177545737,0.0,1.0,0.00035177545737,4
2022-11-09,21,0.0036610707248949,0.0036610707248949,0.0,1.0,0.0036610707248949,4
2022-11-10,21,0.0044158800402046,0.0044158800402046,0.0,1.0,0.0044158800402046,4
2022-11-11,21,0.0052367935886885,0.0052367935886885,0.0,1.0,0.0052367935886885,4
2022-11-14,21,-0.0114908478379927,-0.0114908478379927,0.0,1.0,-0.0114908478379927,4
2022-11-15,21,-0.0070155982008712,-0.0068039138871826,0.2116843136885949,1.0,-0.0070155982008712,4
2022-11-16,21,-0.0025625678885486,-0.00235088357486,0.2116843136885949,1.0,-0.0025625678885486,4
2022-11-17,21,-0.0002249503456207,-0.0002249503456207,0.0,1.0,-0.0002249503456207,4
2022-11-18,21,-0.0012626601913353,-0.0012626601913353,0.0,1.0,-0.0012626601913353,4
2022-11-21,21,0.008207084199954,0.008207084199954,0.0,1.0,0.008207084199954,4
2022-11-22,21,-0.0058483693638696,-0.0058483693638696,0.0,1.0,-0.0058483693638696,4
2022-11-23,21,-0.0015439381653175,-0.0011056224790061,0.4383156863114051,1.0,-0.0015439381653175,4
2022-11-25,21,-0.0008178861431273,-0.0008178861431273,0.0,1.0,-0.0008178861431273,4
2022-11-28,21,0.0018856424287412,0.0018856424287412,0.0,1.0,0.0018856424287412,4
2022-11-29,21,0.0020522951628883,0.0020522951628883,0.0,1.0,0.0020522951628883,4
2022-11-30,21,-0.0054078678654858,-0.0054078678654858,0.0,1.0,-0.0054078678654858,4
2022-12-01,21,-0.0044830809784794,-0.0044830809784794,0.0,1.0,-0.0044830809784794,4
2022-12-02,21,-0.0007575819870555,-0.0007575819870555,0.0,1.0,-0.0007575819870555,4
2022-12-05,21,0.0001186546172166,0.0001186546172166,0.0,1.0,0.0001186546172166,4
2022-12-06,21,0.0040779433993887,0.0040779433993887,0.0,1.0,0.0040779433993887,4
2022-12-07,21,0.0013290148260473,0.0016790148260473,0.35,1.0,0.0013290148260473,4
2022-12-08,21,-0.0034356930146648,-0.0034356930146648,0.0,1.0,-0.0034356930146648,4
2022-12-09,21,0.0012409880423333,0.0012409880423333,0.0,1.0,0.0012409880423333,4
2022-12-12,21,-0.0023353628054731,-0.0023353628054731,0.0,1.0,-0.0023353628054731,4
2022-12-13,21,0.0010765187982725,0.0010765187982725,0.0,1.0,0.0010765187982725,4
2022-12-14,21,-0.0015905020627087,-0.0013788177490201,0.2116843136885949,1.0,-0.0015905020627087,4
2022-12-15,21,-0.0003621953346598,-0.0003621953346598,0.0,1.0,-0.0003621953346598,4
2022-12-16,21,0.0001962191753565,0.0001962191753565,0.0,1.0,0.0001962191753565,4
2022-12-19,21,4.1674912747067646e-05,4.1674912747067646e-05,0.0,1.0,4.1674912747067646e-05,4
2022-12-20,21,0.0037846581680285,0.0037846581680285,0.0,1.0,0.0037846581680285,4
2022-12-21,21,0.0025756119038807,0.0025756119038807,0.0,1.0,0.0025756119038807,4
2022-12-22,21,-0.0002119397877297,-0.0002119397877297,0.0,1.0,-0.0002119397877297,4
2022-12-23,21,-0.0005920115132632,-0.0005920115132632,0.0,1.0,-0.0005920115132632,4
2022-12-27,21,0.0001565171606075,0.0001565171606075,0.0,1.0,0.0001565171606075,4
2022-12-28,21,0.0012011611068676,0.0012011611068676,0.0,1.0,0.0012011611068676,4
2022-12-29,21,0.0015220844133345,0.0015220844133345,0.0,1.0,0.0015220844133345,4
2022-12-30,21,2.181716219148249e-05,2.181716219148249e-05,0.0,1.0,2.181716219148249e-05,4
2023-01-03,21,0.0005766029786099,0.0005766029786099,0.0,1.0,0.0005766029786099,4
2023-01-04,21,0.0007313351757199,0.0007313351757199,0.0,1.0,0.0007313351757199,4
2023-01-05,22,0.0,0.0,0.0,1.0,0.0,3
2023-01-06,22,0.0006054800746756,0.0009054800746756,0.3,1.0,0.0006054800746756,3
2023-01-09,22,0.0008196166398933,0.0008196166398933,0.0,1.0,0.0008196166398933,3
2023-01-10,22,0.0014871273239222,0.0014871273239222,0.0,1.0,0.0014871273239222,3
2023-01-11,22,0.0039846466051279,0.0039846466051279,0.0,1.0,0.0039846466051279,3
2023-01-12,22,0.0003029735370358,0.0006529735370358,0.35,1.0,0.0003029735370358,3
2023-01-13,22,-0.0023765019048166,-0.0023765019048166,0.0,1.0,-0.0023765019048166,3
2023-01-17,22,0.0009141291853787,0.0009141291853787,0.0,1.0,0.0009141291853787,3
2023-01-18,22,-0.0061528607129367,-0.0061528607129367,0.0,1.0,-0.0061528607129367,3
2023-01-19,22,-0.0015661178679148,-0.0015661178679148,0.0,1.0,-0.0015661178679148,3
2023-01-20,22,0.002803128556949,0.002803128556949,0.0,1.0,0.002803128556949,3
2023-01-23,22,-2.4882190465587824e-05,-2.4882190465587824e-05,0.0,1.0,-2.4882190465587824e-05,3
2023-01-24,22,0.0022506227980639,0.0022506227980639,0.0,1.0,0.0022506227980639,3
2023-01-25,22,-0.0005660216135313,-0.0005660216135313,0.0,1.0,-0.0005660216135313,3
2023-01-26,22,-0.0009976295584371,-0.0009976295584371,0.0,1.0,-0.0009976295584371,3
2023-01-27,22,-0.0078640575190463,-0.0078640575190463,0.0,1.0,-0.0078640575190463,3
2023-01-30,22,0.0022685490328148,0.0022685490328148,0.0,1.0,0.0022685490328148,3
2023-01-31,22,0.0066754290668712,0.0070254290668712,0.35,1.0,0.0066754290668712,3
2023-02-01,22,0.0076480759320564,0.0076480759320564,0.0,1.0,0.0076480759320564,3
2023-02-02,22,0.0079234907091277,0.0079234907091277,0.0,1.0,0.0079234907091277,3
2023-02-03,22,0.0021785118185823,0.0024785118185823,0.3,1.0,0.0021785118185823,3
2023-02-06,22,0.0015224182005782,0.0015224182005782,0.0,1.0,0.0015224182005782,3
2023-02-07,22,-0.0001698007138229,-0.0001698007138229,0.0,1.0,-0.0001698007138229,3
2023-02-08,22,0.0006119047738696,0.0006119047738696,0.0,1.0,0.0006119047738696,3
2023-02-09,22,-0.0042191344778039,-0.0038691344778039,0.35,1.0,-0.0042191344778039,3
2023-02-10,22,0.000442346408392,0.000442346408392,0.0,1.0,0.000442346408392,3
2023-02-13,22,-0.0002652143228972,-0.0002652143228972,0.0,1.0,-0.0002652143228972,3
2023-02-14,22,-0.0007677768141647,-0.0007677768141647,0.0,1.0,-0.0007677768141647,3
2023-02-15,22,-0.0014606645571063,-0.0014606645571063,0.0,1.0,-0.0014606645571063,3
2023-02-16,22,0.0002841123936848,0.0002841123936848,0.0,1.0,0.0002841123936848,3
2023-02-17,22,0.0050118977910421,0.0050118977910421,0.0,1.0,0.0050118977910421,3
2023-02-21,22,-0.0037709338383546,-0.0037709338383546,0.0,1.0,-0.0037709338383546,3
2023-02-22,22,-0.0007637044254348,-0.0007637044254348,0.0,1.0,-0.0007637044254348,3
2023-02-23,22,0.0003008067399942,0.0003008067399942,0.0,1.0,0.0003008067399942,3
2023-02-24,22,-0.0015222032239829,-0.0015222032239829,0.0,1.0,-0.0015222032239829,3
2023-02-27,22,0.000692657603526,0.000692657603526,0.0,1.0,0.000692657603526,3
2023-02-28,22,-0.00035,0.0,0.35,1.0,-0.00035,3
2023-03-01,22,0.0,0.0,0.0,1.0,0.0,3
2023-03-02,22,0.0,0.0,0.0,1.0,0.0,3
2023-03-03,22,0.0,0.0,0.0,1.0,0.0,3
2023-03-06,22,0.0,0.0,0.0,1.0,0.0,3
2023-03-07,22,4.9475307343990085e-05,0.0003994753073439,0.35,1.0,4.9475307343990085e-05,3
2023-03-08,22,0.0024696668457773,0.0024696668457773,0.0,1.0,0.0024696668457773,3
2023-03-09,22,0.0041437313779919,0.0041437313779919,0.0,1.0,0.0041437313779919,3
2023-03-10,22,-0.001127030949697,-0.001127030949697,0.0,1.0,-0.001127030949697,3
2023-03-13,22,-0.0001288677955067,-0.0001288677955067,0.0,1.0,-0.0001288677955067,3
2023-03-14,22,-0.0008655718179,-0.0008655718179,0.0,1.0,-0.0008655718179,3
2023-03-15,22,-0.0001553814640952,-0.0001553814640952,0.0,1.0,-0.0001553814640952,3
2023-03-16,22,0.0005720397792545,0.0005720397792545,0.0,1.0,0.0005720397792545,3
2023-03-17,22,0.0006426044109649,0.0009426044109649,0.3,1.0,0.0006426044109649,3
2023-03-20,22,0.0055755583113992,0.0055755583113992,0.0,1.0,0.0055755583113992,3
2023-03-21,22,-0.0010535758266739,-0.0010535758266739,0.0,1.0,-0.0010535758266739,3
2023-03-22,22,0.0063935186131953,0.0063935186131953,0.0,1.0,0.0063935186131953,3
2023-03-23,22,-0.0038417741346356,-0.0038417741346356,0.0,1.0,-0.0038417741346356,3
2023-03-24,22,-0.0037147113679401,-0.0037147113679401,0.0,1.0,-0.0037147113679401,3
2023-03-27,22,0.0038843647814803,0.0038843647814803,0.0,1.0,0.0038843647814803,3
2023-03-28,22,0.0038550219943297,0.0038550219943297,0.0,1.0,0.0038550219943297,3
2023-03-29,22,-0.0060884374641397,-0.0060884374641397,0.0,1.0,-0.0060884374641397,3
2023-03-30,22,-0.0017145694914072,-0.0017145694914072,0.0,1.0,-0.0017145694914072,3
2023-03-31,22,-0.0024845464255232,-0.0024845464255232,0.0,1.0,-0.0024845464255232,3
2023-04-03,22,0.0014629646924956,0.0018129646924956,0.35,1.0,0.0014629646924956,3
2023-04-04,22,0.0001194415578423,0.0001194415578423,0.0,1.0,0.0001194415578423,3
2023-04-05,22,0.0029249954020038,0.0029249954020038,0.0,1.0,0.0029249954020038,3
2023-04-06,23,0.0,0.0,0.0,1.0,0.0,4
2023-04-10,23,0.0,0.0,0.0,1.0,0.0,4
2023-04-11,23,0.0,0.0,0.0,1.0,0.0,4
2023-04-12,23,0.0,0.0,0.0,1.0,0.0,4
2023-04-13,23,0.0,0.0,0.0,1.0,0.0,4
2023-04-14,23,0.0,0.0,0.0,1.0,0.0,4
2023-04-17,23,0.0,0.0,0.0,1.0,0.0,4
2023-04-18,23,0.0,0.0,0.0,1.0,0.0,4
2023-04-19,23,0.0014839480598883,0.0017407962341678,0.2568481742795795,1.0,0.0014839480598883,4
2023-04-20,23,0.0005253727828289,0.0005253727828289,0.0,1.0,0.0005253727828289,4
2023-04-21,23,-0.0027941257970097,-0.0027941257970097,0.0,1.0,-0.0027941257970097,4
2023-04-24,23,0.0014897027620116,0.0014897027620116,0.0,1.0,0.0014897027620116,4
2023-04-25,23,0.0015435599693774,0.0015435599693774,0.0,1.0,0.0015435599693774,4
2023-04-26,23,-0.0016317080200912,-0.0016317080200912,0.0,1.0,-0.0016317080200912,4
2023-04-27,23,-0.0025729046473336,-0.0023815757719466,0.1913288753869351,1.0,-0.0025729046473336,4
2023-04-28,23,-0.0011036597172379,-0.0011036597172379,0.0,1.0,-0.0011036597172379,4
2023-05-01,23,-0.0011716716453048,-0.0011716716453048,0.0,1.0,-0.0011716716453048,4
2023-05-02,23,0.0005735903106837,0.0005735903106837,0.0,1.0,0.0005735903106837,4
2023-05-03,23,-0.006236137029614,-0.006236137029614,0.0,1.0,-0.006236137029614,4
2023-05-04,23,-0.0014274697962873,-0.0014274697962873,0.0,1.0,-0.0014274697962873,4
2023-05-05,23,0.0023286009213618,0.0025304238716953,0.2018229503334852,1.0,0.0023286009213618,4
2023-05-08,23,0.0032586120887113,0.0032586120887113,0.0,1.0,0.0032586120887113,4
2023-05-09,23,-0.00016299088563,-0.00016299088563,0.0,1.0,-0.00016299088563,4
2023-05-10,23,-0.0009057205631009,-0.0009057205631009,0.0,1.0,-0.0009057205631009,4
2023-05-11,23,0.0038966785733594,0.0038966785733594,0.0,1.0,0.0038966785733594,4
2023-05-12,23,0.0005629516402584,0.0005629516402584,0.0,1.0,0.0005629516402584,4
2023-05-15,23,-0.0026251101032021,-0.0026251101032021,0.0,1.0,-0.0026251101032021,4
2023-05-16,23,0.0016653758533082,0.0019222240275878,0.2568481742795795,1.0,0.0016653758533082,4
2023-05-17,23,-0.000649039562066,-0.000649039562066,0.0,1.0,-0.000649039562066,4
2023-05-18,23,-0.000136237594581,-0.000136237594581,0.0,1.0,-0.000136237594581,4
2023-05-19,23,-0.0002940702032864,-0.0002940702032864,0.0,1.0,-0.0002940702032864,4
2023-05-22,23,4.862802563453713e-05,4.862802563453713e-05,0.0,1.0,4.862802563453713e-05,4
2023-05-23,23,0.0012870216600021,0.0012870216600021,0.0,1.0,0.0012870216600021,4
2023-05-24,23,0.0004902543934231,0.00068158326881,0.1913288753869351,1.0,0.0004902543934231,4
2023-05-25,23,0.0020632919206742,0.0020632919206742,0.0,1.0,0.0020632919206742,4
2023-05-26,23,-0.0003636900271844,-0.0003636900271844,0.0,1.0,-0.0003636900271844,4
2023-05-30,23,0.0024484166639941,0.0024484166639941,0.0,1.0,0.0024484166639941,4
2023-05-31,23,0.0006070353466744,0.0006070353466744,0.0,1.0,0.0006070353466744,4
2023-06-01,23,-0.000940489091781,-0.000940489091781,0.0,1.0,-0.000940489091781,4
2023-06-02,23,-0.0002018229503334,0.0,0.2018229503334852,1.0,-0.0002018229503334,4
2023-06-05,23,0.0,0.0,0.0,1.0,0.0,4
2023-06-06,23,-0.0002393879795875,1.746019469204332e-05,0.2568481742795795,1.0,-0.0002393879795875,4
2023-06-07,23,-0.0013168091680123,-0.0013168091680123,0.0,1.0,-0.0013168091680123,4
2023-06-08,23,-0.0009148448987437,-0.0009148448987437,0.0,1.0,-0.0009148448987437,4
2023-06-09,23,0.0003588164972968,0.0003588164972968,0.0,1.0,0.0003588164972968,4
2023-06-12,23,3.896053373662968e-05,3.896053373662968e-05,0.0,1.0,3.896053373662968e-05,4
2023-06-13,23,-0.0009835582086984,-0.0009835582086984,0.0,1.0,-0.0009835582086984,4
2023-06-14,23,-0.0007414831274518,-0.0007414831274518,0.0,1.0,-0.0007414831274518,4
2023-06-15,23,-0.0018278661499043,-0.0018278661499043,0.0,1.0,-0.0018278661499043,4
2023-06-16,23,-0.0014192053844788,-0.0014192053844788,0.0,1.0,-0.0014192053844788,4
2023-06-20,23,0.0006858993743306,0.0006858993743306,0.0,1.0,0.0006858993743306,4
2023-06-21,23,0.0004390736686087,0.0004390736686087,0.0,1.0,0.0004390736686087,4
2023-06-22,23,-0.001474148450923,-0.001474148450923,0.0,1.0,-0.001474148450923,4
2023-06-23,23,0.0003183246110419,0.0003183246110419,0.0,1.0,0.0003183246110419,4
2023-06-26,23,0.001406720668553,0.001406720668553,0.0,1.0,0.001406720668553,4
2023-06-27,23,0.0019796555937664,0.0023296555937664,0.35,1.0,0.0019796555937664,4
2023-06-28,23,-0.0005568934753412,-0.0005568934753412,0.0,1.0,-0.0005568934753412,4
2023-06-29,23,-0.0004687119197171,-0.0004687119197171,0.0,1.0,-0.0004687119197171,4
2023-06-30,23,-0.000952763287235,-0.000952763287235,0.0,1.0,-0.000952763287235,4
2023-07-03,23,0.0017867259713727,0.0017867259713727,0.0,1.0,0.0017867259713727,4
2023-07-05,23,-0.0006062864450248,-0.0003494382707452,0.2568481742795795,1.0,-0.0006062864450248,4
2023-07-06,23,4.7635793768299984e-05,4.7635793768299984e-05,0.0,1.0,4.7635793768299984e-05,4
2023-07-07,23,-0.0002987688045512,-0.0002987688045512,0.0,1.0,-0.0002987688045512,4
2023-07-10,24,0.0,0.0,0.0,1.0,0.0,3
2023-07-11,24,0.0,0.0,0.0,1.0,0.0,3
2023-07-12,24,0.0,0.0,0.0,1.0,0.0,3
2023-07-13,24,-0.001626209233452,-0.000926209233452,0.7,1.0,-0.001626209233452,3
2023-07-14,24,0.0031758862265972,0.0031758862265972,0.0,1.0,0.0031758862265972,3
2023-07-17,24,0.0009459997514157,0.0009459997514157,0.0,1.0,0.0009459997514157,3
2023-07-18,24,0.0002101416512747,0.0002101416512747,0.0,1.0,0.0002101416512747,3
2023-07-19,24,-0.0053586336617788,-0.0053586336617788,0.0,1.0,-0.0053586336617788,3
2023-07-20,24,-0.0012217532209362,-0.0012217532209362,0.0,1.0,-0.0012217532209362,3
2023-07-21,24,-0.0044959353678694,-0.0044959353678694,0.0,1.0,-0.0044959353678694,3
2023-07-24,24,-0.0034674125706709,-0.0034674125706709,0.0,1.0,-0.0034674125706709,3
2023-07-25,24,0.0029195558983418,0.0029195558983418,0.0,1.0,0.0029195558983418,3
2023-07-26,24,0.0124231781706212,0.0124231781706212,0.0,1.0,0.0124231781706212,3
2023-07-27,24,-0.0014570862559675,-0.0014570862559675,0.0,1.0,-0.0014570862559675,3
2023-07-28,24,-0.0047117154969209,-0.0047117154969209,0.0,1.0,-0.0047117154969209,3
2023-07-31,24,0.0006853634274648,0.0006853634274648,0.0,1.0,0.0006853634274648,3
2023-08-01,24,0.0045553946281392,0.0045553946281392,0.0,1.0,0.0045553946281392,3
2023-08-02,24,-0.0056555077281654,-0.0056555077281654,0.0,1.0,-0.0056555077281654,3
2023-08-03,24,0.0050258526712484,0.0050258526712484,0.0,1.0,0.0050258526712484,3
2023-08-04,24,0.0072357102506857,0.0072357102506857,0.0,1.0,0.0072357102506857,3
2023-08-07,24,0.0006472156923801,0.0006472156923801,0.0,1.0,0.0006472156923801,3
2023-08-08,24,0.0006962129348223,0.0006962129348223,0.0,1.0,0.0006962129348223,3
2023-08-09,24,-0.0007,0.0,0.7,1.0,-0.0007,3
2023-08-10,24,0.0,0.0,0.0,1.0,0.0,3
2023-08-11,24,0.0,0.0,0.0,1.0,0.0,3
2023-08-14,24,0.0026192344279812,0.0029192344279812,0.3,1.0,0.0026192344279812,3
2023-08-15,24,0.0002112511569281,0.0002112511569281,0.0,1.0,0.0002112511569281,3
2023-08-16,24,0.0007532695582203,0.0007532695582203,0.0,1.0,0.0007532695582203,3
2023-08-17,24,0.0003234965777268,0.0003234965777268,0.0,1.0,0.0003234965777268,3
2023-08-18,24,-0.0007522414286785,-0.0007522414286785,0.0,1.0,-0.0007522414286785,3
2023-08-21,24,0.0017515693234633,0.0021015693234633,0.35,1.0,0.0017515693234633,3
2023-08-22,24,-0.001960508968089,-0.001960508968089,0.0,1.0,-0.001960508968089,3
2023-08-23,24,0.0004633964086252,0.0004633964086252,0.0,1.0,0.0004633964086252,3
2023-08-24,24,-0.0024024246834565,-0.0024024246834565,0.0,1.0,-0.0024024246834565,3
2023-08-25,24,0.0050845116472689,0.0050845116472689,0.0,1.0,0.0050845116472689,3
2023-08-28,24,-0.0005719540212879,-0.0005719540212879,0.0,1.0,-0.0005719540212879,3
2023-08-29,24,0.0002005672193648,0.0002005672193648,0.0,1.0,0.0002005672193648,3
2023-08-30,24,0.001414513748489,0.001414513748489,0.0,1.0,0.001414513748489,3
2023-08-31,24,0.0002870217116109,0.0002870217116109,0.0,1.0,0.0002870217116109,3
2023-09-01,24,0.0033228537959991,0.0033228537959991,0.0,1.0,0.0033228537959991,3
2023-09-05,24,-0.0020801963062767,-0.0020801963062767,0.0,1.0,-0.0020801963062767,3
2023-09-06,24,-0.0040922394943912,-0.0040922394943912,0.0,1.0,-0.0040922394943912,3
2023-09-07,24,-0.0056299524732781,-0.0056299524732781,0.0,1.0,-0.0056299524732781,3
2023-09-08,24,0.0023620256674821,0.0023620256674821,0.0,1.0,0.0023620256674821,3
2023-09-11,24,0.0088025795519711,0.0091025795519711,0.3,1.0,0.0088025795519711,3
2023-09-12,24,0.0052693839082604,0.0052693839082604,0.0,1.0,0.0052693839082604,3
2023-09-13,24,-0.0002138825737266,8.611742627333534e-05,0.3,1.0,-0.0002138825737266,3
2023-09-14,24,-1.495872108904091e-05,-1.495872108904091e-05,0.0,1.0,-1.495872108904091e-05,3
2023-09-15,24,-0.0024417654389693,-0.0024417654389693,0.0,1.0,-0.0024417654389693,3
2023-09-18,24,0.0010608396741993,0.0014108396741993,0.35,1.0,0.0010608396741993,3
2023-09-19,24,0.0043995235850274,0.0043995235850274,0.0,1.0,0.0043995235850274,3
2023-09-20,24,-0.001555042754996,-0.001555042754996,0.0,1.0,-0.001555042754996,3
2023-09-21,24,-0.0027380426682388,-0.0027380426682388,0.0,1.0,-0.0027380426682388,3
2023-09-22,24,-0.0013551373681468,-0.0013551373681468,0.0,1.0,-0.0013551373681468,3
2023-09-25,24,-0.0016410367756871,-0.0016410367756871,0.0,1.0,-0.0016410367756871,3
2023-09-26,24,0.0014045051911691,0.0014045051911691,0.0,1.0,0.0014045051911691,3
2023-09-27,24,-0.0016917365234913,-0.0016917365234913,0.0,1.0,-0.0016917365234913,3
2023-09-28,24,-0.0008643782918307,-0.0008643782918307,0.0,1.0,-0.0008643782918307,3
2023-09-29,24,0.0006439883377549,0.0006439883377549,0.0,1.0,0.0006439883377549,3
2023-10-02,24,0.0047337305913638,0.0047337305913638,0.0,1.0,0.0047337305913638,3
2023-10-03,24,-0.0017295783782804,-0.0017295783782804,0.0,1.0,-0.0017295783782804,3
2023-10-04,24,0.0023210611876995,0.0023210611876995,0.0,1.0,0.0023210611876995,3
2023-10-05,24,-0.0003504174826519,-0.0003504174826519,0.0,1.0,-0.0003504174826519,3
2023-10-06,25,0.0,0.0,0.0,1.0,0.0,4
2023-10-09,25,0.0,0.0,0.0,1.0,0.0,4
2023-10-10,25,0.0,0.0,0.0,1.0,0.0,4
2023-10-11,25,0.0,0.0,0.0,1.0,0.0,4
2023-10-12,25,-0.0022755256223876,-0.0020545891824513,0.2209364399363079,1.0,-0.0022755256223876,4
2023-10-13,25,0.0008077780728859,0.0008077780728859,0.0,1.0,0.0008077780728859,4
2023-10-16,25,-0.0001398394327671,-0.0001398394327671,0.0,1.0,-0.0001398394327671,4
2023-10-17,25,0.0005940933081015,0.0005940933081015,0.0,1.0,0.0005940933081015,4
2023-10-18,25,-0.0023502372465609,-0.0023502372465609,0.0,1.0,-0.0023502372465609,4
2023-10-19,25,0.0020405944221005,0.0020405944221005,0.0,1.0,0.0020405944221005,4
2023-10-20,25,0.0053108536224875,0.0058616715247299,0.5508179022424162,1.0,0.0053108536224875,4
2023-10-23,25,-0.0025451211657512,-0.0025451211657512,0.0,1.0,-0.0025451211657512,4
2023-10-24,25,0.0012782810273456,0.0012782810273456,0.0,1.0,0.0012782810273456,4
2023-10-25,25,0.003208257687318,0.003208257687318,0.0,1.0,0.003208257687318,4
2023-10-26,25,0.0051873438408923,0.0051873438408923,0.0,1.0,0.0051873438408923,4
2023-10-27,25,0.001536329865139,0.001536329865139,0.0,1.0,0.001536329865139,4
2023-10-30,25,-0.0046854309982528,-0.0046854309982528,0.0,1.0,-0.0046854309982528,4
2023-10-31,25,-0.0003339883747241,-0.0003339883747241,0.0,1.0,-0.0003339883747241,4
2023-11-01,25,-0.0025107133186445,-0.0025107133186445,0.0,1.0,-0.0025107133186445,4
2023-11-02,25,-0.0015432511320867,-0.0015432511320867,0.0,1.0,-0.0015432511320867,4
2023-11-03,25,0.003643480708427,0.003643480708427,0.0,1.0,0.003643480708427,4
2023-11-06,25,0.0039302923394996,0.0039302923394996,0.0,1.0,0.0039302923394996,4
2023-11-07,25,-0.001013991888645,-0.001013991888645,0.0,1.0,-0.001013991888645,4
2023-11-08,25,0.0011448025276977,0.001365738967634,0.2209364399363079,1.0,0.0011448025276977,4
2023-11-09,25,-0.0031971297755045,-0.0031971297755045,0.0,1.0,-0.0031971297755045,4
2023-11-10,25,0.001204630787453,0.0014328764452743,0.228245657821276,1.0,0.001204630787453,4
2023-11-13,25,0.0007813917981855,0.0007813917981855,0.0,1.0,0.0007813917981855,4
2023-11-14,25,0.0056828744959748,0.0056828744959748,0.0,1.0,0.0056828744959748,4
2023-11-15,25,0.0039889488408306,0.0039889488408306,0.0,1.0,0.0039889488408306,4
2023-11-16,25,-0.0025282821556231,-0.0019774642533807,0.5508179022424162,1.0,-0.0025282821556231,4
2023-11-17,25,0.0018720795317179,0.0018720795317179,0.0,1.0,0.0018720795317179,4
2023-11-20,25,-0.0014016022440382,-0.0014016022440382,0.0,1.0,-0.0014016022440382,4
2023-11-21,25,-0.0013348072016674,-0.0013348072016674,0.0,1.0,-0.0013348072016674,4
2023-11-22,25,0.0019538738650765,0.0019538738650765,0.0,1.0,0.0019538738650765,4
2023-11-24,25,0.0004920702004537,0.0004920702004537,0.0,1.0,0.0004920702004537,4
2023-11-27,25,-0.0012979636451025,-0.0012979636451025,0.0,1.0,-0.0012979636451025,4
2023-11-28,25,0.0024301580615581,0.0024301580615581,0.0,1.0,0.0024301580615581,4
2023-11-29,25,-0.0030559296513153,-0.0030559296513153,0.0,1.0,-0.0030559296513153,4
2023-11-30,25,-0.0007762067792555,-0.0007762067792555,0.0,1.0,-0.0007762067792555,4
2023-12-01,25,6.589589319157968e-05,6.589589319157968e-05,0.0,1.0,6.589589319157968e-05,4
2023-12-04,25,0.0008066316241865,0.0008066316241865,0.0,1.0,0.0008066316241865,4
2023-12-05,25,0.0048892635790172,0.0048892635790172,0.0,1.0,0.0048892635790172,4
2023-12-06,25,0.0060558471208644,0.0060558471208644,0.0,1.0,0.0060558471208644,4
2023-12-07,25,0.001238983021995,0.001238983021995,0.0,1.0,0.001238983021995,4
2023-12-08,25,-0.0002282456578212,0.0,0.228245657821276,1.0,-0.0002282456578212,4
2023-12-11,25,0.0030204369939443,0.0032486826517656,0.228245657821276,1.0,0.0030204369939443,4
2023-12-12,25,0.0024063390862501,0.0024063390862501,0.0,1.0,0.0024063390862501,4
2023-12-13,25,-0.0032816399930969,-0.0032816399930969,0.0,1.0,-0.0032816399930969,4
2023-12-14,25,0.000549788752152,0.000549788752152,0.0,1.0,0.000549788752152,4
2023-12-15,25,-0.0035807560385392,-0.003310445856532,0.2703101820072726,1.0,-0.0035807560385392,4
2023-12-18,25,0.0028399752180222,0.0030609116579585,0.2209364399363079,1.0,0.0028399752180222,4
2023-12-19,25,-0.0039221905091056,-0.0039221905091056,0.0,1.0,-0.0039221905091056,4
2023-12-20,25,-0.0050782515605915,-0.0050782515605915,0.0,1.0,-0.0050782515605915,4
2023-12-21,25,-0.0030105519882574,-0.0030105519882574,0.0,1.0,-0.0030105519882574,4
2023-12-22,25,0.0004044435796337,0.0004044435796337,0.0,1.0,0.0004044435796337,4
2023-12-26,25,-0.0008140801567553,-0.0008140801567553,0.0,1.0,-0.0008140801567553,4
2023-12-27,25,-0.0018133236940514,-0.0018133236940514,0.0,1.0,-0.0018133236940514,4
2023-12-28,25,0.0008445890873338,0.0008445890873338,0.0,1.0,0.0008445890873338,4
2023-12-29,25,0.0003938160245884,0.0003938160245884,0.0,1.0,0.0003938160245884,4
2024-01-02,25,-0.0030584887010251,-0.0030584887010251,0.0,1.0,-0.0030584887010251,4
2024-01-03,25,0.0025334038521524,0.0025334038521524,0.0,1.0,0.0025334038521524,4
2024-01-04,25,0.0002048220077826,0.0002048220077826,0.0,1.0,0.0002048220077826,4
2024-01-05,25,-0.0035890123183669,-0.0035890123183669,0.0,1.0,-0.0035890123183669,4
2024-01-08,26,0.0,0.0,0.0,1.0,0.0,3
2024-01-09,26,0.0,0.0,0.0,1.0,0.0,3
2024-01-10,26,0.0,0.0,0.0,1.0,0.0,3
2024-01-11,26,0.0,0.0,0.0,1.0,0.0,3
2024-01-12,26,0.0,0.0,0.0,1.0,0.0,3
2024-01-16,26,0.0,0.0,0.0,1.0,0.0,3
2024-01-17,26,-0.0019571683331201,-0.00165189003605,0.3052782970700901,1.0,-0.0019571683331201,3
2024-01-18,26,-0.0005622624060395,-0.0005622624060395,0.0,1.0,-0.0005622624060395,3
2024-01-19,26,0.0008644722525809,0.0008644722525809,0.0,1.0,0.0008644722525809,3
2024-01-22,26,0.0032178714085164,0.0032178714085164,0.0,1.0,0.0032178714085164,3
2024-01-23,26,0.0027990784576372,0.0027990784576372,0.0,1.0,0.0027990784576372,3
2024-01-24,26,0.0019913232252162,0.0019913232252162,0.0,1.0,0.0019913232252162,3
2024-01-25,26,-0.0003341152100703,-0.0003341152100703,0.0,1.0,-0.0003341152100703,3
2024-01-26,26,0.0016918415332573,0.0020365632361872,0.3447217029299099,1.0,0.0016918415332573,3
2024-01-29,26,-0.001925758573436,-0.001925758573436,0.0,1.0,-0.001925758573436,3
2024-01-30,26,0.0023024414485841,0.0023024414485841,0.0,1.0,0.0023024414485841,3
2024-01-31,26,0.0003002864179141,0.0003002864179141,0.0,1.0,0.0003002864179141,3
2024-02-01,26,-0.0022271754662767,-0.0022271754662767,0.0,1.0,-0.0022271754662767,3
2024-02-02,26,0.0003884706521796,0.0003884706521796,0.0,1.0,0.0003884706521796,3
2024-02-05,26,0.0002423764247185,0.0005923764247185,0.35,1.0,0.0002423764247185,3
2024-02-06,26,0.0073704586298223,0.0073704586298223,0.0,1.0,0.0073704586298223,3
2024-02-07,26,-0.0020406796998673,-0.0020406796998673,0.0,1.0,-0.0020406796998673,3
2024-02-08,26,0.0018751184844964,0.0018751184844964,0.0,1.0,0.0018751184844964,3
2024-02-09,26,-0.0015624005724131,-0.0015624005724131,0.0,1.0,-0.0015624005724131,3
2024-02-12,26,0.0009467838200537,0.0009467838200537,0.0,1.0,0.0009467838200537,3
2024-02-13,26,0.0004634697965109,0.000768748093581,0.3052782970700901,1.0,0.0004634697965109,3
2024-02-14,26,0.0025589890176875,0.0025589890176875,0.0,1.0,0.0025589890176875,3
2024-02-15,26,0.0029353800204449,0.0029353800204449,0.0,1.0,0.0029353800204449,3
2024-02-16,26,0.0124565899666749,0.0124565899666749,0.0,1.0,0.0124565899666749,3
2024-02-20,26,-0.000250249981912,9.44717210178412e-05,0.3447217029299099,1.0,-0.000250249981912,3
2024-02-21,26,-0.0001227750704976,-0.0001227750704976,0.0,1.0,-0.0001227750704976,3
2024-02-22,26,-0.0001693301823626,-0.0001693301823626,0.0,1.0,-0.0001693301823626,3
2024-02-23,26,0.0001271725835192,0.0001271725835192,0.0,1.0,0.0001271725835192,3
2024-02-26,26,0.0001509357233259,0.0001509357233259,0.0,1.0,0.0001509357233259,3
2024-02-27,26,0.0002259614050742,0.0002259614050742,0.0,1.0,0.0002259614050742,3
2024-02-28,26,-0.0005335007349474,-0.0005335007349474,0.0,1.0,-0.0005335007349474,3
2024-02-29,26,0.0003094906283785,0.0003094906283785,0.0,1.0,0.0003094906283785,3
2024-03-01,26,0.0003186804879941,0.0003186804879941,0.0,1.0,0.0003186804879941,3
2024-03-04,26,-0.00035,0.0,0.35,1.0,-0.00035,3
2024-03-05,26,0.0,0.0,0.0,1.0,0.0,3
2024-03-06,26,0.0,0.0,0.0,1.0,0.0,3
2024-03-07,26,0.0,0.0,0.0,1.0,0.0,3
2024-03-08,26,0.0,0.0,0.0,1.0,0.0,3
2024-03-11,26,0.0,0.0,0.0,1.0,0.0,3
2024-03-12,26,0.0,0.0,0.0,1.0,0.0,3
2024-03-13,26,0.0,0.0,0.0,1.0,0.0,3
2024-03-14,26,-0.0004661673361926,-0.0001161673361926,0.35,1.0,-0.0004661673361926,3
2024-03-15,26,0.0005172941738451,0.0005172941738451,0.0,1.0,0.0005172941738451,3
2024-03-18,26,0.0063975103729236,0.0067422320758535,0.3447217029299099,1.0,0.0063975103729236,3
2024-03-19,26,0.0028124265994433,0.0028124265994433,0.0,1.0,0.0028124265994433,3
2024-03-20,26,-0.0032682240421582,-0.0032682240421582,0.0,1.0,-0.0032682240421582,3
2024-03-21,26,-0.0042180741165599,-0.0042180741165599,0.0,1.0,-0.0042180741165599,3
2024-03-22,26,-0.0048470248166532,-0.0048470248166532,0.0,1.0,-0.0048470248166532,3
2024-03-25,26,0.0029657797365242,0.0029657797365242,0.0,1.0,0.0029657797365242,3
2024-03-26,26,-0.000816929510361,-0.000816929510361,0.0,1.0,-0.000816929510361,3
2024-03-27,26,0.0023677336364561,0.0023677336364561,0.0,1.0,0.0023677336364561,3
2024-03-28,26,-0.0005589951995798,-0.0005589951995798,0.0,1.0,-0.0005589951995798,3
2024-04-01,26,-0.0016694794843093,-0.0016694794843093,0.0,1.0,-0.0016694794843093,3
2024-04-02,26,0.0009285017889921,0.0009285017889921,0.0,1.0,0.0009285017889921,3
2024-04-03,26,-0.0011716331341839,-0.0011716331341839,0.0,1.0,-0.0011716331341839,3
2024-04-04,26,-0.0038363643064268,-0.0038363643064268,0.0,1.0,-0.0038363643064268,3
2024-04-05,26,-0.0053951051969318,-0.0053951051969318,0.0,1.0,-0.0053951051969318,3
2024-04-08,26,-0.0007340511828379,-0.0007340511828379,0.0,1.0,-0.0007340511828379,3
2024-04-09,27,0.0,0.0,0.0,1.0,0.0,3
2024-04-10,27,0.0,0.0,0.0,1.0,0.0,3
2024-04-11,27,-0.0033674322390201,-0.0030674322390201,0.3,1.0,-0.0033674322390201,3
2024-04-12,27,-0.0071975448270172,-0.0068475448270172,0.35,1.0,-0.0071975448270172,3
2024-04-15,27,0.0015729336353451,0.0015729336353451,0.0,1.0,0.0015729336353451,3
2024-04-16,27,0.0095951965197283,0.0095951965197283,0.0,1.0,0.0095951965197283,3
2024-04-17,27,0.001791273368214,0.001791273368214,0.0,1.0,0.001791273368214,3
2024-04-18,27,-0.0001446364646164,-0.0001446364646164,0.0,1.0,-0.0001446364646164,3
2024-04-19,27,0.0015779436495667,0.0019279436495667,0.35,1.0,0.0015779436495667,3
2024-04-22,27,0.0014778451386712,0.0014778451386712,0.0,1.0,0.0014778451386712,3
2024-04-23,27,0.0020687519714295,0.0020687519714295,0.0,1.0,0.0020687519714295,3
2024-04-24,27,-0.0007799635430917,-0.0007799635430917,0.0,1.0,-0.0007799635430917,3
2024-04-25,27,0.0016060010842095,0.0016060010842095,0.0,1.0,0.0016060010842095,3
2024-04-26,27,0.0065122124541822,0.0065122124541822,0.0,1.0,0.0065122124541822,3
2024-04-29,27,-0.0001275059077215,-0.0001275059077215,0.0,1.0,-0.0001275059077215,3
2024-04-30,27,-0.0061844915521868,-0.0061844915521868,0.0,1.0,-0.0061844915521868,3
2024-05-01,27,-0.030384927496079,-0.030384927496079,0.0,1.0,-0.030384927496079,3
2024-05-02,27,0.0035180672689461,0.0038180672689461,0.3,1.0,0.0035180672689461,3
2024-05-03,27,0.0055236232761143,0.0058236232761143,0.3,1.0,0.0055236232761143,3
2024-05-06,27,0.0027306653275164,0.0027306653275164,0.0,1.0,0.0027306653275164,3
2024-05-07,27,-0.0030902457432467,-0.0030902457432467,0.0,1.0,-0.0030902457432467,3
2024-05-08,27,-0.003396764060353,-0.003396764060353,0.0,1.0,-0.003396764060353,3
2024-05-09,27,0.0009086135279214,0.0012586135279214,0.35,1.0,0.0009086135279214,3
2024-05-10,27,0.0017153515122504,0.0017153515122504,0.0,1.0,0.0017153515122504,3
2024-05-13,27,0.004134974460983,0.004134974460983,0.0,1.0,0.004134974460983,3
2024-05-14,27,-0.0003853801899053,-0.0003853801899053,0.0,1.0,-0.0003853801899053,3
2024-05-15,27,0.0020961775732657,0.0020961775732657,0.0,1.0,0.0020961775732657,3
2024-05-16,27,0.005425250634803,0.005775250634803,0.35,1.0,0.005425250634803,3
2024-05-17,27,-0.0005257982547245,-0.0005257982547245,0.0,1.0,-0.0005257982547245,3
2024-05-20,27,-0.0004244576576532,-0.0004244576576532,0.0,1.0,-0.0004244576576532,3
2024-05-21,27,-0.00128148443161,-0.00128148443161,0.0,1.0,-0.00128148443161,3
2024-05-22,27,0.0003983812119269,0.0003983812119269,0.0,1.0,0.0003983812119269,3
2024-05-23,27,-0.0051575404191051,-0.0051575404191051,0.0,1.0,-0.0051575404191051,3
2024-05-24,27,0.0028219202661488,0.0028219202661488,0.0,1.0,0.0028219202661488,3
2024-05-28,27,-0.0047639519195388,-0.0047639519195388,0.0,1.0,-0.0047639519195388,3
2024-05-29,27,0.0029879309354788,0.0029879309354788,0.0,1.0,0.0029879309354788,3
2024-05-30,27,0.0099593390895635,0.0103093390895635,0.35,1.0,0.0099593390895635,3
2024-05-31,27,-0.0014547714184555,-0.0008047714184555,0.65,1.0,-0.0014547714184555,3
2024-06-03,27,-0.0066061877802281,-0.0063061877802281,0.3,1.0,-0.0066061877802281,3
2024-06-04,27,-0.0003723486610991,-0.0003723486610991,0.0,1.0,-0.0003723486610991,3
2024-06-05,27,-0.0002283532477645,-0.0002283532477645,0.0,1.0,-0.0002283532477645,3
2024-06-06,27,0.0011327232394889,0.0011327232394889,0.0,1.0,0.0011327232394889,3
2024-06-07,27,-0.003773185532172,-0.003773185532172,0.0,1.0,-0.003773185532172,3
2024-06-10,27,0.0047609556858349,0.0047609556858349,0.0,1.0,0.0047609556858349,3
2024-06-11,27,0.005947899512548,0.005947899512548,0.0,1.0,0.005947899512548,3
2024-06-12,27,0.0012073584573389,0.0012073584573389,0.0,1.0,0.0012073584573389,3
2024-06-13,27,-0.0005917384444419,-0.0005917384444419,0.0,1.0,-0.0005917384444419,3
2024-06-14,27,0.0050982163038116,0.0050982163038116,0.0,1.0,0.0050982163038116,3
2024-06-17,27,0.000829326739069,0.000829326739069,0.0,1.0,0.000829326739069,3
2024-06-18,27,-0.0021605326243907,-0.0021605326243907,0.0,1.0,-0.0021605326243907,3
2024-06-20,27,0.0004574788281091,0.0004574788281091,0.0,1.0,0.0004574788281091,3
2024-06-21,27,0.0005250626368233,0.0005250626368233,0.0,1.0,0.0005250626368233,3
2024-06-24,27,-0.0022806670747052,-0.0022806670747052,0.0,1.0,-0.0022806670747052,3
2024-06-25,27,0.0056245990647694,0.0056245990647694,0.0,1.0,0.0056245990647694,3
2024-06-26,27,-0.0028398253467352,-0.0028398253467352,0.0,1.0,-0.0028398253467352,3
2024-06-27,27,0.0060660453683411,0.0064160453683411,0.35,1.0,0.0060660453683411,3
2024-06-28,27,-0.0043140033815673,-0.0039640033815673,0.35,1.0,-0.0043140033815673,3
2024-07-01,27,-0.0003,0.0,0.3,1.0,-0.0003,3
2024-07-02,27,0.0,0.0,0.0,1.0,0.0,3
2024-07-03,27,0.0,0.0,0.0,1.0,0.0,3
2024-07-05,27,0.0,0.0,0.0,1.0,0.0,3
2024-07-08,27,0.0,0.0,0.0,1.0,0.0,3
2024-07-09,27,0.0,0.0,0.0,1.0,0.0,3
2024-07-10,28,0.0,0.0,0.0,1.0,0.0,3
2024-07-11,28,0.0,0.0,0.0,1.0,0.0,3
2024-07-12,28,0.0,0.0,0.0,1.0,0.0,3
2024-07-15,28,0.0,0.0,0.0,1.0,0.0,3
2024-07-16,28,0.0,0.0,0.0,1.0,0.0,3
2024-07-17,28,0.0003009510865451,0.0006509510865451,0.35,1.0,0.0003009510865451,3
2024-07-18,28,-0.0026953263606777,-0.0026953263606777,0.0,1.0,-0.0026953263606777,3
2024-07-19,28,-0.0079062811499097,-0.0076062811499097,0.3,1.0,-0.0079062811499097,3
2024-07-22,28,0.0026411081925414,0.0026411081925414,0.0,1.0,0.0026411081925414,3
2024-07-23,28,0.003265304763806,0.003265304763806,0.0,1.0,0.003265304763806,3
2024-07-24,28,-0.0051412195597918,-0.0051412195597918,0.0,1.0,-0.0051412195597918,3
2024-07-25,28,-0.0037536443310354,-0.0037536443310354,0.0,1.0,-0.0037536443310354,3
2024-07-26,28,0.0020969331513474,0.0020969331513474,0.0,1.0,0.0020969331513474,3
2024-07-29,28,-0.0022059027539609,-0.0022059027539609,0.0,1.0,-0.0022059027539609,3
2024-07-30,28,-5.976220439335672e-05,-5.976220439335672e-05,0.0,1.0,-5.976220439335672e-05,3
2024-07-31,28,-0.0024642124914646,-0.0024642124914646,0.0,1.0,-0.0024642124914646,3
2024-08-01,28,-0.005431903843823,-0.005431903843823,0.0,1.0,-0.005431903843823,3
2024-08-02,28,-0.0111943338668965,-0.0111943338668965,0.0,1.0,-0.0111943338668965,3
2024-08-05,28,-0.0074118283094101,-0.0074118283094101,0.0,1.0,-0.0074118283094101,3
2024-08-06,28,0.001533352360819,0.001533352360819,0.0,1.0,0.001533352360819,3
2024-08-07,28,-0.0006944152379587,-0.0006944152379587,0.0,1.0,-0.0006944152379587,3
2024-08-08,28,0.0027217754894563,0.0027217754894563,0.0,1.0,0.0027217754894563,3
2024-08-09,28,-1.167731572749805e-06,-1.167731572749805e-06,0.0,1.0,-1.167731572749805e-06,3
2024-08-12,28,0.0021494833085953,0.0021494833085953,0.0,1.0,0.0021494833085953,3
2024-08-13,28,0.0016776980632376,0.0020276980632376,0.35,1.0,0.0016776980632376,3
2024-08-14,28,0.0017905230114698,0.0017905230114698,0.0,1.0,0.0017905230114698,3
2024-08-15,28,-0.0004970464663077,0.0001529535336922,0.65,1.0,-0.0004970464663077,3
2024-08-16,28,-0.0006415752236611,-0.0006415752236611,0.0,1.0,-0.0006415752236611,3
2024-08-19,28,-0.0009388005227779,-0.0009388005227779,0.0,1.0,-0.0009388005227779,3
2024-08-20,28,0.0010456767437881,0.0010456767437881,0.0,1.0,0.0010456767437881,3
2024-08-21,28,0.0008348990179847,0.0008348990179847,0.0,1.0,0.0008348990179847,3
2024-08-22,28,0.0032444303386441,0.0032444303386441,0.0,1.0,0.0032444303386441,3
2024-08-23,28,-0.0003914863974501,-0.0003914863974501,0.0,1.0,-0.0003914863974501,3
2024-08-26,28,-0.0012648023687099,-0.0009148023687099,0.35,1.0,-0.0012648023687099,3
2024-08-27,28,0.004481675941332,0.004481675941332,0.0,1.0,0.004481675941332,3
2024-08-28,28,-0.0016467687163798,-0.0016467687163798,0.0,1.0,-0.0016467687163798,3
2024-08-29,28,9.311283436555204e-05,9.311283436555204e-05,0.0,1.0,9.311283436555204e-05,3
2024-08-30,28,-0.0016059932789352,-0.0016059932789352,0.0,1.0,-0.0016059932789352,3
2024-09-03,28,0.0084858813390167,0.0084858813390167,0.0,1.0,0.0084858813390167,3
2024-09-04,28,-0.0024277160284942,-0.0024277160284942,0.0,1.0,-0.0024277160284942,3
2024-09-05,28,-0.0005097318494651,-0.0005097318494651,0.0,1.0,-0.0005097318494651,3
2024-09-06,28,0.0029409391250578,0.0029409391250578,0.0,1.0,0.0029409391250578,3
2024-09-09,28,-0.0039270174869953,-0.0039270174869953,0.0,1.0,-0.0039270174869953,3
2024-09-10,28,0.0043891505563739,0.0043891505563739,0.0,1.0,0.0043891505563739,3
2024-09-11,28,-0.0011596574125261,-0.0011596574125261,0.0,1.0,-0.0011596574125261,3
2024-09-12,28,-0.0013838352697342,-0.0007338352697342,0.65,1.0,-0.0013838352697342,3
2024-09-13,28,0.002049180482403,0.002049180482403,0.0,1.0,0.002049180482403,3
2024-09-16,28,-0.0040493599560733,-0.0040493599560733,0.0,1.0,-0.0040493599560733,3
2024-09-17,28,-0.0009452708235549,-0.0009452708235549,0.0,1.0,-0.0009452708235549,3
2024-09-18,28,-0.002140839712109,-0.002140839712109,0.0,1.0,-0.002140839712109,3
2024-09-19,28,0.0017633008457802,0.0017633008457802,0.0,1.0,0.0017633008457802,3
2024-09-20,28,-0.0036719347198436,-0.0036719347198436,0.0,1.0,-0.0036719347198436,3
2024-09-23,28,0.00097470507375,0.00132470507375,0.35,1.0,0.00097470507375,3
2024-09-24,28,0.0020591617214097,0.0020591617214097,0.0,1.0,0.0020591617214097,3
2024-09-25,28,-0.0008156449045221,-0.0008156449045221,0.0,1.0,-0.0008156449045221,3
2024-09-26,28,0.0003439961002759,0.0003439961002759,0.0,1.0,0.0003439961002759,3
2024-09-27,28,0.0024454610503086,0.0027954610503086,0.35,1.0,0.0024454610503086,3
2024-09-30,28,-0.0003274252140399,-0.0003274252140399,0.0,1.0,-0.0003274252140399,3
2024-10-01,28,0.0034901656101648,0.0034901656101648,0.0,1.0,0.0034901656101648,3
2024-10-02,28,0.0001408905582212,0.0001408905582212,0.0,1.0,0.0001408905582212,3
2024-10-03,28,0.0015228206526217,0.0015228206526217,0.0,1.0,0.0015228206526217,3
2024-10-04,28,-0.002642439694409,-0.002642439694409,0.0,1.0,-0.002642439694409,3
2024-10-07,28,0.0027565492457125,0.0027565492457125,0.0,1.0,0.0027565492457125,3
2024-10-08,29,0.0,0.0,0.0,1.0,0.0,2
2024-10-09,29,0.0,0.0,0.0,1.0,0.0,2
2024-10-10,29,0.0,0.0,0.0,1.0,0.0,2
2024-10-11,29,0.0,0.0,0.0,1.0,0.0,2
2024-10-14,29,0.0,0.0,0.0,1.0,0.0,2
2024-10-15,29,0.0,0.0,0.0,1.0,0.0,2
2024-10-16,29,0.0,0.0,0.0,1.0,0.0,2
2024-10-17,29,-0.0010128889406643,-0.0005128889406643,0.5,1.0,-0.0010128889406643,2
2024-10-18,29,-0.0064959661374735,-0.0064959661374735,0.0,1.0,-0.0064959661374735,2
2024-10-21,29,0.0043210843959043,0.0043210843959043,0.0,1.0,0.0043210843959043,2
2024-10-22,29,-0.0008205337976899,-0.0008205337976899,0.0,1.0,-0.0008205337976899,2
2024-10-23,29,0.0012785712972314,0.0017785712972314,0.5,1.0,0.0012785712972314,2
2024-10-24,29,-0.0004743372874132,-0.0004743372874132,0.0,1.0,-0.0004743372874132,2
2024-10-25,29,0.0010156967956064,0.0010156967956064,0.0,1.0,0.0010156967956064,2
2024-10-28,29,0.0022815688510241,0.0022815688510241,0.0,1.0,0.0022815688510241,2
2024-10-29,29,-0.0018226629632491,-0.0018226629632491,0.0,1.0,-0.0018226629632491,2
2024-10-30,29,0.0029208751095483,0.0029208751095483,0.0,1.0,0.0029208751095483,2
2024-10-31,29,0.0182093162202358,0.0182093162202358,0.0,1.0,0.0182093162202358,2
2024-11-01,29,-0.0052850938619848,-0.0052850938619848,0.0,1.0,-0.0052850938619848,2
2024-11-04,29,0.0008773526545459,0.0008773526545459,0.0,1.0,0.0008773526545459,2
2024-11-05,29,-0.0028720162676728,-0.0028720162676728,0.0,1.0,-0.0028720162676728,2
2024-11-06,29,-0.0349695367918393,-0.0349695367918393,0.0,1.0,-0.0349695367918393,2
2024-11-07,29,0.0035943519238992,0.0035943519238992,0.0,1.0,0.0035943519238992,2
2024-11-08,29,-0.0013227805353128,-0.0013227805353128,0.0,1.0,-0.0013227805353128,2
2024-11-11,29,-0.0030222765683416,-0.0030222765683416,0.0,1.0,-0.0030222765683416,2
2024-11-12,29,-0.004115702680411,-0.004115702680411,0.0,1.0,-0.004115702680411,2
2024-11-13,29,-0.0034844685147309,-0.0029844685147309,0.5,1.0,-0.0034844685147309,2
2024-11-14,29,-0.0021118267242947,-0.0021118267242947,0.0,1.0,-0.0021118267242947,2
2024-11-15,29,0.0047496672728648,0.0047496672728648,0.0,1.0,0.0047496672728648,2
2024-11-18,29,-0.00058994372709,-0.00058994372709,0.0,1.0,-0.00058994372709,2
2024-11-19,29,-0.0005,0.0,0.5,1.0,-0.0005,2
2024-11-20,29,0.0,0.0,0.0,1.0,0.0,2
2024-11-21,29,0.0,0.0,0.0,1.0,0.0,2
2024-11-22,29,0.0,0.0,0.0,1.0,0.0,2
2024-11-25,29,0.0,0.0,0.0,1.0,0.0,2
2024-11-26,29,0.0,0.0,0.0,1.0,0.0,2
2024-11-27,29,0.0,0.0,0.0,1.0,0.0,2
2024-11-29,29,0.0,0.0,0.0,1.0,0.0,2
2024-12-02,29,0.0,0.0,0.0,1.0,0.0,2
2024-12-03,29,0.0,0.0,0.0,1.0,0.0,2
2024-12-04,29,0.0,0.0,0.0,1.0,0.0,2
2024-12-05,29,0.0,0.0,0.0,1.0,0.0,2
2024-12-06,29,0.0,0.0,0.0,1.0,0.0,2
2024-12-09,29,0.0,0.0,0.0,1.0,0.0,2
2024-12-10,29,0.0,0.0,0.0,1.0,0.0,2
2024-12-11,29,0.0,0.0,0.0,1.0,0.0,2
2024-12-12,29,0.0,0.0,0.0,1.0,0.0,2
2024-12-13,29,0.0,0.0,0.0,1.0,0.0,2
2024-12-16,29,0.0,0.0,0.0,1.0,0.0,2
2024-12-17,29,0.0,0.0,0.0,1.0,0.0,2
2024-12-18,29,0.0,0.0,0.0,1.0,0.0,2
2024-12-19,29,-0.0004282031428139,7.179685718606646e-05,0.5,1.0,-0.0004282031428139,2
2024-12-20,29,0.0020088975122818,0.0020088975122818,0.0,1.0,0.0020088975122818,2
2024-12-23,29,-0.0045309645440832,-0.0045309645440832,0.0,1.0,-0.0045309645440832,2
2024-12-24,29,0.0016134674078403,0.0016134674078403,0.0,1.0,0.0016134674078403,2
2024-12-26,29,-2.322552583991987e-05,-2.322552583991987e-05,0.0,1.0,-2.322552583991987e-05,2
2024-12-27,29,-0.0054935205556969,-0.0054935205556969,0.0,1.0,-0.0054935205556969,2
2024-12-30,29,-0.0028764586416171,-0.0028764586416171,0.0,1.0,-0.0028764586416171,2
2024-12-31,29,-0.0015400148740179,-0.0015400148740179,0.0,1.0,-0.0015400148740179,2
