date,equal_weight,constrained_inverse_volatility,validation_score,score_risk_budget
2017-07-05,0.0,0.0,0.0,0.0
2017-07-06,0.0,0.0,0.0,0.0
2017-07-07,0.0,0.0,0.0,0.0
2017-07-10,0.0,0.0,0.0,0.0
2017-07-11,0.0,0.0,0.0,0.0
2017-07-12,0.0,0.0,0.0,0.0
2017-07-13,0.0,0.0,0.0,0.0
2017-07-14,0.0,0.0,0.0,0.0
2017-07-17,0.0,0.0,0.0,0.0
2017-07-18,0.0,0.0,0.0,0.0
2017-07-19,0.0,0.0,0.0,0.0
2017-07-20,0.0,0.0,0.0,0.0
2017-07-21,0.0,0.0,0.0,0.0
2017-07-24,0.0,0.0,0.0,0.0
2017-07-25,0.0,0.0,0.0,0.0
2017-07-26,0.0,0.0,0.0,0.0
2017-07-27,0.0,0.0,0.0,0.0
2017-07-28,0.0,0.0,0.0,0.0
2017-07-31,0.0,0.0,0.0,0.0
2017-08-01,0.0,0.0,0.0,0.0
2017-08-02,0.0,0.0,0.0,0.0
2017-08-03,0.0,0.0,0.0,0.0
2017-08-04,0.0,0.0,0.0,0.0
2017-08-07,0.0,0.0,0.0,0.0
2017-08-08,0.0,0.0,0.0,0.0
2017-08-09,0.0,0.0,0.0,0.0
2017-08-10,0.0,0.0,0.0,0.0
2017-08-11,0.0,0.0,0.0,0.0
2017-08-14,0.0,0.0,0.0,0.0
2017-08-15,0.0,0.0,0.0,0.0
2017-08-16,0.0,0.0,0.0,0.0
2017-08-17,0.0,0.0,0.0,0.0
2017-08-18,0.0,0.0,0.0,0.0
2017-08-21,0.0,0.0,0.0,0.0
2017-08-22,0.0,0.0,0.0,0.0
2017-08-23,0.0,0.0,0.0,0.0
2017-08-24,0.0,0.0,0.0,0.0
2017-08-25,0.0,0.0,0.0,0.0
2017-08-28,-0.0045674028714019,-0.0045674028714019,-0.0045674028714019,-0.0045674028714019
2017-08-29,-0.0048362857860164,-0.0048362857860164,-0.0048362857860164,-0.0048362857860164
2017-08-30,0.0014593758134576,0.0014593758134576,0.0014593758134576,0.0014593758134576
2017-08-31,0.0096601682756877,0.0096601682756877,0.0096601682756877,0.0096601682756877
2017-09-01,0.0029882806658177,0.0029882806658177,0.0029882806658177,0.0029882806658177
2017-09-05,-0.0034310006231415,-0.0034310006231415,-0.0034310006231415,-0.0034310006231415
2017-09-06,-0.0006237043956649,-0.0006237043956649,-0.0006237043956649,-0.0006237043956649
2017-09-07,-0.0054236074752925,-0.0054236074752925,-0.0054236074752925,-0.0054236074752925
2017-09-08,-0.0014235696017445,-0.0014235696017445,-0.0014235696017445,-0.0014235696017445
2017-09-11,0.0026467688624716,0.0026467688624716,0.0026467688624716,0.0026467688624716
2017-09-12,-0.0052002899352761,-0.0052002899352761,-0.0052002899352761,-0.0052002899352761
2017-09-13,-0.0007649273642385,-0.0007649273642385,-0.0007649273642385,-0.0007649273642385
2017-09-14,-0.0019712832566331,-0.0019712832566331,-0.0019712832566331,-0.0019712832566331
2017-09-15,-0.0014951007439654,-0.0014951007439654,-0.0014951007439654,-0.0014951007439654
2017-09-18,-0.0068151384118591,-0.0068151384118591,-0.0068151384118591,-0.0068151384118591
2017-09-19,-0.0038812617606685,-0.0038812617606685,-0.0038812617606685,-0.0038812617606685
2017-09-20,-0.0087620111263827,-0.0087620111263827,-0.0087620111263827,-0.0087620111263827
2017-09-21,-0.0066366757104874,-0.0066366757104874,-0.0066366757104874,-0.0066366757104874
2017-09-22,-0.0148572696736307,-0.0148572696736307,-0.0148572696736307,-0.0148572696736307
2017-09-25,-0.001,-0.001,-0.001,-0.001
2017-09-26,0.0018202252706782,0.0018202252706782,0.0018202252706782,0.0018202252706782
2017-09-27,0.0012806533167379,0.0012806533167379,0.0012806533167379,0.0012806533167379
2017-09-28,0.0006427580314634,0.0006427580314634,0.0006427580314634,0.0006427580314634
2017-09-29,-0.0008106304893567,-0.0008106304893567,-0.0008106304893567,-0.0008106304893567
2017-10-02,-0.0045306098561233,-0.0045306098561233,-0.0045306098561233,-0.0045306098561233
2017-10-03,0.0,0.0,0.0,0.0
2017-10-04,0.0,0.0,0.0,0.0
2017-10-05,0.0,0.0,0.0,0.0
2017-10-06,0.0,0.0,0.0,0.0
2017-10-09,0.0,0.0,0.0,0.0
2017-10-10,0.0,0.0,0.0,0.0
2017-10-11,0.0,0.0,0.0,0.0
2017-10-12,0.0,0.0,0.0,0.0
2017-10-13,0.0,0.0,0.0,0.0
2017-10-16,0.0,0.0,0.0,0.0
2017-10-17,0.0,0.0,0.0,0.0
2017-10-18,0.0,0.0,0.0,0.0
2017-10-19,0.0,0.0,0.0,0.0
2017-10-20,0.0,0.0,0.0,0.0
2017-10-23,0.0,0.0,0.0,0.0
2017-10-24,-0.0046182415224168,-0.0046182415224168,-0.0046182415224168,-0.0046182415224168
2017-10-25,-0.0057942451686106,-0.0057942451686106,-0.0057942451686106,-0.0057942451686106
2017-10-26,0.0008606311337302,0.0008606311337302,0.0008606311337302,0.0008606311337302
2017-10-27,-0.0101433682001443,-0.0101433682001443,-0.0101433682001443,-0.0101433682001443
2017-10-30,0.0036398485349784,0.0036398485349784,0.0036398485349784,0.0036398485349784
2017-10-31,-0.0015459911013951,-0.0015459911013951,-0.0015459911013951,-0.0015459911013951
2017-11-01,0.005223794715083,0.005223794715083,0.005223794715083,0.005223794715083
2017-11-02,-0.0072110700404924,-0.0072110700404924,-0.0072110700404924,-0.0072110700404924
2017-11-03,0.0043456243879311,0.0043456243879311,0.0043456243879311,0.0043456243879311
2017-11-06,-0.0024895029991353,-0.0024895029991353,-0.0024895029991353,-0.0024895029991353
2017-11-07,-0.0021237432012922,-0.0021237432012922,-0.0021237432012922,-0.0021237432012922
2017-11-08,0.0081693327095405,0.0081693327095405,0.0081693327095405,0.0081693327095405
2017-11-09,0.0005647056583284,0.0005647056583284,0.0005647056583284,0.0005647056583284
2017-11-10,4.358219358083013e-05,4.358219358083013e-05,4.358219358083013e-05,4.358219358083013e-05
2017-11-13,0.0021450589637279,0.0021450589637279,0.0021450589637279,0.0021450589637279
2017-11-14,0.0054132651405995,0.0054132651405995,0.0054132651405995,0.0054132651405995
2017-11-15,0.0058971411571028,0.0058971411571028,0.0058971411571028,0.0058971411571028
2017-11-16,-0.0028532713835311,-0.0028532713835311,-0.0028532713835311,-0.0028532713835311
2017-11-17,-0.0015556046192197,-0.0015556046192197,-0.0015556046192197,-0.0015556046192197
2017-11-20,-0.001,-0.001,-0.001,-0.001
2017-11-21,0.0,0.0,0.0,0.0
2017-11-22,0.0,0.0,0.0,0.0
2017-11-24,0.0,0.0,0.0,0.0
2017-11-27,0.0,0.0,0.0,0.0
2017-11-28,0.0,0.0,0.0,0.0
2017-11-29,0.0,0.0,0.0,0.0
2017-11-30,0.0,0.0,0.0,0.0
2017-12-01,0.0,0.0,0.0,0.0
2017-12-04,0.0,0.0,0.0,0.0
2017-12-05,0.0,0.0,0.0,0.0
2017-12-06,0.0,0.0,0.0,0.0
2017-12-07,0.0,0.0,0.0,0.0
2017-12-08,0.0,0.0,0.0,0.0
2017-12-11,0.0,0.0,0.0,0.0
2017-12-12,0.0,0.0,0.0,0.0
2017-12-13,0.0,0.0,0.0,0.0
2017-12-14,0.0,0.0,0.0,0.0
2017-12-15,0.0,0.0,0.0,0.0
2017-12-18,0.0,0.0,0.0,0.0
2017-12-19,0.0,0.0,0.0,0.0
2017-12-20,0.0,0.0,0.0,0.0
2017-12-21,0.0,0.0,0.0,0.0
2017-12-22,0.0,0.0,0.0,0.0
2017-12-26,0.0,0.0,0.0,0.0
2017-12-27,0.0,0.0,0.0,0.0
2017-12-28,0.0,0.0,0.0,0.0
2017-12-29,0.0,0.0,0.0,0.0
2018-01-02,0.0,0.0,0.0,0.0
2018-01-03,0.0,0.0,0.0,0.0
2018-01-04,0.0,0.0,0.0,0.0
2018-01-05,0.0,0.0,0.0,0.0
2018-01-08,0.0,0.0,0.0,0.0
2018-01-09,0.0,0.0,0.0,0.0
2018-01-10,0.0,0.0,0.0,0.0
2018-01-11,0.0,0.0,0.0,0.0
2018-01-12,0.0,0.0,0.0,0.0
2018-01-16,0.0,0.0,0.0,0.0
2018-01-17,0.0,0.0,0.0,0.0
2018-01-18,0.0,0.0,0.0,0.0
2018-01-19,0.0,0.0,0.0,0.0
2018-01-22,0.0,0.0,0.0,0.0
2018-01-23,0.0,0.0,0.0,0.0
2018-01-24,0.0,0.0,0.0,0.0
2018-01-25,0.0,0.0,0.0,0.0
2018-01-26,0.0,0.0,0.0,0.0
2018-01-29,0.0,0.0,0.0,0.0
2018-01-30,0.0,0.0,0.0,0.0
2018-01-31,0.0,0.0,0.0,0.0
2018-02-01,0.0,0.0,0.0,0.0
2018-02-02,0.0,0.0,0.0,0.0
2018-02-05,-0.0019840968236697,-0.0019840968236697,-0.0019840968236697,-0.0019840968236697
2018-02-06,0.000458455560348,0.000458455560348,0.000458455560348,0.000458455560348
2018-02-07,-0.0006901526881005,-0.0006901526881005,-0.0006901526881005,-0.0006901526881005
2018-02-08,-0.0004607486405337,-0.0004607486405337,-0.0004607486405337,-0.0004607486405337
2018-02-09,-0.0008840523049745,-0.0008840523049745,-0.0008840523049745,-0.0008840523049745
2018-02-12,0.0005194672864385,0.0005194672864385,0.0005194672864385,0.0005194672864385
2018-02-13,0.0008170375864563,0.0008170375864563,0.0008170375864563,0.0008170375864563
2018-02-14,-0.0003653514709329,-0.0003653514709329,-0.0003653514709329,-0.0003653514709329
2018-02-15,0.0004474386019213,0.0004474386019213,0.0004474386019213,0.0004474386019213
2018-02-16,0.0004963467125267,0.0004963467125267,0.0004963467125267,0.0004963467125267
2018-02-20,-0.0006422313625718,-0.0006422313625718,-0.0006422313625718,-0.0006422313625718
2018-02-21,-0.0015520578074414,-0.0015520578074414,-0.0015520578074414,-0.0015520578074414
2018-02-22,-8.528880807387816e-05,-8.528880807387816e-05,-8.528880807387816e-05,-8.528880807387816e-05
2018-02-23,0.000604244221819,0.000604244221819,0.000604244221819,0.000604244221819
2018-02-26,-0.0002138910392664,-0.0002138910392664,-0.0002138910392664,-0.0002138910392664
2018-02-27,0.0008634307543475,0.0008634307543475,0.0008634307543475,0.0008634307543475
2018-02-28,0.0005330376278902,0.0005330376278902,0.0005330376278902,0.0005330376278902
2018-03-01,2.232126590117601e-05,2.232126590117601e-05,2.232126590117601e-05,2.232126590117601e-05
2018-03-02,-0.0003176254821721,-0.0003176254821721,-0.0003176254821721,-0.0003176254821721
2018-03-05,-0.001,-0.001,-0.001,-0.001
2018-03-06,0.0,0.0,0.0,0.0
2018-03-07,0.0,0.0,0.0,0.0
2018-03-08,0.0,0.0,0.0,0.0
2018-03-09,0.0,0.0,0.0,0.0
2018-03-12,0.0,0.0,0.0,0.0
2018-03-13,0.0,0.0,0.0,0.0
2018-03-14,0.0,0.0,0.0,0.0
2018-03-15,-0.0010886942047742,-0.0010886942047742,-0.0010886942047742,-0.0010886942047742
2018-03-16,0.0001332728405542,0.0001332728405542,0.0001332728405542,0.0001332728405542
2018-03-19,0.0005796356483182,0.0005796356483182,0.0005796356483182,0.0005796356483182
2018-03-20,-4.1060129013099e-05,-4.1060129013099e-05,-4.1060129013099e-05,-4.1060129013099e-05
2018-03-21,-5.8696834184357896e-05,-5.8696834184357896e-05,-5.8696834184357896e-05,-5.8696834184357896e-05
2018-03-22,-0.0006073915815797,-0.0006073915815797,-0.0006073915815797,-0.0006073915815797
2018-03-23,0.0003586136167828,0.0003586136167828,0.0003586136167828,0.0003586136167828
2018-03-26,0.0001060098344368,0.0001060098344368,0.0001060098344368,0.0001060098344368
2018-03-27,-0.0001954171464603,-0.0001954171464603,-0.0001954171464603,-0.0001954171464603
2018-03-28,-0.0007160138941823,-0.0007160138941823,-0.0007160138941823,-0.0007160138941823
2018-03-29,-2.081466616292833e-05,-2.081466616292833e-05,-2.081466616292833e-05,-2.081466616292833e-05
2018-04-02,-0.0003022928134925,-0.0003022928134925,-0.0003022928134925,-0.0003022928134925
2018-04-03,0.0004770912272857,0.0004770912272857,0.0004770912272857,0.0004770912272857
2018-04-04,0.0004279654187253,0.0004279654187253,0.0004279654187253,0.0004279654187253
2018-04-05,0.0,0.0,0.0,0.0
2018-04-06,0.0,0.0,0.0,0.0
2018-04-09,0.0,0.0,0.0,0.0
2018-04-10,0.0,0.0,0.0,0.0
2018-04-11,0.0,0.0,0.0,0.0
2018-04-12,0.0,0.0,0.0,0.0
2018-04-13,0.0,0.0,0.0,0.0
2018-04-16,0.0,0.0,0.0,0.0
2018-04-17,-0.002374958524261833,-0.0024937064504749248,-0.0024937064504749248,-0.0024937064504749248
2018-04-18,0.006443524789836799,0.006404872081097285,0.006765701029328639,0.006404872081097285
2018-04-19,-2.725469952456652e-05,8.225226101209496e-05,-2.8617434500794923e-05,8.225226101209496e-05
2018-04-20,-0.004162606092894566,-0.00441268394474181,-0.004370736397539295,-0.00441268394474181
2018-04-23,-0.002999142903283933,-0.00327054902118258,-0.0031491000484481302,-0.00327054902118258
2018-04-24,0.0002712106367278333,0.0003017400081385849,0.00028477116856422493,0.0003017400081385849
2018-04-25,-0.0031236228568284332,-0.0033959911683702046,-0.0032798039996698547,-0.0033959911683702046
2018-04-26,-0.004672403137278033,-0.00454504629814712,-0.004906023294141935,-0.00454504629814712
2018-04-27,-0.0037992544203041666,-0.0036025185865505853,-0.003989217141319374,-0.0036025185865505853
2018-04-30,0.0022224815505534,0.0019925404907699903,0.0023336056280810697,0.0019925404907699903
2018-05-01,0.0008751122926650092,0.0009183680934354133,0.0009188679072982596,0.0009183680934354133
2018-05-02,-0.00048656932632259607,-0.0005132293591852065,-0.0005108977926387259,-0.0005132293591852065
2018-05-03,-0.0015761091186352666,-0.00149843452490208,-0.0016549145745670298,-0.00149843452490208
2018-05-04,-0.0030293427222651,-0.002985539995415765,-0.003180809858378355,-0.002985539995415765
2018-05-07,0.0017273871049482,0.0017515994220012,0.0018137564601956098,0.0017515994220012
2018-05-08,0.0022014361467968665,0.0023850856406447698,0.0023115079541367097,0.0023850856406447698
2018-05-09,-0.0007732219264946333,-0.0008437770040108599,-0.0008118830228193649,-0.0008437770040108599
2018-05-10,0.0017756738490532333,0.0019260394397075848,0.001864457541505895,0.0019260394397075848
2018-05-11,-0.003580811769653,-0.003312543798057806,-0.00375985235813565,-0.003312543798057806
2018-05-14,-0.0025192801904709338,-0.0023345989151054903,-0.0026279974563128304,-0.0023345989151054903
2018-05-15,-0.0002137916270098,-0.00017448120836029005,-0.00024241246430881997,-0.00017448120836029005
2018-05-16,3.72715240948e-05,3.913510029954e-05,3.354437168532e-05,3.913510029954e-05
2018-05-17,0.0003876541431183333,0.00040703685027424993,0.0003488887288065,0.00040703685027424993
2018-05-18,-0.0002464249015752,-0.00025874614665396,-0.00022178241141768002,-0.00025874614665396
2018-05-21,7.650301400606666e-05,8.032816470637e-05,6.885271260546002e-05,8.032816470637e-05
2018-05-22,0.00011351622772333333,0.00011919203910949999,0.00010216460495100001,0.00011919203910949999
2018-05-23,2.8784970265018236e-05,3.0224218778269146e-05,2.5906473238516417e-05,3.0224218778269146e-05
2018-05-24,-0.00037494350688186664,-0.00039369068222596,-0.0003374491561936801,-0.00039369068222596
2018-05-25,6.239670222906666e-05,6.551653734052e-05,5.615703200616001e-05,6.551653734052e-05
2018-05-29,-0.00032861080640836664,-0.000345041346728785,-0.00029574972576753005,-0.000345041346728785
2018-05-30,8.611412527107586e-06,9.041983153462966e-06,7.75027127439683e-06,9.041983153462966e-06
2018-05-31,0.00013145977509139997,0.00013803276384597,0.00011831379758226,0.00013803276384597
2018-06-01,-7.660241531353333e-05,-8.043253607921e-05,-6.894217378218002e-05,-8.043253607921e-05
2018-06-04,7.134799503053333e-05,7.491539478206e-05,6.421319552748e-05,7.491539478206e-05
2018-06-05,0.00019864919047416667,0.000208581649997875,0.00017878427142675003,0.000208581649997875
2018-06-06,0.00011917470565993333,0.00012513344094293,0.00010725723509394001,0.00012513344094293
2018-06-07,-0.0002934843698477,-0.000308158588340085,-0.00026413593286293006,-0.000308158588340085
2018-06-08,-3.027693891491328e-05,-3.179078586065894e-05,-2.7249245023421958e-05,-3.179078586065894e-05
2018-06-11,-0.0003333333333333333,-0.00035,-0.00030000000000000003,-0.00035
2018-06-12,0.0,0.0,0.0,0.0
2018-06-13,0.0,0.0,0.0,0.0
2018-06-14,0.0,0.0,0.0,0.0
2018-06-15,0.0,0.0,0.0,0.0
2018-06-18,0.0,0.0,0.0,0.0
2018-06-19,0.0,0.0,0.0,0.0
2018-06-20,0.0,0.0,0.0,0.0
2018-06-21,0.0,0.0,0.0,0.0
2018-06-22,0.0,0.0,0.0,0.0
2018-06-25,0.0,0.0,0.0,0.0
2018-06-26,0.00010015535437393332,9.013981893654001e-05,0.00010516312209262999,9.013981893654001e-05
2018-06-27,-0.0021756004158682333,-0.0019580403742814104,-0.002284380436661645,-0.0019580403742814104
2018-06-28,-0.0027831925552247,-0.0025819363065390953,-0.00284528917614907,-0.0025819363065390953
2018-06-29,0.0017738707562914,0.001844392137986575,0.0018244648368327798,0.001844392137986575
2018-07-02,0.0005460083224607,0.0003664881064066204,0.00059417746918522,0.0003664881064066204
2018-07-03,-0.0015251621102804983,-0.0014126758433879885,-0.0016017659334392833,-0.0014126758433879885
2018-07-05,0.0,0.0,0.0,0.0
2018-07-06,0.0,0.0,0.0,0.0
2018-07-09,0.0,0.0,0.0,0.0
2018-07-10,0.0,0.0,0.0,0.0
2018-07-11,0.0,0.0,0.0,0.0
2018-07-12,-0.0018749191133722,-0.0022455697304444334,-0.0026248867587210798,-0.0026248867587210798
2018-07-13,-0.0016415356208197,-0.001966048921934088,-0.00229814986914758,-0.00229814986914758
2018-07-16,0.001689619929940575,0.002023638963179635,0.0023654679019168047,0.0023654679019168047
2018-07-17,0.0020657372342436,0.0013747945360905564,0.0028920321279410394,0.0015383620519498595
2018-07-18,-0.000592371835505,-0.0005418921340868091,-0.0008293205697069999,-0.0006229605867819961
2018-07-19,0.0009014176939599499,0.0001548283070700652,0.0012619847715439297,0.00012322201885695016
2018-07-20,0.00055565887234625,0.00048712708829216976,0.00077792242128475,0.0005582705600732917
2018-07-23,0.0076177280014847505,0.007041999821301428,0.01066481920207865,0.008101505265649931
2018-07-24,0.00055284491829475,5.279703725700113e-05,0.0007739828856126502,2.3657919856964098e-05
2018-07-25,0.00498058696936005,0.0031994416552465063,0.006972821757104071,0.0035671442586236953
2018-07-26,0.00362820926115275,0.0023521083706470208,0.0009103884771158419,0.0002994091484833602
2018-07-27,-0.0032858575902685,-0.0014406628244771809,-0.0027681602119265297,-0.000506294274348445
2018-07-30,0.0038344432224953497,0.0029789788454027176,0.00600694454693607,0.0037376863240688478
2018-07-31,-0.0050429685199403496,-0.0029681443305452017,-0.004772236537331181,-0.00200146985662904
2018-08-01,-0.0012752515837821752,-0.0013916547427384306,-0.003931610879342683,-0.002699776925736124
2018-08-02,0.00019694237036297488,0.0002760591626275237,-0.000293956816817228,-9.928143069861924e-06
2018-08-03,-0.003763371845228775,-0.0034394205854770946,-0.0038623322762710837,-0.003147478839347182
2018-08-06,-0.0010902809998710248,-0.0015983306834129762,-0.002384127383377144,-0.002375162121229102
2018-08-07,0.0014149022315358,0.0012764361720027022,0.0017814049106434251,0.0013656956968560352
2018-08-08,-4.625421636187489e-05,-0.00015759060695277015,-0.0009647910679747915,-0.0006396792383943737
2018-08-09,-0.001148956377954275,-0.0009335807375941067,-0.0024085423877530103,-0.001476342647911836
2018-08-10,0.006907292237224875,0.005296236058948528,0.010072391967976392,0.006206917403857561
2018-08-13,-0.0011495067745766999,-0.0007937630578562508,-0.0010133584304743758,-0.0005692789512850297
2018-08-14,-0.0008705267957998513,-0.0005411025770678993,-0.0006585145147899704,-0.000283996353448975
2018-08-15,0.001144786688968675,0.0009997478321669756,0.0007523957665330142,0.0007654990356519293
2018-08-16,-0.00247323844249865,-0.0014558745655546515,-0.001902995078357137,-0.0006960620835908333
2018-08-17,0.000216003331512,0.0002631374104548701,0.00011260045975333702,0.00024578892239872753
2018-08-20,-0.0006836722306378499,-0.0004983853822312209,-0.00048822535839726657,-0.0003229298231262247
2018-08-21,-0.000981702173429775,-0.000809539560109709,-0.0006640456734102095,-0.0005914391292394779
2018-08-22,-0.0003432035429345,-0.00028974407742379,-0.00022949853947758467,-0.0002159211256981696
2018-08-23,0.000453773530350275,0.000635282942490385,0.00020403328770842566,0.0006285683042660218
2018-08-24,0.000141252965550275,0.00019775415177038501,6.351253440794739e-05,0.0001956639845430097
2018-08-27,0.0010425412985198002,0.0005988995595091707,0.0008079982383023556,0.00027328499284697477
2018-08-28,-0.000852991616512525,-0.0007341276503777007,-0.0005648719114739603,-0.0005556963301154872
2018-08-29,0.005369064618083025,0.0034202899675429234,0.004028748394279213,0.0018644684554945522
2018-08-30,-0.00019323435056585,-0.0001230973284245969,-0.00014499594155372792,-6.710281525288061e-05
2018-08-31,-0.001905436339453675,-0.0012138324380890023,-0.0014297692687699644,-0.0006616843345299165
2018-09-04,0.003486717640049,0.0022211662947302082,0.0026163045321417285,0.001210802163042107
2018-09-05,-0.00440762372842495,-0.0028078170577910655,-0.0033073185520384038,-0.0015305972250100658
2018-09-06,0.0013425622739743001,0.0003373473360285858,0.0004072943609926363,-0.0005062683516359327
2018-09-07,0.0037944089684894752,0.0030183412334694585,0.003543763439813207,0.002446459558174845
2018-09-10,-0.0029539305111773505,-0.0019000268138855232,-0.004462445711590893,-0.002301047254395623
2018-09-11,0.0029651791402424497,0.0015590448364855263,0.003961586808936403,0.0015921673933375021
2018-09-12,0.0039303610081386,0.0024116319297821,0.0038604195141191252,0.0017596658690783278
2018-09-13,-0.0023758432627700556,-0.0019332732120017034,-0.003941096125010684,-0.002545859486036039
2018-09-14,-0.0015388465281378498,-0.0008474177662386404,-0.001398941808652613,-0.0005069931399886006
2018-09-17,-0.00606598089264605,-0.00381892240284769,-0.005593973567477805,-0.002632047197172572
2018-09-18,-0.009218403054573101,-0.007701362974162909,-0.011516173030368207,-0.008018581921963861
2018-09-19,-0.00426366850864885,-0.002611011656821074,-0.0031417855988184903,-0.0013191075355743298
2018-09-20,-0.00357797387188835,-0.0032730159934343875,-0.0036236513480373683,-0.0029898286638525805
2018-09-21,-0.0011726471662909,-0.0015920258317657107,-0.0032166151082100086,-0.002751141318741492
2018-09-24,-0.001013533113034525,-0.0004856436432534986,-0.001256537152960992,-0.00043160169739144374
2018-09-25,-0.003243800851897425,-0.0025376838567139175,-0.004541321192656394,-0.0028821908986930013
2018-09-26,0.0007441177156145751,0.0002915440621207604,0.001041764801860405,0.0003033370442562578
2018-09-27,-0.001268765740837875,-0.0012586741441903777,-0.0012642726654985721,-0.0013128075024223286
2018-09-28,0.000500146974251625,0.0006131356553623183,0.0002237687605613573,0.0005852791313421836
2018-10-01,-0.00252618093779255,-0.0012720879391281237,-0.0038762269387035667,-0.001471749113331876
2018-10-02,0.0010029659630059501,0.000620052734833983,0.0011250334391630893,0.0006109794848192527
2018-10-03,0.0,0.0,0.0,0.0
2018-10-04,-0.007583390989113132,-0.006825051890201821,-0.007962560538568789,-0.007962560538568789
2018-10-05,-0.007158114681386966,-0.0064423032132482705,-0.007516020415456314,-0.007516020415456314
2018-10-08,-0.0038155843348129663,-0.00343402590133167,-0.004006363551553614,-0.004006363551553614
2018-10-09,0.00044755998826493336,0.00040280398943844006,0.00046993798767818,0.00046993798767818
2018-10-10,0.0005617713258437999,0.00050559419325942,0.00058985989213599,0.00058985989213599
2018-10-11,0.005481066320776367,0.004932959688698731,0.005755119636815185,0.005755119636815185
2018-10-12,0.00011055605492596666,9.950044943337002e-05,0.00011608385767226499,0.00011608385767226499
2018-10-15,0.0007813766756085334,0.0007032390080476802,0.00082044550938896,0.00082044550938896
2018-10-16,-0.0014580920126517666,-0.0013122828113865902,-0.001530996613284355,-0.001530996613284355
2018-10-17,0.005124368018520499,0.0051683325935554,0.005380586419446524,0.005380586419446524
2018-10-18,-6.94093292434e-05,0.00022684421331363469,-7.28797957055701e-05,-7.28797957055701e-05
2018-10-19,-0.0019337418736840666,-0.0017693599785399002,-0.0020304289673682696,-0.0020304289673682696
2018-10-22,0.0028961584446483,0.0028896346623900004,0.003040966366880715,0.003040966366880715
2018-10-23,-0.0029018150405274662,-0.002984054571439735,-0.0030469057925538398,-0.0030469057925538398
2018-10-24,-0.007001557526627133,-0.005706679704489085,-0.007351635402958489,-0.007351635402958489
2018-10-25,0.002919920463684867,0.0029813078440501847,0.0019341640598120212,0.0019341640598120212
2018-10-26,0.008341245471342266,0.00821193763933999,0.00860588971454053,0.00860588971454053
2018-10-29,-0.003839601127267166,-0.004041568683902395,-0.0032747905005527907,-0.0032747905005527907
2018-10-30,0.0009597645878102999,0.00073167250934571,0.0012499656326441296,0.0012499656326441296
2018-10-31,-0.0032270777567416,-0.0033384316445786797,-0.003507101911483594,-0.003507101911483594
2018-11-01,-0.002017490294470633,-0.002118364809194165,-0.0017384447386365152,-0.0017384447386365152
2018-11-02,0.0008270549130156333,0.0008684076586664149,0.0008556663795526749,0.0008556663795526749
2018-11-05,0.0030226216339428,0.0031737527156399394,0.00291689943388673,0.00291689943388673
2018-11-06,0.0006561811050195668,0.0006889901602705451,0.0005623184037655252,0.0005623184037655252
2018-11-07,0.0019890663456883662,0.002088519662972785,0.0016254684950392905,0.0016254684950392905
2018-11-08,-0.0075880219673339,-0.007967423065700596,-0.007790813809269111,-0.007790813809269111
2018-11-09,0.0017724138192831986,0.0010712850180450602,0.0023628184191311335,0.0023628184191311335
2018-11-12,0.004702142027664967,0.004708712453077689,0.004875498085493915,0.004875498085493915
2018-11-13,-0.00042098622371383336,-0.00040613279370081007,-0.0004647903425411649,-0.0004647903425411649
2018-11-14,-0.003912627274189533,-0.003637985813304651,-0.00399163737136494,-0.00399163737136494
2018-11-15,-0.005336818145650266,-0.004611048731183921,-0.0057957466528341,-0.0057957466528341
2018-11-16,0.003513820607009433,0.003731235428844635,0.0031207147548237605,0.0031207147548237605
2018-11-19,0.0006785030641480999,0.00070097465584113,0.0006221063192476651,0.0006221063192476651
2018-11-20,-0.0014321064793603332,-0.0017432724703986798,-0.0010493351643539707,-0.0010493351643539707
2018-11-21,0.0021212649440251665,0.0018591384496226505,0.0022773281912264252,0.0022773281912264252
2018-11-23,-0.0047065651859759,-0.004235908667378311,-0.004941893445274695,-0.004941893445274695
2018-11-26,-0.005068375120993866,-0.004561537608894481,-0.005321793877043559,-0.005321793877043559
2018-11-27,0.004346367310244333,0.003911730579219901,0.00456368567575655,0.00456368567575655
2018-11-28,-0.0052106524225685995,-0.004963582160065235,-0.00528786598417496,-0.00528786598417496
2018-11-29,0.005213849964611134,0.004866379519188961,0.005194936880846291,0.005194936880846291
2018-11-30,0.000923382329613267,0.0011271569572756496,0.0006613720571589155,0.0006613720571589155
2018-12-03,-0.009893626232498166,-0.009668189403631944,-0.00996701202372375,-0.00996701202372375
2018-12-04,0.009262588584863299,0.00913898789165688,0.0092974155859172,0.0092974155859172
2018-12-06,0.002913310177519333,0.002538200364826575,0.002878122182876485,0.002878122182876485
2018-12-07,0.0058602833511633,0.005941928943798725,0.005778263552380945,0.005778263552380945
2018-12-10,-0.00027599660414073324,-0.00023979643434777,9.335681438159922e-05,9.335681438159922e-05
2018-12-11,-0.0033544210649193995,-0.0035221421181653697,-0.003175269165165105,-0.003175269165165105
2018-12-12,8.091892451130001e-05,8.496487073686486e-05,-7.04900390010399e-05,-7.04900390010399e-05
2018-12-13,-0.0015612398921217331,-0.00163930188672782,-0.0014668487120658553,-0.0014668487120658553
2018-12-14,0.0022856226748277,0.0023999038085690846,0.00215966070068003,0.00215966070068003
2018-12-17,0.010639988148746067,0.011171987556183368,0.01060991248830479,0.01060991248830479
2018-12-18,-0.0019681759606442997,-0.002066584758676515,-0.0018121852497726702,-0.0018121852497726702
2018-12-19,-0.0025411988113727335,-0.00266825875194137,-0.0024955332345340552,-0.0024955332345340552
2018-12-20,0.006340666261317032,0.006657699574382885,0.00637361012973507,0.00637361012973507
2018-12-21,0.004334064697984233,0.004550767932883445,0.00421226906381166,0.00421226906381166
2018-12-24,0.010487268783600333,0.01101163222278035,0.010073175592770812,0.010073175592770812
2018-12-26,-0.011823292384140364,-0.012414457003347383,-0.011442568037671741,-0.011442568037671741
2018-12-27,-0.0006666666666666666,-0.0007,-0.00065,-0.00065
2018-12-28,0.0,0.0,0.0,0.0
2018-12-31,0.0,0.0,0.0,0.0
2019-01-02,0.0,0.0,0.0,0.0
2019-01-03,0.0,0.0,0.0,0.0
2019-01-04,0.0,0.0,0.0,0.0
2019-01-07,0.0,0.0,0.0,0.0
2019-01-08,0.0,0.0,0.0,0.0
2019-01-09,0.0,0.0,0.0,0.0
2019-01-10,0.0,0.0,0.0,0.0
2019-01-11,0.0,0.0,0.0,0.0
2019-01-14,0.0,0.0,0.0,0.0
2019-01-15,0.0,0.0,0.0,0.0
2019-01-16,0.0,0.0,0.0,0.0
2019-01-17,0.00016234499226583333,0.000170462241879125,0.00014611049303925002,0.000170462241879125
2019-01-18,-0.000557262158552,-0.0005851252664795999,-0.0005015359426968001,-0.0005851252664795999
2019-01-22,0.0008055080800373332,0.0008457834840391999,0.0007249572720336001,0.0008457834840391999
2019-01-23,-0.0004753289082873333,-0.0004990953537017,-0.0004277960174586001,-0.0004990953537017
2019-01-24,-0.0011974275226676,-0.00125729889880098,-0.0010776847704008403,-0.00125729889880098
2019-01-25,0.0008740383771325334,0.00091774029598916,0.0007866345394192802,0.00091774029598916
2019-01-28,0.0011798509219792665,0.00123884346807823,0.0010618658297813402,0.00123884346807823
2019-01-29,-0.0028267929471471665,-0.0029681325945045247,-0.0025441136524324503,-0.0029681325945045247
2019-01-30,0.0027862354340915333,0.00292554720579611,0.00250761189068238,0.00292554720579611
2019-01-31,-0.0013178613672372667,-0.00138375443559913,-0.00118607523051354,-0.00138375443559913
2019-02-01,-0.0008603058588037999,-0.0009033211517439899,-0.00077427527292342,-0.0009033211517439899
2019-02-04,0.00041978691838343333,0.000440776264302605,0.00037780822654509007,0.000440776264302605
2019-02-05,0.003480134091013766,0.0036541407955644543,0.0031321206819123902,0.0036541407955644543
2019-02-06,0.0028164135537671,0.002957234231455455,0.0025347721983903903,0.002957234231455455
2019-02-07,0.0026316403035496665,0.0027632223187271498,0.0023684762731947004,0.0027632223187271498
2019-02-08,0.0013234312620552,0.00138960282515796,0.0011910881358496803,0.00138960282515796
2019-02-11,6.215682957696667e-05,6.5264671055815e-05,5.5941146619270014e-05,6.5264671055815e-05
2019-02-12,-0.0003465212785379333,-0.00036384734246483,-0.00031186915068414007,-0.00036384734246483
2019-02-13,-0.001204578441557,-0.0012648073636348498,-0.0010841205974013001,-0.0012648073636348498
2019-02-14,-0.0003333333333333333,-0.00035,-0.00030000000000000003,-0.00035
2019-02-15,0.0,0.0,0.0,0.0
2019-02-19,0.0,0.0,0.0,0.0
2019-02-20,0.0,0.0,0.0,0.0
2019-02-21,0.0,0.0,0.0,0.0
2019-02-22,0.0,0.0,0.0,0.0
2019-02-25,0.0016186995660764667,0.001686575662078379,0.00169963454438029,0.00169963454438029
2019-02-26,0.0011818543070322334,0.0012314123955655095,0.001240947022383845,0.001240947022383845
2019-02-27,-0.0004196268152098333,-0.0004372228105329172,-0.000440608155970325,-0.000440608155970325
2019-02-28,0.0005814387552404996,0.0008235870073737511,0.0006105106930025246,0.0008545257014018644
2019-03-01,0.0037770179373996333,0.00330177567227736,0.003965868834269615,0.0032558750129937763
2019-03-04,-0.014024312336529534,-0.013536168652503809,-0.014725527953356009,-0.013519591161465797
2019-03-05,-0.00040674932610096663,-0.0004588944625999246,-0.00042708679240601496,-0.00046640528558404494
2019-03-06,-0.0031441152701678667,-0.0028693438603914767,-0.00330132103367626,-0.0028456992512976955
2019-03-07,-0.0033075584783672334,-0.0030749793441919777,-0.0034729364022855953,-0.0030569127635595955
2019-03-08,-0.0012612850207015,-0.0012680039886086873,-0.001324349271736575,-0.00127261447409561
2019-03-11,0.0036363012923271666,0.0033466343889960734,0.0038181163569435245,0.003322677500095775
2019-03-12,0.0009832566596375332,0.0010114954660918095,0.00103241949261941,0.00101786199968605
2019-03-13,0.005427148620897033,0.004906703376092961,0.005698506051941885,0.004860326649566236
2019-03-14,-0.002860968384451,-0.0027052146544339194,-0.0030040168036735496,-0.002695062291543545
2019-03-15,0.0008002372401851999,0.0007532697702754573,0.0008402491021944599,0.0007500200387593701
2019-03-18,0.0022839155223339665,0.0021732033919683955,0.002398111298450665,0.00216674115353497
2019-03-19,0.0064086605668603,0.0062514241387075144,0.006729093595203315,0.006251783334801245
2019-03-20,-0.008659604328401634,-0.007922089877789994,-0.009092584544821715,-0.007859289707810451
2019-03-21,0.0022739986600284665,0.0022342105863847987,0.0023876985930298897,0.002236267092548515
2019-03-22,-0.0016884844525453665,-0.0015778795371461775,-0.001772908675172635,-0.0015696360072908302
2019-03-25,-0.0021305931416598332,-0.001934722418664993,-0.0022371227987428247,-0.0019175338274938503
2019-03-26,-0.0036506174602914665,-0.003315007123740857,-0.0038331483333060396,-0.00328555571426232
2019-03-27,-0.0003333333333333333,-0.00030268917151677184,-0.00035,-0.00030000000000000003
2019-03-28,-0.0024647873047101334,-0.0025681419625014582,-0.00258802666994564,-0.00258802666994564
2019-03-29,0.0026138716980918,0.002723477835039377,0.00274456528299639,0.00274456528299639
2019-04-01,0.0008982033060615333,0.0009358672031238172,0.00094311347136461,0.00094311347136461
2019-04-02,-0.0021581811966433664,-0.0022486790982693973,-0.002266090256475535,-0.002266090256475535
2019-04-03,0.002017812963091733,0.0021024248758067625,0.0021187036112463196,0.0021187036112463196
2019-04-04,-0.0012245642647073333,-0.0012759132879193774,-0.0012857924779427,-0.0012857924779427
2019-04-05,0.0,0.0,0.0,0.0
2019-04-08,0.0,0.0,0.0,0.0
2019-04-09,0.0,0.0,0.0,0.0
2019-04-10,0.0,0.0,0.0,0.0
2019-04-11,0.0,0.0,0.0,0.0
2019-04-12,-0.0132401936326202,-0.0132401936326202,-0.0132401936326202,-0.0132401936326202
2019-04-15,0.0103149343631431,0.0103149343631431,0.0103149343631431,0.0103149343631431
2019-04-16,-0.00576772493937725,-0.00576772493937725,-0.00576772493937725,-0.00576772493937725
2019-04-17,0.00221264893522285,0.00221264893522285,0.00221264893522285,0.00221264893522285
2019-04-18,0.0005437414490398504,0.0005437414490398504,0.0005437414490398504,0.0005437414490398504
2019-04-22,0.01128863127261025,0.01128863127261025,0.01128863127261025,0.01128863127261025
2019-04-23,-0.00261263135514145,-0.00261263135514145,-0.00261263135514145,-0.00261263135514145
2019-04-24,-0.0009154546352354847,-0.0009154546352354847,-0.0009154546352354847,-0.0009154546352354847
2019-04-25,-0.0055679477708590495,-0.0055679477708590495,-0.0055679477708590495,-0.0055679477708590495
2019-04-26,0.0040968023393182,0.0040968023393182,0.0040968023393182,0.0040968023393182
2019-04-29,0.00130438794256505,0.00130438794256505,0.00130438794256505,0.00130438794256505
2019-04-30,-0.00653956950350685,-0.00653956950350685,-0.00653956950350685,-0.00653956950350685
2019-05-01,0.006312492610233349,0.006312492610233349,0.006312492610233349,0.006312492610233349
2019-05-02,-0.0011446256212767503,-0.0011446256212767503,-0.0011446256212767503,-0.0011446256212767503
2019-05-03,-0.0083670510233532,-0.0083670510233532,-0.0083670510233532,-0.0083670510233532
2019-05-06,0.00428347646986125,0.00428347646986125,0.00428347646986125,0.00428347646986125
2019-05-07,-0.0032743319275304497,-0.0032743319275304497,-0.0032743319275304497,-0.0032743319275304497
2019-05-08,-0.00039623113081115535,-0.00039623113081115535,-0.00039623113081115535,-0.00039623113081115535
2019-05-09,0.00243983115980715,0.00243983115980715,0.00243983115980715,0.00243983115980715
2019-05-10,-0.0001269939219705,-0.0001269939219705,-0.0001269939219705,-0.0001269939219705
2019-05-13,0.00117643172384485,0.00117643172384485,0.00117643172384485,0.00117643172384485
2019-05-14,0.0026211818400435,0.0026211818400435,0.0026211818400435,0.0026211818400435
2019-05-15,-0.0079808482797811,-0.0079808482797811,-0.0079808482797811,-0.0079808482797811
2019-05-16,-0.0005,-0.0005,-0.0005,-0.0005
2019-05-17,0.0,0.0,0.0,0.0
2019-05-20,0.0,0.0,0.0,0.0
2019-05-21,-0.00188419249987895,-0.00188419249987895,-0.00188419249987895,-0.00188419249987895
2019-05-22,-7.963499389195e-05,-7.963499389195e-05,-7.963499389195e-05,-7.963499389195e-05
2019-05-23,0.0004815012930403,0.0004815012930403,0.0004815012930403,0.0004815012930403
2019-05-24,0.00224715128938995,0.00224715128938995,0.00224715128938995,0.00224715128938995
2019-05-28,0.0059014567574134,0.0059014567574134,0.0059014567574134,0.0059014567574134
2019-05-29,-0.0001277924870384,-0.0001277924870384,-0.0001277924870384,-0.0001277924870384
2019-05-30,0.000412921337495,0.000412921337495,0.000412921337495,0.000412921337495
2019-05-31,0.0043978989194916,0.0043978989194916,0.0043978989194916,0.0043978989194916
2019-06-03,-0.00736065965851345,-0.00736065965851345,-0.00736065965851345,-0.00736065965851345
2019-06-04,-0.00030995223234655,-0.00030995223234655,-0.00030995223234655,-0.00030995223234655
2019-06-05,-0.00314411728749155,-0.00314411728749155,-0.00314411728749155,-0.00314411728749155
2019-06-06,0.0014385200942171,0.0014385200942171,0.0014385200942171,0.0014385200942171
2019-06-07,-0.0063696370268256,-0.0063696370268256,-0.0063696370268256,-0.0063696370268256
2019-06-10,-0.013253407055934049,-0.013253407055934049,-0.013253407055934049,-0.013253407055934049
2019-06-11,0.0005596594830452001,0.0005596594830452001,0.0005596594830452001,0.0005596594830452001
2019-06-12,0.0030499553175944,0.0030499553175944,0.0030499553175944,0.0030499553175944
2019-06-13,-0.0024054405157538502,-0.0024054405157538502,-0.0024054405157538502,-0.0024054405157538502
2019-06-14,-0.0046539641028372,-0.0046539641028372,-0.0046539641028372,-0.0046539641028372
2019-06-17,0.0025804485085831504,0.0025804485085831504,0.0025804485085831504,0.0025804485085831504
2019-06-18,-0.0054963319708518,-0.0054963319708518,-0.0054963319708518,-0.0054963319708518
2019-06-19,0.0032927709813422,0.0032927709813422,0.0032927709813422,0.0032927709813422
2019-06-20,0.00092691578174055,0.00092691578174055,0.00092691578174055,0.00092691578174055
2019-06-21,-0.0004828068853265,-0.0004828068853265,-0.0004828068853265,-0.0004828068853265
2019-06-24,-0.0070426119997024,-0.0070426119997024,-0.0070426119997024,-0.0070426119997024
2019-06-25,0.0057095801044068,0.0057095801044068,0.0057095801044068,0.0057095801044068
2019-06-26,-0.00154114882012565,-0.00154114882012565,-0.00154114882012565,-0.00154114882012565
2019-06-27,0.0016108746652985,0.0016108746652985,0.0016108746652985,0.0016108746652985
2019-06-28,0.0017571807086072,0.0017571807086072,0.0017571807086072,0.0017571807086072
2019-07-01,-0.00103154003666325,-0.00103154003666325,-0.00103154003666325,-0.00103154003666325
2019-07-02,-0.00197484678334495,-0.00197484678334495,-0.00197484678334495,-0.00197484678334495
2019-07-03,-0.000166344372073,-0.000166344372073,-0.000166344372073,-0.000166344372073
2019-07-05,-0.0003431702205247,-0.0003431702205247,-0.0003431702205247,-0.0003431702205247
2019-07-08,0.0,0.0,0.0,0.0
2019-07-09,0.0,0.0,0.0,0.0
2019-07-10,0.0,0.0,0.0,0.0
2019-07-11,0.0,0.0,0.0,0.0
2019-07-12,0.0,0.0,0.0,0.0
2019-07-15,0.00232926923534915,0.002199929943223691,0.0018756415104863979,0.0019154942819023578
2019-07-16,5.812434637275e-05,5.489682689968249e-05,4.680456650185292e-05,4.779904848553312e-05
2019-07-17,0.000484410286545325,0.00045751202909649413,0.00039007085473948184,0.0003983589015346977
2019-07-18,-0.000874146563255375,-0.0008256070917380753,-0.0007039055663503134,-0.0007188618293021322
2019-07-19,0.0001013211351153,9.569499121820067e-05,8.158873350824598e-05,8.332229353474519e-05
2019-07-22,-0.001086351794532925,-0.0010260290246393673,-0.0008747835973164836,-0.0008933705983757875
2019-07-23,0.000923978335486025,0.0008726718132354496,0.0007440325465716017,0.0007598414092134097
2019-07-24,0.0051689541065909,0.004881933243983218,0.004162294654901823,0.004250733184610338
2019-07-25,-0.001243417694916025,-0.001097792849501834,-0.0007604253107376544,-0.0007886278969232182
2019-07-26,0.0002532317329605499,0.0001474498625546498,-8.453383103124385e-05,-7.190317991129659e-05
2019-07-29,-0.00225020150862575,-0.0022212210468760285,-0.0021137798224438497,-0.0021435975028800984
2019-07-30,-0.00196131067702955,-0.001828846040416528,-0.0015052588033212084,-0.00154094719822795
2019-07-31,-0.006172304582012275,-0.005150797126116772,-0.0028355933954927045,-0.003002607508082635
2019-08-01,-0.003796136386939925,-0.003918123903156974,-0.004103378810790318,-0.004138222473579778
2019-08-02,0.001759875196341225,0.001680531296909259,0.0014749344376272318,0.0015033824509759846
2019-08-05,0.0009714688931813999,0.0011460841933397564,0.0015010609255865447,0.0014970045656328428
2019-08-06,-0.0027610153808657503,-0.0026811787255931175,-0.0024543784680891895,-0.0024949707867154697
2019-08-07,-0.002110318828748725,-0.002223464473116246,-0.002423679413840408,-0.002438948303598218
2019-08-08,-0.000929901936891325,-0.0010784328663051047,-0.0013782986350011316,-0.0013760997571412414
2019-08-09,0.000988958445068725,0.0011683533059380026,0.0015332295958511272,0.0015289522058857304
2019-08-12,0.00071119617952965,0.0008062051308168391,0.00099567465134151,0.00099567465134151
2019-08-13,-0.000780192533453125,-0.0008844187322700243,-0.001092269546834375,-0.001092269546834375
2019-08-14,0.000577086117980625,0.0006541792583121648,0.000807920565172875,0.000807920565172875
2019-08-15,0.00054139757164375,0.0006137230663410385,0.00075795660030125,0.00075795660030125
2019-08-16,-0.0018473281589062,-0.0020941133865448624,-0.00258625942246868,-0.00258625942246868
2019-08-19,-0.001342056224270475,-0.0015213419939447573,-0.0018788787139786647,-0.0018788787139786647
2019-08-20,0.000754340852436575,0.0008551135159659007,0.001056077193411205,0.001056077193411205
2019-08-21,-0.000929970232967425,-0.0012353559153224158,-0.0011153795152847106,-0.001301958326154395
2019-08-22,0.00047950440984545,0.0006713061737836299,0.0005397337044928754,0.0006713061737836299
2019-08-23,-6.266347721014032e-06,-8.772886809419645e-06,-7.053447266926077e-06,-8.772886809419645e-06
2019-08-26,-0.0005862314679042251,-0.0009983246753873147,-0.00047694404124528245,-0.0008207240550659152
2019-08-27,-0.0011651740678923252,-0.0016771182980346775,-0.0012642792979810128,-0.001631243695049255
2019-08-28,0.00277598561603565,0.0031076308809339015,0.002687135824842844,0.0029794486873171554
2019-08-29,0.0006275014233723751,0.0005529918816523285,0.0009987045461130454,0.000847130275182725
2019-08-30,0.0007714118130415251,0.0005620236842664508,0.00014775050599154585,0.00016250170992236981
2019-09-03,-0.002457735860627825,-0.0029527469206433125,-0.0026951625798198684,-0.0030208855914148455
2019-09-04,-0.00286931776382845,-0.003126744143467274,-0.0021202522467193502,-0.002534449656894228
2019-09-05,-0.0004114887565417501,-0.00041817992256738666,-6.893703804617009e-05,-0.00016866359622083957
2019-09-06,-0.00095835903165895,-0.0013639345500647642,-0.0008698940828631798,-0.001205662170922329
2019-09-09,0.00599601980634725,0.007475733393255047,0.0071835974209271975,0.008019991410541516
2019-09-10,0.0018367136342945251,0.002822431263098399,0.0028798954701945486,0.0033549884947181715
2019-09-11,0.0032634047806641003,0.00398322550575873,0.0035239107911716467,0.004018229937696662
2019-09-12,-0.0022064254657006748,-0.0026428464205112954,-0.0018075846847159377,-0.0022582380218766356
2019-09-13,0.004458012169785975,0.004712602759927885,0.004351678684983189,0.004601864384137688
2019-09-16,-0.0010164179944314252,-0.0014109232612196136,-0.001744062400817844,-0.0018528503469705747
2019-09-17,-0.0003802165995890998,0.00012630483414226312,0.00011819795813118074,0.0003635786639010405
2019-09-18,-0.00014998735770242505,-4.2658572999595794e-07,0.0006014329776245523,0.0005114657598011129
2019-09-19,0.004450956028103375,0.004611917915069987,0.004867590261905147,0.004906822020249684
2019-09-20,-0.001995713222767975,-0.002158791825742352,-0.0024684124653235663,-0.0024777787935870784
2019-09-23,-0.00023826721673054718,-0.0002723163020243498,-0.0003405521890729702,-0.0003403514463152785
2019-09-24,-0.000217658635151,-0.00020557252103066133,-0.00017526937848549485,-0.0001789934219330023
2019-09-25,-0.00025,-0.00023611803970934354,-0.0002013122272450876,-0.0002055896172104844
2019-09-26,0.0,0.0,0.0,0.0
2019-09-27,0.0,0.0,0.0,0.0
2019-09-30,0.0,0.0,0.0,0.0
2019-10-01,0.00038521169858265,0.0002010564249545575,0.000257761983888341,0.00014547193567274996
2019-10-02,4.647991757727116e-06,2.425961125960867e-06,3.1101744338933743e-06,1.7552747241981216e-06
2019-10-03,0.0027561952663487,0.0018213986961578034,0.0023017379002374643,0.0016807538821589525
2019-10-04,0.0,0.0,0.0,0.0
2019-10-07,0.0,0.0,0.0,0.0
2019-10-08,0.0,0.0,0.0,0.0
2019-10-09,0.0,0.0,0.0,0.0
2019-10-10,0.0,0.0,0.0,0.0
2019-10-11,0.0,0.0,0.0,0.0
2019-10-14,0.0,0.0,0.0,0.0
2019-10-15,0.0,0.0,0.0,0.0
2019-10-16,0.0,0.0,0.0,0.0
2019-10-17,0.0,0.0,0.0,0.0
2019-10-18,0.0,0.0,0.0,0.0
2019-10-21,0.0,0.0,0.0,0.0
2019-10-22,0.0,0.0,0.0,0.0
2019-10-23,0.002987750831022,0.002987750831022,0.002987750831022,0.002987750831022
2019-10-24,0.008638841609156,0.008638841609156,0.008638841609156,0.008638841609156
2019-10-25,-0.00802842649550585,-0.00802842649550585,-0.00802842649550585,-0.00802842649550585
2019-10-28,-0.0018631087680640998,-0.0018631087680640998,-0.0018631087680640998,-0.0018631087680640998
2019-10-29,-0.0001522268543827,-0.0001522268543827,-0.0001522268543827,-0.0001522268543827
2019-10-30,-0.002525871501288,-0.002525871501288,-0.002525871501288,-0.002525871501288
2019-10-31,0.0019262384504523,0.0019262384504523,0.0019262384504523,0.0019262384504523
2019-11-01,-0.00791363708707735,-0.00791363708707735,-0.00791363708707735,-0.00791363708707735
2019-11-04,-0.00196029073880055,-0.00196029073880055,-0.00196029073880055,-0.00196029073880055
2019-11-05,-0.0075997966319102505,-0.0075997966319102505,-0.0075997966319102505,-0.0075997966319102505
2019-11-06,-0.0019597780223256,-0.0019597780223256,-0.0019597780223256,-0.0019597780223256
2019-11-07,0.004298898599180649,0.004298898599180649,0.004298898599180649,0.004298898599180649
2019-11-08,-0.00313181590462865,-0.00313181590462865,-0.00313181590462865,-0.00313181590462865
2019-11-11,0.00304057782877825,0.00304057782877825,0.00304057782877825,0.00304057782877825
2019-11-12,-2.6486799165800014e-05,-2.6486799165800014e-05,-2.6486799165800014e-05,-2.6486799165800014e-05
2019-11-13,0.00403838824613515,0.00403838824613515,0.00403838824613515,0.00403838824613515
2019-11-14,0.00213831480642375,0.00213831480642375,0.00213831480642375,0.00213831480642375
2019-11-15,0.0022484530026062,0.0022484530026062,0.0022484530026062,0.0022484530026062
2019-11-18,0.0047902476653377,0.0047902476653377,0.0047902476653377,0.0047902476653377
2019-11-19,0.00063458929592845,0.00063458929592845,0.00063458929592845,0.00063458929592845
2019-11-20,0.00057904712090555,0.00057904712090555,0.00057904712090555,0.00057904712090555
2019-11-21,-0.0005,-0.0005,-0.0005,-0.0005
2019-11-22,0.0,0.0,0.0,0.0
2019-11-25,0.0,0.0,0.0,0.0
2019-11-26,0.0,0.0,0.0,0.0
2019-11-27,0.0,0.0,0.0,0.0
2019-11-29,0.0,0.0,0.0,0.0
2019-12-02,0.0,0.0,0.0,0.0
2019-12-03,0.0,0.0,0.0,0.0
2019-12-04,0.0,0.0,0.0,0.0
2019-12-05,0.00311479591827445,0.00311479591827445,0.00311479591827445,0.00311479591827445
2019-12-06,-0.00244858711960995,-0.00244858711960995,-0.00244858711960995,-0.00244858711960995
2019-12-09,-0.0005899630141843,-0.0005899630141843,-0.0005899630141843,-0.0005899630141843
2019-12-10,0.0010335271074722,0.0010335271074722,0.0010335271074722,0.0010335271074722
2019-12-11,0.0003471242922047,0.0003471242922047,0.0003471242922047,0.0003471242922047
2019-12-12,0.0032082312253286,0.0032082312253286,0.0032082312253286,0.0032082312253286
2019-12-13,-0.00148906336312755,-0.00148906336312755,-0.00148906336312755,-0.00148906336312755
2019-12-16,-0.0018182547318275,-0.0018182547318275,-0.0018182547318275,-0.0018182547318275
2019-12-17,0.00200866368342025,0.00200866368342025,0.00200866368342025,0.00200866368342025
2019-12-18,-0.0026196966699347,-0.0026196966699347,-0.0026196966699347,-0.0026196966699347
2019-12-19,0.00250796537055665,0.00250796537055665,0.00250796537055665,0.00250796537055665
2019-12-20,-0.0004375772591804,-0.0004375772591804,-0.0004375772591804,-0.0004375772591804
2019-12-23,-0.00070784161917945,-0.00070784161917945,-0.00070784161917945,-0.00070784161917945
2019-12-24,0.0007666319388892,0.0007666319388892,0.0007666319388892,0.0007666319388892
2019-12-26,5.78552881275e-05,5.78552881275e-05,5.78552881275e-05,5.78552881275e-05
2019-12-27,0.00064546064082235,0.00064546064082235,0.00064546064082235,0.00064546064082235
2019-12-30,-0.0008518570145268,-0.0008518570145268,-0.0008518570145268,-0.0008518570145268
2019-12-31,0.00110514918734175,0.00110514918734175,0.00110514918734175,0.00110514918734175
2020-01-02,0.00395948470828185,0.00395948470828185,0.00395948470828185,0.00395948470828185
2020-01-03,-0.0005,-0.0005,-0.0005,-0.0005
2020-01-06,0.0,0.0,0.0,0.0
2020-01-07,0.0,0.0,0.0,0.0
2020-01-08,0.0010526129294392,0.00110524357591116,0.0009473516364952801,0.00110524357591116
2020-01-09,-0.0016749149148737,-0.001758660660617385,-0.0015074234233863303,-0.001758660660617385
2020-01-10,-0.000531392050033,-0.00055796165253465,-0.00047825284502970005,-0.00055796165253465
2020-01-13,-0.00040381130613856666,-0.000424001871445495,-0.0003634301755247101,-0.000424001871445495
2020-01-14,0.0010250170263116332,0.001076267877627215,0.0009225153236804701,0.001076267877627215
2020-01-15,-0.0027689972244308,-0.00290744708565234,-0.002814859119804245,-0.00290744708565234
2020-01-16,0.0018576681240360332,0.0019505515302378348,0.0019408559347448098,0.0019505515302378348
2020-01-17,0.00022068397641769946,0.0002317181752385846,-8.548279177823977e-05,0.0002317181752385846
2020-01-21,-0.003250762047177133,-0.0034133001495359897,-0.0033954529131136496,-0.0034133001495359897
2020-01-22,-0.0006558837586084332,-0.000688677946538855,-0.0005067194695081303,-0.000688677946538855
2020-01-23,0.0044312934624384,0.00465285813556032,0.00421792137660188,0.00465285813556032
2020-01-24,-0.00295198082979,-0.00279370560475816,-0.002849080502104705,-0.00279370560475816
2020-01-27,-0.004176394972899233,-0.0045649921480115044,-0.003677169798360656,-0.0045649921480115044
2020-01-28,0.0015061874239580668,0.0014121766726578455,0.001683930895103855,0.0014121766726578455
2020-01-29,-0.002388005980871533,-0.002433249667437465,-0.002494126527858175,-0.002433249667437465
2020-01-30,0.018224861312150266,0.016377757877510918,0.01899685148643644,0.016377757877510918
2020-01-31,0.002640253912384133,0.00282226660800334,0.00296657891637499,0.00282226660800334
2020-02-03,0.0004258780862565337,0.0006680331765316347,0.0005135372636392052,0.0006680331765316347
2020-02-04,-0.00013963745596089986,0.0001070746755891497,-0.0004426116698813445,0.0001070746755891497
2020-02-05,0.006126422081214633,0.005511791184849041,0.0064827431852753645,0.005511791184849041
2020-02-06,0.0011255928239923333,0.0010480192564074602,0.0011818724651919501,0.0010480192564074602
2020-02-07,0.00028557818988349996,0.00014259255558002012,0.00029985709937767487,0.00014259255558002012
2020-02-10,-0.0030618632727299,-0.002977225105333375,-0.003214956436366395,-0.002977225105333375
2020-02-11,0.0014723746775800997,0.0016442676048716398,0.001545993411459105,0.0016442676048716398
2020-02-12,-0.0029515988266913666,-0.00270643894402223,-0.0030991787680259347,-0.00270643894402223
2020-02-13,-0.0008405083697760665,-0.0007564575327984601,-0.0008825337882648698,-0.0007564575327984601
2020-02-14,-0.0014164066908634331,-0.0012747660217770902,-0.0014872270254066048,-0.0012747660217770902
2020-02-18,-0.0019898362179146998,-0.00179085259612323,-0.0020893280288104346,-0.00179085259612323
2020-02-19,0.0023854871705764665,0.0021469384535188203,0.00250476152910529,0.0021469384535188203
2020-02-20,-0.0001475141271502,-0.00013276271443518002,-0.00015488983350771,-0.00013276271443518002
2020-02-21,0.0013894740122185666,0.0012505266109967101,0.0014589477128294948,0.0012505266109967101
2020-02-24,0.0008721877913855001,0.0007849690122469501,0.000915797180954775,0.0007849690122469501
2020-02-25,-0.0032991631209259666,-0.0029692468088333705,-0.0034641212769722647,-0.0029692468088333705
2020-02-26,-0.005422979139551832,-0.005738926276779094,-0.0048358830453469805,-0.005738926276779094
2020-02-27,0.0004685287606735333,0.00037167588460618005,0.0005419551987072099,0.00037167588460618005
2020-02-28,0.007734918213820433,0.007470758789186245,0.007612331727763599,0.007470758789186245
2020-03-02,-0.0002806175750650667,-0.00024464845381832003,-0.00030255581755856,-0.00024464845381832003
2020-03-03,-2.0303007132891403e-05,-2.131815748953597e-05,-1.8272706419602265e-05,-2.131815748953597e-05
2020-03-04,-0.0002714123277932,-0.00028498294418285997,-0.00024427109501388,-0.00028498294418285997
2020-03-05,-0.0019062834274884998,-0.002001597598862925,-0.0015861631745200402,-0.002001597598862925
2020-03-06,0.0034964404677756667,0.0036712624911644496,0.00324399062407611,0.0036712624911644496
2020-03-09,-0.008986988690449034,-0.009436338124971484,-0.008058914913780746,-0.009436338124971484
2020-03-10,0.007992427088799466,0.008392048443239439,0.0069304256125092365,0.008392048443239439
2020-03-11,0.0072901488901255,0.007654656334631775,0.0071552304016029205,0.007654656334631775
2020-03-12,-0.0032144029772536,-0.0033751231261162796,-0.003190470085957315,-0.0033751231261162796
2020-03-13,0.005056395395514499,0.005309215165290225,0.004482219756246581,0.005309215165290225
2020-03-16,0.002209290162275501,0.0023197546703892756,0.00287021488789302,0.0023197546703892756
2020-03-17,-0.006196696312573832,-0.007868876512018088,-0.005062610325560767,-0.007868876512018088
2020-03-18,-0.0016724145799216668,-0.0026195212199864957,5.189799214112313e-05,-0.0026195212199864957
2020-03-19,-0.0132016472999148,-0.01270481291967365,-0.01381172966491054,-0.01270481291967365
2020-03-20,-0.011999883065589733,-0.010383990087847714,-0.013602207356206873,-0.010383990087847714
2020-03-23,0.012241188493406455,0.012231442751952579,0.012856356761931158,0.012231442751952579
2020-03-24,0.008620917162657633,0.00800723733150202,0.008749626410635395,0.00800723733150202
2020-03-25,0.0018769887161218341,0.002755280674175264,0.0014547239913825709,0.002755280674175264
2020-03-26,0.016338199765914697,0.015389324814184452,0.015838237492189364,0.015389324814184452
2020-03-27,0.0035675116918522,0.0032317345280863954,0.003603579084423615,0.0032317345280863954
2020-03-30,-0.009594562376006335,-0.0092399583399509,-0.00964939679418611,-0.0092399583399509
2020-03-31,0.0009308623301695668,0.0009840077379716502,0.0005394946536113605,0.0009840077379716502
2020-04-01,0.005890649345514533,0.0052603336104534515,0.00617643261329989,0.0052603336104534515
2020-04-02,-0.005666162169986333,-0.004788269563716446,-0.006260746667756905,-0.004788269563716446
2020-04-03,-0.013088333170260298,-0.012390315706866075,-0.01313193397514151,-0.012390315706866075
2020-04-06,0.0,0.0,0.0,0.0
2020-04-07,0.0,0.0,0.0,0.0
2020-04-08,0.0,0.0,0.0,0.0
2020-04-09,0.0,0.0,0.0,0.0
2020-04-13,0.0,0.0,0.0,0.0
2020-04-14,0.0,0.0,0.0,0.0
2020-04-15,0.0,0.0,0.0,0.0
2020-04-16,0.0,0.0,0.0,0.0
2020-04-17,0.0,0.0,0.0,0.0
2020-04-20,0.0,0.0,0.0,0.0
2020-04-21,0.0,0.0,0.0,0.0
2020-04-22,0.0,0.0,0.0,0.0
2020-04-23,0.0,0.0,0.0,0.0
2020-04-24,0.0,0.0,0.0,0.0
2020-04-27,0.0,0.0,0.0,0.0
2020-04-28,0.0,0.0,0.0,0.0
2020-04-29,0.0,0.0,0.0,0.0
2020-04-30,0.0,0.0,0.0,0.0
2020-05-01,0.0,0.0,0.0,0.0
2020-05-04,0.0,0.0,0.0,0.0
2020-05-05,0.0,0.0,0.0,0.0
2020-05-06,0.0,0.0,0.0,0.0
2020-05-07,0.0,0.0,0.0,0.0
2020-05-08,0.0,0.0,0.0,0.0
2020-05-11,0.0,0.0,0.0,0.0
2020-05-12,0.0,0.0,0.0,0.0
2020-05-13,0.0,0.0,0.0,0.0
2020-05-14,0.0,0.0,0.0,0.0
2020-05-15,0.0,0.0,0.0,0.0
2020-05-18,0.0,0.0,0.0,0.0
2020-05-19,-0.00023088539238585,-0.00032323954934019,-0.00018026641347964936,-0.00032323954934019
2020-05-20,-3.62478693235e-05,-5.07470170529e-05,-2.830093897108238e-05,-5.07470170529e-05
2020-05-21,0.000282487834516825,0.00039548296832355497,0.00022055561096251318,0.00039548296832355497
2020-05-22,7.803781819485e-05,0.00010925294547279,6.092891999963822e-05,0.00010925294547279
2020-05-26,0.00016059570839775,0.00022483399175684998,0.0001253869379692304,0.00022483399175684998
2020-05-27,-9.364676245935e-05,-0.00013110546744309,-7.3115781938755e-05,-0.00013110546744309
2020-05-28,0.0001131103976205,0.0001583545566687,8.83122379272454e-05,0.0001583545566687
2020-05-29,-0.000295307762096175,-0.00041343086693464495,-0.00023056491619363918,-0.00041343086693464495
2020-06-01,8.356045111015756e-06,1.1698463155422057e-05,6.524077887611241e-06,1.1698463155422057e-05
2020-06-02,6.3862558479025e-05,8.940758187063499e-05,4.986142368595228e-05,8.940758187063499e-05
2020-06-03,-0.000124394231397725,-0.000174151923956815,-9.712222033584034e-05,-0.000174151923956815
2020-06-04,7.4562150261075e-05,0.00010438701036550499,5.821525246790986e-05,0.00010438701036550499
2020-06-05,-2.9203763387975e-05,-4.0885268743164996e-05,-2.280117261494272e-05,-4.0885268743164996e-05
2020-06-08,0.000313079222414675,0.000438310911380545,0.00024444018730025876,0.000438310911380545
2020-06-09,-9.01376643038e-05,-0.00012619273002532,-7.037601337863791e-05,-0.00012619273002532
2020-06-10,-4.6496004161675e-05,-6.509440582634499e-05,-3.6302287575442476e-05,-6.509440582634499e-05
2020-06-11,-0.00011161499343475,-0.00015626099080865,-8.71446839885488e-05,-0.00015626099080865
2020-06-12,-0.0037228322859347495,-0.0032319070789782133,-0.0039057504433636986,-0.003316953752482989
2020-06-15,-0.0030203223156724,-0.0013495394391240343,0.0016624503330669748,0.00282586808963905
2020-06-16,0.00342971393116285,0.0017454705974364309,-0.0002709969477195386,-0.0017226688011198676
2020-06-17,-0.002138718576639725,-0.0015221477090022236,-0.0015955462546454338,-0.0007154554335049666
2020-06-18,-0.0038194265269118743,-0.0034822104490330906,-0.004858027500679256,-0.004087158393722211
2020-06-19,0.000986344657366875,4.29001536568197e-05,-0.0023274630715502996,-0.002718906875692437
2020-06-22,-0.001023896908427825,8.583306068246817e-05,0.00162157543150156,0.0027676965134894177
2020-06-23,0.0014844377012796501,0.00130213314055704,0.0012248434913360276,0.0011517823711980168
2020-06-24,-0.0026820344821434,-0.0021792513593204346,-0.002198938185759174,-0.001650815066465418
2020-06-25,0.0008070730986888751,0.0007432250447713619,0.000666407214535549,0.0007125882021237521
2020-06-26,0.0009683288435335495,0.0016739945067015352,0.004088888235440881,0.0043108949120332475
2020-06-29,-1.7140642194774913e-05,-0.0009155258301691261,-0.0020817896489684256,-0.0031841800324077093
2020-06-30,0.002338142052368675,0.001818248082653255,0.001497885507868381,0.0010430142464084979
2020-07-01,0.0005215939068605499,-2.326762553155851e-05,-0.0005215872071765447,-0.001216933546372261
2020-07-02,0.000218108562207742,-0.0003790296938973811,-0.0013998981178319192,-0.0019660821858396692
2020-07-06,0.00238894013554015,0.0019936093611597665,0.0015786018438338199,0.0014201732524309267
2020-07-07,0.0,0.0,0.0,0.0
2020-07-08,0.0,0.0,0.0,0.0
2020-07-09,0.0,0.0,0.0,0.0
2020-07-10,0.0,0.0,0.0,0.0
2020-07-13,0.0,0.0,0.0,0.0
2020-07-14,0.0,0.0,0.0,0.0
2020-07-15,0.0,0.0,0.0,0.0
2020-07-16,0.002578708023125175,0.002593005236094134,0.0007385891232923335,0.0007011927859791636
2020-07-17,0.001627247772099775,0.0016362697737154445,0.0004660735122381225,0.0004424752195924128
2020-07-20,-0.00402496652297945,-0.0040472822729813555,-0.001152823999006141,-0.0010944540694066123
2020-07-21,0.0008404072399082001,0.0005665659412631024,0.004152394531197766,0.003631798265288981
2020-07-22,-0.00160596329875095,-0.0014559271728329937,-0.0026923727582791224,-0.002378934801895791
2020-07-23,0.0020112555041852,0.0019111103033460643,0.0021392735339378086,0.001906932834874629
2020-07-24,0.0009566684515750999,0.0009655659044446115,0.00022353667282325936,0.00021622285881876593
2020-07-27,0.0050008371175663,0.005054790718528663,0.0010639552884322233,0.0010393117719270106
2020-07-28,0.0008461472939957827,0.0008637712928768677,-4.898083813691914e-05,-3.0106247986821087e-05
2020-07-29,0.0010426450104608499,0.0008209401796058784,0.0009567416492804998,0.000700660870907303
2020-07-30,-0.0015302192616642252,-0.0014727293887226527,-0.0024295949087486755,-0.0022138137118820336
2020-07-31,0.0011241637391320252,0.0012220186027899545,-0.0007718638335745572,-0.0006341717555550962
2020-08-03,-0.0016588483976984775,-0.0015692019139717068,-0.0019759566613896952,-0.001763727663121054
2020-08-04,-0.002680020093746825,-0.002505537954118186,-0.0016263965846212542,-0.0013656037679294446
2020-08-05,-0.0021093913951386995,-0.0019399317606076383,-0.004122557388235303,-0.0036943438675888455
2020-08-06,0.001642236822841625,0.0023371251265069766,-0.001555096573716762,-0.0013065550412033277
2020-08-07,0.00652354918182285,0.005857976998121394,0.007355442055254273,0.006624506251146884
2020-08-10,0.007455362464174725,0.006721115117259284,0.0077432209510767645,0.006909775880298356
2020-08-11,-0.00461770761751914,-0.004788656546004887,-0.001416906309160123,-0.0013090106462534574
2020-08-12,-0.002648380659157625,-0.0021301266949708586,-0.0031777708145494087,-0.002854378609563853
2020-08-13,-0.0009124872178406499,-0.0008633868642320209,-0.001105269441662783,-0.00102865984036368
2020-08-14,-0.001079726642460436,-0.0007862147600141165,-0.0014496257904503132,-0.0013158058510712894
2020-08-17,0.002613614209130325,0.0016556334439963554,0.0037059732532803624,0.003402261446824869
2020-08-18,0.005765154143864673,0.0037624650836665836,0.008071075395606654,0.00737058487913955
2020-08-19,0.00162336420257045,0.001106599342408829,0.0022558427058696007,0.0020830927167063383
2020-08-20,-0.0015517823725803,-0.0009788273503674781,-0.002184554483941497,-0.0019783971371584853
2020-08-21,0.003959677373078698,0.0025951759170100247,0.0055395250509979645,0.0050641237714729925
2020-08-24,-0.0029911741470976753,-0.0021387628343407777,-0.004120962891070436,-0.003854482419077865
2020-08-25,-0.00112614952192695,-0.000734872832821075,-0.0015766093306977297,-0.0014397374953446591
2020-08-26,-0.00193814553915,-0.0012647436908178877,-0.00271340375481,-0.0024778421957455236
2020-08-27,0.0010030615254277,0.0006545513276279646,0.0014042861355987798,0.0012823743740749442
2020-08-28,0.00298913728073295,0.0019505720496374704,0.0041847921930261295,0.0038214934500349265
2020-08-31,0.0002518632340224,0.00016435423952657375,0.00035260852763135996,0.00032199715460549456
2020-09-01,0.0011993940777557,0.0007826688254335786,0.00167915170885798,0.00153337775474474
2020-09-02,-0.00025,-0.00016313837960958263,-0.00035,-0.0003196150838125674
2020-09-03,0.0,0.0,0.0,0.0
2020-09-04,-0.00518511916517535,-0.004883874888301444,-0.006120024030379678,-0.005442422141231982
2020-09-08,-0.000243664618491725,-0.00022950822797127425,-0.0002875986593593019,-0.0002557560728055825
2020-09-09,0.00419623479670505,0.003952442575801717,0.0049528384931692895,0.00440446601898364
2020-09-10,-0.002279719384536875,-0.0020318966429272757,-0.002778366895989327,-0.0024840940029268186
2020-09-11,-0.003390646121397875,-0.002920010550587387,-0.00428560948151353,-0.003955007278263304
2020-09-14,0.00102434308005105,0.000847025906047276,0.0013950636184372942,0.0013971708858663307
2020-09-15,0.002973855966885725,0.002771633309413917,0.002006592801471058,0.0018119370387512659
2020-09-16,-0.003156734591268168,-0.0029012160971401335,-0.0004510828210537586,-0.0004991181545474624
2020-09-17,-0.000903120283227725,-0.0011237138130447443,0.0007560949456397518,0.000689951581492945
2020-09-18,-0.0034894575607186252,-0.0029284813731314686,-0.0030081300978327063,-0.0027084370883266
2020-09-21,0.002273618432072275,0.0022025862759960674,0.0028868417417166644,0.0026673608568901458
2020-09-22,0.0021146351541612616,0.0019873048130544854,0.0030735675768643767,0.002707707874573954
2020-09-23,-0.00238966331162825,-0.0023251557873103386,-0.0017329014903131722,-0.0014962638660024762
2020-09-24,0.004120254870458625,0.003682165709630391,0.003626456455120075,0.003236813575414395
2020-09-25,0.0009275908196501,0.00043868474692717024,0.002249110673686106,0.0020131720869098592
2020-09-28,0.00020162922117332492,-0.0004714928722062894,0.00218249641468157,0.001955484522702949
2020-09-29,0.000999498989758775,0.0009099473738581677,0.000635274081850738,0.0005655257651136278
2020-09-30,-0.005038695832351225,-0.004466998969880998,-0.004541224303726841,-0.004104049521152145
2020-10-01,-0.00565104279410355,-0.005907276815747957,-0.00028904833387702767,-0.0003951070401909105
2020-10-02,0.000243562686345875,0.0006447652513015217,-0.0016696302813594605,-0.001551241846725225
2020-10-05,0.0,0.0,0.0,0.0
2020-10-06,0.0,0.0,0.0,0.0
2020-10-07,0.0,0.0,0.0,0.0
2020-10-08,0.0,0.0,0.0,0.0
2020-10-09,0.0,0.0,0.0,0.0
2020-10-12,0.0,0.0,0.0,0.0
2020-10-13,0.0,0.0,0.0,0.0
2020-10-14,0.0,0.0,0.0,0.0
2020-10-15,0.0,0.0,0.0,0.0
2020-10-16,0.0,0.0,0.0,0.0
2020-10-19,0.0,0.0,0.0,0.0
2020-10-20,0.0,0.0,0.0,0.0
2020-10-21,0.0,0.0,0.0,0.0
2020-10-22,0.0,0.0,0.0,0.0
2020-10-23,0.0,0.0,0.0,0.0
2020-10-26,-0.0027147140223761,-0.0027147140223761,-0.0027147140223761,-0.0027147140223761
2020-10-27,0.0073339856056029,0.0073339856056029,0.0073339856056029,0.0073339856056029
2020-10-28,-0.0091897739674652,-0.0091897739674652,-0.0091897739674652,-0.0091897739674652
2020-10-29,-0.0095576490054518,-0.0095576490054518,-0.0095576490054518,-0.0095576490054518
2020-10-30,0.0026402417331202,0.0026402417331202,0.0026402417331202,0.0026402417331202
2020-11-02,-0.0072343138423125,-0.0072343138423125,-0.0072343138423125,-0.0072343138423125
2020-11-03,-0.0025443408884727,-0.0025443408884727,-0.0025443408884727,-0.0025443408884727
2020-11-04,0.0011426348932588,0.0011426348932588,0.0011426348932588,0.0011426348932588
2020-11-05,0.0029893546946982,0.0029893546946982,0.0029893546946982,0.0029893546946982
2020-11-06,-0.0063908318820535,-0.0063908318820535,-0.0063908318820535,-0.0063908318820535
2020-11-09,0.0040967622112114,0.0040967622112114,0.0040967622112114,0.0040967622112114
2020-11-10,-0.0142690354466401,-0.0142690354466401,-0.0142690354466401,-0.0142690354466401
2020-11-11,-0.00159800785229,-0.00159800785229,-0.00159800785229,-0.00159800785229
2020-11-12,0.0052356216620429,0.0052356216620429,0.0052356216620429,0.0052356216620429
2020-11-13,0.0032612477632778,0.0032612477632778,0.0032612477632778,0.0032612477632778
2020-11-16,-0.0052823570135796,-0.0052823570135796,-0.0052823570135796,-0.0052823570135796
2020-11-17,0.0065770353478893,0.0065770353478893,0.0065770353478893,0.0065770353478893
2020-11-18,0.0068285005303361,0.0068285005303361,0.0068285005303361,0.0068285005303361
2020-11-19,-0.0020392484230256,-0.0020392484230256,-0.0020392484230256,-0.0020392484230256
2020-11-20,-0.001,-0.001,-0.001,-0.001
2020-11-23,0.0,0.0,0.0,0.0
2020-11-24,0.0,0.0,0.0,0.0
2020-11-25,0.0,0.0,0.0,0.0
2020-11-27,0.0,0.0,0.0,0.0
2020-11-30,0.0,0.0,0.0,0.0
2020-12-01,0.0,0.0,0.0,0.0
2020-12-02,0.0,0.0,0.0,0.0
2020-12-03,0.0,0.0,0.0,0.0
2020-12-04,0.0,0.0,0.0,0.0
2020-12-07,0.0,0.0,0.0,0.0
2020-12-08,0.0,0.0,0.0,0.0
2020-12-09,0.0,0.0,0.0,0.0
2020-12-10,0.0,0.0,0.0,0.0
2020-12-11,0.0,0.0,0.0,0.0
2020-12-14,0.0,0.0,0.0,0.0
2020-12-15,0.0,0.0,0.0,0.0
2020-12-16,0.0,0.0,0.0,0.0
2020-12-17,0.0,0.0,0.0,0.0
2020-12-18,0.0,0.0,0.0,0.0
2020-12-21,0.0,0.0,0.0,0.0
2020-12-22,0.0,0.0,0.0,0.0
2020-12-23,0.0,0.0,0.0,0.0
2020-12-24,0.0,0.0,0.0,0.0
2020-12-28,0.0,0.0,0.0,0.0
2020-12-29,0.0,0.0,0.0,0.0
2020-12-30,0.0,0.0,0.0,0.0
2020-12-31,0.0,0.0,0.0,0.0
2021-01-04,0.0,0.0,0.0,0.0
2021-01-05,0.0,0.0,0.0,0.0
2021-01-06,0.0,0.0,0.0,0.0
2021-01-07,0.0,0.0,0.0,0.0
2021-01-08,0.0,0.0,0.0,0.0
2021-01-11,0.0,0.0,0.0,0.0
2021-01-12,0.0,0.0,0.0,0.0
2021-01-13,0.0,0.0,0.0,0.0
2021-01-14,0.0,0.0,0.0,0.0
2021-01-15,0.0,0.0,0.0,0.0
2021-01-19,0.0,0.0,0.0,0.0
2021-01-20,0.0007098277856722,0.0007098277856722,0.0007098277856722,0.0007098277856722
2021-01-21,-0.0020914728310064,-0.0020914728310064,-0.0020914728310064,-0.0020914728310064
2021-01-22,0.0042183030814538,0.0042183030814538,0.0042183030814538,0.0042183030814538
2021-01-25,0.0090900045196059,0.0090900045196059,0.0090900045196059,0.0090900045196059
2021-01-26,0.0001436000352033,0.0001436000352033,0.0001436000352033,0.0001436000352033
2021-01-27,0.0219379643320621,0.0219379643320621,0.0219379643320621,0.0219379643320621
2021-01-28,-0.0118758648629003,-0.0118758648629003,-0.0118758648629003,-0.0118758648629003
2021-01-29,-0.0009662522292204,-0.0009662522292204,-0.0009662522292204,-0.0009662522292204
2021-02-01,0.0074860473201595,0.0074860473201595,0.0074860473201595,0.0074860473201595
2021-02-02,0.0089250114141437,0.0089250114141437,0.0089250114141437,0.0089250114141437
2021-02-03,0.007134346363987,0.007134346363987,0.007134346363987,0.007134346363987
2021-02-04,0.0044071875450761,0.0044071875450761,0.0044071875450761,0.0044071875450761
2021-02-05,-0.0050459395161286,-0.0050459395161286,-0.0050459395161286,-0.0050459395161286
2021-02-08,-0.0107798197619718,-0.0107798197619718,-0.0107798197619718,-0.0107798197619718
2021-02-09,0.0012969504523391,0.0012969504523391,0.0012969504523391,0.0012969504523391
2021-02-10,0.0011180933461416,0.0011180933461416,0.0011180933461416,0.0011180933461416
2021-02-11,-0.006487424942863,-0.006487424942863,-0.006487424942863,-0.006487424942863
2021-02-12,-0.0056643209676637,-0.0056643209676637,-0.0056643209676637,-0.0056643209676637
2021-02-16,-0.0066498705488308,-0.0066498705488308,-0.0066498705488308,-0.0066498705488308
2021-02-17,-0.001,-0.001,-0.001,-0.001
2021-02-18,0.0112540700324649,0.0112540700324649,0.0112540700324649,0.0112540700324649
2021-02-19,-0.007229083109594,-0.007229083109594,-0.007229083109594,-0.007229083109594
2021-02-22,0.009342702279929,0.009342702279929,0.009342702279929,0.009342702279929
2021-02-23,-0.0103580554527996,-0.0103580554527996,-0.0103580554527996,-0.0103580554527996
2021-02-24,0.0050126928032739,0.0050126928032739,0.0050126928032739,0.0050126928032739
2021-02-25,0.0135734250588784,0.0135734250588784,0.0135734250588784,0.0135734250588784
2021-02-26,-0.0074967454605643,-0.0074967454605643,-0.0074967454605643,-0.0074967454605643
2021-03-01,-0.0073114235562369,-0.0073114235562369,-0.0073114235562369,-0.0073114235562369
2021-03-02,0.0080769716746959,0.0080769716746959,0.0080769716746959,0.0080769716746959
2021-03-03,-0.0027197851423627,-0.0027197851423627,-0.0027197851423627,-0.0027197851423627
2021-03-04,0.0072281979867707,0.0072281979867707,0.0072281979867707,0.0072281979867707
2021-03-05,0.0169878237324363,0.0169878237324363,0.0169878237324363,0.0169878237324363
2021-03-08,0.0070733159458272,0.0070733159458272,0.0070733159458272,0.0070733159458272
2021-03-09,5.169463014800642e-05,5.169463014800642e-05,5.169463014800642e-05,5.169463014800642e-05
2021-03-10,0.0069352357504253,0.0069352357504253,0.0069352357504253,0.0069352357504253
2021-03-11,-0.0059130551621248,-0.0059130551621248,-0.0059130551621248,-0.0059130551621248
2021-03-12,-0.008109822245573,-0.008109822245573,-0.008109822245573,-0.008109822245573
2021-03-15,0.0333259939281946,0.0333259939281946,0.0333259939281946,0.0333259939281946
2021-03-16,0.0053118760126081,0.0053118760126081,0.0053118760126081,0.0053118760126081
2021-03-17,-0.001,-0.001,-0.001,-0.001
2021-03-18,0.0,0.0,0.0,0.0
2021-03-19,0.0,0.0,0.0,0.0
2021-03-22,0.0,0.0,0.0,0.0
2021-03-23,0.0,0.0,0.0,0.0
2021-03-24,0.0,0.0,0.0,0.0
2021-03-25,0.0,0.0,0.0,0.0
2021-03-26,0.0,0.0,0.0,0.0
2021-03-29,0.0,0.0,0.0,0.0
2021-03-30,0.0,0.0,0.0,0.0
2021-03-31,0.0,0.0,0.0,0.0
2021-04-01,0.0,0.0,0.0,0.0
2021-04-05,0.0,0.0,0.0,0.0
2021-04-06,0.0,0.0,0.0,0.0
2021-04-07,0.0,0.0,0.0,0.0
2021-04-08,0.0,0.0,0.0,0.0
2021-04-09,0.0,0.0,0.0,0.0
2021-04-12,0.0,0.0,0.0,0.0
2021-04-13,0.0,0.0,0.0,0.0
2021-04-14,0.0,0.0,0.0,0.0
2021-04-15,0.0,0.0,0.0,0.0
2021-04-16,0.0,0.0,0.0,0.0
2021-04-19,0.0,0.0,0.0,0.0
2021-04-20,0.0,0.0,0.0,0.0
2021-04-21,0.0,0.0,0.0,0.0
2021-04-22,0.0,0.0,0.0,0.0
2021-04-23,0.0,0.0,0.0,0.0
2021-04-26,0.003981995463467625,0.0025226297092067235,0.003989040121609953,0.002634530479573472
2021-04-27,-0.000464850486679275,-0.0002944869372139297,-0.0004656728665127012,-0.0003075500177829545
2021-04-28,-0.001802657967481525,-0.0011419999309459472,-0.0018058470994745065,-0.0011926576519603448
2021-04-29,-0.0005408672887231249,0.0002727123547355914,-0.0008374975595848539,-0.00013439404519231758
2021-04-30,-0.00231106085306175,-0.002322729330602252,-0.0019025749064034278,-0.0018408176556338348
2021-05-03,0.00039952549444287496,-6.500611879819897e-05,0.0005530809082769381,0.00014881791537170458
2021-05-04,0.001052283295253775,0.0026486413302667287,0.00010180643418458376,0.0014159133103113727
2021-05-05,0.00226479979349945,0.0025397723768791902,0.0017378630868298336,0.0018996658827829108
2021-05-06,0.0029455380847706,0.0035680794981867645,0.0027547992374610895,0.0033971536390702013
2021-05-07,-0.0002587291384807249,-0.0007488780311901666,-0.00017403860873481915,-0.0006451855242095952
2021-05-10,-0.0038762460834839496,-0.004491661491664932,-0.003216392521835682,-0.0037199020833272164
2021-05-11,-0.0041742382981923,-0.0038209836048412327,-0.0036908023577212723,-0.003288439114514702
2021-05-12,-0.0030825818022712,-0.00286543698120844,-0.002939495157722927,-0.002757986387953254
2021-05-13,-0.00099550426612755,-0.0012660421693122094,-0.00011742641790651572,-0.00025529709562511355
2021-05-14,0.00381444014304005,0.0035791485908983987,0.0038575586057680135,0.0036319871602240247
2021-05-17,-0.0037715247034307998,-0.003275563327982679,-0.003907627685079762,-0.003501902396374107
2021-05-18,0.002527824072195476,0.0023347509581849593,0.004563177046093426,0.004577245988371698
2021-05-19,-0.001569006338958,4.7249667036079225e-05,-0.004357905826305193,-0.0032980368613327177
2021-05-20,0.0036436686713127247,0.004688195626793396,0.0024628748666271133,0.0032301918553566443
2021-05-21,-0.0012146928320813251,-0.0009779009199086897,-0.002035885556761396,-0.0019082571762260134
2021-05-24,-0.0010493893648548,-0.000907108914548715,-0.0011863371439874014,-0.0011099219681400775
2021-05-25,0.003023188884875075,0.0032434679946624096,0.0030755794838775736,0.003309495876307483
2021-05-26,-0.002194032254530775,-0.0022575927103655243,-0.002373980798860269,-0.002479311949058932
2021-05-27,-0.0014083102390086751,-0.0014132280066282842,-0.0016523044609872764,-0.0017000929676146868
2021-05-28,0.00034905152698035005,0.000402153685466253,0.0005189073600010065,0.0005757460041284199
2021-06-01,-0.00047473219013702495,-0.0005216126653770219,-0.0006523206588761241,-0.000707647888769164
2021-06-02,-0.00351989453086635,-0.0033951475049192057,-0.00384081995596905,-0.003841418965434279
2021-06-03,-0.0001314240944832,-0.0001078819501897496,-0.0001035941160206619,-8.723955871108301e-05
2021-06-04,-0.000245137314027425,-0.00026187862609757814,-0.00032109789532334645,-0.00034319223963839493
2021-06-07,-0.001144435055144625,-0.0012225926562353167,-0.0014990605938518414,-0.001602209077202475
2021-06-08,-0.00421431565359935,-0.0038937162566255006,-0.005020190063540038,-0.004803934684581718
2021-06-09,-0.0003403783789692501,-0.0006009445064694064,-0.00043444396795647296,-0.0007156990562020568
2021-06-10,-0.002439323611667375,-0.0024784802111552265,-0.0026123402722039693,-0.002749171535467081
2021-06-11,-0.004013082295498775,-0.003498394653395747,-0.004126493776898762,-0.0037575639699329562
2021-06-14,0.00030559952238630006,0.0004660088478655006,0.0003364310913818138,0.0005163083281997787
2021-06-15,-0.0006266675531528,-0.0005677690131753537,-0.0006467651915151089,-0.0006115278931574324
2021-06-16,0.00052529109113015,4.2267904266710577e-05,0.0004939168296243662,1.2546369354442645e-05
2021-06-17,-0.00534260064067495,-0.0040701743693435846,-0.005428287536935642,-0.0043252887997016765
2021-06-18,0.000713374679688425,0.0002717592001252667,0.0006946024419988565,0.0002642183407405524
2021-06-21,-0.0025072426694153,-0.0013442481723103096,-0.0023214953683634203,-0.001228551640457922
2021-06-22,-0.001082683574688212,-0.0011269064563580531,-0.0011362033435363941,-0.0012272012269076197
2021-06-23,-0.0033019697861262,-0.003171419698678757,-0.0038194875742549837,-0.0037868877478843765
2021-06-24,0.0022261166766169753,0.002537256877888704,0.0025339814004192484,0.0029353647245387313
2021-06-25,0.0008074690905786249,0.0008844665775094448,0.0013882926025096435,0.0014551284802765412
2021-06-28,0.0007902784997855923,0.00016898782881680165,0.0005556252101654798,-4.133614159538613e-05
2021-06-29,-0.0027122372841811002,-0.002484981042467837,-0.003126214472555006,-0.002974187174170953
2021-06-30,0.00509504856534145,0.005614509588688721,0.006713411859977767,0.007349530240803471
2021-07-01,-0.0031084595523693,-0.0027523909678416063,-0.0043385748758528984,-0.004180033230740454
2021-07-02,-0.000646330444620625,-0.0005992677411425535,-0.00017598819746199724,-2.2309423143555655e-05
2021-07-06,0.000188560789477125,0.0005299693751264206,-2.94593134821142e-05,0.00024055220585334505
2021-07-07,0.0,0.0,0.0,0.0
2021-07-08,0.0,0.0,0.0,0.0
2021-07-09,0.0040463872831924,0.0040463872831924,0.0040463872831924,0.0040463872831924
2021-07-12,-0.00099952218606345,-0.00099952218606345,-0.00099952218606345,-0.00099952218606345
2021-07-13,0.00209302015227755,0.00209302015227755,0.00209302015227755,0.00209302015227755
2021-07-14,-0.00067613313838585,-0.00067613313838585,-0.00067613313838585,-0.00067613313838585
2021-07-15,0.00154895402375835,0.00154895402375835,0.00154895402375835,0.00154895402375835
2021-07-16,-0.00053838458279745,-0.00053838458279745,-0.00053838458279745,-0.00053838458279745
2021-07-19,-0.00068522921812135,-0.00068522921812135,-0.00068522921812135,-0.00068522921812135
2021-07-20,0.00120963346357055,0.00120963346357055,0.00120963346357055,0.00120963346357055
2021-07-21,-0.00025663812188675005,-0.00025663812188675005,-0.00025663812188675005,-0.00025663812188675005
2021-07-22,-0.0007223671065138,-0.0007223671065138,-0.0007223671065138,-0.0007223671065138
2021-07-23,0.0011980508645024,0.0011980508645024,0.0011980508645024,0.0011980508645024
2021-07-26,0.0016910448569747,0.0016910448569747,0.0016910448569747,0.0016910448569747
2021-07-27,0.0028989867760624496,0.0028989867760624496,0.0028989867760624496,0.0028989867760624496
2021-07-28,-0.0020542694354409503,-0.0020542694354409503,-0.0020542694354409503,-0.0020542694354409503
2021-07-29,-0.00140743893803425,-0.00140743893803425,-0.00140743893803425,-0.00140743893803425
2021-07-30,-0.0019116009449044,-0.0019116009449044,-0.0019116009449044,-0.0019116009449044
2021-08-02,-0.0005910913524225,-0.0005910913524225,-0.0005910913524225,-0.0005910913524225
2021-08-03,-0.00268035273009645,-0.00268035273009645,-0.00268035273009645,-0.00268035273009645
2021-08-04,-0.0006459263393697501,-0.0006459263393697501,-0.0006459263393697501,-0.0006459263393697501
2021-08-05,-0.0041763220389157,-0.0041763220389157,-0.0041763220389157,-0.0041763220389157
2021-08-06,0.00100283204912545,0.00100283204912545,0.00100283204912545,0.00100283204912545
2021-08-09,0.00400950725139495,0.00400950725139495,0.00400950725139495,0.00400950725139495
2021-08-10,-0.0016591491958081,-0.0016591491958081,-0.0016591491958081,-0.0016591491958081
2021-08-11,0.0012734372132839,0.0012734372132839,0.0012734372132839,0.0012734372132839
2021-08-12,-0.0052937595927967,-0.0052937595927967,-0.0052937595927967,-0.0052937595927967
2021-08-13,2.2903727524413035e-05,2.2903727524413035e-05,2.2903727524413035e-05,2.2903727524413035e-05
2021-08-16,-0.0001311347511322,-0.0001311347511322,-0.0001311347511322,-0.0001311347511322
2021-08-17,-0.0005,-0.0005,-0.0005,-0.0005
2021-08-18,0.0,0.0,0.0,0.0
2021-08-19,0.0,0.0,0.0,0.0
2021-08-20,0.0,0.0,0.0,0.0
2021-08-23,0.0,0.0,0.0,0.0
2021-08-24,0.0,0.0,0.0,0.0
2021-08-25,0.0,0.0,0.0,0.0
2021-08-26,0.0,0.0,0.0,0.0
2021-08-27,0.0,0.0,0.0,0.0
2021-08-30,0.0,0.0,0.0,0.0
2021-08-31,0.0,0.0,0.0,0.0
2021-09-01,-0.0013528136731532,-0.0013528136731532,-0.0013528136731532,-0.0013528136731532
2021-09-02,-0.00070395943101775,-0.00070395943101775,-0.00070395943101775,-0.00070395943101775
2021-09-03,0.0001992126414138,0.0001992126414138,0.0001992126414138,0.0001992126414138
2021-09-07,0.00123986577082825,0.00123986577082825,0.00123986577082825,0.00123986577082825
2021-09-08,-0.002093561894048,-0.002093561894048,-0.002093561894048,-0.002093561894048
2021-09-09,-0.00036381758582425,-0.00036381758582425,-0.00036381758582425,-0.00036381758582425
2021-09-10,-0.00387587363460875,-0.00387587363460875,-0.00387587363460875,-0.00387587363460875
2021-09-13,-0.00252904130021805,-0.00252904130021805,-0.00252904130021805,-0.00252904130021805
2021-09-14,-0.00660008316405915,-0.00660008316405915,-0.00660008316405915,-0.00660008316405915
2021-09-15,-0.00403093657344615,-0.00403093657344615,-0.00403093657344615,-0.00403093657344615
2021-09-16,-0.00131502130068635,-0.00131502130068635,-0.00131502130068635,-0.00131502130068635
2021-09-17,-0.0015776480374412,-0.0015776480374412,-0.0015776480374412,-0.0015776480374412
2021-09-20,-0.00038198559436720004,-0.00038198559436720004,-0.00038198559436720004,-0.00038198559436720004
2021-09-21,0.0027813301770430003,0.0027813301770430003,0.0027813301770430003,0.0027813301770430003
2021-09-22,0.0024409590450766,0.0024409590450766,0.0024409590450766,0.0024409590450766
2021-09-23,-4.0996586879497e-06,-4.0996586879497e-06,-4.0996586879497e-06,-4.0996586879497e-06
2021-09-24,0.00028651458116774997,0.00028651458116774997,0.00028651458116774997,0.00028651458116774997
2021-09-27,-0.00153762802405085,-0.00153762802405085,-0.00153762802405085,-0.00153762802405085
2021-09-28,-0.00208987426303295,-0.00208987426303295,-0.00208987426303295,-0.00208987426303295
2021-09-29,0.00116405101210725,0.00116405101210725,0.00116405101210725,0.00116405101210725
2021-09-30,-0.00316926868018995,-0.00316926868018995,-0.00316926868018995,-0.00316926868018995
2021-10-01,0.00404145705239215,0.00404145705239215,0.00404145705239215,0.00404145705239215
2021-10-04,0.00115427680571075,0.00115427680571075,0.00115427680571075,0.00115427680571075
2021-10-05,0.0,0.0,0.0,0.0
2021-10-06,0.0,0.0,0.0,0.0
2021-10-07,0.0,0.0,0.0,0.0
2021-10-08,0.0,0.0,0.0,0.0
2021-10-11,0.0,0.0,0.0,0.0
2021-10-12,0.0,0.0,0.0,0.0
2021-10-13,0.0,0.0,0.0,0.0
2021-10-14,0.0,0.0,0.0,0.0
2021-10-15,0.0,0.0,0.0,0.0
2021-10-18,0.0,0.0,0.0,0.0
2021-10-19,0.0,0.0,0.0,0.0
2021-10-20,0.0,0.0,0.0,0.0
2021-10-21,0.0,0.0,0.0,0.0
2021-10-22,0.0,0.0,0.0,0.0
2021-10-25,0.0,0.0,0.0,0.0
2021-10-26,0.0,0.0,0.0,0.0
2021-10-27,0.0,0.0,0.0,0.0
2021-10-28,0.0,0.0,0.0,0.0
2021-10-29,0.0,0.0,0.0,0.0
2021-11-01,0.0,0.0,0.0,0.0
2021-11-02,0.0,0.0,0.0,0.0
2021-11-03,0.0,0.0,0.0,0.0
2021-11-04,0.0,0.0,0.0,0.0
2021-11-05,-0.0032983420702,-0.0032983420702,-0.0032983420702,-0.0032983420702
2021-11-08,0.0032579408519516,0.0032579408519516,0.0032579408519516,0.0032579408519516
2021-11-09,-0.0017110148224422,-0.0017110148224422,-0.0017110148224422,-0.0017110148224422
2021-11-10,-0.0029962055743197,-0.0029962055743197,-0.0029962055743197,-0.0029962055743197
2021-11-11,-0.004940301278173,-0.004940301278173,-0.004940301278173,-0.004940301278173
2021-11-12,-0.0068513957818833,-0.0068513957818833,-0.0068513957818833,-0.0068513957818833
2021-11-15,-0.0055593340004605,-0.0055593340004605,-0.0055593340004605,-0.0055593340004605
2021-11-16,-0.0206430032522454,-0.0206430032522454,-0.0206430032522454,-0.0206430032522454
2021-11-17,-0.0049379128201946,-0.0049379128201946,-0.0049379128201946,-0.0049379128201946
2021-11-18,0.0030040595566176,0.0030040595566176,0.0030040595566176,0.0030040595566176
2021-11-19,-0.0065269471859208,-0.0065269471859208,-0.0065269471859208,-0.0065269471859208
2021-11-22,0.0060779991403178,0.0060779991403178,0.0060779991403178,0.0060779991403178
2021-11-23,0.0003606558295243,0.0003606558295243,0.0003606558295243,0.0003606558295243
2021-11-24,-8.686095150012914e-05,-8.686095150012914e-05,-8.686095150012914e-05,-8.686095150012914e-05
2021-11-26,-0.0043480713799751,-0.0043480713799751,-0.0043480713799751,-0.0043480713799751
2021-11-29,-0.0158031183596274,-0.0158031183596274,-0.0158031183596274,-0.0158031183596274
2021-11-30,0.0020884315010077,0.0020884315010077,0.0020884315010077,0.0020884315010077
2021-12-01,-0.0084965432769398,-0.0084965432769398,-0.0084965432769398,-0.0084965432769398
2021-12-02,-0.0043587446977333,-0.0043587446977333,-0.0043587446977333,-0.0043587446977333
2021-12-03,-0.001,-0.001,-0.001,-0.001
2021-12-06,0.0,0.0,0.0,0.0
2021-12-07,0.0,0.0,0.0,0.0
2021-12-08,0.0,0.0,0.0,0.0
2021-12-09,0.0,0.0,0.0,0.0
2021-12-10,0.013010831583992,0.013010831583992,0.013010831583992,0.013010831583992
2021-12-13,-0.0122101955632642,-0.0122101955632642,-0.0122101955632642,-0.0122101955632642
2021-12-14,-0.0140626530777606,-0.0140626530777606,-0.0140626530777606,-0.0140626530777606
2021-12-15,0.0106675587568994,0.0106675587568994,0.0106675587568994,0.0106675587568994
2021-12-16,0.0015321424135049,0.0015321424135049,0.0015321424135049,0.0015321424135049
2021-12-17,0.0162283084406914,0.0162283084406914,0.0162283084406914,0.0162283084406914
2021-12-20,-0.0013322318118743,-0.0013322318118743,-0.0013322318118743,-0.0013322318118743
2021-12-21,-0.0040487697612521,-0.0040487697612521,-0.0040487697612521,-0.0040487697612521
2021-12-22,0.0021878008909977,0.0021878008909977,0.0021878008909977,0.0021878008909977
2021-12-23,0.0018553484128414,0.0018553484128414,0.0018553484128414,0.0018553484128414
2021-12-27,0.0035103197211652,0.0035103197211652,0.0035103197211652,0.0035103197211652
2021-12-28,-0.0080617346125126,-0.0080617346125126,-0.0080617346125126,-0.0080617346125126
2021-12-29,0.0024268526416457,0.0024268526416457,0.0024268526416457,0.0024268526416457
2021-12-30,-0.0045936381527929,-0.0045936381527929,-0.0045936381527929,-0.0045936381527929
2021-12-31,-0.0039675780720154,-0.0039675780720154,-0.0039675780720154,-0.0039675780720154
2022-01-03,-0.0004991130947857,-0.0004991130947857,-0.0004991130947857,-0.0004991130947857
2022-01-04,0.0,0.0,0.0,0.0
2022-01-05,0.0,0.0,0.0,0.0
2022-01-06,0.0,0.0,0.0,0.0
2022-01-07,0.0,0.0,0.0,0.0
2022-01-10,0.0,0.0,0.0,0.0
2022-01-11,0.0,0.0,0.0,0.0
2022-01-12,0.0,0.0,0.0,0.0
2022-01-13,0.0,0.0,0.0,0.0
2022-01-14,0.0,0.0,0.0,0.0
2022-01-18,0.0,0.0,0.0,0.0
2022-01-19,0.0,0.0,0.0,0.0
2022-01-20,0.0,0.0,0.0,0.0
2022-01-21,0.0,0.0,0.0,0.0
2022-01-24,0.0,0.0,0.0,0.0
2022-01-25,0.0,0.0,0.0,0.0
2022-01-26,0.0,0.0,0.0,0.0
2022-01-27,0.0,0.0,0.0,0.0
2022-01-28,-0.009331706090596567,-0.009798291395126394,-0.009798291395126394,-0.009798291395126394
2022-01-31,-0.0006234373437673333,-0.0006546092109557,-0.0006546092109557,-0.0006546092109557
2022-02-01,0.003016113126123733,0.00316691878242992,0.00316691878242992,0.00316691878242992
2022-02-02,0.0009062976260059333,0.0009516125073062299,0.0009516125073062299,0.0009516125073062299
2022-02-03,-0.0026696779598669998,-0.00280316185786035,-0.00280316185786035,-0.00280316185786035
2022-02-04,-0.0015302581314450665,-0.0016067710380173199,-0.0016067710380173199,-0.0016067710380173199
2022-02-07,0.0003066732890747,0.000322006953528435,0.000322006953528435,0.000322006953528435
2022-02-08,-0.0051780379620417,-0.005436939860143785,-0.005436939860143785,-0.005436939860143785
2022-02-09,-2.3165698826232886e-05,-2.432398376754453e-05,-2.432398376754453e-05,-2.432398376754453e-05
2022-02-10,0.00031023077675616665,0.000325742315593975,0.000325742315593975,0.000325742315593975
2022-02-11,-0.0015513310356362999,-0.0016288975874181148,-0.0016288975874181148,-0.0016288975874181148
2022-02-14,0.0006696096553412999,0.000703090138108365,0.000703090138108365,0.000703090138108365
2022-02-15,0.0011239999934908,0.00118019999316534,0.00118019999316534,0.00118019999316534
2022-02-16,0.0012405806286426,0.00130260966007473,0.00130260966007473,0.00130260966007473
2022-02-17,-0.004720669967928333,-0.0049567034663247495,-0.0049567034663247495,-0.0049567034663247495
2022-02-18,0.0015171572161890665,0.0015930150769985197,0.0015930150769985197,0.0015930150769985197
2022-02-22,0.0051491168658511,0.0054065727091436545,0.0054065727091436545,0.0054065727091436545
2022-02-23,0.0019677980741141,0.002066187977819805,0.002066187977819805,0.002066187977819805
2022-02-24,-0.0042322671437006,-0.00444388050088563,-0.00444388050088563,-0.00444388050088563
2022-02-25,-0.0003333333333333333,-0.00035,-0.00035,-0.00035
2022-02-28,-0.0016571975704966998,-0.0014914778134470302,-0.0017400574490215347,-0.0017400574490215347
2022-03-01,-0.0012905764222246332,-0.0011615187800021701,-0.0013551052433358648,-0.0013551052433358648
2022-03-02,-0.0035494780636181997,-0.0031945302572563804,-0.0037269519667991096,-0.0037269519667991096
2022-03-03,-0.0025359043125350996,-0.0022823138812815905,-0.0026626995281618547,-0.0026626995281618547
2022-03-04,0.0037577502720560997,0.0033819752448504903,0.003945637785658904,0.003945637785658904
2022-03-07,0.0010293877481071332,0.0009264489732964201,0.0010808571355124899,0.0010808571355124899
2022-03-08,-0.010687579583718802,-0.01185478383141224,-0.01122195856290474,-0.01122195856290474
2022-03-09,-0.004395237510591466,-0.00400571375953232,-0.0046149993861210395,-0.0046149993861210395
2022-03-10,-0.004275469459527133,-0.0038479225135744206,-0.004489242932503489,-0.004489242932503489
2022-03-11,-0.0089074584208294,-0.0083930557008238,-0.00897648821979353,-0.00897648821979353
2022-03-14,-0.00032276803127466664,-0.0001969848645658502,-0.0004324127964197498,-0.0004324127964197498
2022-03-15,-0.008572793497519599,-0.007886822688877396,-0.008830124631285824,-0.008830124631285824
2022-03-16,0.008705901687023966,0.00825633894704039,0.008720169342656344,0.008720169342656344
2022-03-17,0.004845241572736466,0.004867144050053605,0.004581077016782505,0.004581077016782505
2022-03-18,-0.00034355559165959995,-7.327239367042535e-05,-0.0005966610100657946,-0.0005966610100657946
2022-03-21,-0.0005042327337973667,-0.00043648591884236517,-0.0005467679120624999,-0.0005467679120624999
2022-03-22,-0.0017297910884591,-0.0017447744106985899,-0.001628318211796655,-0.001628318211796655
2022-03-23,-0.0017545386328632,-0.0020074632368438892,-0.0014138870972393502,-0.0014138870972393502
2022-03-24,-0.005041596132206099,-0.0046106600303712905,-0.005220452427430604,-0.005220452427430604
2022-03-25,-0.0014490451265016,-0.00147149738282668,-0.0013541406138514402,-0.0013541406138514402
2022-03-28,0.0012368830216422334,0.001298727172724345,0.0011131947194780102,0.0011131947194780102
2022-03-29,0.0017443240694752001,0.00183154027294896,0.0015698916625276804,0.0015698916625276804
2022-03-30,-0.0015423439167010999,-0.0016194611125361549,-0.0013881095250309903,-0.0013881095250309903
2022-03-31,0.0008500437977384666,0.00089254598762539,0.0007650394179646202,0.0007650394179646202
2022-04-01,0.0008156421922392667,0.0008564243018512299,0.0007340779730153401,0.0007340779730153401
2022-04-04,0.0019706408081054333,0.002069172848510705,0.0017735767272948903,0.0017735767272948903
2022-04-05,0.0,0.0,0.0,0.0
2022-04-06,0.0,0.0,0.0,0.0
2022-04-07,0.0,0.0,0.0,0.0
2022-04-08,0.0,0.0,0.0,0.0
2022-04-11,0.0,0.0,0.0,0.0
2022-04-12,-0.005402313884238,-0.005402313884238,-0.005402313884238,-0.005402313884238
2022-04-13,0.0059953816793341,0.0059953816793341,0.0059953816793341,0.0059953816793341
2022-04-14,0.0067302369927258,0.0067302369927258,0.0067302369927258,0.0067302369927258
2022-04-18,-0.0018170427858971998,-0.0018170427858971998,-0.0018170427858971998,-0.0018170427858971998
2022-04-19,-0.01487117882508005,-0.01487117882508005,-0.01487117882508005,-0.01487117882508005
2022-04-20,0.00038883738857794993,0.00038883738857794993,0.00038883738857794993,0.00038883738857794993
2022-04-21,0.00142384002359705,0.00142384002359705,0.00142384002359705,0.00142384002359705
2022-04-22,-0.0008434512956932,-0.0008434512956932,-0.0008434512956932,-0.0008434512956932
2022-04-25,-0.0034644837905049505,-0.0034644837905049505,-0.0034644837905049505,-0.0034644837905049505
2022-04-26,0.00045136937980615015,0.00045136937980615015,0.00045136937980615015,0.00045136937980615015
2022-04-27,0.01728972528378315,0.01728972528378315,0.01728972528378315,0.01728972528378315
2022-04-28,-0.0054327314112976996,-0.0054327314112976996,-0.0054327314112976996,-0.0054327314112976996
2022-04-29,-0.00714159356298235,-0.00714159356298235,-0.00714159356298235,-0.00714159356298235
2022-05-02,-0.0039951443429556,-0.0039951443429556,-0.0039951443429556,-0.0039951443429556
2022-05-03,-9.160185168229995e-05,-9.160185168229995e-05,-9.160185168229995e-05,-9.160185168229995e-05
2022-05-04,-0.0014773914186153,-0.0014773914186153,-0.0014773914186153,-0.0014773914186153
2022-05-05,0.00246635334300765,0.00246635334300765,0.00246635334300765,0.00246635334300765
2022-05-06,0.00024676996836710003,0.00024676996836710003,0.00024676996836710003,0.00024676996836710003
2022-05-09,-0.0079768275494114,-0.0079768275494114,-0.0079768275494114,-0.0079768275494114
2022-05-10,0.0011031408928856,0.0011031408928856,0.0011031408928856,0.0011031408928856
2022-05-11,0.00176286084040985,0.00176286084040985,0.00176286084040985,0.00176286084040985
2022-05-12,-0.0005,-0.0005,-0.0005,-0.0005
2022-05-13,0.0,0.0,0.0,0.0
2022-05-16,0.0,0.0,0.0,0.0
2022-05-17,0.0,0.0,0.0,0.0
2022-05-18,0.0,0.0,0.0,0.0
2022-05-19,0.0,0.0,0.0,0.0
2022-05-20,0.0,0.0,0.0,0.0
2022-05-23,0.0,0.0,0.0,0.0
2022-05-24,-0.00321342101095985,-0.00321342101095985,-0.00321342101095985,-0.00321342101095985
2022-05-25,0.00631287522696075,0.00631287522696075,0.00631287522696075,0.00631287522696075
2022-05-26,-0.0010727887523424,-0.0010727887523424,-0.0010727887523424,-0.0010727887523424
2022-05-27,-0.0037399021927865,-0.0037399021927865,-0.0037399021927865,-0.0037399021927865
2022-05-31,0.0003456262634909,0.0003456262634909,0.0003456262634909,0.0003456262634909
2022-06-01,0.0021440372541441,0.0021440372541441,0.0021440372541441,0.0021440372541441
2022-06-02,0.001855711779668,0.001855711779668,0.001855711779668,0.001855711779668
2022-06-03,0.00186972037796415,0.00186972037796415,0.00186972037796415,0.00186972037796415
2022-06-06,-0.0006183947193089,-0.0006183947193089,-0.0006183947193089,-0.0006183947193089
2022-06-07,-0.0011420897323967,-0.0011420897323967,-0.0011420897323967,-0.0011420897323967
2022-06-08,0.0021844537592177,0.0021844537592177,0.0021844537592177,0.0021844537592177
2022-06-09,0.00315813679410335,0.00315813679410335,0.00315813679410335,0.00315813679410335
2022-06-10,1.4836914798109746e-05,1.4836914798109746e-05,1.4836914798109746e-05,1.4836914798109746e-05
2022-06-13,-0.00046574522173695,-0.00046574522173695,-0.00046574522173695,-0.00046574522173695
2022-06-14,0.00340392922877335,0.00340392922877335,0.00340392922877335,0.00340392922877335
2022-06-15,-0.0032190287641164,-0.0032190287641164,-0.0032190287641164,-0.0032190287641164
2022-06-16,0.0009745403854112,0.0009745403854112,0.0009745403854112,0.0009745403854112
2022-06-17,0.0032153315592552,0.0032153315592552,0.0032153315592552,0.0032153315592552
2022-06-21,0.00109178223527245,0.00109178223527245,0.00109178223527245,0.00109178223527245
2022-06-22,0.00040778927969175,0.00040778927969175,0.00040778927969175,0.00040778927969175
2022-06-23,-0.00264127092021395,-0.00264127092021395,-0.00264127092021395,-0.00264127092021395
2022-06-24,-0.0027378496398632,-0.0027378496398632,-0.0027378496398632,-0.0027378496398632
2022-06-27,-0.00273993775224665,-0.00273993775224665,-0.00273993775224665,-0.00273993775224665
2022-06-28,-0.0021348762536169,-0.0021348762536169,-0.0021348762536169,-0.0021348762536169
2022-06-29,-0.00194953690567395,-0.00194953690567395,-0.00194953690567395,-0.00194953690567395
2022-06-30,0.00412897996408945,0.00412897996408945,0.00412897996408945,0.00412897996408945
2022-07-01,0.0017162029061543501,0.0017162029061543501,0.0017162029061543501,0.0017162029061543501
2022-07-05,-0.00403562265467205,-0.00403562265467205,-0.00403562265467205,-0.00403562265467205
2022-07-06,-0.00019636046631365004,-0.00019636046631365004,-0.00019636046631365004,-0.00019636046631365004
2022-07-07,0.0,0.0,0.0,0.0
2022-07-08,0.0,0.0,0.0,0.0
2022-07-11,0.0,0.0,0.0,0.0
2022-07-12,0.0,0.0,0.0,0.0
2022-07-13,0.0,0.0,0.0,0.0
2022-07-14,0.0,0.0,0.0,0.0
2022-07-15,0.0,0.0,0.0,0.0
2022-07-18,0.0,0.0,0.0,0.0
2022-07-19,0.0,0.0,0.0,0.0
2022-07-20,-0.000325140464713975,-0.00042618328788415907,-0.000455196650599565,-0.00045519665059956505
2022-07-21,-0.000486571014311775,-0.0006377810736382622,-0.0006811994200364849,-0.000681199420036485
2022-07-22,0.00042939536916835,0.0005628371430033637,0.0006011535168356899,0.00060115351683569
2022-07-25,-0.000270583059073725,-0.00035467125835364293,-0.000378816282703215,-0.00037881628270321503
2022-07-26,0.00125130527146615,0.0016401692579524159,0.00175182738005261,0.0017518273800526101
2022-07-27,0.00762683506489765,0.008940571623704345,0.0025568591074594856,0.0034528152561025265
2022-07-28,0.003913931527225025,0.004667429928198133,0.0019218266662686658,0.0023143444402448908
2022-07-29,0.0057705761296054005,0.005897597717520541,0.00406140418198154,0.004134383015134576
2022-08-01,0.00243140344213305,0.001533644426460839,0.0038004169689441207,0.0032047010524576167
2022-08-02,-0.00097175604002525,-0.0003598184690240816,-0.00178122011562008,-0.0014211906170317947
2022-08-03,0.0066701045715937745,0.008204960009001247,0.005638951846296944,0.0060287071215998165
2022-08-04,-0.0005646352360483998,0.00015202396269269015,-0.002821431331654486,-0.0022229919050283436
2022-08-05,0.00062664189180355,0.0010433145290713501,0.00016347456400139023,0.00034414617800811436
2022-08-08,0.0020267462055918255,-0.00021718711443010014,0.0034157045631544414,0.0023971591127975866
2022-08-09,0.0011953924544467502,0.00031270608498557207,0.002028647524426035,0.0015684724172698847
2022-08-10,0.0010046011805134,0.0009712213169319773,0.0008359917547390793,0.000811074034852008
2022-08-11,-0.00165480111136805,-0.0038180684949214406,-0.0010823575166739115,-0.0018044029045483298
2022-08-12,-0.00603888992214165,-0.006462813032163431,-0.008053670859577977,-0.007644432983545764
2022-08-15,-0.0041844615183005505,-0.0026607183165289166,-0.005828095812697356,-0.004918373004337507
2022-08-16,-0.0003561594591059,-0.0010372025212932031,0.0006037956428154843,0.0002510798942893625
2022-08-17,-0.0031343899302510004,-0.003821482832551877,-0.0007557420603866629,-0.0012165834457028204
2022-08-18,-0.000228674327297275,0.0001500242670431484,-0.0007791558890478421,-0.00056356929118626
2022-08-19,-0.001398755177869175,-0.001205001824006736,-0.0011820797143316743,-0.001096946947870444
2022-08-22,0.0013911111846530249,0.00011134300290434004,0.003011006661037159,0.002294597775065566
2022-08-23,0.003474835740612625,0.0016919949162992874,0.005134002169165591,0.004166152448026325
2022-08-24,0.001322405362097425,0.0007046022441174144,0.0018513675069363948,0.001518303556572167
2022-08-25,-0.00025,-0.0001332046633189439,-0.00035,-0.00028703444497609154
2022-08-26,0.0,0.0,0.0,0.0
2022-08-29,0.0,0.0,0.0,0.0
2022-08-30,0.0,0.0,0.0,0.0
2022-08-31,0.0,0.0,0.0,0.0
2022-09-01,0.0,0.0,0.0,0.0
2022-09-02,0.0,0.0,0.0,0.0
2022-09-06,0.0,0.0,0.0,0.0
2022-09-07,0.0,0.0,0.0,0.0
2022-09-08,0.0,0.0,0.0,0.0
2022-09-09,0.0,0.0,0.0,0.0
2022-09-12,0.0,0.0,0.0,0.0
2022-09-13,0.0,0.0,0.0,0.0
2022-09-14,0.0048482097346096,0.004779105673846589,0.004251533431977829,0.004896563166574544
2022-09-15,-0.001665762936550225,-0.0016420199490382779,-0.0014607550419976053,-0.0016823763586650364
2022-09-16,0.00044958038902410003,0.0009323984613580161,-0.0001707413744375158,0.00030482723647524404
2022-09-19,-0.001275318131692625,-0.0006908045052525396,-0.0015377547737529867,-0.0013330345385822906
2022-09-20,0.0025339079502863754,0.0018352028486077452,0.003529553393617449,0.003056568311538965
2022-09-21,-0.0024762065367138503,-0.001018178848706889,-0.0033094355108197076,-0.002659894299492971
2022-09-22,0.00117349222280275,0.001961736081966166,0.0004167294613089544,0.0011124017768927331
2022-09-23,-0.00201209272724375,-0.001323520549905662,-0.0029222997376747925,-0.002448935422024959
2022-09-26,0.0019458404313814,0.001772060295111507,0.0020265007369873068,0.0020922725919108737
2022-09-27,0.0005534778757396501,0.0019881305353037244,0.00031190129753636974,0.0009315790580946744
2022-09-28,0.0060110995501938495,0.007133945617586214,0.007350626039472335,0.007594457034091892
2022-09-29,-0.0004523527016915501,0.00067923367412329,-0.0007713375813969478,-0.0002965903679795491
2022-09-30,-0.002570634483973325,-0.0026148356637724656,-0.002308999375933251,-0.0026522481665778555
2022-10-03,0.00153019881450155,0.0015597449200699409,0.001084449172180456,0.0014219245208917854
2022-10-04,0.002835403802668175,0.0014350705115305038,0.0033286515889769447,0.002881967834787465
2022-10-05,0.0,0.0,0.0,0.0
2022-10-06,0.0,0.0,0.0,0.0
2022-10-07,0.0,0.0,0.0,0.0
2022-10-10,0.0,0.0,0.0,0.0
2022-10-11,0.0,0.0,0.0,0.0
2022-10-12,0.0,0.0,0.0,0.0
2022-10-13,0.0,0.0,0.0,0.0
2022-10-14,0.001624083744470875,0.002273717242259225,0.001048840929142674,0.0018490260767813978
2022-10-17,-0.00701590119506845,-0.00982226167309583,-0.004530902025995096,-0.007987632599592204
2022-10-18,-0.00025,-0.00035,-0.00016145117711962342,-0.00028462603653849896
2022-10-19,-0.00065893262345765,-0.000557942800654632,-0.000676126439476727,-0.0005625114241653826
2022-10-20,0.000852682578710375,0.0007219981058741083,0.0008749319967223223,0.0007279100694613142
2022-10-21,-0.0020082875915376,-0.0017004919220158325,-0.0020606907146082125,-0.00171441612242786
2022-10-24,-0.00061733505805155,-0.0005227205923182051,-0.0006334434506737993,-0.0005270008045278017
2022-10-25,0.000280948389806775,0.00023788946831265206,0.0002882792985419442,0.0002398373873764306
2022-10-26,-0.00458131572273175,-0.0038791706982289594,-0.0047008579898130485,-0.003910934654020396
2022-10-27,-0.004773036993937475,-0.004252558631340478,-0.005743176560237821,-0.005030745984853901
2022-10-28,-0.0007302670001204502,-0.0004028749982073064,-3.849442823341577e-06,0.0002567944109458289
2022-10-31,-0.0021159890281720753,-0.001960271982835864,-0.002744595871590165,-0.0024869963369271945
2022-11-01,-0.0033055043331325753,-0.0028919527484344808,-0.0037072624795493133,-0.0031967044045079366
2022-11-02,0.004538983989006075,0.0036624033146191366,0.0041281389530604465,0.0032144475980287915
2022-11-03,0.0026167728210112753,0.0020073028357174083,0.0020406990574900067,0.0014449527636002891
2022-11-04,0.00165962290142695,0.0016497959561167105,0.0026458422468006644,0.002494606506859347
2022-11-07,0.0011884341849743502,0.0012139225041435874,0.0019283719015195304,0.0018550360607611875
2022-11-08,0.00030831916994157507,0.00035177545737002144,0.0006064095215058179,0.000614382403122267
2022-11-09,0.00448609720453855,0.0036610707248950053,0.0042950517285819485,0.0034044981472866657
2022-11-10,0.004479236972705775,0.004415880040204608,0.0068079931732423615,0.006414928775159759
2022-11-11,0.006025290906857875,0.005236793588688549,0.0068009283386057705,0.0058183020142321615
2022-11-14,-0.0132474832756977,-0.011490847837992748,-0.014844158568178773,-0.012674718715198915
2022-11-15,-0.008192928722011526,-0.007015598200871272,-0.00908333177993779,-0.007644406304693971
2022-11-16,-0.0029882001933664998,-0.0025625678885486344,-0.0032531412014012648,-0.0027442061322227665
2022-11-17,-0.00028664290928715006,-0.00022495034562072325,-0.0003411948004730639,-0.0002605276532615345
2022-11-18,-0.00143629462573935,-0.0012626601913353034,-0.0016570021113922811,-0.0014342752298089519
2022-11-21,0.0096129727600279,0.008207084199954029,0.010394529443362673,0.008723993529959152
2022-11-22,-0.0068574226881799,-0.005848369363869667,-0.00736640979545466,-0.006175929935745848
2022-11-23,-0.001805744459450775,-0.001543938165317496,-0.0019218412824646178,-0.0016166319954650354
2022-11-25,-0.00096592672465395,-0.0008178861431273753,-0.00099113107150274,-0.0008245832702490529
2022-11-28,0.00222695106203665,0.0018856424287412637,0.002285059866307452,0.0019010827038424183
2022-11-29,0.002423768590982425,0.00205229516288835,0.0024870130407829106,0.0020691000466885718
2022-11-30,-0.00638671303892795,-0.005407867865485854,-0.0065533643247327805,-0.005452149308394166
2022-12-01,-0.0052945361188576,-0.0044830809784793925,-0.005432688756461597,-0.0045197899549817315
2022-12-02,-0.000894707281156875,-0.0007575819870555274,-0.0009180532680385348,-0.0007637853234429172
2022-12-05,0.0001401315656662,0.00011865461721663127,0.0001437880796598264,0.00011962620117333614
2022-12-06,0.004816067057982075,0.004077943399388745,0.004941734793927469,0.00411133497298392
2022-12-07,0.000963548650966875,0.0013290148260473198,0.0006359792753823524,0.0010867316829989248
2022-12-08,-0.002982112219924075,-0.0034356930146648727,-0.0024340000698686473,-0.0030145554513468587
2022-12-09,0.0015104203899791251,0.0012409880423333718,0.0015759115574228984,0.0012698684516022352
2022-12-12,-0.00319416489473285,-0.002335362805473155,-0.003531321862420474,-0.0025366627024067437
2022-12-13,0.000827707315231125,0.0010765187982725438,0.0005910870900412857,0.0008999928102352013
2022-12-14,-0.00123486982072865,-0.001590502062708705,-0.0008925569263816812,-0.0013346960304445631
2022-12-15,-0.000258710953328425,-0.00036219533465979494,-0.00016707675179445668,-0.0002945434930198647
2022-12-16,0.000140156553826125,0.000196219175356575,9.051376238503097e-05,0.000159568817641699
2022-12-19,2.9767794819325e-05,4.1674912747054995e-05,1.9224182055341794e-05,3.389075782366295e-05
2022-12-20,0.002703327262877525,0.003784658168028535,0.0017458214749245843,0.003077749297197195
2022-12-21,0.001839722788486225,0.002575611903880715,0.001188101639099588,0.0020945320224655577
2022-12-22,-0.0001513855626641,-0.00021193978772974,-9.776550916414183e-05,-0.0001723530907609334
2022-12-23,-0.000422865366616575,-0.000592011513263205,-0.0002730884448134686,-0.0004814339731579001
2022-12-27,0.0001117979718625,0.0001565171606075,7.219965662714865e-05,0.000127282454497064
2022-12-28,0.00085797221919115,0.0012011611068676099,0.0005540824988973868,0.000976804928834069
2022-12-29,0.001087203152381825,0.0015220844133345549,0.0007021209148808438,0.001237785296698402
2022-12-30,1.5583687279630352e-05,2.1817162191482492e-05,1.0064018620641691e-05,1.7742092580226438e-05
2023-01-03,0.000411859270435675,0.000576602978609945,0.0002659806560778762,0.0004689034870229758
2023-01-04,0.000522382268371375,0.0007313351757199249,0.0003373569285399101,0.0005947343784181398
2023-01-05,0.0,0.0,0.0,0.0
2023-01-06,0.0006727556385284666,0.0006054800746756201,0.0006174005725988692,0.0006054800746756201
2023-01-09,0.0009106851554369999,0.0008196166398933001,0.0008357529899770626,0.0008196166398933001
2023-01-10,0.0016523636932469666,0.0014871273239222703,0.00151640541071302,0.0014871273239222703
2023-01-11,0.004427385116808833,0.003984646605127951,0.004063095052183383,0.003984646605127951
2023-01-12,0.0006389335869415669,0.0003029735370358056,0.00037857108828802236,0.0003029735370358056
2023-01-13,-0.002235322407309133,-0.0023765019048166197,-0.002329945450037396,-0.0023765019048166197
2023-01-17,0.0011241528136756,0.0009141291853787454,0.0009571081328346825,0.0009141291853787454
2023-01-18,-0.006155645780780466,-0.0061528607129366945,-0.006117161576032773,-0.0061528607129366945
2023-01-19,-0.0018947814162194663,-0.0015661178679148152,-0.0016325741858714384,-0.0015661178679148152
2023-01-20,0.003606745669544,0.0028031285569490257,0.002971682298766111,0.0028031285569490257
2023-01-23,-1.9100459323331733e-07,-2.488219046559994e-05,-1.9047716355417323e-05,-2.488219046559994e-05
2023-01-24,0.0019472656235979997,0.002250622798063929,0.002167452867835756,0.002250622798063929
2023-01-25,-0.0007211490256640667,-0.0005660216135313853,-0.000598411474257474,-0.0005660216135313853
2023-01-26,1.724536545476621e-05,-0.0009976295584371245,-0.0007579650225791167,-0.0009976295584371245
2023-01-27,-0.007327025212365333,-0.007864057519046355,-0.007693906838759184,-0.007864057519046355
2023-01-30,0.0017277918841267998,0.0022685490328148944,0.0021305891246713674,0.0022685490328148944
2023-01-31,0.006846334066700967,0.00667542906687121,0.006693887261359873,0.00667542906687121
2023-02-01,0.0076567657831758664,0.007648075932056445,0.007652696716021774,0.007648075932056445
2023-02-02,0.009176814672699332,0.007923490709127717,0.008230843211335274,0.007923490709127717
2023-02-03,0.0020271541129355335,0.0021785118185823106,0.0020699927999340995,0.0021785118185823106
2023-02-06,0.0014499220957887666,0.0015224182005782049,0.0014683535091665578,0.0015224182005782049
2023-02-07,-0.00016171496554563333,-0.00016980071382291506,-0.00017418544015541097,-0.00016980071382291506
2023-02-08,0.0005827664513043667,0.000611904773869585,0.0006030662541086544,0.000611904773869585
2023-02-09,-0.004018223312194167,-0.004219134477803875,-0.004213228173820394,-0.004219134477803875
2023-02-10,0.0004212822937067333,0.00044234640839206993,0.00044234640839206993,0.00044234640839206993
2023-02-13,-0.0002525850694259333,-0.00026521432289723,-0.00026521432289723,-0.00026521432289723
2023-02-14,-0.0007312160134902333,-0.0007677768141647449,-0.0007677768141647449,-0.0007677768141647449
2023-02-15,-0.001391109102006,-0.0014606645571062999,-0.0014606645571062999,-0.0014606645571062999
2023-02-16,0.0002705832320807666,0.00028411239368480496,0.00028411239368480496,0.00028411239368480496
2023-02-17,0.0047732359914686665,0.005011897791042099,0.005011897791042099,0.005011897791042099
2023-02-21,-0.003591365560337733,-0.0037709338383546194,-0.0037709338383546194,-0.0037709338383546194
2023-02-22,-0.0007273375480331666,-0.000763704425434825,-0.000763704425434825,-0.000763704425434825
2023-02-23,0.00028648260951826665,0.00030080673999418,0.00030080673999418,0.00030080673999418
2023-02-24,-0.0014497173561742664,-0.0015222032239829797,-0.0015222032239829797,-0.0015222032239829797
2023-02-27,0.0006596739081200666,0.0006926576035260699,0.0006926576035260699,0.0006926576035260699
2023-02-28,-0.0003333333333333333,-0.00035,-0.00035,-0.00035
2023-03-01,0.0,0.0,0.0,0.0
2023-03-02,0.0,0.0,0.0,0.0
2023-03-03,0.0,0.0,0.0,0.0
2023-03-06,0.0,0.0,0.0,0.0
2023-03-07,4.71193403276e-05,4.947530734398e-05,4.947530734398e-05,4.947530734398e-05
2023-03-08,0.0023520636626450666,0.00246966684577732,0.00246966684577732,0.00246966684577732
2023-03-09,0.003946410836182799,0.004143731377991939,0.004143731377991939,0.004143731377991939
2023-03-10,-0.0010733628092352665,-0.0011270309496970298,-0.0011270309496970298,-0.0011270309496970298
2023-03-13,-0.0001227312338159,-0.00012886779550669498,-0.00012886779550669498,-0.00012886779550669498
2023-03-14,-0.0008243541122857332,-0.0008655718179000199,-0.0008655718179000199,-0.0008655718179000199
2023-03-15,-0.00014798234675733333,-0.0001553814640952,-0.0001553814640952,-0.0001553814640952
2023-03-16,0.0005447997897661666,0.000572039779254475,0.000572039779254475,0.000572039779254475
2023-03-17,0.00027059773727716686,0.0006426044109649545,0.0006002589534848846,0.0006426044109649545
2023-03-20,0.006445624093236033,0.005575558311399306,0.005716405586520252,0.005575558311399306
2023-03-21,-0.0010735540984322333,-0.001053575826673895,-0.0010622765184433339,-0.001053575826673895
2023-03-22,0.006320192046071666,0.00639351861319528,0.006422185808743412,0.00639351861319528
2023-03-23,-0.004310652850957,-0.003841774134635666,-0.003922620965340235,-0.003841774134635666
2023-03-24,-0.0038314211897060996,-0.0037147113679400854,-0.003751127379879397,-0.0037147113679400854
2023-03-27,0.004556288766418866,0.0038843647814803405,0.0039906473541481,0.0038843647814803405
2023-03-28,0.0037539060559345335,0.00385502199432976,0.0038652492752267956,0.00385502199432976
2023-03-29,-0.006277733674695566,-0.00608843746413971,-0.006147876486799072,-0.00608843746413971
2023-03-30,-0.0020551599943630667,-0.0017145694914072903,-0.0017669405119555542,-0.0017145694914072903
2023-03-31,-0.0024254949149261997,-0.00248454642552325,-0.0024918966123557923,-0.00248454642552325
2023-04-03,0.0016810718805506666,0.0014629646924956001,0.0014986577611129216,0.0014629646924956001
2023-04-04,0.000132712842047,0.00011944155784230002,0.00012179308500522369,0.00011944155784230002
2023-04-05,0.0032499948911153998,0.0029249954020038604,0.0029825817753189195,0.0029249954020038604
2023-04-06,0.0,0.0,0.0,0.0
2023-04-10,0.0,0.0,0.0,0.0
2023-04-11,0.0,0.0,0.0,0.0
2023-04-12,0.0,0.0,0.0,0.0
2023-04-13,0.0,0.0,0.0,0.0
2023-04-14,0.0,0.0,0.0,0.0
2023-04-17,0.0,0.0,0.0,0.0
2023-04-18,0.0,0.0,0.0,0.0
2023-04-19,0.00144438252680845,0.001483948059888305,0.0013820286183910345,0.001250912656259756
2023-04-20,0.00051136511316705,0.0005253727828289094,0.0004892895114185749,0.0004428695862472151
2023-04-21,-0.0027196278549058,-0.0027941257970097756,-0.0026022216809548065,-0.002355343436295531
2023-04-24,0.001449983795086325,0.001489702762011594,0.0013873880802480081,0.0012557636546967023
2023-04-25,0.001502405043083225,0.0015435599693774374,0.0014375463060634173,0.0013011632641209098
2023-04-26,-0.00158820286017985,-0.0016317080200912032,-0.0015196402364608048,-0.0013754687706564793
2023-04-27,-0.00273808361473365,-0.00257290464733359,-0.003026026871078593,-0.002860666012202275
2023-04-28,-0.001429612460222225,-0.0011036597172378816,-0.001985299796867598,-0.0019819901537017686
2023-05-01,-0.0009733699263556251,-0.0011716716453048317,-0.000641110615831331,-0.0004933005701830588
2023-05-02,9.908425868129984e-05,0.0005735903106837523,-0.0007029885752106637,-0.0008753990884837696
2023-05-03,-0.00592576406381355,-0.006236137029614037,-0.00541959757913767,-0.004830396936252765
2023-05-04,-0.001696699478706075,-0.0014274697962873067,-0.002157310230010382,-0.002112642173535726
2023-05-05,0.002602946750768125,0.002328600921361836,0.0001315500574390427,-0.00039959629070602186
2023-05-08,0.004501926002218826,0.0032586120887113626,0.0045062035864897165,0.0042733846837832695
2023-05-09,6.2628670171675e-05,-0.0001629908856300953,-8.69612514516177e-05,-8.873640614818584e-05
2023-05-10,-0.00093868188619525,-0.0009057205631009565,0.0011793822483308295,0.0015508576675034155
2023-05-11,0.005318628466488625,0.0038966785733594318,0.007356639236433989,0.007362842227388676
2023-05-12,0.00083788301875975,0.0005629516402584698,0.001556966741490555,0.0016195135169807559
2023-05-15,-0.0029065552837837997,-0.0026251101032021378,-0.0031313293474141074,-0.0029558821885738436
2023-05-16,0.002215769233655625,0.001665375853308217,0.002434108981869355,0.002343316130268691
2023-05-17,-0.000814995341140025,-0.0006490395620660791,-0.0005799420634206402,-0.0004981813274229441
2023-05-18,-0.000188403280932675,-0.00013623759458099866,-0.00043999469291735026,-0.00046567630120697434
2023-05-19,-0.0003630754831438325,-0.0002940702032864795,-0.000149146948440448,-9.680757062916448e-05
2023-05-22,9.377266881742494e-05,4.862802563453334e-05,0.0006441581630260286,0.0007188984685700223
2023-05-23,0.001626104965320775,0.0012870216600021748,0.0013336291661930214,0.0011962199196248406
2023-05-24,0.0005942836502041,0.0004902543934231278,4.642510978103702e-05,-6.805449639703037e-05
2023-05-25,0.0025558192431348,0.0020632919206742427,0.0012000598658937287,0.0008535066899016711
2023-05-26,-0.0004505062811037,-0.0003636900271844608,-0.0002115308070935728,-0.00015044496037721193
2023-05-30,0.003032876910119075,0.0024484166639941454,0.0014240576158920956,0.0010128183905759927
2023-05-31,0.000751940433027275,0.0006070353466744125,0.0003530662575777432,0.0002511078166894017
2023-06-01,-0.00116499274515985,-0.0009404890917810682,-0.0005470109207758083,-0.000389045158162776
2023-06-02,-0.00025,-0.00020182295033348527,-0.00011738504875855522,-8.3486605341348e-05
2023-06-05,0.0,0.0,0.0,0.0
2023-06-06,-0.0002330053350184,-0.00023938797958751126,-0.00022294650846044531,-0.00020179510423364112
2023-06-07,-0.001281699949499175,-0.0013168091680123696,-0.00122636903834071,-0.0011100208279995571
2023-06-08,-0.000890452989698775,-0.0009148448987436943,-0.0008520121866987712,-0.00077117999833451
2023-06-09,0.000349249608551075,0.0003588164972968057,0.000334172523566856,0.00030246887332239456
2023-06-12,3.79217545987e-05,3.896053373661737e-05,3.6284674691274184e-05,3.2842271278307545e-05
2023-06-13,-0.000957334241772525,-0.0009835582086983943,-0.0009160061790686369,-0.0008291027460365445
2023-06-14,-0.000721713449522875,-0.0007414831274518717,-0.0006905571225112188,-0.0006250425157080135
2023-06-15,-0.00177913095453295,-0.0018278661499042952,-0.001702325976251564,-0.0015408227300328678
2023-06-16,-0.001381366042857375,-0.0014192053844788966,-0.0013217325523321333,-0.0011963370048209572
2023-06-20,0.000667611689526825,0.0006858993743306819,0.0006387909323004588,0.0005781874928530037
2023-06-21,0.0004273669355839,0.0004390736686087335,0.0004089175302031023,0.00037012266395254265
2023-06-22,-0.0014348441983847,-0.0014741484509230279,-0.0013729020590422705,-0.0012426519527941752
2023-06-23,0.000309837330881175,0.00031832461104195107,0.00029646167159737687,0.0002683357292042368
2023-06-26,0.00136921419871745,0.0014067206685530176,0.0013101053025863802,0.0011858128567165652
2023-06-27,0.0019224458123376308,0.0019796555937664478,0.001842100639766155,0.0016714595157894272
2023-06-28,-0.00048762348726135,-0.0005568934753412302,-0.0004991053136222608,-0.0005024309394125171
2023-06-29,-0.000497230963461475,-0.00046871191971718665,-0.000451246851977748,-0.00037024267548870036
2023-06-30,-0.0009732925083194,-0.0009527632872351081,-0.0009038180729824297,-0.0007752997001043044
2023-07-03,0.001696294787059575,0.0017867259713726848,0.0016486467108405246,0.0015320841703162645
2023-07-05,-0.000499598764818,-0.0006062864450247795,-0.0005321440496967345,-0.0005659516654038521
2023-07-06,3.402556697735e-05,4.763579376828999e-05,3.993341752687733e-05,4.7635793768289996e-05
2023-07-07,-0.000213406288965175,-0.00029876880455124494,-0.00025045996869885184,-0.000298768804551245
2023-07-10,0.0,0.0,0.0,0.0
2023-07-11,0.0,0.0,0.0,0.0
2023-07-12,0.0,0.0,0.0,0.0
2023-07-13,-0.0015487706985257664,-0.0016262092334520548,-0.0018490160669458195,-0.0016262092334520548
2023-07-14,0.003024653549140233,0.0031758862265972446,0.00312015660477091,0.0031758862265972446
2023-07-17,0.0009009521442055001,0.000945999751415775,0.0007821571629636503,0.000945999751415775
2023-07-18,0.0002001349059759334,0.0002101416512747304,-7.831566048506445e-05,0.0002101416512747304
2023-07-19,-0.005103460630265499,-0.005358633661778774,-0.00508414365197506,-0.005358633661778774
2023-07-20,-0.0011635744961297333,-0.00122175322093622,-0.00117809006835836,-0.00122175322093622
2023-07-21,-0.0042818432074947,-0.004495935367869435,-0.0038366855512672504,-0.004495935367869435
2023-07-24,-0.0033022976863532334,-0.0034674125706708947,-0.00333367227468132,-0.0034674125706708947
2023-07-25,0.0027805294269921664,0.002919555898341775,0.0025141218149649903,0.002919555898341775
2023-07-26,0.011831598257734464,0.012423178170621189,0.010824173109801922,0.012423178170621189
2023-07-27,-0.0013877011961594997,-0.0014570862559674749,-0.00142239106365818,-0.0014570862559674749
2023-07-28,-0.0044873480923056,-0.00471171549692088,-0.004494960399229895,-0.00471171549692088
2023-07-31,0.0006527270737760999,0.0006853634274649047,0.0010034407137168792,0.0006853634274649047
2023-08-01,0.0043384710744183335,0.00455539462813925,0.004226144470815121,0.00455539462813925
2023-08-02,-0.005386197836348066,-0.0056555077281654695,-0.0061415736920441685,-0.0056555077281654695
2023-08-03,0.004786526353569899,0.0050258526712483945,0.004945108560269499,0.0050258526712483945
2023-08-04,0.006891152619700667,0.0072357102506857,0.006800093743417336,0.0072357102506857
2023-08-07,0.0006163958975048999,0.0006472156923801448,0.00032045125748003515,0.0006472156923801448
2023-08-08,0.0006630599379261,0.0006962129348224051,0.00042586327405883537,0.0006962129348224051
2023-08-09,-0.0006666666666666666,-0.0007,-0.00065,-0.0007
2023-08-10,0.0,0.0,0.0,0.0
2023-08-11,0.0,0.0,0.0,0.0
2023-08-14,0.0029102604755346668,0.0026192344279812006,0.0030557734993114,0.0026192344279812006
2023-08-15,0.00023472350769796664,0.00021125115692817003,0.000246459683082865,0.00021125115692817003
2023-08-16,0.0008369661758004,0.0007532695582203601,0.00087881448459042,0.0007532695582203601
2023-08-17,0.00035944064191866665,0.00032349657772680004,0.0003774126740146,0.00032349657772680004
2023-08-18,-0.0008358238096427665,-0.00075224142867849,-0.0008776150001249049,-0.00075224142867849
2023-08-21,0.0018829957948921663,0.0017515693234633552,0.001977145584636775,0.0017515693234633552
2023-08-22,-0.0021694086754763665,-0.0019605089680890353,-0.002277879109250185,-0.0019605089680890353
2023-08-23,0.0008396082133321997,0.00046339640862524045,0.0008815886239988096,0.00046339640862524045
2023-08-24,-0.0026317096618230667,-0.0024024246834565156,-0.00276329514491422,-0.0024024246834565156
2023-08-25,0.005041741898249467,0.00508451164726887,0.00529382899316194,0.00508451164726887
2023-08-28,-0.0004433195631856667,-0.0005719540212879597,-0.00046548554134494984,-0.0005719540212879597
2023-08-29,0.00039862873699766693,0.0002005672193648553,0.0004185601738475502,0.0002005672193648553
2023-08-30,0.0012833100962194332,0.001414513748489095,0.001347475601030405,0.001414513748489095
2023-08-31,0.0009771887837506004,0.00028702171161094133,0.0010260482229381305,0.00028702171161094133
2023-09-01,0.0032918056917690666,0.0033228537959991747,0.0034563959763575193,0.0033228537959991747
2023-09-05,-0.0021047974417460666,-0.002080196306276685,-0.0022100373138333696,-0.002080196306276685
2023-09-06,-0.0040878083235680335,-0.00409223949439124,-0.004292198739746435,-0.00409223949439124
2023-09-07,-0.005462310454338266,-0.005629952473278124,-0.005735425977055179,-0.005629952473278124
2023-09-08,0.0022201368753333663,0.002362025667482115,0.002331143719100035,0.002362025667482115
2023-09-11,0.0083357900494963,0.008802579551971114,0.008752579551971115,0.008802579551971114
2023-09-12,0.005018460865009933,0.00526938390826043,0.00526938390826043,0.00526938390826043
2023-09-13,0.00025411996716836636,-0.000213882573726665,0.00026682596552678444,-0.000213882573726665
2023-09-14,-4.363763631986669e-05,-1.4958721089055059e-05,-4.581951813586001e-05,-1.4958721089055059e-05
2023-09-15,-0.0031643826626249006,-0.0024417654389693264,-0.0033226017957561456,-0.0024417654389693264
2023-09-18,0.0012342663046658999,0.0010608396741993101,0.0012959796198991947,0.0010608396741993101
2023-09-19,0.004888359538919333,0.0043995235850274005,0.0051327775158653,0.0043995235850274005
2023-09-20,-0.0017278252833289,-0.0015550427549960101,-0.0018142165474953449,-0.0015550427549960101
2023-09-21,-0.003042269631376433,-0.0027380426682387907,-0.003194383112945255,-0.0027380426682387907
2023-09-22,-0.0015057081868298666,-0.0013551373681468801,-0.0015809935961713598,-0.0013551373681468801
2023-09-25,-0.0018233741952078666,-0.0016410367756870803,-0.0019145429049682598,-0.0016410367756870803
2023-09-26,0.0015605613235212667,0.0014045051911691403,0.00163858938969733,0.0014045051911691403
2023-09-27,-0.0018797072483236667,-0.0016917365234913003,-0.00197369261073985,-0.0016917365234913003
2023-09-28,-0.0009604203242564,-0.0008643782918307601,-0.00100844134046922,-0.0008643782918307601
2023-09-29,0.0007155425975054667,0.0006439883377549201,0.00075131972738074,0.0006439883377549201
2023-10-02,0.0052597006570709,0.004733730591363811,0.005522685689924445,0.004733730591363811
2023-10-03,-0.0019217537536448666,-0.0017295783782803804,-0.00201784144132711,-0.0017295783782803804
2023-10-04,0.002578956875221733,0.0023210611876995605,0.00270790471898282,0.0023210611876995605
2023-10-05,-0.0003893527585022,-0.00035041748265198007,-0.00040882039642731,-0.00035041748265198007
2023-10-06,0.0,0.0,0.0,0.0
2023-10-09,0.0,0.0,0.0,0.0
2023-10-10,0.0,0.0,0.0,0.0
2023-10-11,0.0,0.0,0.0,0.0
2023-10-12,-0.002574864543671075,-0.0022755256223876536,-0.002602995319125337,-0.0024487856211780497
2023-10-13,0.000914038980078225,0.0008077780728859877,0.0009240249909416797,0.0008692828199888935
2023-10-16,-0.0001582349122755,-0.00013983943276713184,-0.00015996365206384658,-0.00015048689800053165
2023-10-17,0.000672244592463825,0.0005940933081015667,0.0006795889639288887,0.0006393279584304236
2023-10-18,-0.00265940426943435,-0.0023502372465609724,-0.002688458653879329,-0.002529185836939415
2023-10-19,0.002309028812414075,0.002040594422100507,0.0023342552932396777,0.0021959666067186035
2023-10-20,0.004955565745233975,0.005310853622487511,0.004784297383854835,0.004931018095223939
2023-10-23,-0.002364980649940425,-0.0025451211657512374,-0.0032571214665420905,-0.003255847780882785
2023-10-24,0.0016803668945451998,0.0012782810273456887,0.0013296835948185329,0.0011633635861811385
2023-10-25,0.0029861343176638003,0.0032082576873180228,0.002267787584893329,0.0024079616905503974
2023-10-26,0.005915262246658825,0.0051873438408923675,0.006571901232156746,0.006152950335236173
2023-10-27,0.0018177748272533,0.0015363298651390402,0.00091530456141974,0.000846477861121512
2023-10-30,-0.004726881020291025,-0.004685430998252871,-0.002762647069652302,-0.002869466208937222
2023-10-31,-0.0001123207294273749,-0.0003339883747240851,-3.061932804407098e-05,-0.00013770623018972733
2023-11-01,-0.002531722561739575,-0.0025107133186444987,-0.0018214565194473128,-0.0018524947447510955
2023-11-02,-0.0018685336120105502,-0.0015432511320866865,0.0003435491751725458,0.0003303389919192825
2023-11-03,0.0034040608553092756,0.0036434807084270377,0.005870773664807826,0.005767404702481374
2023-11-06,0.0034935062826577123,0.003930292339499644,0.00163115272478395,0.001955935529759349
2023-11-07,-0.0018268241440082995,-0.001013991888645033,-0.0031549096839540037,-0.0026686708357745942
2023-11-08,0.00100132902542205,0.0011448025276977283,0.0012083882219247077,0.0012519204029165423
2023-11-09,-0.00298238839067895,-0.0031971297755045785,-0.004803520769850579,-0.004741814774194646
2023-11-10,0.0014273675818253747,0.001204630787453013,0.0026680519396931265,0.0025010957608693637
2023-11-13,0.0007031335484982636,0.0007813917981854791,0.0004609673572657292,0.0005117875930447744
2023-11-14,0.0053328399498666496,0.005682874495974833,0.006921648704764797,0.006940095900050695
2023-11-15,0.003912084393034475,0.003988948840830579,0.004461105442634841,0.004467511115587688
2023-11-16,-0.0026659385245886257,-0.0025282821556231153,-0.0028914807805110786,-0.0028461576931105266
2023-11-17,0.00205050947035305,0.0018720795317179527,0.00229481640162146,0.00223028568598628
2023-11-20,-0.001535190480092,-0.0014016022440382363,-0.0017180999864983163,-0.0016697866566898003
2023-11-21,-0.00146202912950115,-0.0013348072016674299,-0.0016362218631694081,-0.0015902109632587903
2023-11-22,0.002140099710688175,0.0019538738650765794,0.0023950808265942713,0.0023277306544258044
2023-11-24,0.00053896994706365,0.0004920702004537643,0.0006031852534140012,0.0005862235583363949
2023-11-27,-0.00142167397344185,-0.001297963645102489,-0.0015910586121072562,-0.0015463177122321064
2023-11-28,0.00266177907255195,0.0024301580615581028,0.0029789154166321727,0.0028951476940744475
2023-11-29,-0.00334719363391815,-0.0030559296513153413,-0.0037459933551030043,-0.003640655240995652
2023-11-30,-0.00085018789258125,-0.0007762067792555669,-0.000951483106303096,-0.0009247272029893759
2023-12-01,7.2176502524275e-05,6.589589319156854e-05,8.077593602913767e-05,7.850449986789239e-05
2023-12-04,0.0008835125626116,0.0008066316241865837,0.0009887782275741542,0.0009609735776750334
2023-12-05,0.005355264614547125,0.004889263579017243,0.005993314954243946,0.005824781688248846
2023-12-06,0.0066330365040355,0.006055847120864478,0.007423326340157662,0.0072145808558629785
2023-12-07,0.001357071842923325,0.0012389830219950624,0.0015187594928702812,0.0014760516593009408
2023-12-08,-0.00025,-0.000228245657821276,-0.00027978612569225854,-0.00027191848150819275
2023-12-11,0.00330831813272595,0.003020436993944359,0.0037024860516513625,0.00359837137198744
2023-12-12,0.0026356898847714,0.002406339086250125,0.0029497178455458613,0.0028667711647741706
2023-12-13,-0.00359441667414605,-0.003281639993096913,-0.004022671661531907,-0.00390955329576609
2023-12-14,0.00060218971677275,0.0005497887521520168,0.0006739373111502648,0.0006549860534587795
2023-12-15,-0.003502558931879275,-0.0035807560385392647,-0.0045591386503064995,-0.0045205428355343975
2023-12-18,0.0030359891444435502,0.0028399752180222598,0.003357291847130599,0.0032149313094955298
2023-12-19,-0.004016380551877575,-0.003922190509105688,-0.004967283162661584,-0.004906490389897203
2023-12-20,-0.005439790498357376,-0.005078251560591551,-0.006269591080210926,-0.006117393754830224
2023-12-21,-0.0030527560776134697,-0.0030105519882574665,-0.003788479165300875,-0.0037338282722979357
2023-12-22,0.00033829726623355,0.0004044435796337081,0.0005306117861768271,0.0005349306193432831
2023-12-26,-0.0009010050907158501,-0.000814080156755295,-0.0009548640818397014,-0.0009097474665548656
2023-12-27,-0.0018202888108855499,-0.0018133236940514913,-0.0022360262262943265,-0.002186240435010613
2023-12-28,0.000818948333868275,0.0008445890873338114,0.0010752929846472971,0.0010664939630218367
2023-12-29,0.00036386198602307503,0.0003938160245884265,0.0005289954372303735,0.0005363818756659095
2024-01-02,-0.0032609125548070505,-0.003058488701025156,-0.003704947540134341,-0.0035865406216023213
2024-01-03,0.0022646926433961497,0.002533403852152502,0.0033295066107517663,0.0033521183189179683
2024-01-04,0.0002577990732376001,0.00020482200778265832,0.00027955110936534106,0.0002819566880005129
2024-01-05,-0.0038244355609979,-0.003589012318366935,-0.0043659226271927885,-0.00423414927627821
2024-01-08,0.0,0.0,0.0,0.0
2024-01-09,0.0,0.0,0.0,0.0
2024-01-10,0.0,0.0,0.0,0.0
2024-01-11,0.0,0.0,0.0,0.0
2024-01-12,0.0,0.0,0.0,0.0
2024-01-16,0.0,0.0,0.0,0.0
2024-01-17,-0.0021370318513785668,-0.001957168333120173,-0.002243883443947495,-0.0019233286662407104
2024-01-18,-0.0006139342488869,-0.0005622624060395932,-0.000644630961331245,-0.0005525408239982101
2024-01-19,0.0009439171414822333,0.0008644722525808907,0.000991112998556345,0.0008495254273340101
2024-01-22,0.0035135933773652664,0.0032178714085164457,0.0036892730462335294,0.0031622340396287403
2024-01-23,0.0030563134081277666,0.0027990784576371846,0.003209129078534155,0.0027506820673149908
2024-01-24,0.0021743255736683,0.0019913232252162165,0.002283041852351715,0.00195689301630147
2024-01-25,-0.00036482035493189997,-0.00033411521007034893,-0.00038306137267849497,-0.00032833831943871003
2024-01-26,0.0014747848701111334,0.0016918415332573353,0.00154852411361669,0.0017598021130492796
2024-01-29,-0.0018400658372657666,-0.001925758573436014,-0.001932069129129055,-0.001961005127634005
2024-01-30,0.002456841357804,0.002302441448584094,0.0025796834256941997,0.002277556674348955
2024-01-31,0.00037647394123970006,0.00030028641791415974,0.000395297638301685,0.0002824146423441702
2024-02-01,-0.0021465073234789665,-0.0022271754662767304,-0.0022538326896529145,-0.00226312763568168
2024-02-02,0.0004629577296997334,0.0003884706521795918,0.00048610561618472,0.0003716326431340202
2024-02-05,3.0765809565233394e-05,0.0002423764247185446,4.9098747721254985e-05,0.0003014649852238295
2024-02-06,0.007200725607969567,0.007370458629822307,0.007481865037023365,0.007453507747339924
2024-02-07,-0.0021113899858155333,-0.002040679699867268,-0.002167297716152365,-0.00202923641369001
2024-02-08,0.0018430387484484037,0.0018751184844963847,0.0019323968382407334,0.0018956621287243242
2024-02-09,-0.0015337944901827301,-0.0015624005724131531,-0.0016068346652507019,-0.0015798308760880115
2024-02-12,0.0010431196092664666,0.0009467838200536965,0.001172360370886715,0.0009382955395110201
2024-02-13,0.0004114221547991333,0.00046346979651095793,0.0004457481422467949,0.0004819932625390899
2024-02-14,0.0024720880203434,0.00255898901768746,0.002572561464928835,0.0025956924213605703
2024-02-15,0.0028341870452319334,0.0029353800204449006,0.0029345699391278403,0.00297589639749353
2024-02-16,0.012044096335310032,0.012456589966674909,0.012636773744071874,0.012646301152075535
2024-02-20,-0.0002433602656973,-0.00025024998191207484,-0.00026902423912757,-0.000255528278982165
2024-02-21,-0.00011692863856913332,-0.00012277507049759,-0.00010523577471222001,-0.00012277507049759
2024-02-22,-0.00016126684034533333,-0.0001693301823626,-0.0001451401563108,-0.0001693301823626
2024-02-23,0.00012111674620876666,0.00012717258351920498,0.00010900507158789001,0.00012717258351920498
2024-02-26,0.0001437483079295,0.000150935723325975,0.00012937347713655003,0.000150935723325975
2024-02-27,0.00021520133816589997,0.00022596140507419497,0.00019368120434931,0.00022596140507419497
2024-02-28,-0.0005080959380452,-0.0005335007349474599,-0.00045728634424068,-0.0005335007349474599
2024-02-29,0.00029475297940813333,0.00030949062837854,0.00026527768146732003,0.00030949062837854
2024-03-01,0.0003035052266610333,0.000318680487994085,0.00027315470399493,0.000318680487994085
2024-03-04,-0.0003333333333333333,-0.00035,-0.00030000000000000003,-0.00035
2024-03-05,0.0,0.0,0.0,0.0
2024-03-06,0.0,0.0,0.0,0.0
2024-03-07,0.0,0.0,0.0,0.0
2024-03-08,0.0,0.0,0.0,0.0
2024-03-11,0.0,0.0,0.0,0.0
2024-03-12,0.0,0.0,0.0,0.0
2024-03-13,0.0,0.0,0.0,0.0
2024-03-14,-0.0004439688916120333,-0.000466167336192635,-0.00039957200245083007,-0.000466167336192635
2024-03-15,0.0004926611179477333,0.0005172941738451199,0.00044339500615296005,0.0005172941738451199
2024-03-18,0.006184757500740566,0.006397510372923631,0.00648026027037415,0.006493995375777595
2024-03-19,0.0027180299717076,0.0028124265994432735,0.00283939232975052,0.0028539314702929796
2024-03-20,-0.003152952848987566,-0.003268224042158185,-0.0032390791657535647,-0.0033106004914369444
2024-03-21,-0.004077579845135,-0.004218074116559882,-0.004270249612131,-0.00428145883739175
2024-03-22,-0.0046875105764812,-0.004847024816653243,-0.00492790195301155,-0.00492188610530526
2024-03-25,0.0028696244498639,0.002965779736524282,0.00303096886601449,0.0030131056723570948
2024-03-26,-0.000786095361276,-0.000816929510361045,-0.000787725899421165,-0.0008254001293397999
2024-03-27,0.0022868240388914662,0.002367733636456115,0.0023748309377830145,0.0024011652408360397
2024-03-28,-0.0005402384602228588,-0.0005589951995798209,-0.000564413923035988,-0.0005672503832340019
2024-04-01,-0.0016207590493165329,-0.001669479484309338,-0.0017648189780058348,-0.00170179700178236
2024-04-02,0.0008969269664511,0.0009285017889921132,0.0009329521443904449,0.0009417733147736549
2024-04-03,-0.0011348569479981332,-0.0011716331341839019,-0.0012105104864491398,-0.0011915997953980398
2024-04-04,-0.003709320843032317,-0.0038363643064267846,-0.00389181136815556,-0.0038947868851839326
2024-04-05,-0.005219547387817766,-0.00539510519693181,-0.005506750973610799,-0.005480524757208655
2024-04-08,-0.0007097054322293054,-0.0007340511828379798,-0.0007442568107064049,-0.0007451907038407708
2024-04-09,0.0,0.0,0.0,0.0
2024-04-10,0.0,0.0,0.0,0.0
2024-04-11,-0.0037415913766891,-0.003367432239020191,-0.003928670945523555,-0.003928670945523555
2024-04-12,-0.007146402017294199,-0.0071975448270171945,-0.007503722118158909,-0.007503722118158909
2024-04-15,0.0011910643017779671,0.0015729336353451746,0.0012506175168668652,0.0012506175168668652
2024-04-16,0.0092718552255539,0.009595196519728335,0.009735447986831595,0.009735447986831595
2024-04-17,0.0015667939825380333,0.0017912733682140297,0.0016451336816649348,0.0016451336816649348
2024-04-18,-0.00016244609964196114,-0.00014463646461644925,-0.0001705684046240592,-0.0001705684046240592
2024-04-19,0.0016717999661108,0.00157794364956675,0.0017327774393773698,0.0017327774393773698
2024-04-22,0.0012616767665853997,0.0014778451386712197,0.0011726896235742753,0.0011726896235742753
2024-04-23,0.0014013313899641326,0.002068751971429489,0.0012542506546894053,0.0012542506546894053
2024-04-24,-0.001154352097532267,-0.0007799635430917955,-0.00141565628915752,-0.00141565628915752
2024-04-25,0.0014287950536306002,0.0016060010842095802,0.001015991036317076,0.001015991036317076
2024-04-26,0.006481140454905266,0.006512212454182195,0.006189501886666691,0.006189501886666691
2024-04-29,4.280516036230019e-05,-0.0001275059077215947,9.710997132434014e-05,9.710997132434014e-05
2024-04-30,-0.0056027812790168325,-0.006184491552186824,-0.004774767269278221,-0.004774767269278221
2024-05-01,-0.0341252681819054,-0.030384927496079017,-0.036086972078466895,-0.036086972078466895
2024-05-02,0.0033029212085201333,0.0035180672689461403,0.003271814059728705,0.003271814059728705
2024-05-03,0.005552220897781866,0.00552362327611432,0.005318361105796076,0.005318361105796076
2024-05-06,0.002574444656994867,0.0027306653275163953,0.0024800417353920204,0.0024800417353920204
2024-05-07,-0.003228910932173533,-0.0030902457432467048,-0.002944094588337525,-0.002944094588337525
2024-05-08,-0.0037126859715915666,-0.0033967640603530004,-0.0038832715447932498,-0.0038832715447932498
2024-05-09,0.0009752964015532666,0.0009086135279214749,0.000943214455107395,0.000943214455107395
2024-05-10,0.0016899967950750666,0.00171535151225042,0.0015801422381459603,0.0015801422381459603
2024-05-13,0.004442541810461767,0.004134974460983011,0.004527982069417435,0.004527982069417435
2024-05-14,-0.0005882013889908666,-0.0003853801899053953,-0.0007616125186267947,-0.0007616125186267947
2024-05-15,0.0019169061379307665,0.00209617757326576,0.0016417893956992354,0.0016417893956992354
2024-05-16,0.006083611816447766,0.005425250634802991,0.006437792407270155,0.006437792407270155
2024-05-17,-0.0005842202830272333,-0.0005257982547245101,-0.000613431297178595,-0.000613431297178595
2024-05-20,-0.00047161961961473327,-0.00042445765765326,-0.00049520060059547,-0.00049520060059547
2024-05-21,-0.0014238715906778666,-0.0012814844316100802,-0.00149506517021176,-0.00149506517021176
2024-05-22,0.00044264579102993326,0.00039838121192694003,0.00046477808058142993,0.00046477808058142993
2024-05-23,-0.0057306004656724,-0.005157540419105161,-0.00601713048895602,-0.00601713048895602
2024-05-24,0.0031354669623875663,0.0028219202661488104,0.003292240310506945,0.003292240310506945
2024-05-28,-0.0052932799105986994,-0.00476395191953883,-0.005557943906128634,-0.005557943906128634
2024-05-29,0.003319923261643133,0.0029879309354788205,0.0034859194247252897,0.0034859194247252897
2024-05-30,0.011259073582749099,0.00995933908956351,0.011822027261886553,0.011822027261886553
2024-05-31,-0.0014331156366243474,-0.0014547714184555648,-0.0015017293637611228,-0.0015017293637611228
2024-06-03,-0.006770459878473833,-0.0066061877802281194,-0.006662926639202784,-0.006662926639202784
2024-06-04,-0.0005880626035138004,-0.0003723486610990954,-0.0008579273862970498,-0.0008579273862970498
2024-06-05,-0.0005499211380794997,-0.00022835324776456054,-0.0007769209130286448,-0.0007769209130286448
2024-06-06,0.0011070994479113,0.0011327232394888749,0.00108345226276312,0.00108345226276312
2024-06-07,-0.0041777382201705,-0.0037731855321720656,-0.0043501454603190395,-0.0043501454603190395
2024-06-10,0.0053339439624606,0.0047609556858349365,0.005511714406499445,0.005511714406499445
2024-06-11,0.005692336380043566,0.00594789951254799,0.00569272186833375,0.00569272186833375
2024-06-12,0.0008209266970845997,0.0012073584573389848,0.0001870106073396608,0.0001870106073396608
2024-06-13,-0.0008498681390383667,-0.0005917384444420004,-0.0010599087243687248,-0.0010599087243687248
2024-06-14,0.005278001504069233,0.0050982163038116,0.005474685489243901,0.005474685489243901
2024-06-17,0.00015956920329516632,0.0008293267390690187,-0.0002464240272988848,-0.0002464240272988848
2024-06-18,-0.0024123325258675332,-0.0021605326243907654,-0.002556772808791485,-0.002556772808791485
2024-06-20,0.0006867583232520998,0.00045747882810919514,0.0008330220675348246,0.0008330220675348246
2024-06-21,0.00040191302283236734,0.0005250626368233599,-9.813012313511418e-05,-9.813012313511418e-05
2024-06-24,-0.0023392026560983665,-0.00228066707470519,-0.0021723052319795053,-0.0021723052319795053
2024-06-25,0.0059522134963983,0.005624599064769425,0.00629826800135953,0.00629826800135953
2024-06-26,-0.0027916579789288997,-0.002839825346735255,-0.0029626765681553396,-0.0029626765681553396
2024-06-27,0.006921727154556601,0.006066045368341141,0.00738132258304423,0.00738132258304423
2024-06-28,-0.004737781535074833,-0.00431400338156735,-0.004924670611828575,-0.004924670611828575
2024-07-01,-0.0003333333333333333,-0.00030000000000000003,-0.00035,-0.00035
2024-07-02,0.0,0.0,0.0,0.0
2024-07-03,0.0,0.0,0.0,0.0
2024-07-05,0.0,0.0,0.0,0.0
2024-07-08,0.0,0.0,0.0,0.0
2024-07-09,0.0,0.0,0.0,0.0
2024-07-10,0.0,0.0,0.0,0.0
2024-07-11,0.0,0.0,0.0,0.0
2024-07-12,0.0,0.0,0.0,0.0
2024-07-15,0.0,0.0,0.0,0.0
2024-07-16,0.0,0.0,0.0,0.0
2024-07-17,0.0002866200824239333,0.00030095108654513,0.00030095108654513,0.00030095108654513
2024-07-18,-0.0025669774863597665,-0.002695326360677755,-0.002695326360677755,-0.002695326360677755
2024-07-19,-0.007860076344071733,-0.007906281149909695,-0.008253080161275319,-0.008253080161275319
2024-07-22,0.0026933871142325663,0.0026411081925414295,0.0028280564699441945,0.0028280564699441945
2024-07-23,0.0032258418769778997,0.00326530476380605,0.003387133970826795,0.003387133970826795
2024-07-24,-0.0054231357961918,-0.0051412195597918256,-0.00569429258600139,-0.00569429258600139
2024-07-25,-0.0042082203693583325,-0.0037536443310354503,-0.0044186313878262495,-0.0044186313878262495
2024-07-26,0.002222072057096533,0.00209693315134738,0.00233317565995136,0.00233317565995136
2024-07-29,-0.0019815249244490665,-0.0022059027539610043,-0.0020806011706715195,-0.0020806011706715195
2024-07-30,-0.0002988410275957664,-5.976220439334523e-05,-0.0003137830789755548,-0.0003137830789755548
2024-07-31,-0.0030442863767694336,-0.002464212491464691,-0.0031965006956079047,-0.0031965006956079047
2024-08-01,-0.005890027063015899,-0.00543190384382306,-0.006184528416166694,-0.006184528416166694
2024-08-02,-0.011141265539897267,-0.01119433386689651,-0.01169832881689213,-0.01169832881689213
2024-08-05,-0.0078849687033375,-0.007411828309410091,-0.008279217138504375,-0.008279217138504375
2024-08-06,0.0013749085621205669,0.0015333523608190547,0.001443653990226595,0.001443653990226595
2024-08-07,-0.0006351899639910666,-0.0006944152379587599,-0.0006669494621906199,-0.0006669494621906199
2024-08-08,0.0024431553481002,0.0027217754894563895,0.0025653131155052096,0.0025653131155052096
2024-08-09,9.260308408780011e-05,-1.1677315727347346e-06,9.723323829219008e-05,9.723323829219008e-05
2024-08-12,0.0021591916550006665,0.00214948330859535,0.0022671512377507,0.0022671512377507
2024-08-13,0.0019196645147084334,0.0016776980632375901,0.002015647740443855,0.002015647740443855
2024-08-14,0.0019894700127442667,0.0017905230114698403,0.00208894351338148,0.00208894351338148
2024-08-15,-0.0005209966345788,-0.00049704646630774,-0.00054704646630774,-0.00054704646630774
2024-08-16,-0.0006110240225344,-0.0006415752236611199,-0.0006415752236611199,-0.0006415752236611199
2024-08-19,-0.0008940957359789999,-0.0009388005227779499,-0.0009388005227779499,-0.0009388005227779499
2024-08-20,0.0009958826131315332,0.0010456767437881098,0.0010456767437881098,0.0010456767437881098
2024-08-21,0.0007951419218902666,0.0008348990179847798,0.0008348990179847798,0.0008348990179847798
2024-08-22,0.0030899336558515332,0.00324443033864411,0.00324443033864411,0.00324443033864411
2024-08-23,-0.0003728441880477333,-0.00039148639745012,-0.00039148639745012,-0.00039148639745012
2024-08-26,-0.0012045736844856333,-0.001264802368709915,-0.0010914827827830354,-0.0010914827827830354
2024-08-27,0.004268262801268633,0.004481675941332065,0.00412262903186608,0.00412262903186608
2024-08-28,-0.001568351158457,-0.00164676871637985,-0.0016152083184146002,-0.0016152083184146002
2024-08-29,8.867888987196672e-05,9.311283436556504e-05,0.00022503497313574987,0.00022503497313574987
2024-08-30,-0.0015295174085097,-0.0016059932789351848,-0.0014078348080968051,-0.0014078348080968051
2024-09-03,0.0080817917514445,0.008485881339016725,0.00830866489244351,0.00830866489244351
2024-09-04,-0.0023121105033277667,-0.002427716028494155,-0.002368831880004595,-0.002368831880004595
2024-09-05,-0.00048545890425249994,-0.000509731849465125,-0.00041738315220434517,-0.00041738315220434517
2024-09-06,0.002800894404817033,0.0029409391250578847,0.0030082902993598,0.0030082902993598
2024-09-09,-0.003740016654281199,-0.00392701748699526,-0.00378673249505868,-0.00378673249505868
2024-09-10,0.004180143387022766,0.004389150556373905,0.00417254611200989,0.00417254611200989
2024-09-11,-0.0011044356309773333,-0.0011596574125262,-0.0012930517560151146,-0.0012930517560151146
2024-09-12,-0.0013572515951784333,-0.001383835269734195,-0.00131280534086375,-0.00131280534086375
2024-09-13,0.0016333996853452669,0.0020491804824031047,0.0011359489040201655,0.0011359489040201655
2024-09-16,-0.0036974614128223995,-0.004049359956073355,-0.003160689798930325,-0.003160689798930325
2024-09-17,-0.0011377095819340333,-0.0009452708235549404,-0.0012732628612164248,-0.0012732628612164248
2024-09-18,-0.0016514963914814667,-0.00214083971210907,-0.0010795782512797907,-0.0010795782512797907
2024-09-19,0.0015347574661904336,0.00176330084578023,0.0012294762132911154,0.0012294762132911154
2024-09-20,-0.003173417125384133,-0.0036719347198436586,-0.0025162286746554002,-0.0025162286746554002
2024-09-23,0.0011385611930555667,0.0009747050737500102,0.001245489252708345,0.001245489252708345
2024-09-24,0.002287957468233,0.0020591617214097005,0.0024023553416446498,0.0024023553416446498
2024-09-25,-0.0009062721161356999,-0.0008156449045221301,-0.0009515857219424849,-0.0009515857219424849
2024-09-26,0.0003822178891954667,0.00034399610027592006,0.00040132878365524,0.00040132878365524
2024-09-27,0.0025861427639702,0.0024454610503085953,0.00271544990216871,0.00271544990216871
2024-09-30,-0.00038692641846506664,-0.0003274252140399751,-0.00040627273938831994,-0.00040627273938831994
2024-10-01,0.004196309740291667,0.003490165610164821,0.0044061252273062505,0.0044061252273062505
2024-10-02,0.0003528465838946999,0.00014089055822121541,0.0003704889130894352,0.0003704889130894352
2024-10-03,0.0017158148592518,0.0015228206526217403,0.00180160560221439,0.00180160560221439
2024-10-04,-0.002196534899636466,-0.0026424396944090245,-0.00230636164461829,-0.00230636164461829
2024-10-07,0.0029476950432448,0.00275654924571247,0.0030950797954070403,0.0030950797954070403
2024-10-08,0.0,0.0,0.0,0.0
2024-10-09,0.0,0.0,0.0,0.0
2024-10-10,0.0,0.0,0.0,0.0
2024-10-11,0.0,0.0,0.0,0.0
2024-10-14,0.0,0.0,0.0,0.0
2024-10-15,0.0,0.0,0.0,0.0
2024-10-16,0.0,0.0,0.0,0.0
2024-10-17,-0.0010128889406643,-0.0010128889406643,-0.0010128889406643,-0.0010128889406643
2024-10-18,-0.00649596613747355,-0.00649596613747355,-0.00649596613747355,-0.00649596613747355
2024-10-21,0.0043210843959043,0.0043210843959043,0.0043210843959043,0.0043210843959043
2024-10-22,-0.0008205337976899,-0.0008205337976899,-0.0008205337976899,-0.0008205337976899
2024-10-23,0.0012785712972313997,0.0012785712972313997,0.0012785712972313997,0.0012785712972313997
2024-10-24,-0.00047433728741325,-0.00047433728741325,-0.00047433728741325,-0.00047433728741325
2024-10-25,0.0010156967956065,0.0010156967956065,0.0010156967956065,0.0010156967956065
2024-10-28,0.0022815688510241,0.0022815688510241,0.0022815688510241,0.0022815688510241
2024-10-29,-0.00182266296324905,-0.00182266296324905,-0.00182266296324905,-0.00182266296324905
2024-10-30,0.0029208751095483503,0.0029208751095483503,0.0029208751095483503,0.0029208751095483503
2024-10-31,0.01820931622023575,0.01820931622023575,0.01820931622023575,0.01820931622023575
2024-11-01,-0.0052850938619848,-0.0052850938619848,-0.0052850938619848,-0.0052850938619848
2024-11-04,0.0008773526545459,0.0008773526545459,0.0008773526545459,0.0008773526545459
2024-11-05,-0.00287201626767285,-0.00287201626767285,-0.00287201626767285,-0.00287201626767285
2024-11-06,-0.0349695367918393,-0.0349695367918393,-0.0349695367918393,-0.0349695367918393
2024-11-07,0.00359435192389925,0.00359435192389925,0.00359435192389925,0.00359435192389925
2024-11-08,-0.0013227805353128498,-0.0013227805353128498,-0.0013227805353128498,-0.0013227805353128498
2024-11-11,-0.0030222765683416996,-0.0030222765683416996,-0.0030222765683416996,-0.0030222765683416996
2024-11-12,-0.004115702680411,-0.004115702680411,-0.004115702680411,-0.004115702680411
2024-11-13,-0.0034844685147309,-0.0034844685147309,-0.0034844685147309,-0.0034844685147309
2024-11-14,-0.0021118267242947,-0.0021118267242947,-0.0021118267242947,-0.0021118267242947
2024-11-15,0.00474966727286485,0.00474966727286485,0.00474966727286485,0.00474966727286485
2024-11-18,-0.00058994372709,-0.00058994372709,-0.00058994372709,-0.00058994372709
2024-11-19,-0.0005,-0.0005,-0.0005,-0.0005
2024-11-20,0.0,0.0,0.0,0.0
2024-11-21,0.0,0.0,0.0,0.0
2024-11-22,0.0,0.0,0.0,0.0
2024-11-25,0.0,0.0,0.0,0.0
2024-11-26,0.0,0.0,0.0,0.0
2024-11-27,0.0,0.0,0.0,0.0
2024-11-29,0.0,0.0,0.0,0.0
2024-12-02,0.0,0.0,0.0,0.0
2024-12-03,0.0,0.0,0.0,0.0
2024-12-04,0.0,0.0,0.0,0.0
2024-12-05,0.0,0.0,0.0,0.0
2024-12-06,0.0,0.0,0.0,0.0
2024-12-09,0.0,0.0,0.0,0.0
2024-12-10,0.0,0.0,0.0,0.0
2024-12-11,0.0,0.0,0.0,0.0
2024-12-12,0.0,0.0,0.0,0.0
2024-12-13,0.0,0.0,0.0,0.0
2024-12-16,0.0,0.0,0.0,0.0
2024-12-17,0.0,0.0,0.0,0.0
2024-12-18,0.0,0.0,0.0,0.0
2024-12-19,-0.0004282031428139,-0.0004282031428139,-0.0004282031428139,-0.0004282031428139
2024-12-20,0.00200889751228185,0.00200889751228185,0.00200889751228185,0.00200889751228185
2024-12-23,-0.0045309645440832,-0.0045309645440832,-0.0045309645440832,-0.0045309645440832
2024-12-24,0.0016134674078403,0.0016134674078403,0.0016134674078403,0.0016134674078403
2024-12-26,-2.322552583991987e-05,-2.322552583991987e-05,-2.322552583991987e-05,-2.322552583991987e-05
2024-12-27,-0.00549352055569695,-0.00549352055569695,-0.00549352055569695,-0.00549352055569695
2024-12-30,-0.0028764586416171,-0.0028764586416171,-0.0028764586416171,-0.0028764586416171
2024-12-31,-0.0015400148740179,-0.0015400148740179,-0.0015400148740179,-0.0015400148740179
