date,unscaled,target_5pct,target_8pct,target_10pct
2017-07-05,0.0,0.0,0.0,0.0
2017-07-06,0.0,0.0,0.0,0.0
2017-07-07,0.0,0.0,0.0,0.0
2017-07-10,0.0,0.0,0.0,0.0
2017-07-11,0.0,0.0,0.0,0.0
2017-07-12,0.0,0.0,0.0,0.0
2017-07-13,0.0,0.0,0.0,0.0
2017-07-14,0.0,0.0,0.0,0.0
2017-07-17,0.0,0.0,0.0,0.0
2017-07-18,0.0,0.0,0.0,0.0
2017-07-19,0.0,0.0,0.0,0.0
2017-07-20,0.0,0.0,0.0,0.0
2017-07-21,0.0,0.0,0.0,0.0
2017-07-24,0.0,0.0,0.0,0.0
2017-07-25,0.0,0.0,0.0,0.0
2017-07-26,0.0,0.0,0.0,0.0
2017-07-27,0.0,0.0,0.0,0.0
2017-07-28,0.0,0.0,0.0,0.0
2017-07-31,0.0,0.0,0.0,0.0
2017-08-01,0.0,0.0,0.0,0.0
2017-08-02,0.0,0.0,0.0,0.0
2017-08-03,0.0,0.0,0.0,0.0
2017-08-04,0.0,0.0,0.0,0.0
2017-08-07,0.0,0.0,0.0,0.0
2017-08-08,0.0,0.0,0.0,0.0
2017-08-09,0.0,0.0,0.0,0.0
2017-08-10,0.0,0.0,0.0,0.0
2017-08-11,0.0,0.0,0.0,0.0
2017-08-14,0.0,0.0,0.0,0.0
2017-08-15,0.0,0.0,0.0,0.0
2017-08-16,0.0,0.0,0.0,0.0
2017-08-17,0.0,0.0,0.0,0.0
2017-08-18,0.0,0.0,0.0,0.0
2017-08-21,0.0,0.0,0.0,0.0
2017-08-22,0.0,0.0,0.0,0.0
2017-08-23,0.0,0.0,0.0,0.0
2017-08-24,0.0,0.0,0.0,0.0
2017-08-25,0.0,0.0,0.0,0.0
2017-08-28,-0.0045674028714019,-0.0026835679148496643,-0.0042937086637594634,-0.005367135829699329
2017-08-29,-0.0048362857860164,-0.002863011619627079,-0.004580818591403327,-0.005726023239254158
2017-08-30,0.0014593758134576,0.0008575826737268476,0.0013721322779629561,0.0017151653474536952
2017-08-31,0.0096601682756877,0.005675692030923021,0.009081107249476833,0.011351384061846041
2017-09-01,0.0029882806658177,0.0037353508322721246,0.0037353508322721246,0.0037353508322721246
2017-09-05,-0.0034310006231415,-0.004288750778926874,-0.004288750778926874,-0.004288750778926874
2017-09-06,-0.0006237043956649,-0.0007796304945811251,-0.0007796304945811251,-0.0007796304945811251
2017-09-07,-0.0054236074752925,-0.006779509344115625,-0.006779509344115625,-0.006779509344115625
2017-09-08,-0.0014235696017445,-0.001779462002180625,-0.001779462002180625,-0.001779462002180625
2017-09-11,0.0026467688624716,0.0033084610780895,0.0033084610780895,0.0033084610780895
2017-09-12,-0.0052002899352761,-0.006500362419095125,-0.006500362419095125,-0.006500362419095125
2017-09-13,-0.0007649273642385,-0.000956159205298125,-0.000956159205298125,-0.000956159205298125
2017-09-14,-0.0019712832566331,-0.0024641040707913753,-0.0024641040707913753,-0.0024641040707913753
2017-09-15,-0.0014951007439654,-0.00186887592995675,-0.00186887592995675,-0.00186887592995675
2017-09-18,-0.0068151384118591,-0.008518923014823874,-0.008518923014823874,-0.008518923014823874
2017-09-19,-0.0038812617606685,-0.004851577200835625,-0.004851577200835625,-0.004851577200835625
2017-09-20,-0.0087620111263827,-0.010952513907978374,-0.010952513907978374,-0.010952513907978374
2017-09-21,-0.0066366757104874,-0.00829584463810925,-0.00829584463810925,-0.00829584463810925
2017-09-22,-0.0148572696736307,-0.018571587092038374,-0.018571587092038374,-0.018571587092038374
2017-09-25,-0.001,-0.0010293386162882948,-0.00125,-0.00125
2017-09-26,0.0018202252706782,0.0018747855499287036,0.00227528158834775,0.00227528158834775
2017-09-27,0.0012806533167379,0.0013118950509673133,0.0016008166459223752,0.0016008166459223752
2017-09-28,0.0006427580314634,0.0006563622409027435,0.00080344753932925,0.00080344753932925
2017-09-29,-0.0008106304893567,-0.0008267784746031061,-0.001013288111695875,-0.001013288111695875
2017-10-02,-0.0045306098561233,-0.0046234420875949705,-0.005663262320154126,-0.005663262320154126
2017-10-03,0.0,0.0,0.0,0.0
2017-10-04,0.0,0.0,0.0,0.0
2017-10-05,0.0,0.0,0.0,0.0
2017-10-06,0.0,0.0,0.0,0.0
2017-10-09,0.0,0.0,0.0,0.0
2017-10-10,0.0,0.0,0.0,0.0
2017-10-11,0.0,0.0,0.0,0.0
2017-10-12,0.0,0.0,0.0,0.0
2017-10-13,0.0,0.0,0.0,0.0
2017-10-16,0.0,0.0,0.0,0.0
2017-10-17,0.0,0.0,0.0,0.0
2017-10-18,0.0,0.0,0.0,0.0
2017-10-19,0.0,0.0,0.0,0.0
2017-10-20,0.0,0.0,0.0,0.0
2017-10-23,0.0,0.0,0.0,0.0
2017-10-24,-0.0046182415224168,-0.005063770899099839,-0.005772801903021,-0.005772801903021
2017-10-25,-0.0057942451686106,-0.0072428064607632505,-0.0072428064607632505,-0.0072428064607632505
2017-10-26,0.0008606311337302,0.00107578891716275,0.00107578891716275,0.00107578891716275
2017-10-27,-0.0101433682001443,-0.012679210250180376,-0.012679210250180376,-0.012679210250180376
2017-10-30,0.0036398485349784,0.0040818789724364705,0.004549810668723,0.004549810668723
2017-10-31,-0.0015459911013951,-0.0017237374381101865,-0.001932488876743875,-0.001932488876743875
2017-11-01,0.005223794715083,0.00581083500078703,0.00652974339385375,0.00652974339385375
2017-11-02,-0.0072110700404924,-0.007873585482441837,-0.0090138375506155,-0.0090138375506155
2017-11-03,0.0043456243879311,0.004539314996878744,0.005432030484913875,0.005432030484913875
2017-11-06,-0.0024895029991353,-0.002658085354663603,-0.003111878748919125,-0.003111878748919125
2017-11-07,-0.0021237432012922,-0.002269285433171799,-0.0026546790016152497,-0.0026546790016152497
2017-11-08,0.0081693327095405,0.008718836189928234,0.010211665886925625,0.010211665886925625
2017-11-09,0.0005647056583284,0.0005903360326147123,0.0007058820729105,0.0007058820729105
2017-11-10,4.358219358083013e-05,4.6600311497648274e-05,5.447774197603766e-05,5.447774197603766e-05
2017-11-13,0.0021450589637279,0.002316456864003126,0.002681323704659875,0.002681323704659875
2017-11-14,0.0054132651405995,0.00585112578201736,0.006766581425749376,0.006766581425749376
2017-11-15,0.0058971411571028,0.006234363142464277,0.0073714264463785005,0.0073714264463785005
2017-11-16,-0.0028532713835311,-0.002948006559716015,-0.0035665892294138753,-0.0035665892294138753
2017-11-17,-0.0015556046192197,-0.0015917871589958166,-0.001944505774024625,-0.001944505774024625
2017-11-20,-0.001,-0.0010197582508601043,-0.00125,-0.00125
2017-11-21,0.0,0.0,0.0,0.0
2017-11-22,0.0,0.0,0.0,0.0
2017-11-24,0.0,0.0,0.0,0.0
2017-11-27,0.0,0.0,0.0,0.0
2017-11-28,0.0,0.0,0.0,0.0
2017-11-29,0.0,0.0,0.0,0.0
2017-11-30,0.0,0.0,0.0,0.0
2017-12-01,0.0,0.0,0.0,0.0
2017-12-04,0.0,0.0,0.0,0.0
2017-12-05,0.0,0.0,0.0,0.0
2017-12-06,0.0,0.0,0.0,0.0
2017-12-07,0.0,0.0,0.0,0.0
2017-12-08,0.0,0.0,0.0,0.0
2017-12-11,0.0,0.0,0.0,0.0
2017-12-12,0.0,0.0,0.0,0.0
2017-12-13,0.0,0.0,0.0,0.0
2017-12-14,0.0,0.0,0.0,0.0
2017-12-15,0.0,0.0,0.0,0.0
2017-12-18,0.0,0.0,0.0,0.0
2017-12-19,0.0,0.0,0.0,0.0
2017-12-20,0.0,0.0,0.0,0.0
2017-12-21,0.0,0.0,0.0,0.0
2017-12-22,0.0,0.0,0.0,0.0
2017-12-26,0.0,0.0,0.0,0.0
2017-12-27,0.0,0.0,0.0,0.0
2017-12-28,0.0,0.0,0.0,0.0
2017-12-29,0.0,0.0,0.0,0.0
2018-01-02,0.0,0.0,0.0,0.0
2018-01-03,0.0,0.0,0.0,0.0
2018-01-04,0.0,0.0,0.0,0.0
2018-01-05,0.0,0.0,0.0,0.0
2018-01-08,0.0,0.0,0.0,0.0
2018-01-09,0.0,0.0,0.0,0.0
2018-01-10,0.0,0.0,0.0,0.0
2018-01-11,0.0,0.0,0.0,0.0
2018-01-12,0.0,0.0,0.0,0.0
2018-01-16,0.0,0.0,0.0,0.0
2018-01-17,0.0,0.0,0.0,0.0
2018-01-18,0.0,0.0,0.0,0.0
2018-01-19,0.0,0.0,0.0,0.0
2018-01-22,0.0,0.0,0.0,0.0
2018-01-23,0.0,0.0,0.0,0.0
2018-01-24,0.0,0.0,0.0,0.0
2018-01-25,0.0,0.0,0.0,0.0
2018-01-26,0.0,0.0,0.0,0.0
2018-01-29,0.0,0.0,0.0,0.0
2018-01-30,0.0,0.0,0.0,0.0
2018-01-31,0.0,0.0,0.0,0.0
2018-02-01,0.0,0.0,0.0,0.0
2018-02-02,0.0,0.0,0.0,0.0
2018-02-05,-0.0019840968236697,-0.002480121029587125,-0.002480121029587125,-0.002480121029587125
2018-02-06,0.000458455560348,0.000573069450435,0.000573069450435,0.000573069450435
2018-02-07,-0.0006901526881005,-0.000862690860125625,-0.000862690860125625,-0.000862690860125625
2018-02-08,-0.0004607486405337,-0.000575935800667125,-0.000575935800667125,-0.000575935800667125
2018-02-09,-0.0008840523049745,-0.0011050653812181251,-0.0011050653812181251,-0.0011050653812181251
2018-02-12,0.0005194672864385,0.000649334108048125,0.000649334108048125,0.000649334108048125
2018-02-13,0.0008170375864563,0.001021296983070375,0.001021296983070375,0.001021296983070375
2018-02-14,-0.0003653514709329,-0.000456689338666125,-0.000456689338666125,-0.000456689338666125
2018-02-15,0.0004474386019213,0.000559298252401625,0.000559298252401625,0.000559298252401625
2018-02-16,0.0004963467125267,0.000620433390658375,0.000620433390658375,0.000620433390658375
2018-02-20,-0.0006422313625718,-0.00080278920321475,-0.00080278920321475,-0.00080278920321475
2018-02-21,-0.0015520578074414,-0.00194007225930175,-0.00194007225930175,-0.00194007225930175
2018-02-22,-8.528880807387816e-05,-0.00010661101009234769,-0.00010661101009234769,-0.00010661101009234769
2018-02-23,0.000604244221819,0.00075530527727375,0.00075530527727375,0.00075530527727375
2018-02-26,-0.0002138910392664,-0.00026736379908299997,-0.00026736379908299997,-0.00026736379908299997
2018-02-27,0.0008634307543475,0.001079288442934375,0.001079288442934375,0.001079288442934375
2018-02-28,0.0005330376278902,0.00066629703486275,0.00066629703486275,0.00066629703486275
2018-03-01,2.232126590117601e-05,2.7901582376470015e-05,2.7901582376470015e-05,2.7901582376470015e-05
2018-03-02,-0.0003176254821721,-0.000397031852715125,-0.000397031852715125,-0.000397031852715125
2018-03-05,-0.001,-0.00125,-0.00125,-0.00125
2018-03-06,0.0,0.0,0.0,0.0
2018-03-07,0.0,0.0,0.0,0.0
2018-03-08,0.0,0.0,0.0,0.0
2018-03-09,0.0,0.0,0.0,0.0
2018-03-12,0.0,0.0,0.0,0.0
2018-03-13,0.0,0.0,0.0,0.0
2018-03-14,0.0,0.0,0.0,0.0
2018-03-15,-0.0010886942047742,-0.0013608677559677502,-0.0013608677559677502,-0.0013608677559677502
2018-03-16,0.0001332728405542,0.00016659105069275002,0.00016659105069275002,0.00016659105069275002
2018-03-19,0.0005796356483182,0.00072454456039775,0.00072454456039775,0.00072454456039775
2018-03-20,-4.1060129013099e-05,-5.132516126637375e-05,-5.132516126637375e-05,-5.132516126637375e-05
2018-03-21,-5.8696834184357896e-05,-7.337104273044737e-05,-7.337104273044737e-05,-7.337104273044737e-05
2018-03-22,-0.0006073915815797,-0.0007592394769746249,-0.0007592394769746249,-0.0007592394769746249
2018-03-23,0.0003586136167828,0.0004482670209785,0.0004482670209785,0.0004482670209785
2018-03-26,0.0001060098344368,0.000132512293046,0.000132512293046,0.000132512293046
2018-03-27,-0.0001954171464603,-0.000244271433075375,-0.000244271433075375,-0.000244271433075375
2018-03-28,-0.0007160138941823,-0.000895017367727875,-0.000895017367727875,-0.000895017367727875
2018-03-29,-2.081466616292833e-05,-2.6018332703660412e-05,-2.6018332703660412e-05,-2.6018332703660412e-05
2018-04-02,-0.0003022928134925,-0.000377866016865625,-0.000377866016865625,-0.000377866016865625
2018-04-03,0.0004770912272857,0.0005963640341071249,0.0005963640341071249,0.0005963640341071249
2018-04-04,0.0004279654187253,0.000534956773406625,0.000534956773406625,0.000534956773406625
2018-04-05,0.0,0.0,0.0,0.0
2018-04-06,0.0,0.0,0.0,0.0
2018-04-09,0.0,0.0,0.0,0.0
2018-04-10,0.0,0.0,0.0,0.0
2018-04-11,0.0,0.0,0.0,0.0
2018-04-12,0.0,0.0,0.0,0.0
2018-04-13,0.0,0.0,0.0,0.0
2018-04-16,0.0,0.0,0.0,0.0
2018-04-17,-0.0024937064504749248,-0.0028905518259622035,-0.003117133063093656,-0.003117133063093656
2018-04-18,0.006404872081097285,0.007373828827456115,0.008006090101371606,0.008006090101371606
2018-04-19,8.225226101209496e-05,9.090670817146701e-05,0.0001028153262651187,0.0001028153262651187
2018-04-20,-0.00441268394474181,-0.004927433568055464,-0.005515854930927262,-0.005515854930927262
2018-04-23,-0.00327054902118258,-0.0037095749354162325,-0.0040881862764782255,-0.0040881862764782255
2018-04-24,0.0003017400081385849,0.0003382637391764721,0.0003771750101732311,0.0003771750101732311
2018-04-25,-0.0033959911683702046,-0.003806980358654288,-0.004244988960462756,-0.004244988960462756
2018-04-26,-0.00454504629814712,-0.005035232478550205,-0.005681307872683901,-0.005681307872683901
2018-04-27,-0.0036025185865505853,-0.003932854790231974,-0.004503148233188232,-0.004503148233188232
2018-04-30,0.0019925404907699903,0.002184349359176674,0.0024906756134624878,0.0024906756134624878
2018-05-01,0.0009183680934354133,0.0010059910104080869,0.0011479601167942667,0.0011479601167942667
2018-05-02,-0.0005132293591852065,-0.0005743772706513996,-0.000641536698981508,-0.000641536698981508
2018-05-03,-0.00149843452490208,-0.0016767439209420536,-0.0018730431561276,-0.0018730431561276
2018-05-04,-0.002985539995415765,-0.0033490245653572588,-0.0037319249942697067,-0.0037319249942697067
2018-05-07,0.0017515994220012,0.001977474625437707,0.0021894992775015,0.0021894992775015
2018-05-08,0.0023850856406447698,0.0029813570508059623,0.0029813570508059623,0.0029813570508059623
2018-05-09,-0.0008437770040108599,-0.001054721255013575,-0.001054721255013575,-0.001054721255013575
2018-05-10,0.0019260394397075848,0.002407549299634481,0.002407549299634481,0.002407549299634481
2018-05-11,-0.003312543798057806,-0.004140679747572257,-0.004140679747572257,-0.004140679747572257
2018-05-14,-0.0023345989151054903,-0.0029182486438818628,-0.0029182486438818628,-0.0029182486438818628
2018-05-15,-0.00017448120836029005,-0.00021810151045036257,-0.00021810151045036257,-0.00021810151045036257
2018-05-16,3.913510029954e-05,4.8918875374425e-05,4.8918875374425e-05,4.8918875374425e-05
2018-05-17,0.00040703685027424993,0.0005087960628428124,0.0005087960628428124,0.0005087960628428124
2018-05-18,-0.00025874614665396,-0.00032343268331745,-0.00032343268331745,-0.00032343268331745
2018-05-21,8.032816470637e-05,0.0001004102058829625,0.0001004102058829625,0.0001004102058829625
2018-05-22,0.00011919203910949999,0.00014899004888687498,0.00014899004888687498,0.00014899004888687498
2018-05-23,3.0224218778269146e-05,3.778027347283643e-05,3.778027347283643e-05,3.778027347283643e-05
2018-05-24,-0.00039369068222596,-0.00049211335278245,-0.00049211335278245,-0.00049211335278245
2018-05-25,6.551653734052e-05,8.189567167565e-05,8.189567167565e-05,8.189567167565e-05
2018-05-29,-0.000345041346728785,-0.0004313016834109812,-0.0004313016834109812,-0.0004313016834109812
2018-05-30,9.041983153462966e-06,1.1302478941828706e-05,1.1302478941828706e-05,1.1302478941828706e-05
2018-05-31,0.00013803276384597,0.00017254095480746248,0.00017254095480746248,0.00017254095480746248
2018-06-01,-8.043253607921e-05,-0.0001005406700990125,-0.0001005406700990125,-0.0001005406700990125
2018-06-04,7.491539478206e-05,9.3644243477575e-05,9.3644243477575e-05,9.3644243477575e-05
2018-06-05,0.000208581649997875,0.00026072706249734377,0.00026072706249734377,0.00026072706249734377
2018-06-06,0.00012513344094293,0.0001564168011786625,0.0001564168011786625,0.0001564168011786625
2018-06-07,-0.000308158588340085,-0.00038519823542510623,-0.00038519823542510623,-0.00038519823542510623
2018-06-08,-3.179078586065894e-05,-3.973848232582368e-05,-3.973848232582368e-05,-3.973848232582368e-05
2018-06-11,-0.00035,-0.0004375,-0.0004375,-0.0004375
2018-06-12,0.0,0.0,0.0,0.0
2018-06-13,0.0,0.0,0.0,0.0
2018-06-14,0.0,0.0,0.0,0.0
2018-06-15,0.0,0.0,0.0,0.0
2018-06-18,0.0,0.0,0.0,0.0
2018-06-19,0.0,0.0,0.0,0.0
2018-06-20,0.0,0.0,0.0,0.0
2018-06-21,0.0,0.0,0.0,0.0
2018-06-22,0.0,0.0,0.0,0.0
2018-06-25,0.0,0.0,0.0,0.0
2018-06-26,9.013981893654001e-05,0.00011267477367067502,0.00011267477367067502,0.00011267477367067502
2018-06-27,-0.0019580403742814104,-0.002447550467851763,-0.002447550467851763,-0.002447550467851763
2018-06-28,-0.0025819363065390953,-0.0032274203831738693,-0.0032274203831738693,-0.0032274203831738693
2018-06-29,0.001844392137986575,0.0023054901724832186,0.0023054901724832186,0.0023054901724832186
2018-07-02,0.0003664881064066204,0.00045811013300827547,0.00045811013300827547,0.00045811013300827547
2018-07-03,-0.0014126758433879885,-0.0017658448042349856,-0.0017658448042349856,-0.0017658448042349856
2018-07-05,0.0,0.0,0.0,0.0
2018-07-06,0.0,0.0,0.0,0.0
2018-07-09,0.0,0.0,0.0,0.0
2018-07-10,0.0,0.0,0.0,0.0
2018-07-11,0.0,0.0,0.0,0.0
2018-07-12,-0.0022455697304444334,-0.002806962163055542,-0.002806962163055542,-0.002806962163055542
2018-07-13,-0.001966048921934088,-0.00245756115241761,-0.00245756115241761,-0.00245756115241761
2018-07-16,0.002023638963179635,0.0025295487039745435,0.0025295487039745435,0.0025295487039745435
2018-07-17,0.0013747945360905564,0.0017184931701131954,0.0017184931701131954,0.0017184931701131954
2018-07-18,-0.0005418921340868091,-0.0006773651676085114,-0.0006773651676085114,-0.0006773651676085114
2018-07-19,0.0001548283070700652,0.0001935353838375815,0.0001935353838375815,0.0001935353838375815
2018-07-20,0.00048712708829216976,0.0006089088603652123,0.0006089088603652123,0.0006089088603652123
2018-07-23,0.007041999821301428,0.008802499776626786,0.008802499776626786,0.008802499776626786
2018-07-24,5.279703725700113e-05,6.599629657125141e-05,6.599629657125141e-05,6.599629657125141e-05
2018-07-25,0.0031994416552465063,0.003999302069058133,0.003999302069058133,0.003999302069058133
2018-07-26,0.0023521083706470208,0.002940135463308776,0.002940135463308776,0.002940135463308776
2018-07-27,-0.0014406628244771809,-0.001800828530596476,-0.001800828530596476,-0.001800828530596476
2018-07-30,0.0029789788454027176,0.003723723556753397,0.003723723556753397,0.003723723556753397
2018-07-31,-0.0029681443305452017,-0.003710180413181502,-0.003710180413181502,-0.003710180413181502
2018-08-01,-0.0013916547427384306,-0.0017395684284230383,-0.0017395684284230383,-0.0017395684284230383
2018-08-02,0.0002760591626275237,0.00034507395328440464,0.00034507395328440464,0.00034507395328440464
2018-08-03,-0.0034394205854770946,-0.004299275731846368,-0.004299275731846368,-0.004299275731846368
2018-08-06,-0.0015983306834129762,-0.00199791335426622,-0.00199791335426622,-0.00199791335426622
2018-08-07,0.0012764361720027022,0.0015955452150033778,0.0015955452150033778,0.0015955452150033778
2018-08-08,-0.00015759060695277015,-0.00019698825869096269,-0.00019698825869096269,-0.00019698825869096269
2018-08-09,-0.0009335807375941067,-0.0011669759219926335,-0.0011669759219926335,-0.0011669759219926335
2018-08-10,0.005296236058948528,0.00662029507368566,0.00662029507368566,0.00662029507368566
2018-08-13,-0.0007937630578562508,-0.0009922038223203135,-0.0009922038223203135,-0.0009922038223203135
2018-08-14,-0.0005411025770678993,-0.0006763782213348742,-0.0006763782213348742,-0.0006763782213348742
2018-08-15,0.0009997478321669756,0.0012496847902087195,0.0012496847902087195,0.0012496847902087195
2018-08-16,-0.0014558745655546515,-0.0018198432069433143,-0.0018198432069433143,-0.0018198432069433143
2018-08-17,0.0002631374104548701,0.0003289217630685876,0.0003289217630685876,0.0003289217630685876
2018-08-20,-0.0004983853822312209,-0.0006229817277890262,-0.0006229817277890262,-0.0006229817277890262
2018-08-21,-0.000809539560109709,-0.0010119244501371363,-0.0010119244501371363,-0.0010119244501371363
2018-08-22,-0.00028974407742379,-0.0003621800967797375,-0.0003621800967797375,-0.0003621800967797375
2018-08-23,0.000635282942490385,0.0007941036781129813,0.0007941036781129813,0.0007941036781129813
2018-08-24,0.00019775415177038501,0.00024719268971298125,0.00024719268971298125,0.00024719268971298125
2018-08-27,0.0005988995595091707,0.0007486244493864634,0.0007486244493864634,0.0007486244493864634
2018-08-28,-0.0007341276503777007,-0.0009176595629721259,-0.0009176595629721259,-0.0009176595629721259
2018-08-29,0.0034202899675429234,0.004275362459428654,0.004275362459428654,0.004275362459428654
2018-08-30,-0.0001230973284245969,-0.00015387166053074612,-0.00015387166053074612,-0.00015387166053074612
2018-08-31,-0.0012138324380890023,-0.001517290547611253,-0.001517290547611253,-0.001517290547611253
2018-09-04,0.0022211662947302082,0.0027764578684127605,0.0027764578684127605,0.0027764578684127605
2018-09-05,-0.0028078170577910655,-0.003509771322238832,-0.003509771322238832,-0.003509771322238832
2018-09-06,0.0003373473360285858,0.00042168417003573226,0.00042168417003573226,0.00042168417003573226
2018-09-07,0.0030183412334694585,0.003772926541836823,0.003772926541836823,0.003772926541836823
2018-09-10,-0.0019000268138855232,-0.002375033517356904,-0.002375033517356904,-0.002375033517356904
2018-09-11,0.0015590448364855263,0.001948806045606908,0.001948806045606908,0.001948806045606908
2018-09-12,0.0024116319297821,0.0030145399122276247,0.0030145399122276247,0.0030145399122276247
2018-09-13,-0.0019332732120017034,-0.002416591515002129,-0.002416591515002129,-0.002416591515002129
2018-09-14,-0.0008474177662386404,-0.0010592722077983005,-0.0010592722077983005,-0.0010592722077983005
2018-09-17,-0.00381892240284769,-0.004773653003559612,-0.004773653003559612,-0.004773653003559612
2018-09-18,-0.007701362974162909,-0.009626703717703636,-0.009626703717703636,-0.009626703717703636
2018-09-19,-0.002611011656821074,-0.0032637645710263423,-0.0032637645710263423,-0.0032637645710263423
2018-09-20,-0.0032730159934343875,-0.004091269991792984,-0.004091269991792984,-0.004091269991792984
2018-09-21,-0.0015920258317657107,-0.0019900322897071386,-0.0019900322897071386,-0.0019900322897071386
2018-09-24,-0.0004856436432534986,-0.0006070545540668732,-0.0006070545540668732,-0.0006070545540668732
2018-09-25,-0.0025376838567139175,-0.003172104820892397,-0.003172104820892397,-0.003172104820892397
2018-09-26,0.0002915440621207604,0.00036443007765095045,0.00036443007765095045,0.00036443007765095045
2018-09-27,-0.0012586741441903777,-0.0015733426802379722,-0.0015733426802379722,-0.0015733426802379722
2018-09-28,0.0006131356553623183,0.0007664195692028979,0.0007664195692028979,0.0007664195692028979
2018-10-01,-0.0012720879391281237,-0.0015901099239101547,-0.0015901099239101547,-0.0015901099239101547
2018-10-02,0.000620052734833983,0.0007750659185424788,0.0007750659185424788,0.0007750659185424788
2018-10-03,0.0,0.0,0.0,0.0
2018-10-04,-0.006825051890201821,-0.005353209874678122,-0.008531314862752276,-0.008531314862752276
2018-10-05,-0.0064423032132482705,-0.004940245484140279,-0.007904392774624446,-0.008052879016560339
2018-10-08,-0.00343402590133167,-0.0025879473198957893,-0.004140715711833262,-0.0042925323766645875
2018-10-09,0.00040280398943844006,0.00030243516809320254,0.00048389626894912403,0.0005035049867980501
2018-10-10,0.00050559419325942,0.0003862247739655013,0.0006179596383448021,0.000631992741574275
2018-10-11,0.004932959688698731,0.0038674058573793155,0.006166199610873413,0.006166199610873413
2018-10-12,9.950044943337002e-05,7.788528906943837e-05,0.00012437556179171252,0.00012437556179171252
2018-10-15,0.0007032390080476802,0.0005516101486975135,0.0008790487600596002,0.0008790487600596002
2018-10-16,-0.0013122828113865902,-0.0010330335785256866,-0.0016403535142332378,-0.0016403535142332378
2018-10-17,0.0051683325935554,0.004075921067449771,0.00646041574194425,0.00646041574194425
2018-10-18,0.00022684421331363469,0.00017694874084174257,0.00028311798534678804,0.00028355526664204336
2018-10-19,-0.0017693599785399002,-0.001380585776293643,-0.002208937242069829,-0.0022116999731748755
2018-10-22,0.0028896346623900004,0.002259681051523831,0.0036120433279875006,0.0036120433279875006
2018-10-23,-0.002984054571439735,-0.0023274525386272615,-0.0037239240618036186,-0.0037300682142996687
2018-10-24,-0.005706679704489085,-0.0044882544039386045,-0.007133349630611356,-0.007133349630611356
2018-10-25,0.0029813078440501847,0.00231545581033795,0.0037047292965407207,0.003726634805062731
2018-10-26,0.00821193763933999,0.006355573553141614,0.010168917685026582,0.010264922049174986
2018-10-29,-0.004041568683902395,-0.0030432337508313656,-0.004869174001330185,-0.005051960854877994
2018-10-30,0.00073167250934571,0.000546757707005714,0.0008748123312091423,0.0009145906366821374
2018-10-31,-0.0033384316445786797,-0.0024948827763264774,-0.003991812442122364,-0.004173039555723349
2018-11-01,-0.002118364809194165,-0.001584676665933298,-0.0025354826654932763,-0.002647956011492706
2018-11-02,0.0008684076586664149,0.0006495255383856646,0.0010392408614170634,0.0010855095733330186
2018-11-05,0.0031737527156399394,0.002373490086822606,0.0037975841389161703,0.003967190894549924
2018-11-06,0.0006889901602705451,0.0005172200818656764,0.0008275521309850823,0.0008612377003381814
2018-11-07,0.002088519662972785,0.0015713940642145584,0.0025142305027432933,0.002610649578715981
2018-11-08,-0.007967423065700596,-0.005986954497029974,-0.009579127195247958,-0.009959278832125745
2018-11-09,0.0010712850180450602,0.0010280473101297643,0.0013391062725563252,0.0013391062725563252
2018-11-12,0.004708712453077689,0.004514285803382551,0.005885890566347112,0.005885890566347112
2018-11-13,-0.00040613279370081007,-0.0003972897528922477,-0.0005076659921260126,-0.0005076659921260126
2018-11-14,-0.003637985813304651,-0.003559333903656386,-0.004547482266630813,-0.004547482266630813
2018-11-15,-0.004611048731183921,-0.004470025406216402,-0.005763810913979902,-0.005763810913979902
2018-11-16,0.003731235428844635,0.003580500524106584,0.004664044286055794,0.004664044286055794
2018-11-19,0.00070097465584113,0.0006656972494564238,0.0008762183198014126,0.0008762183198014126
2018-11-20,-0.0017432724703986798,-0.0016777130332498293,-0.0021790905879983495,-0.0021790905879983495
2018-11-21,0.0018591384496226505,0.0018002685281899033,0.0023239230620283133,0.0023239230620283133
2018-11-23,-0.004235908667378311,-0.004089919348858444,-0.005294885834222888,-0.005294885834222888
2018-11-26,-0.004561537608894481,-0.004354767492159386,-0.005701922011118101,-0.005701922011118101
2018-11-27,0.003911730579219901,0.0038941207096621668,0.004889663224024876,0.004889663224024876
2018-11-28,-0.004963582160065235,-0.004924911480188313,-0.006204477700081543,-0.006204477700081543
2018-11-29,0.004866379519188961,0.004750372515819082,0.0060829743989862005,0.0060829743989862005
2018-11-30,0.0011271569572756496,0.001079902500140232,0.0014089461965945621,0.0014089461965945621
2018-12-03,-0.009668189403631944,-0.009251782617099797,-0.01208523675453993,-0.01208523675453993
2018-12-04,0.00913898789165688,0.008287095566566252,0.0114237348645711,0.0114237348645711
2018-12-06,0.002538200364826575,0.002227078010147981,0.0031727504560332192,0.0031727504560332192
2018-12-07,0.005941928943798725,0.005224473684701998,0.007427411179748406,0.007427411179748406
2018-12-10,-0.00023979643434777,-0.0002078896355127954,-0.0002997455429347125,-0.0002997455429347125
2018-12-11,-0.0035221421181653697,-0.0030625956250497945,-0.004402677647706712,-0.004402677647706712
2018-12-12,8.496487073686486e-05,7.34599450468382e-05,0.00010620608842108108,0.00010620608842108108
2018-12-13,-0.00163930188672782,-0.0014252896950094315,-0.002049127358409775,-0.002049127358409775
2018-12-14,0.0023999038085690846,0.0020853197179360114,0.002999879760711356,0.002999879760711356
2018-12-17,0.011171987556183368,0.009679631889653807,0.013964984445229211,0.013964984445229211
2018-12-18,-0.002066584758676515,-0.0016709731040467964,-0.002583230948345644,-0.002583230948345644
2018-12-19,-0.00266825875194137,-0.002153154104701805,-0.0033353234399267125,-0.0033353234399267125
2018-12-20,0.006657699574382885,0.005357473785710321,0.008322124467978606,0.008322124467978606
2018-12-21,0.004550767932883445,0.0035823719918540624,0.005688459916104306,0.005688459916104306
2018-12-24,0.01101163222278035,0.008586492885997379,0.013738388617595805,0.013764540278475438
2018-12-26,-0.012414457003347383,-0.009181949399641565,-0.014691119039426504,-0.015518071254184229
2018-12-27,-0.0007,-0.00048489453312207674,-0.0007758312529953227,-0.000875
2018-12-28,0.0,0.0,0.0,0.0
2018-12-31,0.0,0.0,0.0,0.0
2019-01-02,0.0,0.0,0.0,0.0
2019-01-03,0.0,0.0,0.0,0.0
2019-01-04,0.0,0.0,0.0,0.0
2019-01-07,0.0,0.0,0.0,0.0
2019-01-08,0.0,0.0,0.0,0.0
2019-01-09,0.0,0.0,0.0,0.0
2019-01-10,0.0,0.0,0.0,0.0
2019-01-11,0.0,0.0,0.0,0.0
2019-01-14,0.0,0.0,0.0,0.0
2019-01-15,0.0,0.0,0.0,0.0
2019-01-16,0.0,0.0,0.0,0.0
2019-01-17,0.000170462241879125,0.0001037463113779399,0.00016599409820470387,0.0002074926227558798
2019-01-18,-0.0005851252664795999,-0.0003657718483066939,-0.0005852349572907103,-0.0007314065830994999
2019-01-22,0.0008457834840391999,0.0005322526823270652,0.0008516042917233042,0.001057229355049
2019-01-23,-0.0004990953537017,-0.0003145545812751721,-0.0005032873300402752,-0.000623869192127125
2019-01-24,-0.00125729889880098,-0.000795312329204471,-0.0012724997267271536,-0.0015716236235012251
2019-01-25,0.00091774029598916,0.0005806096428192476,0.0009289754285107963,0.0011471753699864502
2019-01-28,0.00123884346807823,0.0007838156739779891,0.0012541050783647823,0.0015485543350977874
2019-01-29,-0.0029681325945045247,-0.001993251651029236,-0.0031892026416467773,-0.0037101657431306556
2019-01-30,0.00292554720579611,0.0020207165298167457,0.003233146447706793,0.0036569340072451374
2019-01-31,-0.00138375443559913,-0.0009616258869731471,-0.0015386014191570354,-0.0017296930444989124
2019-02-01,-0.0009033211517439899,-0.0006344577362089434,-0.0010151323779343095,-0.0011291514396799874
2019-02-04,0.000440776264302605,0.0003103737159045392,0.0004965979454472626,0.0005509703303782562
2019-02-05,0.0036541407955644543,0.002575981972088719,0.004121571155341951,0.004567675994455568
2019-02-06,0.002957234231455455,0.0020795051932939275,0.0033272083092702838,0.003696542789319319
2019-02-07,0.0027632223187271498,0.0019423115830729727,0.003107698532916756,0.0034540278984089372
2019-02-08,0.00138960282515796,0.0009762179903835885,0.0015619487846137415,0.0017370035314474498
2019-02-11,6.5264671055815e-05,4.590876043570301e-05,7.345401669712481e-05,8.158083881976876e-05
2019-02-12,-0.00036384734246483,-0.00026561794038528185,-0.00042498870461645097,-0.00045480917808103747
2019-02-13,-0.0012648073636348498,-0.0009233108854913131,-0.001477297416786101,-0.0015810092045435622
2019-02-14,-0.00035,-0.0002552433213850157,-0.00040838931421602516,-0.0004375
2019-02-15,0.0,0.0,0.0,0.0
2019-02-19,0.0,0.0,0.0,0.0
2019-02-20,0.0,0.0,0.0,0.0
2019-02-21,0.0,0.0,0.0,0.0
2019-02-22,0.0,0.0,0.0,0.0
2019-02-25,0.001686575662078379,0.0012466483531851308,0.0019946373650962094,0.0021082195775979735
2019-02-26,0.0012314123955655095,0.0009095668403242171,0.0014553069445187475,0.0015392654944568868
2019-02-27,-0.0004372228105329172,-0.0003230438384582608,-0.0005168701415332172,-0.0005465285131661464
2019-02-28,0.0008235870073737511,0.0006101493524481257,0.0009762389639170012,0.001029483759217189
2019-03-01,0.00330177567227736,0.002528383008925575,0.0040454128142809204,0.0041272195903467
2019-03-04,-0.013536168652503809,-0.010333686021137385,-0.016533897633819815,-0.016920210815629763
2019-03-05,-0.0004588944625999246,-0.00047338101819384805,-0.0005736180782499058,-0.0005736180782499058
2019-03-06,-0.0028693438603914767,-0.0029611167200223262,-0.003586679825489346,-0.003586679825489346
2019-03-07,-0.0030749793441919777,-0.0031554564237445877,-0.003843724180239972,-0.003843724180239972
2019-03-08,-0.0012680039886086873,-0.0013085220385217302,-0.001585004985760859,-0.001585004985760859
2019-03-11,0.0033466343889960734,0.0035815434389339504,0.004183292986245092,0.004183292986245092
2019-03-12,0.0010114954660918095,0.0010715073109163018,0.001264369332614762,0.001264369332614762
2019-03-13,0.004906703376092961,0.005555251144019898,0.006133379220116201,0.006133379220116201
2019-03-14,-0.0027052146544339194,-0.002988422699387878,-0.0033815183180423993,-0.0033815183180423993
2019-03-15,0.0007532697702754573,0.0008277303857429634,0.0009415872128443216,0.0009415872128443216
2019-03-18,0.0021732033919683955,0.002453374019538325,0.0027165042399604944,0.0027165042399604944
2019-03-19,0.0062514241387075144,0.007156950119238543,0.007814280173384393,0.007814280173384393
2019-03-20,-0.007922089877789994,-0.008712511252583818,-0.009902612347237492,-0.009902612347237492
2019-03-21,0.0022342105863847987,0.0024051875054742016,0.0027927632329809984,0.0027927632329809984
2019-03-22,-0.0015778795371461775,-0.0016955039947825327,-0.001972349421432722,-0.001972349421432722
2019-03-25,-0.001934722418664993,-0.002074681463389945,-0.002418403023331241,-0.002418403023331241
2019-03-26,-0.003315007123740857,-0.0035676301338168417,-0.004143758904676071,-0.004143758904676071
2019-03-27,-0.00030268917151677184,-0.0003229275531855167,-0.0003783614643959648,-0.0003783614643959648
2019-03-28,-0.0025681419625014582,-0.0027425974410054243,-0.0032101774531268228,-0.0032101774531268228
2019-03-29,0.002723477835039377,0.002939761132335228,0.003404347293799221,0.003404347293799221
2019-04-01,0.0009358672031238172,0.0010088398848297655,0.0011698340039047715,0.0011698340039047715
2019-04-02,-0.0022486790982693973,-0.002421915304900916,-0.002810848872836747,-0.002810848872836747
2019-04-03,0.0021024248758067625,0.002265733615876148,0.002628031094758453,0.002628031094758453
2019-04-04,-0.0012759132879193774,-0.0013756227932045309,-0.0015948916098992218,-0.0015948916098992218
2019-04-05,0.0,0.0,0.0,0.0
2019-04-08,0.0,0.0,0.0,0.0
2019-04-09,0.0,0.0,0.0,0.0
2019-04-10,0.0,0.0,0.0,0.0
2019-04-11,0.0,0.0,0.0,0.0
2019-04-12,-0.0132401936326202,-0.011121378364607323,-0.01655024204077525,-0.01655024204077525
2019-04-15,0.0103149343631431,0.00793739890243913,0.012699838243902608,0.012893667953928874
2019-04-16,-0.00576772493937725,-0.0042379933765398425,-0.006780789402463749,-0.007209656174221563
2019-04-17,0.00221264893522285,0.0016182551448452116,0.0025892082317523386,0.0027658111690285624
2019-04-18,0.0005437414490398504,0.00039747630378056365,0.0006359620860489018,0.000679676811299813
2019-04-22,0.01128863127261025,0.00825222970590659,0.013203567529450544,0.014110789090762813
2019-04-23,-0.00261263135514145,-0.001817529964466276,-0.0029080479431460413,-0.0032657891939268124
2019-04-24,-0.0009154546352354847,-0.0006356516029403237,-0.001017042564704518,-0.0011443182940443558
2019-04-25,-0.0055679477708590495,-0.003869231175094497,-0.0061907698801511955,-0.006959934713573812
2019-04-26,0.0040968023393182,0.0028119661427319404,0.004499145828371105,0.005121002924147751
2019-04-29,0.00130438794256505,0.000890109411440171,0.0014241750583042737,0.0016304849282063126
2019-04-30,-0.00653956950350685,-0.004460595900677405,-0.007136953441083847,-0.008174461879383563
2019-05-01,0.006312492610233349,0.004235701494197797,0.006777122390716476,0.007890615762791688
2019-05-02,-0.0011446256212767503,-0.0007577633358585194,-0.0012124213373736312,-0.001430782026595938
2019-05-03,-0.0083670510233532,-0.005535744779807709,-0.008857191647692336,-0.0104588137791915
2019-05-06,0.00428347646986125,0.0027651699901512635,0.004424271984242022,0.005354345587326562
2019-05-07,-0.0032743319275304497,-0.002129968449042685,-0.0034079495184682956,-0.004092914909413062
2019-05-08,-0.00039623113081115535,-0.0002576101200040487,-0.00041217619200647793,-0.0004952889135139442
2019-05-09,0.00243983115980715,0.001589431432313002,0.0025430902917008033,0.0030497889497589376
2019-05-10,-0.0001269939219705,-8.262009005147639e-05,-0.00013219214408236222,-0.000158742402463125
2019-05-13,0.00117643172384485,0.0007655441550468255,0.0012248706480749206,0.0014705396548060625
2019-05-14,0.0026211818400435,0.0017200417983752202,0.0027520668774003525,0.003276477300054375
2019-05-15,-0.0079808482797811,-0.00532826056054447,-0.008525216896871152,-0.009976060349726375
2019-05-16,-0.0005,-0.00032686608902757414,-0.0005229857424441186,-0.000625
2019-05-17,0.0,0.0,0.0,0.0
2019-05-20,0.0,0.0,0.0,0.0
2019-05-21,-0.00188419249987895,-0.00128391536703623,-0.002054264587257968,-0.0023552406248486873
2019-05-22,-7.963499389195e-05,-5.430121530060724e-05,-8.688194448097158e-05,-9.95437423649375e-05
2019-05-23,0.0004815012930403,0.0003320630805285908,0.0005313009288457452,0.000601876616300375
2019-05-24,0.00224715128938995,0.0015539990989507878,0.0024863985583212607,0.0028089391117374378
2019-05-28,0.0059014567574134,0.004072651702461874,0.006516242723938999,0.007376820946766749
2019-05-29,-0.0001277924870384,-8.69552923627732e-05,-0.00013912846778043713,-0.000159740608798
2019-05-30,0.000412921337495,0.00030351262276580006,0.0004856201964252801,0.00051615167186875
2019-05-31,0.0043978989194916,0.003382697948591654,0.005412316717746646,0.0054973736493644995
2019-06-03,-0.00736065965851345,-0.005681337547955184,-0.009090140076728294,-0.009200824573141812
2019-06-04,-0.00030995223234655,-0.0002421237119303047,-0.0003873979390884876,-0.0003874402904331875
2019-06-05,-0.00314411728749155,-0.002567056885118515,-0.003930146609364438,-0.003930146609364438
2019-06-06,0.0014385200942171,0.00116868102729319,0.001798150117771375,0.001798150117771375
2019-06-07,-0.0063696370268256,-0.005184758717609432,-0.007962046283532,-0.007962046283532
2019-06-10,-0.013253407055934049,-0.01058909687545803,-0.016566758819917562,-0.016566758819917562
2019-06-11,0.0005596594830452001,0.00042194890578212634,0.0006751182492514021,0.0006995743538065001
2019-06-12,0.0030499553175944,0.0022984478276148568,0.0036775165241837715,0.003812444146993
2019-06-13,-0.0024054405157538502,-0.001803131137433577,-0.0028850098198937232,-0.003006800644692313
2019-06-14,-0.0046539641028372,-0.0034825819836461014,-0.005572131173833763,-0.0058174551285465
2019-06-17,0.0025804485085831504,0.001916056488954148,0.0030656903823266368,0.003225560635728938
2019-06-18,-0.0054963319708518,-0.004064922073381614,-0.0065038753174105806,-0.006870414963564751
2019-06-19,0.0032927709813422,0.0024092490608807146,0.003854798497409144,0.00411596372667775
2019-06-20,0.00092691578174055,0.0006741142244442561,0.0010785827591108096,0.0011586447271756874
2019-06-21,-0.0004828068853265,-0.00035087002355522085,-0.0005613920376883533,-0.000603508606658125
2019-06-24,-0.0070426119997024,-0.005118560372253921,-0.008189696595606272,-0.008803264999628
2019-06-25,0.0057095801044068,0.004077838078739342,0.006524540925982947,0.0071369751305085
2019-06-26,-0.00154114882012565,-0.0010836715659099908,-0.0017338745054559853,-0.0019264360251570623
2019-06-27,0.0016108746652985,0.0011323421979617476,0.0018117475167387961,0.002013593331623125
2019-06-28,0.0017571807086072,0.0012331205354563363,0.001972992856730138,0.002196475885759
2019-07-01,-0.00103154003666325,-0.0007225323460342566,-0.0011560517536548106,-0.0012894250458290624
2019-07-02,-0.00197484678334495,-0.0013832206811230565,-0.0022131530897968907,-0.0024685584791811874
2019-07-03,-0.000166344372073,-0.00011642327449235218,-0.00018627723918776347,-0.00020793046509125001
2019-07-05,-0.0003431702205247,-0.00024019611842341314,-0.00038431378947746106,-0.000428962775655875
2019-07-08,0.0,0.0,0.0,0.0
2019-07-09,0.0,0.0,0.0,0.0
2019-07-10,0.0,0.0,0.0,0.0
2019-07-11,0.0,0.0,0.0,0.0
2019-07-12,0.0,0.0,0.0,0.0
2019-07-15,0.002199929943223691,0.002749912429029614,0.002749912429029614,0.002749912429029614
2019-07-16,5.489682689968249e-05,6.862103362460312e-05,6.862103362460312e-05,6.862103362460312e-05
2019-07-17,0.00045751202909649413,0.0005718900363706177,0.0005718900363706177,0.0005718900363706177
2019-07-18,-0.0008256070917380753,-0.001032008864672594,-0.001032008864672594,-0.001032008864672594
2019-07-19,9.569499121820067e-05,0.00011961873902275084,0.00011961873902275084,0.00011961873902275084
2019-07-22,-0.0010260290246393673,-0.001282536280799209,-0.001282536280799209,-0.001282536280799209
2019-07-23,0.0008726718132354496,0.0010908397665443119,0.0010908397665443119,0.0010908397665443119
2019-07-24,0.004881933243983218,0.006102416554979022,0.006102416554979022,0.006102416554979022
2019-07-25,-0.001097792849501834,-0.0013722410618772925,-0.0013722410618772925,-0.0013722410618772925
2019-07-26,0.0001474498625546498,0.00018431232819331224,0.00018431232819331224,0.00018431232819331224
2019-07-29,-0.0022212210468760285,-0.0027765263085950355,-0.0027765263085950355,-0.0027765263085950355
2019-07-30,-0.001828846040416528,-0.00228605755052066,-0.00228605755052066,-0.00228605755052066
2019-07-31,-0.005150797126116772,-0.006438496407645965,-0.006438496407645965,-0.006438496407645965
2019-08-01,-0.003918123903156974,-0.0048976548789462174,-0.0048976548789462174,-0.0048976548789462174
2019-08-02,0.001680531296909259,0.0021006641211365738,0.0021006641211365738,0.0021006641211365738
2019-08-05,0.0011460841933397564,0.0014326052416746954,0.0014326052416746954,0.0014326052416746954
2019-08-06,-0.0026811787255931175,-0.003351473406991397,-0.003351473406991397,-0.003351473406991397
2019-08-07,-0.002223464473116246,-0.0027793305913953073,-0.0027793305913953073,-0.0027793305913953073
2019-08-08,-0.0010784328663051047,-0.001348041082881381,-0.001348041082881381,-0.001348041082881381
2019-08-09,0.0011683533059380026,0.0014604416324225033,0.0014604416324225033,0.0014604416324225033
2019-08-12,0.0008062051308168391,0.0010077564135210488,0.0010077564135210488,0.0010077564135210488
2019-08-13,-0.0008844187322700243,-0.0011055234153375304,-0.0011055234153375304,-0.0011055234153375304
2019-08-14,0.0006541792583121648,0.000817724072890206,0.000817724072890206,0.000817724072890206
2019-08-15,0.0006137230663410385,0.0007671538329262982,0.0007671538329262982,0.0007671538329262982
2019-08-16,-0.0020941133865448624,-0.002617641733181078,-0.002617641733181078,-0.002617641733181078
2019-08-19,-0.0015213419939447573,-0.0019016774924309466,-0.0019016774924309466,-0.0019016774924309466
2019-08-20,0.0008551135159659007,0.0010688918949573758,0.0010688918949573758,0.0010688918949573758
2019-08-21,-0.0012353559153224158,-0.0015441948941530197,-0.0015441948941530197,-0.0015441948941530197
2019-08-22,0.0006713061737836299,0.0008391327172295374,0.0008391327172295374,0.0008391327172295374
2019-08-23,-8.772886809419645e-06,-1.0966108511774556e-05,-1.0966108511774556e-05,-1.0966108511774556e-05
2019-08-26,-0.0009983246753873147,-0.0012479058442341434,-0.0012479058442341434,-0.0012479058442341434
2019-08-27,-0.0016771182980346775,-0.002096397872543347,-0.002096397872543347,-0.002096397872543347
2019-08-28,0.0031076308809339015,0.003884538601167377,0.003884538601167377,0.003884538601167377
2019-08-29,0.0005529918816523285,0.0006912398520654106,0.0006912398520654106,0.0006912398520654106
2019-08-30,0.0005620236842664508,0.0007025296053330635,0.0007025296053330635,0.0007025296053330635
2019-09-03,-0.0029527469206433125,-0.0036909336508041406,-0.0036909336508041406,-0.0036909336508041406
2019-09-04,-0.003126744143467274,-0.003908430179334093,-0.003908430179334093,-0.003908430179334093
2019-09-05,-0.00041817992256738666,-0.0005227249032092333,-0.0005227249032092333,-0.0005227249032092333
2019-09-06,-0.0013639345500647642,-0.0017049181875809553,-0.0017049181875809553,-0.0017049181875809553
2019-09-09,0.007475733393255047,0.009344666741568808,0.009344666741568808,0.009344666741568808
2019-09-10,0.002822431263098399,0.003528039078872999,0.003528039078872999,0.003528039078872999
2019-09-11,0.00398322550575873,0.0049790318821984125,0.0049790318821984125,0.0049790318821984125
2019-09-12,-0.0026428464205112954,-0.003303558025639119,-0.003303558025639119,-0.003303558025639119
2019-09-13,0.004712602759927885,0.005890753449909856,0.005890753449909856,0.005890753449909856
2019-09-16,-0.0014109232612196136,-0.0017636540765245169,-0.0017636540765245169,-0.0017636540765245169
2019-09-17,0.00012630483414226312,0.0001578810426778289,0.0001578810426778289,0.0001578810426778289
2019-09-18,-4.2658572999595794e-07,-5.332321624949474e-07,-5.332321624949474e-07,-5.332321624949474e-07
2019-09-19,0.004611917915069987,0.005764897393837483,0.005764897393837483,0.005764897393837483
2019-09-20,-0.002158791825742352,-0.0026984897821779397,-0.0026984897821779397,-0.0026984897821779397
2019-09-23,-0.0002723163020243498,-0.00034039537753043726,-0.00034039537753043726,-0.00034039537753043726
2019-09-24,-0.00020557252103066133,-0.00025696565128832666,-0.00025696565128832666,-0.00025696565128832666
2019-09-25,-0.00023611803970934354,-0.00029514754963667943,-0.00029514754963667943,-0.00029514754963667943
2019-09-26,0.0,0.0,0.0,0.0
2019-09-27,0.0,0.0,0.0,0.0
2019-09-30,0.0,0.0,0.0,0.0
2019-10-01,0.0002010564249545575,0.0002513205311931969,0.0002513205311931969,0.0002513205311931969
2019-10-02,2.425961125960867e-06,3.032451407451084e-06,3.032451407451084e-06,3.032451407451084e-06
2019-10-03,0.0018213986961578034,0.0022767483701972542,0.0022767483701972542,0.0022767483701972542
2019-10-04,0.0,0.0,0.0,0.0
2019-10-07,0.0,0.0,0.0,0.0
2019-10-08,0.0,0.0,0.0,0.0
2019-10-09,0.0,0.0,0.0,0.0
2019-10-10,0.0,0.0,0.0,0.0
2019-10-11,0.0,0.0,0.0,0.0
2019-10-14,0.0,0.0,0.0,0.0
2019-10-15,0.0,0.0,0.0,0.0
2019-10-16,0.0,0.0,0.0,0.0
2019-10-17,0.0,0.0,0.0,0.0
2019-10-18,0.0,0.0,0.0,0.0
2019-10-21,0.0,0.0,0.0,0.0
2019-10-22,0.0,0.0,0.0,0.0
2019-10-23,0.002987750831022,0.002686833454219244,0.0037346885387775,0.0037346885387775
2019-10-24,0.008638841609156,0.007745185676172539,0.010798552011444999,0.010798552011444999
2019-10-25,-0.00802842649550585,-0.006933816480477413,-0.010035533119382312,-0.010035533119382312
2019-10-28,-0.0018631087680640998,-0.0015512302977298503,-0.002328885960080125,-0.002328885960080125
2019-10-29,-0.0001522268543827,-0.00012710011984946382,-0.000190283567978375,-0.000190283567978375
2019-10-30,-0.002525871501288,-0.00211200254849559,-0.00315733937661,-0.00315733937661
2019-10-31,0.0019262384504523,0.0016413741938003702,0.002407798063065375,0.002407798063065375
2019-11-01,-0.00791363708707735,-0.006897461303316332,-0.009892046358846687,-0.009892046358846687
2019-11-04,-0.00196029073880055,-0.0016541447161232243,-0.0024503634235006878,-0.0024503634235006878
2019-11-05,-0.0075997966319102505,-0.006785544391514415,-0.009499745789887814,-0.009499745789887814
2019-11-06,-0.0019597780223256,-0.0017036676927448921,-0.002449722527907,-0.002449722527907
2019-11-07,0.004298898599180649,0.0038974184667355713,0.0053736232489758114,0.0053736232489758114
2019-11-08,-0.00313181590462865,-0.0028304094673831572,-0.003914769880785813,-0.003914769880785813
2019-11-11,0.00304057782877825,0.002732783785696517,0.0038007222859728126,0.0038007222859728126
2019-11-12,-2.6486799165800014e-05,-2.3664209993650333e-05,-3.310849895725002e-05,-3.310849895725002e-05
2019-11-13,0.00403838824613515,0.003615569600460859,0.005047985307668938,0.005047985307668938
2019-11-14,0.00213831480642375,0.0018962164297882643,0.0026728935080296873,0.0026728935080296873
2019-11-15,0.0022484530026062,0.0020001764033354547,0.0028105662532577503,0.0028105662532577503
2019-11-18,0.0047902476653377,0.0043932618191958785,0.005987809581672125,0.005987809581672125
2019-11-19,0.00063458929592845,0.0005736784393044642,0.0007932366199105625,0.0007932366199105625
2019-11-20,0.00057904712090555,0.0005253916387172142,0.0007238089011319375,0.0007238089011319375
2019-11-21,-0.0005,-0.00045386177313628113,-0.000625,-0.000625
2019-11-22,0.0,0.0,0.0,0.0
2019-11-25,0.0,0.0,0.0,0.0
2019-11-26,0.0,0.0,0.0,0.0
2019-11-27,0.0,0.0,0.0,0.0
2019-11-29,0.0,0.0,0.0,0.0
2019-12-02,0.0,0.0,0.0,0.0
2019-12-03,0.0,0.0,0.0,0.0
2019-12-04,0.0,0.0,0.0,0.0
2019-12-05,0.00311479591827445,0.0028538331555466295,0.0038934948978430624,0.0038934948978430624
2019-12-06,-0.00244858711960995,-0.002229766980986845,-0.003060733899512437,-0.003060733899512437
2019-12-09,-0.0005899630141843,-0.0005349569460785548,-0.000737453767730375,-0.000737453767730375
2019-12-10,0.0010335271074722,0.0009369005743748351,0.00129190888434025,0.00129190888434025
2019-12-11,0.0003471242922047,0.00036882080970788083,0.00043390536525587497,0.00043390536525587497
2019-12-12,0.0032082312253286,0.003488446618646344,0.004010289031660751,0.004010289031660751
2019-12-13,-0.00148906336312755,-0.0016058964098433757,-0.0018613292039094376,-0.0018613292039094376
2019-12-16,-0.0018182547318275,-0.001956670683378993,-0.002272818414784375,-0.002272818414784375
2019-12-17,0.00200866368342025,0.0021609115109204706,0.0025108296042753125,0.0025108296042753125
2019-12-18,-0.0026196966699347,-0.0028117804634473975,-0.003274620837418375,-0.003274620837418375
2019-12-19,0.00250796537055665,0.002685973913543773,0.0031349567131958127,0.0031349567131958127
2019-12-20,-0.0004375772591804,-0.0004867961008528799,-0.0005469715739755,-0.0005469715739755
2019-12-23,-0.00070784161917945,-0.0007870818150161046,-0.0008848020239743124,-0.0008848020239743124
2019-12-24,0.0007666319388892,0.0008522986784331684,0.0009582899236115001,0.0009582899236115001
2019-12-26,5.78552881275e-05,6.434626197380655e-05,7.2319110159375e-05,7.2319110159375e-05
2019-12-27,0.00064546064082235,0.0007379877373340959,0.0008068258010279375,0.0008068258010279375
2019-12-30,-0.0008518570145268,-0.0009790105529734713,-0.0010648212681585,-0.0010648212681585
2019-12-31,0.00110514918734175,0.0013014691216031138,0.0013814364841771873,0.0013814364841771873
2020-01-02,0.00395948470828185,0.004684124606202317,0.004949355885352312,0.004949355885352312
2020-01-03,-0.0005,-0.0005919698020025679,-0.000625,-0.000625
2020-01-06,0.0,0.0,0.0,0.0
2020-01-07,0.0,0.0,0.0,0.0
2020-01-08,0.00110524357591116,0.0012966835112345296,0.00138155446988895,0.00138155446988895
2020-01-09,-0.001758660660617385,-0.0021090634378411865,-0.0021983258257717315,-0.0021983258257717315
2020-01-10,-0.00055796165253465,-0.0006656591315907717,-0.0006974520656683125,-0.0006974520656683125
2020-01-13,-0.000424001871445495,-0.0005053389320844371,-0.0005300023393068687,-0.0005300023393068687
2020-01-14,0.001076267877627215,0.0013031213136100546,0.0013453348470340186,0.0013453348470340186
2020-01-15,-0.00290744708565234,-0.0035308180822191527,-0.003634308857065425,-0.003634308857065425
2020-01-16,0.0019505515302378348,0.0023684218588392123,0.0024381894127972936,0.0024381894127972936
2020-01-17,0.0002317181752385846,0.00028063900337008476,0.00028964771904823076,0.00028964771904823076
2020-01-21,-0.0034133001495359897,-0.004134885454386467,-0.004266625186919987,-0.004266625186919987
2020-01-22,-0.000688677946538855,-0.0008207102787684739,-0.0008608474331735687,-0.0008608474331735687
2020-01-23,0.00465285813556032,0.005546954718863027,0.0058160726694504,0.0058160726694504
2020-01-24,-0.00279370560475816,-0.0032824124700659096,-0.0034921320059477,-0.0034921320059477
2020-01-27,-0.0045649921480115044,-0.00570624018501438,-0.00570624018501438,-0.00570624018501438
2020-01-28,0.0014121766726578455,0.0017652208408223068,0.0017652208408223068,0.0017652208408223068
2020-01-29,-0.002433249667437465,-0.003041562084296831,-0.003041562084296831,-0.003041562084296831
2020-01-30,0.016377757877510918,0.020472197346888647,0.020472197346888647,0.020472197346888647
2020-01-31,0.00282226660800334,0.003220823380270869,0.0035278332600041746,0.0035278332600041746
2020-02-03,0.0006680331765316347,0.0007652083902737559,0.0008350414706645435,0.0008350414706645435
2020-02-04,0.0001070746755891497,0.00012276175462056158,0.00013384334448643712,0.00013384334448643712
2020-02-05,0.005511791184849041,0.006331600372624544,0.006889738981061301,0.006889738981061301
2020-02-06,0.0010480192564074602,0.0012199987879471838,0.0013100240705093253,0.0013100240705093253
2020-02-07,0.00014259255558002012,0.00016844251768305908,0.00017824069447502515,0.00017824069447502515
2020-02-10,-0.002977225105333375,-0.0035184159865243336,-0.0037215313816667183,-0.0037215313816667183
2020-02-11,0.0016442676048716398,0.0019197540617922474,0.00205533450608955,0.00205533450608955
2020-02-12,-0.00270643894402223,-0.003215725070754395,-0.0033830486800277876,-0.0033830486800277876
2020-02-13,-0.0007564575327984601,-0.0008891042055876535,-0.0009455719159980751,-0.0009455719159980751
2020-02-14,-0.0012747660217770902,-0.0015010885742630935,-0.0015934575272213629,-0.0015934575272213629
2020-02-18,-0.00179085259612323,-0.002102482565452818,-0.0022385657451540375,-0.0022385657451540375
2020-02-19,0.0021469384535188203,0.0025080635400447295,0.0026836730668985255,0.0026836730668985255
2020-02-20,-0.00013276271443518002,-0.00015474387452085373,-0.000165953393043975,-0.000165953393043975
2020-02-21,0.0012505266109967101,0.0014763597429031682,0.0015631582637458876,0.0015631582637458876
2020-02-24,0.0007849690122469501,0.0009262084439860009,0.0009812112653086876,0.0009812112653086876
2020-02-25,-0.0029692468088333705,-0.003503131946719647,-0.003711558511041713,-0.003711558511041713
2020-02-26,-0.005738926276779094,-0.006691667298106969,-0.007173657845973867,-0.007173657845973867
2020-02-27,0.00037167588460618005,0.0004174499267633486,0.0004645948557577251,0.0004645948557577251
2020-02-28,0.007470758789186245,0.008390933012110292,0.009338448486482806,0.009338448486482806
2020-03-02,-0.00024464845381832003,-0.00026144117968674433,-0.00030581056727290004,-0.00030581056727290004
2020-03-03,-2.131815748953597e-05,-2.277691294107985e-05,-2.6647696861919963e-05,-2.6647696861919963e-05
2020-03-04,-0.00028498294418285997,-0.0003044797875421377,-0.00035622868022857496,-0.00035622868022857496
2020-03-05,-0.002001597598862925,-0.002138022790231687,-0.002501996998578656,-0.002501996998578656
2020-03-06,0.0036712624911644496,0.003902985394210541,0.004589078113955562,0.004589078113955562
2020-03-09,-0.009436338124971484,-0.009965234034015006,-0.011795422656214354,-0.011795422656214354
2020-03-10,0.008392048443239439,0.008223800696082029,0.010490060554049298,0.010490060554049298
2020-03-11,0.007654656334631775,0.007145919535111541,0.009568320418289719,0.009568320418289719
2020-03-12,-0.0033751231261162796,-0.0030408267303529096,-0.004218903907645349,-0.004218903907645349
2020-03-13,0.005309215165290225,0.004740507018742643,0.006636518956612781,0.006636518956612781
2020-03-16,0.0023197546703892756,0.0020411059821404086,0.0028996933379865945,0.0028996933379865945
2020-03-17,-0.007868876512018088,-0.0069084417833848505,-0.00983609564002261,-0.00983609564002261
2020-03-18,-0.0026195212199864957,-0.0022090932179751814,-0.0032744015249831196,-0.0032744015249831196
2020-03-19,-0.01270481291967365,-0.01070267117386746,-0.015881016149592062,-0.015881016149592062
2020-03-20,-0.010383990087847714,-0.00803770954995277,-0.012860335279924431,-0.012979987609809642
2020-03-23,0.012231442751952579,0.009018120616348137,0.014428992986157019,0.015289303439940723
2020-03-24,0.00800723733150202,0.005553271819914043,0.008885234911862468,0.010009046664377526
2020-03-25,0.002755280674175264,0.0018677314584841446,0.002988370333574631,0.0034441008427190797
2020-03-26,0.015389324814184452,0.010407532467985339,0.01665205194877654,0.019236656017730565
2020-03-27,0.0032317345280863954,0.0020251412514864374,0.0032402260023782995,0.004039668160107994
2020-03-30,-0.0092399583399509,-0.005776761775202842,-0.009242818840324548,-0.011549947924938625
2020-03-31,0.0009840077379716502,0.000598003973205968,0.0009568063571295488,0.001196007946411936
2020-04-01,0.0052603336104534515,0.0031969695633039777,0.005115151301286364,0.006393939126607955
2020-04-02,-0.004788269563716446,-0.0028905029555359742,-0.004624804728857558,-0.0057810059110719484
2020-04-03,-0.012390315706866075,-0.007426444289906609,-0.011882310863850573,-0.014852888579813218
2020-04-06,0.0,0.0,0.0,0.0
2020-04-07,0.0,0.0,0.0,0.0
2020-04-08,0.0,0.0,0.0,0.0
2020-04-09,0.0,0.0,0.0,0.0
2020-04-13,0.0,0.0,0.0,0.0
2020-04-14,0.0,0.0,0.0,0.0
2020-04-15,0.0,0.0,0.0,0.0
2020-04-16,0.0,0.0,0.0,0.0
2020-04-17,0.0,0.0,0.0,0.0
2020-04-20,0.0,0.0,0.0,0.0
2020-04-21,0.0,0.0,0.0,0.0
2020-04-22,0.0,0.0,0.0,0.0
2020-04-23,0.0,0.0,0.0,0.0
2020-04-24,0.0,0.0,0.0,0.0
2020-04-27,0.0,0.0,0.0,0.0
2020-04-28,0.0,0.0,0.0,0.0
2020-04-29,0.0,0.0,0.0,0.0
2020-04-30,0.0,0.0,0.0,0.0
2020-05-01,0.0,0.0,0.0,0.0
2020-05-04,0.0,0.0,0.0,0.0
2020-05-05,0.0,0.0,0.0,0.0
2020-05-06,0.0,0.0,0.0,0.0
2020-05-07,0.0,0.0,0.0,0.0
2020-05-08,0.0,0.0,0.0,0.0
2020-05-11,0.0,0.0,0.0,0.0
2020-05-12,0.0,0.0,0.0,0.0
2020-05-13,0.0,0.0,0.0,0.0
2020-05-14,0.0,0.0,0.0,0.0
2020-05-15,0.0,0.0,0.0,0.0
2020-05-18,0.0,0.0,0.0,0.0
2020-05-19,-0.00032323954934019,-0.00022628603530403264,-0.00036205765648645216,-0.0004040494366752375
2020-05-20,-5.07470170529e-05,-3.552729393750298e-05,-5.684367030000476e-05,-6.3433771316125e-05
2020-05-21,0.00039548296832355497,0.00027676739443813854,0.0004428278311010216,0.0004943537104044437
2020-05-22,0.00010925294547279,7.651869152355329e-05,0.00012242990643768526,0.0001365661818409875
2020-05-26,0.00022483399175684998,0.00015761918090477148,0.00025219068944763436,0.00028104248969606246
2020-05-27,-0.00013110546744309,-9.194710424721854e-05,-0.00014711536679554968,-0.00016388183430386249
2020-05-28,0.0001583545566687,0.00011105356199686663,0.0001776856991949866,0.00019794319583587498
2020-05-29,-0.00041343086693464495,-0.00029113435753784316,-0.000465814972060549,-0.0005167885836683062
2020-06-01,1.1698463155422057e-05,8.231070973619973e-06,1.3169713557791956e-05,1.4623078944277572e-05
2020-06-02,8.940758187063499e-05,6.363929487294552e-05,0.00010182287179671283,0.00011175947733829374
2020-06-03,-0.000174151923956815,-0.0001239314763368192,-0.00019829036213891068,-0.00021768990494601875
2020-06-04,0.00010438701036550499,7.434074166829054e-05,0.00011894518666926488,0.00013048376295688124
2020-06-05,-4.0885268743164996e-05,-2.999593068779774e-05,-4.799348910047638e-05,-5.110658592895624e-05
2020-06-08,0.000438310911380545,0.0003224309672368516,0.0005158895475789625,0.0005478886392256812
2020-06-09,-0.00012619273002532,-9.408613198773508e-05,-0.00015053781118037614,-0.00015774091253164998
2020-06-10,-6.509440582634499e-05,-5.118415311065875e-05,-8.136800728293124e-05,-8.136800728293124e-05
2020-06-11,-0.00015626099080865,-0.000125481584554656,-0.0001953262385108125,-0.0001953262385108125
2020-06-12,-0.0032319070789782133,-0.002802378223752433,-0.004039883848722767,-0.004039883848722767
2020-06-15,-0.0013495394391240343,-0.0012333802002089777,-0.0016869242989050429,-0.0016869242989050429
2020-06-16,0.0017454705974364309,0.0015955106829079202,0.0021818382467955386,0.0021818382467955386
2020-06-17,-0.0015221477090022236,-0.0015251080560254322,-0.0019026846362527796,-0.0019026846362527796
2020-06-18,-0.0034822104490330906,-0.003532333021828396,-0.004352763061291363,-0.004352763061291363
2020-06-19,4.29001536568197e-05,4.5646804352162414e-05,5.362519207102463e-05,5.362519207102463e-05
2020-06-22,8.583306068246817e-05,9.25204265402561e-05,0.00010729132585308521,0.00010729132585308521
2020-06-23,0.00130213314055704,0.0014037352783115558,0.0016276664256963,0.0016276664256963
2020-06-24,-0.0021792513593204346,-0.0027240641991505433,-0.0027240641991505433,-0.0027240641991505433
2020-06-25,0.0007432250447713619,0.0009290313059642024,0.0009290313059642024,0.0009290313059642024
2020-06-26,0.0016739945067015352,0.002092493133376919,0.002092493133376919,0.002092493133376919
2020-06-29,-0.0009155258301691261,-0.0011444072877114077,-0.0011444072877114077,-0.0011444072877114077
2020-06-30,0.001818248082653255,0.002272810103316569,0.002272810103316569,0.002272810103316569
2020-07-01,-2.326762553155851e-05,-2.9084531914448137e-05,-2.9084531914448137e-05,-2.9084531914448137e-05
2020-07-02,-0.0003790296938973811,-0.00047378711737172636,-0.00047378711737172636,-0.00047378711737172636
2020-07-06,0.0019936093611597665,0.002492011701449708,0.002492011701449708,0.002492011701449708
2020-07-07,0.0,0.0,0.0,0.0
2020-07-08,0.0,0.0,0.0,0.0
2020-07-09,0.0,0.0,0.0,0.0
2020-07-10,0.0,0.0,0.0,0.0
2020-07-13,0.0,0.0,0.0,0.0
2020-07-14,0.0,0.0,0.0,0.0
2020-07-15,0.0,0.0,0.0,0.0
2020-07-16,0.002593005236094134,0.0032412565451176677,0.0032412565451176677,0.0032412565451176677
2020-07-17,0.0016362697737154445,0.0020453372171443055,0.0020453372171443055,0.0020453372171443055
2020-07-20,-0.0040472822729813555,-0.005059102841226694,-0.005059102841226694,-0.005059102841226694
2020-07-21,0.0005665659412631024,0.0006954119011604694,0.000708207426578878,0.000708207426578878
2020-07-22,-0.0014559271728329937,-0.0017868797690032457,-0.001819908966041242,-0.001819908966041242
2020-07-23,0.0019111103033460643,0.0023888878791825806,0.0023888878791825806,0.0023888878791825806
2020-07-24,0.0009655659044446115,0.0012069573805557642,0.0012069573805557642,0.0012069573805557642
2020-07-27,0.005054790718528663,0.006318488398160829,0.006318488398160829,0.006318488398160829
2020-07-28,0.0008637712928768677,0.0010656805748680098,0.0010797141160960846,0.0010797141160960846
2020-07-29,0.0008209401796058784,0.0010261752245073479,0.0010261752245073479,0.0010261752245073479
2020-07-30,-0.0014727293887226527,-0.001840911735903316,-0.001840911735903316,-0.001840911735903316
2020-07-31,0.0012220186027899545,0.001527523253487443,0.001527523253487443,0.001527523253487443
2020-08-03,-0.0015692019139717068,-0.0019615023924646337,-0.0019615023924646337,-0.0019615023924646337
2020-08-04,-0.002505537954118186,-0.0031208766056199985,-0.0031319224426477324,-0.0031319224426477324
2020-08-05,-0.0019399317606076383,-0.0023912731022854936,-0.002424914700759548,-0.002424914700759548
2020-08-06,0.0023371251265069766,0.0028623394016443413,0.002921406408133721,0.002921406408133721
2020-08-07,0.005857976998121394,0.00714412214976558,0.007322471247651742,0.007322471247651742
2020-08-10,0.006721115117259284,0.00793006726049087,0.008401393896574105,0.008401393896574105
2020-08-11,-0.004788656546004887,-0.0054282367407026974,-0.005985820682506108,-0.005985820682506108
2020-08-12,-0.0021301266949708586,-0.0023466428355530668,-0.002662658368713573,-0.002662658368713573
2020-08-13,-0.0008633868642320209,-0.0009449080349814962,-0.001079233580290026,-0.001079233580290026
2020-08-14,-0.0007862147600141165,-0.0008591083814574488,-0.0009827684500176455,-0.0009827684500176455
2020-08-17,0.0016556334439963554,0.0018067148128769763,0.0020695418049954443,0.0020695418049954443
2020-08-18,0.0037624650836665836,0.004101641650223813,0.0047030813545832295,0.0047030813545832295
2020-08-19,0.001106599342408829,0.001195021958164465,0.001383249178011036,0.001383249178011036
2020-08-20,-0.0009788273503674781,-0.0010571157554694216,-0.0012235341879593476,-0.0012235341879593476
2020-08-21,0.0025951759170100247,0.0027972387409139644,0.003243969896262531,0.003243969896262531
2020-08-24,-0.0021387628343407777,-0.0022975885618627878,-0.002673453542925972,-0.002673453542925972
2020-08-25,-0.000734872832821075,-0.0007842751032725042,-0.0009185910410263438,-0.0009185910410263438
2020-08-26,-0.0012647436908178877,-0.0013480530214640594,-0.0015809296135223597,-0.0015809296135223597
2020-08-27,0.0006545513276279646,0.0006956930153936894,0.0008181891595349558,0.0008181891595349558
2020-08-28,0.0019505720496374704,0.0020864590898417978,0.002438215062046838,0.002438215062046838
2020-08-31,0.00016435423952657375,0.00017601619424324196,0.00020544279940821718,0.00020544279940821718
2020-09-01,0.0007826688254335786,0.0008403527115904278,0.0009783360317919734,0.0009783360317919734
2020-09-02,-0.00016313837960958263,-0.00019815563266357844,-0.0002039229745119783,-0.0002039229745119783
2020-09-03,0.0,0.0,0.0,0.0
2020-09-04,-0.004883874888301444,-0.005939492887661069,-0.006104843610376805,-0.006104843610376805
2020-09-08,-0.00022950822797127425,-0.00026930516556002734,-0.0002868852849640928,-0.0002868852849640928
2020-09-09,0.003952442575801717,0.004940553219752146,0.004940553219752146,0.004940553219752146
2020-09-10,-0.0020318966429272757,-0.0025398708036590946,-0.0025398708036590946,-0.0025398708036590946
2020-09-11,-0.002920010550587387,-0.003650013188234234,-0.003650013188234234,-0.003650013188234234
2020-09-14,0.000847025906047276,0.001058782382559095,0.001058782382559095,0.001058782382559095
2020-09-15,0.002771633309413917,0.0034645416367673964,0.0034645416367673964,0.0034645416367673964
2020-09-16,-0.0029012160971401335,-0.003626520121425167,-0.003626520121425167,-0.003626520121425167
2020-09-17,-0.0011237138130447443,-0.0014046422663059304,-0.0014046422663059304,-0.0014046422663059304
2020-09-18,-0.0029284813731314686,-0.0036606017164143357,-0.0036606017164143357,-0.0036606017164143357
2020-09-21,0.0022025862759960674,0.0027532328449950843,0.0027532328449950843,0.0027532328449950843
2020-09-22,0.0019873048130544854,0.0024841310163181067,0.0024841310163181067,0.0024841310163181067
2020-09-23,-0.0023251557873103386,-0.0029064447341379234,-0.0029064447341379234,-0.0029064447341379234
2020-09-24,0.003682165709630391,0.004602707137037989,0.004602707137037989,0.004602707137037989
2020-09-25,0.00043868474692717024,0.0005483559336589628,0.0005483559336589628,0.0005483559336589628
2020-09-28,-0.0004714928722062894,-0.0005893660902578618,-0.0005893660902578618,-0.0005893660902578618
2020-09-29,0.0009099473738581677,0.0011374342173227096,0.0011374342173227096,0.0011374342173227096
2020-09-30,-0.004466998969880998,-0.005583748712351248,-0.005583748712351248,-0.005583748712351248
2020-10-01,-0.005907276815747957,-0.007384096019684947,-0.007384096019684947,-0.007384096019684947
2020-10-02,0.0006447652513015217,0.0008059565641269021,0.0008059565641269021,0.0008059565641269021
2020-10-05,0.0,0.0,0.0,0.0
2020-10-06,0.0,0.0,0.0,0.0
2020-10-07,0.0,0.0,0.0,0.0
2020-10-08,0.0,0.0,0.0,0.0
2020-10-09,0.0,0.0,0.0,0.0
2020-10-12,0.0,0.0,0.0,0.0
2020-10-13,0.0,0.0,0.0,0.0
2020-10-14,0.0,0.0,0.0,0.0
2020-10-15,0.0,0.0,0.0,0.0
2020-10-16,0.0,0.0,0.0,0.0
2020-10-19,0.0,0.0,0.0,0.0
2020-10-20,0.0,0.0,0.0,0.0
2020-10-21,0.0,0.0,0.0,0.0
2020-10-22,0.0,0.0,0.0,0.0
2020-10-23,0.0,0.0,0.0,0.0
2020-10-26,-0.0027147140223761,-0.0029383828259344344,-0.0033933925279701254,-0.0033933925279701254
2020-10-27,0.0073339856056029,0.007871103211180088,0.009167482007003624,0.009167482007003624
2020-10-28,-0.0091897739674652,-0.009488595683077665,-0.011487217459331501,-0.011487217459331501
2020-10-29,-0.0095576490054518,-0.010320256206638227,-0.01194706125681475,-0.01194706125681475
2020-10-30,0.0026402417331202,0.002863590768729381,0.00330030216640025,0.00330030216640025
2020-11-02,-0.0072343138423125,-0.007994994187619444,-0.009042892302890626,-0.009042892302890626
2020-11-03,-0.0025443408884727,-0.002695265232346144,-0.003180426110590875,-0.003180426110590875
2020-11-04,0.0011426348932588,0.0012977335426824874,0.0014282936165735001,0.0014282936165735001
2020-11-05,0.0029893546946982,0.003449382540277659,0.00373669336837275,0.00373669336837275
2020-11-06,-0.0063908318820535,-0.007427480333619881,-0.007988539852566876,-0.007988539852566876
2020-11-09,0.0040967622112114,0.004894344393673541,0.00512095276401425,0.00512095276401425
2020-11-10,-0.0142690354466401,-0.0172329008954066,-0.017836294308300124,-0.017836294308300124
2020-11-11,-0.00159800785229,-0.0016220649927966974,-0.0019975098153625004,-0.0019975098153625004
2020-11-12,0.0052356216620429,0.0053144561880993126,0.006544527077553625,0.006544527077553625
2020-11-13,0.0032612477632778,0.003263865286419352,0.00407655970409725,0.00407655970409725
2020-11-16,-0.0052823570135796,-0.00525698632706448,-0.0066029462669745,-0.0066029462669745
2020-11-17,0.0065770353478893,0.0064679160244959675,0.008221294184861625,0.008221294184861625
2020-11-18,0.0068285005303361,0.006515351082687731,0.008535625662920125,0.008535625662920125
2020-11-19,-0.0020392484230256,-0.0018806395411050017,-0.0025490605287819997,-0.0025490605287819997
2020-11-20,-0.001,-0.0009203126896704845,-0.00125,-0.00125
2020-11-23,0.0,0.0,0.0,0.0
2020-11-24,0.0,0.0,0.0,0.0
2020-11-25,0.0,0.0,0.0,0.0
2020-11-27,0.0,0.0,0.0,0.0
2020-11-30,0.0,0.0,0.0,0.0
2020-12-01,0.0,0.0,0.0,0.0
2020-12-02,0.0,0.0,0.0,0.0
2020-12-03,0.0,0.0,0.0,0.0
2020-12-04,0.0,0.0,0.0,0.0
2020-12-07,0.0,0.0,0.0,0.0
2020-12-08,0.0,0.0,0.0,0.0
2020-12-09,0.0,0.0,0.0,0.0
2020-12-10,0.0,0.0,0.0,0.0
2020-12-11,0.0,0.0,0.0,0.0
2020-12-14,0.0,0.0,0.0,0.0
2020-12-15,0.0,0.0,0.0,0.0
2020-12-16,0.0,0.0,0.0,0.0
2020-12-17,0.0,0.0,0.0,0.0
2020-12-18,0.0,0.0,0.0,0.0
2020-12-21,0.0,0.0,0.0,0.0
2020-12-22,0.0,0.0,0.0,0.0
2020-12-23,0.0,0.0,0.0,0.0
2020-12-24,0.0,0.0,0.0,0.0
2020-12-28,0.0,0.0,0.0,0.0
2020-12-29,0.0,0.0,0.0,0.0
2020-12-30,0.0,0.0,0.0,0.0
2020-12-31,0.0,0.0,0.0,0.0
2021-01-04,0.0,0.0,0.0,0.0
2021-01-05,0.0,0.0,0.0,0.0
2021-01-06,0.0,0.0,0.0,0.0
2021-01-07,0.0,0.0,0.0,0.0
2021-01-08,0.0,0.0,0.0,0.0
2021-01-11,0.0,0.0,0.0,0.0
2021-01-12,0.0,0.0,0.0,0.0
2021-01-13,0.0,0.0,0.0,0.0
2021-01-14,0.0,0.0,0.0,0.0
2021-01-15,0.0,0.0,0.0,0.0
2021-01-19,0.0,0.0,0.0,0.0
2021-01-20,0.0007098277856722,0.0003885557486121463,0.000621689197779434,0.0007771114972242926
2021-01-21,-0.0020914728310064,-0.001144604921156889,-0.0018313678738510221,-0.002289209842313778
2021-01-22,0.0042183030814538,0.002306864739065742,0.0036909835825051866,0.004613729478131484
2021-01-25,0.0090900045196059,0.004947100808101294,0.007915361292962069,0.009894201616202587
2021-01-26,0.0001436000352033,7.660533860972102e-05,0.00012256854177555363,0.00015321067721944204
2021-01-27,0.0219379643320621,0.011831313556544725,0.018930101690471556,0.02366262711308945
2021-01-28,-0.0118758648629003,-0.005824925631661981,-0.00931988101065917,-0.011649851263323963
2021-01-29,-0.0009662522292204,-0.00046269240899268944,-0.0007403078543883031,-0.0009253848179853789
2021-02-01,0.0074860473201595,0.0037632257937566136,0.006021161270010583,0.007526451587513227
2021-02-02,0.0089250114141437,0.004436350349859766,0.007098160559775624,0.008872700699719531
2021-02-03,0.007134346363987,0.0034952448540631906,0.005592391766501104,0.006990489708126381
2021-02-04,0.0044071875450761,0.0021594127118039546,0.003455060338886327,0.004318825423607909
2021-02-05,-0.0050459395161286,-0.0025729615857059346,-0.004116738537129496,-0.005145923171411869
2021-02-08,-0.0107798197619718,-0.006003778956475159,-0.009606046330360253,-0.012007557912950318
2021-02-09,0.0012969504523391,0.0007134005925681803,0.0011414409481090885,0.0014268011851363606
2021-02-10,0.0011180933461416,0.0007342080184864922,0.0011747328295783875,0.0013976166826770002
2021-02-11,-0.006487424942863,-0.0044822749219256535,-0.007171639875081045,-0.00810928117857875
2021-02-12,-0.0056643209676637,-0.003864105344167977,-0.0061825685506687635,-0.0070804012095796245
2021-02-16,-0.0066498705488308,-0.0044974405405968235,-0.007195904864954917,-0.0083123381860385
2021-02-17,-0.001,-0.0006840557110603075,-0.001094489137696492,-0.00125
2021-02-18,0.0112540700324649,0.007770914082152248,0.012433462531443597,0.014067587540581124
2021-02-19,-0.007229083109594,-0.004820560609439918,-0.007712896975103868,-0.0090363538869925
2021-02-22,0.009342702279929,0.0062091391212794845,0.009934622594047175,0.01167837784991125
2021-02-23,-0.0103580554527996,-0.00679317429044691,-0.010869078864715057,-0.0129475693159995
2021-02-24,0.0050126928032739,0.003166372545387695,0.005066196072620312,0.006265866004092374
2021-02-25,0.0135734250588784,0.008515110367789009,0.013624176588462414,0.016966781323598
2021-02-26,-0.0074967454605643,-0.004468553571804018,-0.007149685714886429,-0.008937107143608037
2021-03-01,-0.0073114235562369,-0.004280635789009358,-0.006849017262414973,-0.008561271578018717
2021-03-02,0.0080769716746959,0.004653434482973391,0.007445495172757426,0.009306868965946782
2021-03-03,-0.0027197851423627,-0.0015432237120131605,-0.002469157939221057,-0.003086447424026321
2021-03-04,0.0072281979867707,0.004090870034423739,0.006545392055077983,0.008181740068847478
2021-03-05,0.0169878237324363,0.009505488285147799,0.015208781256236476,0.019010976570295598
2021-03-08,0.0070733159458272,0.0037187279515589894,0.005949964722494383,0.007437455903117979
2021-03-09,5.169463014800642e-05,2.6955352124791794e-05,4.312856339966687e-05,5.391070424958359e-05
2021-03-10,0.0069352357504253,0.0036163441780906517,0.005786150684945043,0.007232688356181303
2021-03-11,-0.0059130551621248,-0.0030606101516380724,-0.0048969762426209155,-0.006121220303276145
2021-03-12,-0.008109822245573,-0.004156127129272083,-0.006649803406835333,-0.008312254258544167
2021-03-15,0.0333259939281946,0.016797940220959293,0.02687670435353487,0.03359588044191859
2021-03-16,0.0053118760126081,0.002245430884676065,0.003592689415481704,0.00449086176935213
2021-03-17,-0.001,-0.00042191587944005667,-0.0006750654071040905,-0.0008438317588801133
2021-03-18,0.0,0.0,0.0,0.0
2021-03-19,0.0,0.0,0.0,0.0
2021-03-22,0.0,0.0,0.0,0.0
2021-03-23,0.0,0.0,0.0,0.0
2021-03-24,0.0,0.0,0.0,0.0
2021-03-25,0.0,0.0,0.0,0.0
2021-03-26,0.0,0.0,0.0,0.0
2021-03-29,0.0,0.0,0.0,0.0
2021-03-30,0.0,0.0,0.0,0.0
2021-03-31,0.0,0.0,0.0,0.0
2021-04-01,0.0,0.0,0.0,0.0
2021-04-05,0.0,0.0,0.0,0.0
2021-04-06,0.0,0.0,0.0,0.0
2021-04-07,0.0,0.0,0.0,0.0
2021-04-08,0.0,0.0,0.0,0.0
2021-04-09,0.0,0.0,0.0,0.0
2021-04-12,0.0,0.0,0.0,0.0
2021-04-13,0.0,0.0,0.0,0.0
2021-04-14,0.0,0.0,0.0,0.0
2021-04-15,0.0,0.0,0.0,0.0
2021-04-16,0.0,0.0,0.0,0.0
2021-04-19,0.0,0.0,0.0,0.0
2021-04-20,0.0,0.0,0.0,0.0
2021-04-21,0.0,0.0,0.0,0.0
2021-04-22,0.0,0.0,0.0,0.0
2021-04-23,0.0,0.0,0.0,0.0
2021-04-26,0.0025226297092067235,0.0028718315859363364,0.0031532871365084043,0.0031532871365084043
2021-04-27,-0.0002944869372139297,-0.00034055536830351104,-0.00036810867151741217,-0.00036810867151741217
2021-04-28,-0.0011419999309459472,-0.0013319184290956879,-0.001427499913682434,-0.001427499913682434
2021-04-29,0.0002727123547355914,0.0003180686831119446,0.0003408904434194893,0.0003408904434194893
2021-04-30,-0.002322729330602252,-0.002709145485582532,-0.0029034116632528154,-0.0029034116632528154
2021-05-03,-6.500611879819897e-05,-7.589218865727346e-05,-8.125764849774872e-05,-8.125764849774872e-05
2021-05-04,0.0026486413302667287,0.0031599383611364768,0.003310801662833411,0.003310801662833411
2021-05-05,0.0025397723768791902,0.0030229268386910003,0.0031747154710989878,0.0031747154710989878
2021-05-06,0.0035680794981867645,0.004298568961459159,0.004460099372733456,0.004460099372733456
2021-05-07,-0.0007488780311901666,-0.0008910439872159989,-0.0009360975389877082,-0.0009360975389877082
2021-05-10,-0.004491661491664932,-0.005614576864581165,-0.005614576864581165,-0.005614576864581165
2021-05-11,-0.0038209836048412327,-0.004675977210216627,-0.004776229506051541,-0.004776229506051541
2021-05-12,-0.00286543698120844,-0.0034454301489706377,-0.00358179622651055,-0.00358179622651055
2021-05-13,-0.0012660421693122094,-0.0015152543241408844,-0.0015825527116402618,-0.0015825527116402618
2021-05-14,0.0035791485908983987,0.004287391077257185,0.004473935738622998,0.004473935738622998
2021-05-17,-0.003275563327982679,-0.0038733196574345444,-0.004094454159978349,-0.004094454159978349
2021-05-18,0.0023347509581849593,0.002786439117103786,0.002918438697731199,0.002918438697731199
2021-05-19,4.7249667036079225e-05,5.6651597857541675e-05,5.906208379509903e-05,5.906208379509903e-05
2021-05-20,0.004688195626793396,0.005860244533491744,0.005860244533491744,0.005860244533491744
2021-05-21,-0.0009779009199086897,-0.001222376149885862,-0.001222376149885862,-0.001222376149885862
2021-05-24,-0.000907108914548715,-0.0011338861431858937,-0.0011338861431858937,-0.0011338861431858937
2021-05-25,0.0032434679946624096,0.004054334993328012,0.004054334993328012,0.004054334993328012
2021-05-26,-0.0022575927103655243,-0.0028219908879569054,-0.0028219908879569054,-0.0028219908879569054
2021-05-27,-0.0014132280066282842,-0.001766535008285355,-0.001766535008285355,-0.001766535008285355
2021-05-28,0.000402153685466253,0.0005026921068328163,0.0005026921068328163,0.0005026921068328163
2021-06-01,-0.0005216126653770219,-0.0006520158317212774,-0.0006520158317212774,-0.0006520158317212774
2021-06-02,-0.0033951475049192057,-0.004243934381149007,-0.004243934381149007,-0.004243934381149007
2021-06-03,-0.0001078819501897496,-0.000134852437737187,-0.000134852437737187,-0.000134852437737187
2021-06-04,-0.00026187862609757814,-0.0003273482826219727,-0.0003273482826219727,-0.0003273482826219727
2021-06-07,-0.0012225926562353167,-0.001528240820294146,-0.001528240820294146,-0.001528240820294146
2021-06-08,-0.0038937162566255006,-0.004867145320781876,-0.004867145320781876,-0.004867145320781876
2021-06-09,-0.0006009445064694064,-0.000751180633086758,-0.000751180633086758,-0.000751180633086758
2021-06-10,-0.0024784802111552265,-0.003098100263944033,-0.003098100263944033,-0.003098100263944033
2021-06-11,-0.003498394653395747,-0.004372993316744684,-0.004372993316744684,-0.004372993316744684
2021-06-14,0.0004660088478655006,0.0005825110598318757,0.0005825110598318757,0.0005825110598318757
2021-06-15,-0.0005677690131753537,-0.0007097112664691921,-0.0007097112664691921,-0.0007097112664691921
2021-06-16,4.2267904266710577e-05,5.283488033338822e-05,5.283488033338822e-05,5.283488033338822e-05
2021-06-17,-0.0040701743693435846,-0.005087717961679481,-0.005087717961679481,-0.005087717961679481
2021-06-18,0.0002717592001252667,0.0003396990001565834,0.0003396990001565834,0.0003396990001565834
2021-06-21,-0.0013442481723103096,-0.001680310215387887,-0.001680310215387887,-0.001680310215387887
2021-06-22,-0.0011269064563580531,-0.0014086330704475665,-0.0014086330704475665,-0.0014086330704475665
2021-06-23,-0.003171419698678757,-0.003964274623348446,-0.003964274623348446,-0.003964274623348446
2021-06-24,0.002537256877888704,0.00317157109736088,0.00317157109736088,0.00317157109736088
2021-06-25,0.0008844665775094448,0.001105583221886806,0.001105583221886806,0.001105583221886806
2021-06-28,0.00016898782881680165,0.00021123478602100206,0.00021123478602100206,0.00021123478602100206
2021-06-29,-0.002484981042467837,-0.003106226303084796,-0.003106226303084796,-0.003106226303084796
2021-06-30,0.005614509588688721,0.007018136985860901,0.007018136985860901,0.007018136985860901
2021-07-01,-0.0027523909678416063,-0.0034404887098020078,-0.0034404887098020078,-0.0034404887098020078
2021-07-02,-0.0005992677411425535,-0.0007490846764281918,-0.0007490846764281918,-0.0007490846764281918
2021-07-06,0.0005299693751264206,0.0006624617189080258,0.0006624617189080258,0.0006624617189080258
2021-07-07,0.0,0.0,0.0,0.0
2021-07-08,0.0,0.0,0.0,0.0
2021-07-09,0.0040463872831924,0.0050579841039905,0.0050579841039905,0.0050579841039905
2021-07-12,-0.00099952218606345,-0.0012494027325793127,-0.0012494027325793127,-0.0012494027325793127
2021-07-13,0.00209302015227755,0.0026162751903469374,0.0026162751903469374,0.0026162751903469374
2021-07-14,-0.00067613313838585,-0.0008451664229823124,-0.0008451664229823124,-0.0008451664229823124
2021-07-15,0.00154895402375835,0.0019361925296979376,0.0019361925296979376,0.0019361925296979376
2021-07-16,-0.00053838458279745,-0.0006729807284968125,-0.0006729807284968125,-0.0006729807284968125
2021-07-19,-0.00068522921812135,-0.0008565365226516874,-0.0008565365226516874,-0.0008565365226516874
2021-07-20,0.00120963346357055,0.0015120418294631876,0.0015120418294631876,0.0015120418294631876
2021-07-21,-0.00025663812188675005,-0.00032079765235843756,-0.00032079765235843756,-0.00032079765235843756
2021-07-22,-0.0007223671065138,-0.00090295888314225,-0.00090295888314225,-0.00090295888314225
2021-07-23,0.0011980508645024,0.001497563580628,0.001497563580628,0.001497563580628
2021-07-26,0.0016910448569747,0.002113806071218375,0.002113806071218375,0.002113806071218375
2021-07-27,0.0028989867760624496,0.003623733470078062,0.003623733470078062,0.003623733470078062
2021-07-28,-0.0020542694354409503,-0.0025678367943011877,-0.0025678367943011877,-0.0025678367943011877
2021-07-29,-0.00140743893803425,-0.0017592986725428125,-0.0017592986725428125,-0.0017592986725428125
2021-07-30,-0.0019116009449044,-0.0023895011811305,-0.0023895011811305,-0.0023895011811305
2021-08-02,-0.0005910913524225,-0.0007388641905281251,-0.0007388641905281251,-0.0007388641905281251
2021-08-03,-0.00268035273009645,-0.003350440912620562,-0.003350440912620562,-0.003350440912620562
2021-08-04,-0.0006459263393697501,-0.0008074079242121876,-0.0008074079242121876,-0.0008074079242121876
2021-08-05,-0.0041763220389157,-0.005220402548644625,-0.005220402548644625,-0.005220402548644625
2021-08-06,0.00100283204912545,0.0012535400614068124,0.0012535400614068124,0.0012535400614068124
2021-08-09,0.00400950725139495,0.005011884064243687,0.005011884064243687,0.005011884064243687
2021-08-10,-0.0016591491958081,-0.002073936494760125,-0.002073936494760125,-0.002073936494760125
2021-08-11,0.0012734372132839,0.001591796516604875,0.001591796516604875,0.001591796516604875
2021-08-12,-0.0052937595927967,-0.006617199490995875,-0.006617199490995875,-0.006617199490995875
2021-08-13,2.2903727524413035e-05,2.8629659405516294e-05,2.8629659405516294e-05,2.8629659405516294e-05
2021-08-16,-0.0001311347511322,-0.00016391843891525002,-0.00016391843891525002,-0.00016391843891525002
2021-08-17,-0.0005,-0.000625,-0.000625,-0.000625
2021-08-18,0.0,0.0,0.0,0.0
2021-08-19,0.0,0.0,0.0,0.0
2021-08-20,0.0,0.0,0.0,0.0
2021-08-23,0.0,0.0,0.0,0.0
2021-08-24,0.0,0.0,0.0,0.0
2021-08-25,0.0,0.0,0.0,0.0
2021-08-26,0.0,0.0,0.0,0.0
2021-08-27,0.0,0.0,0.0,0.0
2021-08-30,0.0,0.0,0.0,0.0
2021-08-31,0.0,0.0,0.0,0.0
2021-09-01,-0.0013528136731532,-0.0016910170914415002,-0.0016910170914415002,-0.0016910170914415002
2021-09-02,-0.00070395943101775,-0.0008799492887721875,-0.0008799492887721875,-0.0008799492887721875
2021-09-03,0.0001992126414138,0.00024901580176725,0.00024901580176725,0.00024901580176725
2021-09-07,0.00123986577082825,0.0015498322135353124,0.0015498322135353124,0.0015498322135353124
2021-09-08,-0.002093561894048,-0.00261695236756,-0.00261695236756,-0.00261695236756
2021-09-09,-0.00036381758582425,-0.0004547719822803125,-0.0004547719822803125,-0.0004547719822803125
2021-09-10,-0.00387587363460875,-0.004844842043260938,-0.004844842043260938,-0.004844842043260938
2021-09-13,-0.00252904130021805,-0.003161301625272563,-0.003161301625272563,-0.003161301625272563
2021-09-14,-0.00660008316405915,-0.008250103955073937,-0.008250103955073937,-0.008250103955073937
2021-09-15,-0.00403093657344615,-0.005038670716807687,-0.005038670716807687,-0.005038670716807687
2021-09-16,-0.00131502130068635,-0.0016437766258579375,-0.0016437766258579375,-0.0016437766258579375
2021-09-17,-0.0015776480374412,-0.0019720600468015,-0.0019720600468015,-0.0019720600468015
2021-09-20,-0.00038198559436720004,-0.00047748199295900005,-0.00047748199295900005,-0.00047748199295900005
2021-09-21,0.0027813301770430003,0.0034766627213037504,0.0034766627213037504,0.0034766627213037504
2021-09-22,0.0024409590450766,0.00305119880634575,0.00305119880634575,0.00305119880634575
2021-09-23,-4.0996586879497e-06,-5.124573359937125e-06,-5.124573359937125e-06,-5.124573359937125e-06
2021-09-24,0.00028651458116774997,0.0003581432264596875,0.0003581432264596875,0.0003581432264596875
2021-09-27,-0.00153762802405085,-0.0019220350300635624,-0.0019220350300635624,-0.0019220350300635624
2021-09-28,-0.00208987426303295,-0.0026123428287911873,-0.0026123428287911873,-0.0026123428287911873
2021-09-29,0.00116405101210725,0.0014550637651340626,0.0014550637651340626,0.0014550637651340626
2021-09-30,-0.00316926868018995,-0.003961585850237438,-0.003961585850237438,-0.003961585850237438
2021-10-01,0.00404145705239215,0.0050518213154901875,0.0050518213154901875,0.0050518213154901875
2021-10-04,0.00115427680571075,0.0014428460071384374,0.0014428460071384374,0.0014428460071384374
2021-10-05,0.0,0.0,0.0,0.0
2021-10-06,0.0,0.0,0.0,0.0
2021-10-07,0.0,0.0,0.0,0.0
2021-10-08,0.0,0.0,0.0,0.0
2021-10-11,0.0,0.0,0.0,0.0
2021-10-12,0.0,0.0,0.0,0.0
2021-10-13,0.0,0.0,0.0,0.0
2021-10-14,0.0,0.0,0.0,0.0
2021-10-15,0.0,0.0,0.0,0.0
2021-10-18,0.0,0.0,0.0,0.0
2021-10-19,0.0,0.0,0.0,0.0
2021-10-20,0.0,0.0,0.0,0.0
2021-10-21,0.0,0.0,0.0,0.0
2021-10-22,0.0,0.0,0.0,0.0
2021-10-25,0.0,0.0,0.0,0.0
2021-10-26,0.0,0.0,0.0,0.0
2021-10-27,0.0,0.0,0.0,0.0
2021-10-28,0.0,0.0,0.0,0.0
2021-10-29,0.0,0.0,0.0,0.0
2021-11-01,0.0,0.0,0.0,0.0
2021-11-02,0.0,0.0,0.0,0.0
2021-11-03,0.0,0.0,0.0,0.0
2021-11-04,0.0,0.0,0.0,0.0
2021-11-05,-0.0032983420702,-0.00412292758775,-0.00412292758775,-0.00412292758775
2021-11-08,0.0032579408519516,0.0040724260649395,0.0040724260649395,0.0040724260649395
2021-11-09,-0.0017110148224422,-0.00213876852805275,-0.00213876852805275,-0.00213876852805275
2021-11-10,-0.0029962055743197,-0.003745256967899625,-0.003745256967899625,-0.003745256967899625
2021-11-11,-0.004940301278173,-0.0061753765977162495,-0.0061753765977162495,-0.0061753765977162495
2021-11-12,-0.0068513957818833,-0.008564244727354125,-0.008564244727354125,-0.008564244727354125
2021-11-15,-0.0055593340004605,-0.006949167500575624,-0.006949167500575624,-0.006949167500575624
2021-11-16,-0.0206430032522454,-0.02580375406530675,-0.02580375406530675,-0.02580375406530675
2021-11-17,-0.0049379128201946,-0.004426555925798515,-0.0061723910252432495,-0.0061723910252432495
2021-11-18,0.0030040595566176,0.002684628943542863,0.0037550744457719998,0.0037550744457719998
2021-11-19,-0.0065269471859208,-0.005785385834984056,-0.008158683982401,-0.008158683982401
2021-11-22,0.0060779991403178,0.00527829340578975,0.0075974989253972496,0.0075974989253972496
2021-11-23,0.0003606558295243,0.00030791078381839593,0.000450819786905375,0.000450819786905375
2021-11-24,-8.686095150012914e-05,-7.411278460940364e-05,-0.00010857618937516142,-0.00010857618937516142
2021-11-26,-0.0043480713799751,-0.003776155273193719,-0.005435089224968876,-0.005435089224968876
2021-11-29,-0.0158031183596274,-0.0138371501471548,-0.01975389794953425,-0.01975389794953425
2021-11-30,0.0020884315010077,0.001624211300215776,0.0025987380803452415,0.0026105393762596253
2021-12-01,-0.0084965432769398,-0.0065785936356451335,-0.010525749817032214,-0.01062067909617475
2021-12-02,-0.0043587446977333,-0.003307398828992395,-0.005291838126387833,-0.005448430872166625
2021-12-03,-0.001,-0.0007568060135420791,-0.0012108896216673265,-0.00125
2021-12-06,0.0,0.0,0.0,0.0
2021-12-07,0.0,0.0,0.0,0.0
2021-12-08,0.0,0.0,0.0,0.0
2021-12-09,0.0,0.0,0.0,0.0
2021-12-10,0.013010831583992,0.010044688150955841,0.016071501041529344,0.01626353947999
2021-12-13,-0.0122101955632642,-0.008630978649939091,-0.013809565839902546,-0.015262744454080249
2021-12-14,-0.0140626530777606,-0.009501198592010368,-0.015201917747216588,-0.01757831634720075
2021-12-15,0.0106675587568994,0.006827795661177031,0.010924473057883249,0.01333444844612425
2021-12-16,0.0015321424135049,0.0009369318723019467,0.001499090995683115,0.0018738637446038934
2021-12-17,0.0162283084406914,0.009904260272493694,0.01584681643598991,0.019808520544987388
2021-12-20,-0.0013322318118743,-0.0007480882328967803,-0.0011969411726348482,-0.0014961764657935605
2021-12-21,-0.0040487697612521,-0.0022742295053381242,-0.0036387672085409985,-0.0045484590106762484
2021-12-22,0.0021878008909977,0.001226796696961434,0.001962874715138294,0.002453593393922868
2021-12-23,0.0018553484128414,0.0010377626139086874,0.0016604201822538996,0.0020755252278173747
2021-12-27,0.0035103197211652,0.001959642662987338,0.003135428260779741,0.003919285325974676
2021-12-28,-0.0080617346125126,-0.004482328358101135,-0.007171725372961816,-0.00896465671620227
2021-12-29,0.0024268526416457,0.001342215269663667,0.002147544431461867,0.002684430539327334
2021-12-30,-0.0045936381527929,-0.002537495020157807,-0.004059992032252491,-0.005074990040315614
2021-12-31,-0.0039675780720154,-0.002186388471993966,-0.0034982215551903452,-0.004372776943987932
2022-01-03,-0.0004991130947857,-0.0002789422497587163,-0.0004463075996139461,-0.0005578844995174327
2022-01-04,0.0,0.0,0.0,0.0
2022-01-05,0.0,0.0,0.0,0.0
2022-01-06,0.0,0.0,0.0,0.0
2022-01-07,0.0,0.0,0.0,0.0
2022-01-10,0.0,0.0,0.0,0.0
2022-01-11,0.0,0.0,0.0,0.0
2022-01-12,0.0,0.0,0.0,0.0
2022-01-13,0.0,0.0,0.0,0.0
2022-01-14,0.0,0.0,0.0,0.0
2022-01-18,0.0,0.0,0.0,0.0
2022-01-19,0.0,0.0,0.0,0.0
2022-01-20,0.0,0.0,0.0,0.0
2022-01-21,0.0,0.0,0.0,0.0
2022-01-24,0.0,0.0,0.0,0.0
2022-01-25,0.0,0.0,0.0,0.0
2022-01-26,0.0,0.0,0.0,0.0
2022-01-27,0.0,0.0,0.0,0.0
2022-01-28,-0.009798291395126394,-0.00659469959608777,-0.010551519353740433,-0.012247864243907992
2022-01-31,-0.0006546092109557,-0.0004238947611233378,-0.0006782316177973405,-0.000818261513694625
2022-02-01,0.00316691878242992,0.00204948753514249,0.0032791800562279837,0.0039586484780374
2022-02-02,0.0009516125073062299,0.0006150353027291706,0.0009840564843666727,0.0011895156341327874
2022-02-03,-0.00280316185786035,-0.0018132236921203054,-0.0029011579073924885,-0.0035039523223254375
2022-02-04,-0.0016067710380173199,-0.0010348637501993265,-0.0016557820003189221,-0.0020084637975216497
2022-02-07,0.000322006953528435,0.00020701249905158864,0.00033121999848254177,0.0004025086919105437
2022-02-08,-0.005436939860143785,-0.00350041450094525,-0.0056006632015124,-0.006796174825179731
2022-02-09,-2.432398376754453e-05,-1.54716477608868e-05,-2.4754636417418884e-05,-3.0404979709430663e-05
2022-02-10,0.000325742315593975,0.00020733104777147262,0.0003317296764343562,0.00040717789449246875
2022-02-11,-0.0016288975874181148,-0.00103742369754728,-0.0016598779160756476,-0.0020361219842726435
2022-02-14,0.000703090138108365,0.0004473329072504366,0.0007157326516006985,0.0008788626726354562
2022-02-15,0.00118019999316534,0.0007515826149768358,0.0012025321839629376,0.0014752499914566749
2022-02-16,0.00130260966007473,0.0008294860209753107,0.0013271776335604972,0.0016282620750934125
2022-02-17,-0.0049567034663247495,-0.0031569519466378435,-0.005051123114620549,-0.006195879332905937
2022-02-18,0.0015930150769985197,0.0010061823207244056,0.001609891713159049,0.0019912688462481497
2022-02-22,0.0054065727091436545,0.003418307876724652,0.005469292602759443,0.006758215886429568
2022-02-23,0.002066187977819805,0.001297428765531436,0.0020758860248502975,0.002582734972274756
2022-02-24,-0.00444388050088563,-0.0028058180179407147,-0.004489308828705144,-0.005554850626107037
2022-02-25,-0.00035,-0.00022135917845922523,-0.0003541746855347603,-0.0004375
2022-02-28,-0.0014914778134470302,-0.0009432605458510476,-0.001509216873361676,-0.0018643472668087877
2022-03-01,-0.0011615187800021701,-0.0007338960416683351,-0.001174233666669336,-0.0014518984750027126
2022-03-02,-0.0031945302572563804,-0.002017554494794609,-0.003228087191671374,-0.0039931628215704755
2022-03-03,-0.0022823138812815905,-0.0014363092319319112,-0.002298094771091058,-0.002852892351601988
2022-03-04,0.0033819752448504903,0.002137626778694433,0.003420202845911092,0.004227469056063113
2022-03-07,0.0009264489732964201,0.0005842174111030285,0.0009347478577648457,0.001158061216620525
2022-03-08,-0.01185478383141224,-0.0074754726861749575,-0.011960756297879932,-0.0148184797892653
2022-03-09,-0.00400571375953232,-0.002415758803808414,-0.003865214086093462,-0.004831517607616828
2022-03-10,-0.0038479225135744206,-0.002308555611506665,-0.003693688978410664,-0.00461711122301333
2022-03-11,-0.0083930557008238,-0.0050239153219920705,-0.008038264515187313,-0.010047830643984141
2022-03-14,-0.0001969848645658502,-0.00011543626364575999,-0.00018469802183321597,-0.00023087252729151998
2022-03-15,-0.007886822688877396,-0.00714275408507975,-0.009858528361096745,-0.009858528361096745
2022-03-16,0.00825633894704039,0.0072162118426740635,0.010320423683800489,0.010320423683800489
2022-03-17,0.004867144050053605,0.004073776432761217,0.006083930062567006,0.006083930062567006
2022-03-18,-7.327239367042535e-05,-6.092138516179031e-05,-9.159049208803168e-05,-9.159049208803168e-05
2022-03-21,-0.00043648591884236517,-0.0003630358944216193,-0.0005456073985529565,-0.0005456073985529565
2022-03-22,-0.0017447744106985899,-0.001500206220115159,-0.0021809680133732376,-0.0021809680133732376
2022-03-23,-0.0020074632368438892,-0.0017717715311767017,-0.0025093290460548616,-0.0025093290460548616
2022-03-24,-0.0046106600303712905,-0.0040660417961941985,-0.005763325037964113,-0.005763325037964113
2022-03-25,-0.00147149738282668,-0.0013904569807985274,-0.0018393717285333502,-0.0018393717285333502
2022-03-28,0.001298727172724345,0.0012460937416696883,0.0016234089659054312,0.0016234089659054312
2022-03-29,0.00183154027294896,0.0017651705903877091,0.0022894253411862003,0.0022894253411862003
2022-03-30,-0.0016194611125361549,-0.0015600659517269317,-0.0020243263906701936,-0.0020243263906701936
2022-03-31,0.00089254598762539,0.0008610778706386286,0.0011156824845317374,0.0011156824845317374
2022-04-01,0.0008564243018512299,0.0008247167487737895,0.0010705303773140373,0.0010705303773140373
2022-04-04,0.002069172848510705,0.0019995189680207122,0.0025864660606383814,0.0025864660606383814
2022-04-05,0.0,0.0,0.0,0.0
2022-04-06,0.0,0.0,0.0,0.0
2022-04-07,0.0,0.0,0.0,0.0
2022-04-08,0.0,0.0,0.0,0.0
2022-04-11,0.0,0.0,0.0,0.0
2022-04-12,-0.005402313884238,-0.003911050597217429,-0.006257680955547886,-0.0067528923552975005
2022-04-13,0.0059953816793341,0.004261186280623231,0.006817898048997169,0.0074942270991676255
2022-04-14,0.0067302369927258,0.004747901309629264,0.00759664209540682,0.00841279624090725
2022-04-18,-0.0018170427858971998,-0.0012695341015834985,-0.002031254562533598,-0.0022713034823714996
2022-04-19,-0.01487117882508005,-0.010713897864510616,-0.017142236583216983,-0.018588973531350063
2022-04-20,0.00038883738857794993,0.00025324099386178796,0.0004051855901788607,0.0004860467357224374
2022-04-21,0.00142384002359705,0.0009293634032441131,0.0014869814451905813,0.0017798000294963127
2022-04-22,-0.0008434512956932,-0.0005505844581193295,-0.000880935132990927,-0.0010543141196165
2022-04-25,-0.0034644837905049505,-0.0022575082348217524,-0.0036120131757148037,-0.004330604738131188
2022-04-26,0.00045136937980615015,0.0002930050640574156,0.00046880810249186507,0.0005642117247576877
2022-04-27,0.01728972528378315,0.013050848678882026,0.020881357886211243,0.021612156604728934
2022-04-28,-0.0054327314112976996,-0.003887208619060786,-0.006219533790497259,-0.006790914264122125
2022-04-29,-0.00714159356298235,-0.005068807004353112,-0.00811009120696498,-0.008926991953727937
2022-05-02,-0.0039951443429556,-0.0028025939733846766,-0.004484150357415483,-0.0049939304286945
2022-05-03,-9.160185168229995e-05,-6.416399078417256e-05,-0.0001026623852546761,-0.00011450231460287494
2022-05-04,-0.0014773914186153,-0.001037587369182914,-0.0016601397906926623,-0.001846739273269125
2022-05-05,0.00246635334300765,0.0017287829778275662,0.002766052764524106,0.003082941678759563
2022-05-06,0.00024676996836710003,0.00017349061661490773,0.00027758498658385236,0.00030846246045887504
2022-05-09,-0.0079768275494114,-0.0056114112482316255,-0.0089782579971706,-0.00997103443676425
2022-05-10,0.0011031408928856,0.0007567631621935953,0.0012108210595097523,0.0013789261161069998
2022-05-11,0.00176286084040985,0.0012158446690785408,0.0019453514705256652,0.0022035760505123127
2022-05-12,-0.0005,-0.00034481791801240045,-0.0005517086688198406,-0.000625
2022-05-13,0.0,0.0,0.0,0.0
2022-05-16,0.0,0.0,0.0,0.0
2022-05-17,0.0,0.0,0.0,0.0
2022-05-18,0.0,0.0,0.0,0.0
2022-05-19,0.0,0.0,0.0,0.0
2022-05-20,0.0,0.0,0.0,0.0
2022-05-23,0.0,0.0,0.0,0.0
2022-05-24,-0.00321342101095985,-0.00229433961777444,-0.0036709433884391032,-0.0040167762636998125
2022-05-25,0.00631287522696075,0.004486955175639251,0.007179128281022801,0.007891094033700937
2022-05-26,-0.0010727887523424,-0.0007513462584087407,-0.001202154013453985,-0.001340985940428
2022-05-27,-0.0037399021927865,-0.002617534099565177,-0.0041880545593042835,-0.004674877740983125
2022-05-31,0.0003456262634909,0.0002404266326763581,0.00038468261228217295,0.00043203282936362503
2022-06-01,0.0021440372541441,0.0014914600326546062,0.00238633605224737,0.002680046567680125
2022-06-02,0.001855711779668,0.001291374980616814,0.0020661999689869023,0.002319639724585
2022-06-03,0.00186972037796415,0.0013046843393679191,0.0020874949429886707,0.0023371504724551875
2022-06-06,-0.0006183947193089,-0.0004348155951363033,-0.0006957049522180853,-0.000772993399136125
2022-06-07,-0.0011420897323967,-0.0008287450734613841,-0.0013259921175382144,-0.0014276121654958748
2022-06-08,0.0021844537592177,0.001591330888526203,0.0025461294216419248,0.002730567199022125
2022-06-09,0.00315813679410335,0.00233238263584187,0.003731812217346992,0.0039476709926291875
2022-06-10,1.4836914798109746e-05,1.0983687248895643e-05,1.757389959823303e-05,1.8546143497637182e-05
2022-06-13,-0.00046574522173695,-0.00034562764256678926,-0.0005530042281068628,-0.0005821815271711874
2022-06-14,0.00340392922877335,0.0025258665316758395,0.004041386450681343,0.004254911535966688
2022-06-15,-0.0032190287641164,-0.002379754367172925,-0.0038076069874766793,-0.0040237859551455
2022-06-16,0.0009745403854112,0.000724518169186541,0.0011592290706984654,0.001218175481764
2022-06-17,0.0032153315592552,0.0024678894896958134,0.003948623183513301,0.004019164449069
2022-06-21,0.00109178223527245,0.0008687782327091915,0.0013647277940905627,0.0013647277940905627
2022-06-22,0.00040778927969175,0.00032510496968170683,0.0005097365996146875,0.0005097365996146875
2022-06-23,-0.00264127092021395,-0.0021063633228686125,-0.0033015886502674374,-0.0033015886502674374
2022-06-24,-0.0027378496398632,-0.002178853288290465,-0.0034223120498289997,-0.0034223120498289997
2022-06-27,-0.00273993775224665,-0.0021810962601246722,-0.0034249221903083125,-0.0034249221903083125
2022-06-28,-0.0021348762536169,-0.0016952545038441426,-0.002668595317021125,-0.002668595317021125
2022-06-29,-0.00194953690567395,-0.0015490373295890608,-0.0024369211320924376,-0.0024369211320924376
2022-06-30,0.00412897996408945,0.0032758225534744727,0.005161224955111813,0.005161224955111813
2022-07-01,0.0017162029061543501,0.0013515816537654339,0.0021452536326929377,0.0021452536326929377
2022-07-05,-0.00403562265467205,-0.003188842198273584,-0.005044528318340062,-0.005044528318340062
2022-07-06,-0.00019636046631365004,-0.0001541220240423082,-0.00024545058289206256,-0.00024545058289206256
2022-07-07,0.0,0.0,0.0,0.0
2022-07-08,0.0,0.0,0.0,0.0
2022-07-11,0.0,0.0,0.0,0.0
2022-07-12,0.0,0.0,0.0,0.0
2022-07-13,0.0,0.0,0.0,0.0
2022-07-14,0.0,0.0,0.0,0.0
2022-07-15,0.0,0.0,0.0,0.0
2022-07-18,0.0,0.0,0.0,0.0
2022-07-19,0.0,0.0,0.0,0.0
2022-07-20,-0.00042618328788415907,-0.0004149728057739379,-0.0005327291098551988,-0.0005327291098551988
2022-07-21,-0.0006377810736382622,-0.0006208530817284413,-0.0007972263420478277,-0.0007972263420478277
2022-07-22,0.0005628371430033637,0.0005545342158685985,0.0007035464287542045,0.0007035464287542045
2022-07-25,-0.00035467125835364293,-0.00035285220952317275,-0.00044333907294205366,-0.00044333907294205366
2022-07-26,0.0016401692579524159,0.0016304939433915385,0.00205021157244052,0.00205021157244052
2022-07-27,0.008940571623704345,0.008905636533240224,0.011175714529630431,0.011175714529630431
2022-07-28,0.004667429928198133,0.004421726774501104,0.005834287410247666,0.005834287410247666
2022-07-29,0.005897597717520541,0.005884220771662218,0.0073719971469006764,0.0073719971469006764
2022-08-01,0.001533644426460839,0.0015612028766014076,0.001917055533076049,0.001917055533076049
2022-08-02,-0.0003598184690240816,-0.0003669259899460976,-0.000449773086280102,-0.000449773086280102
2022-08-03,0.008204960009001247,0.008644594721021675,0.010256200011251559,0.010256200011251559
2022-08-04,0.00015202396269269015,0.00015335782876692866,0.0001900299533658627,0.0001900299533658627
2022-08-05,0.0010433145290713501,0.0010521363323027979,0.0013041431613391877,0.0013041431613391877
2022-08-08,-0.00021718711443010014,-0.0002190280203958992,-0.0002714838930376252,-0.0002714838930376252
2022-08-09,0.00031270608498557207,0.00031528729410224346,0.0003908826062319651,0.0003908826062319651
2022-08-10,0.0009712213169319773,0.0010002824853050528,0.0012140266461649716,0.0012140266461649716
2022-08-11,-0.0038180684949214406,-0.003938233779702047,-0.004772585618651801,-0.004772585618651801
2022-08-12,-0.006462813032163431,-0.0065460777040436445,-0.008078516290204289,-0.008078516290204289
2022-08-15,-0.0026607183165289166,-0.0025988640979576296,-0.003325897895661146,-0.003325897895661146
2022-08-16,-0.0010372025212932031,-0.001007871971858085,-0.001296503151616504,-0.001296503151616504
2022-08-17,-0.003821482832551877,-0.0037160072197786227,-0.004776853540689846,-0.004776853540689846
2022-08-18,0.0001500242670431484,0.0001440479419501614,0.0001875303338039355,0.0001875303338039355
2022-08-19,-0.001205001824006736,-0.0011602859435959172,-0.00150625228000842,-0.00150625228000842
2022-08-22,0.00011134300290434004,0.00010789671434729651,0.00013917875363042505,0.00013917875363042505
2022-08-23,0.0016919949162992874,0.0016430665128256334,0.002114993645374109,0.002114993645374109
2022-08-24,0.0007046022441174144,0.0006867038308574962,0.0008807528051467679,0.0008807528051467679
2022-08-25,-0.0001332046633189439,-0.0001298248665652609,-0.00016650582914867987,-0.00016650582914867987
2022-08-26,0.0,0.0,0.0,0.0
2022-08-29,0.0,0.0,0.0,0.0
2022-08-30,0.0,0.0,0.0,0.0
2022-08-31,0.0,0.0,0.0,0.0
2022-09-01,0.0,0.0,0.0,0.0
2022-09-02,0.0,0.0,0.0,0.0
2022-09-06,0.0,0.0,0.0,0.0
2022-09-07,0.0,0.0,0.0,0.0
2022-09-08,0.0,0.0,0.0,0.0
2022-09-09,0.0,0.0,0.0,0.0
2022-09-12,0.0,0.0,0.0,0.0
2022-09-13,0.0,0.0,0.0,0.0
2022-09-14,0.004779105673846589,0.004679520225275973,0.005973882092308236,0.005973882092308236
2022-09-15,-0.0016420199490382779,-0.0015883840411075182,-0.0020525249362978474,-0.0020525249362978474
2022-09-16,0.0009323984613580161,0.0009286963602989234,0.0011654980766975201,0.0011654980766975201
2022-09-19,-0.0006908045052525396,-0.0007083037772302468,-0.0008635056315656745,-0.0008635056315656745
2022-09-20,0.0018352028486077452,0.001878752982116564,0.0022940035607596815,0.0022940035607596815
2022-09-21,-0.001018178848706889,-0.001131072894970132,-0.0012727235608836114,-0.0012727235608836114
2022-09-22,0.001961736081966166,0.002175087861149459,0.0024521701024577073,0.0024521701024577073
2022-09-23,-0.001323520549905662,-0.0014766868364560256,-0.0016544006873820774,-0.0016544006873820774
2022-09-26,0.001772060295111507,0.0020356465623464185,0.002215075368889384,0.002215075368889384
2022-09-27,0.0019881305353037244,0.002284279613471028,0.0024851631691296555,0.0024851631691296555
2022-09-28,0.007133945617586214,0.008178518971264362,0.008917432021982767,0.008917432021982767
2022-09-29,0.00067923367412329,0.0007651300927626452,0.0008490420926541124,0.0008490420926541124
2022-09-30,-0.0026148356637724656,-0.0029595932922674606,-0.003268544579715582,-0.003268544579715582
2022-10-03,0.0015597449200699409,0.0018906420277943591,0.001949681150087426,0.001949681150087426
2022-10-04,0.0014350705115305038,0.0017565282190060978,0.0017938381394131298,0.0017938381394131298
2022-10-05,0.0,0.0,0.0,0.0
2022-10-06,0.0,0.0,0.0,0.0
2022-10-07,0.0,0.0,0.0,0.0
2022-10-10,0.0,0.0,0.0,0.0
2022-10-11,0.0,0.0,0.0,0.0
2022-10-12,0.0,0.0,0.0,0.0
2022-10-13,0.0,0.0,0.0,0.0
2022-10-14,0.002273717242259225,0.002842146552824031,0.002842146552824031,0.002842146552824031
2022-10-17,-0.00982226167309583,-0.012277827091369787,-0.012277827091369787,-0.012277827091369787
2022-10-18,-0.00035,-0.0004375,-0.0004375,-0.0004375
2022-10-19,-0.000557942800654632,-0.00069742850081829,-0.00069742850081829,-0.00069742850081829
2022-10-20,0.0007219981058741083,0.0009024976323426353,0.0009024976323426353,0.0009024976323426353
2022-10-21,-0.0017004919220158325,-0.0021256149025197907,-0.0021256149025197907,-0.0021256149025197907
2022-10-24,-0.0005227205923182051,-0.0006534007403977563,-0.0006534007403977563,-0.0006534007403977563
2022-10-25,0.00023788946831265206,0.00029736183539081506,0.00029736183539081506,0.00029736183539081506
2022-10-26,-0.0038791706982289594,-0.004848963372786199,-0.004848963372786199,-0.004848963372786199
2022-10-27,-0.004252558631340478,-0.005315698289175597,-0.005315698289175597,-0.005315698289175597
2022-10-28,-0.0004028749982073064,-0.000503593747759133,-0.000503593747759133,-0.000503593747759133
2022-10-31,-0.001960271982835864,-0.00245033997854483,-0.00245033997854483,-0.00245033997854483
2022-11-01,-0.0028919527484344808,-0.003614940935543101,-0.003614940935543101,-0.003614940935543101
2022-11-02,0.0036624033146191366,0.004578004143273921,0.004578004143273921,0.004578004143273921
2022-11-03,0.0020073028357174083,0.00250912854464676,0.00250912854464676,0.00250912854464676
2022-11-04,0.0016497959561167105,0.002062244945145888,0.002062244945145888,0.002062244945145888
2022-11-07,0.0012139225041435874,0.0015174031301794842,0.0015174031301794842,0.0015174031301794842
2022-11-08,0.00035177545737002144,0.0004397193217125268,0.0004397193217125268,0.0004397193217125268
2022-11-09,0.0036610707248950053,0.004576338406118757,0.004576338406118757,0.004576338406118757
2022-11-10,0.004415880040204608,0.00551985005025576,0.00551985005025576,0.00551985005025576
2022-11-11,0.005236793588688549,0.006545991985860687,0.006545991985860687,0.006545991985860687
2022-11-14,-0.011490847837992748,-0.014282543115436015,-0.014363559797490936,-0.014363559797490936
2022-11-15,-0.007015598200871272,-0.0075781757057355025,-0.008769497751089091,-0.008769497751089091
2022-11-16,-0.0025625678885486344,-0.0026563727994993345,-0.003203209860685793,-0.003203209860685793
2022-11-17,-0.00022495034562072325,-0.00023224639185829088,-0.00028118793202590406,-0.00028118793202590406
2022-11-18,-0.0012626601913353034,-0.0013044593069357654,-0.0015783252391691292,-0.0015783252391691292
2022-11-21,0.008207084199954029,0.008511940521373098,0.010258855249942536,0.010258855249942536
2022-11-22,-0.005848369363869667,-0.00576964995773054,-0.0073104617048370835,-0.0073104617048370835
2022-11-23,-0.001543938165317496,-0.0014897871582118323,-0.0019299227066468699,-0.0019299227066468699
2022-11-25,-0.0008178861431273753,-0.000788449769565539,-0.001022357678909219,-0.001022357678909219
2022-11-28,0.0018856424287412637,0.0018190623118805192,0.00235705303592658,0.00235705303592658
2022-11-29,0.00205229516288835,0.001977444379923006,0.0025653689536104373,0.0025653689536104373
2022-11-30,-0.005407867865485854,-0.005188967804043608,-0.0067598348318573176,-0.0067598348318573176
2022-12-01,-0.0044830809784793925,-0.004233758493604224,-0.0056038512230992404,-0.0056038512230992404
2022-12-02,-0.0007575819870555274,-0.0007073263202735706,-0.0009469774838194092,-0.0009469774838194092
2022-12-05,0.00011865461721663127,0.00011078607409485836,0.0001483182715207891,0.0001483182715207891
2022-12-06,0.004077943399388745,0.0038097067652033884,0.005097429249235931,0.005097429249235931
2022-12-07,0.0013290148260473198,0.0012243228591431495,0.0016612685325591498,0.0016612685325591498
2022-12-08,-0.0034356930146648727,-0.003158504441081838,-0.004294616268331091,-0.004294616268331091
2022-12-09,0.0012409880423333718,0.0011341231474936548,0.0015512350529167146,0.0015512350529167146
2022-12-12,-0.002335362805473155,-0.00213047357375092,-0.0029192035068414434,-0.0029192035068414434
2022-12-13,0.0010765187982725438,0.0009799192143816258,0.0013456484978406798,0.0013456484978406798
2022-12-14,-0.001590502062708705,-0.0014640439802739618,-0.001988127578385881,-0.001988127578385881
2022-12-15,-0.00036219533465979494,-0.00033363611722939264,-0.00045274416832474367,-0.00045274416832474367
2022-12-16,0.000196219175356575,0.0001808109914169429,0.00024527396919571875,0.00024527396919571875
2022-12-19,4.1674912747054995e-05,3.8404990047227896e-05,5.2093640933818745e-05,5.2093640933818745e-05
2022-12-20,0.003784658168028535,0.0034947863866086667,0.004730822710035668,0.004730822710035668
2022-12-21,0.002575611903880715,0.002360666169531315,0.0032195148798508937,0.0032195148798508937
2022-12-22,-0.00021193978772974,-0.0001932417874518009,-0.000264924734662175,-0.000264924734662175
2022-12-23,-0.000592011513263205,-0.0005404668351022098,-0.0007400143915790062,-0.0007400143915790062
2022-12-27,0.0001565171606075,0.00014313099190850075,0.00019564645075937498,0.00019564645075937498
2022-12-28,0.0012011611068676099,0.0011117382784737416,0.0015014513835845122,0.0015014513835845122
2022-12-29,0.0015220844133345549,0.0014164343074415048,0.0019026055166681936,0.0019026055166681936
2022-12-30,2.1817162191482492e-05,2.038245321576407e-05,2.7271452739353115e-05,2.7271452739353115e-05
2023-01-03,0.000576602978609945,0.000545937181643186,0.0007207537232624313,0.0007207537232624313
2023-01-04,0.0007313351757199249,0.0006996148346966357,0.0009141689696499061,0.0009141689696499061
2023-01-05,0.0,0.0,0.0,0.0
2023-01-06,0.0006054800746756201,0.0005385083016558782,0.0007568500933445251,0.0007568500933445251
2023-01-09,0.0008196166398933001,0.0007350773120232188,0.001024520799866625,0.001024520799866625
2023-01-10,0.0014871273239222703,0.0013966601540772552,0.001858909154902838,0.001858909154902838
2023-01-11,0.003984646605127951,0.0037644423483881727,0.004980808256409938,0.004980808256409938
2023-01-12,0.0003029735370358056,0.00028445642830156315,0.000378716921294757,0.000378716921294757
2023-01-13,-0.0023765019048166197,-0.002236495696033591,-0.002970627381020775,-0.002970627381020775
2023-01-17,0.0009141291853787454,0.0008544718190600047,0.0011426614817234317,0.0011426614817234317
2023-01-18,-0.0061528607129366945,-0.005927403350041027,-0.007691075891170868,-0.007691075891170868
2023-01-19,-0.0015661178679148152,-0.0015572952940744456,-0.001957647334893519,-0.001957647334893519
2023-01-20,0.0028031285569490257,0.002780360453118813,0.003503910696186282,0.003503910696186282
2023-01-23,-2.488219046559994e-05,-2.4567488011988503e-05,-3.1102738081999925e-05,-3.1102738081999925e-05
2023-01-24,0.002250622798063929,0.0022221235366016007,0.002813278497579911,0.002813278497579911
2023-01-25,-0.0005660216135313853,-0.0005574370341777506,-0.0007075270169142316,-0.0007075270169142316
2023-01-26,-0.0009976295584371245,-0.0009818984053677812,-0.0012470369480464057,-0.0012470369480464057
2023-01-27,-0.007864057519046355,-0.007729304478530497,-0.009830071898807944,-0.009830071898807944
2023-01-30,0.0022685490328148944,0.0021224148090920347,0.002835686291018618,0.002835686291018618
2023-01-31,0.00667542906687121,0.006342046742496975,0.008344286333589013,0.008344286333589013
2023-02-01,0.007648075932056445,0.007187939609596717,0.009560094915070556,0.009560094915070556
2023-02-02,0.007923490709127717,0.007294067347736299,0.009904363386409647,0.009904363386409647
2023-02-03,0.0021785118185823106,0.0019485827849702723,0.0027231397732278883,0.0027231397732278883
2023-02-06,0.0015224182005782049,0.0013884557096481424,0.001903022750722756,0.001903022750722756
2023-02-07,-0.00016980071382291506,-0.00015903059240334234,-0.00021225089227864383,-0.00021225089227864383
2023-02-08,0.000611904773869585,0.0005817745876126629,0.0007648809673369813,0.0007648809673369813
2023-02-09,-0.004219134477803875,-0.004065294283284664,-0.005273918097254844,-0.005273918097254844
2023-02-10,0.00044234640839206993,0.00041926968325821775,0.0005529330104900874,0.0005529330104900874
2023-02-13,-0.00026521432289723,-0.00025541340681757893,-0.0003315179036215375,-0.0003315179036215375
2023-02-14,-0.0007677768141647449,-0.0008872703489790834,-0.0009597210177059311,-0.0009597210177059311
2023-02-15,-0.0014606645571062999,-0.0016943818518166342,-0.0018258306963828748,-0.0018258306963828748
2023-02-16,0.00028411239368480496,0.000338797610436214,0.0003551404921060062,0.0003551404921060062
2023-02-17,0.005011897791042099,0.0059875759894537205,0.006264872238802625,0.006264872238802625
2023-02-21,-0.0037709338383546194,-0.004418058680237106,-0.004713667297943275,-0.004713667297943275
2023-02-22,-0.000763704425434825,-0.000879499848760765,-0.0009546305317935312,-0.0009546305317935312
2023-02-23,0.00030080673999418,0.0003460635553959312,0.000376008424992725,0.000376008424992725
2023-02-24,-0.0015222032239829797,-0.0017512822778660857,-0.0019027540299787246,-0.0019027540299787246
2023-02-27,0.0006926576035260699,0.0007940892897107487,0.0008658220044075874,0.0008658220044075874
2023-02-28,-0.00035,-0.0004013442855449947,-0.0004375,-0.0004375
2023-03-01,0.0,0.0,0.0,0.0
2023-03-02,0.0,0.0,0.0,0.0
2023-03-03,0.0,0.0,0.0,0.0
2023-03-06,0.0,0.0,0.0,0.0
2023-03-07,4.947530734398e-05,5.770738541293017e-05,6.1844134179975e-05,6.1844134179975e-05
2023-03-08,0.00246966684577732,0.0029502752675097253,0.00308708355722165,0.00308708355722165
2023-03-09,0.004143731377991939,0.004927025787985575,0.0051796642224899245,0.0051796642224899245
2023-03-10,-0.0011270309496970298,-0.0013195825492905084,-0.0014087886871212872,-0.0014087886871212872
2023-03-13,-0.00012886779550669498,-0.00015055415224324124,-0.00016108474438336872,-0.00016108474438336872
2023-03-14,-0.0008655718179000199,-0.001011139128562662,-0.001081964772375025,-0.001081964772375025
2023-03-15,-0.0001553814640952,-0.0001824531027220615,-0.000194226830119,-0.000194226830119
2023-03-16,0.000572039779254475,0.0006721572847617755,0.0007150497240680937,0.0007150497240680937
2023-03-17,0.0006426044109649545,0.0007664299037253155,0.0008032555137061931,0.0008032555137061931
2023-03-20,0.005575558311399306,0.006652650254582467,0.006969447889249133,0.006969447889249133
2023-03-21,-0.001053575826673895,-0.001232267429109065,-0.001316969783342369,-0.001316969783342369
2023-03-22,0.00639351861319528,0.007542028968401043,0.0079918982664941,0.0079918982664941
2023-03-23,-0.003841774134635666,-0.004369755415585253,-0.004802217668294582,-0.004802217668294582
2023-03-24,-0.0037147113679400854,-0.004144560662754068,-0.004643389209925106,-0.004643389209925106
2023-03-27,0.0038843647814803405,0.00426019135829438,0.004855455976850426,0.004855455976850426
2023-03-28,0.00385502199432976,0.004185178146037963,0.0048187774929122,0.0048187774929122
2023-03-29,-0.00608843746413971,-0.006544991727054838,-0.007610546830174637,-0.007610546830174637
2023-03-30,-0.0017145694914072903,-0.0017724633553389427,-0.002143211864259113,-0.002143211864259113
2023-03-31,-0.00248454642552325,-0.0025642898591081084,-0.0031056830319040624,-0.0031056830319040624
2023-04-03,0.0014629646924956001,0.001499203159369583,0.0018287058656195,0.0018287058656195
2023-04-04,0.00011944155784230002,0.00012253881460995715,0.00014930194730287502,0.00014930194730287502
2023-04-05,0.0029249954020038604,0.0030113594473837597,0.0036562442525048255,0.0036562442525048255
2023-04-06,0.0,0.0,0.0,0.0
2023-04-10,0.0,0.0,0.0,0.0
2023-04-11,0.0,0.0,0.0,0.0
2023-04-12,0.0,0.0,0.0,0.0
2023-04-13,0.0,0.0,0.0,0.0
2023-04-14,0.0,0.0,0.0,0.0
2023-04-17,0.0,0.0,0.0,0.0
2023-04-18,0.0,0.0,0.0,0.0
2023-04-19,0.001483948059888305,0.0018549350748603812,0.0018549350748603812,0.0018549350748603812
2023-04-20,0.0005253727828289094,0.0006567159785361368,0.0006567159785361368,0.0006567159785361368
2023-04-21,-0.0027941257970097756,-0.0034926572462622195,-0.0034926572462622195,-0.0034926572462622195
2023-04-24,0.001489702762011594,0.0018621284525144927,0.0018621284525144927,0.0018621284525144927
2023-04-25,0.0015435599693774374,0.0019294499617217968,0.0019294499617217968,0.0019294499617217968
2023-04-26,-0.0016317080200912032,-0.002039635025114004,-0.002039635025114004,-0.002039635025114004
2023-04-27,-0.00257290464733359,-0.0032161308091669875,-0.0032161308091669875,-0.0032161308091669875
2023-04-28,-0.0011036597172378816,-0.001379574646547352,-0.001379574646547352,-0.001379574646547352
2023-05-01,-0.0011716716453048317,-0.0014645895566310395,-0.0014645895566310395,-0.0014645895566310395
2023-05-02,0.0005735903106837523,0.0007169878883546904,0.0007169878883546904,0.0007169878883546904
2023-05-03,-0.006236137029614037,-0.007795171287017546,-0.007795171287017546,-0.007795171287017546
2023-05-04,-0.0014274697962873067,-0.0017843372453591334,-0.0017843372453591334,-0.0017843372453591334
2023-05-05,0.002328600921361836,0.002910751151702295,0.002910751151702295,0.002910751151702295
2023-05-08,0.0032586120887113626,0.004073265110889204,0.004073265110889204,0.004073265110889204
2023-05-09,-0.0001629908856300953,-0.00020373860703761914,-0.00020373860703761914,-0.00020373860703761914
2023-05-10,-0.0009057205631009565,-0.0011321507038761958,-0.0011321507038761958,-0.0011321507038761958
2023-05-11,0.0038966785733594318,0.004870848216699289,0.004870848216699289,0.004870848216699289
2023-05-12,0.0005629516402584698,0.0007036895503230873,0.0007036895503230873,0.0007036895503230873
2023-05-15,-0.0026251101032021378,-0.003281387629002672,-0.003281387629002672,-0.003281387629002672
2023-05-16,0.001665375853308217,0.0020817198166352712,0.0020817198166352712,0.0020817198166352712
2023-05-17,-0.0006490395620660791,-0.0008112994525825989,-0.0008112994525825989,-0.0008112994525825989
2023-05-18,-0.00013623759458099866,-0.00017029699322624833,-0.00017029699322624833,-0.00017029699322624833
2023-05-19,-0.0002940702032864795,-0.0003675877541080994,-0.0003675877541080994,-0.0003675877541080994
2023-05-22,4.862802563453334e-05,6.078503204316667e-05,6.078503204316667e-05,6.078503204316667e-05
2023-05-23,0.0012870216600021748,0.0016087770750027185,0.0016087770750027185,0.0016087770750027185
2023-05-24,0.0004902543934231278,0.0006128179917789097,0.0006128179917789097,0.0006128179917789097
2023-05-25,0.0020632919206742427,0.0025791149008428035,0.0025791149008428035,0.0025791149008428035
2023-05-26,-0.0003636900271844608,-0.000454612533980576,-0.000454612533980576,-0.000454612533980576
2023-05-30,0.0024484166639941454,0.003060520829992682,0.003060520829992682,0.003060520829992682
2023-05-31,0.0006070353466744125,0.0007587941833430156,0.0007587941833430156,0.0007587941833430156
2023-06-01,-0.0009404890917810682,-0.0011756113647263353,-0.0011756113647263353,-0.0011756113647263353
2023-06-02,-0.00020182295033348527,-0.0002522786879168566,-0.0002522786879168566,-0.0002522786879168566
2023-06-05,0.0,0.0,0.0,0.0
2023-06-06,-0.00023938797958751126,-0.00029923497448438907,-0.00029923497448438907,-0.00029923497448438907
2023-06-07,-0.0013168091680123696,-0.001646011460015462,-0.001646011460015462,-0.001646011460015462
2023-06-08,-0.0009148448987436943,-0.0011435561234296179,-0.0011435561234296179,-0.0011435561234296179
2023-06-09,0.0003588164972968057,0.00044852062162100716,0.00044852062162100716,0.00044852062162100716
2023-06-12,3.896053373661737e-05,4.870066717077171e-05,4.870066717077171e-05,4.870066717077171e-05
2023-06-13,-0.0009835582086983943,-0.001229447760872993,-0.001229447760872993,-0.001229447760872993
2023-06-14,-0.0007414831274518717,-0.0009268539093148396,-0.0009268539093148396,-0.0009268539093148396
2023-06-15,-0.0018278661499042952,-0.002284832687380369,-0.002284832687380369,-0.002284832687380369
2023-06-16,-0.0014192053844788966,-0.0017740067305986207,-0.0017740067305986207,-0.0017740067305986207
2023-06-20,0.0006858993743306819,0.0008573742179133525,0.0008573742179133525,0.0008573742179133525
2023-06-21,0.0004390736686087335,0.0005488420857609168,0.0005488420857609168,0.0005488420857609168
2023-06-22,-0.0014741484509230279,-0.0018426855636537848,-0.0018426855636537848,-0.0018426855636537848
2023-06-23,0.00031832461104195107,0.0003979057638024388,0.0003979057638024388,0.0003979057638024388
2023-06-26,0.0014067206685530176,0.001758400835691272,0.001758400835691272,0.001758400835691272
2023-06-27,0.0019796555937664478,0.0024745694922080597,0.0024745694922080597,0.0024745694922080597
2023-06-28,-0.0005568934753412302,-0.0006961168441765377,-0.0006961168441765377,-0.0006961168441765377
2023-06-29,-0.00046871191971718665,-0.0005858898996464833,-0.0005858898996464833,-0.0005858898996464833
2023-06-30,-0.0009527632872351081,-0.0011909541090438852,-0.0011909541090438852,-0.0011909541090438852
2023-07-03,0.0017867259713726848,0.002233407464215856,0.002233407464215856,0.002233407464215856
2023-07-05,-0.0006062864450247795,-0.0007578580562809744,-0.0007578580562809744,-0.0007578580562809744
2023-07-06,4.763579376828999e-05,5.954474221036249e-05,5.954474221036249e-05,5.954474221036249e-05
2023-07-07,-0.00029876880455124494,-0.00037346100568905617,-0.00037346100568905617,-0.00037346100568905617
2023-07-10,0.0,0.0,0.0,0.0
2023-07-11,0.0,0.0,0.0,0.0
2023-07-12,0.0,0.0,0.0,0.0
2023-07-13,-0.0016262092334520548,-0.001214207211192858,-0.001942731537908573,-0.0020327615418150686
2023-07-14,0.0031758862265972446,0.0023747028581142288,0.003799524572982766,0.0039698577832465555
2023-07-17,0.000945999751415775,0.0007058533747595071,0.0011293653996152112,0.0011824996892697186
2023-07-18,0.0002101416512747304,0.00015843912234616214,0.0002535025957538594,0.000262677064093413
2023-07-19,-0.005358633661778774,-0.004053866162904561,-0.006486185860647297,-0.006698292077223467
2023-07-20,-0.00122175322093622,-0.0009117731714424372,-0.0014588370743078994,-0.001527191526170275
2023-07-21,-0.004495935367869435,-0.0033568210854934923,-0.005370913736789587,-0.005619919209836794
2023-07-24,-0.0034674125706708947,-0.0025694956622397836,-0.004111193059583654,-0.0043342657133386185
2023-07-25,0.002919555898341775,0.002152424841866229,0.003443879746985967,0.0036494448729272187
2023-07-26,0.012423178170621189,0.009125043596899788,0.01460006975503966,0.015528972713276487
2023-07-27,-0.0014570862559674749,-0.001006344835431926,-0.0016101517366910816,-0.0018213578199593435
2023-07-28,-0.00471171549692088,-0.0033256477050798545,-0.005321036328127767,-0.005889644371151101
2023-07-31,0.0006853634274649047,0.00047912023880428806,0.0007665923820868609,0.0008567042843311308
2023-08-01,0.00455539462813925,0.003184370253064219,0.005094992404902751,0.005694243285174062
2023-08-02,-0.0056555077281654695,-0.003925449150235972,-0.006280718640377556,-0.007069384660206837
2023-08-03,0.0050258526712483945,0.003442327029193482,0.00550772324670957,0.006282315839060493
2023-08-04,0.0072357102506857,0.004918508552275289,0.007869613683640463,0.009044637813357124
2023-08-07,0.0006472156923801448,0.00043638696611249505,0.000698219145779992,0.000809019615475181
2023-08-08,0.0006962129348224051,0.0005095494752560347,0.0008152791604096555,0.0008702661685280064
2023-08-09,-0.0007,-0.0005362711889935666,-0.0008580339023897065,-0.000875
2023-08-10,0.0,0.0,0.0,0.0
2023-08-11,0.0,0.0,0.0,0.0
2023-08-14,0.0026192344279812006,0.0020464543244684188,0.0032740430349765008,0.0032740430349765008
2023-08-15,0.00021125115692817003,0.00016727912424498165,0.00026406394616021255,0.00026406394616021255
2023-08-16,0.0007532695582203601,0.0006073918983754156,0.0009415869477754501,0.0009415869477754501
2023-08-17,0.00032349657772680004,0.0002668681061853535,0.0004043707221585,0.0004043707221585
2023-08-18,-0.00075224142867849,-0.00062547048276767,-0.0009403017858481125,-0.0009403017858481125
2023-08-21,0.0017515693234633552,0.001457950157086929,0.002189461654329194,0.002189461654329194
2023-08-22,-0.0019605089680890353,-0.001674869966672533,-0.002450636210111294,-0.002450636210111294
2023-08-23,0.00046339640862524045,0.00039467780138046136,0.0005792455107815506,0.0005792455107815506
2023-08-24,-0.0024024246834565156,-0.0020550280790068948,-0.0030030308543206445,-0.0030030308543206445
2023-08-25,0.00508451164726887,0.004349084395500379,0.006355639559086088,0.006355639559086088
2023-08-28,-0.0005719540212879597,-0.0004871048673769027,-0.0007149425266099496,-0.0007149425266099496
2023-08-29,0.0002005672193648553,0.00018655971060412498,0.0002507090242060691,0.0002507090242060691
2023-08-30,0.001414513748489095,0.0013225656638791933,0.0017681421856113686,0.0017681421856113686
2023-08-31,0.00028702171161094133,0.000269914262161983,0.00035877713951367666,0.00035877713951367666
2023-09-01,0.0033228537959991747,0.0031262996687824065,0.0041535672449989685,0.0041535672449989685
2023-09-05,-0.002080196306276685,-0.0019439498724262729,-0.002600245382845856,-0.002600245382845856
2023-09-06,-0.00409223949439124,-0.0038102392119720285,-0.00511529936798905,-0.00511529936798905
2023-09-07,-0.005629952473278124,-0.005177128725301135,-0.007037440591597655,-0.007037440591597655
2023-09-08,0.002362025667482115,0.0021254037211913108,0.0029525320843526437,0.0029525320843526437
2023-09-11,0.008802579551971114,0.007894007027780288,0.011003224439963892,0.011003224439963892
2023-09-12,0.00526938390826043,0.004513645642344918,0.006586729885325538,0.006586729885325538
2023-09-13,-0.000213882573726665,-0.00018463258475696998,-0.00026735321715833126,-0.00026735321715833126
2023-09-14,-1.4958721089055059e-05,-1.2910514207948092e-05,-1.8698401361318824e-05,-1.8698401361318824e-05
2023-09-15,-0.0024417654389693264,-0.002112967855383711,-0.003052206798711658,-0.003052206798711658
2023-09-18,0.0010608396741993101,0.0009250984736905626,0.0013260495927491377,0.0013260495927491377
2023-09-19,0.0043995235850274005,0.004050303873374857,0.005499404481284251,0.005499404481284251
2023-09-20,-0.0015550427549960101,-0.0014374479104172144,-0.0019438034437450125,-0.0019438034437450125
2023-09-21,-0.0027380426682387907,-0.00252463257659225,-0.0034225533352984882,-0.0034225533352984882
2023-09-22,-0.0013551373681468801,-0.0012484976514343803,-0.0016939217101836002,-0.0016939217101836002
2023-09-25,-0.0016410367756870803,-0.001541107775084718,-0.0020512959696088505,-0.0020512959696088505
2023-09-26,0.0014045051911691403,0.0013155826277410623,0.0017556314889614253,0.0017556314889614253
2023-09-27,-0.0016917365234913003,-0.0015958115477587814,-0.0021146706543641253,-0.0021146706543641253
2023-09-28,-0.0008643782918307601,-0.00081826108114878,-0.0010804728647884501,-0.0010804728647884501
2023-09-29,0.0006439883377549201,0.0006093304313700426,0.0008049854221936502,0.0008049854221936502
2023-10-02,0.004733730591363811,0.004496274207019904,0.005917163239204763,0.005917163239204763
2023-10-03,-0.0017295783782803804,-0.0016233207546325042,-0.0021619729728504754,-0.0021619729728504754
2023-10-04,0.0023210611876995605,0.002186019400308946,0.0029013264846244505,0.0029013264846244505
2023-10-05,-0.00035041748265198007,-0.00033065841031868854,-0.0004380218533149751,-0.0004380218533149751
2023-10-06,0.0,0.0,0.0,0.0
2023-10-09,0.0,0.0,0.0,0.0
2023-10-10,0.0,0.0,0.0,0.0
2023-10-11,0.0,0.0,0.0,0.0
2023-10-12,-0.0022755256223876536,-0.0028126088541675595,-0.002844407027984567,-0.002844407027984567
2023-10-13,0.0008077780728859877,0.0009903405611148596,0.0010097225911074846,0.0010097225911074846
2023-10-16,-0.00013983943276713184,-0.00017188339737842564,-0.0001747992909589148,-0.0001747992909589148
2023-10-17,0.0005940933081015667,0.0007426166351269584,0.0007426166351269584,0.0007426166351269584
2023-10-18,-0.0023502372465609724,-0.0029377965582012156,-0.0029377965582012156,-0.0029377965582012156
2023-10-19,0.002040594422100507,0.002550743027625634,0.002550743027625634,0.002550743027625634
2023-10-20,0.005310853622487511,0.006638567028109389,0.006638567028109389,0.006638567028109389
2023-10-23,-0.0025451211657512374,-0.0031814014571890465,-0.0031814014571890465,-0.0031814014571890465
2023-10-24,0.0012782810273456887,0.001597851284182111,0.001597851284182111,0.001597851284182111
2023-10-25,0.0032082576873180228,0.004010322109147528,0.004010322109147528,0.004010322109147528
2023-10-26,0.0051873438408923675,0.006484179801115459,0.006484179801115459,0.006484179801115459
2023-10-27,0.0015363298651390402,0.0019204123314238001,0.0019204123314238001,0.0019204123314238001
2023-10-30,-0.004685430998252871,-0.0058567887478160885,-0.0058567887478160885,-0.0058567887478160885
2023-10-31,-0.0003339883747240851,-0.00041748546840510636,-0.00041748546840510636,-0.00041748546840510636
2023-11-01,-0.0025107133186444987,-0.0031383916483056235,-0.0031383916483056235,-0.0031383916483056235
2023-11-02,-0.0015432511320866865,-0.001929063915108358,-0.001929063915108358,-0.001929063915108358
2023-11-03,0.0036434807084270377,0.004554350885533797,0.004554350885533797,0.004554350885533797
2023-11-06,0.003930292339499644,0.004912865424374555,0.004912865424374555,0.004912865424374555
2023-11-07,-0.001013991888645033,-0.0012674898608062914,-0.0012674898608062914,-0.0012674898608062914
2023-11-08,0.0011448025276977283,0.0014310031596221602,0.0014310031596221602,0.0014310031596221602
2023-11-09,-0.0031971297755045785,-0.003996412219380723,-0.003996412219380723,-0.003996412219380723
2023-11-10,0.001204630787453013,0.0015057884843162664,0.0015057884843162664,0.0015057884843162664
2023-11-13,0.0007813917981854791,0.0009767397477318488,0.0009767397477318488,0.0009767397477318488
2023-11-14,0.005682874495974833,0.007103593119968542,0.007103593119968542,0.007103593119968542
2023-11-15,0.003988948840830579,0.004986186051038223,0.004986186051038223,0.004986186051038223
2023-11-16,-0.0025282821556231153,-0.003160352694528894,-0.003160352694528894,-0.003160352694528894
2023-11-17,0.0018720795317179527,0.002340099414647441,0.002340099414647441,0.002340099414647441
2023-11-20,-0.0014016022440382363,-0.0017520028050477953,-0.0017520028050477953,-0.0017520028050477953
2023-11-21,-0.0013348072016674299,-0.0016685090020842873,-0.0016685090020842873,-0.0016685090020842873
2023-11-22,0.0019538738650765794,0.0024423423313457244,0.0024423423313457244,0.0024423423313457244
2023-11-24,0.0004920702004537643,0.0006150877505672054,0.0006150877505672054,0.0006150877505672054
2023-11-27,-0.001297963645102489,-0.0016224545563781113,-0.0016224545563781113,-0.0016224545563781113
2023-11-28,0.0024301580615581028,0.0030376975769476284,0.0030376975769476284,0.0030376975769476284
2023-11-29,-0.0030559296513153413,-0.0038199120641441765,-0.0038199120641441765,-0.0038199120641441765
2023-11-30,-0.0007762067792555669,-0.0009702584740694586,-0.0009702584740694586,-0.0009702584740694586
2023-12-01,6.589589319156854e-05,8.236986648946066e-05,8.236986648946066e-05,8.236986648946066e-05
2023-12-04,0.0008066316241865837,0.0010082895302332296,0.0010082895302332296,0.0010082895302332296
2023-12-05,0.004889263579017243,0.006111579473771553,0.006111579473771553,0.006111579473771553
2023-12-06,0.006055847120864478,0.007569808901080597,0.007569808901080597,0.007569808901080597
2023-12-07,0.0012389830219950624,0.001548728777493828,0.001548728777493828,0.001548728777493828
2023-12-08,-0.000228245657821276,-0.00028530707227659497,-0.00028530707227659497,-0.00028530707227659497
2023-12-11,0.003020436993944359,0.003775546242430449,0.003775546242430449,0.003775546242430449
2023-12-12,0.002406339086250125,0.0030079238578126564,0.0030079238578126564,0.0030079238578126564
2023-12-13,-0.003281639993096913,-0.004102049991371141,-0.004102049991371141,-0.004102049991371141
2023-12-14,0.0005497887521520168,0.000687235940190021,0.000687235940190021,0.000687235940190021
2023-12-15,-0.0035807560385392647,-0.004475945048174081,-0.004475945048174081,-0.004475945048174081
2023-12-18,0.0028399752180222598,0.0035499690225278247,0.0035499690225278247,0.0035499690225278247
2023-12-19,-0.003922190509105688,-0.00490273813638211,-0.00490273813638211,-0.00490273813638211
2023-12-20,-0.005078251560591551,-0.006347814450739439,-0.006347814450739439,-0.006347814450739439
2023-12-21,-0.0030105519882574665,-0.003657519764734494,-0.003763189985321833,-0.003763189985321833
2023-12-22,0.0004044435796337081,0.00048467538785145777,0.0005055544745421352,0.0005055544745421352
2023-12-26,-0.000814080156755295,-0.0009777440846288452,-0.0010176001959441186,-0.0010176001959441186
2023-12-27,-0.0018133236940514913,-0.0021780603511904273,-0.002266654617564364,-0.002266654617564364
2023-12-28,0.0008445890873338114,0.001009370998767393,0.0010557363591672643,0.0010557363591672643
2023-12-29,0.0003938160245884265,0.00047102847271566074,0.0004922700307355332,0.0004922700307355332
2024-01-02,-0.003058488701025156,-0.003665299361357144,-0.003823110876281445,-0.003823110876281445
2024-01-03,0.002533403852152502,0.0030729943760635084,0.003166754815190627,0.003166754815190627
2024-01-04,0.00020482200778265832,0.00024752724105307544,0.0002560275097283229,0.0002560275097283229
2024-01-05,-0.003589012318366935,-0.0043473763435495395,-0.004486265397958669,-0.004486265397958669
2024-01-08,0.0,0.0,0.0,0.0
2024-01-09,0.0,0.0,0.0,0.0
2024-01-10,0.0,0.0,0.0,0.0
2024-01-11,0.0,0.0,0.0,0.0
2024-01-12,0.0,0.0,0.0,0.0
2024-01-16,0.0,0.0,0.0,0.0
2024-01-17,-0.001957168333120173,-0.00239183122384051,-0.002446460416400216,-0.002446460416400216
2024-01-18,-0.0005622624060395932,-0.0006833994381288866,-0.0007028280075494916,-0.0007028280075494916
2024-01-19,0.0008644722525808907,0.0010500778488472782,0.0010805903157261134,0.0010805903157261134
2024-01-22,0.0032178714085164457,0.00390665518482804,0.004022339260645557,0.004022339260645557
2024-01-23,0.0027990784576371846,0.0033635612189344944,0.003498848072046481,0.003498848072046481
2024-01-24,0.0019913232252162165,0.002393247882764059,0.0024891540315202707,0.0024891540315202707
2024-01-25,-0.00033411521007034893,-0.00040389455466306636,-0.0004176440125879362,-0.0004176440125879362
2024-01-26,0.0016918415332573353,0.0020526708282703836,0.002114801916571669,0.002114801916571669
2024-01-29,-0.001925758573436014,-0.0023319366412161676,-0.0024071982167950174,-0.0024071982167950174
2024-01-30,0.002302441448584094,0.0027723780358741745,0.0028780518107301175,0.0028780518107301175
2024-01-31,0.00030028641791415974,0.00037334752707468235,0.0003753580223926997,0.0003753580223926997
2024-02-01,-0.0022271754662767304,-0.002783969332845913,-0.002783969332845913,-0.002783969332845913
2024-02-02,0.0003884706521795918,0.00048558831522448975,0.00048558831522448975,0.00048558831522448975
2024-02-05,0.0002423764247185446,0.00030297053089818073,0.00030297053089818073,0.00030297053089818073
2024-02-06,0.007370458629822307,0.009213073287277884,0.009213073287277884,0.009213073287277884
2024-02-07,-0.002040679699867268,-0.002550849624834085,-0.002550849624834085,-0.002550849624834085
2024-02-08,0.0018751184844963847,0.0023438981056204808,0.0023438981056204808,0.0023438981056204808
2024-02-09,-0.0015624005724131531,-0.0019530007155164415,-0.0019530007155164415,-0.0019530007155164415
2024-02-12,0.0009467838200536965,0.0011834797750671206,0.0011834797750671206,0.0011834797750671206
2024-02-13,0.00046346979651095793,0.0005793372456386974,0.0005793372456386974,0.0005793372456386974
2024-02-14,0.00255898901768746,0.003198736272109325,0.003198736272109325,0.003198736272109325
2024-02-15,0.0029353800204449006,0.0036692250255561257,0.0036692250255561257,0.0036692250255561257
2024-02-16,0.012456589966674909,0.015570737458343637,0.015570737458343637,0.015570737458343637
2024-02-20,-0.00025024998191207484,-0.00031281247739009353,-0.00031281247739009353,-0.00031281247739009353
2024-02-21,-0.00012277507049759,-0.00015346883812198748,-0.00015346883812198748,-0.00015346883812198748
2024-02-22,-0.0001693301823626,-0.00021166272795324997,-0.00021166272795324997,-0.00021166272795324997
2024-02-23,0.00012717258351920498,0.00015896572939900623,0.00015896572939900623,0.00015896572939900623
2024-02-26,0.000150935723325975,0.00018866965415746876,0.00018866965415746876,0.00018866965415746876
2024-02-27,0.00022596140507419497,0.0002824517563427437,0.0002824517563427437,0.0002824517563427437
2024-02-28,-0.0005335007349474599,-0.0006668759186843248,-0.0006668759186843248,-0.0006668759186843248
2024-02-29,0.00030949062837854,0.00038686328547317503,0.00038686328547317503,0.00038686328547317503
2024-03-01,0.000318680487994085,0.00039835060999260624,0.00039835060999260624,0.00039835060999260624
2024-03-04,-0.00035,-0.0004375,-0.0004375,-0.0004375
2024-03-05,0.0,0.0,0.0,0.0
2024-03-06,0.0,0.0,0.0,0.0
2024-03-07,0.0,0.0,0.0,0.0
2024-03-08,0.0,0.0,0.0,0.0
2024-03-11,0.0,0.0,0.0,0.0
2024-03-12,0.0,0.0,0.0,0.0
2024-03-13,0.0,0.0,0.0,0.0
2024-03-14,-0.000466167336192635,-0.0005827091702407937,-0.0005827091702407937,-0.0005827091702407937
2024-03-15,0.0005172941738451199,0.0006466177173063999,0.0006466177173063999,0.0006466177173063999
2024-03-18,0.006397510372923631,0.007996887966154538,0.007996887966154538,0.007996887966154538
2024-03-19,0.0028124265994432735,0.0034376734831713125,0.0035155332493040916,0.0035155332493040916
2024-03-20,-0.003268224042158185,-0.004085280052697732,-0.004085280052697732,-0.004085280052697732
2024-03-21,-0.004218074116559882,-0.0052725926456998525,-0.0052725926456998525,-0.0052725926456998525
2024-03-22,-0.004847024816653243,-0.006058781020816554,-0.006058781020816554,-0.006058781020816554
2024-03-25,0.002965779736524282,0.003649806831875223,0.0037072246706553527,0.0037072246706553527
2024-03-26,-0.000816929510361045,-0.001003654012120736,-0.0010211618879513063,-0.0010211618879513063
2024-03-27,0.002367733636456115,0.0029042903842803735,0.002959667045570144,0.002959667045570144
2024-03-28,-0.0005589951995798209,-0.0006836791416365295,-0.0006987439994747762,-0.0006987439994747762
2024-04-01,-0.001669479484309338,-0.002061299819655517,-0.0020868493553866723,-0.0020868493553866723
2024-04-02,0.0009285017889921132,0.0011407725292915001,0.0011606272362401414,0.0011606272362401414
2024-04-03,-0.0011716331341839019,-0.001440968774876188,-0.0014645414177298774,-0.0014645414177298774
2024-04-04,-0.0038363643064267846,-0.004754931161942823,-0.0047954553830334805,-0.0047954553830334805
2024-04-05,-0.00539510519693181,-0.006580424526933075,-0.006743881496164762,-0.006743881496164762
2024-04-08,-0.0007340511828379798,-0.0008662298557074012,-0.0009175639785474748,-0.0009175639785474748
2024-04-09,0.0,0.0,0.0,0.0
2024-04-10,0.0,0.0,0.0,0.0
2024-04-11,-0.003367432239020191,-0.0032611532714467064,-0.004209290298775238,-0.004209290298775238
2024-04-12,-0.0071975448270171945,-0.00689917271882154,-0.008996931033771492,-0.008996931033771492
2024-04-15,0.0015729336353451746,0.001451718423641548,0.0019661670441814684,0.0019661670441814684
2024-04-16,0.009595196519728335,0.008873258509359865,0.01199399564966042,0.01199399564966042
2024-04-17,0.0017912733682140297,0.0015674629319684728,0.002239091710267537,0.002239091710267537
2024-04-18,-0.00014463646461644925,-0.00012683245399529896,-0.00018079558077056156,-0.00018079558077056156
2024-04-19,0.00157794364956675,0.0014449252517940855,0.0019724295619584376,0.0019724295619584376
2024-04-22,0.0014778451386712197,0.0013577144283044172,0.0018473064233390246,0.0018473064233390246
2024-04-23,0.002068751971429489,0.0019292187940860284,0.0025859399642868615,0.0025859399642868615
2024-04-24,-0.0007799635430917955,-0.0007377541508866261,-0.0009749544288647444,-0.0009749544288647444
2024-04-25,0.0016060010842095802,0.0015197151808331053,0.0020075013552619753,0.0020075013552619753
2024-04-26,0.006512212454182195,0.006269706953170904,0.008140265567727744,0.008140265567727744
2024-04-29,-0.0001275059077215947,-0.00011974188363847041,-0.00015938238465199338,-0.00015938238465199338
2024-04-30,-0.006184491552186824,-0.005814079614443265,-0.00773061444023353,-0.00773061444023353
2024-05-01,-0.030384927496079017,-0.027787051380229782,-0.03798115937009877,-0.03798115937009877
2024-05-02,0.0035180672689461403,0.0021705368633069756,0.003472858981291161,0.004341073726613951
2024-05-03,0.00552362327611432,0.0034095575666355303,0.005455292106616849,0.006819115133271061
2024-05-06,0.0027306653275163953,0.001764475411965809,0.0028231606591452942,0.0034133316593954943
2024-05-07,-0.0030902457432467048,-0.00199426729199766,-0.003190827667196256,-0.003862807179058381
2024-05-08,-0.0033967640603530004,-0.002194182301926569,-0.0035106916830825096,-0.0042459550754412505
2024-05-09,0.0009086135279214749,0.0005902462581584921,0.0009443940130535872,0.0011357669099018436
2024-05-10,0.00171535151225042,0.001120135687722935,0.0017922171003566956,0.002144189390313025
2024-05-13,0.004134974460983011,0.0027012300584338955,0.004321968093494232,0.005168718076228764
2024-05-14,-0.0003853801899053953,-0.00025022532705662904,-0.0004003605232906064,-0.0004817252373817441
2024-05-15,0.00209617757326576,0.001361031555840162,0.0021776504893442593,0.0026202219665821995
2024-05-16,0.005425250634802991,0.0035164615773564762,0.005626338523770362,0.006781563293503739
2024-05-17,-0.0005257982547245101,-0.0003373347195053633,-0.0005397355512085811,-0.0006572478184056377
2024-05-20,-0.00042445765765326,-0.00027230103331535543,-0.0004356816533045687,-0.000530572072066575
2024-05-21,-0.0012814844316100802,-0.0008220789615105502,-0.0013153263384168801,-0.0016018555395126003
2024-05-22,0.00039838121192694003,0.0002554480774448749,0.00040871692391179987,0.0004979765149086751
2024-05-23,-0.005157540419105161,-0.0033068238942883348,-0.005290918230861335,-0.006446925523881451
2024-05-24,0.0028219202661488104,0.0017945810327893426,0.0028713296524629484,0.003527400332686013
2024-05-28,-0.00476395191953883,-0.0030209064368024057,-0.004833450298883849,-0.005954939899423538
2024-05-29,0.0029879309354788205,0.0018820592155372004,0.0030112947448595207,0.0037349136693485257
2024-05-30,0.00995933908956351,0.006253230855217722,0.010005169368348357,0.012449173861954387
2024-05-31,-0.0014547714184555648,-0.0008856217666775062,-0.0014169948266840099,-0.0017712435333550123
2024-06-03,-0.0066061877802281194,-0.004019224299246508,-0.006430758878794412,-0.008038448598493016
2024-06-04,-0.0003723486610990954,-0.00022374369331572998,-0.00035798990930516796,-0.00044748738663145997
2024-06-05,-0.00022835324776456054,-0.00013721591579081874,-0.00021954546526531,-0.0002744318315816375
2024-06-06,0.0011327232394888749,0.0006806490288207735,0.0010890384461132376,0.001361298057641547
2024-06-07,-0.0037731855321720656,-0.0022662393333536634,-0.003625982933365862,-0.004532478666707327
2024-06-10,0.0047609556858349365,0.0028488495622102303,0.004558159299536368,0.0056976991244204606
2024-06-11,0.00594789951254799,0.0035347091162734713,0.005655534586037554,0.007069418232546943
2024-06-12,0.0012073584573389848,0.0007102723812694396,0.0011364358100311035,0.0014205447625388792
2024-06-13,-0.0005917384444420004,-0.00034806588689091487,-0.0005569054190254637,-0.0006961317737818297
2024-06-14,0.0050982163038116,0.003040471691058792,0.004864754705694067,0.006080943382117584
2024-06-17,0.0008293267390690187,0.0004911847374447852,0.0007858955799116563,0.0009823694748895705
2024-06-18,-0.0021605326243907654,-0.0012835524188420896,-0.002053683870147343,-0.002567104837684179
2024-06-20,0.00045747882810919514,0.00027164417967913434,0.000434630687486615,0.0005432883593582687
2024-06-21,0.0005250626368233599,0.0003133085900911956,0.000501293744145913,0.0006266171801823912
2024-06-24,-0.00228066707470519,-0.0013616542333456131,-0.0021786467733529813,-0.0027233084666912263
2024-06-25,0.005624599064769425,0.0033522803831934848,0.005363648613109575,0.0067045607663869695
2024-06-26,-0.002839825346735255,-0.0016792351339138143,-0.0026867762142621025,-0.0033584702678276287
2024-06-27,0.006066045368341141,0.0035784682476967837,0.005725549196314854,0.007156936495393567
2024-06-28,-0.00431400338156735,-0.0025215844986293335,-0.004034535197806934,-0.005043168997258667
2024-07-01,-0.00030000000000000003,-0.00017454438537471928,-0.0002792710165995508,-0.00034908877074943856
2024-07-02,0.0,0.0,0.0,0.0
2024-07-03,0.0,0.0,0.0,0.0
2024-07-05,0.0,0.0,0.0,0.0
2024-07-08,0.0,0.0,0.0,0.0
2024-07-09,0.0,0.0,0.0,0.0
2024-07-10,0.0,0.0,0.0,0.0
2024-07-11,0.0,0.0,0.0,0.0
2024-07-12,0.0,0.0,0.0,0.0
2024-07-15,0.0,0.0,0.0,0.0
2024-07-16,0.0,0.0,0.0,0.0
2024-07-17,0.00030095108654513,0.0003223013004525966,0.0003761888581814125,0.0003761888581814125
2024-07-18,-0.002695326360677755,-0.0032002886862585777,-0.0033691579508471937,-0.0033691579508471937
2024-07-19,-0.007906281149909695,-0.00928207079846771,-0.00988285143738712,-0.00988285143738712
2024-07-22,0.0026411081925414295,0.002889250367576302,0.003301385240676787,0.003301385240676787
2024-07-23,0.00326530476380605,0.0035695598375878857,0.004081630954757563,0.004081630954757563
2024-07-24,-0.0051412195597918256,-0.005594207294619218,-0.006426524449739782,-0.006426524449739782
2024-07-25,-0.0037536443310354503,-0.003980416337747842,-0.004692055413794313,-0.004692055413794313
2024-07-26,0.00209693315134738,0.0021933720012125998,0.002621166439184225,0.002621166439184225
2024-07-29,-0.0022059027539610043,-0.002303158302778113,-0.0027573784424512553,-0.0027573784424512553
2024-07-30,-5.976220439334523e-05,-6.294386005454455e-05,-7.470275549168153e-05,-7.470275549168153e-05
2024-07-31,-0.002464212491464691,-0.0025989439784143676,-0.0030802656143308635,-0.0030802656143308635
2024-08-01,-0.00543190384382306,-0.0059606550379825325,-0.006789879804778826,-0.006789879804778826
2024-08-02,-0.01119433386689651,-0.011968005088691875,-0.013992917333620639,-0.013992917333620639
2024-08-05,-0.007411828309410091,-0.0072204922375955485,-0.009264785386762614,-0.009264785386762614
2024-08-06,0.0015333523608190547,0.0014500530855839544,0.0019166904510238185,0.0019166904510238185
2024-08-07,-0.0006944152379587599,-0.0006592718326074374,-0.0008680190474484498,-0.0008680190474484498
2024-08-08,0.0027217754894563895,0.002584288237797818,0.003402219361820487,0.003402219361820487
2024-08-09,-1.1677315727347346e-06,-1.1015564503541904e-06,-1.4596644659184183e-06,-1.4596644659184183e-06
2024-08-12,0.00214948330859535,0.0020278045689315237,0.0026868541357441874,0.0026868541357441874
2024-08-13,0.0016776980632375901,0.0015784885547202357,0.0020971225790469878,0.0020971225790469878
2024-08-14,0.0017905230114698403,0.0016815881661630023,0.0022381537643373006,0.0022381537643373006
2024-08-15,-0.00049704646630774,-0.00046585673968409154,-0.000621308082884675,-0.000621308082884675
2024-08-16,-0.0006415752236611199,-0.0006038913914785291,-0.0008019690295764,-0.0008019690295764
2024-08-19,-0.0009388005227779499,-0.0008835736253614275,-0.0011735006534724373,-0.0011735006534724373
2024-08-20,0.0010456767437881098,0.0009839173167581342,0.0013070959297351373,0.0013070959297351373
2024-08-21,0.0008348990179847798,0.0007846545629689257,0.0010436237724809748,0.0010436237724809748
2024-08-22,0.00324443033864411,0.003046722945120362,0.004055537923305138,0.004055537923305138
2024-08-23,-0.00039148639745012,-0.00036454589248196537,-0.0004893579968126499,-0.0004893579968126499
2024-08-26,-0.001264802368709915,-0.0011777736922634978,-0.0015810029608873937,-0.0015810029608873937
2024-08-27,0.004481675941332065,0.0041703151833646515,0.005602094926665082,0.005602094926665082
2024-08-28,-0.00164676871637985,-0.0015096635567114142,-0.0020584608954748126,-0.0020584608954748126
2024-08-29,9.311283436556504e-05,8.532113050019152e-05,0.0001163910429569563,0.0001163910429569563
2024-08-30,-0.0016059932789351848,-0.001484008532700969,-0.002007491598668981,-0.002007491598668981
2024-09-03,0.008485881339016725,0.007837857377474798,0.010607351673770906,0.010607351673770906
2024-09-04,-0.002427716028494155,-0.0022053265712280237,-0.0030346450356176936,-0.0030346450356176936
2024-09-05,-0.000509731849465125,-0.000461296913271656,-0.0006371648118314063,-0.0006371648118314063
2024-09-06,0.0029409391250578847,0.0026926343433956953,0.0036761739063223557,0.0036761739063223557
2024-09-09,-0.00392701748699526,-0.0035756468785145424,-0.004908771858744075,-0.004908771858744075
2024-09-10,0.004389150556373905,0.003960098520516647,0.005486438195467382,0.005486438195467382
2024-09-11,-0.0011596574125262,-0.0010498434805359922,-0.00144957176565775,-0.00144957176565775
2024-09-12,-0.001383835269734195,-0.0012698223297166857,-0.0017297940871677437,-0.0017297940871677437
2024-09-13,0.0020491804824031047,0.002029245333149074,0.002561475603003881,0.002561475603003881
2024-09-16,-0.004049359956073355,-0.004054592462959795,-0.0050616999450916935,-0.0050616999450916935
2024-09-17,-0.0009452708235549404,-0.0009359586148376132,-0.0011815885294436754,-0.0011815885294436754
2024-09-18,-0.00214083971210907,-0.002224751431690627,-0.0026760496401363374,-0.0026760496401363374
2024-09-19,0.00176330084578023,0.001834357378764813,0.0022041260572252873,0.0022041260572252873
2024-09-20,-0.0036719347198436586,-0.003806342521463811,-0.004589918399804573,-0.004589918399804573
2024-09-23,0.0009747050737500102,0.0010134416709191402,0.0012183813421875129,0.0012183813421875129
2024-09-24,0.0020591617214097005,0.0021403534528937063,0.0025739521517621254,0.0025739521517621254
2024-09-25,-0.0008156449045221301,-0.000845263206609868,-0.0010195561306526625,-0.0010195561306526625
2024-09-26,0.00034399610027592006,0.0003579605318755258,0.00042999512534490006,0.00042999512534490006
2024-09-27,0.0024454610503085953,0.002544210666899974,0.003056826312885744,0.003056826312885744
2024-09-30,-0.0003274252140399751,-0.00033829083267509634,-0.00040928151754996886,-0.00040928151754996886
2024-10-01,0.003490165610164821,0.0036064190475881943,0.004362707012706026,0.004362707012706026
2024-10-02,0.00014089055822121541,0.00014379582981027198,0.00017611319777651927,0.00017611319777651927
2024-10-03,0.0015228206526217403,0.00155407842772769,0.0019035258157771755,0.0019035258157771755
2024-10-04,-0.0026424396944090245,-0.0026893713511172528,-0.0033030496180112808,-0.0033030496180112808
2024-10-07,0.00275654924571247,0.0027932832467096073,0.0034456865571405875,0.0034456865571405875
2024-10-08,0.0,0.0,0.0,0.0
2024-10-09,0.0,0.0,0.0,0.0
2024-10-10,0.0,0.0,0.0,0.0
2024-10-11,0.0,0.0,0.0,0.0
2024-10-14,0.0,0.0,0.0,0.0
2024-10-15,0.0,0.0,0.0,0.0
2024-10-16,0.0,0.0,0.0,0.0
2024-10-17,-0.0010128889406643,-0.000725334584043033,-0.0011605353344688529,-0.0012661111758303749
2024-10-18,-0.00649596613747355,-0.004787806724812142,-0.007660490759699427,-0.008119957671841937
2024-10-21,0.0043210843959043,0.0031359258025503473,0.005017481284080555,0.005401355494880375
2024-10-22,-0.0008205337976899,-0.0005940828817970935,-0.0009505326108753496,-0.001025667247112375
2024-10-23,0.0012785712972313997,0.0009280516798714454,0.0014848826877943125,0.0015982141215392497
2024-10-24,-0.00047433728741325,-0.0003440647773490977,-0.0005505036437585563,-0.0005929216092665625
2024-10-25,0.0010156967956065,0.0007390914984958077,0.001182546397593292,0.0012696209945081249
2024-10-28,0.0022815688510241,0.0016654104372773083,0.0026646566996436933,0.002851961063780125
2024-10-29,-0.00182266296324905,-0.0013273823174906158,-0.0021238117079849855,-0.0022783287040613123
2024-10-30,0.0029208751095483503,0.0021438014186094417,0.003430082269775107,0.0036510938869354376
2024-10-31,0.01820931622023575,0.013834336184171122,0.02213493789467379,0.022761645275294687
2024-11-01,-0.0052850938619848,-0.003983461796166424,-0.006373538873866279,-0.006606367327481
2024-11-04,0.0008773526545459,0.0007009462224746123,0.001096690818182375,0.001096690818182375
2024-11-05,-0.00287201626767285,-0.0022957082518580653,-0.0035900203345910625,-0.0035900203345910625
2024-11-06,-0.0349695367918393,-0.027802274446774213,-0.04371192098979912,-0.04371192098979912
2024-11-07,0.00359435192389925,0.0018993660730209872,0.0030389857168335796,0.0037987321460419745
2024-11-08,-0.0013227805353128498,-0.0006972409222426721,-0.0011155854755882755,-0.0013944818444853442
2024-11-11,-0.0030222765683416996,-0.0015954169111027628,-0.0025526670577644206,-0.0031908338222055256
2024-11-12,-0.004115702680411,-0.0021709046131325794,-0.003473447381012127,-0.004341809226265159
2024-11-13,-0.0034844685147309,-0.0018344136961209495,-0.002935061913793519,-0.003668827392241899
2024-11-14,-0.0021118267242947,-0.0011093079245452168,-0.001774892679272347,-0.0022186158490904336
2024-11-15,0.00474966727286485,0.002492881962833857,0.003988611140534171,0.004985763925667714
2024-11-18,-0.00058994372709,-0.0003081090991815929,-0.0004929745586905487,-0.0006162181983631858
2024-11-19,-0.0005,-0.00026262056016417636,-0.0004201928962626822,-0.0005252411203283527
2024-11-20,0.0,0.0,0.0,0.0
2024-11-21,0.0,0.0,0.0,0.0
2024-11-22,0.0,0.0,0.0,0.0
2024-11-25,0.0,0.0,0.0,0.0
2024-11-26,0.0,0.0,0.0,0.0
2024-11-27,0.0,0.0,0.0,0.0
2024-11-29,0.0,0.0,0.0,0.0
2024-12-02,0.0,0.0,0.0,0.0
2024-12-03,0.0,0.0,0.0,0.0
2024-12-04,0.0,0.0,0.0,0.0
2024-12-05,0.0,0.0,0.0,0.0
2024-12-06,0.0,0.0,0.0,0.0
2024-12-09,0.0,0.0,0.0,0.0
2024-12-10,0.0,0.0,0.0,0.0
2024-12-11,0.0,0.0,0.0,0.0
2024-12-12,0.0,0.0,0.0,0.0
2024-12-13,0.0,0.0,0.0,0.0
2024-12-16,0.0,0.0,0.0,0.0
2024-12-17,0.0,0.0,0.0,0.0
2024-12-18,0.0,0.0,0.0,0.0
2024-12-19,-0.0004282031428139,-0.00024392680872371912,-0.00039028289395795057,-0.00048785361744743824
2024-12-20,0.00200889751228185,0.0011483438052059865,0.0018373500883295782,0.002296687610411973
2024-12-23,-0.0045309645440832,-0.0025941201016712215,-0.004150592162673954,-0.005188240203342443
2024-12-24,0.0016134674078403,0.0009216830028323706,0.001474692804531793,0.0018433660056647412
2024-12-26,-2.322552583991987e-05,-1.3257037182647505e-05,-2.1211259492236005e-05,-2.651407436529501e-05
2024-12-27,-0.00549352055569695,-0.0031744824776647677,-0.0050791719642636285,-0.0063489649553295354
2024-12-30,-0.0028764586416171,-0.001660202410234649,-0.0026563238563754384,-0.003320404820469298
2024-12-31,-0.0015400148740179,-0.0008874501012776185,-0.0014199201620441896,-0.001774900202555237
