date,pair,strategy_return,strategy_return_gross,position_change,segment,weight,weighted_return
2017-07-05,EEM/VEA,0.0,0.0,0.0,0,0.35,0.0
2017-07-05,AMZN/META,-0.0,-0.0,0.0,0,0.3,-0.0
2017-07-05,IEFA/VWO,0.0,0.0,0.0,0,0.35,0.0
2017-07-06,EEM/VEA,0.0013471987213291,0.0023471987213291,1.0,0,0.35,0.0004715195524652
2017-07-06,AMZN/META,-0.0,-0.0,0.0,0,0.3,-0.0
2017-07-06,IEFA/VWO,0.0024929993989453,0.0034929993989453,1.0,0,0.35,0.0008725497896308
2017-07-07,EEM/VEA,6.05858787869692e-07,6.05858787869692e-07,0.0,0,0.35,2.120505757543922e-07
2017-07-07,AMZN/META,0.0,0.0,0.0,0,0.3,0.0
2017-07-07,IEFA/VWO,-0.0009273067652055,-0.0009273067652055,0.0,0,0.35,-0.0003245573678219
2017-07-10,EEM/VEA,-0.0035513720129829,-0.0035513720129829,0.0,0,0.35,-0.001242980204544
2017-07-10,AMZN/META,-0.0,-0.0,0.0,0,0.3,-0.0
2017-07-10,IEFA/VWO,-0.0031190545458493,-0.0031190545458493,0.0,0,0.35,-0.0010916690910472
2017-07-11,EEM/VEA,-0.0022041556334437,-0.0022041556334437,0.0,0,0.35,-0.0007714544717052
2017-07-11,AMZN/META,0.0,0.0,0.0,0,0.3,0.0
2017-07-11,IEFA/VWO,-0.0026772296116728,-0.0026772296116728,0.0,0,0.35,-0.0009370303640854
2017-07-12,EEM/VEA,-0.0044951600633559,-0.0044951600633559,0.0,0,0.35,-0.0015733060221745
2017-07-12,AMZN/META,-0.00867945315447,-0.00767945315447,1.0,0,0.3,-0.002603835946341
2017-07-12,IEFA/VWO,-0.0070236548583916,-0.0070236548583916,0.0,0,0.35,-0.002458279200437
2017-07-13,EEM/VEA,-0.001,-0.0,1.0,0,0.35,-0.00035
2017-07-13,AMZN/META,-0.0038271030389136,-0.0038271030389136,0.0,0,0.3,-0.001148130911674
2017-07-13,IEFA/VWO,-0.001,-0.0,1.0,0,0.35,-0.00035
2017-07-14,EEM/VEA,-0.0032842234359335,-0.0022842234359335,1.0,0,0.35,-0.0011494782025767
2017-07-14,AMZN/META,-0.0020026276229385,-0.0020026276229385,0.0,0,0.3,-0.0006007882868815
2017-07-14,IEFA/VWO,-0.0035848203975708,-0.0025848203975708,1.0,0,0.35,-0.0012546871391498
2017-07-17,EEM/VEA,0.0013384666527613,0.0013384666527613,0.0,0,0.35,0.0004684633284664
2017-07-17,AMZN/META,0.0044240801002823,0.0044240801002823,0.0,0,0.3,0.0013272240300847
2017-07-17,IEFA/VWO,0.0020992682398367,0.0020992682398367,0.0,0,0.35,0.0007347438839428
2017-07-18,EEM/VEA,-0.0003190953097601,-0.0003190953097601,0.0,0,0.35,-0.000111683358416
2017-07-18,AMZN/META,-0.0048636506455595,-0.0048636506455595,0.0,0,0.3,-0.0014590951936678
2017-07-18,IEFA/VWO,-0.0003499110461685,-0.0003499110461685,0.0,0,0.35,-0.0001224688661589
2017-07-19,EEM/VEA,-0.0014892755516835,-0.0014892755516835,0.0,0,0.35,-0.0005212464430892
2017-07-19,AMZN/META,-0.0034140412979036,-0.0034140412979036,0.0,0,0.3,-0.001024212389371
2017-07-19,IEFA/VWO,-0.0035532310623489,-0.0035532310623489,0.0,0,0.35,-0.0012436308718221
2017-07-20,EEM/VEA,0.0022750031539219,0.0022750031539219,0.0,0,0.35,0.0007962511038726
2017-07-20,AMZN/META,-0.0005657247049292,-0.0005657247049292,0.0,0,0.3,-0.0001697174114787
2017-07-20,IEFA/VWO,0.0029480174994041,0.0029480174994041,0.0,0,0.35,0.0010318061247914
2017-07-21,EEM/VEA,-0.0010267117105914,-0.0010267117105914,0.0,0,0.35,-0.000359349098707
2017-07-21,AMZN/META,-0.0009422041991294,-0.0009422041991294,0.0,0,0.3,-0.0002826612597388
2017-07-21,IEFA/VWO,-0.0002973595520829,-0.0002973595520829,0.0,0,0.35,-0.000104075843229
2017-07-24,EEM/VEA,-0.0024105915170422,-0.0024105915170422,0.0,0,0.35,-0.0008437070309647
2017-07-24,AMZN/META,0.0002783599704302,0.0002783599704302,0.0,0,0.3,8.350799112907328e-05
2017-07-24,IEFA/VWO,-0.0030974006342414,-0.0030974006342414,0.0,0,0.35,-0.0010840902219845
2017-07-25,EEM/VEA,0.0015731988901481,0.0015731988901481,0.0,0,0.35,0.0005506196115518
2017-07-25,AMZN/META,0.0028285942621026,0.0028285942621026,0.0,0,0.3,0.0008485782786307
2017-07-25,IEFA/VWO,0.0014856698869649,0.0014856698869649,0.0,0,0.35,0.0005199844604377
2017-07-26,EEM/VEA,-0.0005976836431075,-0.0005976836431075,0.0,0,0.35,-0.0002091892750876
2017-07-26,AMZN/META,0.0043237966829406,0.0043237966829406,0.0,0,0.3,0.0012971390048821
2017-07-26,IEFA/VWO,-0.001433578224377,-0.001433578224377,0.0,0,0.35,-0.0005017523785319
2017-07-27,EEM/VEA,0.0006277336357049,0.0006277336357049,0.0,0,0.35,0.0002197067724967
2017-07-27,AMZN/META,-0.0192090937472022,-0.0192090937472022,0.0,0,0.3,-0.0057627281241606
2017-07-27,IEFA/VWO,0.0019738154953088,0.0019738154953088,0.0,0,0.35,0.000690835423358
2017-07-28,EEM/VEA,0.0007124370112829,0.0007124370112829,0.0,0,0.35,0.000249352953949
2017-07-28,AMZN/META,-0.0175098685227754,-0.0175098685227754,0.0,0,0.3,-0.0052529605568326
2017-07-28,IEFA/VWO,-0.0016079147471812,-0.0016079147471812,0.0,0,0.35,-0.0005627701615134
2017-07-31,EEM/VEA,0.0005739063290945,0.0005739063290945,0.0,0,0.35,0.000200867215183
2017-07-31,AMZN/META,-0.0035967977343531,-0.0035967977343531,0.0,0,0.3,-0.0010790393203059
2017-07-31,IEFA/VWO,0.0001413757065885,0.0001413757065885,0.0,0,0.35,4.9481497305997146e-05
2017-08-01,EEM/VEA,0.0015692923855965,0.0015692923855965,0.0,0,0.35,0.0005492523349587
2017-08-01,AMZN/META,0.0017829293300464,0.0017829293300464,0.0,0,0.3,0.0005348787990139
2017-08-01,IEFA/VWO,0.0001947375284704,0.0001947375284704,0.0,0,0.35,6.815813496465285e-05
2017-08-02,EEM/VEA,-0.0006770561203172,-0.0006770561203172,0.0,0,0.35,-0.000236969642111
2017-08-02,AMZN/META,0.0016912577925197,0.0016912577925197,0.0,0,0.3,0.0005073773377559
2017-08-02,IEFA/VWO,-0.0013620648681614,-0.0013620648681614,0.0,0,0.35,-0.0004767227038565
2017-08-03,EEM/VEA,0.0011900839396702,0.0011900839396702,0.0,0,0.35,0.0004165293788846
2017-08-03,AMZN/META,-0.0017201271717014,-0.0017201271717014,0.0,0,0.3,-0.0005160381515104
2017-08-03,IEFA/VWO,0.0024097281044242,0.0024097281044242,0.0,0,0.35,0.0008434048365484
2017-08-04,EEM/VEA,-0.001,-0.0,1.0,0,0.35,-0.00035
2017-08-04,AMZN/META,-0.0030572292349035,-0.0030572292349035,0.0,0,0.3,-0.000917168770471
2017-08-04,IEFA/VWO,-0.0008520972062245,-0.0008520972062245,0.0,0,0.35,-0.0002982340221785
2017-08-07,EEM/VEA,-0.0,-0.0,0.0,0,0.35,-0.0
2017-08-07,AMZN/META,-0.0054938360149416,-0.0054938360149416,0.0,0,0.3,-0.0016481508044824
2017-08-07,IEFA/VWO,-0.0042895864115232,-0.0042895864115232,0.0,0,0.35,-0.0015013552440331
2017-08-08,EEM/VEA,-0.0,-0.0,0.0,0,0.35,-0.0
2017-08-08,AMZN/META,-0.001,-0.0,1.0,0,0.3,-0.0003
2017-08-08,IEFA/VWO,-0.0011520329408889,-0.0011520329408889,0.0,0,0.35,-0.0004032115293111
2017-08-09,EEM/VEA,0.0,0.0,0.0,0,0.35,0.0
2017-08-09,AMZN/META,-0.0044546073241036,-0.0034546073241036,1.0,0,0.3,-0.0013363821972311
2017-08-09,IEFA/VWO,0.0021715592818417,0.0021715592818417,0.0,0,0.35,0.0007600457486446
2017-08-10,EEM/VEA,0.0,0.0,0.0,0,0.35,0.0
2017-08-10,AMZN/META,0.0001954926775964,0.0001954926775964,0.0,0,0.3,5.864780327892859e-05
2017-08-10,IEFA/VWO,-0.001,0.0,1.0,0,0.35,-0.00035
2017-08-11,EEM/VEA,-0.0,-0.0,0.0,0,0.35,-0.0
2017-08-11,AMZN/META,0.003168760581124,0.003168760581124,0.0,0,0.3,0.0009506281743372
2017-08-11,IEFA/VWO,-0.0,-0.0,0.0,0,0.35,-0.0
2017-08-14,EEM/VEA,-0.0,-0.0,0.0,0,0.35,-0.0
2017-08-14,AMZN/META,-0.0011642281576213,-0.0011642281576213,0.0,0,0.3,-0.0003492684472864
2017-08-14,IEFA/VWO,-0.0,-0.0,0.0,0,0.35,-0.0
2017-08-15,EEM/VEA,-0.0,-0.0,0.0,0,0.35,-0.0
2017-08-15,AMZN/META,-0.001047097415631,-0.001047097415631,0.0,0,0.3,-0.0003141292246893
2017-08-15,IEFA/VWO,-0.0,-0.0,0.0,0,0.35,-0.0
2017-08-16,EEM/VEA,-0.0,-0.0,0.0,0,0.35,-0.0
2017-08-16,AMZN/META,0.0009394579989216,0.0009394579989216,0.0,0,0.3,0.0002818373996764
2017-08-16,IEFA/VWO,-0.0,-0.0,0.0,0,0.35,-0.0
2017-08-17,EEM/VEA,-0.0,-0.0,0.0,0,0.35,-0.0
2017-08-17,AMZN/META,0.001180895403218,0.001180895403218,0.0,0,0.3,0.0003542686209654
2017-08-17,IEFA/VWO,0.0,0.0,0.0,0,0.35,0.0
2017-08-18,EEM/VEA,-0.0,-0.0,0.0,0,0.35,-0.0
2017-08-18,AMZN/META,-0.00261456253757,-0.00261456253757,0.0,0,0.3,-0.000784368761271
2017-08-18,IEFA/VWO,-0.0,-0.0,0.0,0,0.35,-0.0
2017-08-21,EEM/VEA,-0.0,-0.0,0.0,0,0.35,-0.0
2017-08-21,AMZN/META,-0.0037135862385649,-0.0037135862385649,0.0,0,0.3,-0.0011140758715695
2017-08-21,IEFA/VWO,-0.0,-0.0,0.0,0,0.35,-0.0
2017-08-22,EEM/VEA,-0.0,-0.0,0.0,0,0.35,-0.0
2017-08-22,AMZN/META,0.0008451667715246,0.0008451667715246,0.0,0,0.3,0.0002535500314573
2017-08-22,IEFA/VWO,-0.0,-0.0,0.0,0,0.35,-0.0
2017-08-23,EEM/VEA,-0.0028964451473313,-0.0018964451473313,1.0,0,0.35,-0.0010137558015659
2017-08-23,AMZN/META,-0.0014120347926555,-0.0014120347926555,0.0,0,0.3,-0.0004236104377966
2017-08-23,IEFA/VWO,-0.0,-0.0,0.0,0,0.35,-0.0
2017-08-24,EEM/VEA,-0.0020699289245312,-0.0020699289245312,0.0,0,0.35,-0.0007244751235859
2017-08-24,AMZN/META,0.0003250393268938,0.0003250393268938,0.0,0,0.3,9.75117980681508e-05
2017-08-24,IEFA/VWO,-0.0,-0.0,0.0,0,0.35,-0.0
2017-08-25,EEM/VEA,0.0006632697289533,0.0006632697289533,0.0,0,0.35,0.0002321444051336
2017-08-25,AMZN/META,0.0009427653137417,0.0009427653137417,0.0,0,0.3,0.0002828295941225
2017-08-25,IEFA/VWO,-0.0,-0.0,0.0,0,0.35,-0.0
2017-08-28,EEM/VEA,0.0015823469108712,0.0015823469108712,0.0,0,0.35,0.0005538214188049
2017-08-28,AMZN/META,-0.0025570271282478,-0.0025570271282478,0.0,0,0.3,-0.0007671081384743
2017-08-28,IEFA/VWO,0.0,0.0,0.0,0,0.35,0.0
2017-08-29,EEM/VEA,-0.0015870389392886,-0.0015870389392886,0.0,0,0.35,-0.000555463628751
2017-08-29,AMZN/META,0.0014135360723677,0.0014135360723677,0.0,0,0.3,0.0004240608217103
2017-08-29,IEFA/VWO,-0.0,-0.0,0.0,0,0.35,-0.0
2017-08-30,EEM/VEA,-0.0014846505179187,-0.0014846505179187,0.0,0,0.35,-0.0005196276812715
2017-08-30,AMZN/META,0.0007199216411302,0.0007199216411302,0.0,0,0.3,0.000215976492339
2017-08-30,IEFA/VWO,-0.0,-0.0,0.0,0,0.35,-0.0
2017-08-31,EEM/VEA,0.0041474097187253,0.0041474097187253,0.0,0,0.35,0.0014515934015538
2017-08-31,AMZN/META,-0.0001249257541651,-0.0001249257541651,0.0,0,0.3,-3.747772624955852e-05
2017-08-31,IEFA/VWO,0.0,0.0,0.0,0,0.35,0.0
2017-09-01,EEM/VEA,-0.001,-0.0,1.0,0,0.35,-0.00035
2017-09-01,AMZN/META,-0.0012773892440876,-0.0012773892440876,0.0,0,0.3,-0.0003832167732262
2017-09-01,IEFA/VWO,-0.0,-0.0,0.0,0,0.35,-0.0
2017-09-05,EEM/VEA,0.0,0.0,0.0,0,0.35,0.0
2017-09-05,AMZN/META,-0.0022296831390154,-0.0022296831390154,0.0,0,0.3,-0.0006689049417046
2017-09-05,IEFA/VWO,0.0,0.0,0.0,0,0.35,0.0
2017-09-06,EEM/VEA,0.0,0.0,0.0,0,0.35,0.0
2017-09-06,AMZN/META,-0.001,0.0,1.0,0,0.3,-0.0003
2017-09-06,IEFA/VWO,-0.0,-0.0,0.0,0,0.35,-0.0
2017-09-07,EEM/VEA,0.0,0.0,0.0,0,0.35,0.0
2017-09-07,AMZN/META,-0.0,-0.0,0.0,0,0.3,-0.0
2017-09-07,IEFA/VWO,0.0,0.0,0.0,0,0.35,0.0
2017-09-08,EEM/VEA,0.0,0.0,0.0,0,0.35,0.0
2017-09-08,AMZN/META,-0.0,-0.0,0.0,0,0.3,-0.0
2017-09-08,IEFA/VWO,0.0,0.0,0.0,0,0.35,0.0
2017-09-11,EEM/VEA,0.0002821796111102,0.0012821796111102,1.0,0,0.35,9.876286388857357e-05
2017-09-11,AMZN/META,0.0,0.0,0.0,0,0.3,0.0
2017-09-11,IEFA/VWO,-0.0,-0.0,0.0,0,0.35,-0.0
2017-09-12,EEM/VEA,-0.0016696731954732,-0.0016696731954732,0.0,0,0.35,-0.0005843856184156
2017-09-12,AMZN/META,-0.0,-0.0,0.0,0,0.3,-0.0
2017-09-12,IEFA/VWO,0.0,0.0,0.0,0,0.35,0.0
2017-09-13,EEM/VEA,0.0004880955229577,0.0004880955229577,0.0,0,0.35,0.0001708334330352
2017-09-13,AMZN/META,-0.0,-0.0,0.0,0,0.3,-0.0
2017-09-13,IEFA/VWO,-0.0011265858227634,-0.0001265858227634,1.0,0,0.35,-0.0003943050379671
2017-09-14,EEM/VEA,-0.0005249555603674,-0.0005249555603674,0.0,0,0.35,-0.0001837344461285
2017-09-14,AMZN/META,-0.0037454874853013,-0.0027454874853013,1.0,0,0.3,-0.0011236462455903
2017-09-14,IEFA/VWO,-0.000246658922768,-0.000246658922768,0.0,0,0.35,-8.633062296881893e-05
2017-09-15,EEM/VEA,0.0021912929419586,0.0021912929419586,0.0,0,0.35,0.0007669525296855
2017-09-15,AMZN/META,-0.001,0.0,1.0,0,0.3,-0.0003
2017-09-15,IEFA/VWO,0.0029453077521166,0.0029453077521166,0.0,0,0.35,0.0010308577132408
2017-09-18,EEM/VEA,0.0004940388127034,0.0004940388127034,0.0,0,0.35,0.0001729135844462
2017-09-18,AMZN/META,0.0002982718099018,0.0012982718099018,1.0,0,0.3,8.948154297055921e-05
2017-09-18,IEFA/VWO,-0.0015368910391879,-0.0015368910391879,0.0,0,0.35,-0.0005379118637157
2017-09-19,EEM/VEA,-0.0019618884197191,-0.0019618884197191,0.0,0,0.35,-0.0006866609469016
2017-09-19,AMZN/META,0.0097343631321337,0.0097343631321337,0.0,0,0.3,0.0029203089396401
2017-09-19,IEFA/VWO,-0.0021903650603197,-0.0021903650603197,0.0,0,0.35,-0.0007666277711119
2017-09-20,EEM/VEA,-0.0003522968967997,-0.0003522968967997,0.0,0,0.35,-0.0001233039138799
2017-09-20,AMZN/META,-0.001,-0.0,1.0,0,0.3,-0.0003
2017-09-20,IEFA/VWO,-8.004421282644856e-05,-8.004421282644856e-05,0.0,0,0.35,-2.8015474489257e-05
2017-09-21,EEM/VEA,0.0009615192136839,0.0009615192136839,0.0,0,0.35,0.0003365317247893
2017-09-21,AMZN/META,0.0,0.0,0.0,0,0.3,0.0
2017-09-21,IEFA/VWO,0.0017270988136729,0.0017270988136729,0.0,0,0.35,0.0006044845847855
2017-09-22,EEM/VEA,-0.0036795159734364,-0.0036795159734364,0.0,0,0.35,-0.0012878305907027
2017-09-22,AMZN/META,0.0,0.0,0.0,0,0.3,0.0
2017-09-22,IEFA/VWO,-0.0041091920594548,-0.0041091920594548,0.0,0,0.35,-0.0014382172208092
2017-09-25,EEM/VEA,-0.0041896111465075,-0.0041896111465075,0.0,0,0.35,-0.0014663639012776
2017-09-25,AMZN/META,-0.0,-0.0,0.0,0,0.3,-0.0
2017-09-25,IEFA/VWO,-0.0050129077393928,-0.0050129077393928,0.0,0,0.35,-0.0017545177087874
2017-09-26,EEM/VEA,0.0011480036332762,0.0011480036332762,0.0,0,0.35,0.0004018012716466
2017-09-26,AMZN/META,0.0037695321235187,0.0047695321235187,1.0,0,0.3,0.0011308596370556
2017-09-26,IEFA/VWO,0.0014531901107535,0.0014531901107535,0.0,0,0.35,0.0005086165387637
2017-09-27,EEM/VEA,-0.0022755532540006,-0.0022755532540006,0.0,0,0.35,-0.0007964436389002
2017-09-27,AMZN/META,0.0041087048429723,0.0041087048429723,0.0,0,0.3,0.0012326114528916
2017-09-27,IEFA/VWO,-0.0030456399212602,-0.0030456399212602,0.0,0,0.35,-0.001065973972441
2017-09-28,EEM/VEA,-0.0022259548271435,-0.0022259548271435,0.0,0,0.35,-0.0007790841895002
2017-09-28,AMZN/META,0.0002483426814114,0.0002483426814114,0.0,0,0.3,7.450280442344088e-05
2017-09-28,IEFA/VWO,-0.0014572365783778,-0.0014572365783778,0.0,0,0.35,-0.0005100328024322
2017-09-29,EEM/VEA,0.0011046199286932,0.0011046199286932,0.0,0,0.35,0.0003866169750426
2017-09-29,AMZN/META,0.0038124492049362,0.0038124492049362,0.0,0,0.3,0.0011437347614808
2017-09-29,IEFA/VWO,0.00103126097896,0.00103126097896,0.0,0,0.35,0.000360941342636
2017-10-02,EEM/VEA,0.0007822971449085,0.0007822971449085,0.0,0,0.35,0.0002738040007179
2017-10-02,AMZN/META,-0.001,-0.0,1.0,0,0.3,-0.0003
2017-10-02,IEFA/VWO,0.0011107427899411,0.0011107427899411,0.0,0,0.35,0.0003887599764793
2017-10-03,AMD/AVGO,0.0,0.0,0.0,1,0.5,0.0
2017-10-03,GOVT/TLT,-0.0,-0.0,0.0,1,0.5,-0.0
2017-10-04,AMD/AVGO,-0.0,-0.0,0.0,1,0.5,-0.0
2017-10-04,GOVT/TLT,-0.0,-0.0,0.0,1,0.5,-0.0
2017-10-05,AMD/AVGO,-0.0,-0.0,0.0,1,0.5,-0.0
2017-10-05,GOVT/TLT,-0.0,-0.0,0.0,1,0.5,-0.0
2017-10-06,AMD/AVGO,-0.0,-0.0,0.0,1,0.5,-0.0
2017-10-06,GOVT/TLT,0.0,0.0,0.0,1,0.5,0.0
2017-10-09,AMD/AVGO,0.0,0.0,0.0,1,0.5,0.0
2017-10-09,GOVT/TLT,-0.0,-0.0,0.0,1,0.5,-0.0
2017-10-10,AMD/AVGO,0.0,0.0,0.0,1,0.5,0.0
2017-10-10,GOVT/TLT,-0.0,-0.0,0.0,1,0.5,-0.0
2017-10-11,AMD/AVGO,-0.0,-0.0,0.0,1,0.5,-0.0
2017-10-11,GOVT/TLT,0.0,0.0,0.0,1,0.5,0.0
2017-10-12,AMD/AVGO,0.0,0.0,0.0,1,0.5,0.0
2017-10-12,GOVT/TLT,0.0,0.0,0.0,1,0.5,0.0
2017-10-13,AMD/AVGO,0.0,0.0,0.0,1,0.5,0.0
2017-10-13,GOVT/TLT,0.0,0.0,0.0,1,0.5,0.0
2017-10-16,AMD/AVGO,0.0,0.0,0.0,1,0.5,0.0
2017-10-16,GOVT/TLT,-0.0011263392286942,-0.0001263392286942,1.0,1,0.5,-0.0005631696143471
2017-10-17,AMD/AVGO,0.0,0.0,0.0,1,0.5,0.0
2017-10-17,GOVT/TLT,-0.0003087009138995,-0.0003087009138995,0.0,1,0.5,-0.0001543504569497
2017-10-18,AMD/AVGO,-0.0,-0.0,0.0,1,0.5,-0.0
2017-10-18,GOVT/TLT,9.891500800178894e-05,9.891500800178894e-05,0.0,1,0.5,4.945750400089447e-05
2017-10-19,AMD/AVGO,-0.0,-0.0,0.0,1,0.5,-0.0
2017-10-19,GOVT/TLT,0.0001744979226933,0.0001744979226933,0.0,1,0.5,8.724896134668598e-05
2017-10-20,AMD/AVGO,-0.0,-0.0,0.0,1,0.5,-0.0
2017-10-20,GOVT/TLT,0.0004727791323766,0.0004727791323766,0.0,1,0.5,0.0002363895661883
2017-10-23,AMD/AVGO,0.0,0.0,0.0,1,0.5,0.0
2017-10-23,GOVT/TLT,-0.0001298338045485,-0.0001298338045485,0.0,1,0.5,-6.491690227426165e-05
2017-10-24,AMD/AVGO,-0.0,-0.0,0.0,1,0.5,-0.0
2017-10-24,GOVT/TLT,-8.59639889434731e-07,-8.59639889434731e-07,0.0,1,0.5,-4.298199447173655e-07
2017-10-25,AMD/AVGO,-0.0,-0.0,0.0,1,0.5,-0.0
2017-10-25,GOVT/TLT,0.0002543268154107,0.0002543268154107,0.0,1,0.5,0.0001271634077053
2017-10-26,AMD/AVGO,-0.0100404006673194,-0.0090404006673194,1.0,1,0.5,-0.0050202003336597
2017-10-26,GOVT/TLT,-9.673968311882045e-05,-9.673968311882045e-05,0.0,1,0.5,-4.836984155941022e-05
2017-10-27,AMD/AVGO,-0.0255745777389386,-0.0255745777389386,0.0,1,0.5,-0.0127872888694693
2017-10-27,GOVT/TLT,-9.274164572370463e-05,-9.274164572370463e-05,0.0,1,0.5,-4.637082286185232e-05
2017-10-30,AMD/AVGO,-0.0572806101745261,-0.0572806101745261,0.0,1,0.5,-0.028640305087263
2017-10-30,GOVT/TLT,-0.0002102396441646,-0.0002102396441646,0.0,1,0.5,-0.0001051198220823
2017-10-31,AMD/AVGO,-0.0001555177387977,-0.0001555177387977,0.0,1,0.5,-7.775886939887875e-05
2017-10-31,GOVT/TLT,-0.000980790411235,-0.000980790411235,0.0,1,0.5,-0.0004903952056175
2017-11-01,AMD/AVGO,-0.0008032652203553,-0.0008032652203553,0.0,1,0.5,-0.0004016326101776
2017-11-01,GOVT/TLT,6.204630028890444e-06,6.204630028890444e-06,0.0,1,0.5,3.102315014445222e-06
2017-11-02,AMD/AVGO,0.0020899029552951,0.0020899029552951,0.0,1,0.5,0.0010449514776475
2017-11-02,GOVT/TLT,0.0001356545574736,0.0001356545574736,0.0,1,0.5,6.782727873683998e-05
2017-11-03,AMD/AVGO,-0.011583655836383,-0.011583655836383,0.0,1,0.5,-0.0057918279181915
2017-11-03,GOVT/TLT,0.0002440186125223,0.0002440186125223,0.0,1,0.5,0.0001220093062611
2017-11-06,AMD/AVGO,0.0335362934781792,0.0335362934781792,0.0,1,0.5,0.0167681467390896
2017-11-06,GOVT/TLT,-0.0009074230909485,-0.0009074230909485,0.0,1,0.5,-0.0004537115454742
2017-11-07,AMD/AVGO,0.0154838710630375,0.0154838710630375,0.0,1,0.5,0.0077419355315187
2017-11-07,GOVT/TLT,-0.0004185757307456,-0.0004185757307456,0.0,1,0.5,-0.0002092878653728
2017-11-08,AMD/AVGO,-0.0177512682171365,-0.0177512682171365,0.0,1,0.5,-0.0088756341085682
2017-11-08,GOVT/TLT,0.0002362802620855,0.0002362802620855,0.0,1,0.5,0.0001181401310427
2017-11-09,AMD/AVGO,-0.018536825420728,-0.018536825420728,0.0,1,0.5,-0.009268412710364
2017-11-09,GOVT/TLT,0.0003906344180333,0.0003906344180333,0.0,1,0.5,0.0001953172090166
2017-11-10,AMD/AVGO,0.0084329025387655,0.0084329025387655,0.0,1,0.5,0.0042164512693827
2017-11-10,GOVT/TLT,0.0009543555412199,0.0009543555412199,0.0,1,0.5,0.0004771777706099
2017-11-13,AMD/AVGO,-0.0090683737507746,-0.0090683737507746,0.0,1,0.5,-0.0045341868753873
2017-11-13,GOVT/TLT,-0.0008098682822494,-0.0008098682822494,0.0,1,0.5,-0.0004049341411247
2017-11-14,AMD/AVGO,0.0042307621315432,0.0042307621315432,0.0,1,0.5,0.0021153810657716
2017-11-14,GOVT/TLT,-0.0007337460399828,-0.0007337460399828,0.0,1,0.5,-0.0003668730199914
2017-11-15,AMD/AVGO,-0.0061589368626973,-0.0061589368626973,0.0,1,0.5,-0.0030794684313486
2017-11-15,GOVT/TLT,-0.0002247403647234,-0.0002247403647234,0.0,1,0.5,-0.0001123701823617
2017-11-16,AMD/AVGO,-0.001,0.0,1.0,1,0.5,-0.0005
2017-11-16,GOVT/TLT,-0.0002942016793112,-0.0002942016793112,0.0,1,0.5,-0.0001471008396556
2017-11-17,AMD/AVGO,0.0,0.0,0.0,1,0.5,0.0
2017-11-17,GOVT/TLT,-0.0005931078510685,-0.0005931078510685,0.0,1,0.5,-0.0002965539255342
2017-11-20,AMD/AVGO,-0.0,-0.0,0.0,1,0.5,-0.0
2017-11-20,GOVT/TLT,-0.0005057634722237,-0.0005057634722237,0.0,1,0.5,-0.0002528817361118
2017-11-21,AMD/AVGO,0.0,0.0,0.0,1,0.5,0.0
2017-11-21,GOVT/TLT,-0.000768008624157,-0.000768008624157,0.0,1,0.5,-0.0003840043120785
2017-11-22,AMD/AVGO,-0.0,-0.0,0.0,1,0.5,-0.0
2017-11-22,GOVT/TLT,0.0013224506610068,0.0013224506610068,0.0,1,0.5,0.0006612253305034
2017-11-24,AMD/AVGO,-0.0,-0.0,0.0,1,0.5,-0.0
2017-11-24,GOVT/TLT,-0.0005324773667108,-0.0005324773667108,0.0,1,0.5,-0.0002662386833554
2017-11-27,AMD/AVGO,0.0,0.0,0.0,1,0.5,0.0
2017-11-27,GOVT/TLT,-0.001,-0.0,1.0,1,0.5,-0.0005
2017-11-28,AMD/AVGO,-0.0,-0.0,0.0,1,0.5,-0.0
2017-11-28,GOVT/TLT,0.0,0.0,0.0,1,0.5,0.0
2017-11-29,AMD/AVGO,-0.0,-0.0,0.0,1,0.5,-0.0
2017-11-29,GOVT/TLT,-0.0,-0.0,0.0,1,0.5,-0.0
2017-11-30,AMD/AVGO,-0.0,-0.0,0.0,1,0.5,-0.0
2017-11-30,GOVT/TLT,0.0,0.0,0.0,1,0.5,0.0
2017-12-01,AMD/AVGO,-0.0,-0.0,0.0,1,0.5,-0.0
2017-12-01,GOVT/TLT,0.0,0.0,0.0,1,0.5,0.0
2017-12-04,AMD/AVGO,-0.0,-0.0,0.0,1,0.5,-0.0
2017-12-04,GOVT/TLT,0.0,0.0,0.0,1,0.5,0.0
2017-12-05,AMD/AVGO,-0.0087759816977856,-0.0077759816977856,1.0,1,0.5,-0.0043879908488928
2017-12-05,GOVT/TLT,-0.0013027045771652,-0.0003027045771652,1.0,1,0.5,-0.0006513522885826
2017-12-06,AMD/AVGO,0.0056385609681572,0.0056385609681572,0.0,1,0.5,0.0028192804840786
2017-12-06,GOVT/TLT,-0.0002368634204023,-0.0002368634204023,0.0,1,0.5,-0.0001184317102011
2017-12-07,AMD/AVGO,0.0033051203658243,0.0033051203658243,0.0,1,0.5,0.0016525601829121
2017-12-07,GOVT/TLT,0.0009979266176329,0.0009979266176329,0.0,1,0.5,0.0004989633088164
2017-12-08,AMD/AVGO,-0.0060815970223153,-0.0060815970223153,0.0,1,0.5,-0.0030407985111576
2017-12-08,GOVT/TLT,-1.909418020498206e-05,-1.909418020498206e-05,0.0,1,0.5,-9.54709010249103e-06
2017-12-11,AMD/AVGO,0.0191070215852088,0.0191070215852088,0.0,1,0.5,0.0095535107926044
2017-12-11,GOVT/TLT,-0.0001050341762001,-0.0001050341762001,0.0,1,0.5,-5.251708810006248e-05
2017-12-12,AMD/AVGO,-0.001,-0.0,1.0,1,0.5,-0.0005
2017-12-12,GOVT/TLT,-0.0008080392499004,-0.0008080392499004,0.0,1,0.5,-0.0004040196249502
2017-12-13,AMD/AVGO,0.0,0.0,0.0,1,0.5,0.0
2017-12-13,GOVT/TLT,0.0008927190622077,0.0008927190622077,0.0,1,0.5,0.0004463595311038
2017-12-14,AMD/AVGO,0.0,0.0,0.0,1,0.5,0.0
2017-12-14,GOVT/TLT,-0.0010287894068692,-0.0010287894068692,0.0,1,0.5,-0.0005143947034346
2017-12-15,AMD/AVGO,0.0,0.0,0.0,1,0.5,0.0
2017-12-15,GOVT/TLT,-0.0009104811120065,-0.0009104811120065,0.0,1,0.5,-0.0004552405560032
2017-12-18,AMD/AVGO,0.0,0.0,0.0,1,0.5,0.0
2017-12-18,GOVT/TLT,0.0010084363046448,0.0010084363046448,0.0,1,0.5,0.0005042181523224
2017-12-19,AMD/AVGO,0.0014766165725474,0.0024766165725474,1.0,1,0.5,0.0007383082862737
2017-12-19,GOVT/TLT,0.0004364646167272,0.0004364646167272,0.0,1,0.5,0.0002182323083636
2017-12-20,AMD/AVGO,-0.0024070291752051,-0.0024070291752051,0.0,1,0.5,-0.0012035145876025
2017-12-20,GOVT/TLT,0.0005701477442869,0.0005701477442869,0.0,1,0.5,0.0002850738721434
2017-12-21,AMD/AVGO,0.0077340152789128,0.0077340152789128,0.0,1,0.5,0.0038670076394564
2017-12-21,GOVT/TLT,-0.0006248675392485,-0.0006248675392485,0.0,1,0.5,-0.0003124337696242
2017-12-22,AMD/AVGO,0.0318689182418276,0.0318689182418276,0.0,1,0.5,0.0159344591209138
2017-12-22,GOVT/TLT,-0.0009374444171519,-0.0009374444171519,0.0,1,0.5,-0.0004687222085759
2017-12-26,AMD/AVGO,0.007601548783324,0.007601548783324,0.0,1,0.5,0.003800774391662
2017-12-26,GOVT/TLT,0.0004948905057958,0.0004948905057958,0.0,1,0.5,0.0002474452528979
2017-12-27,AMD/AVGO,-0.0066567015940623,-0.0066567015940623,0.0,1,0.5,-0.0033283507970311
2017-12-27,GOVT/TLT,-0.0007359574127337,-0.0007359574127337,0.0,1,0.5,-0.0003679787063668
2017-12-28,AMD/AVGO,-0.0019742880035871,-0.0019742880035871,0.0,1,0.5,-0.0009871440017935
2017-12-28,GOVT/TLT,0.000210528722801,0.000210528722801,0.0,1,0.5,0.0001052643614005
2017-12-29,AMD/AVGO,0.0252082174249284,0.0252082174249284,0.0,1,0.5,0.0126041087124642
2017-12-29,GOVT/TLT,-0.0003830473315263,-0.0003830473315263,0.0,1,0.5,-0.0001915236657631
2018-01-02,AMD/AVGO,-0.001,0.0,1.0,1,0.5,-0.0005
2018-01-02,GOVT/TLT,0.0005054489687886,0.0005054489687886,0.0,1,0.5,0.0002527244843943
2018-01-03,COST/HD,0.0,0.0,0.0,2,0.35,0.0
2018-01-03,AMZN/GOOGL,0.0,0.0,0.0,2,0.3,0.0
2018-01-03,GOVT/TLT,0.0,0.0,0.0,2,0.35,0.0
2018-01-04,COST/HD,-0.0,-0.0,0.0,2,0.35,-0.0
2018-01-04,AMZN/GOOGL,-0.0019222020106076,-0.0009222020106076,1.0,2,0.3,-0.0005766606031823
2018-01-04,GOVT/TLT,0.0,0.0,0.0,2,0.35,0.0
2018-01-05,COST/HD,-0.0,-0.0,0.0,2,0.35,-0.0
2018-01-05,AMZN/GOOGL,-0.0028197391213236,-0.0028197391213236,0.0,2,0.3,-0.000845921736397
2018-01-05,GOVT/TLT,-0.0,-0.0,0.0,2,0.35,-0.0
2018-01-08,COST/HD,0.0,0.0,0.0,2,0.35,0.0
2018-01-08,AMZN/GOOGL,0.0028518956850911,0.0028518956850911,0.0,2,0.3,0.0008555687055273
2018-01-08,GOVT/TLT,0.0,0.0,0.0,2,0.35,0.0
2018-01-09,COST/HD,-0.0,-0.0,0.0,2,0.35,-0.0
2018-01-09,AMZN/GOOGL,0.0024842016417467,0.0024842016417467,0.0,2,0.3,0.000745260492524
2018-01-09,GOVT/TLT,-0.0,-0.0,0.0,2,0.35,-0.0
2018-01-10,COST/HD,-0.0,-0.0,0.0,2,0.35,-0.0
2018-01-10,AMZN/GOOGL,0.0019973257352111,0.0019973257352111,0.0,2,0.3,0.0005991977205633
2018-01-10,GOVT/TLT,-0.0,-0.0,0.0,2,0.35,-0.0
2018-01-11,COST/HD,0.0,0.0,0.0,2,0.35,0.0
2018-01-11,AMZN/GOOGL,0.0052230292481395,0.0052230292481395,0.0,2,0.3,0.0015669087744418
2018-01-11,GOVT/TLT,0.0,0.0,0.0,2,0.35,0.0
2018-01-12,COST/HD,0.0,0.0,0.0,2,0.35,0.0
2018-01-12,AMZN/GOOGL,-0.0028665193978092,-0.0028665193978092,0.0,2,0.3,-0.0008599558193427
2018-01-12,GOVT/TLT,0.0,0.0,0.0,2,0.35,0.0
2018-01-16,COST/HD,-0.0,-0.0,0.0,2,0.35,-0.0
2018-01-16,AMZN/GOOGL,-0.0001209648811117,-0.0001209648811117,0.0,2,0.3,-3.628946433352143e-05
2018-01-16,GOVT/TLT,0.0,0.0,0.0,2,0.35,0.0
2018-01-17,COST/HD,-0.0,-0.0,0.0,2,0.35,-0.0
2018-01-17,AMZN/GOOGL,-0.0074741615622754,-0.0074741615622754,0.0,2,0.3,-0.0022422484686826
2018-01-17,GOVT/TLT,0.0,0.0,0.0,2,0.35,0.0
2018-01-18,COST/HD,0.0,0.0,0.0,2,0.35,0.0
2018-01-18,AMZN/GOOGL,0.0013119642603519,0.0013119642603519,0.0,2,0.3,0.0003935892781055
2018-01-18,GOVT/TLT,-0.0,-0.0,0.0,2,0.35,-0.0
2018-01-19,COST/HD,-0.0,-0.0,0.0,2,0.35,-0.0
2018-01-19,AMZN/GOOGL,-0.0039286697868214,-0.0039286697868214,0.0,2,0.3,-0.0011786009360464
2018-01-19,GOVT/TLT,-0.0,-0.0,0.0,2,0.35,-0.0
2018-01-22,COST/HD,0.0,0.0,0.0,2,0.35,0.0
2018-01-22,AMZN/GOOGL,-0.0026578645252371,-0.0026578645252371,0.0,2,0.3,-0.0007973593575711
2018-01-22,GOVT/TLT,0.0,0.0,0.0,2,0.35,0.0
2018-01-23,COST/HD,-0.0,-0.0,0.0,2,0.35,-0.0
2018-01-23,AMZN/GOOGL,0.0028056277130601,0.0028056277130601,0.0,2,0.3,0.000841688313918
2018-01-23,GOVT/TLT,0.0,0.0,0.0,2,0.35,0.0
2018-01-24,COST/HD,0.0,0.0,0.0,2,0.35,0.0
2018-01-24,AMZN/GOOGL,0.0013564597490616,0.0013564597490616,0.0,2,0.3,0.0004069379247184
2018-01-24,GOVT/TLT,-0.0,-0.0,0.0,2,0.35,-0.0
2018-01-25,COST/HD,0.0,0.0,0.0,2,0.35,0.0
2018-01-25,AMZN/GOOGL,-0.000601872925475,-0.000601872925475,0.0,2,0.3,-0.0001805618776425
2018-01-25,GOVT/TLT,0.0,0.0,0.0,2,0.35,0.0
2018-01-26,COST/HD,-0.0,-0.0,0.0,2,0.35,-0.0
2018-01-26,AMZN/GOOGL,0.0032773269486743,0.0032773269486743,0.0,2,0.3,0.0009831980846023
2018-01-26,GOVT/TLT,0.0,0.0,0.0,2,0.35,0.0
2018-01-29,COST/HD,0.0,0.0,0.0,2,0.35,0.0
2018-01-29,AMZN/GOOGL,0.004553254411989,0.004553254411989,0.0,2,0.3,0.0013659763235967
2018-01-29,GOVT/TLT,-0.0,-0.0,0.0,2,0.35,-0.0
2018-01-30,COST/HD,0.0,0.0,0.0,2,0.35,0.0
2018-01-30,AMZN/GOOGL,0.0099976905772934,0.0099976905772934,0.0,2,0.3,0.002999307173188
2018-01-30,GOVT/TLT,-0.0,-0.0,0.0,2,0.35,-0.0
2018-01-31,COST/HD,-0.0,-0.0,0.0,2,0.35,-0.0
2018-01-31,AMZN/GOOGL,0.0005570887118341,0.0005570887118341,0.0,2,0.3,0.0001671266135502
2018-01-31,GOVT/TLT,0.0,0.0,0.0,2,0.35,0.0
2018-02-01,COST/HD,-0.0,-0.0,0.0,2,0.35,-0.0
2018-02-01,AMZN/GOOGL,-0.001,0.0,1.0,2,0.3,-0.0003
2018-02-01,GOVT/TLT,-0.0,-0.0,0.0,2,0.35,-0.0
2018-02-02,COST/HD,0.0,0.0,0.0,2,0.35,0.0
2018-02-02,AMZN/GOOGL,-0.0,-0.0,0.0,2,0.3,-0.0
2018-02-02,GOVT/TLT,-0.0,-0.0,0.0,2,0.35,-0.0
2018-02-05,COST/HD,-0.0,-0.0,0.0,2,0.35,-0.0
2018-02-05,AMZN/GOOGL,-0.0,-0.0,0.0,2,0.3,-0.0
2018-02-05,GOVT/TLT,0.0032428775842191,0.0042428775842191,1.0,2,0.35,0.0011350071544767
2018-02-06,COST/HD,-0.0,-0.0,0.0,2,0.35,-0.0
2018-02-06,AMZN/GOOGL,0.0,0.0,0.0,2,0.3,0.0
2018-02-06,GOVT/TLT,-0.0047911308192812,-0.0047911308192812,0.0,2,0.35,-0.0016768957867484
2018-02-07,COST/HD,-0.0,-0.0,0.0,2,0.35,-0.0
2018-02-07,AMZN/GOOGL,-0.0122170145870535,-0.0112170145870535,1.0,2,0.3,-0.003665104376116
2018-02-07,GOVT/TLT,-0.0012886849931865,-0.0012886849931865,0.0,2,0.35,-0.0004510397476153
2018-02-08,COST/HD,0.0019178401483067,0.0029178401483067,1.0,2,0.35,0.0006712440519073
2018-02-08,AMZN/GOOGL,-0.0134439141599167,-0.0134439141599167,0.0,2,0.3,-0.004033174247975
2018-02-08,GOVT/TLT,-0.0011788014033702,-0.0011788014033702,0.0,2,0.35,-0.0004125804911795
2018-02-09,COST/HD,0.0018113054147598,0.0018113054147598,0.0,2,0.35,0.0006339568951659
2018-02-09,AMZN/GOOGL,0.0278381708985444,0.0278381708985444,0.0,2,0.3,0.0083514512695633
2018-02-09,GOVT/TLT,-0.0013019243072993,-0.0013019243072993,0.0,2,0.35,-0.0004556735075547
2018-02-12,COST/HD,0.001322030164216,0.001322030164216,0.0,2,0.35,0.0004627105574756
2018-02-12,AMZN/GOOGL,-0.006834565094832,-0.006834565094832,0.0,2,0.3,-0.0020503695284496
2018-02-12,GOVT/TLT,0.0012040886540824,0.0012040886540824,0.0,2,0.35,0.0004214310289288
2018-02-13,COST/HD,0.0115937968381981,0.0115937968381981,0.0,2,0.35,0.0040578288933693
2018-02-13,AMZN/GOOGL,-0.0073021915732416,-0.0073021915732416,0.0,2,0.3,-0.0021906574719724
2018-02-13,GOVT/TLT,0.0009548309583627,0.0009548309583627,0.0,2,0.35,0.0003341908354269
2018-02-14,COST/HD,-0.001,0.0,1.0,2,0.35,-0.00035
2018-02-14,AMZN/GOOGL,0.0026465125258011,0.0026465125258011,0.0,2,0.3,0.0007939537577403
2018-02-14,GOVT/TLT,-0.0007346569463765,-0.0007346569463765,0.0,2,0.35,-0.0002571299312317
2018-02-15,COST/HD,0.0,0.0,0.0,2,0.35,0.0
2018-02-15,AMZN/GOOGL,0.0088708133286241,0.0088708133286241,0.0,2,0.3,0.0026612439985872
2018-02-15,GOVT/TLT,0.0008650740765506,0.0008650740765506,0.0,2,0.35,0.0003027759267927
2018-02-16,COST/HD,0.0020317356628401,0.0030317356628401,1.0,2,0.35,0.000711107481994
2018-02-16,AMZN/GOOGL,0.0055676716607534,0.0055676716607534,0.0,2,0.3,0.001670301498226
2018-02-16,GOVT/TLT,0.0007263734266445,0.0007263734266445,0.0,2,0.35,0.0002542306993255
2018-02-20,COST/HD,0.0110006378447339,0.0110006378447339,0.0,2,0.35,0.0038502232456568
2018-02-20,AMZN/GOOGL,0.0001490419036505,0.0001490419036505,0.0,2,0.3,4.471257109517948e-05
2018-02-20,GOVT/TLT,-0.0006514358910684,-0.0006514358910684,0.0,2,0.35,-0.0002280025618739
2018-02-21,COST/HD,0.0010386851960719,0.0010386851960719,0.0,2,0.35,0.0003635398186251
2018-02-21,AMZN/GOOGL,0.0025920448699072,0.0025920448699072,0.0,2,0.3,0.0007776134609721
2018-02-21,GOVT/TLT,-0.0024733535980081,-0.0024733535980081,0.0,2,0.35,-0.0008656737593028
2018-02-22,COST/HD,0.001838001322692,0.001838001322692,0.0,2,0.35,0.0006433004629422
2018-02-22,AMZN/GOOGL,-0.0028248661179007,-0.0028248661179007,0.0,2,0.3,-0.0008474598353702
2018-02-22,GOVT/TLT,0.0001853016649214,0.0001853016649214,0.0,2,0.35,6.485558272252059e-05
2018-02-23,COST/HD,-0.0054684608414791,-0.0054684608414791,0.0,2,0.35,-0.0019139612945176
2018-02-23,AMZN/GOOGL,0.0072929681728562,0.0072929681728562,0.0,2,0.3,0.0021878904518568
2018-02-23,GOVT/TLT,0.0018823754428017,0.0018823754428017,0.0,2,0.35,0.0006588314049806
2018-02-26,COST/HD,-0.0099119606195647,-0.0099119606195647,0.0,2,0.35,-0.0034691862168476
2018-02-26,AMZN/GOOGL,0.003958309447652,0.003958309447652,0.0,2,0.3,0.0011874928342956
2018-02-26,GOVT/TLT,-0.0007013478587534,-0.0007013478587534,0.0,2,0.35,-0.0002454717505637
2018-02-27,COST/HD,0.0023615375876249,0.0023615375876249,0.0,2,0.35,0.0008265381556687
2018-02-27,AMZN/GOOGL,-0.0126585024439914,-0.0126585024439914,0.0,2,0.3,-0.0037975507331974
2018-02-27,GOVT/TLT,0.0008747786392836,0.0008747786392836,0.0,2,0.35,0.0003061725237492
2018-02-28,COST/HD,-0.007963099913806,-0.007963099913806,0.0,2,0.35,-0.0027870849698321
2018-02-28,AMZN/GOOGL,-0.0080454157426845,-0.0080454157426845,0.0,2,0.3,-0.0024136247228053
2018-02-28,GOVT/TLT,0.0007665891155851,0.0007665891155851,0.0,2,0.35,0.0002683061904547
2018-03-01,COST/HD,0.0010850357674619,0.0010850357674619,0.0,2,0.35,0.0003797625186116
2018-03-01,AMZN/GOOGL,-0.0148900401412512,-0.0148900401412512,0.0,2,0.3,-0.0044670120423753
2018-03-01,GOVT/TLT,0.0002444332536865,0.0002444332536865,0.0,2,0.35,8.555163879029882e-05
2018-03-02,COST/HD,-0.0033782567341147,-0.0033782567341147,0.0,2,0.35,-0.0011823898569401
2018-03-02,AMZN/GOOGL,0.0062024704046099,0.0062024704046099,0.0,2,0.3,0.0018607411213829
2018-03-02,GOVT/TLT,-0.0010912607306824,-0.0010912607306824,0.0,2,0.35,-0.0003819412557388
2018-03-05,COST/HD,-0.0006637605459174,-0.0006637605459174,0.0,2,0.35,-0.000232316191071
2018-03-05,AMZN/GOOGL,0.0010415429492284,0.0010415429492284,0.0,2,0.3,0.0003124628847685
2018-03-05,GOVT/TLT,-0.0003608149171783,-0.0003608149171783,0.0,2,0.35,-0.0001262852210124
2018-03-06,COST/HD,-0.0001310812120005,-0.0001310812120005,0.0,2,0.35,-4.5878424200202265e-05
2018-03-06,AMZN/GOOGL,0.0004996780717045,0.0004996780717045,0.0,2,0.3,0.0001499034215113
2018-03-06,GOVT/TLT,0.0003114658729431,0.0003114658729431,0.0,2,0.35,0.0001090130555301
2018-03-07,COST/HD,0.0096726602615025,0.0096726602615025,0.0,2,0.35,0.0033854310915258
2018-03-07,AMZN/GOOGL,-0.001,0.0,1.0,2,0.3,-0.0003
2018-03-07,GOVT/TLT,-0.0003678004202411,-0.0003678004202411,0.0,2,0.35,-0.0001287301470843
2018-03-08,COST/HD,0.0044196268073336,0.0044196268073336,0.0,2,0.35,0.0015468693825667
2018-03-08,AMZN/GOOGL,0.0,0.0,0.0,2,0.3,0.0
2018-03-08,GOVT/TLT,0.0011108029627103,0.0011108029627103,0.0,2,0.35,0.0003887810369486
2018-03-09,COST/HD,-0.001,0.0,1.0,2,0.35,-0.00035
2018-03-09,AMZN/GOOGL,0.0,0.0,0.0,2,0.3,0.0
2018-03-09,GOVT/TLT,-0.0011105693892312,-0.0011105693892312,0.0,2,0.35,-0.0003886992862309
2018-03-12,COST/HD,0.0,0.0,0.0,2,0.35,0.0
2018-03-12,AMZN/GOOGL,0.0004241082777815,0.0014241082777815,1.0,2,0.3,0.0001272324833344
2018-03-12,GOVT/TLT,0.0008398974777182,0.0008398974777182,0.0,2,0.35,0.0002939641172013
2018-03-13,COST/HD,-0.0,-0.0,0.0,2,0.35,-0.0
2018-03-13,AMZN/GOOGL,0.0123291783202238,0.0123291783202238,0.0,2,0.3,0.0036987534960671
2018-03-13,GOVT/TLT,0.0008766879058672,0.0008766879058672,0.0,2,0.35,0.0003068407670535
2018-03-14,COST/HD,-0.0,-0.0,0.0,2,0.35,-0.0
2018-03-14,AMZN/GOOGL,-0.0045225492039246,-0.0045225492039246,0.0,2,0.3,-0.0013567647611773
2018-03-14,GOVT/TLT,0.0015877270142474,0.0015877270142474,0.0,2,0.35,0.0005557044549866
2018-03-15,COST/HD,0.0,0.0,0.0,2,0.35,0.0
2018-03-15,AMZN/GOOGL,-0.0028731683195632,-0.0028731683195632,0.0,2,0.3,-0.0008619504958689
2018-03-15,GOVT/TLT,0.0002706120459145,0.0002706120459145,0.0,2,0.35,9.471421607009328e-05
2018-03-16,COST/HD,-0.0,-0.0,0.0,2,0.35,-0.0
2018-03-16,AMZN/GOOGL,0.0068383905727697,0.0068383905727697,0.0,2,0.3,0.0020515171718309
2018-03-16,GOVT/TLT,-0.0006522203392522,-0.0006522203392522,0.0,2,0.35,-0.0002282771187383
2018-03-19,COST/HD,-0.0,-0.0,0.0,2,0.35,-0.0
2018-03-19,AMZN/GOOGL,0.0138388966754167,0.0138388966754167,0.0,2,0.3,0.004151669002625
2018-03-19,GOVT/TLT,-0.001,-0.0,1.0,2,0.35,-0.00035
2018-03-20,COST/HD,0.0,0.0,0.0,2,0.35,0.0
2018-03-20,AMZN/GOOGL,0.0118758062312782,0.0118758062312782,0.0,2,0.3,0.0035627418693834
2018-03-20,GOVT/TLT,0.0,0.0,0.0,2,0.35,0.0
2018-03-21,COST/HD,-0.0,-0.0,0.0,2,0.35,-0.0
2018-03-21,AMZN/GOOGL,6.194954835477732e-05,6.194954835477732e-05,0.0,2,0.3,1.85848645064332e-05
2018-03-21,GOVT/TLT,-0.0,-0.0,0.0,2,0.35,-0.0
2018-03-22,COST/HD,-0.0,-0.0,0.0,2,0.35,-0.0
2018-03-22,AMZN/GOOGL,0.0164141998421823,0.0164141998421823,0.0,2,0.3,0.0049242599526547
2018-03-22,GOVT/TLT,0.0,0.0,0.0,2,0.35,0.0
2018-03-23,COST/HD,0.0,0.0,0.0,2,0.35,0.0
2018-03-23,AMZN/GOOGL,0.0055789132696558,0.0055789132696558,0.0,2,0.3,0.0016736739808967
2018-03-23,GOVT/TLT,-0.0,-0.0,0.0,2,0.35,-0.0
2018-03-26,COST/HD,0.0,0.0,0.0,2,0.35,0.0
2018-03-26,AMZN/GOOGL,-0.0037363005985525,-0.0037363005985525,0.0,2,0.3,-0.0011208901795657
2018-03-26,GOVT/TLT,-0.0,-0.0,0.0,2,0.35,-0.0
2018-03-27,COST/HD,-0.0,-0.0,0.0,2,0.35,-0.0
2018-03-27,AMZN/GOOGL,0.0164038155588847,0.0164038155588847,0.0,2,0.3,0.0049211446676654
2018-03-27,GOVT/TLT,0.0,0.0,0.0,2,0.35,0.0
2018-03-28,COST/HD,0.0,0.0,0.0,2,0.35,0.0
2018-03-28,AMZN/GOOGL,-0.0138795036431986,-0.0138795036431986,0.0,2,0.3,-0.0041638510929595
2018-03-28,GOVT/TLT,0.0,0.0,0.0,2,0.35,0.0
2018-03-29,COST/HD,0.0,0.0,0.0,2,0.35,0.0
2018-03-29,AMZN/GOOGL,-0.0170825288684583,-0.0170825288684583,0.0,2,0.3,-0.0051247586605375
2018-03-29,GOVT/TLT,-0.0018111074901914,-0.0008111074901914,1.0,2,0.35,-0.000633887621567
2018-04-02,COST/HD,-0.0,-0.0,0.0,2,0.35,-0.0
2018-04-02,AMZN/GOOGL,-0.0023395876828366,-0.0023395876828366,0.0,2,0.3,-0.0007018763048509
2018-04-02,GOVT/TLT,0.0006408331118282,0.0006408331118282,0.0,2,0.35,0.0002242915891398
2018-04-03,COST/HD,-0.0,-0.0,0.0,2,0.35,-0.0
2018-04-03,AMZN/GOOGL,0.0010851555018053,0.0010851555018053,0.0,2,0.3,0.0003255466505415
2018-04-03,GOVT/TLT,0.0009501767913659,0.0009501767913659,0.0,2,0.35,0.000332561876978
2018-04-04,COST/HD,0.0,0.0,0.0,2,0.35,0.0
2018-04-04,AMZN/GOOGL,-0.002552858013105,-0.002552858013105,0.0,2,0.3,-0.0007658574039315
2018-04-04,GOVT/TLT,0.0001472603921961,0.0001472603921961,0.0,2,0.35,5.154113726864511e-05
2018-04-05,GOOGL/MSFT,-0.0,-0.0,0.0,3,0.35,-0.0
2018-04-05,INTC/MU,0.0,0.0,0.0,3,0.3,0.0
2018-04-05,TLH/TLT,0.0,0.0,0.0,3,0.35,0.0
2018-04-06,GOOGL/MSFT,0.0,0.0,0.0,3,0.35,0.0
2018-04-06,INTC/MU,-0.0,-0.0,0.0,3,0.3,-0.0
2018-04-06,TLH/TLT,-0.0,-0.0,0.0,3,0.35,-0.0
2018-04-09,GOOGL/MSFT,-0.0,-0.0,0.0,3,0.35,-0.0
2018-04-09,INTC/MU,0.0,0.0,0.0,3,0.3,0.0
2018-04-09,TLH/TLT,-0.0,-0.0,0.0,3,0.35,-0.0
2018-04-10,GOOGL/MSFT,0.0,0.0,0.0,3,0.35,0.0
2018-04-10,INTC/MU,0.0,0.0,0.0,3,0.3,0.0
2018-04-10,TLH/TLT,0.0,0.0,0.0,3,0.35,0.0
2018-04-11,GOOGL/MSFT,0.0,0.0,0.0,3,0.35,0.0
2018-04-11,INTC/MU,0.0016117121990178,0.0026117121990178,1.0,3,0.3,0.0004835136597053
2018-04-11,TLH/TLT,-0.0,-0.0,0.0,3,0.35,-0.0
2018-04-12,GOOGL/MSFT,0.0,0.0,0.0,3,0.35,0.0
2018-04-12,INTC/MU,-0.0160975845134022,-0.0160975845134022,0.0,3,0.3,-0.0048292753540206
2018-04-12,TLH/TLT,0.0,0.0,0.0,3,0.35,0.0
2018-04-13,GOOGL/MSFT,-0.0,-0.0,0.0,3,0.35,-0.0
2018-04-13,INTC/MU,0.0113959400564988,0.0113959400564988,0.0,3,0.3,0.0034187820169496
2018-04-13,TLH/TLT,-0.0,-0.0,0.0,3,0.35,-0.0
2018-04-16,GOOGL/MSFT,-0.0,-0.0,0.0,3,0.35,-0.0
2018-04-16,INTC/MU,-0.0105596513636103,-0.0105596513636103,0.0,3,0.3,-0.0031678954090831
2018-04-16,TLH/TLT,-0.0,-0.0,0.0,3,0.35,-0.0
2018-04-17,GOOGL/MSFT,-0.0,-0.0,0.0,3,0.35,-0.0
2018-04-17,INTC/MU,-0.0146293389690282,-0.0146293389690282,0.0,3,0.3,-0.0043888016907084
2018-04-17,TLH/TLT,-0.0,-0.0,0.0,3,0.35,-0.0
2018-04-18,GOOGL/MSFT,0.0,0.0,0.0,3,0.35,0.0
2018-04-18,INTC/MU,0.0060794883719905,0.0060794883719905,0.0,3,0.3,0.0018238465115971
2018-04-18,TLH/TLT,0.0,0.0,0.0,3,0.35,0.0
2018-04-19,GOOGL/MSFT,-0.0,-0.0,0.0,3,0.35,-0.0
2018-04-19,INTC/MU,0.0102424898540306,0.0102424898540306,0.0,3,0.3,0.0030727469562091
2018-04-19,TLH/TLT,0.0,0.0,0.0,3,0.35,0.0
2018-04-20,GOOGL/MSFT,0.0,0.0,0.0,3,0.35,0.0
2018-04-20,INTC/MU,0.0071048398535579,0.0071048398535579,0.0,3,0.3,0.0021314519560673
2018-04-20,TLH/TLT,0.0,0.0,0.0,3,0.35,0.0
2018-04-23,GOOGL/MSFT,0.0,0.0,0.0,3,0.35,0.0
2018-04-23,INTC/MU,-0.0001376665833024,-0.0001376665833024,0.0,3,0.3,-4.12999749907362e-05
2018-04-23,TLH/TLT,-0.0,-0.0,0.0,3,0.35,-0.0
2018-04-24,GOOGL/MSFT,0.0,0.0,0.0,3,0.35,0.0
2018-04-24,INTC/MU,-0.0136673081993627,-0.0136673081993627,0.0,3,0.3,-0.0041001924598088
2018-04-24,TLH/TLT,0.0,0.0,0.0,3,0.35,0.0
2018-04-25,GOOGL/MSFT,-0.0,-0.0,0.0,3,0.35,-0.0
2018-04-25,INTC/MU,0.003279721554632,0.003279721554632,0.0,3,0.3,0.0009839164663896
2018-04-25,TLH/TLT,0.0,0.0,0.0,3,0.35,0.0
2018-04-26,GOOGL/MSFT,-0.0,-0.0,0.0,3,0.35,-0.0
2018-04-26,INTC/MU,-0.0142731075863099,-0.0142731075863099,0.0,3,0.3,-0.0042819322758929
2018-04-26,TLH/TLT,-0.0,-0.0,0.0,3,0.35,-0.0
2018-04-27,GOOGL/MSFT,0.0,0.0,0.0,3,0.35,0.0
2018-04-27,INTC/MU,-0.0063424451933838,-0.0063424451933838,0.0,3,0.3,-0.0019027335580151
2018-04-27,TLH/TLT,-0.0,-0.0,0.0,3,0.35,-0.0
2018-04-30,GOOGL/MSFT,-0.0,-0.0,0.0,3,0.35,-0.0
2018-04-30,INTC/MU,0.0097011494199294,0.0097011494199294,0.0,3,0.3,0.0029103448259788
2018-04-30,TLH/TLT,0.0,0.0,0.0,3,0.35,0.0
2018-05-01,GOOGL/MSFT,-0.0,-0.0,0.0,3,0.35,-0.0
2018-05-01,INTC/MU,-0.0223536631379189,-0.0223536631379189,0.0,3,0.3,-0.0067060989413756
2018-05-01,TLH/TLT,-0.0,-0.0,0.0,3,0.35,-0.0
2018-05-02,GOOGL/MSFT,0.0,0.0,0.0,3,0.35,0.0
2018-05-02,INTC/MU,0.0109819556975445,0.0109819556975445,0.0,3,0.3,0.0032945867092633
2018-05-02,TLH/TLT,0.0,0.0,0.0,3,0.35,0.0
2018-05-03,GOOGL/MSFT,0.0,0.0,0.0,3,0.35,0.0
2018-05-03,INTC/MU,0.003828887981183,0.003828887981183,0.0,3,0.3,0.0011486663943549
2018-05-03,TLH/TLT,-0.0,-0.0,0.0,3,0.35,-0.0
2018-05-04,GOOGL/MSFT,-0.0,-0.0,0.0,3,0.35,-0.0
2018-05-04,INTC/MU,-0.0077513233150587,-0.0077513233150587,0.0,3,0.3,-0.0023253969945176
2018-05-04,TLH/TLT,-0.0,-0.0,0.0,3,0.35,-0.0
2018-05-07,GOOGL/MSFT,-0.0,-0.0,0.0,3,0.35,-0.0
2018-05-07,INTC/MU,-0.004192329165364,-0.004192329165364,0.0,3,0.3,-0.0012576987496092
2018-05-07,TLH/TLT,0.0,0.0,0.0,3,0.35,0.0
2018-05-08,GOOGL/MSFT,-0.0,-0.0,0.0,3,0.35,-0.0
2018-05-08,INTC/MU,-0.001,0.0,1.0,3,0.3,-0.0003
2018-05-08,TLH/TLT,-0.0,-0.0,0.0,3,0.35,-0.0
2018-05-09,GOOGL/MSFT,-0.0,-0.0,0.0,3,0.35,-0.0
2018-05-09,INTC/MU,-0.0007625023343074,0.0002374976656925,1.0,3,0.3,-0.0002287507002922
2018-05-09,TLH/TLT,0.0,0.0,0.0,3,0.35,0.0
2018-05-10,GOOGL/MSFT,-0.0062922459266525,-0.0052922459266525,1.0,3,0.35,-0.0022022860743283
2018-05-10,INTC/MU,-0.0024095772077625,-0.0024095772077625,0.0,3,0.3,-0.0007228731623287
2018-05-10,TLH/TLT,-0.0,-0.0,0.0,3,0.35,-0.0
2018-05-11,GOOGL/MSFT,0.0003077957316216,0.0003077957316216,0.0,3,0.35,0.0001077285060675
2018-05-11,INTC/MU,0.0010547843865679,0.0010547843865679,0.0,3,0.3,0.0003164353159703
2018-05-11,TLH/TLT,-0.0,-0.0,0.0,3,0.35,-0.0
2018-05-14,GOOGL/MSFT,-0.0004500837819916,-0.0004500837819916,0.0,3,0.35,-0.000157529323697
2018-05-14,INTC/MU,0.0015206744466638,0.0015206744466638,0.0,3,0.3,0.0004562023339991
2018-05-14,TLH/TLT,-0.000344934873633,0.0006550651263669,1.0,3,0.35,-0.0001207272057715
2018-05-15,GOOGL/MSFT,0.009099484180021,0.009099484180021,0.0,3,0.35,0.0031848194630073
2018-05-15,INTC/MU,0.0181065214383556,0.0181065214383556,0.0,3,0.3,0.0054319564315066
2018-05-15,TLH/TLT,0.0003586251189706,0.0003586251189706,0.0,3,0.35,0.0001255187916397
2018-05-16,GOOGL/MSFT,0.001448581589164,0.001448581589164,0.0,3,0.35,0.0005070035562074
2018-05-16,INTC/MU,-0.0007303346060307,-0.0007303346060307,0.0,3,0.3,-0.0002191003818092
2018-05-16,TLH/TLT,0.0001118145722844,0.0001118145722844,0.0,3,0.35,3.9135100299564936e-05
2018-05-17,GOOGL/MSFT,-0.0023271557650957,-0.0023271557650957,0.0,3,0.35,-0.0008145045177835
2018-05-17,INTC/MU,-0.0092144408036003,-0.0092144408036003,0.0,3,0.3,-0.0027643322410801
2018-05-17,TLH/TLT,0.001162962429355,0.001162962429355,0.0,3,0.35,0.0004070368502742
2018-05-18,GOOGL/MSFT,0.0072686436276684,0.0072686436276684,0.0,3,0.35,0.0025440252696839
2018-05-18,INTC/MU,0.0137419038879473,0.0137419038879473,0.0,3,0.3,0.0041225711663842
2018-05-18,TLH/TLT,-0.0007392747047256,-0.0007392747047256,0.0,3,0.35,-0.0002587461466539
2018-05-21,GOOGL/MSFT,-0.003123378905969,-0.003123378905969,0.0,3,0.35,-0.0010931826170891
2018-05-21,INTC/MU,-0.001,0.0,1.0,3,0.3,-0.0003
2018-05-21,TLH/TLT,0.0002295090420182,0.0002295090420182,0.0,3,0.35,8.03281647063929e-05
2018-05-22,GOOGL/MSFT,0.0044761593502977,0.0044761593502977,0.0,3,0.35,0.0015666557726041
2018-05-22,INTC/MU,-0.0,-0.0,0.0,3,0.3,-0.0
2018-05-22,TLH/TLT,0.00034054868317,0.00034054868317,0.0,3,0.35,0.0001191920391095
2018-05-23,GOOGL/MSFT,-0.001,-0.0,1.0,3,0.35,-0.00035
2018-05-23,INTC/MU,0.0,0.0,0.0,3,0.3,0.0
2018-05-23,TLH/TLT,8.635491079505471e-05,8.635491079505471e-05,0.0,3,0.35,3.0224218778269143e-05
2018-05-24,GOOGL/MSFT,-0.0,-0.0,0.0,3,0.35,-0.0
2018-05-24,INTC/MU,-0.0,-0.0,0.0,3,0.3,-0.0
2018-05-24,TLH/TLT,-0.0011248305206456,-0.0011248305206456,0.0,3,0.35,-0.0003936906822259
2018-05-25,GOOGL/MSFT,0.0,0.0,0.0,3,0.35,0.0
2018-05-25,INTC/MU,0.0,0.0,0.0,3,0.3,0.0
2018-05-25,TLH/TLT,0.0001871901066872,0.0001871901066872,0.0,3,0.35,6.551653734052334e-05
2018-05-29,GOOGL/MSFT,0.0,0.0,0.0,3,0.35,0.0
2018-05-29,INTC/MU,-0.0,-0.0,0.0,3,0.3,-0.0
2018-05-29,TLH/TLT,-0.0009858324192251,-0.0009858324192251,0.0,3,0.35,-0.0003450413467288
2018-05-30,GOOGL/MSFT,-0.0,-0.0,0.0,3,0.35,-0.0
2018-05-30,INTC/MU,0.0,0.0,0.0,3,0.3,0.0
2018-05-30,TLH/TLT,2.5834237581322763e-05,2.5834237581322763e-05,0.0,3,0.35,9.041983153462966e-06
2018-05-31,GOOGL/MSFT,-0.0,-0.0,0.0,3,0.35,-0.0
2018-05-31,INTC/MU,0.0,0.0,0.0,3,0.3,0.0
2018-05-31,TLH/TLT,0.0003943793252742,0.0003943793252742,0.0,3,0.35,0.0001380327638459
2018-06-01,GOOGL/MSFT,-0.0,-0.0,0.0,3,0.35,-0.0
2018-06-01,INTC/MU,0.0,0.0,0.0,3,0.3,0.0
2018-06-01,TLH/TLT,-0.0002298072459406,-0.0002298072459406,0.0,3,0.35,-8.043253607924055e-05
2018-06-04,GOOGL/MSFT,-0.0072541381477228,-0.0062541381477228,1.0,3,0.35,-0.0025389483517029
2018-06-04,INTC/MU,0.003751116194925,0.004751116194925,1.0,3,0.3,0.0011253348584775
2018-06-04,TLH/TLT,0.0002140439850916,0.0002140439850916,0.0,3,0.35,7.491539478207197e-05
2018-06-05,GOOGL/MSFT,0.0030679568164872,0.0030679568164872,0.0,3,0.35,0.0010737848857705
2018-06-05,INTC/MU,0.0052719233123163,0.0052719233123163,0.0,3,0.3,0.0015815769936948
2018-06-05,TLH/TLT,0.0005959475714225,0.0005959475714225,0.0,3,0.35,0.0002085816499978
2018-06-06,GOOGL/MSFT,0.0033011094137303,0.0033011094137303,0.0,3,0.35,0.0011553882948056
2018-06-06,INTC/MU,-0.0069314066479376,-0.0069314066479376,0.0,3,0.3,-0.0020794219943812
2018-06-06,TLH/TLT,0.0003575241169798,0.0003575241169798,0.0,3,0.35,0.0001251334409429
2018-06-07,GOOGL/MSFT,0.0005121243879863,0.0005121243879863,0.0,3,0.35,0.0001792435357952
2018-06-07,INTC/MU,0.0166339056224789,0.0166339056224789,0.0,3,0.3,0.0049901716867436
2018-06-07,TLH/TLT,-0.0008804531095431,-0.0008804531095431,0.0,3,0.35,-0.0003081585883401
2018-06-08,GOOGL/MSFT,0.0038224995561473,0.0038224995561473,0.0,3,0.35,0.0013378748446515
2018-06-08,INTC/MU,-0.001,-0.0,1.0,3,0.3,-0.0003
2018-06-08,TLH/TLT,-9.083081674473984e-05,-9.083081674473984e-05,0.0,3,0.35,-3.179078586065893e-05
2018-06-11,GOOGL/MSFT,-0.0066355815074215,-0.0066355815074215,0.0,3,0.35,-0.0023224535275975
2018-06-11,INTC/MU,-0.0,-0.0,0.0,3,0.3,-0.0
2018-06-11,TLH/TLT,0.0002079578609955,0.0002079578609955,0.0,3,0.35,7.278525134843596e-05
2018-06-12,GOOGL/MSFT,-0.0028942763564629,-0.0028942763564629,0.0,3,0.35,-0.001012996724762
2018-06-12,INTC/MU,0.0,0.0,0.0,3,0.3,0.0
2018-06-12,TLH/TLT,-0.0004615695227323,-0.0004615695227323,0.0,3,0.35,-0.0001615493329563
2018-06-13,GOOGL/MSFT,0.0003320513246355,0.0003320513246355,0.0,3,0.35,0.0001162179636224
2018-06-13,INTC/MU,0.0,0.0,0.0,3,0.3,0.0
2018-06-13,TLH/TLT,-0.0001407673152393,-0.0001407673152393,0.0,3,0.35,-4.926856033377807e-05
2018-06-14,GOOGL/MSFT,-0.0062540276890483,-0.0062540276890483,0.0,3,0.35,-0.0021889096911669
2018-06-14,INTC/MU,0.0,0.0,0.0,3,0.3,0.0
2018-06-14,TLH/TLT,-0.0006923392940143,-0.0006923392940143,0.0,3,0.35,-0.000242318752905
2018-06-15,GOOGL/MSFT,-0.001,-0.0,1.0,3,0.35,-0.00035
2018-06-15,INTC/MU,-0.0,-0.0,0.0,3,0.3,-0.0
2018-06-15,TLH/TLT,8.509565947047218e-06,8.509565947047218e-06,0.0,3,0.35,2.978348081466526e-06
2018-06-18,GOOGL/MSFT,-0.0109193450772326,-0.0099193450772326,1.0,3,0.35,-0.0038217707770314
2018-06-18,INTC/MU,-0.0,-0.0,0.0,3,0.3,-0.0
2018-06-18,TLH/TLT,0.0005207863875936,0.0005207863875936,0.0,3,0.35,0.0001822752356577
2018-06-19,GOOGL/MSFT,0.0025132740451529,0.0025132740451529,0.0,3,0.35,0.0008796459158035
2018-06-19,INTC/MU,-0.0081982532855804,-0.0071982532855804,1.0,3,0.3,-0.0024594759856741
2018-06-19,TLH/TLT,-0.0004028465730442,-0.0004028465730442,0.0,3,0.35,-0.0001409963005654
2018-06-20,GOOGL/MSFT,0.0011609574482304,0.0011609574482304,0.0,3,0.35,0.0004063351068806
2018-06-20,INTC/MU,0.0089622359119328,0.0089622359119328,0.0,3,0.3,0.0026886707735798
2018-06-20,TLH/TLT,0.0008261190651615,0.0008261190651615,0.0,3,0.35,0.0002891416728065
2018-06-21,GOOGL/MSFT,0.0046719567649264,0.0046719567649264,0.0,3,0.35,0.0016351848677242
2018-06-21,INTC/MU,-0.0204772462521422,-0.0204772462521422,0.0,3,0.3,-0.0061431738756426
2018-06-21,TLH/TLT,-0.0001147802511576,-0.0001147802511576,0.0,3,0.35,-4.017308790517959e-05
2018-06-22,GOOGL/MSFT,-0.0027699536855524,-0.0027699536855524,0.0,3,0.35,-0.0009694837899433
2018-06-22,INTC/MU,0.0130367728326615,0.0130367728326615,0.0,3,0.3,0.0039110318497984
2018-06-22,TLH/TLT,0.00016760743194,0.00016760743194,0.0,3,0.35,5.86626011790125e-05
2018-06-25,GOOGL/MSFT,0.0075703227194651,0.0075703227194651,0.0,3,0.35,0.0026496129518127
2018-06-25,INTC/MU,-0.0122070276840995,-0.0122070276840995,0.0,3,0.3,-0.0036621083052298
2018-06-25,TLH/TLT,-0.001,0.0,1.0,3,0.35,-0.00035
2018-06-26,GOOGL/MSFT,0.0063080239641873,0.0063080239641873,0.0,3,0.35,0.0022078083874655
2018-06-26,INTC/MU,-0.0218657536652093,-0.0218657536652093,0.0,3,0.3,-0.0065597260995628
2018-06-26,TLH/TLT,-0.0,-0.0,0.0,3,0.35,-0.0
2018-06-27,GOOGL/MSFT,0.0021910553025093,0.0021910553025093,0.0,3,0.35,0.0007668693558782
2018-06-27,INTC/MU,-0.0053695127467964,-0.0053695127467964,0.0,3,0.3,-0.0016108538240389
2018-06-27,TLH/TLT,-0.0,-0.0,0.0,3,0.35,-0.0
2018-06-28,GOOGL/MSFT,-0.0008767682913937,-0.0008767682913937,0.0,3,0.35,-0.0003068689019878
2018-06-28,INTC/MU,0.0043408935105111,0.0043408935105111,0.0,3,0.3,0.0013022680531533
2018-06-28,TLH/TLT,-0.0,-0.0,0.0,3,0.35,-0.0
2018-06-29,GOOGL/MSFT,-0.001,-0.0,1.0,3,0.35,-0.00035
2018-06-29,INTC/MU,0.0101536149900205,0.0101536149900205,0.0,3,0.3,0.0030460844970061
2018-06-29,TLH/TLT,0.0,0.0,0.0,3,0.35,0.0
2018-07-02,GOOGL/MSFT,-0.0,-0.0,0.0,3,0.35,-0.0
2018-07-02,INTC/MU,-0.000494709785936,-0.000494709785936,0.0,3,0.3,-0.0001484129357808
2018-07-02,TLH/TLT,-0.0,-0.0,0.0,3,0.35,-0.0
2018-07-03,GOOGL/MSFT,0.0,0.0,0.0,3,0.35,0.0
2018-07-03,INTC/MU,0.0002364663747756,0.0002364663747756,0.0,3,0.3,7.093991243268787e-05
2018-07-03,TLH/TLT,0.0,0.0,0.0,3,0.35,0.0
2018-07-05,COP/CVX,0.0,0.0,0.0,4,0.5,0.0
2018-07-05,EEM/EFA,0.0,0.0,0.0,4,0.5,0.0
2018-07-06,COP/CVX,-0.0044099414007143,-0.0034099414007143,1.0,4,0.5,-0.0022049707003571
2018-07-06,EEM/EFA,0.001386667998736,0.002386667998736,1.0,4,0.5,0.000693333999368
2018-07-09,COP/CVX,0.0011711728967657,0.0011711728967657,0.0,4,0.5,0.0005855864483828
2018-07-09,EEM/EFA,-0.001,-0.0,1.0,4,0.5,-0.0005
2018-07-10,COP/CVX,0.0034389192502573,0.0034389192502573,0.0,4,0.5,0.0017194596251286
2018-07-10,EEM/EFA,0.0,0.0,0.0,4,0.5,0.0
2018-07-11,COP/CVX,-0.0096885634388162,-0.0096885634388162,0.0,4,0.5,-0.0048442817194081
2018-07-11,EEM/EFA,-0.0,-0.0,0.0,4,0.5,-0.0
2018-07-12,COP/CVX,-0.0044127650684148,-0.0044127650684148,0.0,4,0.5,-0.0022063825342074
2018-07-12,EEM/EFA,-0.0,-0.0,0.0,4,0.5,-0.0
2018-07-13,COP/CVX,-0.004144434356258,-0.004144434356258,0.0,4,0.5,-0.002072217178129
2018-07-13,EEM/EFA,0.0,0.0,0.0,4,0.5,0.0
2018-07-16,COP/CVX,0.0027758057457654,0.0027758057457654,0.0,4,0.5,0.0013879028728827
2018-07-16,EEM/EFA,0.0,0.0,0.0,4,0.5,0.0
2018-07-17,COP/CVX,-0.0035133557870621,-0.0035133557870621,0.0,4,0.5,-0.001756677893531
2018-07-17,EEM/EFA,-0.0,-0.0,0.0,4,0.5,-0.0
2018-07-18,COP/CVX,-0.0022676655829895,-0.0022676655829895,0.0,4,0.5,-0.0011338327914947
2018-07-18,EEM/EFA,0.0,0.0,0.0,4,0.5,0.0
2018-07-19,COP/CVX,-0.001,0.0,1.0,4,0.5,-0.0005
2018-07-19,EEM/EFA,0.0,0.0,0.0,4,0.5,0.0
2018-07-20,COP/CVX,-0.0,-0.0,0.0,4,0.5,-0.0
2018-07-20,EEM/EFA,-0.0,-0.0,0.0,4,0.5,-0.0
2018-07-23,COP/CVX,-0.0,-0.0,0.0,4,0.5,-0.0
2018-07-23,EEM/EFA,0.0,0.0,0.0,4,0.5,0.0
2018-07-24,COP/CVX,0.0,0.0,0.0,4,0.5,0.0
2018-07-24,EEM/EFA,-0.0,-0.0,0.0,4,0.5,-0.0
2018-07-25,COP/CVX,0.0,0.0,0.0,4,0.5,0.0
2018-07-25,EEM/EFA,-0.0,-0.0,0.0,4,0.5,-0.0
2018-07-26,COP/CVX,-0.0,-0.0,0.0,4,0.5,-0.0
2018-07-26,EEM/EFA,0.0,0.0,0.0,4,0.5,0.0
2018-07-27,COP/CVX,0.0,0.0,0.0,4,0.5,0.0
2018-07-27,EEM/EFA,-0.0,-0.0,0.0,4,0.5,-0.0
2018-07-30,COP/CVX,0.0,0.0,0.0,4,0.5,0.0
2018-07-30,EEM/EFA,0.0,0.0,0.0,4,0.5,0.0
2018-07-31,COP/CVX,-0.0,-0.0,0.0,4,0.5,-0.0
2018-07-31,EEM/EFA,-0.0,-0.0,0.0,4,0.5,-0.0
2018-08-01,COP/CVX,-0.0,-0.0,0.0,4,0.5,-0.0
2018-08-01,EEM/EFA,0.0,0.0,0.0,4,0.5,0.0
2018-08-02,COP/CVX,-0.0,-0.0,0.0,4,0.5,-0.0
2018-08-02,EEM/EFA,0.0,0.0,0.0,4,0.5,0.0
2018-08-03,COP/CVX,0.0,0.0,0.0,4,0.5,0.0
2018-08-03,EEM/EFA,-0.0,-0.0,0.0,4,0.5,-0.0
2018-08-06,COP/CVX,-0.0,-0.0,0.0,4,0.5,-0.0
2018-08-06,EEM/EFA,0.0,0.0,0.0,4,0.5,0.0
2018-08-07,COP/CVX,-0.0,-0.0,0.0,4,0.5,-0.0
2018-08-07,EEM/EFA,0.0,0.0,0.0,4,0.5,0.0
2018-08-08,COP/CVX,0.0,0.0,0.0,4,0.5,0.0
2018-08-08,EEM/EFA,0.0,0.0,0.0,4,0.5,0.0
2018-08-09,COP/CVX,-0.0,-0.0,0.0,4,0.5,-0.0
2018-08-09,EEM/EFA,-0.0,-0.0,0.0,4,0.5,-0.0
2018-08-10,COP/CVX,0.0019024484757453,0.0029024484757453,1.0,4,0.5,0.0009512242378726
2018-08-10,EEM/EFA,-0.0,-0.0,0.0,4,0.5,-0.0
2018-08-13,COP/CVX,0.0004690373386835,0.0004690373386835,0.0,4,0.5,0.0002345186693417
2018-08-13,EEM/EFA,0.0035076060478727,0.0045076060478727,1.0,4,0.5,0.0017538030239363
2018-08-14,COP/CVX,-0.0054008469896156,-0.0054008469896156,0.0,4,0.5,-0.0027004234948078
2018-08-14,EEM/EFA,-0.0025644981622503,-0.0025644981622503,0.0,4,0.5,-0.0012822490811251
2018-08-15,COP/CVX,0.0013435188725349,0.0013435188725349,0.0,4,0.5,0.0006717594362674
2018-08-15,EEM/EFA,0.0030371157941636,0.0030371157941636,0.0,4,0.5,0.0015185578970818
2018-08-16,COP/CVX,-0.0050789421844628,-0.0050789421844628,0.0,4,0.5,-0.0025394710922314
2018-08-16,EEM/EFA,0.0016511014223139,0.0016511014223139,0.0,4,0.5,0.0008255507111569
2018-08-17,COP/CVX,-0.0013637055458734,-0.0013637055458734,0.0,4,0.5,-0.0006818527729367
2018-08-17,EEM/EFA,-0.0007348551251549,-0.0007348551251549,0.0,4,0.5,-0.0003674275625774
2018-08-20,COP/CVX,-0.0045599911146449,-0.0045599911146449,0.0,4,0.5,-0.0022799955573224
2018-08-20,EEM/EFA,0.0014121714352093,0.0014121714352093,0.0,4,0.5,0.0007060857176046
2018-08-21,COP/CVX,-0.0011339954865572,-0.0011339954865572,0.0,4,0.5,-0.0005669977432786
2018-08-21,EEM/EFA,-0.0014889205712102,-0.0014889205712102,0.0,4,0.5,-0.0007444602856051
2018-08-22,COP/CVX,-0.0012899371806469,-0.0012899371806469,0.0,4,0.5,-0.0006449685903234
2018-08-22,EEM/EFA,-0.001,-0.0,1.0,4,0.5,-0.0005
2018-08-23,COP/CVX,-0.001,-0.0,1.0,4,0.5,-0.0005
2018-08-23,EEM/EFA,0.0,0.0,0.0,4,0.5,0.0
2018-08-24,COP/CVX,0.0005063799521751,0.0015063799521751,1.0,4,0.5,0.0002531899760875
2018-08-24,EEM/EFA,-0.0,-0.0,0.0,4,0.5,-0.0
2018-08-27,COP/CVX,0.0054813853368868,0.0054813853368868,0.0,4,0.5,0.0027406926684434
2018-08-27,EEM/EFA,0.0,0.0,0.0,4,0.5,0.0
2018-08-28,COP/CVX,0.0019029962271077,0.0019029962271077,0.0,4,0.5,0.0009514981135538
2018-08-28,EEM/EFA,0.0,0.0,0.0,4,0.5,0.0
2018-08-29,COP/CVX,-0.0064817799329333,-0.0064817799329333,0.0,4,0.5,-0.0032408899664666
2018-08-29,EEM/EFA,0.0,0.0,0.0,4,0.5,0.0
2018-08-30,COP/CVX,-0.0021538241950523,-0.0021538241950523,0.0,4,0.5,-0.0010769120975261
2018-08-30,EEM/EFA,0.0,0.0,0.0,4,0.5,0.0
2018-08-31,COP/CVX,-0.0060468919596919,-0.0060468919596919,0.0,4,0.5,-0.0030234459798459
2018-08-31,EEM/EFA,0.0058098273139177,0.0068098273139177,1.0,4,0.5,0.0029049136569588
2018-09-04,COP/CVX,0.0038200802986043,0.0038200802986043,0.0,4,0.5,0.0019100401493021
2018-09-04,EEM/EFA,-0.0028225168985946,-0.0028225168985946,0.0,4,0.5,-0.0014112584492973
2018-09-05,COP/CVX,0.0008548177651186,0.0008548177651186,0.0,4,0.5,0.0004274088825593
2018-09-05,EEM/EFA,-0.001,0.0,1.0,4,0.5,-0.0005
2018-09-06,COP/CVX,-0.0051053262066438,-0.0051053262066438,0.0,4,0.5,-0.0025526631033219
2018-09-06,EEM/EFA,-0.0,-0.0,0.0,4,0.5,-0.0
2018-09-07,COP/CVX,-0.001,-0.0,1.0,4,0.5,-0.0005
2018-09-07,EEM/EFA,-0.0,-0.0,0.0,4,0.5,-0.0
2018-09-10,COP/CVX,-0.0,-0.0,0.0,4,0.5,-0.0
2018-09-10,EEM/EFA,0.0066309336307044,0.0076309336307044,1.0,4,0.5,0.0033154668153522
2018-09-11,COP/CVX,2.642697217961824e-05,0.0010264269721796,1.0,4,0.5,1.321348608980912e-05
2018-09-11,EEM/EFA,-0.0003409254552318,-0.0003409254552318,0.0,4,0.5,-0.0001704627276159
2018-09-12,COP/CVX,0.0012113945267843,0.0012113945267843,0.0,4,0.5,0.0006056972633921
2018-09-12,EEM/EFA,0.0004741331154209,0.0004741331154209,0.0,4,0.5,0.0002370665577104
2018-09-13,COP/CVX,-0.0005871979428392,-0.0005871979428392,0.0,4,0.5,-0.0002935989714196
2018-09-13,EEM/EFA,-0.0010496228989406,-0.0010496228989406,0.0,4,0.5,-0.0005248114494703
2018-09-14,COP/CVX,0.0003228142708444,0.0003228142708444,0.0,4,0.5,0.0001614071354222
2018-09-14,EEM/EFA,-0.001,0.0,1.0,4,0.5,-0.0005
2018-09-17,COP/CVX,-0.0033684436650827,-0.0033684436650827,0.0,4,0.5,-0.0016842218325413
2018-09-17,EEM/EFA,0.0,0.0,0.0,4,0.5,0.0
2018-09-18,COP/CVX,-0.0011528810207747,-0.0011528810207747,0.0,4,0.5,-0.0005764405103873
2018-09-18,EEM/EFA,-0.0033461147055634,-0.0023461147055634,1.0,4,0.5,-0.0016730573527817
2018-09-19,COP/CVX,0.0043883582911095,0.0043883582911095,0.0,4,0.5,0.0021941791455547
2018-09-19,EEM/EFA,0.0034798217277779,0.0034798217277779,0.0,4,0.5,0.0017399108638889
2018-09-20,COP/CVX,0.0004497862840558,0.0004497862840558,0.0,4,0.5,0.0002248931420279
2018-09-20,EEM/EFA,-0.001,0.0,1.0,4,0.5,-0.0005
2018-09-21,COP/CVX,0.0036947651671682,0.0036947651671682,0.0,4,0.5,0.0018473825835841
2018-09-21,EEM/EFA,-0.0,-0.0,0.0,4,0.5,-0.0
2018-09-24,COP/CVX,-0.001,0.0,1.0,4,0.5,-0.0005
2018-09-24,EEM/EFA,0.0,0.0,0.0,4,0.5,0.0
2018-09-25,COP/CVX,-0.0,-0.0,0.0,4,0.5,-0.0
2018-09-25,EEM/EFA,0.0,0.0,0.0,4,0.5,0.0
2018-09-26,COP/CVX,-0.0,-0.0,0.0,4,0.5,-0.0
2018-09-26,EEM/EFA,-0.0,-0.0,0.0,4,0.5,-0.0
2018-09-27,COP/CVX,0.0,0.0,0.0,4,0.5,0.0
2018-09-27,EEM/EFA,-0.0,-0.0,0.0,4,0.5,-0.0
2018-09-28,COP/CVX,-0.0,-0.0,0.0,4,0.5,-0.0
2018-09-28,EEM/EFA,-0.0,-0.0,0.0,4,0.5,-0.0
2018-10-01,COP/CVX,-0.0,-0.0,0.0,4,0.5,-0.0
2018-10-01,EEM/EFA,-0.0003952453822466,0.0006047546177533,1.0,4,0.5,-0.0001976226911233
2018-10-02,COP/CVX,0.0,0.0,0.0,4,0.5,0.0
2018-10-02,EEM/EFA,0.0020450197190254,0.0020450197190254,0.0,4,0.5,0.0010225098595127
2018-10-03,HD/WMT,-0.0,-0.0,0.0,5,0.5,-0.0
2018-10-03,VGT/XLK,-0.0,-0.0,0.0,5,0.5,-0.0
2018-10-04,HD/WMT,0.0,0.0,0.0,5,0.5,0.0
2018-10-04,VGT/XLK,-0.0,-0.0,0.0,5,0.5,-0.0
2018-10-05,HD/WMT,-0.0,-0.0,0.0,5,0.5,-0.0
2018-10-05,VGT/XLK,-0.0,-0.0,0.0,5,0.5,-0.0
2018-10-08,HD/WMT,0.0,0.0,0.0,5,0.5,0.0
2018-10-08,VGT/XLK,0.0,0.0,0.0,5,0.5,0.0
2018-10-09,HD/WMT,0.0,0.0,0.0,5,0.5,0.0
2018-10-09,VGT/XLK,0.0,0.0,0.0,5,0.5,0.0
2018-10-10,HD/WMT,0.0052876227156994,0.0062876227156994,1.0,5,0.5,0.0026438113578497
2018-10-10,VGT/XLK,-0.0,-0.0,0.0,5,0.5,-0.0
2018-10-11,HD/WMT,0.007186831706871,0.007186831706871,0.0,5,0.5,0.0035934158534355
2018-10-11,VGT/XLK,0.0,0.0,0.0,5,0.5,0.0
2018-10-12,HD/WMT,-0.002234654985848,-0.002234654985848,0.0,5,0.5,-0.001117327492924
2018-10-12,VGT/XLK,0.0,0.0,0.0,5,0.5,0.0
2018-10-15,HD/WMT,0.0052232963587675,0.0052232963587675,0.0,5,0.5,0.0026116481793837
2018-10-15,VGT/XLK,-0.0,-0.0,0.0,5,0.5,-0.0
2018-10-16,HD/WMT,-0.0109497131122894,-0.0109497131122894,0.0,5,0.5,-0.0054748565561447
2018-10-16,VGT/XLK,0.0,0.0,0.0,5,0.5,0.0
2018-10-17,HD/WMT,-0.0186584371483155,-0.0186584371483155,0.0,5,0.5,-0.0093292185741577
2018-10-17,VGT/XLK,-0.0,-0.0,0.0,5,0.5,-0.0
2018-10-18,HD/WMT,-0.0048698069416053,-0.0048698069416053,0.0,5,0.5,-0.0024349034708026
2018-10-18,VGT/XLK,-0.0,-0.0,0.0,5,0.5,-0.0
2018-10-19,HD/WMT,-0.0081280023332865,-0.0081280023332865,0.0,5,0.5,-0.0040640011666432
2018-10-19,VGT/XLK,0.0,0.0,0.0,5,0.5,0.0
2018-10-22,HD/WMT,-0.0017392355916497,-0.0017392355916497,0.0,5,0.5,-0.0008696177958248
2018-10-22,VGT/XLK,0.0,0.0,0.0,5,0.5,0.0
2018-10-23,HD/WMT,-0.0051511167907598,-0.0051511167907598,0.0,5,0.5,-0.0025755583953799
2018-10-23,VGT/XLK,-0.0,-0.0,0.0,5,0.5,-0.0
2018-10-24,HD/WMT,-0.000848284497896,-0.000848284497896,0.0,5,0.5,-0.000424142248948
2018-10-24,VGT/XLK,-0.0,-0.0,0.0,5,0.5,-0.0
2018-10-25,HD/WMT,-0.0082119427251279,-0.0082119427251279,0.0,5,0.5,-0.0041059713625639
2018-10-25,VGT/XLK,0.0,0.0,0.0,5,0.5,0.0
2018-10-26,HD/WMT,-0.0095839812726104,-0.0095839812726104,0.0,5,0.5,-0.0047919906363052
2018-10-26,VGT/XLK,-0.0,-0.0,0.0,5,0.5,-0.0
2018-10-29,HD/WMT,-0.0044886436412193,-0.0044886436412193,0.0,5,0.5,-0.0022443218206096
2018-10-29,VGT/XLK,-0.0,-0.0,0.0,5,0.5,-0.0
2018-10-30,HD/WMT,-0.0134140402081266,-0.0134140402081266,0.0,5,0.5,-0.0067070201040633
2018-10-30,VGT/XLK,-0.0,-0.0,0.0,5,0.5,-0.0
2018-10-31,HD/WMT,0.0141296194560448,0.0141296194560448,0.0,5,0.5,0.0070648097280224
2018-10-31,VGT/XLK,0.0,0.0,0.0,5,0.5,0.0
2018-11-01,HD/WMT,0.0055694000474019,0.0055694000474019,0.0,5,0.5,0.0027847000237009
2018-11-01,VGT/XLK,-0.0,-0.0,0.0,5,0.5,-0.0
2018-11-02,HD/WMT,-0.0061985468710029,-0.0061985468710029,0.0,5,0.5,-0.0030992734355014
2018-11-02,VGT/XLK,-0.0,-0.0,0.0,5,0.5,-0.0
2018-11-05,HD/WMT,-0.007239692647542,-0.007239692647542,0.0,5,0.5,-0.003619846323771
2018-11-05,VGT/XLK,0.0,0.0,0.0,5,0.5,0.0
2018-11-06,HD/WMT,-0.001,0.0,1.0,5,0.5,-0.0005
2018-11-06,VGT/XLK,0.0,0.0,0.0,5,0.5,0.0
2018-11-07,HD/WMT,-0.0,-0.0,0.0,5,0.5,-0.0
2018-11-07,VGT/XLK,0.0,0.0,0.0,5,0.5,0.0
2018-11-08,HD/WMT,0.0,0.0,0.0,5,0.5,0.0
2018-11-08,VGT/XLK,0.0,0.0,0.0,5,0.5,0.0
2018-11-09,HD/WMT,0.0,0.0,0.0,5,0.5,0.0
2018-11-09,VGT/XLK,-0.0,-0.0,0.0,5,0.5,-0.0
2018-11-12,HD/WMT,-0.0,-0.0,0.0,5,0.5,-0.0
2018-11-12,VGT/XLK,-0.0,-0.0,0.0,5,0.5,-0.0
2018-11-13,HD/WMT,-0.0,-0.0,0.0,5,0.5,-0.0
2018-11-13,VGT/XLK,0.0,0.0,0.0,5,0.5,0.0
2018-11-14,HD/WMT,-0.0,-0.0,0.0,5,0.5,-0.0
2018-11-14,VGT/XLK,-0.0,-0.0,0.0,5,0.5,-0.0
2018-11-15,HD/WMT,-0.0105583635480948,-0.0095583635480948,1.0,5,0.5,-0.0052791817740474
2018-11-15,VGT/XLK,0.0,0.0,0.0,5,0.5,0.0
2018-11-16,HD/WMT,-0.0124701572369245,-0.0124701572369245,0.0,5,0.5,-0.0062350786184622
2018-11-16,VGT/XLK,-0.0,-0.0,0.0,5,0.5,-0.0
2018-11-19,HD/WMT,-0.0007547540402971,-0.0007547540402971,0.0,5,0.5,-0.0003773770201485
2018-11-19,VGT/XLK,-0.0,-0.0,0.0,5,0.5,-0.0
2018-11-20,HD/WMT,-0.0111434958056586,-0.0111434958056586,0.0,5,0.5,-0.0055717479028293
2018-11-20,VGT/XLK,-0.0,-0.0,0.0,5,0.5,-0.0
2018-11-21,HD/WMT,-0.0003720033905901,-0.0003720033905901,0.0,5,0.5,-0.000186001695295
2018-11-21,VGT/XLK,-0.0011972581943218,-0.0001972581943218,1.0,5,0.5,-0.0005986290971609
2018-11-23,HD/WMT,0.0076929047355832,0.0076929047355832,0.0,5,0.5,0.0038464523677916
2018-11-23,VGT/XLK,-0.0015764409078345,-0.0015764409078345,0.0,5,0.5,-0.0007882204539172
2018-11-26,HD/WMT,-0.0013704714266674,-0.0013704714266674,0.0,5,0.5,-0.0006852357133337
2018-11-26,VGT/XLK,0.0014654847195033,0.0014654847195033,0.0,5,0.5,0.0007327423597516
2018-11-27,HD/WMT,-0.0068600983095571,-0.0068600983095571,0.0,5,0.5,-0.0034300491547785
2018-11-27,VGT/XLK,0.0006573514132648,0.0006573514132648,0.0,5,0.5,0.0003286757066324
2018-11-28,HD/WMT,0.008614619713921,0.008614619713921,0.0,5,0.5,0.0043073098569605
2018-11-28,VGT/XLK,0.0016452974555472,0.0016452974555472,0.0,5,0.5,0.0008226487277736
2018-11-29,HD/WMT,0.0017983720669886,0.0017983720669886,0.0,5,0.5,0.0008991860334943
2018-11-29,VGT/XLK,-0.001,-0.0,1.0,5,0.5,-0.0005
2018-11-30,HD/WMT,-0.0054512568498651,-0.0054512568498651,0.0,5,0.5,-0.0027256284249325
2018-11-30,VGT/XLK,0.0,0.0,0.0,5,0.5,0.0
2018-12-03,HD/WMT,0.0054805574688305,0.0054805574688305,0.0,5,0.5,0.0027402787344152
2018-12-03,VGT/XLK,0.0,0.0,0.0,5,0.5,0.0
2018-12-04,HD/WMT,-0.0100255590499142,-0.0100255590499142,0.0,5,0.5,-0.0050127795249571
2018-12-04,VGT/XLK,-0.0,-0.0,0.0,5,0.5,-0.0
2018-12-06,HD/WMT,-0.0049445146468087,-0.0049445146468087,0.0,5,0.5,-0.0024722573234043
2018-12-06,VGT/XLK,-0.0,-0.0,0.0,5,0.5,-0.0
2018-12-07,HD/WMT,-0.0061699230941299,-0.0061699230941299,0.0,5,0.5,-0.0030849615470649
2018-12-07,VGT/XLK,-0.0,-0.0,0.0,5,0.5,-0.0
2018-12-10,HD/WMT,0.0075380981873922,0.0075380981873922,0.0,5,0.5,0.0037690490936961
2018-12-10,VGT/XLK,0.0,0.0,0.0,5,0.5,0.0
2018-12-11,HD/WMT,-0.0015857355730818,-0.0015857355730818,0.0,5,0.5,-0.0007928677865409
2018-12-11,VGT/XLK,0.0,0.0,0.0,5,0.5,0.0
2018-12-12,HD/WMT,-0.0090156555870596,-0.0090156555870596,0.0,5,0.5,-0.0045078277935298
2018-12-12,VGT/XLK,-0.0,-0.0,0.0,5,0.5,-0.0
2018-12-13,HD/WMT,-0.0005334546855554,-0.0005334546855554,0.0,5,0.5,-0.0002667273427777
2018-12-13,VGT/XLK,0.0,0.0,0.0,5,0.5,0.0
2018-12-14,HD/WMT,-0.001,-0.0,1.0,5,0.5,-0.0005
2018-12-14,VGT/XLK,-0.0,-0.0,0.0,5,0.5,-0.0
2018-12-17,HD/WMT,-0.0,-0.0,0.0,5,0.5,-0.0
2018-12-17,VGT/XLK,-0.0,-0.0,0.0,5,0.5,-0.0
2018-12-18,HD/WMT,-0.0,-0.0,0.0,5,0.5,-0.0
2018-12-18,VGT/XLK,0.0,0.0,0.0,5,0.5,0.0
2018-12-19,HD/WMT,0.0,0.0,0.0,5,0.5,0.0
2018-12-19,VGT/XLK,-0.0,-0.0,0.0,5,0.5,-0.0
2018-12-20,HD/WMT,-0.0,-0.0,0.0,5,0.5,-0.0
2018-12-20,VGT/XLK,-0.0,-0.0,0.0,5,0.5,-0.0
2018-12-21,HD/WMT,0.0046116138226315,0.0056116138226315,1.0,5,0.5,0.0023058069113157
2018-12-21,VGT/XLK,-0.0021206736192109,-0.0011206736192109,1.0,5,0.5,-0.0010603368096054
2018-12-24,HD/WMT,-0.0060168537557903,-0.0060168537557903,0.0,5,0.5,-0.0030084268778951
2018-12-24,VGT/XLK,-0.0016634869599074,-0.0016634869599074,0.0,5,0.5,-0.0008317434799537
2018-12-26,HD/WMT,0.0175438616203756,0.0175438616203756,0.0,5,0.5,0.0087719308101878
2018-12-26,VGT/XLK,0.0027379249688796,0.0027379249688796,0.0,5,0.5,0.0013689624844398
2018-12-27,HD/WMT,0.0053038396115893,0.0053038396115893,0.0,5,0.5,0.0026519198057946
2018-12-27,VGT/XLK,-0.0001614160840349,-0.0001614160840349,0.0,5,0.5,-8.070804201748183e-05
2018-12-28,HD/WMT,0.0042501640877183,0.0042501640877183,0.0,5,0.5,0.0021250820438591
2018-12-28,VGT/XLK,-0.000208677474565,-0.000208677474565,0.0,5,0.5,-0.0001043387372825
2018-12-31,HD/WMT,0.0046958757557244,0.0046958757557244,0.0,5,0.5,0.0023479378778622
2018-12-31,VGT/XLK,0.0001397744434798,0.0001397744434798,0.0,5,0.5,6.988722173991128e-05
2019-01-02,HD/WMT,0.000326602333627,0.000326602333627,0.0,5,0.5,0.0001633011668135
2019-01-02,VGT/XLK,5.1461062695044734e-05,5.1461062695044734e-05,0.0,5,0.5,2.5730531347522367e-05
2019-01-03,HD/WMT,0.0033879140266324,0.0033879140266324,0.0,5,0.5,0.0016939570133162
2019-01-03,VGT/XLK,-0.0027874927682696,-0.0027874927682696,0.0,5,0.5,-0.0013937463841348
2019-01-04,GS/WFC,-0.0,-0.0,0.0,6,0.1054833255150306,-0.0
2019-01-04,BAC/MS,-0.0,-0.0,0.0,6,0.2359442829578065,-0.0
2019-01-04,EEM/IEFA,0.0,0.0,0.0,6,0.35,0.0
2019-01-04,AAPL/META,0.0,0.0,0.0,6,0.3085723915271628,0.0
2019-01-07,GS/WFC,0.0,0.0,0.0,6,0.1054833255150306,0.0
2019-01-07,BAC/MS,-0.0,-0.0,0.0,6,0.2359442829578065,-0.0
2019-01-07,EEM/IEFA,0.0,0.0,0.0,6,0.35,0.0
2019-01-07,AAPL/META,-0.0,-0.0,0.0,6,0.3085723915271628,-0.0
2019-01-08,GS/WFC,-0.0,-0.0,0.0,6,0.1054833255150306,-0.0
2019-01-08,BAC/MS,0.0,0.0,0.0,6,0.2359442829578065,0.0
2019-01-08,EEM/IEFA,0.0,0.0,0.0,6,0.35,0.0
2019-01-08,AAPL/META,0.0,0.0,0.0,6,0.3085723915271628,0.0
2019-01-09,GS/WFC,-0.0,-0.0,0.0,6,0.1054833255150306,-0.0
2019-01-09,BAC/MS,0.0,0.0,0.0,6,0.2359442829578065,0.0
2019-01-09,EEM/IEFA,-0.0,-0.0,0.0,6,0.35,-0.0
2019-01-09,AAPL/META,0.0,0.0,0.0,6,0.3085723915271628,0.0
2019-01-10,GS/WFC,-0.0,-0.0,0.0,6,0.1054833255150306,-0.0
2019-01-10,BAC/MS,0.0,0.0,0.0,6,0.2359442829578065,0.0
2019-01-10,EEM/IEFA,-0.0,-0.0,0.0,6,0.35,-0.0
2019-01-10,AAPL/META,0.0,0.0,0.0,6,0.3085723915271628,0.0
2019-01-11,GS/WFC,0.0,0.0,0.0,6,0.1054833255150306,0.0
2019-01-11,BAC/MS,0.0,0.0,0.0,6,0.2359442829578065,0.0
2019-01-11,EEM/IEFA,-0.0,-0.0,0.0,6,0.35,-0.0
2019-01-11,AAPL/META,-0.0,-0.0,0.0,6,0.3085723915271628,-0.0
2019-01-14,GS/WFC,-0.0,-0.0,0.0,6,0.1054833255150306,-0.0
2019-01-14,BAC/MS,-0.0,-0.0,0.0,6,0.2359442829578065,-0.0
2019-01-14,EEM/IEFA,0.0,0.0,0.0,6,0.35,0.0
2019-01-14,AAPL/META,-0.0,-0.0,0.0,6,0.3085723915271628,-0.0
2019-01-15,GS/WFC,0.0,0.0,0.0,6,0.1054833255150306,0.0
2019-01-15,BAC/MS,-0.0,-0.0,0.0,6,0.2359442829578065,-0.0
2019-01-15,EEM/IEFA,-0.0,-0.0,0.0,6,0.35,-0.0
2019-01-15,AAPL/META,0.0,0.0,0.0,6,0.3085723915271628,0.0
2019-01-16,GS/WFC,0.0,0.0,0.0,6,0.1054833255150306,0.0
2019-01-16,BAC/MS,0.0,0.0,0.0,6,0.2359442829578065,0.0
2019-01-16,EEM/IEFA,-0.0,-0.0,0.0,6,0.35,-0.0
2019-01-16,AAPL/META,0.0,0.0,0.0,6,0.3085723915271628,0.0
2019-01-17,GS/WFC,-0.0016506568543778,-0.0006506568543778,1.0,6,0.1054833255150306,-0.0001741167742839
2019-01-17,BAC/MS,0.0,0.0,0.0,6,0.2359442829578065,0.0
2019-01-17,EEM/IEFA,0.0,0.0,0.0,6,0.35,0.0
2019-01-17,AAPL/META,0.0,0.0,0.0,6,0.3085723915271628,0.0
2019-01-18,GS/WFC,0.0022811052145836,0.0022811052145836,0.0,6,0.1054833255150306,0.0002406185638839
2019-01-18,BAC/MS,-0.0,-0.0,0.0,6,0.2359442829578065,-0.0
2019-01-18,EEM/IEFA,0.0,0.0,0.0,6,0.35,0.0
2019-01-18,AAPL/META,0.0,0.0,0.0,6,0.3085723915271628,0.0
2019-01-22,GS/WFC,0.0080635982606497,0.0080635982606497,0.0,6,0.1054833255150306,0.0008505751601505
2019-01-22,BAC/MS,-0.0138600454173453,-0.0128600454173453,1.0,6,0.2359442829578065,-0.0032701984777581
2019-01-22,EEM/IEFA,-0.0,-0.0,0.0,6,0.35,-0.0
2019-01-22,AAPL/META,-0.0,-0.0,0.0,6,0.3085723915271628,-0.0
2019-01-23,GS/WFC,0.0046937027746244,0.0046937027746244,0.0,6,0.1054833255150306,0.0004951073776465
2019-01-23,BAC/MS,-0.001,0.0,1.0,6,0.2359442829578065,-0.0002359442829578
2019-01-23,EEM/IEFA,-0.0,-0.0,0.0,6,0.35,-0.0
2019-01-23,AAPL/META,0.0,0.0,0.0,6,0.3085723915271628,0.0
2019-01-24,GS/WFC,-0.0035239388489674,-0.0035239388489674,0.0,6,0.1054833255150306,-0.0003717167887006
2019-01-24,BAC/MS,-0.004796855490682,-0.003796855490682,1.0,6,0.2359442829578065,-0.0011317906292011
2019-01-24,EEM/IEFA,-0.0,-0.0,0.0,6,0.35,-0.0
2019-01-24,AAPL/META,-0.0,-0.0,0.0,6,0.3085723915271628,-0.0
2019-01-25,GS/WFC,-0.0043396294997329,-0.0043396294997329,0.0,6,0.1054833255150306,-0.0004577585511349
2019-01-25,BAC/MS,0.0043964772097422,0.0043964772097422,0.0,6,0.2359442829578065,0.0010373236627929
2019-01-25,EEM/IEFA,0.0,0.0,0.0,6,0.35,0.0
2019-01-25,AAPL/META,0.0,0.0,0.0,6,0.3085723915271628,0.0
2019-01-28,GS/WFC,-0.0015549805351839,-0.0015549805351839,0.0,6,0.1054833255150306,-0.0001640245179623
2019-01-28,BAC/MS,-0.004979053869433,-0.004979053869433,0.0,6,0.2359442829578065,-0.0011747792950316
2019-01-28,EEM/IEFA,0.0,0.0,0.0,6,0.35,0.0
2019-01-28,AAPL/META,-0.0,-0.0,0.0,6,0.3085723915271628,-0.0
2019-01-29,GS/WFC,-0.0012509641173768,-0.0012509641173768,0.0,6,0.1054833255150306,-0.0001319558552008
2019-01-29,BAC/MS,0.0015909233451964,0.0015909233451964,0.0,6,0.2359442829578065,0.0003753692679231
2019-01-29,EEM/IEFA,0.0,0.0,0.0,6,0.35,0.0
2019-01-29,AAPL/META,-0.0,-0.0,0.0,6,0.3085723915271628,-0.0
2019-01-30,GS/WFC,-0.001228895781393,-0.001228895781393,0.0,6,0.1054833255150306,-0.0001296280137327
2019-01-30,BAC/MS,0.0127186741182618,0.0127186741182618,0.0,6,0.2359442829578065,0.0030008984450073
2019-01-30,EEM/IEFA,-0.0,-0.0,0.0,6,0.35,-0.0
2019-01-30,AAPL/META,0.0,0.0,0.0,6,0.3085723915271628,0.0
2019-01-31,GS/WFC,-0.001,-0.0,1.0,6,0.1054833255150306,-0.000105483325515
2019-01-31,BAC/MS,0.0030146758159977,0.0030146758159977,0.0,6,0.2359442829578065,0.0007112955237558
2019-01-31,EEM/IEFA,-0.0,-0.0,0.0,6,0.35,-0.0
2019-01-31,AAPL/META,-0.0,-0.0,0.0,6,0.3085723915271628,-0.0
2019-02-01,GS/WFC,0.002058053585711,0.003058053585711,1.0,6,0.1054833255150306,0.0002170903363089
2019-02-01,BAC/MS,-0.0048074475929112,-0.0048074475929112,0.0,6,0.2359442829578065,-0.0011342897751666
2019-02-01,EEM/IEFA,0.0028399925830916,0.0038399925830916,1.0,6,0.35,0.000993997404082
2019-02-01,AAPL/META,0.0,0.0,0.0,6,0.3085723915271628,0.0
2019-02-04,GS/WFC,-0.0006775931601523,-0.0006775931601523,0.0,6,0.1054833255150306,-7.147477987911005e-05
2019-02-04,BAC/MS,0.0004635728913465,0.0004635728913465,0.0,6,0.2359442829578065,0.0001093773734474
2019-02-04,EEM/IEFA,0.0013178925392446,0.0013178925392446,0.0,6,0.35,0.0004612623887356
2019-02-04,AAPL/META,0.0,0.0,0.0,6,0.3085723915271628,0.0
2019-02-05,GS/WFC,0.0019051527940478,0.0019051527940478,0.0,6,0.1054833255150306,0.0002009618523304
2019-02-05,BAC/MS,0.0014312327742857,0.0014312327742857,0.0,6,0.2359442829578065,0.0003376911906745
2019-02-05,EEM/IEFA,-0.0017454742652129,-0.0017454742652129,0.0,6,0.35,-0.0006109159928245
2019-02-05,AAPL/META,0.0,0.0,0.0,6,0.3085723915271628,0.0
2019-02-06,GS/WFC,0.0023057212581273,0.0023057212581273,0.0,6,0.1054833255150306,0.0002432151460179
2019-02-06,BAC/MS,-0.0001223579690765,-0.0001223579690765,0.0,6,0.2359442829578065,-2.886966327794813e-05
2019-02-06,EEM/IEFA,0.0028055873810761,0.0028055873810761,0.0,6,0.35,0.0009819555833766
2019-02-06,AAPL/META,0.0,0.0,0.0,6,0.3085723915271628,0.0
2019-02-07,GS/WFC,-0.0061500722413688,-0.0061500722413688,0.0,6,0.1054833255150306,-0.0006487300721772
2019-02-07,BAC/MS,-0.0039756021316479,-0.0039756021316479,0.0,6,0.2359442829578065,-0.0009380205942772
2019-02-07,EEM/IEFA,-0.001,-0.0,1.0,6,0.35,-0.00035
2019-02-07,AAPL/META,-0.0,-0.0,0.0,6,0.3085723915271628,-0.0
2019-02-08,GS/WFC,-0.0022675162133076,-0.0022675162133076,0.0,6,0.1054833255150306,-0.0002391851508389
2019-02-08,BAC/MS,-0.0096693837797107,-0.0096693837797107,0.0,6,0.2359442829578065,-0.0022814358225476
2019-02-08,EEM/IEFA,0.0,0.0,0.0,6,0.35,0.0
2019-02-08,AAPL/META,-0.0,-0.0,0.0,6,0.3085723915271628,-0.0
2019-02-11,GS/WFC,0.0007316385579435,0.0007316385579435,0.0,6,0.1054833255150306,7.717566816690229e-05
2019-02-11,BAC/MS,-0.0099869358456178,-0.0099869358456178,0.0,6,0.2359442829578065,-0.0023563604170399
2019-02-11,EEM/IEFA,0.0,0.0,0.0,6,0.35,0.0
2019-02-11,AAPL/META,-0.0,-0.0,0.0,6,0.3085723915271628,-0.0
2019-02-12,GS/WFC,0.010463382464682,0.010463382464682,0.0,6,0.1054833255150306,0.0011037123785103
2019-02-12,BAC/MS,0.008396584164721,0.008396584164721,0.0,6,0.2359442829578065,0.0019811260300399
2019-02-12,EEM/IEFA,0.0,0.0,0.0,6,0.35,0.0
2019-02-12,AAPL/META,0.0,0.0,0.0,6,0.3085723915271628,0.0
2019-02-13,GS/WFC,-0.00078340192939,-0.00078340192939,0.0,6,0.1054833255150306,-8.263584072695866e-05
2019-02-13,BAC/MS,0.0003765903495331,0.0003765903495331,0.0,6,0.2359442829578065,8.885433998942001e-05
2019-02-13,EEM/IEFA,0.0,0.0,0.0,6,0.35,0.0
2019-02-13,AAPL/META,-0.0,-0.0,0.0,6,0.3085723915271628,-0.0
2019-02-14,GS/WFC,-0.001,0.0,1.0,6,0.1054833255150306,-0.000105483325515
2019-02-14,BAC/MS,-0.001397659191118,-0.001397659191118,0.0,6,0.2359442829578065,-0.0003297696956677
2019-02-14,EEM/IEFA,-0.0,-0.0,0.0,6,0.35,-0.0
2019-02-14,AAPL/META,0.0,0.0,0.0,6,0.3085723915271628,0.0
2019-02-15,GS/WFC,0.0,0.0,0.0,6,0.1054833255150306,0.0
2019-02-15,BAC/MS,0.0056976086295773,0.0056976086295773,0.0,6,0.2359442829578065,0.0013443181826798
2019-02-15,EEM/IEFA,0.0,0.0,0.0,6,0.35,0.0
2019-02-15,AAPL/META,0.0,0.0,0.0,6,0.3085723915271628,0.0
2019-02-19,GS/WFC,-0.0,-0.0,0.0,6,0.1054833255150306,-0.0
2019-02-19,BAC/MS,0.0019136837071005,0.0019136837071005,0.0,6,0.2359442829578065,0.0004515227300798
2019-02-19,EEM/IEFA,0.0002345594622973,0.0012345594622973,1.0,6,0.35,8.209581180405671e-05
2019-02-19,AAPL/META,0.0,0.0,0.0,6,0.3085723915271628,0.0
2019-02-20,GS/WFC,-0.0,-0.0,0.0,6,0.1054833255150306,-0.0
2019-02-20,BAC/MS,-0.0009456900516199,-0.0009456900516199,0.0,6,0.2359442829578065,-0.0002231301611298
2019-02-20,EEM/IEFA,0.0006260120702632,0.0006260120702632,0.0,6,0.35,0.0002191042245921
2019-02-20,AAPL/META,0.0,0.0,0.0,6,0.3085723915271628,0.0
2019-02-21,GS/WFC,-0.0,-0.0,0.0,6,0.1054833255150306,-0.0
2019-02-21,BAC/MS,-0.001,0.0,1.0,6,0.2359442829578065,-0.0002359442829578
2019-02-21,EEM/IEFA,0.0005108714941255,0.0005108714941255,0.0,6,0.35,0.0001788050229439
2019-02-21,AAPL/META,0.0,0.0,0.0,6,0.3085723915271628,0.0
2019-02-22,GS/WFC,0.0,0.0,0.0,6,0.1054833255150306,0.0
2019-02-22,BAC/MS,-0.0,-0.0,0.0,6,0.2359442829578065,-0.0
2019-02-22,EEM/IEFA,0.0028733936012753,0.0028733936012753,0.0,6,0.35,0.0010056877604463
2019-02-22,AAPL/META,0.0,0.0,0.0,6,0.3085723915271628,0.0
2019-02-25,GS/WFC,-0.0,-0.0,0.0,6,0.1054833255150306,-0.0
2019-02-25,BAC/MS,-0.0,-0.0,0.0,6,0.2359442829578065,-0.0
2019-02-25,EEM/IEFA,0.0034794105190344,0.0034794105190344,0.0,6,0.35,0.001217793681662
2019-02-25,AAPL/META,-0.0,-0.0,0.0,6,0.3085723915271628,-0.0
2019-02-26,GS/WFC,0.0,0.0,0.0,6,0.1054833255150306,0.0
2019-02-26,BAC/MS,-0.0,-0.0,0.0,6,0.2359442829578065,-0.0
2019-02-26,EEM/IEFA,-0.001,0.0,1.0,6,0.35,-0.00035
2019-02-26,AAPL/META,0.0,0.0,0.0,6,0.3085723915271628,0.0
2019-02-27,GS/WFC,-0.0,-0.0,0.0,6,0.1054833255150306,-0.0
2019-02-27,BAC/MS,0.0,0.0,0.0,6,0.2359442829578065,0.0
2019-02-27,EEM/IEFA,0.0,0.0,0.0,6,0.35,0.0
2019-02-27,AAPL/META,0.0,0.0,0.0,6,0.3085723915271628,0.0
2019-02-28,GS/WFC,-0.0,-0.0,0.0,6,0.1054833255150306,-0.0
2019-02-28,BAC/MS,0.0,0.0,0.0,6,0.2359442829578065,0.0
2019-02-28,EEM/IEFA,0.0,0.0,0.0,6,0.35,0.0
2019-02-28,AAPL/META,-0.0,-0.0,0.0,6,0.3085723915271628,-0.0
2019-03-01,GS/WFC,0.0,0.0,0.0,6,0.1054833255150306,0.0
2019-03-01,BAC/MS,-0.0,-0.0,0.0,6,0.2359442829578065,-0.0
2019-03-01,EEM/IEFA,-0.0034721540492531,-0.0024721540492531,1.0,6,0.35,-0.0012152539172386
2019-03-01,AAPL/META,0.0,0.0,0.0,6,0.3085723915271628,0.0
2019-03-04,GS/WFC,-0.0,-0.0,0.0,6,0.1054833255150306,-0.0
2019-03-04,BAC/MS,0.0,0.0,0.0,6,0.2359442829578065,0.0
2019-03-04,EEM/IEFA,0.0028097826301739,0.0028097826301739,0.0,6,0.35,0.0009834239205608
2019-03-04,AAPL/META,-0.0,-0.0,0.0,6,0.3085723915271628,-0.0
2019-03-05,GS/WFC,0.0,0.0,0.0,6,0.1054833255150306,0.0
2019-03-05,BAC/MS,0.0,0.0,0.0,6,0.2359442829578065,0.0
2019-03-05,EEM/IEFA,0.0039083470303556,0.0039083470303556,0.0,6,0.35,0.0013679214606244
2019-03-05,AAPL/META,-0.0,-0.0,0.0,6,0.3085723915271628,-0.0
2019-03-06,GS/WFC,-0.0,-0.0,0.0,6,0.1054833255150306,-0.0
2019-03-06,BAC/MS,-0.0,-0.0,0.0,6,0.2359442829578065,-0.0
2019-03-06,EEM/IEFA,-0.0011580905941452,-0.0011580905941452,0.0,6,0.35,-0.0004053317079508
2019-03-06,AAPL/META,-0.0,-0.0,0.0,6,0.3085723915271628,-0.0
2019-03-07,GS/WFC,-0.0,-0.0,0.0,6,0.1054833255150306,-0.0
2019-03-07,BAC/MS,0.0,0.0,0.0,6,0.2359442829578065,0.0
2019-03-07,EEM/IEFA,-0.0006956641689605,-0.0006956641689605,0.0,6,0.35,-0.0002434824591362
2019-03-07,AAPL/META,-0.0031283967223149,-0.0021283967223149,1.0,6,0.3085723915271628,-0.0009653368582504
2019-03-08,GS/WFC,0.0,0.0,0.0,6,0.1054833255150306,0.0
2019-03-08,BAC/MS,-0.0,-0.0,0.0,6,0.2359442829578065,-0.0
2019-03-08,EEM/IEFA,-0.0030427800085021,-0.0030427800085021,0.0,6,0.35,-0.0010649730029757
2019-03-08,AAPL/META,0.0008167688491524,0.0008167688491524,0.0,6,0.3085723915271628,0.0002520323171078
2019-03-11,GS/WFC,0.0,0.0,0.0,6,0.1054833255150306,0.0
2019-03-11,BAC/MS,-0.0,-0.0,0.0,6,0.2359442829578065,-0.0
2019-03-11,EEM/IEFA,0.003373053198554,0.003373053198554,0.0,6,0.35,0.0011805686194939
2019-03-11,AAPL/META,0.0197653098418836,0.0197653098418836,0.0,6,0.3085723915271628,0.0060990289271854
2019-03-12,GS/WFC,0.0,0.0,0.0,6,0.1054833255150306,0.0
2019-03-12,BAC/MS,-0.0,-0.0,0.0,6,0.2359442829578065,-0.0
2019-03-12,EEM/IEFA,0.0027060128408464,0.0027060128408464,0.0,6,0.35,0.0009471044942962
2019-03-12,AAPL/META,0.0080878312750172,0.0080878312750172,0.0,6,0.3085723915271628,0.0024956814388002
2019-03-13,GS/WFC,-0.0,-0.0,0.0,6,0.1054833255150306,-0.0
2019-03-13,BAC/MS,0.0,0.0,0.0,6,0.2359442829578065,0.0
2019-03-13,EEM/IEFA,-0.0043235922949732,-0.0043235922949732,0.0,6,0.35,-0.0015132573032406
2019-03-13,AAPL/META,0.0005020661371659,0.0005020661371659,0.0,6,0.3085723915271628,0.0001549237486501
2019-03-14,GS/WFC,-0.0,-0.0,0.0,6,0.1054833255150306,-0.0
2019-03-14,BAC/MS,-0.0,-0.0,0.0,6,0.2359442829578065,-0.0
2019-03-14,EEM/IEFA,-0.001,0.0,1.0,6,0.35,-0.00035
2019-03-14,AAPL/META,0.0133614111477673,0.0133614111477673,0.0,6,0.3085723915271628,0.0041229625920442
2019-03-15,GS/WFC,-0.0,-0.0,0.0,6,0.1054833255150306,-0.0
2019-03-15,BAC/MS,-0.0,-0.0,0.0,6,0.2359442829578065,-0.0
2019-03-15,EEM/IEFA,-0.0,-0.0,0.0,6,0.35,-0.0
2019-03-15,AAPL/META,0.0165671859887217,0.0165671859887217,0.0,6,0.3085723915271628,0.0051121762014151
2019-03-18,GS/WFC,-0.0,-0.0,0.0,6,0.1054833255150306,-0.0
2019-03-18,BAC/MS,-0.0018728231896556,-0.0008728231896556,1.0,6,0.2359442829578065,-0.00044188192459
2019-03-18,EEM/IEFA,-0.0,-0.0,0.0,6,0.35,-0.0
2019-03-18,AAPL/META,0.017249955983901,0.017249955983901,0.0,6,0.3085723915271628,0.0053228601716906
2019-03-19,GS/WFC,0.0004338707649131,0.0014338707649131,1.0,6,0.1054833255150306,4.5766131126788506e-05
2019-03-19,BAC/MS,-0.0015717969144653,-0.0015717969144653,0.0,6,0.2359442829578065,-0.0003708564959388
2019-03-19,EEM/IEFA,0.0,0.0,0.0,6,0.35,0.0
2019-03-19,AAPL/META,-0.0075986564428211,-0.0075986564428211,0.0,6,0.3085723915271628,-0.0023447355909546
2019-03-20,GS/WFC,-0.000146372795896,-0.000146372795896,0.0,6,0.1054833255150306,-1.5439889276048608e-05
2019-03-20,BAC/MS,-0.003858399652341,-0.003858399652341,0.0,6,0.2359442829578065,-0.0009103673393362
2019-03-20,EEM/IEFA,-0.0,-0.0,0.0,6,0.35,-0.0
2019-03-20,AAPL/META,-0.001,-0.0,1.0,6,0.3085723915271628,-0.0003085723915271
2019-03-21,GS/WFC,0.0072351465874716,0.0072351465874716,0.0,6,0.1054833255150306,0.0007631873226352
2019-03-21,BAC/MS,-0.0085162344718007,-0.0085162344718007,0.0,6,0.2359442829578065,-0.0020093568359495
2019-03-21,EEM/IEFA,-0.0,-0.0,0.0,6,0.35,-0.0
2019-03-21,AAPL/META,0.0,0.0,0.0,6,0.3085723915271628,0.0
2019-03-22,GS/WFC,0.0087903405581438,0.0087903405581438,0.0,6,0.1054833255150306,0.0009272343544826
2019-03-22,BAC/MS,-0.001,-0.0,1.0,6,0.2359442829578065,-0.0002359442829578
2019-03-22,EEM/IEFA,0.0,0.0,0.0,6,0.35,0.0
2019-03-22,AAPL/META,0.0101250523174219,0.0111250523174219,1.0,6,0.3085723915271628,0.0031243116079245
2019-03-25,GS/WFC,0.0021005792381731,0.0021005792381731,0.0,6,0.1054833255150306,0.0002215760835503
2019-03-25,BAC/MS,0.0023499304199709,0.0033499304199709,1.0,6,0.2359442829578065,0.0005544526479407
2019-03-25,EEM/IEFA,-0.0,-0.0,0.0,6,0.35,-0.0
2019-03-25,AAPL/META,-0.001,-0.0,1.0,6,0.3085723915271628,-0.0003085723915271
2019-03-26,GS/WFC,-0.0077903684131914,-0.0077903684131914,0.0,6,0.1054833255150306,-0.0008217539672106
2019-03-26,BAC/MS,-0.0021738990759194,-0.0021738990759194,0.0,6,0.2359442829578065,-0.0005129190586904
2019-03-26,EEM/IEFA,0.0,0.0,0.0,6,0.35,0.0
2019-03-26,AAPL/META,-0.0,-0.0,0.0,6,0.3085723915271628,-0.0
2019-03-27,GS/WFC,0.0017603145608175,0.0017603145608175,0.0,6,0.1054833255150306,0.0001856838338275
2019-03-27,BAC/MS,0.0037061760668023,0.0037061760668023,0.0,6,0.2359442829578065,0.000874451054597
2019-03-27,EEM/IEFA,0.0,0.0,0.0,6,0.35,0.0
2019-03-27,AAPL/META,0.0085445917629103,0.0095445917629103,1.0,6,0.3085723915271628,0.0026366251149045
2019-03-28,GS/WFC,-0.0018099538220319,-0.0018099538220319,0.0,6,0.1054833255150306,-0.0001909199481765
2019-03-28,BAC/MS,-0.0024313549336485,-0.0024313549336485,0.0,6,0.2359442829578065,-0.0005736642964356
2019-03-28,EEM/IEFA,-0.0,-0.0,0.0,6,0.35,-0.0
2019-03-28,AAPL/META,-0.001,0.0,1.0,6,0.3085723915271628,-0.0003085723915271
2019-03-29,GS/WFC,0.0113529271503148,0.0113529271503148,0.0,6,0.1054833255150306,0.001197544510145
2019-03-29,BAC/MS,0.0007516619102824,0.0007516619102824,0.0,6,0.2359442829578065,0.0001773503304482
2019-03-29,EEM/IEFA,-0.0,-0.0,0.0,6,0.35,-0.0
2019-03-29,AAPL/META,0.0,0.0,0.0,6,0.3085723915271628,0.0
2019-04-01,GS/WFC,-0.001,0.0,1.0,6,0.1054833255150306,-0.000105483325515
2019-04-01,BAC/MS,-0.0017883793210308,-0.0017883793210308,0.0,6,0.2359442829578065,-0.0004219578765571
2019-04-01,EEM/IEFA,-0.0,-0.0,0.0,6,0.35,-0.0
2019-04-01,AAPL/META,0.0,0.0,0.0,6,0.3085723915271628,0.0
2019-04-02,GS/WFC,0.0,0.0,0.0,6,0.1054833255150306,0.0
2019-04-02,BAC/MS,0.0030672343047272,0.0030672343047272,0.0,6,0.2359442829578065,0.0007236963986924
2019-04-02,EEM/IEFA,0.0,0.0,0.0,6,0.35,0.0
2019-04-02,AAPL/META,0.0,0.0,0.0,6,0.3085723915271628,0.0
2019-04-03,GS/WFC,0.0007583737164194,0.0017583737164194,1.0,6,0.1054833255150306,7.999578159111387e-05
2019-04-03,BAC/MS,-0.009014707412001,-0.009014707412001,0.0,6,0.2359442829578065,-0.002126968676399
2019-04-03,EEM/IEFA,0.0,0.0,0.0,6,0.35,0.0
2019-04-03,AAPL/META,0.0,0.0,0.0,6,0.3085723915271628,0.0
2019-04-04,GS/WFC,0.0012508916521536,0.0012508916521536,0.0,6,0.1054833255150306,0.0001319482113281
2019-04-04,BAC/MS,-0.0019612169612101,-0.0019612169612101,0.0,6,0.2359442829578065,-0.0004627379296374
2019-04-04,EEM/IEFA,-0.0,-0.0,0.0,6,0.35,-0.0
2019-04-04,AAPL/META,-0.0,-0.0,0.0,6,0.3085723915271628,-0.0
2019-04-05,COST/LOW,-0.0,-0.0,0.0,7,0.5,-0.0
2019-04-05,AMZN/MSFT,-0.0,-0.0,0.0,7,0.5,-0.0
2019-04-08,COST/LOW,-0.0,-0.0,0.0,7,0.5,-0.0
2019-04-08,AMZN/MSFT,-0.0,-0.0,0.0,7,0.5,-0.0
2019-04-09,COST/LOW,0.0,0.0,0.0,7,0.5,0.0
2019-04-09,AMZN/MSFT,-0.0,-0.0,0.0,7,0.5,-0.0
2019-04-10,COST/LOW,-0.0,-0.0,0.0,7,0.5,-0.0
2019-04-10,AMZN/MSFT,0.0,0.0,0.0,7,0.5,0.0
2019-04-11,COST/LOW,-0.0,-0.0,0.0,7,0.5,-0.0
2019-04-11,AMZN/MSFT,0.0,0.0,0.0,7,0.5,0.0
2019-04-12,COST/LOW,-0.0,-0.0,0.0,7,0.5,-0.0
2019-04-12,AMZN/MSFT,0.0,0.0,0.0,7,0.5,0.0
2019-04-15,COST/LOW,0.0039656314757419,0.0049656314757419,1.0,7,0.5,0.0019828157378709
2019-04-15,AMZN/MSFT,0.0,0.0,0.0,7,0.5,0.0
2019-04-16,COST/LOW,-0.0013432557266209,-0.0013432557266209,0.0,7,0.5,-0.0006716278633104
2019-04-16,AMZN/MSFT,-0.0,-0.0,0.0,7,0.5,-0.0
2019-04-17,COST/LOW,5.545875138619148e-05,5.545875138619148e-05,0.0,7,0.5,2.772937569309574e-05
2019-04-17,AMZN/MSFT,0.0,0.0,0.0,7,0.5,0.0
2019-04-18,COST/LOW,0.015077494162635,0.015077494162635,0.0,7,0.5,0.0075387470813175
2019-04-18,AMZN/MSFT,0.0,0.0,0.0,7,0.5,0.0
2019-04-22,COST/LOW,-0.0034368058653249,-0.0034368058653249,0.0,7,0.5,-0.0017184029326624
2019-04-22,AMZN/MSFT,0.001438151155567,0.002438151155567,1.0,7,0.5,0.0007190755777835
2019-04-23,COST/LOW,0.0017548012276349,0.0017548012276349,0.0,7,0.5,0.0008774006138174
2019-04-23,AMZN/MSFT,-0.0026608918678804,-0.0026608918678804,0.0,7,0.5,-0.0013304459339402
2019-04-24,COST/LOW,0.0028850330710601,0.0028850330710601,0.0,7,0.5,0.00144251653553
2019-04-24,AMZN/MSFT,-0.0015235937004444,-0.0015235937004444,0.0,7,0.5,-0.0007617968502222
2019-04-25,COST/LOW,-0.003071992204819,-0.003071992204819,0.0,7,0.5,-0.0015359961024095
2019-04-25,AMZN/MSFT,-0.0219621224707935,-0.0219621224707935,0.0,7,0.5,-0.0109810612353967
2019-04-26,COST/LOW,0.00139079687302,0.00139079687302,0.0,7,0.5,0.00069539843651
2019-04-26,AMZN/MSFT,-0.001,-0.0,1.0,7,0.5,-0.0005
2019-04-29,COST/LOW,0.0021011590645202,0.0021011590645202,0.0,7,0.5,0.0010505795322601
2019-04-29,AMZN/MSFT,-0.0024897914628973,-0.0014897914628973,1.0,7,0.5,-0.0012448957314486
2019-04-30,COST/LOW,-0.0016067217043947,-0.0016067217043947,0.0,7,0.5,-0.0008033608521973
2019-04-30,AMZN/MSFT,-0.006310925005484,-0.006310925005484,0.0,7,0.5,-0.003155462502742
2019-05-01,COST/LOW,0.0029468185478088,0.0029468185478088,0.0,7,0.5,0.0014734092739044
2019-05-01,AMZN/MSFT,0.0111179061574506,0.0111179061574506,0.0,7,0.5,0.0055589530787253
2019-05-02,COST/LOW,-0.0041782043172208,-0.0041782043172208,0.0,7,0.5,-0.0020891021586104
2019-05-02,AMZN/MSFT,0.0066834788167009,0.0066834788167009,0.0,7,0.5,0.0033417394083504
2019-05-03,COST/LOW,0.0028107353484097,0.0028107353484097,0.0,7,0.5,0.0014053676742048
2019-05-03,AMZN/MSFT,-0.0029007432914025,-0.0029007432914025,0.0,7,0.5,-0.0014503716457012
2019-05-06,COST/LOW,0.0037499744014112,0.0037499744014112,0.0,7,0.5,0.0018749872007056
2019-05-06,AMZN/MSFT,0.0017356037129289,0.0017356037129289,0.0,7,0.5,0.0008678018564644
2019-05-07,COST/LOW,0.010974580313246,0.010974580313246,0.0,7,0.5,0.005487290156623
2019-05-07,AMZN/MSFT,-0.001,-0.0,1.0,7,0.5,-0.0005
2019-05-08,COST/LOW,0.0042291515523006,0.0042291515523006,0.0,7,0.5,0.0021145757761503
2019-05-08,AMZN/MSFT,0.0,0.0,0.0,7,0.5,0.0
2019-05-09,COST/LOW,0.0077995378920815,0.0077995378920815,0.0,7,0.5,0.0038997689460407
2019-05-09,AMZN/MSFT,0.0,0.0,0.0,7,0.5,0.0
2019-05-10,COST/LOW,0.0055548421703916,0.0055548421703916,0.0,7,0.5,0.0027774210851958
2019-05-10,AMZN/MSFT,0.0,0.0,0.0,7,0.5,0.0
2019-05-13,COST/LOW,-0.001,-0.0,1.0,7,0.5,-0.0005
2019-05-13,AMZN/MSFT,-0.0,-0.0,0.0,7,0.5,-0.0
2019-05-14,COST/LOW,0.0026017691204597,0.0036017691204597,1.0,7,0.5,0.0013008845602298
2019-05-14,AMZN/MSFT,0.0,0.0,0.0,7,0.5,0.0
2019-05-15,COST/LOW,0.0049730477263213,0.0049730477263213,0.0,7,0.5,0.0024865238631606
2019-05-15,AMZN/MSFT,0.0,0.0,0.0,7,0.5,0.0
2019-05-16,COST/LOW,-0.0010527572492201,-0.0010527572492201,0.0,7,0.5,-0.00052637862461
2019-05-16,AMZN/MSFT,0.0,0.0,0.0,7,0.5,0.0
2019-05-17,COST/LOW,0.0001790355861601,0.0001790355861601,0.0,7,0.5,8.951779308009649e-05
2019-05-17,AMZN/MSFT,0.0,0.0,0.0,7,0.5,0.0
2019-05-20,COST/LOW,-0.0002624214734614,-0.0002624214734614,0.0,7,0.5,-0.0001312107367307
2019-05-20,AMZN/MSFT,-0.0,-0.0,0.0,7,0.5,-0.0
2019-05-21,COST/LOW,0.006737813141949,0.006737813141949,0.0,7,0.5,0.0033689065709745
2019-05-21,AMZN/MSFT,0.0,0.0,0.0,7,0.5,0.0
2019-05-22,COST/LOW,-0.058983775877597,-0.058983775877597,0.0,7,0.5,-0.0294918879387985
2019-05-22,AMZN/MSFT,0.0,0.0,0.0,7,0.5,0.0
2019-05-23,COST/LOW,-0.001,0.0,1.0,7,0.5,-0.0005
2019-05-23,AMZN/MSFT,0.0,0.0,0.0,7,0.5,0.0
2019-05-24,COST/LOW,-0.0,-0.0,0.0,7,0.5,-0.0
2019-05-24,AMZN/MSFT,-0.0,-0.0,0.0,7,0.5,-0.0
2019-05-28,COST/LOW,0.0,0.0,0.0,7,0.5,0.0
2019-05-28,AMZN/MSFT,-0.0,-0.0,0.0,7,0.5,-0.0
2019-05-29,COST/LOW,-0.0,-0.0,0.0,7,0.5,-0.0
2019-05-29,AMZN/MSFT,-0.0,-0.0,0.0,7,0.5,-0.0
2019-05-30,COST/LOW,-0.0,-0.0,0.0,7,0.5,-0.0
2019-05-30,AMZN/MSFT,0.0,0.0,0.0,7,0.5,0.0
2019-05-31,COST/LOW,-0.0,-0.0,0.0,7,0.5,-0.0
2019-05-31,AMZN/MSFT,-0.0,-0.0,0.0,7,0.5,-0.0
2019-06-03,COST/LOW,0.0,0.0,0.0,7,0.5,0.0
2019-06-03,AMZN/MSFT,-0.0,-0.0,0.0,7,0.5,-0.0
2019-06-04,COST/LOW,-0.0,-0.0,0.0,7,0.5,-0.0
2019-06-04,AMZN/MSFT,0.0,0.0,0.0,7,0.5,0.0
2019-06-05,COST/LOW,0.0,0.0,0.0,7,0.5,0.0
2019-06-05,AMZN/MSFT,0.0,0.0,0.0,7,0.5,0.0
2019-06-06,COST/LOW,0.0,0.0,0.0,7,0.5,0.0
2019-06-06,AMZN/MSFT,-0.0081738404706885,-0.0071738404706885,1.0,7,0.5,-0.0040869202353442
2019-06-07,COST/LOW,0.0,0.0,0.0,7,0.5,0.0
2019-06-07,AMZN/MSFT,-0.0085552293856587,-0.0085552293856587,0.0,7,0.5,-0.0042776146928293
2019-06-10,COST/LOW,0.0,0.0,0.0,7,0.5,0.0
2019-06-10,AMZN/MSFT,0.0048377823843038,0.0048377823843038,0.0,7,0.5,0.0024188911921519
2019-06-11,COST/LOW,0.0,0.0,0.0,7,0.5,0.0
2019-06-11,AMZN/MSFT,0.0030376505417406,0.0030376505417406,0.0,7,0.5,0.0015188252708703
2019-06-12,COST/LOW,0.0,0.0,0.0,7,0.5,0.0
2019-06-12,AMZN/MSFT,0.0014507575615026,0.0014507575615026,0.0,7,0.5,0.0007253787807513
2019-06-13,COST/LOW,-0.0,-0.0,0.0,7,0.5,-0.0
2019-06-13,AMZN/MSFT,-0.0012876997912025,-0.0012876997912025,0.0,7,0.5,-0.0006438498956012
2019-06-14,COST/LOW,-0.0,-0.0,0.0,7,0.5,-0.0
2019-06-14,AMZN/MSFT,-0.0007560788834139,-0.0007560788834139,0.0,7,0.5,-0.0003780394417069
2019-06-17,COST/LOW,0.0,0.0,0.0,7,0.5,0.0
2019-06-17,AMZN/MSFT,0.0011305228952153,0.0011305228952153,0.0,7,0.5,0.0005652614476076
2019-06-18,COST/LOW,0.0,0.0,0.0,7,0.5,0.0
2019-06-18,AMZN/MSFT,-0.008341256201732,-0.008341256201732,0.0,7,0.5,-0.004170628100866
2019-06-19,COST/LOW,0.0,0.0,0.0,7,0.5,0.0
2019-06-19,AMZN/MSFT,-0.0011295221965383,-0.0011295221965383,0.0,7,0.5,-0.0005647610982691
2019-06-20,COST/LOW,-0.0,-0.0,0.0,7,0.5,-0.0
2019-06-20,AMZN/MSFT,-0.004177105766677,-0.004177105766677,0.0,7,0.5,-0.0020885528833385
2019-06-21,COST/LOW,0.0,0.0,0.0,7,0.5,0.0
2019-06-21,AMZN/MSFT,-0.0013948550225244,-0.0013948550225244,0.0,7,0.5,-0.0006974275112622
2019-06-24,COST/LOW,0.0,0.0,0.0,7,0.5,0.0
2019-06-24,AMZN/MSFT,-0.0032533943716222,-0.0032533943716222,0.0,7,0.5,-0.0016266971858111
2019-06-25,COST/LOW,0.0,0.0,0.0,7,0.5,0.0
2019-06-25,AMZN/MSFT,0.0130518137658389,0.0130518137658389,0.0,7,0.5,0.0065259068829194
2019-06-26,COST/LOW,-0.0,-0.0,0.0,7,0.5,-0.0
2019-06-26,AMZN/MSFT,-0.001,-0.0,1.0,7,0.5,-0.0005
2019-06-27,COST/LOW,0.0,0.0,0.0,7,0.5,0.0
2019-06-27,AMZN/MSFT,-0.0,-0.0,0.0,7,0.5,-0.0
2019-06-28,COST/LOW,-0.0,-0.0,0.0,7,0.5,-0.0
2019-06-28,AMZN/MSFT,0.0,0.0,0.0,7,0.5,0.0
2019-07-01,COST/LOW,-0.0,-0.0,0.0,7,0.5,-0.0
2019-07-01,AMZN/MSFT,0.0,0.0,0.0,7,0.5,0.0
2019-07-02,COST/LOW,0.0,0.0,0.0,7,0.5,0.0
2019-07-02,AMZN/MSFT,0.0,0.0,0.0,7,0.5,0.0
2019-07-03,COST/LOW,0.0,0.0,0.0,7,0.5,0.0
2019-07-03,AMZN/MSFT,0.0,0.0,0.0,7,0.5,0.0
2019-07-05,COST/LOW,-0.0,-0.0,0.0,7,0.5,-0.0
2019-07-05,AMZN/MSFT,-0.0,-0.0,0.0,7,0.5,-0.0
2019-07-08,HD/TGT,0.0,0.0,0.0,8,0.5,0.0
2019-07-08,QQQ/XLK,0.0,0.0,0.0,8,0.5,0.0
2019-07-09,HD/TGT,0.0,0.0,0.0,8,0.5,0.0
2019-07-09,QQQ/XLK,0.0,0.0,0.0,8,0.5,0.0
2019-07-10,HD/TGT,0.0,0.0,0.0,8,0.5,0.0
2019-07-10,QQQ/XLK,0.0,0.0,0.0,8,0.5,0.0
2019-07-11,HD/TGT,0.0,0.0,0.0,8,0.5,0.0
2019-07-11,QQQ/XLK,-0.0,-0.0,0.0,8,0.5,-0.0
2019-07-12,HD/TGT,0.0,0.0,0.0,8,0.5,0.0
2019-07-12,QQQ/XLK,-0.0,-0.0,0.0,8,0.5,-0.0
2019-07-15,HD/TGT,0.0,0.0,0.0,8,0.5,0.0
2019-07-15,QQQ/XLK,-0.0,-0.0,0.0,8,0.5,-0.0
2019-07-16,HD/TGT,-0.0,-0.0,0.0,8,0.5,-0.0
2019-07-16,QQQ/XLK,0.0,0.0,0.0,8,0.5,0.0
2019-07-17,HD/TGT,-0.0,-0.0,0.0,8,0.5,-0.0
2019-07-17,QQQ/XLK,-0.0,-0.0,0.0,8,0.5,-0.0
2019-07-18,HD/TGT,-0.0,-0.0,0.0,8,0.5,-0.0
2019-07-18,QQQ/XLK,-0.0,-0.0,0.0,8,0.5,-0.0
2019-07-19,HD/TGT,-0.0,-0.0,0.0,8,0.5,-0.0
2019-07-19,QQQ/XLK,-0.0,-0.0,0.0,8,0.5,-0.0
2019-07-22,HD/TGT,-0.0,-0.0,0.0,8,0.5,-0.0
2019-07-22,QQQ/XLK,-0.0,-0.0,0.0,8,0.5,-0.0
2019-07-23,HD/TGT,-0.0,-0.0,0.0,8,0.5,-0.0
2019-07-23,QQQ/XLK,0.0,0.0,0.0,8,0.5,0.0
2019-07-24,HD/TGT,0.0,0.0,0.0,8,0.5,0.0
2019-07-24,QQQ/XLK,-0.0,-0.0,0.0,8,0.5,-0.0
2019-07-25,HD/TGT,0.0,0.0,0.0,8,0.5,0.0
2019-07-25,QQQ/XLK,-0.0,-0.0,0.0,8,0.5,-0.0
2019-07-26,HD/TGT,0.0,0.0,0.0,8,0.5,0.0
2019-07-26,QQQ/XLK,0.0,0.0,0.0,8,0.5,0.0
2019-07-29,HD/TGT,0.0,0.0,0.0,8,0.5,0.0
2019-07-29,QQQ/XLK,-0.0,-0.0,0.0,8,0.5,-0.0
2019-07-30,HD/TGT,-0.0,-0.0,0.0,8,0.5,-0.0
2019-07-30,QQQ/XLK,0.0,0.0,0.0,8,0.5,0.0
2019-07-31,HD/TGT,-0.0,-0.0,0.0,8,0.5,-0.0
2019-07-31,QQQ/XLK,0.0,0.0,0.0,8,0.5,0.0
2019-08-01,HD/TGT,0.0,0.0,0.0,8,0.5,0.0
2019-08-01,QQQ/XLK,0.0,0.0,0.0,8,0.5,0.0
2019-08-02,HD/TGT,0.0,0.0,0.0,8,0.5,0.0
2019-08-02,QQQ/XLK,0.0,0.0,0.0,8,0.5,0.0
2019-08-05,HD/TGT,-0.0,-0.0,0.0,8,0.5,-0.0
2019-08-05,QQQ/XLK,0.0,0.0,0.0,8,0.5,0.0
2019-08-06,HD/TGT,0.0,0.0,0.0,8,0.5,0.0
2019-08-06,QQQ/XLK,0.0002472730286334,0.0012472730286334,1.0,8,0.5,0.0001236365143167
2019-08-07,HD/TGT,-0.0,-0.0,0.0,8,0.5,-0.0
2019-08-07,QQQ/XLK,0.000388629213838,0.000388629213838,0.0,8,0.5,0.000194314606919
2019-08-08,HD/TGT,0.0,0.0,0.0,8,0.5,0.0
2019-08-08,QQQ/XLK,0.0012694506741112,0.0012694506741112,0.0,8,0.5,0.0006347253370556
2019-08-09,HD/TGT,0.0,0.0,0.0,8,0.5,0.0
2019-08-09,QQQ/XLK,-0.0009174136972365,-0.0009174136972365,0.0,8,0.5,-0.0004587068486182
2019-08-12,HD/TGT,-0.0,-0.0,0.0,8,0.5,-0.0
2019-08-12,QQQ/XLK,-0.0007652235604066,-0.0007652235604066,0.0,8,0.5,-0.0003826117802033
2019-08-13,HD/TGT,-0.0,-0.0,0.0,8,0.5,-0.0
2019-08-13,QQQ/XLK,0.0014536775025398,0.0014536775025398,0.0,8,0.5,0.0007268387512699
2019-08-14,HD/TGT,-0.0,-0.0,0.0,8,0.5,-0.0
2019-08-14,QQQ/XLK,-0.000275422027058,-0.000275422027058,0.0,8,0.5,-0.000137711013529
2019-08-15,HD/TGT,-0.0,-0.0,0.0,8,0.5,-0.0
2019-08-15,QQQ/XLK,-0.0003278156420537,-0.0003278156420537,0.0,8,0.5,-0.0001639078210268
2019-08-16,HD/TGT,-0.0,-0.0,0.0,8,0.5,-0.0
2019-08-16,QQQ/XLK,0.001392219109735,0.001392219109735,0.0,8,0.5,0.0006961095548675
2019-08-19,HD/TGT,0.0,0.0,0.0,8,0.5,0.0
2019-08-19,QQQ/XLK,-0.0004292650544989,-0.0004292650544989,0.0,8,0.5,-0.0002146325272494
2019-08-20,HD/TGT,0.0,0.0,0.0,8,0.5,0.0
2019-08-20,QQQ/XLK,0.0013899827930179,0.0013899827930179,0.0,8,0.5,0.0006949913965089
2019-08-21,HD/TGT,-0.0,-0.0,0.0,8,0.5,-0.0
2019-08-21,QQQ/XLK,0.0013867422353538,0.0013867422353538,0.0,8,0.5,0.0006933711176769
2019-08-22,HD/TGT,-0.0,-0.0,0.0,8,0.5,-0.0
2019-08-22,QQQ/XLK,0.0004457091399149,0.0004457091399149,0.0,8,0.5,0.0002228545699574
2019-08-23,HD/TGT,0.0,0.0,0.0,8,0.5,0.0
2019-08-23,QQQ/XLK,-0.0005206132010245,-0.0005206132010245,0.0,8,0.5,-0.0002603066005122
2019-08-26,HD/TGT,-0.0,-0.0,0.0,8,0.5,-0.0
2019-08-26,QQQ/XLK,-0.0007061555513607,-0.0007061555513607,0.0,8,0.5,-0.0003530777756803
2019-08-27,HD/TGT,-0.0019694767386411,-0.0009694767386411,1.0,8,0.5,-0.0009847383693205
2019-08-27,QQQ/XLK,0.0002990458042084,0.0002990458042084,0.0,8,0.5,0.0001495229021042
2019-08-28,HD/TGT,0.0041541554616717,0.0041541554616717,0.0,8,0.5,0.0020770777308358
2019-08-28,QQQ/XLK,-0.0013547491529723,-0.0013547491529723,0.0,8,0.5,-0.0006773745764861
2019-08-29,HD/TGT,0.0091870751815947,0.0091870751815947,0.0,8,0.5,0.0045935375907973
2019-08-29,QQQ/XLK,0.0009549262678922,0.0009549262678922,0.0,8,0.5,0.0004774631339461
2019-08-30,HD/TGT,0.0047935987949295,0.0047935987949295,0.0,8,0.5,0.0023967993974647
2019-08-30,QQQ/XLK,0.0010796517406627,0.0010796517406627,0.0,8,0.5,0.0005398258703313
2019-09-03,HD/TGT,-0.0090939974130542,-0.0090939974130542,0.0,8,0.5,-0.0045469987065271
2019-09-03,QQQ/XLK,-0.0011771911654111,-0.0011771911654111,0.0,8,0.5,-0.0005885955827055
2019-09-04,HD/TGT,0.0015802615791325,0.0015802615791325,0.0,8,0.5,0.0007901307895662
2019-09-04,QQQ/XLK,0.0012148142299678,0.0012148142299678,0.0,8,0.5,0.0006074071149839
2019-09-05,HD/TGT,0.0066264933191,0.0066264933191,0.0,8,0.5,0.00331324665955
2019-09-05,QQQ/XLK,0.0011685696232802,0.0011685696232802,0.0,8,0.5,0.0005842848116401
2019-09-06,HD/TGT,0.003284303581792,0.003284303581792,0.0,8,0.5,0.001642151790896
2019-09-06,QQQ/XLK,7.266340823638891e-05,7.266340823638891e-05,0.0,8,0.5,3.6331704118194456e-05
2019-09-09,HD/TGT,0.0113283830925272,0.0113283830925272,0.0,8,0.5,0.0056641915462636
2019-09-09,QQQ/XLK,-0.0026655613709888,-0.0026655613709888,0.0,8,0.5,-0.0013327806854944
2019-09-10,HD/TGT,-0.0028303637506796,-0.0028303637506796,0.0,8,0.5,-0.0014151818753398
2019-09-10,QQQ/XLK,-0.0010692156671318,-0.0010692156671318,0.0,8,0.5,-0.0005346078335659
2019-09-11,HD/TGT,-0.0013920897386387,-0.0013920897386387,0.0,8,0.5,-0.0006960448693193
2019-09-11,QQQ/XLK,0.0004591878061071,0.0004591878061071,0.0,8,0.5,0.0002295939030535
2019-09-12,HD/TGT,0.00310073252661,0.00310073252661,0.0,8,0.5,0.001550366263305
2019-09-12,QQQ/XLK,0.0005961357442411,0.0005961357442411,0.0,8,0.5,0.0002980678721205
2019-09-13,HD/TGT,0.0038630098338465,0.0038630098338465,0.0,8,0.5,0.0019315049169232
2019-09-13,QQQ/XLK,-0.0018491009526368,-0.0018491009526368,0.0,8,0.5,-0.0009245504763184
2019-09-16,HD/TGT,-0.0040963202706272,-0.0040963202706272,0.0,8,0.5,-0.0020481601353136
2019-09-16,QQQ/XLK,0.0010225323195991,0.0010225323195991,0.0,8,0.5,0.0005112661597995
2019-09-17,HD/TGT,-0.0032269670558644,-0.0032269670558644,0.0,8,0.5,-0.0016134835279322
2019-09-17,QQQ/XLK,-0.001,0.0,1.0,8,0.5,-0.0005
2019-09-18,HD/TGT,0.0027695759531741,0.0027695759531741,0.0,8,0.5,0.001384787976587
2019-09-18,QQQ/XLK,-0.0,-0.0,0.0,8,0.5,-0.0
2019-09-19,HD/TGT,-0.01044602995094,-0.01044602995094,0.0,8,0.5,-0.00522301497547
2019-09-19,QQQ/XLK,-0.0,-0.0,0.0,8,0.5,-0.0
2019-09-20,HD/TGT,-0.0049115583222558,-0.0049115583222558,0.0,8,0.5,-0.0024557791611279
2019-09-20,QQQ/XLK,0.0,0.0,0.0,8,0.5,0.0
2019-09-23,HD/TGT,-0.0033993167157376,-0.0033993167157376,0.0,8,0.5,-0.0016996583578688
2019-09-23,QQQ/XLK,-0.0,-0.0,0.0,8,0.5,-0.0
2019-09-24,HD/TGT,-0.001,0.0,1.0,8,0.5,-0.0005
2019-09-24,QQQ/XLK,-0.0,-0.0,0.0,8,0.5,-0.0
2019-09-25,HD/TGT,0.0,0.0,0.0,8,0.5,0.0
2019-09-25,QQQ/XLK,-0.0012734967812055,-0.0002734967812055,1.0,8,0.5,-0.0006367483906027
2019-09-26,HD/TGT,0.0,0.0,0.0,8,0.5,0.0
2019-09-26,QQQ/XLK,-0.0024071257728256,-0.0024071257728256,0.0,8,0.5,-0.0012035628864128
2019-09-27,HD/TGT,0.0,0.0,0.0,8,0.5,0.0
2019-09-27,QQQ/XLK,0.0003940000270688,0.0003940000270688,0.0,8,0.5,0.0001970000135344
2019-09-30,HD/TGT,0.0,0.0,0.0,8,0.5,0.0
2019-09-30,QQQ/XLK,-0.0004434418109279,-0.0004434418109279,0.0,8,0.5,-0.0002217209054639
2019-10-01,HD/TGT,0.0,0.0,0.0,8,0.5,0.0
2019-10-01,QQQ/XLK,0.0005172867812746,0.0005172867812746,0.0,8,0.5,0.0002586433906373
2019-10-02,HD/TGT,-0.0,-0.0,0.0,8,0.5,-0.0
2019-10-02,QQQ/XLK,0.0006770246634243,0.0006770246634243,0.0,8,0.5,0.0003385123317121
2019-10-03,HD/TGT,-0.0,-0.0,0.0,8,0.5,-0.0
2019-10-03,QQQ/XLK,-0.0005623106071264,-0.0005623106071264,0.0,8,0.5,-0.0002811553035632
2019-10-04,QQQ/XLK,0.0,0.0,0.0,9,0.35,0.0
2019-10-04,HD/TGT,-0.0,-0.0,0.0,9,0.2497013806505022,-0.0
2019-10-04,COST/LOW,0.0,0.0,0.0,9,0.2020866917245868,0.0
2019-10-04,AMZN/GOOGL,0.0,0.0,0.0,9,0.198211927624911,0.0
2019-10-07,QQQ/XLK,0.0,0.0,0.0,9,0.35,0.0
2019-10-07,HD/TGT,0.0,0.0,0.0,9,0.2497013806505022,0.0
2019-10-07,COST/LOW,0.0,0.0,0.0,9,0.2020866917245868,0.0
2019-10-07,AMZN/GOOGL,0.0,0.0,0.0,9,0.198211927624911,0.0
2019-10-08,QQQ/XLK,-0.0,-0.0,0.0,9,0.35,-0.0
2019-10-08,HD/TGT,-0.0,-0.0,0.0,9,0.2497013806505022,-0.0
2019-10-08,COST/LOW,0.0,0.0,0.0,9,0.2020866917245868,0.0
2019-10-08,AMZN/GOOGL,-0.0,-0.0,0.0,9,0.198211927624911,-0.0
2019-10-09,QQQ/XLK,-0.0,-0.0,0.0,9,0.35,-0.0
2019-10-09,HD/TGT,-0.0,-0.0,0.0,9,0.2497013806505022,-0.0
2019-10-09,COST/LOW,0.0,0.0,0.0,9,0.2020866917245868,0.0
2019-10-09,AMZN/GOOGL,0.0,0.0,0.0,9,0.198211927624911,0.0
2019-10-10,QQQ/XLK,0.0,0.0,0.0,9,0.35,0.0
2019-10-10,HD/TGT,0.0,0.0,0.0,9,0.2497013806505022,0.0
2019-10-10,COST/LOW,-0.0,-0.0,0.0,9,0.2020866917245868,-0.0
2019-10-10,AMZN/GOOGL,0.0,0.0,0.0,9,0.198211927624911,0.0
2019-10-11,QQQ/XLK,0.0,0.0,0.0,9,0.35,0.0
2019-10-11,HD/TGT,0.0,0.0,0.0,9,0.2497013806505022,0.0
2019-10-11,COST/LOW,-0.0,-0.0,0.0,9,0.2020866917245868,-0.0
2019-10-11,AMZN/GOOGL,0.0,0.0,0.0,9,0.198211927624911,0.0
2019-10-14,QQQ/XLK,0.0,0.0,0.0,9,0.35,0.0
2019-10-14,HD/TGT,0.0,0.0,0.0,9,0.2497013806505022,0.0
2019-10-14,COST/LOW,0.0,0.0,0.0,9,0.2020866917245868,0.0
2019-10-14,AMZN/GOOGL,0.0,0.0,0.0,9,0.198211927624911,0.0
2019-10-15,QQQ/XLK,0.0,0.0,0.0,9,0.35,0.0
2019-10-15,HD/TGT,0.0,0.0,0.0,9,0.2497013806505022,0.0
2019-10-15,COST/LOW,-0.0,-0.0,0.0,9,0.2020866917245868,-0.0
2019-10-15,AMZN/GOOGL,0.0,0.0,0.0,9,0.198211927624911,0.0
2019-10-16,QQQ/XLK,0.0,0.0,0.0,9,0.35,0.0
2019-10-16,HD/TGT,-0.0,-0.0,0.0,9,0.2497013806505022,-0.0
2019-10-16,COST/LOW,0.0,0.0,0.0,9,0.2020866917245868,0.0
2019-10-16,AMZN/GOOGL,-0.0,-0.0,0.0,9,0.198211927624911,-0.0
2019-10-17,QQQ/XLK,0.0,0.0,0.0,9,0.35,0.0
2019-10-17,HD/TGT,-0.0,-0.0,0.0,9,0.2497013806505022,-0.0
2019-10-17,COST/LOW,0.0,0.0,0.0,9,0.2020866917245868,0.0
2019-10-17,AMZN/GOOGL,0.0,0.0,0.0,9,0.198211927624911,0.0
2019-10-18,QQQ/XLK,0.000360550858063,0.001360550858063,1.0,9,0.35,0.000126192800322
2019-10-18,HD/TGT,0.0,0.0,0.0,9,0.2497013806505022,0.0
2019-10-18,COST/LOW,0.0,0.0,0.0,9,0.2020866917245868,0.0
2019-10-18,AMZN/GOOGL,0.0,0.0,0.0,9,0.198211927624911,0.0
2019-10-21,QQQ/XLK,-0.0004182370194213,-0.0004182370194213,0.0,9,0.35,-0.0001463829567974
2019-10-21,HD/TGT,-0.0,-0.0,0.0,9,0.2497013806505022,-0.0
2019-10-21,COST/LOW,-0.0,-0.0,0.0,9,0.2020866917245868,-0.0
2019-10-21,AMZN/GOOGL,-0.0,-0.0,0.0,9,0.198211927624911,-0.0
2019-10-22,QQQ/XLK,-0.0012605132881258,-0.0012605132881258,0.0,9,0.35,-0.000441179650844
2019-10-22,HD/TGT,0.0,0.0,0.0,9,0.2497013806505022,0.0
2019-10-22,COST/LOW,-0.0,-0.0,0.0,9,0.2020866917245868,-0.0
2019-10-22,AMZN/GOOGL,0.0,0.0,0.0,9,0.198211927624911,0.0
2019-10-23,QQQ/XLK,-0.0007239576060107,-0.0007239576060107,0.0,9,0.35,-0.0002533851621037
2019-10-23,HD/TGT,-0.0,-0.0,0.0,9,0.2497013806505022,-0.0
2019-10-23,COST/LOW,-0.0,-0.0,0.0,9,0.2020866917245868,-0.0
2019-10-23,AMZN/GOOGL,0.0,0.0,0.0,9,0.198211927624911,0.0
2019-10-24,QQQ/XLK,0.000759940666492,0.000759940666492,0.0,9,0.35,0.0002659792332722
2019-10-24,HD/TGT,0.0,0.0,0.0,9,0.2497013806505022,0.0
2019-10-24,COST/LOW,0.0,0.0,0.0,9,0.2020866917245868,0.0
2019-10-24,AMZN/GOOGL,-0.0,-0.0,0.0,9,0.198211927624911,-0.0
2019-10-25,QQQ/XLK,0.0006635573199793,0.0006635573199793,0.0,9,0.35,0.0002322450619927
2019-10-25,HD/TGT,0.0,0.0,0.0,9,0.2497013806505022,0.0
2019-10-25,COST/LOW,-0.0,-0.0,0.0,9,0.2020866917245868,-0.0
2019-10-25,AMZN/GOOGL,0.0,0.0,0.0,9,0.198211927624911,0.0
2019-10-28,QQQ/XLK,-0.0001541601164247,-0.0001541601164247,0.0,9,0.35,-5.395604074864695e-05
2019-10-28,HD/TGT,0.0,0.0,0.0,9,0.2497013806505022,0.0
2019-10-28,COST/LOW,0.0,0.0,0.0,9,0.2020866917245868,0.0
2019-10-28,AMZN/GOOGL,0.0,0.0,0.0,9,0.198211927624911,0.0
2019-10-29,QQQ/XLK,0.0005059424697822,0.0005059424697822,0.0,9,0.35,0.0001770798644237
2019-10-29,HD/TGT,-0.0,-0.0,0.0,9,0.2497013806505022,-0.0
2019-10-29,COST/LOW,-0.0,-0.0,0.0,9,0.2020866917245868,-0.0
2019-10-29,AMZN/GOOGL,0.009787735951267,0.010787735951267,1.0,9,0.198211927624911,0.0019400460099842
2019-10-30,QQQ/XLK,-0.0001154757847459,-0.0001154757847459,0.0,9,0.35,-4.041652466107847e-05
2019-10-30,HD/TGT,0.0,0.0,0.0,9,0.2497013806505022,0.0
2019-10-30,COST/LOW,0.0,0.0,0.0,9,0.2020866917245868,0.0
2019-10-30,AMZN/GOOGL,0.0036265748539121,0.0036265748539121,0.0,9,0.198211927624911,0.0007188303924699
2019-10-31,QQQ/XLK,-0.0005174451935822,-0.0005174451935822,0.0,9,0.35,-0.0001811058177537
2019-10-31,HD/TGT,-0.0,-0.0,0.0,9,0.2497013806505022,-0.0
2019-10-31,COST/LOW,-0.0,-0.0,0.0,9,0.2020866917245868,-0.0
2019-10-31,AMZN/GOOGL,0.0002516133433607,0.0002516133433607,0.0,9,0.198211927624911,4.987276580367678e-05
2019-11-01,QQQ/XLK,-2.3955181102803845e-05,-2.3955181102803845e-05,0.0,9,0.35,-8.384313385981345e-06
2019-11-01,HD/TGT,0.0,0.0,0.0,9,0.2497013806505022,0.0
2019-11-01,COST/LOW,-0.0,-0.0,0.0,9,0.2020866917245868,-0.0
2019-11-01,AMZN/GOOGL,-0.0036244668015318,-0.0036244668015318,0.0,9,0.198211927624911,-0.0007184125513441
2019-11-04,QQQ/XLK,-0.0012845082064007,-0.0012845082064007,0.0,9,0.35,-0.0004495778722402
2019-11-04,HD/TGT,-0.0,-0.0,0.0,9,0.2497013806505022,-0.0
2019-11-04,COST/LOW,0.0,0.0,0.0,9,0.2020866917245868,0.0
2019-11-04,AMZN/GOOGL,-0.001,0.0,1.0,9,0.198211927624911,-0.0001982119276249
2019-11-05,QQQ/XLK,-0.0008189131890034,-0.0008189131890034,0.0,9,0.35,-0.0002866196161511
2019-11-05,HD/TGT,-0.0,-0.0,0.0,9,0.2497013806505022,-0.0
2019-11-05,COST/LOW,0.0,0.0,0.0,9,0.2020866917245868,0.0
2019-11-05,AMZN/GOOGL,0.0,0.0,0.0,9,0.198211927624911,0.0
2019-11-06,QQQ/XLK,0.0010770804595102,0.0010770804595102,0.0,9,0.35,0.0003769781608285
2019-11-06,HD/TGT,0.0,0.0,0.0,9,0.2497013806505022,0.0
2019-11-06,COST/LOW,0.0,0.0,0.0,9,0.2020866917245868,0.0
2019-11-06,AMZN/GOOGL,0.0,0.0,0.0,9,0.198211927624911,0.0
2019-11-07,QQQ/XLK,0.0014872342671104,0.0014872342671104,0.0,9,0.35,0.0005205319934886
2019-11-07,HD/TGT,-0.0,-0.0,0.0,9,0.2497013806505022,-0.0
2019-11-07,COST/LOW,0.0,0.0,0.0,9,0.2020866917245868,0.0
2019-11-07,AMZN/GOOGL,0.0,0.0,0.0,9,0.198211927624911,0.0
2019-11-08,QQQ/XLK,0.0001424395433941,0.0001424395433941,0.0,9,0.35,4.985384018794365e-05
2019-11-08,HD/TGT,0.0,0.0,0.0,9,0.2497013806505022,0.0
2019-11-08,COST/LOW,0.0086646951459795,0.0096646951459795,1.0,9,0.2020866917245868,0.001751019576853
2019-11-08,AMZN/GOOGL,-0.0024720428355067,-0.0014720428355067,1.0,9,0.198211927624911,-0.0004899883755971
2019-11-11,QQQ/XLK,0.0009637885478096,0.0009637885478096,0.0,9,0.35,0.0003373259917333
2019-11-11,HD/TGT,-0.0,-0.0,0.0,9,0.2497013806505022,-0.0
2019-11-11,COST/LOW,-0.001,-0.0,1.0,9,0.2020866917245868,-0.0002020866917245
2019-11-11,AMZN/GOOGL,0.0021529881324558,0.0021529881324558,0.0,9,0.198211927624911,0.0004267479278876
2019-11-12,QQQ/XLK,-0.0001923364139512,-0.0001923364139512,0.0,9,0.35,-6.73177448829319e-05
2019-11-12,HD/TGT,0.0,0.0,0.0,9,0.2497013806505022,0.0
2019-11-12,COST/LOW,-0.0,-0.0,0.0,9,0.2020866917245868,-0.0
2019-11-12,AMZN/GOOGL,-0.001,-0.0,1.0,9,0.198211927624911,-0.0001982119276249
2019-11-13,QQQ/XLK,0.0008057943897111,0.0008057943897111,0.0,9,0.35,0.0002820280363989
2019-11-13,HD/TGT,0.0,0.0,0.0,9,0.2497013806505022,0.0
2019-11-13,COST/LOW,0.0,0.0,0.0,9,0.2020866917245868,0.0
2019-11-13,AMZN/GOOGL,0.0,0.0,0.0,9,0.198211927624911,0.0
2019-11-14,QQQ/XLK,-0.001,0.0,1.0,9,0.35,-0.00035
2019-11-14,HD/TGT,-0.0,-0.0,0.0,9,0.2497013806505022,-0.0
2019-11-14,COST/LOW,-0.0,-0.0,0.0,9,0.2020866917245868,-0.0
2019-11-14,AMZN/GOOGL,0.0,0.0,0.0,9,0.198211927624911,0.0
2019-11-15,QQQ/XLK,0.0,0.0,0.0,9,0.35,0.0
2019-11-15,HD/TGT,-0.0,-0.0,0.0,9,0.2497013806505022,-0.0
2019-11-15,COST/LOW,-0.0,-0.0,0.0,9,0.2020866917245868,-0.0
2019-11-15,AMZN/GOOGL,0.0,0.0,0.0,9,0.198211927624911,0.0
2019-11-18,QQQ/XLK,-0.0,-0.0,0.0,9,0.35,-0.0
2019-11-18,HD/TGT,0.0,0.0,0.0,9,0.2497013806505022,0.0
2019-11-18,COST/LOW,0.0,0.0,0.0,9,0.2020866917245868,0.0
2019-11-18,AMZN/GOOGL,0.0082330111210785,0.0092330111210785,1.0,9,0.198211927624911,0.0016318810044663
2019-11-19,QQQ/XLK,0.0,0.0,0.0,9,0.35,0.0
2019-11-19,HD/TGT,-0.0,-0.0,0.0,9,0.2497013806505022,-0.0
2019-11-19,COST/LOW,-0.0,-0.0,0.0,9,0.2020866917245868,-0.0
2019-11-19,AMZN/GOOGL,-0.001,-0.0,1.0,9,0.198211927624911,-0.0001982119276249
2019-11-20,QQQ/XLK,-0.0,-0.0,0.0,9,0.35,-0.0
2019-11-20,HD/TGT,-0.0,-0.0,0.0,9,0.2497013806505022,-0.0
2019-11-20,COST/LOW,-0.0,-0.0,0.0,9,0.2020866917245868,-0.0
2019-11-20,AMZN/GOOGL,-0.0,-0.0,0.0,9,0.198211927624911,-0.0
2019-11-21,QQQ/XLK,-9.495763609656594e-05,0.0009050423639034,1.0,9,0.35,-3.3235172633798074e-05
2019-11-21,HD/TGT,-0.0,-0.0,0.0,9,0.2497013806505022,-0.0
2019-11-21,COST/LOW,0.0003351667344619,0.0013351667344619,1.0,9,0.2020866917245868,6.773273654355676e-05
2019-11-21,AMZN/GOOGL,0.0,0.0,0.0,9,0.198211927624911,0.0
2019-11-22,QQQ/XLK,0.0009131426928111,0.0009131426928111,0.0,9,0.35,0.0003195999424839
2019-11-22,HD/TGT,0.0,0.0,0.0,9,0.2497013806505022,0.0
2019-11-22,COST/LOW,-0.00523376610771,-0.00523376610771,0.0,9,0.2020866917245868,-0.0010576744779673
2019-11-22,AMZN/GOOGL,-0.0,-0.0,0.0,9,0.198211927624911,-0.0
2019-11-25,QQQ/XLK,0.0004969254682473,0.0004969254682473,0.0,9,0.35,0.0001739239138865
2019-11-25,HD/TGT,0.0,0.0,0.0,9,0.2497013806505022,0.0
2019-11-25,COST/LOW,0.0023811077408827,0.0023811077408827,0.0,9,0.2020866917245868,0.0004811901859947
2019-11-25,AMZN/GOOGL,-0.0012396780025506,-0.0002396780025506,1.0,9,0.198211927624911,-0.0002457189665197
2019-11-26,QQQ/XLK,0.0006980685316198,0.0006980685316198,0.0,9,0.35,0.0002443239860669
2019-11-26,HD/TGT,0.0,0.0,0.0,9,0.2497013806505022,0.0
2019-11-26,COST/LOW,0.0032012727776351,0.0032012727776351,0.0,9,0.2020866917245868,0.0006469346249402
2019-11-26,AMZN/GOOGL,-0.0013415397311584,-0.0013415397311584,0.0,9,0.198211927624911,-0.0002659091760983
2019-11-27,QQQ/XLK,0.0015943886207742,0.0015943886207742,0.0,9,0.35,0.0005580360172709
2019-11-27,HD/TGT,0.0083099585072319,0.0093099585072319,1.0,9,0.2497013806505022,0.0020750081124042
2019-11-27,COST/LOW,-0.001,-0.0,1.0,9,0.2020866917245868,-0.0002020866917245
2019-11-27,AMZN/GOOGL,-0.004900199943277,-0.004900199943277,0.0,9,0.198211927624911,-0.0009712780765044
2019-11-29,QQQ/XLK,-0.0013404039351244,-0.0013404039351244,0.0,9,0.35,-0.0004691413772935
2019-11-29,HD/TGT,-0.0047173128903006,-0.0047173128903006,0.0,9,0.2497013806505022,-0.0011779195416684
2019-11-29,COST/LOW,0.0,0.0,0.0,9,0.2020866917245868,0.0
2019-11-29,AMZN/GOOGL,-0.0002096316153683,-0.0002096316153683,0.0,9,0.198211927624911,-4.155148657329269e-05
2019-12-02,QQQ/XLK,0.0002965472763773,0.0002965472763773,0.0,9,0.35,0.000103791546732
2019-12-02,HD/TGT,-0.005616663237655,-0.005616663237655,0.0,9,0.2497013806505022,-0.0014024885650913
2019-12-02,COST/LOW,-0.0,-0.0,0.0,9,0.2020866917245868,-0.0
2019-12-02,AMZN/GOOGL,-0.0033522404535952,-0.0033522404535952,0.0,9,0.198211927624911,-0.0006644540421693
2019-12-03,QQQ/XLK,-0.0006613412243049,-0.0006613412243049,0.0,9,0.35,-0.0002314694285067
2019-12-03,HD/TGT,-0.0110091370847939,-0.0110091370847939,0.0,9,0.2497013806505022,-0.0027489967298436
2019-12-03,COST/LOW,-0.0,-0.0,0.0,9,0.2020866917245868,-0.0
2019-12-03,AMZN/GOOGL,0.0052962969851011,0.0052962969851011,0.0,9,0.198211927624911,0.0010497892346909
2019-12-04,QQQ/XLK,0.001141370321558,0.001141370321558,0.0,9,0.35,0.0003994796125453
2019-12-04,HD/TGT,0.0031555905333931,0.0031555905333931,0.0,9,0.2497013806505022,0.0007879553129559
2019-12-04,COST/LOW,-0.0,-0.0,0.0,9,0.2020866917245868,-0.0
2019-12-04,AMZN/GOOGL,-0.001,0.0,1.0,9,0.198211927624911,-0.0001982119276249
2019-12-05,QQQ/XLK,-0.0004644642515212,-0.0004644642515212,0.0,9,0.35,-0.0001625624880324
2019-12-05,HD/TGT,-0.0038164840542964,-0.0038164840542964,0.0,9,0.2497013806505022,-0.0009529813375884
2019-12-05,COST/LOW,-0.0,-0.0,0.0,9,0.2020866917245868,-0.0
2019-12-05,AMZN/GOOGL,-0.0090936597380244,-0.0080936597380244,1.0,9,0.198211927624911,-0.0018024718258388
2019-12-06,QQQ/XLK,0.0013403176608726,0.0013403176608726,0.0,9,0.35,0.0004691111813054
2019-12-06,HD/TGT,0.0030080326499848,0.0030080326499848,0.0,9,0.2497013806505022,0.000751109905743
2019-12-06,COST/LOW,0.0,0.0,0.0,9,0.2020866917245868,0.0
2019-12-06,AMZN/GOOGL,-0.0034863382642518,-0.0034863382642518,0.0,9,0.198211927624911,-0.0006910338277098
2019-12-09,QQQ/XLK,-0.0003304078026299,-0.0003304078026299,0.0,9,0.35,-0.0001156427309204
2019-12-09,HD/TGT,0.0031207532250611,0.0031207532250611,0.0,9,0.2497013806505022,0.0007792563889672
2019-12-09,COST/LOW,-0.0,-0.0,0.0,9,0.2020866917245868,-0.0
2019-12-09,AMZN/GOOGL,-0.0021290389196603,-0.0021290389196603,0.0,9,0.198211927624911,-0.0004220009082543
2019-12-10,QQQ/XLK,-0.0008198975445676,-0.0008198975445676,0.0,9,0.35,-0.0002869641405986
2019-12-10,HD/TGT,-0.0001335727759764,-0.0001335727759764,0.0,9,0.2497013806505022,-3.335330657864537e-05
2019-12-10,COST/LOW,0.0,0.0,0.0,9,0.2020866917245868,0.0
2019-12-10,AMZN/GOOGL,-0.0021569811024405,-0.0021569811024405,0.0,9,0.198211927624911,-0.0004275393821652
2019-12-11,QQQ/XLK,0.0001110877960766,0.0001110877960766,0.0,9,0.35,3.8880728626822974e-05
2019-12-11,HD/TGT,-0.0121407222635633,-0.0121407222635633,0.0,9,0.2497013806505022,-0.003031555111306
2019-12-11,COST/LOW,-0.0,-0.0,0.0,9,0.2020866917245868,-0.0
2019-12-11,AMZN/GOOGL,0.0014149873241758,0.0014149873241758,0.0,9,0.198211927624911,0.0002804673650897
2019-12-12,QQQ/XLK,-0.0003479268205085,-0.0003479268205085,0.0,9,0.35,-0.000121774387178
2019-12-12,HD/TGT,-0.0043796732137037,-0.0043796732137037,0.0,9,0.2497013806505022,-0.0010936104482598
2019-12-12,COST/LOW,0.0,0.0,0.0,9,0.2020866917245868,0.0
2019-12-12,AMZN/GOOGL,-0.001,-0.0,1.0,9,0.198211927624911,-0.0001982119276249
2019-12-13,QQQ/XLK,-0.0009812763732368,-0.0009812763732368,0.0,9,0.35,-0.0003434467306328
2019-12-13,HD/TGT,0.0072462075135924,0.0072462075135924,0.0,9,0.2497013806505022,0.001809388020624
2019-12-13,COST/LOW,-0.0,-0.0,0.0,9,0.2020866917245868,-0.0
2019-12-13,AMZN/GOOGL,-0.0,-0.0,0.0,9,0.198211927624911,-0.0
2019-12-16,QQQ/XLK,0.0018669440801462,0.0018669440801462,0.0,9,0.35,0.0006534304280512
2019-12-16,HD/TGT,0.0077870738336452,0.0077870738336452,0.0,9,0.2497013806505022,0.0019444430874886
2019-12-16,COST/LOW,-0.0009423459919288,5.765400807111791e-05,1.0,9,0.2020866917245868,-0.0001904355839688
2019-12-16,AMZN/GOOGL,0.0,0.0,0.0,9,0.198211927624911,0.0
2019-12-17,QQQ/XLK,0.0013280772953348,0.0013280772953348,0.0,9,0.35,0.0004648270533671
2019-12-17,HD/TGT,0.0007289771965752,0.0007289771965752,0.0,9,0.2497013806505022,0.0001820266124475
2019-12-17,COST/LOW,0.006793681056164,0.006793681056164,0.0,9,0.2020866917245868,0.0013729125292721
2019-12-17,AMZN/GOOGL,-0.0,-0.0,0.0,9,0.198211927624911,-0.0
2019-12-18,QQQ/XLK,0.0004829958476554,0.0004829958476554,0.0,9,0.35,0.0001690485466793
2019-12-18,HD/TGT,0.0016207161708359,0.0016207161708359,0.0,9,0.2497013806505022,0.0004046950655003
2019-12-18,COST/LOW,-0.0087965854946202,-0.0087965854946202,0.0,9,0.2020866917245868,-0.0017776728610802
2019-12-18,AMZN/GOOGL,0.0,0.0,0.0,9,0.198211927624911,0.0
2019-12-19,QQQ/XLK,-0.001,0.0,1.0,9,0.35,-0.00035
2019-12-19,HD/TGT,0.0054380519052721,0.0054380519052721,0.0,9,0.2497013806505022,0.0013578890687955
2019-12-19,COST/LOW,0.0022730749291009,0.0022730749291009,0.0,9,0.2020866917245868,0.0004593581924641
2019-12-19,AMZN/GOOGL,0.0,0.0,0.0,9,0.198211927624911,0.0
2019-12-20,QQQ/XLK,-0.0007966640466311,0.0002033359533688,1.0,9,0.35,-0.0002788324163209
2019-12-20,HD/TGT,0.0019291633515802,0.0019291633515802,0.0,9,0.2497013806505022,0.0004817147523899
2019-12-20,COST/LOW,-0.001,0.0,1.0,9,0.2020866917245868,-0.0002020866917245
2019-12-20,AMZN/GOOGL,-0.0,-0.0,0.0,9,0.198211927624911,-0.0
2019-12-23,QQQ/XLK,-0.0002757014262453,-0.0002757014262453,0.0,9,0.35,-9.649549918586328e-05
2019-12-23,HD/TGT,-0.0042195008768338,-0.0042195008768338,0.0,9,0.2497013806505022,-0.0010536151946014
2019-12-23,COST/LOW,-0.0,-0.0,0.0,9,0.2020866917245868,-0.0
2019-12-23,AMZN/GOOGL,-0.0,-0.0,0.0,9,0.198211927624911,-0.0
2019-12-24,QQQ/XLK,-0.0001549376055362,-0.0001549376055362,0.0,9,0.35,-5.422816193767536e-05
2019-12-24,HD/TGT,0.0041037113622395,0.0041037113622395,0.0,9,0.2497013806505022,0.0010247023929423
2019-12-24,COST/LOW,0.0,0.0,0.0,9,0.2020866917245868,0.0
2019-12-24,AMZN/GOOGL,-0.0,-0.0,0.0,9,0.198211927624911,-0.0
2019-12-26,QQQ/XLK,-0.0018451048514213,-0.0018451048514213,0.0,9,0.35,-0.0006457866979974
2019-12-26,HD/TGT,-0.001,-0.0,1.0,9,0.2497013806505022,-0.0002497013806505
2019-12-26,COST/LOW,0.0,0.0,0.0,9,0.2020866917245868,0.0
2019-12-26,AMZN/GOOGL,-0.0,-0.0,0.0,9,0.198211927624911,-0.0
2019-12-27,QQQ/XLK,0.0004354046054682,0.0004354046054682,0.0,9,0.35,0.0001523916119138
2019-12-27,HD/TGT,-0.0,-0.0,0.0,9,0.2497013806505022,-0.0
2019-12-27,COST/LOW,-0.0,-0.0,0.0,9,0.2020866917245868,-0.0
2019-12-27,AMZN/GOOGL,-0.0048083653251324,-0.0038083653251324,1.0,9,0.198211927624911,-0.0009530753598192
2019-12-30,QQQ/XLK,0.0012907987644827,0.0012907987644827,0.0,9,0.35,0.0004517795675689
2019-12-30,HD/TGT,-0.0,-0.0,0.0,9,0.2497013806505022,-0.0
2019-12-30,COST/LOW,0.0,0.0,0.0,9,0.2020866917245868,0.0
2019-12-30,AMZN/GOOGL,-0.0023601951650478,-0.0023601951650478,0.0,9,0.198211927624911,-0.0004678188332351
2019-12-31,QQQ/XLK,0.0002739102001134,0.0002739102001134,0.0,9,0.35,9.586857003969944e-05
2019-12-31,HD/TGT,0.0,0.0,0.0,9,0.2497013806505022,0.0
2019-12-31,COST/LOW,-0.0,-0.0,0.0,9,0.2020866917245868,-0.0
2019-12-31,AMZN/GOOGL,-0.0003412003965794,-0.0003412003965794,0.0,9,0.198211927624911,-6.762998831240128e-05
2020-01-02,QQQ/XLK,-0.0015798591905565,-0.0015798591905565,0.0,9,0.35,-0.0005529507166948
2020-01-02,HD/TGT,0.0,0.0,0.0,9,0.2497013806505022,0.0
2020-01-02,COST/LOW,-0.0,-0.0,0.0,9,0.2020866917245868,-0.0
2020-01-02,AMZN/GOOGL,0.003667172193185,0.003667172193185,0.0,9,0.198211927624911,0.0007268772693436
2020-01-03,QQQ/XLK,0.0004703758669448,0.0004703758669448,0.0,9,0.35,0.0001646315534306
2020-01-03,HD/TGT,0.0,0.0,0.0,9,0.2497013806505022,0.0
2020-01-03,COST/LOW,0.0,0.0,0.0,9,0.2020866917245868,0.0
2020-01-03,AMZN/GOOGL,-0.001,0.0,1.0,9,0.198211927624911,-0.0001982119276249
2020-01-06,LOW/TGT,0.0,0.0,0.0,10,1.0,0.0
2020-01-07,LOW/TGT,0.00405911834263,0.00505911834263,1.0,10,1.0,0.00405911834263
2020-01-08,LOW/TGT,-0.0131030370212085,-0.0131030370212085,0.0,10,1.0,-0.0131030370212085
2020-01-09,LOW/TGT,-0.003160762301966,-0.003160762301966,0.0,10,1.0,-0.003160762301966
2020-01-10,LOW/TGT,0.0089018177571092,0.0089018177571092,0.0,10,1.0,0.0089018177571092
2020-01-13,LOW/TGT,-0.0018445968215731,-0.0018445968215731,0.0,10,1.0,-0.0018445968215731
2020-01-14,LOW/TGT,0.0087869443410779,0.0087869443410779,0.0,10,1.0,0.0087869443410779
2020-01-15,LOW/TGT,-0.0110403592416155,-0.0110403592416155,0.0,10,1.0,-0.0110403592416155
2020-01-16,LOW/TGT,0.0003394502342625,0.0003394502342625,0.0,10,1.0,0.0003394502342625
2020-01-17,LOW/TGT,-0.0190232886021637,-0.0190232886021637,0.0,10,1.0,-0.0190232886021637
2020-01-21,LOW/TGT,0.000174568965429,0.000174568965429,0.0,10,1.0,0.000174568965429
2020-01-22,LOW/TGT,-0.0065849630573607,-0.0065849630573607,0.0,10,1.0,-0.0065849630573607
2020-01-23,LOW/TGT,-0.0019511655349618,-0.0019511655349618,0.0,10,1.0,-0.0019511655349618
2020-01-24,LOW/TGT,0.0134465171928973,0.0134465171928973,0.0,10,1.0,0.0134465171928973
2020-01-27,LOW/TGT,0.0058594686375558,0.0058594686375558,0.0,10,1.0,0.0058594686375558
2020-01-28,LOW/TGT,-0.0097044977172152,-0.0097044977172152,0.0,10,1.0,-0.0097044977172152
2020-01-29,LOW/TGT,0.002486936737449,0.002486936737449,0.0,10,1.0,0.002486936737449
2020-01-30,LOW/TGT,0.0053075584559618,0.0053075584559618,0.0,10,1.0,0.0053075584559618
2020-01-31,LOW/TGT,0.0152544908828593,0.0152544908828593,0.0,10,1.0,0.0152544908828593
2020-02-03,LOW/TGT,-0.0028414542959997,-0.0028414542959997,0.0,10,1.0,-0.0028414542959997
2020-02-04,LOW/TGT,-0.001,0.0,1.0,10,1.0,-0.001
2020-02-05,LOW/TGT,0.0,0.0,0.0,10,1.0,0.0
2020-02-06,LOW/TGT,0.0022393232244791,0.0032393232244791,1.0,10,1.0,0.0022393232244791
2020-02-07,LOW/TGT,0.0010820693096413,0.0010820693096413,0.0,10,1.0,0.0010820693096413
2020-02-10,LOW/TGT,0.0043206445965203,0.0043206445965203,0.0,10,1.0,0.0043206445965203
2020-02-11,LOW/TGT,-0.0122820200560356,-0.0122820200560356,0.0,10,1.0,-0.0122820200560356
2020-02-12,LOW/TGT,-0.01005494973886,-0.01005494973886,0.0,10,1.0,-0.01005494973886
2020-02-13,LOW/TGT,0.0019398697673026,0.0019398697673026,0.0,10,1.0,0.0019398697673026
2020-02-14,LOW/TGT,-0.0071280787786625,-0.0071280787786625,0.0,10,1.0,-0.0071280787786625
2020-02-18,LOW/TGT,0.0171473731517142,0.0171473731517142,0.0,10,1.0,0.0171473731517142
2020-02-19,LOW/TGT,-0.0021548546591732,-0.0021548546591732,0.0,10,1.0,-0.0021548546591732
2020-02-20,LOW/TGT,-0.0180332808386863,-0.0180332808386863,0.0,10,1.0,-0.0180332808386863
2020-02-21,LOW/TGT,0.0053361199979351,0.0053361199979351,0.0,10,1.0,0.0053361199979351
2020-02-24,LOW/TGT,0.0085339559845963,0.0085339559845963,0.0,10,1.0,0.0085339559845963
2020-02-25,LOW/TGT,0.0233889548689956,0.0233889548689956,0.0,10,1.0,0.0233889548689956
2020-02-26,LOW/TGT,0.0316844891904414,0.0316844891904414,0.0,10,1.0,0.0316844891904414
2020-02-27,LOW/TGT,-0.001,-0.0,1.0,10,1.0,-0.001
2020-02-28,LOW/TGT,-0.0,-0.0,0.0,10,1.0,-0.0
2020-03-02,LOW/TGT,0.0,0.0,0.0,10,1.0,0.0
2020-03-03,LOW/TGT,-0.0111786862238962,-0.0101786862238962,1.0,10,1.0,-0.0111786862238962
2020-03-04,LOW/TGT,0.028943559988493,0.028943559988493,0.0,10,1.0,0.028943559988493
2020-03-05,LOW/TGT,-0.0349179651209822,-0.0349179651209822,0.0,10,1.0,-0.0349179651209822
2020-03-06,LOW/TGT,-0.0156711737818635,-0.0156711737818635,0.0,10,1.0,-0.0156711737818635
2020-03-09,LOW/TGT,-0.076283343731112,-0.076283343731112,0.0,10,1.0,-0.076283343731112
2020-03-10,LOW/TGT,-0.001,0.0,1.0,10,1.0,-0.001
2020-03-11,LOW/TGT,-0.0309747177065309,-0.0299747177065309,1.0,10,1.0,-0.0309747177065309
2020-03-12,LOW/TGT,-0.001,-0.0,1.0,10,1.0,-0.001
2020-03-13,LOW/TGT,0.0,0.0,0.0,10,1.0,0.0
2020-03-16,LOW/TGT,-0.0,-0.0,0.0,10,1.0,-0.0
2020-03-17,LOW/TGT,-0.0,-0.0,0.0,10,1.0,-0.0
2020-03-18,LOW/TGT,-0.0,-0.0,0.0,10,1.0,-0.0
2020-03-19,LOW/TGT,0.0,0.0,0.0,10,1.0,0.0
2020-03-20,LOW/TGT,-0.0,-0.0,0.0,10,1.0,-0.0
2020-03-23,LOW/TGT,0.0,0.0,0.0,10,1.0,0.0
2020-03-24,LOW/TGT,0.0,0.0,0.0,10,1.0,0.0
2020-03-25,LOW/TGT,0.0,0.0,0.0,10,1.0,0.0
2020-03-26,LOW/TGT,0.0,0.0,0.0,10,1.0,0.0
2020-03-27,LOW/TGT,-0.0,-0.0,0.0,10,1.0,-0.0
2020-03-30,LOW/TGT,0.0,0.0,0.0,10,1.0,0.0
2020-03-31,LOW/TGT,-0.0,-0.0,0.0,10,1.0,-0.0
2020-04-01,LOW/TGT,-0.0,-0.0,0.0,10,1.0,-0.0
2020-04-02,LOW/TGT,0.0,0.0,0.0,10,1.0,0.0
2020-04-03,LOW/TGT,-0.0,-0.0,0.0,10,1.0,-0.0
2020-04-06,ABBV/MRK,0.0,0.0,0.0,11,1.0,0.0
2020-04-07,ABBV/MRK,-0.0,-0.0,0.0,11,1.0,-0.0
2020-04-08,ABBV/MRK,0.0,0.0,0.0,11,1.0,0.0
2020-04-09,ABBV/MRK,0.0,0.0,0.0,11,1.0,0.0
2020-04-13,ABBV/MRK,-0.0,-0.0,0.0,11,1.0,-0.0
2020-04-14,ABBV/MRK,0.0,0.0,0.0,11,1.0,0.0
2020-04-15,ABBV/MRK,-0.0,-0.0,0.0,11,1.0,-0.0
2020-04-16,ABBV/MRK,0.0,0.0,0.0,11,1.0,0.0
2020-04-17,ABBV/MRK,-0.0,-0.0,0.0,11,1.0,-0.0
2020-04-20,ABBV/MRK,-0.0,-0.0,0.0,11,1.0,-0.0
2020-04-21,ABBV/MRK,-0.0,-0.0,0.0,11,1.0,-0.0
2020-04-22,ABBV/MRK,0.0,0.0,0.0,11,1.0,0.0
2020-04-23,ABBV/MRK,0.0,0.0,0.0,11,1.0,0.0
2020-04-24,ABBV/MRK,-0.0,-0.0,0.0,11,1.0,-0.0
2020-04-27,ABBV/MRK,0.0,0.0,0.0,11,1.0,0.0
2020-04-28,ABBV/MRK,-0.0,-0.0,0.0,11,1.0,-0.0
2020-04-29,ABBV/MRK,-0.0,-0.0,0.0,11,1.0,-0.0
2020-04-30,ABBV/MRK,-0.0,-0.0,0.0,11,1.0,-0.0
2020-05-01,ABBV/MRK,-0.0,-0.0,0.0,11,1.0,-0.0
2020-05-04,ABBV/MRK,-0.0,-0.0,0.0,11,1.0,-0.0
2020-05-05,ABBV/MRK,-0.0,-0.0,0.0,11,1.0,-0.0
2020-05-06,ABBV/MRK,-0.0,-0.0,0.0,11,1.0,-0.0
2020-05-07,ABBV/MRK,-0.0,-0.0,0.0,11,1.0,-0.0
2020-05-08,ABBV/MRK,0.0,0.0,0.0,11,1.0,0.0
2020-05-11,ABBV/MRK,0.0,0.0,0.0,11,1.0,0.0
2020-05-12,ABBV/MRK,-0.0,-0.0,0.0,11,1.0,-0.0
2020-05-13,ABBV/MRK,0.0,0.0,0.0,11,1.0,0.0
2020-05-14,ABBV/MRK,0.0,0.0,0.0,11,1.0,0.0
2020-05-15,ABBV/MRK,-0.0,-0.0,0.0,11,1.0,-0.0
2020-05-18,ABBV/MRK,-0.0,-0.0,0.0,11,1.0,-0.0
2020-05-19,ABBV/MRK,-0.0,-0.0,0.0,11,1.0,-0.0
2020-05-20,ABBV/MRK,-0.0,-0.0,0.0,11,1.0,-0.0
2020-05-21,ABBV/MRK,-0.0,-0.0,0.0,11,1.0,-0.0
2020-05-22,ABBV/MRK,0.0,0.0,0.0,11,1.0,0.0
2020-05-26,ABBV/MRK,0.0,0.0,0.0,11,1.0,0.0
2020-05-27,ABBV/MRK,0.0,0.0,0.0,11,1.0,0.0
2020-05-28,ABBV/MRK,0.0,0.0,0.0,11,1.0,0.0
2020-05-29,ABBV/MRK,0.0,0.0,0.0,11,1.0,0.0
2020-06-01,ABBV/MRK,-0.0,-0.0,0.0,11,1.0,-0.0
2020-06-02,ABBV/MRK,0.0,0.0,0.0,11,1.0,0.0
2020-06-03,ABBV/MRK,0.0,0.0,0.0,11,1.0,0.0
2020-06-04,ABBV/MRK,-0.0,-0.0,0.0,11,1.0,-0.0
2020-06-05,ABBV/MRK,0.0,0.0,0.0,11,1.0,0.0
2020-06-08,ABBV/MRK,0.0,0.0,0.0,11,1.0,0.0
2020-06-09,ABBV/MRK,-0.0,-0.0,0.0,11,1.0,-0.0
2020-06-10,ABBV/MRK,-0.0,-0.0,0.0,11,1.0,-0.0
2020-06-11,ABBV/MRK,-0.0,-0.0,0.0,11,1.0,-0.0
2020-06-12,ABBV/MRK,-0.0058029610867374,-0.0048029610867374,1.0,11,1.0,-0.0058029610867374
2020-06-15,ABBV/MRK,-0.02385539264682,-0.02385539264682,0.0,11,1.0,-0.02385539264682
2020-06-16,ABBV/MRK,0.0213197861527366,0.0213197861527366,0.0,11,1.0,0.0213197861527366
2020-06-17,ABBV/MRK,-0.001,-0.0,1.0,11,1.0,-0.001
2020-06-18,ABBV/MRK,-0.0,-0.0,0.0,11,1.0,-0.0
2020-06-19,ABBV/MRK,0.0,0.0,0.0,11,1.0,0.0
2020-06-22,ABBV/MRK,-0.0,-0.0,0.0,11,1.0,-0.0
2020-06-23,ABBV/MRK,0.0,0.0,0.0,11,1.0,0.0
2020-06-24,ABBV/MRK,-0.0,-0.0,0.0,11,1.0,-0.0
2020-06-25,ABBV/MRK,0.0,0.0,0.0,11,1.0,0.0
2020-06-26,ABBV/MRK,-0.0,-0.0,0.0,11,1.0,-0.0
2020-06-29,ABBV/MRK,0.0,0.0,0.0,11,1.0,0.0
2020-06-30,ABBV/MRK,0.0,0.0,0.0,11,1.0,0.0
2020-07-01,ABBV/MRK,0.0,0.0,0.0,11,1.0,0.0
2020-07-02,ABBV/MRK,0.0,0.0,0.0,11,1.0,0.0
2020-07-06,ABBV/MRK,0.0,0.0,0.0,11,1.0,0.0
2020-07-07,QQQ/XLK,0.0,0.0,0.0,12,0.1601724806996751,0.0
2020-07-07,IYR/VNQ,-0.0,-0.0,0.0,12,0.2667060066298482,-0.0
2020-07-07,GOVT/TLH,0.0,0.0,0.0,12,0.2231215126704767,0.0
2020-07-07,IEFA/VEA,0.0,0.0,0.0,12,0.35,0.0
2020-07-08,QQQ/XLK,-0.0,-0.0,0.0,12,0.1601724806996751,-0.0
2020-07-08,IYR/VNQ,-0.0,-0.0,0.0,12,0.2667060066298482,-0.0
2020-07-08,GOVT/TLH,-0.0,-0.0,0.0,12,0.2231215126704767,-0.0
2020-07-08,IEFA/VEA,-0.0,-0.0,0.0,12,0.35,-0.0
2020-07-09,QQQ/XLK,-0.003537367428619,-0.002537367428619,1.0,12,0.1601724806996751,-0.0005665889161881
2020-07-09,IYR/VNQ,-0.0,-0.0,0.0,12,0.2667060066298482,-0.0
2020-07-09,GOVT/TLH,0.0,0.0,0.0,12,0.2231215126704767,0.0
2020-07-09,IEFA/VEA,0.0,0.0,0.0,12,0.35,0.0
2020-07-10,QQQ/XLK,-0.0036204288506599,-0.0036204288506599,0.0,12,0.1601724806996751,-0.0005798930702068
2020-07-10,IYR/VNQ,0.0,0.0,0.0,12,0.2667060066298482,0.0
2020-07-10,GOVT/TLH,-0.0004872580519365,0.0005127419480634,1.0,12,0.2231215126704767,-0.0001087177536089
2020-07-10,IEFA/VEA,-0.0,-0.0,0.0,12,0.35,-0.0
2020-07-13,QQQ/XLK,-0.001,-0.0,1.0,12,0.1601724806996751,-0.0001601724806996
2020-07-13,IYR/VNQ,0.0,0.0,0.0,12,0.2667060066298482,0.0
2020-07-13,GOVT/TLH,-0.0001095579452224,-0.0001095579452224,0.0,12,0.2231215126704767,-2.444473446310686e-05
2020-07-13,IEFA/VEA,0.0,0.0,0.0,12,0.35,0.0
2020-07-14,QQQ/XLK,0.0010687877148669,0.0020687877148669,1.0,12,0.1601724806996751,0.0001711903796315
2020-07-14,IYR/VNQ,0.0,0.0,0.0,12,0.2667060066298482,0.0
2020-07-14,GOVT/TLH,-0.0001740486523843,-0.0001740486523843,0.0,12,0.2231215126704767,-3.883399859826231e-05
2020-07-14,IEFA/VEA,0.0,0.0,0.0,12,0.35,0.0
2020-07-15,QQQ/XLK,0.001635478472721,0.001635478472721,0.0,12,0.1601724806996751,0.0002619586441066
2020-07-15,IYR/VNQ,-0.0,-0.0,0.0,12,0.2667060066298482,-0.0
2020-07-15,GOVT/TLH,0.000550714468467,0.000550714468467,0.0,12,0.2231215126704767,0.0001228762452538
2020-07-15,IEFA/VEA,-0.0,-0.0,0.0,12,0.35,-0.0
2020-07-16,QQQ/XLK,-0.0026396204261552,-0.0026396204261552,0.0,12,0.1601724806996751,-0.0004227945517628
2020-07-16,IYR/VNQ,-0.0,-0.0,0.0,12,0.2667060066298482,-0.0
2020-07-16,GOVT/TLH,-0.0004371369954942,-0.0004371369954942,0.0,12,0.2231215126704767,-9.753466767890482e-05
2020-07-16,IEFA/VEA,-0.0,-0.0,0.0,12,0.35,-0.0
2020-07-17,QQQ/XLK,0.001831413793062,0.001831413793062,0.0,12,0.1601724806996751,0.0002933420904223
2020-07-17,IYR/VNQ,0.0,0.0,0.0,12,0.2667060066298482,0.0
2020-07-17,GOVT/TLH,0.0003841801603609,0.0003841801603609,0.0,12,0.2231215126704767,8.571885851771973e-05
2020-07-17,IEFA/VEA,-0.0,-0.0,0.0,12,0.35,-0.0
2020-07-20,QQQ/XLK,-0.0016779744261079,-0.0016779744261079,0.0,12,0.1601724806996751,-0.0002687653263803
2020-07-20,IYR/VNQ,-0.0,-0.0,0.0,12,0.2667060066298482,-0.0
2020-07-20,GOVT/TLH,-0.0002472336353816,-0.0002472336353816,0.0,12,0.2231215126704767,-5.516314270936816e-05
2020-07-20,IEFA/VEA,0.0,0.0,0.0,12,0.35,0.0
2020-07-21,QQQ/XLK,0.0002785745545909,0.0002785745545909,0.0,12,0.1601724806996751,4.461997746863427e-05
2020-07-21,IYR/VNQ,-0.0,-0.0,0.0,12,0.2667060066298482,-0.0
2020-07-21,GOVT/TLH,-0.0003402909422172,-0.0003402909422172,0.0,12,0.2231215126704767,-7.592622977557929e-05
2020-07-21,IEFA/VEA,0.0,0.0,0.0,12,0.35,0.0
2020-07-22,QQQ/XLK,0.002208358346546,0.002208358346546,0.0,12,0.1601724806996751,0.0003537182346401
2020-07-22,IYR/VNQ,0.0,0.0,0.0,12,0.2667060066298482,0.0
2020-07-22,GOVT/TLH,8.048538445754102e-05,8.048538445754102e-05,0.0,12,0.2231215126704767,1.7958020728031426e-05
2020-07-22,IEFA/VEA,0.0,0.0,0.0,12,0.35,0.0
2020-07-23,QQQ/XLK,0.0002228986461033,0.0002228986461033,0.0,12,0.1601724806996751,3.5702229090971424e-05
2020-07-23,IYR/VNQ,0.0,0.0,0.0,12,0.2667060066298482,0.0
2020-07-23,GOVT/TLH,-0.0009729869164376,-0.0009729869164376,0.0,12,0.2231215126704767,-0.0002170943126041
2020-07-23,IEFA/VEA,-0.0,-0.0,0.0,12,0.35,-0.0
2020-07-24,QQQ/XLK,-0.0012588116436315,-0.0012588116436315,0.0,12,0.1601724806996751,-0.0002016269836941
2020-07-24,IYR/VNQ,0.0,0.0,0.0,12,0.2667060066298482,0.0
2020-07-24,GOVT/TLH,0.0002673690023572,0.0002673690023572,0.0,12,0.2231215126704767,5.965577624714168e-05
2020-07-24,IEFA/VEA,0.0,0.0,0.0,12,0.35,0.0
2020-07-27,QQQ/XLK,-0.0010939489326678,-0.0010939489326678,0.0,12,0.1601724806996751,-0.0001752205143041
2020-07-27,IYR/VNQ,-0.0,-0.0,0.0,12,0.2667060066298482,-0.0
2020-07-27,GOVT/TLH,0.0002160500129772,0.0002160500129772,0.0,12,0.2231215126704767,4.820540570795723e-05
2020-07-27,IEFA/VEA,0.0,0.0,0.0,12,0.35,0.0
2020-07-28,QQQ/XLK,0.0005483062069772,0.0005483062069772,0.0,12,0.1601724806996751,8.78235653545754e-05
2020-07-28,IYR/VNQ,0.0,0.0,0.0,12,0.2667060066298482,0.0
2020-07-28,GOVT/TLH,-0.0005486707306567,-0.0005486707306567,0.0,12,0.2231215126704767,-0.0001224202433821
2020-07-28,IEFA/VEA,0.0,0.0,0.0,12,0.35,0.0
2020-07-29,QQQ/XLK,0.0014582655847789,0.0014582655847789,0.0,12,0.1601724806996751,0.000233574016233
2020-07-29,IYR/VNQ,-0.0,-0.0,0.0,12,0.2667060066298482,-0.0
2020-07-29,GOVT/TLH,0.0002668549145608,0.0002668549145608,0.0,12,0.2231215126704767,5.954107220037804e-05
2020-07-29,IEFA/VEA,0.0,0.0,0.0,12,0.35,0.0
2020-07-30,QQQ/XLK,0.0001778219772418,0.0001778219772418,0.0,12,0.1601724806996751,2.848218721774049e-05
2020-07-30,IYR/VNQ,-0.0017104621575943,-0.0007104621575943,1.0,12,0.2667060066298482,-0.0004561905315434
2020-07-30,GOVT/TLH,-0.0005805298586784,-0.0005805298586784,0.0,12,0.2231215126704767,-0.0001295287002187
2020-07-30,IEFA/VEA,-0.0008484455513995,0.0001515544486004,1.0,12,0.35,-0.0002969559429898
2020-07-31,QQQ/XLK,0.0035636753444502,0.0035636753444502,0.0,12,0.1601724806996751,0.0005708027203288
2020-07-31,IYR/VNQ,0.0001065023645876,0.0001065023645876,0.0,12,0.2667060066298482,2.840482035581385e-05
2020-07-31,GOVT/TLH,-6.41971781379272e-05,-6.41971781379272e-05,0.0,12,0.2231215126704767,-1.4323771495310374e-05
2020-07-31,IEFA/VEA,-0.0012453486142288,-0.0012453486142288,0.0,12,0.35,-0.00043587201498
2020-08-03,QQQ/XLK,0.0055827071273882,0.0055827071273882,0.0,12,0.1601724806996751,0.0008941960496135
2020-08-03,IYR/VNQ,-0.0001658077361578,-0.0001658077361578,0.0,12,0.2667060066298482,-4.422191917898635e-05
2020-08-03,GOVT/TLH,0.0006132383397286,0.0006132383397286,0.0,12,0.2231215126704767,0.0001368266659877
2020-08-03,IEFA/VEA,0.0013545175484294,0.0013545175484294,0.0,12,0.35,0.0004740811419502
2020-08-04,QQQ/XLK,-0.0005688959633512,-0.0005688959633512,0.0,12,0.1601724806996751,-9.112147771000875e-05
2020-08-04,IYR/VNQ,0.0012264180354113,0.0012264180354113,0.0,12,0.2667060066298482,0.0003270930566833
2020-08-04,GOVT/TLH,-0.0009700759748874,-0.0009700759748874,0.0,12,0.2231215126704767,-0.0002164448189221
2020-08-04,IEFA/VEA,-0.0011800488374709,-0.0011800488374709,0.0,12,0.35,-0.0004130170931148
2020-08-05,QQQ/XLK,0.0006192767024368,0.0006192767024368,0.0,12,0.1601724806996751,9.919108566883102e-05
2020-08-05,IYR/VNQ,-0.0006417466129649,-0.0006417466129649,0.0,12,0.2667060066298482,-0.0001711576764121
2020-08-05,GOVT/TLH,0.0008923559328539,0.0008923559328539,0.0,12,0.2231215126704767,0.0001991038055788
2020-08-05,IEFA/VEA,-0.0004399621447743,-0.0004399621447743,0.0,12,0.35,-0.000153986750671
2020-08-06,QQQ/XLK,0.0004443779243811,0.0004443779243811,0.0,12,0.1601724806996751,7.117711451629865e-05
2020-08-06,IYR/VNQ,0.0007436810010899,0.0007436810010899,0.0,12,0.2667060066298482,0.0001983441900071
2020-08-06,GOVT/TLH,-0.0005108038767959,-0.0005108038767959,0.0,12,0.2231215126704767,-0.0001139713336686
2020-08-06,IEFA/VEA,-0.0003479669026182,-0.0003479669026182,0.0,12,0.35,-0.0001217884159164
2020-08-07,QQQ/XLK,-0.0017241326845994,-0.0017241326845994,0.0,12,0.1601724806996751,-0.0002761586091476
2020-08-07,IYR/VNQ,0.0003996916609715,0.0003996916609715,0.0,12,0.2667060066298482,0.0001066001667809
2020-08-07,GOVT/TLH,0.0007031468854896,0.0007031468854896,0.0,12,0.2231215126704767,0.0001568871967199
2020-08-07,IEFA/VEA,7.31398373715911e-05,7.31398373715911e-05,0.0,12,0.35,2.5598943080056883e-05
2020-08-10,QQQ/XLK,-0.001,-0.0,1.0,12,0.1601724806996751,-0.0001601724806996
2020-08-10,IYR/VNQ,-0.0004111216900455,-0.0004111216900455,0.0,12,0.2667060066298482,-0.0001096486241909
2020-08-10,GOVT/TLH,0.0002327148275361,0.0002327148275361,0.0,12,0.2231215126704767,5.192368434072272e-05
2020-08-10,IEFA/VEA,-0.0002849930727111,-0.0002849930727111,0.0,12,0.35,-9.974757544890926e-05
2020-08-11,QQQ/XLK,-0.0013944294131074,-0.0003944294131074,1.0,12,0.1601724806996751,-0.000223349218258
2020-08-11,IYR/VNQ,-3.5448059918755365e-05,-3.5448059918755365e-05,0.0,12,0.2667060066298482,-9.454210503706823e-06
2020-08-11,GOVT/TLH,0.0004469454443791,0.0004469454443791,0.0,12,0.2231215126704767,9.97231436310559e-05
2020-08-11,IEFA/VEA,9.43695324932193e-05,9.43695324932193e-05,0.0,12,0.35,3.302933637262675e-05
2020-08-12,QQQ/XLK,0.0010989028134895,0.0010989028134895,0.0,12,0.1601724806996751,0.0001760139896844
2020-08-12,IYR/VNQ,0.0002494344569968,0.0002494344569968,0.0,12,0.2667060066298482,6.652566794150589e-05
2020-08-12,GOVT/TLH,0.0013039220067275,0.0013039220067275,0.0,12,0.2231215126704767,0.0002909330505453
2020-08-12,IEFA/VEA,0.000666279242876,0.000666279242876,0.0,12,0.35,0.0002331977350066
2020-08-13,QQQ/XLK,0.0009136215529638,0.0009136215529638,0.0,12,0.1601724806996751,0.0001463370305589
2020-08-13,IYR/VNQ,-0.0005008422923109,-0.0005008422923109,0.0,12,0.2667060066298482,-0.0001335776477335
2020-08-13,GOVT/TLH,0.000824901706429,0.000824901706429,0.0,12,0.2231215126704767,0.0001840533165429
2020-08-13,IEFA/VEA,-0.0003753913047647,-0.0003753913047647,0.0,12,0.35,-0.0001313869566676
2020-08-14,QQQ/XLK,-0.0002307380266036,-0.0002307380266036,0.0,12,0.1601724806996751,-3.69578821128612e-05
2020-08-14,IYR/VNQ,9.725527207465e-07,9.725527207465e-07,0.0,12,0.2667060066298482,2.59385652387293e-07
2020-08-14,GOVT/TLH,0.0003914402929851,0.0003914402929851,0.0,12,0.2231215126704767,8.733875029102917e-05
2020-08-14,IEFA/VEA,-7.670569731925467e-05,-7.670569731925467e-05,0.0,12,0.35,-2.6846994061739133e-05
2020-08-17,QQQ/XLK,0.0024081803798721,0.0024081803798721,0.0,12,0.1601724806996751,0.0003857242254164
2020-08-17,IYR/VNQ,0.000174564294007,0.000174564294007,0.0,12,0.2667060066298482,4.655734575476639e-05
2020-08-17,GOVT/TLH,-0.0010336146977706,-0.0010336146977706,0.0,12,0.2231215126704767,-0.000230621674885
2020-08-17,IEFA/VEA,9.571541164519772e-05,9.571541164519772e-05,0.0,12,0.35,3.35003940758192e-05
2020-08-18,QQQ/XLK,0.0028889534142589,0.0028889534142589,0.0,12,0.1601724806996751,0.0004627308349876
2020-08-18,IYR/VNQ,-2.9683699944094906e-05,-2.9683699944094906e-05,0.0,12,0.2667060066298482,-7.916821074088201e-06
2020-08-18,GOVT/TLH,-0.0003449566447491,-0.0003449566447491,0.0,12,0.2231215126704767,-7.696724838217053e-05
2020-08-18,IEFA/VEA,0.000525695625794,0.000525695625794,0.0,12,0.35,0.0001839934690279
2020-08-19,QQQ/XLK,-0.0027241281842941,-0.0027241281842941,0.0,12,0.1601724806996751,-0.0004363303690222
2020-08-19,IYR/VNQ,0.0001375141916735,0.0001375141916735,0.0,12,0.2667060066298482,3.6675860916178086e-05
2020-08-19,GOVT/TLH,0.0008146358239158,0.0008146358239158,0.0,12,0.2231215126704767,0.0001817627773076
2020-08-19,IEFA/VEA,0.0002198493577071,0.0002198493577071,0.0,12,0.35,7.6947275197491e-05
2020-08-20,QQQ/XLK,0.000160930936827,0.000160930936827,0.0,12,0.1601724806996751,2.5776707372903405e-05
2020-08-20,IYR/VNQ,0.0002386421725064,0.0002386421725064,0.0,12,0.2667060066298482,6.364730084265849e-05
2020-08-20,GOVT/TLH,-0.001,0.0,1.0,12,0.2231215126704767,-0.0002231215126704
2020-08-20,IEFA/VEA,0.0004131215028282,0.0004131215028282,0.0,12,0.35,0.0001445925259899
2020-08-21,QQQ/XLK,-0.0029804901136966,-0.0029804901136966,0.0,12,0.1601724806996751,-0.0004773924952116
2020-08-21,IYR/VNQ,6.964148413281127e-05,6.964148413281127e-05,0.0,12,0.2667060066298482,1.857380212883803e-05
2020-08-21,GOVT/TLH,0.0,0.0,0.0,12,0.2231215126704767,0.0
2020-08-21,IEFA/VEA,-5.819529243276111e-05,-5.819529243276111e-05,0.0,12,0.35,-2.0368352351466382e-05
2020-08-24,QQQ/XLK,-0.0012753839261693,-0.0012753839261693,0.0,12,0.1601724806996751,-0.000204281407299
2020-08-24,IYR/VNQ,-0.0007045007198287,-0.0007045007198287,0.0,12,0.2667060066298482,-0.0001878945736533
2020-08-24,GOVT/TLH,-0.0,-0.0,0.0,12,0.2231215126704767,-0.0
2020-08-24,IEFA/VEA,0.0007096741098954,0.0007096741098954,0.0,12,0.35,0.0002483859384634
2020-08-25,QQQ/XLK,0.0013436999114745,0.0013436999114745,0.0,12,0.1601724806996751,0.0002152237481368
2020-08-25,IYR/VNQ,7.485074259953406e-05,7.485074259953406e-05,0.0,12,0.2667060066298482,1.99631426520004e-05
2020-08-25,GOVT/TLH,-0.0,-0.0,0.0,12,0.2231215126704767,-0.0
2020-08-25,IEFA/VEA,-0.0011551311024814,-0.0011551311024814,0.0,12,0.35,-0.0004042958858685
2020-08-26,QQQ/XLK,0.0002901573189445,0.0002901573189445,0.0,12,0.1601724806996751,4.6475217568508936e-05
2020-08-26,IYR/VNQ,-0.001,0.0,1.0,12,0.2667060066298482,-0.0002667060066298
2020-08-26,GOVT/TLH,-0.0,-0.0,0.0,12,0.2231215126704767,-0.0
2020-08-26,IEFA/VEA,-0.0001183617342948,-0.0001183617342948,0.0,12,0.35,-4.142660700318135e-05
2020-08-27,QQQ/XLK,-0.0019557619299996,-0.0019557619299996,0.0,12,0.1601724806996751,-0.000313259239986
2020-08-27,IYR/VNQ,0.0,0.0,0.0,12,0.2667060066298482,0.0
2020-08-27,GOVT/TLH,-0.0,-0.0,0.0,12,0.2231215126704767,-0.0
2020-08-27,IEFA/VEA,-0.0002390971864636,-0.0002390971864636,0.0,12,0.35,-8.368401526226857e-05
2020-08-28,QQQ/XLK,-0.001917100326575,-0.001917100326575,0.0,12,0.1601724806996751,-0.0003070667150576
2020-08-28,IYR/VNQ,0.0,0.0,0.0,12,0.2667060066298482,0.0
2020-08-28,GOVT/TLH,-0.0016104042434498,-0.0006104042434498,1.0,12,0.2231215126704767,-0.0003593158308094
2020-08-28,IEFA/VEA,0.000449150510773,0.000449150510773,0.0,12,0.35,0.0001572026787705
2020-08-31,QQQ/XLK,0.0023691123023864,0.0023691123023864,0.0,12,0.1601724806996751,0.0003794665945293
2020-08-31,IYR/VNQ,-0.0,-0.0,0.0,12,0.2667060066298482,-0.0
2020-08-31,GOVT/TLH,0.0002753335719507,0.0002753335719507,0.0,12,0.2231215126704767,6.143284306262755e-05
2020-08-31,IEFA/VEA,0.0001234740672816,0.0001234740672816,0.0,12,0.35,4.3215923548560536e-05
2020-09-01,QQQ/XLK,-0.0012141412896123,-0.0012141412896123,0.0,12,0.1601724806996751,-0.0001944720222771
2020-09-01,IYR/VNQ,-0.0,-0.0,0.0,12,0.2667060066298482,-0.0
2020-09-01,GOVT/TLH,0.0012125491615121,0.0012125491615121,0.0,12,0.2231215126704767,0.0002705458031039
2020-09-01,IEFA/VEA,-0.0003909418840863,-0.0003909418840863,0.0,12,0.35,-0.0001368296594302
2020-09-02,QQQ/XLK,0.0001789423027488,0.0001789423027488,0.0,12,0.1601724806996751,2.8661632533390004e-05
2020-09-02,IYR/VNQ,0.0,0.0,0.0,12,0.2667060066298482,0.0
2020-09-02,GOVT/TLH,0.0011169020396413,0.0011169020396413,0.0,12,0.2231215126704767,0.0002492048725895
2020-09-02,IEFA/VEA,0.0005089239958175,0.0005089239958175,0.0,12,0.35,0.0001781233985361
2020-09-03,QQQ/XLK,0.0037902351018625,0.0037902351018625,0.0,12,0.1601724806996751,0.0006070913587003
2020-09-03,IYR/VNQ,0.0,0.0,0.0,12,0.2667060066298482,0.0
2020-09-03,GOVT/TLH,0.000294688372453,0.000294688372453,0.0,12,0.2231215126704767,6.57513154281358e-05
2020-09-03,IEFA/VEA,-0.0004135696567283,-0.0004135696567283,0.0,12,0.35,-0.0001447493798549
2020-09-04,QQQ/XLK,0.0004720372353376,0.0004720372353376,0.0,12,0.1601724806996751,7.560737496665408e-05
2020-09-04,IYR/VNQ,-0.0,-0.0,0.0,12,0.2667060066298482,-0.0
2020-09-04,GOVT/TLH,-0.0016755426425619,-0.0016755426425619,0.0,12,0.2231215126704767,-0.0003738496089523
2020-09-04,IEFA/VEA,0.0001866967992819,0.0001866967992819,0.0,12,0.35,6.534387974868915e-05
2020-09-08,QQQ/XLK,-0.001,-0.0,1.0,12,0.1601724806996751,-0.0001601724806996
2020-09-08,IYR/VNQ,0.0,0.0,0.0,12,0.2667060066298482,0.0
2020-09-08,GOVT/TLH,0.0003762936955093,0.0003762936955093,0.0,12,0.2231215126704767,8.395921855042041e-05
2020-09-08,IEFA/VEA,-0.0001811785465913,-0.0001811785465913,0.0,12,0.35,-6.341249130697455e-05
2020-09-09,QQQ/XLK,-0.0,-0.0,0.0,12,0.1601724806996751,-0.0
2020-09-09,IYR/VNQ,0.0,0.0,0.0,12,0.2667060066298482,0.0
2020-09-09,GOVT/TLH,-0.0003210648037623,-0.0003210648037623,0.0,12,0.2231215126704767,-7.163646468069762e-05
2020-09-09,IEFA/VEA,0.0002426476710762,0.0002426476710762,0.0,12,0.35,8.492668487667644e-05
2020-09-10,QQQ/XLK,0.0,0.0,0.0,12,0.1601724806996751,0.0
2020-09-10,IYR/VNQ,0.0,0.0,0.0,12,0.2667060066298482,0.0
2020-09-10,GOVT/TLH,0.0001575305509457,0.0001575305509457,0.0,12,0.2231215126704767,3.5148454818837346e-05
2020-09-10,IEFA/VEA,-0.001,0.0,1.0,12,0.35,-0.00035
2020-09-11,QQQ/XLK,0.0,0.0,0.0,12,0.1601724806996751,0.0
2020-09-11,IYR/VNQ,-0.0009948376696156,5.16233038430308e-06,1.0,12,0.2667060066298482,-0.0002653291821081
2020-09-11,GOVT/TLH,0.0005197378094555,0.0005197378094555,0.0,12,0.2231215126704767,0.0001159646862377
2020-09-11,IEFA/VEA,-0.0,-0.0,0.0,12,0.35,-0.0
2020-09-14,QQQ/XLK,-0.0,-0.0,0.0,12,0.1601724806996751,-0.0
2020-09-14,IYR/VNQ,0.001214978885579,0.001214978885579,0.0,12,0.2667060066298482,0.0003240421667123
2020-09-14,GOVT/TLH,4.965295325853413e-05,4.965295325853413e-05,0.0,12,0.2231215126704767,1.107864203960061e-05
2020-09-14,IEFA/VEA,0.0,0.0,0.0,12,0.35,0.0
2020-09-15,QQQ/XLK,0.0,0.0,0.0,12,0.1601724806996751,0.0
2020-09-15,IYR/VNQ,-0.0002057670101083,-0.0002057670101083,0.0,12,0.2667060066298482,-5.487929756215398e-05
2020-09-15,GOVT/TLH,-0.0003086085393149,-0.0003086085393149,0.0,12,0.2231215126704767,-6.8857204114971e-05
2020-09-15,IEFA/VEA,-0.0,-0.0,0.0,12,0.35,-0.0
2020-09-16,QQQ/XLK,-0.0,-0.0,0.0,12,0.1601724806996751,-0.0
2020-09-16,IYR/VNQ,4.097888160418939e-05,4.097888160418939e-05,0.0,12,0.2667060066298482,1.09293138688107e-05
2020-09-16,GOVT/TLH,0.0001264233649366,0.0001264233649366,0.0,12,0.2231215126704767,2.8207772421562275e-05
2020-09-16,IEFA/VEA,-0.0,-0.0,0.0,12,0.35,-0.0
2020-09-17,QQQ/XLK,-0.0,-0.0,0.0,12,0.1601724806996751,-0.0
2020-09-17,IYR/VNQ,0.0003798828328766,0.0003798828328766,0.0,12,0.2667060066298482,0.0001013170333437
2020-09-17,GOVT/TLH,0.0002819296084879,0.0002819296084879,0.0,12,0.2231215126704767,6.290456071243203e-05
2020-09-17,IEFA/VEA,-0.0,-0.0,0.0,12,0.35,-0.0
2020-09-18,QQQ/XLK,0.0,0.0,0.0,12,0.1601724806996751,0.0
2020-09-18,IYR/VNQ,0.000549209378762,0.000549209378762,0.0,12,0.2667060066298482,0.0001464774402132
2020-09-18,GOVT/TLH,-0.0005623952646941,-0.0005623952646941,0.0,12,0.2231215126704767,-0.0001254824821772
2020-09-18,IEFA/VEA,0.0,0.0,0.0,12,0.35,0.0
2020-09-21,QQQ/XLK,-0.0,-0.0,0.0,12,0.1601724806996751,-0.0
2020-09-21,IYR/VNQ,0.0011905787097756,0.0011905787097756,0.0,12,0.2667060066298482,0.0003175344932627
2020-09-21,GOVT/TLH,0.0003779271831288,0.0003779271831288,0.0,12,0.2231215126704767,8.432368477900952e-05
2020-09-21,IEFA/VEA,0.0,0.0,0.0,12,0.35,0.0
2020-09-22,QQQ/XLK,0.0,0.0,0.0,12,0.1601724806996751,0.0
2020-09-22,IYR/VNQ,-0.001,0.0,1.0,12,0.2667060066298482,-0.0002667060066298
2020-09-22,GOVT/TLH,0.0,0.0,0.0,12,0.2231215126704767,0.0
2020-09-22,IEFA/VEA,0.0,0.0,0.0,12,0.35,0.0
2020-09-23,QQQ/XLK,0.0,0.0,0.0,12,0.1601724806996751,0.0
2020-09-23,IYR/VNQ,-0.0018997545018917,-0.0008997545018917,1.0,12,0.2667060066298482,-0.0005066759367766
2020-09-23,GOVT/TLH,0.0002146597051958,0.0002146597051958,0.0,12,0.2231215126704767,4.789519813270427e-05
2020-09-23,IEFA/VEA,-0.0,-0.0,0.0,12,0.35,-0.0
2020-09-24,QQQ/XLK,-0.0,-0.0,0.0,12,0.1601724806996751,-0.0
2020-09-24,IYR/VNQ,0.0005061545338076,0.0005061545338076,0.0,12,0.2667060066298482,0.0001349944544494
2020-09-24,GOVT/TLH,0.0005612207896902,0.0005612207896902,0.0,12,0.2231215126704767,0.0001252204315378
2020-09-24,IEFA/VEA,-0.0,-0.0,0.0,12,0.35,-0.0
2020-09-25,QQQ/XLK,-0.0,-0.0,0.0,12,0.1601724806996751,-0.0
2020-09-25,IYR/VNQ,0.0003355699122423,0.0003355699122423,0.0,12,0.2667060066298482,8.94985112392965e-05
2020-09-25,GOVT/TLH,1.5673836570273606e-05,1.5673836570273606e-05,0.0,12,0.2231215126704767,3.497170124909284e-06
2020-09-25,IEFA/VEA,-0.0,-0.0,0.0,12,0.35,-0.0
2020-09-28,QQQ/XLK,0.0,0.0,0.0,12,0.1601724806996751,0.0
2020-09-28,IYR/VNQ,0.0003959446145138,0.0003959446145138,0.0,12,0.2667060066298482,0.0001056008069835
2020-09-28,GOVT/TLH,-5.35102266571681e-05,-5.35102266571681e-05,0.0,12,0.2231215126704767,-1.1939282715087412e-05
2020-09-28,IEFA/VEA,0.0,0.0,0.0,12,0.35,0.0
2020-09-29,QQQ/XLK,-0.0,-0.0,0.0,12,0.1601724806996751,-0.0
2020-09-29,IYR/VNQ,8.994331928570153e-05,8.994331928570153e-05,0.0,12,0.2667060066298482,2.3988423509722867e-05
2020-09-29,GOVT/TLH,3.811474346110275e-05,3.811474346110275e-05,0.0,12,0.2231215126704767,8.504219216088406e-06
2020-09-29,IEFA/VEA,0.0,0.0,0.0,12,0.35,0.0
2020-09-30,QQQ/XLK,-0.0,-0.0,0.0,12,0.1601724806996751,-0.0
2020-09-30,IYR/VNQ,-8.418519412418467e-05,-8.418519412418467e-05,0.0,12,0.2667060066298482,-2.245269694221985e-05
2020-09-30,GOVT/TLH,-0.0012866157277975,-0.0012866157277975,0.0,12,0.2231215126704767,-0.0002870716474118
2020-09-30,IEFA/VEA,0.0,0.0,0.0,12,0.35,0.0
2020-10-01,QQQ/XLK,0.0014534799033336,0.0024534799033336,1.0,12,0.1601724806996751,0.000232807481764
2020-10-01,IYR/VNQ,0.0005092991262443,0.0005092991262443,0.0,12,0.2667060066298482,0.0001358331361407
2020-10-01,GOVT/TLH,0.0004164136919034,0.0004164136919034,0.0,12,0.2231215126704767,9.291085283419884e-05
2020-10-01,IEFA/VEA,-0.0007819457955512,0.0002180542044487,1.0,12,0.35,-0.0002736810284429
2020-10-02,QQQ/XLK,-0.0009576207849642,-0.0009576207849642,0.0,12,0.1601724806996751,-0.0001533844966972
2020-10-02,IYR/VNQ,0.0007574246056205,0.0007574246056205,0.0,12,0.2667060066298482,0.0002020096918882
2020-10-02,GOVT/TLH,-0.0004260808502348,-0.0004260808502348,0.0,12,0.2231215126704767,-9.506780382431648e-05
2020-10-02,IEFA/VEA,0.0004343950061143,0.0004343950061143,0.0,12,0.35,0.00015203825214
2020-10-05,COST/WMT,-0.0,-0.0,0.0,13,0.1049555828074682,-0.0
2020-10-05,EEM/VEA,0.0,0.0,0.0,13,0.1950444171925317,0.0
2020-10-05,IYW/QQQ,-0.0,-0.0,0.0,13,0.35,-0.0
2020-10-05,IYR/VNQ,0.0,0.0,0.0,13,0.35,0.0
2020-10-06,COST/WMT,0.0,0.0,0.0,13,0.1049555828074682,0.0
2020-10-06,EEM/VEA,-0.0,-0.0,0.0,13,0.1950444171925317,-0.0
2020-10-06,IYW/QQQ,-0.0,-0.0,0.0,13,0.35,-0.0
2020-10-06,IYR/VNQ,-0.0,-0.0,0.0,13,0.35,-0.0
2020-10-07,COST/WMT,0.0,0.0,0.0,13,0.1049555828074682,0.0
2020-10-07,EEM/VEA,0.0,0.0,0.0,13,0.1950444171925317,0.0
2020-10-07,IYW/QQQ,-0.0012196494604993,-0.0002196494604993,1.0,13,0.35,-0.0004268773111747
2020-10-07,IYR/VNQ,0.0,0.0,0.0,13,0.35,0.0
2020-10-08,COST/WMT,0.0,0.0,0.0,13,0.1049555828074682,0.0
2020-10-08,EEM/VEA,0.0,0.0,0.0,13,0.1950444171925317,0.0
2020-10-08,IYW/QQQ,-0.0002427928821017,-0.0002427928821017,0.0,13,0.35,-8.497750873560832e-05
2020-10-08,IYR/VNQ,0.0,0.0,0.0,13,0.35,0.0
2020-10-09,COST/WMT,0.0,0.0,0.0,13,0.1049555828074682,0.0
2020-10-09,EEM/VEA,0.0,0.0,0.0,13,0.1950444171925317,0.0
2020-10-09,IYW/QQQ,0.0003067759705076,0.0003067759705076,0.0,13,0.35,0.0001073715896776
2020-10-09,IYR/VNQ,0.0,0.0,0.0,13,0.35,0.0
2020-10-12,COST/WMT,0.0,0.0,0.0,13,0.1049555828074682,0.0
2020-10-12,EEM/VEA,-0.0,-0.0,0.0,13,0.1950444171925317,-0.0
2020-10-12,IYW/QQQ,0.0012458832418264,0.0012458832418264,0.0,13,0.35,0.0004360591346392
2020-10-12,IYR/VNQ,-0.0,-0.0,0.0,13,0.35,-0.0
2020-10-13,COST/WMT,-0.0,-0.0,0.0,13,0.1049555828074682,-0.0
2020-10-13,EEM/VEA,-0.0,-0.0,0.0,13,0.1950444171925317,-0.0
2020-10-13,IYW/QQQ,0.0008825292001898,0.0008825292001898,0.0,13,0.35,0.0003088852200664
2020-10-13,IYR/VNQ,-0.0,-0.0,0.0,13,0.35,-0.0
2020-10-14,COST/WMT,0.0,0.0,0.0,13,0.1049555828074682,0.0
2020-10-14,EEM/VEA,0.0,0.0,0.0,13,0.1950444171925317,0.0
2020-10-14,IYW/QQQ,-0.0014174239294728,-0.0014174239294728,0.0,13,0.35,-0.0004960983753154
2020-10-14,IYR/VNQ,-0.0,-0.0,0.0,13,0.35,-0.0
2020-10-15,COST/WMT,-0.0,-0.0,0.0,13,0.1049555828074682,-0.0
2020-10-15,EEM/VEA,-0.0,-0.0,0.0,13,0.1950444171925317,-0.0
2020-10-15,IYW/QQQ,-0.001092775603479,-0.001092775603479,0.0,13,0.35,-0.0003824714612176
2020-10-15,IYR/VNQ,0.0,0.0,0.0,13,0.35,0.0
2020-10-16,COST/WMT,0.0,0.0,0.0,13,0.1049555828074682,0.0
2020-10-16,EEM/VEA,0.0,0.0,0.0,13,0.1950444171925317,0.0
2020-10-16,IYW/QQQ,-0.0009509727285833,-0.0009509727285833,0.0,13,0.35,-0.0003328404550041
2020-10-16,IYR/VNQ,-0.0,-0.0,0.0,13,0.35,-0.0
2020-10-19,COST/WMT,-0.0,-0.0,0.0,13,0.1049555828074682,-0.0
2020-10-19,EEM/VEA,-0.0,-0.0,0.0,13,0.1950444171925317,-0.0
2020-10-19,IYW/QQQ,-0.0008712267817822,-0.0008712267817822,0.0,13,0.35,-0.0003049293736237
2020-10-19,IYR/VNQ,0.0,0.0,0.0,13,0.35,0.0
2020-10-20,COST/WMT,-0.0,-0.0,0.0,13,0.1049555828074682,-0.0
2020-10-20,EEM/VEA,-0.0,-0.0,0.0,13,0.1950444171925317,-0.0
2020-10-20,IYW/QQQ,-0.0001973355666657,-0.0001973355666657,0.0,13,0.35,-6.906744833302818e-05
2020-10-20,IYR/VNQ,-0.0,-0.0,0.0,13,0.35,-0.0
2020-10-21,COST/WMT,-0.0,-0.0,0.0,13,0.1049555828074682,-0.0
2020-10-21,EEM/VEA,-0.0,-0.0,0.0,13,0.1950444171925317,-0.0
2020-10-21,IYW/QQQ,0.0009018464016701,0.0009018464016701,0.0,13,0.35,0.0003156462405845
2020-10-21,IYR/VNQ,0.0,0.0,0.0,13,0.35,0.0
2020-10-22,COST/WMT,0.0,0.0,0.0,13,0.1049555828074682,0.0
2020-10-22,EEM/VEA,0.0,0.0,0.0,13,0.1950444171925317,0.0
2020-10-22,IYW/QQQ,0.001180186536194,0.001180186536194,0.0,13,0.35,0.0004130652876679
2020-10-22,IYR/VNQ,0.0,0.0,0.0,13,0.35,0.0
2020-10-23,COST/WMT,-0.0,-0.0,0.0,13,0.1049555828074682,-0.0
2020-10-23,EEM/VEA,0.0,0.0,0.0,13,0.1950444171925317,0.0
2020-10-23,IYW/QQQ,-0.0001940654104074,-0.0001940654104074,0.0,13,0.35,-6.792289364259955e-05
2020-10-23,IYR/VNQ,-0.0,-0.0,0.0,13,0.35,-0.0
2020-10-26,COST/WMT,0.0,0.0,0.0,13,0.1049555828074682,0.0
2020-10-26,EEM/VEA,-0.0,-0.0,0.0,13,0.1950444171925317,-0.0
2020-10-26,IYW/QQQ,0.0026836487420467,0.0026836487420467,0.0,13,0.35,0.0009392770597163
2020-10-26,IYR/VNQ,-0.0,-0.0,0.0,13,0.35,-0.0
2020-10-27,COST/WMT,-0.0,-0.0,0.0,13,0.1049555828074682,-0.0
2020-10-27,EEM/VEA,-0.0,-0.0,0.0,13,0.1950444171925317,-0.0
2020-10-27,IYW/QQQ,-0.001,0.0,1.0,13,0.35,-0.00035
2020-10-27,IYR/VNQ,-0.0,-0.0,0.0,13,0.35,-0.0
2020-10-28,COST/WMT,0.0,0.0,0.0,13,0.1049555828074682,0.0
2020-10-28,EEM/VEA,-0.005401205164366,-0.004401205164366,1.0,13,0.1950444171925317,-0.001053474913421
2020-10-28,IYW/QQQ,0.0,0.0,0.0,13,0.35,0.0
2020-10-28,IYR/VNQ,0.0,0.0,0.0,13,0.35,0.0
2020-10-29,COST/WMT,0.0,0.0,0.0,13,0.1049555828074682,0.0
2020-10-29,EEM/VEA,-0.0019928664671675,-0.0019928664671675,0.0,13,0.1950444171925317,-0.0003886974786312
2020-10-29,IYW/QQQ,0.0,0.0,0.0,13,0.35,0.0
2020-10-29,IYR/VNQ,-0.0,-0.0,0.0,13,0.35,-0.0
2020-10-30,COST/WMT,-0.0,-0.0,0.0,13,0.1049555828074682,-0.0
2020-10-30,EEM/VEA,0.0024259614729399,0.0024259614729399,0.0,13,0.1950444171925317,0.0004731702416211
2020-10-30,IYW/QQQ,-0.0,-0.0,0.0,13,0.35,-0.0
2020-10-30,IYR/VNQ,0.0,0.0,0.0,13,0.35,0.0
2020-11-02,COST/WMT,0.0,0.0,0.0,13,0.1049555828074682,0.0
2020-11-02,EEM/VEA,0.000765497218983,0.000765497218983,0.0,13,0.1950444171925317,0.000149305958939
2020-11-02,IYW/QQQ,0.0,0.0,0.0,13,0.35,0.0
2020-11-02,IYR/VNQ,-0.0,-0.0,0.0,13,0.35,-0.0
2020-11-03,COST/WMT,0.0,0.0,0.0,13,0.1049555828074682,0.0
2020-11-03,EEM/VEA,0.0118372114912721,0.0118372114912721,0.0,13,0.1950444171925317,0.0023087820164999
2020-11-03,IYW/QQQ,0.0,0.0,0.0,13,0.35,0.0
2020-11-03,IYR/VNQ,-0.0,-0.0,0.0,13,0.35,-0.0
2020-11-04,COST/WMT,0.0,0.0,0.0,13,0.1049555828074682,0.0
2020-11-04,EEM/VEA,-0.0088434212904689,-0.0088434212904689,0.0,13,0.1950444171925317,-0.0017248599515875
2020-11-04,IYW/QQQ,-0.0,-0.0,0.0,13,0.35,-0.0
2020-11-04,IYR/VNQ,-0.0,-0.0,0.0,13,0.35,-0.0
2020-11-05,COST/WMT,0.0,0.0,0.0,13,0.1049555828074682,0.0
2020-11-05,EEM/VEA,0.0052958269449952,0.0052958269449952,0.0,13,0.1950444171925317,0.0010329214800391
2020-11-05,IYW/QQQ,-0.0,-0.0,0.0,13,0.35,-0.0
2020-11-05,IYR/VNQ,0.0,0.0,0.0,13,0.35,0.0
2020-11-06,COST/WMT,0.0069949637954448,0.0079949637954448,1.0,13,0.1049555828074682,0.000734160501868
2020-11-06,EEM/VEA,-0.0009626642729193,-0.0009626642729193,0.0,13,0.1950444171925317,-0.0001877622920636
2020-11-06,IYW/QQQ,-0.0,-0.0,0.0,13,0.35,-0.0
2020-11-06,IYR/VNQ,-0.0,-0.0,0.0,13,0.35,-0.0
2020-11-09,COST/WMT,0.0169780654380323,0.0169780654380323,0.0,13,0.1049555828074682,0.001781942752992
2020-11-09,EEM/VEA,0.0116365648030884,0.0116365648030884,0.0,13,0.1950444171925317,0.0022696470001415
2020-11-09,IYW/QQQ,0.0,0.0,0.0,13,0.35,0.0
2020-11-09,IYR/VNQ,0.0,0.0,0.0,13,0.35,0.0
2020-11-10,COST/WMT,-0.001,-0.0,1.0,13,0.1049555828074682,-0.0001049555828074
2020-11-10,EEM/VEA,0.0092024760968646,0.0092024760968646,0.0,13,0.1950444171925317,0.0017948915870411
2020-11-10,IYW/QQQ,0.0,0.0,0.0,13,0.35,0.0
2020-11-10,IYR/VNQ,0.0,0.0,0.0,13,0.35,0.0
2020-11-11,COST/WMT,-0.0,-0.0,0.0,13,0.1049555828074682,-0.0
2020-11-11,EEM/VEA,-0.001,0.0,1.0,13,0.1950444171925317,-0.0001950444171925
2020-11-11,IYW/QQQ,-0.0,-0.0,0.0,13,0.35,-0.0
2020-11-11,IYR/VNQ,-0.0,-0.0,0.0,13,0.35,-0.0
2020-11-12,COST/WMT,0.0,0.0,0.0,13,0.1049555828074682,0.0
2020-11-12,EEM/VEA,0.0033167523675527,0.0043167523675527,1.0,13,0.1950444171925317,0.0006469140325012
2020-11-12,IYW/QQQ,-0.0,-0.0,0.0,13,0.35,-0.0
2020-11-12,IYR/VNQ,-0.0,-0.0,0.0,13,0.35,-0.0
2020-11-13,COST/WMT,-0.0,-0.0,0.0,13,0.1049555828074682,-0.0
2020-11-13,EEM/VEA,-0.0011496062392016,-0.0011496062392016,0.0,13,0.1950444171925317,-0.0002242242789259
2020-11-13,IYW/QQQ,0.0,0.0,0.0,13,0.35,0.0
2020-11-13,IYR/VNQ,0.0,0.0,0.0,13,0.35,0.0
2020-11-16,COST/WMT,-0.0,-0.0,0.0,13,0.1049555828074682,-0.0
2020-11-16,EEM/VEA,-0.0011862377973544,-0.0011862377973544,0.0,13,0.1950444171925317,-0.0002313690598367
2020-11-16,IYW/QQQ,-0.0,-0.0,0.0,13,0.35,-0.0
2020-11-16,IYR/VNQ,0.0,0.0,0.0,13,0.35,0.0
2020-11-17,COST/WMT,0.0,0.0,0.0,13,0.1049555828074682,0.0
2020-11-17,EEM/VEA,-0.0002328653898312,-0.0002328653898312,0.0,13,0.1950444171925317,-4.541909424394615e-05
2020-11-17,IYW/QQQ,0.0,0.0,0.0,13,0.35,0.0
2020-11-17,IYR/VNQ,0.0,0.0,0.0,13,0.35,0.0
2020-11-18,COST/WMT,0.0,0.0,0.0,13,0.1049555828074682,0.0
2020-11-18,EEM/VEA,0.0012670591519038,0.0012670591519038,0.0,13,0.1950444171925317,0.0002471328138315
2020-11-18,IYW/QQQ,0.0,0.0,0.0,13,0.35,0.0
2020-11-18,IYR/VNQ,-0.0,-0.0,0.0,13,0.35,-0.0
2020-11-19,COST/WMT,-0.0,-0.0,0.0,13,0.1049555828074682,-0.0
2020-11-19,EEM/VEA,-0.0024929775373952,-0.0024929775373952,0.0,13,0.1950444171925317,-0.0004862413508553
2020-11-19,IYW/QQQ,-0.0,-0.0,0.0,13,0.35,-0.0
2020-11-19,IYR/VNQ,0.0,0.0,0.0,13,0.35,0.0
2020-11-20,COST/WMT,0.0,0.0,0.0,13,0.1049555828074682,0.0
2020-11-20,EEM/VEA,0.0007657738368291,0.0007657738368291,0.0,13,0.1950444171925317,0.0001493599117056
2020-11-20,IYW/QQQ,0.0,0.0,0.0,13,0.35,0.0
2020-11-20,IYR/VNQ,-0.0,-0.0,0.0,13,0.35,-0.0
2020-11-23,COST/WMT,-0.0,-0.0,0.0,13,0.1049555828074682,-0.0
2020-11-23,EEM/VEA,0.0008685206080569,0.0008685206080569,0.0,13,0.1950444171925317,0.0001694000958181
2020-11-23,IYW/QQQ,0.0,0.0,0.0,13,0.35,0.0
2020-11-23,IYR/VNQ,0.0,0.0,0.0,13,0.35,0.0
2020-11-24,COST/WMT,0.0,0.0,0.0,13,0.1049555828074682,0.0
2020-11-24,EEM/VEA,-0.0023730595822644,-0.0023730595822644,0.0,13,0.1950444171925317,-0.0004628520231859
2020-11-24,IYW/QQQ,0.0,0.0,0.0,13,0.35,0.0
2020-11-24,IYR/VNQ,0.0,0.0,0.0,13,0.35,0.0
2020-11-25,COST/WMT,0.0,0.0,0.0,13,0.1049555828074682,0.0
2020-11-25,EEM/VEA,-0.0015452616020648,-0.0015452616020648,0.0,13,0.1950444171925317,-0.0003013946485847
2020-11-25,IYW/QQQ,0.0,0.0,0.0,13,0.35,0.0
2020-11-25,IYR/VNQ,-0.0,-0.0,0.0,13,0.35,-0.0
2020-11-27,COST/WMT,0.0,0.0,0.0,13,0.1049555828074682,0.0
2020-11-27,EEM/VEA,0.0006324865486684,0.0006324865486684,0.0,13,0.1950444171925317,0.0001233629702671
2020-11-27,IYW/QQQ,-0.0011187619119162,-0.0001187619119162,1.0,13,0.35,-0.0003915666691706
2020-11-27,IYR/VNQ,-0.0,-0.0,0.0,13,0.35,-0.0
2020-11-30,COST/WMT,-0.0,-0.0,0.0,13,0.1049555828074682,-0.0
2020-11-30,EEM/VEA,-0.0015142073138684,-0.0015142073138684,0.0,13,0.1950444171925317,-0.0002953376830421
2020-11-30,IYW/QQQ,0.0022268705890807,0.0022268705890807,0.0,13,0.35,0.0007794047061782
2020-11-30,IYR/VNQ,-0.0,-0.0,0.0,13,0.35,-0.0
2020-12-01,COST/WMT,0.0,0.0,0.0,13,0.1049555828074682,0.0
2020-12-01,EEM/VEA,-0.0024147546313888,-0.0024147546313888,0.0,13,0.1950444171925317,-0.0004709844097422
2020-12-01,IYW/QQQ,-0.0013484717793764,-0.0013484717793764,0.0,13,0.35,-0.0004719651227817
2020-12-01,IYR/VNQ,0.0,0.0,0.0,13,0.35,0.0
2020-12-02,COST/WMT,0.0,0.0,0.0,13,0.1049555828074682,0.0
2020-12-02,EEM/VEA,-0.0001617714352894,-0.0001617714352894,0.0,13,0.1950444171925317,-3.1552615314422046e-05
2020-12-02,IYW/QQQ,-0.0003004338539207,-0.0003004338539207,0.0,13,0.35,-0.0001051518488722
2020-12-02,IYR/VNQ,0.0,0.0,0.0,13,0.35,0.0
2020-12-03,COST/WMT,-0.0,-0.0,0.0,13,0.1049555828074682,-0.0
2020-12-03,EEM/VEA,0.0034530278156557,0.0034530278156557,0.0,13,0.1950444171925317,0.0006734937978541
2020-12-03,IYW/QQQ,-0.0004266439172323,-0.0004266439172323,0.0,13,0.35,-0.0001493253710313
2020-12-03,IYR/VNQ,0.0,0.0,0.0,13,0.35,0.0
2020-12-04,COST/WMT,0.0,0.0,0.0,13,0.1049555828074682,0.0
2020-12-04,EEM/VEA,-0.0004229618768153,-0.0004229618768153,0.0,13,0.1950444171925317,-8.249635275811656e-05
2020-12-04,IYW/QQQ,0.0020929781618046,0.0020929781618046,0.0,13,0.35,0.0007325423566316
2020-12-04,IYR/VNQ,0.0,0.0,0.0,13,0.35,0.0
2020-12-07,COST/WMT,0.0,0.0,0.0,13,0.1049555828074682,0.0
2020-12-07,EEM/VEA,0.0039015907374091,0.0039015907374091,0.0,13,0.1950444171925317,0.0007609834915017
2020-12-07,IYW/QQQ,-0.001,0.0,1.0,13,0.35,-0.00035
2020-12-07,IYR/VNQ,-0.0,-0.0,0.0,13,0.35,-0.0
2020-12-08,COST/WMT,0.0,0.0,0.0,13,0.1049555828074682,0.0
2020-12-08,EEM/VEA,-0.0010898269391012,-0.0010898269391012,0.0,13,0.1950444171925317,-0.0002125646601777
2020-12-08,IYW/QQQ,-0.0,-0.0,0.0,13,0.35,-0.0
2020-12-08,IYR/VNQ,0.0,0.0,0.0,13,0.35,0.0
2020-12-09,COST/WMT,0.0,0.0,0.0,13,0.1049555828074682,0.0
2020-12-09,EEM/VEA,-0.0046995061768274,-0.0046995061768274,0.0,13,0.1950444171925317,-0.000916612443352
2020-12-09,IYW/QQQ,-0.0,-0.0,0.0,13,0.35,-0.0
2020-12-09,IYR/VNQ,0.0,0.0,0.0,13,0.35,0.0
2020-12-10,COST/WMT,0.0,0.0,0.0,13,0.1049555828074682,0.0
2020-12-10,EEM/VEA,0.0048206878157916,0.0048206878157916,0.0,13,0.1950444171925317,0.0009402482454982
2020-12-10,IYW/QQQ,-0.0,-0.0,0.0,13,0.35,-0.0
2020-12-10,IYR/VNQ,0.0,0.0,0.0,13,0.35,0.0
2020-12-11,COST/WMT,0.0,0.0,0.0,13,0.1049555828074682,0.0
2020-12-11,EEM/VEA,-0.0014247889908708,-0.0014247889908708,0.0,13,0.1950444171925317,-0.0002778971383467
2020-12-11,IYW/QQQ,-0.0,-0.0,0.0,13,0.35,-0.0
2020-12-11,IYR/VNQ,-0.0,-0.0,0.0,13,0.35,-0.0
2020-12-14,COST/WMT,0.0,0.0,0.0,13,0.1049555828074682,0.0
2020-12-14,EEM/VEA,-0.0025238992449065,-0.0025238992449065,0.0,13,0.1950444171925317,-0.0004922724572754
2020-12-14,IYW/QQQ,0.0,0.0,0.0,13,0.35,0.0
2020-12-14,IYR/VNQ,0.0,0.0,0.0,13,0.35,0.0
2020-12-15,COST/WMT,-0.0,-0.0,0.0,13,0.1049555828074682,-0.0
2020-12-15,EEM/VEA,-0.0008736095445612,-0.0008736095445612,0.0,13,0.1950444171925317,-0.0001703926644727
2020-12-15,IYW/QQQ,-0.0,-0.0,0.0,13,0.35,-0.0
2020-12-15,IYR/VNQ,0.0,0.0,0.0,13,0.35,0.0
2020-12-16,COST/WMT,-0.0,-0.0,0.0,13,0.1049555828074682,-0.0
2020-12-16,EEM/VEA,0.0003782296737905,0.0003782296737905,0.0,13,0.1950444171925317,7.377158628939864e-05
2020-12-16,IYW/QQQ,-0.0,-0.0,0.0,13,0.35,-0.0
2020-12-16,IYR/VNQ,-0.0,-0.0,0.0,13,0.35,-0.0
2020-12-17,COST/WMT,-0.0,-0.0,0.0,13,0.1049555828074682,-0.0
2020-12-17,EEM/VEA,-0.0005081526266019,-0.0005081526266019,0.0,13,0.1950444171925317,-9.91123329004342e-05
2020-12-17,IYW/QQQ,0.0,0.0,0.0,13,0.35,0.0
2020-12-17,IYR/VNQ,-0.0,-0.0,0.0,13,0.35,-0.0
2020-12-18,COST/WMT,-0.0,-0.0,0.0,13,0.1049555828074682,-0.0
2020-12-18,EEM/VEA,0.0026165860309794,0.0026165860309794,0.0,13,0.1950444171925317,0.0005103504974464
2020-12-18,IYW/QQQ,-0.0,-0.0,0.0,13,0.35,-0.0
2020-12-18,IYR/VNQ,-0.0,-0.0,0.0,13,0.35,-0.0
2020-12-21,COST/WMT,-0.0,-0.0,0.0,13,0.1049555828074682,-0.0
2020-12-21,EEM/VEA,-0.0008003482919825,-0.0008003482919825,0.0,13,0.1950444171925317,-0.0001561034661607
2020-12-21,IYW/QQQ,-0.0,-0.0,0.0,13,0.35,-0.0
2020-12-21,IYR/VNQ,-0.0005796768189223,0.0004203231810776,1.0,13,0.35,-0.0002028868866228
2020-12-22,COST/WMT,0.0,0.0,0.0,13,0.1049555828074682,0.0
2020-12-22,EEM/VEA,-0.0019521066178029,-0.0019521066178029,0.0,13,0.1950444171925317,-0.000380747497567
2020-12-22,IYW/QQQ,-0.0041903125943782,-0.0031903125943782,1.0,13,0.35,-0.0014666094080324
2020-12-22,IYR/VNQ,-0.0005000309159831,-0.0005000309159831,0.0,13,0.35,-0.000175010820594
2020-12-23,COST/WMT,0.0,0.0,0.0,13,0.1049555828074682,0.0
2020-12-23,EEM/VEA,-0.0013033622630703,-0.0013033622630703,0.0,13,0.1950444171925317,-0.0002542135329912
2020-12-23,IYW/QQQ,-0.001,0.0,1.0,13,0.35,-0.00035
2020-12-23,IYR/VNQ,0.0001888353501876,0.0001888353501876,0.0,13,0.35,6.609237256569062e-05
2020-12-24,COST/WMT,0.0,0.0,0.0,13,0.1049555828074682,0.0
2020-12-24,EEM/VEA,-0.001,0.0,1.0,13,0.1950444171925317,-0.0001950444171925
2020-12-24,IYW/QQQ,-0.0008715161012641,0.0001284838987358,1.0,13,0.35,-0.0003050306354424
2020-12-24,IYR/VNQ,0.0003841773210785,0.0003841773210785,0.0,13,0.35,0.0001344620623774
2020-12-28,COST/WMT,0.0,0.0,0.0,13,0.1049555828074682,0.0
2020-12-28,EEM/VEA,0.0,0.0,0.0,13,0.1950444171925317,0.0
2020-12-28,IYW/QQQ,0.0013175175937909,0.0013175175937909,0.0,13,0.35,0.0004611311578268
2020-12-28,IYR/VNQ,-0.0016302578262827,-0.0016302578262827,0.0,13,0.35,-0.0005705902391989
2020-12-29,COST/WMT,0.0,0.0,0.0,13,0.1049555828074682,0.0
2020-12-29,EEM/VEA,-0.0,-0.0,0.0,13,0.1950444171925317,-0.0
2020-12-29,IYW/QQQ,0.003333401030179,0.003333401030179,0.0,13,0.35,0.0011666903605626
2020-12-29,IYR/VNQ,-0.0001640025386307,-0.0001640025386307,0.0,13,0.35,-5.740088852077848e-05
2020-12-30,COST/WMT,0.0,0.0,0.0,13,0.1049555828074682,0.0
2020-12-30,EEM/VEA,-0.0,-0.0,0.0,13,0.1950444171925317,-0.0
2020-12-30,IYW/QQQ,-0.001,0.0,1.0,13,0.35,-0.00035
2020-12-30,IYR/VNQ,0.0004696531503778,0.0004696531503778,0.0,13,0.35,0.0001643786026322
2020-12-31,COST/WMT,0.0,0.0,0.0,13,0.1049555828074682,0.0
2020-12-31,EEM/VEA,-0.0,-0.0,0.0,13,0.1950444171925317,-0.0
2020-12-31,IYW/QQQ,0.0,0.0,0.0,13,0.35,0.0
2020-12-31,IYR/VNQ,-0.0005502900521932,-0.0005502900521932,0.0,13,0.35,-0.0001926015182676
2021-01-04,COST/WMT,-0.0,-0.0,0.0,13,0.1049555828074682,-0.0
2021-01-04,EEM/VEA,-0.0008908163895905,0.0001091836104094,1.0,13,0.1950444171925317,-0.0001737487635332
2021-01-04,IYW/QQQ,0.0,0.0,0.0,13,0.35,0.0
2021-01-04,IYR/VNQ,0.0009178372462234,0.0009178372462234,0.0,13,0.35,0.0003212430361782
2021-01-05,BAC/C,-0.0,-0.0,0.0,14,0.1983456425201271,-0.0
2021-01-05,COST/TGT,-0.0,-0.0,0.0,14,0.35,-0.0
2021-01-05,COP/SLB,0.0,0.0,0.0,14,0.1364897797766075,0.0
2021-01-05,GOOGL/META,0.0,0.0,0.0,14,0.3151645777032653,0.0
2021-01-06,BAC/C,0.0,0.0,0.0,14,0.1983456425201271,0.0
2021-01-06,COST/TGT,-0.0,-0.0,0.0,14,0.35,-0.0
2021-01-06,COP/SLB,0.0,0.0,0.0,14,0.1364897797766075,0.0
2021-01-06,GOOGL/META,0.0,0.0,0.0,14,0.3151645777032653,0.0
2021-01-07,BAC/C,0.0,0.0,0.0,14,0.1983456425201271,0.0
2021-01-07,COST/TGT,-0.008524549296241,-0.007524549296241,1.0,14,0.35,-0.0029835922536843
2021-01-07,COP/SLB,0.0,0.0,0.0,14,0.1364897797766075,0.0
2021-01-07,GOOGL/META,0.0,0.0,0.0,14,0.3151645777032653,0.0
2021-01-08,BAC/C,-0.0,-0.0,0.0,14,0.1983456425201271,-0.0
2021-01-08,COST/TGT,-0.0003226517080258,-0.0003226517080258,0.0,14,0.35,-0.000112928097809
2021-01-08,COP/SLB,0.0,0.0,0.0,14,0.1364897797766075,0.0
2021-01-08,GOOGL/META,-0.0110669836989201,-0.0100669836989201,1.0,14,0.3151645777032653,-0.003487921243919
2021-01-11,BAC/C,0.0,0.0,0.0,14,0.1983456425201271,0.0
2021-01-11,COST/TGT,-0.0137377615737597,-0.0137377615737597,0.0,14,0.35,-0.0048082165508159
2021-01-11,COP/SLB,0.0,0.0,0.0,14,0.1364897797766075,0.0
2021-01-11,GOOGL/META,0.0004906827147286,0.0004906827147286,0.0,14,0.3151645777032653,0.0001546458105737
2021-01-12,BAC/C,0.0,0.0,0.0,14,0.1983456425201271,0.0
2021-01-12,COST/TGT,-0.0057090935628286,-0.0057090935628286,0.0,14,0.35,-0.00199818274699
2021-01-12,COP/SLB,0.0,0.0,0.0,14,0.1364897797766075,0.0
2021-01-12,GOOGL/META,-0.001115411376445,-0.001115411376445,0.0,14,0.3151645777032653,-0.0003515381554227
2021-01-13,BAC/C,-0.0,-0.0,0.0,14,0.1983456425201271,-0.0
2021-01-13,COST/TGT,0.0087480581632623,0.0087480581632623,0.0,14,0.35,0.0030618203571418
2021-01-13,COP/SLB,-0.0054152427449247,-0.0044152427449247,1.0,14,0.1364897797766075,-0.0007391252896916
2021-01-13,GOOGL/META,-0.0028456525872228,-0.0028456525872228,0.0,14,0.3151645777032653,-0.0008968488959422
2021-01-14,BAC/C,-0.0,-0.0,0.0,14,0.1983456425201271,-0.0
2021-01-14,COST/TGT,-0.0105657177997093,-0.0105657177997093,0.0,14,0.35,-0.0036980012298982
2021-01-14,COP/SLB,-0.0040173891367831,-0.0040173891367831,0.0,14,0.1364897797766075,-0.0005483325585564
2021-01-14,GOOGL/META,-0.0025360823846069,-0.0025360823846069,0.0,14,0.3151645777032653,-0.0007992833337653
2021-01-15,BAC/C,0.0,0.0,0.0,14,0.1983456425201271,0.0
2021-01-15,COST/TGT,0.0045057226930382,0.0045057226930382,0.0,14,0.35,0.0015770029425633
2021-01-15,COP/SLB,0.0213081816813191,0.0213081816813191,0.0,14,0.1364897797766075,0.0029083490251231
2021-01-15,GOOGL/META,0.0095620417460841,0.0095620417460841,0.0,14,0.3151645777032653,0.0030136168488856
2021-01-19,BAC/C,-0.0,-0.0,0.0,14,0.1983456425201271,-0.0
2021-01-19,COST/TGT,-0.0048320413703778,-0.0048320413703778,0.0,14,0.35,-0.0016912144796322
2021-01-19,COP/SLB,-0.0047453010071499,-0.0047453010071499,0.0,14,0.1364897797766075,-0.0006476850894396
2021-01-19,GOOGL/META,-0.0072688850222462,-0.0072688850222462,0.0,14,0.3151645777032653,-0.0022908950784098
2021-01-20,BAC/C,-0.0,-0.0,0.0,14,0.1983456425201271,-0.0
2021-01-20,COST/TGT,0.0134072100350234,0.0134072100350234,0.0,14,0.35,0.0046925235122582
2021-01-20,COP/SLB,0.0077602040801283,0.0077602040801283,0.0,14,0.1364897797766075,0.0010591885459182
2021-01-20,GOOGL/META,-0.001,0.0,1.0,14,0.3151645777032653,-0.0003151645777032
2021-01-21,BAC/C,-0.0,-0.0,0.0,14,0.1983456425201271,-0.0
2021-01-21,COST/TGT,-0.0016336285086947,-0.0016336285086947,0.0,14,0.35,-0.0005717699780431
2021-01-21,COP/SLB,0.0132859389804391,0.0132859389804391,0.0,14,0.1364897797766075,0.0018133948855655
2021-01-21,GOOGL/META,-0.0,-0.0,0.0,14,0.3151645777032653,-0.0
2021-01-22,BAC/C,-0.0,-0.0,0.0,14,0.1983456425201271,-0.0
2021-01-22,COST/TGT,-0.0019467374347821,-0.0019467374347821,0.0,14,0.35,-0.0006813581021737
2021-01-22,COP/SLB,0.0106605353712705,0.0106605353712705,0.0,14,0.1364897797766075,0.0014550541251254
2021-01-22,GOOGL/META,0.0,0.0,0.0,14,0.3151645777032653,0.0
2021-01-25,BAC/C,-0.0,-0.0,0.0,14,0.1983456425201271,-0.0
2021-01-25,COST/TGT,0.0018015149448311,0.0018015149448311,0.0,14,0.35,0.0006305302306909
2021-01-25,COP/SLB,-0.0085073206995624,-0.0085073206995624,0.0,14,0.1364897797766075,-0.0011611623287722
2021-01-25,GOOGL/META,-0.0,-0.0,0.0,14,0.3151645777032653,-0.0
2021-01-26,BAC/C,-0.0,-0.0,0.0,14,0.1983456425201271,-0.0
2021-01-26,COST/TGT,0.0097912976558397,0.0097912976558397,0.0,14,0.35,0.0034269541795439
2021-01-26,COP/SLB,-0.0022166138320394,-0.0022166138320394,0.0,14,0.1364897797766075,-0.0003025451337848
2021-01-26,GOOGL/META,-0.0,-0.0,0.0,14,0.3151645777032653,-0.0
2021-01-27,BAC/C,-0.0126597376722344,-0.0116597376722344,1.0,14,0.1983456425201271,-0.0025110038027356
2021-01-27,COST/TGT,-0.001,-0.0,1.0,14,0.35,-0.00035
2021-01-27,COP/SLB,0.0004915888677734,0.0004915888677734,0.0,14,0.1364897797766075,6.709685630303606e-05
2021-01-27,GOOGL/META,-0.0,-0.0,0.0,14,0.3151645777032653,-0.0
2021-01-28,BAC/C,0.0035349763713438,0.0035349763713438,0.0,14,0.1983456425201271,0.0007011471596676
2021-01-28,COST/TGT,-0.0,-0.0,0.0,14,0.35,-0.0
2021-01-28,COP/SLB,0.0069100377455262,0.0069100377455262,0.0,14,0.1364897797766075,0.0009431495301349
2021-01-28,GOOGL/META,0.0205096704871079,0.0215096704871079,1.0,14,0.3151645777032653,0.0064639216379025
2021-01-29,BAC/C,-0.0009722916583987,-0.0009722916583987,0.0,14,0.1983456425201271,-0.000192849813702
2021-01-29,COST/TGT,-0.0,-0.0,0.0,14,0.35,-0.0
2021-01-29,COP/SLB,0.009561158914622,0.009561158914622,0.0,14,0.1364897797766075,0.0013050004746659
2021-01-29,GOOGL/META,0.0001946480595684,0.0001946480595684,0.0,14,0.3151645777032653,6.134617349464524e-05
2021-02-01,BAC/C,0.003235999817028,0.003235999817028,0.0,14,0.1983456425201271,0.0006418464629034
2021-02-01,COST/TGT,-0.0,-0.0,0.0,14,0.35,-0.0
2021-02-01,COP/SLB,-0.0115471066452172,-0.0115471066452172,0.0,14,0.1364897797766075,-0.0015760620430627
2021-02-01,GOOGL/META,0.0178107458669838,0.0178107458669838,0.0,14,0.3151645777032653,0.0056133161997481
2021-02-02,BAC/C,0.0135506207968231,0.0135506207968231,0.0,14,0.1983456425201271,0.0026877065884924
2021-02-02,COST/TGT,0.0,0.0,0.0,14,0.35,0.0
2021-02-02,COP/SLB,0.001801651563097,0.001801651563097,0.0,14,0.1364897797766075,0.0002459070250812
2021-02-02,GOOGL/META,0.0017664543367016,0.0017664543367016,0.0,14,0.3151645777032653,0.0005567238350586
2021-02-03,BAC/C,0.0004245558868612,0.0004245558868612,0.0,14,0.1983456425201271,8.42088101651955e-05
2021-02-03,COST/TGT,-0.0,-0.0,0.0,14,0.35,-0.0
2021-02-03,COP/SLB,-0.0071020016187574,-0.0071020016187574,0.0,14,0.1364897797766075,-0.0009693506369173
2021-02-03,GOOGL/META,0.046969408408073,0.046969408408073,0.0,14,0.3151645777032653,0.0148030937659025
2021-02-04,BAC/C,0.0088686015489219,0.0088686015489219,0.0,14,0.1983456425201271,0.0017590484724759
2021-02-04,COST/TGT,-0.0,-0.0,0.0,14,0.35,-0.0
2021-02-04,COP/SLB,-0.0020612268368796,-0.0020612268368796,0.0,14,0.1364897797766075,-0.0002813363970353
2021-02-04,GOOGL/META,-0.001,-0.0,1.0,14,0.3151645777032653,-0.0003151645777032
2021-02-05,BAC/C,-0.001,-0.0,1.0,14,0.1983456425201271,-0.0001983456425201
2021-02-05,COST/TGT,-0.0,-0.0,0.0,14,0.35,-0.0
2021-02-05,COP/SLB,-0.0029007159865707,-0.0029007159865707,0.0,14,0.1364897797766075,-0.0003959180862015
2021-02-05,GOOGL/META,-0.0096262837446972,-0.0086262837446972,1.0,14,0.3151645777032653,-0.0030338636512493
2021-02-08,BAC/C,0.0,0.0,0.0,14,0.1983456425201271,0.0
2021-02-08,COST/TGT,0.0,0.0,0.0,14,0.35,0.0
2021-02-08,COP/SLB,-0.0190504014021302,-0.0190504014021302,0.0,14,0.1364897797766075,-0.0026001850920327
2021-02-08,GOOGL/META,-0.0007871231873781,-0.0007871231873781,0.0,14,0.3151645777032653,-0.0002480733469504
2021-02-09,BAC/C,0.0,0.0,0.0,14,0.1983456425201271,0.0
2021-02-09,COST/TGT,-0.0,-0.0,0.0,14,0.35,-0.0
2021-02-09,COP/SLB,-0.0012064222266987,-0.0012064222266987,0.0,14,0.1364897797766075,-0.0001646643040397
2021-02-09,GOOGL/META,0.0067382999526477,0.0067382999526477,0.0,14,0.3151645777032653,0.0021236734590141
2021-02-10,BAC/C,-0.0,-0.0,0.0,14,0.1983456425201271,-0.0
2021-02-10,COST/TGT,-0.0,-0.0,0.0,14,0.35,-0.0
2021-02-10,COP/SLB,-0.001,-0.0,1.0,14,0.1364897797766075,-0.0001364897797766
2021-02-10,GOOGL/META,-5.170105570342897e-05,-5.170105570342897e-05,0.0,14,0.3151645777032653,-1.6294341387584187e-05
2021-02-11,BAC/C,0.0,0.0,0.0,14,0.1983456425201271,0.0
2021-02-11,COST/TGT,-0.0,-0.0,0.0,14,0.35,-0.0
2021-02-11,COP/SLB,-0.0,-0.0,0.0,14,0.1364897797766075,-0.0
2021-02-11,GOOGL/META,-0.0026973348987602,-0.0026973348987602,0.0,14,0.3151645777032653,-0.000850104414292
2021-02-12,BAC/C,0.0,0.0,0.0,14,0.1983456425201271,0.0
2021-02-12,COST/TGT,-0.0,-0.0,0.0,14,0.35,-0.0
2021-02-12,COP/SLB,0.0,0.0,0.0,14,0.1364897797766075,0.0
2021-02-12,GOOGL/META,-0.001,0.0,1.0,14,0.3151645777032653,-0.0003151645777032
2021-02-16,BAC/C,0.0,0.0,0.0,14,0.1983456425201271,0.0
2021-02-16,COST/TGT,0.0,0.0,0.0,14,0.35,0.0
2021-02-16,COP/SLB,0.0,0.0,0.0,14,0.1364897797766075,0.0
2021-02-16,GOOGL/META,-0.0,-0.0,0.0,14,0.3151645777032653,-0.0
2021-02-17,BAC/C,-0.0,-0.0,0.0,14,0.1983456425201271,-0.0
2021-02-17,COST/TGT,0.0,0.0,0.0,14,0.35,0.0
2021-02-17,COP/SLB,-0.0067599700282954,-0.0057599700282954,1.0,14,0.1364897797766075,-0.0009226668204585
2021-02-17,GOOGL/META,0.0,0.0,0.0,14,0.3151645777032653,0.0
2021-02-18,BAC/C,0.0,0.0,0.0,14,0.1983456425201271,0.0
2021-02-18,COST/TGT,0.0,0.0,0.0,14,0.35,0.0
2021-02-18,COP/SLB,0.0036199358983184,0.0036199358983184,0.0,14,0.1364897797766075,0.0004940842535669
2021-02-18,GOOGL/META,0.0,0.0,0.0,14,0.3151645777032653,0.0
2021-02-19,BAC/C,-0.0,-0.0,0.0,14,0.1983456425201271,-0.0
2021-02-19,COST/TGT,-0.0,-0.0,0.0,14,0.35,-0.0
2021-02-19,COP/SLB,-0.0018632049383563,-0.0018632049383563,0.0,14,0.1364897797766075,-0.0002543084317149
2021-02-19,GOOGL/META,0.0,0.0,0.0,14,0.3151645777032653,0.0
2021-02-22,BAC/C,0.0,0.0,0.0,14,0.1983456425201271,0.0
2021-02-22,COST/TGT,-0.0,-0.0,0.0,14,0.35,-0.0
2021-02-22,COP/SLB,-0.0119802287046478,-0.0119802287046478,0.0,14,0.1364897797766075,-0.0016351787775707
2021-02-22,GOOGL/META,-0.0,-0.0,0.0,14,0.3151645777032653,-0.0
2021-02-23,BAC/C,-0.0,-0.0,0.0,14,0.1983456425201271,-0.0
2021-02-23,COST/TGT,-0.0,-0.0,0.0,14,0.35,-0.0
2021-02-23,COP/SLB,-0.0124452520569211,-0.0124452520569211,0.0,14,0.1364897797766075,-0.0016986497125135
2021-02-23,GOOGL/META,-0.0,-0.0,0.0,14,0.3151645777032653,-0.0
2021-02-24,BAC/C,0.0,0.0,0.0,14,0.1983456425201271,0.0
2021-02-24,COST/TGT,-0.0,-0.0,0.0,14,0.35,-0.0
2021-02-24,COP/SLB,-0.0088934740233942,-0.0088934740233942,0.0,14,0.1364897797766075,-0.001213868310902
2021-02-24,GOOGL/META,0.0,0.0,0.0,14,0.3151645777032653,0.0
2021-02-25,BAC/C,0.0,0.0,0.0,14,0.1983456425201271,0.0
2021-02-25,COST/TGT,-0.014844416005976,-0.013844416005976,1.0,14,0.35,-0.0051955456020916
2021-02-25,COP/SLB,0.0076267735174906,0.0076267735174906,0.0,14,0.1364897797766075,0.0010409766378083
2021-02-25,GOOGL/META,-0.0,-0.0,0.0,14,0.3151645777032653,-0.0
2021-02-26,BAC/C,-0.0,-0.0,0.0,14,0.1983456425201271,-0.0
2021-02-26,COST/TGT,-0.0053162279523769,-0.0053162279523769,0.0,14,0.35,-0.0018606797833319
2021-02-26,COP/SLB,0.0043645667622416,0.0043645667622416,0.0,14,0.1364897797766075,0.0005957187561986
2021-02-26,GOOGL/META,-0.0,-0.0,0.0,14,0.3151645777032653,-0.0
2021-03-01,BAC/C,-0.0,-0.0,0.0,14,0.1983456425201271,-0.0
2021-03-01,COST/TGT,-0.0007588367793805,-0.0007588367793805,0.0,14,0.35,-0.0002655928727832
2021-03-01,COP/SLB,0.0034363329121026,0.0034363329121026,0.0,14,0.1364897797766075,0.0004690243224119
2021-03-01,GOOGL/META,0.0,0.0,0.0,14,0.3151645777032653,0.0
2021-03-02,BAC/C,-0.0,-0.0,0.0,14,0.1983456425201271,-0.0
2021-03-02,COST/TGT,0.003682577837926,0.003682577837926,0.0,14,0.35,0.0012889022432741
2021-03-02,COP/SLB,-0.0034982704727457,-0.0034982704727457,0.0,14,0.1364897797766075,-0.000477478166424
2021-03-02,GOOGL/META,0.0,0.0,0.0,14,0.3151645777032653,0.0
2021-03-03,BAC/C,0.0,0.0,0.0,14,0.1983456425201271,0.0
2021-03-03,COST/TGT,-0.0116301227852966,-0.0116301227852966,0.0,14,0.35,-0.0040705429748538
2021-03-03,COP/SLB,-0.0136344435591086,-0.0136344435591086,0.0,14,0.1364897797766075,-0.0018609621987593
2021-03-03,GOOGL/META,-0.0,-0.0,0.0,14,0.3151645777032653,-0.0
2021-03-04,BAC/C,0.0,0.0,0.0,14,0.1983456425201271,0.0
2021-03-04,COST/TGT,-0.0090559081017665,-0.0090559081017665,0.0,14,0.35,-0.0031695678356182
2021-03-04,COP/SLB,-0.0203095136615799,-0.0203095136615799,0.0,14,0.1364897797766075,-0.002772041047039
2021-03-04,GOOGL/META,0.0,0.0,0.0,14,0.3151645777032653,0.0
2021-03-05,BAC/C,0.0,0.0,0.0,14,0.1983456425201271,0.0
2021-03-05,COST/TGT,-0.0071386553472062,-0.0071386553472062,0.0,14,0.35,-0.0024985293715221
2021-03-05,COP/SLB,-0.0245205580002276,-0.0245205580002276,0.0,14,0.1364897797766075,-0.0033468055614506
2021-03-05,GOOGL/META,0.0,0.0,0.0,14,0.3151645777032653,0.0
2021-03-08,BAC/C,-0.0,-0.0,0.0,14,0.1983456425201271,-0.0
2021-03-08,COST/TGT,-0.0195437924236456,-0.0195437924236456,0.0,14,0.35,-0.0068403273482759
2021-03-08,COP/SLB,0.0033698041581327,0.0033698041581327,0.0,14,0.1364897797766075,0.0004599438274338
2021-03-08,GOOGL/META,-0.0,-0.0,0.0,14,0.3151645777032653,-0.0
2021-03-09,BAC/C,-0.0,-0.0,0.0,14,0.1983456425201271,-0.0
2021-03-09,COST/TGT,0.017953863161155,0.017953863161155,0.0,14,0.35,0.0062838521064042
2021-03-09,COP/SLB,0.0049710938485591,0.0049710938485591,0.0,14,0.1364897797766075,0.0006785035046386
2021-03-09,GOOGL/META,-0.0,-0.0,0.0,14,0.3151645777032653,-0.0
2021-03-10,BAC/C,-0.0,-0.0,0.0,14,0.1983456425201271,-0.0
2021-03-10,COST/TGT,0.0139972885350381,0.0139972885350381,0.0,14,0.35,0.0048990509872633
2021-03-10,COP/SLB,-0.0090139397497063,-0.0090139397497063,0.0,14,0.1364897797766075,-0.001230310651357
2021-03-10,GOOGL/META,-0.0,-0.0,0.0,14,0.3151645777032653,-0.0
2021-03-11,BAC/C,0.0,0.0,0.0,14,0.1983456425201271,0.0
2021-03-11,COST/TGT,0.0122388649518291,0.0122388649518291,0.0,14,0.35,0.0042836027331401
2021-03-11,COP/SLB,-0.0111321767809445,-0.0111321767809445,0.0,14,0.1364897797766075,-0.0015194283572653
2021-03-11,GOOGL/META,0.0,0.0,0.0,14,0.3151645777032653,0.0
2021-03-12,BAC/C,-0.0,-0.0,0.0,14,0.1983456425201271,-0.0
2021-03-12,COST/TGT,0.0061186398074214,0.0061186398074214,0.0,14,0.35,0.0021415239325974
2021-03-12,COP/SLB,0.0018508513293279,0.0018508513293279,0.0,14,0.1364897797766075,0.0002526222903392
2021-03-12,GOOGL/META,-0.0,-0.0,0.0,14,0.3151645777032653,-0.0
2021-03-15,BAC/C,0.0,0.0,0.0,14,0.1983456425201271,0.0
2021-03-15,COST/TGT,-0.001,-0.0,1.0,14,0.35,-0.00035
2021-03-15,COP/SLB,0.0123775352216071,0.0123775352216071,0.0,14,0.1364897797766075,0.0016894070565743
2021-03-15,GOOGL/META,-0.0,-0.0,0.0,14,0.3151645777032653,-0.0
2021-03-16,BAC/C,0.0,0.0,0.0,14,0.1983456425201271,0.0
2021-03-16,COST/TGT,-0.0,-0.0,0.0,14,0.35,-0.0
2021-03-16,COP/SLB,-0.001,-0.0,1.0,14,0.1364897797766075,-0.0001364897797766
2021-03-16,GOOGL/META,0.0,0.0,0.0,14,0.3151645777032653,0.0
2021-03-17,BAC/C,0.0,0.0,0.0,14,0.1983456425201271,0.0
2021-03-17,COST/TGT,0.0,0.0,0.0,14,0.35,0.0
2021-03-17,COP/SLB,-0.0,-0.0,0.0,14,0.1364897797766075,-0.0
2021-03-17,GOOGL/META,-0.0,-0.0,0.0,14,0.3151645777032653,-0.0
2021-03-18,BAC/C,0.0,0.0,0.0,14,0.1983456425201271,0.0
2021-03-18,COST/TGT,-0.0,-0.0,0.0,14,0.35,-0.0
2021-03-18,COP/SLB,-0.0,-0.0,0.0,14,0.1364897797766075,-0.0
2021-03-18,GOOGL/META,-0.0,-0.0,0.0,14,0.3151645777032653,-0.0
2021-03-19,BAC/C,-0.0,-0.0,0.0,14,0.1983456425201271,-0.0
2021-03-19,COST/TGT,0.0,0.0,0.0,14,0.35,0.0
2021-03-19,COP/SLB,-0.0,-0.0,0.0,14,0.1364897797766075,-0.0
2021-03-19,GOOGL/META,-0.0143802213677283,-0.0133802213677283,1.0,14,0.3151645777032653,-0.0045321363946395
2021-03-22,BAC/C,-0.0,-0.0,0.0,14,0.1983456425201271,-0.0
2021-03-22,COST/TGT,0.0,0.0,0.0,14,0.35,0.0
2021-03-22,COP/SLB,-0.0,-0.0,0.0,14,0.1364897797766075,-0.0
2021-03-22,GOOGL/META,-0.0031497931244926,-0.0031497931244926,0.0,14,0.3151645777032653,-0.0009927032199333
2021-03-23,BAC/C,-0.0,-0.0,0.0,14,0.1983456425201271,-0.0
2021-03-23,COST/TGT,0.0,0.0,0.0,14,0.35,0.0
2021-03-23,COP/SLB,0.0,0.0,0.0,14,0.1364897797766075,0.0
2021-03-23,GOOGL/META,0.0069407479164807,0.0069407479164807,0.0,14,0.3151645777032653,0.0021874778860424
2021-03-24,BAC/C,0.0,0.0,0.0,14,0.1983456425201271,0.0
2021-03-24,COST/TGT,-0.0,-0.0,0.0,14,0.35,-0.0
2021-03-24,COP/SLB,0.0,0.0,0.0,14,0.1364897797766075,0.0
2021-03-24,GOOGL/META,-0.001,0.0,1.0,14,0.3151645777032653,-0.0003151645777032
2021-03-25,BAC/C,0.0,0.0,0.0,14,0.1983456425201271,0.0
2021-03-25,COST/TGT,0.0,0.0,0.0,14,0.35,0.0
2021-03-25,COP/SLB,0.0,0.0,0.0,14,0.1364897797766075,0.0
2021-03-25,GOOGL/META,0.0,0.0,0.0,14,0.3151645777032653,0.0
2021-03-26,BAC/C,0.0,0.0,0.0,14,0.1983456425201271,0.0
2021-03-26,COST/TGT,0.0,0.0,0.0,14,0.35,0.0
2021-03-26,COP/SLB,0.0,0.0,0.0,14,0.1364897797766075,0.0
2021-03-26,GOOGL/META,-0.0,-0.0,0.0,14,0.3151645777032653,-0.0
2021-03-29,BAC/C,0.0,0.0,0.0,14,0.1983456425201271,0.0
2021-03-29,COST/TGT,-0.0115446901069147,-0.0105446901069147,1.0,14,0.35,-0.0040406415374201
2021-03-29,COP/SLB,-0.0,-0.0,0.0,14,0.1364897797766075,-0.0
2021-03-29,GOOGL/META,-0.0,-0.0,0.0,14,0.3151645777032653,-0.0
2021-03-30,BAC/C,0.0,0.0,0.0,14,0.1983456425201271,0.0
2021-03-30,COST/TGT,0.0164656275560231,0.0164656275560231,0.0,14,0.35,0.005762969644608
2021-03-30,COP/SLB,0.0,0.0,0.0,14,0.1364897797766075,0.0
2021-03-30,GOOGL/META,0.0,0.0,0.0,14,0.3151645777032653,0.0
2021-03-31,BAC/C,-0.0,-0.0,0.0,14,0.1983456425201271,-0.0
2021-03-31,COST/TGT,-0.0066836314281287,-0.0066836314281287,0.0,14,0.35,-0.002339270999845
2021-03-31,COP/SLB,-0.0,-0.0,0.0,14,0.1364897797766075,-0.0
2021-03-31,GOOGL/META,-0.0,-0.0,0.0,14,0.3151645777032653,-0.0
2021-04-01,BAC/C,0.0,0.0,0.0,14,0.1983456425201271,0.0
2021-04-01,COST/TGT,-0.007500963306816,-0.007500963306816,0.0,14,0.35,-0.0026253371573856
2021-04-01,COP/SLB,0.0,0.0,0.0,14,0.1364897797766075,0.0
2021-04-01,GOOGL/META,0.0,0.0,0.0,14,0.3151645777032653,0.0
2021-04-05,BAC/C,0.0,0.0,0.0,14,0.1983456425201271,0.0
2021-04-05,COST/TGT,-0.0171467918624227,-0.0171467918624227,0.0,14,0.35,-0.0060013771518479
2021-04-05,COP/SLB,-0.0,-0.0,0.0,14,0.1364897797766075,-0.0
2021-04-05,GOOGL/META,-0.0150969955651858,-0.0140969955651858,1.0,14,0.3151645777032653,-0.0047580382318898
2021-04-06,BAC/C,-0.0003967886149144,0.0006032113850855,1.0,14,0.1983456425201271,-7.870129276988633e-05
2021-04-06,COST/TGT,0.0017197200769526,0.0017197200769526,0.0,14,0.35,0.0006019020269334
2021-04-06,COP/SLB,0.0,0.0,0.0,14,0.1364897797766075,0.0
2021-04-06,GOOGL/META,-0.0003747853975989,-0.0003747853975989,0.0,14,0.3151645777032653,-0.0001181190815636
2021-04-07,VEA/VWO,0.0,0.0,0.0,15,0.1715866786415405,0.0
2021-04-07,COST/WMT,-0.0,-0.0,0.0,15,0.1284133213584595,-0.0
2021-04-07,GOVT/TLT,-0.0,-0.0,0.0,15,0.35,-0.0
2021-04-07,CVX/XOM,-0.0,-0.0,0.0,15,0.35,-0.0
2021-04-08,VEA/VWO,0.0004074312412761,0.0014074312412761,1.0,15,0.1715866786415405,6.99097734653739e-05
2021-04-08,COST/WMT,0.0,0.0,0.0,15,0.1284133213584595,0.0
2021-04-08,GOVT/TLT,0.0,0.0,0.0,15,0.35,0.0
2021-04-08,CVX/XOM,-0.0,-0.0,0.0,15,0.35,-0.0
2021-04-09,VEA/VWO,-0.005125906887105,-0.005125906887105,0.0,15,0.1715866786415405,-0.0008795373377841
2021-04-09,COST/WMT,0.0,0.0,0.0,15,0.1284133213584595,0.0
2021-04-09,GOVT/TLT,-0.0,-0.0,0.0,15,0.35,-0.0
2021-04-09,CVX/XOM,-0.0,-0.0,0.0,15,0.35,-0.0
2021-04-12,VEA/VWO,6.152983526622614e-05,6.152983526622614e-05,0.0,15,0.1715866786415405,1.055770007069287e-05
2021-04-12,COST/WMT,0.0,0.0,0.0,15,0.1284133213584595,0.0
2021-04-12,GOVT/TLT,0.0,0.0,0.0,15,0.35,0.0
2021-04-12,CVX/XOM,0.0,0.0,0.0,15,0.35,0.0
2021-04-13,VEA/VWO,-0.0036640109504997,-0.0036640109504997,0.0,15,0.1715866786415405,-0.0006286954695024
2021-04-13,COST/WMT,0.0,0.0,0.0,15,0.1284133213584595,0.0
2021-04-13,GOVT/TLT,0.0,0.0,0.0,15,0.35,0.0
2021-04-13,CVX/XOM,0.0,0.0,0.0,15,0.35,0.0
2021-04-14,VEA/VWO,0.0018559260454581,0.0018559260454581,0.0,15,0.1715866786415405,0.0003184521859444
2021-04-14,COST/WMT,-0.0,-0.0,0.0,15,0.1284133213584595,-0.0
2021-04-14,GOVT/TLT,-0.0,-0.0,0.0,15,0.35,-0.0
2021-04-14,CVX/XOM,0.0,0.0,0.0,15,0.35,0.0
2021-04-15,VEA/VWO,-0.0003403203950305,-0.0003403203950305,0.0,15,0.1715866786415405,-5.8394446257277486e-05
2021-04-15,COST/WMT,0.0,0.0,0.0,15,0.1284133213584595,0.0
2021-04-15,GOVT/TLT,0.0,0.0,0.0,15,0.35,0.0
2021-04-15,CVX/XOM,0.0,0.0,0.0,15,0.35,0.0
2021-04-16,VEA/VWO,-0.0018193863217646,-0.0018193863217646,0.0,15,0.1715866786415405,-0.0003121824561174
2021-04-16,COST/WMT,0.0,0.0,0.0,15,0.1284133213584595,0.0
2021-04-16,GOVT/TLT,-0.0,-0.0,0.0,15,0.35,-0.0
2021-04-16,CVX/XOM,-0.0,-0.0,0.0,15,0.35,-0.0
2021-04-19,VEA/VWO,0.000691324699366,0.000691324699366,0.0,15,0.1715866786415405,0.000118622109027
2021-04-19,COST/WMT,0.0,0.0,0.0,15,0.1284133213584595,0.0
2021-04-19,GOVT/TLT,-0.0,-0.0,0.0,15,0.35,-0.0
2021-04-19,CVX/XOM,-0.0,-0.0,0.0,15,0.35,-0.0
2021-04-20,VEA/VWO,0.0058232413596199,0.0058232413596199,0.0,15,0.1715866786415405,0.0009991906438252
2021-04-20,COST/WMT,-0.0,-0.0,0.0,15,0.1284133213584595,-0.0
2021-04-20,GOVT/TLT,0.0,0.0,0.0,15,0.35,0.0
2021-04-20,CVX/XOM,-0.0,-0.0,0.0,15,0.35,-0.0
2021-04-21,VEA/VWO,-0.0015726485518902,-0.0015726485518902,0.0,15,0.1715866786415405,-0.0002698455416892
2021-04-21,COST/WMT,0.0,0.0,0.0,15,0.1284133213584595,0.0
2021-04-21,GOVT/TLT,0.0,0.0,0.0,15,0.35,0.0
2021-04-21,CVX/XOM,0.0,0.0,0.0,15,0.35,0.0
2021-04-22,VEA/VWO,0.0015308409763819,0.0015308409763819,0.0,15,0.1715866786415405,0.0002626719186657
2021-04-22,COST/WMT,0.0,0.0,0.0,15,0.1284133213584595,0.0
2021-04-22,GOVT/TLT,0.0,0.0,0.0,15,0.35,0.0
2021-04-22,CVX/XOM,0.0,0.0,0.0,15,0.35,0.0
2021-04-23,VEA/VWO,-0.000258587825781,-0.000258587825781,0.0,15,0.1715866786415405,-4.4370226162900647e-05
2021-04-23,COST/WMT,0.0,0.0,0.0,15,0.1284133213584595,0.0
2021-04-23,GOVT/TLT,-0.0,-0.0,0.0,15,0.35,-0.0
2021-04-23,CVX/XOM,0.0,0.0,0.0,15,0.35,0.0
2021-04-26,VEA/VWO,-0.0002820422744751,-0.0002820422744751,0.0,15,0.1715866786415405,-4.839469711370509e-05
2021-04-26,COST/WMT,-0.0012594632070894,-0.0002594632070894,1.0,15,0.1284133213584595,-0.0001617318535511
2021-04-26,GOVT/TLT,-0.0,-0.0,0.0,15,0.35,-0.0
2021-04-26,CVX/XOM,0.0,0.0,0.0,15,0.35,0.0
2021-04-27,VEA/VWO,0.0023982307176054,0.0023982307176054,0.0,15,0.1715866786415405,0.00041150444345
2021-04-27,COST/WMT,-0.0007360126076816,-0.0007360126076816,0.0,15,0.1284133213584595,-9.451382351410162e-05
2021-04-27,GOVT/TLT,-0.0,-0.0,0.0,15,0.35,-0.0
2021-04-27,CVX/XOM,0.0,0.0,0.0,15,0.35,0.0
2021-04-28,VEA/VWO,0.0020627684063956,0.0020627684063956,0.0,15,0.1715866786415405,0.0003539435796601
2021-04-28,COST/WMT,-0.0008293037568569,-0.0008293037568569,0.0,15,0.1284133213584595,-0.000106493649833
2021-04-28,GOVT/TLT,-0.0,-0.0,0.0,15,0.35,-0.0
2021-04-28,CVX/XOM,0.0,0.0,0.0,15,0.35,0.0
2021-04-29,VEA/VWO,-0.0015328704331305,-0.0015328704331305,0.0,15,0.1715866786415405,-0.0002630201464086
2021-04-29,COST/WMT,-0.000655105216318,-0.000655105216318,0.0,15,0.1284133213584595,-8.41242366666487e-05
2021-04-29,GOVT/TLT,-0.0,-0.0,0.0,15,0.35,-0.0
2021-04-29,CVX/XOM,0.0,0.0,0.0,15,0.35,0.0
2021-04-30,VEA/VWO,0.0010247221806992,0.0010247221806992,0.0,15,0.1715866786415405,0.0001758286755164
2021-04-30,COST/WMT,0.0029859471508279,0.0029859471508279,0.0,15,0.1284133213584595,0.0003834353910386
2021-04-30,GOVT/TLT,-0.0,-0.0,0.0,15,0.35,-0.0
2021-04-30,CVX/XOM,0.0,0.0,0.0,15,0.35,0.0
2021-05-03,VEA/VWO,-0.0059770117266753,-0.0059770117266753,0.0,15,0.1715866786415405,-0.0010255755903817
2021-05-03,COST/WMT,-0.0026349650912287,-0.0026349650912287,0.0,15,0.1284133213584595,-0.0003383646190282
2021-05-03,GOVT/TLT,-0.0,-0.0,0.0,15,0.35,-0.0
2021-05-03,CVX/XOM,0.0,0.0,0.0,15,0.35,0.0
2021-05-04,VEA/VWO,0.001259246974962,0.001259246974962,0.0,15,0.1715866786415405,0.0002160700060231
2021-05-04,COST/WMT,0.0008704226169321,0.0008704226169321,0.0,15,0.1284133213584595,0.0001117738592257
2021-05-04,GOVT/TLT,0.0,0.0,0.0,15,0.35,0.0
2021-05-04,CVX/XOM,0.0,0.0,0.0,15,0.35,0.0
2021-05-05,VEA/VWO,-0.0048850469518625,-0.0048850469518625,0.0,15,0.1715866786415405,-0.000838208981478
2021-05-05,COST/WMT,0.0034820192795349,0.0034820192795349,0.0,15,0.1284133213584595,0.0004471376607192
2021-05-05,GOVT/TLT,-0.0,-0.0,0.0,15,0.35,-0.0
2021-05-05,CVX/XOM,0.0,0.0,0.0,15,0.35,0.0
2021-05-06,VEA/VWO,-0.0001473450438938,-0.0001473450438938,0.0,15,0.1715866786415405,-2.5282446696037547e-05
2021-05-06,COST/WMT,-0.0110167189141163,-0.0110167189141163,0.0,15,0.1284133213584595,-0.0014146934662342
2021-05-06,GOVT/TLT,0.0,0.0,0.0,15,0.35,0.0
2021-05-06,CVX/XOM,0.0,0.0,0.0,15,0.35,0.0
2021-05-07,VEA/VWO,-0.002510462680637,-0.002510462680637,0.0,15,0.1715866786415405,-0.000430761953224
2021-05-07,COST/WMT,-0.0050046691622615,-0.0050046691622615,0.0,15,0.1284133213584595,-0.0006426661894262
2021-05-07,GOVT/TLT,-0.0,-0.0,0.0,15,0.35,-0.0
2021-05-07,CVX/XOM,-0.004583541840281,-0.003583541840281,1.0,15,0.35,-0.0016042396440983
2021-05-10,VEA/VWO,-0.0054512399205127,-0.0054512399205127,0.0,15,0.1715866786415405,-0.0009353601524389
2021-05-10,COST/WMT,0.0059756975133571,0.0059756975133571,0.0,15,0.1284133213584595,0.0007673591651236
2021-05-10,GOVT/TLT,-0.0,-0.0,0.0,15,0.35,-0.0
2021-05-10,CVX/XOM,-0.0031740235759205,-0.0031740235759205,0.0,15,0.35,-0.0011109082515721
2021-05-11,VEA/VWO,0.0054424506529818,0.0054424506529818,0.0,15,0.1715866786415405,0.0009338520312156
2021-05-11,COST/WMT,0.0002347723461997,0.0002347723461997,0.0,15,0.1284133213584595,3.0147896738623195e-05
2021-05-11,GOVT/TLT,-0.0,-0.0,0.0,15,0.35,-0.0
2021-05-11,CVX/XOM,0.0052679372254501,0.0052679372254501,0.0,15,0.35,0.0018437780289075
2021-05-12,VEA/VWO,-0.0016559010616478,-0.0016559010616478,0.0,15,0.1715866786415405,-0.0002841305633271
2021-05-12,COST/WMT,-0.0040299866534802,-0.0040299866534802,0.0,15,0.1284133213584595,-0.0005175039712036
2021-05-12,GOVT/TLT,-0.0016084525940296,-0.0006084525940296,1.0,15,0.35,-0.0005629584079103
2021-05-12,CVX/XOM,-3.400717890728007e-05,-3.400717890728007e-05,0.0,15,0.35,-1.1902512617548025e-05
2021-05-13,VEA/VWO,-0.004379787537858,-0.004379787537858,0.0,15,0.1715866786415405,-0.0007515131967766
2021-05-13,COST/WMT,-0.0023047397089914,-0.0023047397089914,0.0,15,0.1284133213584595,-0.0002959592808983
2021-05-13,GOVT/TLT,-0.0003147106074794,-0.0003147106074794,0.0,15,0.35,-0.0001101487126177
2021-05-13,CVX/XOM,0.0037460754661976,0.0037460754661976,0.0,15,0.35,0.0013111264131691
2021-05-14,VEA/VWO,-0.0015210636954028,-0.0015210636954028,0.0,15,0.1715866786415405,-0.0002609942674964
2021-05-14,COST/WMT,-0.0024205562499967,-0.0024205562499967,0.0,15,0.1284133213584595,-0.000310831667597
2021-05-14,GOVT/TLT,0.0012992317112548,0.0012992317112548,0.0,15,0.35,0.0004547310989391
2021-05-14,CVX/XOM,-0.0014885990777026,-0.0014885990777026,0.0,15,0.35,-0.0005210096771959
2021-05-17,VEA/VWO,0.0011193890962629,0.0011193890962629,0.0,15,0.1715866786415405,0.0001920722571353
2021-05-17,COST/WMT,-0.0014992323862731,-0.0014992323862731,0.0,15,0.1284133213584595,-0.0001925214102094
2021-05-17,GOVT/TLT,-0.0001256521202292,-0.0001256521202292,0.0,15,0.35,-4.397824208025037e-05
2021-05-17,CVX/XOM,-0.0070816046655945,-0.0070816046655945,0.0,15,0.35,-0.002478561632958
2021-05-18,VEA/VWO,0.0045025666934874,0.0045025666934874,0.0,15,0.1715866786415405,0.0007725804642975
2021-05-18,COST/WMT,0.0118573656019052,0.0118573656019052,0.0,15,0.1284133213584595,0.0015226436995022
2021-05-18,GOVT/TLT,-0.0002618671332083,-0.0002618671332083,0.0,15,0.35,-9.165349662291236e-05
2021-05-18,CVX/XOM,0.0015900633129025,0.0015900633129025,0.0,15,0.35,0.0005565221595159
2021-05-19,VEA/VWO,-0.001,-0.0,1.0,15,0.1715866786415405,-0.0001715866786415
2021-05-19,COST/WMT,0.0043713550835963,0.0043713550835963,0.0,15,0.1284133213584595,0.0005613402251217
2021-05-19,GOVT/TLT,4.506732227012482e-05,4.506732227012482e-05,0.0,15,0.35,1.5773562794543685e-05
2021-05-19,CVX/XOM,-0.001,-0.0,1.0,15,0.35,-0.00035
2021-05-20,VEA/VWO,0.0,0.0,0.0,15,0.1715866786415405,0.0
2021-05-20,COST/WMT,-0.0037400607154428,-0.0037400607154428,0.0,15,0.1284133213584595,-0.0004802736185523
2021-05-20,GOVT/TLT,0.0006891171513815,0.0006891171513815,0.0,15,0.35,0.0002411910029835
2021-05-20,CVX/XOM,-0.0,-0.0,0.0,15,0.35,-0.0
2021-05-21,VEA/VWO,0.0,0.0,0.0,15,0.1715866786415405,0.0
2021-05-21,COST/WMT,-0.001,-0.0,1.0,15,0.1284133213584595,-0.0001284133213584
2021-05-21,GOVT/TLT,0.0004620011469357,0.0004620011469357,0.0,15,0.35,0.0001617004014274
2021-05-21,CVX/XOM,-0.0,-0.0,0.0,15,0.35,-0.0
2021-05-24,VEA/VWO,-0.0002326263803049,0.000767373619695,1.0,15,0.1715866786415405,-3.991558796092748e-05
2021-05-24,COST/WMT,0.0,0.0,0.0,15,0.1284133213584595,0.0
2021-05-24,GOVT/TLT,0.0006156816787903,0.0006156816787903,0.0,15,0.35,0.0002154885875766
2021-05-24,CVX/XOM,-0.0,-0.0,0.0,15,0.35,-0.0
2021-05-25,VEA/VWO,0.0046598763378582,0.0046598763378582,0.0,15,0.1715866786415405,0.0007995727036934
2021-05-25,COST/WMT,0.0,0.0,0.0,15,0.1284133213584595,0.0
2021-05-25,GOVT/TLT,-0.001,0.0,1.0,15,0.35,-0.00035
2021-05-25,CVX/XOM,-0.0,-0.0,0.0,15,0.35,-0.0
2021-05-26,VEA/VWO,0.0032700618914437,0.0032700618914437,0.0,15,0.1715866786415405,0.0005610990589051
2021-05-26,COST/WMT,0.0,0.0,0.0,15,0.1284133213584595,0.0
2021-05-26,GOVT/TLT,-0.0,-0.0,0.0,15,0.35,-0.0
2021-05-26,CVX/XOM,0.004233029660672,0.005233029660672,1.0,15,0.35,0.0014815603812352
2021-05-27,VEA/VWO,-0.0002307584667492,-0.0002307584667492,0.0,15,0.1715866786415405,-3.959507887791575e-05
2021-05-27,COST/WMT,0.0,0.0,0.0,15,0.1284133213584595,0.0
2021-05-27,GOVT/TLT,-0.0,-0.0,0.0,15,0.35,-0.0
2021-05-27,CVX/XOM,-0.001,0.0,1.0,15,0.35,-0.00035
2021-05-28,VEA/VWO,0.0007344770490106,0.0007344770490106,0.0,15,0.1715866786415405,0.0001260264773781
2021-05-28,COST/WMT,-0.0,-0.0,0.0,15,0.1284133213584595,-0.0
2021-05-28,GOVT/TLT,-0.0,-0.0,0.0,15,0.35,-0.0
2021-05-28,CVX/XOM,-0.0,-0.0,0.0,15,0.35,-0.0
2021-06-01,VEA/VWO,0.0063768704660351,0.0063768704660351,0.0,15,0.1715866786415405,0.0010941860233943
2021-06-01,COST/WMT,0.0002381435305442,0.0012381435305442,1.0,15,0.1284133213584595,3.058080171722151e-05
2021-06-01,GOVT/TLT,0.0,0.0,0.0,15,0.35,0.0
2021-06-01,CVX/XOM,0.0,0.0,0.0,15,0.35,0.0
2021-06-02,VEA/VWO,-0.000526419019611,-0.000526419019611,0.0,15,0.1715866786415405,-9.032649114880192e-05
2021-06-02,COST/WMT,0.0042199500806055,0.0042199500806055,0.0,15,0.1284133213584595,0.0005418978058174
2021-06-02,GOVT/TLT,-0.0,-0.0,0.0,15,0.35,-0.0
2021-06-02,CVX/XOM,-0.0,-0.0,0.0,15,0.35,-0.0
2021-06-03,VEA/VWO,-0.0020686296141504,-0.0020686296141504,0.0,15,0.1715866786415405,-0.0003549492848316
2021-06-03,COST/WMT,0.0034144217425476,0.0034144217425476,0.0,15,0.1284133213584595,0.000438457236479
2021-06-03,GOVT/TLT,0.0,0.0,0.0,15,0.35,0.0
2021-06-03,CVX/XOM,0.0,0.0,0.0,15,0.35,0.0
2021-06-04,VEA/VWO,-0.0012733033521401,-0.0012733033521401,0.0,15,0.1715866786415405,-0.0002184818930968
2021-06-04,COST/WMT,0.0038280220733057,0.0038280220733057,0.0,15,0.1284133213584595,0.0004915690286666
2021-06-04,GOVT/TLT,0.0,0.0,0.0,15,0.35,0.0
2021-06-04,CVX/XOM,-0.0,-0.0,0.0,15,0.35,-0.0
2021-06-07,VEA/VWO,-0.0030351139497333,-0.0030351139497333,0.0,15,0.1715866786415405,-0.0005207851219333
2021-06-07,COST/WMT,-0.0056994304407227,-0.0056994304407227,0.0,15,0.1284133213584595,-0.0007318827927447
2021-06-07,GOVT/TLT,-0.0,-0.0,0.0,15,0.35,-0.0
2021-06-07,CVX/XOM,-0.0,-0.0,0.0,15,0.35,-0.0
2021-06-08,VEA/VWO,-0.0015566844234538,-0.0015566844234538,0.0,15,0.1715866786415405,-0.0002671063099134
2021-06-08,COST/WMT,0.0029444449600855,0.0029444449600855,0.0,15,0.1284133213584595,0.0003781059568817
2021-06-08,GOVT/TLT,0.0,0.0,0.0,15,0.35,0.0
2021-06-08,CVX/XOM,0.0,0.0,0.0,15,0.35,0.0
2021-06-09,VEA/VWO,0.0018646302173673,0.0018646302173673,0.0,15,0.1715866786415405,0.0003199457058927
2021-06-09,COST/WMT,0.0030682046044738,0.0030682046044738,0.0,15,0.1284133213584595,0.0003939983438678
2021-06-09,GOVT/TLT,0.0,0.0,0.0,15,0.35,0.0
2021-06-09,CVX/XOM,0.0,0.0,0.0,15,0.35,0.0
2021-06-10,VEA/VWO,0.001323148759485,0.001323148759485,0.0,15,0.1715866786415405,0.0002270347009887
2021-06-10,COST/WMT,0.0009839069054629,0.0009839069054629,0.0,15,0.1284133213584595,0.000126346753638
2021-06-10,GOVT/TLT,-0.0012825963742521,-0.0002825963742521,1.0,15,0.35,-0.0004489087309882
2021-06-10,CVX/XOM,0.0008179107978282,0.0018179107978282,1.0,15,0.35,0.0002862687792398
2021-06-11,VEA/VWO,-0.0028865298686705,-0.0028865298686705,0.0,15,0.1715866786415405,-0.0004952900729647
2021-06-11,COST/WMT,-0.0046881285414325,-0.0046881285414325,0.0,15,0.1284133213584595,-0.0006020181569607
2021-06-11,GOVT/TLT,-2.3596305198913667e-05,-2.3596305198913667e-05,0.0,15,0.35,-8.258706819619782e-06
2021-06-11,CVX/XOM,0.0028827437666182,0.0028827437666182,0.0,15,0.35,0.0010089603183163
2021-06-14,VEA/VWO,0.0009585726463628,0.0009585726463628,0.0,15,0.1715866786415405,0.000164478296626
2021-06-14,COST/WMT,0.0031514424311987,0.0031514424311987,0.0,15,0.1284133213584595,0.0004046871896602
2021-06-14,GOVT/TLT,0.0007968289867748,0.0007968289867748,0.0,15,0.35,0.0002788901453712
2021-06-14,CVX/XOM,-0.001,-0.0,1.0,15,0.35,-0.00035
2021-06-15,VEA/VWO,-0.0031066476672416,-0.0031066476672416,0.0,15,0.1715866786415405,-0.0005330593549314
2021-06-15,COST/WMT,0.0022439284679603,0.0022439284679603,0.0,15,0.1284133213584595,0.0002881503074615
2021-06-15,GOVT/TLT,-0.0001515454293431,-0.0001515454293431,0.0,15,0.35,-5.304090027011674e-05
2021-06-15,CVX/XOM,0.0,0.0,0.0,15,0.35,0.0
2021-06-16,VEA/VWO,-0.0024032163244677,-0.0024032163244677,0.0,15,0.1715866786415405,-0.0004123599071725
2021-06-16,COST/WMT,0.0048773134700607,0.0048773134700607,0.0,15,0.1284133213584595,0.0006263120219968
2021-06-16,GOVT/TLT,-0.0015670692042925,-0.0015670692042925,0.0,15,0.35,-0.0005484742215023
2021-06-16,CVX/XOM,0.0,0.0,0.0,15,0.35,0.0
2021-06-17,VEA/VWO,0.0066529463598004,0.0066529463598004,0.0,15,0.1715866786415405,0.0011415569690584
2021-06-17,COST/WMT,0.0046189315437264,0.0046189315437264,0.0,15,0.1284133213584595,0.0005931323406572
2021-06-17,GOVT/TLT,-0.0022543881046658,-0.0022543881046658,0.0,15,0.35,-0.000789035836633
2021-06-17,CVX/XOM,-0.0,-0.0,0.0,15,0.35,-0.0
2021-06-18,VEA/VWO,0.0070949196590113,0.0070949196590113,0.0,15,0.1715866786415405,0.0012173936995183
2021-06-18,COST/WMT,0.0047293683587374,0.0047293683587374,0.0,15,0.1284133213584595,0.000607313898873
2021-06-18,GOVT/TLT,-0.0029216607064837,-0.0029216607064837,0.0,15,0.35,-0.0010225812472693
2021-06-18,CVX/XOM,0.0,0.0,0.0,15,0.35,0.0
2021-06-21,VEA/VWO,-0.0054659156335861,-0.0054659156335861,0.0,15,0.1715866786415405,-0.0009378783093019
2021-06-21,COST/WMT,0.0028024237610134,0.0028024237610134,0.0,15,0.1284133213584595,0.0003598685430056
2021-06-21,GOVT/TLT,-0.001,-0.0,1.0,15,0.35,-0.00035
2021-06-21,CVX/XOM,0.0,0.0,0.0,15,0.35,0.0
2021-06-22,VEA/VWO,-0.0024444273171337,-0.0024444273171337,0.0,15,0.1715866786415405,-0.0004194311645276
2021-06-22,COST/WMT,0.0043777806887319,0.0043777806887319,0.0,15,0.1284133213584595,0.0005621653584189
2021-06-22,GOVT/TLT,-0.0,-0.0,0.0,15,0.35,-0.0
2021-06-22,CVX/XOM,0.0,0.0,0.0,15,0.35,0.0
2021-06-23,VEA/VWO,0.0055772495340445,0.0055772495340445,0.0,15,0.1715866786415405,0.0009569817235017
2021-06-23,COST/WMT,0.0037463923272532,0.0037463923272532,0.0,15,0.1284133213584595,0.0004810866818544
2021-06-23,GOVT/TLT,0.0,0.0,0.0,15,0.35,0.0
2021-06-23,CVX/XOM,-0.0055368359900834,-0.0045368359900834,1.0,15,0.35,-0.0019378925965291
2021-06-24,VEA/VWO,-0.0013046728988112,-0.0013046728988112,0.0,15,0.1715866786415405,-0.0002238644894206
2021-06-24,COST/WMT,-0.0034596494367277,-0.0034596494367277,0.0,15,0.1284133213584595,-0.0004442650749061
2021-06-24,GOVT/TLT,0.0,0.0,0.0,15,0.35,0.0
2021-06-24,CVX/XOM,0.0015954492546816,0.0015954492546816,0.0,15,0.35,0.0005584072391385
2021-06-25,VEA/VWO,0.0018088118265081,0.0018088118265081,0.0,15,0.1715866786415405,0.000310368013598
2021-06-25,COST/WMT,-0.0030176218544931,-0.0030176218544931,0.0,15,0.1284133213584595,-0.0003875028449393
2021-06-25,GOVT/TLT,-0.0,-0.0,0.0,15,0.35,-0.0
2021-06-25,CVX/XOM,-0.0004792093568889,-0.0004792093568889,0.0,15,0.35,-0.0001677232749111
2021-06-28,VEA/VWO,0.0046726678280872,0.0046726678280872,0.0,15,0.1715866786415405,0.0008017675530166
2021-06-28,COST/WMT,-0.001,0.0,1.0,15,0.1284133213584595,-0.0001284133213584
2021-06-28,GOVT/TLT,0.0,0.0,0.0,15,0.35,0.0
2021-06-28,CVX/XOM,-0.001,0.0,1.0,15,0.35,-0.00035
2021-06-29,VEA/VWO,-0.0002187737076536,-0.0002187737076536,0.0,15,0.1715866786415405,-3.753865387038045e-05
2021-06-29,COST/WMT,0.0,0.0,0.0,15,0.1284133213584595,0.0
2021-06-29,GOVT/TLT,0.0,0.0,0.0,15,0.35,0.0
2021-06-29,CVX/XOM,-0.0,-0.0,0.0,15,0.35,-0.0
2021-06-30,VEA/VWO,0.0009721380366017,0.0009721380366017,0.0,15,0.1715866786415405,0.0001668059368815
2021-06-30,COST/WMT,-0.0,-0.0,0.0,15,0.1284133213584595,-0.0
2021-06-30,GOVT/TLT,-0.0,-0.0,0.0,15,0.35,-0.0
2021-06-30,CVX/XOM,-0.0,-0.0,0.0,15,0.35,-0.0
2021-07-01,VEA/VWO,-0.0039927822979095,-0.0039927822979095,0.0,15,0.1715866786415405,-0.000685108253037
2021-07-01,COST/WMT,0.0,0.0,0.0,15,0.1284133213584595,0.0
2021-07-01,GOVT/TLT,0.0,0.0,0.0,15,0.35,0.0
2021-07-01,CVX/XOM,-0.0,-0.0,0.0,15,0.35,-0.0
2021-07-02,VEA/VWO,-0.0025342821648588,-0.0025342821648588,0.0,15,0.1715866786415405,-0.0004348490594086
2021-07-02,COST/WMT,0.0,0.0,0.0,15,0.1284133213584595,0.0
2021-07-02,GOVT/TLT,0.0,0.0,0.0,15,0.35,0.0
2021-07-02,CVX/XOM,-0.0,-0.0,0.0,15,0.35,-0.0
2021-07-06,VEA/VWO,-0.001,0.0,1.0,15,0.1715866786415405,-0.0001715866786415
2021-07-06,COST/WMT,0.0,0.0,0.0,15,0.1284133213584595,0.0
2021-07-06,GOVT/TLT,-0.0,-0.0,0.0,15,0.35,-0.0
2021-07-06,CVX/XOM,-0.0,-0.0,0.0,15,0.35,-0.0
2021-07-07,ABBV/UNH,-0.0,-0.0,0.0,16,0.3,-0.0
2021-07-07,TGT/WMT,-0.0,-0.0,0.0,16,0.35,-0.0
2021-07-07,TLH/TLT,-0.0,-0.0,0.0,16,0.35,-0.0
2021-07-08,ABBV/UNH,-0.0,-0.0,0.0,16,0.3,-0.0
2021-07-08,TGT/WMT,-0.0,-0.0,0.0,16,0.35,-0.0
2021-07-08,TLH/TLT,0.0,0.0,0.0,16,0.35,0.0
2021-07-09,ABBV/UNH,0.0,0.0,0.0,16,0.3,0.0
2021-07-09,TGT/WMT,0.0,0.0,0.0,16,0.35,0.0
2021-07-09,TLH/TLT,0.0,0.0,0.0,16,0.35,0.0
2021-07-12,ABBV/UNH,0.0,0.0,0.0,16,0.3,0.0
2021-07-12,TGT/WMT,-0.0,-0.0,0.0,16,0.35,-0.0
2021-07-12,TLH/TLT,0.0,0.0,0.0,16,0.35,0.0
2021-07-13,ABBV/UNH,0.0,0.0,0.0,16,0.3,0.0
2021-07-13,TGT/WMT,0.0,0.0,0.0,16,0.35,0.0
2021-07-13,TLH/TLT,0.0,0.0,0.0,16,0.35,0.0
2021-07-14,ABBV/UNH,-0.0,-0.0,0.0,16,0.3,-0.0
2021-07-14,TGT/WMT,0.0,0.0,0.0,16,0.35,0.0
2021-07-14,TLH/TLT,-0.0,-0.0,0.0,16,0.35,-0.0
2021-07-15,ABBV/UNH,0.0,0.0,0.0,16,0.3,0.0
2021-07-15,TGT/WMT,0.0,0.0,0.0,16,0.35,0.0
2021-07-15,TLH/TLT,-0.0,-0.0,0.0,16,0.35,-0.0
2021-07-16,ABBV/UNH,-0.0,-0.0,0.0,16,0.3,-0.0
2021-07-16,TGT/WMT,0.0,0.0,0.0,16,0.35,0.0
2021-07-16,TLH/TLT,0.0,0.0,0.0,16,0.35,0.0
2021-07-19,ABBV/UNH,-0.0,-0.0,0.0,16,0.3,-0.0
2021-07-19,TGT/WMT,-0.0,-0.0,0.0,16,0.35,-0.0
2021-07-19,TLH/TLT,-0.0,-0.0,0.0,16,0.35,-0.0
2021-07-20,ABBV/UNH,0.0,0.0,0.0,16,0.3,0.0
2021-07-20,TGT/WMT,0.0,0.0,0.0,16,0.35,0.0
2021-07-20,TLH/TLT,0.0,0.0,0.0,16,0.35,0.0
2021-07-21,ABBV/UNH,-0.0,-0.0,0.0,16,0.3,-0.0
2021-07-21,TGT/WMT,-0.0,-0.0,0.0,16,0.35,-0.0
2021-07-21,TLH/TLT,0.0,0.0,0.0,16,0.35,0.0
2021-07-22,ABBV/UNH,-0.0,-0.0,0.0,16,0.3,-0.0
2021-07-22,TGT/WMT,-0.0,-0.0,0.0,16,0.35,-0.0
2021-07-22,TLH/TLT,-0.0004813947516264,0.0005186052483735,1.0,16,0.35,-0.0001684881630692
2021-07-23,ABBV/UNH,-0.0,-0.0,0.0,16,0.3,-0.0
2021-07-23,TGT/WMT,0.0,0.0,0.0,16,0.35,0.0
2021-07-23,TLH/TLT,-0.0004365640144756,-0.0004365640144756,0.0,16,0.35,-0.0001527974050664
2021-07-26,ABBV/UNH,-0.0,-0.0,0.0,16,0.3,-0.0
2021-07-26,TGT/WMT,0.0,0.0,0.0,16,0.35,0.0
2021-07-26,TLH/TLT,-0.0002167172831901,-0.0002167172831901,0.0,16,0.35,-7.585104911655088e-05
2021-07-27,ABBV/UNH,0.0002837149300851,0.0012837149300851,1.0,16,0.3,8.511447902554403e-05
2021-07-27,TGT/WMT,0.0,0.0,0.0,16,0.35,0.0
2021-07-27,TLH/TLT,0.0002737989428293,0.0002737989428293,0.0,16,0.35,9.582962999027708e-05
2021-07-28,ABBV/UNH,-0.0098558356078807,-0.0098558356078807,0.0,16,0.3,-0.0029567506823642
2021-07-28,TGT/WMT,-0.0,-0.0,0.0,16,0.35,-0.0
2021-07-28,TLH/TLT,-0.0001501777984182,-0.0001501777984182,0.0,16,0.35,-5.2562229446374494e-05
2021-07-29,ABBV/UNH,-0.001,0.0,1.0,16,0.3,-0.0003
2021-07-29,TGT/WMT,-0.0,-0.0,0.0,16,0.35,-0.0
2021-07-29,TLH/TLT,0.0002460070030399,0.0002460070030399,0.0,16,0.35,8.610245106396562e-05
2021-07-30,ABBV/UNH,0.0094937791902842,0.0104937791902842,1.0,16,0.3,0.0028481337570852
2021-07-30,TGT/WMT,0.0,0.0,0.0,16,0.35,0.0
2021-07-30,TLH/TLT,-0.0002467256580505,-0.0002467256580505,0.0,16,0.35,-8.635398031768254e-05
2021-08-02,ABBV/UNH,0.007736454332139,0.007736454332139,0.0,16,0.3,0.0023209362996417
2021-08-02,TGT/WMT,0.0,0.0,0.0,16,0.35,0.0
2021-08-02,TLH/TLT,-0.0001545123534683,-0.0001545123534683,0.0,16,0.35,-5.4079323713905774e-05
2021-08-03,ABBV/UNH,0.0046577510277783,0.0046577510277783,0.0,16,0.3,0.0013973253083335
2021-08-03,TGT/WMT,0.0,0.0,0.0,16,0.35,0.0
2021-08-03,TLH/TLT,-0.0002310854664143,-0.0002310854664143,0.0,16,0.35,-8.087991324500953e-05
2021-08-04,ABBV/UNH,0.0043562603497739,0.0043562603497739,0.0,16,0.3,0.0013068781049321
2021-08-04,TGT/WMT,0.0028402745555098,0.0038402745555098,1.0,16,0.35,0.0009940960944284
2021-08-04,TLH/TLT,-0.0005589830143669,-0.0005589830143669,0.0,16,0.35,-0.0001956440550284
2021-08-05,ABBV/UNH,-0.0130032971056653,-0.0130032971056653,0.0,16,0.3,-0.0039009891316996
2021-08-05,TGT/WMT,-0.001,0.0,1.0,16,0.35,-0.00035
2021-08-05,TLH/TLT,0.0005307343417609,0.0005307343417609,0.0,16,0.35,0.0001857570196163
2021-08-06,ABBV/UNH,0.0077742676173957,0.0077742676173957,0.0,16,0.3,0.0023322802852187
2021-08-06,TGT/WMT,-0.0,-0.0,0.0,16,0.35,-0.0
2021-08-06,TLH/TLT,0.0001467690297361,0.0001467690297361,0.0,16,0.35,5.1369160407638895e-05
2021-08-09,ABBV/UNH,-0.0037268504782776,-0.0037268504782776,0.0,16,0.3,-0.0011180551434833
2021-08-09,TGT/WMT,-0.0,-0.0,0.0,16,0.35,-0.0
2021-08-09,TLH/TLT,-0.000239865458047,-0.000239865458047,0.0,16,0.35,-8.395291031645505e-05
2021-08-10,ABBV/UNH,-0.0020215537840825,-0.0020215537840825,0.0,16,0.3,-0.0006064661352247
2021-08-10,TGT/WMT,0.0,0.0,0.0,16,0.35,0.0
2021-08-10,TLH/TLT,-0.0004722656676874,-0.0004722656676874,0.0,16,0.35,-0.0001652929836906
2021-08-11,ABBV/UNH,-0.0005585013706571,-0.0005585013706571,0.0,16,0.3,-0.0001675504111971
2021-08-11,TGT/WMT,-0.0088200562901212,-0.0078200562901212,1.0,16,0.35,-0.0030870197015424
2021-08-11,TLH/TLT,6.021640135959642e-05,6.021640135959642e-05,0.0,16,0.35,2.1075740475858747e-05
2021-08-12,ABBV/UNH,-0.001,-0.0,1.0,16,0.3,-0.0003
2021-08-12,TGT/WMT,0.0010776206254332,0.0010776206254332,0.0,16,0.35,0.0003771672189016
2021-08-12,TLH/TLT,-0.0001364125805499,-0.0001364125805499,0.0,16,0.35,-4.774440319247125e-05
2021-08-13,ABBV/UNH,0.0,0.0,0.0,16,0.3,0.0
2021-08-13,TGT/WMT,-0.0027269170814385,-0.0027269170814385,0.0,16,0.35,-0.0009544209785035
2021-08-13,TLH/TLT,0.0007871048744212,0.0007871048744212,0.0,16,0.35,0.0002754867060474
2021-08-16,ABBV/UNH,0.0,0.0,0.0,16,0.3,0.0
2021-08-16,TGT/WMT,-0.0048632491512746,-0.0048632491512746,0.0,16,0.35,-0.0017021372029461
2021-08-16,TLH/TLT,-0.0006142944683362,-0.0006142944683362,0.0,16,0.35,-0.0002150030639176
2021-08-17,ABBV/UNH,0.0,0.0,0.0,16,0.3,0.0
2021-08-17,TGT/WMT,-0.0064342672218001,-0.0064342672218001,0.0,16,0.35,-0.00225199352763
2021-08-17,TLH/TLT,-0.0005461468665922,-0.0005461468665922,0.0,16,0.35,-0.0001911514033072
2021-08-18,ABBV/UNH,0.0,0.0,0.0,16,0.3,0.0
2021-08-18,TGT/WMT,0.0017454953168545,0.0017454953168545,0.0,16,0.35,0.0006109233608991
2021-08-18,TLH/TLT,0.0010533084609357,0.0010533084609357,0.0,16,0.35,0.0003686579613275
2021-08-19,ABBV/UNH,0.0,0.0,0.0,16,0.3,0.0
2021-08-19,TGT/WMT,-0.001,0.0,1.0,16,0.35,-0.00035
2021-08-19,TLH/TLT,-0.0001705674461694,-0.0001705674461694,0.0,16,0.35,-5.969860615931727e-05
2021-08-20,ABBV/UNH,-0.0,-0.0,0.0,16,0.3,-0.0
2021-08-20,TGT/WMT,-0.0,-0.0,0.0,16,0.35,-0.0
2021-08-20,TLH/TLT,0.0002594752156472,0.0002594752156472,0.0,16,0.35,9.08163254765392e-05
2021-08-23,ABBV/UNH,-0.0,-0.0,0.0,16,0.3,-0.0
2021-08-23,TGT/WMT,-0.0,-0.0,0.0,16,0.35,-0.0
2021-08-23,TLH/TLT,-0.0001134712782227,-0.0001134712782227,0.0,16,0.35,-3.971494737796893e-05
2021-08-24,ABBV/UNH,-0.0,-0.0,0.0,16,0.3,-0.0
2021-08-24,TGT/WMT,-0.0,-0.0,0.0,16,0.35,-0.0
2021-08-24,TLH/TLT,-0.0003253309977908,-0.0003253309977908,0.0,16,0.35,-0.0001138658492268
2021-08-25,ABBV/UNH,-0.0,-0.0,0.0,16,0.3,-0.0
2021-08-25,TGT/WMT,-0.001151711347201,-0.000151711347201,1.0,16,0.35,-0.0004030989715203
2021-08-25,TLH/TLT,0.0004787606821279,0.0004787606821279,0.0,16,0.35,0.0001675662387447
2021-08-26,ABBV/UNH,-0.0,-0.0,0.0,16,0.3,-0.0
2021-08-26,TGT/WMT,-0.0062950152416574,-0.0062950152416574,0.0,16,0.35,-0.0022032553345801
2021-08-26,TLH/TLT,0.0007908127368666,0.0007908127368666,0.0,16,0.35,0.0002767844579033
2021-08-27,ABBV/UNH,0.0046453410653453,0.0056453410653453,1.0,16,0.3,0.0013936023196036
2021-08-27,TGT/WMT,-0.004537363826965,-0.004537363826965,0.0,16,0.35,-0.0015880773394377
2021-08-27,TLH/TLT,-2.8653051194425487e-05,-2.8653051194425487e-05,0.0,16,0.35,-1.002856791804892e-05
2021-08-30,ABBV/UNH,-0.0045247769906637,-0.0045247769906637,0.0,16,0.3,-0.0013574330971991
2021-08-30,TGT/WMT,0.0060333653533103,0.0060333653533103,0.0,16,0.35,0.0021116778736586
2021-08-30,TLH/TLT,-0.0004501665914834,-0.0004501665914834,0.0,16,0.35,-0.0001575583070191
2021-08-31,ABBV/UNH,-0.0033683794446108,-0.0033683794446108,0.0,16,0.3,-0.0010105138333832
2021-08-31,TGT/WMT,0.0042820545984033,0.0042820545984033,0.0,16,0.35,0.0014987191094411
2021-08-31,TLH/TLT,-0.0003637760698493,-0.0003637760698493,0.0,16,0.35,-0.0001273216244472
2021-09-01,ABBV/UNH,0.0349761684658776,0.0349761684658776,0.0,16,0.3,0.0104928505397632
2021-09-01,TGT/WMT,-0.001,-0.0,1.0,16,0.35,-0.00035
2021-09-01,TLH/TLT,-0.001,0.0,1.0,16,0.35,-0.00035
2021-09-02,ABBV/UNH,0.009030202393864,0.009030202393864,0.0,16,0.3,0.0027090607181592
2021-09-02,TGT/WMT,0.0,0.0,0.0,16,0.35,0.0
2021-09-02,TLH/TLT,-0.0,-0.0,0.0,16,0.35,-0.0
2021-09-03,ABBV/UNH,0.0006548541026699,0.0006548541026699,0.0,16,0.3,0.0001964562308009
2021-09-03,TGT/WMT,0.0,0.0,0.0,16,0.35,0.0
2021-09-03,TLH/TLT,0.0,0.0,0.0,16,0.35,0.0
2021-09-07,ABBV/UNH,0.0090688107956928,0.0090688107956928,0.0,16,0.3,0.0027206432387078
2021-09-07,TGT/WMT,-0.0,-0.0,0.0,16,0.35,-0.0
2021-09-07,TLH/TLT,0.0,0.0,0.0,16,0.35,0.0
2021-09-08,ABBV/UNH,-0.013081644791391,-0.013081644791391,0.0,16,0.3,-0.0039244934374173
2021-09-08,TGT/WMT,-0.0,-0.0,0.0,16,0.35,-0.0
2021-09-08,TLH/TLT,0.0,0.0,0.0,16,0.35,0.0
2021-09-09,ABBV/UNH,0.0123026767242051,0.0123026767242051,0.0,16,0.3,0.0036908030172615
2021-09-09,TGT/WMT,-0.0,-0.0,0.0,16,0.35,-0.0
2021-09-09,TLH/TLT,-0.0,-0.0,0.0,16,0.35,-0.0
2021-09-10,ABBV/UNH,-0.001,-0.0,1.0,16,0.3,-0.0003
2021-09-10,TGT/WMT,-0.0,-0.0,0.0,16,0.35,-0.0
2021-09-10,TLH/TLT,0.0,0.0,0.0,16,0.35,0.0
2021-09-13,ABBV/UNH,0.0,0.0,0.0,16,0.3,0.0
2021-09-13,TGT/WMT,-0.0,-0.0,0.0,16,0.35,-0.0
2021-09-13,TLH/TLT,-0.0,-0.0,0.0,16,0.35,-0.0
2021-09-14,ABBV/UNH,-0.0029420047223143,-0.0019420047223143,1.0,16,0.3,-0.0008826014166942
2021-09-14,TGT/WMT,-0.0,-0.0,0.0,16,0.35,-0.0
2021-09-14,TLH/TLT,-0.0,-0.0,0.0,16,0.35,-0.0
2021-09-15,ABBV/UNH,-0.000531053628858,-0.000531053628858,0.0,16,0.3,-0.0001593160886574
2021-09-15,TGT/WMT,-0.0,-0.0,0.0,16,0.35,-0.0
2021-09-15,TLH/TLT,-0.0012885978113038,-0.0002885978113038,1.0,16,0.35,-0.0004510092339563
2021-09-16,ABBV/UNH,0.0022242689708905,0.0022242689708905,0.0,16,0.3,0.0006672806912671
2021-09-16,TGT/WMT,-0.0,-0.0,0.0,16,0.35,-0.0
2021-09-16,TLH/TLT,-0.0001444662173568,-0.0001444662173568,0.0,16,0.35,-5.05631760748917e-05
2021-09-17,ABBV/UNH,-0.0057096269609377,-0.0057096269609377,0.0,16,0.3,-0.0017128880882813
2021-09-17,TGT/WMT,-0.0,-0.0,0.0,16,0.35,-0.0
2021-09-17,TLH/TLT,-0.0003112874293956,-0.0003112874293956,0.0,16,0.35,-0.0001089506002884
2021-09-20,ABBV/UNH,0.0033923734785064,0.0033923734785064,0.0,16,0.3,0.0010177120435519
2021-09-20,TGT/WMT,-0.0,-0.0,0.0,16,0.35,-0.0
2021-09-20,TLH/TLT,-0.000489415133722,-0.000489415133722,0.0,16,0.35,-0.0001712952968027
2021-09-21,ABBV/UNH,0.0038195656389657,0.0038195656389657,0.0,16,0.3,0.0011458696916897
2021-09-21,TGT/WMT,0.0,0.0,0.0,16,0.35,0.0
2021-09-21,TLH/TLT,0.0002374436530639,0.0002374436530639,0.0,16,0.35,8.31052785723999e-05
2021-09-22,ABBV/UNH,0.0013200473562593,0.0013200473562593,0.0,16,0.3,0.0003960142068777
2021-09-22,TGT/WMT,-0.0,-0.0,0.0,16,0.35,-0.0
2021-09-22,TLH/TLT,0.0001195203095513,0.0001195203095513,0.0,16,0.35,4.18321083429749e-05
2021-09-23,ABBV/UNH,0.0051171664688294,0.0051171664688294,0.0,16,0.3,0.0015351499406488
2021-09-23,TGT/WMT,-0.0,-0.0,0.0,16,0.35,-0.0
2021-09-23,TLH/TLT,0.0004969166186064,0.0004969166186064,0.0,16,0.35,0.0001739208165122
2021-09-24,ABBV/UNH,-7.160615977319471e-05,-7.160615977319471e-05,0.0,16,0.3,-2.148184793195841e-05
2021-09-24,TGT/WMT,0.0,0.0,0.0,16,0.35,0.0
2021-09-24,TLH/TLT,0.0002781283361532,0.0002781283361532,0.0,16,0.35,9.734491765362732e-05
2021-09-27,ABBV/UNH,-0.001,-0.0,1.0,16,0.3,-0.0003
2021-09-27,TGT/WMT,-0.0,-0.0,0.0,16,0.35,-0.0
2021-09-27,TLH/TLT,-0.0007117295433006,-0.0007117295433006,0.0,16,0.35,-0.0002491053401552
2021-09-28,ABBV/UNH,-0.0,-0.0,0.0,16,0.3,-0.0
2021-09-28,TGT/WMT,-0.0,-0.0,0.0,16,0.35,-0.0
2021-09-28,TLH/TLT,0.0004923905910983,0.0004923905910983,0.0,16,0.35,0.0001723367068844
2021-09-29,ABBV/UNH,-0.0,-0.0,0.0,16,0.3,-0.0
2021-09-29,TGT/WMT,-0.0,-0.0,0.0,16,0.35,-0.0
2021-09-29,TLH/TLT,-0.0001655260064394,-0.0001655260064394,0.0,16,0.35,-5.793410225381392e-05
2021-09-30,ABBV/UNH,-0.0093744946289181,-0.0083744946289181,1.0,16,0.3,-0.0028123483886754
2021-09-30,TGT/WMT,0.0,0.0,0.0,16,0.35,0.0
2021-09-30,TLH/TLT,0.0002884167109964,0.0002884167109964,0.0,16,0.35,0.0001009458488487
2021-10-01,ABBV/UNH,-0.0031351136576466,-0.0031351136576466,0.0,16,0.3,-0.000940534097294
2021-10-01,TGT/WMT,-0.0,-0.0,0.0,16,0.35,-0.0
2021-10-01,TLH/TLT,-0.0003005152274563,-0.0003005152274563,0.0,16,0.35,-0.0001051803296097
2021-10-04,ABBV/UNH,-0.0056466143739222,-0.0056466143739222,0.0,16,0.3,-0.0016939843121766
2021-10-04,TGT/WMT,-0.0059331038083428,-0.0049331038083428,1.0,16,0.35,-0.0020765863329199
2021-10-04,TLH/TLT,0.0002281885712452,0.0002281885712452,0.0,16,0.35,7.986599993584708e-05
2021-10-05,COST/WMT,0.0,0.0,0.0,17,0.2479215724811199,0.0
2021-10-05,COP/CVX,0.0,0.0,0.0,17,0.2172590699081879,0.0
2021-10-05,HD/LOW,0.0,0.0,0.0,17,0.1848193576106922,0.0
2021-10-05,EEM/VWO,-0.0,-0.0,0.0,17,0.35,-0.0
2021-10-06,COST/WMT,0.0,0.0,0.0,17,0.2479215724811199,0.0
2021-10-06,COP/CVX,0.0066889433695808,0.0076889433695808,1.0,17,0.2172590699081879,0.0014532336151436
2021-10-06,HD/LOW,0.0,0.0,0.0,17,0.1848193576106922,0.0
2021-10-06,EEM/VWO,-0.0,-0.0,0.0,17,0.35,-0.0
2021-10-07,COST/WMT,-0.0,-0.0,0.0,17,0.2479215724811199,-0.0
2021-10-07,COP/CVX,-0.0067145118901375,-0.0067145118901375,0.0,17,0.2172590699081879,-0.0014587886081387
2021-10-07,HD/LOW,0.0,0.0,0.0,17,0.1848193576106922,0.0
2021-10-07,EEM/VWO,-0.0,-0.0,0.0,17,0.35,-0.0
2021-10-08,COST/WMT,-0.0,-0.0,0.0,17,0.2479215724811199,-0.0
2021-10-08,COP/CVX,-0.012188614404766,-0.012188614404766,0.0,17,0.2172590699081879,-0.002648087029049
2021-10-08,HD/LOW,-0.0,-0.0,0.0,17,0.1848193576106922,-0.0
2021-10-08,EEM/VWO,-0.0,-0.0,0.0,17,0.35,-0.0
2021-10-11,COST/WMT,-0.0,-0.0,0.0,17,0.2479215724811199,-0.0
2021-10-11,COP/CVX,0.0053822732585188,0.0053822732585188,0.0,17,0.2172590699081879,0.0011693476821375
2021-10-11,HD/LOW,0.0,0.0,0.0,17,0.1848193576106922,0.0
2021-10-11,EEM/VWO,0.0,0.0,0.0,17,0.35,0.0
2021-10-12,COST/WMT,-0.0,-0.0,0.0,17,0.2479215724811199,-0.0
2021-10-12,COP/CVX,-0.0013061584075389,-0.0013061584075389,0.0,17,0.2172590699081879,-0.0002837747607746
2021-10-12,HD/LOW,-0.0,-0.0,0.0,17,0.1848193576106922,-0.0
2021-10-12,EEM/VWO,-0.0,-0.0,0.0,17,0.35,-0.0
2021-10-13,COST/WMT,0.0,0.0,0.0,17,0.2479215724811199,0.0
2021-10-13,COP/CVX,-0.0054305753026291,-0.0054305753026291,0.0,17,0.2172590699081879,-0.0011798417393155
2021-10-13,HD/LOW,-0.0,-0.0,0.0,17,0.1848193576106922,-0.0
2021-10-13,EEM/VWO,-0.0,-0.0,0.0,17,0.35,-0.0
2021-10-14,COST/WMT,0.0,0.0,0.0,17,0.2479215724811199,0.0
2021-10-14,COP/CVX,-0.006643015347896,-0.006643015347896,0.0,17,0.2172590699081879,-0.0014432553358697
2021-10-14,HD/LOW,0.0,0.0,0.0,17,0.1848193576106922,0.0
2021-10-14,EEM/VWO,0.0,0.0,0.0,17,0.35,0.0
2021-10-15,COST/WMT,-0.0,-0.0,0.0,17,0.2479215724811199,-0.0
2021-10-15,COP/CVX,-0.0055359581600492,-0.0055359581600492,0.0,17,0.2172590699081879,-0.0012027371209029
2021-10-15,HD/LOW,0.0,0.0,0.0,17,0.1848193576106922,0.0
2021-10-15,EEM/VWO,-0.0,-0.0,0.0,17,0.35,-0.0
2021-10-18,COST/WMT,0.0,0.0,0.0,17,0.2479215724811199,0.0
2021-10-18,COP/CVX,0.0011858504364794,0.0011858504364794,0.0,17,0.2172590699081879,0.0002576367628797
2021-10-18,HD/LOW,0.0,0.0,0.0,17,0.1848193576106922,0.0
2021-10-18,EEM/VWO,-0.0,-0.0,0.0,17,0.35,-0.0
2021-10-19,COST/WMT,-0.0,-0.0,0.0,17,0.2479215724811199,-0.0
2021-10-19,COP/CVX,-0.0142908513683433,-0.0142908513683433,0.0,17,0.2172590699081879,-0.0031048170764824
2021-10-19,HD/LOW,0.0,0.0,0.0,17,0.1848193576106922,0.0
2021-10-19,EEM/VWO,-0.0,-0.0,0.0,17,0.35,-0.0
2021-10-20,COST/WMT,-0.0,-0.0,0.0,17,0.2479215724811199,-0.0
2021-10-20,COP/CVX,-0.0091280452157539,-0.0091280452157539,0.0,17,0.2172590699081879,-0.0019831506136545
2021-10-20,HD/LOW,-0.0,-0.0,0.0,17,0.1848193576106922,-0.0
2021-10-20,EEM/VWO,-0.0,-0.0,0.0,17,0.35,-0.0
2021-10-21,COST/WMT,0.0,0.0,0.0,17,0.2479215724811199,0.0
2021-10-21,COP/CVX,0.0067837221104547,0.0067837221104547,0.0,17,0.2172590699081879,0.001473825156233
2021-10-21,HD/LOW,0.0,0.0,0.0,17,0.1848193576106922,0.0
2021-10-21,EEM/VWO,0.0,0.0,0.0,17,0.35,0.0
2021-10-22,COST/WMT,0.0,0.0,0.0,17,0.2479215724811199,0.0
2021-10-22,COP/CVX,-0.0047785412566031,-0.0047785412566031,0.0,17,0.2172590699081879,-0.0010381814289275
2021-10-22,HD/LOW,-0.0,-0.0,0.0,17,0.1848193576106922,-0.0
2021-10-22,EEM/VWO,0.0,0.0,0.0,17,0.35,0.0
2021-10-25,COST/WMT,0.0,0.0,0.0,17,0.2479215724811199,0.0
2021-10-25,COP/CVX,-0.0053986814390132,-0.0053986814390132,0.0,17,0.2172590699081879,-0.0011729125081706
2021-10-25,HD/LOW,0.0,0.0,0.0,17,0.1848193576106922,0.0
2021-10-25,EEM/VWO,0.0,0.0,0.0,17,0.35,0.0
2021-10-26,COST/WMT,0.0002456293839305,0.0012456293839305,1.0,17,0.2479215724811199,6.089682311164088e-05
2021-10-26,COP/CVX,-0.000400208050124,-0.000400208050124,0.0,17,0.2172590699081879,-8.6948828739716e-05
2021-10-26,HD/LOW,-0.0,-0.0,0.0,17,0.1848193576106922,-0.0
2021-10-26,EEM/VWO,0.0,0.0,0.0,17,0.35,0.0
2021-10-27,COST/WMT,-0.007744260225534,-0.007744260225534,0.0,17,0.2479215724811199,-0.0019199691728173
2021-10-27,COP/CVX,0.0082128281423828,0.0082128281423828,0.0,17,0.2172590699081879,0.0017843114035298
2021-10-27,HD/LOW,0.0,0.0,0.0,17,0.1848193576106922,0.0
2021-10-27,EEM/VWO,-0.0,-0.0,0.0,17,0.35,-0.0
2021-10-28,COST/WMT,0.0002976546177772,0.0002976546177772,0.0,17,0.2479215724811199,7.379500089560285e-05
2021-10-28,COP/CVX,-0.0052496200416117,-0.0052496200416117,0.0,17,0.2172590699081879,-0.0011405275676119
2021-10-28,HD/LOW,-0.0,-0.0,0.0,17,0.1848193576106922,-0.0
2021-10-28,EEM/VWO,0.0,0.0,0.0,17,0.35,0.0
2021-10-29,COST/WMT,0.0017958535831955,0.0017958535831955,0.0,17,0.2479215724811199,0.0004452308442917
2021-10-29,COP/CVX,-0.0113717705735813,-0.0113717705735813,0.0,17,0.2172590699081879,-0.0024706202980255
2021-10-29,HD/LOW,-0.0,-0.0,0.0,17,0.1848193576106922,-0.0
2021-10-29,EEM/VWO,0.0,0.0,0.0,17,0.35,0.0
2021-11-01,COST/WMT,0.0007412622491367,0.0007412622491367,0.0,17,0.2479215724811199,0.0001837749024268
2021-11-01,COP/CVX,3.520046873990208e-05,3.520046873990208e-05,0.0,17,0.2172590699081879,7.64762109876337e-06
2021-11-01,HD/LOW,-0.0,-0.0,0.0,17,0.1848193576106922,-0.0
2021-11-01,EEM/VWO,-0.0,-0.0,0.0,17,0.35,-0.0
2021-11-02,COST/WMT,-0.0059468275895409,-0.0059468275895409,0.0,17,0.2479215724811199,-0.001474346847273
2021-11-02,COP/CVX,-0.0002129854650153,-0.0002129854650153,0.0,17,0.2172590699081879,-4.627302403320651e-05
2021-11-02,HD/LOW,-0.0,-0.0,0.0,17,0.1848193576106922,-0.0
2021-11-02,EEM/VWO,0.0,0.0,0.0,17,0.35,0.0
2021-11-03,COST/WMT,-0.0045374458976002,-0.0045374458976002,0.0,17,0.2479215724811199,-0.001124930721981
2021-11-03,COP/CVX,0.0045128918032443,0.0045128918032443,0.0,17,0.2172590699081879,0.0009804666757691
2021-11-03,HD/LOW,0.0,0.0,0.0,17,0.1848193576106922,0.0
2021-11-03,EEM/VWO,-0.0,-0.0,0.0,17,0.35,-0.0
2021-11-04,COST/WMT,-0.0112626916678238,-0.0112626916678238,0.0,17,0.2479215724811199,-0.0027922642286568
2021-11-04,COP/CVX,-0.0014051936117802,-0.0014051936117802,0.0,17,0.2172590699081879,-0.0003052910571363
2021-11-04,HD/LOW,-0.0,-0.0,0.0,17,0.1848193576106922,-0.0
2021-11-04,EEM/VWO,0.0,0.0,0.0,17,0.35,0.0
2021-11-05,COST/WMT,-0.0004684865722889,-0.0004684865722889,0.0,17,0.2479215724811199,-0.0001161479276881
2021-11-05,COP/CVX,-0.0007958894087702,-0.0007958894087702,0.0,17,0.2172590699081879,-0.0001729141926992
2021-11-05,HD/LOW,-0.0,-0.0,0.0,17,0.1848193576106922,-0.0
2021-11-05,EEM/VWO,-0.0,-0.0,0.0,17,0.35,-0.0
2021-11-08,COST/WMT,0.0070651082500485,0.0070651082500485,0.0,17,0.2479215724811199,0.0017515927471013
2021-11-08,COP/CVX,-0.0010408803502429,-0.0010408803502429,0.0,17,0.2172590699081879,-0.0002261406967794
2021-11-08,HD/LOW,0.0,0.0,0.0,17,0.1848193576106922,0.0
2021-11-08,EEM/VWO,-0.0,-0.0,0.0,17,0.35,-0.0
2021-11-09,COST/WMT,-0.0037605647927479,-0.0037605647927479,0.0,17,0.2479215724811199,-0.0009323251368352
2021-11-09,COP/CVX,-0.0060835276729851,-0.0060835276729851,0.0,17,0.2172590699081879,-0.0013217015639934
2021-11-09,HD/LOW,0.0,0.0,0.0,17,0.1848193576106922,0.0
2021-11-09,EEM/VWO,-0.0,-0.0,0.0,17,0.35,-0.0
2021-11-10,COST/WMT,-0.0006231831468047,-0.0006231831468047,0.0,17,0.2479215724811199,-0.0001545005456995
2021-11-10,COP/CVX,0.002201706918919,0.002201706918919,0.0,17,0.2172590699081879,0.0004783407974147
2021-11-10,HD/LOW,-0.0,-0.0,0.0,17,0.1848193576106922,-0.0
2021-11-10,EEM/VWO,-0.0,-0.0,0.0,17,0.35,-0.0
2021-11-11,COST/WMT,-0.0070498226121146,-0.0070498226121146,0.0,17,0.2479215724811199,-0.0017478031077084
2021-11-11,COP/CVX,-0.0032174735523328,-0.0032174735523328,0.0,17,0.2172590699081879,-0.000699025311434
2021-11-11,HD/LOW,-0.0,-0.0,0.0,17,0.1848193576106922,-0.0
2021-11-11,EEM/VWO,-0.0,-0.0,0.0,17,0.35,-0.0
2021-11-12,COST/WMT,-0.007590738969226,-0.007590738969226,0.0,17,0.2479215724811199,-0.0018819079415442
2021-11-12,COP/CVX,0.0003824409383571,0.0003824409383571,0.0,17,0.2172590699081879,8.308876256228708e-05
2021-11-12,HD/LOW,0.0,0.0,0.0,17,0.1848193576106922,0.0
2021-11-12,EEM/VWO,0.0,0.0,0.0,17,0.35,0.0
2021-11-15,COST/WMT,-0.0054824953239964,-0.0054824953239964,0.0,17,0.2479215724811199,-0.0013592288618455
2021-11-15,COP/CVX,-0.0150540719352836,-0.0150540719352836,0.0,17,0.2172590699081879,-0.0032706336669906
2021-11-15,HD/LOW,0.0,0.0,0.0,17,0.1848193576106922,0.0
2021-11-15,EEM/VWO,-0.0,-0.0,0.0,17,0.35,-0.0
2021-11-16,COST/WMT,-0.0187147022129504,-0.0187147022129504,0.0,17,0.2479215724811199,-0.0046397784011505
2021-11-16,COP/CVX,-0.001,0.0,1.0,17,0.2172590699081879,-0.0002172590699081
2021-11-16,HD/LOW,0.0,0.0,0.0,17,0.1848193576106922,0.0
2021-11-16,EEM/VWO,0.0,0.0,0.0,17,0.35,0.0
2021-11-17,COST/WMT,-0.001,0.0,1.0,17,0.2479215724811199,-0.0002479215724811
2021-11-17,COP/CVX,-0.0,-0.0,0.0,17,0.2172590699081879,-0.0
2021-11-17,HD/LOW,-0.0030025406213289,-0.0020025406213289,1.0,17,0.1848193576106922,-0.000554927628834
2021-11-17,EEM/VWO,-0.0,-0.0,0.0,17,0.35,-0.0
2021-11-18,COST/WMT,-0.0003370395775345,0.0006629604224654,1.0,17,0.2479215724811199,-8.35593820507288e-05
2021-11-18,COP/CVX,-0.0,-0.0,0.0,17,0.2172590699081879,-0.0
2021-11-18,HD/LOW,-0.0129451605044358,-0.0129451605044358,0.0,17,0.1848193576106922,-0.0023925162485971
2021-11-18,EEM/VWO,0.0,0.0,0.0,17,0.35,0.0
2021-11-19,COST/WMT,-0.0070093384756424,-0.0070093384756424,0.0,17,0.2479215724811199,-0.0017377662169336
2021-11-19,COP/CVX,-0.0,-0.0,0.0,17,0.2172590699081879,-0.0
2021-11-19,HD/LOW,-0.0002112629963239,-0.0002112629963239,0.0,17,0.1848193576106922,-3.9045491267502e-05
2021-11-19,EEM/VWO,0.0,0.0,0.0,17,0.35,0.0
2021-11-22,COST/WMT,0.0015522984207201,0.0015522984207201,0.0,17,0.2479215724811199,0.0003848482654249
2021-11-22,COP/CVX,0.0,0.0,0.0,17,0.2172590699081879,0.0
2021-11-22,HD/LOW,0.0048265999901909,0.0048265999901909,0.0,17,0.1848193576106922,0.0008920491096308
2021-11-22,EEM/VWO,0.0,0.0,0.0,17,0.35,0.0
2021-11-23,COST/WMT,-0.0024825109137019,-0.0024825109137019,0.0,17,0.2479215724811199,-0.0006154680094265
2021-11-23,COP/CVX,0.0,0.0,0.0,17,0.2172590699081879,0.0
2021-11-23,HD/LOW,-0.0001956943986887,-0.0001956943986887,0.0,17,0.1848193576106922,-3.616811305366092e-05
2021-11-23,EEM/VWO,-0.0,-0.0,0.0,17,0.35,-0.0
2021-11-24,COST/WMT,-0.0022216431424452,-0.0022216431424452,0.0,17,0.2479215724811199,-0.0005507932613669
2021-11-24,COP/CVX,0.0,0.0,0.0,17,0.2172590699081879,0.0
2021-11-24,HD/LOW,-0.0038205216199196,-0.0038205216199196,0.0,17,0.1848193576106922,-0.0007061063515313
2021-11-24,EEM/VWO,0.0,0.0,0.0,17,0.35,0.0
2021-11-26,COST/WMT,-0.0014913950576545,-0.0014913950576545,0.0,17,0.2479215724811199,-0.0003697490078842
2021-11-26,COP/CVX,-0.0,-0.0,0.0,17,0.2172590699081879,-0.0
2021-11-26,HD/LOW,0.0039026152882179,0.0039026152882179,0.0,17,0.1848193576106922,0.0007212788505701
2021-11-26,EEM/VWO,0.0,0.0,0.0,17,0.35,0.0
2021-11-29,COST/WMT,-0.0158603810237574,-0.0158603810237574,0.0,17,0.2479215724811199,-0.0039321306035596
2021-11-29,COP/CVX,-0.0,-0.0,0.0,17,0.2172590699081879,-0.0
2021-11-29,HD/LOW,-0.0040195838063493,-0.0040195838063493,0.0,17,0.1848193576106922,-0.0007428968969518
2021-11-29,EEM/VWO,0.0,0.0,0.0,17,0.35,0.0
2021-11-30,COST/WMT,0.0089051339473913,0.0089051339473913,0.0,17,0.2479215724811199,0.0022077748113922
2021-11-30,COP/CVX,-0.0,-0.0,0.0,17,0.2172590699081879,-0.0
2021-11-30,HD/LOW,0.0011418364365805,0.0011418364365805,0.0,17,0.1848193576106922,0.0002110334767052
2021-11-30,EEM/VWO,-0.0,-0.0,0.0,17,0.35,-0.0
2021-12-01,COST/WMT,-0.0015866011311204,-0.0015866011311204,0.0,17,0.2479215724811199,-0.0003933526473276
2021-12-01,COP/CVX,-0.0,-0.0,0.0,17,0.2172590699081879,-0.0
2021-12-01,HD/LOW,-0.0006125496422435,-0.0006125496422435,0.0,17,0.1848193576106922,-0.0001132110313841
2021-12-01,EEM/VWO,0.0,0.0,0.0,17,0.35,0.0
2021-12-02,COST/WMT,-0.0010496245786811,-0.0010496245786811,0.0,17,0.2479215724811199,-0.0002602245760614
2021-12-02,COP/CVX,0.0,0.0,0.0,17,0.2172590699081879,0.0
2021-12-02,HD/LOW,-0.0006550017898233,-0.0006550017898233,0.0,17,0.1848193576106922,-0.000121057010029
2021-12-02,EEM/VWO,-0.0,-0.0,0.0,17,0.35,-0.0
2021-12-03,COST/WMT,0.003260339892708,0.003260339892708,0.0,17,0.2479215724811199,0.0008083085930231
2021-12-03,COP/CVX,-0.0,-0.0,0.0,17,0.2172590699081879,-0.0
2021-12-03,HD/LOW,-0.0031494093973656,-0.0031494093973656,0.0,17,0.1848193576106922,-0.0005820718216742
2021-12-03,EEM/VWO,0.0,0.0,0.0,17,0.35,0.0
2021-12-06,COST/WMT,0.0004912083971386,0.0004912083971386,0.0,17,0.2479215724811199,0.0001217811582345
2021-12-06,COP/CVX,0.0,0.0,0.0,17,0.2172590699081879,0.0
2021-12-06,HD/LOW,-0.0059136572569282,-0.0059136572569282,0.0,17,0.1848193576106922,-0.0010929583353552
2021-12-06,EEM/VWO,-0.0,-0.0,0.0,17,0.35,-0.0
2021-12-07,COST/WMT,-0.0105160957053769,-0.0105160957053769,0.0,17,0.2479215724811199,-0.002607166983639
2021-12-07,COP/CVX,0.0,0.0,0.0,17,0.2172590699081879,0.0
2021-12-07,HD/LOW,0.0098482060581565,0.0098482060581565,0.0,17,0.1848193576106922,0.0018201391172862
2021-12-07,EEM/VWO,-0.0,-0.0,0.0,17,0.35,-0.0
2021-12-08,COST/WMT,0.0074326690762344,0.0074326690762344,0.0,17,0.2479215724811199,0.0018427190051118
2021-12-08,COP/CVX,0.0,0.0,0.0,17,0.2172590699081879,0.0
2021-12-08,HD/LOW,-0.001,-0.0,1.0,17,0.1848193576106922,-0.0001848193576106
2021-12-08,EEM/VWO,-0.0,-0.0,0.0,17,0.35,-0.0
2021-12-09,COST/WMT,0.0122659127594204,0.0122659127594204,0.0,17,0.2479215724811199,0.0030409843792317
2021-12-09,COP/CVX,0.0,0.0,0.0,17,0.2172590699081879,0.0
2021-12-09,HD/LOW,-0.0,-0.0,0.0,17,0.1848193576106922,-0.0
2021-12-09,EEM/VWO,0.0,0.0,0.0,17,0.35,0.0
2021-12-10,COST/WMT,-0.0277450700752029,-0.0277450700752029,0.0,17,0.2479215724811199,-0.0068786014016431
2021-12-10,COP/CVX,0.0021008105634762,0.0031008105634762,1.0,17,0.2172590699081879,0.0004564201490741
2021-12-10,HD/LOW,-0.0,-0.0,0.0,17,0.1848193576106922,-0.0
2021-12-10,EEM/VWO,-0.0,-0.0,0.0,17,0.35,-0.0
2021-12-13,COST/WMT,0.0097438867770823,0.0097438867770823,0.0,17,0.2479215724811199,0.0024157197318522
2021-12-13,COP/CVX,0.0028417190379304,0.0028417190379304,0.0,17,0.2172590699081879,0.0006173892351211
2021-12-13,HD/LOW,-0.0,-0.0,0.0,17,0.1848193576106922,-0.0
2021-12-13,EEM/VWO,0.0,0.0,0.0,17,0.35,0.0
2021-12-14,COST/WMT,0.0159664833935816,0.0159664833935816,0.0,17,0.2479215724811199,0.0039584356699304
2021-12-14,COP/CVX,-0.0035503172075129,-0.0035503172075129,0.0,17,0.2172590699081879,-0.0007713386143832
2021-12-14,HD/LOW,0.0,0.0,0.0,17,0.1848193576106922,0.0
2021-12-14,EEM/VWO,0.0,0.0,0.0,17,0.35,0.0
2021-12-15,COST/WMT,-0.0176127159153743,-0.0176127159153743,0.0,17,0.2479215724811199,-0.0043665722254028
2021-12-15,COP/CVX,0.0039218196834655,0.0039218196834655,0.0,17,0.2172590699081879,0.0008520508967773
2021-12-15,HD/LOW,-0.0,-0.0,0.0,17,0.1848193576106922,-0.0
2021-12-15,EEM/VWO,0.0,0.0,0.0,17,0.35,0.0
2021-12-16,COST/WMT,-0.001,-0.0,1.0,17,0.2479215724811199,-0.0002479215724811
2021-12-16,COP/CVX,-0.0014933383735461,-0.0014933383735461,0.0,17,0.2172590699081879,-0.0003244413060948
2021-12-16,HD/LOW,-0.0,-0.0,0.0,17,0.1848193576106922,-0.0
2021-12-16,EEM/VWO,-0.0,-0.0,0.0,17,0.35,-0.0
2021-12-17,COST/WMT,0.0,0.0,0.0,17,0.2479215724811199,0.0
2021-12-17,COP/CVX,0.0026572096963438,0.0026572096963438,0.0,17,0.2172590699081879,0.0005773029071786
2021-12-17,HD/LOW,-0.0,-0.0,0.0,17,0.1848193576106922,-0.0
2021-12-17,EEM/VWO,0.0,0.0,0.0,17,0.35,0.0
2021-12-20,COST/WMT,-0.0,-0.0,0.0,17,0.2479215724811199,-0.0
2021-12-20,COP/CVX,-0.0003400305198841,-0.0003400305198841,0.0,17,0.2172590699081879,-7.387471449042963e-05
2021-12-20,HD/LOW,0.0,0.0,0.0,17,0.1848193576106922,0.0
2021-12-20,EEM/VWO,0.0,0.0,0.0,17,0.35,0.0
2021-12-21,COST/WMT,-0.0,-0.0,0.0,17,0.2479215724811199,-0.0
2021-12-21,COP/CVX,-0.0001907817968871,-0.0001907817968871,0.0,17,0.2172590699081879,-4.1449075747108905e-05
2021-12-21,HD/LOW,-0.0,-0.0,0.0,17,0.1848193576106922,-0.0
2021-12-21,EEM/VWO,-0.0,-0.0,0.0,17,0.35,-0.0
2021-12-22,COST/WMT,0.0,0.0,0.0,17,0.2479215724811199,0.0
2021-12-22,COP/CVX,-0.0018182553458268,-0.0018182553458268,0.0,17,0.2172590699081879,-0.0003950324652899
2021-12-22,HD/LOW,0.0,0.0,0.0,17,0.1848193576106922,0.0
2021-12-22,EEM/VWO,-0.0,-0.0,0.0,17,0.35,-0.0
2021-12-23,COST/WMT,0.0,0.0,0.0,17,0.2479215724811199,0.0
2021-12-23,COP/CVX,-0.001049638086266,-0.001049638086266,0.0,17,0.2172590699081879,-0.0002280433943623
2021-12-23,HD/LOW,0.0,0.0,0.0,17,0.1848193576106922,0.0
2021-12-23,EEM/VWO,-0.0,-0.0,0.0,17,0.35,-0.0
2021-12-27,COST/WMT,0.0,0.0,0.0,17,0.2479215724811199,0.0
2021-12-27,COP/CVX,-0.0035799853955906,-0.0035799853955906,0.0,17,0.2172590699081879,-0.0007777842973309
2021-12-27,HD/LOW,0.0,0.0,0.0,17,0.1848193576106922,0.0
2021-12-27,EEM/VWO,0.0,0.0,0.0,17,0.35,0.0
2021-12-28,COST/WMT,-0.0,-0.0,0.0,17,0.2479215724811199,-0.0
2021-12-28,COP/CVX,0.0008378305951507,0.0008378305951507,0.0,17,0.2172590699081879,0.000182026295843
2021-12-28,HD/LOW,0.0,0.0,0.0,17,0.1848193576106922,0.0
2021-12-28,EEM/VWO,0.0,0.0,0.0,17,0.35,0.0
2021-12-29,COST/WMT,0.0,0.0,0.0,17,0.2479215724811199,0.0
2021-12-29,COP/CVX,0.0023967434121617,0.0023967434121617,0.0,17,0.2172590699081879,0.0005207142445348
2021-12-29,HD/LOW,-0.0,-0.0,0.0,17,0.1848193576106922,-0.0
2021-12-29,EEM/VWO,0.0,0.0,0.0,17,0.35,0.0
2021-12-30,COST/WMT,-0.0,-0.0,0.0,17,0.2479215724811199,-0.0
2021-12-30,COP/CVX,-0.0002134527509585,-0.0002134527509585,0.0,17,0.2172590699081879,-4.637454614260164e-05
2021-12-30,HD/LOW,0.0,0.0,0.0,17,0.1848193576106922,0.0
2021-12-30,EEM/VWO,-0.0,-0.0,0.0,17,0.35,-0.0
2021-12-31,COST/WMT,-0.0,-0.0,0.0,17,0.2479215724811199,-0.0
2021-12-31,COP/CVX,0.0009298670923849,0.0009298670923849,0.0,17,0.2172590699081879,0.0002020220596297
2021-12-31,HD/LOW,0.0,0.0,0.0,17,0.1848193576106922,0.0
2021-12-31,EEM/VWO,-0.0,-0.0,0.0,17,0.35,-0.0
2022-01-03,COST/WMT,-0.0,-0.0,0.0,17,0.2479215724811199,-0.0
2022-01-03,COP/CVX,-0.0027493635003815,-0.0027493635003815,0.0,17,0.2172590699081879,-0.0005973241569324
2022-01-03,HD/LOW,-0.0,-0.0,0.0,17,0.1848193576106922,-0.0
2022-01-03,EEM/VWO,-0.001606001703005,-0.000606001703005,1.0,17,0.35,-0.0005621005960517
2022-01-04,ABBV/JNJ,0.0,0.0,0.0,18,0.2549906667149905,0.0
2022-01-04,COST/WMT,0.0,0.0,0.0,18,0.2229396294646316,0.0
2022-01-04,HD/LOW,-0.0,-0.0,0.0,18,0.1720697038203779,-0.0
2022-01-04,QQQ/XLK,-0.0,-0.0,0.0,18,0.35,-0.0
2022-01-05,ABBV/JNJ,-0.0,-0.0,0.0,18,0.2549906667149905,-0.0
2022-01-05,COST/WMT,-0.0,-0.0,0.0,18,0.2229396294646316,-0.0
2022-01-05,HD/LOW,0.0,0.0,0.0,18,0.1720697038203779,0.0
2022-01-05,QQQ/XLK,0.0,0.0,0.0,18,0.35,0.0
2022-01-06,ABBV/JNJ,0.0,0.0,0.0,18,0.2549906667149905,0.0
2022-01-06,COST/WMT,0.0001371068471632,0.0011371068471632,1.0,18,0.2229396294646316,3.0566549703646194e-05
2022-01-06,HD/LOW,-0.0,-0.0,0.0,18,0.1720697038203779,-0.0
2022-01-06,QQQ/XLK,0.0,0.0,0.0,18,0.35,0.0
2022-01-07,ABBV/JNJ,-0.0,-0.0,0.0,18,0.2549906667149905,-0.0
2022-01-07,COST/WMT,-0.0178952531700149,-0.0178952531700149,0.0,18,0.2229396294646316,-0.0039895611108988
2022-01-07,HD/LOW,-0.0,-0.0,0.0,18,0.1720697038203779,-0.0
2022-01-07,QQQ/XLK,-0.0,-0.0,0.0,18,0.35,-0.0
2022-01-10,ABBV/JNJ,0.0,0.0,0.0,18,0.2549906667149905,0.0
2022-01-10,COST/WMT,-0.0169611686940531,-0.0169611686940531,0.0,18,0.2229396294646316,-0.0037813166639393
2022-01-10,HD/LOW,-0.0,-0.0,0.0,18,0.1720697038203779,-0.0
2022-01-10,QQQ/XLK,0.0,0.0,0.0,18,0.35,0.0
2022-01-11,ABBV/JNJ,0.0,0.0,0.0,18,0.2549906667149905,0.0
2022-01-11,COST/WMT,-0.001,0.0,1.0,18,0.2229396294646316,-0.0002229396294646
2022-01-11,HD/LOW,-0.0054592102284269,-0.0044592102284269,1.0,18,0.1720697038203779,-0.0009393646870986
2022-01-11,QQQ/XLK,0.0,0.0,0.0,18,0.35,0.0
2022-01-12,ABBV/JNJ,0.0,0.0,0.0,18,0.2549906667149905,0.0
2022-01-12,COST/WMT,0.0,0.0,0.0,18,0.2229396294646316,0.0
2022-01-12,HD/LOW,0.0015787143828704,0.0015787143828704,0.0,18,0.1720697038203779,0.0002716489162774
2022-01-12,QQQ/XLK,-0.0,-0.0,0.0,18,0.35,-0.0
2022-01-13,ABBV/JNJ,-0.0,-0.0,0.0,18,0.2549906667149905,-0.0
2022-01-13,COST/WMT,-0.0,-0.0,0.0,18,0.2229396294646316,-0.0
2022-01-13,HD/LOW,-0.0033308953004591,-0.0033308953004591,0.0,18,0.1720697038203779,-0.0005731461678066
2022-01-13,QQQ/XLK,0.0,0.0,0.0,18,0.35,0.0
2022-01-14,ABBV/JNJ,0.0,0.0,0.0,18,0.2549906667149905,0.0
2022-01-14,COST/WMT,-0.0,-0.0,0.0,18,0.2229396294646316,-0.0
2022-01-14,HD/LOW,-0.0076710731573117,-0.0076710731573117,0.0,18,0.1720697038203779,-0.001319959286163
2022-01-14,QQQ/XLK,-0.0,-0.0,0.0,18,0.35,-0.0
2022-01-18,ABBV/JNJ,-0.006223959254006,-0.005223959254006,1.0,18,0.2549906667149905,-0.0015870515197859
2022-01-18,COST/WMT,-0.009715528784827,-0.008715528784827,1.0,18,0.2229396294646316,-0.0021659763873423
2022-01-18,HD/LOW,0.0001788506475614,0.0001788506475614,0.0,18,0.1720697038203779,3.0774777953984375e-05
2022-01-18,QQQ/XLK,-0.0,-0.0,0.0,18,0.35,-0.0
2022-01-19,ABBV/JNJ,0.0020833339930963,0.0020833339930963,0.0,18,0.2549906667149905,0.0005312307238896
2022-01-19,COST/WMT,-0.0020401331910712,-0.0020401331910712,0.0,18,0.2229396294646316,-0.0004548265376759
2022-01-19,HD/LOW,-0.0033329703628954,-0.0033329703628954,0.0,18,0.1720697038203779,-0.0005735032231855
2022-01-19,QQQ/XLK,0.0,0.0,0.0,18,0.35,0.0
2022-01-20,ABBV/JNJ,0.0006004170461875,0.0006004170461875,0.0,18,0.2549906667149905,0.0001531007429144
2022-01-20,COST/WMT,2.7089702878404454e-05,2.7089702878404454e-05,0.0,18,0.2229396294646316,6.039368322018454e-06
2022-01-20,HD/LOW,0.0056106888800432,0.0056106888800432,0.0,18,0.1720697038203779,0.0009654295738173
2022-01-20,QQQ/XLK,-0.0,-0.0,0.0,18,0.35,-0.0
2022-01-21,ABBV/JNJ,0.0013299046557722,0.0013299046557722,0.0,18,0.2549906667149905,0.0003391132748427
2022-01-21,COST/WMT,0.0018342637909425,0.0018342637909425,0.0,18,0.2229396294646316,0.0004089300898931
2022-01-21,HD/LOW,-0.0029644108185322,-0.0029644108185322,0.0,18,0.1720697038203779,-0.0005100852915467
2022-01-21,QQQ/XLK,-0.0,-0.0,0.0,18,0.35,-0.0
2022-01-24,ABBV/JNJ,-0.0079060044735523,-0.0079060044735523,0.0,18,0.2549906667149905,-0.0020159573517628
2022-01-24,COST/WMT,-0.001,0.0,1.0,18,0.2229396294646316,-0.0002229396294646
2022-01-24,HD/LOW,0.0081107414786386,0.0081107414786386,0.0,18,0.1720697038203779,0.001395612883993
2022-01-24,QQQ/XLK,-0.0,-0.0,0.0,18,0.35,-0.0
2022-01-25,ABBV/JNJ,0.0159060510674212,0.0159060510674212,0.0,18,0.2549906667149905,0.0040558945664844
2022-01-25,COST/WMT,-0.0,-0.0,0.0,18,0.2229396294646316,-0.0
2022-01-25,HD/LOW,-0.0026426227163083,-0.0026426227163083,0.0,18,0.1720697038203779,-0.0004547153081041
2022-01-25,QQQ/XLK,-0.0,-0.0,0.0,18,0.35,-0.0
2022-01-26,ABBV/JNJ,-0.0001691145978553,-0.0001691145978553,0.0,18,0.2549906667149905,-4.3122644058375166e-05
2022-01-26,COST/WMT,0.0,0.0,0.0,18,0.2229396294646316,0.0
2022-01-26,HD/LOW,0.0012050943672552,0.0012050943672552,0.0,18,0.1720697038203779,0.0002073602308492
2022-01-26,QQQ/XLK,-0.0,-0.0,0.0,18,0.35,-0.0
2022-01-27,ABBV/JNJ,0.0038353301599684,0.0038353301599684,0.0,18,0.2549906667149905,0.0009779733945624
2022-01-27,COST/WMT,-0.0,-0.0,0.0,18,0.2229396294646316,-0.0
2022-01-27,HD/LOW,0.0030445484961037,0.0030445484961037,0.0,18,0.1720697038203779,0.0005238745579913
2022-01-27,QQQ/XLK,-0.0,-0.0,0.0,18,0.35,-0.0
2022-01-28,ABBV/JNJ,-0.0005774467065599,-0.0005774467065599,0.0,18,0.2549906667149905,-0.0001472435206981
2022-01-28,COST/WMT,0.0,0.0,0.0,18,0.2229396294646316,0.0
2022-01-28,HD/LOW,-0.001,-0.0,1.0,18,0.1720697038203779,-0.0001720697038203
2022-01-28,QQQ/XLK,-0.0072085361127628,-0.0062085361127628,1.0,18,0.35,-0.002522987639467
2022-01-31,ABBV/JNJ,0.0045334999260592,0.0045334999260592,0.0,18,0.2549906667149905,0.0011560001686981
2022-01-31,COST/WMT,0.0,0.0,0.0,18,0.2229396294646316,0.0
2022-01-31,HD/LOW,-0.0,-0.0,0.0,18,0.1720697038203779,-0.0
2022-01-31,QQQ/XLK,-0.001,0.0,1.0,18,0.35,-0.00035
2022-02-01,ABBV/JNJ,-0.0055558805617462,-0.0055558805617462,0.0,18,0.2549906667149905,-0.0014166976886285
2022-02-01,COST/WMT,0.0,0.0,0.0,18,0.2229396294646316,0.0
2022-02-01,HD/LOW,0.0,0.0,0.0,18,0.1720697038203779,0.0
2022-02-01,QQQ/XLK,0.0011018430480576,0.0021018430480576,1.0,18,0.35,0.0003856450668201
2022-02-02,ABBV/JNJ,0.0029112677769602,0.0029112677769602,0.0,18,0.2549906667149905,0.0007423461114329
2022-02-02,COST/WMT,0.0,0.0,0.0,18,0.2229396294646316,0.0
2022-02-02,HD/LOW,0.0,0.0,0.0,18,0.1720697038203779,0.0
2022-02-02,QQQ/XLK,-7.525873240100206e-06,-7.525873240100206e-06,0.0,18,0.35,-2.634055634035072e-06
2022-02-03,ABBV/JNJ,-0.0054574183223993,-0.0054574183223993,0.0,18,0.2549906667149905,-0.0013915907365712
2022-02-03,COST/WMT,0.0,0.0,0.0,18,0.2229396294646316,0.0
2022-02-03,HD/LOW,-0.0,-0.0,0.0,18,0.1720697038203779,-0.0
2022-02-03,QQQ/XLK,-0.0057389717641247,-0.0057389717641247,0.0,18,0.35,-0.0020086401174436
2022-02-04,ABBV/JNJ,-0.0040092271960656,-0.0040092271960656,0.0,18,0.2549906667149905,-0.0010223155157366
2022-02-04,COST/WMT,0.0,0.0,0.0,18,0.2229396294646316,0.0
2022-02-04,HD/LOW,0.0,0.0,0.0,18,0.1720697038203779,0.0
2022-02-04,QQQ/XLK,0.0042883131869646,0.0042883131869646,0.0,18,0.35,0.0015009096154376
2022-02-07,ABBV/JNJ,-0.006898206816838,-0.006898206816838,0.0,18,0.2549906667149905,-0.0017589783553634
2022-02-07,COST/WMT,0.0,0.0,0.0,18,0.2229396294646316,0.0
2022-02-07,HD/LOW,0.0,0.0,0.0,18,0.1720697038203779,0.0
2022-02-07,QQQ/XLK,-0.0006960162767073,-0.0006960162767073,0.0,18,0.35,-0.0002436056968475
2022-02-08,ABBV/JNJ,-0.0007545092481317,-0.0007545092481317,0.0,18,0.2549906667149905,-0.0001923928162237
2022-02-08,COST/WMT,0.0,0.0,0.0,18,0.2229396294646316,0.0
2022-02-08,HD/LOW,-0.0,-0.0,0.0,18,0.1720697038203779,-0.0
2022-02-08,QQQ/XLK,-0.0005727250445386,-0.0005727250445386,0.0,18,0.35,-0.0002004537655885
2022-02-09,ABBV/JNJ,0.000693984725342,0.000693984725342,0.0,18,0.2549906667149905,0.0001769596278049
2022-02-09,COST/WMT,0.0,0.0,0.0,18,0.2229396294646316,0.0
2022-02-09,HD/LOW,0.0,0.0,0.0,18,0.1720697038203779,0.0
2022-02-09,QQQ/XLK,-0.000510702984997,-0.000510702984997,0.0,18,0.35,-0.0001787460447489
2022-02-10,ABBV/JNJ,-0.0065540414466356,-0.0065540414466356,0.0,18,0.2549906667149905,-0.0016712193981553
2022-02-10,COST/WMT,-0.0,-0.0,0.0,18,0.2229396294646316,-0.0
2022-02-10,HD/LOW,-0.0,-0.0,0.0,18,0.1720697038203779,-0.0
2022-02-10,QQQ/XLK,0.0017761848932721,0.0017761848932721,0.0,18,0.35,0.0006216647126452
2022-02-11,ABBV/JNJ,-0.0047523499220783,-0.0047523499220783,0.0,18,0.2549906667149905,-0.0012118048750936
2022-02-11,COST/WMT,-0.0,-0.0,0.0,18,0.2229396294646316,-0.0
2022-02-11,HD/LOW,-0.0,-0.0,0.0,18,0.1720697038203779,-0.0
2022-02-11,QQQ/XLK,-0.0005659452977786,-0.0005659452977786,0.0,18,0.35,-0.0001980808542225
2022-02-14,ABBV/JNJ,-0.001,0.0,1.0,18,0.2549906667149905,-0.0002549906667149
2022-02-14,COST/WMT,0.0,0.0,0.0,18,0.2229396294646316,0.0
2022-02-14,HD/LOW,0.0,0.0,0.0,18,0.1720697038203779,0.0
2022-02-14,QQQ/XLK,0.0007803932731314,0.0007803932731314,0.0,18,0.35,0.000273137645596
2022-02-15,ABBV/JNJ,0.0012662685391818,0.0022662685391818,1.0,18,0.2549906667149905,0.0003228866590461
2022-02-15,COST/WMT,0.0,0.0,0.0,18,0.2229396294646316,0.0
2022-02-15,HD/LOW,-0.0,-0.0,0.0,18,0.1720697038203779,-0.0
2022-02-15,QQQ/XLK,-0.0007293744054956,-0.0007293744054956,0.0,18,0.35,-0.0002552810419234
2022-02-16,ABBV/JNJ,-0.003115130794868,-0.003115130794868,0.0,18,0.2549906667149905,-0.0007943292782878
2022-02-16,COST/WMT,0.0,0.0,0.0,18,0.2229396294646316,0.0
2022-02-16,HD/LOW,-0.0,-0.0,0.0,18,0.1720697038203779,-0.0
2022-02-16,QQQ/XLK,0.0003775564637948,0.0003775564637948,0.0,18,0.35,0.0001321447623281
2022-02-17,ABBV/JNJ,-0.0017309659866189,-0.0017309659866189,0.0,18,0.2549906667149905,-0.0004413801709889
2022-02-17,COST/WMT,-0.0,-0.0,0.0,18,0.2229396294646316,-0.0
2022-02-17,HD/LOW,0.0,0.0,0.0,18,0.1720697038203779,0.0
2022-02-17,QQQ/XLK,0.0001106387745833,0.0001106387745833,0.0,18,0.35,3.872357110416647e-05
2022-02-18,ABBV/JNJ,-0.0045930774391293,-0.0045930774391293,0.0,18,0.2549906667149905,-0.0011711918784771
2022-02-18,COST/WMT,0.0,0.0,0.0,18,0.2229396294646316,0.0
2022-02-18,HD/LOW,0.0,0.0,0.0,18,0.1720697038203779,0.0
2022-02-18,QQQ/XLK,-0.0006298405712427,-0.0006298405712427,0.0,18,0.35,-0.0002204441999349
2022-02-22,ABBV/JNJ,-0.0125331887170985,-0.0125331887170985,0.0,18,0.2549906667149905,-0.0031958461470377
2022-02-22,COST/WMT,-0.0,-0.0,0.0,18,0.2229396294646316,-0.0
2022-02-22,HD/LOW,-0.0,-0.0,0.0,18,0.1720697038203779,-0.0
2022-02-22,QQQ/XLK,-0.0003899894524374,-0.0003899894524374,0.0,18,0.35,-0.0001364963083531
2022-02-23,ABBV/JNJ,-0.0026158875177733,-0.0026158875177733,0.0,18,0.2549906667149905,-0.0006670269022084
2022-02-23,COST/WMT,-0.0,-0.0,0.0,18,0.2229396294646316,-0.0
2022-02-23,HD/LOW,-0.0,-0.0,0.0,18,0.1720697038203779,-0.0
2022-02-23,QQQ/XLK,-0.0002748732006214,-0.0002748732006214,0.0,18,0.35,-9.620562021751608e-05
2022-02-24,ABBV/JNJ,-0.0086861077175009,-0.0086861077175009,0.0,18,0.2549906667149905,-0.0022148763980437
2022-02-24,COST/WMT,0.0,0.0,0.0,18,0.2229396294646316,0.0
2022-02-24,HD/LOW,0.0,0.0,0.0,18,0.1720697038203779,0.0
2022-02-24,QQQ/XLK,-0.0003024653547441,-0.0003024653547441,0.0,18,0.35,-0.0001058628741604
2022-02-25,ABBV/JNJ,0.021537177066576,0.021537177066576,0.0,18,0.2549906667149905,0.005491779139365
2022-02-25,COST/WMT,0.0,0.0,0.0,18,0.2229396294646316,0.0
2022-02-25,HD/LOW,-0.0087788599081884,-0.0077788599081884,1.0,18,0.1720697038203779,-0.0015105758242825
2022-02-25,QQQ/XLK,0.0009461096259814,0.0009461096259814,0.0,18,0.35,0.0003311383690935
2022-02-28,ABBV/JNJ,-0.0013321571441404,-0.0013321571441404,0.0,18,0.2549906667149905,-0.0003396876383535
2022-02-28,COST/WMT,0.0,0.0,0.0,18,0.2229396294646316,0.0
2022-02-28,HD/LOW,-0.0055437665271469,-0.0055437665271469,0.0,18,0.1720697038203779,-0.0009539142643754
2022-02-28,QQQ/XLK,0.0023961300321696,0.0023961300321696,0.0,18,0.35,0.0008386455112593
2022-03-01,ABBV/JNJ,-0.0020372946100525,-0.0020372946100525,0.0,18,0.2549906667149905,-0.0005194911109121
2022-03-01,COST/WMT,0.0,0.0,0.0,18,0.2229396294646316,0.0
2022-03-01,HD/LOW,0.0061002897136617,0.0061002897136617,0.0,18,0.1720697038203779,0.0010496750442482
2022-03-01,QQQ/XLK,-0.001,0.0,1.0,18,0.35,-0.00035
2022-03-02,ABBV/JNJ,0.0034764954660222,0.0034764954660222,0.0,18,0.2549906667149905,0.0008864738967126
2022-03-02,COST/WMT,0.0,0.0,0.0,18,0.2229396294646316,0.0
2022-03-02,HD/LOW,-0.0047463228640164,-0.0047463228640164,0.0,18,0.1720697038203779,-0.0008166983694471
2022-03-02,QQQ/XLK,0.0014527274062437,0.0024527274062437,1.0,18,0.35,0.0005084545921853
2022-03-03,ABBV/JNJ,0.0074627615067613,0.0074627615067613,0.0,18,0.2549906667149905,0.001902934532144
2022-03-03,COST/WMT,-0.0,-0.0,0.0,18,0.2229396294646316,-0.0
2022-03-03,HD/LOW,0.000519947515526,0.000519947515526,0.0,18,0.1720697038203779,8.946721499870122e-05
2022-03-03,QQQ/XLK,0.0011688892008255,0.0011688892008255,0.0,18,0.35,0.0004091112202889
2022-03-04,ABBV/JNJ,0.0034666234781192,0.0034666234781192,0.0,18,0.2549906667149905,0.0008839566319354
2022-03-04,COST/WMT,-0.0,-0.0,0.0,18,0.2229396294646316,-0.0
2022-03-04,HD/LOW,0.0046872208475515,0.0046872208475515,0.0,18,0.1720697038203779,0.0008065287029788
2022-03-04,QQQ/XLK,-0.0015243503945856,-0.0015243503945856,0.0,18,0.35,-0.0005335226381049
2022-03-07,ABBV/JNJ,0.0129974362436316,0.0129974362436316,0.0,18,0.2549906667149905,0.0033142249333492
2022-03-07,COST/WMT,0.0,0.0,0.0,18,0.2229396294646316,0.0
2022-03-07,HD/LOW,0.0016976881722223,0.0016976881722223,0.0,18,0.1720697038203779,0.0002921207009736
2022-03-07,QQQ/XLK,0.0001164434147562,0.0001164434147562,0.0,18,0.35,4.075519516467144e-05
2022-03-08,ABBV/JNJ,-0.0075692466623552,-0.0075692466623552,0.0,18,0.2549906667149905,-0.0019300872529641
2022-03-08,COST/WMT,0.0,0.0,0.0,18,0.2229396294646316,0.0
2022-03-08,HD/LOW,-0.0116257893734403,-0.0116257893734403,0.0,18,0.1720697038203779,-0.0020004461341659
2022-03-08,QQQ/XLK,-0.0001055022615696,-0.0001055022615696,0.0,18,0.35,-3.692579154938877e-05
2022-03-09,ABBV/JNJ,-0.0016471603990548,-0.0016471603990548,0.0,18,0.2549906667149905,-0.0004200105283415
2022-03-09,COST/WMT,0.0,0.0,0.0,18,0.2229396294646316,0.0
2022-03-09,HD/LOW,-0.0021031732856557,-0.0021031732856557,0.0,18,0.1720697038203779,-0.0003618924043457
2022-03-09,QQQ/XLK,0.0018099894045905,0.0018099894045905,0.0,18,0.35,0.0006334962916067
2022-03-10,ABBV/JNJ,0.0003512935292556,0.0003512935292556,0.0,18,0.2549906667149905,8.957657123755174e-05
2022-03-10,COST/WMT,-0.0,-0.0,0.0,18,0.2229396294646316,-0.0
2022-03-10,HD/LOW,0.0049568216574489,0.0049568216574489,0.0,18,0.1720697038203779,0.0008529188344876
2022-03-10,QQQ/XLK,-0.003201747620529,-0.003201747620529,0.0,18,0.35,-0.0011206116671851
2022-03-11,ABBV/JNJ,-0.0009138467449054,-0.0009138467449054,0.0,18,0.2549906667149905,-0.0002330223907587
2022-03-11,COST/WMT,-0.0,-0.0,0.0,18,0.2229396294646316,-0.0
2022-03-11,HD/LOW,0.0026020991662193,0.0026020991662193,0.0,18,0.1720697038203779,0.0004477424328426
2022-03-11,QQQ/XLK,0.0015579231753259,0.0015579231753259,0.0,18,0.35,0.000545273111364
2022-03-14,ABBV/JNJ,0.0016348126081175,0.0016348126081175,0.0,18,0.2549906667149905,0.0004168619568979
2022-03-14,COST/WMT,-0.0,-0.0,0.0,18,0.2229396294646316,-0.0
2022-03-14,HD/LOW,-0.0073444630072385,-0.0073444630072385,0.0,18,0.1720697038203779,-0.0012637595743752
2022-03-14,QQQ/XLK,0.0003212675135461,0.0003212675135461,0.0,18,0.35,0.0001124436297411
2022-03-15,ABBV/JNJ,-0.001,-0.0,1.0,18,0.2549906667149905,-0.0002549906667149
2022-03-15,COST/WMT,0.0,0.0,0.0,18,0.2229396294646316,0.0
2022-03-15,HD/LOW,0.0054544066167127,0.0054544066167127,0.0,18,0.1720697038203779,0.0009385381310536
2022-03-15,QQQ/XLK,0.0011382306850052,0.0011382306850052,0.0,18,0.35,0.0003983807397518
2022-03-16,ABBV/JNJ,0.0,0.0,0.0,18,0.2549906667149905,0.0
2022-03-16,COST/WMT,0.0,0.0,0.0,18,0.2229396294646316,0.0
2022-03-16,HD/LOW,0.002948246636985,0.002948246636985,0.0,18,0.1720697038203779,0.0005073039256154
2022-03-16,QQQ/XLK,-0.0022663658734229,-0.0022663658734229,0.0,18,0.35,-0.000793228055698
2022-03-17,ABBV/JNJ,-0.0,-0.0,0.0,18,0.2549906667149905,-0.0
2022-03-17,COST/WMT,0.0,0.0,0.0,18,0.2229396294646316,0.0
2022-03-17,HD/LOW,-0.001,0.0,1.0,18,0.1720697038203779,-0.0001720697038203
2022-03-17,QQQ/XLK,-0.0025003528948064,-0.0025003528948064,0.0,18,0.35,-0.0008751235131822
2022-03-18,ABBV/JNJ,0.0,0.0,0.0,18,0.2549906667149905,0.0
2022-03-18,COST/WMT,0.0,0.0,0.0,18,0.2229396294646316,0.0
2022-03-18,HD/LOW,0.0,0.0,0.0,18,0.1720697038203779,0.0
2022-03-18,QQQ/XLK,1.3979575265702252e-05,1.3979575265702252e-05,0.0,18,0.35,4.892851342995788e-06
2022-03-21,ABBV/JNJ,-0.0,-0.0,0.0,18,0.2549906667149905,-0.0
2022-03-21,COST/WMT,-0.0,-0.0,0.0,18,0.2229396294646316,-0.0
2022-03-21,HD/LOW,0.0,0.0,0.0,18,0.1720697038203779,0.0
2022-03-21,QQQ/XLK,0.0004387417082405,0.0004387417082405,0.0,18,0.35,0.0001535595978842
2022-03-22,ABBV/JNJ,0.0,0.0,0.0,18,0.2549906667149905,0.0
2022-03-22,COST/WMT,0.0,0.0,0.0,18,0.2229396294646316,0.0
2022-03-22,HD/LOW,-0.0,-0.0,0.0,18,0.1720697038203779,-0.0
2022-03-22,QQQ/XLK,-0.002628878271173,-0.002628878271173,0.0,18,0.35,-0.0009201073949105
2022-03-23,ABBV/JNJ,-0.0,-0.0,0.0,18,0.2549906667149905,-0.0
2022-03-23,COST/WMT,0.0,0.0,0.0,18,0.2229396294646316,0.0
2022-03-23,HD/LOW,-0.0,-0.0,0.0,18,0.1720697038203779,-0.0
2022-03-23,QQQ/XLK,-0.0005147777651318,-0.0005147777651318,0.0,18,0.35,-0.0001801722177961
2022-03-24,ABBV/JNJ,0.0,0.0,0.0,18,0.2549906667149905,0.0
2022-03-24,COST/WMT,0.0,0.0,0.0,18,0.2229396294646316,0.0
2022-03-24,HD/LOW,0.0,0.0,0.0,18,0.1720697038203779,0.0
2022-03-24,QQQ/XLK,0.0018985883811072,0.0018985883811072,0.0,18,0.35,0.0006645059333875
2022-03-25,ABBV/JNJ,-0.0,-0.0,0.0,18,0.2549906667149905,-0.0
2022-03-25,COST/WMT,-0.0,-0.0,0.0,18,0.2229396294646316,-0.0
2022-03-25,HD/LOW,0.0,0.0,0.0,18,0.1720697038203779,0.0
2022-03-25,QQQ/XLK,0.0001323333517478,0.0001323333517478,0.0,18,0.35,4.631667311175088e-05
2022-03-28,ABBV/JNJ,-0.0,-0.0,0.0,18,0.2549906667149905,-0.0
2022-03-28,COST/WMT,0.0,0.0,0.0,18,0.2229396294646316,0.0
2022-03-28,HD/LOW,-0.004292184500289,-0.003292184500289,1.0,18,0.1720697038203779,-0.0007385549157071
2022-03-28,QQQ/XLK,-0.0017848924038013,-0.0017848924038013,0.0,18,0.35,-0.0006247123413304
2022-03-29,ABBV/JNJ,0.0,0.0,0.0,18,0.2549906667149905,0.0
2022-03-29,COST/WMT,0.0,0.0,0.0,18,0.2229396294646316,0.0
2022-03-29,HD/LOW,0.0094278604413855,0.0094278604413855,0.0,18,0.1720697038203779,0.001622249153809
2022-03-29,QQQ/XLK,-0.001,-0.0,1.0,18,0.35,-0.00035
2022-03-30,ABBV/JNJ,-0.0,-0.0,0.0,18,0.2549906667149905,-0.0
2022-03-30,COST/WMT,-0.0,-0.0,0.0,18,0.2229396294646316,-0.0
2022-03-30,HD/LOW,-0.0113290458246448,-0.0113290458246448,0.0,18,0.1720697038203779,-0.0019493855596141
2022-03-30,QQQ/XLK,0.0,0.0,0.0,18,0.35,0.0
2022-03-31,ABBV/JNJ,0.0,0.0,0.0,18,0.2549906667149905,0.0
2022-03-31,COST/WMT,0.0,0.0,0.0,18,0.2229396294646316,0.0
2022-03-31,HD/LOW,-0.0054547664622932,-0.0054547664622932,0.0,18,0.1720697038203779,-0.0009386000495761
2022-03-31,QQQ/XLK,0.0,0.0,0.0,18,0.35,0.0
2022-04-01,ABBV/JNJ,-0.0,-0.0,0.0,18,0.2549906667149905,-0.0
2022-04-01,COST/WMT,-0.0,-0.0,0.0,18,0.2229396294646316,-0.0
2022-04-01,HD/LOW,-0.0032910322083226,-0.0032910322083226,0.0,18,0.1720697038203779,-0.0005662869373493
2022-04-01,QQQ/XLK,0.0,0.0,0.0,18,0.35,0.0
2022-04-04,ABBV/JNJ,0.0,0.0,0.0,18,0.2549906667149905,0.0
2022-04-04,COST/WMT,-0.0,-0.0,0.0,18,0.2229396294646316,-0.0
2022-04-04,HD/LOW,-0.0007569398893283,-0.0007569398893283,0.0,18,0.1720697038203779,-0.0001302464225665
2022-04-04,QQQ/XLK,0.0,0.0,0.0,18,0.35,0.0
2022-04-05,COP/XOM,0.0,0.0,0.0,19,0.5,0.0
2022-04-05,ABBV/UNH,0.0,0.0,0.0,19,0.5,0.0
2022-04-06,COP/XOM,0.0,0.0,0.0,19,0.5,0.0
2022-04-06,ABBV/UNH,-0.0109187562627016,-0.0099187562627016,1.0,19,0.5,-0.0054593781313508
2022-04-07,COP/XOM,-0.0,-0.0,0.0,19,0.5,-0.0
2022-04-07,ABBV/UNH,0.0001460082984536,0.0001460082984536,0.0,19,0.5,7.300414922682372e-05
2022-04-08,COP/XOM,-0.0,-0.0,0.0,19,0.5,-0.0
2022-04-08,ABBV/UNH,-0.0094923629099392,-0.0094923629099392,0.0,19,0.5,-0.0047461814549696
2022-04-11,COP/XOM,0.0,0.0,0.0,19,0.5,0.0
2022-04-11,ABBV/UNH,0.0033191812513679,0.0033191812513679,0.0,19,0.5,0.0016595906256839
2022-04-12,COP/XOM,0.0,0.0,0.0,19,0.5,0.0
2022-04-12,ABBV/UNH,0.00099640673922,0.00099640673922,0.0,19,0.5,0.00049820336961
2022-04-13,COP/XOM,0.0,0.0,0.0,19,0.5,0.0
2022-04-13,ABBV/UNH,-0.0158537082910153,-0.0158537082910153,0.0,19,0.5,-0.0079268541455076
2022-04-14,COP/XOM,0.0,0.0,0.0,19,0.5,0.0
2022-04-14,ABBV/UNH,0.0086509856649734,0.0086509856649734,0.0,19,0.5,0.0043254928324867
2022-04-18,COP/XOM,-0.0,-0.0,0.0,19,0.5,-0.0
2022-04-18,ABBV/UNH,-0.0038355393745567,-0.0038355393745567,0.0,19,0.5,-0.0019177696872783
2022-04-19,COP/XOM,0.0,0.0,0.0,19,0.5,0.0
2022-04-19,ABBV/UNH,-0.0100058029828748,-0.0100058029828748,0.0,19,0.5,-0.0050029014914374
2022-04-20,COP/XOM,-0.0,-0.0,0.0,19,0.5,-0.0
2022-04-20,ABBV/UNH,-0.0107301216297324,-0.0107301216297324,0.0,19,0.5,-0.0053650608148662
2022-04-21,COP/XOM,0.0,0.0,0.0,19,0.5,0.0
2022-04-21,ABBV/UNH,0.0146041560173897,0.0146041560173897,0.0,19,0.5,0.0073020780086948
2022-04-22,COP/XOM,-0.0,-0.0,0.0,19,0.5,-0.0
2022-04-22,ABBV/UNH,0.0164910866339256,0.0164910866339256,0.0,19,0.5,0.0082455433169628
2022-04-25,COP/XOM,0.0,0.0,0.0,19,0.5,0.0
2022-04-25,ABBV/UNH,-0.0023883775240961,-0.0023883775240961,0.0,19,0.5,-0.001194188762048
2022-04-26,COP/XOM,0.0,0.0,0.0,19,0.5,0.0
2022-04-26,ABBV/UNH,0.0143800355877931,0.0143800355877931,0.0,19,0.5,0.0071900177938965
2022-04-27,COP/XOM,0.0,0.0,0.0,19,0.5,0.0
2022-04-27,ABBV/UNH,0.0024761559993685,0.0024761559993685,0.0,19,0.5,0.0012380779996842
2022-04-28,COP/XOM,-0.0,-0.0,0.0,19,0.5,-0.0
2022-04-28,ABBV/UNH,-0.0172579217951859,-0.0172579217951859,0.0,19,0.5,-0.0086289608975929
2022-04-29,COP/XOM,-0.0,-0.0,0.0,19,0.5,-0.0
2022-04-29,ABBV/UNH,0.0051614976803935,0.0051614976803935,0.0,19,0.5,0.0025807488401967
2022-05-02,COP/XOM,0.0,0.0,0.0,19,0.5,0.0
2022-05-02,ABBV/UNH,0.0123612589145101,0.0123612589145101,0.0,19,0.5,0.006180629457255
2022-05-03,COP/XOM,-0.0,-0.0,0.0,19,0.5,-0.0
2022-05-03,ABBV/UNH,0.005499603293022,0.005499603293022,0.0,19,0.5,0.002749801646511
2022-05-04,COP/XOM,0.0,0.0,0.0,19,0.5,0.0
2022-05-04,ABBV/UNH,-0.001,0.0,1.0,19,0.5,-0.0005
2022-05-05,COP/XOM,-0.0,-0.0,0.0,19,0.5,-0.0
2022-05-05,ABBV/UNH,-0.0,-0.0,0.0,19,0.5,-0.0
2022-05-06,COP/XOM,-0.0,-0.0,0.0,19,0.5,-0.0
2022-05-06,ABBV/UNH,0.0048533751883952,0.0058533751883952,1.0,19,0.5,0.0024266875941976
2022-05-09,COP/XOM,-0.0,-0.0,0.0,19,0.5,-0.0
2022-05-09,ABBV/UNH,-0.0153682038689482,-0.0153682038689482,0.0,19,0.5,-0.0076841019344741
2022-05-10,COP/XOM,0.0,0.0,0.0,19,0.5,0.0
2022-05-10,ABBV/UNH,0.0001896592723296,0.0001896592723296,0.0,19,0.5,9.482963616481416e-05
2022-05-11,COP/XOM,0.0,0.0,0.0,19,0.5,0.0
2022-05-11,ABBV/UNH,-0.0024763675440956,-0.0024763675440956,0.0,19,0.5,-0.0012381837720478
2022-05-12,COP/XOM,0.0,0.0,0.0,19,0.5,0.0
2022-05-12,ABBV/UNH,-0.0151801825457083,-0.0151801825457083,0.0,19,0.5,-0.0075900912728541
2022-05-13,COP/XOM,0.0,0.0,0.0,19,0.5,0.0
2022-05-13,ABBV/UNH,0.0112854439718893,0.0112854439718893,0.0,19,0.5,0.0056427219859446
2022-05-16,COP/XOM,0.0,0.0,0.0,19,0.5,0.0
2022-05-16,ABBV/UNH,0.0019036328055624,0.0019036328055624,0.0,19,0.5,0.0009518164027812
2022-05-17,COP/XOM,0.0,0.0,0.0,19,0.5,0.0
2022-05-17,ABBV/UNH,0.0060950921337378,0.0060950921337378,0.0,19,0.5,0.0030475460668689
2022-05-18,COP/XOM,0.0,0.0,0.0,19,0.5,0.0
2022-05-18,ABBV/UNH,-0.0261766003048967,-0.0261766003048967,0.0,19,0.5,-0.0130883001524483
2022-05-19,COP/XOM,0.0,0.0,0.0,19,0.5,0.0
2022-05-19,ABBV/UNH,0.0121729124101171,0.0121729124101171,0.0,19,0.5,0.0060864562050585
2022-05-20,COP/XOM,0.0,0.0,0.0,19,0.5,0.0
2022-05-20,ABBV/UNH,0.0120478052555873,0.0120478052555873,0.0,19,0.5,0.0060239026277936
2022-05-23,COP/XOM,-0.0,-0.0,0.0,19,0.5,-0.0
2022-05-23,ABBV/UNH,0.0149711926583738,0.0149711926583738,0.0,19,0.5,0.0074855963291869
2022-05-24,COP/XOM,0.0,0.0,0.0,19,0.5,0.0
2022-05-24,ABBV/UNH,0.0058970990748403,0.0058970990748403,0.0,19,0.5,0.0029485495374201
2022-05-25,COP/XOM,0.0,0.0,0.0,19,0.5,0.0
2022-05-25,ABBV/UNH,-0.0046343536604527,-0.0046343536604527,0.0,19,0.5,-0.0023171768302263
2022-05-26,COP/XOM,-0.0,-0.0,0.0,19,0.5,-0.0
2022-05-26,ABBV/UNH,0.0085458266293756,0.0085458266293756,0.0,19,0.5,0.0042729133146878
2022-05-27,COP/XOM,-0.0,-0.0,0.0,19,0.5,-0.0
2022-05-27,ABBV/UNH,0.0080622992538383,0.0080622992538383,0.0,19,0.5,0.0040311496269191
2022-05-31,COP/XOM,-0.0,-0.0,0.0,19,0.5,-0.0
2022-05-31,ABBV/UNH,-0.0098174055265319,-0.0098174055265319,0.0,19,0.5,-0.0049087027632659
2022-06-01,COP/XOM,-0.0,-0.0,0.0,19,0.5,-0.0
2022-06-01,ABBV/UNH,-0.003630292359643,-0.003630292359643,0.0,19,0.5,-0.0018151461798215
2022-06-02,COP/XOM,0.0,0.0,0.0,19,0.5,0.0
2022-06-02,ABBV/UNH,-0.0018081536117726,-0.0018081536117726,0.0,19,0.5,-0.0009040768058863
2022-06-03,COP/XOM,-0.0,-0.0,0.0,19,0.5,-0.0
2022-06-03,ABBV/UNH,-0.001,-0.0,1.0,19,0.5,-0.0005
2022-06-06,COP/XOM,0.0,0.0,0.0,19,0.5,0.0
2022-06-06,ABBV/UNH,0.0,0.0,0.0,19,0.5,0.0
2022-06-07,COP/XOM,0.0,0.0,0.0,19,0.5,0.0
2022-06-07,ABBV/UNH,0.0,0.0,0.0,19,0.5,0.0
2022-06-08,COP/XOM,0.0,0.0,0.0,19,0.5,0.0
2022-06-08,ABBV/UNH,-0.0,-0.0,0.0,19,0.5,-0.0
2022-06-09,COP/XOM,-0.0008346854776191,0.0001653145223808,1.0,19,0.5,-0.0004173427388095
2022-06-09,ABBV/UNH,0.0,0.0,0.0,19,0.5,0.0
2022-06-10,COP/XOM,0.0037999934405566,0.0037999934405566,0.0,19,0.5,0.0018999967202783
2022-06-10,ABBV/UNH,-0.0,-0.0,0.0,19,0.5,-0.0
2022-06-13,COP/XOM,0.0065673708054742,0.0065673708054742,0.0,19,0.5,0.0032836854027371
2022-06-13,ABBV/UNH,-0.0,-0.0,0.0,19,0.5,-0.0
2022-06-14,COP/XOM,-0.001,0.0,1.0,19,0.5,-0.0005
2022-06-14,ABBV/UNH,-0.0,-0.0,0.0,19,0.5,-0.0
2022-06-15,COP/XOM,0.0,0.0,0.0,19,0.5,0.0
2022-06-15,ABBV/UNH,0.0,0.0,0.0,19,0.5,0.0
2022-06-16,COP/XOM,0.0,0.0,0.0,19,0.5,0.0
2022-06-16,ABBV/UNH,-0.0,-0.0,0.0,19,0.5,-0.0
2022-06-17,COP/XOM,-0.0060547934832283,-0.0050547934832283,1.0,19,0.5,-0.0030273967416141
2022-06-17,ABBV/UNH,-0.0053940706050584,-0.0043940706050584,1.0,19,0.5,-0.0026970353025292
2022-06-21,COP/XOM,-0.0088006575039287,-0.0088006575039287,0.0,19,0.5,-0.0044003287519643
2022-06-21,ABBV/UNH,0.0322944971081852,0.0322944971081852,0.0,19,0.5,0.0161472485540926
2022-06-22,COP/XOM,-0.001,0.0,1.0,19,0.5,-0.0005
2022-06-22,ABBV/UNH,0.0046486569453165,0.0046486569453165,0.0,19,0.5,0.0023243284726582
2022-06-23,COP/XOM,0.0,0.0,0.0,19,0.5,0.0
2022-06-23,ABBV/UNH,0.0101435061608477,0.0101435061608477,0.0,19,0.5,0.0050717530804238
2022-06-24,COP/XOM,-0.0,-0.0,0.0,19,0.5,-0.0
2022-06-24,ABBV/UNH,-0.0118501440103669,-0.0118501440103669,0.0,19,0.5,-0.0059250720051834
2022-06-27,COP/XOM,-0.0048544794644337,-0.0038544794644337,1.0,19,0.5,-0.0024272397322168
2022-06-27,ABBV/UNH,0.0119384522967734,0.0119384522967734,0.0,19,0.5,0.0059692261483867
2022-06-28,COP/XOM,-0.00124781105409,-0.00124781105409,0.0,19,0.5,-0.000623905527045
2022-06-28,ABBV/UNH,0.005082983872805,0.005082983872805,0.0,19,0.5,0.0025414919364025
2022-06-29,COP/XOM,0.0032808340546877,0.0032808340546877,0.0,19,0.5,0.0016404170273438
2022-06-29,ABBV/UNH,0.0058269430773252,0.0058269430773252,0.0,19,0.5,0.0029134715386626
2022-06-30,COP/XOM,0.0078037857564147,0.0078037857564147,0.0,19,0.5,0.0039018928782073
2022-06-30,ABBV/UNH,-0.000461929649099,-0.000461929649099,0.0,19,0.5,-0.0002309648245495
2022-07-01,COP/XOM,-0.0067429616052559,-0.0067429616052559,0.0,19,0.5,-0.0033714808026279
2022-07-01,ABBV/UNH,0.003292402947492,0.003292402947492,0.0,19,0.5,0.001646201473746
2022-07-05,COP/XOM,-0.0131766894469958,-0.0131766894469958,0.0,19,0.5,-0.0065883447234979
2022-07-05,ABBV/UNH,-0.0153732964862403,-0.0153732964862403,0.0,19,0.5,-0.0076866482431201
2022-07-06,COP/XOM,0.0033310919798898,0.0033310919798898,0.0,19,0.5,0.0016655459899449
2022-07-06,ABBV/UNH,0.0159404791747843,0.0159404791747843,0.0,19,0.5,0.0079702395873921
2022-07-07,GS/WFC,0.0,0.0,0.0,20,0.3,0.0
2022-07-07,ABBV/JNJ,-0.0,-0.0,0.0,20,0.35,-0.0
2022-07-07,QQQ/VGT,-0.0,-0.0,0.0,20,0.35,-0.0
2022-07-08,GS/WFC,-0.0,-0.0,0.0,20,0.3,-0.0
2022-07-08,ABBV/JNJ,0.0,0.0,0.0,20,0.35,0.0
2022-07-08,QQQ/VGT,0.0,0.0,0.0,20,0.35,0.0
2022-07-11,GS/WFC,-0.0,-0.0,0.0,20,0.3,-0.0
2022-07-11,ABBV/JNJ,0.0,0.0,0.0,20,0.35,0.0
2022-07-11,QQQ/VGT,-0.0,-0.0,0.0,20,0.35,-0.0
2022-07-12,GS/WFC,0.0,0.0,0.0,20,0.3,0.0
2022-07-12,ABBV/JNJ,0.0,0.0,0.0,20,0.35,0.0
2022-07-12,QQQ/VGT,0.0,0.0,0.0,20,0.35,0.0
2022-07-13,GS/WFC,-0.0,-0.0,0.0,20,0.3,-0.0
2022-07-13,ABBV/JNJ,-0.0,-0.0,0.0,20,0.35,-0.0
2022-07-13,QQQ/VGT,0.0,0.0,0.0,20,0.35,0.0
2022-07-14,GS/WFC,-0.0,-0.0,0.0,20,0.3,-0.0
2022-07-14,ABBV/JNJ,-0.0,-0.0,0.0,20,0.35,-0.0
2022-07-14,QQQ/VGT,-0.0,-0.0,0.0,20,0.35,-0.0
2022-07-15,GS/WFC,0.0,0.0,0.0,20,0.3,0.0
2022-07-15,ABBV/JNJ,0.0,0.0,0.0,20,0.35,0.0
2022-07-15,QQQ/VGT,-0.0,-0.0,0.0,20,0.35,-0.0
2022-07-18,GS/WFC,0.0,0.0,0.0,20,0.3,0.0
2022-07-18,ABBV/JNJ,-0.0,-0.0,0.0,20,0.35,-0.0
2022-07-18,QQQ/VGT,0.0,0.0,0.0,20,0.35,0.0
2022-07-19,GS/WFC,-0.0211458186956362,-0.0201458186956362,1.0,20,0.3,-0.0063437456086908
2022-07-19,ABBV/JNJ,0.0,0.0,0.0,20,0.35,0.0
2022-07-19,QQQ/VGT,-0.0,-0.0,0.0,20,0.35,-0.0
2022-07-20,GS/WFC,-0.0082954138584355,-0.0082954138584355,0.0,20,0.3,-0.0024886241575306
2022-07-20,ABBV/JNJ,-0.0,-0.0,0.0,20,0.35,-0.0
2022-07-20,QQQ/VGT,-0.0,-0.0,0.0,20,0.35,-0.0
2022-07-21,GS/WFC,-0.0051115693409505,-0.0051115693409505,0.0,20,0.3,-0.0015334708022851
2022-07-21,ABBV/JNJ,-0.0,-0.0,0.0,20,0.35,-0.0
2022-07-21,QQQ/VGT,-0.0014248366576126,-0.0004248366576126,1.0,20,0.35,-0.0004986928301644
2022-07-22,GS/WFC,0.0040768438850123,0.0040768438850123,0.0,20,0.3,0.0012230531655037
2022-07-22,ABBV/JNJ,0.0,0.0,0.0,20,0.35,0.0
2022-07-22,QQQ/VGT,-0.0005904165962067,-0.0005904165962067,0.0,20,0.35,-0.0002066458086723
2022-07-25,GS/WFC,0.0024808793746867,0.0024808793746867,0.0,20,0.3,0.000744263812406
2022-07-25,ABBV/JNJ,0.0,0.0,0.0,20,0.35,0.0
2022-07-25,QQQ/VGT,0.000497304225963,0.000497304225963,0.0,20,0.35,0.000174056479087
2022-07-26,GS/WFC,0.0055984716119494,0.0055984716119494,0.0,20,0.3,0.0016795414835848
2022-07-26,ABBV/JNJ,-0.0,-0.0,0.0,20,0.35,-0.0
2022-07-26,QQQ/VGT,-3.063474922186144e-06,-3.063474922186144e-06,0.0,20,0.35,-1.0722162227651503e-06
2022-07-27,GS/WFC,-0.0046488218791576,-0.0046488218791576,0.0,20,0.3,-0.0013946465637472
2022-07-27,ABBV/JNJ,0.0,0.0,0.0,20,0.35,0.0
2022-07-27,QQQ/VGT,-0.001375186586388,-0.001375186586388,0.0,20,0.35,-0.0004813153052358
2022-07-28,GS/WFC,-0.0121349962527744,-0.0121349962527744,0.0,20,0.3,-0.0036404988758323
2022-07-28,ABBV/JNJ,-0.0,-0.0,0.0,20,0.35,-0.0
2022-07-28,QQQ/VGT,-0.0024828434419325,-0.0024828434419325,0.0,20,0.35,-0.0008689952046763
2022-07-29,GS/WFC,-0.0032743493545436,-0.0032743493545436,0.0,20,0.3,-0.0009823048063631
2022-07-29,ABBV/JNJ,-0.0,-0.0,0.0,20,0.35,-0.0
2022-07-29,QQQ/VGT,0.0006193277686811,0.0006193277686811,0.0,20,0.35,0.0002167647190383
2022-08-01,GS/WFC,-0.001,0.0,1.0,20,0.3,-0.0003
2022-08-01,ABBV/JNJ,-0.0,-0.0,0.0,20,0.35,-0.0
2022-08-01,QQQ/VGT,0.0006141533815849,0.0006141533815849,0.0,20,0.35,0.0002149536835547
2022-08-02,GS/WFC,0.0010804933121364,0.0020804933121364,1.0,20,0.3,0.0003241479936409
2022-08-02,ABBV/JNJ,0.0,0.0,0.0,20,0.35,0.0
2022-08-02,QQQ/VGT,0.0011736798372803,0.0011736798372803,0.0,20,0.35,0.0004107879430481
2022-08-03,GS/WFC,-0.0010255451647747,-0.0010255451647747,0.0,20,0.3,-0.0003076635494324
2022-08-03,ABBV/JNJ,-0.0,-0.0,0.0,20,0.35,-0.0
2022-08-03,QQQ/VGT,-0.0014455566442531,-0.0014455566442531,0.0,20,0.35,-0.0005059448254886
2022-08-04,GS/WFC,-0.0047638847243368,-0.0047638847243368,0.0,20,0.3,-0.001429165417301
2022-08-04,ABBV/JNJ,-0.0,-0.0,0.0,20,0.35,-0.0
2022-08-04,QQQ/VGT,0.0006715826524703,0.0006715826524703,0.0,20,0.35,0.0002350539283646
2022-08-05,GS/WFC,0.0036267139019917,0.0036267139019917,0.0,20,0.3,0.0010880141705975
2022-08-05,ABBV/JNJ,-0.0,-0.0,0.0,20,0.35,-0.0
2022-08-05,QQQ/VGT,-0.0032068555460265,-0.0032068555460265,0.0,20,0.35,-0.0011223994411092
2022-08-08,GS/WFC,-0.0050004445646185,-0.0050004445646185,0.0,20,0.3,-0.0015001333693855
2022-08-08,ABBV/JNJ,0.0,0.0,0.0,20,0.35,0.0
2022-08-08,QQQ/VGT,0.0019591281696548,0.0019591281696548,0.0,20,0.35,0.0006856948593791
2022-08-09,GS/WFC,-0.0017162315121081,-0.0017162315121081,0.0,20,0.3,-0.0005148694536324
2022-08-09,ABBV/JNJ,-0.0,-0.0,0.0,20,0.35,-0.0
2022-08-09,QQQ/VGT,0.0007271189157916,0.0007271189157916,0.0,20,0.35,0.000254491620527
2022-08-10,GS/WFC,-0.0125140524092105,-0.0125140524092105,0.0,20,0.3,-0.0037542157227631
2022-08-10,ABBV/JNJ,0.0,0.0,0.0,20,0.35,0.0
2022-08-10,QQQ/VGT,-0.0019183961692813,-0.0019183961692813,0.0,20,0.35,-0.0006714386592484
2022-08-11,GS/WFC,0.0012368685450994,0.0012368685450994,0.0,20,0.3,0.0003710605635298
2022-08-11,ABBV/JNJ,0.0,0.0,0.0,20,0.35,0.0
2022-08-11,QQQ/VGT,0.0001840980162676,0.0001840980162676,0.0,20,0.35,6.443430569366629e-05
2022-08-12,GS/WFC,0.0020501248814607,0.0020501248814607,0.0,20,0.3,0.0006150374644382
2022-08-12,ABBV/JNJ,-0.0078984352870569,-0.0068984352870569,1.0,20,0.35,-0.0027644523504699
2022-08-12,QQQ/VGT,-0.0010957780881309,-0.0010957780881309,0.0,20,0.35,-0.0003835223308458
2022-08-15,GS/WFC,-0.001,0.0,1.0,20,0.3,-0.0003
2022-08-15,ABBV/JNJ,0.0033214138259291,0.0033214138259291,0.0,20,0.35,0.0011624948390751
2022-08-15,QQQ/VGT,0.0008539211501572,0.0008539211501572,0.0,20,0.35,0.000298872402555
2022-08-16,GS/WFC,0.0031037819846341,0.0041037819846341,1.0,20,0.3,0.0009311345953902
2022-08-16,ABBV/JNJ,0.0029038426421102,0.0029038426421102,0.0,20,0.35,0.0010163449247385
2022-08-16,QQQ/VGT,0.000636821928439,0.000636821928439,0.0,20,0.35,0.0002228876749536
2022-08-17,GS/WFC,0.0028117055368604,0.0028117055368604,0.0,20,0.3,0.0008435116610581
2022-08-17,ABBV/JNJ,-0.001,-0.0,1.0,20,0.35,-0.00035
2022-08-17,QQQ/VGT,-0.001,-0.0,1.0,20,0.35,-0.00035
2022-08-18,GS/WFC,-0.0013729879275561,-0.0013729879275561,0.0,20,0.3,-0.0004118963782668
2022-08-18,ABBV/JNJ,0.0,0.0,0.0,20,0.35,0.0
2022-08-18,QQQ/VGT,-0.0,-0.0,0.0,20,0.35,-0.0
2022-08-19,GS/WFC,0.0027712921686995,0.0027712921686995,0.0,20,0.3,0.0008313876506098
2022-08-19,ABBV/JNJ,-0.0,-0.0,0.0,20,0.35,-0.0
2022-08-19,QQQ/VGT,0.0,0.0,0.0,20,0.35,0.0
2022-08-22,GS/WFC,0.0044084264020515,0.0044084264020515,0.0,20,0.3,0.0013225279206154
2022-08-22,ABBV/JNJ,-0.0,-0.0,0.0,20,0.35,-0.0
2022-08-22,QQQ/VGT,0.0,0.0,0.0,20,0.35,0.0
2022-08-23,GS/WFC,0.0037360297405607,0.0037360297405607,0.0,20,0.3,0.0011208089221682
2022-08-23,ABBV/JNJ,-0.0,-0.0,0.0,20,0.35,-0.0
2022-08-23,QQQ/VGT,0.0,0.0,0.0,20,0.35,0.0
2022-08-24,GS/WFC,-0.000928618959949,-0.000928618959949,0.0,20,0.3,-0.0002785856879847
2022-08-24,ABBV/JNJ,-0.0,-0.0,0.0,20,0.35,-0.0
2022-08-24,QQQ/VGT,0.0,0.0,0.0,20,0.35,0.0
2022-08-25,GS/WFC,-0.0019528902402462,-0.0019528902402462,0.0,20,0.3,-0.0005858670720738
2022-08-25,ABBV/JNJ,0.0,0.0,0.0,20,0.35,0.0
2022-08-25,QQQ/VGT,-0.0,-0.0,0.0,20,0.35,-0.0
2022-08-26,GS/WFC,0.0063599025260768,0.0063599025260768,0.0,20,0.3,0.001907970757823
2022-08-26,ABBV/JNJ,-0.0,-0.0,0.0,20,0.35,-0.0
2022-08-26,QQQ/VGT,0.0,0.0,0.0,20,0.35,0.0
2022-08-29,GS/WFC,-0.001,-0.0,1.0,20,0.3,-0.0003
2022-08-29,ABBV/JNJ,0.0,0.0,0.0,20,0.35,0.0
2022-08-29,QQQ/VGT,0.0,0.0,0.0,20,0.35,0.0
2022-08-30,GS/WFC,-0.0,-0.0,0.0,20,0.3,-0.0
2022-08-30,ABBV/JNJ,0.0,0.0,0.0,20,0.35,0.0
2022-08-30,QQQ/VGT,-0.0,-0.0,0.0,20,0.35,-0.0
2022-08-31,GS/WFC,0.0,0.0,0.0,20,0.3,0.0
2022-08-31,ABBV/JNJ,-0.0,-0.0,0.0,20,0.35,-0.0
2022-08-31,QQQ/VGT,0.0,0.0,0.0,20,0.35,0.0
2022-09-01,GS/WFC,0.0,0.0,0.0,20,0.3,0.0
2022-09-01,ABBV/JNJ,0.0,0.0,0.0,20,0.35,0.0
2022-09-01,QQQ/VGT,-0.0057107280089712,-0.0047107280089712,1.0,20,0.35,-0.0019987548031399
2022-09-02,GS/WFC,-0.0,-0.0,0.0,20,0.3,-0.0
2022-09-02,ABBV/JNJ,-0.0,-0.0,0.0,20,0.35,-0.0
2022-09-02,QQQ/VGT,-0.001,-0.0,1.0,20,0.35,-0.00035
2022-09-06,GS/WFC,-0.0,-0.0,0.0,20,0.3,-0.0
2022-09-06,ABBV/JNJ,0.0,0.0,0.0,20,0.35,0.0
2022-09-06,QQQ/VGT,-0.0012313378828273,-0.0002313378828273,1.0,20,0.35,-0.0004309682589895
2022-09-07,GS/WFC,-0.0,-0.0,0.0,20,0.3,-0.0
2022-09-07,ABBV/JNJ,0.0,0.0,0.0,20,0.35,0.0
2022-09-07,QQQ/VGT,-0.0016484100358442,-0.0016484100358442,0.0,20,0.35,-0.0005769435125454
2022-09-08,GS/WFC,-0.0,-0.0,0.0,20,0.3,-0.0
2022-09-08,ABBV/JNJ,0.0,0.0,0.0,20,0.35,0.0
2022-09-08,QQQ/VGT,0.000570491980849,0.000570491980849,0.0,20,0.35,0.0001996721932971
2022-09-09,GS/WFC,0.0,0.0,0.0,20,0.3,0.0
2022-09-09,ABBV/JNJ,0.0,0.0,0.0,20,0.35,0.0
2022-09-09,QQQ/VGT,0.0004368075140966,0.0004368075140966,0.0,20,0.35,0.0001528826299338
2022-09-12,GS/WFC,0.0,0.0,0.0,20,0.3,0.0
2022-09-12,ABBV/JNJ,0.0,0.0,0.0,20,0.35,0.0
2022-09-12,QQQ/VGT,0.0023384909430839,0.0023384909430839,0.0,20,0.35,0.0008184718300793
2022-09-13,GS/WFC,-0.0,-0.0,0.0,20,0.3,-0.0
2022-09-13,ABBV/JNJ,-0.0,-0.0,0.0,20,0.35,-0.0
2022-09-13,QQQ/VGT,-0.0001380471889602,-0.0001380471889602,0.0,20,0.35,-4.831651613608294e-05
2022-09-14,GS/WFC,-0.0,-0.0,0.0,20,0.3,-0.0
2022-09-14,ABBV/JNJ,-0.0,-0.0,0.0,20,0.35,-0.0
2022-09-14,QQQ/VGT,-0.0016434405642521,-0.0016434405642521,0.0,20,0.35,-0.0005752041974882
2022-09-15,GS/WFC,0.0,0.0,0.0,20,0.3,0.0
2022-09-15,ABBV/JNJ,0.0,0.0,0.0,20,0.35,0.0
2022-09-15,QQQ/VGT,-0.003288695290511,-0.003288695290511,0.0,20,0.35,-0.0011510433516788
2022-09-16,GS/WFC,-0.0,-0.0,0.0,20,0.3,-0.0
2022-09-16,ABBV/JNJ,-0.0,-0.0,0.0,20,0.35,-0.0
2022-09-16,QQQ/VGT,-0.0008542298281676,-0.0008542298281676,0.0,20,0.35,-0.0002989804398586
2022-09-19,GS/WFC,0.0,0.0,0.0,20,0.3,0.0
2022-09-19,ABBV/JNJ,-0.0,-0.0,0.0,20,0.35,-0.0
2022-09-19,QQQ/VGT,0.0002133581677809,0.0002133581677809,0.0,20,0.35,7.467535872333198e-05
2022-09-20,GS/WFC,-0.0,-0.0,0.0,20,0.3,-0.0
2022-09-20,ABBV/JNJ,-0.0,-0.0,0.0,20,0.35,-0.0
2022-09-20,QQQ/VGT,0.0007256942450699,0.0007256942450699,0.0,20,0.35,0.0002539929857744
2022-09-21,GS/WFC,0.0,0.0,0.0,20,0.3,0.0
2022-09-21,ABBV/JNJ,-0.0,-0.0,0.0,20,0.35,-0.0
2022-09-21,QQQ/VGT,0.0010225312322313,0.0010225312322313,0.0,20,0.35,0.0003578859312809
2022-09-22,GS/WFC,-0.0,-0.0,0.0,20,0.3,-0.0
2022-09-22,ABBV/JNJ,0.0,0.0,0.0,20,0.35,0.0
2022-09-22,QQQ/VGT,-0.000688384421021,-0.000688384421021,0.0,20,0.35,-0.0002409345473573
2022-09-23,GS/WFC,-0.0,-0.0,0.0,20,0.3,-0.0
2022-09-23,ABBV/JNJ,-0.0,-0.0,0.0,20,0.35,-0.0
2022-09-23,QQQ/VGT,0.0007612606213552,0.0007612606213552,0.0,20,0.35,0.0002664412174743
2022-09-26,GS/WFC,-0.0,-0.0,0.0,20,0.3,-0.0
2022-09-26,ABBV/JNJ,-0.0,-0.0,0.0,20,0.35,-0.0
2022-09-26,QQQ/VGT,-0.0012827254475936,-0.0012827254475936,0.0,20,0.35,-0.0004489539066577
2022-09-27,GS/WFC,-0.0,-0.0,0.0,20,0.3,-0.0
2022-09-27,ABBV/JNJ,0.0,0.0,0.0,20,0.35,0.0
2022-09-27,QQQ/VGT,0.0016294968430302,0.0016294968430302,0.0,20,0.35,0.0005703238950605
2022-09-28,GS/WFC,0.0,0.0,0.0,20,0.3,0.0
2022-09-28,ABBV/JNJ,0.0,0.0,0.0,20,0.35,0.0
2022-09-28,QQQ/VGT,-0.0039080692015618,-0.0039080692015618,0.0,20,0.35,-0.0013678242205466
2022-09-29,GS/WFC,-0.0,-0.0,0.0,20,0.3,-0.0
2022-09-29,ABBV/JNJ,-0.0,-0.0,0.0,20,0.35,-0.0
2022-09-29,QQQ/VGT,0.0012068781266894,0.0012068781266894,0.0,20,0.35,0.0004224073443412
2022-09-30,GS/WFC,-0.0,-0.0,0.0,20,0.3,-0.0
2022-09-30,ABBV/JNJ,-0.0,-0.0,0.0,20,0.35,-0.0
2022-09-30,QQQ/VGT,-0.0008021878680948,-0.0008021878680948,0.0,20,0.35,-0.0002807657538332
2022-10-03,GS/WFC,-0.0,-0.0,0.0,20,0.3,-0.0
2022-10-03,ABBV/JNJ,0.0,0.0,0.0,20,0.35,0.0
2022-10-03,QQQ/VGT,-0.001,-0.0,1.0,20,0.35,-0.00035
2022-10-04,GS/WFC,0.0,0.0,0.0,20,0.3,0.0
2022-10-04,ABBV/JNJ,0.0,0.0,0.0,20,0.35,0.0
2022-10-04,QQQ/VGT,-0.0,-0.0,0.0,20,0.35,-0.0
2022-10-05,GS/WFC,-0.0,-0.0,0.0,21,0.5,-0.0
2022-10-05,QQQ/VGT,-0.0,-0.0,0.0,21,0.5,-0.0
2022-10-06,GS/WFC,0.0,0.0,0.0,21,0.5,0.0
2022-10-06,QQQ/VGT,-0.0,-0.0,0.0,21,0.5,-0.0
2022-10-07,GS/WFC,-0.0,-0.0,0.0,21,0.5,-0.0
2022-10-07,QQQ/VGT,0.0,0.0,0.0,21,0.5,0.0
2022-10-10,GS/WFC,0.0,0.0,0.0,21,0.5,0.0
2022-10-10,QQQ/VGT,0.0,0.0,0.0,21,0.5,0.0
2022-10-11,GS/WFC,-0.0,-0.0,0.0,21,0.5,-0.0
2022-10-11,QQQ/VGT,0.0,0.0,0.0,21,0.5,0.0
2022-10-12,GS/WFC,-0.0,-0.0,0.0,21,0.5,-0.0
2022-10-12,QQQ/VGT,0.0,0.0,0.0,21,0.5,0.0
2022-10-13,GS/WFC,0.0,0.0,0.0,21,0.5,0.0
2022-10-13,QQQ/VGT,-0.0,-0.0,0.0,21,0.5,-0.0
2022-10-14,GS/WFC,-0.0,-0.0,0.0,21,0.5,-0.0
2022-10-14,QQQ/VGT,-0.0,-0.0,0.0,21,0.5,-0.0
2022-10-17,GS/WFC,0.0,0.0,0.0,21,0.5,0.0
2022-10-17,QQQ/VGT,0.0,0.0,0.0,21,0.5,0.0
2022-10-18,GS/WFC,0.0,0.0,0.0,21,0.5,0.0
2022-10-18,QQQ/VGT,-0.0,-0.0,0.0,21,0.5,-0.0
2022-10-19,GS/WFC,0.0,0.0,0.0,21,0.5,0.0
2022-10-19,QQQ/VGT,0.0,0.0,0.0,21,0.5,0.0
2022-10-20,GS/WFC,-0.0,-0.0,0.0,21,0.5,-0.0
2022-10-20,QQQ/VGT,-0.0,-0.0,0.0,21,0.5,-0.0
2022-10-21,GS/WFC,0.0,0.0,0.0,21,0.5,0.0
2022-10-21,QQQ/VGT,-0.0,-0.0,0.0,21,0.5,-0.0
2022-10-24,GS/WFC,-0.0046093650397706,-0.0036093650397706,1.0,21,0.5,-0.0023046825198853
2022-10-24,QQQ/VGT,-0.0,-0.0,0.0,21,0.5,-0.0
2022-10-25,GS/WFC,-0.0054387024926627,-0.0054387024926627,0.0,21,0.5,-0.0027193512463313
2022-10-25,QQQ/VGT,0.0,0.0,0.0,21,0.5,0.0
2022-10-26,GS/WFC,-0.0032261155232426,-0.0032261155232426,0.0,21,0.5,-0.0016130577616213
2022-10-26,QQQ/VGT,-0.0,-0.0,0.0,21,0.5,-0.0
2022-10-27,GS/WFC,-0.0031360315053754,-0.0031360315053754,0.0,21,0.5,-0.0015680157526877
2022-10-27,QQQ/VGT,-0.0,-0.0,0.0,21,0.5,-0.0
2022-10-28,GS/WFC,-0.0024060988427693,-0.0024060988427693,0.0,21,0.5,-0.0012030494213846
2022-10-28,QQQ/VGT,-0.0047551816211831,-0.0037551816211831,1.0,21,0.5,-0.0023775908105915
2022-10-31,GS/WFC,-0.0078296385903222,-0.0078296385903222,0.0,21,0.5,-0.0039148192951611
2022-10-31,QQQ/VGT,-0.0002142889629007,-0.0002142889629007,0.0,21,0.5,-0.0001071444814503
2022-11-01,GS/WFC,0.0009963289841201,0.0009963289841201,0.0,21,0.5,0.00049816449206
2022-11-01,QQQ/VGT,-0.0015181185991717,-0.0015181185991717,0.0,21,0.5,-0.0007590592995858
2022-11-02,GS/WFC,-0.002694173770762,-0.002694173770762,0.0,21,0.5,-0.001347086885381
2022-11-02,QQQ/VGT,0.0002812385228906,0.0002812385228906,0.0,21,0.5,0.0001406192614453
2022-11-03,GS/WFC,-0.0071801420296516,-0.0071801420296516,0.0,21,0.5,-0.0035900710148258
2022-11-03,QQQ/VGT,0.0037386435253942,0.0037386435253942,0.0,21,0.5,0.0018693217626971
2022-11-04,GS/WFC,-0.001,0.0,1.0,21,0.5,-0.0005
2022-11-04,QQQ/VGT,0.0019893991563876,0.0019893991563876,0.0,21,0.5,0.0009946995781938
2022-11-07,GS/WFC,0.0,0.0,0.0,21,0.5,0.0
2022-11-07,QQQ/VGT,-0.001519987721574,-0.001519987721574,0.0,21,0.5,-0.000759993860787
2022-11-08,GS/WFC,0.0,0.0,0.0,21,0.5,0.0
2022-11-08,QQQ/VGT,-0.0007549572902466,-0.0007549572902466,0.0,21,0.5,-0.0003774786451233
2022-11-09,GS/WFC,0.0,0.0,0.0,21,0.5,0.0
2022-11-09,QQQ/VGT,0.0010268675543819,0.0010268675543819,0.0,21,0.5,0.0005134337771909
2022-11-10,GS/WFC,0.0,0.0,0.0,21,0.5,0.0
2022-11-10,QQQ/VGT,-0.003076371414844,-0.003076371414844,0.0,21,0.5,-0.001538185707422
2022-11-11,GS/WFC,0.0,0.0,0.0,21,0.5,0.0
2022-11-11,QQQ/VGT,-0.0004002350963711,-0.0004002350963711,0.0,21,0.5,-0.0002001175481855
2022-11-14,GS/WFC,-0.0023353292312585,-0.0013353292312585,1.0,21,0.5,-0.0011676646156292
2022-11-14,QQQ/VGT,0.0001198413373053,0.0001198413373053,0.0,21,0.5,5.992066865265269e-05
2022-11-15,GS/WFC,-0.0021827514748275,-0.0021827514748275,0.0,21,0.5,-0.0010913757374137
2022-11-15,QQQ/VGT,0.0001271463149067,0.0001271463149067,0.0,21,0.5,6.357315745339365e-05
2022-11-16,GS/WFC,-0.003434367610705,-0.003434367610705,0.0,21,0.5,-0.0017171838053525
2022-11-16,QQQ/VGT,0.0012366185748847,0.0012366185748847,0.0,21,0.5,0.0006183092874423
2022-11-17,GS/WFC,0.0020776858335906,0.0020776858335906,0.0,21,0.5,0.0010388429167953
2022-11-17,QQQ/VGT,-0.0008646298760148,-0.0008646298760148,0.0,21,0.5,-0.0004323149380074
2022-11-18,GS/WFC,0.0053712717156444,0.0053712717156444,0.0,21,0.5,0.0026856358578222
2022-11-18,QQQ/VGT,-0.0005267762074444,-0.0005267762074444,0.0,21,0.5,-0.0002633881037222
2022-11-21,GS/WFC,0.0013463439064327,0.0013463439064327,0.0,21,0.5,0.0006731719532163
2022-11-21,QQQ/VGT,0.0004723696584401,0.0004723696584401,0.0,21,0.5,0.00023618482922
2022-11-22,GS/WFC,-0.0034403292984401,-0.0034403292984401,0.0,21,0.5,-0.00172016464922
2022-11-22,QQQ/VGT,-0.0012624970151846,-0.0012624970151846,0.0,21,0.5,-0.0006312485075923
2022-11-23,GS/WFC,-0.0018296472717138,-0.0018296472717138,0.0,21,0.5,-0.0009148236358569
2022-11-23,QQQ/VGT,-1.2842481613713167e-05,-1.2842481613713167e-05,0.0,21,0.5,-6.4212408068565846e-06
2022-11-25,GS/WFC,-0.0031043183163078,-0.0031043183163078,0.0,21,0.5,-0.0015521591581539
2022-11-25,QQQ/VGT,-0.0003454309956466,-0.0003454309956466,0.0,21,0.5,-0.0001727154978233
2022-11-28,GS/WFC,-0.001,-0.0,1.0,21,0.5,-0.0005
2022-11-28,QQQ/VGT,0.0026915271886135,0.0026915271886135,0.0,21,0.5,0.0013457635943067
2022-11-29,GS/WFC,-0.0,-0.0,0.0,21,0.5,-0.0
2022-11-29,QQQ/VGT,0.0005903068358241,0.0005903068358241,0.0,21,0.5,0.000295153417912
2022-11-30,GS/WFC,0.0,0.0,0.0,21,0.5,0.0
2022-11-30,QQQ/VGT,-0.0002145899683043,-0.0002145899683043,0.0,21,0.5,-0.0001072949841521
2022-12-01,GS/WFC,0.0,0.0,0.0,21,0.5,0.0
2022-12-01,QQQ/VGT,-0.0010821274172215,-0.0010821274172215,0.0,21,0.5,-0.0005410637086107
2022-12-02,GS/WFC,0.0,0.0,0.0,21,0.5,0.0
2022-12-02,QQQ/VGT,0.0006701412092449,0.0006701412092449,0.0,21,0.5,0.0003350706046224
2022-12-05,GS/WFC,0.0,0.0,0.0,21,0.5,0.0
2022-12-05,QQQ/VGT,0.0005867803702195,0.0005867803702195,0.0,21,0.5,0.0002933901851097
2022-12-06,GS/WFC,-0.0,-0.0,0.0,21,0.5,-0.0
2022-12-06,QQQ/VGT,-0.000137432806184,-0.000137432806184,0.0,21,0.5,-6.87164030920399e-05
2022-12-07,GS/WFC,0.0,0.0,0.0,21,0.5,0.0
2022-12-07,QQQ/VGT,0.0001088758694269,0.0001088758694269,0.0,21,0.5,5.443793471347396e-05
2022-12-08,GS/WFC,-0.0,-0.0,0.0,21,0.5,-0.0
2022-12-08,QQQ/VGT,-0.0023541524298276,-0.0023541524298276,0.0,21,0.5,-0.0011770762149138
2022-12-09,GS/WFC,0.0,0.0,0.0,21,0.5,0.0
2022-12-09,QQQ/VGT,-0.001,-0.0,1.0,21,0.5,-0.0005
2022-12-12,GS/WFC,0.0,0.0,0.0,21,0.5,0.0
2022-12-12,QQQ/VGT,-0.0,-0.0,0.0,21,0.5,-0.0
2022-12-13,GS/WFC,0.0,0.0,0.0,21,0.5,0.0
2022-12-13,QQQ/VGT,-0.0012488609896615,-0.0002488609896615,1.0,21,0.5,-0.0006244304948307
2022-12-14,GS/WFC,-0.0,-0.0,0.0,21,0.5,-0.0
2022-12-14,QQQ/VGT,-0.0001977833751247,-0.0001977833751247,0.0,21,0.5,-9.889168756235236e-05
2022-12-15,GS/WFC,-0.0,-0.0,0.0,21,0.5,-0.0
2022-12-15,QQQ/VGT,0.001073696231681,0.001073696231681,0.0,21,0.5,0.0005368481158405
2022-12-16,GS/WFC,-0.0051851050526994,-0.0041851050526994,1.0,21,0.5,-0.0025925525263497
2022-12-16,QQQ/VGT,0.001429205885543,0.001429205885543,0.0,21,0.5,0.0007146029427715
2022-12-19,GS/WFC,-0.009159986309741,-0.009159986309741,0.0,21,0.5,-0.0045799931548705
2022-12-19,QQQ/VGT,-0.0002491493083846,-0.0002491493083846,0.0,21,0.5,-0.0001245746541923
2022-12-20,GS/WFC,0.0078652001342813,0.0078652001342813,0.0,21,0.5,0.0039326000671406
2022-12-20,QQQ/VGT,-0.0014722135521512,-0.0014722135521512,0.0,21,0.5,-0.0007361067760756
2022-12-21,GS/WFC,0.0084726851095173,0.0084726851095173,0.0,21,0.5,0.0042363425547586
2022-12-21,QQQ/VGT,-0.0002064861077853,-0.0002064861077853,0.0,21,0.5,-0.0001032430538926
2022-12-22,GS/WFC,-0.0035188222589612,-0.0035188222589612,0.0,21,0.5,-0.0017594111294806
2022-12-22,QQQ/VGT,-0.00058190985922,-0.00058190985922,0.0,21,0.5,-0.00029095492961
2022-12-23,GS/WFC,-0.0030861986195265,-0.0030861986195265,0.0,21,0.5,-0.0015430993097632
2022-12-23,QQQ/VGT,0.0009761576116542,0.0009761576116542,0.0,21,0.5,0.0004880788058271
2022-12-27,GS/WFC,-0.0067158794999042,-0.0067158794999042,0.0,21,0.5,-0.0033579397499521
2022-12-27,QQQ/VGT,-0.00254272656229,-0.00254272656229,0.0,21,0.5,-0.001271363281145
2022-12-28,GS/WFC,-0.0027076938851812,-0.0027076938851812,0.0,21,0.5,-0.0013538469425906
2022-12-28,QQQ/VGT,0.0008244759709145,0.0008244759709145,0.0,21,0.5,0.0004122379854572
2022-12-29,GS/WFC,0.0024486193625711,0.0024486193625711,0.0,21,0.5,0.0012243096812855
2022-12-29,QQQ/VGT,-0.0006624665498956,-0.0006624665498956,0.0,21,0.5,-0.0003312332749478
2022-12-30,GS/WFC,-0.001,0.0,1.0,21,0.5,-0.0005
2022-12-30,QQQ/VGT,-5.1377158170787136e-05,-5.1377158170787136e-05,0.0,21,0.5,-2.5688579085393568e-05
2023-01-03,GS/WFC,0.0,0.0,0.0,21,0.5,0.0
2023-01-03,QQQ/VGT,0.001163568933059,0.001163568933059,0.0,21,0.5,0.0005817844665295
2023-01-04,GS/WFC,-0.0,-0.0,0.0,21,0.5,-0.0
2023-01-04,QQQ/VGT,0.0003541205648653,0.0003541205648653,0.0,21,0.5,0.0001770602824326
2023-01-05,GOOGL/MSFT,-0.0,-0.0,0.0,22,1.0,-0.0
2023-01-06,GOOGL/MSFT,0.001216092383084,0.002216092383084,1.0,22,1.0,0.001216092383084
2023-01-09,GOOGL/MSFT,0.0030460923152363,0.0030460923152363,0.0,22,1.0,0.0030460923152363
2023-01-10,GOOGL/MSFT,0.0029800241088623,0.0029800241088623,0.0,22,1.0,0.0029800241088623
2023-01-11,GOOGL/MSFT,0.0053754135626275,0.0053754135626275,0.0,22,1.0,0.0053754135626275
2023-01-12,GOOGL/MSFT,0.0088239721860031,0.0088239721860031,0.0,22,1.0,0.0088239721860031
2023-01-13,GOOGL/MSFT,-0.0022479094951576,-0.0022479094951576,0.0,22,1.0,-0.0022479094951576
2023-01-17,GOOGL/MSFT,0.00631963943917,0.00631963943917,0.0,22,1.0,0.00631963943917
2023-01-18,GOOGL/MSFT,-0.0110561141426067,-0.0110561141426067,0.0,22,1.0,-0.0110561141426067
2023-01-19,GOOGL/MSFT,-0.018235527644936,-0.018235527644936,0.0,22,1.0,-0.018235527644936
2023-01-20,GOOGL/MSFT,0.0021898133531693,0.0021898133531693,0.0,22,1.0,0.0021898133531693
2023-01-23,GOOGL/MSFT,-0.0006708916376411,-0.0006708916376411,0.0,22,1.0,-0.0006708916376411
2023-01-24,GOOGL/MSFT,0.006492380368168,0.006492380368168,0.0,22,1.0,0.006492380368168
2023-01-25,GOOGL/MSFT,0.0058613443628457,0.0058613443628457,0.0,22,1.0,0.0058613443628457
2023-01-26,GOOGL/MSFT,0.0100853320071013,0.0100853320071013,0.0,22,1.0,0.0100853320071013
2023-01-27,GOOGL/MSFT,-0.0067246585716811,-0.0067246585716811,0.0,22,1.0,-0.0067246585716811
2023-01-30,GOOGL/MSFT,-0.0045357000437722,-0.0045357000437722,0.0,22,1.0,-0.0045357000437722
2023-01-31,GOOGL/MSFT,0.005780614605155,0.005780614605155,0.0,22,1.0,0.005780614605155
2023-02-01,GOOGL/MSFT,0.006440987028861,0.006440987028861,0.0,22,1.0,0.006440987028861
2023-02-02,GOOGL/MSFT,0.0021446150954591,0.0021446150954591,0.0,22,1.0,0.0021446150954591
2023-02-03,GOOGL/MSFT,-0.001,-0.0,1.0,22,1.0,-0.001
2023-02-06,GOOGL/MSFT,0.0,0.0,0.0,22,1.0,0.0
2023-02-07,GOOGL/MSFT,0.0,0.0,0.0,22,1.0,0.0
2023-02-08,GOOGL/MSFT,0.0,0.0,0.0,22,1.0,0.0
2023-02-09,GOOGL/MSFT,-0.0100460703726986,-0.0090460703726986,1.0,22,1.0,-0.0100460703726986
2023-02-10,GOOGL/MSFT,-0.0004859889134119,-0.0004859889134119,0.0,22,1.0,-0.0004859889134119
2023-02-13,GOOGL/MSFT,-0.0194948037951962,-0.0194948037951962,0.0,22,1.0,-0.0194948037951962
2023-02-14,GOOGL/MSFT,-0.0017022712678586,-0.0017022712678586,0.0,22,1.0,-0.0017022712678586
2023-02-15,GOOGL/MSFT,0.0138319241416733,0.0138319241416733,0.0,22,1.0,0.0138319241416733
2023-02-16,GOOGL/MSFT,0.011470694875545,0.011470694875545,0.0,22,1.0,0.011470694875545
2023-02-17,GOOGL/MSFT,0.0054656660242037,0.0054656660242037,0.0,22,1.0,0.0054656660242037
2023-02-21,GOOGL/MSFT,0.0033989237502,0.0033989237502,0.0,22,1.0,0.0033989237502
2023-02-22,GOOGL/MSFT,0.0023696717017792,0.0023696717017792,0.0,22,1.0,0.0023696717017792
2023-02-23,GOOGL/MSFT,-0.0112702353912923,-0.0112702353912923,0.0,22,1.0,-0.0112702353912923
2023-02-24,GOOGL/MSFT,0.0069142044509621,0.0069142044509621,0.0,22,1.0,0.0069142044509621
2023-02-27,GOOGL/MSFT,0.000576619168724,0.000576619168724,0.0,22,1.0,0.000576619168724
2023-02-28,GOOGL/MSFT,0.0026550053801945,0.0026550053801945,0.0,22,1.0,0.0026550053801945
2023-03-01,GOOGL/MSFT,0.0093012928273618,0.0093012928273618,0.0,22,1.0,0.0093012928273618
2023-03-02,GOOGL/MSFT,-0.0061700770760166,-0.0061700770760166,0.0,22,1.0,-0.0061700770760166
2023-03-03,GOOGL/MSFT,-0.0043485959995788,-0.0043485959995788,0.0,22,1.0,-0.0043485959995788
2023-03-06,GOOGL/MSFT,0.0016119479068131,0.0016119479068131,0.0,22,1.0,0.0016119479068131
2023-03-07,GOOGL/MSFT,0.0021274183386266,0.0021274183386266,0.0,22,1.0,0.0021274183386266
2023-03-08,GOOGL/MSFT,0.0026114029024635,0.0026114029024635,0.0,22,1.0,0.0026114029024635
2023-03-09,GOOGL/MSFT,-0.001,0.0,1.0,22,1.0,-0.001
2023-03-10,GOOGL/MSFT,-0.0,-0.0,0.0,22,1.0,-0.0
2023-03-13,GOOGL/MSFT,0.0,0.0,0.0,22,1.0,0.0
2023-03-14,GOOGL/MSFT,0.0,0.0,0.0,22,1.0,0.0
2023-03-15,GOOGL/MSFT,0.0,0.0,0.0,22,1.0,0.0
2023-03-16,GOOGL/MSFT,0.0,0.0,0.0,22,1.0,0.0
2023-03-17,GOOGL/MSFT,0.0,0.0,0.0,22,1.0,0.0
2023-03-20,GOOGL/MSFT,-0.0,-0.0,0.0,22,1.0,-0.0
2023-03-21,GOOGL/MSFT,-0.0,-0.0,0.0,22,1.0,-0.0
2023-03-22,GOOGL/MSFT,0.0,0.0,0.0,22,1.0,0.0
2023-03-23,GOOGL/MSFT,0.0,0.0,0.0,22,1.0,0.0
2023-03-24,GOOGL/MSFT,0.0,0.0,0.0,22,1.0,0.0
2023-03-27,GOOGL/MSFT,0.0,0.0,0.0,22,1.0,0.0
2023-03-28,GOOGL/MSFT,0.0,0.0,0.0,22,1.0,0.0
2023-03-29,GOOGL/MSFT,0.0,0.0,0.0,22,1.0,0.0
2023-03-30,GOOGL/MSFT,0.0,0.0,0.0,22,1.0,0.0
2023-03-31,GOOGL/MSFT,-0.0010843142991326,-8.43142991326379e-05,1.0,22,1.0,-0.0010843142991326
2023-04-03,GOOGL/MSFT,0.0045215827193036,0.0045215827193036,0.0,22,1.0,0.0045215827193036
2023-04-04,GOOGL/MSFT,0.0012925434335442,0.0012925434335442,0.0,22,1.0,0.0012925434335442
2023-04-05,GOOGL/MSFT,0.0057107076717535,0.0057107076717535,0.0,22,1.0,0.0057107076717535
2023-04-06,GOOGL/MSFT,-0.0,-0.0,0.0,23,0.5,-0.0
2023-04-06,MS/WFC,-0.0,-0.0,0.0,23,0.5,-0.0
2023-04-10,GOOGL/MSFT,0.0,0.0,0.0,23,0.5,0.0
2023-04-10,MS/WFC,-0.0086973375545568,-0.0076973375545568,1.0,23,0.5,-0.0043486687772784
2023-04-11,GOOGL/MSFT,-0.0,-0.0,0.0,23,0.5,-0.0
2023-04-11,MS/WFC,0.0027536312799245,0.0027536312799245,0.0,23,0.5,0.0013768156399622
2023-04-12,GOOGL/MSFT,0.0,0.0,0.0,23,0.5,0.0
2023-04-12,MS/WFC,0.0044994604781195,0.0044994604781195,0.0,23,0.5,0.0022497302390597
2023-04-13,GOOGL/MSFT,0.0,0.0,0.0,23,0.5,0.0
2023-04-13,MS/WFC,-0.0019786520821904,-0.0019786520821904,0.0,23,0.5,-0.0009893260410952
2023-04-14,GOOGL/MSFT,-0.0,-0.0,0.0,23,0.5,-0.0
2023-04-14,MS/WFC,0.008391553497831,0.008391553497831,0.0,23,0.5,0.0041957767489155
2023-04-17,GOOGL/MSFT,0.0161164542191064,0.0171164542191064,1.0,23,0.5,0.0080582271095532
2023-04-17,MS/WFC,0.008161167884228,0.008161167884228,0.0,23,0.5,0.004080583942114
2023-04-18,GOOGL/MSFT,0.0054998894129524,0.0054998894129524,0.0,23,0.5,0.0027499447064762
2023-04-18,MS/WFC,0.0003665277004468,0.0003665277004468,0.0,23,0.5,0.0001832638502234
2023-04-19,GOOGL/MSFT,0.0015603197346109,0.0015603197346109,0.0,23,0.5,0.0007801598673054
2023-04-19,MS/WFC,0.0021645980191429,0.0021645980191429,0.0,23,0.5,0.0010822990095714
2023-04-20,GOOGL/MSFT,-0.0092934247969512,-0.0092934247969512,0.0,23,0.5,-0.0046467123984756
2023-04-20,MS/WFC,0.0037367423113974,0.0037367423113974,0.0,23,0.5,0.0018683711556987
2023-04-21,GOOGL/MSFT,-0.0011838756001688,-0.0011838756001688,0.0,23,0.5,-0.0005919378000844
2023-04-21,MS/WFC,-0.001,0.0,1.0,23,0.5,-0.0005
2023-04-24,GOOGL/MSFT,-0.00985164898542,-0.00985164898542,0.0,23,0.5,-0.00492582449271
2023-04-24,MS/WFC,-0.0,-0.0,0.0,23,0.5,-0.0
2023-04-25,GOOGL/MSFT,-0.0021394763671269,-0.0021394763671269,0.0,23,0.5,-0.0010697381835634
2023-04-25,MS/WFC,-0.0,-0.0,0.0,23,0.5,-0.0
2023-04-26,GOOGL/MSFT,0.038115510153522,0.038115510153522,0.0,23,0.5,0.019057755076761
2023-04-26,MS/WFC,0.0,0.0,0.0,23,0.5,0.0
2023-04-27,GOOGL/MSFT,-0.0017110319624631,-0.0017110319624631,0.0,23,0.5,-0.0008555159812315
2023-04-27,MS/WFC,0.0,0.0,0.0,23,0.5,0.0
2023-04-28,GOOGL/MSFT,0.0051931829103383,0.0051931829103383,0.0,23,0.5,0.0025965914551691
2023-04-28,MS/WFC,0.0,0.0,0.0,23,0.5,0.0
2023-05-01,GOOGL/MSFT,-0.0021141636328827,-0.0021141636328827,0.0,23,0.5,-0.0010570818164413
2023-05-01,MS/WFC,-0.0,-0.0,0.0,23,0.5,-0.0
2023-05-02,GOOGL/MSFT,0.0085903139573403,0.0085903139573403,0.0,23,0.5,0.0042951569786701
2023-05-02,MS/WFC,-0.0,-0.0,0.0,23,0.5,-0.0
2023-05-03,GOOGL/MSFT,-0.0020662255296823,-0.0020662255296823,0.0,23,0.5,-0.0010331127648411
2023-05-03,MS/WFC,-0.0,-0.0,0.0,23,0.5,-0.0
2023-05-04,GOOGL/MSFT,0.0051071458839658,0.0051071458839658,0.0,23,0.5,0.0025535729419829
2023-05-04,MS/WFC,-0.0,-0.0,0.0,23,0.5,-0.0
2023-05-05,GOOGL/MSFT,0.0040717290067612,0.0040717290067612,0.0,23,0.5,0.0020358645033806
2023-05-05,MS/WFC,0.0,0.0,0.0,23,0.5,0.0
2023-05-08,GOOGL/MSFT,-0.0138351950991014,-0.0138351950991014,0.0,23,0.5,-0.0069175975495507
2023-05-08,MS/WFC,-0.0,-0.0,0.0,23,0.5,-0.0
2023-05-09,GOOGL/MSFT,-0.0005834783760467,-0.0005834783760467,0.0,23,0.5,-0.0002917391880233
2023-05-09,MS/WFC,-0.0,-0.0,0.0,23,0.5,-0.0
2023-05-10,GOOGL/MSFT,-0.01280698476047,-0.01280698476047,0.0,23,0.5,-0.006403492380235
2023-05-10,MS/WFC,-0.0,-0.0,0.0,23,0.5,-0.0
2023-05-11,GOOGL/MSFT,-0.0257229962749847,-0.0257229962749847,0.0,23,0.5,-0.0128614981374923
2023-05-11,MS/WFC,-0.0,-0.0,0.0,23,0.5,-0.0
2023-05-12,GOOGL/MSFT,-0.001,-0.0,1.0,23,0.5,-0.0005
2023-05-12,MS/WFC,0.0,0.0,0.0,23,0.5,0.0
2023-05-15,GOOGL/MSFT,0.0,0.0,0.0,23,0.5,0.0
2023-05-15,MS/WFC,-0.0,-0.0,0.0,23,0.5,-0.0
2023-05-16,GOOGL/MSFT,-0.0106291267503675,-0.0096291267503675,1.0,23,0.5,-0.0053145633751837
2023-05-16,MS/WFC,-0.0,-0.0,0.0,23,0.5,-0.0
2023-05-17,GOOGL/MSFT,-0.0010847945695552,-0.0010847945695552,0.0,23,0.5,-0.0005423972847776
2023-05-17,MS/WFC,-0.0034677995279181,-0.0024677995279181,1.0,23,0.5,-0.001733899763959
2023-05-18,GOOGL/MSFT,-0.0013314280574749,-0.0013314280574749,0.0,23,0.5,-0.0006657140287374
2023-05-18,MS/WFC,0.0066534096684503,0.0066534096684503,0.0,23,0.5,0.0033267048342251
2023-05-19,GOOGL/MSFT,1.009297651300288e-05,1.009297651300288e-05,0.0,23,0.5,5.046488256501441e-06
2023-05-19,MS/WFC,-0.0155368316082674,-0.0155368316082674,0.0,23,0.5,-0.0077684158041337
2023-05-22,GOOGL/MSFT,-0.0049954278211739,-0.0049954278211739,0.0,23,0.5,-0.0024977139105869
2023-05-22,MS/WFC,-0.0083010379595432,-0.0083010379595432,0.0,23,0.5,-0.0041505189797716
2023-05-23,GOOGL/MSFT,0.0008467870938925,0.0008467870938925,0.0,23,0.5,0.0004233935469462
2023-05-23,MS/WFC,0.0008272836863271,0.0008272836863271,0.0,23,0.5,0.0004136418431635
2023-05-24,GOOGL/MSFT,0.0045376357841607,0.0045376357841607,0.0,23,0.5,0.0022688178920803
2023-05-24,MS/WFC,-0.0078715198715831,-0.0078715198715831,0.0,23,0.5,-0.0039357599357915
2023-05-25,GOOGL/MSFT,0.0086940658123923,0.0086940658123923,0.0,23,0.5,0.0043470329061961
2023-05-25,MS/WFC,0.013546407861011,0.013546407861011,0.0,23,0.5,0.0067732039305055
2023-05-26,GOOGL/MSFT,0.0062405401404236,0.0062405401404236,0.0,23,0.5,0.0031202700702118
2023-05-26,MS/WFC,0.0037736376706238,0.0037736376706238,0.0,23,0.5,0.0018868188353119
2023-05-30,GOOGL/MSFT,0.0011890986287851,0.0011890986287851,0.0,23,0.5,0.0005945493143925
2023-05-30,MS/WFC,-0.0012665557242809,-0.0012665557242809,0.0,23,0.5,-0.0006332778621404
2023-05-31,GOOGL/MSFT,-0.0010900095360099,-0.0010900095360099,0.0,23,0.5,-0.0005450047680049
2023-05-31,MS/WFC,-0.001,-0.0,1.0,23,0.5,-0.0005
2023-06-01,GOOGL/MSFT,0.0030064859893821,0.0030064859893821,0.0,23,0.5,0.001503242994691
2023-06-01,MS/WFC,-0.0,-0.0,0.0,23,0.5,-0.0
2023-06-02,GOOGL/MSFT,0.000475824598276,0.000475824598276,0.0,23,0.5,0.000237912299138
2023-06-02,MS/WFC,0.0,0.0,0.0,23,0.5,0.0
2023-06-05,GOOGL/MSFT,-0.0045097008485104,-0.0045097008485104,0.0,23,0.5,-0.0022548504242552
2023-06-05,MS/WFC,0.0,0.0,0.0,23,0.5,0.0
2023-06-06,GOOGL/MSFT,-0.0085069707678636,-0.0085069707678636,0.0,23,0.5,-0.0042534853839318
2023-06-06,MS/WFC,0.0,0.0,0.0,23,0.5,0.0
2023-06-07,GOOGL/MSFT,0.0031780033376812,0.0031780033376812,0.0,23,0.5,0.0015890016688406
2023-06-07,MS/WFC,-0.0,-0.0,0.0,23,0.5,-0.0
2023-06-08,GOOGL/MSFT,0.0043900126172096,0.0043900126172096,0.0,23,0.5,0.0021950063086048
2023-06-08,MS/WFC,-0.0,-0.0,0.0,23,0.5,-0.0
2023-06-09,GOOGL/MSFT,0.0020123004794167,0.0020123004794167,0.0,23,0.5,0.0010061502397083
2023-06-09,MS/WFC,0.0,0.0,0.0,23,0.5,0.0
2023-06-12,GOOGL/MSFT,0.0021295505497535,0.0021295505497535,0.0,23,0.5,0.0010647752748767
2023-06-12,MS/WFC,0.0,0.0,0.0,23,0.5,0.0
2023-06-13,GOOGL/MSFT,-0.001,0.0,1.0,23,0.5,-0.0005
2023-06-13,MS/WFC,-0.0,-0.0,0.0,23,0.5,-0.0
2023-06-14,GOOGL/MSFT,0.0,0.0,0.0,23,0.5,0.0
2023-06-14,MS/WFC,0.0,0.0,0.0,23,0.5,0.0
2023-06-15,GOOGL/MSFT,0.0,0.0,0.0,23,0.5,0.0
2023-06-15,MS/WFC,0.0,0.0,0.0,23,0.5,0.0
2023-06-16,GOOGL/MSFT,-0.0,-0.0,0.0,23,0.5,-0.0
2023-06-16,MS/WFC,-0.0,-0.0,0.0,23,0.5,-0.0
2023-06-20,GOOGL/MSFT,-0.0,-0.0,0.0,23,0.5,-0.0
2023-06-20,MS/WFC,-0.0,-0.0,0.0,23,0.5,-0.0
2023-06-21,GOOGL/MSFT,0.0,0.0,0.0,23,0.5,0.0
2023-06-21,MS/WFC,-0.0,-0.0,0.0,23,0.5,-0.0
2023-06-22,GOOGL/MSFT,-0.0,-0.0,0.0,23,0.5,-0.0
2023-06-22,MS/WFC,-0.0,-0.0,0.0,23,0.5,-0.0
2023-06-23,GOOGL/MSFT,-0.0,-0.0,0.0,23,0.5,-0.0
2023-06-23,MS/WFC,-0.0,-0.0,0.0,23,0.5,-0.0
2023-06-26,GOOGL/MSFT,0.0,0.0,0.0,23,0.5,0.0
2023-06-26,MS/WFC,0.0,0.0,0.0,23,0.5,0.0
2023-06-27,GOOGL/MSFT,0.0,0.0,0.0,23,0.5,0.0
2023-06-27,MS/WFC,0.0,0.0,0.0,23,0.5,0.0
2023-06-28,GOOGL/MSFT,-0.0,-0.0,0.0,23,0.5,-0.0
2023-06-28,MS/WFC,-0.0,-0.0,0.0,23,0.5,-0.0
2023-06-29,GOOGL/MSFT,0.0,0.0,0.0,23,0.5,0.0
2023-06-29,MS/WFC,-0.0,-0.0,0.0,23,0.5,-0.0
2023-06-30,GOOGL/MSFT,0.0,0.0,0.0,23,0.5,0.0
2023-06-30,MS/WFC,-0.0,-0.0,0.0,23,0.5,-0.0
2023-07-03,GOOGL/MSFT,-0.0,-0.0,0.0,23,0.5,-0.0
2023-07-03,MS/WFC,0.0,0.0,0.0,23,0.5,0.0
2023-07-05,GOOGL/MSFT,-0.0,-0.0,0.0,23,0.5,-0.0
2023-07-05,MS/WFC,-0.0,-0.0,0.0,23,0.5,-0.0
2023-07-06,GOOGL/MSFT,0.0,0.0,0.0,23,0.5,0.0
2023-07-06,MS/WFC,-0.0,-0.0,0.0,23,0.5,-0.0
2023-07-07,GOOGL/MSFT,-0.0,-0.0,0.0,23,0.5,-0.0
2023-07-07,MS/WFC,0.0003283454522136,0.0013283454522136,1.0,23,0.5,0.0001641727261068
2023-07-10,ABBV/JNJ,-0.0,-0.0,0.0,24,0.5,-0.0
2023-07-10,IEI/SHY,-0.0,-0.0,0.0,24,0.5,-0.0
2023-07-11,ABBV/JNJ,0.0,0.0,0.0,24,0.5,0.0
2023-07-11,IEI/SHY,-0.0008284333060118,0.0001715666939881,1.0,24,0.5,-0.0004142166530059
2023-07-12,ABBV/JNJ,-0.0,-0.0,0.0,24,0.5,-0.0
2023-07-12,IEI/SHY,0.000591096733726,0.000591096733726,0.0,24,0.5,0.000295548366863
2023-07-13,ABBV/JNJ,-0.0,-0.0,0.0,24,0.5,-0.0
2023-07-13,IEI/SHY,0.0003417311448451,0.0003417311448451,0.0,24,0.5,0.0001708655724225
2023-07-14,ABBV/JNJ,0.0,0.0,0.0,24,0.5,0.0
2023-07-14,IEI/SHY,-0.001,-0.0,1.0,24,0.5,-0.0005
2023-07-17,ABBV/JNJ,-0.0,-0.0,0.0,24,0.5,-0.0
2023-07-17,IEI/SHY,-0.0,-0.0,0.0,24,0.5,-0.0
2023-07-18,ABBV/JNJ,0.0,0.0,0.0,24,0.5,0.0
2023-07-18,IEI/SHY,-0.0,-0.0,0.0,24,0.5,-0.0
2023-07-19,ABBV/JNJ,0.0,0.0,0.0,24,0.5,0.0
2023-07-19,IEI/SHY,-0.0,-0.0,0.0,24,0.5,-0.0
2023-07-20,ABBV/JNJ,-0.0,-0.0,0.0,24,0.5,-0.0
2023-07-20,IEI/SHY,0.0,0.0,0.0,24,0.5,0.0
2023-07-21,ABBV/JNJ,0.0,0.0,0.0,24,0.5,0.0
2023-07-21,IEI/SHY,0.0,0.0,0.0,24,0.5,0.0
2023-07-24,ABBV/JNJ,-0.0,-0.0,0.0,24,0.5,-0.0
2023-07-24,IEI/SHY,-0.0,-0.0,0.0,24,0.5,-0.0
2023-07-25,ABBV/JNJ,-0.0,-0.0,0.0,24,0.5,-0.0
2023-07-25,IEI/SHY,0.0,0.0,0.0,24,0.5,0.0
2023-07-26,ABBV/JNJ,0.0,0.0,0.0,24,0.5,0.0
2023-07-26,IEI/SHY,-0.0,-0.0,0.0,24,0.5,-0.0
2023-07-27,ABBV/JNJ,0.0,0.0,0.0,24,0.5,0.0
2023-07-27,IEI/SHY,0.0,0.0,0.0,24,0.5,0.0
2023-07-28,ABBV/JNJ,-0.0068975714826767,-0.0058975714826767,1.0,24,0.5,-0.0034487857413383
2023-07-28,IEI/SHY,0.0,0.0,0.0,24,0.5,0.0
2023-07-31,ABBV/JNJ,-0.011898645516857,-0.011898645516857,0.0,24,0.5,-0.0059493227584285
2023-07-31,IEI/SHY,-0.0,-0.0,0.0,24,0.5,-0.0
2023-08-01,ABBV/JNJ,0.0074410636745753,0.0074410636745753,0.0,24,0.5,0.0037205318372876
2023-08-01,IEI/SHY,0.0,0.0,0.0,24,0.5,0.0
2023-08-02,ABBV/JNJ,-0.0007532341734659,-0.0007532341734659,0.0,24,0.5,-0.0003766170867329
2023-08-02,IEI/SHY,0.0,0.0,0.0,24,0.5,0.0
2023-08-03,ABBV/JNJ,0.0030843680216804,0.0030843680216804,0.0,24,0.5,0.0015421840108402
2023-08-03,IEI/SHY,0.0,0.0,0.0,24,0.5,0.0
2023-08-04,ABBV/JNJ,-0.001,-0.0,1.0,24,0.5,-0.0005
2023-08-04,IEI/SHY,-0.0001092128170524,0.0008907871829475,1.0,24,0.5,-5.4606408526225285e-05
2023-08-07,ABBV/JNJ,0.0,0.0,0.0,24,0.5,0.0
2023-08-07,IEI/SHY,-0.0004216784146266,-0.0004216784146266,0.0,24,0.5,-0.0002108392073133
2023-08-08,ABBV/JNJ,-0.0,-0.0,0.0,24,0.5,-0.0
2023-08-08,IEI/SHY,0.0004708032388,0.0004708032388,0.0,24,0.5,0.0002354016194
2023-08-09,ABBV/JNJ,0.0,0.0,0.0,24,0.5,0.0
2023-08-09,IEI/SHY,0.0002313688124255,0.0002313688124255,0.0,24,0.5,0.0001156844062127
2023-08-10,ABBV/JNJ,0.0,0.0,0.0,24,0.5,0.0
2023-08-10,IEI/SHY,-0.0009317350007235,-0.0009317350007235,0.0,24,0.5,-0.0004658675003617
2023-08-11,ABBV/JNJ,-0.0,-0.0,0.0,24,0.5,-0.0
2023-08-11,IEI/SHY,-0.0005741465157925,-0.0005741465157925,0.0,24,0.5,-0.0002870732578962
2023-08-14,ABBV/JNJ,0.0,0.0,0.0,24,0.5,0.0
2023-08-14,IEI/SHY,-3.785551423549047e-05,-3.785551423549047e-05,0.0,24,0.5,-1.8927757117745234e-05
2023-08-15,ABBV/JNJ,0.0,0.0,0.0,24,0.5,0.0
2023-08-15,IEI/SHY,-0.0003642530963261,-0.0003642530963261,0.0,24,0.5,-0.000182126548163
2023-08-16,ABBV/JNJ,-0.0,-0.0,0.0,24,0.5,-0.0
2023-08-16,IEI/SHY,-0.0003010844993987,-0.0003010844993987,0.0,24,0.5,-0.0001505422496993
2023-08-17,ABBV/JNJ,-0.0,-0.0,0.0,24,0.5,-0.0
2023-08-17,IEI/SHY,-0.0005798636257653,-0.0005798636257653,0.0,24,0.5,-0.0002899318128826
2023-08-18,ABBV/JNJ,0.0,0.0,0.0,24,0.5,0.0
2023-08-18,IEI/SHY,0.0001987017392454,0.0001987017392454,0.0,24,0.5,9.935086962271236e-05
2023-08-21,ABBV/JNJ,0.0,0.0,0.0,24,0.5,0.0
2023-08-21,IEI/SHY,-0.0003208261875254,-0.0003208261875254,0.0,24,0.5,-0.0001604130937627
2023-08-22,ABBV/JNJ,-0.0,-0.0,0.0,24,0.5,-0.0
2023-08-22,IEI/SHY,0.0001202652758233,0.0001202652758233,0.0,24,0.5,6.013263791167901e-05
2023-08-23,ABBV/JNJ,-0.0,-0.0,0.0,24,0.5,-0.0
2023-08-23,IEI/SHY,0.000445656114138,0.000445656114138,0.0,24,0.5,0.000222828057069
2023-08-24,ABBV/JNJ,-0.0,-0.0,0.0,24,0.5,-0.0
2023-08-24,IEI/SHY,-0.0001504982266225,-0.0001504982266225,0.0,24,0.5,-7.524911331126083e-05
2023-08-25,ABBV/JNJ,-0.0,-0.0,0.0,24,0.5,-0.0
2023-08-25,IEI/SHY,0.0001201782984009,0.0001201782984009,0.0,24,0.5,6.0089149200489054e-05
2023-08-28,ABBV/JNJ,0.0,0.0,0.0,24,0.5,0.0
2023-08-28,IEI/SHY,-0.001,-0.0,1.0,24,0.5,-0.0005
2023-08-29,ABBV/JNJ,0.0,0.0,0.0,24,0.5,0.0
2023-08-29,IEI/SHY,0.0,0.0,0.0,24,0.5,0.0
2023-08-30,ABBV/JNJ,0.0,0.0,0.0,24,0.5,0.0
2023-08-30,IEI/SHY,0.0,0.0,0.0,24,0.5,0.0
2023-08-31,ABBV/JNJ,-0.0,-0.0,0.0,24,0.5,-0.0
2023-08-31,IEI/SHY,0.0,0.0,0.0,24,0.5,0.0
2023-09-01,ABBV/JNJ,0.0,0.0,0.0,24,0.5,0.0
2023-09-01,IEI/SHY,0.0,0.0,0.0,24,0.5,0.0
2023-09-05,ABBV/JNJ,-0.0,-0.0,0.0,24,0.5,-0.0
2023-09-05,IEI/SHY,-0.0,-0.0,0.0,24,0.5,-0.0
2023-09-06,ABBV/JNJ,0.0,0.0,0.0,24,0.5,0.0
2023-09-06,IEI/SHY,-0.0,-0.0,0.0,24,0.5,-0.0
2023-09-07,ABBV/JNJ,0.0,0.0,0.0,24,0.5,0.0
2023-09-07,IEI/SHY,0.0,0.0,0.0,24,0.5,0.0
2023-09-08,ABBV/JNJ,-0.0,-0.0,0.0,24,0.5,-0.0
2023-09-08,IEI/SHY,-0.0,-0.0,0.0,24,0.5,-0.0
2023-09-11,ABBV/JNJ,-0.0,-0.0,0.0,24,0.5,-0.0
2023-09-11,IEI/SHY,0.0,0.0,0.0,24,0.5,0.0
2023-09-12,ABBV/JNJ,-0.0,-0.0,0.0,24,0.5,-0.0
2023-09-12,IEI/SHY,-0.0,-0.0,0.0,24,0.5,-0.0
2023-09-13,ABBV/JNJ,0.0,0.0,0.0,24,0.5,0.0
2023-09-13,IEI/SHY,0.0,0.0,0.0,24,0.5,0.0
2023-09-14,ABBV/JNJ,0.0,0.0,0.0,24,0.5,0.0
2023-09-14,IEI/SHY,0.0,0.0,0.0,24,0.5,0.0
2023-09-15,ABBV/JNJ,0.0,0.0,0.0,24,0.5,0.0
2023-09-15,IEI/SHY,-0.0,-0.0,0.0,24,0.5,-0.0
2023-09-18,ABBV/JNJ,0.0,0.0,0.0,24,0.5,0.0
2023-09-18,IEI/SHY,-0.0,-0.0,0.0,24,0.5,-0.0
2023-09-19,ABBV/JNJ,-0.0,-0.0,0.0,24,0.5,-0.0
2023-09-19,IEI/SHY,-0.0,-0.0,0.0,24,0.5,-0.0
2023-09-20,ABBV/JNJ,-0.0,-0.0,0.0,24,0.5,-0.0
2023-09-20,IEI/SHY,-0.0,-0.0,0.0,24,0.5,-0.0
2023-09-21,ABBV/JNJ,0.0,0.0,0.0,24,0.5,0.0
2023-09-21,IEI/SHY,-0.0001380645391325,0.0008619354608674,1.0,24,0.5,-6.903226956629969e-05
2023-09-22,ABBV/JNJ,0.0,0.0,0.0,24,0.5,0.0
2023-09-22,IEI/SHY,0.0003540509289507,0.0003540509289507,0.0,24,0.5,0.0001770254644753
2023-09-25,ABBV/JNJ,0.0,0.0,0.0,24,0.5,0.0
2023-09-25,IEI/SHY,0.0001248682343988,0.0001248682343988,0.0,24,0.5,6.243411719942363e-05
2023-09-26,ABBV/JNJ,0.0,0.0,0.0,24,0.5,0.0
2023-09-26,IEI/SHY,0.0001327029881102,0.0001327029881102,0.0,24,0.5,6.635149405514078e-05
2023-09-27,ABBV/JNJ,0.0,0.0,0.0,24,0.5,0.0
2023-09-27,IEI/SHY,-0.00017814512458,-0.00017814512458,0.0,24,0.5,-8.907256229004115e-05
2023-09-28,ABBV/JNJ,-0.0,-0.0,0.0,24,0.5,-0.0
2023-09-28,IEI/SHY,0.0009398629089263,0.0009398629089263,0.0,24,0.5,0.0004699314544631
2023-09-29,ABBV/JNJ,-0.0,-0.0,0.0,24,0.5,-0.0
2023-09-29,IEI/SHY,-0.001,0.0,1.0,24,0.5,-0.0005
2023-10-02,ABBV/JNJ,-0.002540678503768,-0.001540678503768,1.0,24,0.5,-0.001270339251884
2023-10-02,IEI/SHY,-0.0,-0.0,0.0,24,0.5,-0.0
2023-10-03,ABBV/JNJ,-0.0037254750546632,-0.0037254750546632,0.0,24,0.5,-0.0018627375273316
2023-10-03,IEI/SHY,-0.0,-0.0,0.0,24,0.5,-0.0
2023-10-04,ABBV/JNJ,0.0005388210664019,0.0005388210664019,0.0,24,0.5,0.0002694105332009
2023-10-04,IEI/SHY,0.0,0.0,0.0,24,0.5,0.0
2023-10-05,ABBV/JNJ,-0.0053089310504169,-0.0053089310504169,0.0,24,0.5,-0.0026544655252084
2023-10-05,IEI/SHY,0.0,0.0,0.0,24,0.5,0.0
2023-10-06,EEM/VWO,-0.0,-0.0,0.0,25,0.5,-0.0
2023-10-06,IEF/TLH,-0.0,-0.0,0.0,25,0.5,-0.0
2023-10-09,EEM/VWO,0.0,0.0,0.0,25,0.5,0.0
2023-10-09,IEF/TLH,-0.0023674967207331,-0.0013674967207331,1.0,25,0.5,-0.0011837483603665
2023-10-10,EEM/VWO,-0.0,-0.0,0.0,25,0.5,-0.0
2023-10-10,IEF/TLH,0.0005391332124429,0.0005391332124429,0.0,25,0.5,0.0002695666062214
2023-10-11,EEM/VWO,0.0,0.0,0.0,25,0.5,0.0
2023-10-11,IEF/TLH,0.002618629165887,0.002618629165887,0.0,25,0.5,0.0013093145829435
2023-10-12,EEM/VWO,0.0,0.0,0.0,25,0.5,0.0
2023-10-12,IEF/TLH,-0.001271410209664,-0.001271410209664,0.0,25,0.5,-0.000635705104832
2023-10-13,EEM/VWO,0.0,0.0,0.0,25,0.5,0.0
2023-10-13,IEF/TLH,0.0007797237864484,0.0007797237864484,0.0,25,0.5,0.0003898618932242
2023-10-16,EEM/VWO,-0.0,-0.0,0.0,25,0.5,-0.0
2023-10-16,IEF/TLH,-0.0012820124256197,-0.0012820124256197,0.0,25,0.5,-0.0006410062128098
2023-10-17,EEM/VWO,0.0,0.0,0.0,25,0.5,0.0
2023-10-17,IEF/TLH,0.0021827094571461,0.0021827094571461,0.0,25,0.5,0.001091354728573
2023-10-18,EEM/VWO,-0.0031747016502177,-0.0021747016502177,1.0,25,0.5,-0.0015873508251088
2023-10-18,IEF/TLH,-5.459487857673292e-05,-5.459487857673292e-05,0.0,25,0.5,-2.729743928836646e-05
2023-10-19,EEM/VWO,-0.001,-0.0,1.0,25,0.5,-0.0005
2023-10-19,IEF/TLH,-0.0016619741634133,-0.0016619741634133,0.0,25,0.5,-0.0008309870817066
2023-10-20,EEM/VWO,-0.0021902193822098,-0.0011902193822098,1.0,25,0.5,-0.0010951096911049
2023-10-20,IEF/TLH,-0.0007010774343237,-0.0007010774343237,0.0,25,0.5,-0.0003505387171618
2023-10-23,EEM/VWO,-0.001,0.0,1.0,25,0.5,-0.0005
2023-10-23,IEF/TLH,0.0005885134756283,0.0005885134756283,0.0,25,0.5,0.0002942567378141
2023-10-24,EEM/VWO,-0.0,-0.0,0.0,25,0.5,-0.0
2023-10-24,IEF/TLH,0.0011756856032424,0.0011756856032424,0.0,25,0.5,0.0005878428016212
2023-10-25,EEM/VWO,-0.000999047398338,9.526016619039364e-07,1.0,25,0.5,-0.000499523699169
2023-10-25,IEF/TLH,-0.000346610114826,-0.000346610114826,0.0,25,0.5,-0.000173305057413
2023-10-26,EEM/VWO,0.0001603184078072,0.0001603184078072,0.0,25,0.5,8.015920390362549e-05
2023-10-26,IEF/TLH,-0.0002200683709954,-0.0002200683709954,0.0,25,0.5,-0.0001100341854977
2023-10-27,EEM/VWO,0.0009525640994871,0.0009525640994871,0.0,25,0.5,0.0004762820497435
2023-10-27,IEF/TLH,-0.0017562552116296,-0.0017562552116296,0.0,25,0.5,-0.0008781276058148
2023-10-30,EEM/VWO,0.0002948726475063,0.0002948726475063,0.0,25,0.5,0.0001474363237531
2023-10-30,IEF/TLH,0.0007713974015892,0.0007713974015892,0.0,25,0.5,0.0003856987007946
2023-10-31,EEM/VWO,-5.089538062025791e-05,-5.089538062025791e-05,0.0,25,0.5,-2.544769031012896e-05
2023-10-31,IEF/TLH,0.0001491848631279,0.0001491848631279,0.0,25,0.5,7.459243156397934e-05
2023-11-01,EEM/VWO,-0.0002326657370872,-0.0002326657370872,0.0,25,0.5,-0.0001163328685436
2023-11-01,IEF/TLH,-0.0007792646700355,-0.0007792646700355,0.0,25,0.5,-0.0003896323350177
2023-11-02,EEM/VWO,0.0006402170418111,0.0006402170418111,0.0,25,0.5,0.0003201085209055
2023-11-02,IEF/TLH,0.0022428978596781,0.0022428978596781,0.0,25,0.5,0.001121448929839
2023-11-03,EEM/VWO,0.0009232053714304,0.0009232053714304,0.0,25,0.5,0.0004616026857152
2023-11-03,IEF/TLH,-0.0020036256468663,-0.0020036256468663,0.0,25,0.5,-0.0010018128234331
2023-11-06,EEM/VWO,-0.0019416166995947,-0.0019416166995947,0.0,25,0.5,-0.0009708083497973
2023-11-06,IEF/TLH,0.000921229383733,0.000921229383733,0.0,25,0.5,0.0004606146918665
2023-11-07,EEM/VWO,0.0009492078388792,0.0009492078388792,0.0,25,0.5,0.0004746039194396
2023-11-07,IEF/TLH,0.0007231576914621,0.0007231576914621,0.0,25,0.5,0.000361578845731
2023-11-08,EEM/VWO,0.0005105838931855,0.0005105838931855,0.0,25,0.5,0.0002552919465927
2023-11-08,IEF/TLH,0.0016588247866555,0.0016588247866555,0.0,25,0.5,0.0008294123933277
2023-11-09,EEM/VWO,-0.0006886901266433,-0.0006886901266433,0.0,25,0.5,-0.0003443450633216
2023-11-09,IEF/TLH,-0.0004545246690188,-0.0004545246690188,0.0,25,0.5,-0.0002272623345094
2023-11-10,EEM/VWO,0.0006251894963769,0.0006251894963769,0.0,25,0.5,0.0003125947481884
2023-11-10,IEF/TLH,0.0002726719931057,0.0002726719931057,0.0,25,0.5,0.0001363359965528
2023-11-13,EEM/VWO,0.001097223166106,0.001097223166106,0.0,25,0.5,0.000548611583053
2023-11-13,IEF/TLH,0.0003112187393371,0.0003112187393371,0.0,25,0.5,0.0001556093696685
2023-11-14,EEM/VWO,0.0009217515176787,0.0009217515176787,0.0,25,0.5,0.0004608757588393
2023-11-14,IEF/TLH,-0.0022560457853549,-0.0022560457853549,0.0,25,0.5,-0.0011280228926774
2023-11-15,EEM/VWO,6.26310899539658e-05,6.26310899539658e-05,0.0,25,0.5,3.13155449769829e-05
2023-11-15,IEF/TLH,0.0006392250321639,0.0006392250321639,0.0,25,0.5,0.0003196125160819
2023-11-16,EEM/VWO,-0.0014011858104318,-0.0014011858104318,0.0,25,0.5,-0.0007005929052159
2023-11-16,IEF/TLH,-0.0011576983623821,-0.0011576983623821,0.0,25,0.5,-0.000578849181191
2023-11-17,EEM/VWO,0.0016220719446217,0.0016220719446217,0.0,25,0.5,0.0008110359723108
2023-11-17,IEF/TLH,-0.001,-0.0,1.0,25,0.5,-0.0005
2023-11-20,EEM/VWO,0.0002845826804299,0.0002845826804299,0.0,25,0.5,0.0001422913402149
2023-11-20,IEF/TLH,-0.0,-0.0,0.0,25,0.5,-0.0
2023-11-21,EEM/VWO,-0.001,0.0,1.0,25,0.5,-0.0005
2023-11-21,IEF/TLH,0.0,0.0,0.0,25,0.5,0.0
2023-11-22,EEM/VWO,0.0,0.0,0.0,25,0.5,0.0
2023-11-22,IEF/TLH,-0.0,-0.0,0.0,25,0.5,-0.0
2023-11-24,EEM/VWO,-0.0,-0.0,0.0,25,0.5,-0.0
2023-11-24,IEF/TLH,0.0,0.0,0.0,25,0.5,0.0
2023-11-27,EEM/VWO,0.0,0.0,0.0,25,0.5,0.0
2023-11-27,IEF/TLH,0.0,0.0,0.0,25,0.5,0.0
2023-11-28,EEM/VWO,-0.0,-0.0,0.0,25,0.5,-0.0
2023-11-28,IEF/TLH,0.0,0.0,0.0,25,0.5,0.0
2023-11-29,EEM/VWO,0.0,0.0,0.0,25,0.5,0.0
2023-11-29,IEF/TLH,-0.0,-0.0,0.0,25,0.5,-0.0
2023-11-30,EEM/VWO,-0.0,-0.0,0.0,25,0.5,-0.0
2023-11-30,IEF/TLH,-0.0,-0.0,0.0,25,0.5,-0.0
2023-12-01,EEM/VWO,-0.0,-0.0,0.0,25,0.5,-0.0
2023-12-01,IEF/TLH,0.0,0.0,0.0,25,0.5,0.0
2023-12-04,EEM/VWO,-0.0,-0.0,0.0,25,0.5,-0.0
2023-12-04,IEF/TLH,-0.0,-0.0,0.0,25,0.5,-0.0
2023-12-05,EEM/VWO,-0.0,-0.0,0.0,25,0.5,-0.0
2023-12-05,IEF/TLH,-0.0,-0.0,0.0,25,0.5,-0.0
2023-12-06,EEM/VWO,-0.0008906474096093,0.0001093525903906,1.0,25,0.5,-0.0004453237048046
2023-12-06,IEF/TLH,-0.0,-0.0,0.0,25,0.5,-0.0
2023-12-07,EEM/VWO,-5.369472143099643e-06,-5.369472143099643e-06,0.0,25,0.5,-2.6847360715498213e-06
2023-12-07,IEF/TLH,0.0,0.0,0.0,25,0.5,0.0
2023-12-08,EEM/VWO,0.0007821928284535,0.0007821928284535,0.0,25,0.5,0.0003910964142267
2023-12-08,IEF/TLH,-0.0,-0.0,0.0,25,0.5,-0.0
2023-12-11,EEM/VWO,0.0001770584762081,0.0001770584762081,0.0,25,0.5,8.852923810407956e-05
2023-12-11,IEF/TLH,0.0,0.0,0.0,25,0.5,0.0
2023-12-12,EEM/VWO,0.0001143433202408,0.0001143433202408,0.0,25,0.5,5.7171660120418646e-05
2023-12-12,IEF/TLH,-0.0,-0.0,0.0,25,0.5,-0.0
2023-12-13,EEM/VWO,-0.0007293806541334,-0.0007293806541334,0.0,25,0.5,-0.0003646903270667
2023-12-13,IEF/TLH,0.0,0.0,0.0,25,0.5,0.0
2023-12-14,EEM/VWO,-0.0007382788107513,-0.0007382788107513,0.0,25,0.5,-0.0003691394053756
2023-12-14,IEF/TLH,-0.0,-0.0,0.0,25,0.5,-0.0
2023-12-15,EEM/VWO,0.0005262177271756,0.0005262177271756,0.0,25,0.5,0.0002631088635878
2023-12-15,IEF/TLH,-0.0,-0.0,0.0,25,0.5,-0.0
2023-12-18,EEM/VWO,-0.0001560854433933,-0.0001560854433933,0.0,25,0.5,-7.804272169669456e-05
2023-12-18,IEF/TLH,0.0,0.0,0.0,25,0.5,0.0
2023-12-19,EEM/VWO,-2.268322476438378e-05,-2.268322476438378e-05,0.0,25,0.5,-1.134161238219189e-05
2023-12-19,IEF/TLH,-0.0,-0.0,0.0,25,0.5,-0.0
2023-12-20,EEM/VWO,0.003500687615409,0.003500687615409,0.0,25,0.5,0.0017503438077045
2023-12-20,IEF/TLH,0.0,0.0,0.0,25,0.5,0.0
2023-12-21,EEM/VWO,-0.0022802757949263,-0.0022802757949263,0.0,25,0.5,-0.0011401378974631
2023-12-21,IEF/TLH,0.0,0.0,0.0,25,0.5,0.0
2023-12-22,EEM/VWO,-0.0002434900317831,-0.0002434900317831,0.0,25,0.5,-0.0001217450158915
2023-12-22,IEF/TLH,-0.0,-0.0,0.0,25,0.5,-0.0
2023-12-26,EEM/VWO,-2.8855343949714485e-05,-2.8855343949714485e-05,0.0,25,0.5,-1.4427671974857242e-05
2023-12-26,IEF/TLH,-0.0,-0.0,0.0,25,0.5,-0.0
2023-12-27,EEM/VWO,-0.0003937096253041,-0.0003937096253041,0.0,25,0.5,-0.000196854812652
2023-12-27,IEF/TLH,-0.0,-0.0,0.0,25,0.5,-0.0
2023-12-28,EEM/VWO,0.0001006187419694,0.0001006187419694,0.0,25,0.5,5.03093709847026e-05
2023-12-28,IEF/TLH,-0.0,-0.0,0.0,25,0.5,-0.0
2023-12-29,EEM/VWO,-0.0017023997123466,-0.0017023997123466,0.0,25,0.5,-0.0008511998561733
2023-12-29,IEF/TLH,0.0,0.0,0.0,25,0.5,0.0
2024-01-02,EEM/VWO,0.0011948631419247,0.0011948631419247,0.0,25,0.5,0.0005974315709623
2024-01-02,IEF/TLH,-0.0,-0.0,0.0,25,0.5,-0.0
2024-01-03,EEM/VWO,-0.0008548368619958,-0.0008548368619958,0.0,25,0.5,-0.0004274184309979
2024-01-03,IEF/TLH,0.0,0.0,0.0,25,0.5,0.0
2024-01-04,EEM/VWO,-0.001,-0.0,1.0,25,0.5,-0.0005
2024-01-04,IEF/TLH,0.0,0.0,0.0,25,0.5,0.0
2024-01-05,EEM/VWO,-0.0,-0.0,0.0,25,0.5,-0.0
2024-01-05,IEF/TLH,0.0,0.0,0.0,25,0.5,0.0
2024-01-08,ABBV/UNH,-0.0,-0.0,0.0,26,0.3,-0.0
2024-01-08,AMZN/GOOGL,0.0,0.0,0.0,26,0.35,0.0
2024-01-08,GS/MS,0.0,0.0,0.0,26,0.35,0.0
2024-01-09,ABBV/UNH,0.0,0.0,0.0,26,0.3,0.0
2024-01-09,AMZN/GOOGL,0.0,0.0,0.0,26,0.35,0.0
2024-01-09,GS/MS,0.0,0.0,0.0,26,0.35,0.0
2024-01-10,ABBV/UNH,-0.0,-0.0,0.0,26,0.3,-0.0
2024-01-10,AMZN/GOOGL,-0.0,-0.0,0.0,26,0.35,-0.0
2024-01-10,GS/MS,0.0,0.0,0.0,26,0.35,0.0
2024-01-11,ABBV/UNH,0.0,0.0,0.0,26,0.3,0.0
2024-01-11,AMZN/GOOGL,-0.0,-0.0,0.0,26,0.35,-0.0
2024-01-11,GS/MS,0.0,0.0,0.0,26,0.35,0.0
2024-01-12,ABBV/UNH,-0.0,-0.0,0.0,26,0.3,-0.0
2024-01-12,AMZN/GOOGL,0.0,0.0,0.0,26,0.35,0.0
2024-01-12,GS/MS,0.0,0.0,0.0,26,0.35,0.0
2024-01-16,ABBV/UNH,-0.0033963986266363,-0.0023963986266363,1.0,26,0.3,-0.0010189195879909
2024-01-16,AMZN/GOOGL,0.0,0.0,0.0,26,0.35,0.0
2024-01-16,GS/MS,0.0,0.0,0.0,26,0.35,0.0
2024-01-17,ABBV/UNH,0.0080547271938858,0.0080547271938858,0.0,26,0.3,0.0024164181581657
2024-01-17,AMZN/GOOGL,0.0,0.0,0.0,26,0.35,0.0
2024-01-17,GS/MS,0.0,0.0,0.0,26,0.35,0.0
2024-01-18,ABBV/UNH,-0.0145443025743967,-0.0145443025743967,0.0,26,0.3,-0.004363290772319
2024-01-18,AMZN/GOOGL,0.0,0.0,0.0,26,0.35,0.0
2024-01-18,GS/MS,0.0,0.0,0.0,26,0.35,0.0
2024-01-19,ABBV/UNH,-0.021338427686458,-0.021338427686458,0.0,26,0.3,-0.0064015283059374
2024-01-19,AMZN/GOOGL,0.0,0.0,0.0,26,0.35,0.0
2024-01-19,GS/MS,-0.0003063902595757,0.0006936097404242,1.0,26,0.35,-0.0001072365908515
2024-01-22,ABBV/UNH,0.013828181057785,0.013828181057785,0.0,26,0.3,0.0041484543173355
2024-01-22,AMZN/GOOGL,-0.0011589248849028,-0.0001589248849028,1.0,26,0.35,-0.0004056237097159
2024-01-22,GS/MS,-0.0030357657537527,-0.0030357657537527,0.0,26,0.35,-0.0010625180138134
2024-01-23,ABBV/UNH,0.001129499138178,0.001129499138178,0.0,26,0.3,0.0003388497414534
2024-01-23,AMZN/GOOGL,-0.0003583407781958,-0.0003583407781958,0.0,26,0.35,-0.0001254192723685
2024-01-23,GS/MS,0.0126603741645538,0.0126603741645538,0.0,26,0.35,0.0044311309575938
2024-01-24,ABBV/UNH,0.0007001780583371,0.0007001780583371,0.0,26,0.3,0.0002100534175011
2024-01-24,AMZN/GOOGL,-0.0037727781051557,-0.0037727781051557,0.0,26,0.35,-0.0013204723368045
2024-01-24,GS/MS,0.0064169383727483,0.0064169383727483,0.0,26,0.35,0.0022459284304619
2024-01-25,ABBV/UNH,-0.0315725910065737,-0.0315725910065737,0.0,26,0.3,-0.0094717773019721
2024-01-25,AMZN/GOOGL,-0.009227323872564,-0.009227323872564,0.0,26,0.35,-0.0032295633553974
2024-01-25,GS/MS,-0.0021656803684098,-0.0021656803684098,0.0,26,0.35,-0.0007579881289434
2024-01-26,ABBV/UNH,0.0165757147594691,0.0165757147594691,0.0,26,0.3,0.0049727144278407
2024-01-26,AMZN/GOOGL,0.0027402261353955,0.0027402261353955,0.0,26,0.35,0.0009590791473884
2024-01-26,GS/MS,0.0052173692449016,0.0052173692449016,0.0,26,0.35,0.0018260792357155
2024-01-29,ABBV/UNH,0.002728990142783,0.002728990142783,0.0,26,0.3,0.0008186970428349
2024-01-29,AMZN/GOOGL,0.0012691492064386,0.0012691492064386,0.0,26,0.35,0.0004442022222535
2024-01-29,GS/MS,-0.0044624194762468,-0.0044624194762468,0.0,26,0.35,-0.0015618468166863
2024-01-30,ABBV/UNH,-0.0027321784766791,-0.0027321784766791,0.0,26,0.3,-0.0008196535430037
2024-01-30,AMZN/GOOGL,0.0010594689771536,0.0010594689771536,0.0,26,0.35,0.0003708141420037
2024-01-30,GS/MS,-0.0041284215052908,-0.0041284215052908,0.0,26,0.35,-0.0014449475268517
2024-01-31,ABBV/UNH,0.0134949670569423,0.0134949670569423,0.0,26,0.3,0.0040484901170827
2024-01-31,AMZN/GOOGL,0.0305852410324241,0.0305852410324241,0.0,26,0.35,0.0107048343613484
2024-01-31,GS/MS,0.0018551081433232,0.0018551081433232,0.0,26,0.35,0.0006492878501631
2024-02-01,ABBV/UNH,-0.0110846191734029,-0.0110846191734029,0.0,26,0.3,-0.0033253857520208
2024-02-01,AMZN/GOOGL,0.0076328389561596,0.0076328389561596,0.0,26,0.35,0.0026714936346558
2024-02-01,GS/MS,-0.0020528085449363,-0.0020528085449363,0.0,26,0.35,-0.0007184829907277
2024-02-02,ABBV/UNH,0.0035844123875762,0.0035844123875762,0.0,26,0.3,0.0010753237162728
2024-02-02,AMZN/GOOGL,0.0304682384647506,0.0304682384647506,0.0,26,0.35,0.0106638834626627
2024-02-02,GS/MS,-0.003067960757208,-0.003067960757208,0.0,26,0.35,-0.0010737862650228
2024-02-05,ABBV/UNH,-0.0144679590891088,-0.0144679590891088,0.0,26,0.3,-0.0043403877267326
2024-02-05,AMZN/GOOGL,-0.001,0.0,1.0,26,0.35,-0.00035
2024-02-05,GS/MS,-0.0008777888289636,-0.0008777888289636,0.0,26,0.35,-0.0003072260901372
2024-02-06,ABBV/UNH,0.0099797484147281,0.0099797484147281,0.0,26,0.3,0.0029939245244184
2024-02-06,AMZN/GOOGL,0.0036522591835863,0.0046522591835863,1.0,26,0.35,0.0012782907142552
2024-02-06,GS/MS,-0.0015608797258731,-0.0015608797258731,0.0,26,0.35,-0.0005463079040556
2024-02-07,ABBV/UNH,0.0119028733444648,0.0119028733444648,0.0,26,0.3,0.0035708620033394
2024-02-07,AMZN/GOOGL,0.0019478963344211,0.0019478963344211,0.0,26,0.35,0.0006817637170474
2024-02-07,GS/MS,-0.0028381728229295,-0.0028381728229295,0.0,26,0.35,-0.0009933604880253
2024-02-08,ABBV/UNH,0.0013308051294103,0.0013308051294103,0.0,26,0.3,0.0003992415388231
2024-02-08,AMZN/GOOGL,0.0032071807468824,0.0032071807468824,0.0,26,0.35,0.0011225132614088
2024-02-08,GS/MS,0.0002903628686486,0.0002903628686486,0.0,26,0.35,0.000101627004027
2024-02-09,ABBV/UNH,-0.0021691785550216,-0.0021691785550216,0.0,26,0.3,-0.0006507535665064
2024-02-09,AMZN/GOOGL,-0.0001310277792233,-0.0001310277792233,0.0,26,0.35,-4.585972272815827e-05
2024-02-09,GS/MS,0.0023922511690359,0.0023922511690359,0.0,26,0.35,0.0008372879091625
2024-02-12,ABBV/UNH,0.0001611138769015,0.0001611138769015,0.0,26,0.3,4.83341630704774e-05
2024-02-12,AMZN/GOOGL,-0.0001934481723512,-0.0001934481723512,0.0,26,0.35,-6.770686032295343e-05
2024-02-12,GS/MS,-0.0061258371637806,-0.0061258371637806,0.0,26,0.35,-0.0021440430073232
2024-02-13,ABBV/UNH,-0.0014792827921965,-0.0014792827921965,0.0,26,0.3,-0.0004437848376589
2024-02-13,AMZN/GOOGL,0.0003417586468565,0.0003417586468565,0.0,26,0.35,0.0001196155263997
2024-02-13,GS/MS,0.0029147932810282,0.0029147932810282,0.0,26,0.35,0.0010201776483598
2024-02-14,ABBV/UNH,-0.001051699734078,-0.001051699734078,0.0,26,0.3,-0.0003155099202234
2024-02-14,AMZN/GOOGL,-0.0029697691093175,-0.0029697691093175,0.0,26,0.35,-0.0010394191882611
2024-02-14,GS/MS,0.0011582906155862,0.0011582906155862,0.0,26,0.35,0.0004054017154551
2024-02-15,ABBV/UNH,0.0039545212337421,0.0039545212337421,0.0,26,0.3,0.0011863563701226
2024-02-15,AMZN/GOOGL,-0.0092451320666665,-0.0092451320666665,0.0,26,0.35,-0.0032357962233332
2024-02-15,GS/MS,-0.001,0.0,1.0,26,0.35,-0.00035
2024-02-16,ABBV/UNH,0.0001213641229214,0.0001213641229214,0.0,26,0.3,3.6409236876432006e-05
2024-02-16,AMZN/GOOGL,-0.008177536080807,-0.008177536080807,0.0,26,0.35,-0.0028621376282824
2024-02-16,GS/MS,-0.0,-0.0,0.0,26,0.35,-0.0
2024-02-20,ABBV/UNH,0.0010221387152841,0.0010221387152841,0.0,26,0.3,0.0003066416145852
2024-02-20,AMZN/GOOGL,0.0086182864707615,0.0086182864707615,0.0,26,0.35,0.0030164002647665
2024-02-20,GS/MS,0.0,0.0,0.0,26,0.35,0.0
2024-02-21,ABBV/UNH,0.0020609637233691,0.0020609637233691,0.0,26,0.3,0.0006182891170107
2024-02-21,AMZN/GOOGL,0.0018900568996256,0.0018900568996256,0.0,26,0.35,0.0006615199148689
2024-02-21,GS/MS,0.0,0.0,0.0,26,0.35,0.0
2024-02-22,ABBV/UNH,0.0054210602883814,0.0054210602883814,0.0,26,0.3,0.0016263180865144
2024-02-22,AMZN/GOOGL,-0.009037440464367,-0.009037440464367,0.0,26,0.35,-0.0031631041625284
2024-02-22,GS/MS,0.0,0.0,0.0,26,0.35,0.0
2024-02-23,ABBV/UNH,-0.0002355777206552,-0.0002355777206552,0.0,26,0.3,-7.06733161965625e-05
2024-02-23,AMZN/GOOGL,-0.001518914577204,-0.001518914577204,0.0,26,0.35,-0.0005316201020214
2024-02-23,GS/MS,-0.0,-0.0,0.0,26,0.35,-0.0
2024-02-26,ABBV/UNH,-0.0037152179715481,-0.0037152179715481,0.0,26,0.3,-0.0011145653914644
2024-02-26,AMZN/GOOGL,-0.0249411927607638,-0.0249411927607638,0.0,26,0.35,-0.0087294174662673
2024-02-26,GS/MS,0.0,0.0,0.0,26,0.35,0.0
2024-02-27,ABBV/UNH,-0.001,-0.0,1.0,26,0.3,-0.0003
2024-02-27,AMZN/GOOGL,0.0083798897097966,0.0083798897097966,0.0,26,0.35,0.0029329613984288
2024-02-27,GS/MS,0.0,0.0,0.0,26,0.35,0.0
2024-02-28,ABBV/UNH,-0.0,-0.0,0.0,26,0.3,-0.0
2024-02-28,AMZN/GOOGL,-0.0095646298680077,-0.0095646298680077,0.0,26,0.35,-0.0033476204538027
2024-02-28,GS/MS,0.0,0.0,0.0,26,0.35,0.0
2024-02-29,ABBV/UNH,-0.0,-0.0,0.0,26,0.3,-0.0
2024-02-29,AMZN/GOOGL,0.0003145323455398,0.0003145323455398,0.0,26,0.35,0.0001100863209389
2024-02-29,GS/MS,0.0044903813376101,0.0054903813376101,1.0,26,0.35,0.0015716334681635
2024-03-01,ABBV/UNH,-0.0106769662597925,-0.0096769662597925,1.0,26,0.3,-0.0032030898779377
2024-03-01,AMZN/GOOGL,-0.0090101474277848,-0.0090101474277848,0.0,26,0.35,-0.0031535515997246
2024-03-01,GS/MS,0.0037032887216434,0.0037032887216434,0.0,26,0.35,0.0012961510525751
2024-03-04,ABBV/UNH,-0.0110952429099853,-0.0110952429099853,0.0,26,0.3,-0.0033285728729956
2024-03-04,AMZN/GOOGL,-0.014922994676236,-0.014922994676236,0.0,26,0.35,-0.0052230481366826
2024-03-04,GS/MS,0.013789300179994,0.013789300179994,0.0,26,0.35,0.0048262550629979
2024-03-05,ABBV/UNH,-0.0170477839534854,-0.0170477839534854,0.0,26,0.3,-0.0051143351860456
2024-03-05,AMZN/GOOGL,-0.001,0.0,1.0,26,0.35,-0.00035
2024-03-05,GS/MS,-0.0029679688476752,-0.0029679688476752,0.0,26,0.35,-0.0010387890966863
2024-03-06,ABBV/UNH,-0.002708514945502,-0.002708514945502,0.0,26,0.3,-0.0008125544836506
2024-03-06,AMZN/GOOGL,-0.0053531284877252,-0.0043531284877252,1.0,26,0.35,-0.0018735949707038
2024-03-06,GS/MS,-0.0165700142498116,-0.0165700142498116,0.0,26,0.35,-0.005799504987434
2024-03-07,ABBV/UNH,0.0114572880823894,0.0114572880823894,0.0,26,0.3,0.0034371864247168
2024-03-07,AMZN/GOOGL,0.0061662608455369,0.0061662608455369,0.0,26,0.35,0.0021581912959379
2024-03-07,GS/MS,0.004190097374998,0.004190097374998,0.0,26,0.35,0.0014665340812493
2024-03-08,ABBV/UNH,0.0008194265605424,0.0008194265605424,0.0,26,0.3,0.0002458279681627
2024-03-08,AMZN/GOOGL,0.0079191328782611,0.0079191328782611,0.0,26,0.35,0.0027716965073914
2024-03-08,GS/MS,0.0068896612334621,0.0068896612334621,0.0,26,0.35,0.0024113814317117
2024-03-11,ABBV/UNH,0.0220651966539786,0.0220651966539786,0.0,26,0.3,0.0066195589961936
2024-03-11,AMZN/GOOGL,0.0177159238523123,0.0177159238523123,0.0,26,0.35,0.0062005733483093
2024-03-11,GS/MS,0.0005898353829115,0.0005898353829115,0.0,26,0.35,0.000206442384019
2024-03-12,ABBV/UNH,-0.000605262901235,-0.000605262901235,0.0,26,0.3,-0.0001815788703705
2024-03-12,AMZN/GOOGL,-0.001,-0.0,1.0,26,0.35,-0.00035
2024-03-12,GS/MS,-0.0021640552473356,-0.0021640552473356,0.0,26,0.35,-0.0007574193365674
2024-03-13,ABBV/UNH,-0.0016566980648869,-0.0016566980648869,0.0,26,0.3,-0.000497009419466
2024-03-13,AMZN/GOOGL,0.0,0.0,0.0,26,0.35,0.0
2024-03-13,GS/MS,0.0068570461660651,0.0068570461660651,0.0,26,0.35,0.0023999661581227
2024-03-14,ABBV/UNH,0.0008851489992327,0.0008851489992327,0.0,26,0.3,0.0002655446997698
2024-03-14,AMZN/GOOGL,0.0,0.0,0.0,26,0.35,0.0
2024-03-14,GS/MS,0.0036578610059818,0.0036578610059818,0.0,26,0.35,0.0012802513520936
2024-03-15,ABBV/UNH,0.0054431894889287,0.0054431894889287,0.0,26,0.3,0.0016329568466786
2024-03-15,AMZN/GOOGL,0.0,0.0,0.0,26,0.35,0.0
2024-03-15,GS/MS,-0.0019131669164607,-0.0019131669164607,0.0,26,0.35,-0.0006696084207612
2024-03-18,ABBV/UNH,-0.0071974064693646,-0.0071974064693646,0.0,26,0.3,-0.0021592219408093
2024-03-18,AMZN/GOOGL,0.0,0.0,0.0,26,0.35,0.0
2024-03-18,GS/MS,0.0016283781442856,0.0016283781442856,0.0,26,0.35,0.0005699323504999
2024-03-19,ABBV/UNH,0.0107251185255937,0.0107251185255937,0.0,26,0.3,0.0032175355576781
2024-03-19,AMZN/GOOGL,0.0047741556037457,0.0057741556037457,1.0,26,0.35,0.0016709544613109
2024-03-19,GS/MS,-0.0034231190146574,-0.0034231190146574,0.0,26,0.35,-0.0011980916551301
2024-03-20,ABBV/UNH,0.0036673283145647,0.0036673283145647,0.0,26,0.3,0.0011001984943694
2024-03-20,AMZN/GOOGL,-0.002697622402028,-0.002697622402028,0.0,26,0.35,-0.0009441678407098
2024-03-20,GS/MS,0.0050363082569683,0.0050363082569683,0.0,26,0.35,0.0017627078899389
2024-03-21,ABBV/UNH,-0.0053310215538976,-0.0053310215538976,0.0,26,0.3,-0.0015993064661692
2024-03-21,AMZN/GOOGL,0.0048720107086547,0.0048720107086547,0.0,26,0.35,0.0017052037480291
2024-03-21,GS/MS,-0.0123607745621109,-0.0123607745621109,0.0,26,0.35,-0.0043262710967388
2024-03-22,ABBV/UNH,-0.0035050570221693,-0.0035050570221693,0.0,26,0.3,-0.0010515171066508
2024-03-22,AMZN/GOOGL,-0.0122147123060485,-0.0122147123060485,0.0,26,0.35,-0.0042751493071169
2024-03-22,GS/MS,0.001462644965877,0.001462644965877,0.0,26,0.35,0.0005119257380569
2024-03-25,ABBV/UNH,-0.007739892520925,-0.007739892520925,0.0,26,0.3,-0.0023219677562775
2024-03-25,AMZN/GOOGL,0.0046622175458618,0.0046622175458618,0.0,26,0.35,0.0016317761410516
2024-03-25,GS/MS,-0.0017192179766632,-0.0017192179766632,0.0,26,0.35,-0.0006017262918321
2024-03-26,ABBV/UNH,0.0115935807971134,0.0115935807971134,0.0,26,0.3,0.003478074239134
2024-03-26,AMZN/GOOGL,-0.0053874761511964,-0.0053874761511964,0.0,26,0.35,-0.0018856166529187
2024-03-26,GS/MS,-0.0008914263050744,-0.0008914263050744,0.0,26,0.35,-0.000311999206776
2024-03-27,ABBV/UNH,0.0008495679669426,0.0008495679669426,0.0,26,0.3,0.0002548703900828
2024-03-27,AMZN/GOOGL,0.0022446937799019,0.0022446937799019,0.0,26,0.35,0.0007856428229656
2024-03-27,GS/MS,-0.001,0.0,1.0,26,0.35,-0.00035
2024-03-28,ABBV/UNH,0.0020606974624543,0.0020606974624543,0.0,26,0.3,0.0006182092387363
2024-03-28,AMZN/GOOGL,0.0008468607392256,0.0008468607392256,0.0,26,0.35,0.0002964012587289
2024-03-28,GS/MS,-0.0,-0.0,0.0,26,0.35,-0.0
2024-04-01,ABBV/UNH,-0.0085474294756379,-0.0085474294756379,0.0,26,0.3,-0.0025642288426913
2024-04-01,AMZN/GOOGL,-0.0181910157280961,-0.0181910157280961,0.0,26,0.35,-0.0063668555048336
2024-04-01,GS/MS,-0.0,-0.0,0.0,26,0.35,-0.0
2024-04-02,ABBV/UNH,-0.0587766280645954,-0.0587766280645954,0.0,26,0.3,-0.0176329884193786
2024-04-02,AMZN/GOOGL,0.0032888643685438,0.0032888643685438,0.0,26,0.35,0.0011511025289903
2024-04-02,GS/MS,-0.0,-0.0,0.0,26,0.35,-0.0
2024-04-03,ABBV/UNH,0.0047776403804319,0.0047776403804319,0.0,26,0.3,0.0014332921141295
2024-04-03,AMZN/GOOGL,0.0018956142350308,0.0018956142350308,0.0,26,0.35,0.0006634649822607
2024-04-03,GS/MS,0.0,0.0,0.0,26,0.35,0.0
2024-04-04,ABBV/UNH,-0.004591140510035,-0.004591140510035,0.0,26,0.3,-0.0013773421530105
2024-04-04,AMZN/GOOGL,0.0135802892305679,0.0135802892305679,0.0,26,0.35,0.0047531012306987
2024-04-04,GS/MS,-0.0,-0.0,0.0,26,0.35,-0.0
2024-04-05,ABBV/UNH,-0.0001730750394819,-0.0001730750394819,0.0,26,0.3,-5.192251184459467e-05
2024-04-05,AMZN/GOOGL,0.0015236913220088,0.0015236913220088,0.0,26,0.35,0.0005332919627031
2024-04-05,GS/MS,0.0,0.0,0.0,26,0.35,0.0
2024-04-08,ABBV/UNH,0.0006119368350849,0.0006119368350849,0.0,26,0.3,0.0001835810505254
2024-04-08,AMZN/GOOGL,-0.009743250489636,-0.009743250489636,0.0,26,0.35,-0.0034101376713726
2024-04-08,GS/MS,-0.0,-0.0,0.0,26,0.35,-0.0
2024-04-09,AAPL/MSFT,0.0,0.0,0.0,27,0.35,0.0
2024-04-09,INTC/MU,0.0,0.0,0.0,27,0.3,0.0
2024-04-09,IEF/TLT,0.0,0.0,0.0,27,0.35,0.0
2024-04-10,AAPL/MSFT,-0.0,-0.0,0.0,27,0.35,-0.0
2024-04-10,INTC/MU,-0.0,-0.0,0.0,27,0.3,-0.0
2024-04-10,IEF/TLT,-0.0,-0.0,0.0,27,0.35,-0.0
2024-04-11,AAPL/MSFT,0.0,0.0,0.0,27,0.35,0.0
2024-04-11,INTC/MU,-0.0,-0.0,0.0,27,0.3,-0.0
2024-04-11,IEF/TLT,-0.0007084181022519,0.000291581897748,1.0,27,0.35,-0.0002479463357881
2024-04-12,AAPL/MSFT,-0.0103829887337464,-0.0093829887337464,1.0,27,0.35,-0.0036340460568112
2024-04-12,INTC/MU,-0.0,-0.0,0.0,27,0.3,-0.0
2024-04-12,IEF/TLT,0.001421292242465,0.001421292242465,0.0,27,0.35,0.0004974522848627
2024-04-15,AAPL/MSFT,0.0164370430390258,0.0164370430390258,0.0,27,0.35,0.005752965063659
2024-04-15,INTC/MU,0.0,0.0,0.0,27,0.3,0.0
2024-04-15,IEF/TLT,-0.0001208624577098,-0.0001208624577098,0.0,27,0.35,-4.23018601984316e-05
2024-04-16,AAPL/MSFT,0.0170767894407696,0.0170767894407696,0.0,27,0.35,0.0059768763042693
2024-04-16,INTC/MU,-0.0,-0.0,0.0,27,0.3,-0.0
2024-04-16,IEF/TLT,-0.000900906568762,-0.000900906568762,0.0,27,0.35,-0.0003153172990667
2024-04-17,AAPL/MSFT,0.006408338777341,0.006408338777341,0.0,27,0.35,0.0022429185720693
2024-04-17,INTC/MU,0.0,0.0,0.0,27,0.3,0.0
2024-04-17,IEF/TLT,0.0013547221862571,0.0013547221862571,0.0,27,0.35,0.0004741527651899
2024-04-18,AAPL/MSFT,-0.001,-0.0,1.0,27,0.35,-0.00035
2024-04-18,INTC/MU,-0.0,-0.0,0.0,27,0.3,-0.0
2024-04-18,IEF/TLT,-0.0010412715990693,-0.0010412715990693,0.0,27,0.35,-0.0003644450596742
2024-04-19,AAPL/MSFT,-0.0,-0.0,0.0,27,0.35,-0.0
2024-04-19,INTC/MU,-0.0,-0.0,0.0,27,0.3,-0.0
2024-04-19,IEF/TLT,-9.680320838515108e-05,-9.680320838515108e-05,0.0,27,0.35,-3.388112293480287e-05
2024-04-22,AAPL/MSFT,0.0,0.0,0.0,27,0.35,0.0
2024-04-22,INTC/MU,-0.0,-0.0,0.0,27,0.3,-0.0
2024-04-22,IEF/TLT,0.0005594901908385,0.0005594901908385,0.0,27,0.35,0.0001958215667934
2024-04-23,AAPL/MSFT,0.0,0.0,0.0,27,0.35,0.0
2024-04-23,INTC/MU,-0.0,-0.0,0.0,27,0.3,-0.0
2024-04-23,IEF/TLT,0.0008366034248098,0.0008366034248098,0.0,27,0.35,0.0002928111986834
2024-04-24,AAPL/MSFT,0.0,0.0,0.0,27,0.35,0.0
2024-04-24,INTC/MU,0.0,0.0,0.0,27,0.3,0.0
2024-04-24,IEF/TLT,-0.001,-0.0,1.0,27,0.35,-0.00035
2024-04-25,AAPL/MSFT,0.0,0.0,0.0,27,0.35,0.0
2024-04-25,INTC/MU,0.0,0.0,0.0,27,0.3,0.0
2024-04-25,IEF/TLT,-0.0,-0.0,0.0,27,0.35,-0.0
2024-04-26,AAPL/MSFT,-0.0,-0.0,0.0,27,0.35,-0.0
2024-04-26,INTC/MU,-0.0,-0.0,0.0,27,0.3,-0.0
2024-04-26,IEF/TLT,0.0,0.0,0.0,27,0.35,0.0
2024-04-29,AAPL/MSFT,0.0,0.0,0.0,27,0.35,0.0
2024-04-29,INTC/MU,-0.0,-0.0,0.0,27,0.3,-0.0
2024-04-29,IEF/TLT,0.0,0.0,0.0,27,0.35,0.0
2024-04-30,AAPL/MSFT,0.0149092986360362,0.0159092986360362,1.0,27,0.35,0.0052182545226126
2024-04-30,INTC/MU,-0.0,-0.0,0.0,27,0.3,-0.0
2024-04-30,IEF/TLT,-0.0,-0.0,0.0,27,0.35,-0.0
2024-05-01,AAPL/MSFT,0.0063929711474798,0.0063929711474798,0.0,27,0.35,0.0022375399016179
2024-05-01,INTC/MU,0.0,0.0,0.0,27,0.3,0.0
2024-05-01,IEF/TLT,0.0,0.0,0.0,27,0.35,0.0
2024-05-02,AAPL/MSFT,-0.0209643961876078,-0.0209643961876078,0.0,27,0.35,-0.0073375386656627
2024-05-02,INTC/MU,-0.0,-0.0,0.0,27,0.3,-0.0
2024-05-02,IEF/TLT,0.0,0.0,0.0,27,0.35,0.0
2024-05-03,AAPL/MSFT,-0.057313877695921,-0.057313877695921,0.0,27,0.35,-0.0200598571935723
2024-05-03,INTC/MU,0.0,0.0,0.0,27,0.3,0.0
2024-05-03,IEF/TLT,0.0,0.0,0.0,27,0.35,0.0
2024-05-06,AAPL/MSFT,-0.001,-0.0,1.0,27,0.35,-0.00035
2024-05-06,INTC/MU,-0.0,-0.0,0.0,27,0.3,-0.0
2024-05-06,IEF/TLT,-0.0,-0.0,0.0,27,0.35,-0.0
2024-05-07,AAPL/MSFT,0.0,0.0,0.0,27,0.35,0.0
2024-05-07,INTC/MU,-0.0,-0.0,0.0,27,0.3,-0.0
2024-05-07,IEF/TLT,0.0,0.0,0.0,27,0.35,0.0
2024-05-08,AAPL/MSFT,-0.0027905173773756,-0.0017905173773756,1.0,27,0.35,-0.0009766810820814
2024-05-08,INTC/MU,-0.0,-0.0,0.0,27,0.3,-0.0
2024-05-08,IEF/TLT,-0.0,-0.0,0.0,27,0.35,-0.0
2024-05-09,AAPL/MSFT,-0.0098254607697328,-0.0098254607697328,0.0,27,0.35,-0.0034389112694065
2024-05-09,INTC/MU,0.0,0.0,0.0,27,0.3,0.0
2024-05-09,IEF/TLT,0.0,0.0,0.0,27,0.35,0.0
2024-05-10,AAPL/MSFT,0.0068791397644068,0.0068791397644068,0.0,27,0.35,0.0024076989175423
2024-05-10,INTC/MU,-0.0,-0.0,0.0,27,0.3,-0.0
2024-05-10,IEF/TLT,-0.0,-0.0,0.0,27,0.35,-0.0
2024-05-13,AAPL/MSFT,-0.0175181195018378,-0.0175181195018378,0.0,27,0.35,-0.0061313418256432
2024-05-13,INTC/MU,0.0,0.0,0.0,27,0.3,0.0
2024-05-13,IEF/TLT,0.0,0.0,0.0,27,0.35,0.0
2024-05-14,AAPL/MSFT,-0.0060900995346085,-0.0060900995346085,0.0,27,0.35,-0.0021315348371129
2024-05-14,INTC/MU,0.0,0.0,0.0,27,0.3,0.0
2024-05-14,IEF/TLT,0.0,0.0,0.0,27,0.35,0.0
2024-05-15,AAPL/MSFT,-0.0120656552800407,-0.0120656552800407,0.0,27,0.35,-0.0042229793480142
2024-05-15,INTC/MU,-0.0,-0.0,0.0,27,0.3,-0.0
2024-05-15,IEF/TLT,0.0,0.0,0.0,27,0.35,0.0
2024-05-16,AAPL/MSFT,-0.0006488955528431,-0.0006488955528431,0.0,27,0.35,-0.0002271134434951
2024-05-16,INTC/MU,0.0,0.0,0.0,27,0.3,0.0
2024-05-16,IEF/TLT,-0.0,-0.0,0.0,27,0.35,-0.0
2024-05-17,AAPL/MSFT,-0.0001633841295803,-0.0001633841295803,0.0,27,0.35,-5.7184445353110936e-05
2024-05-17,INTC/MU,0.0,0.0,0.0,27,0.3,0.0
2024-05-17,IEF/TLT,-0.0,-0.0,0.0,27,0.35,-0.0
2024-05-20,AAPL/MSFT,-0.0061162615858312,-0.0061162615858312,0.0,27,0.35,-0.0021406915550409
2024-05-20,INTC/MU,-0.0,-0.0,0.0,27,0.3,-0.0
2024-05-20,IEF/TLT,-0.0,-0.0,0.0,27,0.35,-0.0
2024-05-21,AAPL/MSFT,-0.0068241696965319,-0.0068241696965319,0.0,27,0.35,-0.0023884593937861
2024-05-21,INTC/MU,-0.0,-0.0,0.0,27,0.3,-0.0
2024-05-21,IEF/TLT,0.0,0.0,0.0,27,0.35,0.0
2024-05-22,AAPL/MSFT,0.0075250409456373,0.0075250409456373,0.0,27,0.35,0.002633764330973
2024-05-22,INTC/MU,-0.0,-0.0,0.0,27,0.3,-0.0
2024-05-22,IEF/TLT,-0.0,-0.0,0.0,27,0.35,-0.0
2024-05-23,AAPL/MSFT,0.0209159432135009,0.0209159432135009,0.0,27,0.35,0.0073205801247253
2024-05-23,INTC/MU,-0.0,-0.0,0.0,27,0.3,-0.0
2024-05-23,IEF/TLT,-0.0,-0.0,0.0,27,0.35,-0.0
2024-05-24,AAPL/MSFT,-0.0164476239463836,-0.0164476239463836,0.0,27,0.35,-0.0057566683812342
2024-05-24,INTC/MU,0.0,0.0,0.0,27,0.3,0.0
2024-05-24,IEF/TLT,0.0,0.0,0.0,27,0.35,0.0
2024-05-28,AAPL/MSFT,-5.092345246335391e-05,-5.092345246335391e-05,0.0,27,0.35,-1.7823208362173867e-05
2024-05-28,INTC/MU,0.0,0.0,0.0,27,0.3,0.0
2024-05-28,IEF/TLT,-0.0,-0.0,0.0,27,0.35,-0.0
2024-05-29,AAPL/MSFT,-0.0015827917955949,-0.0015827917955949,0.0,27,0.35,-0.0005539771284582
2024-05-29,INTC/MU,-0.0,-0.0,0.0,27,0.3,-0.0
2024-05-29,IEF/TLT,-0.0,-0.0,0.0,27,0.35,-0.0
2024-05-30,AAPL/MSFT,-0.0053662894592771,-0.0053662894592771,0.0,27,0.35,-0.001878201310747
2024-05-30,INTC/MU,0.0,0.0,0.0,27,0.3,0.0
2024-05-30,IEF/TLT,0.0,0.0,0.0,27,0.35,0.0
2024-05-31,AAPL/MSFT,-0.0049869094322571,-0.0049869094322571,0.0,27,0.35,-0.00174541830129
2024-05-31,INTC/MU,0.0,0.0,0.0,27,0.3,0.0
2024-05-31,IEF/TLT,0.0,0.0,0.0,27,0.35,0.0
2024-06-03,AAPL/MSFT,-0.0092245619898989,-0.0092245619898989,0.0,27,0.35,-0.0032285966964646
2024-06-03,INTC/MU,-0.0,-0.0,0.0,27,0.3,-0.0
2024-06-03,IEF/TLT,0.0,0.0,0.0,27,0.35,0.0
2024-06-04,AAPL/MSFT,-0.0015893194247271,-0.0015893194247271,0.0,27,0.35,-0.0005562617986544
2024-06-04,INTC/MU,-0.0,-0.0,0.0,27,0.3,-0.0
2024-06-04,IEF/TLT,0.0,0.0,0.0,27,0.35,0.0
2024-06-05,AAPL/MSFT,-0.001,0.0,1.0,27,0.35,-0.00035
2024-06-05,INTC/MU,0.0,0.0,0.0,27,0.3,0.0
2024-06-05,IEF/TLT,0.0,0.0,0.0,27,0.35,0.0
2024-06-06,AAPL/MSFT,-0.0,-0.0,0.0,27,0.35,-0.0
2024-06-06,INTC/MU,-0.0,-0.0,0.0,27,0.3,-0.0
2024-06-06,IEF/TLT,0.0,0.0,0.0,27,0.35,0.0
2024-06-07,AAPL/MSFT,0.0,0.0,0.0,27,0.35,0.0
2024-06-07,INTC/MU,0.0,0.0,0.0,27,0.3,0.0
2024-06-07,IEF/TLT,-0.0,-0.0,0.0,27,0.35,-0.0
2024-06-10,AAPL/MSFT,-0.0,-0.0,0.0,27,0.35,-0.0
2024-06-10,INTC/MU,-0.0,-0.0,0.0,27,0.3,-0.0
2024-06-10,IEF/TLT,0.0,0.0,0.0,27,0.35,0.0
2024-06-11,AAPL/MSFT,0.0,0.0,0.0,27,0.35,0.0
2024-06-11,INTC/MU,-0.0,-0.0,0.0,27,0.3,-0.0
2024-06-11,IEF/TLT,0.0,0.0,0.0,27,0.35,0.0
2024-06-12,AAPL/MSFT,-0.0284648692339208,-0.0274648692339208,1.0,27,0.35,-0.0099627042318722
2024-06-12,INTC/MU,-0.0,-0.0,0.0,27,0.3,-0.0
2024-06-12,IEF/TLT,0.0,0.0,0.0,27,0.35,0.0
2024-06-13,AAPL/MSFT,-0.001,0.0,1.0,27,0.35,-0.00035
2024-06-13,INTC/MU,-0.0,-0.0,0.0,27,0.3,-0.0
2024-06-13,IEF/TLT,-0.0016456427484297,-0.0006456427484297,1.0,27,0.35,-0.0005759749619504
2024-06-14,AAPL/MSFT,-0.0,-0.0,0.0,27,0.35,-0.0
2024-06-14,INTC/MU,0.0,0.0,0.0,27,0.3,0.0
2024-06-14,IEF/TLT,0.0006848246005794,0.0006848246005794,0.0,27,0.35,0.0002396886102028
2024-06-17,AAPL/MSFT,0.0,0.0,0.0,27,0.35,0.0
2024-06-17,INTC/MU,0.0,0.0,0.0,27,0.3,0.0
2024-06-17,IEF/TLT,0.0005448042593653,0.0005448042593653,0.0,27,0.35,0.0001906814907778
2024-06-18,AAPL/MSFT,-0.0,-0.0,0.0,27,0.35,-0.0
2024-06-18,INTC/MU,-0.0,-0.0,0.0,27,0.3,-0.0
2024-06-18,IEF/TLT,-0.000526447730696,-0.000526447730696,0.0,27,0.35,-0.0001842567057436
2024-06-20,AAPL/MSFT,-0.0,-0.0,0.0,27,0.35,-0.0
2024-06-20,INTC/MU,0.0,0.0,0.0,27,0.3,0.0
2024-06-20,IEF/TLT,-7.366980902959015e-05,-7.366980902959015e-05,0.0,27,0.35,-2.578443316035655e-05
2024-06-21,AAPL/MSFT,-0.0,-0.0,0.0,27,0.35,-0.0
2024-06-21,INTC/MU,0.0,0.0,0.0,27,0.3,0.0
2024-06-21,IEF/TLT,-0.0001515031230419,-0.0001515031230419,0.0,27,0.35,-5.302609306469353e-05
2024-06-24,AAPL/MSFT,0.0,0.0,0.0,27,0.35,0.0
2024-06-24,INTC/MU,-0.0,-0.0,0.0,27,0.3,-0.0
2024-06-24,IEF/TLT,0.0005540615412843,0.0005540615412843,0.0,27,0.35,0.0001939215394495
2024-06-25,AAPL/MSFT,0.0,0.0,0.0,27,0.35,0.0
2024-06-25,INTC/MU,0.0,0.0,0.0,27,0.3,0.0
2024-06-25,IEF/TLT,-0.0001148979101114,-0.0001148979101114,0.0,27,0.35,-4.021426853900586e-05
2024-06-26,AAPL/MSFT,0.0,0.0,0.0,27,0.35,0.0
2024-06-26,INTC/MU,-0.0,-0.0,0.0,27,0.3,-0.0
2024-06-26,IEF/TLT,0.0001524600974551,0.0001524600974551,0.0,27,0.35,5.336103410929878e-05
2024-06-27,AAPL/MSFT,0.0,0.0,0.0,27,0.35,0.0
2024-06-27,INTC/MU,0.0,0.0,0.0,27,0.3,0.0
2024-06-27,IEF/TLT,-0.001,0.0,1.0,27,0.35,-0.00035
2024-06-28,AAPL/MSFT,-0.0,-0.0,0.0,27,0.35,-0.0
2024-06-28,INTC/MU,0.0,0.0,0.0,27,0.3,0.0
2024-06-28,IEF/TLT,0.0,0.0,0.0,27,0.35,0.0
2024-07-01,AAPL/MSFT,0.0,0.0,0.0,27,0.35,0.0
2024-07-01,INTC/MU,-0.0,-0.0,0.0,27,0.3,-0.0
2024-07-01,IEF/TLT,-0.0,-0.0,0.0,27,0.35,-0.0
2024-07-02,AAPL/MSFT,0.0,0.0,0.0,27,0.35,0.0
2024-07-02,INTC/MU,0.0,0.0,0.0,27,0.3,0.0
2024-07-02,IEF/TLT,0.0,0.0,0.0,27,0.35,0.0
2024-07-03,AAPL/MSFT,0.0,0.0,0.0,27,0.35,0.0
2024-07-03,INTC/MU,-0.0,-0.0,0.0,27,0.3,-0.0
2024-07-03,IEF/TLT,0.0,0.0,0.0,27,0.35,0.0
2024-07-05,AAPL/MSFT,0.0,0.0,0.0,27,0.35,0.0
2024-07-05,INTC/MU,0.0,0.0,0.0,27,0.3,0.0
2024-07-05,IEF/TLT,-0.0024366138586644,-0.0014366138586644,1.0,27,0.35,-0.0008528148505325
2024-07-08,AAPL/MSFT,0.0,0.0,0.0,27,0.35,0.0
2024-07-08,INTC/MU,-0.0475358627174153,-0.0465358627174153,1.0,27,0.3,-0.0142607588152246
2024-07-08,IEF/TLT,0.0004239256481415,0.0004239256481415,0.0,27,0.35,0.0001483739768495
2024-07-09,AAPL/MSFT,0.0,0.0,0.0,27,0.35,0.0
2024-07-09,INTC/MU,-0.001,0.0,1.0,27,0.3,-0.0003
2024-07-09,IEF/TLT,-0.000367685014874,-0.000367685014874,0.0,27,0.35,-0.0001286897552059
2024-07-10,AAPL/MSFT,0.0,0.0,0.0,28,0.5,0.0
2024-07-10,IEF/TLT,-0.0,-0.0,0.0,28,0.5,-0.0
2024-07-11,AAPL/MSFT,-0.0,-0.0,0.0,28,0.5,-0.0
2024-07-11,IEF/TLT,0.0,0.0,0.0,28,0.5,0.0
2024-07-12,AAPL/MSFT,0.0,0.0,0.0,28,0.5,0.0
2024-07-12,IEF/TLT,-0.0014068178254964,-0.0004068178254964,1.0,28,0.5,-0.0007034089127482
2024-07-15,AAPL/MSFT,0.0,0.0,0.0,28,0.5,0.0
2024-07-15,IEF/TLT,-0.0007505901549558,-0.0007505901549558,0.0,28,0.5,-0.0003752950774779
2024-07-16,AAPL/MSFT,0.0,0.0,0.0,28,0.5,0.0
2024-07-16,IEF/TLT,0.0005100113183067,0.0005100113183067,0.0,28,0.5,0.0002550056591533
2024-07-17,AAPL/MSFT,-0.0,-0.0,0.0,28,0.5,-0.0
2024-07-17,IEF/TLT,-0.0005603641311415,-0.0005603641311415,0.0,28,0.5,-0.0002801820655707
2024-07-18,AAPL/MSFT,-0.0,-0.0,0.0,28,0.5,-0.0
2024-07-18,IEF/TLT,4.145931411213756e-05,4.145931411213756e-05,0.0,28,0.5,2.072965705606878e-05
2024-07-19,AAPL/MSFT,0.0,0.0,0.0,28,0.5,0.0
2024-07-19,IEF/TLT,0.0007485173971005,0.0007485173971005,0.0,28,0.5,0.0003742586985502
2024-07-22,AAPL/MSFT,-0.0,-0.0,0.0,28,0.5,-0.0
2024-07-22,IEF/TLT,-7.751612809519147e-05,-7.751612809519147e-05,0.0,28,0.5,-3.8758064047595736e-05
2024-07-23,AAPL/MSFT,0.0,0.0,0.0,28,0.5,0.0
2024-07-23,IEF/TLT,-0.0009173706126432,-0.0009173706126432,0.0,28,0.5,-0.0004586853063216
2024-07-24,AAPL/MSFT,-0.0,-0.0,0.0,28,0.5,-0.0
2024-07-24,IEF/TLT,-0.0012549225671419,-0.0012549225671419,0.0,28,0.5,-0.0006274612835709
2024-07-25,AAPL/MSFT,0.0,0.0,0.0,28,0.5,0.0
2024-07-25,IEF/TLT,0.0005541621476369,0.0005541621476369,0.0,28,0.5,0.0002770810738184
2024-07-26,AAPL/MSFT,-0.0,-0.0,0.0,28,0.5,-0.0
2024-07-26,IEF/TLT,-0.0014078461880947,-0.0014078461880947,0.0,28,0.5,-0.0007039230940473
2024-07-29,AAPL/MSFT,-0.0,-0.0,0.0,28,0.5,-0.0
2024-07-29,IEF/TLT,0.0001995295229052,0.0001995295229052,0.0,28,0.5,9.976476145263366e-05
2024-07-30,AAPL/MSFT,0.0,0.0,0.0,28,0.5,0.0
2024-07-30,IEF/TLT,-0.0005135117825544,-0.0005135117825544,0.0,28,0.5,-0.0002567558912772
2024-07-31,AAPL/MSFT,0.0,0.0,0.0,28,0.5,0.0
2024-07-31,IEF/TLT,-0.0026529078657223,-0.0026529078657223,0.0,28,0.5,-0.0013264539328611
2024-08-01,AAPL/MSFT,-0.0,-0.0,0.0,28,0.5,-0.0
2024-08-01,IEF/TLT,-0.0008301068800503,-0.0008301068800503,0.0,28,0.5,-0.0004150534400251
2024-08-02,AAPL/MSFT,0.0,0.0,0.0,28,0.5,0.0
2024-08-02,IEF/TLT,-0.0030449765495699,-0.0030449765495699,0.0,28,0.5,-0.0015224882747849
2024-08-05,AAPL/MSFT,-0.0,-0.0,0.0,28,0.5,-0.0
2024-08-05,IEF/TLT,0.0006610193383512,0.0006610193383512,0.0,28,0.5,0.0003305096691756
2024-08-06,AAPL/MSFT,-0.0,-0.0,0.0,28,0.5,-0.0
2024-08-06,IEF/TLT,0.0005565605896562,0.0005565605896562,0.0,28,0.5,0.0002782802948281
2024-08-07,AAPL/MSFT,0.0074168482147629,0.0084168482147629,1.0,28,0.5,0.0037084241073814
2024-08-07,IEF/TLT,0.0007701431901532,0.0007701431901532,0.0,28,0.5,0.0003850715950766
2024-08-08,AAPL/MSFT,-0.001,0.0,1.0,28,0.5,-0.0005
2024-08-08,IEF/TLT,0.0005610365514712,0.0005610365514712,0.0,28,0.5,0.0002805182757356
2024-08-09,AAPL/MSFT,0.0,0.0,0.0,28,0.5,0.0
2024-08-09,IEF/TLT,-0.0003397531035288,-0.0003397531035288,0.0,28,0.5,-0.0001698765517644
2024-08-12,AAPL/MSFT,0.0,0.0,0.0,28,0.5,0.0
2024-08-12,IEF/TLT,-0.0010779051438129,-0.0010779051438129,0.0,28,0.5,-0.0005389525719064
2024-08-13,AAPL/MSFT,0.0,0.0,0.0,28,0.5,0.0
2024-08-13,IEF/TLT,-0.0014027072129448,-0.0014027072129448,0.0,28,0.5,-0.0007013536064724
2024-08-14,AAPL/MSFT,-0.0,-0.0,0.0,28,0.5,-0.0
2024-08-14,IEF/TLT,0.000693708431444,0.000693708431444,0.0,28,0.5,0.000346854215722
2024-08-15,AAPL/MSFT,0.0,0.0,0.0,28,0.5,0.0
2024-08-15,IEF/TLT,0.0024348976841297,0.0024348976841297,0.0,28,0.5,0.0012174488420648
2024-08-16,AAPL/MSFT,0.0,0.0,0.0,28,0.5,0.0
2024-08-16,IEF/TLT,-0.0005038117314863,-0.0005038117314863,0.0,28,0.5,-0.0002519058657431
2024-08-19,AAPL/MSFT,-0.0,-0.0,0.0,28,0.5,-0.0
2024-08-19,IEF/TLT,0.0002499637332219,0.0002499637332219,0.0,28,0.5,0.0001249818666109
2024-08-20,AAPL/MSFT,-0.0,-0.0,0.0,28,0.5,-0.0
2024-08-20,IEF/TLT,-0.0008161703058766,-0.0008161703058766,0.0,28,0.5,-0.0004080851529383
2024-08-21,AAPL/MSFT,0.0,0.0,0.0,28,0.5,0.0
2024-08-21,IEF/TLT,-0.0013406636507044,-0.0013406636507044,0.0,28,0.5,-0.0006703318253522
2024-08-22,AAPL/MSFT,0.0,0.0,0.0,28,0.5,0.0
2024-08-22,IEF/TLT,-0.001,-0.0,1.0,28,0.5,-0.0005
2024-08-23,AAPL/MSFT,0.0,0.0,0.0,28,0.5,0.0
2024-08-23,IEF/TLT,0.0,0.0,0.0,28,0.5,0.0
2024-08-26,AAPL/MSFT,0.0,0.0,0.0,28,0.5,0.0
2024-08-26,IEF/TLT,-0.0,-0.0,0.0,28,0.5,-0.0
2024-08-27,AAPL/MSFT,0.0,0.0,0.0,28,0.5,0.0
2024-08-27,IEF/TLT,0.0,0.0,0.0,28,0.5,0.0
2024-08-28,AAPL/MSFT,-0.0,-0.0,0.0,28,0.5,-0.0
2024-08-28,IEF/TLT,-0.0,-0.0,0.0,28,0.5,-0.0
2024-08-29,AAPL/MSFT,0.0,0.0,0.0,28,0.5,0.0
2024-08-29,IEF/TLT,-0.0,-0.0,0.0,28,0.5,-0.0
2024-08-30,AAPL/MSFT,-0.0,-0.0,0.0,28,0.5,-0.0
2024-08-30,IEF/TLT,0.0,0.0,0.0,28,0.5,0.0
2024-09-03,AAPL/MSFT,-0.0,-0.0,0.0,28,0.5,-0.0
2024-09-03,IEF/TLT,0.0,0.0,0.0,28,0.5,0.0
2024-09-04,AAPL/MSFT,-0.0053403198147038,-0.0043403198147038,1.0,28,0.5,-0.0026701599073519
2024-09-04,IEF/TLT,0.0,0.0,0.0,28,0.5,0.0
2024-09-05,AAPL/MSFT,0.0044836023158506,0.0044836023158506,0.0,28,0.5,0.0022418011579253
2024-09-05,IEF/TLT,0.0,0.0,0.0,28,0.5,0.0
2024-09-06,AAPL/MSFT,-0.001,0.0,1.0,28,0.5,-0.0005
2024-09-06,IEF/TLT,0.0,0.0,0.0,28,0.5,0.0
2024-09-09,AAPL/MSFT,-0.0,-0.0,0.0,28,0.5,-0.0
2024-09-09,IEF/TLT,-0.0,-0.0,0.0,28,0.5,-0.0
2024-09-10,AAPL/MSFT,-0.0,-0.0,0.0,28,0.5,-0.0
2024-09-10,IEF/TLT,0.0,0.0,0.0,28,0.5,0.0
2024-09-11,AAPL/MSFT,-0.0035507129993651,-0.0025507129993651,1.0,28,0.5,-0.0017753564996825
2024-09-11,IEF/TLT,-0.0,-0.0,0.0,28,0.5,-0.0
2024-09-12,AAPL/MSFT,-0.0037286598377597,-0.0037286598377597,0.0,28,0.5,-0.0018643299188798
2024-09-12,IEF/TLT,0.0,0.0,0.0,28,0.5,0.0
2024-09-13,AAPL/MSFT,-0.004290140071574,-0.004290140071574,0.0,28,0.5,-0.002145070035787
2024-09-13,IEF/TLT,0.0,0.0,0.0,28,0.5,0.0
2024-09-16,AAPL/MSFT,-0.016656186988786,-0.016656186988786,0.0,28,0.5,-0.008328093494393
2024-09-16,IEF/TLT,-0.0,-0.0,0.0,28,0.5,-0.0
2024-09-17,AAPL/MSFT,-0.0025128562625846,-0.0025128562625846,0.0,28,0.5,-0.0012564281312923
2024-09-17,IEF/TLT,-0.0,-0.0,0.0,28,0.5,-0.0
2024-09-18,AAPL/MSFT,0.0145844418494282,0.0145844418494282,0.0,28,0.5,0.0072922209247141
2024-09-18,IEF/TLT,0.0,0.0,0.0,28,0.5,0.0
2024-09-19,AAPL/MSFT,0.0135352537051655,0.0135352537051655,0.0,28,0.5,0.0067676268525827
2024-09-19,IEF/TLT,0.0,0.0,0.0,28,0.5,0.0
2024-09-20,AAPL/MSFT,0.0016427689008182,0.0016427689008182,0.0,28,0.5,0.0008213844504091
2024-09-20,IEF/TLT,0.0,0.0,0.0,28,0.5,0.0
2024-09-23,AAPL/MSFT,-0.0026212492675965,-0.0026212492675965,0.0,28,0.5,-0.0013106246337982
2024-09-23,IEF/TLT,0.0,0.0,0.0,28,0.5,0.0
2024-09-24,AAPL/MSFT,-0.001,0.0,1.0,28,0.5,-0.0005
2024-09-24,IEF/TLT,0.0,0.0,0.0,28,0.5,0.0
2024-09-25,AAPL/MSFT,-0.0,-0.0,0.0,28,0.5,-0.0
2024-09-25,IEF/TLT,-0.0,-0.0,0.0,28,0.5,-0.0
2024-09-26,AAPL/MSFT,0.0,0.0,0.0,28,0.5,0.0
2024-09-26,IEF/TLT,-0.0,-0.0,0.0,28,0.5,-0.0
2024-09-27,AAPL/MSFT,0.0,0.0,0.0,28,0.5,0.0
2024-09-27,IEF/TLT,0.0,0.0,0.0,28,0.5,0.0
2024-09-30,AAPL/MSFT,0.0,0.0,0.0,28,0.5,0.0
2024-09-30,IEF/TLT,-0.0,-0.0,0.0,28,0.5,-0.0
2024-10-01,AAPL/MSFT,-0.0,-0.0,0.0,28,0.5,-0.0
2024-10-01,IEF/TLT,0.0,0.0,0.0,28,0.5,0.0
2024-10-02,AAPL/MSFT,0.0,0.0,0.0,28,0.5,0.0
2024-10-02,IEF/TLT,0.0,0.0,0.0,28,0.5,0.0
2024-10-03,AAPL/MSFT,-0.0,-0.0,0.0,28,0.5,-0.0
2024-10-03,IEF/TLT,-0.0,-0.0,0.0,28,0.5,-0.0
2024-10-04,AAPL/MSFT,0.0,0.0,0.0,28,0.5,0.0
2024-10-04,IEF/TLT,-0.0,-0.0,0.0,28,0.5,-0.0
2024-10-07,AAPL/MSFT,-0.0,-0.0,0.0,28,0.5,-0.0
2024-10-07,IEF/TLT,-0.0,-0.0,0.0,28,0.5,-0.0
2024-10-08,META/MSFT,0.0,0.0,0.0,29,0.35,0.0
2024-10-08,LOW/WMT,-0.0,-0.0,0.0,29,0.3,-0.0
2024-10-08,QQQ/XLK,-0.0,-0.0,0.0,29,0.35,-0.0
2024-10-09,META/MSFT,0.004844558881676,0.005844558881676,1.0,29,0.35,0.0016955956085866
2024-10-09,LOW/WMT,-0.0043140888991572,-0.0033140888991572,1.0,29,0.3,-0.0012942266697471
2024-10-09,QQQ/XLK,-0.0026449473260494,-0.0016449473260494,1.0,29,0.35,-0.0009257315641172
2024-10-10,META/MSFT,0.0006856681316082,0.0006856681316082,0.0,29,0.35,0.0002399838460629
2024-10-10,LOW/WMT,0.0027915399251601,0.0027915399251601,0.0,29,0.3,0.000837461977548
2024-10-10,QQQ/XLK,-0.0004381598800635,-0.0004381598800635,0.0,29,0.35,-0.0001533559580222
2024-10-11,META/MSFT,-0.0023431183820958,-0.0023431183820958,0.0,29,0.35,-0.0008200914337335
2024-10-11,LOW/WMT,-0.0019108058511684,-0.0019108058511684,0.0,29,0.3,-0.0005732417553505
2024-10-11,QQQ/XLK,-8.627022608892251e-05,-8.627022608892251e-05,0.0,29,0.35,-3.019457913112288e-05
2024-10-14,META/MSFT,0.0044982646187503,0.0044982646187503,0.0,29,0.35,0.0015743926165626
2024-10-14,LOW/WMT,-0.0082156860214767,-0.0082156860214767,0.0,29,0.3,-0.002464705806443
2024-10-14,QQQ/XLK,-0.0023327997801769,-0.0023327997801769,0.0,29,0.35,-0.0008164799230619
2024-10-15,META/MSFT,0.0014450524728928,0.0014450524728928,0.0,29,0.35,0.0005057683655124
2024-10-15,LOW/WMT,0.0061632559904678,0.0061632559904678,0.0,29,0.3,0.0018489767971403
2024-10-15,QQQ/XLK,0.0043344065308164,0.0043344065308164,0.0,29,0.35,0.0015170422857857
2024-10-16,META/MSFT,0.0004837240595564,0.0004837240595564,0.0,29,0.35,0.0001693034208447
2024-10-16,LOW/WMT,-0.0066047413849957,-0.0066047413849957,0.0,29,0.3,-0.0019814224154987
2024-10-16,QQQ/XLK,-0.00149438502765,-0.00149438502765,0.0,29,0.35,-0.0005230347596775
2024-10-17,META/MSFT,0.0009355742110615,0.0009355742110615,0.0,29,0.35,0.0003274509738715
2024-10-17,LOW/WMT,0.0029210502149748,0.0029210502149748,0.0,29,0.3,0.0008763150644924
2024-10-17,QQQ/XLK,-0.0011846019158239,-0.0011846019158239,0.0,29,0.35,-0.0004146106705383
2024-10-18,META/MSFT,0.0026566462856531,0.0026566462856531,0.0,29,0.35,0.0009298261999786
2024-10-18,LOW/WMT,0.0019749031196506,0.0019749031196506,0.0,29,0.3,0.0005924709358951
2024-10-18,QQQ/XLK,0.0014775272822068,0.0014775272822068,0.0,29,0.35,0.0005171345487723
2024-10-21,META/MSFT,0.0017199524899171,0.0017199524899171,0.0,29,0.35,0.0006019833714709
2024-10-21,LOW/WMT,0.0054914108264009,0.0054914108264009,0.0,29,0.3,0.0016474232479202
2024-10-21,QQQ/XLK,-0.0013924687205239,-0.0013924687205239,0.0,29,0.35,-0.0004873640521833
2024-10-22,META/MSFT,0.0110013244749996,0.0110013244749996,0.0,29,0.35,0.0038504635662498
2024-10-22,LOW/WMT,0.015829119344507,0.015829119344507,0.0,29,0.3,0.0047487358033521
2024-10-22,QQQ/XLK,0.0010619982242442,0.0010619982242442,0.0,29,0.35,0.0003716993784854
2024-10-23,META/MSFT,0.0046996537397976,0.0046996537397976,0.0,29,0.35,0.0016448788089291
2024-10-23,LOW/WMT,-0.001,0.0,1.0,29,0.3,-0.0003
2024-10-23,QQQ/XLK,-0.0004105561501953,-0.0004105561501953,0.0,29,0.35,-0.0001436946525683
2024-10-24,META/MSFT,-0.0019666150497138,-0.0019666150497138,0.0,29,0.35,-0.0006883152673998
2024-10-24,LOW/WMT,-0.0,-0.0,0.0,29,0.3,-0.0
2024-10-24,QQQ/XLK,0.0025495916134445,0.0025495916134445,0.0,29,0.35,0.0008923570647055
2024-10-25,META/MSFT,0.0027364108061799,0.0027364108061799,0.0,29,0.35,0.0009577437821629
2024-10-25,LOW/WMT,0.0,0.0,0.0,29,0.3,0.0
2024-10-25,QQQ/XLK,0.0004044721835939,0.0004044721835939,0.0,29,0.35,0.0001415652642578
2024-10-28,META/MSFT,-0.0051227647833099,-0.0051227647833099,0.0,29,0.35,-0.0017929676741584
2024-10-28,LOW/WMT,0.0,0.0,0.0,29,0.3,0.0
2024-10-28,QQQ/XLK,0.0002333291843418,0.0002333291843418,0.0,29,0.35,8.166521451963281e-05
2024-10-29,META/MSFT,0.0009280936970434,0.0009280936970434,0.0,29,0.35,0.0003248327939652
2024-10-29,LOW/WMT,0.0,0.0,0.0,29,0.3,0.0
2024-10-29,QQQ/XLK,-0.0020467741878435,-0.0020467741878435,0.0,29,0.35,-0.0007163709657452
2024-10-30,META/MSFT,0.001688996918073,0.001688996918073,0.0,29,0.35,0.0005911489213255
2024-10-30,LOW/WMT,0.0,0.0,0.0,29,0.3,0.0
2024-10-30,QQQ/XLK,0.0043027923504599,0.0043027923504599,0.0,29,0.35,0.0015059773226609
2024-10-31,META/MSFT,-0.0300350023551082,-0.0300350023551082,0.0,29,0.35,-0.0105122508242878
2024-10-31,LOW/WMT,0.0,0.0,0.0,29,0.3,0.0
2024-10-31,QQQ/XLK,-0.001,0.0,1.0,29,0.35,-0.00035
2024-11-01,META/MSFT,0.0071420012719453,0.0071420012719453,0.0,29,0.35,0.0024997004451808
2024-11-01,LOW/WMT,0.0,0.0,0.0,29,0.3,0.0
2024-11-01,QQQ/XLK,-0.0,-0.0,0.0,29,0.35,-0.0
2024-11-04,META/MSFT,0.0001784999415526,0.0001784999415526,0.0,29,0.35,6.247497954343074e-05
2024-11-04,LOW/WMT,-0.0,-0.0,0.0,29,0.3,-0.0
2024-11-04,QQQ/XLK,-0.0,-0.0,0.0,29,0.35,-0.0
2024-11-05,META/MSFT,-0.0011614809726133,-0.0011614809726133,0.0,29,0.35,-0.0004065183404146
2024-11-05,LOW/WMT,-0.0,-0.0,0.0,29,0.3,-0.0
2024-11-05,QQQ/XLK,-0.0,-0.0,0.0,29,0.35,-0.0
2024-11-06,META/MSFT,0.0150226738422171,0.0150226738422171,0.0,29,0.35,0.0052579358447759
2024-11-06,LOW/WMT,0.0,0.0,0.0,29,0.3,0.0
2024-11-06,QQQ/XLK,-0.0,-0.0,0.0,29,0.35,-0.0
2024-11-07,META/MSFT,-0.0015850184760599,-0.0015850184760599,0.0,29,0.35,-0.0005547564666209
2024-11-07,LOW/WMT,-0.0,-0.0,0.0,29,0.3,-0.0
2024-11-07,QQQ/XLK,-0.0,-0.0,0.0,29,0.35,-0.0
2024-11-08,META/MSFT,-0.0035524838536767,-0.0035524838536767,0.0,29,0.35,-0.0012433693487868
2024-11-08,LOW/WMT,-0.0,-0.0,0.0,29,0.3,-0.0
2024-11-08,QQQ/XLK,0.0,0.0,0.0,29,0.35,0.0
2024-11-11,META/MSFT,-0.0043519865118706,-0.0043519865118706,0.0,29,0.35,-0.0015231952791547
2024-11-11,LOW/WMT,-0.0,-0.0,0.0,29,0.3,-0.0
2024-11-11,QQQ/XLK,0.0,0.0,0.0,29,0.35,0.0
2024-11-12,META/MSFT,0.0075493374897468,0.0075493374897468,0.0,29,0.35,0.0026422681214113
2024-11-12,LOW/WMT,0.0,0.0,0.0,29,0.3,0.0
2024-11-12,QQQ/XLK,-0.0,-0.0,0.0,29,0.35,-0.0
2024-11-13,META/MSFT,0.0060650411142084,0.0060650411142084,0.0,29,0.35,0.0021227643899729
2024-11-13,LOW/WMT,-0.0,-0.0,0.0,29,0.3,-0.0
2024-11-13,QQQ/XLK,0.0,0.0,0.0,29,0.35,0.0
2024-11-14,META/MSFT,0.004251721104315,0.004251721104315,0.0,29,0.35,0.0014881023865102
2024-11-14,LOW/WMT,-0.0,-0.0,0.0,29,0.3,-0.0
2024-11-14,QQQ/XLK,-0.0,-0.0,0.0,29,0.35,-0.0
2024-11-15,META/MSFT,-0.0074623180036323,-0.0074623180036323,0.0,29,0.35,-0.0026118113012713
2024-11-15,LOW/WMT,0.0,0.0,0.0,29,0.3,0.0
2024-11-15,QQQ/XLK,0.0,0.0,0.0,29,0.35,0.0
2024-11-18,META/MSFT,0.0011072288300614,0.0011072288300614,0.0,29,0.35,0.0003875300905214
2024-11-18,LOW/WMT,-0.0,-0.0,0.0,29,0.3,-0.0
2024-11-18,QQQ/XLK,0.0,0.0,0.0,29,0.35,0.0
2024-11-19,META/MSFT,-0.001,-0.0,1.0,29,0.35,-0.00035
2024-11-19,LOW/WMT,0.0,0.0,0.0,29,0.3,0.0
2024-11-19,QQQ/XLK,-0.0,-0.0,0.0,29,0.35,-0.0
2024-11-20,META/MSFT,-0.0,-0.0,0.0,29,0.35,-0.0
2024-11-20,LOW/WMT,-0.0,-0.0,0.0,29,0.3,-0.0
2024-11-20,QQQ/XLK,0.0,0.0,0.0,29,0.35,0.0
2024-11-21,META/MSFT,-0.0,-0.0,0.0,29,0.35,-0.0
2024-11-21,LOW/WMT,0.0,0.0,0.0,29,0.3,0.0
2024-11-21,QQQ/XLK,-0.0,-0.0,0.0,29,0.35,-0.0
2024-11-22,META/MSFT,0.0,0.0,0.0,29,0.35,0.0
2024-11-22,LOW/WMT,0.0,0.0,0.0,29,0.3,0.0
2024-11-22,QQQ/XLK,0.0,0.0,0.0,29,0.35,0.0
2024-11-25,META/MSFT,-0.0,-0.0,0.0,29,0.35,-0.0
2024-11-25,LOW/WMT,-0.0,-0.0,0.0,29,0.3,-0.0
2024-11-25,QQQ/XLK,0.0,0.0,0.0,29,0.35,0.0
2024-11-26,META/MSFT,0.0,0.0,0.0,29,0.35,0.0
2024-11-26,LOW/WMT,0.0,0.0,0.0,29,0.3,0.0
2024-11-26,QQQ/XLK,0.0,0.0,0.0,29,0.35,0.0
2024-11-27,META/MSFT,-0.0,-0.0,0.0,29,0.35,-0.0
2024-11-27,LOW/WMT,0.0,0.0,0.0,29,0.3,0.0
2024-11-27,QQQ/XLK,0.0,0.0,0.0,29,0.35,0.0
2024-11-29,META/MSFT,-0.0,-0.0,0.0,29,0.35,-0.0
2024-11-29,LOW/WMT,0.0,0.0,0.0,29,0.3,0.0
2024-11-29,QQQ/XLK,-0.0,-0.0,0.0,29,0.35,-0.0
2024-12-02,META/MSFT,0.0,0.0,0.0,29,0.35,0.0
2024-12-02,LOW/WMT,0.0,0.0,0.0,29,0.3,0.0
2024-12-02,QQQ/XLK,0.0,0.0,0.0,29,0.35,0.0
2024-12-03,META/MSFT,-0.0,-0.0,0.0,29,0.35,-0.0
2024-12-03,LOW/WMT,0.0,0.0,0.0,29,0.3,0.0
2024-12-03,QQQ/XLK,-0.0,-0.0,0.0,29,0.35,-0.0
2024-12-04,META/MSFT,0.0,0.0,0.0,29,0.35,0.0
2024-12-04,LOW/WMT,0.0,0.0,0.0,29,0.3,0.0
2024-12-04,QQQ/XLK,-0.0,-0.0,0.0,29,0.35,-0.0
2024-12-05,META/MSFT,0.0,0.0,0.0,29,0.35,0.0
2024-12-05,LOW/WMT,0.0,0.0,0.0,29,0.3,0.0
2024-12-05,QQQ/XLK,0.0,0.0,0.0,29,0.35,0.0
2024-12-06,META/MSFT,0.0048235226466531,0.0058235226466531,1.0,29,0.35,0.0016882329263286
2024-12-06,LOW/WMT,-0.0,-0.0,0.0,29,0.3,-0.0
2024-12-06,QQQ/XLK,0.0,0.0,0.0,29,0.35,0.0
2024-12-09,META/MSFT,-0.0087779901259357,-0.0087779901259357,0.0,29,0.35,-0.0030722965440775
2024-12-09,LOW/WMT,-0.0,-0.0,0.0,29,0.3,-0.0
2024-12-09,QQQ/XLK,-0.0,-0.0,0.0,29,0.35,-0.0
2024-12-10,META/MSFT,0.0070349885328836,0.0070349885328836,0.0,29,0.35,0.0024622459865092
2024-12-10,LOW/WMT,0.0,0.0,0.0,29,0.3,0.0
2024-12-10,QQQ/XLK,0.0,0.0,0.0,29,0.35,0.0
2024-12-11,META/MSFT,-0.0024460679279873,-0.0024460679279873,0.0,29,0.35,-0.0008561237747955
2024-12-11,LOW/WMT,0.0,0.0,0.0,29,0.3,0.0
2024-12-11,QQQ/XLK,-0.0023820989153405,-0.0013820989153405,1.0,29,0.35,-0.0008337346203692
2024-12-12,META/MSFT,-0.0017858318575574,-0.0017858318575574,0.0,29,0.35,-0.0006250411501451
2024-12-12,LOW/WMT,0.0,0.0,0.0,29,0.3,0.0
2024-12-12,QQQ/XLK,0.0003064120626095,0.0003064120626095,0.0,29,0.35,0.0001072442219133
2024-12-13,META/MSFT,-0.0014115590809726,-0.0014115590809726,0.0,29,0.35,-0.0004940456783404
2024-12-13,LOW/WMT,0.0,0.0,0.0,29,0.3,0.0
2024-12-13,QQQ/XLK,-0.001560763333742,-0.001560763333742,0.0,29,0.35,-0.0005462671668097
2024-12-16,META/MSFT,-0.0046269424315857,-0.0046269424315857,0.0,29,0.35,-0.001619429851055
2024-12-16,LOW/WMT,0.0,0.0,0.0,29,0.3,0.0
2024-12-16,QQQ/XLK,-0.0019417612203605,-0.0019417612203605,0.0,29,0.35,-0.0006796164271261
2024-12-17,META/MSFT,-0.0067562354653933,-0.0067562354653933,0.0,29,0.35,-0.0023646824128876
2024-12-17,LOW/WMT,0.0,0.0,0.0,29,0.3,0.0
2024-12-17,QQQ/XLK,-0.0009375816547073,-0.0009375816547073,0.0,29,0.35,-0.0003281535791475
2024-12-18,META/MSFT,0.0154758508146605,0.0154758508146605,0.0,29,0.35,0.0054165477851311
2024-12-18,LOW/WMT,0.0,0.0,0.0,29,0.3,0.0
2024-12-18,QQQ/XLK,0.0011087261634916,0.0011087261634916,0.0,29,0.35,0.000388054157222
2024-12-19,META/MSFT,-0.0002396471744275,-0.0002396471744275,0.0,29,0.35,-8.387651104964993e-05
2024-12-19,LOW/WMT,0.0,0.0,0.0,29,0.3,0.0
2024-12-19,QQQ/XLK,0.0027228941636216,0.0027228941636216,0.0,29,0.35,0.0009530129572675
2024-12-20,META/MSFT,-0.004519986630043,-0.004519986630043,0.0,29,0.35,-0.001581995320515
2024-12-20,LOW/WMT,-0.0,-0.0,0.0,29,0.3,-0.0
2024-12-20,QQQ/XLK,0.0033997640751908,0.0033997640751908,0.0,29,0.35,0.0011899174263167
2024-12-23,META/MSFT,0.009660770169009,0.009660770169009,0.0,29,0.35,0.0033812695591531
2024-12-23,LOW/WMT,-0.0,-0.0,0.0,29,0.3,-0.0
2024-12-23,QQQ/XLK,-0.001,-0.0,1.0,29,0.35,-0.00035
2024-12-24,META/MSFT,-0.0025981501340745,-0.0025981501340745,0.0,29,0.35,-0.0009093525469261
2024-12-24,LOW/WMT,0.0,0.0,0.0,29,0.3,0.0
2024-12-24,QQQ/XLK,0.0,0.0,0.0,29,0.35,0.0
2024-12-26,META/MSFT,-0.0002337609970109,-0.0002337609970109,0.0,29,0.35,-8.181634895382244e-05
2024-12-26,LOW/WMT,0.0,0.0,0.0,29,0.3,0.0
2024-12-26,QQQ/XLK,-0.0,-0.0,0.0,29,0.35,-0.0
2024-12-27,META/MSFT,0.0103379654066097,0.0103379654066097,0.0,29,0.35,0.0036182878923134
2024-12-27,LOW/WMT,-0.0,-0.0,0.0,29,0.3,-0.0
2024-12-27,QQQ/XLK,0.0,0.0,0.0,29,0.35,0.0
2024-12-30,META/MSFT,0.0049659369653685,0.0049659369653685,0.0,29,0.35,0.0017380779378789
2024-12-30,LOW/WMT,-0.0,-0.0,0.0,29,0.3,-0.0
2024-12-30,QQQ/XLK,0.0,0.0,0.0,29,0.35,0.0
2024-12-31,META/MSFT,0.0025697497274146,0.0025697497274146,0.0,29,0.35,0.0008994124045951
2024-12-31,LOW/WMT,-0.0,-0.0,0.0,29,0.3,-0.0
2024-12-31,QQQ/XLK,0.0,0.0,0.0,29,0.35,0.0
