date,equal_weight,constrained_inverse_volatility,validation_score,score_risk_budget
2017-07-05,0.0,0.0,0.0,0.0
2017-07-06,0.0016000825501143333,0.0016800866776200498,0.0015242742151859688,0.0015242742151859688
2017-07-07,-0.0003861253776740126,-0.0004054316465577132,-0.00034747497373236954,-0.00034747497373236954
2017-07-10,-0.002779344399513416,-0.002918311619489087,-0.002723370710373506,-0.002723370710373506
2017-07-11,-0.0020339105187985413,-0.0021356060447384685,-0.0019682791940089186,-0.0019682791940089186
2017-07-12,-0.008415945031757292,-0.008294276461190781,-0.008397763854695681,-0.008397763854695681
2017-07-13,-0.002427959599547333,-0.0023101636395926003,-0.0024868575795247002,-0.0024868575795247002
2017-07-14,-0.003696529773517833,-0.0037561920357600687,-0.0036573049873455505,-0.0036573049873455505
2017-07-17,0.0032757562470334583,0.0031630390531174877,0.003308339794395338,0.003308339794395338
2017-07-18,-0.002305273750620041,-0.002116559272803575,-0.0023986679977655123,-0.0023986679977655123
2017-07-19,-0.003523561629973333,-0.003486362130353025,-0.0034776627700751936,-0.0034776627700751936
2017-07-20,0.0019405399784986664,0.002072924771481675,0.001853315883710844,0.001853315883710844
2017-07-21,-0.0009442814424182082,-0.0009326077520935313,-0.0009729105425339375,-0.0009729105425339375
2017-07-24,-0.0021790134086889165,-0.00230536157727525,-0.002094376539483275,-0.002094376539483275
2017-07-25,0.002453109599673167,0.0023989779382754127,0.0024829107117215186,0.0024829107117215186
2017-07-26,0.0009552228397733748,0.0007327466890782565,0.001092582620785606,0.001092582620785606
2017-07-27,-0.006919810256745209,-0.006065232410382332,-0.007389164238039268,-0.007389164238039268
2017-07-28,-0.007668894274447374,-0.006957972205496282,-0.007951844316470918,-0.007951844316470918
2017-07-31,-0.0012006315411125415,-0.0010358632597711002,-0.00126949909982995,-0.00126949909982995
2017-08-01,0.0014778996850472084,0.001440361586171669,0.001539623573770169,0.001539623573770169
2017-08-02,-0.00014494299831620836,-0.0002578937602644998,-6.706109397193134e-05,-6.706109397193134e-05
2017-08-03,0.00078320203016375,0.0009298700799032747,0.0006717541251454252,0.0006717541251454252
2017-08-04,-0.0020455526838033334,-0.0019567534908120315,-0.0020945742426044687,-0.0020945742426044687
2017-08-07,-0.004076426011027,-0.0039368825606445005,-0.00401214816085815,-0.00401214816085815
2017-08-08,-0.0008966803920370417,-0.0008790144116388938,-0.0008695123528333377,-0.0008695123528333377
2017-08-09,-0.000951270017609125,-0.0007204205607331067,-0.0011345559736046873,-0.0011345559736046873
2017-08-10,-0.0003352113843348333,-0.00036419024590135,-0.00028947195355157507,-0.00028947195355157507
2017-08-11,0.0013203169088016667,0.0011882852179215002,0.0013863327542417499,0.0013863327542417499
2017-08-14,-0.00048509506567554156,-0.0004365855591079875,-0.0005093498189593186,-0.0005093498189593186
2017-08-15,-0.00043629058984624995,-0.00039266153086162504,-0.00045810511933856246,-0.00045810511933856246
2017-08-16,0.000391440832884,0.0003522967495956001,0.0004110128745282,0.0004110128745282
2017-08-17,0.0004920397513408333,0.00044283577620675006,0.000516641738907875,0.000516641738907875
2017-08-18,-0.0010894010573208335,-0.0009804609515887501,-0.0011438711101868751,-0.0011438711101868751
2017-08-21,-0.0015473275994020417,-0.0013925948394618378,-0.0016246939793721437,-0.0016246939793721437
2017-08-22,0.00035215282146858337,0.0003169375393217251,0.00036976046254201246,0.00036976046254201246
2017-08-23,-0.0017951999749944998,-0.0017967077992032563,-0.0018849599737442249,-0.0018849599737442249
2017-08-24,-0.0007270373323489165,-0.0007837041568972248,-0.0007633891989663622,-0.0007633891989663622
2017-08-25,0.0006691812677895833,0.0006437174990702063,0.0007026403311790625,0.0007026403311790625
2017-08-28,-0.00040611675724025,-0.0002666083995867751,-0.0004264225951022625,-0.0004264225951022625
2017-08-29,-7.229286121704178e-05,-0.00016425350880087497,-7.59075042778938e-05,-7.59075042778938e-05
2017-08-30,-0.00031863703199520833,-0.0003795639861656062,-0.0003345688835949687,-0.0003345688835949687
2017-08-31,0.0016760349852334166,0.0017676445941304062,0.0017598367344950874,0.0017598367344950874
2017-09-01,-0.0009489121850365,-0.00091652096653285,-0.000996357794288325,-0.000996357794288325
2017-09-05,-0.0009290346412564166,-0.0008361311771307752,-0.0009754863733192375,-0.0009754863733192375
2017-09-06,-0.00041666666666666664,-0.000375,-0.0004375,-0.0004375
2017-09-07,0.0,0.0,0.0,0.0
2017-09-08,0.0,0.0,0.0,0.0
2017-09-11,0.00011757483796258334,0.0001234535798607125,0.0001234535798607125,0.0001234535798607125
2017-09-12,-0.0006956971647804999,-0.0007304820230195248,-0.0007304820230195248,-0.0007304820230195248
2017-09-13,-0.00026603762491904165,-0.0002793395061649937,-0.00020892789224228128,-0.00020892789224228128
2017-09-14,-0.001882125820181958,-0.001742139143359725,-0.001960815928518056,-0.001960815928518056
2017-09-15,0.0017235836225313334,0.0018722628036579,0.0016256810691506129,0.0016256810691506129
2017-09-18,-0.00031024184024279163,-0.0003443959203737937,-0.00022969824230568764,-0.00022969824230568764
2017-09-19,0.002325879021706208,0.0018337752770331624,0.0025790707890614986,0.0025790707890614986
2017-09-20,-0.0005968087956775618,-0.0005641492354614401,-0.0006216464721597869,-0.0006216464721597869
2017-09-21,0.0011202575113986666,0.0011762703869685998,0.0010683267111140438,0.0010683267111140438
2017-09-22,-0.0032452950137046663,-0.0034075597643898996,-0.003150735260673975,-0.003150735260673975
2017-09-25,-0.0038343828691251246,-0.0040261020125813805,-0.0037127952788693313,-0.0037127952788693313
2017-09-26,0.0026544691114785,0.002551596809332507,0.0026963681851303314,0.0026963681851303314
2017-09-27,-0.0005052034717868752,-0.0007872576980619873,-0.0003401111502974564,-0.0003401111502974564
2017-09-28,-0.0014311869683791248,-0.0015182677343862938,-0.001411669030649469,-0.001411669030649469
2017-09-29,0.0024784708802455834,0.00236411634894935,0.0025379406130728623,0.0025379406130728623
2017-10-02,0.00037209997285399997,0.00045320497149669995,0.0003212835471253813,0.0003212835471253813
2017-10-03,0.0,0.0,0.0,0.0
2017-10-04,0.0,0.0,0.0,0.0
2017-10-05,0.0,0.0,0.0,0.0
2017-10-06,0.0,0.0,0.0,0.0
2017-10-09,0.0,0.0,0.0,0.0
2017-10-10,0.0,0.0,0.0,0.0
2017-10-11,0.0,0.0,0.0,0.0
2017-10-12,0.0,0.0,0.0,0.0
2017-10-13,0.0,0.0,0.0,0.0
2017-10-16,-0.0007039620179338749,-0.0007039620179338749,-0.0007039620179338749,-0.0007039620179338749
2017-10-17,-0.0001929380711871875,-0.0001929380711871875,-0.0001929380711871875,-0.0001929380711871875
2017-10-18,6.182188000111808e-05,6.182188000111808e-05,6.182188000111808e-05,6.182188000111808e-05
2017-10-19,0.00010906120168331251,0.00010906120168331251,0.00010906120168331251,0.00010906120168331251
2017-10-20,0.000295486957735375,0.000295486957735375,0.000295486957735375,0.000295486957735375
2017-10-23,-8.114612784281249e-05,-8.114612784281249e-05,-8.114612784281249e-05,-8.114612784281249e-05
2017-10-24,-5.372749308967069e-07,-5.372749308967069e-07,-5.372749308967069e-07,-5.372749308967069e-07
2017-10-25,0.00015895425963168748,0.00015895425963168748,0.00015895425963168748,0.00015895425963168748
2017-10-26,-0.0063357127190238885,-0.0063357127190238885,-0.0063357127190238885,-0.0063357127190238885
2017-10-27,-0.01604207461541394,-0.01604207461541394,-0.01604207461541394,-0.01604207461541394
2017-10-30,-0.03593178113668168,-0.03593178113668168,-0.03593178113668168,-0.03593178113668168
2017-10-31,-0.0006400127154351333,-0.0006400127154351333,-0.0006400127154351333,-0.0006400127154351333
2017-11-01,-0.00044893826170527574,-0.00044893826170527574,-0.00044893826170527574,-0.00044893826170527574
2017-11-02,0.0012535360605186608,0.0012535360605186608,0.0012535360605186608,0.0012535360605186608
2017-11-03,-0.006383114134948283,-0.006383114134948283,-0.006383114134948283,-0.006383114134948283
2017-11-06,0.018166233533069166,0.018166233533069166,0.018166233533069166,0.018166233533069166
2017-11-07,0.0076147526919205216,0.0076147526919205216,0.0076147526919205216,0.0076147526919205216
2017-11-08,-0.008692843099883697,-0.008692843099883697,-0.008692843099883697,-0.008692843099883697
2017-11-09,-0.008805509084740865,-0.008805509084740865,-0.008805509084740865,-0.008805509084740865
2017-11-10,0.004454576149217442,0.004454576149217442,0.004454576149217442,0.004454576149217442
2017-11-13,-0.0046552973691764196,-0.0046552973691764196,-0.0046552973691764196,-0.0046552973691764196
2017-11-14,0.0016382272752760378,0.0016382272752760378,0.0016382272752760378,0.0016382272752760378
2017-11-15,-0.0029871457806233464,-0.0029871457806233464,-0.0029871457806233464,-0.0029871457806233464
2017-11-16,-0.0006042535887847867,-0.0006042535887847867,-0.0006042535887847867,-0.0006042535887847867
2017-11-17,-0.00027692019728035096,-0.00027692019728035096,-0.00027692019728035096,-0.00027692019728035096
2017-11-20,-0.0002361472728249341,-0.0002361472728249341,-0.0002361472728249341,-0.0002361472728249341
2017-11-21,-0.000358604320365569,-0.000358604320365569,-0.000358604320365569,-0.000358604320365569
2017-11-22,0.0006190627466062273,0.0006190627466062273,0.0006190627466062273,0.0006190627466062273
2017-11-24,-0.00024975933743273795,-0.00024975933743273795,-0.00024975933743273795,-0.00024975933743273795
2017-11-27,-0.00048340339140812713,-0.00048340339140812713,-0.00048340339140812713,-0.00048340339140812713
2017-11-28,0.0,0.0,0.0,0.0
2017-11-29,0.0,0.0,0.0,0.0
2017-11-30,0.0,0.0,0.0,0.0
2017-12-01,0.0,0.0,0.0,0.0
2017-12-04,0.0,0.0,0.0,0.0
2017-12-05,-0.004912032275901978,-0.004912032275901978,-0.004912032275901978,-0.004912032275901978
2017-12-06,0.0026183532372355,0.0026183532372355,0.0026183532372355,0.0026183532372355
2017-12-07,0.002078752681877971,0.002078752681877971,0.002078752681877971,0.002078752681877971
2017-12-08,-0.002948686373298505,-0.002948686373298505,-0.002948686373298505,-0.002948686373298505
2017-12-11,0.009174822938046773,0.009174822938046773,0.009174822938046773,0.009174822938046773
2017-12-12,-0.0008503155024605876,-0.0008503155024605876,-0.0008503155024605876,-0.0008503155024605876
2017-12-13,0.0004198191272121429,0.0004198191272121429,0.0004198191272121429,0.0004198191272121429
2017-12-14,-0.00048378505171237747,-0.00048378505171237747,-0.00048378505171237747,-0.00048378505171237747
2017-12-15,-0.0004282258272700647,-0.0004282258272700647,-0.0004282258272700647,-0.0004282258272700647
2017-12-18,0.0004743036770574362,0.0004743036770574362,0.0004743036770574362,0.0004743036770574362
2017-12-19,0.0008996144494675532,0.0008996144494675532,0.0008996144494675532,0.0008996144494675532
2017-12-20,-0.0008634768977383819,-0.0008634768977383819,-0.0008634768977383819,-0.0008634768977383819
2017-12-21,0.0033472812028434305,0.0033472812028434305,0.0033472812028434305,0.0033472812028434305
2017-12-22,0.01450435571658148,0.01450435571658148,0.01450435571658148,0.01450435571658148
2017-12-26,0.0036082788569734028,0.0036082788569734028,0.0036082788569734028,0.0036082788569734028
2017-12-27,-0.003302131454255979,-0.003302131454255979,-0.003302131454255979,-0.003302131454255979
2017-12-28,-0.0007860814357302972,-0.0007860814357302972,-0.0007860814357302972,-0.0007860814357302972
2017-12-29,0.011083747638209497,0.011083747638209497,0.011083747638209497,0.011083747638209497
2018-01-02,-0.00021240987699646405,-0.00021240987699646405,-0.00021240987699646405,-0.00021240987699646405
2018-01-03,0.0,0.0,0.0,0.0
2018-01-04,-0.0008009175044198332,-0.00072082575397785,-0.0008409633796408249,-0.0007617279609198082
2018-01-05,-0.0011748913005514999,-0.0010574021704963501,-0.001233635865579075,-0.0011174029156970362
2018-01-08,0.0011882898687879582,0.0010694608819091626,0.001247704362227356,0.0011301458811156725
2018-01-09,0.0010350840173944584,0.0009315756156550127,0.0010868382182641812,0.000984436516369687
2018-01-10,0.0008322190563379584,0.0007489971507041626,0.0008738300091548563,0.0007914979024988607
2018-01-11,0.002176262186724792,0.0019586359680523126,0.0022850752960610313,0.002069775911717117
2018-01-12,-0.0011943830824205,-0.0010749447741784503,-0.001254102236541525,-0.0011359409488600426
2018-01-16,-5.0402033796541665e-05,-4.536183041688751e-05,-5.292213548636875e-05,-4.793582137758584e-05
2018-01-17,-0.003114233984281416,-0.002802810585853275,-0.0032699456834954874,-0.0029618519879799875
2018-01-18,0.000546651775146625,0.0004919865976319626,0.0005739843639039563,0.0005199036601369613
2018-01-19,-0.0016369457445089164,-0.0014732511700580252,-0.0017187930317343622,-0.0015568486607173936
2018-01-22,-0.0011074435521821252,-0.0009966991969639126,-0.0011628157297912313,-0.00105325544039463
2018-01-23,0.0011690115471083748,0.0010521103923975376,0.0012274621244637936,0.0011118108633617746
2018-01-24,0.000565191562109,0.0005086724058981001,0.00059345114021445,0.0005375362802767439
2018-01-25,-0.0002507803856145833,-0.00022570234705312502,-0.00026331940489531246,-0.00023850949781807434
2018-01-26,0.0013655528952809582,0.0012289976057528625,0.001433830540045006,0.0012987352838592131
2018-01-29,0.0018971893383287496,0.0017074704044958752,0.001992048805245187,0.0018043583242830829
2018-01-30,0.004165704407205584,0.0037491339664850257,0.004373989627565862,0.003961873109757933
2018-01-31,0.00023212029659754166,0.00020890826693778752,0.00024372631142741873,0.0002207624621007947
2018-02-01,-0.00041666666666666664,-0.000375,-0.0004375,-0.0003962788285082634
2018-02-02,0.0,0.0,0.0,0.0
2018-02-05,0.0013511989934246247,0.0014187589430958562,0.0012160790940821628,0.0013497543071079665
2018-02-06,-0.0019963045080338337,-0.002096119733435525,-0.0017966740572304503,-0.001994170082371385
2018-02-07,-0.0056273748251,-0.0051451801546641565,-0.005828200754280843,-0.0053777222059738315
2018-02-08,-0.005293698089575083,-0.004718138359059044,-0.0054847079063431985,-0.0049791255900401106
2018-02-09,0.011811480002502043,0.010662168321468123,0.012483424271833351,0.011282235410067737
2018-02-12,-0.0017951859485556664,-0.0014577849275564504,-0.0019602007868636,-0.0016288380621169085
2018-02-13,0.0021860150930496664,0.0027517028210297485,0.0022356389128044807,0.0025760030545908742
2018-02-14,0.00037993982476024993,0.00023352978313569378,0.0004448528751467935,0.00030547710849153635
2018-02-15,0.004056619752156125,0.0037050249067249255,0.004205383609979519,0.0038753776593516706
2018-02-16,0.0034690753125991665,0.0032945495994320378,0.003597130739063843,0.0033975667543129995
2018-02-20,0.004374268273881666,0.004583666568597594,0.004633696430767525,0.004600699798316089
2018-02-21,0.00048224019498791665,0.0003443494003681128,0.0006609368046128186,0.0004521351456929024
2018-02-22,-0.00033398463761970845,-0.00017412973713190022,-0.0003622652235582813,-0.00023818258116367115
2018-02-23,0.0015445344892411666,0.0011659507028997135,0.0015041127485281188,0.0012810817777305999
2018-02-26,-0.0027729162627775426,-0.0031589564163946684,-0.0028677278347443314,-0.0030598043676643917
2018-02-27,-0.0039259109237845405,-0.003331050067224307,-0.004176880134928994,-0.0036190224345494407
2018-02-28,-0.006350802725377249,-0.006165504377728331,-0.00671625468137018,-0.0063530135179214325
2018-03-01,-0.0056502379667095,-0.005002122356216775,-0.00594802694340038,-0.00532416622015053
2018-03-02,0.0007220637249220001,0.0003705125108799817,0.0008263707068357498,0.0005257145648932476
2018-03-05,7.0697858886249385e-06,-5.767315914371866e-05,2.9974207506699925e-05,-2.7832626597236425e-05
2018-03-06,0.00028335947193629165,0.000266297566051575,0.0002780608284741625,0.00027030250115218197
2018-03-07,0.0034603582671922494,0.0036958761805518624,0.003656363706816931,0.003682423714111176
2018-03-08,0.002304345737518292,0.0024195630243942067,0.002350137839224813,0.002395926438644223
2018-03-09,-0.0008794039121796666,-0.00092337410778865,-0.0008539635209617001,-0.0008997424922086724
2018-03-12,0.0005266690647915416,0.000526495750669775,0.0005005089256737312,0.0005176482435887339
2018-03-13,0.0055024442608712495,0.005006992828900825,0.005722773479798111,0.005250688408420449
2018-03-14,-0.0012228425790321666,-0.001001325382738488,-0.0013832176463742375,-0.0011313449025230897
2018-03-15,-0.001084398447353625,-0.0009590453497486063,-0.0011555316225909623,-0.0010259413130132519
2018-03-16,0.0025775709306322917,0.0022790500663658004,0.0027472132483671685,0.0024384414913848408
2018-03-19,0.005349540281423625,0.004752086253281263,0.005679517295494806,0.005067840590889295
2018-03-20,0.004948252596365917,0.004453427336729326,0.005195665226184212,0.004706130580922061
2018-03-21,2.5812311814490548e-05,2.3231080633041495e-05,2.710292740521507e-05,2.4549294448647175e-05
2018-03-22,0.006839249934242625,0.0061553249408183635,0.007181212430954756,0.006504599884360525
2018-03-23,0.0023245471956899167,0.002092092476120925,0.0024407745554744123,0.002210805214848406
2018-03-26,-0.0015567919160635415,-0.0014011127244571877,-0.0016346315118667186,-0.001480616824149108
2018-03-27,0.006834923149535292,0.006151430834581764,0.0071766693070120565,0.006500484812740454
2018-03-28,-0.0057831265179994155,-0.005204813866199476,-0.006072282843899387,-0.005500153444002915
2018-03-29,-0.00787234848277071,-0.007198307852630602,-0.008152771688772282,-0.00752326580921617
2018-04-02,-0.0007078144045868333,-0.0005969808946388877,-0.0007832571943054374,-0.0006604007576110219
2018-04-03,0.0008480551221546665,0.0008226356593995687,0.0008310718288020313,0.0008255078482312752
2018-04-04,-0.001002332342045375,-0.0008928953333285813,-0.0010616527336599,-0.0009503506898269891
2018-04-05,0.0,0.0,0.0,0.0
2018-04-06,0.0,0.0,0.0,0.0
2018-04-09,0.0,0.0,0.0,0.0
2018-04-10,0.0,0.0,0.0,0.0
2018-04-11,0.0006301728334075603,0.0006043920746316751,0.0006307185599767727,0.0006043920746316751
2018-04-12,-0.006296717769486079,-0.006036594192525826,-0.006302178010742117,-0.006036594192525826
2018-04-13,0.004375959276914848,0.004239171538930762,0.004379593098412408,0.004239171538930762
2018-04-16,-0.00408842278496311,-0.003958374198894645,-0.004091863078506416,-0.003958374198894645
2018-04-17,-0.005626906402117538,-0.005450362900493338,-0.005631567513031186,-0.005450362900493338
2018-04-18,0.0023186419876310292,0.002249586648208314,0.002320525771233076,0.002249586648208314
2018-04-19,0.003991055274136441,0.0038409336952614755,0.003994412945930858,0.0038409336952614755
2018-04-20,0.0027673385161123398,0.002664314945084213,0.002769676712124717,0.002664314945084213
2018-04-23,-5.363482225461037e-05,-5.162496873840001e-05,-5.3680296744756264e-05,-5.162496873840001e-05
2018-04-24,-0.005324493604767873,-0.005125240574761014,-0.005329007260902509,-0.005125240574761014
2018-04-25,0.0012603322214075248,0.001224044800756555,0.001261365832758085,0.001224044800756555
2018-04-26,-0.00548698375605752,-0.005328930279347494,-0.005491491709130749,-0.005328930279347494
2018-04-27,-0.002406735214979054,-0.002339137667498616,-0.0024086522711689027,-0.002339137667498616
2018-04-30,0.003666324995481509,0.0035642103438901025,0.0036692066269185856,0.0035642103438901025
2018-05-01,-0.008440401717687809,-0.00820733942024105,-0.00844705275149902,-0.00820733942024105
2018-05-02,0.00404712316116522,0.003937252601224362,0.004050115550203916,0.003937252601224362
2018-05-03,0.0014446455627385411,0.0014076866852281292,0.0014457573765551837,0.0014076866852281292
2018-05-04,-0.0029247361787022533,-0.00285028700829646,-0.002926989775988641,-0.00285028700829646
2018-05-07,-0.0016696531447800804,-0.0015721234370115003,-0.001671058651174351,-0.0015721234370115003
2018-05-08,-0.00041666666666666664,-0.000375,-0.00042001060389400795,-0.000375
2018-05-09,-0.0003177093059614167,-0.000285938375365275,-0.0003204350932057341,-0.000285938375365275
2018-05-10,-0.003625759639339583,-0.0036564490458214057,-0.003673417155911602,-0.0036564490458214057
2018-05-11,0.0005677417159122917,0.0005302047775474126,0.0005722520200238348,0.0005302047775474126
2018-05-14,0.0003023565795996666,0.00022243225566316257,0.0003255172020288941,0.00022243225566316257
2018-05-15,0.011485262807227998,0.010927868357692175,0.011558350700083268,0.010927868357692175
2018-05-16,0.00033665734834771534,0.0004087978433721623,0.0003304843334165066,0.0004087978433721623
2018-05-17,-0.004209117955922606,-0.00396474988573667,-0.004280453729758794,-0.00396474988573667
2018-05-18,0.008158941250328136,0.008009812861767713,0.008207288247034757,0.008009812861767713
2018-05-21,-0.001542245677980885,-0.001641068065478475,-0.0015559568909053942,-0.001641068065478475
2018-05-22,0.0019049369056375917,0.0021073097646421186,0.0018865024800546748,0.0021073097646421186
2018-05-23,-0.00036157755299972584,-0.0003997197265271636,-0.0003665812551875303,-0.0003997197265271636
2018-05-24,-0.0004450596542981245,-0.00049211335278245,-0.0003816044579846641,-0.00049211335278245
2018-05-25,7.403561582907516e-05,8.189567167565e-05,6.348379293082244e-05,8.189567167565e-05
2018-05-29,-0.0003899372880045537,-0.0004313016834109812,-0.00033435826519614704,-0.0004313016834109812
2018-05-30,1.0318274668774363e-05,1.1302478941828706e-05,8.849529076030313e-06,1.1302478941828706e-05
2018-05-31,0.0001582424827782172,0.00017254095480746248,0.0001357065257750812,0.00017254095480746248
2018-06-01,-9.40831601035439e-05,-0.0001005406700990125,-8.068261769892635e-05,-0.0001005406700990125
2018-06-04,-0.0013696747379875606,-0.001673372623054275,-0.0013829720721768135,-0.001673372623054275
2018-06-05,0.0037232615417608335,0.003579929411829107,0.0036913499546285806,0.003579929411829107
2018-06-06,-0.001363655465511458,-0.0009986253232909315,-0.0013972785605985431,-0.0009986253232909315
2018-06-07,0.006777323708717541,0.006076570792748488,0.006935833001248768,0.006076570792748488
2018-06-08,0.0011381953080844003,0.0012576050734886203,0.0011564890669504557,0.0012576050734886203
2018-06-11,-0.0026781765193441666,-0.002812085345311375,-0.002825082711623594,-0.002812085345311375
2018-06-12,-0.0013982691163313334,-0.0014681825721479,-0.001439334476977131,-0.0014681825721479
2018-06-13,7.970167058175e-05,8.36867541108375e-05,9.248471131329374e-05,8.36867541108375e-05
2018-06-14,-0.0028943195762760835,-0.003039035555089887,-0.0029957643492139934,-0.003039035555089887
2018-06-15,-0.0004131210141887303,-0.0004337770648981668,-0.0004343089127698573,-0.0004337770648981668
2018-06-18,-0.004332732787349583,-0.004549369426717062,-0.0045819185759416615,-0.004549369426717062
2018-06-19,-0.0025365940889465416,-0.0021510329630450944,-0.002638245882578606,-0.0021510329630450944
2018-06-20,0.004562213510551959,0.004230184441583757,0.004738691744506963,0.004230184441583757
2018-06-21,-0.006633362390988918,-0.005685202619779476,-0.006957856744841014,-0.005685202619779476
2018-06-22,0.0043476777412704585,0.0037502633262926385,0.004554586163837731,0.0037502633262926385
2018-06-25,-0.002348627068597666,-0.001703119191771332,-0.0024035584220275493,-0.001703119191771332
2018-06-26,-0.006482387375425833,-0.0054398971401215445,-0.006806506744197124,-0.0054398971401215445
2018-06-27,-0.0013243572684529584,-0.0010549805852008314,-0.0013905751318756057,-0.0010549805852008314
2018-06-28,0.0014433855079655834,0.0012442489389569188,0.0015155547833638622,0.0012442489389569188
2018-06-29,0.003814006245841874,0.0033701056212576876,0.004004706558133968,0.0033701056212576876
2018-07-02,-0.0002061290774733333,-0.000185516169726,-0.00021643553134699997,-0.000185516169726
2018-07-03,9.85276561565e-05,8.867489054085e-05,0.00010345403896432499,8.867489054085e-05
2018-07-05,0.0,0.0,0.0,0.0
2018-07-06,-0.0018895458762364374,-0.0018895458762364374,-0.0018895458762364374,-0.0018895458762364374
2018-07-09,0.00010698306047856245,0.00010698306047856245,0.00010698306047856245,0.00010698306047856245
2018-07-10,0.0021493245314108127,0.0021493245314108127,0.0021493245314108127,0.0021493245314108127
2018-07-11,-0.006055352149260125,-0.006055352149260125,-0.006055352149260125,-0.006055352149260125
2018-07-12,-0.00275797816775925,-0.00275797816775925,-0.00275797816775925,-0.00275797816775925
2018-07-13,-0.0025902714726612503,-0.0025902714726612503,-0.0025902714726612503,-0.0025902714726612503
2018-07-16,0.001734878591103375,0.001734878591103375,0.001734878591103375,0.001734878591103375
2018-07-17,-0.0021958473669138126,-0.0021958473669138126,-0.0021958473669138126,-0.0021958473669138126
2018-07-18,-0.0014172909893684373,-0.0014172909893684373,-0.0014172909893684373,-0.0014172909893684373
2018-07-19,-0.000625,-0.000625,-0.000625,-0.000625
2018-07-20,0.0,0.0,0.0,0.0
2018-07-23,0.0,0.0,0.0,0.0
2018-07-24,0.0,0.0,0.0,0.0
2018-07-25,0.0,0.0,0.0,0.0
2018-07-26,0.0,0.0,0.0,0.0
2018-07-27,0.0,0.0,0.0,0.0
2018-07-30,0.0,0.0,0.0,0.0
2018-07-31,0.0,0.0,0.0,0.0
2018-08-01,0.0,0.0,0.0,0.0
2018-08-02,0.0,0.0,0.0,0.0
2018-08-03,0.0,0.0,0.0,0.0
2018-08-06,0.0,0.0,0.0,0.0
2018-08-07,0.0,0.0,0.0,0.0
2018-08-08,0.0,0.0,0.0,0.0
2018-08-09,0.0,0.0,0.0,0.0
2018-08-10,0.0011890302973408126,0.0011890302973408126,0.0011890302973408126,0.0011890302973408126
2018-08-13,0.002485402116597625,0.002485402116597625,0.002485402116597625,0.002485402116597625
2018-08-14,-0.004978340719916188,-0.004978340719916188,-0.004978340719916188,-0.004978340719916188
2018-08-15,0.0027378966666865624,0.0027378966666865624,0.0027378966666865624,0.0027378966666865624
2018-08-16,-0.0021424004763430627,-0.0021424004763430627,-0.0021424004763430627,-0.0021424004763430627
2018-08-17,-0.0013116004193926875,-0.0013116004193926875,-0.0013116004193926875,-0.0013116004193926875
2018-08-20,-0.00196738729964725,-0.00196738729964725,-0.00196738729964725,-0.00196738729964725
2018-08-21,-0.0016393225361046248,-0.0016393225361046248,-0.0016393225361046248,-0.0016393225361046248
2018-08-22,-0.0014312107379043123,-0.0014312107379043123,-0.0014312107379043123,-0.0014312107379043123
2018-08-23,-0.000625,-0.000625,-0.000625,-0.000625
2018-08-24,0.0003164874701094375,0.0003164874701094375,0.0003164874701094375,0.0003164874701094375
2018-08-27,0.00342586583555425,0.00342586583555425,0.00342586583555425,0.00342586583555425
2018-08-28,0.0011893726419423124,0.0011893726419423124,0.0011893726419423124,0.0011893726419423124
2018-08-29,-0.0040511124580833125,-0.0040511124580833125,-0.0040511124580833125,-0.0040511124580833125
2018-08-30,-0.0013461401219076875,-0.0013461401219076875,-0.0013461401219076875,-0.0013461401219076875
2018-08-31,-0.00014816540360887507,-0.00014816540360887507,-0.00014816540360887507,-0.00014816540360887507
2018-09-04,0.0006234771250060627,0.0006234771250060627,0.0006234771250060627,0.0006234771250060627
2018-09-05,-9.073889680087501e-05,-9.073889680087501e-05,-9.073889680087501e-05,-9.073889680087501e-05
2018-09-06,-0.0031908288791523748,-0.0031908288791523748,-0.0031908288791523748,-0.0031908288791523748
2018-09-07,-0.000625,-0.000625,-0.000625,-0.000625
2018-09-10,0.00414433351919025,0.00414433351919025,0.00414433351919025,0.00414433351919025
2018-09-11,-0.00019656155190761362,-0.00019656155190761362,-0.00019656155190761362,-0.00019656155190761362
2018-09-12,0.00105345477637825,0.00105345477637825,0.00105345477637825,0.00105345477637825
2018-09-13,-0.001023013026112375,-0.001023013026112375,-0.001023013026112375,-0.001023013026112375
2018-09-14,-0.00042324108072225,-0.00042324108072225,-0.00042324108072225,-0.00042324108072225
2018-09-17,-0.0021052772906766876,-0.0021052772906766876,-0.0021052772906766876,-0.0021052772906766876
2018-09-18,-0.0028118723289613126,-0.0028118723289613126,-0.0028118723289613126,-0.0028118723289613126
2018-09-19,0.004917612511804626,0.004917612511804626,0.004917612511804626,0.004917612511804626
2018-09-20,-0.000343883572465125,-0.000343883572465125,-0.000343883572465125,-0.000343883572465125
2018-09-21,0.002309228229480125,0.002309228229480125,0.002309228229480125,0.002309228229480125
2018-09-24,-0.000625,-0.000625,-0.000625,-0.000625
2018-09-25,0.0,0.0,0.0,0.0
2018-09-26,0.0,0.0,0.0,0.0
2018-09-27,0.0,0.0,0.0,0.0
2018-09-28,0.0,0.0,0.0,0.0
2018-10-01,-0.000247028363904125,-0.000247028363904125,-0.000247028363904125,-0.000247028363904125
2018-10-02,0.001278137324390875,0.001278137324390875,0.001278137324390875,0.001278137324390875
2018-10-03,0.0,0.0,0.0,0.0
2018-10-04,0.0,0.0,0.0,0.0
2018-10-05,0.0,0.0,0.0,0.0
2018-10-08,0.0,0.0,0.0,0.0
2018-10-09,0.0,0.0,0.0,0.0
2018-10-10,0.0033047641973121254,0.0033047641973121254,0.0033047641973121254,0.0033047641973121254
2018-10-11,0.004491769816794375,0.004491769816794375,0.004491769816794375,0.004491769816794375
2018-10-12,-0.001396659366155,-0.001396659366155,-0.001396659366155,-0.001396659366155
2018-10-15,0.0032645602242296875,0.0032645602242296875,0.0032645602242296875,0.0032645602242296875
2018-10-16,-0.006843570695180875,-0.006843570695180875,-0.006843570695180875,-0.006843570695180875
2018-10-17,-0.011661523217697187,-0.011661523217697187,-0.011661523217697187,-0.011661523217697187
2018-10-18,-0.003043629338503312,-0.003043629338503312,-0.003043629338503312,-0.003043629338503312
2018-10-19,-0.005080001458304062,-0.005080001458304062,-0.005080001458304062,-0.005080001458304062
2018-10-22,-0.0010870222447810624,-0.0010870222447810624,-0.0010870222447810624,-0.0010870222447810624
2018-10-23,-0.0032194479942248755,-0.0032194479942248755,-0.0032194479942248755,-0.0032194479942248755
2018-10-24,-0.000530177811185,-0.000530177811185,-0.000530177811185,-0.000530177811185
2018-10-25,-0.005132464203204938,-0.005132464203204938,-0.005132464203204938,-0.005132464203204938
2018-10-26,-0.0059899882953814996,-0.0059899882953814996,-0.0059899882953814996,-0.0059899882953814996
2018-10-29,-0.0028054022757620627,-0.0028054022757620627,-0.0028054022757620627,-0.0028054022757620627
2018-10-30,-0.008383775130079124,-0.008383775130079124,-0.008383775130079124,-0.008383775130079124
2018-10-31,0.008831012160028,0.008831012160028,0.008831012160028,0.008831012160028
2018-11-01,0.0034808750296261874,0.0034808750296261874,0.0034808750296261874,0.0034808750296261874
2018-11-02,-0.0038740917943768127,-0.0038740917943768127,-0.0038740917943768127,-0.0038740917943768127
2018-11-05,-0.00452480790471375,-0.00452480790471375,-0.00452480790471375,-0.00452480790471375
2018-11-06,-0.000625,-0.000625,-0.000625,-0.000625
2018-11-07,0.0,0.0,0.0,0.0
2018-11-08,0.0,0.0,0.0,0.0
2018-11-09,0.0,0.0,0.0,0.0
2018-11-12,0.0,0.0,0.0,0.0
2018-11-13,0.0,0.0,0.0,0.0
2018-11-14,0.0,0.0,0.0,0.0
2018-11-15,-0.00659897721755925,-0.00659897721755925,-0.00659897721755925,-0.00659897721755925
2018-11-16,-0.007793848273077813,-0.007793848273077813,-0.007793848273077813,-0.007793848273077813
2018-11-19,-0.00047172127518568753,-0.00047172127518568753,-0.00047172127518568753,-0.00047172127518568753
2018-11-20,-0.006964684878536625,-0.006964684878536625,-0.006964684878536625,-0.006964684878536625
2018-11-21,-0.0009807884905699376,-0.0009807884905699376,-0.0009807884905699376,-0.0009807884905699376
2018-11-23,0.0038227898923429374,0.0038227898923429374,0.0038227898923429374,0.0038227898923429374
2018-11-26,5.938330802243748e-05,5.938330802243748e-05,5.938330802243748e-05,5.938330802243748e-05
2018-11-27,-0.003876716810182687,-0.003876716810182687,-0.003876716810182687,-0.003876716810182687
2018-11-28,0.006412448230917624,0.006412448230917624,0.006412448230917624,0.006412448230917624
2018-11-29,0.0004989825418678749,0.0004989825418678749,0.0004989825418678749,0.0004989825418678749
2018-11-30,-0.0034070355311656875,-0.0034070355311656875,-0.0034070355311656875,-0.0034070355311656875
2018-12-03,0.0034253484180190624,0.0034253484180190624,0.0034253484180190624,0.0034253484180190624
2018-12-04,-0.006265974406196375,-0.006265974406196375,-0.006265974406196375,-0.006265974406196375
2018-12-06,-0.0030903216542554376,-0.0030903216542554376,-0.0030903216542554376,-0.0030903216542554376
2018-12-07,-0.0038562019338311874,-0.0038562019338311874,-0.0038562019338311874,-0.0038562019338311874
2018-12-10,0.004711311367120125,0.004711311367120125,0.004711311367120125,0.004711311367120125
2018-12-11,-0.000991084733176125,-0.000991084733176125,-0.000991084733176125,-0.000991084733176125
2018-12-12,-0.00563478474191225,-0.00563478474191225,-0.00563478474191225,-0.00563478474191225
2018-12-13,-0.000333409178472125,-0.000333409178472125,-0.000333409178472125,-0.000333409178472125
2018-12-14,-0.000625,-0.000625,-0.000625,-0.000625
2018-12-17,0.0,0.0,0.0,0.0
2018-12-18,0.0,0.0,0.0,0.0
2018-12-19,0.0,0.0,0.0,0.0
2018-12-20,0.0,0.0,0.0,0.0
2018-12-21,0.001556837627137875,0.001556837627137875,0.001556837627137875,0.001556837627137875
2018-12-24,-0.004800212947311063,-0.004800212947311063,-0.004800212947311063,-0.004800212947311063
2018-12-26,0.0126761166182845,0.0126761166182845,0.0126761166182845,0.0126761166182845
2018-12-27,0.0032140147047215,0.0032140147047215,0.0032140147047215,0.0032140147047215
2018-12-28,0.0025259291332208125,0.0025259291332208125,0.0025259291332208125,0.0025259291332208125
2018-12-31,0.003022281374502625,0.003022281374502625,0.003022281374502625,0.003022281374502625
2019-01-02,0.00023628962270127795,0.00023628962270127795,0.00023628962270127795,0.00023628962270127795
2019-01-03,0.00037526328647674985,0.00037526328647674985,0.00037526328647674985,0.00037526328647674985
2019-01-04,0.0,0.0,0.0,0.0
2019-01-07,0.0,0.0,0.0,0.0
2019-01-08,0.0,0.0,0.0,0.0
2019-01-09,0.0,0.0,0.0,0.0
2019-01-10,0.0,0.0,0.0,0.0
2019-01-11,0.0,0.0,0.0,0.0
2019-01-14,0.0,0.0,0.0,0.0
2019-01-15,0.0,0.0,0.0,0.0
2019-01-16,0.0,0.0,0.0,0.0
2019-01-17,-0.0005158302669930625,-0.00021764596785493718,-0.0007221623737902875,-0.0005791240213818463
2019-01-18,0.0007128453795573749,0.00030077320485494415,0.0009979835313803248,0.0008003134155721958
2019-01-22,-0.0018113897364673752,-0.0030245291470095284,-0.002231892086890266,-0.0021947677724032458
2019-01-23,0.001154282117070125,0.0003239538683608761,0.001637932377161161,0.001284291153380199
2019-01-24,-0.0026002482311404374,-0.0018793842723773392,-0.003535116922334698,-0.0029750665462318715
2019-01-25,1.7764909377906285e-05,0.0007244563895725082,-7.157646432234523e-05,7.105142394797241e-05
2019-01-28,-0.0020418857514427815,-0.0016735047662425008,-0.0027494124896274724,-0.00235030945519774
2019-01-29,0.00010623725869362504,0.00030426676590289946,0.00011383141927776954,0.00013776649364677758
2019-01-30,0.0035905557302715004,0.0035890880390932077,0.004747763212090548,0.004178974360434273
2019-01-31,0.0006295861924992813,0.0007572652478009836,0.0008152864802695226,0.0007418821087163466
2019-02-01,2.8312054966062635e-05,9.599745653040453e-05,-0.00021703510451562724,0.00022200272667988758
2019-02-04,0.000344960084512125,0.0006239562278799172,0.00030472657399644847,0.0005068789218899237
2019-02-05,0.0004971597822251875,-9.032868727443691e-05,0.0008871961783170409,0.00042354514469002455
2019-02-06,0.0015590470844146563,0.0014953763326458428,0.0018276022875287224,0.0019920433229468413
2019-02-07,-0.003476773241567719,-0.002420938333068061,-0.004652755473304656,-0.004036252300921478
2019-02-08,-0.003730281247818219,-0.0031507762167332755,-0.005010272478971579,-0.004300398192221541
2019-02-11,-0.0028922804023982186,-0.002848980936091256,-0.00383010502448126,-0.0033632637742622516
2019-02-12,0.005893739571688438,0.003856048010687852,0.008067036063544883,0.006714523023410678
2019-02-13,-0.00012712861870528127,7.773124078085844e-06,-0.00018624148431595374,-0.00013834997767216955
2019-02-14,-0.0007492684972243749,-0.0005440662764784434,-0.0010183148688377587,-0.0008574527930789717
2019-02-15,0.0017805026967429062,0.001680397728349783,0.002367712980322276,0.0020652068175598132
2019-02-19,0.0006713259904368124,0.0006670231773548992,0.0008679658204784615,0.0007962708902537141
2019-02-20,-9.989936917396874e-05,-5.0324206720853436e-06,-0.00019893757383590056,-6.890309889833592e-05
2019-02-21,-0.00015285265808578124,-7.142407501735183e-05,-0.0002571988799310972,-0.00013896277664252448
2019-02-22,0.0008979355003985313,0.0012571097005579436,0.0008907157025648691,0.0012571097005579436
2019-02-25,0.00108731578719825,0.00152224210207755,0.0010785732882532405,0.00152224210207755
2019-02-26,-0.0003125,-0.0004375,-0.00030998736204101735,-0.0004375
2019-02-27,0.0,0.0,0.0,0.0
2019-02-28,0.0,0.0,0.0,0.0
2019-03-01,-0.0010850481403915939,-0.0015190673965482311,-0.001076323874328005,-0.0015190673965482311
2019-03-04,0.0008780570719293437,0.0012292799007010812,0.0008709971054362785,0.0012292799007010812
2019-03-05,0.001221358446986125,0.001709901825780575,0.0012115381858807763,0.001709901825780575
2019-03-06,-0.00036190331067037496,-0.0005066646349385249,-0.0003589934482835849,-0.0005066646349385249
2019-03-07,-0.0011950190285235625,-0.0015110241467332776,-0.00048766135585044147,-0.0006146473520174601
2019-03-08,-0.0006956284872967813,-0.0010161758573348628,-0.0008722052548364007,-0.0012502039260272515
2019-03-11,0.0072307384501367495,0.00909949693334912,0.0027641985662136314,0.0034361598775800024
2019-03-12,0.003373076286207375,0.004303482416370603,0.0015420671258204808,0.0019860831483079146
2019-03-13,-0.0011942269243147812,-0.0016979169432381664,-0.0012966042937162191,-0.0018417735172966856
2019-03-14,0.0038629409836772816,0.004716203240055316,0.0008517880216551328,0.0008877697130397897
2019-03-15,0.005177245621475531,0.006390220251768953,0.0014405176703232339,0.001643238844934346
2019-03-18,0.004805353998201688,0.006101222808875734,0.0007216093071825509,0.0010321198619489668
2019-03-19,-0.002730182060116656,-0.0033372824447082707,-0.001124065098872413,-0.001171189593949651
2019-03-20,-0.0015639913900740625,-0.001542974525174316,-0.0017543946896184902,-0.001549090938344348
2019-03-21,-0.00040033996385284394,-0.0015577118916429264,-0.0003736517943416027,-0.0005484594517882955
2019-03-22,0.005598560273614281,0.0047695020993117135,0.004310585225075846,0.0037258414088339777
2019-03-25,0.0010782842681700002,0.0005843204249549197,0.0018085965294538675,0.0014895675551763262
2019-03-26,-0.003113833590347125,-0.0016683412823764012,-0.004311677304065508,-0.0035211797283358566
2019-03-27,0.004378463247040656,0.004620950004161428,0.003053238425036695,0.0028084779116684367
2019-03-28,-0.0016379089861501249,-0.001341445795174185,-0.0018891849938636968,-0.0016154897843340442
2019-03-29,0.003782684081436625,0.001718618550741699,0.005279268196051363,0.004255567213156472
2019-04-01,-0.0008713685378221249,-0.0006593015025902642,-0.001180683536714544,-0.000999076749463922
2019-04-02,0.00095851072022725,0.0009046204983655565,0.001274627821800942,0.0011117775208870208
2019-04-03,-0.00258010427986925,-0.00255871611850986,-0.003414386629874981,-0.0030014811667534347
2019-04-04,-0.00022197665908015615,-0.00041348714788656577,-0.00026774329573577504,-0.00027201189486645303
2019-04-05,0.0,0.0,0.0,0.0
2019-04-08,0.0,0.0,0.0,0.0
2019-04-09,0.0,0.0,0.0,0.0
2019-04-10,0.0,0.0,0.0,0.0
2019-04-11,0.0,0.0,0.0,0.0
2019-04-12,0.0,0.0,0.0,0.0
2019-04-15,0.0024785196723386875,0.0024785196723386875,0.0024785196723386875,0.0024785196723386875
2019-04-16,-0.0008395348291380625,-0.0008395348291380625,-0.0008395348291380625,-0.0008395348291380625
2019-04-17,3.466171961636968e-05,3.466171961636968e-05,3.466171961636968e-05,3.466171961636968e-05
2019-04-18,0.009423433851646875,0.009423433851646875,0.009423433851646875,0.009423433851646875
2019-04-22,-0.0012491591935986875,-0.0012491591935986875,-0.0012491591935986875,-0.0012491591935986875
2019-04-23,-0.0005663066501534374,-0.0005663066501534374,-0.0005663066501534374,-0.0005663066501534374
2019-04-24,0.0008508996066348126,0.0008508996066348126,0.0008508996066348126,0.0008508996066348126
2019-04-25,-0.015646321672257813,-0.015646321672257813,-0.015646321672257813,-0.015646321672257813
2019-04-26,0.00024424804563749993,0.00024424804563749993,0.00024424804563749993,0.00024424804563749993
2019-04-29,-0.0002428952489856874,-0.0002428952489856874,-0.0002428952489856874,-0.0002428952489856874
2019-04-30,-0.004948529193674187,-0.004948529193674187,-0.004948529193674187,-0.004948529193674187
2019-05-01,0.008790452940787126,0.008790452940787126,0.008790452940787126,0.008790452940787126
2019-05-02,0.001565796562175063,0.001565796562175063,0.001565796562175063,0.001565796562175063
2019-05-03,-5.6254964370500116e-05,-5.6254964370500116e-05,-5.6254964370500116e-05,-5.6254964370500116e-05
2019-05-06,0.003428486321462562,0.003428486321462562,0.003428486321462562,0.003428486321462562
2019-05-07,0.006234112695778749,0.006234112695778749,0.006234112695778749,0.006234112695778749
2019-05-08,0.002643219720187875,0.002643219720187875,0.002643219720187875,0.002643219720187875
2019-05-09,0.004874711182550937,0.004874711182550937,0.004874711182550937,0.004874711182550937
2019-05-10,0.00347177635649475,0.00347177635649475,0.00347177635649475,0.00347177635649475
2019-05-13,-0.000625,-0.000625,-0.000625,-0.000625
2019-05-14,0.0016261057002873124,0.0016261057002873124,0.0016261057002873124,0.0016261057002873124
2019-05-15,0.0031081548289508126,0.0031081548289508126,0.0031081548289508126,0.0031081548289508126
2019-05-16,-0.0006579732807625625,-0.0006579732807625625,-0.0006579732807625625,-0.0006579732807625625
2019-05-17,0.0001118972413500625,0.0001118972413500625,0.0001118972413500625,0.0001118972413500625
2019-05-20,-0.000164013420913375,-0.000164013420913375,-0.000164013420913375,-0.000164013420913375
2019-05-21,0.004211133213718125,0.004211133213718125,0.004211133213718125,0.004211133213718125
2019-05-22,-0.036864859923498125,-0.036864859923498125,-0.036864859923498125,-0.036864859923498125
2019-05-23,-0.00047233797183407234,-0.00047233797183407234,-0.00047233797183407234,-0.00047233797183407234
2019-05-24,0.0,0.0,0.0,0.0
2019-05-28,0.0,0.0,0.0,0.0
2019-05-29,0.0,0.0,0.0,0.0
2019-05-30,0.0,0.0,0.0,0.0
2019-05-31,0.0,0.0,0.0,0.0
2019-06-03,0.0,0.0,0.0,0.0
2019-06-04,0.0,0.0,0.0,0.0
2019-06-05,0.0,0.0,0.0,0.0
2019-06-06,-0.0040056144156152525,-0.0040056144156152525,-0.0040056144156152525,-0.0040056144156152525
2019-06-07,-0.004167332870377339,-0.004167332870377339,-0.004167332870377339,-0.004167332870377339
2019-06-10,0.0025697510334550555,0.0025697510334550555,0.0025697510334550555,0.0025697510334550555
2019-06-11,0.0016109544697103938,0.0016109544697103938,0.0016109544697103938,0.0016109544697103938
2019-06-12,0.0007741843592637879,0.0007741843592637879,0.0007741843592637879,0.0007741843592637879
2019-06-13,-0.0006902555626494883,-0.0006902555626494883,-0.0006902555626494883,-0.0006902555626494883
2019-06-14,-0.00040521487335880524,-0.00040521487335880524,-0.00040521487335880524,-0.00040521487335880524
2019-06-17,0.0006071393265817721,0.0006071393265817721,0.0006071393265817721,0.0006071393265817721
2019-06-18,-0.00448034903454772,-0.00448034903454772,-0.00448034903454772,-0.00448034903454772
2019-06-19,-0.000605079613428782,-0.000605079613428782,-0.000605079613428782,-0.000605079613428782
2019-06-20,-0.0022375787982988203,-0.0022375787982988203,-0.0022375787982988203,-0.0022375787982988203
2019-06-21,-0.0007499290847406635,-0.0007499290847406635,-0.0007499290847406635,-0.0007499290847406635
2019-06-24,-0.0017495029233193329,-0.0017495029233193329,-0.0017495029233193329,-0.0017495029233193329
2019-06-25,0.007040821014782502,0.007040821014782502,0.007040821014782502,0.007040821014782502
2019-06-26,-0.0005319698178676742,-0.0005319698178676742,-0.0005319698178676742,-0.0005319698178676742
2019-06-27,0.0,0.0,0.0,0.0
2019-06-28,0.0,0.0,0.0,0.0
2019-07-01,0.0,0.0,0.0,0.0
2019-07-02,0.0,0.0,0.0,0.0
2019-07-03,0.0,0.0,0.0,0.0
2019-07-05,0.0,0.0,0.0,0.0
2019-07-08,0.0,0.0,0.0,0.0
2019-07-09,0.0,0.0,0.0,0.0
2019-07-10,0.0,0.0,0.0,0.0
2019-07-11,0.0,0.0,0.0,0.0
2019-07-12,0.0,0.0,0.0,0.0
2019-07-15,0.0,0.0,0.0,0.0
2019-07-16,0.0,0.0,0.0,0.0
2019-07-17,0.0,0.0,0.0,0.0
2019-07-18,0.0,0.0,0.0,0.0
2019-07-19,0.0,0.0,0.0,0.0
2019-07-22,0.0,0.0,0.0,0.0
2019-07-23,0.0,0.0,0.0,0.0
2019-07-24,0.0,0.0,0.0,0.0
2019-07-25,0.0,0.0,0.0,0.0
2019-07-26,0.0,0.0,0.0,0.0
2019-07-29,0.0,0.0,0.0,0.0
2019-07-30,0.0,0.0,0.0,0.0
2019-07-31,0.0,0.0,0.0,0.0
2019-08-01,0.0,0.0,0.0,0.0
2019-08-02,0.0,0.0,0.0,0.0
2019-08-05,0.0,0.0,0.0,0.0
2019-08-06,0.000154545642895875,0.000154545642895875,0.000154545642895875,0.000154545642895875
2019-08-07,0.00024289325864875,0.00024289325864875,0.00024289325864875,0.00024289325864875
2019-08-08,0.0007934066713195,0.0007934066713195,0.0007934066713195,0.0007934066713195
2019-08-09,-0.0005733835607728125,-0.0005733835607728125,-0.0005733835607728125,-0.0005733835607728125
2019-08-12,-0.00047826472525412504,-0.00047826472525412504,-0.00047826472525412504,-0.00047826472525412504
2019-08-13,0.000908548439087375,0.000908548439087375,0.000908548439087375,0.000908548439087375
2019-08-14,-0.00017213876691124998,-0.00017213876691124998,-0.00017213876691124998,-0.00017213876691124998
2019-08-15,-0.0002048847762835625,-0.0002048847762835625,-0.0002048847762835625,-0.0002048847762835625
2019-08-16,0.000870136943584375,0.000870136943584375,0.000870136943584375,0.000870136943584375
2019-08-19,-0.00026829065906181247,-0.00026829065906181247,-0.00026829065906181247,-0.00026829065906181247
2019-08-20,0.0008687392456361875,0.0008687392456361875,0.0008687392456361875,0.0008687392456361875
2019-08-21,0.0008667138970961251,0.0008667138970961251,0.0008667138970961251,0.0008667138970961251
2019-08-22,0.0002785682124468125,0.0002785682124468125,0.0002785682124468125,0.0002785682124468125
2019-08-23,-0.0003253832506403125,-0.0003253832506403125,-0.0003253832506403125,-0.0003253832506403125
2019-08-26,-0.0004413472196004375,-0.0004413472196004375,-0.0004413472196004375,-0.0004413472196004375
2019-08-27,-0.0010440193340204376,-0.0010440193340204376,-0.0010440193340204376,-0.0010440193340204376
2019-08-28,0.001749628942937125,0.001749628942937125,0.001749628942937125,0.001749628942937125
2019-08-29,0.006338750905929313,0.006338750905929313,0.006338750905929313,0.006338750905929313
2019-08-30,0.0036707815847451253,0.0036707815847451253,0.0036707815847451253,0.0036707815847451253
2019-09-03,-0.006419492861540813,-0.006419492861540813,-0.006419492861540813,-0.006419492861540813
2019-09-04,0.0017469223806876875,0.0017469223806876875,0.0017469223806876875,0.0017469223806876875
2019-09-05,0.004871914338987625,0.004871914338987625,0.004871914338987625,0.004871914338987625
2019-09-06,0.0020981043687677433,0.0020981043687677433,0.0020981043687677433,0.0020981043687677433
2019-09-09,0.0054142635759615,0.0054142635759615,0.0054142635759615,0.0054142635759615
2019-09-10,-0.0024372371361321248,-0.0024372371361321248,-0.0024372371361321248,-0.0024372371361321248
2019-09-11,-0.0005830637078322499,-0.0005830637078322499,-0.0005830637078322499,-0.0005830637078322499
2019-09-12,0.0023105426692819377,0.0023105426692819377,0.0023105426692819377,0.0023105426692819377
2019-09-13,0.0012586930507560625,0.0012586930507560625,0.0012586930507560625,0.0012586930507560625
2019-09-16,-0.0019211174693925623,-0.0019211174693925623,-0.0019211174693925623,-0.0019211174693925623
2019-09-17,-0.00264185440991525,-0.00264185440991525,-0.00264185440991525,-0.00264185440991525
2019-09-18,0.0017309849707338124,0.0017309849707338124,0.0017309849707338124,0.0017309849707338124
2019-09-19,-0.0065287687193375,-0.0065287687193375,-0.0065287687193375,-0.0065287687193375
2019-09-20,-0.0030697239514098753,-0.0030697239514098753,-0.0030697239514098753,-0.0030697239514098753
2019-09-23,-0.002124572947336,-0.002124572947336,-0.002124572947336,-0.002124572947336
2019-09-24,-0.000625,-0.000625,-0.000625,-0.000625
2019-09-25,-0.0007959354882534376,-0.0007959354882534376,-0.0007959354882534376,-0.0007959354882534376
2019-09-26,-0.001504453608016,-0.001504453608016,-0.001504453608016,-0.001504453608016
2019-09-27,0.000246250016918,0.000246250016918,0.000246250016918,0.000246250016918
2019-09-30,-0.0002771511318299375,-0.0002771511318299375,-0.0002771511318299375,-0.0002771511318299375
2019-10-01,0.000323304238296625,0.000323304238296625,0.000323304238296625,0.000323304238296625
2019-10-02,0.0004231404146401875,0.0004231404146401875,0.0004231404146401875,0.0004231404146401875
2019-10-03,-0.00035144412945400006,-0.00035144412945400006,-0.00035144412945400006,-0.00035144412945400006
2019-10-04,0.0,0.0,0.0,0.0
2019-10-07,0.0,0.0,0.0,0.0
2019-10-08,0.0,0.0,0.0,0.0
2019-10-09,0.0,0.0,0.0,0.0
2019-10-10,0.0,0.0,0.0,0.0
2019-10-11,0.0,0.0,0.0,0.0
2019-10-14,0.0,0.0,0.0,0.0
2019-10-15,0.0,0.0,0.0,0.0
2019-10-16,0.0,0.0,0.0,0.0
2019-10-17,0.0,0.0,0.0,0.0
2019-10-18,0.0001126721431446875,0.00015774100040256248,0.00012686300761074207,0.00015774100040256248
2019-10-21,-0.00013069906856915623,-0.00018297869599681873,-0.00014716039357939167,-0.00018297869599681873
2019-10-22,-0.00039391040253931246,-0.0005514745635550374,-0.00044352274662178985,-0.0005514745635550374
2019-10-23,-0.00022623675187834373,-0.00031673145262968124,-0.0002547308853308623,-0.00031673145262968124
2019-10-24,0.00023748145827875002,0.00033247404159024994,0.00026739184334444524,0.00033247404159024994
2019-10-25,0.00020736166249353123,0.0002903063274909437,0.00023347851059610678,0.0002903063274909437
2019-10-28,-4.817503638271874e-05,-6.744505093580625e-05,-5.42426001378211e-05,-6.744505093580625e-05
2019-10-29,0.0032167745065778746,0.0026464073430100543,0.00264912795155456,0.0022404095614100093
2019-10-30,0.0010972184591144375,0.0008480173347611028,0.0008749694082350804,0.0006975860856115765
2019-10-31,-8.307245319421876e-05,-0.00016404131493762136,-0.00011854289948124707,-0.00017447830054226376
2019-11-01,-0.0011401318695733137,-0.0009084960809126188,-0.0009234972069616302,-0.0007581522743130509
2019-11-04,-0.0007139088145002188,-0.000809737249831445,-0.0007044353587026088,-0.0007682569949878832
2019-11-05,-0.0002559103715635625,-0.0003582745201889875,-0.00028814184685956967,-0.0003582745201889875
2019-11-06,0.0003365876435969375,0.00047122270103571254,0.000378980283853182,0.00047122270103571254
2019-11-07,0.000464760708472,0.0006506649918607999,0.0005232965278768396,0.0006506649918607999
2019-11-08,0.001979716204333406,0.0016386063018048545,0.002003401832351242,0.0016994474807460064
2019-11-11,0.0006614927125829375,0.0007024840348704932,0.0005852220803066182,0.0006179901472323264
2019-11-12,-0.00037260512935975,-0.0003319120906347887,-0.0003201450559083539,-0.000290431835791227
2019-11-13,0.00025181074678471874,0.0003525350454986062,0.00028352588132448824,0.0003525350454986062
2019-11-14,-0.0003125,-0.0004375,-0.0003518588425840745,-0.0004375
2019-11-15,0.0,0.0,0.0,0.0
2019-11-18,0.002572815975337031,0.002039851255582873,0.0020785865715887662,0.00169834385615066
2019-11-19,-0.0003125,-0.0002477649095311387,-0.0002524697879087132,-0.00020628465468757704
2019-11-20,0.0,0.0,0.0,0.0
2019-11-21,7.50653432391669e-05,4.312195488717543e-05,6.628697931537419e-05,4.1508928521068284e-05
2019-11-22,-0.0013501948171559062,-0.0009225931693543701,-0.0012355382109304207,-0.0008974051006776623
2019-11-25,0.0005119860020560625,0.0005117439167019883,0.0005701504477272203,0.0005517067361726488
2019-11-26,0.0007993129931551563,0.0007816867936360936,0.0008591736138273756,0.0008219277301184527
2019-11-27,0.0012512959952278434,0.0018245992018077028,0.001920010259623967,0.0024173651288306457
2019-11-29,-0.001958546387747906,-0.002110765506919107,-0.0021671810813145196,-0.0023204478563495054
2019-12-02,-0.002710111379647781,-0.0024539388256607864,-0.002697783215776798,-0.0025748984625799266
2019-12-03,-0.001991931663749281,-0.0024133461545743804,-0.0027290515857933493,-0.0031426823848268405
2019-12-04,0.0010303002671722189,0.0012365287473453763,0.0012479442698449974,0.0014240903243755384
2019-12-05,-0.004179565013700625,-0.003647519564324646,-0.003788243721024092,-0.0034469882167444564
2019-12-06,0.00026937876456424993,0.0006614840741732103,0.0006388390086968542,0.000945348719059923
2019-12-09,0.00020665828211590624,0.00030201593724059176,0.0004329071556051755,0.0005347976176232418
2019-12-10,-0.0009720160696826563,-0.0009348210366781554,-0.0008795723351619461,-0.000851532377157106
2019-12-11,-0.003317077232284656,-0.003390258771986921,-0.0038312099698120405,-0.004010981606726752
2019-12-12,-0.0017898750106913127,-0.001766995953828403,-0.0018999433628905137,-0.0019282633137443302
2019-12-13,0.0019577909813611252,0.001832426612488982,0.0021779417992232705,0.0021678743086404367
2019-12-16,0.002722397475582062,0.0030092974144637014,0.003088139063270601,0.003374318503989535
2019-12-17,0.002765854858773125,0.0025247077438586493,0.002741981647195679,0.002525758856757959
2019-12-18,-0.0020915229612902815,-0.0015049115611257182,-0.0018823331199802492,-0.0013875494439622897
2019-12-19,0.002097227135741562,0.0018340590765745478,0.0022178818443666683,0.002074862651414119
2019-12-20,4.14060327965938e-05,9.945554305681542e-07,9.398361680490377e-05,9.511366012725327e-05
2019-12-23,-0.0014047507197122188,-0.001437638367234075,-0.001566286586522072,-0.0016329711458479778
2019-12-24,0.0012339917989697812,0.0012130927887558584,0.0013744431981734776,0.0014030653391626205
2019-12-26,-0.0008890952660691562,-0.0011193600983099466,-0.0009974279271820258,-0.0011656529619247717
2019-12-27,-0.0013665502248950624,-0.0010008546848817561,-0.0010607660132879715,-0.000801402465814319
2019-12-30,-0.0003341863751765938,-2.0049082082717953e-05,-0.00014169901346295242,7.785241484400687e-05
2019-12-31,-2.1028186395625e-05,3.52982271591288e-05,1.0234934225103175e-05,4.945130656196662e-05
2020-01-02,0.0006522853133214063,0.00021740819081112037,0.0003699627596031249,6.529295368258367e-05
2020-01-03,-0.00016550754157975,-4.1975467742788726e-05,-8.696387978603532e-05,-4.952128992270576e-07
2020-01-06,0.0,0.0,0.0,0.0
2020-01-07,0.003553116894540241,0.003553116894540241,0.003553116894540241,0.003553116894540241
2020-01-08,-0.011674560089779481,-0.011674560089779481,-0.011674560089779481,-0.011674560089779481
2020-01-09,-0.00269156102839365,-0.00269156102839365,-0.00269156102839365,-0.00269156102839365
2020-01-10,0.00755556731680971,0.00755556731680971,0.00755556731680971,0.00755556731680971
2020-01-13,-0.0015876140553869658,-0.0015876140553869658,-0.0015876140553869658,-0.0015876140553869658
2020-01-14,0.007989304610697167,0.007989304610697167,0.007989304610697167,0.007989304610697167
2020-01-15,-0.009861796931079449,-0.009861796931079449,-0.009861796931079449,-0.009861796931079449
2020-01-16,0.00030122275278303217,0.00030122275278303217,0.00030122275278303217,0.00030122275278303217
2020-01-17,-0.016889169137992464,-0.016889169137992464,-0.016889169137992464,-0.016889169137992464
2020-01-21,0.0001427490117644879,0.0001427490117644879,0.0001427490117644879,0.0001427490117644879
2020-01-22,-0.005392444091047727,-0.005392444091047727,-0.005392444091047727,-0.005392444091047727
2020-01-23,-0.0016038189390176032,-0.0016038189390176032,-0.0016038189390176032,-0.0016038189390176032
2020-01-24,0.011220283497442538,0.011220283497442538,0.011220283497442538,0.011220283497442538
2020-01-27,0.00470908273437898,0.00470908273437898,0.00470908273437898,0.00470908273437898
2020-01-28,-0.007752309063765771,-0.007752309063765771,-0.007752309063765771,-0.007752309063765771
2020-01-29,0.0019727555117446025,0.0019727555117446025,0.0019727555117446025,0.0019727555117446025
2020-01-30,0.0042051727754238485,0.0042051727754238485,0.0042051727754238485,0.0042051727754238485
2020-01-31,0.012309564166128084,0.012309564166128084,0.012309564166128084,0.012309564166128084
2020-02-03,-0.0022599391008420694,-0.0022599391008420694,-0.0022599391008420694,-0.0022599391008420694
2020-02-04,-0.0007970394960313692,-0.0007970394960313692,-0.0007970394960313692,-0.0007970394960313692
2020-02-05,0.0,0.0,0.0,0.0
2020-02-06,0.0018094150842155848,0.0018094150842155848,0.0018094150842155848,0.0018094150842155848
2020-02-07,0.0008793903894615701,0.0008793903894615701,0.0008793903894615701,0.0008793903894615701
2020-02-10,0.003511632567568284,0.003511632567568284,0.003511632567568284,0.003511632567568284
2020-02-11,-0.009947262734431564,-0.009947262734431564,-0.009947262734431564,-0.009947262734431564
2020-02-12,-0.007898375604895995,-0.007898375604895995,-0.007898375604895995,-0.007898375604895995
2020-02-13,0.001495266076658373,0.001495266076658373,0.001495266076658373,0.001495266076658373
2020-02-14,-0.0055124103351096325,-0.0055124103351096325,-0.0055124103351096325,-0.0055124103351096325
2020-02-18,0.013412463469013505,0.013412463469013505,0.013412463469013505,0.013412463469013505
2020-02-19,-0.0016053048376203935,-0.0016053048376203935,-0.0016053048376203935,-0.0016053048376203935
2020-02-20,-0.013431452906961272,-0.013431452906961272,-0.013431452906961272,-0.013431452906961272
2020-02-21,0.003770017412385786,0.003770017412385786,0.003770017412385786,0.003770017412385786
2020-02-24,0.006093368607122582,0.006093368607122582,0.006093368607122582,0.006093368607122582
2020-02-25,0.016566748325407613,0.016566748325407613,0.016566748325407613,0.016566748325407613
2020-02-26,0.02088298195653232,0.02088298195653232,0.02088298195653232,0.02088298195653232
2020-02-27,-0.0005908220645638431,-0.0005908220645638431,-0.0005908220645638431,-0.0005908220645638431
2020-02-28,0.0,0.0,0.0,0.0
2020-03-02,0.0,0.0,0.0,0.0
2020-03-03,-0.0066502952641018815,-0.0066502952641018815,-0.0066502952641018815,-0.0066502952641018815
2020-03-04,0.017011225769040315,0.017011225769040315,0.017011225769040315,0.017011225769040315
2020-03-05,-0.019006583706844646,-0.019006583706844646,-0.019006583706844646,-0.019006583706844646
2020-03-06,-0.0077372827167854945,-0.0077372827167854945,-0.0077372827167854945,-0.0077372827167854945
2020-03-09,-0.037050898559281994,-0.037050898559281994,-0.037050898559281994,-0.037050898559281994
2020-03-10,-0.0003578516494949778,-0.0003578516494949778,-0.0003578516494949778,-0.0003578516494949778
2020-03-11,-0.01108751632768088,-0.01108751632768088,-0.01108751632768088,-0.01108751632768088
2020-03-12,-0.0003465990279963622,-0.0003465990279963622,-0.0003465990279963622,-0.0003465990279963622
2020-03-13,0.0,0.0,0.0,0.0
2020-03-16,0.0,0.0,0.0,0.0
2020-03-17,0.0,0.0,0.0,0.0
2020-03-18,0.0,0.0,0.0,0.0
2020-03-19,0.0,0.0,0.0,0.0
2020-03-20,0.0,0.0,0.0,0.0
2020-03-23,0.0,0.0,0.0,0.0
2020-03-24,0.0,0.0,0.0,0.0
2020-03-25,0.0,0.0,0.0,0.0
2020-03-26,0.0,0.0,0.0,0.0
2020-03-27,0.0,0.0,0.0,0.0
2020-03-30,0.0,0.0,0.0,0.0
2020-03-31,0.0,0.0,0.0,0.0
2020-04-01,0.0,0.0,0.0,0.0
2020-04-02,0.0,0.0,0.0,0.0
2020-04-03,0.0,0.0,0.0,0.0
2020-04-06,0.0,0.0,0.0,0.0
2020-04-07,0.0,0.0,0.0,0.0
2020-04-08,0.0,0.0,0.0,0.0
2020-04-09,0.0,0.0,0.0,0.0
2020-04-13,0.0,0.0,0.0,0.0
2020-04-14,0.0,0.0,0.0,0.0
2020-04-15,0.0,0.0,0.0,0.0
2020-04-16,0.0,0.0,0.0,0.0
2020-04-17,0.0,0.0,0.0,0.0
2020-04-20,0.0,0.0,0.0,0.0
2020-04-21,0.0,0.0,0.0,0.0
2020-04-22,0.0,0.0,0.0,0.0
2020-04-23,0.0,0.0,0.0,0.0
2020-04-24,0.0,0.0,0.0,0.0
2020-04-27,0.0,0.0,0.0,0.0
2020-04-28,0.0,0.0,0.0,0.0
2020-04-29,0.0,0.0,0.0,0.0
2020-04-30,0.0,0.0,0.0,0.0
2020-05-01,0.0,0.0,0.0,0.0
2020-05-04,0.0,0.0,0.0,0.0
2020-05-05,0.0,0.0,0.0,0.0
2020-05-06,0.0,0.0,0.0,0.0
2020-05-07,0.0,0.0,0.0,0.0
2020-05-08,0.0,0.0,0.0,0.0
2020-05-11,0.0,0.0,0.0,0.0
2020-05-12,0.0,0.0,0.0,0.0
2020-05-13,0.0,0.0,0.0,0.0
2020-05-14,0.0,0.0,0.0,0.0
2020-05-15,0.0,0.0,0.0,0.0
2020-05-18,0.0,0.0,0.0,0.0
2020-05-19,0.0,0.0,0.0,0.0
2020-05-20,0.0,0.0,0.0,0.0
2020-05-21,0.0,0.0,0.0,0.0
2020-05-22,0.0,0.0,0.0,0.0
2020-05-26,0.0,0.0,0.0,0.0
2020-05-27,0.0,0.0,0.0,0.0
2020-05-28,0.0,0.0,0.0,0.0
2020-05-29,0.0,0.0,0.0,0.0
2020-06-01,0.0,0.0,0.0,0.0
2020-06-02,0.0,0.0,0.0,0.0
2020-06-03,0.0,0.0,0.0,0.0
2020-06-04,0.0,0.0,0.0,0.0
2020-06-05,0.0,0.0,0.0,0.0
2020-06-08,0.0,0.0,0.0,0.0
2020-06-09,0.0,0.0,0.0,0.0
2020-06-10,0.0,0.0,0.0,0.0
2020-06-11,0.0,0.0,0.0,0.0
2020-06-12,-0.0038016289091637825,-0.0038016289091637825,-0.0038016289091637825,-0.0038016289091637825
2020-06-15,-0.0155396490018777,-0.0155396490018777,-0.0155396490018777,-0.0155396490018777
2020-06-16,0.012907735192720529,0.012907735192720529,0.012907735192720529,0.012907735192720529
2020-06-17,-0.0008864964260101893,-0.0008864964260101893,-0.0008864964260101893,-0.0008864964260101893
2020-06-18,0.0,0.0,0.0,0.0
2020-06-19,0.0,0.0,0.0,0.0
2020-06-22,0.0,0.0,0.0,0.0
2020-06-23,0.0,0.0,0.0,0.0
2020-06-24,0.0,0.0,0.0,0.0
2020-06-25,0.0,0.0,0.0,0.0
2020-06-26,0.0,0.0,0.0,0.0
2020-06-29,0.0,0.0,0.0,0.0
2020-06-30,0.0,0.0,0.0,0.0
2020-07-01,0.0,0.0,0.0,0.0
2020-07-02,0.0,0.0,0.0,0.0
2020-07-06,0.0,0.0,0.0,0.0
2020-07-07,0.0,0.0,0.0,0.0
2020-07-08,0.0,0.0,0.0,0.0
2020-07-09,-0.0011054273214434376,-0.0007082361452351708,-0.0015475982500208125,-0.0014594625921248018
2020-07-10,-0.001283652157061375,-0.0008607635297697648,-0.0017221323001049183,-0.001602651221436018
2020-07-13,-0.000346736857882,-0.00023077151895345798,-0.0004685724982290978,-0.00043707432772515124
2020-07-14,0.0002796059570258125,0.00016544547629165687,0.00041823146467280975,0.0004020593239038392
2020-07-15,0.0006831852941212499,0.00048104361170064175,0.0008717138296796021,0.0007978763473348264
2020-07-16,-0.0009614866942654376,-0.0006504115243021321,-0.0012788134295850322,-0.0011867812087972894
2020-07-17,0.0006923731104446563,0.0004738261861750658,0.0009102035676985073,0.000841490108242962
2020-07-20,-0.0006016275192154688,-0.0004049105863621,-0.0008042334789823595,-0.0007475712040227228
2020-07-21,-1.928637113321875e-05,-3.9132815383664956e-05,2.5364063774975037e-05,3.886888890921169e-05
2020-07-22,0.0007152636659386065,0.00046459531921017163,0.000988983801718704,0.0009291254139632133
2020-07-23,-0.00023440258447946874,-0.00022674010439146955,-0.00017843749462476382,-0.00012553123785109224
2020-07-24,-0.00030982582539821875,-0.00017746400930869765,-0.0004748996936975084,-0.000459599952071336
2020-07-27,-0.0002743434124033125,-0.0001587688857452681,-0.00041732719662306646,-0.0004030517139470447
2020-07-28,-1.1391364984375974e-07,-4.324584753446378e-05,8.427160652114756e-05,0.00010357597348387763
2020-07-29,0.0005391001560436562,0.00036639386054169445,0.0007136757896818579,0.0006613087898564331
2020-07-30,-0.0009255048720095,-0.001067741234417796,-0.0008572919272298279,-0.0008803360691605924
2020-07-31,0.0007376974739597102,0.00018626469276157836,0.0013867800192459158,0.001166787686254064
2020-08-03,0.002307704774808875,0.0018261024229657631,0.0027653411706348037,0.002737376760991568
2020-08-04,-0.00046643835634318755,-0.0004918629163295017,-0.0002500143358514596,-0.0003298469340009145
2020-08-05,0.00013435121173484374,-3.356191979431304e-05,0.0002160245916763871,0.00011394280207068606
2020-08-06,0.00010290254564278127,4.2201943673066445e-05,0.0002729218794105651,0.0002393797728880412
2020-08-07,-0.00017129821898959652,1.6159621791642787e-05,-0.00039432908068209166,-0.00039445647861012067
2020-08-10,-0.00045731247975640623,-0.0003970562449985073,-0.0005692984520870501,-0.0005798641354692801
2020-08-11,-0.0002776757800480738,-0.0001250636859475516,-0.00048184020571687505,-0.0004631250790843197
2020-08-12,0.0010370432875280626,0.0009583380539724129,0.0010473979206872782,0.0010073129506313482
2020-08-13,0.000269465519474125,8.178217837571703e-05,0.0003883080682828255,0.00028678465679398454
2020-08-14,2.655285055718495e-05,2.974157471101509e-05,-1.5068602988825521e-06,-2.7474806649580575e-05
2020-08-17,0.0005140141836730306,0.00029395036295246416,0.0008404775691386102,0.0008490111105111218
2020-08-18,0.0009500027172999078,0.000702300293199131,0.0012368403652080224,0.001242268182029126
2020-08-19,-0.0004850402534367813,-0.0001761805695012236,-0.0008752151479825916,-0.0008358218997755868
2020-08-20,-5.8532933699499995e-05,1.3618776918687002e-05,-5.983408948186606e-05,3.5123352369969584e-05
2020-08-21,-0.0009278262256239219,-0.0005989838067928375,-0.0012870330698546934,-0.0012204806629855117
2020-08-24,-0.0003969407925320626,-0.0001797375531112551,-0.0007104288943018837,-0.000587778678924583
2020-08-25,8.231860987269818e-05,-0.00021138624384960618,0.0004359800105432432,0.00027774378968512545
2020-08-26,-0.0002588138797969687,-0.0003270717450806505,-0.0002646911450693318,-0.0002629341590134785
2020-08-27,-0.0006858934738947501,-0.0004961790690603507,-0.0008928670190711009,-0.0008696264167380392
2020-08-28,-0.0009619856435161874,-0.0006364748338707495,-0.0012255484694888793,-0.0010331442980258002
2020-08-31,0.0008649749817558437,0.0006051442014256432,0.0011337976011269418,0.001071389542422376
2020-09-01,-0.00012266687880828128,-7.594484825426467e-05,-0.0002481466515291298,-0.00033242454049035527
2020-09-02,0.0005639901056898749,0.0005699873795737755,0.00047428583597585133,0.00045697327180919305
2020-09-03,0.001147298067996,0.0006601166178418902,0.0016774245235365668,0.0015211951490920954
2020-09-04,-0.00031775268998199995,-0.0002911229427962433,-0.00023963231936364215,-0.0001308195164135234
2020-09-08,-0.00025152651596312505,-0.00017453219182028923,-0.0003589814606605417,-0.0003759887972498449
2020-09-09,-2.4505353964406254e-05,1.6612775244969727e-05,-5.3285551480008716e-05,-8.128149945045174e-06
2020-09-10,-0.00026327170282946876,-0.0003935644314764772,-0.00011099548390561521,-0.00022706303336209743
2020-09-11,-0.00014846870630003128,-0.00018670561983796176,-0.0002238760286485246,-0.00023361082385059173
2020-09-14,0.00039519744963672934,0.0004189010109399482,0.00046752365704987855,0.00043829182845345996
2020-09-15,-0.00016074235919475002,-0.00015467062709639384,-0.00016432076553175032,-0.00014133324559229048
2020-09-16,5.2313202043996685e-05,4.892135786294576e-05,5.114951182834748e-05,4.266831259137765e-05
2020-09-17,0.00020681638792640624,0.00020527699257020935,0.00022173578440893755,0.0001965895962085837
2020-09-18,-4.120589353781253e-06,2.6243697545014723e-05,4.546509360917875e-05,6.739027510459017e-05
2020-09-21,0.000490158091532625,0.0005023227225521964,0.0005515214479170779,0.00050309308334022
2020-09-22,-0.0003125,-0.0003333825082873099,-0.0003732091476354938,-0.00035160504107089387
2020-09-23,-0.0005265921239674688,-0.0005734759233049071,-0.0006481246119020932,-0.0006199794988101177
2020-09-24,0.0003335547885930625,0.0003252686074840179,0.00034807327154242555,0.0003034184615234765
2020-09-25,0.00010976367150392926,0.00011624460170522703,0.0001296831277812678,0.0001214917094970185
2020-09-28,0.00010701074620519745,0.00011707690533560336,0.000132593740928963,0.00012725476287781388
2020-09-29,4.001814460837634e-05,4.0615803407264066e-05,4.4377659584749685e-05,4.014446878759764e-05
2020-09-30,-0.0004283752881005265,-0.0003869054304425308,-0.00039632480652548066,-0.00031720240848591023
2020-10-01,0.0004991396643531563,0.00023483805287002424,0.0008223460653436262,0.0006667519255062966
2020-10-02,-5.9963132332562526e-05,0.00013199455438329786,-0.00018950114988128622,-0.00011009707995357544
2020-10-05,0.0,0.0,0.0,0.0
2020-10-06,0.0,0.0,0.0,0.0
2020-10-07,-0.00038114045640603127,-0.0005335966389684438,-0.000432253665760999,-0.0005335966389684438
2020-10-08,-7.587277565678126e-05,-0.00010622188591949376,-8.604776758247752e-05,-0.00010622188591949376
2020-10-09,9.5867490783625e-05,0.00013421448709707498,0.00010872389331030603,0.00013421448709707498
2020-10-12,0.00038933851307075,0.00054507391829905,0.00044155113073980455,0.00054507391829905
2020-10-13,0.00027579037505931253,0.0003861065250830375,0.0003127755099133113,0.0003861065250830375
2020-10-14,-0.00044294497796025,-0.00062012296914435,-0.0005023465424247028,-0.00062012296914435
2020-10-15,-0.00034149237608718753,-0.00047808932652206254,-0.000387288541303181,-0.00047808932652206254
2020-10-16,-0.00029717897768228126,-0.00041605056875519377,-0.00033703245176740427,-0.00041605056875519377
2020-10-19,-0.0002722583693069375,-0.00038116171702971244,-0.0003087698411151226,-0.00038116171702971244
2020-10-20,-6.166736458303125e-05,-8.633431041624374e-05,-6.99373261243055e-05,-8.633431041624374e-05
2020-10-21,0.00028182700052190626,0.00039455780073066875,0.00031962168286917453,0.00039455780073066875
2020-10-22,0.000368808292560625,0.000516331609584875,0.00041826768516159657,0.000516331609584875
2020-10-23,-6.06454407523125e-05,-8.49036170532375e-05,-6.877835621037403e-05,-8.49036170532375e-05
2020-10-26,0.0008386402318895938,0.001174096324645431,0.0009511068909010067,0.001174096324645431
2020-10-27,-0.0003125,-0.0004375,-0.00035440811459387927,-0.0004375
2020-10-28,-0.001687876613864375,-0.0013168436417763246,-0.0022843062071148004,-0.0019470379894466448
2020-10-29,-0.0006227707709898437,-0.0004858718482890311,-0.0008428336088647762,-0.0007183927663160539
2020-10-30,0.0007581129602937187,0.0005914628020263737,0.0010260004354988171,0.0008745157802763019
2020-11-02,0.0002392178809321875,0.00018663244867380395,0.0003237481257680092,0.0002759480747016966
2020-11-03,0.003699128591022531,0.0028859775206248844,0.005006255985763404,0.004267103315140686
2020-11-04,-0.0027635691532715313,-0.0021560749394844182,-0.0037401064264738983,-0.003187895420603847
2020-11-05,0.001654945920311,0.0012911518500488691,0.0022397390941690585,0.001909051023550808
2020-11-06,0.0018850936007892187,0.0006829977622555391,0.002653161603223021,0.0015607010259415662
2020-11-09,0.008942071950350218,0.005064487191416898,0.012349301058097674,0.008825172006237468
2020-11-10,0.0025632737802701875,0.0021124200052921164,0.0034544597810465486,0.003044600005534101
2020-11-11,-0.0003125,-0.00024380552149066482,-0.00042292528011809657,-0.0003604821387441576
2020-11-12,0.0010364851148602187,0.0008086425406265833,0.0014027384241295858,0.0011956299871401456
2020-11-13,-0.0003592519497505,-0.00028028034865746807,-0.00048619754073984814,-0.0004144125158210204
2020-11-16,-0.00037069931167325003,-0.00028921132479592707,-0.0005016899527327834,-0.00042761753824947275
2020-11-17,-7.277043432225e-05,-5.677386780492267e-05,-9.848466022417001e-05,-8.394381376584298e-05
2020-11-18,0.00039595598496993745,0.00030891601728942543,0.0005358713467451124,0.00045675219299364027
2020-11-19,-0.000779055480436,-0.0006078016885691501,-0.0010543432233309873,-0.0008986738745213646
2020-11-20,0.00023930432400909375,0.000186699889632026,0.00032386511444805667,0.0002760477904944735
2020-11-23,0.00027141269001778126,0.0002117501197727018,0.0003673193214508039,0.00031308616633572754
2020-11-24,-0.000741581119457625,-0.0005785650289823913,-0.0010036268885661047,-0.0008554455935819882
2020-11-25,-0.00048289425064525,-0.0003767433107309087,-0.0006535301959089941,-0.0005570392072315424
2020-11-27,-0.00015196105101493746,-0.00033525462362940745,-0.00012900374911515287,-0.00026145823267244186
2020-11-30,0.00022270727350384378,0.0006050837789201423,0.0001488244545459885,0.0004284111917174795
2020-12-01,-0.0011760082533641251,-0.0011786869156549195,-0.0014991701198084227,-0.0014604323175425695
2020-12-02,-0.00014443915287815626,-0.00017088058023333175,-0.00017489342531308425,-0.00018975552407114125
2020-12-03,0.0009457449682573125,0.000655210533528578,0.0013091666898825197,0.0010580981383415023
2020-12-04,0.0005218800890591563,0.000812557504841888,0.000562887173979945,0.0007632077438278902
2020-12-07,0.0009067471054403437,0.0005137293643771731,0.0012956732409310351,0.0009689537735256272
2020-12-08,-0.000340570918469125,-0.00026570582522214304,-0.0004609153634996227,-0.0003928631458681994
2020-12-09,-0.0014685956802585624,-0.0011457655541900046,-0.001987539966251453,-0.0016940880376641204
2020-12-10,0.0015064649424348748,0.0011753103068727648,0.0020387907448555574,0.0017377718540544573
2020-12-11,-0.00044524655964712503,-0.00034737142293341346,-0.0006025792830732132,-0.0005136109826882361
2020-12-14,-0.0007887185140332813,-0.0006153405715943244,-0.0010674207951419338,-0.0009098205977786595
2020-12-15,-0.000273002982675375,-0.00021299083059096556,-0.00036947156134738824,-0.0003149206370507308
2020-12-16,0.00011819677305953126,9.221448286173689e-05,0.0001599628907368235,0.00013634504174450448
2020-12-17,-0.00015879769581309377,-0.0001238904161255273,-0.00021491059194835507,-0.00018317994564591422
2020-12-18,0.0008176831346810626,0.0006379381218081215,0.0011066203801050611,0.0009432325286555407
2020-12-21,-0.00043125784715775003,-0.0004487379409794626,-0.00035887279146439694,-0.0003924412899845223
2020-12-22,-0.002075765665051313,-0.0025279596577418824,-0.0023282604141414334,-0.002626611672422073
2020-12-23,-0.0006607896602758438,-0.0006726514505320325,-0.000898992266573769,-0.0008734826014373954
2020-12-24,-0.000464793368808,-0.0004570162378218648,-0.0007182874461943364,-0.0006728914341879943
2020-12-28,-9.773132265368752e-05,-0.00013682385171516254,0.0004096082928651012,0.00028412567102216446
2020-12-29,0.0009904370286088439,0.0013866118400523812,0.0011756169617487746,0.001428959000882592
2020-12-30,-0.0001657333905069375,-0.00023202674670971249,-0.00033789200763226603,-0.0003532960737550005
2020-12-31,-0.000171965641310375,-0.00024075189783452497,-1.935183305940452e-05,-9.866128424978931e-05
2021-01-04,8.444017697781258e-06,0.0001843678408061944,-0.00034447155094476816,-0.00015656472309281773
2021-01-05,0.0,0.0,0.0,0.0
2021-01-06,0.0,0.0,0.0,0.0
2021-01-07,-0.0019109980265665653,-0.003226384428740598,-0.002370469126993586,-0.0028514244063572746
2021-01-08,-0.002546108626395466,-0.003871386359295268,-0.0016236438154054048,-0.002205415281626211
2021-01-11,-0.0029489690544082744,-0.0049655262711923295,-0.0037293537339782553,-0.004465684296799791
2021-01-12,-0.0015110125594166464,-0.002479144492983664,-0.001719242658057816,-0.0020850609933098256
2021-01-13,0.00010876101749907456,0.0015147064239956936,0.001145541163736373,0.0018336159223042833
2021-01-14,-0.0038248994814216093,-0.005377468169027099,-0.003909941879818168,-0.004346917823616717
2021-01-15,0.007840672068268967,0.00788866617308502,0.00594164367723198,0.005259798718064165
2021-01-19,-0.003689747787304844,-0.004803361385810552,-0.00305380938996088,-0.0033634853432549933
2021-01-20,0.004446609454326294,0.005693099003079674,0.004767783654695003,0.004935480941644805
2021-01-21,0.0026075523093037727,0.0013211102282936792,0.0016859766646742007,0.0007205430311712719
2021-01-22,0.0019493326973746897,0.0008233824768184598,0.0011776420271413096,0.0003689001219482557
2021-01-25,-0.0015090130571156948,-0.000565416685420819,-0.0008732304972073864,-0.00021268816519283258
2021-01-26,0.0017245351057899524,0.003357882031549439,0.002364593471883612,0.0030311397280758045
2021-01-27,-0.0030066631698079014,-0.0030007358760410752,-0.004156780065790875,-0.004473978984403724
2021-01-28,0.0071714847915024795,0.008737751158759147,0.005090920039373395,0.005654414355287618
2021-01-29,0.002018373688365301,0.0012472513943648119,0.0012763234358053259,0.0006188999048947702
2021-02-01,0.002184654951097217,0.004982681443130193,0.001615571467239191,0.0032954006429980593
2021-02-02,0.003941243652916444,0.003704564549269391,0.004778407032480286,0.004939491107809352
2021-02-03,0.01004976017356697,0.01662168524636177,0.005687466207354654,0.008504625701502209
2021-02-04,0.0014295434988766886,0.0013026379037745883,0.00235919325640933,0.0025687710636175883
2021-02-05,-0.0033618904288964264,-0.004074628855758191,-0.0021983848893627816,-0.002445042232418361
2021-02-08,-0.005205490369636198,-0.0033305082139332585,-0.0034752125236974063,-0.0020627138534978465
2021-02-09,0.0014402380782832234,0.002288080690340457,0.0008084196887613208,0.0012263499818277812
2021-02-10,-0.0002742454188316311,-0.00017851546651500598,-0.0001850139009264904,-0.00011158902603204335
2021-02-11,-0.0008429171558625625,-0.0010626305178650479,-0.0005262464973058858,-0.0006720369078077335
2021-02-12,-0.0003125,-0.00039395572212908166,-0.00019509868705875906,-0.0002491484865734054
2021-02-16,0.0,0.0,0.0,0.0
2021-02-17,-0.0021124906338423123,-0.0011533335255731333,-0.0015382841779236394,-0.0008507524587793959
2021-02-18,0.0011312299682245,0.0006176053169586432,0.0008237447938634053,0.00045557441131063
2021-02-19,-0.0005822515432363437,-0.0003178855396436738,-0.0004239868912000805,-0.00023448716131604534
2021-02-22,-0.0037438214702024374,-0.0020439734719634632,-0.002726194966416649,-0.0015077299136766569
2021-02-23,-0.0038891412677878436,-0.0021233121406419165,-0.002832014675997138,-0.0015662538063389603
2021-02-24,-0.0027792106323106876,-0.001517335388627568,-0.002023779738622883,-0.0011192571654642658
2021-02-25,-0.0022555132776516875,-0.005193211205354056,-0.0040514665823432145,-0.0055345910128764345
2021-02-26,-0.0002973941219172813,-0.0015812012839165725,-0.0010793053832081952,-0.0017765623966853764
2021-03-01,0.0008367175414756563,0.0002542893120360218,0.0004861369294180307,0.0001004766066467607
2021-03-02,5.759605161884373e-05,0.0010142800960625383,0.000639570061390935,0.00117086517072201
2021-03-03,-0.007895176982626626,-0.007414381467016409,-0.0076365519832123805,-0.006804094075210565
2021-03-04,-0.00917669430104575,-0.007427011103321647,-0.008151975725009331,-0.006517942825790773
2021-03-05,-0.009893504171073063,-0.00730666866621596,-0.008362803406349102,-0.006209111048795948
2021-03-08,-0.00505437133297278,-0.007975479401052662,-0.006852194558039147,-0.008126314232092716
2021-03-09,0.007164049065535656,0.008702944513803662,0.008130407746417564,0.00848043481723211
2021-03-10,0.0015572964954161874,0.004585925419882891,0.0034055589155392906,0.0049893957746424905
2021-03-11,0.0003458400534014374,0.0034552179698435076,0.0022380275155323166,0.003953502120810969
2021-03-12,0.0024904659802341563,0.0029926827786708704,0.00280648752297831,0.0029098373566704035
2021-03-15,0.0035554797567522185,0.0016742588207179455,0.002426761706255383,0.001120231540130234
2021-03-16,-0.0003125,-0.00017061222472075947,-0.0002275578399733726,-0.00012585151342659465
2021-03-17,0.0,0.0,0.0,0.0
2021-03-18,0.0,0.0,0.0,0.0
2021-03-19,-0.0044938191774150935,-0.005665170493299453,-0.0028055623084581034,-0.0035828103903600516
2021-03-22,-0.0009843103514039376,-0.0012408790249166988,-0.0006145205030952128,-0.0007847661899866491
2021-03-23,0.0021689837239002186,0.0027343473575530733,0.001354130805711202,0.0017292768390786831
2021-03-24,-0.0003125,-0.00039395572212908166,-0.00019509868705875906,-0.0002491484865734054
2021-03-25,0.0,0.0,0.0,0.0
2021-03-26,0.0,0.0,0.0,0.0
2021-03-29,-0.003607715658410844,-0.005050801921775181,-0.004500622085617418,-0.005050801921775181
2021-03-30,0.0051455086112572185,0.007203712055760106,0.006419017431035479,0.007203712055760106
2021-03-31,-0.002088634821290219,-0.002924088749806306,-0.002605570087978886,-0.002924088749806306
2021-04-01,-0.00234405103338,-0.003281671446732,-0.002924201586133696,-0.003281671446732
2021-04-05,-0.010076183571127656,-0.013449269229672246,-0.009629968903203705,-0.011263115036681388
2021-04-06,0.00029629564513728124,0.0005063520657499179,0.00042370648930638093,0.0004854053000401346
2021-04-07,0.0,0.0,0.0,0.0
2021-04-08,0.00012732226289878125,8.738721683170765e-05,0.00017825116805829372,0.00016759040562478445
2021-04-09,-0.0016018459022203125,-0.0010994216722301812,-0.0022425842631084375,-0.0021084608330824025
2021-04-12,1.922807352069567e-05,1.3197125088366088e-05,2.6919302928973936e-05,2.5309325858262056e-05
2021-04-13,-0.0011450034220311562,-0.0007858693368780966,-0.0016030047908436186,-0.0015071330305566266
2021-04-14,0.0005799768892056563,0.00039806523243060516,0.0008119676448879188,0.0007634058640023355
2021-04-15,-0.00010635012344703124,-7.299305782157565e-05,-0.00014889017282584374,-0.00013998541905356344
2021-04-16,-0.0005685582255514375,-0.00039022807014679604,-0.0007959815157720125,-0.0007483758258147105
2021-04-19,0.000216038968551875,0.00014827763628384182,0.000302454555972625,0.00028436549544482966
2021-04-20,0.0018197629248812186,0.001248988304781534,0.002547668094833706,0.002395298353786224
2021-04-21,-0.0004914526724656875,-0.0003373069271115847,-0.0006880337414519624,-0.0006468841414591076
2021-04-22,0.00047838780511934374,0.00032833989833217896,0.0006697429271670811,0.0006296872556344471
2021-04-23,-8.08086955565625e-05,-5.54627827036239e-05,-0.0001131321737791875,-0.00010636601767830864
2021-04-26,-0.00048172046298890626,-0.0002626581883310192,-0.0006744086481844687,-0.000423172831226597
2021-04-27,0.0005194431593511875,0.0003962382749199172,0.0007272204230916624,0.0008069748049836141
2021-04-28,0.0003854577029808437,0.0003093124122838519,0.0005396407841731811,0.0006462357395092133
2021-04-29,-0.0006837423904526563,-0.00043393047884416073,-0.0009572393466337186,-0.000790289781952406
2021-04-30,0.0012533341661022188,0.000699080083193915,0.001754667832543106,0.0011497191792578338
2021-05-03,-0.002691242755595,-0.0017049252617625345,-0.0037677398578329995,-0.003101167391744903
2021-05-04,0.0006655217474669063,0.0004098048315611372,0.0009317304464536687,0.0007302509259337356
2021-05-05,-0.00043844614760237503,-0.0004888391509485011,-0.0006138246066433249,-0.0011601884206315688
2021-05-06,-0.0034887699868781565,-0.001799969891162831,-0.004884277981629418,-0.002747376920517691
2021-05-07,-0.003780835525993594,-0.0033470847334358123,-0.004013389365622419,-0.0029741043468678504
2021-05-10,-0.0008279893697112811,-0.0015986365486093143,-0.00027295931005067814,-0.0012841476363865021
2021-05-11,0.003420362570197375,0.0035097224460772336,0.003317635750587685,0.003124488853328338
2021-05-12,-0.002290108590020275,-0.0017206193188233883,-0.0028415299493596254,-0.0023730129025284503
2021-05-13,-0.001016613246291,0.00019188152859548783,-0.002399723873250206,-0.001912124067870027
2021-05-14,-0.0012909335349522814,-0.0007976306416877226,-0.001678526698436399,-0.0008817133689008327
2021-05-17,-0.0023709687736980936,-0.003153736285140607,-0.0013143440627176291,-0.001073992590034533
2021-05-18,0.005527540148464625,0.0034501160333658652,0.007352408374186211,0.004879372191148203
2021-05-19,0.0007551320018332579,6.94088865934883e-05,0.0013264465895321809,0.0005171886164660076
2021-05-20,-0.0009534198637691562,-0.0002988532694609767,-0.0014869365337587142,-0.0006106411425029716
2021-05-21,-0.00016812464158259377,4.1608850086294345e-05,-0.00033737875841220396,-4.175553802500433e-05
2021-05-24,0.0001197047807766875,0.00021946624951960415,3.165163193408549e-05,0.00017367354732178571
2021-05-25,0.0011437113555806875,0.0005619658796167421,0.0018219837916810472,0.0014792665277139894
2021-05-26,0.0023447161100361566,0.0025533243001753725,0.002100689427175523,0.002010879342542124
2021-05-27,-0.000384612020859125,-0.000486993848597387,-0.0002592447230708598,-0.00025220360584235697
2021-05-28,0.00022952407781581252,0.00015753309672271101,0.0003213337089421375,0.0003021155328694273
2021-06-01,0.002067191873931031,0.0014059585313893825,0.002894068623503444,0.0026811036338586407
2021-06-02,0.0011542284565607811,0.0005644641433358297,0.0016159198391850938,0.0008126316647993582
2021-06-03,0.00042056004012412505,0.00010438493955934719,0.0005887840561737751,-1.8185392359808614e-05
2021-06-04,0.00079834960036425,0.00034135891946227725,0.00111768944050995,0.00040982878187992305
2021-06-07,-0.0027295451220174997,-0.001565834893347569,-0.0038213631708245,-0.0026384292050749213
2021-06-08,0.0004336751676974062,0.00013874955871037112,0.0006071452347763685,7.777674914308919e-05
2021-06-09,0.0015415108818253437,0.000892430062200635,0.0021581152345554813,0.0015152631169196794
2021-06-10,0.0005757406526637501,0.0002384268785979444,0.0008608480693935662,0.00035172156800716554
2021-06-11,-0.0014735971714636606,-0.00012075827303595105,-0.0028627232200373054,-0.0018875858667143604
2021-06-14,0.0012208887701050937,0.0006225695395717604,0.0018125261905159982,0.001354198700500278
2021-06-15,-0.00031695769644512497,-0.0003724374346749738,-0.0004102813788531773,-0.000796919964988691
2021-06-16,0.0002834462316564063,-0.0004181526333475877,0.0007428146334802451,-0.00048463357201506557
2021-06-17,0.0028179655621440626,0.0011820668413533896,0.004442893388592112,0.0028767594321220903
2021-06-18,0.002782071034770312,0.0010026579389026268,0.004539966762660114,0.0027935598496610543
2021-06-21,-0.0011448412101789688,-0.0011600122078703925,-0.0013819898003824716,-0.002002360039605292
2021-06-22,0.0006041729286244376,0.0001784177423642058,0.0008458421000742126,6.218113983791766e-05
2021-06-23,0.0011833768347544688,-0.000624780238966228,0.00320267920675443,0.002336927663581614
2021-06-24,-0.0009902728377679062,-0.00013715290648526527,-0.0018318507195013121,-0.0011294596454856339
2021-06-25,-0.0005275060577730937,-0.0003060726328154809,-0.0006047074270672609,-6.728690790584978e-05
2021-06-28,0.0008352086962772499,0.0004041927895727548,0.0014485042809200648,0.0015208623099352793
2021-06-29,-6.836678364175e-05,-4.6923317337970745e-05,-9.571349709844999e-05,-8.998910906014408e-05
2021-06-30,0.00030379313643803124,0.00020850742110199255,0.0004253103910132437,0.000399873626202747
2021-07-01,-0.0012477444680967188,-0.0008563853162962863,-0.0017468422553354064,-0.0016423679312913913
2021-07-02,-0.0007919631765183749,-0.0005435613242607681,-0.0011087484471257248,-0.0010424369389202687
2021-07-06,-0.0003125,-0.00021448334830192562,-0.0004375,-0.00041133420476024583
2021-07-07,0.0,0.0,0.0,0.0
2021-07-08,0.0,0.0,0.0,0.0
2021-07-09,0.0,0.0,0.0,0.0
2021-07-12,0.0,0.0,0.0,0.0
2021-07-13,0.0,0.0,0.0,0.0
2021-07-14,0.0,0.0,0.0,0.0
2021-07-15,0.0,0.0,0.0,0.0
2021-07-16,0.0,0.0,0.0,0.0
2021-07-19,0.0,0.0,0.0,0.0
2021-07-20,0.0,0.0,0.0,0.0
2021-07-21,0.0,0.0,0.0,0.0
2021-07-22,-0.00020058114651099997,-0.00021061020383655,-0.0001805230318599,-0.00021061020383655
2021-07-23,-0.00018190167269816664,-0.00019099675633307497,-0.00016371150542835003,-0.00019099675633307497
2021-07-26,-9.029886799587499e-05,-9.481381139566874e-05,-8.126898119628752e-05,-9.481381139566874e-05
2021-07-27,0.00023229744704766664,0.00022618013626973126,0.00022679988547321875,0.00022618013626973126
2021-07-28,-0.004169172252624541,-0.003761641139763225,-0.0043682447528546305,-0.003761641139763225
2021-07-29,-0.000314163748733375,-0.0002673719361700438,-0.00034524737386003746,-0.0002673719361700438
2021-07-30,0.003852938971764042,0.0034522247209594816,0.0040610062739804,0.0034522247209594816
2021-08-02,0.0031591424911127913,0.002833571219909744,0.0033267566377602,0.002833571219909744
2021-08-03,0.0018444439839016666,0.0016455567438606066,0.0019511090247476437,0.0016455567438606066
2021-08-04,0.002765646621215333,0.002631662680415231,0.002938865390674031,0.002631662680415231
2021-08-05,-0.005613567818293499,-0.005081540140104095,-0.00592741710556823,-0.005081540140104095
2021-08-06,0.0033004319363049168,0.002979561807032932,0.003456280468761656,0.002979561807032932
2021-08-09,-0.0016527983068019168,-0.0015025100672496627,-0.0017204466310140748,-0.0015025100672496627
2021-08-10,-0.0010390914382374583,-0.0009646988986441751,-0.0010615294059188687,-0.0009646988986441751
2021-08-11,-0.00388264219142446,-0.004041867965329613,-0.004080537826080657,-0.004041867965329613
2021-08-12,-2.4496647965291612e-05,3.677851963644373e-05,-1.7195694079187496e-05,3.677851963644373e-05
2021-08-13,-0.0008082550862572084,-0.0008486678405700687,-0.0008978618952213937,-0.0008486678405700687
2021-08-16,-0.0022823098415045,-0.002396425333579725,-0.0023580319293087125,-0.002396425333579725
2021-08-17,-0.002908505870163458,-0.0030539311636716307,-0.0030197969845096187,-0.0030539311636716307
2021-08-18,0.0011661682407459167,0.0012244766527832124,0.0011586448739747313,0.0012244766527832124
2021-08-19,-0.0004877364359039166,-0.0005121232576991124,-0.0005014627923135251,-0.0005121232576991124
2021-08-20,0.00010811467318633334,0.00011352040684565001,9.730320586770003e-05,0.00011352040684565001
2021-08-23,-4.7279699259458326e-05,-4.964368422243125e-05,-4.255172933351251e-05,-4.964368422243125e-05
2021-08-24,-0.00013555458241283332,-0.00014233231153347497,-0.00012199912417155002,-0.00014233231153347497
2021-08-25,-0.000280396110447125,-0.00029441591596948127,-0.000324338458602475,-0.00029441591596948127
2021-08-26,-0.0022934177103295,-0.0024080885958459746,-0.0024575143919001365,-0.0024080885958459746
2021-08-27,3.305174466078117e-05,-0.0002556294846902607,3.649514759347177e-05,-0.0002556294846902607
2021-08-30,0.00044100907131800014,0.0007458580868003809,0.0004911949368516125,0.0007458580868003809
2021-08-31,0.00022912461830966672,0.0004511045645133251,0.0002633168535907315,0.0004511045645133251
2021-09-01,0.013740070194115668,0.012241063174704104,0.014489573703821451,0.012241063174704104
2021-09-02,0.0037625843307766663,0.003386325897699,0.003950713547315499,0.003386325897699
2021-09-03,0.0002728558761124583,0.0002455702885012125,0.00028649866991808123,0.0002455702885012125
2021-09-07,0.0037786711648719997,0.0034008040483848004,0.0039676047231156,0.0034008040483848004
2021-09-08,-0.00545068532974625,-0.004905616796771626,-0.005723219596233562,-0.004905616796771626
2021-09-09,0.005126115301752125,0.004613503771576913,0.005382421066839732,0.004613503771576913
2021-09-10,-0.00041666666666666664,-0.000375,-0.0004375,-0.000375
2021-09-13,0.0,0.0,0.0,0.0
2021-09-14,-0.0012258353009642915,-0.0011032517708678628,-0.0012871270660125061,-0.0011032517708678628
2021-09-15,-0.0007581881000674166,-0.0007629066532671625,-0.0007155601418643001,-0.0007629066532671625
2021-09-16,0.0008665844806390416,0.0007708968939903376,0.0009189428432557937,0.0007708968939903376
2021-09-17,-0.0025087143293055416,-0.002277298360712213,-0.002614694581433594,-0.002277298360712213
2021-09-20,0.0012095659769935,0.0010580209334365254,0.0013006327217007997,0.0010580209334365254
2021-09-21,0.0016904205383456664,0.001536218712827594,0.001760101336946456,0.001536218712827594
2021-09-22,0.0005998198607544167,0.0005473078940259313,0.0006223408344451812,0.0005473078940259313
2021-09-23,0.0023392012864315833,0.0021363384464513253,0.0024251040620902626,0.0021363384464513253
2021-09-24,8.60509068250022e-05,9.482883715207697e-05,7.297043115667734e-05,9.482883715207697e-05
2021-09-27,-0.0007132206430419166,-0.0006863816751940125,-0.000704398578737725,-0.0006863816751940125
2021-09-28,0.00020516274629095828,0.00021542088360550622,0.00018464647166186251,0.00021542088360550622
2021-09-29,-6.896916934975e-05,-7.24176278172375e-05,-6.2072252414775e-05,-7.24176278172375e-05
2021-09-30,-0.0037858657991340417,-0.003389253174783363,-0.003993185133528018,-0.003389253174783363
2021-10-01,-0.0014315120354595418,-0.0013071430336296067,-0.0014843054355165002,-0.0013071430336296067
2021-10-04,-0.004729804004591583,-0.004613380806451025,-0.004980555990523987,-0.004613380806451025
2021-10-05,0.0,0.0,0.0,0.0
2021-10-06,0.002090294802994,0.0018165420189295797,0.0025737260013432707,0.0017992195334199548
2021-10-07,-0.002098284965667969,-0.001823485760173426,-0.002583564082268268,-0.001806097059373527
2021-10-08,-0.003808942001489375,-0.0033101087863112505,-0.004689851906439353,-0.003278543696768237
2021-10-11,0.001681960393287125,0.0014616846026718818,0.002070954389415402,0.0014477460259224458
2021-10-12,-0.00040817450235590625,-0.0003547184509683263,-0.0005025747221368189,-0.00035133586737660943
2021-10-13,-0.0016970547820715936,-0.0014748021741444665,-0.002089539720457381,-0.0014607385086608381
2021-10-14,-0.0020759422962175,-0.0018040691698371263,-0.002556054130455861,-0.0017868656250100818
2021-10-15,-0.001729986925015375,-0.0015034214011286644,-0.0021300882174698408,-0.001489084823628928
2021-10-18,0.0003705782613998125,0.00032204595359966605,0.0004562834417093551,0.00031897493387838773
2021-10-19,-0.004465891052607281,-0.0038810213456030216,-0.005498736304945318,-0.0038440120524949172
2021-10-20,-0.002852514129923094,-0.0024789382670682186,-0.0035122269714618895,-0.0024552991925171947
2021-10-21,0.0021199131595170937,0.0018422814452912456,0.0026101943187267114,0.0018247135094504256
2021-10-22,-0.0014932941426884687,-0.001297726786159365,-0.0018386545080559874,-0.0012853517058064514
2021-10-25,-0.001687087949691625,-0.0014661406352132554,-0.0020772678171781813,-0.001452159565882682
2021-10-26,-4.8305833185468744e-05,-3.2565007035114106e-05,-4.6526468051257374e-05,-9.880992675234188e-06
2021-10-27,0.00014642747401525015,-0.00016957221160938339,-0.00022803785957823623,-0.0008733513052592694
2021-10-28,-0.0015474891949482815,-0.001333415708395437,-0.0018896890942258567,-0.001293588037274898
2021-10-29,-0.0029924740594955623,-0.002531736817167362,-0.003589866366501015,-0.0023440165716356745
2021-11-01,0.00024264459933643815,0.0002392781544070323,0.00033784643024022267,0.0003045152526735381
2021-11-02,-0.0019249415795488125,-0.0019007748391328448,-0.002683688164779487,-0.0024243237251010954
2021-11-03,-7.673154486218827e-06,-0.0001805800577648855,-0.00024869285668861594,-0.0005921572799420311
2021-11-04,-0.00395871414987625,-0.0038719441072414735,-0.005468108417132357,-0.0048608984588620185
2021-11-05,-0.0003951174940809688,-0.00036132765048418143,-0.000511199772949943,-0.0004005547574225787
2021-11-08,0.0018825712186892499,0.0019068150629023466,0.002690482018560337,0.0025321664143400694
2021-11-09,-0.0030762788955415623,-0.0028175333760358267,-0.003986025376257359,-0.0031332014600079054
2021-11-10,0.0004932886787857186,0.000404800314644012,0.0005745151426643057,0.0003441766954270673
2021-11-11,-0.0032085300513898128,-0.003058535523928033,-0.004322294918378261,-0.003671511794135894
2021-11-12,-0.0022525931346465316,-0.0022485239737274356,-0.003173795283583432,-0.0029184945655473045
2021-11-15,-0.006417677268524999,-0.005787328161045303,-0.008190994812657396,-0.006231520686012232
2021-11-16,-0.006160844441547001,-0.006071296838823436,-0.008572455396699163,-0.007718054416647164
2021-11-17,-0.0012507939441652814,-0.00100356150164392,-0.001172029432728093,-0.0008348511306606503
2021-11-18,-0.004150687525615719,-0.0030950945383098182,-0.003314306691995882,-0.002017451300347503
2021-11-19,-0.002256437959989469,-0.0022210146352514676,-0.003118268110798221,-0.002820683618754557
2021-11-22,0.0019934057534096872,0.0015961217188196777,0.0018598905220164287,0.0013200534578962021
2021-11-23,-0.0008369391601220624,-0.0008145451531002168,-0.0011339724134892593,-0.0010165916022183738
2021-11-24,-0.0018881764882389999,-0.001571124516122766,-0.0019066058813169324,-0.0014401076751620247
2021-11-26,0.0007535063220510625,0.0004394123033572804,0.00030223473282159634,-2.5861085247587176e-05
2021-11-29,-0.006212489009408344,-0.0058437843756393385,-0.007922251475151272,-0.006897736456002329
2021-11-30,0.0031396782449911874,0.0030235103601219315,0.004175330364465222,0.003710655347222983
2021-12-01,-0.0006872346166762187,-0.0006332045983897456,-0.0008439896698229567,-0.0007206351594251405
2021-12-02,-0.000532695740157625,-0.00047660198261305933,-0.0006194477503669959,-0.0005130767939372659
2021-12-03,3.466577979449996e-05,0.0002827959641861327,0.0006559398850699315,0.0008395381353280444
2021-12-06,-0.0016945152686842501,-0.0012139714714009325,-0.0012317895964189553,-0.0006648183264099294
2021-12-07,-0.00020871551475637505,-0.0009837848329409793,-0.0021915664445083505,-0.0027530090644546975
2021-12-08,0.00201020908632325,0.002072374559376418,0.003007156752396277,0.002812965243938625
2021-12-09,0.003833097737318875,0.0038012304740396756,0.005366336832246425,0.004882238861236029
2021-12-10,-0.008013831097414593,-0.008027726565711296,-0.011330132599896065,-0.010478370627853971
2021-12-13,0.003933001817191468,0.003791386208716732,0.005356367731696758,0.004642766416662654
2021-12-14,0.003880051933146469,0.003983871319433943,0.005619269647955516,0.005400209393084145
2021-12-15,-0.004278405072471501,-0.004393151660781887,-0.006196552187734527,-0.005955536104982681
2021-12-16,-0.0007791682417331562,-0.0007154535982199394,-0.001012096552615176,-0.0007997173713254104
2021-12-17,0.0008303780301074375,0.00072162863397334,0.0010224230208918774,0.0007147472068304106
2021-12-20,-0.00010625953746378126,-9.234339311302138e-05,-0.0001308346239341572,-9.146280952484074e-05
2021-12-21,-5.9619311527218755e-05,-5.181134468388017e-05,-7.340771839455601e-05,-5.131727338898683e-05
2021-12-22,-0.000568204795570875,-0.0004937905816124011,-0.0006996158887990578,-0.0004890818107138284
2021-12-23,-0.000328011901958125,-0.00028505424295295157,-0.0004038725827622456,-0.00028233597497921145
2021-12-27,-0.0011187454361220625,-0.0009722303716636365,-0.0013774823597644157,-0.0009629592145146901
2021-12-28,0.0002618220609845938,0.0002275328698038306,0.00032237474116863444,0.00022536312377039572
2021-12-29,0.0007489823163005313,0.0006508928056685339,0.0009222025808263564,0.000644685913079748
2021-12-30,-6.670398467453125e-05,-5.7968182678234666e-05,-8.213089345299249e-05,-5.741539997681677e-05
2021-12-31,0.0002905834663702812,0.00025252757453721777,0.0003577879167505146,0.00025011947981377214
2022-01-03,-0.0013610516260582814,-0.0014492809412301926,-0.001351925554724687,-0.0014421608616055634
2022-01-04,0.0,0.0,0.0,0.0
2022-01-05,0.0,0.0,0.0,0.0
2022-01-06,4.28458897385e-05,3.820818712953464e-05,5.505666253487432e-05,5.5525848486541736e-05
2022-01-07,-0.005592266615629657,-0.004986951388623623,-0.007186022690645722,-0.007247261071971117
2022-01-10,-0.005300365216891593,-0.004726645829924137,-0.006810931476485724,-0.0068689733776727485
2022-01-11,-0.002018503196383406,-0.0014528803957040322,-0.0023993798979450127,-0.001960083793675997
2022-01-12,0.000493348244647,0.00033956114534685044,0.0005777367878139767,0.00044970993369018665
2022-01-13,-0.0010409047813934686,-0.0007164327097583573,-0.0012189543417809525,-0.0009488332537864672
2022-01-14,-0.0023972103616599063,-0.0016499491077038438,-0.0028072596367515975,-0.0021851690453563275
2022-01-18,-0.004925199184772374,-0.004652816411467808,-0.006558901429875695,-0.00660665242509345
2022-01-19,-0.0010280529877719688,-0.0006213737962147377,-0.001127491531711026,-0.0008641835950298077
2022-01-20,0.001949436134096595,0.001405712106317169,0.0023268144474255293,0.0018719047409858313
2022-01-21,6.242425880703125e-05,0.00029744759148634395,0.0002335628570747352,0.00048024058650868396
2022-01-24,-0.00024851968591053117,-0.0010541051215430398,-0.0008922792247838984,-0.0015534470464269139
2022-01-25,0.004144821359722782,0.004501474072975307,0.005991819081299421,0.006206124263209448
2022-01-26,0.0003237436779374688,0.00020529698348855938,0.0003670214251818647,0.00026929352554655244
2022-01-27,0.002149962080022531,0.0018773099406922422,0.002792121538384461,0.002545221927908516
2022-01-28,-0.0027456196310383435,-0.0035528760799818032,-0.0009428684130900142,-0.0014216856831360473
2022-01-31,0.0011042187268935,0.001007500210872744,0.0019384204522993767,0.0018607468578501053
2022-02-01,-0.0013918867230276874,-0.001288815777260449,-0.0023811304929498363,-0.0022955463828882613
2022-02-02,0.0009074193449125313,0.0009246400697486431,0.0012733410952524432,0.0012727565336265148
2022-02-03,-0.00349887190203875,-0.0042502885675185596,-0.0026457925531896236,-0.003091559118552064
2022-02-04,8.721437215593753e-05,0.000598242624626214,-0.0015611238474960687,-0.0012280351481403183
2022-02-07,-0.002373194716732906,-0.0025032300652637106,-0.0030492763072714197,-0.0031033383932784746
2022-02-08,-0.0004147607164594687,-0.0004910582272652979,-0.0003558622705221727,-0.00040034788336260475
2022-02-09,5.727554385781251e-05,-2.233021179967384e-06,0.0002806439526897276,0.00024097581614903834
2022-02-10,-0.0014930801729260935,-0.0013119433568875712,-0.0027874900960734163,-0.0026495274310064766
2022-02-11,-0.0016619672562052815,-0.0017623571616452358,-0.002104612573276922,-0.002148571578817049
2022-02-14,-6.862710214643751e-05,2.2683723601249516e-05,-0.00040239341133300387,-0.00034177746072485614
2022-02-15,0.00016777941677693751,8.450702140340514e-05,0.0005211810200330058,0.00046452788825886225
2022-02-16,-0.0008554919784603749,-0.0008277306449495117,-0.0013458850562675262,-0.0013165588886170278
2022-02-17,-0.000506352253761125,-0.0005033207498559619,-0.0007523204491935844,-0.0007437267378862368
2022-02-18,-0.0016321618782412502,-0.0017395450980151328,-0.002037805239765862,-0.0020867272208642644
2022-02-22,-0.004038493177979968,-0.00416542806923854,-0.005500814037727512,-0.005531105920295628
2022-02-23,-0.0009033627244983437,-0.0009540406530324063,-0.001156816170330395,-0.0011781665598404349
2022-02-24,-0.0028089290850765625,-0.0029009240902552664,-0.0038137787618821267,-0.0038372723331814747
2022-02-25,0.004282633370115313,0.005390427105219923,0.006252417841789144,0.007037832844732186
2022-02-28,-0.0013999355122242812,-0.0005686954893370376,-0.0025037903481239707,-0.0018680990181809305
2022-03-01,0.000957185969877875,0.00022522991667015362,0.001296123050341004,0.0007237425540240141
2022-03-02,5.7156252577968746e-05,0.0007227876493134345,-0.00015061685005402685,0.00034712780225665566
2022-03-03,0.00285987444472275,0.003001891209289569,0.003507818389351111,0.0035564447382683932
2022-03-04,0.0020717168534640936,0.0014462033710117258,0.0031633807559112263,0.0026648658045338265
2022-03-07,0.0046286149470656564,0.004558876036859403,0.006312892370465086,0.006184261839259248
2022-03-08,-0.006031418217926594,-0.004959323973349372,-0.007570795230756141,-0.006636189134500548
2022-03-09,-0.0006063575875375,-0.00018550830135068166,-0.001408873518644198,-0.001097726950887437
2022-03-10,0.0006582398644298438,-0.0002226453268249199,0.0018236263905908312,0.001172958516983842
2022-03-11,0.0010144298739499374,0.0009499914418099007,0.0006225249223763395,0.0005325155166215102
2022-03-14,-0.001683869651742156,-0.000918067484670202,-0.001958052376333578,-0.0013374944417115999
2022-03-15,0.0017476991567868436,0.0013524102551131165,0.0016097659059288905,0.0012558477761452401
2022-03-16,0.00021308773861315625,-0.0003574051626032262,0.0009769683428466228,0.000561841609596111
2022-03-17,-0.001093860279627,-0.0013089915212532726,-0.0004784342534950929,-0.0005915500096767157
2022-03-18,4.368617270531954e-06,6.116064178744736e-06,6.288818926168361e-07,1.714725752378056e-06
2022-03-21,0.00013710678382515627,0.0001919494973552188,1.973713153683349e-05,5.381577705068657e-05
2022-03-22,-0.0008215244597415625,-0.0011501342436381877,-0.00011826210104470598,-0.00032245652573629883
2022-03-23,-0.00016086805160368752,-0.00022521527224516255,-2.3157671750400567e-05,-6.31423111107502e-05
2022-03-24,0.000593308869096,0.0008306324167344001,8.540945141161639e-05,0.00023287963535183545
2022-03-25,4.13541724211875e-05,5.78958413896625e-05,5.953117109907084e-06,1.623192420567846e-05
2022-03-28,-0.0018990865325282187,-0.0017040840712969998,-0.001651036686703737,-0.0014415982440040514
2022-03-29,0.0026337063879329687,0.0015903114422613249,0.0034051771434459328,0.0025629451674899803
2022-03-30,-0.0035403268202015,-0.002436731949517649,-0.0041459092377604196,-0.0032271730097947304
2022-03-31,-0.001704614519466625,-0.0011732500619701517,-0.0019961934143342694,-0.0015538356340259593
2022-04-01,-0.0010284475651008125,-0.0007078586716867424,-0.0012043662851614896,-0.0009374779201581027
2022-04-04,-0.00023654371541509376,-0.00016280802820818773,-0.00027700515367047173,-0.00021562062848782664
2022-04-05,0.0,0.0,0.0,0.0
2022-04-06,-0.0068242226641885,-0.0068242226641885,-0.0068242226641885,-0.0068242226641885
2022-04-07,9.125518653350001e-05,9.125518653350001e-05,9.125518653350001e-05,9.125518653350001e-05
2022-04-08,-0.005932726818711999,-0.005932726818711999,-0.005932726818711999,-0.005932726818711999
2022-04-11,0.0020744882821049377,0.0020744882821049377,0.0020744882821049377,0.0020744882821049377
2022-04-12,0.0006227542120124999,0.0006227542120124999,0.0006227542120124999,0.0006227542120124999
2022-04-13,-0.009908567681884563,-0.009908567681884563,-0.009908567681884563,-0.009908567681884563
2022-04-14,0.005406866040608374,0.005406866040608374,0.005406866040608374,0.005406866040608374
2022-04-18,-0.0023972121090979374,-0.0023972121090979374,-0.0023972121090979374,-0.0023972121090979374
2022-04-19,-0.0062536268642967505,-0.0062536268642967505,-0.0062536268642967505,-0.0062536268642967505
2022-04-20,-0.00670632601858275,-0.00670632601858275,-0.00670632601858275,-0.00670632601858275
2022-04-21,0.009127597510868562,0.009127597510868562,0.009127597510868562,0.009127597510868562
2022-04-22,0.010236970412684622,0.010236970412684622,0.010236970412684622,0.010236970412684622
2022-04-25,-0.0014406692655750243,-0.0014406692655750243,-0.0014406692655750243,-0.0014406692655750243
2022-04-26,0.008677772286279549,0.008677772286279549,0.008677772286279549,0.008677772286279549
2022-04-27,0.0014662253773767766,0.0014662253773767766,0.0014662253773767766,0.0014662253773767766
2022-04-28,-0.010223449456480042,-0.010223449456480042,-0.010223449456480042,-0.010223449456480042
2022-04-29,0.00295396521309133,0.00295396521309133,0.00295396521309133,0.00295396521309133
2022-05-02,0.007062700711251841,0.007062700711251841,0.007062700711251841,0.007062700711251841
2022-05-03,0.0031353519993760877,0.0031353519993760877,0.0031353519993760877,0.0031353519993760877
2022-05-04,-0.000571671168820735,-0.000571671168820735,-0.000571671168820735,-0.000571671168820735
2022-05-05,0.0,0.0,0.0,0.0
2022-05-06,0.002824344701965694,0.002824344701965694,0.002824344701965694,0.002824344701965694
2022-05-09,-0.009117338465339075,-0.009117338465339075,-0.009117338465339075,-0.009117338465339075
2022-05-10,0.00010939464807646287,0.00010939464807646287,0.00010939464807646287,0.00010939464807646287
2022-05-11,-0.0014309575666183584,-0.0014309575666183584,-0.0014309575666183584,-0.0014309575666183584
2022-05-12,-0.008767000340569113,-0.008767000340569113,-0.008767000340569113,-0.008767000340569113
2022-05-13,0.006445904316661758,0.006445904316661758,0.006445904316661758,0.006445904316661758
2022-05-16,0.0010787805034249457,0.0010787805034249457,0.0010787805034249457,0.0010787805034249457
2022-05-17,0.003461942814665704,0.003461942814665704,0.003461942814665704,0.003461942814665704
2022-05-18,-0.014846352691847656,-0.014846352691847656,-0.014846352691847656,-0.014846352691847656
2022-05-19,0.006462691436477036,0.006462691436477036,0.006462691436477036,0.006462691436477036
2022-05-20,0.006463731705379343,0.006463731705379343,0.006463731705379343,0.006463731705379343
2022-05-23,0.00793176813691118,0.00793176813691118,0.00793176813691118,0.00793176813691118
2022-05-24,0.0030974141292576577,0.0030974141292576577,0.0030974141292576577,0.0030974141292576577
2022-05-25,-0.002436914538901898,-0.002436914538901898,-0.002436914538901898,-0.002436914538901898
2022-05-26,0.004485291151993226,0.004485291151993226,0.004485291151993226,0.004485291151993226
2022-05-27,0.004336068245937008,0.004336068245937008,0.004336068245937008,0.004336068245937008
2022-05-31,-0.005265930387203893,-0.005265930387203893,-0.005265930387203893,-0.005265930387203893
2022-06-01,-0.0019283904056790525,-0.0019283904056790525,-0.0019283904056790525,-0.0019283904056790525
2022-06-02,-0.0009659733543723565,-0.0009659733543723565,-0.0009659733543723565,-0.0009659733543723565
2022-06-03,-0.0005339390741109289,-0.0005339390741109289,-0.0005339390741109289,-0.0005339390741109289
2022-06-06,0.0,0.0,0.0,0.0
2022-06-07,0.0,0.0,0.0,0.0
2022-06-08,0.0,0.0,0.0,0.0
2022-06-09,-0.00048246569074459413,-0.00048246569074459413,-0.00048246569074459413,-0.00048246569074459413
2022-06-10,0.0021965668968090906,0.0021965668968090906,0.0021965668968090906,0.0021965668968090906
2022-06-13,0.00379147044858192,0.00379147044858192,0.00379147044858192,0.00379147044858192
2022-06-14,-0.0005750533781042458,-0.0005750533781042458,-0.0005750533781042458,-0.0005750533781042458
2022-06-15,0.0,0.0,0.0,0.0
2022-06-16,0.0,0.0,0.0,0.0
2022-06-17,-0.006617735811846655,-0.006617735811846655,-0.006617735811846655,-0.006617735811846655
2022-06-21,0.01341391885355138,0.01341391885355138,0.01341391885355138,0.01341391885355138
2022-06-22,0.001989540491374669,0.001989540491374669,0.001989540491374669,0.001989540491374669
2022-06-23,0.005538067546360918,0.005538067546360918,0.005538067546360918,0.005538067546360918
2022-06-24,-0.006432614626757489,-0.006432614626757489,-0.006432614626757489,-0.006432614626757489
2022-06-27,0.003827221738251454,0.003827221738251454,0.003827221738251454,0.003827221738251454
2022-06-28,0.0020649036197425523,0.0020649036197425523,0.0020649036197425523,0.0020649036197425523
2022-06-29,0.004904602440159354,0.004904602440159354,0.004904602440159354,0.004904602440159354
2022-06-30,0.00399107327801782,0.00399107327801782,0.00399107327801782,0.00399107327801782
2022-07-01,-0.001875646706927819,-0.001875646706927819,-0.001875646706927819,-0.001875646706927819
2022-07-05,-0.015625233922689687,-0.015625233922689687,-0.015625233922689687,-0.015625233922689687
2022-07-06,0.009802275312423196,0.009802275312423196,0.009802275312423196,0.009802275312423196
2022-07-07,0.0,0.0,0.0,0.0
2022-07-08,0.0,0.0,0.0,0.0
2022-07-11,0.0,0.0,0.0,0.0
2022-07-12,0.0,0.0,0.0,0.0
2022-07-13,0.0,0.0,0.0,0.0
2022-07-14,0.0,0.0,0.0,0.0
2022-07-15,0.0,0.0,0.0,0.0
2022-07-18,0.0,0.0,0.0,0.0
2022-07-19,-0.008810757789848418,-0.007929682010863576,-0.009251295679340838,-0.007929682010863576
2022-07-20,-0.0034564224410147913,-0.0031107801969133125,-0.0036292435630655307,-0.0031107801969133125
2022-07-21,-0.0027235024994012916,-0.00254020454056195,-0.0027706253332705688,-0.00254020454056195
2022-07-22,0.0014526780370023333,0.0012705091960391816,0.0015622129761153685,0.0012705091960391816
2022-07-25,0.0012409098336040416,0.0011479003643663252,0.0012718738111615563,0.0011479003643663252
2022-07-26,0.002331420057094672,0.002098086584202569,0.0024481825271320426,0.002098086584202569
2022-07-27,-0.0025100035273106667,-0.0023449523362288503,-0.00254955454202695,-0.0023449523362288503
2022-07-28,-0.006090766539461208,-0.005636867600635869,-0.006240127151313488,-0.005636867600635869
2022-07-29,-0.0011062589941093748,-0.0009569251091558689,-0.0012002799293574123,-0.0009569251091558689
2022-08-01,-0.00016076942433962502,-0.00010630789555660634,-0.0002071924819056625,-0.00010630789555660634
2022-08-02,0.0009392388122569582,0.0009186699208612812,0.0009128457630397876,0.0009186699208612812
2022-08-03,-0.0010296257537615833,-0.0010170104686512437,-0.0009907597511838438,-0.0010170104686512437
2022-08-04,-0.0017051258632777085,-0.001492639361170544,-0.0018323560722209873,-0.001492639361170544
2022-08-05,0.00017494098165216657,-4.2981588139705924e-05,0.000384116502361431,-4.2981588139705924e-05
2022-08-08,-0.0012672151645682084,-0.0010180481375079628,-0.0014530214334000434,-0.0010180481375079628
2022-08-09,-0.0004121302484652083,-0.0003254722913817126,-0.0004781816931254437,-0.0003254722913817126
2022-08-10,-0.006013520241038251,-0.005532067977514507,-0.0061942964925100815,-0.005532067977514507
2022-08-11,0.0005920694005695833,0.0005443685865293501,0.0006101667445813375,0.0005443685865293501
2022-08-12,-0.002893370205719625,-0.003166171521096899,-0.0029695525854974243,-0.003166171521096899
2022-08-15,0.0013230562400359583,0.0014517090520377559,0.0013358389801529308,0.0014517090520377559
2022-08-16,0.0027685193979930414,0.0027129589938530625,0.0028671439973652563,0.0027129589938530625
2022-08-17,0.0003382106403585001,0.00017938957632265026,0.00041762117237642495,0.00017938957632265026
2022-08-18,-0.000572078303148375,-0.0005148704728335377,-0.0006006822183057938,-0.0005148704728335377
2022-08-19,0.0011547050702914582,0.0010392345632623127,0.0012124403238060312,0.0010392345632623127
2022-08-22,0.001836844334188125,0.0016531599007693128,0.001928686550897531,0.0016531599007693128
2022-08-23,0.0015566790585669582,0.0014010111527102626,0.0016345130114953062,0.0014010111527102626
2022-08-24,-0.00038692456664541665,-0.00034823210998087507,-0.0004062707949776875,-0.00034823210998087507
2022-08-25,-0.00081370426676925,-0.0007323338400923252,-0.0008543894801077125,-0.0007323338400923252
2022-08-26,0.002649959385865333,0.0023849634472788003,0.0027824573551585995,0.0023849634472788003
2022-08-29,-0.00041666666666666664,-0.000375,-0.0004375,-0.000375
2022-08-30,0.0,0.0,0.0,0.0
2022-08-31,0.0,0.0,0.0,0.0
2022-09-01,-0.0023794700037379998,-0.0024984435039248996,-0.0021415230033642,-0.0024984435039248996
2022-09-02,-0.00041666666666666664,-0.0004375,-0.000375,-0.0004375
2022-09-06,-0.0005130574511780417,-0.0005387103237369438,-0.00046175170606023756,-0.0005387103237369438
2022-09-07,-0.0006868375149350832,-0.0007211793906818374,-0.000618153763441575,-0.0007211793906818374
2022-09-08,0.00023770499202041667,0.0002495902416214375,0.00021393449281837502,0.0002495902416214375
2022-09-09,0.00018200313087358332,0.0001911032874172625,0.00016380281778622502,0.0001911032874172625
2022-09-12,0.0009743712262849582,0.0010230897875992062,0.0008769341036564626,0.0010230897875992062
2022-09-13,-5.751966206674999e-05,-6.0395645170087493e-05,-5.1767695860075014e-05,-6.0395645170087493e-05
2022-09-14,-0.0006847669017717083,-0.0007190052468602938,-0.0006162902115945376,-0.0007190052468602938
2022-09-15,-0.001370289704379583,-0.0014388041895985625,-0.001233260733941625,-0.0014388041895985625
2022-09-16,-0.0003559290950698333,-0.000373725549823325,-0.0003203361855628501,-0.000373725549823325
2022-09-19,8.8899236575375e-05,9.334419840414375e-05,8.000931291783751e-05,9.334419840414375e-05
2022-09-20,0.0003023726021124583,0.0003174912322180812,0.00027213534190121254,0.0003174912322180812
2022-09-21,0.00042605468009637503,0.00044735741410119377,0.0003834492120867376,0.00044735741410119377
2022-09-22,-0.0002868268420920833,-0.00030116818419668746,-0.00025814415788287504,-0.00030116818419668746
2022-09-23,0.0003171919255646666,0.00033305152184289995,0.00028547273300820003,0.00033305152184289995
2022-09-26,-0.0005344689364973333,-0.0005611923833222,-0.0004810220428476001,-0.0005611923833222
2022-09-27,0.0006789570179292499,0.0007129048688257124,0.000611061316136325,0.0007129048688257124
2022-09-28,-0.0016283621673174168,-0.0017097802756832876,-0.0014655259505856754,-0.0017097802756832876
2022-09-29,0.0005028658861205833,0.0005280091804266125,0.00045257929750852513,0.0005280091804266125
2022-09-30,-0.0003342449450395,-0.000350957192291475,-0.0003008204505355501,-0.000350957192291475
2022-10-03,-0.00041666666666666664,-0.0004375,-0.000375,-0.0004375
2022-10-04,0.0,0.0,0.0,0.0
2022-10-05,0.0,0.0,0.0,0.0
2022-10-06,0.0,0.0,0.0,0.0
2022-10-07,0.0,0.0,0.0,0.0
2022-10-10,0.0,0.0,0.0,0.0
2022-10-11,0.0,0.0,0.0,0.0
2022-10-12,0.0,0.0,0.0,0.0
2022-10-13,0.0,0.0,0.0,0.0
2022-10-14,0.0,0.0,0.0,0.0
2022-10-17,0.0,0.0,0.0,0.0
2022-10-18,0.0,0.0,0.0,0.0
2022-10-19,0.0,0.0,0.0,0.0
2022-10-20,0.0,0.0,0.0,0.0
2022-10-21,0.0,0.0,0.0,0.0
2022-10-24,-0.002880853149856625,-0.002880853149856625,-0.002880853149856625,-0.002880853149856625
2022-10-25,-0.0033991890579141873,-0.0033991890579141873,-0.0033991890579141873,-0.0033991890579141873
2022-10-26,-0.002016322202026625,-0.002016322202026625,-0.002016322202026625,-0.002016322202026625
2022-10-27,-0.001960019690859625,-0.001960019690859625,-0.001960019690859625,-0.001960019690859625
2022-10-28,-0.0044758002899702495,-0.0044758002899702495,-0.0044758002899702495,-0.0044758002899702495
2022-10-31,-0.0050274547207643135,-0.0050274547207643135,-0.0050274547207643135,-0.0050274547207643135
2022-11-01,-0.00032611850940725,-0.00032611850940725,-0.00032611850940725,-0.00032611850940725
2022-11-02,-0.0015080845299196251,-0.0015080845299196251,-0.0015080845299196251,-0.0015080845299196251
2022-11-03,-0.002150936565160875,-0.002150936565160875,-0.002150936565160875,-0.002150936565160875
2022-11-04,0.0006183744727422501,0.0006183744727422501,0.0006183744727422501,0.0006183744727422501
2022-11-07,-0.00094999232598375,-0.00094999232598375,-0.00094999232598375,-0.00094999232598375
2022-11-08,-0.00047184830640412497,-0.00047184830640412497,-0.00047184830640412497,-0.00047184830640412497
2022-11-09,0.0006417922214886876,0.0006417922214886876,0.0006417922214886876,0.0006417922214886876
2022-11-10,-0.0019227321342775,-0.0019227321342775,-0.0019227321342775,-0.0019227321342775
2022-11-11,-0.0002501469352319375,-0.0002501469352319375,-0.0002501469352319375,-0.0002501469352319375
2022-11-14,-0.00138467993372075,-0.00138467993372075,-0.00138467993372075,-0.00138467993372075
2022-11-15,-0.0012847532249505,-0.0012847532249505,-0.0012847532249505,-0.0012847532249505
2022-11-16,-0.0013735931473876873,-0.0013735931473876873,-0.0013735931473876873,-0.0013735931473876873
2022-11-17,0.000758159973484875,0.000758159973484875,0.000758159973484875,0.000758159973484875
2022-11-18,0.003027809692625,0.003027809692625,0.003027809692625,0.003027809692625
2022-11-21,0.0011366959780455001,0.0011366959780455001,0.0011366959780455001,0.0011366959780455001
2022-11-22,-0.0029392664460154375,-0.0029392664460154375,-0.0029392664460154375,-0.0029392664460154375
2022-11-23,-0.0011515560958296957,-0.0011515560958296957,-0.0011515560958296957,-0.0011515560958296957
2022-11-25,-0.0021560933199715002,-0.0021560933199715002,-0.0021560933199715002,-0.0021560933199715002
2022-11-28,0.0010572044928834374,0.0010572044928834374,0.0010572044928834374,0.0010572044928834374
2022-11-29,0.0003689417723900625,0.0003689417723900625,0.0003689417723900625,0.0003689417723900625
2022-11-30,-0.0001341187301901875,-0.0001341187301901875,-0.0001341187301901875,-0.0001341187301901875
2022-12-01,-0.0006763296357634375,-0.0006763296357634375,-0.0006763296357634375,-0.0006763296357634375
2022-12-02,0.0004188382557780625,0.0004188382557780625,0.0004188382557780625,0.0004188382557780625
2022-12-05,0.0003667377313871875,0.0003667377313871875,0.0003667377313871875,0.0003667377313871875
2022-12-06,-8.5895503865e-05,-8.5895503865e-05,-8.5895503865e-05,-8.5895503865e-05
2022-12-07,6.80474183918125e-05,6.80474183918125e-05,6.80474183918125e-05,6.80474183918125e-05
2022-12-08,-0.0014713452686422501,-0.0014713452686422501,-0.0014713452686422501,-0.0014713452686422501
2022-12-09,-0.000625,-0.000625,-0.000625,-0.000625
2022-12-12,0.0,0.0,0.0,0.0
2022-12-13,-0.0007805381185384374,-0.0007805381185384374,-0.0007805381185384374,-0.0007805381185384374
2022-12-14,-0.0001236146094529375,-0.0001236146094529375,-0.0001236146094529375,-0.0001236146094529375
2022-12-15,0.000671060144800625,0.000671060144800625,0.000671060144800625,0.000671060144800625
2022-12-16,-0.00234743697947275,-0.00234743697947275,-0.00234743697947275,-0.00234743697947275
2022-12-19,-0.0058807097613285,-0.0058807097613285,-0.0058807097613285,-0.0058807097613285
2022-12-20,0.003995616613831313,0.003995616613831313,0.003995616613831313,0.003995616613831313
2022-12-21,0.0051663743760825,0.0051663743760825,0.0051663743760825,0.0051663743760825
2022-12-22,-0.00256295757386325,-0.00256295757386325,-0.00256295757386325,-0.00256295757386325
2022-12-23,-0.0013187756299201875,-0.0013187756299201875,-0.0013187756299201875,-0.0013187756299201875
2022-12-27,-0.005786628788871375,-0.005786628788871375,-0.005786628788871375,-0.005786628788871375
2022-12-28,-0.0011770111964166875,-0.0011770111964166875,-0.0011770111964166875,-0.0011770111964166875
2022-12-29,0.0011163455079221873,0.0011163455079221873,0.0011163455079221873,0.0011163455079221873
2022-12-30,-0.0006571107238567419,-0.0006571107238567419,-0.0006571107238567419,-0.0006571107238567419
2023-01-03,0.0007272305831618751,0.0007272305831618751,0.0007272305831618751,0.0007272305831618751
2023-01-04,0.0002213253530408125,0.0002213253530408125,0.0002213253530408125,0.0002213253530408125
2023-01-05,0.0,0.0,0.0,0.0
2023-01-06,0.0010101282853539379,0.0010101282853539379,0.0010101282853539379,0.0010101282853539379
2023-01-09,0.0025298683512347655,0.0025298683512347655,0.0025298683512347655,0.0025298683512347655
2023-01-10,0.0024713543899298014,0.0024713543899298014,0.0024713543899298014,0.0024713543899298014
2023-01-11,0.004549327285435689,0.004549327285435689,0.004549327285435689,0.004549327285435689
2023-01-12,0.0075169563066020805,0.0075169563066020805,0.0075169563066020805,0.0075169563066020805
2023-01-13,-0.0018894182680080068,-0.0018894182680080068,-0.0018894182680080068,-0.0018894182680080068
2023-01-17,0.005527818957887763,0.005527818957887763,0.005527818957887763,0.005527818957887763
2023-01-18,-0.009624214248085166,-0.009624214248085166,-0.009624214248085166,-0.009624214248085166
2023-01-19,-0.015490465401687416,-0.015490465401687416,-0.015490465401687416,-0.015490465401687416
2023-01-20,0.0017302711706668643,0.0017302711706668643,0.0017302711706668643,0.0017302711706668643
2023-01-23,-0.0005297355628883788,-0.0005297355628883788,-0.0005297355628883788,-0.0005297355628883788
2023-01-24,0.00513224989571604,0.00513224989571604,0.00513224989571604,0.00513224989571604
2023-01-25,0.004666335391967978,0.004666335391967978,0.004666335391967978,0.004666335391967978
2023-01-26,0.00802603075283014,0.00802603075283014,0.00802603075283014,0.00802603075283014
2023-01-27,-0.005256352078743216,-0.005256352078743216,-0.005256352078743216,-0.005256352078743216
2023-01-30,-0.003516050731998868,-0.003516050731998868,-0.003516050731998868,-0.003516050731998868
2023-01-31,0.004462479495529036,0.004462479495529036,0.004462479495529036,0.004462479495529036
2023-02-01,0.00495048140929754,0.00495048140929754,0.00495048140929754,0.00495048140929754
2023-02-02,0.0016377247031262303,0.0016377247031262303,0.0016377247031262303,0.0016377247031262303
2023-02-03,-0.0007748945685518728,-0.0007748945685518728,-0.0007748945685518728,-0.0007748945685518728
2023-02-06,0.0,0.0,0.0,0.0
2023-02-07,0.0,0.0,0.0,0.0
2023-02-08,0.0,0.0,0.0,0.0
2023-02-09,-0.007905667651476439,-0.007905667651476439,-0.007905667651476439,-0.007905667651476439
2023-02-10,-0.0003746712281092656,-0.0003746712281092656,-0.0003746712281092656,-0.0003746712281092656
2023-02-13,-0.015046808163859036,-0.015046808163859036,-0.015046808163859036,-0.015046808163859036
2023-02-14,-0.001265147936302806,-0.001265147936302806,-0.001265147936302806,-0.001265147936302806
2023-02-15,0.010279602696301359,0.010279602696301359,0.010279602696301359,0.010279602696301359
2023-02-16,0.00838147662425086,0.00838147662425086,0.00838147662425086,0.00838147662425086
2023-02-17,0.00399340672659112,0.00399340672659112,0.00399340672659112,0.00399340672659112
2023-02-21,0.002472142020477,0.002472142020477,0.002472142020477,0.002472142020477
2023-02-22,0.0017223203913090935,0.0017223203913090935,0.0017223203913090935,0.0017223203913090935
2023-02-23,-0.008201562978775702,-0.008201562978775702,-0.008201562978775702,-0.008201562978775702
2023-02-24,0.005009498110980784,0.005009498110980784,0.005009498110980784,0.005009498110980784
2023-02-27,0.0004150052382367841,0.0004150052382367841,0.0004150052382367841,0.0004150052382367841
2023-02-28,0.0019108772728798089,0.0019108772728798089,0.0019108772728798089,0.0019108772728798089
2023-03-01,0.006713949446767216,0.006713949446767216,0.006713949446767216,0.006713949446767216
2023-03-02,-0.004429537003637008,-0.004429537003637008,-0.004429537003637008,-0.004429537003637008
2023-03-03,-0.0030994933282507955,-0.0030994933282507955,-0.0030994933282507955,-0.0030994933282507955
2023-03-06,0.0011633109923117103,0.0011633109923117103,0.0011633109923117103,0.0011633109923117103
2023-03-07,0.0015351212028665725,0.0015351212028665725,0.0015351212028665725,0.0015351212028665725
2023-03-08,0.0018880841594698166,0.0018880841594698166,0.0018880841594698166,0.0018880841594698166
2023-03-09,-0.0007229902802982436,-0.0007229902802982436,-0.0007229902802982436,-0.0007229902802982436
2023-03-10,0.0,0.0,0.0,0.0
2023-03-13,0.0,0.0,0.0,0.0
2023-03-14,0.0,0.0,0.0,0.0
2023-03-15,0.0,0.0,0.0,0.0
2023-03-16,0.0,0.0,0.0,0.0
2023-03-17,0.0,0.0,0.0,0.0
2023-03-20,0.0,0.0,0.0,0.0
2023-03-21,0.0,0.0,0.0,0.0
2023-03-22,0.0,0.0,0.0,0.0
2023-03-23,0.0,0.0,0.0,0.0
2023-03-24,0.0,0.0,0.0,0.0
2023-03-27,0.0,0.0,0.0,0.0
2023-03-28,0.0,0.0,0.0,0.0
2023-03-29,0.0,0.0,0.0,0.0
2023-03-30,0.0,0.0,0.0,0.0
2023-03-31,-0.0008407685780554599,-0.0008407685780554599,-0.0008407685780554599,-0.0008407685780554599
2023-04-03,0.0035317626230625242,0.0035317626230625242,0.0035317626230625242,0.0035317626230625242
2023-04-04,0.0010073604743143809,0.0010073604743143809,0.0010073604743143809,0.0010073604743143809
2023-04-05,0.00446158157945311,0.00446158157945311,0.00446158157945311,0.00446158157945311
2023-04-06,0.0,0.0,0.0,0.0
2023-04-10,-0.005435835971598,-0.005435835971598,-0.005435835971598,-0.005435835971598
2023-04-11,0.0017210195499528125,0.0017210195499528125,0.0017210195499528125,0.0017210195499528125
2023-04-12,0.0028121627988246874,0.0028121627988246874,0.0028121627988246874,0.0028121627988246874
2023-04-13,-0.0012366575513689999,-0.0012366575513689999,-0.0012366575513689999,-0.0012366575513689999
2023-04-14,0.005244720936144375,0.005244720936144375,0.005244720936144375,0.005244720936144375
2023-04-17,0.015173513814583999,0.015173513814583999,0.015173513814583999,0.015173513814583999
2023-04-18,0.0036665106958744995,0.0036665106958744995,0.0036665106958744995,0.0036665106958744995
2023-04-19,0.002328073596096125,0.002328073596096125,0.002328073596096125,0.002328073596096125
2023-04-20,-0.0034729265534711243,-0.0034729265534711243,-0.0034729265534711243,-0.0034729265534711243
2023-04-21,-0.0013649222501055,-0.0013649222501055,-0.0013649222501055,-0.0013649222501055
2023-04-24,-0.0061572806158875,-0.0061572806158875,-0.0061572806158875,-0.0061572806158875
2023-04-25,-0.0013371727294543125,-0.0013371727294543125,-0.0013371727294543125,-0.0013371727294543125
2023-04-26,0.02382219384595125,0.02382219384595125,0.02382219384595125,0.02382219384595125
2023-04-27,-0.0009859506190542837,-0.0009859506190542837,-0.0009859506190542837,-0.0009859506190542837
2023-04-28,0.002992773306075689,0.002992773306075689,0.002992773306075689,0.002992773306075689
2023-05-01,-0.001229213366022315,-0.001229213366022315,-0.001229213366022315,-0.001229213366022315
2023-05-02,0.004990621181345124,0.004990621181345124,0.004990621181345124,0.004990621181345124
2023-05-03,-0.0011958586366091356,-0.0011958586366091356,-0.0011958586366091356,-0.0011958586366091356
2023-05-04,0.0029525754746640136,0.0029525754746640136,0.0029525754746640136,0.0029525754746640136
2023-05-05,0.002354810302138805,0.002354810302138805,0.002354810302138805,0.002354810302138805
2023-05-08,-0.008027323207559146,-0.008027323207559146,-0.008027323207559146,-0.008027323207559146
2023-05-09,-0.00032951445074460694,-0.00032951445074460694,-0.00032951445074460694,-0.00032951445074460694
2023-05-10,-0.00724343312609538,-0.00724343312609538,-0.00724343312609538,-0.00724343312609538
2023-05-11,-0.015331753337457309,-0.015331753337457309,-0.015331753337457309,-0.015331753337457309
2023-05-12,-0.0005574870665548472,-0.0005574870665548472,-0.0005574870665548472,-0.0005574870665548472
2023-05-15,0.0,0.0,0.0,0.0
2023-05-16,-0.006120627688050422,-0.006120627688050422,-0.006120627688050422,-0.006120627688050422
2023-05-17,-0.002588659554765252,-0.002588659554765252,-0.002588659554765252,-0.002588659554765252
2023-05-18,0.0030847662657499412,0.0030847662657499412,0.0030847662657499412,0.0030847662657499412
2023-05-19,-0.008981564123588645,-0.008981564123588645,-0.008981564123588645,-0.008981564123588645
2023-05-22,-0.007491553058014606,-0.007491553058014606,-0.007491553058014606,-0.007491553058014606
2023-05-23,0.0009263028983962835,0.0009263028983962835,0.0009263028983962835,0.0009263028983962835
2023-05-24,-0.0018443655029405977,-0.0018443655029405977,-0.0018443655029405977,-0.0018443655029405977
2023-05-25,0.012288984925041723,0.012288984925041723,0.012288984925041723,0.012288984925041723
2023-05-26,0.00529714073804369,0.00529714073804369,0.00529714073804369,0.00529714073804369
2023-05-30,-4.066189304689342e-05,-4.066189304689342e-05,-4.066189304689342e-05,-4.066189304689342e-05
2023-05-31,-0.0010971608232811176,-0.0010971608232811176,-0.0010971608232811176,-0.0010971608232811176
2023-06-01,0.0015772809381545236,0.0015772809381545236,0.0015772809381545236,0.0015772809381545236
2023-06-02,0.00025046414305010284,0.00025046414305010284,0.00025046414305010284,0.00025046414305010284
2023-06-05,-0.0023739626326870966,-0.0023739626326870966,-0.0023739626326870966,-0.0023739626326870966
2023-06-06,-0.004469790565317274,-0.004469790565317274,-0.004469790565317274,-0.004469790565317274
2023-06-07,0.0016719029275912164,0.0016719029275912164,0.0016719029275912164,0.0016719029275912164
2023-06-08,0.0023138556370431505,0.0023138556370431505,0.0023138556370431505,0.0023138556370431505
2023-06-09,0.001067226603470081,0.001067226603470081,0.001067226603470081,0.001067226603470081
2023-06-12,0.0011521953601389297,0.0011521953601389297,0.0011521953601389297,0.0011521953601389297
2023-06-13,-0.0005653687876165832,-0.0005653687876165832,-0.0005653687876165832,-0.0005653687876165832
2023-06-14,0.0,0.0,0.0,0.0
2023-06-15,0.0,0.0,0.0,0.0
2023-06-16,0.0,0.0,0.0,0.0
2023-06-20,0.0,0.0,0.0,0.0
2023-06-21,0.0,0.0,0.0,0.0
2023-06-22,0.0,0.0,0.0,0.0
2023-06-23,0.0,0.0,0.0,0.0
2023-06-26,0.0,0.0,0.0,0.0
2023-06-27,0.0,0.0,0.0,0.0
2023-06-28,0.0,0.0,0.0,0.0
2023-06-29,0.0,0.0,0.0,0.0
2023-06-30,0.0,0.0,0.0,0.0
2023-07-03,0.0,0.0,0.0,0.0
2023-07-05,0.0,0.0,0.0,0.0
2023-07-06,0.0,0.0,0.0,0.0
2023-07-07,0.00018741315694566153,0.00018741315694566153,0.00018741315694566153,0.00018741315694566153
2023-07-10,0.0,0.0,0.0,0.0
2023-07-11,-0.000517770816257375,-0.000517770816257375,-0.000517770816257375,-0.000517770816257375
2023-07-12,0.00036943545857875005,0.00036943545857875005,0.00036943545857875005,0.00036943545857875005
2023-07-13,0.0002135819655281875,0.0002135819655281875,0.0002135819655281875,0.0002135819655281875
2023-07-14,-0.000625,-0.000625,-0.000625,-0.000625
2023-07-17,0.0,0.0,0.0,0.0
2023-07-18,0.0,0.0,0.0,0.0
2023-07-19,0.0,0.0,0.0,0.0
2023-07-20,0.0,0.0,0.0,0.0
2023-07-21,0.0,0.0,0.0,0.0
2023-07-24,0.0,0.0,0.0,0.0
2023-07-25,0.0,0.0,0.0,0.0
2023-07-26,0.0,0.0,0.0,0.0
2023-07-27,0.0,0.0,0.0,0.0
2023-07-28,-0.004310982176672937,-0.004310982176672937,-0.004310982176672937,-0.004310982176672937
2023-07-31,-0.007436653448035625,-0.007436653448035625,-0.007436653448035625,-0.007436653448035625
2023-08-01,0.004650664796609562,0.004650664796609562,0.004650664796609562,0.004650664796609562
2023-08-02,-0.0004707713584161875,-0.0004707713584161875,-0.0004707713584161875,-0.0004707713584161875
2023-08-03,0.0019277300135502502,0.0019277300135502502,0.0019277300135502502,0.0019277300135502502
2023-08-04,-0.00069325801065775,-0.00069325801065775,-0.00069325801065775,-0.00069325801065775
2023-08-07,-0.00026354900914162503,-0.00026354900914162503,-0.00026354900914162503,-0.00026354900914162503
2023-08-08,0.00029425202425,0.00029425202425,0.00029425202425,0.00029425202425
2023-08-09,0.0001446055077659375,0.0001446055077659375,0.0001446055077659375,0.0001446055077659375
2023-08-10,-0.0005823343754521875,-0.0005823343754521875,-0.0005823343754521875,-0.0005823343754521875
2023-08-11,-0.0003588415723703125,-0.0003588415723703125,-0.0003588415723703125,-0.0003588415723703125
2023-08-14,-2.3659696397181544e-05,-2.3659696397181544e-05,-2.3659696397181544e-05,-2.3659696397181544e-05
2023-08-15,-0.0002276581852038125,-0.0002276581852038125,-0.0002276581852038125,-0.0002276581852038125
2023-08-16,-0.0001881778121241875,-0.0001881778121241875,-0.0001881778121241875,-0.0001881778121241875
2023-08-17,-0.00036241476610331255,-0.00036241476610331255,-0.00036241476610331255,-0.00036241476610331255
2023-08-18,0.000124188587028375,0.000124188587028375,0.000124188587028375,0.000124188587028375
2023-08-21,-0.000200516367203375,-0.000200516367203375,-0.000200516367203375,-0.000200516367203375
2023-08-22,7.51657973895625e-05,7.51657973895625e-05,7.51657973895625e-05,7.51657973895625e-05
2023-08-23,0.00027853507133625,0.00027853507133625,0.00027853507133625,0.00027853507133625
2023-08-24,-9.406139163906251e-05,-9.406139163906251e-05,-9.406139163906251e-05,-9.406139163906251e-05
2023-08-25,7.511143650056251e-05,7.511143650056251e-05,7.511143650056251e-05,7.511143650056251e-05
2023-08-28,-0.000625,-0.000625,-0.000625,-0.000625
2023-08-29,0.0,0.0,0.0,0.0
2023-08-30,0.0,0.0,0.0,0.0
2023-08-31,0.0,0.0,0.0,0.0
2023-09-01,0.0,0.0,0.0,0.0
2023-09-05,0.0,0.0,0.0,0.0
2023-09-06,0.0,0.0,0.0,0.0
2023-09-07,0.0,0.0,0.0,0.0
2023-09-08,0.0,0.0,0.0,0.0
2023-09-11,0.0,0.0,0.0,0.0
2023-09-12,0.0,0.0,0.0,0.0
2023-09-13,0.0,0.0,0.0,0.0
2023-09-14,0.0,0.0,0.0,0.0
2023-09-15,0.0,0.0,0.0,0.0
2023-09-18,0.0,0.0,0.0,0.0
2023-09-19,0.0,0.0,0.0,0.0
2023-09-20,0.0,0.0,0.0,0.0
2023-09-21,-8.62903369578125e-05,-8.62903369578125e-05,-8.62903369578125e-05,-8.62903369578125e-05
2023-09-22,0.00022128183059418752,0.00022128183059418752,0.00022128183059418752,0.00022128183059418752
2023-09-25,7.804264649925e-05,7.804264649925e-05,7.804264649925e-05,7.804264649925e-05
2023-09-26,8.2939367568875e-05,8.2939367568875e-05,8.2939367568875e-05,8.2939367568875e-05
2023-09-27,-0.0001113407028625,-0.0001113407028625,-0.0001113407028625,-0.0001113407028625
2023-09-28,0.0005874143180789375,0.0005874143180789375,0.0005874143180789375,0.0005874143180789375
2023-09-29,-0.000625,-0.000625,-0.000625,-0.000625
2023-10-02,-0.0015879240648550002,-0.0015879240648550002,-0.0015879240648550002,-0.0015879240648550002
2023-10-03,-0.0023284219091645,-0.0023284219091645,-0.0023284219091645,-0.0023284219091645
2023-10-04,0.0003367631665011875,0.0003367631665011875,0.0003367631665011875,0.0003367631665011875
2023-10-05,-0.0033180819065105624,-0.0033180819065105624,-0.0033180819065105624,-0.0033180819065105624
2023-10-06,0.0,0.0,0.0,0.0
2023-10-09,-0.0014796854504581876,-0.0014796854504581876,-0.0014796854504581876,-0.0014796854504581876
2023-10-10,0.0003369582577768125,0.0003369582577768125,0.0003369582577768125,0.0003369582577768125
2023-10-11,0.0016366432286793748,0.0016366432286793748,0.0016366432286793748,0.0016366432286793748
2023-10-12,-0.0007946313810400001,-0.0007946313810400001,-0.0007946313810400001,-0.0007946313810400001
2023-10-13,0.00048732736653024996,0.00048732736653024996,0.00048732736653024996,0.00048732736653024996
2023-10-16,-0.0008012577660123125,-0.0008012577660123125,-0.0008012577660123125,-0.0008012577660123125
2023-10-17,0.0013641934107163126,0.0013641934107163126,0.0013641934107163126,0.0013641934107163126
2023-10-18,-0.0020183103304965205,-0.0020183103304965205,-0.0020183103304965205,-0.0020183103304965205
2023-10-19,-0.0016637338521333124,-0.0016637338521333124,-0.0016637338521333124,-0.0016637338521333124
2023-10-20,-0.0018070605103334375,-0.0018070605103334375,-0.0018070605103334375,-0.0018070605103334375
2023-10-23,-0.0002571790777323125,-0.0002571790777323125,-0.0002571790777323125,-0.0002571790777323125
2023-10-24,0.0007348035020264999,0.0007348035020264999,0.0007348035020264999,0.0007348035020264999
2023-10-25,-0.0008410359457275001,-0.0008410359457275001,-0.0008410359457275001,-0.0008410359457275001
2023-10-26,-3.7343726992625006e-05,-3.7343726992625006e-05,-3.7343726992625006e-05,-3.7343726992625006e-05
2023-10-27,-0.0005023069450890626,-0.0005023069450890626,-0.0005023069450890626,-0.0005023069450890626
2023-10-30,0.0006664187806846875,0.0006664187806846875,0.0006664187806846875,0.0006664187806846875
2023-10-31,6.143092656727631e-05,6.143092656727631e-05,6.143092656727631e-05,6.143092656727631e-05
2023-11-01,-0.0006324565044516874,-0.0006324565044516874,-0.0006324565044516874,-0.0006324565044516874
2023-11-02,0.00180194681343075,0.00180194681343075,0.00180194681343075,0.00180194681343075
2023-11-03,-0.0006752626721474375,-0.0006752626721474375,-0.0006752626721474375,-0.0006752626721474375
2023-11-06,-0.0006377420724135625,-0.0006377420724135625,-0.0006377420724135625,-0.0006377420724135625
2023-11-07,0.0010452284564633125,0.0010452284564633125,0.0010452284564633125,0.0010452284564633125
2023-11-08,0.001355880424900625,0.001355880424900625,0.001355880424900625,0.001355880424900625
2023-11-09,-0.0007145092472888126,-0.0007145092472888126,-0.0007145092472888126,-0.0007145092472888126
2023-11-10,0.000561163430926625,0.000561163430926625,0.000561163430926625,0.000561163430926625
2023-11-13,0.0008802761909019376,0.0008802761909019376,0.0008802761909019376,0.0008802761909019376
2023-11-14,-0.000833933917297625,-0.000833933917297625,-0.000833933917297625,-0.000833933917297625
2023-11-15,0.00043866007632366614,0.00043866007632366614,0.00043866007632366614,0.00043866007632366614
2023-11-16,-0.0015993026080086874,-0.0015993026080086874,-0.0015993026080086874,-0.0015993026080086874
2023-11-17,0.00038879496538856247,0.00038879496538856247,0.00038879496538856247,0.00038879496538856247
2023-11-20,0.0001778641752686875,0.0001778641752686875,0.0001778641752686875,0.0001778641752686875
2023-11-21,-0.000625,-0.000625,-0.000625,-0.000625
2023-11-22,0.0,0.0,0.0,0.0
2023-11-24,0.0,0.0,0.0,0.0
2023-11-27,0.0,0.0,0.0,0.0
2023-11-28,0.0,0.0,0.0,0.0
2023-11-29,0.0,0.0,0.0,0.0
2023-11-30,0.0,0.0,0.0,0.0
2023-12-01,0.0,0.0,0.0,0.0
2023-12-04,0.0,0.0,0.0,0.0
2023-12-05,0.0,0.0,0.0,0.0
2023-12-06,-0.0005566546310058124,-0.0005566546310058124,-0.0005566546310058124,-0.0005566546310058124
2023-12-07,-3.355920089437277e-06,-3.355920089437277e-06,-3.355920089437277e-06,-3.355920089437277e-06
2023-12-08,0.0004888705177834375,0.0004888705177834375,0.0004888705177834375,0.0004888705177834375
2023-12-11,0.0001106615476300625,0.0001106615476300625,0.0001106615476300625,0.0001106615476300625
2023-12-12,7.14645751505e-05,7.14645751505e-05,7.14645751505e-05,7.14645751505e-05
2023-12-13,-0.000455862908833375,-0.000455862908833375,-0.000455862908833375,-0.000455862908833375
2023-12-14,-0.0004614242567195625,-0.0004614242567195625,-0.0004614242567195625,-0.0004614242567195625
2023-12-15,0.00032888607948474997,0.00032888607948474997,0.00032888607948474997,0.00032888607948474997
2023-12-18,-9.75534021208125e-05,-9.75534021208125e-05,-9.75534021208125e-05,-9.75534021208125e-05
2023-12-19,-1.4177015477739863e-05,-1.4177015477739863e-05,-1.4177015477739863e-05,-1.4177015477739863e-05
2023-12-20,0.002187929759630625,0.002187929759630625,0.002187929759630625,0.002187929759630625
2023-12-21,-0.0014251723718289376,-0.0014251723718289376,-0.0014251723718289376,-0.0014251723718289376
2023-12-22,-0.0001521812698644375,-0.0001521812698644375,-0.0001521812698644375,-0.0001521812698644375
2023-12-26,-1.8034589968571552e-05,-1.8034589968571552e-05,-1.8034589968571552e-05,-1.8034589968571552e-05
2023-12-27,-0.0002460685158150625,-0.0002460685158150625,-0.0002460685158150625,-0.0002460685158150625
2023-12-28,6.2886713730875e-05,6.2886713730875e-05,6.2886713730875e-05,6.2886713730875e-05
2023-12-29,-0.001063999820216625,-0.001063999820216625,-0.001063999820216625,-0.001063999820216625
2024-01-02,0.0007467894637029376,0.0007467894637029376,0.0007467894637029376,0.0007467894637029376
2024-01-03,-0.000534273038747375,-0.000534273038747375,-0.000534273038747375,-0.000534273038747375
2024-01-04,-0.000625,-0.000625,-0.000625,-0.000625
2024-01-05,0.0,0.0,0.0,0.0
2024-01-08,0.0,0.0,0.0,0.0
2024-01-09,0.0,0.0,0.0,0.0
2024-01-10,0.0,0.0,0.0,0.0
2024-01-11,0.0,0.0,0.0,0.0
2024-01-12,0.0,0.0,0.0,0.0
2024-01-16,-0.0014151660944317914,-0.0012736494849886126,-0.0014859243991533811,-0.0014859243991533811
2024-01-17,0.0033561363307857495,0.0030205226977071753,0.003523943147325037,0.003523943147325037
2024-01-18,-0.006060126072665291,-0.005454113465398763,-0.006363132376298555,-0.006363132376298555
2024-01-19,-0.009018674144180708,-0.00813595612098612,-0.009450458460166263,-0.009450458460166263
2024-01-22,0.004013954341303958,0.003350390742257594,0.004404387417978698,0.004404387417978698
2024-01-23,0.005596471885223333,0.005805701783348374,0.005085022094199888,0.005085022094199888
2024-01-24,0.001393474302470708,0.0014193868889481747,0.0010620893692974754,0.0010620893692974754
2024-01-25,-0.01790233135314479,-0.016824160982891176,-0.018662092897776414,-0.018662092897776414
2024-01-26,0.010222212558235917,0.009697341013680895,0.010407237608341363,0.010407237608341363
2024-01-29,-0.00019345005292716662,-0.0003736844394974624,7.57786616918996e-05,7.57786616918996e-05
2024-01-30,-0.0024171379186734582,-0.0023672336598146875,-0.002279968470526456,-0.002279968470526456
2024-01-31,0.019139715096954002,0.01925326541074281,0.019980756592844,0.019980756592844
2024-02-01,-0.002293578650908167,-0.0017154688851158948,-0.0022799570493950566,-0.0022799570493950566
2024-02-02,0.012910287539632834,0.013331776142390964,0.013747549463939975,0.013747549463939975
2024-02-05,-0.0068107282991968325,-0.006247017271087375,-0.007096402912346449,-0.007096402912346449
2024-02-06,0.005029636613517207,0.004657384168272563,0.005293887317660701,0.005293887317660701
2024-02-07,0.004588582023315166,0.004074081540451875,0.004880725676454775,0.004880725676454775
2024-02-08,0.0020118119770588753,0.002029227255323675,0.002034825226796418,0.002034825226796418
2024-02-09,3.835201449625e-05,0.0001758432749099122,-0.00010677258024451559,-0.00010677258024451559
2024-02-12,-0.002565904774679291,-0.0027042696307195994,-0.0022632433912814272,-0.0022632433912814272
2024-02-13,0.00074052880653675,0.0008700104213758685,0.0005834401825732394,0.0005834401825732394
2024-02-14,-0.001192990928253875,-0.0011869092412866938,-0.0012986691812992477,-0.0012986691812992477
2024-02-15,-0.002621087847051833,-0.0029992998165133057,-0.0026352835967213455,-0.0026352835967213455
2024-02-16,-0.003356738315785667,-0.003532160489257538,-0.003444501663972233,-0.003444501663972233
2024-02-20,0.004016843827519,0.004153802349189694,0.0041991116070164616,0.0041991116070164616
2024-02-21,0.0016462585929144583,0.0015997612898496125,0.0017132527481476584,0.0017132527481476584
2024-02-22,-0.0015068250733273336,-0.0019209825950175373,-0.0015676600455667004,-0.0015676600455667004
2024-02-23,-0.0007310384574413333,-0.0007528667727724498,-0.0007596442936390909,-0.0007596442936390909
2024-02-26,-0.011940171138463292,-0.0123049785721647,-0.012402695874148401,-0.012402695874148401
2024-02-27,0.003021653386680763,0.0032912017480360126,0.0030440335614989695,0.0030440335614989695
2024-02-28,-0.003906920599871014,-0.004184525567253369,-0.003935521260434785,-0.003935521260434785
2024-02-29,0.0019522328332697964,0.0020922949263033276,0.0017039590266718883,0.0017039590266718883
2024-03-01,-0.006488309587351815,-0.006289565235291844,-0.0067535213717617604,-0.0067535213717617604
2024-03-04,-0.0048965567367086705,-0.004570073949496086,-0.0057225012956885896,-0.0057225012956885896
2024-03-05,-0.008353591622555931,-0.007926505828739033,-0.008216473013023293,-0.008216473013023293
2024-03-06,-0.009585766430191753,-0.010145136285774795,-0.008705350327091802,-0.008705350327091802
2024-03-07,0.00826770879881232,0.008195365009509924,0.008118230898057171,0.008118230898057171
2024-03-08,0.005804995426671004,0.006178885764274191,0.005493604856571219,0.005493604856571219
2024-03-11,0.014837905937620043,0.014652808950298822,0.014968411262118302,0.014968411262118302
2024-03-12,-0.0013250533332776243,-0.0013932771235546865,-0.001228110530538276,-0.001228110530538276
2024-03-13,0.0018305165001714875,0.0020601410593710763,0.0015004936689259275,0.0015004936689259275
2024-03-14,0.001597684019734946,0.0016715924686660948,0.0014284002042029285,0.0014284002042029285
2024-03-15,0.0012410311526092018,0.0010414064248158177,0.0013508749553135815,0.0013508749553135815
2024-03-18,-0.0019579581253369215,-0.0017185313006673486,-0.002060301336021014,-0.002060301336021014
2024-03-19,0.0042400611768776365,0.003986189809755833,0.004455739544119589,0.004455739544119589
2024-03-20,0.002098002203347558,0.0020636012132070392,0.001863823474844309,0.001863823474844309
2024-03-21,-0.004479825139310303,-0.004539922466197622,-0.0038998383166641394,-0.0038998383166641394
2024-03-22,-0.0049567569295006315,-0.005151401792899126,-0.005085266048550338,-0.005085266048550338
2024-03-25,-0.0016596416779126263,-0.0013736596256082995,-0.0015920501836451852,-0.0015920501836451852
2024-03-26,0.0018372673813719686,0.0013608226229603663,0.0019020793440381384,0.0019020793440381384
2024-03-27,0.0007238470392020176,0.000734020989969907,0.0007816632218012979,0.0007816632218012979
2024-03-28,0.0010048928734836297,0.0009721843341144139,0.0010158463915877613,0.0010158463915877613
2024-04-01,-0.009255860430554645,-0.009508019480488275,-0.009357899048905176,-0.009357899048905176
2024-04-02,-0.018725177668829366,-0.01708005455845828,-0.01892074951381014,-0.01892074951381014
2024-04-03,0.002042718136695568,0.0020008243359023376,0.002060377983559774,0.002060377983559774
2024-04-04,0.0027707757662165924,0.003240346242505097,0.002795129392786452,0.002795129392786452
2024-04-05,0.00041510126762360814,0.0004603472528766381,0.00041872870375909846,0.00041872870375909846
2024-04-08,-0.002807009131801998,-0.003085932583728167,-0.0028315297614563213,-0.0028315297614563213
2024-04-09,0.0,0.0,0.0,0.0
2024-04-10,0.0,0.0,0.0,0.0
2024-04-11,-0.000295174209271625,-0.00030993291973520625,-0.0002656567883444626,-0.00030993291973520625
2024-04-12,-0.003734040204700583,-0.003920742214935612,-0.004009572980089674,-0.003920742214935612
2024-04-15,0.006798408575548333,0.0071383290043257495,0.007145882907932612,0.0071383290043257495
2024-04-16,0.006739951196669832,0.007076948756503325,0.007133255417050949,0.007076948756503325
2024-04-17,0.003234608734832542,0.0033963391715741685,0.0033116690349331,0.0033963391715741685
2024-04-18,-0.0008505298329455416,-0.0008930563245928189,-0.0008279768496509876,-0.0008930563245928189
2024-04-19,-4.033467016047962e-05,-4.23514036685036e-05,-3.630120314443166e-05,-4.23514036685036e-05
2024-04-22,0.000233120912849375,0.00024477695849184377,0.00020980882156443754,0.00024477695849184377
2024-04-23,0.00034858476033741665,0.00036601399835428747,0.000313726284303675,0.00036601399835428747
2024-04-24,-0.00041666666666666664,-0.0004375,-0.000375,-0.0004375
2024-04-25,0.0,0.0,0.0,0.0
2024-04-26,0.0,0.0,0.0,0.0
2024-04-29,0.0,0.0,0.0,0.0
2024-04-30,0.006212207765015083,0.006522818153265837,0.006522818153265837,0.006522818153265837
2024-05-01,0.0026637379781165827,0.0027969248770224123,0.0027969248770224123,0.0027969248770224123
2024-05-02,-0.008735165078169916,-0.009171923332078412,-0.009171923332078412,-0.009171923332078412
2024-05-03,-0.023880782373300415,-0.025074821491965438,-0.025074821491965438,-0.025074821491965438
2024-05-06,-0.00041666666666666664,-0.0004375,-0.0004375,-0.0004375
2024-05-07,0.0,0.0,0.0,0.0
2024-05-08,-0.0011627155739065,-0.001220851352601825,-0.001220851352601825,-0.001220851352601825
2024-05-09,-0.004093941987388666,-0.0042986390867581,-0.0042986390867581,-0.0042986390867581
2024-05-10,0.0028663082351695,0.003009623646927975,0.003009623646927975,0.003009623646927975
2024-05-13,-0.007299216459099082,-0.007664177282054037,-0.007664177282054037,-0.007664177282054037
2024-05-14,-0.0025375414727535415,-0.0026644185463912187,-0.0026644185463912187,-0.0026644185463912187
2024-05-15,-0.005027356366683625,-0.005278724185017806,-0.005278724185017806,-0.005278724185017806
2024-05-16,-0.0002703731470179583,-0.0002838918043688562,-0.0002838918043688562,-0.0002838918043688562
2024-05-17,-6.807672065845834e-05,-7.148055669138124e-05,-7.148055669138124e-05,-7.148055669138124e-05
2024-05-20,-0.0025484423274296664,-0.00267586444380115,-0.00267586444380115,-0.00267586444380115
2024-05-21,-0.0028434040402216245,-0.0029855742422327056,-0.0029855742422327056,-0.0029855742422327056
2024-05-22,0.0031354337273488747,0.0032922054137163185,0.0032922054137163185,0.0032922054137163185
2024-05-23,0.008714976338958708,0.009150725155906644,0.009150725155906644,0.009150725155906644
2024-05-24,-0.0068531766443265,-0.0071958354765428246,-0.0071958354765428246,-0.0071958354765428246
2024-05-28,-2.1218105193064128e-05,-2.2279010452717333e-05,-2.2279010452717333e-05,-2.2279010452717333e-05
2024-05-29,-0.0006594965814978749,-0.0006924714105727688,-0.0006924714105727688,-0.0006924714105727688
2024-05-30,-0.0022359539413654584,-0.0023477516384337307,-0.0023477516384337307,-0.0023477516384337307
2024-05-31,-0.002077878930107125,-0.002181772876612481,-0.002181772876612481,-0.002181772876612481
2024-06-03,-0.003843567495791208,-0.004035745870580768,-0.004035745870580768,-0.004035745870580768
2024-06-04,-0.0006622164269696249,-0.0006953272483181062,-0.0006953272483181062,-0.0006953272483181062
2024-06-05,-0.00041666666666666664,-0.0004375,-0.0004375,-0.0004375
2024-06-06,0.0,0.0,0.0,0.0
2024-06-07,0.0,0.0,0.0,0.0
2024-06-10,0.0,0.0,0.0,0.0
2024-06-11,0.0,0.0,0.0,0.0
2024-06-12,-0.011860362180800332,-0.01245338028984035,-0.01245338028984035,-0.01245338028984035
2024-06-13,-0.0011023511451790416,-0.0011574687024379937,-0.0010546160306611377,-0.0011574687024379937
2024-06-14,0.00028534358357475,0.0002996107627534875,0.00025680922521727505,0.0002996107627534875
2024-06-17,0.00022700177473554167,0.00023835186347231877,0.00020430159726198756,0.00023835186347231877
2024-06-18,-0.00021935322112333333,-0.0002303208821795,-0.00019741789901100003,-0.0002303208821795
2024-06-20,-3.069575376232923e-05,-3.2230541450445685e-05,-2.762617838609631e-05,-3.2230541450445685e-05
2024-06-21,-6.312630126745833e-05,-6.628261633083125e-05,-5.681367114071251e-05,-6.628261633083125e-05
2024-06-24,0.000230858975535125,0.00024240192431188126,0.00020777307798161256,0.00024240192431188126
2024-06-25,-4.787412921308333e-05,-5.0267835673737497e-05,-4.308671629177501e-05,-5.0267835673737497e-05
2024-06-26,6.352504060629167e-05,6.670129263660624e-05,5.717253654566251e-05,6.670129263660624e-05
2024-06-27,-0.00041666666666666664,-0.0004375,-0.000375,-0.0004375
2024-06-28,0.0,0.0,0.0,0.0
2024-07-01,0.0,0.0,0.0,0.0
2024-07-02,0.0,0.0,0.0,0.0
2024-07-03,0.0,0.0,0.0,0.0
2024-07-05,-0.0010152557744434998,-0.0010660185631656749,-0.00091373019699915,-0.0010660185631656749
2024-07-08,-0.01962997377886408,-0.017640481047968833,-0.020637967820816127,-0.017640481047968833
2024-07-09,-0.0005698687561975,-0.000535862194007375,-0.0005589640604468044,-0.000535862194007375
2024-07-10,0.0,0.0,0.0,0.0
2024-07-11,0.0,0.0,0.0,0.0
2024-07-12,-0.00087926114093525,-0.00087926114093525,-0.00087926114093525,-0.00087926114093525
2024-07-15,-0.000469118846847375,-0.000469118846847375,-0.000469118846847375,-0.000469118846847375
2024-07-16,0.0003187570739416875,0.0003187570739416875,0.0003187570739416875,0.0003187570739416875
2024-07-17,-0.00035022758196343756,-0.00035022758196343756,-0.00035022758196343756,-0.00035022758196343756
2024-07-18,2.5912071320085978e-05,2.5912071320085978e-05,2.5912071320085978e-05,2.5912071320085978e-05
2024-07-19,0.0004678233731878125,0.0004678233731878125,0.0004678233731878125,0.0004678233731878125
2024-07-22,-4.844758005949467e-05,-4.844758005949467e-05,-4.844758005949467e-05,-4.844758005949467e-05
2024-07-23,-0.000573356632902,-0.000573356632902,-0.000573356632902,-0.000573356632902
2024-07-24,-0.0007843266044636874,-0.0007843266044636874,-0.0007843266044636874,-0.0007843266044636874
2024-07-25,0.0003463513422730625,0.0003463513422730625,0.0003463513422730625,0.0003463513422730625
2024-07-26,-0.0008799038675591875,-0.0008799038675591875,-0.0008799038675591875,-0.0008799038675591875
2024-07-29,0.00012470595181575002,0.00012470595181575002,0.00012470595181575002,0.00012470595181575002
2024-07-30,-0.0003209448640965,-0.0003209448640965,-0.0003209448640965,-0.0003209448640965
2024-07-31,-0.0016580674160764377,-0.0016580674160764377,-0.0016580674160764377,-0.0016580674160764377
2024-08-01,-0.0005188168000314375,-0.0005188168000314375,-0.0005188168000314375,-0.0005188168000314375
2024-08-02,-0.0019031103434811875,-0.0019031103434811875,-0.0019031103434811875,-0.0019031103434811875
2024-08-05,0.0004131370864695,0.0004131370864695,0.0004131370864695,0.0004131370864695
2024-08-06,0.00034785036853512497,0.00034785036853512497,0.00034785036853512497,0.00034785036853512497
2024-08-07,0.005116869628072562,0.005116869628072562,0.005116869628072562,0.005116869628072562
2024-08-08,-0.00027435215533050004,-0.00027435215533050004,-0.00027435215533050004,-0.00027435215533050004
2024-08-09,-0.0002123456897055,-0.0002123456897055,-0.0002123456897055,-0.0002123456897055
2024-08-12,-0.0006736907148830625,-0.0006736907148830625,-0.0006736907148830625,-0.0006736907148830625
2024-08-13,-0.0008766920080905,-0.0008766920080905,-0.0008766920080905,-0.0008766920080905
2024-08-14,0.0004335677696525,0.0004335677696525,0.0004335677696525,0.0004335677696525
2024-08-15,0.0015218110525810624,0.0015218110525810624,0.0015218110525810624,0.0015218110525810624
2024-08-16,-0.0003148823321789375,-0.0003148823321789375,-0.0003148823321789375,-0.0003148823321789375
2024-08-19,0.0001562273332636875,0.0001562273332636875,0.0001562273332636875,0.0001562273332636875
2024-08-20,-0.000510106441172875,-0.000510106441172875,-0.000510106441172875,-0.000510106441172875
2024-08-21,-0.00083791478169025,-0.00083791478169025,-0.00083791478169025,-0.00083791478169025
2024-08-22,-0.000625,-0.000625,-0.000625,-0.000625
2024-08-23,0.0,0.0,0.0,0.0
2024-08-26,0.0,0.0,0.0,0.0
2024-08-27,0.0,0.0,0.0,0.0
2024-08-28,0.0,0.0,0.0,0.0
2024-08-29,0.0,0.0,0.0,0.0
2024-08-30,0.0,0.0,0.0,0.0
2024-09-03,0.0,0.0,0.0,0.0
2024-09-04,-0.003337699884189875,-0.003337699884189875,-0.003337699884189875,-0.003337699884189875
2024-09-05,0.0028022514474066247,0.0028022514474066247,0.0028022514474066247,0.0028022514474066247
2024-09-06,-0.000625,-0.000625,-0.000625,-0.000625
2024-09-09,0.0,0.0,0.0,0.0
2024-09-10,0.0,0.0,0.0,0.0
2024-09-11,-0.0022191956246031875,-0.0022191956246031875,-0.0022191956246031875,-0.0022191956246031875
2024-09-12,-0.0023304123985998125,-0.0023304123985998125,-0.0023304123985998125,-0.0023304123985998125
2024-09-13,-0.00268133754473375,-0.00268133754473375,-0.00268133754473375,-0.00268133754473375
2024-09-16,-0.01041011686799125,-0.01041011686799125,-0.01041011686799125,-0.01041011686799125
2024-09-17,-0.001570535164115375,-0.001570535164115375,-0.001570535164115375,-0.001570535164115375
2024-09-18,0.009115276155892625,0.009115276155892625,0.009115276155892625,0.009115276155892625
2024-09-19,0.008459533565728438,0.008459533565728438,0.008459533565728438,0.008459533565728438
2024-09-20,0.001026730563011375,0.001026730563011375,0.001026730563011375,0.001026730563011375
2024-09-23,-0.0016382807922478125,-0.0016382807922478125,-0.0016382807922478125,-0.0016382807922478125
2024-09-24,-0.000625,-0.000625,-0.000625,-0.000625
2024-09-25,0.0,0.0,0.0,0.0
2024-09-26,0.0,0.0,0.0,0.0
2024-09-27,0.0,0.0,0.0,0.0
2024-09-30,0.0,0.0,0.0,0.0
2024-10-01,0.0,0.0,0.0,0.0
2024-10-02,0.0,0.0,0.0,0.0
2024-10-03,0.0,0.0,0.0,0.0
2024-10-04,0.0,0.0,0.0,0.0
2024-10-07,0.0,0.0,0.0,0.0
2024-10-08,0.0,0.0,0.0,0.0
2024-10-09,-0.0008810322264710833,-0.0006554532815973126,-0.0007597746299165501,-0.0006554532815973126
2024-10-10,0.001266270073627,0.001155112331985844,0.0013569685698123187,0.001155112331985844
2024-10-11,-0.0018084143580638008,-0.0017794097102689663,-0.0018934431868364331,-0.0017794097102689663
2024-10-14,-0.002520925492876375,-0.0021334913911779008,-0.0025011717812591376,-0.0021334913911779008
2024-10-15,0.0049761312475737505,0.0048397343105482,0.004954037401776412,0.0048397343105482
2024-10-16,-0.003173084313787208,-0.0029189421929143376,-0.0032383394652484437,-0.0029189421929143376
2024-10-17,0.0011133427125885,0.0009864442097819999,0.0012430474679569188,0.0009864442097819999
2024-10-18,0.0025454486197960414,0.002549289605807681,0.0025803755956479188,0.002549289605807681
2024-10-21,0.0024245394149142083,0.0022025532090098627,0.0026327956806926622,0.0022025532090098627
2024-10-22,0.01162185085156283,0.011213623435109288,0.012136568505125709,0.011213623435109288
2024-10-23,0.0013704573290009583,0.0015014801954510058,0.0014646399548382122,0.0015014801954510058
2024-10-24,0.00024290690155445827,0.00025505224663218134,9.570277079190028e-05,0.00025505224663218134
2024-10-25,0.0013087012457390832,0.0013741363080260376,0.0013488567965514188,0.0013741363080260376
2024-10-28,-0.0020372648329033747,-0.0021391280745485437,-0.002153711148569906,-0.0021391280745485437
2024-10-29,-0.00046611687116670836,-0.0004894227147250438,-0.0003614993279848252,-0.0004894227147250438
2024-10-30,0.002496578861888708,0.0026214078049831436,0.0023524832830794005,0.0026214078049831436
2024-10-31,-0.012931250981295082,-0.013577813530359837,-0.013515313530359837,-0.013577813530359837
2024-11-01,0.0029758338633105413,0.0031246255564760686,0.0031246255564760686,0.0031246255564760686
2024-11-04,7.437497564691667e-05,7.80937244292625e-05,7.80937244292625e-05,7.80937244292625e-05
2024-11-05,-0.0004839504052555416,-0.0005081479255183187,-0.0005081479255183187,-0.0005081479255183187
2024-11-06,0.006259447434257125,0.00657241980596998,0.00657241980596998,0.00657241980596998
2024-11-07,-0.0006604243650249582,-0.0006934455832762062,-0.0006934455832762062,-0.0006934455832762062
2024-11-08,-0.001480201605698625,-0.0015542116859835562,-0.0015542116859835562,-0.0015542116859835562
2024-11-11,-0.0018133277132794164,-0.0019039940989433873,-0.0019039940989433873,-0.0019039940989433873
2024-11-12,0.0031455572873945,0.003302835151764225,0.003302835151764225,0.003302835151764225
2024-11-13,0.0025271004642534994,0.002653455487466175,0.002653455487466175,0.002653455487466175
2024-11-14,0.00177155046013125,0.0018601279831378125,0.0018601279831378125,0.0018601279831378125
2024-11-15,-0.003109299168180125,-0.003264764126589131,-0.003264764126589131,-0.003264764126589131
2024-11-18,0.0004613453458589167,0.00048441261315186254,0.00048441261315186254,0.00048441261315186254
2024-11-19,-0.00041666666666666664,-0.0004375,-0.0004375,-0.0004375
2024-11-20,0.0,0.0,0.0,0.0
2024-11-21,0.0,0.0,0.0,0.0
2024-11-22,0.0,0.0,0.0,0.0
2024-11-25,0.0,0.0,0.0,0.0
2024-11-26,0.0,0.0,0.0,0.0
2024-11-27,0.0,0.0,0.0,0.0
2024-11-29,0.0,0.0,0.0,0.0
2024-12-02,0.0,0.0,0.0,0.0
2024-12-03,0.0,0.0,0.0,0.0
2024-12-04,0.0,0.0,0.0,0.0
2024-12-05,0.0,0.0,0.0,0.0
2024-12-06,0.0020098011027721253,0.002110291157910731,0.002110291157910731,0.002110291157910731
2024-12-09,-0.0036574958858065416,-0.0038403706800968686,-0.0038403706800968686,-0.0038403706800968686
2024-12-10,0.002931245222034833,0.0030778074831365747,0.0030778074831365747,0.0030778074831365747
2024-12-11,-0.0020117361847199165,-0.0021123229939559126,-0.001963441811747131,-0.0021123229939559126
2024-12-12,-0.000616424914561625,-0.0006472461602897062,-0.0006663969142027999,-0.0006472461602897062
2024-12-13,-0.00123846767279775,-0.0013003910564376372,-0.0012028433480787627,-0.0013003910564376372
2024-12-16,-0.002736959854977583,-0.0028738078477264623,-0.0027524477714539314,-0.0028738078477264623
2024-12-17,-0.0032057571333752497,-0.0033660449900440115,-0.003307446136624806,-0.0033660449900440115
2024-12-18,0.006910240407563375,0.007255752427941542,0.007186457042723318,0.007255752427941542
2024-12-19,0.0010346862454975415,0.0010864205577724186,0.0009162396725460689,0.0010864205577724186
2024-12-20,-0.0004667593978550832,-0.0004900973677478371,-0.0007025826224472619,-0.0004900973677478371
2024-12-23,0.003608654237087083,0.0037890869489414377,0.0038515869489414377,0.0037890869489414377
2024-12-24,-0.001082562555864375,-0.0011366906836575935,-0.0011366906836575935,-0.0011366906836575935
2024-12-26,-9.740041542120832e-05,-0.00010227043619226876,-0.00010227043619226876,-0.00010227043619226876
2024-12-27,0.004307485586087375,0.004522859865391743,0.004522859865391743,0.004522859865391743
2024-12-30,0.002069140402236875,0.0021725974223487186,0.0021725974223487186,0.0021725974223487186
2024-12-31,0.0010707290530894166,0.0011242655057438875,0.0011242655057438875,0.0011242655057438875
