date,segment,portfolio_return_unscaled,portfolio_gross_return_unscaled,pair_turnover,leverage,strategy_return,active_pairs
2017-07-05,0,0.0,0.0,0.0,1.25,0.0,3
2017-07-06,0,0.001344069342096,0.002044069342096,0.7,1.25,0.0016800866776201,3
2017-07-07,0,-0.0003243453172461,-0.0003243453172461,0.0,1.25,-0.0004054316465577,3
2017-07-10,0,-0.0023346492955913,-0.0023346492955913,0.0,1.25,-0.0029183116194891,3
2017-07-11,0,-0.0017084848357907,-0.0017084848357907,0.0,1.25,-0.0021356060447384,3
2017-07-12,0,-0.0066354211689526,-0.0063354211689526,0.3,1.25,-0.0082942764611908,3
2017-07-13,0,-0.001848130911674,-0.001148130911674,0.7,1.25,-0.0023101636395926,3
2017-07-14,0,-0.0030049536286081,-0.0023049536286081,0.7,1.25,-0.0037561920357601,3
2017-07-17,0,0.002530431242494,0.002530431242494,0.0,1.25,0.0031630390531175,3
2017-07-18,0,-0.0016932474182428,-0.0016932474182428,0.0,1.25,-0.0021165592728036,3
2017-07-19,0,-0.0027890897042824,-0.0027890897042824,0.0,1.25,-0.003486362130353,3
2017-07-20,0,0.0016583398171853,0.0016583398171853,0.0,1.25,0.0020729247714817,3
2017-07-21,0,-0.0007460862016748,-0.0007460862016748,0.0,1.25,-0.0009326077520935,3
2017-07-24,0,-0.0018442892618202,-0.0018442892618202,0.0,1.25,-0.0023053615772752,3
2017-07-25,0,0.0019191823506203,0.0019191823506203,0.0,1.25,0.0023989779382754,3
2017-07-26,0,0.0005861973512625,0.0005861973512625,0.0,1.25,0.0007327466890782,3
2017-07-27,0,-0.0048521859283058,-0.0048521859283058,0.0,1.25,-0.0060652324103823,3
2017-07-28,0,-0.005566377764397,-0.005566377764397,0.0,1.25,-0.0069579722054962,3
2017-07-31,0,-0.0008286906078168,-0.0008286906078168,0.0,1.25,-0.001035863259771,3
2017-08-01,0,0.0011522892689373,0.0011522892689373,0.0,1.25,0.0014403615861717,3
2017-08-02,0,-0.0002063150082116,-0.0002063150082116,0.0,1.25,-0.0002578937602645,3
2017-08-03,0,0.0007438960639226,0.0007438960639226,0.0,1.25,0.0009298700799033,3
2017-08-04,0,-0.0015654027926496,-0.0012154027926496,0.35,1.25,-0.001956753490812,3
2017-08-07,0,-0.0031495060485156,-0.0031495060485156,0.0,1.25,-0.0039368825606445,3
2017-08-08,0,-0.0007032115293111,-0.0004032115293111,0.3,1.25,-0.0008790144116389,3
2017-08-09,0,-0.0005763364485864,-0.0002763364485864,0.3,1.25,-0.000720420560733,3
2017-08-10,0,-0.000291352196721,5.864780327892859e-05,0.35,1.25,-0.0003641902459013,3
2017-08-11,0,0.0009506281743372,0.0009506281743372,0.0,1.25,0.0011882852179215,3
2017-08-14,0,-0.0003492684472864,-0.0003492684472864,0.0,1.25,-0.000436585559108,3
2017-08-15,0,-0.0003141292246893,-0.0003141292246893,0.0,1.25,-0.0003926615308616,3
2017-08-16,0,0.0002818373996764,0.0002818373996764,0.0,1.25,0.0003522967495956,3
2017-08-17,0,0.0003542686209654,0.0003542686209654,0.0,1.25,0.0004428357762067,3
2017-08-18,0,-0.000784368761271,-0.000784368761271,0.0,1.25,-0.0009804609515887,3
2017-08-21,0,-0.0011140758715695,-0.0011140758715695,0.0,1.25,-0.0013925948394618,3
2017-08-22,0,0.0002535500314573,0.0002535500314573,0.0,1.25,0.0003169375393217,3
2017-08-23,0,-0.0014373662393626,-0.0010873662393626,0.35,1.25,-0.0017967077992032,3
2017-08-24,0,-0.0006269633255177,-0.0006269633255177,0.0,1.25,-0.0007837041568972,3
2017-08-25,0,0.0005149739992561,0.0005149739992561,0.0,1.25,0.0006437174990702,3
2017-08-28,0,-0.0002132867196694,-0.0002132867196694,0.0,1.25,-0.0002666083995867,3
2017-08-29,0,-0.0001314028070407,-0.0001314028070407,0.0,1.25,-0.0001642535088008,3
2017-08-30,0,-0.0003036511889325,-0.0003036511889325,0.0,1.25,-0.0003795639861656,3
2017-08-31,0,0.0014141156753043,0.0014141156753043,0.0,1.25,0.0017676445941303,3
2017-09-01,0,-0.0007332167732262,-0.0003832167732262,0.35,1.25,-0.0009165209665328,3
2017-09-05,0,-0.0006689049417046,-0.0006689049417046,0.0,1.25,-0.0008361311771307,3
2017-09-06,0,-0.0003,0.0,0.3,1.25,-0.000375,3
2017-09-07,0,0.0,0.0,0.0,1.25,0.0,3
2017-09-08,0,0.0,0.0,0.0,1.25,0.0,3
2017-09-11,0,9.876286388857357e-05,0.0004487628638885,0.35,1.25,0.0001234535798607,3
2017-09-12,0,-0.0005843856184156,-0.0005843856184156,0.0,1.25,-0.0007304820230195,3
2017-09-13,0,-0.0002234716049319,0.000126528395068,0.35,1.25,-0.0002793395061649,3
2017-09-14,0,-0.0013937113146878,-0.0010937113146878,0.3,1.25,-0.0017421391433597,3
2017-09-15,0,0.0014978102429263,0.0017978102429263,0.3,1.25,0.0018722628036579,3
2017-09-18,0,-0.000275516736299,2.448326370096585e-05,0.3,1.25,-0.0003443959203737,3
2017-09-19,0,0.0014670202216264,0.0014670202216264,0.0,1.25,0.0018337752770331,3
2017-09-20,0,-0.0004513193883691,-0.0001513193883691,0.3,1.25,-0.0005641492354614,3
2017-09-21,0,0.0009410163095749,0.0009410163095749,0.0,1.25,0.0011762703869686,3
2017-09-22,0,-0.0027260478115119,-0.0027260478115119,0.0,1.25,-0.0034075597643899,3
2017-09-25,0,-0.0032208816100651,-0.0032208816100651,0.0,1.25,-0.0040261020125814,3
2017-09-26,0,0.002041277447466,0.002341277447466,0.3,1.25,0.0025515968093325,3
2017-09-27,0,-0.0006298061584496,-0.0006298061584496,0.0,1.25,-0.000787257698062,3
2017-09-28,0,-0.001214614187509,-0.001214614187509,0.0,1.25,-0.0015182677343863,3
2017-09-29,0,0.0018912930791595,0.0018912930791595,0.0,1.25,0.0023641163489494,3
2017-10-02,0,0.0003625639771973,0.0006625639771973,0.3,1.25,0.0004532049714967,3
2017-10-03,1,0.0,0.0,0.0,1.25,0.0,2
2017-10-04,1,0.0,0.0,0.0,1.25,0.0,2
2017-10-05,1,0.0,0.0,0.0,1.25,0.0,2
2017-10-06,1,0.0,0.0,0.0,1.25,0.0,2
2017-10-09,1,0.0,0.0,0.0,1.25,0.0,2
2017-10-10,1,0.0,0.0,0.0,1.25,0.0,2
2017-10-11,1,0.0,0.0,0.0,1.25,0.0,2
2017-10-12,1,0.0,0.0,0.0,1.25,0.0,2
2017-10-13,1,0.0,0.0,0.0,1.25,0.0,2
2017-10-16,1,-0.0005631696143471,-6.316961434714288e-05,0.5,1.25,-0.0007039620179339,2
2017-10-17,1,-0.0001543504569497,-0.0001543504569497,0.0,1.25,-0.0001929380711871,2
2017-10-18,1,4.945750400089447e-05,4.945750400089447e-05,0.0,1.25,6.182188000111808e-05,2
2017-10-19,1,8.724896134668598e-05,8.724896134668598e-05,0.0,1.25,0.0001090612016833,2
2017-10-20,1,0.0002363895661883,0.0002363895661883,0.0,1.25,0.0002954869577353,2
2017-10-23,1,-6.491690227426165e-05,-6.491690227426165e-05,0.0,1.25,-8.114612784282706e-05,2
2017-10-24,1,-4.298199447173655e-07,-4.298199447173655e-07,0.0,1.25,-5.372749308967069e-07,2
2017-10-25,1,0.0001271634077053,0.0001271634077053,0.0,1.25,0.0001589542596317,2
2017-10-26,1,-0.0050685701752191,-0.0045685701752191,0.5,1.25,-0.0063357127190238,2
2017-10-27,1,-0.0128336596923311,-0.0128336596923311,0.0,1.25,-0.0160420746154139,2
2017-10-30,1,-0.0287454249093453,-0.0287454249093453,0.0,1.25,-0.0359317811366817,2
2017-10-31,1,-0.0005681540750164,-0.0005681540750164,0.0,1.1264773827710624,-0.0006400127154352,2
2017-11-01,1,-0.0003985302951632,-0.0003985302951632,0.0,1.1264846541250448,-0.0004489382617052,2
2017-11-02,1,0.0011127787563844,0.0011127787563844,0.0,1.1264917247267177,0.0012535360605187,2
2017-11-03,1,-0.0056698186119303,-0.0056698186119303,0.0,1.125805704174912,-0.0063831141349482,2
2017-11-06,1,0.0163144351936153,0.0163144351936153,0.0,1.1135067391225704,0.0181662335330691,2
2017-11-07,1,0.0075326476661459,0.0075326476661459,0.0,1.0108998893103105,0.0076147526919204,2
2017-11-08,1,-0.0087574939775255,-0.0087574939775255,0.0,0.9926176509161492,-0.0086928430998836,2
2017-11-09,1,-0.0090730955013473,-0.0090730955013473,0.0,0.9705077041714416,-0.0088055090847408,2
2017-11-10,1,0.0046936290399927,0.0046936290399927,0.0,0.9490686441688552,0.0044545761492174,2
2017-11-13,1,-0.004939121016512,-0.004939121016512,0.0,0.942535595627899,-0.0046552973691764,2
2017-11-14,1,0.0017485080457802,0.0017485080457802,0.0,0.9369286456700536,0.001638227275276,2
2017-11-15,1,-0.0031918386137103,-0.0031918386137103,0.0,0.9358699302001792,-0.0029871457806233,2
2017-11-16,1,-0.0006471008396556,-0.0001471008396556,0.5,0.9337858209338464,-0.0006042535887847,2
2017-11-17,1,-0.0002965539255342,-0.0002965539255342,0.0,0.9337937334043754,-0.0002769201972803,2
2017-11-20,1,-0.0002528817361118,-0.0002528817361118,0.0,0.9338249430575144,-0.0002361472728249,2
2017-11-21,1,-0.0003840043120785,-0.0003840043120785,0.0,0.9338549310150996,-0.0003586043203655,2
2017-11-22,1,0.0006612253305034,0.0006612253305034,0.0,0.9362356794996424,0.0006190627466062,2
2017-11-24,1,-0.0002662386833554,-0.0002662386833554,0.0,0.938103112158708,-0.0002497593374327,2
2017-11-27,1,-0.0005,0.0,0.5,0.9668067828162528,-0.0004834033914081,2
2017-11-28,1,0.0,0.0,0.0,0.9668064830493458,0.0,2
2017-11-29,1,0.0,0.0,0.0,0.96703888356425,0.0,2
2017-11-30,1,0.0,0.0,0.0,0.9721406417469364,0.0,2
2017-12-01,1,0.0,0.0,0.0,0.972399676425899,0.0,2
2017-12-04,1,0.0,0.0,0.0,0.9747441921951688,0.0,2
2017-12-05,1,-0.0050393431374754,-0.0040393431374754,1.0,0.9747366158444988,-0.0049120322759019,2
2017-12-06,1,0.0027008487738774,0.0027008487738774,0.0,0.9694556994675712,0.0026183532372355,2
2017-12-07,1,0.0021515234917286,0.0021515234917286,0.0,0.9661770786466448,0.002078752681878,2
2017-12-08,1,-0.0030503456012601,-0.0030503456012601,0.0,0.9666728819450344,-0.0029486863732985,2
2017-12-11,1,0.0095009937045043,0.0095009937045043,0.0,0.9656698260621982,0.0091748229380467,2
2017-12-12,1,-0.0009040196249502,-0.0004040196249502,0.5,0.940594074500792,-0.0008503155024606,2
2017-12-13,1,0.0004463595311038,0.0004463595311038,0.0,0.9405402998204762,0.0004198191272121,2
2017-12-14,1,-0.0005143947034346,-0.0005143947034346,0.0,0.9404938435060792,-0.0004837850517124,2
2017-12-15,1,-0.0004552405560032,-0.0004552405560032,0.0,0.9406583434253756,-0.00042822582727,2
2017-12-18,1,0.0005042181523224,0.0005042181523224,0.0,0.9406715622450714,0.0004743036770574,2
2017-12-19,1,0.0009565405946373,0.0014565405946373,0.5,0.9404874759221972,0.0008996144494675,2
2017-12-20,1,-0.0009184407154591,-0.0009184407154591,0.0,0.9401552905967973,-0.0008634768977383,2
2017-12-21,1,0.0035545738698321,0.0035545738698321,0.0,0.9416828360923856,0.0033472812028434,2
2017-12-22,1,0.0154657369123378,0.0154657369123378,0.0,0.9378379962619532,0.0145043557165814,2
2017-12-26,1,0.0040482196445599,0.0040482196445599,0.0,0.8913248721131757,0.0036082788569734,2
2017-12-27,1,-0.003696329503398,-0.003696329503398,0.0,0.8933541912917551,-0.003302131454256,2
2017-12-28,1,-0.000881879640393,-0.000881879640393,0.0,0.8913704316611085,-0.0007860814357303,2
2017-12-29,1,0.012412585046701,0.012412585046701,0.0,0.8929443461219436,0.0110837476382095,2
2018-01-02,1,-0.0002472755156056,0.0002527244843943,0.5,0.8590008455797452,-0.0002124098769964,2
2018-01-03,2,0.0,0.0,0.0,1.25,0.0,3
2018-01-04,2,-0.0005766606031823,-0.0002766606031823,0.3,1.25,-0.0007208257539778,3
2018-01-05,2,-0.000845921736397,-0.000845921736397,0.0,1.25,-0.0010574021704963,3
2018-01-08,2,0.0008555687055273,0.0008555687055273,0.0,1.25,0.0010694608819091,3
2018-01-09,2,0.000745260492524,0.000745260492524,0.0,1.25,0.000931575615655,3
2018-01-10,2,0.0005991977205633,0.0005991977205633,0.0,1.25,0.0007489971507041,3
2018-01-11,2,0.0015669087744418,0.0015669087744418,0.0,1.25,0.0019586359680523,3
2018-01-12,2,-0.0008599558193427,-0.0008599558193427,0.0,1.25,-0.0010749447741784,3
2018-01-16,2,-3.628946433352143e-05,-3.628946433352143e-05,0.0,1.25,-4.536183041690179e-05,3
2018-01-17,2,-0.0022422484686826,-0.0022422484686826,0.0,1.25,-0.0028028105858532,3
2018-01-18,2,0.0003935892781055,0.0003935892781055,0.0,1.25,0.0004919865976319,3
2018-01-19,2,-0.0011786009360464,-0.0011786009360464,0.0,1.25,-0.001473251170058,3
2018-01-22,2,-0.0007973593575711,-0.0007973593575711,0.0,1.25,-0.0009966991969639,3
2018-01-23,2,0.000841688313918,0.000841688313918,0.0,1.25,0.0010521103923975,3
2018-01-24,2,0.0004069379247184,0.0004069379247184,0.0,1.25,0.0005086724058981,3
2018-01-25,2,-0.0001805618776425,-0.0001805618776425,0.0,1.25,-0.0002257023470531,3
2018-01-26,2,0.0009831980846023,0.0009831980846023,0.0,1.25,0.0012289976057528,3
2018-01-29,2,0.0013659763235967,0.0013659763235967,0.0,1.25,0.0017074704044959,3
2018-01-30,2,0.002999307173188,0.002999307173188,0.0,1.25,0.003749133966485,3
2018-01-31,2,0.0001671266135502,0.0001671266135502,0.0,1.25,0.0002089082669377,3
2018-02-01,2,-0.0003,0.0,0.3,1.25,-0.000375,3
2018-02-02,2,0.0,0.0,0.0,1.25,0.0,3
2018-02-05,2,0.0011350071544767,0.0014850071544767,0.35,1.25,0.0014187589430958,3
2018-02-06,2,-0.0016768957867484,-0.0016768957867484,0.0,1.25,-0.0020961197334355,3
2018-02-07,2,-0.0041161441237313,-0.0038161441237313,0.3,1.25,-0.0051451801546642,3
2018-02-08,2,-0.0037745106872472,-0.0034245106872472,0.35,1.25,-0.004718138359059,3
2018-02-09,2,0.0085297346571745,0.0085297346571745,0.0,1.25,0.0106621683214681,3
2018-02-12,2,-0.0011662279420451,-0.0011662279420451,0.0,1.25,-0.0014577849275564,3
2018-02-13,2,0.0022013622568238,0.0022013622568238,0.0,1.25,0.0027517028210297,3
2018-02-14,2,0.0001868238265085,0.0005368238265085,0.35,1.25,0.0002335297831357,3
2018-02-15,2,0.0029640199253799,0.0029640199253799,0.0,1.25,0.0037050249067249,3
2018-02-16,2,0.0026356396795456,0.0029856396795456,0.35,1.25,0.0032945495994321,3
2018-02-20,2,0.003666933254878,0.003666933254878,0.0,1.25,0.0045836665685976,3
2018-02-21,2,0.0002754795202945,0.0002754795202945,0.0,1.25,0.0003443494003681,3
2018-02-22,2,-0.0001393037897054,-0.0001393037897054,0.0,1.25,-0.0001741297371318,3
2018-02-23,2,0.0009327605623198,0.0009327605623198,0.0,1.25,0.0011659507028997,3
2018-02-26,2,-0.0025271651331157,-0.0025271651331157,0.0,1.25,-0.0031589564163946,3
2018-02-27,2,-0.0026648400537794,-0.0026648400537794,0.0,1.25,-0.0033310500672243,3
2018-02-28,2,-0.0049324035021826,-0.0049324035021826,0.0,1.25,-0.0061655043777283,3
2018-03-01,2,-0.0040016978849734,-0.0040016978849734,0.0,1.25,-0.0050021223562167,3
2018-03-02,2,0.0002964100087039,0.0002964100087039,0.0,1.25,0.0003705125108799,3
2018-03-05,2,-4.613852731497162e-05,-4.613852731497162e-05,0.0,1.25,-5.7673159143714525e-05,3
2018-03-06,2,0.0002130380528412,0.0002130380528412,0.0,1.25,0.0002662975660515,3
2018-03-07,2,0.0029567009444414,0.0032567009444414,0.3,1.25,0.0036958761805518,3
2018-03-08,2,0.0019356504195154,0.0019356504195154,0.0,1.25,0.0024195630243942,3
2018-03-09,2,-0.0007386992862309,-0.0003886992862309,0.35,1.25,-0.0009233741077886,3
2018-03-12,2,0.0004211966005358,0.0007211966005358,0.3,1.25,0.0005264957506698,3
2018-03-13,2,0.0040055942631206,0.0040055942631206,0.0,1.25,0.0050069928289008,3
2018-03-14,2,-0.0008010603061907,-0.0008010603061907,0.0,1.25,-0.0010013253827384,3
2018-03-15,2,-0.0007672362797988,-0.0007672362797988,0.0,1.25,-0.0009590453497486,3
2018-03-16,2,0.0018232400530926,0.0018232400530926,0.0,1.25,0.0022790500663657,3
2018-03-19,2,0.003801669002625,0.004151669002625,0.35,1.25,0.0047520862532812,3
2018-03-20,2,0.0035627418693834,0.0035627418693834,0.0,1.25,0.0044534273367293,3
2018-03-21,2,1.85848645064332e-05,1.85848645064332e-05,0.0,1.25,2.323108063304149e-05,3
2018-03-22,2,0.0049242599526547,0.0049242599526547,0.0,1.25,0.0061553249408183,3
2018-03-23,2,0.0016736739808967,0.0016736739808967,0.0,1.25,0.0020920924761209,3
2018-03-26,2,-0.0011208901795657,-0.0011208901795657,0.0,1.25,-0.0014011127244572,3
2018-03-27,2,0.0049211446676654,0.0049211446676654,0.0,1.25,0.0061514308345817,3
2018-03-28,2,-0.0041638510929595,-0.0041638510929595,0.0,1.25,-0.0052048138661994,3
2018-03-29,2,-0.0057586462821045,-0.0054086462821045,0.35,1.25,-0.0071983078526306,3
2018-04-02,2,-0.0004775847157111,-0.0004775847157111,0.0,1.25,-0.0005969808946388,3
2018-04-03,2,0.0006581085275196,0.0006581085275196,0.0,1.25,0.0008226356593995,3
2018-04-04,2,-0.0007143162666628,-0.0007143162666628,0.0,1.25,-0.0008928953333285,3
2018-04-05,3,0.0,0.0,0.0,1.2208741699471626,0.0,3
2018-04-06,3,0.0,0.0,0.0,1.25,0.0,3
2018-04-09,3,0.0,0.0,0.0,1.25,0.0,3
2018-04-10,3,0.0,0.0,0.0,1.25,0.0,3
2018-04-11,3,0.0004835136597053,0.0007835136597053,0.3,1.25,0.0006043920746316,3
2018-04-12,3,-0.0048292753540206,-0.0048292753540206,0.0,1.25,-0.0060365941925258,3
2018-04-13,3,0.0034187820169496,0.0034187820169496,0.0,1.2399654373732445,0.0042391715389307,3
2018-04-16,3,-0.0031678954090831,-0.0031678954090831,0.0,1.2495280581376056,-0.0039583741988946,3
2018-04-17,3,-0.0043888016907084,-0.0043888016907084,0.0,1.2418795116745165,-0.0054503629004933,3
2018-04-18,3,0.0018238465115971,0.0018238465115971,0.0,1.2334298055806965,0.0022495866482083,3
2018-04-19,3,0.0030727469562091,0.0030727469562091,0.0,1.25,0.0038409336952614,3
2018-04-20,3,0.0021314519560673,0.0021314519560673,0.0,1.25,0.0026643149450842,3
2018-04-23,3,-4.12999749907362e-05,-4.12999749907362e-05,0.0,1.25,-5.162496873842026e-05,3
2018-04-24,3,-0.0041001924598088,-0.0041001924598088,0.0,1.25,-0.005125240574761,3
2018-04-25,3,0.0009839164663896,0.0009839164663896,0.0,1.2440535782962157,0.0012240448007565,3
2018-04-26,3,-0.0042819322758929,-0.0042819322758929,0.0,1.2445153113114475,-0.0053289302793475,3
2018-04-27,3,-0.0019027335580151,-0.0019027335580151,0.0,1.2293563949850692,-0.0023391376674986,3
2018-04-30,3,0.0029103448259788,0.0029103448259788,0.0,1.224669431633881,0.0035642103438901,3
2018-05-01,3,-0.0067060989413756,-0.0067060989413756,0.0,1.22386196386142,-0.008207339420241,3
2018-05-02,3,0.0032945867092633,0.0032945867092633,0.0,1.1950672265367974,0.0039372526012243,3
2018-05-03,3,0.0011486663943549,0.0011486663943549,0.0,1.2254965341949364,0.0014076866852281,3
2018-05-04,3,-0.0023253969945176,-0.0023253969945176,0.0,1.2257206038436994,-0.0028502870082964,3
2018-05-07,3,-0.0012576987496092,-0.0012576987496092,0.0,1.25,-0.0015721234370115,3
2018-05-08,3,-0.0003,0.0,0.3,1.25,-0.000375,3
2018-05-09,3,-0.0002287507002922,7.124929970777205e-05,0.3,1.25,-0.0002859383753652,3
2018-05-10,3,-0.0029251592366571,-0.0025751592366571,0.35,1.25,-0.0036564490458214,3
2018-05-11,3,0.0004241638220379,0.0004241638220379,0.0,1.25,0.0005302047775474,3
2018-05-14,3,0.0001779458045305,0.0005279458045305,0.35,1.25,0.0002224322556631,3
2018-05-15,3,0.0087422946861537,0.0087422946861537,0.0,1.25,0.0109278683576922,3
2018-05-16,3,0.0003270382746977,0.0003270382746977,0.0,1.25,0.0004087978433722,3
2018-05-17,3,-0.0031717999085893,-0.0031717999085893,0.0,1.25,-0.0039647498857367,3
2018-05-18,3,0.0064078502894141,0.0064078502894141,0.0,1.25,0.0080098128617677,3
2018-05-21,3,-0.0013128544523827,-0.0010128544523827,0.3,1.25,-0.0016410680654784,3
2018-05-22,3,0.0016858478117137,0.0016858478117137,0.0,1.25,0.0021073097646421,3
2018-05-23,3,-0.0003197757812217,3.0224218778269143e-05,0.35,1.25,-0.0003997197265271,3
2018-05-24,3,-0.0003936906822259,-0.0003936906822259,0.0,1.25,-0.0004921133527824,3
2018-05-25,3,6.551653734052334e-05,6.551653734052334e-05,0.0,1.25,8.189567167565418e-05,3
2018-05-29,3,-0.0003450413467288,-0.0003450413467288,0.0,1.25,-0.000431301683411,3
2018-05-30,3,9.041983153462966e-06,9.041983153462966e-06,0.0,1.25,1.1302478941828706e-05,3
2018-05-31,3,0.0001380327638459,0.0001380327638459,0.0,1.25,0.0001725409548074,3
2018-06-01,3,-8.043253607924055e-05,-8.043253607924055e-05,0.0,1.25,-0.000100540670099,3
2018-06-04,3,-0.0013386980984433,-0.0006886980984433,0.65,1.25,-0.0016733726230542,3
2018-06-05,3,0.0028639435294633,0.0028639435294633,0.0,1.25,0.0035799294118291,3
2018-06-06,3,-0.0007989002586327,-0.0007989002586327,0.0,1.25,-0.0009986253232909,3
2018-06-07,3,0.0048612566341987,0.0048612566341987,0.0,1.25,0.0060765707927484,3
2018-06-08,3,0.0010060840587908,0.0013060840587908,0.3,1.25,0.0012576050734886,3
2018-06-11,3,-0.0022496682762491,-0.0022496682762491,0.0,1.25,-0.0028120853453113,3
2018-06-12,3,-0.0011745460577183,-0.0011745460577183,0.0,1.25,-0.0014681825721479,3
2018-06-13,3,6.694940328866577e-05,6.694940328866577e-05,0.0,1.25,8.368675411083221e-05,3
2018-06-14,3,-0.0024312284440719,-0.0024312284440719,0.0,1.25,-0.0030390355550898,3
2018-06-15,3,-0.0003470216519185,2.978348081466526e-06,0.35,1.25,-0.0004337770648981,3
2018-06-18,3,-0.0036394955413736,-0.0032894955413736,0.35,1.25,-0.004549369426717,3
2018-06-19,3,-0.001720826370436,-0.001420826370436,0.3,1.25,-0.0021510329630451,3
2018-06-20,3,0.003384147553267,0.003384147553267,0.0,1.25,0.0042301844415838,3
2018-06-21,3,-0.0045481620958235,-0.0045481620958235,0.0,1.25,-0.0056852026197794,3
2018-06-22,3,0.0030002106610341,0.0030002106610341,0.0,1.25,0.0037502633262926,3
2018-06-25,3,-0.001362495353417,-0.001012495353417,0.35,1.25,-0.0017031191917713,3
2018-06-26,3,-0.0043519177120972,-0.0043519177120972,0.0,1.25,-0.0054398971401215,3
2018-06-27,3,-0.0008439844681606,-0.0008439844681606,0.0,1.25,-0.0010549805852008,3
2018-06-28,3,0.0009953991511655,0.0009953991511655,0.0,1.25,0.0012442489389568,3
2018-06-29,3,0.0026960844970061,0.0030460844970061,0.35,1.25,0.0033701056212576,3
2018-07-02,3,-0.0001484129357808,-0.0001484129357808,0.0,1.25,-0.000185516169726,3
2018-07-03,3,7.093991243268787e-05,7.093991243268787e-05,0.0,1.25,8.867489054085984e-05,3
2018-07-05,4,0.0,0.0,0.0,1.25,0.0,2
2018-07-06,4,-0.0015116367009891,-0.0005116367009891,1.0,1.25,-0.0018895458762364,2
2018-07-09,4,8.558644838286254e-05,0.0005855864483828,0.5,1.25,0.0001069830604785,2
2018-07-10,4,0.0017194596251286,0.0017194596251286,0.0,1.25,0.0021493245314108,2
2018-07-11,4,-0.0048442817194081,-0.0048442817194081,0.0,1.25,-0.0060553521492601,2
2018-07-12,4,-0.0022063825342074,-0.0022063825342074,0.0,1.25,-0.0027579781677592,2
2018-07-13,4,-0.002072217178129,-0.002072217178129,0.0,1.25,-0.0025902714726613,2
2018-07-16,4,0.0013879028728827,0.0013879028728827,0.0,1.25,0.0017348785911034,2
2018-07-17,4,-0.001756677893531,-0.001756677893531,0.0,1.25,-0.0021958473669138,2
2018-07-18,4,-0.0011338327914947,-0.0011338327914947,0.0,1.25,-0.0014172909893684,2
2018-07-19,4,-0.0005,0.0,0.5,1.25,-0.000625,2
2018-07-20,4,0.0,0.0,0.0,1.25,0.0,2
2018-07-23,4,0.0,0.0,0.0,1.25,0.0,2
2018-07-24,4,0.0,0.0,0.0,1.25,0.0,2
2018-07-25,4,0.0,0.0,0.0,1.25,0.0,2
2018-07-26,4,0.0,0.0,0.0,1.25,0.0,2
2018-07-27,4,0.0,0.0,0.0,1.25,0.0,2
2018-07-30,4,0.0,0.0,0.0,1.25,0.0,2
2018-07-31,4,0.0,0.0,0.0,1.25,0.0,2
2018-08-01,4,0.0,0.0,0.0,1.25,0.0,2
2018-08-02,4,0.0,0.0,0.0,1.25,0.0,2
2018-08-03,4,0.0,0.0,0.0,1.25,0.0,2
2018-08-06,4,0.0,0.0,0.0,1.25,0.0,2
2018-08-07,4,0.0,0.0,0.0,1.25,0.0,2
2018-08-08,4,0.0,0.0,0.0,1.25,0.0,2
2018-08-09,4,0.0,0.0,0.0,1.25,0.0,2
2018-08-10,4,0.0009512242378726,0.0014512242378726,0.5,1.25,0.0011890302973408,2
2018-08-13,4,0.0019883216932781,0.0024883216932781,0.5,1.25,0.0024854021165976,2
2018-08-14,4,-0.003982672575933,-0.003982672575933,0.0,1.25,-0.0049783407199162,2
2018-08-15,4,0.0021903173333492,0.0021903173333492,0.0,1.25,0.0027378966666866,2
2018-08-16,4,-0.0017139203810744,-0.0017139203810744,0.0,1.25,-0.002142400476343,2
2018-08-17,4,-0.0010492803355142,-0.0010492803355142,0.0,1.25,-0.0013116004193927,2
2018-08-20,4,-0.0015739098397178,-0.0015739098397178,0.0,1.25,-0.0019673872996472,2
2018-08-21,4,-0.0013114580288837,-0.0013114580288837,0.0,1.25,-0.0016393225361046,2
2018-08-22,4,-0.0011449685903234,-0.0006449685903234,0.5,1.25,-0.0014312107379043,2
2018-08-23,4,-0.0005,0.0,0.5,1.25,-0.000625,2
2018-08-24,4,0.0002531899760875,0.0007531899760875,0.5,1.25,0.0003164874701094,2
2018-08-27,4,0.0027406926684434,0.0027406926684434,0.0,1.25,0.0034258658355542,2
2018-08-28,4,0.0009514981135538,0.0009514981135538,0.0,1.25,0.0011893726419423,2
2018-08-29,4,-0.0032408899664666,-0.0032408899664666,0.0,1.25,-0.0040511124580833,2
2018-08-30,4,-0.0010769120975261,-0.0010769120975261,0.0,1.25,-0.0013461401219077,2
2018-08-31,4,-0.0001185323228871,0.0003814676771128,0.5,1.25,-0.0001481654036088,2
2018-09-04,4,0.0004987817000048,0.0004987817000048,0.0,1.25,0.000623477125006,2
2018-09-05,4,-7.259111744067768e-05,0.0004274088825593,0.5,1.25,-9.07388968008471e-05,2
2018-09-06,4,-0.0025526631033219,-0.0025526631033219,0.0,1.25,-0.0031908288791523,2
2018-09-07,4,-0.0005,0.0,0.5,1.25,-0.000625,2
2018-09-10,4,0.0033154668153522,0.0038154668153522,0.5,1.25,0.0041443335191902,2
2018-09-11,4,-0.0001572492415261,0.0003427507584738,0.5,1.25,-0.0001965615519076,2
2018-09-12,4,0.0008427638211026,0.0008427638211026,0.0,1.25,0.0010534547763782,2
2018-09-13,4,-0.0008184104208899,-0.0008184104208899,0.0,1.25,-0.0010230130261124,2
2018-09-14,4,-0.0003385928645777,0.0001614071354222,0.5,1.25,-0.0004232410807222,2
2018-09-17,4,-0.0016842218325413,-0.0016842218325413,0.0,1.25,-0.0021052772906767,2
2018-09-18,4,-0.002249497863169,-0.001749497863169,0.5,1.25,-0.0028118723289613,2
2018-09-19,4,0.0039340900094437,0.0039340900094437,0.0,1.25,0.0049176125118047,2
2018-09-20,4,-0.000275106857972,0.0002248931420279,0.5,1.25,-0.000343883572465,2
2018-09-21,4,0.0018473825835841,0.0018473825835841,0.0,1.25,0.0023092282294801,2
2018-09-24,4,-0.0005,0.0,0.5,1.25,-0.000625,2
2018-09-25,4,0.0,0.0,0.0,1.25,0.0,2
2018-09-26,4,0.0,0.0,0.0,1.25,0.0,2
2018-09-27,4,0.0,0.0,0.0,1.25,0.0,2
2018-09-28,4,0.0,0.0,0.0,1.25,0.0,2
2018-10-01,4,-0.0001976226911233,0.0003023773088766,0.5,1.25,-0.0002470283639041,2
2018-10-02,4,0.0010225098595127,0.0010225098595127,0.0,1.25,0.0012781373243909,2
2018-10-03,5,0.0,0.0,0.0,1.25,0.0,2
2018-10-04,5,0.0,0.0,0.0,1.25,0.0,2
2018-10-05,5,0.0,0.0,0.0,1.25,0.0,2
2018-10-08,5,0.0,0.0,0.0,1.25,0.0,2
2018-10-09,5,0.0,0.0,0.0,1.25,0.0,2
2018-10-10,5,0.0026438113578497,0.0031438113578497,0.5,1.25,0.0033047641973121,2
2018-10-11,5,0.0035934158534355,0.0035934158534355,0.0,1.25,0.0044917698167943,2
2018-10-12,5,-0.001117327492924,-0.001117327492924,0.0,1.25,-0.001396659366155,2
2018-10-15,5,0.0026116481793837,0.0026116481793837,0.0,1.25,0.0032645602242297,2
2018-10-16,5,-0.0054748565561447,-0.0054748565561447,0.0,1.25,-0.0068435706951809,2
2018-10-17,5,-0.0093292185741577,-0.0093292185741577,0.0,1.25,-0.0116615232176972,2
2018-10-18,5,-0.0024349034708026,-0.0024349034708026,0.0,1.25,-0.0030436293385033,2
2018-10-19,5,-0.0040640011666432,-0.0040640011666432,0.0,1.25,-0.005080001458304,2
2018-10-22,5,-0.0008696177958248,-0.0008696177958248,0.0,1.25,-0.0010870222447811,2
2018-10-23,5,-0.0025755583953799,-0.0025755583953799,0.0,1.25,-0.0032194479942248,2
2018-10-24,5,-0.000424142248948,-0.000424142248948,0.0,1.25,-0.000530177811185,2
2018-10-25,5,-0.0041059713625639,-0.0041059713625639,0.0,1.25,-0.0051324642032049,2
2018-10-26,5,-0.0047919906363052,-0.0047919906363052,0.0,1.25,-0.0059899882953815,2
2018-10-29,5,-0.0022443218206096,-0.0022443218206096,0.0,1.25,-0.002805402275762,2
2018-10-30,5,-0.0067070201040633,-0.0067070201040633,0.0,1.25,-0.0083837751300791,2
2018-10-31,5,0.0070648097280224,0.0070648097280224,0.0,1.25,0.008831012160028,2
2018-11-01,5,0.0027847000237009,0.0027847000237009,0.0,1.25,0.0034808750296261,2
2018-11-02,5,-0.0030992734355014,-0.0030992734355014,0.0,1.25,-0.0038740917943768,2
2018-11-05,5,-0.003619846323771,-0.003619846323771,0.0,1.25,-0.0045248079047138,2
2018-11-06,5,-0.0005,0.0,0.5,1.25,-0.000625,2
2018-11-07,5,0.0,0.0,0.0,1.25,0.0,2
2018-11-08,5,0.0,0.0,0.0,1.25,0.0,2
2018-11-09,5,0.0,0.0,0.0,1.25,0.0,2
2018-11-12,5,0.0,0.0,0.0,1.25,0.0,2
2018-11-13,5,0.0,0.0,0.0,1.25,0.0,2
2018-11-14,5,0.0,0.0,0.0,1.25,0.0,2
2018-11-15,5,-0.0052791817740474,-0.0047791817740474,0.5,1.25,-0.0065989772175592,2
2018-11-16,5,-0.0062350786184622,-0.0062350786184622,0.0,1.25,-0.0077938482730778,2
2018-11-19,5,-0.0003773770201485,-0.0003773770201485,0.0,1.25,-0.0004717212751857,2
2018-11-20,5,-0.0055717479028293,-0.0055717479028293,0.0,1.25,-0.0069646848785366,2
2018-11-21,5,-0.0007846307924559,-0.0002846307924559,0.5,1.25,-0.0009807884905699,2
2018-11-23,5,0.0030582319138743,0.0030582319138743,0.0,1.25,0.0038227898923429,2
2018-11-26,5,4.750664641798728e-05,4.750664641798728e-05,0.0,1.25,5.93833080224841e-05,2
2018-11-27,5,-0.0031013734481461,-0.0031013734481461,0.0,1.25,-0.0038767168101826,2
2018-11-28,5,0.0051299585847341,0.0051299585847341,0.0,1.25,0.0064124482309177,2
2018-11-29,5,0.0003991860334943,0.0008991860334943,0.5,1.25,0.0004989825418678,2
2018-11-30,5,-0.0027256284249325,-0.0027256284249325,0.0,1.25,-0.0034070355311657,2
2018-12-03,5,0.0027402787344152,0.0027402787344152,0.0,1.25,0.003425348418019,2
2018-12-04,5,-0.0050127795249571,-0.0050127795249571,0.0,1.25,-0.0062659744061964,2
2018-12-06,5,-0.0024722573234043,-0.0024722573234043,0.0,1.25,-0.0030903216542554,2
2018-12-07,5,-0.0030849615470649,-0.0030849615470649,0.0,1.25,-0.0038562019338312,2
2018-12-10,5,0.0037690490936961,0.0037690490936961,0.0,1.25,0.0047113113671201,2
2018-12-11,5,-0.0007928677865409,-0.0007928677865409,0.0,1.25,-0.0009910847331761,2
2018-12-12,5,-0.0045078277935298,-0.0045078277935298,0.0,1.25,-0.0056347847419123,2
2018-12-13,5,-0.0002667273427777,-0.0002667273427777,0.0,1.25,-0.0003334091784721,2
2018-12-14,5,-0.0005,0.0,0.5,1.25,-0.000625,2
2018-12-17,5,0.0,0.0,0.0,1.25,0.0,2
2018-12-18,5,0.0,0.0,0.0,1.25,0.0,2
2018-12-19,5,0.0,0.0,0.0,1.25,0.0,2
2018-12-20,5,0.0,0.0,0.0,1.25,0.0,2
2018-12-21,5,0.0012454701017103,0.0022454701017103,1.0,1.25,0.0015568376271379,2
2018-12-24,5,-0.0038401703578489,-0.0038401703578489,0.0,1.25,-0.0048002129473111,2
2018-12-26,5,0.0101408932946276,0.0101408932946276,0.0,1.25,0.0126761166182845,2
2018-12-27,5,0.0025712117637771,0.0025712117637771,0.0,1.25,0.0032140147047214,2
2018-12-28,5,0.0020207433065766,0.0020207433065766,0.0,1.25,0.0025259291332208,2
2018-12-31,5,0.0024178250996021,0.0024178250996021,0.0,1.25,0.0030222813745026,2
2019-01-02,5,0.000189031698161,0.000189031698161,0.0,1.25,0.0002362896227013,2
2019-01-03,5,0.0003002106291814,0.0003002106291814,0.0,1.25,0.0003752632864767,2
2019-01-04,6,0.0,0.0,0.0,1.25,0.0,4
2019-01-07,6,0.0,0.0,0.0,1.25,0.0,4
2019-01-08,6,0.0,0.0,0.0,1.25,0.0,4
2019-01-09,6,0.0,0.0,0.0,1.25,0.0,4
2019-01-10,6,0.0,0.0,0.0,1.25,0.0,4
2019-01-11,6,0.0,0.0,0.0,1.25,0.0,4
2019-01-14,6,0.0,0.0,0.0,1.25,0.0,4
2019-01-15,6,0.0,0.0,0.0,1.25,0.0,4
2019-01-16,6,0.0,0.0,0.0,1.25,0.0,4
2019-01-17,6,-0.0001741167742839,-6.863344876892593e-05,0.1054833255150306,1.25,-0.0002176459678549,4
2019-01-18,6,0.0002406185638839,0.0002406185638839,0.0,1.25,0.0003007732048549,4
2019-01-22,6,-0.0024196233176076,-0.0021836790346498,0.2359442829578065,1.25,-0.0030245291470095,4
2019-01-23,6,0.0002591630946887,0.0004951073776465,0.2359442829578065,1.25,0.0003239538683608,4
2019-01-24,6,-0.0015035074179018,-0.001267563134944,0.2359442829578065,1.25,-0.0018793842723773,4
2019-01-25,6,0.000579565111658,0.000579565111658,0.0,1.25,0.0007244563895725,4
2019-01-28,6,-0.001338803812994,-0.001338803812994,0.0,1.25,-0.0016735047662425,4
2019-01-29,6,0.0002434134127223,0.0002434134127223,0.0,1.25,0.0003042667659028,4
2019-01-30,6,0.0028712704312745,0.0028712704312745,0.0,1.25,0.0035890880390932,4
2019-01-31,6,0.0006058121982407,0.0007112955237558,0.1054833255150306,1.25,0.0007572652478009,4
2019-02-01,6,7.679796522433793e-05,0.0005322812907393,0.4554833255150305,1.25,9.599745653042242e-05,4
2019-02-04,6,0.0004991649823039,0.0004991649823039,0.0,1.25,0.0006239562278799,4
2019-02-05,6,-7.226294981953088e-05,-7.226294981953088e-05,0.0,1.25,-9.03286872744136e-05,4
2019-02-06,6,0.0011963010661166,0.0011963010661166,0.0,1.25,0.0014953763326458,4
2019-02-07,6,-0.0019367506664544,-0.0015867506664544,0.35,1.25,-0.002420938333068,4
2019-02-08,6,-0.0025206209733866,-0.0025206209733866,0.0,1.25,-0.0031507762167332,4
2019-02-11,6,-0.002279184748873,-0.002279184748873,0.0,1.25,-0.0028489809360912,4
2019-02-12,6,0.0030848384085503,0.0030848384085503,0.0,1.25,0.0038560480106878,4
2019-02-13,6,6.218499262461357e-06,6.218499262461357e-06,0.0,1.25,7.773124078076696e-06,4
2019-02-14,6,-0.0004352530211827,-0.0003297696956677,0.1054833255150306,1.25,-0.0005440662764784,4
2019-02-15,6,0.0013443181826798,0.0013443181826798,0.0,1.25,0.0016803977283498,4
2019-02-19,6,0.0005336185418839,0.0008836185418839,0.35,1.25,0.0006670231773549,4
2019-02-20,6,-4.025936537661688e-06,-4.025936537661688e-06,0.0,1.25,-5.03242067207711e-06,4
2019-02-21,6,-5.713926001386677e-05,0.0001788050229439,0.2359442829578065,1.25,-7.142407501733346e-05,4
2019-02-22,6,0.0010056877604463,0.0010056877604463,0.0,1.25,0.0012571097005579,4
2019-02-25,6,0.001217793681662,0.001217793681662,0.0,1.25,0.0015222421020775,4
2019-02-26,6,-0.00035,0.0,0.35,1.25,-0.0004375,4
2019-02-27,6,0.0,0.0,0.0,1.25,0.0,4
2019-02-28,6,0.0,0.0,0.0,1.25,0.0,4
2019-03-01,6,-0.0012152539172386,-0.0008652539172386,0.35,1.25,-0.0015190673965482,4
2019-03-04,6,0.0009834239205608,0.0009834239205608,0.0,1.25,0.0012292799007011,4
2019-03-05,6,0.0013679214606244,0.0013679214606244,0.0,1.25,0.0017099018257806,4
2019-03-06,6,-0.0004053317079508,-0.0004053317079508,0.0,1.25,-0.0005066646349385,4
2019-03-07,6,-0.0012088193173866,-0.0009002469258594,0.3085723915271628,1.25,-0.0015110241467333,4
2019-03-08,6,-0.0008129406858679,-0.0008129406858679,0.0,1.25,-0.0010161758573348,4
2019-03-11,6,0.0072795975466793,0.0072795975466793,0.0,1.25,0.0090994969333491,4
2019-03-12,6,0.0034427859330965,0.0034427859330965,0.0,1.25,0.0043034824163706,4
2019-03-13,6,-0.0013583335545905,-0.0013583335545905,0.0,1.25,-0.0016979169432381,4
2019-03-14,6,0.0037729625920442,0.0041229625920442,0.35,1.25,0.0047162032400553,4
2019-03-15,6,0.0051121762014151,0.0051121762014151,0.0,1.25,0.0063902202517689,4
2019-03-18,6,0.0048809782471005,0.0051169225300583,0.2359442829578065,1.25,0.0061012228088757,4
2019-03-19,6,-0.0026698259557666,-0.0025643426302516,0.1054833255150306,1.25,-0.0033372824447083,4
2019-03-20,6,-0.0012343796201394,-0.0009258072286123,0.3085723915271628,1.25,-0.0015429745251743,4
2019-03-21,6,-0.0012461695133143,-0.0012461695133143,0.0,1.25,-0.0015577118916429,4
2019-03-22,6,0.0038156016794493,0.0043601183539343,0.5445166744849694,1.25,0.0047695020993117,4
2019-03-25,6,0.0004674563399639,0.0010119730144489,0.5445166744849694,1.25,0.0005843204249549,4
2019-03-26,6,-0.0013346730259011,-0.0013346730259011,0.0,1.25,-0.0016683412823764,4
2019-03-27,6,0.0036967600033291,0.0040053323948563,0.3085723915271628,1.25,0.0046209500041614,4
2019-03-28,6,-0.0010731566361393,-0.0007645842446121,0.3085723915271628,1.25,-0.0013414457951742,4
2019-03-29,6,0.0013748948405933,0.0013748948405933,0.0,1.25,0.0017186185507417,4
2019-04-01,6,-0.0005274412020722,-0.0004219578765571,0.1054833255150306,1.25,-0.0006593015025902,4
2019-04-02,6,0.0007236963986924,0.0007236963986924,0.0,1.25,0.0009046204983655,4
2019-04-03,6,-0.0020469728948078,-0.0019414895692928,0.1054833255150306,1.25,-0.0025587161185098,4
2019-04-04,6,-0.0003307897183092,-0.0003307897183092,0.0,1.25,-0.0004134871478865,4
2019-04-05,7,0.0,0.0,0.0,1.2414020230096134,0.0,2
2019-04-08,7,0.0,0.0,0.0,1.25,0.0,2
2019-04-09,7,0.0,0.0,0.0,1.25,0.0,2
2019-04-10,7,0.0,0.0,0.0,1.25,0.0,2
2019-04-11,7,0.0,0.0,0.0,1.25,0.0,2
2019-04-12,7,0.0,0.0,0.0,1.25,0.0,2
2019-04-15,7,0.0019828157378709,0.0024828157378709,0.5,1.25,0.0024785196723387,2
2019-04-16,7,-0.0006716278633104,-0.0006716278633104,0.0,1.25,-0.000839534829138,2
2019-04-17,7,2.772937569309574e-05,2.772937569309574e-05,0.0,1.25,3.466171961636968e-05,2
2019-04-18,7,0.0075387470813175,0.0075387470813175,0.0,1.25,0.0094234338516468,2
2019-04-22,7,-0.0009993273548789,-0.0004993273548789,0.5,1.25,-0.0012491591935986,2
2019-04-23,7,-0.0004530453201227,-0.0004530453201227,0.0,1.25,-0.0005663066501534,2
2019-04-24,7,0.0006807196853078,0.0006807196853078,0.0,1.25,0.0008508996066348,2
2019-04-25,7,-0.0125170573378062,-0.0125170573378062,0.0,1.25,-0.0156463216722578,2
2019-04-26,7,0.00019539843651,0.00069539843651,0.5,1.25,0.0002442480456375,2
2019-04-29,7,-0.0001943161991885,0.0003056838008114,0.5,1.25,-0.0002428952489856,2
2019-04-30,7,-0.0039588233549393,-0.0039588233549393,0.0,1.25,-0.0049485291936742,2
2019-05-01,7,0.0070323623526297,0.0070323623526297,0.0,1.25,0.0087904529407871,2
2019-05-02,7,0.00125263724974,0.00125263724974,0.0,1.25,0.001565796562175,2
2019-05-03,7,-4.500397149641159e-05,-4.500397149641159e-05,0.0,1.25,-5.625496437051448e-05,2
2019-05-06,7,0.0027427890571701,0.0027427890571701,0.0,1.25,0.0034284863214626,2
2019-05-07,7,0.004987290156623,0.005487290156623,0.5,1.25,0.0062341126957787,2
2019-05-08,7,0.0021145757761503,0.0021145757761503,0.0,1.25,0.0026432197201878,2
2019-05-09,7,0.0038997689460407,0.0038997689460407,0.0,1.25,0.0048747111825509,2
2019-05-10,7,0.0027774210851958,0.0027774210851958,0.0,1.25,0.0034717763564947,2
2019-05-13,7,-0.0005,0.0,0.5,1.25,-0.000625,2
2019-05-14,7,0.0013008845602298,0.0018008845602298,0.5,1.25,0.0016261057002873,2
2019-05-15,7,0.0024865238631606,0.0024865238631606,0.0,1.25,0.0031081548289508,2
2019-05-16,7,-0.00052637862461,-0.00052637862461,0.0,1.25,-0.0006579732807626,2
2019-05-17,7,8.951779308009649e-05,8.951779308009649e-05,0.0,1.25,0.0001118972413501,2
2019-05-20,7,-0.0001312107367307,-0.0001312107367307,0.0,1.25,-0.0001640134209133,2
2019-05-21,7,0.0033689065709745,0.0033689065709745,0.0,1.25,0.0042111332137181,2
2019-05-22,7,-0.0294918879387985,-0.0294918879387985,0.0,1.25,-0.0368648599234981,2
2019-05-23,7,-0.0005,0.0,0.5,0.9446759436681428,-0.000472337971834,2
2019-05-24,7,0.0,0.0,0.0,0.94520468192086,0.0,2
2019-05-28,7,0.0,0.0,0.0,0.9509038929662263,0.0,2
2019-05-29,7,0.0,0.0,0.0,0.951648474695357,0.0,2
2019-05-30,7,0.0,0.0,0.0,0.965795410832228,0.0,2
2019-05-31,7,0.0,0.0,0.0,0.9745190049624306,0.0,2
2019-06-03,7,0.0,0.0,0.0,0.9745647441989884,0.0,2
2019-06-04,7,0.0,0.0,0.0,0.977880879882382,0.0,2
2019-06-05,7,0.0,0.0,0.0,0.9777722120799304,0.0,2
2019-06-06,7,-0.0040869202353442,-0.0035869202353442,0.5,0.9801058462003102,-0.0040056144156152,2
2019-06-07,7,-0.0042776146928293,-0.0042776146928293,0.0,0.974218850838322,-0.0041673328703773,2
2019-06-10,7,0.0024188911921519,0.0024188911921519,0.0,1.062367353187533,0.002569751033455,2
2019-06-11,7,0.0015188252708703,0.0015188252708703,0.0,1.060658194597526,0.0016109544697104,2
2019-06-12,7,0.0007253787807513,0.0007253787807513,0.0,1.0672828869655338,0.0007741843592638,2
2019-06-13,7,-0.0006438498956012,-0.0006438498956012,0.0,1.072075288611955,-0.0006902555626495,2
2019-06-14,7,-0.0003780394417069,-0.0003780394417069,0.0,1.07188517560271,-0.0004052148733588,2
2019-06-17,7,0.0005652614476076,0.0005652614476076,0.0,1.074085857352134,0.0006071393265817,2
2019-06-18,7,-0.004170628100866,-0.004170628100866,0.0,1.074262419518394,-0.0044803490345477,2
2019-06-19,7,-0.0005647610982691,-0.0005647610982691,0.0,1.0713903901724058,-0.0006050796134287,2
2019-06-20,7,-0.0020885528833385,-0.0020885528833385,0.0,1.0713536708355225,-0.0022375787982988,2
2019-06-21,7,-0.0006974275112622,-0.0006974275112622,0.0,1.0752788965600812,-0.0007499290847406,2
2019-06-24,7,-0.0016266971858111,-0.0016266971858111,0.0,1.075493914036002,-0.0017495029233193,2
2019-06-25,7,0.0065259068829194,0.0065259068829194,0.0,1.078903076783205,0.0070408210147825,2
2019-06-26,7,-0.0005,0.0,0.5,1.0639396357353463,-0.0005319698178676,2
2019-06-27,7,0.0,0.0,0.0,1.067258688505542,0.0,2
2019-06-28,7,0.0,0.0,0.0,1.0673087836771231,0.0,2
2019-07-01,7,0.0,0.0,0.0,1.0682856932339693,0.0,2
2019-07-02,7,0.0,0.0,0.0,1.0723615530904762,0.0,2
2019-07-03,7,0.0,0.0,0.0,1.0875149974626488,0.0,2
2019-07-05,7,0.0,0.0,0.0,1.0900982038810862,0.0,2
2019-07-08,8,0.0,0.0,0.0,1.25,0.0,2
2019-07-09,8,0.0,0.0,0.0,1.25,0.0,2
2019-07-10,8,0.0,0.0,0.0,1.25,0.0,2
2019-07-11,8,0.0,0.0,0.0,1.25,0.0,2
2019-07-12,8,0.0,0.0,0.0,1.25,0.0,2
2019-07-15,8,0.0,0.0,0.0,1.25,0.0,2
2019-07-16,8,0.0,0.0,0.0,1.25,0.0,2
2019-07-17,8,0.0,0.0,0.0,1.25,0.0,2
2019-07-18,8,0.0,0.0,0.0,1.25,0.0,2
2019-07-19,8,0.0,0.0,0.0,1.25,0.0,2
2019-07-22,8,0.0,0.0,0.0,1.25,0.0,2
2019-07-23,8,0.0,0.0,0.0,1.25,0.0,2
2019-07-24,8,0.0,0.0,0.0,1.25,0.0,2
2019-07-25,8,0.0,0.0,0.0,1.25,0.0,2
2019-07-26,8,0.0,0.0,0.0,1.25,0.0,2
2019-07-29,8,0.0,0.0,0.0,1.25,0.0,2
2019-07-30,8,0.0,0.0,0.0,1.25,0.0,2
2019-07-31,8,0.0,0.0,0.0,1.25,0.0,2
2019-08-01,8,0.0,0.0,0.0,1.25,0.0,2
2019-08-02,8,0.0,0.0,0.0,1.25,0.0,2
2019-08-05,8,0.0,0.0,0.0,1.25,0.0,2
2019-08-06,8,0.0001236365143167,0.0006236365143167,0.5,1.25,0.0001545456428958,2
2019-08-07,8,0.000194314606919,0.000194314606919,0.0,1.25,0.0002428932586488,2
2019-08-08,8,0.0006347253370556,0.0006347253370556,0.0,1.25,0.0007934066713195,2
2019-08-09,8,-0.0004587068486182,-0.0004587068486182,0.0,1.25,-0.0005733835607728,2
2019-08-12,8,-0.0003826117802033,-0.0003826117802033,0.0,1.25,-0.0004782647252541,2
2019-08-13,8,0.0007268387512699,0.0007268387512699,0.0,1.25,0.0009085484390874,2
2019-08-14,8,-0.000137711013529,-0.000137711013529,0.0,1.25,-0.0001721387669112,2
2019-08-15,8,-0.0001639078210268,-0.0001639078210268,0.0,1.25,-0.0002048847762835,2
2019-08-16,8,0.0006961095548675,0.0006961095548675,0.0,1.25,0.0008701369435843,2
2019-08-19,8,-0.0002146325272494,-0.0002146325272494,0.0,1.25,-0.0002682906590618,2
2019-08-20,8,0.0006949913965089,0.0006949913965089,0.0,1.25,0.0008687392456362,2
2019-08-21,8,0.0006933711176769,0.0006933711176769,0.0,1.25,0.0008667138970961,2
2019-08-22,8,0.0002228545699574,0.0002228545699574,0.0,1.25,0.0002785682124468,2
2019-08-23,8,-0.0002603066005122,-0.0002603066005122,0.0,1.25,-0.0003253832506403,2
2019-08-26,8,-0.0003530777756803,-0.0003530777756803,0.0,1.25,-0.0004413472196004,2
2019-08-27,8,-0.0008352154672163,-0.0003352154672163,0.5,1.25,-0.0010440193340204,2
2019-08-28,8,0.0013997031543497,0.0013997031543497,0.0,1.25,0.0017496289429371,2
2019-08-29,8,0.0050710007247435,0.0050710007247435,0.0,1.25,0.0063387509059293,2
2019-08-30,8,0.0029366252677961,0.0029366252677961,0.0,1.25,0.0036707815847451,2
2019-09-03,8,-0.0051355942892326,-0.0051355942892326,0.0,1.25,-0.0064194928615408,2
2019-09-04,8,0.0013975379045502,0.0013975379045502,0.0,1.25,0.0017469223806877,2
2019-09-05,8,0.0038975314711901,0.0038975314711901,0.0,1.25,0.0048719143389877,2
2019-09-06,8,0.0016784834950142,0.0016784834950142,0.0,1.25,0.0020981043687677,2
2019-09-09,8,0.0043314108607692,0.0043314108607692,0.0,1.25,0.0054142635759615,2
2019-09-10,8,-0.0019497897089057,-0.0019497897089057,0.0,1.25,-0.0024372371361322,2
2019-09-11,8,-0.0004664509662658,-0.0004664509662658,0.0,1.25,-0.0005830637078322,2
2019-09-12,8,0.0018484341354256,0.0018484341354256,0.0,1.25,0.002310542669282,2
2019-09-13,8,0.0010069544406048,0.0010069544406048,0.0,1.25,0.001258693050756,2
2019-09-16,8,-0.001536893975514,-0.001536893975514,0.0,1.25,-0.0019211174693925,2
2019-09-17,8,-0.0021134835279322,-0.0016134835279322,0.5,1.25,-0.0026418544099152,2
2019-09-18,8,0.001384787976587,0.001384787976587,0.0,1.25,0.0017309849707338,2
2019-09-19,8,-0.00522301497547,-0.00522301497547,0.0,1.25,-0.0065287687193375,2
2019-09-20,8,-0.0024557791611279,-0.0024557791611279,0.0,1.25,-0.0030697239514099,2
2019-09-23,8,-0.0016996583578688,-0.0016996583578688,0.0,1.25,-0.002124572947336,2
2019-09-24,8,-0.0005,0.0,0.5,1.25,-0.000625,2
2019-09-25,8,-0.0006367483906027,-0.0001367483906027,0.5,1.25,-0.0007959354882534,2
2019-09-26,8,-0.0012035628864128,-0.0012035628864128,0.0,1.25,-0.001504453608016,2
2019-09-27,8,0.0001970000135344,0.0001970000135344,0.0,1.25,0.000246250016918,2
2019-09-30,8,-0.0002217209054639,-0.0002217209054639,0.0,1.25,-0.0002771511318299,2
2019-10-01,8,0.0002586433906373,0.0002586433906373,0.0,1.25,0.0003233042382966,2
2019-10-02,8,0.0003385123317121,0.0003385123317121,0.0,1.25,0.0004231404146402,2
2019-10-03,8,-0.0002811553035632,-0.0002811553035632,0.0,1.25,-0.000351444129454,2
2019-10-04,9,0.0,0.0,0.0,1.25,0.0,4
2019-10-07,9,0.0,0.0,0.0,1.25,0.0,4
2019-10-08,9,0.0,0.0,0.0,1.25,0.0,4
2019-10-09,9,0.0,0.0,0.0,1.25,0.0,4
2019-10-10,9,0.0,0.0,0.0,1.25,0.0,4
2019-10-11,9,0.0,0.0,0.0,1.25,0.0,4
2019-10-14,9,0.0,0.0,0.0,1.25,0.0,4
2019-10-15,9,0.0,0.0,0.0,1.25,0.0,4
2019-10-16,9,0.0,0.0,0.0,1.25,0.0,4
2019-10-17,9,0.0,0.0,0.0,1.25,0.0,4
2019-10-18,9,0.000126192800322,0.000476192800322,0.35,1.25,0.0001577410004025,4
2019-10-21,9,-0.0001463829567974,-0.0001463829567974,0.0,1.25,-0.0001829786959968,4
2019-10-22,9,-0.000441179650844,-0.000441179650844,0.0,1.25,-0.000551474563555,4
2019-10-23,9,-0.0002533851621037,-0.0002533851621037,0.0,1.25,-0.0003167314526297,4
2019-10-24,9,0.0002659792332722,0.0002659792332722,0.0,1.25,0.0003324740415902,4
2019-10-25,9,0.0002322450619927,0.0002322450619927,0.0,1.25,0.0002903063274909,4
2019-10-28,9,-5.395604074864695e-05,-5.395604074864695e-05,0.0,1.25,-6.744505093580869e-05,4
2019-10-29,9,0.002117125874408,0.0023153378020329,0.198211927624911,1.25,0.00264640734301,4
2019-10-30,9,0.0006784138678088,0.0006784138678088,0.0,1.25,0.000848017334761,4
2019-10-31,9,-0.0001312330519501,-0.0001312330519501,0.0,1.25,-0.0001640413149376,4
2019-11-01,9,-0.00072679686473,-0.00072679686473,0.0,1.25,-0.0009084960809126,4
2019-11-04,9,-0.0006477897998651,-0.0004495778722402,0.198211927624911,1.25,-0.0008097372498314,4
2019-11-05,9,-0.0002866196161511,-0.0002866196161511,0.0,1.25,-0.0003582745201889,4
2019-11-06,9,0.0003769781608285,0.0003769781608285,0.0,1.25,0.0004712227010357,4
2019-11-07,9,0.0005205319934886,0.0005205319934886,0.0,1.25,0.0006506649918608,4
2019-11-08,9,0.0013108850414438,0.0017111836607933,0.4002986193494978,1.25,0.0016386063018048,4
2019-11-11,9,0.0005619872278964,0.000764073919621,0.2020866917245868,1.25,0.0007024840348705,4
2019-11-12,9,-0.0002655296725078,-6.73177448829319e-05,0.198211927624911,1.25,-0.0003319120906348,4
2019-11-13,9,0.0002820280363989,0.0002820280363989,0.0,1.25,0.0003525350454986,4
2019-11-14,9,-0.00035,0.0,0.35,1.25,-0.0004375,4
2019-11-15,9,0.0,0.0,0.0,1.25,0.0,4
2019-11-18,9,0.0016318810044663,0.0018300929320912,0.198211927624911,1.25,0.0020398512555828,4
2019-11-19,9,-0.0001982119276249,0.0,0.198211927624911,1.25,-0.0002477649095311,4
2019-11-20,9,0.0,0.0,0.0,1.25,0.0,4
2019-11-21,9,3.449756390975868e-05,0.0005865842556343,0.5520866917245868,1.25,4.3121954887198354e-05,4
2019-11-22,9,-0.0007380745354834,-0.0007380745354834,0.0,1.25,-0.0009225931693543,4
2019-11-25,9,0.0004093951333616,0.0006076070609865,0.198211927624911,1.25,0.000511743916702,4
2019-11-26,9,0.0006253494349088,0.0006253494349088,0.0,1.25,0.0007816867936361,4
2019-11-27,9,0.0014596793614461,0.0019114674338212,0.4517880723750891,1.25,0.0018245992018077,4
2019-11-29,9,-0.0016886124055353,-0.0016886124055353,0.0,1.25,-0.0021107655069191,4
2019-12-02,9,-0.0019631510605286,-0.0019631510605286,0.0,1.25,-0.0024539388256608,4
2019-12-03,9,-0.0019306769236595,-0.0019306769236595,0.0,1.25,-0.0024133461545743,4
2019-12-04,9,0.0009892229978763,0.0011874349255012,0.198211927624911,1.25,0.0012365287473454,4
2019-12-05,9,-0.0029180156514597,-0.0027198037238348,0.198211927624911,1.25,-0.0036475195643247,4
2019-12-06,9,0.0005291872593385,0.0005291872593385,0.0,1.25,0.0006614840741732,4
2019-12-09,9,0.0002416127497924,0.0002416127497924,0.0,1.25,0.0003020159372405,4
2019-12-10,9,-0.0007478568293425,-0.0007478568293425,0.0,1.25,-0.0009348210366781,4
2019-12-11,9,-0.0027122070175895,-0.0027122070175895,0.0,1.25,-0.0033902587719868,4
2019-12-12,9,-0.0014135967630627,-0.0012153848354378,0.198211927624911,1.25,-0.0017669959538284,4
2019-12-13,9,0.0014659412899911,0.0014659412899911,0.0,1.25,0.0018324266124889,4
2019-12-16,9,0.0024074379315709,0.0026095246232955,0.2020866917245868,1.25,0.0030092974144637,4
2019-12-17,9,0.0020197661950869,0.0020197661950869,0.0,1.25,0.0025247077438586,4
2019-12-18,9,-0.0012039292489005,-0.0012039292489005,0.0,1.25,-0.0015049115611257,4
2019-12-19,9,0.0014672472612596,0.0018172472612596,0.35,1.25,0.0018340590765745,4
2019-12-20,9,7.956443444351975e-07,0.000552882336069,0.5520866917245868,1.25,9.945554305439968e-07,4
2019-12-23,9,-0.0011501106937872,-0.0011501106937872,0.0,1.25,-0.0014376383672341,4
2019-12-24,9,0.0009704742310046,0.0009704742310046,0.0,1.25,0.0012130927887558,4
2019-12-26,9,-0.0008954880786479,-0.0006457866979974,0.2497013806505022,1.25,-0.0011193600983099,4
2019-12-27,9,-0.0008006837479054,-0.0006024718202804,0.198211927624911,1.25,-0.0010008546848817,4
2019-12-30,9,-1.6039265666185204e-05,-1.6039265666185204e-05,0.0,1.25,-2.0049082082731505e-05,4
2019-12-31,9,2.8238581727298165e-05,2.8238581727298165e-05,0.0,1.25,3.52982271591227e-05,4
2020-01-02,9,0.0001739265526488,0.0001739265526488,0.0,1.25,0.0002174081908111,4
2020-01-03,9,-3.35803741942248e-05,0.0001646315534306,0.198211927624911,1.25,-4.1975467742781e-05,4
2020-01-06,10,0.0,0.0,0.0,0.8742548092604466,0.0,1
2020-01-07,10,0.00405911834263,0.00505911834263,1.0,0.8753420311067025,0.0035531168945402,1
2020-01-08,10,-0.0131030370212085,-0.0131030370212085,0.0,0.8909812336546881,-0.0116745600897794,1
2020-01-09,10,-0.003160762301966,-0.003160762301966,0.0,0.8515543945583874,-0.0026915610283936,1
2020-01-10,10,0.0089018177571092,0.0089018177571092,0.0,0.8487667938130509,0.0075555673168096,1
2020-01-13,10,-0.0018445968215731,-0.0018445968215731,0.0,0.8606835037442024,-0.001587614055387,1
2020-01-14,10,0.0087869443410779,0.0087869443410779,0.0,0.9092244471548636,0.0079893046106971,1
2020-01-15,10,-0.0110403592416155,-0.0110403592416155,0.0,0.893249641180728,-0.0098617969310794,1
2020-01-16,10,0.0003394502342625,0.0003394502342625,0.0,0.8873841358144176,0.0003012227527831,1
2020-01-17,10,-0.0190232886021637,-0.0190232886021637,0.0,0.8878154293507056,-0.0168891691379923,1
2020-01-21,10,0.000174568965429,0.000174568965429,0.0,0.8177227344716396,0.0001427490117645,1
2020-01-22,10,-0.0065849630573607,-0.0065849630573607,0.0,0.8189027097152801,-0.0053924440910477,1
2020-01-23,10,-0.0019511655349618,-0.0019511655349618,0.0,0.8219799449506948,-0.0016038189390176,1
2020-01-24,10,0.0134465171928973,0.0134465171928973,0.0,0.8344378946965713,0.0112202834974425,1
2020-01-27,10,0.0058594686375558,0.0058594686375558,0.0,0.8036706100270694,0.0047090827343789,1
2020-01-28,10,-0.0097044977172152,-0.0097044977172152,0.0,0.7988367136213129,-0.0077523090637657,1
2020-01-29,10,0.002486936737449,0.002486936737449,0.0,0.7932471630815044,0.0019727555117446,1
2020-01-30,10,0.0053075584559618,0.0053075584559618,0.0,0.7922989092471128,0.0042051727754238,1
2020-01-31,10,0.0152544908828593,0.0152544908828593,0.0,0.8069469024338036,0.012309564166128,1
2020-02-03,10,-0.0028414542959997,-0.0028414542959997,0.0,0.795345926916255,-0.002259939100842,1
2020-02-04,10,-0.001,0.0,1.0,0.7970394960313646,-0.0007970394960313,1
2020-02-05,10,0.0,0.0,0.0,0.8050034835915973,0.0,1
2020-02-06,10,0.0022393232244791,0.0032393232244791,1.0,0.8080187194220124,0.0018094150842156,1
2020-02-07,10,0.0010820693096413,0.0010820693096413,0.0,0.8126932181017849,0.0008793903894615,1
2020-02-10,10,0.0043206445965203,0.0043206445965203,0.0,0.8127566359881608,0.0035116325675683,1
2020-02-11,10,-0.0122820200560356,-0.0122820200560356,0.0,0.8099044529359197,-0.0099472627344315,1
2020-02-12,10,-0.01005494973886,-0.01005494973886,0.0,0.7855211423256149,-0.0078983756048959,1
2020-02-13,10,0.0019398697673026,0.0019398697673026,0.0,0.7708074541197376,0.0014952660766584,1
2020-02-14,10,-0.0071280787786625,-0.0071280787786625,0.0,0.7733374596827818,-0.0055124103351096,1
2020-02-18,10,0.0171473731517142,0.0171473731517142,0.0,0.7821876476556764,0.0134124634690134,1
2020-02-19,10,-0.0021548546591732,-0.0021548546591732,0.0,0.7449712818387146,-0.0016053048376204,1
2020-02-20,10,-0.0180332808386863,-0.0180332808386863,0.0,0.7448147138122021,-0.0134314529069612,1
2020-02-21,10,0.0053361199979351,0.0053361199979351,0.0,0.7065091140837608,0.0037700174123858,1
2020-02-24,10,0.0085339559845963,0.0085339559845963,0.0,0.7140145341880153,0.0060933686071225,1
2020-02-25,10,0.0233889548689956,0.0233889548689956,0.0,0.7083150323817338,0.0165667483254075,1
2020-02-26,10,0.0316844891904414,0.0316844891904414,0.0,0.659091640424243,0.0208829819565322,1
2020-02-27,10,-0.001,0.0,1.0,0.5908220645638403,-0.0005908220645638,1
2020-02-28,10,0.0,0.0,0.0,0.5914955886246275,0.0,1
2020-03-02,10,0.0,0.0,0.0,0.5918325086204034,0.0,1
2020-03-03,10,-0.0111786862238962,-0.0101786862238962,1.0,0.5949084830635822,-0.0066502952641018,1
2020-03-04,10,0.028943559988493,0.028943559988493,0.0,0.5877378517294811,0.0170112257690402,1
2020-03-05,10,-0.0349179651209822,-0.0349179651209822,0.0,0.5443210576845307,-0.0190065837068446,1
2020-03-06,10,-0.0156711737818635,-0.0156711737818635,0.0,0.4937270701279536,-0.0077372827167854,1
2020-03-09,10,-0.076283343731112,-0.076283343731112,0.0,0.4857010291772349,-0.0370508985592818,1
2020-03-10,10,-0.001,0.0,1.0,0.3578516494949771,-0.0003578516494949,1
2020-03-11,10,-0.0309747177065309,-0.0299747177065309,1.0,0.3579537490132831,-0.0110875163276808,1
2020-03-12,10,-0.001,0.0,1.0,0.3465990279963615,-0.0003465990279963,1
2020-03-13,10,0.0,0.0,0.0,0.3465990279963615,0.0,1
2020-03-16,10,0.0,0.0,0.0,0.3465990279963615,0.0,1
2020-03-17,10,0.0,0.0,0.0,0.3465990279963615,0.0,1
2020-03-18,10,0.0,0.0,0.0,0.3465990279963615,0.0,1
2020-03-19,10,0.0,0.0,0.0,0.3465990279963615,0.0,1
2020-03-20,10,0.0,0.0,0.0,0.3478630183771271,0.0,1
2020-03-23,10,0.0,0.0,0.0,0.3478441988321562,0.0,1
2020-03-24,10,0.0,0.0,0.0,0.3479240556940319,0.0,1
2020-03-25,10,0.0,0.0,0.0,0.3482971881764406,0.0,1
2020-03-26,10,0.0,0.0,0.0,0.3482768963320571,0.0,1
2020-03-27,10,0.0,0.0,0.0,0.3482490785242846,0.0,1
2020-03-30,10,0.0,0.0,0.0,0.348297578059658,0.0,1
2020-03-31,10,0.0,0.0,0.0,0.3482716935172118,0.0,1
2020-04-01,10,0.0,0.0,0.0,0.3483040865826479,0.0,1
2020-04-02,10,0.0,0.0,0.0,0.348342603278132,0.0,1
2020-04-03,10,0.0,0.0,0.0,0.348884021862351,0.0,1
2020-04-06,11,0.0,0.0,0.0,0.5192731862273394,0.0,1
2020-04-07,11,0.0,0.0,0.0,0.5192731862273394,0.0,1
2020-04-08,11,0.0,0.0,0.0,0.5192731862273394,0.0,1
2020-04-09,11,0.0,0.0,0.0,0.5192731862273394,0.0,1
2020-04-13,11,0.0,0.0,0.0,0.5196406752542776,0.0,1
2020-04-14,11,0.0,0.0,0.0,0.5202031252068843,0.0,1
2020-04-15,11,0.0,0.0,0.0,0.5203079306013504,0.0,1
2020-04-16,11,0.0,0.0,0.0,0.5203079306013504,0.0,1
2020-04-17,11,0.0,0.0,0.0,0.5203079306013504,0.0,1
2020-04-20,11,0.0,0.0,0.0,0.5203079306013504,0.0,1
2020-04-21,11,0.0,0.0,0.0,0.5203079306013504,0.0,1
2020-04-22,11,0.0,0.0,0.0,0.5203079306013504,0.0,1
2020-04-23,11,0.0,0.0,0.0,0.5203079306013504,0.0,1
2020-04-24,11,0.0,0.0,0.0,0.5203079306013504,0.0,1
2020-04-27,11,0.0,0.0,0.0,0.5203079306013504,0.0,1
2020-04-28,11,0.0,0.0,0.0,0.5204729837440255,0.0,1
2020-04-29,11,0.0,0.0,0.0,0.5205302546001215,0.0,1
2020-04-30,11,0.0,0.0,0.0,0.5247375472566538,0.0,1
2020-05-01,11,0.0,0.0,0.0,0.5250730832639096,0.0,1
2020-05-04,11,0.0,0.0,0.0,0.5251696645669967,0.0,1
2020-05-05,11,0.0,0.0,0.0,0.5251696645669967,0.0,1
2020-05-06,11,0.0,0.0,0.0,0.5251696645669967,0.0,1
2020-05-07,11,0.0,0.0,0.0,0.5251696645669967,0.0,1
2020-05-08,11,0.0,0.0,0.0,0.5260594313254581,0.0,1
2020-05-11,11,0.0,0.0,0.0,0.5456241337149285,0.0,1
2020-05-12,11,0.0,0.0,0.0,0.5457730017991739,0.0,1
2020-05-13,11,0.0,0.0,0.0,0.5487803471692363,0.0,1
2020-05-14,11,0.0,0.0,0.0,0.5799794472694392,0.0,1
2020-05-15,11,0.0,0.0,0.0,0.5837668161535668,0.0,1
2020-05-18,11,0.0,0.0,0.0,0.5876592130451527,0.0,1
2020-05-19,11,0.0,0.0,0.0,0.5878982303922968,0.0,1
2020-05-20,11,0.0,0.0,0.0,0.5878982303922968,0.0,1
2020-05-21,11,0.0,0.0,0.0,0.5878982303922968,0.0,1
2020-05-22,11,0.0,0.0,0.0,0.5878982303922968,0.0,1
2020-05-26,11,0.0,0.0,0.0,0.5878982303922968,0.0,1
2020-05-27,11,0.0,0.0,0.0,0.5878982303922968,0.0,1
2020-05-28,11,0.0,0.0,0.0,0.5878982303922968,0.0,1
2020-05-29,11,0.0,0.0,0.0,0.5878982303922968,0.0,1
2020-06-01,11,0.0,0.0,0.0,0.5878982303922968,0.0,1
2020-06-02,11,0.0,0.0,0.0,0.5878982303922968,0.0,1
2020-06-03,11,0.0,0.0,0.0,0.6058869293990313,0.0,1
2020-06-04,11,0.0,0.0,0.0,0.6061118820400215,0.0,1
2020-06-05,11,0.0,0.0,0.0,0.6108031423660564,0.0,1
2020-06-08,11,0.0,0.0,0.0,0.6201225043540285,0.0,1
2020-06-09,11,0.0,0.0,0.0,0.6548896949643833,0.0,1
2020-06-10,11,0.0,0.0,0.0,0.6551188009604889,0.0,1
2020-06-11,11,0.0,0.0,0.0,0.6551188009604889,0.0,1
2020-06-12,11,-0.0058029610867374,-0.0048029610867374,1.0,0.6551188009604889,-0.0038016289091637,1
2020-06-15,11,-0.02385539264682,-0.02385539264682,0.0,0.6514103218480949,-0.0155396490018777,1
2020-06-16,11,0.0213197861527366,0.0213197861527366,0.0,0.6054345526849331,0.0129077351927205,1
2020-06-17,11,-0.001,0.0,1.0,0.8864964260101877,-0.0008864964260101,1
2020-06-18,11,0.0,0.0,0.0,1.03020674796665,0.0,1
2020-06-19,11,0.0,0.0,0.0,1.0306845653091994,0.0,1
2020-06-22,11,0.0,0.0,0.0,1.0306845653091994,0.0,1
2020-06-23,11,0.0,0.0,0.0,1.0306845653091994,0.0,1
2020-06-24,11,0.0,0.0,0.0,1.0306845653091994,0.0,1
2020-06-25,11,0.0,0.0,0.0,1.0306845653091994,0.0,1
2020-06-26,11,0.0,0.0,0.0,1.0306845653091994,0.0,1
2020-06-29,11,0.0,0.0,0.0,1.0306845653091994,0.0,1
2020-06-30,11,0.0,0.0,0.0,1.0306845653091994,0.0,1
2020-07-01,11,0.0,0.0,0.0,1.0321698685913483,0.0,1
2020-07-02,11,0.0,0.0,0.0,1.229988809869631,0.0,1
2020-07-06,11,0.0,0.0,0.0,1.2303888853853622,0.0,1
2020-07-07,12,0.0,0.0,0.0,1.25,0.0,4
2020-07-08,12,0.0,0.0,0.0,1.25,0.0,4
2020-07-09,12,-0.0005665889161881,-0.0004064164354884,0.1601724806996751,1.25,-0.0007082361452351,4
2020-07-10,12,-0.0006886108238158,-0.0004654893111453,0.2231215126704767,1.25,-0.0008607635297697,4
2020-07-13,12,-0.0001846172151627,-2.444473446310686e-05,0.1601724806996751,1.25,-0.0002307715189534,4
2020-07-14,12,0.0001323563810333,0.0002925288617329,0.1601724806996751,1.25,0.0001654454762916,4
2020-07-15,12,0.0003848348893605,0.0003848348893605,0.0,1.25,0.0004810436117006,4
2020-07-16,12,-0.0005203292194417,-0.0005203292194417,0.0,1.25,-0.0006504115243021,4
2020-07-17,12,0.00037906094894,0.00037906094894,0.0,1.25,0.000473826186175,4
2020-07-20,12,-0.0003239284690896,-0.0003239284690896,0.0,1.25,-0.0004049105863621,4
2020-07-21,12,-3.130625230694502e-05,-3.130625230694502e-05,0.0,1.25,-3.913281538368127e-05,4
2020-07-22,12,0.0003716762553681,0.0003716762553681,0.0,1.25,0.0004645953192101,4
2020-07-23,12,-0.0001813920835131,-0.0001813920835131,0.0,1.25,-0.0002267401043914,4
2020-07-24,12,-0.0001419712074469,-0.0001419712074469,0.0,1.25,-0.0001774640093086,4
2020-07-27,12,-0.0001270151085962,-0.0001270151085962,0.0,1.25,-0.0001587688857452,4
2020-07-28,12,-3.459667802756972e-05,-3.459667802756972e-05,0.0,1.25,-4.324584753446215e-05,4
2020-07-29,12,0.0002931150884333,0.0002931150884333,0.0,1.25,0.0003663938605417,4
2020-07-30,12,-0.0008541929875342,-0.0002374869809044,0.6167060066298482,1.25,-0.0010677412344178,4
2020-07-31,12,0.0001490117542092,0.0001490117542092,0.0,1.25,0.0001862646927616,4
2020-08-03,12,0.0014608819383726,0.0014608819383726,0.0,1.25,0.0018261024229657,4
2020-08-04,12,-0.0003934903330636,-0.0003934903330636,0.0,1.25,-0.0004918629163295,4
2020-08-05,12,-2.684953583544625e-05,-2.684953583544625e-05,0.0,1.25,-3.356191979430782e-05,4
2020-08-06,12,3.376155493841196e-05,3.376155493841196e-05,0.0,1.25,4.220194367301495e-05,4
2020-08-07,12,1.2927697433340738e-05,1.2927697433340738e-05,0.0,1.25,1.6159621791675923e-05,4
2020-08-10,12,-0.0003176449959988,-0.0001574725152991,0.1601724806996751,1.25,-0.0003970562449985,4
2020-08-11,12,-0.000100050948758,6.012153194164058e-05,0.1601724806996751,1.25,-0.0001250636859475,4
2020-08-12,12,0.0007666704431779,0.0007666704431779,0.0,1.25,0.0009583380539724,4
2020-08-13,12,6.542574270056867e-05,6.542574270056867e-05,0.0,1.25,8.178217837571083e-05,4
2020-08-14,12,2.379325976881614e-05,2.379325976881614e-05,0.0,1.25,2.9741574711020173e-05,4
2020-08-17,12,0.0002351602903619,0.0002351602903619,0.0,1.25,0.0002939503629524,4
2020-08-18,12,0.0005618402345593,0.0005618402345593,0.0,1.25,0.0007023002931991,4
2020-08-19,12,-0.0001409444556009,-0.0001409444556009,0.0,1.25,-0.0001761805695012,4
2020-08-20,12,1.0895021534985897e-05,0.0002340165342054,0.2231215126704767,1.25,1.3618776918732369e-05,4
2020-08-21,12,-0.0004791870454342,-0.0004791870454342,0.0,1.25,-0.0005989838067928,4
2020-08-24,12,-0.000143790042489,-0.000143790042489,0.0,1.25,-0.0001797375531112,4
2020-08-25,12,-0.0001691089950797,-0.0001691089950797,0.0,1.25,-0.0002113862438496,4
2020-08-26,12,-0.0002616573960645,5.048610565327589e-06,0.2667060066298482,1.25,-0.0003270717450806,4
2020-08-27,12,-0.0003969432552483,-0.0003969432552483,0.0,1.25,-0.0004961790690603,4
2020-08-28,12,-0.0005091798670966,-0.0002860583544261,0.2231215126704767,1.25,-0.0006364748338707,4
2020-08-31,12,0.0004841153611405,0.0004841153611405,0.0,1.25,0.0006051442014256,4
2020-09-01,12,-6.075587860343546e-05,-6.075587860343546e-05,0.0,1.25,-7.594484825429432e-05,4
2020-09-02,12,0.000455989903659,0.000455989903659,0.0,1.25,0.0005699873795738,4
2020-09-03,12,0.0005280932942735,0.0005280932942735,0.0,1.25,0.0006601166178418,4
2020-09-04,12,-0.0002328983542369,-0.0002328983542369,0.0,1.25,-0.0002911229427962,4
2020-09-08,12,-0.0001396257534562,2.054672724344586e-05,0.1601724806996751,1.25,-0.0001745321918202,4
2020-09-09,12,1.3290220195978818e-05,1.3290220195978818e-05,0.0,1.25,1.6612775244973522e-05,4
2020-09-10,12,-0.0003148515451811,3.5148454818837346e-05,0.35,1.25,-0.0003935644314764,4
2020-09-11,12,-0.0001493644958703,0.0001173415107594,0.2667060066298482,1.25,-0.0001867056198379,4
2020-09-14,12,0.0003351208087519,0.0003351208087519,0.0,1.25,0.0004189010109399,4
2020-09-15,12,-0.0001237365016771,-0.0001237365016771,0.0,1.25,-0.0001546706270964,4
2020-09-16,12,3.9137086290372974e-05,3.9137086290372974e-05,0.0,1.25,4.892135786296622e-05,4
2020-09-17,12,0.0001642215940561,0.0001642215940561,0.0,1.25,0.0002052769925702,4
2020-09-18,12,2.0994958036002536e-05,2.0994958036002536e-05,0.0,1.25,2.624369754500317e-05,4
2020-09-21,12,0.0004018581780417,0.0004018581780417,0.0,1.25,0.0005023227225522,4
2020-09-22,12,-0.0002667060066298,0.0,0.2667060066298482,1.25,-0.0003333825082873,4
2020-09-23,12,-0.0004587807386439,-0.000192074732014,0.2667060066298482,1.25,-0.0005734759233048,4
2020-09-24,12,0.0002602148859872,0.0002602148859872,0.0,1.25,0.000325268607484,4
2020-09-25,12,9.29956813642058e-05,9.29956813642058e-05,0.0,1.25,0.0001162446017052,4
2020-09-28,12,9.36615242684931e-05,9.36615242684931e-05,0.0,1.25,0.0001170769053356,4
2020-09-29,12,3.249264272581127e-05,3.249264272581127e-05,0.0,1.25,4.061580340726409e-05,4
2020-09-30,12,-0.000309524344354,-0.000309524344354,0.0,1.25,-0.0003869054304425,4
2020-10-01,12,0.000187870442296,0.0006980429229957,0.5101724806996751,1.25,0.00023483805287,4
2020-10-02,12,0.0001055956435066,0.0001055956435066,0.0,1.25,0.0001319945543833,4
2020-10-05,13,0.0,0.0,0.0,1.25,0.0,4
2020-10-06,13,0.0,0.0,0.0,1.25,0.0,4
2020-10-07,13,-0.0004268773111747,-7.68773111747571e-05,0.35,1.25,-0.0005335966389684,4
2020-10-08,13,-8.497750873560832e-05,-8.497750873560832e-05,0.0,1.25,-0.0001062218859195,4
2020-10-09,13,0.0001073715896776,0.0001073715896776,0.0,1.25,0.000134214487097,4
2020-10-12,13,0.0004360591346392,0.0004360591346392,0.0,1.25,0.000545073918299,4
2020-10-13,13,0.0003088852200664,0.0003088852200664,0.0,1.25,0.000386106525083,4
2020-10-14,13,-0.0004960983753154,-0.0004960983753154,0.0,1.25,-0.0006201229691443,4
2020-10-15,13,-0.0003824714612176,-0.0003824714612176,0.0,1.25,-0.000478089326522,4
2020-10-16,13,-0.0003328404550041,-0.0003328404550041,0.0,1.25,-0.0004160505687551,4
2020-10-19,13,-0.0003049293736237,-0.0003049293736237,0.0,1.25,-0.0003811617170297,4
2020-10-20,13,-6.906744833302818e-05,-6.906744833302818e-05,0.0,1.25,-8.633431041628522e-05,4
2020-10-21,13,0.0003156462405845,0.0003156462405845,0.0,1.25,0.0003945578007306,4
2020-10-22,13,0.0004130652876679,0.0004130652876679,0.0,1.25,0.0005163316095849,4
2020-10-23,13,-6.792289364259955e-05,-6.792289364259955e-05,0.0,1.25,-8.490361705324945e-05,4
2020-10-26,13,0.0009392770597163,0.0009392770597163,0.0,1.25,0.0011740963246454,4
2020-10-27,13,-0.00035,0.0,0.35,1.25,-0.0004375,4
2020-10-28,13,-0.001053474913421,-0.0008584304962285,0.1950444171925317,1.25,-0.0013168436417763,4
2020-10-29,13,-0.0003886974786312,-0.0003886974786312,0.0,1.25,-0.000485871848289,4
2020-10-30,13,0.0004731702416211,0.0004731702416211,0.0,1.25,0.0005914628020263,4
2020-11-02,13,0.000149305958939,0.000149305958939,0.0,1.25,0.0001866324486738,4
2020-11-03,13,0.0023087820164999,0.0023087820164999,0.0,1.25,0.0028859775206248,4
2020-11-04,13,-0.0017248599515875,-0.0017248599515875,0.0,1.25,-0.0021560749394844,4
2020-11-05,13,0.0010329214800391,0.0010329214800391,0.0,1.25,0.0012911518500488,4
2020-11-06,13,0.0005463982098044,0.0006513537926118,0.1049555828074682,1.25,0.0006829977622555,4
2020-11-09,13,0.0040515897531335,0.0040515897531335,0.0,1.25,0.0050644871914169,4
2020-11-10,13,0.0016899360042336,0.0017948915870411,0.1049555828074682,1.25,0.0021124200052921,4
2020-11-11,13,-0.0001950444171925,0.0,0.1950444171925317,1.25,-0.0002438055214906,4
2020-11-12,13,0.0006469140325012,0.0008419584496938,0.1950444171925317,1.25,0.0008086425406266,4
2020-11-13,13,-0.0002242242789259,-0.0002242242789259,0.0,1.25,-0.0002802803486574,4
2020-11-16,13,-0.0002313690598367,-0.0002313690598367,0.0,1.25,-0.0002892113247959,4
2020-11-17,13,-4.541909424394615e-05,-4.541909424394615e-05,0.0,1.25,-5.677386780493269e-05,4
2020-11-18,13,0.0002471328138315,0.0002471328138315,0.0,1.25,0.0003089160172894,4
2020-11-19,13,-0.0004862413508553,-0.0004862413508553,0.0,1.25,-0.0006078016885691,4
2020-11-20,13,0.0001493599117056,0.0001493599117056,0.0,1.25,0.000186699889632,4
2020-11-23,13,0.0001694000958181,0.0001694000958181,0.0,1.25,0.0002117501197727,4
2020-11-24,13,-0.0004628520231859,-0.0004628520231859,0.0,1.25,-0.0005785650289823,4
2020-11-25,13,-0.0003013946485847,-0.0003013946485847,0.0,1.25,-0.0003767433107309,4
2020-11-27,13,-0.0002682036989035,8.179630109646837e-05,0.35,1.25,-0.0003352546236294,4
2020-11-30,13,0.0004840670231361,0.0004840670231361,0.0,1.25,0.0006050837789201,4
2020-12-01,13,-0.0009429495325239,-0.0009429495325239,0.0,1.25,-0.0011786869156549,4
2020-12-02,13,-0.0001367044641866,-0.0001367044641866,0.0,1.25,-0.0001708805802333,4
2020-12-03,13,0.0005241684268228,0.0005241684268228,0.0,1.25,0.0006552105335285,4
2020-12-04,13,0.0006500460038735,0.0006500460038735,0.0,1.25,0.0008125575048419,4
2020-12-07,13,0.0004109834915017,0.0007609834915017,0.35,1.25,0.0005137293643771,4
2020-12-08,13,-0.0002125646601777,-0.0002125646601777,0.0,1.25,-0.0002657058252221,4
2020-12-09,13,-0.000916612443352,-0.000916612443352,0.0,1.25,-0.00114576555419,4
2020-12-10,13,0.0009402482454982,0.0009402482454982,0.0,1.25,0.0011753103068727,4
2020-12-11,13,-0.0002778971383467,-0.0002778971383467,0.0,1.25,-0.0003473714229334,4
2020-12-14,13,-0.0004922724572754,-0.0004922724572754,0.0,1.25,-0.0006153405715943,4
2020-12-15,13,-0.0001703926644727,-0.0001703926644727,0.0,1.25,-0.0002129908305909,4
2020-12-16,13,7.377158628939864e-05,7.377158628939864e-05,0.0,1.25,9.22144828617483e-05,4
2020-12-17,13,-9.91123329004342e-05,-9.91123329004342e-05,0.0,1.25,-0.0001238904161255,4
2020-12-18,13,0.0005103504974464,0.0005103504974464,0.0,1.25,0.0006379381218081,4
2020-12-21,13,-0.0003589903527836,-8.990352783609244e-06,0.35,1.25,-0.0004487379409795,4
2020-12-22,13,-0.0020223677261935,-0.0016723677261935,0.35,1.25,-0.0025279596577419,4
2020-12-23,13,-0.0005381211604256,-0.0001881211604256,0.35,1.25,-0.000672651450532,4
2020-12-24,13,-0.0003656129902575,0.000179431426935,0.5450444171925317,1.25,-0.0004570162378218,4
2020-12-28,13,-0.0001094590813721,-0.0001094590813721,0.0,1.25,-0.0001368238517151,4
2020-12-29,13,0.0011092894720418,0.0011092894720418,0.0,1.25,0.0013866118400523,4
2020-12-30,13,-0.0001856213973677,0.0001643786026322,0.35,1.25,-0.0002320267467096,4
2020-12-31,13,-0.0001926015182676,-0.0001926015182676,0.0,1.25,-0.0002407518978345,4
2021-01-04,13,0.0001474942726449,0.0003425386898374,0.1950444171925317,1.25,0.0001843678408061,4
2021-01-05,14,0.0,0.0,0.0,1.0813757894552858,0.0,4
2021-01-06,14,0.0,0.0,0.0,1.0813757894552858,0.0,4
2021-01-07,14,-0.0029835922536843,-0.0026335922536843,0.35,1.0813757894552858,-0.0032263844287406,4
2021-01-08,14,-0.0036008493417281,-0.0032856847640248,0.3151645777032653,1.07513144591529,-0.0038713863592952,4
2021-01-11,14,-0.0046535707402421,-0.0046535707402421,0.0,1.067035734141202,-0.0049655262711923,4
2021-01-12,14,-0.0023497209024127,-0.0023497209024127,0.0,1.0550804099491335,-0.0024791444929836,4
2021-01-13,14,0.0014258461715078,0.0015623359512844,0.1364897797766075,1.0623210653880242,0.0015147064239956,4
2021-01-14,14,-0.00504561712222,-0.00504561712222,0.0,1.0657701602734833,-0.0053774681690271,4
2021-01-15,14,0.0074989688165721,0.0074989688165721,0.0,1.0519667925077445,0.007888666173085,4
2021-01-19,14,-0.0046297946474816,-0.0046297946474816,0.0,1.0374890792236977,-0.0048033613858105,4
2021-01-20,14,0.0054365474804731,0.0057517120581764,0.3151645777032653,1.0471901557979515,0.0056930990030796,4
2021-01-21,14,0.0012416249075224,0.0012416249075224,0.0,1.064017176435231,0.0013211102282936,4
2021-01-22,14,0.0007736960229517,0.0007736960229517,0.0,1.0642196061409093,0.0008233824768184,4
2021-01-25,14,-0.0005306320980813,-0.0005306320980813,0.0,1.065553115737303,-0.0005654166854207,4
2021-01-26,14,0.003124409045759,0.003124409045759,0.0,1.0747254864427185,0.0033578820315494,4
2021-01-27,14,-0.0027939069464325,-0.0022455613039124,0.5483456425201272,1.074028567727566,-0.003000735876041,4
2021-01-28,14,0.0081082183277051,0.0084233829054083,0.3151645777032653,1.0776413270598564,0.0087377511587591,4
2021-01-29,14,0.0011734968344584,0.0011734968344584,0.0,1.0628502418929433,0.0012472513943648,4
2021-02-01,14,0.0046791006195888,0.0046791006195888,0.0,1.0648801657032951,0.0049826814431301,4
2021-02-02,14,0.0034903374486324,0.0034903374486324,0.0,1.061377188821927,0.0037045645492694,4
2021-02-03,14,0.0139179519391504,0.0139179519391504,0.0,1.1942622965672032,0.0166216852463617,4
2021-02-04,14,0.0011625474977373,0.0014777120754405,0.3151645777032653,1.1205029526190815,0.0013026379037745,4
2021-02-05,14,-0.0036281273799709,-0.0031146171597475,0.5135102202233924,1.123066648170111,-0.0040746288557582,4
2021-02-08,14,-0.0028482584389832,-0.0028482584389832,0.0,1.1693139106864947,-0.0033305082139332,4
2021-02-09,14,0.0019590091549744,0.0019590091549744,0.0,1.1679785592274634,0.0022880806903404,4
2021-02-10,14,-0.0001527841211641,-1.6294341387584187e-05,0.1364897797766075,1.1684163586814178,-0.000178515466515,4
2021-02-11,14,-0.000850104414292,-0.000850104414292,0.0,1.25,-0.001062630517865,4
2021-02-12,14,-0.0003151645777032,0.0,0.3151645777032653,1.25,-0.000393955722129,4
2021-02-16,14,0.0,0.0,0.0,1.25,0.0,4
2021-02-17,14,-0.0009226668204585,-0.0007861770406819,0.1364897797766075,1.25,-0.0011533335255731,4
2021-02-18,14,0.0004940842535669,0.0004940842535669,0.0,1.25,0.0006176053169586,4
2021-02-19,14,-0.0002543084317149,-0.0002543084317149,0.0,1.25,-0.0003178855396436,4
2021-02-22,14,-0.0016351787775707,-0.0016351787775707,0.0,1.25,-0.0020439734719634,4
2021-02-23,14,-0.0016986497125135,-0.0016986497125135,0.0,1.25,-0.0021233121406419,4
2021-02-24,14,-0.001213868310902,-0.001213868310902,0.0,1.25,-0.0015173353886275,4
2021-02-25,14,-0.0041545689642832,-0.0038045689642832,0.35,1.25,-0.005193211205354,4
2021-02-26,14,-0.0012649610271332,-0.0012649610271332,0.0,1.25,-0.0015812012839165,4
2021-03-01,14,0.0002034314496287,0.0002034314496287,0.0,1.25,0.0002542893120359,4
2021-03-02,14,0.00081142407685,0.00081142407685,0.0,1.25,0.0010142800960625,4
2021-03-03,14,-0.0059315051736131,-0.0059315051736131,0.0,1.25,-0.0074143814670164,4
2021-03-04,14,-0.0059416088826573,-0.0059416088826573,0.0,1.25,-0.0074270111033216,4
2021-03-05,14,-0.0058453349329728,-0.0058453349329728,0.0,1.25,-0.007306668666216,4
2021-03-08,14,-0.0063803835208421,-0.0063803835208421,0.0,1.25,-0.0079754794010526,4
2021-03-09,14,0.0069623556110429,0.0069623556110429,0.0,1.25,0.0087029445138036,4
2021-03-10,14,0.0036687403359063,0.0036687403359063,0.0,1.25,0.0045859254198829,4
2021-03-11,14,0.0027641743758747,0.0027641743758747,0.0,1.25,0.0034552179698434,4
2021-03-12,14,0.0023941462229367,0.0023941462229367,0.0,1.25,0.0029926827786708,4
2021-03-15,14,0.0013394070565743,0.0016894070565743,0.35,1.25,0.0016742588207179,4
2021-03-16,14,-0.0001364897797766,0.0,0.1364897797766075,1.25,-0.0001706122247207,4
2021-03-17,14,0.0,0.0,0.0,1.25,0.0,4
2021-03-18,14,0.0,0.0,0.0,1.25,0.0,4
2021-03-19,14,-0.0045321363946395,-0.0042169718169363,0.3151645777032653,1.25,-0.0056651704932994,4
2021-03-22,14,-0.0009927032199333,-0.0009927032199333,0.0,1.25,-0.0012408790249167,4
2021-03-23,14,0.0021874778860424,0.0021874778860424,0.0,1.25,0.002734347357553,4
2021-03-24,14,-0.0003151645777032,0.0,0.3151645777032653,1.25,-0.000393955722129,4
2021-03-25,14,0.0,0.0,0.0,1.25,0.0,4
2021-03-26,14,0.0,0.0,0.0,1.25,0.0,4
2021-03-29,14,-0.0040406415374201,-0.0036906415374201,0.35,1.25,-0.0050508019217751,4
2021-03-30,14,0.005762969644608,0.005762969644608,0.0,1.25,0.0072037120557601,4
2021-03-31,14,-0.002339270999845,-0.002339270999845,0.0,1.25,-0.0029240887498063,4
2021-04-01,14,-0.0026253371573856,-0.0026253371573856,0.0,1.25,-0.003281671446732,4
2021-04-05,14,-0.0107594153837378,-0.0104442508060345,0.3151645777032653,1.25,-0.0134492692296722,4
2021-04-06,14,0.0004050816525999,0.00060342729512,0.1983456425201271,1.25,0.0005063520657498,4
2021-04-07,15,0.0,0.0,0.0,1.25,0.0,4
2021-04-08,15,6.99097734653739e-05,0.0002414964521069,0.1715866786415405,1.25,8.738721683171737e-05,4
2021-04-09,15,-0.0008795373377841,-0.0008795373377841,0.0,1.25,-0.0010994216722301,4
2021-04-12,15,1.055770007069287e-05,1.055770007069287e-05,0.0,1.25,1.3197125088366088e-05,4
2021-04-13,15,-0.0006286954695024,-0.0006286954695024,0.0,1.25,-0.0007858693368781,4
2021-04-14,15,0.0003184521859444,0.0003184521859444,0.0,1.25,0.0003980652324306,4
2021-04-15,15,-5.8394446257277486e-05,-5.8394446257277486e-05,0.0,1.25,-7.299305782159686e-05,4
2021-04-16,15,-0.0003121824561174,-0.0003121824561174,0.0,1.25,-0.0003902280701467,4
2021-04-19,15,0.000118622109027,0.000118622109027,0.0,1.25,0.0001482776362838,4
2021-04-20,15,0.0009991906438252,0.0009991906438252,0.0,1.25,0.0012489883047815,4
2021-04-21,15,-0.0002698455416892,-0.0002698455416892,0.0,1.25,-0.0003373069271115,4
2021-04-22,15,0.0002626719186657,0.0002626719186657,0.0,1.25,0.0003283398983321,4
2021-04-23,15,-4.4370226162900647e-05,-4.4370226162900647e-05,0.0,1.25,-5.546278270362581e-05,4
2021-04-26,15,-0.0002101265506648,-8.171322930637618e-05,0.1284133213584595,1.25,-0.000262658188331,4
2021-04-27,15,0.0003169906199359,0.0003169906199359,0.0,1.25,0.0003962382749199,4
2021-04-28,15,0.000247449929827,0.000247449929827,0.0,1.25,0.0003093124122838,4
2021-04-29,15,-0.0003471443830753,-0.0003471443830753,0.0,1.25,-0.0004339304788441,4
2021-04-30,15,0.0005592640665551,0.0005592640665551,0.0,1.25,0.0006990800831939,4
2021-05-03,15,-0.00136394020941,-0.00136394020941,0.0,1.25,-0.0017049252617625,4
2021-05-04,15,0.0003278438652489,0.0003278438652489,0.0,1.25,0.0004098048315611,4
2021-05-05,15,-0.0003910713207588,-0.0003910713207588,0.0,1.25,-0.0004888391509485,4
2021-05-06,15,-0.0014399759129302,-0.0014399759129302,0.0,1.25,-0.0017999698911628,4
2021-05-07,15,-0.0026776677867486,-0.0023276677867486,0.35,1.25,-0.0033470847334358,4
2021-05-10,15,-0.0012789092388874,-0.0012789092388874,0.0,1.25,-0.0015986365486093,4
2021-05-11,15,0.0028077779568618,0.0028077779568618,0.0,1.25,0.0035097224460772,4
2021-05-12,15,-0.0013764954550587,-0.0010264954550587,0.35,1.25,-0.0017206193188234,4
2021-05-13,15,0.0001535052228763,0.0001535052228763,0.0,1.25,0.0001918815285954,4
2021-05-14,15,-0.0006381045133501,-0.0006381045133501,0.0,1.25,-0.0007976306416877,4
2021-05-17,15,-0.0025229890281125,-0.0025229890281125,0.0,1.25,-0.0031537362851406,4
2021-05-18,15,0.0027600928266927,0.0027600928266927,0.0,1.25,0.0034501160333659,4
2021-05-19,15,5.552710927479769e-05,0.0005771137879163,0.5215866786415405,1.25,6.940888659349711e-05,4
2021-05-20,15,-0.0002390826155687,-0.0002390826155687,0.0,1.25,-0.0002988532694609,4
2021-05-21,15,3.3287080069038e-05,0.0001617004014274,0.1284133213584595,1.25,4.1608850086297496e-05,4
2021-05-24,15,0.0001755729996156,0.0003471596782572,0.1715866786415405,1.25,0.0002194662495196,4
2021-05-25,15,0.0004495727036934,0.0007995727036934,0.35,1.25,0.0005619658796167,4
2021-05-26,15,0.0020426594401403,0.0023926594401403,0.35,1.25,0.0025533243001754,4
2021-05-27,15,-0.0003895950788779,-3.959507887791575e-05,0.35,1.25,-0.0004869938485973,4
2021-05-28,15,0.0001260264773781,0.0001260264773781,0.0,1.25,0.0001575330967227,4
2021-06-01,15,0.0011247668251115,0.0012531801464699,0.1284133213584595,1.25,0.0014059585313894,4
2021-06-02,15,0.0004515713146686,0.0004515713146686,0.0,1.25,0.0005644641433358,4
2021-06-03,15,8.350795164748095e-05,8.350795164748095e-05,0.0,1.25,0.0001043849395593,4
2021-06-04,15,0.0002730871355698,0.0002730871355698,0.0,1.25,0.0003413589194622,4
2021-06-07,15,-0.001252667914678,-0.001252667914678,0.0,1.25,-0.0015658348933475,4
2021-06-08,15,0.0001109996469682,0.0001109996469682,0.0,1.25,0.0001387495587103,4
2021-06-09,15,0.0007139440497605,0.0007139440497605,0.0,1.25,0.0008924300622006,4
2021-06-10,15,0.0001907415028783,0.0008907415028783,0.7,1.25,0.0002384268785979,4
2021-06-11,15,-9.66066184287526e-05,-9.66066184287526e-05,0.0,1.25,-0.0001207582730359,4
2021-06-14,15,0.0004980556316574,0.0008480556316574,0.35,1.25,0.0006225695395718,4
2021-06-15,15,-0.00029794994774,-0.00029794994774,0.0,1.25,-0.000372437434675,4
2021-06-16,15,-0.000334522106678,-0.000334522106678,0.0,1.25,-0.0004181526333476,4
2021-06-17,15,0.0009456534730827,0.0009456534730827,0.0,1.25,0.0011820668413533,4
2021-06-18,15,0.0008021263511221,0.0008021263511221,0.0,1.25,0.0010026579389026,4
2021-06-21,15,-0.0009280097662963,-0.0005780097662963,0.35,1.25,-0.0011600122078703,4
2021-06-22,15,0.0001427341938913,0.0001427341938913,0.0,1.25,0.0001784177423642,4
2021-06-23,15,-0.0004998241911729,-0.0001498241911729,0.35,1.25,-0.0006247802389662,4
2021-06-24,15,-0.0001097223251882,-0.0001097223251882,0.0,1.25,-0.0001371529064852,4
2021-06-25,15,-0.0002448581062523,-0.0002448581062523,0.0,1.25,-0.0003060726328154,4
2021-06-28,15,0.0003233542316582,0.0008017675530166,0.4784133213584595,1.25,0.0004041927895727,4
2021-06-29,15,-3.753865387038045e-05,-3.753865387038045e-05,0.0,1.25,-4.692331733797557e-05,4
2021-06-30,15,0.0001668059368815,0.0001668059368815,0.0,1.25,0.0002085074211019,4
2021-07-01,15,-0.000685108253037,-0.000685108253037,0.0,1.25,-0.0008563853162962,4
2021-07-02,15,-0.0004348490594086,-0.0004348490594086,0.0,1.25,-0.0005435613242607,4
2021-07-06,15,-0.0001715866786415,0.0,0.1715866786415405,1.25,-0.0002144833483019,4
2021-07-07,16,0.0,0.0,0.0,1.25,0.0,3
2021-07-08,16,0.0,0.0,0.0,1.25,0.0,3
2021-07-09,16,0.0,0.0,0.0,1.25,0.0,3
2021-07-12,16,0.0,0.0,0.0,1.25,0.0,3
2021-07-13,16,0.0,0.0,0.0,1.25,0.0,3
2021-07-14,16,0.0,0.0,0.0,1.25,0.0,3
2021-07-15,16,0.0,0.0,0.0,1.25,0.0,3
2021-07-16,16,0.0,0.0,0.0,1.25,0.0,3
2021-07-19,16,0.0,0.0,0.0,1.25,0.0,3
2021-07-20,16,0.0,0.0,0.0,1.25,0.0,3
2021-07-21,16,0.0,0.0,0.0,1.25,0.0,3
2021-07-22,16,-0.0001684881630692,0.0001815118369307,0.35,1.25,-0.0002106102038365,3
2021-07-23,16,-0.0001527974050664,-0.0001527974050664,0.0,1.25,-0.000190996756333,3
2021-07-26,16,-7.585104911655088e-05,-7.585104911655088e-05,0.0,1.25,-9.48138113956886e-05,3
2021-07-27,16,0.0001809441090158,0.0004809441090158,0.3,1.25,0.0002261801362697,3
2021-07-28,16,-0.0030093129118105,-0.0030093129118105,0.0,1.25,-0.0037616411397632,3
2021-07-29,16,-0.000213897548936,8.610245106396562e-05,0.3,1.25,-0.00026737193617,3
2021-07-30,16,0.0027617797767675,0.0030617797767675,0.3,1.25,0.0034522247209594,3
2021-08-02,16,0.0022668569759278,0.0022668569759278,0.0,1.25,0.0028335712199097,3
2021-08-03,16,0.0013164453950885,0.0013164453950885,0.0,1.25,0.0016455567438606,3
2021-08-04,16,0.0021053301443322,0.0024553301443322,0.35,1.25,0.0026316626804152,3
2021-08-05,16,-0.0040652321120832,-0.0037152321120832,0.35,1.25,-0.0050815401401041,3
2021-08-06,16,0.0023836494456263,0.0023836494456263,0.0,1.25,0.0029795618070329,3
2021-08-09,16,-0.0012020080537997,-0.0012020080537997,0.0,1.25,-0.0015025100672497,3
2021-08-10,16,-0.0007717591189153,-0.0007717591189153,0.0,1.25,-0.0009646988986442,3
2021-08-11,16,-0.0032334943722637,-0.0028834943722637,0.35,1.25,-0.0040418679653296,3
2021-08-12,16,2.9422815709162445e-05,0.0003294228157091,0.3,1.25,3.6778519636453054e-05,3
2021-08-13,16,-0.000678934272456,-0.000678934272456,0.0,1.25,-0.00084866784057,3
2021-08-16,16,-0.0019171402668637,-0.0019171402668637,0.0,1.25,-0.0023964253335797,3
2021-08-17,16,-0.0024431449309373,-0.0024431449309373,0.0,1.25,-0.0030539311636716,3
2021-08-18,16,0.0009795813222266,0.0009795813222266,0.0,1.25,0.0012244766527832,3
2021-08-19,16,-0.0004096986061593,-5.969860615931727e-05,0.35,1.25,-0.0005121232576991,3
2021-08-20,16,9.08163254765392e-05,9.08163254765392e-05,0.0,1.25,0.0001135204068456,3
2021-08-23,16,-3.971494737796893e-05,-3.971494737796893e-05,0.0,1.25,-4.964368422246116e-05,3
2021-08-24,16,-0.0001138658492268,-0.0001138658492268,0.0,1.25,-0.0001423323115335,3
2021-08-25,16,-0.0002355327327755,0.0001144672672244,0.35,1.25,-0.0002944159159694,3
2021-08-26,16,-0.0019264708766767,-0.0019264708766767,0.0,1.25,-0.0024080885958459,3
2021-08-27,16,-0.0002045035877522,9.54964122477907e-05,0.3,1.25,-0.0002556294846902,3
2021-08-30,16,0.0005966864694402,0.0005966864694402,0.0,1.25,0.0007458580868003,3
2021-08-31,16,0.0003608836516106,0.0003608836516106,0.0,1.25,0.0004511045645133,3
2021-09-01,16,0.0097928505397632,0.0104928505397632,0.7,1.25,0.0122410631747041,3
2021-09-02,16,0.0027090607181592,0.0027090607181592,0.0,1.25,0.003386325897699,3
2021-09-03,16,0.0001964562308009,0.0001964562308009,0.0,1.25,0.0002455702885012,3
2021-09-07,16,0.0027206432387078,0.0027206432387078,0.0,1.25,0.0034008040483848,3
2021-09-08,16,-0.0039244934374173,-0.0039244934374173,0.0,1.25,-0.0049056167967716,3
2021-09-09,16,0.0036908030172615,0.0036908030172615,0.0,1.25,0.0046135037715769,3
2021-09-10,16,-0.0003,0.0,0.3,1.25,-0.000375,3
2021-09-13,16,0.0,0.0,0.0,1.25,0.0,3
2021-09-14,16,-0.0008826014166942,-0.0005826014166942,0.3,1.25,-0.0011032517708678,3
2021-09-15,16,-0.0006103253226137,-0.0002603253226137,0.35,1.25,-0.0007629066532671,3
2021-09-16,16,0.0006167175151922,0.0006167175151922,0.0,1.25,0.0007708968939903,3
2021-09-17,16,-0.0018218386885697,-0.0018218386885697,0.0,1.25,-0.0022772983607122,3
2021-09-20,16,0.0008464167467492,0.0008464167467492,0.0,1.25,0.0010580209334365,3
2021-09-21,16,0.0012289749702621,0.0012289749702621,0.0,1.25,0.0015362187128276,3
2021-09-22,16,0.0004378463152207,0.0004378463152207,0.0,1.25,0.0005473078940259,3
2021-09-23,16,0.0017090707571611,0.0017090707571611,0.0,1.25,0.0021363384464513,3
2021-09-24,16,7.586306972166891e-05,7.586306972166891e-05,0.0,1.25,9.482883715208612e-05,3
2021-09-27,16,-0.0005491053401552,-0.0002491053401552,0.3,1.25,-0.000686381675194,3
2021-09-28,16,0.0001723367068844,0.0001723367068844,0.0,1.25,0.0002154208836055,3
2021-09-29,16,-5.793410225381392e-05,-5.793410225381392e-05,0.0,1.25,-7.24176278172674e-05,3
2021-09-30,16,-0.0027114025398266,-0.0024114025398266,0.3,1.25,-0.0033892531747833,3
2021-10-01,16,-0.0010457144269037,-0.0010457144269037,0.0,1.25,-0.0013071430336296,3
2021-10-04,16,-0.0036907046451608,-0.0033407046451608,0.35,1.25,-0.004613380806451,3
2021-10-05,17,0.0,0.0,0.0,1.25,0.0,4
2021-10-06,17,0.0014532336151436,0.0016704926850518,0.2172590699081879,1.25,0.0018165420189295,4
2021-10-07,17,-0.0014587886081387,-0.0014587886081387,0.0,1.25,-0.0018234857601734,4
2021-10-08,17,-0.002648087029049,-0.002648087029049,0.0,1.25,-0.0033101087863112,4
2021-10-11,17,0.0011693476821375,0.0011693476821375,0.0,1.25,0.0014616846026718,4
2021-10-12,17,-0.0002837747607746,-0.0002837747607746,0.0,1.25,-0.0003547184509683,4
2021-10-13,17,-0.0011798417393155,-0.0011798417393155,0.0,1.25,-0.0014748021741444,4
2021-10-14,17,-0.0014432553358697,-0.0014432553358697,0.0,1.25,-0.0018040691698371,4
2021-10-15,17,-0.0012027371209029,-0.0012027371209029,0.0,1.25,-0.0015034214011286,4
2021-10-18,17,0.0002576367628797,0.0002576367628797,0.0,1.25,0.0003220459535996,4
2021-10-19,17,-0.0031048170764824,-0.0031048170764824,0.0,1.25,-0.003881021345603,4
2021-10-20,17,-0.0019831506136545,-0.0019831506136545,0.0,1.25,-0.0024789382670682,4
2021-10-21,17,0.001473825156233,0.001473825156233,0.0,1.25,0.0018422814452912,4
2021-10-22,17,-0.0010381814289275,-0.0010381814289275,0.0,1.25,-0.0012977267861593,4
2021-10-25,17,-0.0011729125081706,-0.0011729125081706,0.0,1.25,-0.0014661406352132,4
2021-10-26,17,-2.6052005628075114e-05,0.000221869566853,0.2479215724811199,1.25,-3.256500703509389e-05,4
2021-10-27,17,-0.0001356577692875,-0.0001356577692875,0.0,1.25,-0.0001695722116093,4
2021-10-28,17,-0.0010667325667163,-0.0010667325667163,0.0,1.25,-0.0013334157083954,4
2021-10-29,17,-0.0020253894537338,-0.0020253894537338,0.0,1.25,-0.0025317368171673,4
2021-11-01,17,0.0001914225235256,0.0001914225235256,0.0,1.25,0.000239278154407,4
2021-11-02,17,-0.0015206198713063,-0.0015206198713063,0.0,1.25,-0.0019007748391328,4
2021-11-03,17,-0.0001444640462118,-0.0001444640462118,0.0,1.25,-0.0001805800577648,4
2021-11-04,17,-0.0030975552857931,-0.0030975552857931,0.0,1.25,-0.0038719441072414,4
2021-11-05,17,-0.0002890621203873,-0.0002890621203873,0.0,1.25,-0.0003613276504842,4
2021-11-08,17,0.0015254520503218,0.0015254520503218,0.0,1.25,0.0019068150629023,4
2021-11-09,17,-0.0022540267008286,-0.0022540267008286,0.0,1.25,-0.0028175333760358,4
2021-11-10,17,0.0003238402517152,0.0003238402517152,0.0,1.25,0.000404800314644,4
2021-11-11,17,-0.0024468284191424,-0.0024468284191424,0.0,1.25,-0.003058535523928,4
2021-11-12,17,-0.0017988191789819,-0.0017988191789819,0.0,1.25,-0.0022485239737274,4
2021-11-15,17,-0.0046298625288362,-0.0046298625288362,0.0,1.25,-0.0057873281610453,4
2021-11-16,17,-0.0048570374710587,-0.0046397784011505,0.2172590699081879,1.25,-0.0060712968388234,4
2021-11-17,17,-0.0008028492013151,-0.0003701082712233,0.4327409300918121,1.25,-0.0010035615016439,4
2021-11-18,17,-0.0024760756306478,-0.0022281540581667,0.2479215724811199,1.25,-0.0030950945383098,4
2021-11-19,17,-0.0017768117082011,-0.0017768117082011,0.0,1.25,-0.0022210146352514,4
2021-11-22,17,0.0012768973750557,0.0012768973750557,0.0,1.25,0.0015961217188197,4
2021-11-23,17,-0.0006516361224801,-0.0006516361224801,0.0,1.25,-0.0008145451531002,4
2021-11-24,17,-0.0012568996128982,-0.0012568996128982,0.0,1.25,-0.0015711245161227,4
2021-11-26,17,0.0003515298426858,0.0003515298426858,0.0,1.25,0.0004394123033572,4
2021-11-29,17,-0.0046750275005114,-0.0046750275005114,0.0,1.25,-0.0058437843756393,4
2021-11-30,17,0.0024188082880975,0.0024188082880975,0.0,1.25,0.0030235103601219,4
2021-12-01,17,-0.0005065636787118,-0.0005065636787118,0.0,1.25,-0.0006332045983897,4
2021-12-02,17,-0.0003812815860904,-0.0003812815860904,0.0,1.25,-0.000476601982613,4
2021-12-03,17,0.0002262367713489,0.0002262367713489,0.0,1.25,0.0002827959641861,4
2021-12-06,17,-0.0009711771771207,-0.0009711771771207,0.0,1.25,-0.0012139714714009,4
2021-12-07,17,-0.0007870278663527,-0.0007870278663527,0.0,1.25,-0.0009837848329409,4
2021-12-08,17,0.0016578996475011,0.0018427190051118,0.1848193576106922,1.25,0.0020723745593764,4
2021-12-09,17,0.0030409843792317,0.0030409843792317,0.0,1.25,0.0038012304740396,4
2021-12-10,17,-0.006422181252569,-0.0062049221826608,0.2172590699081879,1.25,-0.0080277265657112,4
2021-12-13,17,0.0030331089669734,0.0030331089669734,0.0,1.25,0.0037913862087167,4
2021-12-14,17,0.0031870970555471,0.0031870970555471,0.0,1.25,0.0039838713194339,4
2021-12-15,17,-0.0035145213286255,-0.0035145213286255,0.0,1.25,-0.0043931516607818,4
2021-12-16,17,-0.0005723628785759,-0.0003244413060948,0.2479215724811199,1.25,-0.0007154535982199,4
2021-12-17,17,0.0005773029071786,0.0005773029071786,0.0,1.25,0.0007216286339733,4
2021-12-20,17,-7.387471449042963e-05,-7.387471449042963e-05,0.0,1.25,-9.234339311303704e-05,4
2021-12-21,17,-4.1449075747108905e-05,-4.1449075747108905e-05,0.0,1.25,-5.181134468388613e-05,4
2021-12-22,17,-0.0003950324652899,-0.0003950324652899,0.0,1.25,-0.0004937905816124,4
2021-12-23,17,-0.0002280433943623,-0.0002280433943623,0.0,1.25,-0.0002850542429529,4
2021-12-27,17,-0.0007777842973309,-0.0007777842973309,0.0,1.25,-0.0009722303716636,4
2021-12-28,17,0.000182026295843,0.000182026295843,0.0,1.25,0.0002275328698038,4
2021-12-29,17,0.0005207142445348,0.0005207142445348,0.0,1.25,0.0006508928056685,4
2021-12-30,17,-4.637454614260164e-05,-4.637454614260164e-05,0.0,1.25,-5.796818267825205e-05,4
2021-12-31,17,0.0002020220596297,0.0002020220596297,0.0,1.25,0.0002525275745372,4
2022-01-03,17,-0.0011594247529841,-0.0008094247529841,0.35,1.25,-0.0014492809412302,4
2022-01-04,18,0.0,0.0,0.0,1.25,0.0,4
2022-01-05,18,0.0,0.0,0.0,1.25,0.0,4
2022-01-06,18,3.0566549703646194e-05,0.0002535061791682,0.2229396294646316,1.25,3.8208187129557744e-05,4
2022-01-07,18,-0.0039895611108988,-0.0039895611108988,0.0,1.25,-0.0049869513886236,4
2022-01-10,18,-0.0037813166639393,-0.0037813166639393,0.0,1.25,-0.0047266458299241,4
2022-01-11,18,-0.0011623043165632,-0.0007672949832782,0.3950093332850095,1.25,-0.001452880395704,4
2022-01-12,18,0.0002716489162774,0.0002716489162774,0.0,1.25,0.0003395611453468,4
2022-01-13,18,-0.0005731461678066,-0.0005731461678066,0.0,1.25,-0.0007164327097583,4
2022-01-14,18,-0.001319959286163,-0.001319959286163,0.0,1.25,-0.0016499491077038,4
2022-01-18,18,-0.0037222531291742,-0.0032443228329946,0.4779302961796221,1.25,-0.0046528164114678,4
2022-01-19,18,-0.0004970990369718,-0.0004970990369718,0.0,1.25,-0.0006213737962147,4
2022-01-20,18,0.0011245696850537,0.0011245696850537,0.0,1.25,0.0014057121063171,4
2022-01-21,18,0.000237958073189,0.000237958073189,0.0,1.25,0.0002974475914863,4
2022-01-24,18,-0.0008432840972344,-0.0006203444677698,0.2229396294646316,1.25,-0.001054105121543,4
2022-01-25,18,0.0036011792583802,0.0036011792583802,0.0,1.25,0.0045014740729753,4
2022-01-26,18,0.0001642375867908,0.0001642375867908,0.0,1.25,0.0002052969834885,4
2022-01-27,18,0.0015018479525537,0.0015018479525537,0.0,1.25,0.0018773099406922,4
2022-01-28,18,-0.0028423008639854,-0.0023202311601651,0.5220697038203779,1.25,-0.0035528760799818,4
2022-01-31,18,0.0008060001686981,0.0011560001686981,0.35,1.25,0.0010075002108727,4
2022-02-01,18,-0.0010310526218083,-0.0006810526218083,0.35,1.25,-0.0012888157772604,4
2022-02-02,18,0.0007397120557989,0.0007397120557989,0.0,1.25,0.0009246400697486,4
2022-02-03,18,-0.0034002308540148,-0.0034002308540148,0.0,1.25,-0.0042502885675185,4
2022-02-04,18,0.0004785940997009,0.0004785940997009,0.0,1.25,0.0005982426246262,4
2022-02-07,18,-0.0020025840522109,-0.0020025840522109,0.0,1.25,-0.0025032300652637,4
2022-02-08,18,-0.0003928465818122,-0.0003928465818122,0.0,1.25,-0.0004910582272653,4
2022-02-09,18,-1.786416943969489e-06,-1.786416943969489e-06,0.0,1.25,-2.2330211799618613e-06,4
2022-02-10,18,-0.00104955468551,-0.00104955468551,0.0,1.25,-0.0013119433568875,4
2022-02-11,18,-0.0014098857293162,-0.0014098857293162,0.0,1.25,-0.0017623571616452,4
2022-02-14,18,1.8146978881015496e-05,0.000273137645596,0.2549906667149905,1.25,2.268372360126937e-05,4
2022-02-15,18,6.760561712273344e-05,0.0003225962838377,0.2549906667149905,1.25,8.45070214034168e-05,4
2022-02-16,18,-0.0006621845159596,-0.0006621845159596,0.0,1.25,-0.0008277306449495,4
2022-02-17,18,-0.0004026565998847,-0.0004026565998847,0.0,1.25,-0.0005033207498559,4
2022-02-18,18,-0.0013916360784121,-0.0013916360784121,0.0,1.25,-0.0017395450980151,4
2022-02-22,18,-0.0033323424553908,-0.0033323424553908,0.0,1.25,-0.0041654280692386,4
2022-02-23,18,-0.0007632325224259,-0.0007632325224259,0.0,1.25,-0.0009540406530324,4
2022-02-24,18,-0.0023207392722042,-0.0023207392722042,0.0,1.25,-0.0029009240902552,4
2022-02-25,18,0.0043123416841759,0.0044844113879963,0.1720697038203779,1.25,0.0053904271052199,4
2022-02-28,18,-0.0004549563914696,-0.0004549563914696,0.0,1.25,-0.000568695489337,4
2022-03-01,18,0.0001801839333361,0.0005301839333361,0.35,1.25,0.0002252299166701,4
2022-03-02,18,0.0005782301194507,0.0009282301194507,0.35,1.25,0.0007227876493134,4
2022-03-03,18,0.0024015129674316,0.0024015129674316,0.0,1.25,0.0030018912092895,4
2022-03-04,18,0.0011569626968093,0.0011569626968093,0.0,1.25,0.0014462033710117,4
2022-03-07,18,0.0036471008294875,0.0036471008294875,0.0,1.25,0.0045588760368594,4
2022-03-08,18,-0.0039674591786795,-0.0039674591786795,0.0,1.25,-0.0049593239733494,4
2022-03-09,18,-0.0001484066410805,-0.0001484066410805,0.0,1.25,-0.0001855083013506,4
2022-03-10,18,-0.0001781162614599,-0.0001781162614599,0.0,1.25,-0.0002226453268249,4
2022-03-11,18,0.0007599931534479,0.0007599931534479,0.0,1.25,0.0009499914418099,4
2022-03-14,18,-0.0007344539877361,-0.0007344539877361,0.0,1.25,-0.0009180674846701,4
2022-03-15,18,0.0010819282040905,0.0013369188708055,0.2549906667149905,1.25,0.0013524102551131,4
2022-03-16,18,-0.0002859241300825,-0.0002859241300825,0.0,1.25,-0.0003574051626032,4
2022-03-17,18,-0.0010471932170026,-0.0008751235131822,0.1720697038203779,1.25,-0.0013089915212532,4
2022-03-18,18,4.892851342995788e-06,4.892851342995788e-06,0.0,1.25,6.116064178744735e-06,4
2022-03-21,18,0.0001535595978842,0.0001535595978842,0.0,1.25,0.0001919494973552,4
2022-03-22,18,-0.0009201073949105,-0.0009201073949105,0.0,1.25,-0.0011501342436382,4
2022-03-23,18,-0.0001801722177961,-0.0001801722177961,0.0,1.25,-0.0002252152722451,4
2022-03-24,18,0.0006645059333875,0.0006645059333875,0.0,1.25,0.0008306324167344,4
2022-03-25,18,4.631667311175088e-05,4.631667311175088e-05,0.0,1.25,5.78958413896886e-05,4
2022-03-28,18,-0.0013632672570376,-0.0011911975532172,0.1720697038203779,1.25,-0.001704084071297,4
2022-03-29,18,0.001272249153809,0.001622249153809,0.35,1.25,0.0015903114422613,4
2022-03-30,18,-0.0019493855596141,-0.0019493855596141,0.0,1.25,-0.0024367319495176,4
2022-03-31,18,-0.0009386000495761,-0.0009386000495761,0.0,1.25,-0.0011732500619701,4
2022-04-01,18,-0.0005662869373493,-0.0005662869373493,0.0,1.25,-0.0007078586716867,4
2022-04-04,18,-0.0001302464225665,-0.0001302464225665,0.0,1.25,-0.0001628080282081,4
2022-04-05,19,0.0,0.0,0.0,1.25,0.0,2
2022-04-06,19,-0.0054593781313508,-0.0049593781313508,0.5,1.25,-0.0068242226641885,2
2022-04-07,19,7.300414922682372e-05,7.300414922682372e-05,0.0,1.25,9.125518653352964e-05,2
2022-04-08,19,-0.0047461814549696,-0.0047461814549696,0.0,1.25,-0.005932726818712,2
2022-04-11,19,0.0016595906256839,0.0016595906256839,0.0,1.25,0.0020744882821049,2
2022-04-12,19,0.00049820336961,0.00049820336961,0.0,1.25,0.0006227542120125,2
2022-04-13,19,-0.0079268541455076,-0.0079268541455076,0.0,1.25,-0.0099085676818845,2
2022-04-14,19,0.0043254928324867,0.0043254928324867,0.0,1.25,0.0054068660406083,2
2022-04-18,19,-0.0019177696872783,-0.0019177696872783,0.0,1.25,-0.0023972121090979,2
2022-04-19,19,-0.0050029014914374,-0.0050029014914374,0.0,1.25,-0.0062536268642967,2
2022-04-20,19,-0.0053650608148662,-0.0053650608148662,0.0,1.25,-0.0067063260185828,2
2022-04-21,19,0.0073020780086948,0.0073020780086948,0.0,1.25,0.0091275975108685,2
2022-04-22,19,0.0082455433169628,0.0082455433169628,0.0,1.241515570189898,0.0102369704126845,2
2022-04-25,19,-0.001194188762048,-0.001194188762048,0.0,1.2063999523025573,-0.001440669265575,2
2022-04-26,19,0.0071900177938965,0.0071900177938965,0.0,1.2069194451293124,0.0086777722862795,2
2022-04-27,19,0.0012380779996842,0.0012380779996842,0.0,1.1842754477106483,0.0014662253773767,2
2022-04-28,19,-0.0086289608975929,-0.0086289608975929,0.0,1.1847833798078549,-0.01022344945648,2
2022-04-29,19,0.0025807488401967,0.0025807488401967,0.0,1.144615534484213,0.0029539652130913,2
2022-05-02,19,0.006180629457255,0.006180629457255,0.0,1.1427154402471662,0.0070627007112518,2
2022-05-03,19,0.002749801646511,0.002749801646511,0.0,1.140210241474787,0.003135351999376,2
2022-05-04,19,-0.0005,0.0,0.5,1.1433423376414649,-0.0005716711688207,2
2022-05-05,19,0.0,0.0,0.0,1.162377672441356,0.0,2
2022-05-06,19,0.0024266875941976,0.0029266875941976,0.5,1.1638682740699346,0.0028243447019656,2
2022-05-09,19,-0.0076841019344741,-0.0076841019344741,0.0,1.1865197186459535,-0.009117338465339,2
2022-05-10,19,9.482963616481416e-05,9.482963616481416e-05,0.0,1.1535913507708768,0.0001093946480764,2
2022-05-11,19,-0.0012381837720478,-0.0012381837720478,0.0,1.1556907778331875,-0.0014309575666184,2
2022-05-12,19,-0.0075900912728541,-0.0075900912728541,0.0,1.155058618586594,-0.0087670003405691,2
2022-05-13,19,0.0056427219859446,0.0056427219859446,0.0,1.1423395185369245,0.0064459043166617,2
2022-05-16,19,0.0009518164027812,0.0009518164027812,0.0,1.1333913770268644,0.0010787805034249,2
2022-05-17,19,0.0030475460668689,0.0030475460668689,0.0,1.135977189090548,0.0034619428146657,2
2022-05-18,19,-0.0130883001524483,-0.0130883001524483,0.0,1.1343224497392328,-0.0148463526918476,2
2022-05-19,19,0.0060864562050585,0.0060864562050585,0.0,1.0618151546224492,0.006462691436477,2
2022-05-20,19,0.0060239026277936,0.0060239026277936,0.0,1.073013975285115,0.0064637317053793,2
2022-05-23,19,0.0074855963291869,0.0074855963291869,0.0,1.0596040432990743,0.0079317681369111,2
2022-05-24,19,0.0029485495374201,0.0029485495374201,0.0,1.05048739726033,0.0030974141292576,2
2022-05-25,19,-0.0023171768302263,-0.0023171768302263,0.0,1.051673962519227,-0.0024369145389019,2
2022-05-26,19,0.0042729133146878,0.0042729133146878,0.0,1.0497032871168657,0.0044852911519932,2
2022-05-27,19,0.0040311496269191,0.0040311496269191,0.0,1.0756406105547804,0.004336068245937,2
2022-05-31,19,-0.0049087027632659,-0.0049087027632659,0.0,1.072774344091726,-0.0052659303872038,2
2022-06-01,19,-0.0018151461798215,-0.0018151461798215,0.0,1.062388488109911,-0.001928390405679,2
2022-06-02,19,-0.0009040768058863,-0.0009040768058863,0.0,1.0684638164402114,-0.0009659733543723,2
2022-06-03,19,-0.0005,0.0,0.5,1.0678781482218531,-0.0005339390741109,2
2022-06-06,19,0.0,0.0,0.0,1.0962976837532137,0.0,2
2022-06-07,19,0.0,0.0,0.0,1.1128320319621134,0.0,2
2022-06-08,19,0.0,0.0,0.0,1.130821617043213,0.0,2
2022-06-09,19,-0.0004173427388095,8.265726119044444e-05,0.5,1.1560418952556883,-0.0004824656907445,2
2022-06-10,19,0.0018999967202783,0.0018999967202783,0.0,1.1560898360326328,0.002196566896809,2
2022-06-13,19,0.0032836854027371,0.0032836854027371,0.0,1.154638762112089,0.0037914704485819,2
2022-06-14,19,-0.0005,0.0,0.5,1.150106756208486,-0.0005750533781042,2
2022-06-15,19,0.0,0.0,0.0,1.1498829471412102,0.0,2
2022-06-16,19,0.0,0.0,0.0,1.1504603407463914,0.0,2
2022-06-17,19,-0.0057244320441434,-0.0047244320441434,1.0,1.1560510738558265,-0.0066177358118466,2
2022-06-21,19,0.0117469198021282,0.0117469198021282,0.0,1.1419094604801032,0.0134139188535512,2
2022-06-22,19,0.0018243284726582,0.0023243284726582,0.5,1.090560456185655,0.0019895404913746,2
2022-06-23,19,0.0050717530804238,0.0050717530804238,0.0,1.0919434480627503,0.0055380675463609,2
2022-06-24,19,-0.0059250720051834,-0.0059250720051834,0.0,1.085660160944879,-0.0064326146267574,2
2022-06-27,19,0.0035419864161698,0.0040419864161698,0.5,1.0805297617120813,0.0038272217382514,2
2022-06-28,19,0.0019175864093574,0.0019175864093574,0.0,1.0768242878997056,0.0020649036197425,2
2022-06-29,19,0.0045538885660065,0.0045538885660065,0.0,1.0770141537434332,0.0049046024401594,2
2022-06-30,19,0.0036709280536578,0.0036709280536578,0.0,1.0872109776275645,0.0039910732780178,2
2022-07-01,19,-0.0017252793288819,-0.0017252793288819,0.0,1.0871553814670147,-0.0018756467069278,2
2022-07-05,19,-0.014274992966618,-0.014274992966618,0.0,1.0945878543848746,-0.0156252339226896,2
2022-07-06,19,0.0096357855773371,0.0096357855773371,0.0,1.0172782731360988,0.0098022753124232,2
2022-07-07,20,0.0,0.0,0.0,1.25,0.0,3
2022-07-08,20,0.0,0.0,0.0,1.25,0.0,3
2022-07-11,20,0.0,0.0,0.0,1.25,0.0,3
2022-07-12,20,0.0,0.0,0.0,1.25,0.0,3
2022-07-13,20,0.0,0.0,0.0,1.25,0.0,3
2022-07-14,20,0.0,0.0,0.0,1.25,0.0,3
2022-07-15,20,0.0,0.0,0.0,1.25,0.0,3
2022-07-18,20,0.0,0.0,0.0,1.25,0.0,3
2022-07-19,20,-0.0063437456086908,-0.0060437456086908,0.3,1.25,-0.0079296820108635,3
2022-07-20,20,-0.0024886241575306,-0.0024886241575306,0.0,1.25,-0.0031107801969133,3
2022-07-21,20,-0.0020321636324496,-0.0016821636324496,0.35,1.25,-0.002540204540562,3
2022-07-22,20,0.0010164073568313,0.0010164073568313,0.0,1.25,0.0012705091960391,3
2022-07-25,20,0.0009183202914931,0.0009183202914931,0.0,1.25,0.0011479003643663,3
2022-07-26,20,0.001678469267362,0.001678469267362,0.0,1.25,0.0020980865842025,3
2022-07-27,20,-0.0018759618689831,-0.0018759618689831,0.0,1.25,-0.0023449523362288,3
2022-07-28,20,-0.0045094940805087,-0.0045094940805087,0.0,1.25,-0.0056368676006358,3
2022-07-29,20,-0.0007655400873247,-0.0007655400873247,0.0,1.25,-0.0009569251091558,3
2022-08-01,20,-8.504631644526574e-05,0.0002149536835547,0.3,1.25,-0.0001063078955565,3
2022-08-02,20,0.000734935936689,0.001034935936689,0.3,1.25,0.0009186699208613,3
2022-08-03,20,-0.000813608374921,-0.000813608374921,0.0,1.25,-0.0010170104686512,3
2022-08-04,20,-0.0011941114889364,-0.0011941114889364,0.0,1.25,-0.0014926393611705,3
2022-08-05,20,-3.438527051176582e-05,-3.438527051176582e-05,0.0,1.25,-4.298158813970728e-05,3
2022-08-08,20,-0.0008144385100063,-0.0008144385100063,0.0,1.25,-0.0010180481375079,3
2022-08-09,20,-0.0002603778331053,-0.0002603778331053,0.0,1.25,-0.0003254722913816,3
2022-08-10,20,-0.0044256543820116,-0.0044256543820116,0.0,1.25,-0.0055320679775145,3
2022-08-11,20,0.0004354948692234,0.0004354948692234,0.0,1.25,0.0005443685865293,3
2022-08-12,20,-0.0025329372168775,-0.0021829372168775,0.35,1.25,-0.0031661715210969,3
2022-08-15,20,0.0011613672416302,0.0014613672416302,0.3,1.25,0.0014517090520377,3
2022-08-16,20,0.0021703671950824,0.0024703671950824,0.3,1.25,0.0027129589938531,3
2022-08-17,20,0.0001435116610581,0.0008435116610581,0.7,1.25,0.0001793895763226,3
2022-08-18,20,-0.0004118963782668,-0.0004118963782668,0.0,1.25,-0.0005148704728335,3
2022-08-19,20,0.0008313876506098,0.0008313876506098,0.0,1.25,0.0010392345632623,3
2022-08-22,20,0.0013225279206154,0.0013225279206154,0.0,1.25,0.0016531599007693,3
2022-08-23,20,0.0011208089221682,0.0011208089221682,0.0,1.25,0.0014010111527102,3
2022-08-24,20,-0.0002785856879847,-0.0002785856879847,0.0,1.25,-0.0003482321099808,3
2022-08-25,20,-0.0005858670720738,-0.0005858670720738,0.0,1.25,-0.0007323338400923,3
2022-08-26,20,0.001907970757823,0.001907970757823,0.0,1.25,0.0023849634472788,3
2022-08-29,20,-0.0003,0.0,0.3,1.25,-0.000375,3
2022-08-30,20,0.0,0.0,0.0,1.25,0.0,3
2022-08-31,20,0.0,0.0,0.0,1.25,0.0,3
2022-09-01,20,-0.0019987548031399,-0.0016487548031399,0.35,1.25,-0.0024984435039249,3
2022-09-02,20,-0.00035,0.0,0.35,1.25,-0.0004375,3
2022-09-06,20,-0.0004309682589895,-8.096825898958419e-05,0.35,1.25,-0.0005387103237369,3
2022-09-07,20,-0.0005769435125454,-0.0005769435125454,0.0,1.25,-0.0007211793906818,3
2022-09-08,20,0.0001996721932971,0.0001996721932971,0.0,1.25,0.0002495902416214,3
2022-09-09,20,0.0001528826299338,0.0001528826299338,0.0,1.25,0.0001911032874172,3
2022-09-12,20,0.0008184718300793,0.0008184718300793,0.0,1.25,0.0010230897875992,3
2022-09-13,20,-4.831651613608294e-05,-4.831651613608294e-05,0.0,1.25,-6.039564517010368e-05,3
2022-09-14,20,-0.0005752041974882,-0.0005752041974882,0.0,1.25,-0.0007190052468603,3
2022-09-15,20,-0.0011510433516788,-0.0011510433516788,0.0,1.25,-0.0014388041895986,3
2022-09-16,20,-0.0002989804398586,-0.0002989804398586,0.0,1.25,-0.0003737255498233,3
2022-09-19,20,7.467535872333198e-05,7.467535872333198e-05,0.0,1.25,9.334419840416496e-05,3
2022-09-20,20,0.0002539929857744,0.0002539929857744,0.0,1.25,0.0003174912322181,3
2022-09-21,20,0.0003578859312809,0.0003578859312809,0.0,1.25,0.0004473574141012,3
2022-09-22,20,-0.0002409345473573,-0.0002409345473573,0.0,1.25,-0.0003011681841967,3
2022-09-23,20,0.0002664412174743,0.0002664412174743,0.0,1.25,0.0003330515218429,3
2022-09-26,20,-0.0004489539066577,-0.0004489539066577,0.0,1.25,-0.0005611923833222,3
2022-09-27,20,0.0005703238950605,0.0005703238950605,0.0,1.25,0.0007129048688257,3
2022-09-28,20,-0.0013678242205466,-0.0013678242205466,0.0,1.25,-0.0017097802756833,3
2022-09-29,20,0.0004224073443412,0.0004224073443412,0.0,1.25,0.0005280091804266,3
2022-09-30,20,-0.0002807657538332,-0.0002807657538332,0.0,1.25,-0.0003509571922915,3
2022-10-03,20,-0.00035,0.0,0.35,1.25,-0.0004375,3
2022-10-04,20,0.0,0.0,0.0,1.25,0.0,3
2022-10-05,21,0.0,0.0,0.0,1.25,0.0,2
2022-10-06,21,0.0,0.0,0.0,1.25,0.0,2
2022-10-07,21,0.0,0.0,0.0,1.25,0.0,2
2022-10-10,21,0.0,0.0,0.0,1.25,0.0,2
2022-10-11,21,0.0,0.0,0.0,1.25,0.0,2
2022-10-12,21,0.0,0.0,0.0,1.25,0.0,2
2022-10-13,21,0.0,0.0,0.0,1.25,0.0,2
2022-10-14,21,0.0,0.0,0.0,1.25,0.0,2
2022-10-17,21,0.0,0.0,0.0,1.25,0.0,2
2022-10-18,21,0.0,0.0,0.0,1.25,0.0,2
2022-10-19,21,0.0,0.0,0.0,1.25,0.0,2
2022-10-20,21,0.0,0.0,0.0,1.25,0.0,2
2022-10-21,21,0.0,0.0,0.0,1.25,0.0,2
2022-10-24,21,-0.0023046825198853,-0.0018046825198853,0.5,1.25,-0.0028808531498566,2
2022-10-25,21,-0.0027193512463313,-0.0027193512463313,0.0,1.25,-0.0033991890579142,2
2022-10-26,21,-0.0016130577616213,-0.0016130577616213,0.0,1.25,-0.0020163222020266,2
2022-10-27,21,-0.0015680157526877,-0.0015680157526877,0.0,1.25,-0.0019600196908596,2
2022-10-28,21,-0.0035806402319762,-0.0030806402319762,0.5,1.25,-0.0044758002899703,2
2022-10-31,21,-0.0040219637766114,-0.0040219637766114,0.0,1.25,-0.0050274547207643,2
2022-11-01,21,-0.0002608948075258,-0.0002608948075258,0.0,1.25,-0.0003261185094072,2
2022-11-02,21,-0.0012064676239356,-0.0012064676239356,0.0,1.25,-0.0015080845299196,2
2022-11-03,21,-0.0017207492521287,-0.0017207492521287,0.0,1.25,-0.0021509365651608,2
2022-11-04,21,0.0004946995781938,0.0009946995781938,0.5,1.25,0.0006183744727422,2
2022-11-07,21,-0.000759993860787,-0.000759993860787,0.0,1.25,-0.0009499923259837,2
2022-11-08,21,-0.0003774786451233,-0.0003774786451233,0.0,1.25,-0.0004718483064041,2
2022-11-09,21,0.0005134337771909,0.0005134337771909,0.0,1.25,0.0006417922214887,2
2022-11-10,21,-0.001538185707422,-0.001538185707422,0.0,1.25,-0.0019227321342775,2
2022-11-11,21,-0.0002001175481855,-0.0002001175481855,0.0,1.25,-0.0002501469352319,2
2022-11-14,21,-0.0011077439469765,-0.0006077439469765,0.5,1.25,-0.0013846799337207,2
2022-11-15,21,-0.0010278025799603,-0.0010278025799603,0.0,1.25,-0.0012847532249504,2
2022-11-16,21,-0.0010988745179101,-0.0010988745179101,0.0,1.25,-0.0013735931473876,2
2022-11-17,21,0.0006065279787879,0.0006065279787879,0.0,1.25,0.0007581599734849,2
2022-11-18,21,0.0024222477541,0.0024222477541,0.0,1.25,0.003027809692625,2
2022-11-21,21,0.0009093567824364,0.0009093567824364,0.0,1.25,0.0011366959780455,2
2022-11-22,21,-0.0023514131568123,-0.0023514131568123,0.0,1.25,-0.0029392664460154,2
2022-11-23,21,-0.0009212448766637,-0.0009212448766637,0.0,1.25,-0.0011515560958297,2
2022-11-25,21,-0.0017248746559772,-0.0017248746559772,0.0,1.25,-0.0021560933199716,2
2022-11-28,21,0.0008457635943067,0.0013457635943067,0.5,1.25,0.0010572044928834,2
2022-11-29,21,0.000295153417912,0.000295153417912,0.0,1.25,0.00036894177239,2
2022-11-30,21,-0.0001072949841521,-0.0001072949841521,0.0,1.25,-0.0001341187301902,2
2022-12-01,21,-0.0005410637086107,-0.0005410637086107,0.0,1.25,-0.0006763296357634,2
2022-12-02,21,0.0003350706046224,0.0003350706046224,0.0,1.25,0.0004188382557781,2
2022-12-05,21,0.0002933901851097,0.0002933901851097,0.0,1.25,0.0003667377313872,2
2022-12-06,21,-6.87164030920399e-05,-6.87164030920399e-05,0.0,1.25,-8.589550386504988e-05,2
2022-12-07,21,5.443793471347396e-05,5.443793471347396e-05,0.0,1.25,6.804741839184245e-05,2
2022-12-08,21,-0.0011770762149138,-0.0011770762149138,0.0,1.25,-0.0014713452686422,2
2022-12-09,21,-0.0005,0.0,0.5,1.25,-0.000625,2
2022-12-12,21,0.0,0.0,0.0,1.25,0.0,2
2022-12-13,21,-0.0006244304948307,-0.0001244304948307,0.5,1.25,-0.0007805381185384,2
2022-12-14,21,-9.889168756235236e-05,-9.889168756235236e-05,0.0,1.25,-0.0001236146094529,2
2022-12-15,21,0.0005368481158405,0.0005368481158405,0.0,1.25,0.0006710601448006,2
2022-12-16,21,-0.0018779495835782,-0.0013779495835782,0.5,1.25,-0.0023474369794727,2
2022-12-19,21,-0.0047045678090628,-0.0047045678090628,0.0,1.25,-0.0058807097613285,2
2022-12-20,21,0.003196493291065,0.003196493291065,0.0,1.25,0.0039956166138313,2
2022-12-21,21,0.0041330995008659,0.0041330995008659,0.0,1.25,0.0051663743760824,2
2022-12-22,21,-0.0020503660590906,-0.0020503660590906,0.0,1.25,-0.0025629575738633,2
2022-12-23,21,-0.0010550205039361,-0.0010550205039361,0.0,1.25,-0.0013187756299201,2
2022-12-27,21,-0.0046293030310971,-0.0046293030310971,0.0,1.25,-0.0057866287888714,2
2022-12-28,21,-0.0009416089571333,-0.0009416089571333,0.0,1.25,-0.0011770111964166,2
2022-12-29,21,0.0008930764063377,0.0008930764063377,0.0,1.25,0.0011163455079221,2
2022-12-30,21,-0.0005256885790853,-2.5688579085393568e-05,0.5,1.25,-0.0006571107238567,2
2023-01-03,21,0.0005817844665295,0.0005817844665295,0.0,1.25,0.0007272305831619,2
2023-01-04,21,0.0001770602824326,0.0001770602824326,0.0,1.25,0.0002213253530408,2
2023-01-05,22,0.0,0.0,0.0,0.8303307500114581,0.0,1
2023-01-06,22,0.001216092383084,0.002216092383084,1.0,0.8306344973498273,0.0010101282853539,1
2023-01-09,22,0.0030460923152363,0.0030460923152363,0.0,0.830529113835638,0.0025298683512347,1
2023-01-10,22,0.0029800241088623,0.0029800241088623,0.0,0.8293068443910306,0.0024713543899298,1
2023-01-11,22,0.0053754135626275,0.0053754135626275,0.0,0.8463213541493453,0.0045493272854357,1
2023-01-12,22,0.0088239721860031,0.0088239721860031,0.0,0.8518789665413612,0.007516956306602,1
2023-01-13,22,-0.0022479094951576,-0.0022479094951576,0.0,0.8405223929513806,-0.001889418268008,1
2023-01-17,22,0.00631963943917,0.00631963943917,0.0,0.874704800977338,0.0055278189578877,1
2023-01-18,22,-0.0110561141426067,-0.0110561141426067,0.0,0.8704879602315692,-0.0096242142480851,1
2023-01-19,22,-0.018235527644936,-0.018235527644936,0.0,0.8494662563816207,-0.0154904654016873,1
2023-01-20,22,0.0021898133531693,0.0021898133531693,0.0,0.7901455017445427,0.0017302711706669,1
2023-01-23,22,-0.0006708916376411,-0.0006708916376411,0.0,0.7895992931898242,-0.0005297355628884,1
2023-01-24,22,0.006492380368168,0.006492380368168,0.0,0.7905035756807048,0.005132249895716,1
2023-01-25,22,0.0058613443628457,0.0058613443628457,0.0,0.7961203271978438,0.0046663353919679,1
2023-01-26,22,0.0100853320071013,0.0100853320071013,0.0,0.7958122496293429,0.0080260307528301,1
2023-01-27,22,-0.0067246585716811,-0.0067246585716811,0.0,0.7816533765563588,-0.0052563520787432,1
2023-01-30,22,-0.0045357000437722,-0.0045357000437722,0.0,0.7751947214469374,-0.0035160507319988,1
2023-01-31,22,0.005780614605155,0.005780614605155,0.0,0.7719731897624682,0.004462479495529,1
2023-02-01,22,0.006440987028861,0.006440987028861,0.0,0.7685904950771095,0.0049504814092975,1
2023-02-02,22,0.0021446150954591,0.0021446150954591,0.0,0.7636450506171751,0.0016377247031262,1
2023-02-03,22,-0.001,0.0,1.0,0.7748945685518691,-0.0007748945685518,1
2023-02-06,22,0.0,0.0,0.0,0.775848810032187,0.0,1
2023-02-07,22,0.0,0.0,0.0,0.7770068685692455,0.0,1
2023-02-08,22,0.0,0.0,0.0,0.7772534333857058,0.0,1
2023-02-09,22,-0.0100460703726986,-0.0090460703726986,1.0,0.7869412972619623,-0.0079056676514764,1
2023-02-10,22,-0.0004859889134119,-0.0004859889134119,0.0,0.7709460396511375,-0.0003746712281092,1
2023-02-13,22,-0.0194948037951962,-0.0194948037951962,0.0,0.7718368608339993,-0.0150468081638589,1
2023-02-14,22,-0.0017022712678586,-0.0017022712678586,0.0,0.7432117079050009,-0.0012651479363028,1
2023-02-15,22,0.0138319241416733,0.0138319241416733,0.0,0.7431795165309341,0.0102796026963013,1
2023-02-16,22,0.011470694875545,0.011470694875545,0.0,0.7306860408360922,0.0083814766242508,1
2023-02-17,22,0.0054656660242037,0.0054656660242037,0.0,0.7306349690791634,0.0039934067265911,1
2023-02-21,22,0.0033989237502,0.0033989237502,0.0,0.7273308265098691,0.002472142020477,1
2023-02-22,22,0.0023696717017792,0.0023696717017792,0.0,0.7268181453219581,0.0017223203913091,1
2023-02-23,22,-0.0112702353912923,-0.0112702353912923,0.0,0.7277188713478359,-0.0082015629787757,1
2023-02-24,22,0.0069142044509621,0.0069142044509621,0.0,0.724522704891045,0.0050094981109807,1
2023-02-27,22,0.000576619168724,0.000576619168724,0.0,0.7197215436926023,0.0004150052382368,1
2023-02-28,22,0.0026550053801945,0.0026550053801945,0.0,0.7197263279141884,0.0019108772728798,1
2023-03-01,22,0.0093012928273618,0.0093012928273618,0.0,0.7218297038253251,0.0067139494467672,1
2023-03-02,22,-0.0061700770760166,-0.0061700770760166,0.0,0.7179062674686552,-0.004429537003637,1
2023-03-03,22,-0.0043485959995788,-0.0043485959995788,0.0,0.7127572505128084,-0.0030994933282508,1
2023-03-06,22,0.0016119479068131,0.0016119479068131,0.0,0.7216802648490227,0.0011633109923117,1
2023-03-07,22,0.0021274183386266,0.0021274183386266,0.0,0.7215887796932297,0.0015351212028666,1
2023-03-08,22,0.0026114029024635,0.0026114029024635,0.0,0.7230152642047923,0.0018880841594698,1
2023-03-09,22,-0.001,0.0,1.0,0.7229902802982408,-0.0007229902802982,1
2023-03-10,22,0.0,0.0,0.0,0.7226840923939023,0.0,1
2023-03-13,22,0.0,0.0,0.0,0.7226840923939023,0.0,1
2023-03-14,22,0.0,0.0,0.0,0.7226840923939023,0.0,1
2023-03-15,22,0.0,0.0,0.0,0.7227442935223776,0.0,1
2023-03-16,22,0.0,0.0,0.0,0.7531791272073021,0.0,1
2023-03-17,22,0.0,0.0,0.0,0.7531488005436893,0.0,1
2023-03-20,22,0.0,0.0,0.0,0.7553145771701679,0.0,1
2023-03-21,22,0.0,0.0,0.0,0.7551896302724396,0.0,1
2023-03-22,22,0.0,0.0,0.0,0.7608844312147454,0.0,1
2023-03-23,22,0.0,0.0,0.0,0.760947306135273,0.0,1
2023-03-24,22,0.0,0.0,0.0,0.7611843908462447,0.0,1
2023-03-27,22,0.0,0.0,0.0,0.764399338539203,0.0,1
2023-03-28,22,0.0,0.0,0.0,0.7696782230064753,0.0,1
2023-03-29,22,0.0,0.0,0.0,0.7724843012739366,0.0,1
2023-03-30,22,0.0,0.0,0.0,0.7753892186868206,0.0,1
2023-03-31,22,-0.0010843142991326,-8.43142991326379e-05,1.0,0.7753919492973874,-0.0008407685780554,1
2023-04-03,22,0.0045215827193036,0.0045215827193036,0.0,0.7810899064136689,0.0035317626230625,1
2023-04-04,22,0.0012925434335442,0.0012925434335442,0.0,0.7793629584672134,0.0010073604743143,1
2023-04-05,22,0.0057107076717535,0.0057107076717535,0.0,0.7812659719076719,0.0044615815794531,1
2023-04-06,23,0.0,0.0,0.0,1.25,0.0,2
2023-04-10,23,-0.0043486687772784,-0.0038486687772784,0.5,1.25,-0.005435835971598,2
2023-04-11,23,0.0013768156399622,0.0013768156399622,0.0,1.25,0.0017210195499528,2
2023-04-12,23,0.0022497302390597,0.0022497302390597,0.0,1.25,0.0028121627988247,2
2023-04-13,23,-0.0009893260410952,-0.0009893260410952,0.0,1.25,-0.001236657551369,2
2023-04-14,23,0.0041957767489155,0.0041957767489155,0.0,1.25,0.0052447209361444,2
2023-04-17,23,0.0121388110516672,0.0126388110516672,0.5,1.25,0.015173513814584,2
2023-04-18,23,0.0029332085566996,0.0029332085566996,0.0,1.25,0.0036665106958745,2
2023-04-19,23,0.0018624588768769,0.0018624588768769,0.0,1.25,0.0023280735960961,2
2023-04-20,23,-0.0027783412427768,-0.0027783412427768,0.0,1.25,-0.003472926553471,2
2023-04-21,23,-0.0010919378000844,-0.0005919378000844,0.5,1.25,-0.0013649222501055,2
2023-04-24,23,-0.00492582449271,-0.00492582449271,0.0,1.25,-0.0061572806158875,2
2023-04-25,23,-0.0010697381835634,-0.0010697381835634,0.0,1.25,-0.0013371727294543,2
2023-04-26,23,0.019057755076761,0.019057755076761,0.0,1.25,0.0238221938459513,2
2023-04-27,23,-0.0008555159812315,-0.0008555159812315,0.0,1.1524631224713822,-0.0009859506190543,2
2023-04-28,23,0.0025965914551691,0.0025965914551691,0.0,1.152577661040142,0.0029927733060757,2
2023-05-01,23,-0.0010570818164413,-0.0010570818164413,0.0,1.1628365438736226,-0.0012292133660223,2
2023-05-02,23,0.0042951569786701,0.0042951569786701,0.0,1.1619182270004675,0.0049906211813451,2
2023-05-03,23,-0.0010331127648411,-0.0010331127648411,0.0,1.157529630168692,-0.0011958586366091,2
2023-05-04,23,0.0025535729419829,0.0025535729419829,0.0,1.1562526474655035,0.002952575474664,2
2023-05-05,23,0.0020358645033806,0.0020358645033806,0.0,1.1566635688321008,0.0023548103021388,2
2023-05-08,23,-0.0069175975495507,-0.0069175975495507,0.0,1.160420673515547,-0.0080273232075591,2
2023-05-09,23,-0.0002917391880233,-0.0002917391880233,0.0,1.1294829912196522,-0.0003295144507446,2
2023-05-10,23,-0.006403492380235,-0.006403492380235,0.0,1.1311691645722757,-0.0072434331260953,2
2023-05-11,23,-0.0128614981374923,-0.0128614981374923,0.0,1.192065898821219,-0.0153317533374572,2
2023-05-12,23,-0.0005,0.0,0.5,1.114974133109691,-0.0005574870665548,2
2023-05-15,23,0.0,0.0,0.0,1.1145759621897262,0.0,2
2023-05-16,23,-0.0053145633751837,-0.0048145633751837,0.5,1.1516708440491188,-0.0061206276880504,2
2023-05-17,23,-0.0022762970487366,-0.0017762970487366,0.5,1.1372239647729436,-0.0025886595547652,2
2023-05-18,23,0.0026609908054877,0.0026609908054877,0.0,1.1592547630710672,0.0030847662657499,2
2023-05-19,23,-0.0077633693158772,-0.0077633693158772,0.0,1.1569157356999669,-0.0089815641235886,2
2023-05-22,23,-0.0066482328903586,-0.0066482328903586,0.0,1.1268487704272574,-0.0074915530580146,2
2023-05-23,23,0.0008370353901098,0.0008370353901098,0.0,1.1066472330097905,0.0009263028983963,2
2023-05-24,23,-0.0016669420437112,-0.0016669420437112,0.0,1.1064364894381,-0.0018443655029406,2
2023-05-25,23,0.0111202368367017,0.0111202368367017,0.0,1.1051010068852718,0.0122889849250417,2
2023-05-26,23,0.0050070889055237,0.0050070889055237,0.0,1.057928236944224,0.0052971407380437,2
2023-05-30,23,-3.872854774789655e-05,-3.872854774789655e-05,0.0,1.0499204181777793,-4.066189304688964e-05,2
2023-05-31,23,-0.0010450047680049,-0.0005450047680049,0.5,1.0499098730197534,-0.0010971608232811,2
2023-06-01,23,0.001503242994691,0.001503242994691,0.0,1.0492521460102893,0.0015772809381545,2
2023-06-02,23,0.000237912299138,0.000237912299138,0.0,1.0527582809193958,0.0002504641430501,2
2023-06-05,23,-0.0022548504242552,-0.0022548504242552,0.0,1.0528248823738418,-0.0023739626326871,2
2023-06-06,23,-0.0042534853839318,-0.0042534853839318,0.0,1.0508536322241957,-0.0044697905653173,2
2023-06-07,23,0.0015890016688406,0.0015890016688406,0.0,1.052171914212713,0.0016719029275912,2
2023-06-08,23,0.0021950063086048,0.0021950063086048,0.0,1.0541453243083778,0.0023138556370431,2
2023-06-09,23,0.0010061502397083,0.0010061502397083,0.0,1.0607030256032448,0.00106722660347,2
2023-06-12,23,0.0010647752748767,0.0010647752748767,0.0,1.0821019113843475,0.0011521953601389,2
2023-06-13,23,-0.0005,0.0,0.5,1.1307375752331617,-0.0005653687876165,2
2023-06-14,23,0.0,0.0,0.0,1.1414049479690864,0.0,2
2023-06-15,23,0.0,0.0,0.0,1.1415608511229938,0.0,2
2023-06-16,23,0.0,0.0,0.0,1.1415608511229938,0.0,2
2023-06-20,23,0.0,0.0,0.0,1.1415608511229938,0.0,2
2023-06-21,23,0.0,0.0,0.0,1.1415608511229938,0.0,2
2023-06-22,23,0.0,0.0,0.0,1.1415608511229938,0.0,2
2023-06-23,23,0.0,0.0,0.0,1.1415608511229938,0.0,2
2023-06-26,23,0.0,0.0,0.0,1.1415608511229938,0.0,2
2023-06-27,23,0.0,0.0,0.0,1.1415608511229938,0.0,2
2023-06-28,23,0.0,0.0,0.0,1.1415608511229938,0.0,2
2023-06-29,23,0.0,0.0,0.0,1.1415608511229938,0.0,2
2023-06-30,23,0.0,0.0,0.0,1.1415608511229938,0.0,2
2023-07-03,23,0.0,0.0,0.0,1.1415608511229938,0.0,2
2023-07-05,23,0.0,0.0,0.0,1.1415608511229938,0.0,2
2023-07-06,23,0.0,0.0,0.0,1.1415608511229938,0.0,2
2023-07-07,23,0.0001641727261068,0.0006641727261068,0.5,1.1415608511229938,0.0001874131569456,2
2023-07-10,24,0.0,0.0,0.0,1.25,0.0,2
2023-07-11,24,-0.0004142166530059,8.578334699409023e-05,0.5,1.25,-0.0005177708162573,2
2023-07-12,24,0.000295548366863,0.000295548366863,0.0,1.25,0.0003694354585788,2
2023-07-13,24,0.0001708655724225,0.0001708655724225,0.0,1.25,0.0002135819655282,2
2023-07-14,24,-0.0005,0.0,0.5,1.25,-0.000625,2
2023-07-17,24,0.0,0.0,0.0,1.25,0.0,2
2023-07-18,24,0.0,0.0,0.0,1.25,0.0,2
2023-07-19,24,0.0,0.0,0.0,1.25,0.0,2
2023-07-20,24,0.0,0.0,0.0,1.25,0.0,2
2023-07-21,24,0.0,0.0,0.0,1.25,0.0,2
2023-07-24,24,0.0,0.0,0.0,1.25,0.0,2
2023-07-25,24,0.0,0.0,0.0,1.25,0.0,2
2023-07-26,24,0.0,0.0,0.0,1.25,0.0,2
2023-07-27,24,0.0,0.0,0.0,1.25,0.0,2
2023-07-28,24,-0.0034487857413383,-0.0029487857413383,0.5,1.25,-0.0043109821766729,2
2023-07-31,24,-0.0059493227584285,-0.0059493227584285,0.0,1.25,-0.0074366534480356,2
2023-08-01,24,0.0037205318372876,0.0037205318372876,0.0,1.25,0.0046506647966096,2
2023-08-02,24,-0.0003766170867329,-0.0003766170867329,0.0,1.25,-0.0004707713584162,2
2023-08-03,24,0.0015421840108402,0.0015421840108402,0.0,1.25,0.0019277300135502,2
2023-08-04,24,-0.0005546064085262,0.0004453935914737,1.0,1.25,-0.0006932580106577,2
2023-08-07,24,-0.0002108392073133,-0.0002108392073133,0.0,1.25,-0.0002635490091416,2
2023-08-08,24,0.0002354016194,0.0002354016194,0.0,1.25,0.00029425202425,2
2023-08-09,24,0.0001156844062127,0.0001156844062127,0.0,1.25,0.0001446055077659,2
2023-08-10,24,-0.0004658675003617,-0.0004658675003617,0.0,1.25,-0.0005823343754522,2
2023-08-11,24,-0.0002870732578962,-0.0002870732578962,0.0,1.25,-0.0003588415723703,2
2023-08-14,24,-1.8927757117745234e-05,-1.8927757117745234e-05,0.0,1.25,-2.3659696397181544e-05,2
2023-08-15,24,-0.000182126548163,-0.000182126548163,0.0,1.25,-0.0002276581852038,2
2023-08-16,24,-0.0001505422496993,-0.0001505422496993,0.0,1.25,-0.0001881778121242,2
2023-08-17,24,-0.0002899318128826,-0.0002899318128826,0.0,1.25,-0.0003624147661033,2
2023-08-18,24,9.935086962271236e-05,9.935086962271236e-05,0.0,1.25,0.0001241885870283,2
2023-08-21,24,-0.0001604130937627,-0.0001604130937627,0.0,1.25,-0.0002005163672034,2
2023-08-22,24,6.013263791167901e-05,6.013263791167901e-05,0.0,1.25,7.516579738959877e-05,2
2023-08-23,24,0.000222828057069,0.000222828057069,0.0,1.25,0.0002785350713362,2
2023-08-24,24,-7.524911331126083e-05,-7.524911331126083e-05,0.0,1.25,-9.406139163907603e-05,2
2023-08-25,24,6.0089149200489054e-05,6.0089149200489054e-05,0.0,1.25,7.511143650061131e-05,2
2023-08-28,24,-0.0005,0.0,0.5,1.25,-0.000625,2
2023-08-29,24,0.0,0.0,0.0,1.25,0.0,2
2023-08-30,24,0.0,0.0,0.0,1.25,0.0,2
2023-08-31,24,0.0,0.0,0.0,1.25,0.0,2
2023-09-01,24,0.0,0.0,0.0,1.25,0.0,2
2023-09-05,24,0.0,0.0,0.0,1.25,0.0,2
2023-09-06,24,0.0,0.0,0.0,1.25,0.0,2
2023-09-07,24,0.0,0.0,0.0,1.25,0.0,2
2023-09-08,24,0.0,0.0,0.0,1.25,0.0,2
2023-09-11,24,0.0,0.0,0.0,1.25,0.0,2
2023-09-12,24,0.0,0.0,0.0,1.25,0.0,2
2023-09-13,24,0.0,0.0,0.0,1.25,0.0,2
2023-09-14,24,0.0,0.0,0.0,1.25,0.0,2
2023-09-15,24,0.0,0.0,0.0,1.25,0.0,2
2023-09-18,24,0.0,0.0,0.0,1.25,0.0,2
2023-09-19,24,0.0,0.0,0.0,1.25,0.0,2
2023-09-20,24,0.0,0.0,0.0,1.25,0.0,2
2023-09-21,24,-6.903226956629969e-05,0.0004309677304337,0.5,1.25,-8.629033695787461e-05,2
2023-09-22,24,0.0001770254644753,0.0001770254644753,0.0,1.25,0.0002212818305942,2
2023-09-25,24,6.243411719942363e-05,6.243411719942363e-05,0.0,1.25,7.804264649927955e-05,2
2023-09-26,24,6.635149405514078e-05,6.635149405514078e-05,0.0,1.25,8.293936756892598e-05,2
2023-09-27,24,-8.907256229004115e-05,-8.907256229004115e-05,0.0,1.25,-0.0001113407028625,2
2023-09-28,24,0.0004699314544631,0.0004699314544631,0.0,1.25,0.0005874143180789,2
2023-09-29,24,-0.0005,0.0,0.5,1.25,-0.000625,2
2023-10-02,24,-0.001270339251884,-0.000770339251884,0.5,1.25,-0.001587924064855,2
2023-10-03,24,-0.0018627375273316,-0.0018627375273316,0.0,1.25,-0.0023284219091645,2
2023-10-04,24,0.0002694105332009,0.0002694105332009,0.0,1.25,0.0003367631665011,2
2023-10-05,24,-0.0026544655252084,-0.0026544655252084,0.0,1.25,-0.0033180819065105,2
2023-10-06,25,0.0,0.0,0.0,1.25,0.0,2
2023-10-09,25,-0.0011837483603665,-0.0006837483603665,0.5,1.25,-0.0014796854504582,2
2023-10-10,25,0.0002695666062214,0.0002695666062214,0.0,1.25,0.0003369582577768,2
2023-10-11,25,0.0013093145829435,0.0013093145829435,0.0,1.25,0.0016366432286794,2
2023-10-12,25,-0.000635705104832,-0.000635705104832,0.0,1.25,-0.00079463138104,2
2023-10-13,25,0.0003898618932242,0.0003898618932242,0.0,1.25,0.0004873273665302,2
2023-10-16,25,-0.0006410062128098,-0.0006410062128098,0.0,1.25,-0.0008012577660123,2
2023-10-17,25,0.001091354728573,0.001091354728573,0.0,1.25,0.0013641934107163,2
2023-10-18,25,-0.0016146482643972,-0.0011146482643972,0.5,1.25,-0.0020183103304965,2
2023-10-19,25,-0.0013309870817066,-0.0008309870817066,0.5,1.25,-0.0016637338521333,2
2023-10-20,25,-0.0014456484082668,-0.0009456484082668,0.5,1.25,-0.0018070605103335,2
2023-10-23,25,-0.0002057432621858,0.0002942567378141,0.5,1.25,-0.0002571790777322,2
2023-10-24,25,0.0005878428016212,0.0005878428016212,0.0,1.25,0.0007348035020265,2
2023-10-25,25,-0.000672828756582,-0.000172828756582,0.5,1.25,-0.0008410359457275,2
2023-10-26,25,-2.9874981594091348e-05,-2.9874981594091348e-05,0.0,1.25,-3.7343726992614185e-05,2
2023-10-27,25,-0.0004018455560712,-0.0004018455560712,0.0,1.25,-0.000502306945089,2
2023-10-30,25,0.0005331350245477,0.0005331350245477,0.0,1.25,0.0006664187806847,2
2023-10-31,25,4.914474125385039e-05,4.914474125385039e-05,0.0,1.25,6.143092656731299e-05,2
2023-11-01,25,-0.0005059652035614,-0.0005059652035614,0.0,1.25,-0.0006324565044517,2
2023-11-02,25,0.0014415574507446,0.0014415574507446,0.0,1.25,0.0018019468134307,2
2023-11-03,25,-0.0005402101377179,-0.0005402101377179,0.0,1.25,-0.0006752626721474,2
2023-11-06,25,-0.0005101936579308,-0.0005101936579308,0.0,1.25,-0.0006377420724135,2
2023-11-07,25,0.0008361827651707,0.0008361827651707,0.0,1.25,0.0010452284564633,2
2023-11-08,25,0.0010847043399205,0.0010847043399205,0.0,1.25,0.0013558804249007,2
2023-11-09,25,-0.000571607397831,-0.000571607397831,0.0,1.25,-0.0007145092472888,2
2023-11-10,25,0.0004489307447413,0.0004489307447413,0.0,1.25,0.0005611634309266,2
2023-11-13,25,0.0007042209527216,0.0007042209527216,0.0,1.25,0.000880276190902,2
2023-11-14,25,-0.0006671471338381,-0.0006671471338381,0.0,1.25,-0.0008339339172976,2
2023-11-15,25,0.0003509280610589,0.0003509280610589,0.0,1.25,0.0004386600763236,2
2023-11-16,25,-0.001279442086407,-0.001279442086407,0.0,1.25,-0.0015993026080087,2
2023-11-17,25,0.0003110359723108,0.0008110359723108,0.5,1.25,0.0003887949653886,2
2023-11-20,25,0.0001422913402149,0.0001422913402149,0.0,1.25,0.0001778641752687,2
2023-11-21,25,-0.0005,0.0,0.5,1.25,-0.000625,2
2023-11-22,25,0.0,0.0,0.0,1.25,0.0,2
2023-11-24,25,0.0,0.0,0.0,1.25,0.0,2
2023-11-27,25,0.0,0.0,0.0,1.25,0.0,2
2023-11-28,25,0.0,0.0,0.0,1.25,0.0,2
2023-11-29,25,0.0,0.0,0.0,1.25,0.0,2
2023-11-30,25,0.0,0.0,0.0,1.25,0.0,2
2023-12-01,25,0.0,0.0,0.0,1.25,0.0,2
2023-12-04,25,0.0,0.0,0.0,1.25,0.0,2
2023-12-05,25,0.0,0.0,0.0,1.25,0.0,2
2023-12-06,25,-0.0004453237048046,5.467629519534383e-05,0.5,1.25,-0.0005566546310058,2
2023-12-07,25,-2.6847360715498213e-06,-2.6847360715498213e-06,0.0,1.25,-3.355920089437277e-06,2
2023-12-08,25,0.0003910964142267,0.0003910964142267,0.0,1.25,0.0004888705177834,2
2023-12-11,25,8.852923810407956e-05,8.852923810407956e-05,0.0,1.25,0.00011066154763,2
2023-12-12,25,5.7171660120418646e-05,5.7171660120418646e-05,0.0,1.25,7.146457515052331e-05,2
2023-12-13,25,-0.0003646903270667,-0.0003646903270667,0.0,1.25,-0.0004558629088334,2
2023-12-14,25,-0.0003691394053756,-0.0003691394053756,0.0,1.25,-0.0004614242567195,2
2023-12-15,25,0.0002631088635878,0.0002631088635878,0.0,1.25,0.0003288860794847,2
2023-12-18,25,-7.804272169669456e-05,-7.804272169669456e-05,0.0,1.25,-9.75534021208682e-05,2
2023-12-19,25,-1.134161238219189e-05,-1.134161238219189e-05,0.0,1.25,-1.4177015477739865e-05,2
2023-12-20,25,0.0017503438077045,0.0017503438077045,0.0,1.25,0.0021879297596306,2
2023-12-21,25,-0.0011401378974631,-0.0011401378974631,0.0,1.25,-0.0014251723718289,2
2023-12-22,25,-0.0001217450158915,-0.0001217450158915,0.0,1.25,-0.0001521812698644,2
2023-12-26,25,-1.4427671974857242e-05,-1.4427671974857242e-05,0.0,1.25,-1.8034589968571552e-05,2
2023-12-27,25,-0.000196854812652,-0.000196854812652,0.0,1.25,-0.0002460685158151,2
2023-12-28,25,5.03093709847026e-05,5.03093709847026e-05,0.0,1.25,6.288671373087825e-05,2
2023-12-29,25,-0.0008511998561733,-0.0008511998561733,0.0,1.25,-0.0010639998202166,2
2024-01-02,25,0.0005974315709623,0.0005974315709623,0.0,1.25,0.0007467894637029,2
2024-01-03,25,-0.0004274184309979,-0.0004274184309979,0.0,1.25,-0.0005342730387474,2
2024-01-04,25,-0.0005,0.0,0.5,1.25,-0.000625,2
2024-01-05,25,0.0,0.0,0.0,1.25,0.0,2
2024-01-08,26,0.0,0.0,0.0,1.25,0.0,3
2024-01-09,26,0.0,0.0,0.0,1.25,0.0,3
2024-01-10,26,0.0,0.0,0.0,1.25,0.0,3
2024-01-11,26,0.0,0.0,0.0,1.25,0.0,3
2024-01-12,26,0.0,0.0,0.0,1.25,0.0,3
2024-01-16,26,-0.0010189195879909,-0.0007189195879909,0.3,1.25,-0.0012736494849886,3
2024-01-17,26,0.0024164181581657,0.0024164181581657,0.0,1.25,0.0030205226977071,3
2024-01-18,26,-0.004363290772319,-0.004363290772319,0.0,1.25,-0.0054541134653987,3
2024-01-19,26,-0.0065087648967889,-0.0061587648967889,0.35,1.25,-0.0081359561209861,3
2024-01-22,26,0.002680312593806,0.003030312593806,0.35,1.25,0.0033503907422575,3
2024-01-23,26,0.0046445614266787,0.0046445614266787,0.0,1.25,0.0058057017833483,3
2024-01-24,26,0.0011355095111585,0.0011355095111585,0.0,1.25,0.0014193868889481,3
2024-01-25,26,-0.0134593287863129,-0.0134593287863129,0.0,1.25,-0.0168241609828912,3
2024-01-26,26,0.0077578728109447,0.0077578728109447,0.0,1.25,0.0096973410136809,3
2024-01-29,26,-0.0002989475515979,-0.0002989475515979,0.0,1.25,-0.0003736844394974,3
2024-01-30,26,-0.0018937869278517,-0.0018937869278517,0.0,1.25,-0.0023672336598147,3
2024-01-31,26,0.0154026123285943,0.0154026123285943,0.0,1.25,0.0192532654107428,3
2024-02-01,26,-0.0013723751080927,-0.0013723751080927,0.0,1.25,-0.0017154688851159,3
2024-02-02,26,0.0106654209139127,0.0106654209139127,0.0,1.25,0.0133317761423909,3
2024-02-05,26,-0.0049976138168699,-0.0046476138168699,0.35,1.25,-0.0062470172710874,3
2024-02-06,26,0.003725907334618,0.004075907334618,0.35,1.25,0.0046573841682725,3
2024-02-07,26,0.0032592652323615,0.0032592652323615,0.0,1.25,0.0040740815404518,3
2024-02-08,26,0.001623381804259,0.001623381804259,0.0,1.25,0.0020292272553237,3
2024-02-09,26,0.0001406746199279,0.0001406746199279,0.0,1.25,0.0001758432749099,3
2024-02-12,26,-0.0021634157045757,-0.0021634157045757,0.0,1.25,-0.0027042696307196,3
2024-02-13,26,0.0006960083371007,0.0006960083371007,0.0,1.25,0.0008700104213759,3
2024-02-14,26,-0.0009495273930293,-0.0009495273930293,0.0,1.25,-0.0011869092412867,3
2024-02-15,26,-0.0023994398532106,-0.0020494398532106,0.35,1.25,-0.0029992998165132,3
2024-02-16,26,-0.002825728391406,-0.002825728391406,0.0,1.25,-0.0035321604892575,3
2024-02-20,26,0.0033230418793517,0.0033230418793517,0.0,1.25,0.0041538023491897,3
2024-02-21,26,0.0012798090318797,0.0012798090318797,0.0,1.25,0.0015997612898496,3
2024-02-22,26,-0.001536786076014,-0.001536786076014,0.0,1.25,-0.0019209825950175,3
2024-02-23,26,-0.0006022934182179,-0.0006022934182179,0.0,1.25,-0.0007528667727724,3
2024-02-26,26,-0.0098439828577317,-0.0098439828577317,0.0,1.25,-0.0123049785721647,3
2024-02-27,26,0.0026329613984288,0.0029329613984288,0.3,1.25,0.003291201748036,3
2024-02-28,26,-0.0033476204538027,-0.0033476204538027,0.0,1.25,-0.0041845255672534,3
2024-02-29,26,0.0016817197891025,0.0020317197891025,0.35,1.2441400403690193,0.0020922949263033,3
2024-03-01,26,-0.0050604904250872,-0.0047604904250872,0.3,1.242876620042886,-0.0062895652352918,3
2024-03-04,26,-0.0037253659466802,-0.0037253659466802,0.0,1.2267449734887126,-0.004570073949496,3
2024-03-05,26,-0.0065031242827319,-0.0061531242827319,0.35,1.2188765713407377,-0.007926505828739,3
2024-03-06,26,-0.0084856544417885,-0.0081356544417885,0.35,1.1955632126396738,-0.0101451362857748,3
2024-03-07,26,0.007061911801904,0.007061911801904,0.0,1.160502317134611,0.0081953650095099,3
2024-03-08,26,0.0054289059072659,0.0054289059072659,0.0,1.138145672409717,0.0061788857642742,3
2024-03-11,26,0.0130265747285219,0.0130265747285219,0.0,1.124839741502897,0.0146528089502988,3
2024-03-12,26,-0.001288998206938,-0.000938998206938,0.35,1.0808991944716793,-0.0013932771235547,3
2024-03-13,26,0.0019029567386567,0.0019029567386567,0.0,1.0826000494500505,0.002060141059371,3
2024-03-14,26,0.0015457960518634,0.0015457960518634,0.0,1.0813796986031896,0.0016715924686661,3
2024-03-15,26,0.0009633484259173,0.0009633484259173,0.0,1.081027795134575,0.0010414064248158,3
2024-03-18,26,-0.0015892895903094,-0.0015892895903094,0.0,1.0813204284140303,-0.0017185313006673,3
2024-03-19,26,0.003690398363859,0.004040398363859,0.35,1.0801516304563643,0.0039861898097558,3
2024-03-20,26,0.0019187385435985,0.0019187385435985,0.0,1.0754989105169228,0.002063601213207,3
2024-03-21,26,-0.0042203738148789,-0.0042203738148789,0.0,1.075715722193158,-0.0045399224661975,3
2024-03-22,26,-0.0048147406757108,-0.0048147406757108,0.0,1.0699230010219782,-0.0051514017928991,3
2024-03-25,26,-0.001291917907058,-0.001291917907058,0.0,1.063271604258856,-0.0013736596256083,3
2024-03-26,26,0.0012804583794392,0.0012804583794392,0.0,1.062762089585695,0.0013608226229603,3
2024-03-27,26,0.0006905132130485,0.0010405132130485,0.35,1.063007884714302,0.0007340209899699,3
2024-03-28,26,0.0009146104974652,0.0009146104974652,0.0,1.0629490223529243,0.0009721843341144,3
2024-04-01,26,-0.008931084347525,-0.008931084347525,0.0,1.0645985538276896,-0.0095080194804882,3
2024-04-02,26,-0.0164818858903883,-0.0164818858903883,0.0,1.036292489345454,-0.0170800545584582,3
2024-04-03,26,0.0020967570963903,0.0020967570963903,0.0,0.9542470796196796,0.0020008243359023,3
2024-04-04,26,0.0033757590776882,0.0033757590776882,0.0,0.9598867004229724,0.003240346242505,3
2024-04-05,26,0.0004813694508585,0.0004813694508585,0.0,0.9563283504086494,0.0004603472528766,3
2024-04-08,26,-0.0032265566208471,-0.0032265566208471,0.0,0.9564166839006056,-0.0030859325837281,3
2024-04-09,27,0.0,0.0,0.0,1.25,0.0,3
2024-04-10,27,0.0,0.0,0.0,1.25,0.0,3
2024-04-11,27,-0.0002479463357881,0.0001020536642118,0.35,1.25,-0.0003099329197352,3
2024-04-12,27,-0.0031365937719484,-0.0027865937719484,0.35,1.25,-0.0039207422149355,3
2024-04-15,27,0.0057106632034606,0.0057106632034606,0.0,1.25,0.0071383290043257,3
2024-04-16,27,0.0056615590052026,0.0056615590052026,0.0,1.25,0.0070769487565033,3
2024-04-17,27,0.0027170713372593,0.0027170713372593,0.0,1.25,0.0033963391715741,3
2024-04-18,27,-0.0007144450596742,-0.0003644450596742,0.35,1.25,-0.0008930563245928,3
2024-04-19,27,-3.388112293480287e-05,-3.388112293480287e-05,0.0,1.25,-4.235140366850359e-05,3
2024-04-22,27,0.0001958215667934,0.0001958215667934,0.0,1.25,0.0002447769584918,3
2024-04-23,27,0.0002928111986834,0.0002928111986834,0.0,1.25,0.0003660139983543,3
2024-04-24,27,-0.00035,0.0,0.35,1.25,-0.0004375,3
2024-04-25,27,0.0,0.0,0.0,1.25,0.0,3
2024-04-26,27,0.0,0.0,0.0,1.25,0.0,3
2024-04-29,27,0.0,0.0,0.0,1.25,0.0,3
2024-04-30,27,0.0052182545226126,0.0055682545226126,0.35,1.25,0.0065228181532658,3
2024-05-01,27,0.0022375399016179,0.0022375399016179,0.0,1.25,0.0027969248770224,3
2024-05-02,27,-0.0073375386656627,-0.0073375386656627,0.0,1.25,-0.0091719233320784,3
2024-05-03,27,-0.0200598571935723,-0.0200598571935723,0.0,1.25,-0.0250748214919654,3
2024-05-06,27,-0.00035,0.0,0.35,1.25,-0.0004375,3
2024-05-07,27,0.0,0.0,0.0,1.25,0.0,3
2024-05-08,27,-0.0009766810820814,-0.0006266810820814,0.35,1.25,-0.0012208513526018,3
2024-05-09,27,-0.0034389112694065,-0.0034389112694065,0.0,1.25,-0.0042986390867581,3
2024-05-10,27,0.0024076989175423,0.0024076989175423,0.0,1.25,0.0030096236469279,3
2024-05-13,27,-0.0061313418256432,-0.0061313418256432,0.0,1.25,-0.007664177282054,3
2024-05-14,27,-0.0021315348371129,-0.0021315348371129,0.0,1.25,-0.0026644185463912,3
2024-05-15,27,-0.0042229793480142,-0.0042229793480142,0.0,1.25,-0.0052787241850178,3
2024-05-16,27,-0.0002271134434951,-0.0002271134434951,0.0,1.25,-0.0002838918043688,3
2024-05-17,27,-5.7184445353110936e-05,-5.7184445353110936e-05,0.0,1.25,-7.148055669138867e-05,3
2024-05-20,27,-0.0021406915550409,-0.0021406915550409,0.0,1.25,-0.0026758644438011,3
2024-05-21,27,-0.0023884593937861,-0.0023884593937861,0.0,1.25,-0.0029855742422327,3
2024-05-22,27,0.002633764330973,0.002633764330973,0.0,1.25,0.0032922054137163,3
2024-05-23,27,0.0073205801247253,0.0073205801247253,0.0,1.25,0.0091507251559066,3
2024-05-24,27,-0.0057566683812342,-0.0057566683812342,0.0,1.25,-0.0071958354765428,3
2024-05-28,27,-1.7823208362173867e-05,-1.7823208362173867e-05,0.0,1.25,-2.2279010452717333e-05,3
2024-05-29,27,-0.0005539771284582,-0.0005539771284582,0.0,1.25,-0.0006924714105728,3
2024-05-30,27,-0.001878201310747,-0.001878201310747,0.0,1.25,-0.0023477516384337,3
2024-05-31,27,-0.00174541830129,-0.00174541830129,0.0,1.25,-0.0021817728766125,3
2024-06-03,27,-0.0032285966964646,-0.0032285966964646,0.0,1.25,-0.0040357458705807,3
2024-06-04,27,-0.0005562617986544,-0.0005562617986544,0.0,1.25,-0.0006953272483181,3
2024-06-05,27,-0.00035,0.0,0.35,1.25,-0.0004375,3
2024-06-06,27,0.0,0.0,0.0,1.25,0.0,3
2024-06-07,27,0.0,0.0,0.0,1.25,0.0,3
2024-06-10,27,0.0,0.0,0.0,1.25,0.0,3
2024-06-11,27,0.0,0.0,0.0,1.25,0.0,3
2024-06-12,27,-0.0099627042318722,-0.0096127042318722,0.35,1.25,-0.0124533802898403,3
2024-06-13,27,-0.0009259749619504,-0.0002259749619504,0.7,1.25,-0.001157468702438,3
2024-06-14,27,0.0002396886102028,0.0002396886102028,0.0,1.25,0.0002996107627535,3
2024-06-17,27,0.0001906814907778,0.0001906814907778,0.0,1.25,0.0002383518634723,3
2024-06-18,27,-0.0001842567057436,-0.0001842567057436,0.0,1.25,-0.0002303208821795,3
2024-06-20,27,-2.578443316035655e-05,-2.578443316035655e-05,0.0,1.25,-3.2230541450445685e-05,3
2024-06-21,27,-5.302609306469353e-05,-5.302609306469353e-05,0.0,1.25,-6.62826163308669e-05,3
2024-06-24,27,0.0001939215394495,0.0001939215394495,0.0,1.25,0.0002424019243119,3
2024-06-25,27,-4.021426853900586e-05,-4.021426853900586e-05,0.0,1.25,-5.026783567375733e-05,3
2024-06-26,27,5.336103410929878e-05,5.336103410929878e-05,0.0,1.25,6.670129263662347e-05,3
2024-06-27,27,-0.00035,0.0,0.35,1.25,-0.0004375,3
2024-06-28,27,0.0,0.0,0.0,1.25,0.0,3
2024-07-01,27,0.0,0.0,0.0,1.25,0.0,3
2024-07-02,27,0.0,0.0,0.0,1.25,0.0,3
2024-07-03,27,0.0,0.0,0.0,1.25,0.0,3
2024-07-05,27,-0.0008528148505325,-0.0005028148505325,0.35,1.25,-0.0010660185631656,3
2024-07-08,27,-0.014112384838375,-0.013812384838375,0.3,1.25,-0.0176404810479688,3
2024-07-09,27,-0.0004286897552059,-0.0001286897552059,0.3,1.25,-0.0005358621940073,3
2024-07-10,28,0.0,0.0,0.0,1.25,0.0,2
2024-07-11,28,0.0,0.0,0.0,1.25,0.0,2
2024-07-12,28,-0.0007034089127482,-0.0002034089127482,0.5,1.25,-0.0008792611409353,2
2024-07-15,28,-0.0003752950774779,-0.0003752950774779,0.0,1.25,-0.0004691188468473,2
2024-07-16,28,0.0002550056591533,0.0002550056591533,0.0,1.25,0.0003187570739417,2
2024-07-17,28,-0.0002801820655707,-0.0002801820655707,0.0,1.25,-0.0003502275819634,2
2024-07-18,28,2.072965705606878e-05,2.072965705606878e-05,0.0,1.25,2.591207132008597e-05,2
2024-07-19,28,0.0003742586985502,0.0003742586985502,0.0,1.25,0.0004678233731878,2
2024-07-22,28,-3.8758064047595736e-05,-3.8758064047595736e-05,0.0,1.25,-4.844758005949467e-05,2
2024-07-23,28,-0.0004586853063216,-0.0004586853063216,0.0,1.25,-0.000573356632902,2
2024-07-24,28,-0.0006274612835709,-0.0006274612835709,0.0,1.25,-0.0007843266044637,2
2024-07-25,28,0.0002770810738184,0.0002770810738184,0.0,1.25,0.0003463513422731,2
2024-07-26,28,-0.0007039230940473,-0.0007039230940473,0.0,1.25,-0.0008799038675592,2
2024-07-29,28,9.976476145263366e-05,9.976476145263366e-05,0.0,1.25,0.0001247059518157,2
2024-07-30,28,-0.0002567558912772,-0.0002567558912772,0.0,1.25,-0.0003209448640965,2
2024-07-31,28,-0.0013264539328611,-0.0013264539328611,0.0,1.25,-0.0016580674160764,2
2024-08-01,28,-0.0004150534400251,-0.0004150534400251,0.0,1.25,-0.0005188168000314,2
2024-08-02,28,-0.0015224882747849,-0.0015224882747849,0.0,1.25,-0.0019031103434812,2
2024-08-05,28,0.0003305096691756,0.0003305096691756,0.0,1.25,0.0004131370864695,2
2024-08-06,28,0.0002782802948281,0.0002782802948281,0.0,1.25,0.0003478503685351,2
2024-08-07,28,0.004093495702458,0.004593495702458,0.5,1.25,0.0051168696280726,2
2024-08-08,28,-0.0002194817242643,0.0002805182757356,0.5,1.25,-0.0002743521553304,2
2024-08-09,28,-0.0001698765517644,-0.0001698765517644,0.0,1.25,-0.0002123456897055,2
2024-08-12,28,-0.0005389525719064,-0.0005389525719064,0.0,1.25,-0.000673690714883,2
2024-08-13,28,-0.0007013536064724,-0.0007013536064724,0.0,1.25,-0.0008766920080905,2
2024-08-14,28,0.000346854215722,0.000346854215722,0.0,1.25,0.0004335677696525,2
2024-08-15,28,0.0012174488420648,0.0012174488420648,0.0,1.25,0.0015218110525811,2
2024-08-16,28,-0.0002519058657431,-0.0002519058657431,0.0,1.25,-0.0003148823321789,2
2024-08-19,28,0.0001249818666109,0.0001249818666109,0.0,1.25,0.0001562273332637,2
2024-08-20,28,-0.0004080851529383,-0.0004080851529383,0.0,1.25,-0.0005101064411728,2
2024-08-21,28,-0.0006703318253522,-0.0006703318253522,0.0,1.25,-0.0008379147816902,2
2024-08-22,28,-0.0005,0.0,0.5,1.25,-0.000625,2
2024-08-23,28,0.0,0.0,0.0,1.25,0.0,2
2024-08-26,28,0.0,0.0,0.0,1.25,0.0,2
2024-08-27,28,0.0,0.0,0.0,1.25,0.0,2
2024-08-28,28,0.0,0.0,0.0,1.25,0.0,2
2024-08-29,28,0.0,0.0,0.0,1.25,0.0,2
2024-08-30,28,0.0,0.0,0.0,1.25,0.0,2
2024-09-03,28,0.0,0.0,0.0,1.25,0.0,2
2024-09-04,28,-0.0026701599073519,-0.0021701599073519,0.5,1.25,-0.0033376998841898,2
2024-09-05,28,0.0022418011579253,0.0022418011579253,0.0,1.25,0.0028022514474066,2
2024-09-06,28,-0.0005,0.0,0.5,1.25,-0.000625,2
2024-09-09,28,0.0,0.0,0.0,1.25,0.0,2
2024-09-10,28,0.0,0.0,0.0,1.25,0.0,2
2024-09-11,28,-0.0017753564996825,-0.0012753564996825,0.5,1.25,-0.0022191956246032,2
2024-09-12,28,-0.0018643299188798,-0.0018643299188798,0.0,1.25,-0.0023304123985998,2
2024-09-13,28,-0.002145070035787,-0.002145070035787,0.0,1.25,-0.0026813375447337,2
2024-09-16,28,-0.008328093494393,-0.008328093494393,0.0,1.25,-0.0104101168679912,2
2024-09-17,28,-0.0012564281312923,-0.0012564281312923,0.0,1.25,-0.0015705351641153,2
2024-09-18,28,0.0072922209247141,0.0072922209247141,0.0,1.25,0.0091152761558926,2
2024-09-19,28,0.0067676268525827,0.0067676268525827,0.0,1.25,0.0084595335657284,2
2024-09-20,28,0.0008213844504091,0.0008213844504091,0.0,1.25,0.0010267305630114,2
2024-09-23,28,-0.0013106246337982,-0.0013106246337982,0.0,1.25,-0.0016382807922478,2
2024-09-24,28,-0.0005,0.0,0.5,1.25,-0.000625,2
2024-09-25,28,0.0,0.0,0.0,1.25,0.0,2
2024-09-26,28,0.0,0.0,0.0,1.25,0.0,2
2024-09-27,28,0.0,0.0,0.0,1.25,0.0,2
2024-09-30,28,0.0,0.0,0.0,1.25,0.0,2
2024-10-01,28,0.0,0.0,0.0,1.25,0.0,2
2024-10-02,28,0.0,0.0,0.0,1.25,0.0,2
2024-10-03,28,0.0,0.0,0.0,1.25,0.0,2
2024-10-04,28,0.0,0.0,0.0,1.25,0.0,2
2024-10-07,28,0.0,0.0,0.0,1.25,0.0,2
2024-10-08,29,0.0,0.0,0.0,1.25,0.0,3
2024-10-09,29,-0.0005243626252778,0.0004756373747221,1.0,1.25,-0.0006554532815973,3
2024-10-10,29,0.0009240898655886,0.0009240898655886,0.0,1.25,0.0011551123319858,3
2024-10-11,29,-0.0014235277682151,-0.0014235277682151,0.0,1.25,-0.0017794097102689,3
2024-10-14,29,-0.0017067931129423,-0.0017067931129423,0.0,1.25,-0.0021334913911779,3
2024-10-15,29,0.0038717874484386,0.0038717874484386,0.0,1.25,0.0048397343105482,3
2024-10-16,29,-0.0023351537543315,-0.0023351537543315,0.0,1.25,-0.0029189421929143,3
2024-10-17,29,0.0007891553678256,0.0007891553678256,0.0,1.25,0.000986444209782,3
2024-10-18,29,0.0020394316846461,0.0020394316846461,0.0,1.25,0.0025492896058077,3
2024-10-21,29,0.0017620425672078,0.0017620425672078,0.0,1.25,0.0022025532090098,3
2024-10-22,29,0.0089708987480874,0.0089708987480874,0.0,1.25,0.0112136234351093,3
2024-10-23,29,0.0012011841563608,0.0015011841563608,0.3,1.25,0.001501480195451,3
2024-10-24,29,0.0002040417973057,0.0002040417973057,0.0,1.25,0.0002550522466321,3
2024-10-25,29,0.0010993090464208,0.0010993090464208,0.0,1.25,0.001374136308026,3
2024-10-28,29,-0.0017113024596388,-0.0017113024596388,0.0,1.25,-0.0021391280745485,3
2024-10-29,29,-0.00039153817178,-0.00039153817178,0.0,1.25,-0.000489422714725,3
2024-10-30,29,0.0020971262439865,0.0020971262439865,0.0,1.25,0.0026214078049832,3
2024-10-31,29,-0.0108622508242878,-0.0105122508242878,0.35,1.25,-0.0135778135303598,3
2024-11-01,29,0.0024997004451808,0.0024997004451808,0.0,1.25,0.003124625556476,3
2024-11-04,29,6.247497954343074e-05,6.247497954343074e-05,0.0,1.25,7.809372442928842e-05,3
2024-11-05,29,-0.0004065183404146,-0.0004065183404146,0.0,1.25,-0.0005081479255183,3
2024-11-06,29,0.0052579358447759,0.0052579358447759,0.0,1.25,0.0065724198059699,3
2024-11-07,29,-0.0005547564666209,-0.0005547564666209,0.0,1.25,-0.0006934455832762,3
2024-11-08,29,-0.0012433693487868,-0.0012433693487868,0.0,1.25,-0.0015542116859835,3
2024-11-11,29,-0.0015231952791547,-0.0015231952791547,0.0,1.25,-0.0019039940989433,3
2024-11-12,29,0.0026422681214113,0.0026422681214113,0.0,1.25,0.0033028351517642,3
2024-11-13,29,0.0021227643899729,0.0021227643899729,0.0,1.25,0.0026534554874662,3
2024-11-14,29,0.0014881023865102,0.0014881023865102,0.0,1.25,0.0018601279831378,3
2024-11-15,29,-0.0026118113012713,-0.0026118113012713,0.0,1.25,-0.0032647641265891,3
2024-11-18,29,0.0003875300905214,0.0003875300905214,0.0,1.25,0.0004844126131518,3
2024-11-19,29,-0.00035,0.0,0.35,1.25,-0.0004375,3
2024-11-20,29,0.0,0.0,0.0,1.25,0.0,3
2024-11-21,29,0.0,0.0,0.0,1.25,0.0,3
2024-11-22,29,0.0,0.0,0.0,1.25,0.0,3
2024-11-25,29,0.0,0.0,0.0,1.25,0.0,3
2024-11-26,29,0.0,0.0,0.0,1.25,0.0,3
2024-11-27,29,0.0,0.0,0.0,1.25,0.0,3
2024-11-29,29,0.0,0.0,0.0,1.25,0.0,3
2024-12-02,29,0.0,0.0,0.0,1.25,0.0,3
2024-12-03,29,0.0,0.0,0.0,1.25,0.0,3
2024-12-04,29,0.0,0.0,0.0,1.25,0.0,3
2024-12-05,29,0.0,0.0,0.0,1.25,0.0,3
2024-12-06,29,0.0016882329263286,0.0020382329263286,0.35,1.25,0.0021102911579107,3
2024-12-09,29,-0.0030722965440775,-0.0030722965440775,0.0,1.25,-0.0038403706800968,3
2024-12-10,29,0.0024622459865092,0.0024622459865092,0.0,1.25,0.0030778074831365,3
2024-12-11,29,-0.0016898583951647,-0.0013398583951647,0.35,1.25,-0.0021123229939559,3
2024-12-12,29,-0.0005177969282317,-0.0005177969282317,0.0,1.25,-0.0006472461602897,3
2024-12-13,29,-0.0010403128451501,-0.0010403128451501,0.0,1.25,-0.0013003910564377,3
2024-12-16,29,-0.0022990462781811,-0.0022990462781811,0.0,1.25,-0.0028738078477264,3
2024-12-17,29,-0.0026928359920352,-0.0026928359920352,0.0,1.25,-0.003366044990044,3
2024-12-18,29,0.0058046019423532,0.0058046019423532,0.0,1.25,0.0072557524279415,3
2024-12-19,29,0.0008691364462179,0.0008691364462179,0.0,1.25,0.0010864205577724,3
2024-12-20,29,-0.0003920778941982,-0.0003920778941982,0.0,1.25,-0.0004900973677478,3
2024-12-23,29,0.0030312695591531,0.0033812695591531,0.35,1.25,0.0037890869489414,3
2024-12-24,29,-0.0009093525469261,-0.0009093525469261,0.0,1.25,-0.0011366906836576,3
2024-12-26,29,-8.181634895382244e-05,-8.181634895382244e-05,0.0,1.25,-0.0001022704361922,3
2024-12-27,29,0.0036182878923134,0.0036182878923134,0.0,1.25,0.0045228598653917,3
2024-12-30,29,0.0017380779378789,0.0017380779378789,0.0,1.25,0.0021725974223487,3
2024-12-31,29,0.0008994124045951,0.0008994124045951,0.0,1.25,0.0011242655057439,3
