date,unscaled,target_5pct,target_8pct,target_10pct
2017-07-05,0.0,0.0,0.0,0.0
2017-07-06,0.00134406934209604,0.0016800866776200498,0.0016800866776200498,0.0016800866776200498
2017-07-07,-0.0003243453172461706,-0.0004054316465577132,-0.0004054316465577132,-0.0004054316465577132
2017-07-10,-0.0023346492955912696,-0.002918311619489087,-0.002918311619489087,-0.002918311619489087
2017-07-11,-0.0017084848357907748,-0.0021356060447384685,-0.0021356060447384685,-0.0021356060447384685
2017-07-12,-0.006635421168952625,-0.008294276461190781,-0.008294276461190781,-0.008294276461190781
2017-07-13,-0.0018481309116740803,-0.0023101636395926003,-0.0023101636395926003,-0.0023101636395926003
2017-07-14,-0.003004953628608055,-0.0037561920357600687,-0.0037561920357600687,-0.0037561920357600687
2017-07-17,0.0025304312424939903,0.0031630390531174877,0.0031630390531174877,0.0031630390531174877
2017-07-18,-0.00169324741824286,-0.002116559272803575,-0.002116559272803575,-0.002116559272803575
2017-07-19,-0.00278908970428242,-0.003486362130353025,-0.003486362130353025,-0.003486362130353025
2017-07-20,0.0016583398171853398,0.002072924771481675,0.002072924771481675,0.002072924771481675
2017-07-21,-0.000746086201674825,-0.0009326077520935313,-0.0009326077520935313,-0.0009326077520935313
2017-07-24,-0.0018442892618202,-0.00230536157727525,-0.00230536157727525,-0.00230536157727525
2017-07-25,0.0019191823506203303,0.0023989779382754127,0.0023989779382754127,0.0023989779382754127
2017-07-26,0.0005861973512626053,0.0007327466890782565,0.0007327466890782565,0.0007327466890782565
2017-07-27,-0.0048521859283058655,-0.006065232410382332,-0.006065232410382332,-0.006065232410382332
2017-07-28,-0.005566377764397026,-0.006957972205496282,-0.006957972205496282,-0.006957972205496282
2017-07-31,-0.0008286906078168801,-0.0010358632597711002,-0.0010358632597711002,-0.0010358632597711002
2017-08-01,0.0011522892689373352,0.001440361586171669,0.001440361586171669,0.001440361586171669
2017-08-02,-0.00020631500821159985,-0.0002578937602644998,-0.0002578937602644998,-0.0002578937602644998
2017-08-03,0.0007438960639226198,0.0009298700799032747,0.0009298700799032747,0.0009298700799032747
2017-08-04,-0.0015654027926496252,-0.0019567534908120315,-0.0019567534908120315,-0.0019567534908120315
2017-08-07,-0.0031495060485156002,-0.0039368825606445005,-0.0039368825606445005,-0.0039368825606445005
2017-08-08,-0.000703211529311115,-0.0008790144116388938,-0.0008790144116388938,-0.0008790144116388938
2017-08-09,-0.0005763364485864853,-0.0007204205607331067,-0.0007204205607331067,-0.0007204205607331067
2017-08-10,-0.00029135219672108,-0.00036419024590135,-0.00036419024590135,-0.00036419024590135
2017-08-11,0.0009506281743372002,0.0011882852179215002,0.0011882852179215002,0.0011882852179215002
2017-08-14,-0.00034926844728639,-0.0004365855591079875,-0.0004365855591079875,-0.0004365855591079875
2017-08-15,-0.00031412922468930006,-0.00039266153086162504,-0.00039266153086162504,-0.00039266153086162504
2017-08-16,0.00028183739967648007,0.0003522967495956001,0.0003522967495956001,0.0003522967495956001
2017-08-17,0.00035426862096540006,0.00044283577620675006,0.00044283577620675006,0.00044283577620675006
2017-08-18,-0.0007843687612710001,-0.0009804609515887501,-0.0009804609515887501,-0.0009804609515887501
2017-08-21,-0.0011140758715694702,-0.0013925948394618378,-0.0013925948394618378,-0.0013925948394618378
2017-08-22,0.00025355003145738006,0.0003169375393217251,0.0003169375393217251,0.0003169375393217251
2017-08-23,-0.001437366239362605,-0.0017967077992032563,-0.0017967077992032563,-0.0017967077992032563
2017-08-24,-0.0006269633255177799,-0.0007837041568972248,-0.0007837041568972248,-0.0007837041568972248
2017-08-25,0.0005149739992561651,0.0006437174990702063,0.0006437174990702063,0.0006437174990702063
2017-08-28,-0.00021328671966942012,-0.0002666083995867751,-0.0002666083995867751,-0.0002666083995867751
2017-08-29,-0.00013140280704069997,-0.00016425350880087497,-0.00016425350880087497,-0.00016425350880087497
2017-08-30,-0.00030365118893248494,-0.0003795639861656062,-0.0003795639861656062,-0.0003795639861656062
2017-08-31,0.001414115675304325,0.0017676445941304062,0.0017676445941304062,0.0017676445941304062
2017-09-01,-0.0007332167732262801,-0.00091652096653285,-0.00091652096653285,-0.00091652096653285
2017-09-05,-0.0006689049417046201,-0.0008361311771307752,-0.0008361311771307752,-0.0008361311771307752
2017-09-06,-0.00030000000000000003,-0.000375,-0.000375,-0.000375
2017-09-07,0.0,0.0,0.0,0.0
2017-09-08,0.0,0.0,0.0,0.0
2017-09-11,9.876286388857e-05,0.0001234535798607125,0.0001234535798607125,0.0001234535798607125
2017-09-12,-0.0005843856184156199,-0.0007304820230195248,-0.0007304820230195248,-0.0007304820230195248
2017-09-13,-0.00022347160493199495,-0.0002793395061649937,-0.0002793395061649937,-0.0002793395061649937
2017-09-14,-0.0013937113146877801,-0.001742139143359725,-0.001742139143359725,-0.001742139143359725
2017-09-15,0.00149781024292632,0.0018722628036579,0.0018722628036579,0.0018722628036579
2017-09-18,-0.000275516736299035,-0.0003443959203737937,-0.0003443959203737937,-0.0003443959203737937
2017-09-19,0.00146702022162653,0.0018337752770331624,0.0018337752770331624,0.0018337752770331624
2017-09-20,-0.00045131938836915204,-0.0005641492354614401,-0.0005641492354614401,-0.0005641492354614401
2017-09-21,0.0009410163095748799,0.0011762703869685998,0.0011762703869685998,0.0011762703869685998
2017-09-22,-0.00272604781151192,-0.0034075597643898996,-0.0034075597643898996,-0.0034075597643898996
2017-09-25,-0.0032208816100651044,-0.0040261020125813805,-0.0040261020125813805,-0.0040261020125813805
2017-09-26,0.0020412774474660054,0.002551596809332507,0.002551596809332507,0.002551596809332507
2017-09-27,-0.0006298061584495898,-0.0007872576980619873,-0.0007872576980619873,-0.0007872576980619873
2017-09-28,-0.001214614187509035,-0.0015182677343862938,-0.0015182677343862938,-0.0015182677343862938
2017-09-29,0.0018912930791594802,0.00236411634894935,0.00236411634894935,0.00236411634894935
2017-10-02,0.00036256397719735997,0.00045320497149669995,0.00045320497149669995,0.00045320497149669995
2017-10-03,0.0,0.0,0.0,0.0
2017-10-04,0.0,0.0,0.0,0.0
2017-10-05,0.0,0.0,0.0,0.0
2017-10-06,0.0,0.0,0.0,0.0
2017-10-09,0.0,0.0,0.0,0.0
2017-10-10,0.0,0.0,0.0,0.0
2017-10-11,0.0,0.0,0.0,0.0
2017-10-12,0.0,0.0,0.0,0.0
2017-10-13,0.0,0.0,0.0,0.0
2017-10-16,-0.0005631696143471,-0.0007039620179338749,-0.0007039620179338749,-0.0007039620179338749
2017-10-17,-0.00015435045694975,-0.0001929380711871875,-0.0001929380711871875,-0.0001929380711871875
2017-10-18,4.945750400089447e-05,6.182188000111808e-05,6.182188000111808e-05,6.182188000111808e-05
2017-10-19,8.724896134665e-05,0.00010906120168331251,0.00010906120168331251,0.00010906120168331251
2017-10-20,0.0002363895661883,0.000295486957735375,0.000295486957735375,0.000295486957735375
2017-10-23,-6.491690227425e-05,-8.114612784281249e-05,-8.114612784281249e-05,-8.114612784281249e-05
2017-10-24,-4.298199447173655e-07,-5.372749308967069e-07,-5.372749308967069e-07,-5.372749308967069e-07
2017-10-25,0.00012716340770535,0.00015895425963168748,0.00015895425963168748,0.00015895425963168748
2017-10-26,-0.005068570175219111,-0.0063357127190238885,-0.0063357127190238885,-0.0063357127190238885
2017-10-27,-0.012833659692331151,-0.01604207461541394,-0.01604207461541394,-0.01604207461541394
2017-10-30,-0.028745424909345348,-0.034243026154231394,-0.03593178113668168,-0.03593178113668168
2017-10-31,-0.0005681540750163501,-0.0004000079471469583,-0.0006400127154351333,-0.0007101925937704377
2017-11-01,-0.00039853029516320477,-0.00028058641356579737,-0.00044893826170527574,-0.000498162868954006
2017-11-02,0.00111277875638435,0.000783460037824163,0.0012535360605186608,0.0013909734454804375
2017-11-03,-0.005669818611930349,-0.0039894463343426775,-0.006383114134948283,-0.007087273264912937
2017-11-06,0.016314435193615348,0.011353895958168228,0.018166233533069166,0.020393043992019185
2017-11-07,0.00753264766614595,0.004759220432450325,0.0076147526919205216,0.009415809582682438
2017-11-08,-0.0087574939775255,-0.005433026937427311,-0.008692843099883697,-0.010866053874854622
2017-11-09,-0.00907309550134735,-0.005503443177963042,-0.008805509084740865,-0.011006886355926084
2017-11-10,0.0046936290399927,0.002784110093260902,0.004454576149217442,0.005568220186521804
2017-11-13,-0.0049391210165119995,-0.002909560855735262,-0.0046552973691764196,-0.005819121711470524
2017-11-14,0.0017485080457802,0.0010238920470475236,0.0016382272752760378,0.0020477840940950473
2017-11-15,-0.00319183861371035,-0.0018669661128895916,-0.0029871457806233464,-0.0037339322257791832
2017-11-16,-0.0006471008396556,-0.00037765849299049165,-0.0006042535887847867,-0.0007553169859809833
2017-11-17,-0.00029655392553425,-0.00017307512330021936,-0.00027692019728035096,-0.00034615024660043873
2017-11-20,-0.00025288173611185,-0.0001475920455155838,-0.0002361472728249341,-0.0002951840910311676
2017-11-21,-0.0003840043120785,-0.0002241277002284806,-0.000358604320365569,-0.0004482554004569612
2017-11-22,0.0006612253305034,0.00038691421662889215,0.0006190627466062273,0.0007738284332577843
2017-11-24,-0.0002662386833554,-0.00015609958589546123,-0.00024975933743273795,-0.00031219917179092245
2017-11-27,-0.0005,-0.00030212711963007946,-0.00048340339140812713,-0.0006042542392601589
2017-11-28,0.0,0.0,0.0,0.0
2017-11-29,0.0,0.0,0.0,0.0
2017-11-30,0.0,0.0,0.0,0.0
2017-12-01,0.0,0.0,0.0,0.0
2017-12-04,0.0,0.0,0.0,0.0
2017-12-05,-0.0050393431374754,-0.0030700201724387366,-0.004912032275901978,-0.006140040344877473
2017-12-06,0.00270084877387745,0.0016364707732721875,0.0026183532372355,0.003272941546544375
2017-12-07,0.0021515234917286,0.0012992204261737317,0.002078752681877971,0.0025984408523474635
2017-12-08,-0.003050345601260141,-0.0018429289833115656,-0.002948686373298505,-0.003685857966623131
2017-12-11,0.00950099370450435,0.005734264336279234,0.009174822938046773,0.011468528672558468
2017-12-12,-0.0009040196249502,-0.0005314471890378673,-0.0008503155024605876,-0.0010628943780757346
2017-12-13,0.00044635953110385,0.0002623869545075893,0.0004198191272121429,0.0005247739090151786
2017-12-14,-0.0005143947034346,-0.0003023656573202359,-0.00048378505171237747,-0.0006047313146404718
2017-12-15,-0.00045524055600325,-0.00026764114204379046,-0.0004282258272700647,-0.0005352822840875809
2017-12-18,0.0005042181523224,0.0002964397981608976,0.0004743036770574362,0.0005928795963217952
2017-12-19,0.0009565405946373,0.0005622590309172208,0.0008996144494675532,0.0011245180618344416
2017-12-20,-0.0009184407154591001,-0.0005396730610864887,-0.0008634768977383819,-0.0010793461221729774
2017-12-21,0.00355457386983215,0.0020920507517771443,0.0033472812028434305,0.0041841015035542885
2017-12-22,0.015465736912337852,0.009065222322863426,0.01450435571658148,0.018130444645726853
2017-12-26,0.0040482196445599,0.0022551742856083768,0.0036082788569734028,0.0045103485712167535
2017-12-27,-0.0036963295033980003,-0.002063832158909987,-0.003302131454255979,-0.004127664317819974
2017-12-28,-0.00088187964039305,-0.0004913008973314358,-0.0007860814357302972,-0.0009826017946628716
2017-12-29,0.01241258504670105,0.006927342273880936,0.011083747638209497,0.013854684547761871
2018-01-02,-0.0002472755156057,-0.00013275617312279004,-0.00021240987699646405,-0.0002655123462455801
2018-01-03,0.0,0.0,0.0,0.0
2018-01-04,-0.0005766606031822801,-0.00072082575397785,-0.00072082575397785,-0.00072082575397785
2018-01-05,-0.0008459217363970802,-0.0010574021704963501,-0.0010574021704963501,-0.0010574021704963501
2018-01-08,0.00085556870552733,0.0010694608819091626,0.0010694608819091626,0.0010694608819091626
2018-01-09,0.0007452604925240102,0.0009315756156550127,0.0009315756156550127,0.0009315756156550127
2018-01-10,0.0005991977205633301,0.0007489971507041626,0.0007489971507041626,0.0007489971507041626
2018-01-11,0.0015669087744418502,0.0019586359680523126,0.0019586359680523126,0.0019586359680523126
2018-01-12,-0.0008599558193427602,-0.0010749447741784503,-0.0010749447741784503,-0.0010749447741784503
2018-01-16,-3.628946433351001e-05,-4.536183041688751e-05,-4.536183041688751e-05,-4.536183041688751e-05
2018-01-17,-0.00224224846868262,-0.002802810585853275,-0.002802810585853275,-0.002802810585853275
2018-01-18,0.00039358927810557006,0.0004919865976319626,0.0004919865976319626,0.0004919865976319626
2018-01-19,-0.0011786009360464202,-0.0014732511700580252,-0.0014732511700580252,-0.0014732511700580252
2018-01-22,-0.0007973593575711301,-0.0009966991969639126,-0.0009966991969639126,-0.0009966991969639126
2018-01-23,0.0008416883139180301,0.0010521103923975376,0.0010521103923975376,0.0010521103923975376
2018-01-24,0.0004069379247184801,0.0005086724058981001,0.0005086724058981001,0.0005086724058981001
2018-01-25,-0.00018056187764250002,-0.00022570234705312502,-0.00022570234705312502,-0.00022570234705312502
2018-01-26,0.00098319808460229,0.0012289976057528625,0.0012289976057528625,0.0012289976057528625
2018-01-29,0.0013659763235967,0.0017074704044958752,0.0017074704044958752,0.0017074704044958752
2018-01-30,0.0029993071731880204,0.0037491339664850257,0.0037491339664850257,0.0037491339664850257
2018-01-31,0.00016712661355023002,0.00020890826693778752,0.00020890826693778752,0.00020890826693778752
2018-02-01,-0.00030000000000000003,-0.000375,-0.000375,-0.000375
2018-02-02,0.0,0.0,0.0,0.0
2018-02-05,0.0011350071544766849,0.0014187589430958562,0.0014187589430958562,0.0014187589430958562
2018-02-06,-0.00167689578674842,-0.002096119733435525,-0.002096119733435525,-0.002096119733435525
2018-02-07,-0.004116144123731325,-0.0051451801546641565,-0.0051451801546641565,-0.0051451801546641565
2018-02-08,-0.0037745106872472353,-0.004718138359059044,-0.004718138359059044,-0.004718138359059044
2018-02-09,0.008529734657174498,0.010662168321468123,0.010662168321468123,0.010662168321468123
2018-02-12,-0.0011662279420451603,-0.0014577849275564504,-0.0014577849275564504,-0.0014577849275564504
2018-02-13,0.002201362256823799,0.0027517028210297485,0.0027517028210297485,0.0027517028210297485
2018-02-14,0.00018682382650855503,0.00023352978313569378,0.00023352978313569378,0.00023352978313569378
2018-02-15,0.0029640199253799402,0.0037050249067249255,0.0037050249067249255,0.0037050249067249255
2018-02-16,0.0026356396795456302,0.0032945495994320378,0.0032945495994320378,0.0032945495994320378
2018-02-20,0.0036669332548780746,0.004583666568597594,0.004583666568597594,0.004583666568597594
2018-02-21,0.00027547952029449024,0.0003443494003681128,0.0003443494003681128,0.0003443494003681128
2018-02-22,-0.00013930378970552018,-0.00017412973713190022,-0.00017412973713190022,-0.00017412973713190022
2018-02-23,0.0009327605623197708,0.0011659507028997135,0.0011659507028997135,0.0011659507028997135
2018-02-26,-0.0025271651331157346,-0.0031589564163946684,-0.0031589564163946684,-0.0031589564163946684
2018-02-27,-0.0026648400537794457,-0.003331050067224307,-0.003331050067224307,-0.003331050067224307
2018-02-28,-0.0049324035021826645,-0.006165504377728331,-0.006165504377728331,-0.006165504377728331
2018-03-01,-0.00400169788497342,-0.005002122356216775,-0.005002122356216775,-0.005002122356216775
2018-03-02,0.00029641000870398533,0.0003705125108799817,0.0003705125108799817,0.0003705125108799817
2018-03-05,-4.613852731497493e-05,-5.767315914371866e-05,-5.767315914371866e-05,-5.767315914371866e-05
2018-03-06,0.00021303805284126002,0.000266297566051575,0.000266297566051575,0.000266297566051575
2018-03-07,0.00295670094444149,0.0036958761805518624,0.0036958761805518624,0.0036958761805518624
2018-03-08,0.0019356504195153653,0.0024195630243942067,0.0024195630243942067,0.0024195630243942067
2018-03-09,-0.00073869928623092,-0.00092337410778865,-0.00092337410778865,-0.00092337410778865
2018-03-12,0.00042119660053582,0.000526495750669775,0.000526495750669775,0.000526495750669775
2018-03-13,0.00400559426312066,0.005006992828900825,0.005006992828900825,0.005006992828900825
2018-03-14,-0.0008010603061907903,-0.001001325382738488,-0.001001325382738488,-0.001001325382738488
2018-03-15,-0.000767236279798885,-0.0009590453497486063,-0.0009590453497486063,-0.0009590453497486063
2018-03-16,0.0018232400530926404,0.0022790500663658004,0.0022790500663658004,0.0022790500663658004
2018-03-19,0.0038016690026250106,0.004752086253281263,0.004752086253281263,0.004752086253281263
2018-03-20,0.0035627418693834605,0.004453427336729326,0.004453427336729326,0.004453427336729326
2018-03-21,1.8584864506433197e-05,2.3231080633041495e-05,2.3231080633041495e-05,2.3231080633041495e-05
2018-03-22,0.004924259952654691,0.0061553249408183635,0.0061553249408183635,0.0061553249408183635
2018-03-23,0.0016736739808967402,0.002092092476120925,0.002092092476120925,0.002092092476120925
2018-03-26,-0.0011208901795657501,-0.0014011127244571877,-0.0014011127244571877,-0.0014011127244571877
2018-03-27,0.004921144667665411,0.006151430834581764,0.006151430834581764,0.006151430834581764
2018-03-28,-0.004163851092959581,-0.005204813866199476,-0.005204813866199476,-0.005204813866199476
2018-03-29,-0.005758646282104481,-0.007198307852630602,-0.007198307852630602,-0.007198307852630602
2018-04-02,-0.00047758471571111014,-0.0005969808946388877,-0.0005969808946388877,-0.0005969808946388877
2018-04-03,0.000658108527519655,0.0008226356593995687,0.0008226356593995687,0.0008226356593995687
2018-04-04,-0.0007143162666628651,-0.0008928953333285813,-0.0008928953333285813,-0.0008928953333285813
2018-04-05,0.0,0.0,0.0,0.0
2018-04-06,0.0,0.0,0.0,0.0
2018-04-09,0.0,0.0,0.0,0.0
2018-04-10,0.0,0.0,0.0,0.0
2018-04-11,0.0004835136597053401,0.00038120174084508814,0.0006043920746316751,0.0006043920746316751
2018-04-12,-0.004829275354020661,-0.0038088817452267163,-0.006036594192525826,-0.006036594192525826
2018-04-13,0.003418782016949641,0.002649482211831726,0.004239171538930762,0.004273477521187051
2018-04-16,-0.0031678954090830903,-0.0024739838743091536,-0.003958374198894645,-0.003959869261353863
2018-04-17,-0.00438880169070846,-0.003406476812808336,-0.005450362900493338,-0.0054860021133855755
2018-04-18,0.0018238465115971503,0.0014059916551301963,0.002249586648208314,0.0022798081394964378
2018-04-19,0.0030727469562091803,0.002420175161249679,0.0038409336952614755,0.0038409336952614755
2018-04-20,0.00213145195606737,0.0016787081502726278,0.002664314945084213,0.002664314945084213
2018-04-23,-4.129997499072001e-05,-3.253975989169598e-05,-5.162496873840001e-05,-5.162496873840001e-05
2018-04-24,-0.004100192459808811,-0.0032303230289145307,-0.005125240574761014,-0.005125240574761014
2018-04-25,0.0009839164663896002,0.0007650280004728468,0.001224044800756555,0.0012298955829870002
2018-04-26,-0.00428193227589297,-0.0033305814245921843,-0.005328930279347494,-0.005352415344866213
2018-04-27,-0.0019027335580151402,-0.0014619610421866352,-0.002339137667498616,-0.0023784169475189253
2018-04-30,0.00291034482597882,0.0022276314649313143,0.0035642103438901025,0.0036379310324735252
2018-05-01,-0.006706098941375672,-0.005129587137650656,-0.00820733942024105,-0.008382623676719589
2018-05-02,0.0032945867092633503,0.0024607828757652263,0.003937252601224362,0.004118233386579188
2018-05-03,0.0011486663943549,0.0008798041782675808,0.0014076866852281292,0.001435832992943625
2018-05-04,-0.00232539699451761,-0.0017814293801852873,-0.00285028700829646,-0.002906746243147013
2018-05-07,-0.0012576987496092003,-0.0010230889452138878,-0.0015721234370115003,-0.0015721234370115003
2018-05-08,-0.00030000000000000003,-0.0002577473104393256,-0.000375,-0.000375
2018-05-09,-0.00022875070029222002,-0.00019667375360631742,-0.000285938375365275,-0.000285938375365275
2018-05-10,-0.0029251592366571245,-0.0025301712656723616,-0.0036564490458214057,-0.0036564490458214057
2018-05-11,0.0004241638220379301,0.00036464190190395286,0.0005302047775474126,0.0005302047775474126
2018-05-14,0.00017794580453053005,0.00015301229878811906,0.00022243225566316257,0.00022243225566316257
2018-05-15,0.00874229468615374,0.007517864605370099,0.010927868357692175,0.010927868357692175
2018-05-16,0.0003270382746977298,0.0002710906262394663,0.0004087978433721623,0.0004087978433721623
2018-05-17,-0.0031717999085893356,-0.002629075513275879,-0.00396474988573667,-0.00396474988573667
2018-05-18,0.00640785028941417,0.005270437445024094,0.008009812861767713,0.008009812861767713
2018-05-21,-0.00131285445238278,-0.0010618406090452462,-0.001641068065478475,-0.001641068065478475
2018-05-22,0.0016858478117136948,0.0013611233755534387,0.0021073097646421186,0.0021073097646421186
2018-05-23,-0.00031977578122173087,-0.0002583740891076069,-0.0003997197265271636,-0.0003997197265271636
2018-05-24,-0.00039369068222596,-0.00031801243243390054,-0.00049211335278245,-0.00049211335278245
2018-05-25,6.551653734052e-05,5.28966146273356e-05,8.189567167565e-05,8.189567167565e-05
2018-05-29,-0.000345041346728785,-0.0002786051946917889,-0.0004313016834109812,-0.0004313016834109812
2018-05-30,9.041983153462966e-06,7.368907894814568e-06,1.1302478941828706e-05,1.1302478941828706e-05
2018-05-31,0.00013803276384597,0.00011297889203453981,0.00017254095480746248,0.00017254095480746248
2018-06-01,-8.043253607921e-05,-6.709444846315663e-05,-0.0001005406700990125,-0.0001005406700990125
2018-06-04,-0.00133869809844342,-0.0011355018635076316,-0.001673372623054275,-0.001673372623054275
2018-06-05,0.0028639435294632856,0.0024302405411494956,0.003579929411829107,0.003579929411829107
2018-06-06,-0.0007989002586327453,-0.0006829094874351697,-0.0009986253232909315,-0.0009986253232909315
2018-06-07,0.00486125663419879,0.00418403450136582,0.006076570792748488,0.006076570792748488
2018-06-08,0.0010060840587908962,0.0008628580574866976,0.0012576050734886203,0.0012576050734886203
2018-06-11,-0.0022496682762491002,-0.002026891424012466,-0.002812085345311375,-0.002812085345311375
2018-06-12,-0.00117454605771832,-0.0010809844145406634,-0.0014681825721479,-0.0014681825721479
2018-06-13,6.694940328867e-05,6.160329336717062e-05,8.36867541108375e-05,8.36867541108375e-05
2018-06-14,-0.0024312284440719096,-0.002236537434632966,-0.003039035555089887,-0.003039035555089887
2018-06-15,-0.00034702165191853346,-0.0003195313940098842,-0.0004337770648981668,-0.0004337770648981668
2018-06-18,-0.0036394955413736494,-0.003364709035593655,-0.004549369426717062,-0.004549369426717062
2018-06-19,-0.0017208263704360754,-0.0015891428860769915,-0.0021510329630450944,-0.0021510329630450944
2018-06-20,0.0033841475532670057,0.0031288639167184646,0.004230184441583757,0.004230184441583757
2018-06-21,-0.004548162095823581,-0.004186598998682277,-0.005685202619779476,-0.005685202619779476
2018-06-22,0.003000210661034111,0.002757075941458365,0.0037502633262926385,0.0037502633262926385
2018-06-25,-0.0013624953534170656,-0.0012618655096467012,-0.001703119191771332,-0.001703119191771332
2018-06-26,-0.004351917712097236,-0.004101251466815792,-0.0054398971401215445,-0.0054398971401215445
2018-06-27,-0.0008439844681606652,-0.0008011423449716013,-0.0010549805852008314,-0.0010549805852008314
2018-06-28,0.000995399151165535,0.0009776565935973847,0.0012442489389569188,0.0012442489389569188
2018-06-29,0.0026960844970061503,0.0026611093846790157,0.0033701056212576876,0.0033701056212576876
2018-07-02,-0.00014841293578080002,-0.00017060953734049733,-0.000185516169726,-0.000185516169726
2018-07-03,7.093991243268001e-05,8.161101914594659e-05,8.867489054085e-05,8.867489054085e-05
2018-07-05,0.0,0.0,0.0,0.0
2018-07-06,-0.00151163670098915,-0.0018895458762364374,-0.0018895458762364374,-0.0018895458762364374
2018-07-09,8.558644838284996e-05,0.00010698306047856245,0.00010698306047856245,0.00010698306047856245
2018-07-10,0.00171945962512865,0.0021493245314108127,0.0021493245314108127,0.0021493245314108127
2018-07-11,-0.0048442817194081,-0.006055352149260125,-0.006055352149260125,-0.006055352149260125
2018-07-12,-0.0022063825342074,-0.00275797816775925,-0.00275797816775925,-0.00275797816775925
2018-07-13,-0.002072217178129,-0.0025902714726612503,-0.0025902714726612503,-0.0025902714726612503
2018-07-16,0.0013879028728827,0.001734878591103375,0.001734878591103375,0.001734878591103375
2018-07-17,-0.00175667789353105,-0.0021958473669138126,-0.0021958473669138126,-0.0021958473669138126
2018-07-18,-0.00113383279149475,-0.0014172909893684373,-0.0014172909893684373,-0.0014172909893684373
2018-07-19,-0.0005,-0.000625,-0.000625,-0.000625
2018-07-20,0.0,0.0,0.0,0.0
2018-07-23,0.0,0.0,0.0,0.0
2018-07-24,0.0,0.0,0.0,0.0
2018-07-25,0.0,0.0,0.0,0.0
2018-07-26,0.0,0.0,0.0,0.0
2018-07-27,0.0,0.0,0.0,0.0
2018-07-30,0.0,0.0,0.0,0.0
2018-07-31,0.0,0.0,0.0,0.0
2018-08-01,0.0,0.0,0.0,0.0
2018-08-02,0.0,0.0,0.0,0.0
2018-08-03,0.0,0.0,0.0,0.0
2018-08-06,0.0,0.0,0.0,0.0
2018-08-07,0.0,0.0,0.0,0.0
2018-08-08,0.0,0.0,0.0,0.0
2018-08-09,0.0,0.0,0.0,0.0
2018-08-10,0.00095122423787265,0.0011890302973408126,0.0011890302973408126,0.0011890302973408126
2018-08-13,0.0019883216932781002,0.002485402116597625,0.002485402116597625,0.002485402116597625
2018-08-14,-0.00398267257593295,-0.004978340719916188,-0.004978340719916188,-0.004978340719916188
2018-08-15,0.00219031733334925,0.0027378966666865624,0.0027378966666865624,0.0027378966666865624
2018-08-16,-0.00171392038107445,-0.0021424004763430627,-0.0021424004763430627,-0.0021424004763430627
2018-08-17,-0.00104928033551415,-0.0013116004193926875,-0.0013116004193926875,-0.0013116004193926875
2018-08-20,-0.0015739098397177997,-0.00196738729964725,-0.00196738729964725,-0.00196738729964725
2018-08-21,-0.0013114580288836998,-0.0016393225361046248,-0.0016393225361046248,-0.0016393225361046248
2018-08-22,-0.00114496859032345,-0.0014312107379043123,-0.0014312107379043123,-0.0014312107379043123
2018-08-23,-0.0005,-0.000625,-0.000625,-0.000625
2018-08-24,0.00025318997608755,0.0003164874701094375,0.0003164874701094375,0.0003164874701094375
2018-08-27,0.0027406926684434,0.00342586583555425,0.00342586583555425,0.00342586583555425
2018-08-28,0.00095149811355385,0.0011893726419423124,0.0011893726419423124,0.0011893726419423124
2018-08-29,-0.00324088996646665,-0.0040511124580833125,-0.0040511124580833125,-0.0040511124580833125
2018-08-30,-0.00107691209752615,-0.0013461401219076875,-0.0013461401219076875,-0.0013461401219076875
2018-08-31,-0.00011853232288710006,-0.00014816540360887507,-0.00014816540360887507,-0.00014816540360887507
2018-09-04,0.0004987817000048501,0.0006234771250060627,0.0006234771250060627,0.0006234771250060627
2018-09-05,-7.259111744070001e-05,-9.073889680087501e-05,-9.073889680087501e-05,-9.073889680087501e-05
2018-09-06,-0.0025526631033219,-0.0031908288791523748,-0.0031908288791523748,-0.0031908288791523748
2018-09-07,-0.0005,-0.000625,-0.000625,-0.000625
2018-09-10,0.0033154668153522,0.00414433351919025,0.00414433351919025,0.00414433351919025
2018-09-11,-0.0001572492415260909,-0.00019656155190761362,-0.00019656155190761362,-0.00019656155190761362
2018-09-12,0.0008427638211026,0.00105345477637825,0.00105345477637825,0.00105345477637825
2018-09-13,-0.0008184104208899,-0.001023013026112375,-0.001023013026112375,-0.001023013026112375
2018-09-14,-0.0003385928645778,-0.00042324108072225,-0.00042324108072225,-0.00042324108072225
2018-09-17,-0.00168422183254135,-0.0021052772906766876,-0.0021052772906766876,-0.0021052772906766876
2018-09-18,-0.00224949786316905,-0.0028118723289613126,-0.0028118723289613126,-0.0028118723289613126
2018-09-19,0.0039340900094437005,0.004917612511804626,0.004917612511804626,0.004917612511804626
2018-09-20,-0.0002751068579721,-0.000343883572465125,-0.000343883572465125,-0.000343883572465125
2018-09-21,0.0018473825835841,0.002309228229480125,0.002309228229480125,0.002309228229480125
2018-09-24,-0.0005,-0.000625,-0.000625,-0.000625
2018-09-25,0.0,0.0,0.0,0.0
2018-09-26,0.0,0.0,0.0,0.0
2018-09-27,0.0,0.0,0.0,0.0
2018-09-28,0.0,0.0,0.0,0.0
2018-10-01,-0.0001976226911233,-0.000247028363904125,-0.000247028363904125,-0.000247028363904125
2018-10-02,0.0010225098595127,0.001278137324390875,0.001278137324390875,0.001278137324390875
2018-10-03,0.0,0.0,0.0,0.0
2018-10-04,0.0,0.0,0.0,0.0
2018-10-05,0.0,0.0,0.0,0.0
2018-10-08,0.0,0.0,0.0,0.0
2018-10-09,0.0,0.0,0.0,0.0
2018-10-10,0.0026438113578497,0.0033047641973121254,0.0033047641973121254,0.0033047641973121254
2018-10-11,0.0035934158534355,0.004491769816794375,0.004491769816794375,0.004491769816794375
2018-10-12,-0.001117327492924,-0.001396659366155,-0.001396659366155,-0.001396659366155
2018-10-15,0.00261164817938375,0.0032645602242296875,0.0032645602242296875,0.0032645602242296875
2018-10-16,-0.0054748565561447,-0.006843570695180875,-0.006843570695180875,-0.006843570695180875
2018-10-17,-0.00932921857415775,-0.011661523217697187,-0.011661523217697187,-0.011661523217697187
2018-10-18,-0.00243490347080265,-0.003043629338503312,-0.003043629338503312,-0.003043629338503312
2018-10-19,-0.00406400116664325,-0.005080001458304062,-0.005080001458304062,-0.005080001458304062
2018-10-22,-0.00086961779582485,-0.0010805977265793939,-0.0010870222447810624,-0.0010870222447810624
2018-10-23,-0.0025755583953799,-0.0031977624534481647,-0.0032194479942248755,-0.0032194479942248755
2018-10-24,-0.000424142248948,-0.0005216911903289896,-0.000530177811185,-0.000530177811185
2018-10-25,-0.00410597136256395,-0.005087316399801228,-0.005132464203204938,-0.005132464203204938
2018-10-26,-0.0047919906363052,-0.005812883795316108,-0.0059899882953814996,-0.0059899882953814996
2018-10-29,-0.00224432182060965,-0.0026509414230374982,-0.0028054022757620627,-0.0028054022757620627
2018-10-30,-0.0067070201040633,-0.00787878597544057,-0.008383775130079124,-0.008383775130079124
2018-10-31,0.0070648097280224,0.007927219498104704,0.008831012160028,0.008831012160028
2018-11-01,0.00278470002370095,0.0029749843813234875,0.0034808750296261874,0.0034808750296261874
2018-11-02,-0.00309927343550145,-0.003287859484147382,-0.0038740917943768127,-0.0038740917943768127
2018-11-05,-0.003619846323771,-0.0038076698287324824,-0.00452480790471375,-0.00452480790471375
2018-11-06,-0.0005,-0.0005201723216868231,-0.000625,-0.000625
2018-11-07,0.0,0.0,0.0,0.0
2018-11-08,0.0,0.0,0.0,0.0
2018-11-09,0.0,0.0,0.0,0.0
2018-11-12,0.0,0.0,0.0,0.0
2018-11-13,0.0,0.0,0.0,0.0
2018-11-14,0.0,0.0,0.0,0.0
2018-11-15,-0.0052791817740474,-0.0054947902093191205,-0.00659897721755925,-0.00659897721755925
2018-11-16,-0.00623507861846225,-0.0063493880589058724,-0.007793848273077813,-0.007793848273077813
2018-11-19,-0.00037737702014855,-0.00039609735328591293,-0.00047172127518568753,-0.00047172127518568753
2018-11-20,-0.0055717479028293,-0.0058703770940675346,-0.006964684878536625,-0.006964684878536625
2018-11-21,-0.0007846307924559501,-0.0008099978865150482,-0.0009807884905699376,-0.0009807884905699376
2018-11-23,0.00305823191387435,0.0031902841511184834,0.0038227898923429374,0.0038227898923429374
2018-11-26,4.7506646417949986e-05,4.9237926533612044e-05,5.938330802243748e-05,5.938330802243748e-05
2018-11-27,-0.0031013734481461497,-0.0032252586380541117,-0.003876716810182687,-0.003876716810182687
2018-11-28,0.005129958584734099,0.00539212667666536,0.006412448230917624,0.006412448230917624
2018-11-29,0.00039918603349429994,0.0004103723259021436,0.0004989825418678749,0.0004989825418678749
2018-11-30,-0.00272562842493255,-0.002818466364107511,-0.0034070355311656875,-0.0034070355311656875
2018-12-03,0.00274027873441525,0.002854448151254983,0.0034253484180190624,0.0034253484180190624
2018-12-04,-0.0050127795249571,-0.005407812220190404,-0.006265974406196375,-0.006265974406196375
2018-12-06,-0.00247225732340435,-0.002684319098863716,-0.0030903216542554376,-0.0030903216542554376
2018-12-07,-0.00308496154706495,-0.0033531294848161666,-0.0038562019338311874,-0.0038562019338311874
2018-12-10,0.0037690490936961,0.004100845098713565,0.004711311367120125,0.004711311367120125
2018-12-11,-0.0007928677865409,-0.0008465232607255776,-0.000991084733176125,-0.000991084733176125
2018-12-12,-0.0045078277935298,-0.00491249480090098,-0.00563478474191225,-0.00563478474191225
2018-12-13,-0.0002667273427777,-0.0002874175481855407,-0.000333409178472125,-0.000333409178472125
2018-12-14,-0.0005,-0.0005415417513318606,-0.000625,-0.000625
2018-12-17,0.0,0.0,0.0,0.0
2018-12-18,0.0,0.0,0.0,0.0
2018-12-19,0.0,0.0,0.0,0.0
2018-12-20,0.0,0.0,0.0,0.0
2018-12-21,0.0012454701017103,0.001357451421869633,0.001556837627137875,0.001556837627137875
2018-12-24,-0.00384017035784885,-0.004167630905469173,-0.004800212947311063,-0.004800212947311063
2018-12-26,0.0101408932946276,0.010927999750519815,0.0126761166182845,0.0126761166182845
2018-12-27,0.0025712117637772002,0.002504013588441625,0.0032140147047215,0.0032140147047215
2018-12-28,0.00202074330657665,0.0019522298989724765,0.0025259291332208125,0.0025259291332208125
2018-12-31,0.0024178250996021,0.0023235546118325076,0.003022281374502625,0.003022281374502625
2019-01-02,0.00018903169816102236,0.0001804271046615024,0.00023628962270127795,0.00023628962270127795
2019-01-03,0.0003002106291813999,0.0002864831906068097,0.00037526328647674985,0.00037526328647674985
2019-01-04,0.0,0.0,0.0,0.0
2019-01-07,0.0,0.0,0.0,0.0
2019-01-08,0.0,0.0,0.0,0.0
2019-01-09,0.0,0.0,0.0,0.0
2019-01-10,0.0,0.0,0.0,0.0
2019-01-11,0.0,0.0,0.0,0.0
2019-01-14,0.0,0.0,0.0,0.0
2019-01-15,0.0,0.0,0.0,0.0
2019-01-16,0.0,0.0,0.0,0.0
2019-01-17,-0.00017411677428394974,-0.00021764596785493718,-0.00021764596785493718,-0.00021764596785493718
2019-01-18,0.00024061856388395532,0.00030077320485494415,0.00030077320485494415,0.00030077320485494415
2019-01-22,-0.0024196233176076226,-0.0030245291470095284,-0.0030245291470095284,-0.0030245291470095284
2019-01-23,0.00025916309468870086,0.0003239538683608761,0.0003239538683608761,0.0003239538683608761
2019-01-24,-0.0015035074179018714,-0.0018793842723773392,-0.0018793842723773392,-0.0018793842723773392
2019-01-25,0.0005795651116580066,0.0007244563895725082,0.0007244563895725082,0.0007244563895725082
2019-01-28,-0.0013388038129940006,-0.0016735047662425008,-0.0016735047662425008,-0.0016735047662425008
2019-01-29,0.00024341341272231959,0.00030426676590289946,0.00030426676590289946,0.00030426676590289946
2019-01-30,0.002871270431274566,0.0035890880390932077,0.0035890880390932077,0.0035890880390932077
2019-01-31,0.0006058121982407869,0.0007572652478009836,0.0007572652478009836,0.0007572652478009836
2019-02-01,7.679796522432362e-05,9.599745653040453e-05,9.599745653040453e-05,9.599745653040453e-05
2019-02-04,0.0004991649823039338,0.0006239562278799172,0.0006239562278799172,0.0006239562278799172
2019-02-05,-7.226294981954953e-05,-9.032868727443691e-05,-9.032868727443691e-05,-9.032868727443691e-05
2019-02-06,0.0011963010661166743,0.0014953763326458428,0.0014953763326458428,0.0014953763326458428
2019-02-07,-0.001936750666454449,-0.002420938333068061,-0.002420938333068061,-0.002420938333068061
2019-02-08,-0.0025206209733866203,-0.0031507762167332755,-0.0031507762167332755,-0.0031507762167332755
2019-02-11,-0.0022791847488730045,-0.002848980936091256,-0.002848980936091256,-0.002848980936091256
2019-02-12,0.0030848384085502816,0.003856048010687852,0.003856048010687852,0.003856048010687852
2019-02-13,6.218499262468675e-06,7.773124078085844e-06,7.773124078085844e-06,7.773124078085844e-06
2019-02-14,-0.00043525302118275474,-0.0005440662764784434,-0.0005440662764784434,-0.0005440662764784434
2019-02-15,0.0013443181826798263,0.001680397728349783,0.001680397728349783,0.001680397728349783
2019-02-19,0.0005336185418839194,0.0006670231773548992,0.0006670231773548992,0.0006670231773548992
2019-02-20,-4.025936537668275e-06,-5.0324206720853436e-06,-5.0324206720853436e-06,-5.0324206720853436e-06
2019-02-21,-5.713926001388146e-05,-7.142407501735183e-05,-7.142407501735183e-05,-7.142407501735183e-05
2019-02-22,0.0010056877604463549,0.0012571097005579436,0.0012571097005579436,0.0012571097005579436
2019-02-25,0.00121779368166204,0.00152224210207755,0.00152224210207755,0.00152224210207755
2019-02-26,-0.00035,-0.0004375,-0.0004375,-0.0004375
2019-02-27,0.0,0.0,0.0,0.0
2019-02-28,0.0,0.0,0.0,0.0
2019-03-01,-0.001215253917238585,-0.0015190673965482311,-0.0015190673965482311,-0.0015190673965482311
2019-03-04,0.000983423920560865,0.0012292799007010812,0.0012292799007010812,0.0012292799007010812
2019-03-05,0.00136792146062446,0.001709901825780575,0.001709901825780575,0.001709901825780575
2019-03-06,-0.00040533170795081997,-0.0005066646349385249,-0.0005066646349385249,-0.0005066646349385249
2019-03-07,-0.001208819317386622,-0.0015110241467332776,-0.0015110241467332776,-0.0015110241467332776
2019-03-08,-0.0008129406858678902,-0.0010161758573348628,-0.0010161758573348628,-0.0010161758573348628
2019-03-11,0.007279597546679296,0.00909949693334912,0.00909949693334912,0.00909949693334912
2019-03-12,0.0034427859330964823,0.004303482416370603,0.004303482416370603,0.004303482416370603
2019-03-13,-0.0013583335545905332,-0.0016979169432381664,-0.0016979169432381664,-0.0016979169432381664
2019-03-14,0.003772962592044253,0.004716203240055316,0.004716203240055316,0.004716203240055316
2019-03-15,0.005112176201415163,0.006390220251768953,0.006390220251768953,0.006390220251768953
2019-03-18,0.004880978247100587,0.006101222808875734,0.006101222808875734,0.006101222808875734
2019-03-19,-0.0026698259557666167,-0.0033372824447082707,-0.0033372824447082707,-0.0033372824447082707
2019-03-20,-0.0012343796201394529,-0.001542974525174316,-0.001542974525174316,-0.001542974525174316
2019-03-21,-0.0012461695133143412,-0.0015577118916429264,-0.0015577118916429264,-0.0015577118916429264
2019-03-22,0.003815601679449371,0.0047695020993117135,0.0047695020993117135,0.0047695020993117135
2019-03-25,0.00046745633996393574,0.0005843204249549197,0.0005843204249549197,0.0005843204249549197
2019-03-26,-0.0013346730259011209,-0.0016683412823764012,-0.0016683412823764012,-0.0016683412823764012
2019-03-27,0.003696760003329142,0.004620950004161428,0.004620950004161428,0.004620950004161428
2019-03-28,-0.001073156636139348,-0.001341445795174185,-0.001341445795174185,-0.001341445795174185
2019-03-29,0.0013748948405933592,0.001718618550741699,0.001718618550741699,0.001718618550741699
2019-04-01,-0.0005274412020722113,-0.0006593015025902642,-0.0006593015025902642,-0.0006593015025902642
2019-04-02,0.0007236963986924452,0.0009046204983655565,0.0009046204983655565,0.0009046204983655565
2019-04-03,-0.0020469728948078877,-0.00255871611850986,-0.00255871611850986,-0.00255871611850986
2019-04-04,-0.00033078971830925263,-0.00041348714788656577,-0.00041348714788656577,-0.00041348714788656577
2019-04-05,0.0,0.0,0.0,0.0
2019-04-08,0.0,0.0,0.0,0.0
2019-04-09,0.0,0.0,0.0,0.0
2019-04-10,0.0,0.0,0.0,0.0
2019-04-11,0.0,0.0,0.0,0.0
2019-04-12,0.0,0.0,0.0,0.0
2019-04-15,0.00198281573787095,0.0017355697740305761,0.0024785196723386875,0.0024785196723386875
2019-04-16,-0.00067162786331045,-0.000589278609474607,-0.0008395348291380625,-0.0008395348291380625
2019-04-17,2.772937569309574e-05,2.536006045613275e-05,3.466171961636968e-05,3.466171961636968e-05
2019-04-18,0.0075387470813175,0.006885970790805363,0.009423433851646875,0.009423433851646875
2019-04-22,-0.00099932735487895,-0.0009133983389697655,-0.0012491591935986875,-0.0012491591935986875
2019-04-23,-0.00045304532012274993,-0.00041384288182935876,-0.0005663066501534374,-0.0005663066501534374
2019-04-24,0.0006807196853078501,0.0006281798995094236,0.0008508996066348126,0.0008508996066348126
2019-04-25,-0.01251705733780625,-0.011593158200623399,-0.015646321672257813,-0.015646321672257813
2019-04-26,0.00019539843650999997,0.00016223575146777017,0.00024424804563749993,0.00024424804563749993
2019-04-29,-0.00019431619918854992,-0.00016149908200473442,-0.0002428952489856874,-0.0002428952489856874
2019-04-30,-0.00395882335493935,-0.0032893504353365883,-0.004948529193674187,-0.004948529193674187
2019-05-01,0.0070323623526297,0.005765383060988826,0.008790452940787126,0.008790452940787126
2019-05-02,0.0012526372497400503,0.0010090543973699131,0.001565796562175063,0.001565796562175063
2019-05-03,-4.500397149640009e-05,-3.628047186455131e-05,-5.6254964370500116e-05,-5.6254964370500116e-05
2019-05-06,0.0027427890571700498,0.002225460435106081,0.003428486321462562,0.003428486321462562
2019-05-07,0.004987290156622999,0.004147891631243042,0.006234112695778749,0.006234112695778749
2019-05-08,0.0021145757761503,0.0017441453660812373,0.002643219720187875,0.002643219720187875
2019-05-09,0.00389976894604075,0.0032253889471689345,0.004874711182550937,0.004874711182550937
2019-05-10,0.0027774210851958,0.0022882065343915216,0.00347177635649475,0.00347177635649475
2019-05-13,-0.0005,-0.0004134665476102051,-0.000625,-0.000625
2019-05-14,0.00130088456022985,0.001078565252182298,0.0016261057002873124,0.0016261057002873124
2019-05-15,0.00248652386316065,0.002065964866189373,0.0031081548289508126,0.0031081548289508126
2019-05-16,-0.00052637862461005,-0.00043771973466388576,-0.0006579732807625625,-0.0006579732807625625
2019-05-17,8.951779308005e-05,7.44143184206671e-05,0.0001118972413500625,0.0001118972413500625
2019-05-20,-0.0001312107367307,-0.00010905317498134249,-0.000164013420913375,-0.000164013420913375
2019-05-21,0.0033689065709745,0.002817119163030154,0.004211133213718125,0.004211133213718125
2019-05-22,-0.0294918879387985,-0.02493749372165999,-0.036864859923498125,-0.036864859923498125
2019-05-23,-0.0005,-0.0002952112323962952,-0.00047233797183407234,-0.0005904224647925904
2019-05-24,0.0,0.0,0.0,0.0
2019-05-28,0.0,0.0,0.0,0.0
2019-05-29,0.0,0.0,0.0,0.0
2019-05-30,0.0,0.0,0.0,0.0
2019-05-31,0.0,0.0,0.0,0.0
2019-06-03,0.0,0.0,0.0,0.0
2019-06-04,0.0,0.0,0.0,0.0
2019-06-05,0.0,0.0,0.0,0.0
2019-06-06,-0.00408692023534425,-0.002503509009759533,-0.0040056144156152525,-0.005007018019519066
2019-06-07,-0.00427761469282935,-0.002604583043985837,-0.004167332870377339,-0.005209166087971674
2019-06-10,0.0024188911921519,0.0016060943959094096,0.0025697510334550555,0.003023613990189875
2019-06-11,0.0015188252708703,0.0010068465435689963,0.0016109544697103938,0.001898531588587875
2019-06-12,0.0007253787807513,0.0004838652245398674,0.0007741843592637879,0.000906723475939125
2019-06-13,-0.00064384989560125,-0.00043140972665593015,-0.0006902555626494883,-0.0008048123695015625
2019-06-14,-0.00037803944170695,-0.00025325929584925333,-0.00040521487335880524,-0.0004725493021336875
2019-06-17,0.00056526144760765,0.0003794620791136076,0.0006071393265817721,0.0007065768095095625
2019-06-18,-0.004170628100866,-0.0028002181465923252,-0.00448034903454772,-0.005213285126082499
2019-06-19,-0.00056476109826915,-0.0003781747583929888,-0.000605079613428782,-0.0007059513728364375
2019-06-20,-0.0020885528833385,-0.0013984867489367629,-0.0022375787982988203,-0.002610691104173125
2019-06-21,-0.0006974275112622,-0.00046870567796291474,-0.0007499290847406635,-0.0008717843890777501
2019-06-24,-0.0016266971858111,-0.001093439327074583,-0.0017495029233193329,-0.002033371482263875
2019-06-25,0.00652590688291945,0.004400513134239064,0.007040821014782502,0.008157383603649312
2019-06-26,-0.0005,-0.0003324811361672964,-0.0005319698178676742,-0.000625
2019-06-27,0.0,0.0,0.0,0.0
2019-06-28,0.0,0.0,0.0,0.0
2019-07-01,0.0,0.0,0.0,0.0
2019-07-02,0.0,0.0,0.0,0.0
2019-07-03,0.0,0.0,0.0,0.0
2019-07-05,0.0,0.0,0.0,0.0
2019-07-08,0.0,0.0,0.0,0.0
2019-07-09,0.0,0.0,0.0,0.0
2019-07-10,0.0,0.0,0.0,0.0
2019-07-11,0.0,0.0,0.0,0.0
2019-07-12,0.0,0.0,0.0,0.0
2019-07-15,0.0,0.0,0.0,0.0
2019-07-16,0.0,0.0,0.0,0.0
2019-07-17,0.0,0.0,0.0,0.0
2019-07-18,0.0,0.0,0.0,0.0
2019-07-19,0.0,0.0,0.0,0.0
2019-07-22,0.0,0.0,0.0,0.0
2019-07-23,0.0,0.0,0.0,0.0
2019-07-24,0.0,0.0,0.0,0.0
2019-07-25,0.0,0.0,0.0,0.0
2019-07-26,0.0,0.0,0.0,0.0
2019-07-29,0.0,0.0,0.0,0.0
2019-07-30,0.0,0.0,0.0,0.0
2019-07-31,0.0,0.0,0.0,0.0
2019-08-01,0.0,0.0,0.0,0.0
2019-08-02,0.0,0.0,0.0,0.0
2019-08-05,0.0,0.0,0.0,0.0
2019-08-06,0.0001236365143167,0.000154545642895875,0.000154545642895875,0.000154545642895875
2019-08-07,0.000194314606919,0.00024289325864875,0.00024289325864875,0.00024289325864875
2019-08-08,0.0006347253370556,0.0007934066713195,0.0007934066713195,0.0007934066713195
2019-08-09,-0.00045870684861825,-0.0005733835607728125,-0.0005733835607728125,-0.0005733835607728125
2019-08-12,-0.0003826117802033,-0.00047826472525412504,-0.00047826472525412504,-0.00047826472525412504
2019-08-13,0.0007268387512699,0.000908548439087375,0.000908548439087375,0.000908548439087375
2019-08-14,-0.000137711013529,-0.00017213876691124998,-0.00017213876691124998,-0.00017213876691124998
2019-08-15,-0.00016390782102685,-0.0002048847762835625,-0.0002048847762835625,-0.0002048847762835625
2019-08-16,0.0006961095548675,0.000870136943584375,0.000870136943584375,0.000870136943584375
2019-08-19,-0.00021463252724945,-0.00026829065906181247,-0.00026829065906181247,-0.00026829065906181247
2019-08-20,0.00069499139650895,0.0008687392456361875,0.0008687392456361875,0.0008687392456361875
2019-08-21,0.0006933711176769,0.0008667138970961251,0.0008667138970961251,0.0008667138970961251
2019-08-22,0.00022285456995745,0.0002785682124468125,0.0002785682124468125,0.0002785682124468125
2019-08-23,-0.00026030660051225,-0.0003253832506403125,-0.0003253832506403125,-0.0003253832506403125
2019-08-26,-0.00035307777568035,-0.0004413472196004375,-0.0004413472196004375,-0.0004413472196004375
2019-08-27,-0.0008352154672163501,-0.0010440193340204376,-0.0010440193340204376,-0.0010440193340204376
2019-08-28,0.0013997031543496999,0.001749628942937125,0.001749628942937125,0.001749628942937125
2019-08-29,0.00507100072474345,0.006338750905929313,0.006338750905929313,0.006338750905929313
2019-08-30,0.0029366252677961004,0.0036707815847451253,0.0036707815847451253,0.0036707815847451253
2019-09-03,-0.00513559428923265,-0.006419492861540813,-0.006419492861540813,-0.006419492861540813
2019-09-04,0.00139753790455015,0.0017469223806876875,0.0017469223806876875,0.0017469223806876875
2019-09-05,0.0038975314711901,0.004871914338987625,0.004871914338987625,0.004871914338987625
2019-09-06,0.0016784834950141945,0.0020981043687677433,0.0020981043687677433,0.0020981043687677433
2019-09-09,0.0043314108607692,0.0054142635759615,0.0054142635759615,0.0054142635759615
2019-09-10,-0.0019497897089057,-0.0024372371361321248,-0.0024372371361321248,-0.0024372371361321248
2019-09-11,-0.00046645096626579994,-0.0005830637078322499,-0.0005830637078322499,-0.0005830637078322499
2019-09-12,0.00184843413542555,0.0023105426692819377,0.0023105426692819377,0.0023105426692819377
2019-09-13,0.00100695444060485,0.0012586930507560625,0.0012586930507560625,0.0012586930507560625
2019-09-16,-0.0015368939755140499,-0.0019211174693925623,-0.0019211174693925623,-0.0019211174693925623
2019-09-17,-0.0021134835279322,-0.00264185440991525,-0.00264185440991525,-0.00264185440991525
2019-09-18,0.00138478797658705,0.0017309849707338124,0.0017309849707338124,0.0017309849707338124
2019-09-19,-0.00522301497547,-0.0065287687193375,-0.0065287687193375,-0.0065287687193375
2019-09-20,-0.0024557791611279,-0.0030697239514098753,-0.0030697239514098753,-0.0030697239514098753
2019-09-23,-0.0016996583578688,-0.002124572947336,-0.002124572947336,-0.002124572947336
2019-09-24,-0.0005,-0.000625,-0.000625,-0.000625
2019-09-25,-0.00063674839060275,-0.0007959354882534376,-0.0007959354882534376,-0.0007959354882534376
2019-09-26,-0.0012035628864128,-0.001504453608016,-0.001504453608016,-0.001504453608016
2019-09-27,0.0001970000135344,0.000246250016918,0.000246250016918,0.000246250016918
2019-09-30,-0.00022172090546395,-0.0002771511318299375,-0.0002771511318299375,-0.0002771511318299375
2019-10-01,0.0002586433906373,0.000323304238296625,0.000323304238296625,0.000323304238296625
2019-10-02,0.00033851233171215,0.0004231404146401875,0.0004231404146401875,0.0004231404146401875
2019-10-03,-0.0002811553035632,-0.00035144412945400006,-0.00035144412945400006,-0.00035144412945400006
2019-10-04,0.0,0.0,0.0,0.0
2019-10-07,0.0,0.0,0.0,0.0
2019-10-08,0.0,0.0,0.0,0.0
2019-10-09,0.0,0.0,0.0,0.0
2019-10-10,0.0,0.0,0.0,0.0
2019-10-11,0.0,0.0,0.0,0.0
2019-10-14,0.0,0.0,0.0,0.0
2019-10-15,0.0,0.0,0.0,0.0
2019-10-16,0.0,0.0,0.0,0.0
2019-10-17,0.0,0.0,0.0,0.0
2019-10-18,0.00012619280032205,0.00015774100040256248,0.00015774100040256248,0.00015774100040256248
2019-10-21,-0.00014638295679745498,-0.00018297869599681873,-0.00018297869599681873,-0.00018297869599681873
2019-10-22,-0.0004411796508440299,-0.0005514745635550374,-0.0005514745635550374,-0.0005514745635550374
2019-10-23,-0.000253385162103745,-0.00031673145262968124,-0.00031673145262968124,-0.00031673145262968124
2019-10-24,0.00026597923327219996,0.00033247404159024994,0.00033247404159024994,0.00033247404159024994
2019-10-25,0.00023224506199275496,0.0002903063274909437,0.0002903063274909437,0.0002903063274909437
2019-10-28,-5.3956040748644994e-05,-6.744505093580625e-05,-6.744505093580625e-05,-6.744505093580625e-05
2019-10-29,0.0021171258744080435,0.0026464073430100543,0.0026464073430100543,0.0026464073430100543
2019-10-30,0.0006784138678088823,0.0008480173347611028,0.0008480173347611028,0.0008480173347611028
2019-10-31,-0.00013123305195009708,-0.00016404131493762136,-0.00016404131493762136,-0.00016404131493762136
2019-11-01,-0.0007267968647300951,-0.0009084960809126188,-0.0009084960809126188,-0.0009084960809126188
2019-11-04,-0.000647789799865156,-0.000809737249831445,-0.000809737249831445,-0.000809737249831445
2019-11-05,-0.00028661961615118997,-0.0003582745201889875,-0.0003582745201889875,-0.0003582745201889875
2019-11-06,0.00037697816082857,0.00047122270103571254,0.00047122270103571254,0.00047122270103571254
2019-11-07,0.00052053199348864,0.0006506649918607999,0.0006506649918607999,0.0006506649918607999
2019-11-08,0.0013108850414438836,0.0016386063018048545,0.0016386063018048545,0.0016386063018048545
2019-11-11,0.0005619872278963946,0.0007024840348704932,0.0007024840348704932,0.0007024840348704932
2019-11-12,-0.00026552967250783097,-0.0003319120906347887,-0.0003319120906347887,-0.0003319120906347887
2019-11-13,0.00028202803639888497,0.0003525350454986062,0.0003525350454986062,0.0003525350454986062
2019-11-14,-0.00035,-0.0004375,-0.0004375,-0.0004375
2019-11-15,0.0,0.0,0.0,0.0
2019-11-18,0.0016318810044662986,0.002039851255582873,0.002039851255582873,0.002039851255582873
2019-11-19,-0.00019821192762491097,-0.0002477649095311387,-0.0002477649095311387,-0.0002477649095311387
2019-11-20,0.0,0.0,0.0,0.0
2019-11-21,3.449756390974035e-05,4.312195488717543e-05,4.312195488717543e-05,4.312195488717543e-05
2019-11-22,-0.0007380745354834961,-0.0009225931693543701,-0.0009225931693543701,-0.0009225931693543701
2019-11-25,0.0004093951333615907,0.0005117439167019883,0.0005117439167019883,0.0005117439167019883
2019-11-26,0.0006253494349088748,0.0007816867936360936,0.0007816867936360936,0.0007816867936360936
2019-11-27,0.0014596793614461622,0.0018245992018077028,0.0018245992018077028,0.0018245992018077028
2019-11-29,-0.0016886124055352858,-0.002110765506919107,-0.002110765506919107,-0.002110765506919107
2019-12-02,-0.001963151060528629,-0.0024539388256607864,-0.0024539388256607864,-0.0024539388256607864
2019-12-03,-0.0019306769236595042,-0.0024133461545743804,-0.0024133461545743804,-0.0024133461545743804
2019-12-04,0.000989222997876301,0.0012365287473453763,0.0012365287473453763,0.0012365287473453763
2019-12-05,-0.002918015651459717,-0.003647519564324646,-0.003647519564324646,-0.003647519564324646
2019-12-06,0.0005291872593385682,0.0006614840741732103,0.0006614840741732103,0.0006614840741732103
2019-12-09,0.00024161274979247343,0.00030201593724059176,0.00030201593724059176,0.00030201593724059176
2019-12-10,-0.0007478568293425243,-0.0009348210366781554,-0.0009348210366781554,-0.0009348210366781554
2019-12-11,-0.002712207017589537,-0.003390258771986921,-0.003390258771986921,-0.003390258771986921
2019-12-12,-0.0014135967630627224,-0.001766995953828403,-0.001766995953828403,-0.001766995953828403
2019-12-13,0.0014659412899911855,0.001832426612488982,0.001832426612488982,0.001832426612488982
2019-12-16,0.002407437931570961,0.0030092974144637014,0.0030092974144637014,0.0030092974144637014
2019-12-17,0.0020197661950869194,0.0025247077438586493,0.0025247077438586493,0.0025247077438586493
2019-12-18,-0.0012039292489005745,-0.0015049115611257182,-0.0015049115611257182,-0.0015049115611257182
2019-12-19,0.0014672472612596381,0.0018340590765745478,0.0018340590765745478,0.0018340590765745478
2019-12-20,7.956443444545234e-07,9.945554305681542e-07,9.945554305681542e-07,9.945554305681542e-07
2019-12-23,-0.00115011069378726,-0.001437638367234075,-0.001437638367234075,-0.001437638367234075
2019-12-24,0.0009704742310046868,0.0012130927887558584,0.0012130927887558584,0.0012130927887558584
2019-12-26,-0.0008954880786479572,-0.0011193600983099466,-0.0011193600983099466,-0.0011193600983099466
2019-12-27,-0.0008006837479054049,-0.0010008546848817561,-0.0010008546848817561,-0.0010008546848817561
2019-12-30,-1.6039265666174362e-05,-2.0049082082717953e-05,-2.0049082082717953e-05,-2.0049082082717953e-05
2019-12-31,2.8238581727303043e-05,3.52982271591288e-05,3.52982271591288e-05,3.52982271591288e-05
2020-01-02,0.0001739265526488963,0.00021740819081112037,0.00021740819081112037,0.00021740819081112037
2020-01-03,-3.358037419423098e-05,-4.1975467742788726e-05,-4.1975467742788726e-05,-4.1975467742788726e-05
2020-01-06,0.0,0.0,0.0,0.0
2020-01-07,0.00405911834263,0.002220698059087651,0.003553116894540241,0.004441396118175302
2020-01-08,-0.0131030370212085,-0.007296600056112176,-0.011674560089779481,-0.014593200112224352
2020-01-09,-0.003160762301966,-0.0016822256427460316,-0.00269156102839365,-0.0033644512854920632
2020-01-10,0.0089018177571092,0.004722229573006069,0.00755556731680971,0.009444459146012139
2020-01-13,-0.0018445968215731,-0.0009922587846168537,-0.0015876140553869658,-0.0019845175692337074
2020-01-14,0.0087869443410779,0.00499331538168573,0.007989304610697167,0.00998663076337146
2020-01-15,-0.0110403592416155,-0.0061636230819246554,-0.009861796931079449,-0.012327246163849311
2020-01-16,0.0003394502342625,0.0001882642204893951,0.00030122275278303217,0.0003765284409787902
2020-01-17,-0.0190232886021637,-0.01055573071124529,-0.016889169137992464,-0.02111146142249058
2020-01-21,0.000174568965429,8.921813235280494e-05,0.0001427490117644879,0.00017843626470560989
2020-01-22,-0.0065849630573607,-0.0033702775569048296,-0.005392444091047727,-0.006740555113809659
2020-01-23,-0.0019511655349618,-0.001002386836886002,-0.0016038189390176032,-0.002004773673772004
2020-01-24,0.0134465171928973,0.007012677185901587,0.011220283497442538,0.014025354371803174
2020-01-27,0.0058594686375558,0.0029431767089868627,0.00470908273437898,0.0058863534179737255
2020-01-28,-0.0097044977172152,-0.004845193164853608,-0.007752309063765771,-0.009690386329707215
2020-01-29,0.002486936737449,0.0012329721948403766,0.0019727555117446025,0.0024659443896807532
2020-01-30,0.0053075584559618,0.0026282329846399055,0.0042051727754238485,0.005256465969279811
2020-01-31,0.0152544908828593,0.0076934776038300534,0.012309564166128084,0.015386955207660107
2020-02-03,-0.0028414542959997,-0.0014124619380262936,-0.0022599391008420694,-0.0028249238760525873
2020-02-04,-0.001,-0.0004981496850196058,-0.0007970394960313692,-0.0009962993700392117
2020-02-05,0.0,0.0,0.0,0.0
2020-02-06,0.0022393232244791,0.0011308844276347405,0.0018094150842155848,0.002261768855269481
2020-02-07,0.0010820693096413,0.0005496189934134813,0.0008793903894615701,0.0010992379868269627
2020-02-10,0.0043206445965203,0.0021947703547301775,0.003511632567568284,0.004389540709460355
2020-02-11,-0.0122820200560356,-0.006217039209019728,-0.009947262734431564,-0.012434078418039457
2020-02-12,-0.01005494973886,-0.004936484753059997,-0.007898375604895995,-0.009872969506119994
2020-02-13,0.0019398697673026,0.0009345412979114832,0.001495266076658373,0.0018690825958229665
2020-02-14,-0.0071280787786625,-0.00344525645944352,-0.0055124103351096325,-0.00689051291888704
2020-02-18,0.0171473731517142,0.00838278966813344,0.013412463469013505,0.01676557933626688
2020-02-19,-0.0021548546591732,-0.001003315523512746,-0.0016053048376203935,-0.002006631047025492
2020-02-20,-0.0180332808386863,-0.008394658066850795,-0.013431452906961272,-0.01678931613370159
2020-02-21,0.0053361199979351,0.0023562608827411165,0.003770017412385786,0.004712521765482233
2020-02-24,0.0085339559845963,0.0038083553794516145,0.006093368607122582,0.007616710758903229
2020-02-25,0.0233889548689956,0.010354217703379756,0.016566748325407613,0.020708435406759512
2020-02-26,0.0316844891904414,0.0130518637228327,0.02088298195653232,0.0261037274456654
2020-02-27,-0.001,-0.00036926379035240195,-0.0005908220645638431,-0.0007385275807048039
2020-02-28,0.0,0.0,0.0,0.0
2020-03-02,0.0,0.0,0.0,0.0
2020-03-03,-0.0111786862238962,-0.004156434540063676,-0.0066502952641018815,-0.008312869080127351
2020-03-04,0.028943559988493,0.010632016105650198,0.017011225769040315,0.021264032211300396
2020-03-05,-0.0349179651209822,-0.011879114816777905,-0.019006583706844646,-0.02375822963355581
2020-03-06,-0.0156711737818635,-0.004835801697990934,-0.0077372827167854945,-0.009671603395981868
2020-03-09,-0.076283343731112,-0.023156811599551245,-0.037050898559281994,-0.04631362319910249
2020-03-10,-0.001,-0.0002236572809343611,-0.0003578516494949778,-0.0004473145618687222
2020-03-11,-0.0309747177065309,-0.00692969770480055,-0.01108751632768088,-0.0138593954096011
2020-03-12,-0.001,-0.00021662439249772633,-0.0003465990279963622,-0.00043324878499545266
2020-03-13,0.0,0.0,0.0,0.0
2020-03-16,0.0,0.0,0.0,0.0
2020-03-17,0.0,0.0,0.0,0.0
2020-03-18,0.0,0.0,0.0,0.0
2020-03-19,0.0,0.0,0.0,0.0
2020-03-20,0.0,0.0,0.0,0.0
2020-03-23,0.0,0.0,0.0,0.0
2020-03-24,0.0,0.0,0.0,0.0
2020-03-25,0.0,0.0,0.0,0.0
2020-03-26,0.0,0.0,0.0,0.0
2020-03-27,0.0,0.0,0.0,0.0
2020-03-30,0.0,0.0,0.0,0.0
2020-03-31,0.0,0.0,0.0,0.0
2020-04-01,0.0,0.0,0.0,0.0
2020-04-02,0.0,0.0,0.0,0.0
2020-04-03,0.0,0.0,0.0,0.0
2020-04-06,0.0,0.0,0.0,0.0
2020-04-07,0.0,0.0,0.0,0.0
2020-04-08,0.0,0.0,0.0,0.0
2020-04-09,0.0,0.0,0.0,0.0
2020-04-13,0.0,0.0,0.0,0.0
2020-04-14,0.0,0.0,0.0,0.0
2020-04-15,0.0,0.0,0.0,0.0
2020-04-16,0.0,0.0,0.0,0.0
2020-04-17,0.0,0.0,0.0,0.0
2020-04-20,0.0,0.0,0.0,0.0
2020-04-21,0.0,0.0,0.0,0.0
2020-04-22,0.0,0.0,0.0,0.0
2020-04-23,0.0,0.0,0.0,0.0
2020-04-24,0.0,0.0,0.0,0.0
2020-04-27,0.0,0.0,0.0,0.0
2020-04-28,0.0,0.0,0.0,0.0
2020-04-29,0.0,0.0,0.0,0.0
2020-04-30,0.0,0.0,0.0,0.0
2020-05-01,0.0,0.0,0.0,0.0
2020-05-04,0.0,0.0,0.0,0.0
2020-05-05,0.0,0.0,0.0,0.0
2020-05-06,0.0,0.0,0.0,0.0
2020-05-07,0.0,0.0,0.0,0.0
2020-05-08,0.0,0.0,0.0,0.0
2020-05-11,0.0,0.0,0.0,0.0
2020-05-12,0.0,0.0,0.0,0.0
2020-05-13,0.0,0.0,0.0,0.0
2020-05-14,0.0,0.0,0.0,0.0
2020-05-15,0.0,0.0,0.0,0.0
2020-05-18,0.0,0.0,0.0,0.0
2020-05-19,0.0,0.0,0.0,0.0
2020-05-20,0.0,0.0,0.0,0.0
2020-05-21,0.0,0.0,0.0,0.0
2020-05-22,0.0,0.0,0.0,0.0
2020-05-26,0.0,0.0,0.0,0.0
2020-05-27,0.0,0.0,0.0,0.0
2020-05-28,0.0,0.0,0.0,0.0
2020-05-29,0.0,0.0,0.0,0.0
2020-06-01,0.0,0.0,0.0,0.0
2020-06-02,0.0,0.0,0.0,0.0
2020-06-03,0.0,0.0,0.0,0.0
2020-06-04,0.0,0.0,0.0,0.0
2020-06-05,0.0,0.0,0.0,0.0
2020-06-08,0.0,0.0,0.0,0.0
2020-06-09,0.0,0.0,0.0,0.0
2020-06-10,0.0,0.0,0.0,0.0
2020-06-11,0.0,0.0,0.0,0.0
2020-06-12,-0.0058029610867374,-0.002376018068227364,-0.0038016289091637825,-0.004752036136454728
2020-06-15,-0.02385539264682,-0.009712280626173563,-0.0155396490018777,-0.019424561252347126
2020-06-16,0.0213197861527366,0.00806733449545033,0.012907735192720529,0.01613466899090066
2020-06-17,-0.001,-0.0005540602662563683,-0.0008864964260101893,-0.0011081205325127366
2020-06-18,0.0,0.0,0.0,0.0
2020-06-19,0.0,0.0,0.0,0.0
2020-06-22,0.0,0.0,0.0,0.0
2020-06-23,0.0,0.0,0.0,0.0
2020-06-24,0.0,0.0,0.0,0.0
2020-06-25,0.0,0.0,0.0,0.0
2020-06-26,0.0,0.0,0.0,0.0
2020-06-29,0.0,0.0,0.0,0.0
2020-06-30,0.0,0.0,0.0,0.0
2020-07-01,0.0,0.0,0.0,0.0
2020-07-02,0.0,0.0,0.0,0.0
2020-07-06,0.0,0.0,0.0,0.0
2020-07-07,0.0,0.0,0.0,0.0
2020-07-08,0.0,0.0,0.0,0.0
2020-07-09,-0.0005665889161881367,-0.0007082361452351708,-0.0007082361452351708,-0.0007082361452351708
2020-07-10,-0.0006886108238158119,-0.0008607635297697648,-0.0008607635297697648,-0.0008607635297697648
2020-07-13,-0.00018461721516276639,-0.00023077151895345798,-0.00023077151895345798,-0.00023077151895345798
2020-07-14,0.0001323563810333255,0.00016544547629165687,0.00016544547629165687,0.00016544547629165687
2020-07-15,0.0003848348893605134,0.00048104361170064175,0.00048104361170064175,0.00048104361170064175
2020-07-16,-0.0005203292194417057,-0.0006504115243021321,-0.0006504115243021321,-0.0006504115243021321
2020-07-17,0.00037906094894005264,0.0004738261861750658,0.0004738261861750658,0.0004738261861750658
2020-07-20,-0.00032392846908968,-0.0004049105863621,-0.0004049105863621,-0.0004049105863621
2020-07-21,-3.130625230693197e-05,-3.9132815383664956e-05,-3.9132815383664956e-05,-3.9132815383664956e-05
2020-07-22,0.0003716762553681373,0.00046459531921017163,0.00046459531921017163,0.00046459531921017163
2020-07-23,-0.00018139208351317565,-0.00022674010439146955,-0.00022674010439146955,-0.00022674010439146955
2020-07-24,-0.00014197120744695812,-0.00017746400930869765,-0.00017746400930869765,-0.00017746400930869765
2020-07-27,-0.00012701510859621448,-0.0001587688857452681,-0.0001587688857452681,-0.0001587688857452681
2020-07-28,-3.4596678027571024e-05,-4.324584753446378e-05,-4.324584753446378e-05,-4.324584753446378e-05
2020-07-29,0.00029311508843335557,0.00036639386054169445,0.00036639386054169445,0.00036639386054169445
2020-07-30,-0.0008541929875342368,-0.001067741234417796,-0.001067741234417796,-0.001067741234417796
2020-07-31,0.0001490117542092627,0.00018626469276157836,0.00018626469276157836,0.00018626469276157836
2020-08-03,0.0014608819383726105,0.0018261024229657631,0.0018261024229657631,0.0018261024229657631
2020-08-04,-0.00039349033306360136,-0.0004918629163295017,-0.0004918629163295017,-0.0004918629163295017
2020-08-05,-2.6849535835450432e-05,-3.356191979431304e-05,-3.356191979431304e-05,-3.356191979431304e-05
2020-08-06,3.376155493845316e-05,4.2201943673066445e-05,4.2201943673066445e-05,4.2201943673066445e-05
2020-08-07,1.2927697433314229e-05,1.6159621791642787e-05,1.6159621791642787e-05,1.6159621791642787e-05
2020-08-10,-0.00031764499599880585,-0.0003970562449985073,-0.0003970562449985073,-0.0003970562449985073
2020-08-11,-0.00010005094875804128,-0.0001250636859475516,-0.0001250636859475516,-0.0001250636859475516
2020-08-12,0.0007666704431779303,0.0009583380539724129,0.0009583380539724129,0.0009583380539724129
2020-08-13,6.542574270057363e-05,8.178217837571703e-05,8.178217837571703e-05,8.178217837571703e-05
2020-08-14,2.3793259768812073e-05,2.974157471101509e-05,2.974157471101509e-05,2.974157471101509e-05
2020-08-17,0.00023516029036197133,0.00029395036295246416,0.00029395036295246416,0.00029395036295246416
2020-08-18,0.0005618402345593048,0.000702300293199131,0.000702300293199131,0.000702300293199131
2020-08-19,-0.00014094445560097887,-0.0001761805695012236,-0.0001761805695012236,-0.0001761805695012236
2020-08-20,1.0895021534949601e-05,1.3618776918687002e-05,1.3618776918687002e-05,1.3618776918687002e-05
2020-08-21,-0.00047918704543426996,-0.0005989838067928375,-0.0005989838067928375,-0.0005989838067928375
2020-08-24,-0.0001437900424890041,-0.0001797375531112551,-0.0001797375531112551,-0.0001797375531112551
2020-08-25,-0.00016910899507968495,-0.00021138624384960618,-0.00021138624384960618,-0.00021138624384960618
2020-08-26,-0.0002616573960645204,-0.0003270717450806505,-0.0003270717450806505,-0.0003270717450806505
2020-08-27,-0.00039694325524828054,-0.0004961790690603507,-0.0004961790690603507,-0.0004961790690603507
2020-08-28,-0.0005091798670965996,-0.0006364748338707495,-0.0006364748338707495,-0.0006364748338707495
2020-08-31,0.00048411536114051454,0.0006051442014256432,0.0006051442014256432,0.0006051442014256432
2020-09-01,-6.075587860341174e-05,-7.594484825426467e-05,-7.594484825426467e-05,-7.594484825426467e-05
2020-09-02,0.0004559899036590204,0.0005699873795737755,0.0005699873795737755,0.0005699873795737755
2020-09-03,0.0005280932942735121,0.0006601166178418902,0.0006601166178418902,0.0006601166178418902
2020-09-04,-0.00023289835423699463,-0.0002911229427962433,-0.0002911229427962433,-0.0002911229427962433
2020-09-08,-0.00013962575345623137,-0.00017453219182028923,-0.00017453219182028923,-0.00017453219182028923
2020-09-09,1.3290220195975782e-05,1.6612775244969727e-05,1.6612775244969727e-05,1.6612775244969727e-05
2020-09-10,-0.00031485154518118177,-0.0003935644314764772,-0.0003935644314764772,-0.0003935644314764772
2020-09-11,-0.0001493644958703694,-0.00018670561983796176,-0.00018670561983796176,-0.00018670561983796176
2020-09-14,0.0003351208087519586,0.0004189010109399482,0.0004189010109399482,0.0004189010109399482
2020-09-15,-0.00012373650167711507,-0.00015467062709639384,-0.00015467062709639384,-0.00015467062709639384
2020-09-16,3.913708629035661e-05,4.892135786294576e-05,4.892135786294576e-05,4.892135786294576e-05
2020-09-17,0.00016422159405616747,0.00020527699257020935,0.00020527699257020935,0.00020527699257020935
2020-09-18,2.099495803601178e-05,2.6243697545014723e-05,2.6243697545014723e-05,2.6243697545014723e-05
2020-09-21,0.0004018581780417571,0.0005023227225521964,0.0005023227225521964,0.0005023227225521964
2020-09-22,-0.0002667060066298479,-0.0003333825082873099,-0.0003333825082873099,-0.0003333825082873099
2020-09-23,-0.00045878073864392564,-0.0005734759233049071,-0.0005734759233049071,-0.0005734759233049071
2020-09-24,0.00026021488598721435,0.0003252686074840179,0.0003252686074840179,0.0003252686074840179
2020-09-25,9.299568136418163e-05,0.00011624460170522703,0.00011624460170522703,0.00011624460170522703
2020-09-28,9.36615242684827e-05,0.00011707690533560336,0.00011707690533560336,0.00011707690533560336
2020-09-29,3.249264272581125e-05,4.0615803407264066e-05,4.0615803407264066e-05,4.0615803407264066e-05
2020-09-30,-0.0003095243443540246,-0.0003869054304425308,-0.0003869054304425308,-0.0003869054304425308
2020-10-01,0.0001878704422960194,0.00023483805287002424,0.00023483805287002424,0.00023483805287002424
2020-10-02,0.0001055956435066383,0.00013199455438329786,0.00013199455438329786,0.00013199455438329786
2020-10-05,0.0,0.0,0.0,0.0
2020-10-06,0.0,0.0,0.0,0.0
2020-10-07,-0.000426877311174755,-0.0005335966389684438,-0.0005335966389684438,-0.0005335966389684438
2020-10-08,-8.4977508735595e-05,-0.00010622188591949376,-0.00010622188591949376,-0.00010622188591949376
2020-10-09,0.00010737158967765999,0.00013421448709707498,0.00013421448709707498,0.00013421448709707498
2020-10-12,0.00043605913463923995,0.00054507391829905,0.00054507391829905,0.00054507391829905
2020-10-13,0.00030888522006643,0.0003861065250830375,0.0003861065250830375,0.0003861065250830375
2020-10-14,-0.00049609837531548,-0.00062012296914435,-0.00062012296914435,-0.00062012296914435
2020-10-15,-0.00038247146121765,-0.00047808932652206254,-0.00047808932652206254,-0.00047808932652206254
2020-10-16,-0.000332840455004155,-0.00041605056875519377,-0.00041605056875519377,-0.00041605056875519377
2020-10-19,-0.00030492937362376995,-0.00038116171702971244,-0.00038116171702971244,-0.00038116171702971244
2020-10-20,-6.906744833299499e-05,-8.633431041624374e-05,-8.633431041624374e-05,-8.633431041624374e-05
2020-10-21,0.000315646240584535,0.00039455780073066875,0.00039455780073066875,0.00039455780073066875
2020-10-22,0.0004130652876679,0.000516331609584875,0.000516331609584875,0.000516331609584875
2020-10-23,-6.792289364259e-05,-8.49036170532375e-05,-8.49036170532375e-05,-8.49036170532375e-05
2020-10-26,0.0009392770597163449,0.001174096324645431,0.001174096324645431,0.001174096324645431
2020-10-27,-0.00035,-0.0004375,-0.0004375,-0.0004375
2020-10-28,-0.0010534749134210597,-0.0013168436417763246,-0.0013168436417763246,-0.0013168436417763246
2020-10-29,-0.0003886974786312249,-0.0004858718482890311,-0.0004858718482890311,-0.0004858718482890311
2020-10-30,0.0004731702416210989,0.0005914628020263737,0.0005914628020263737,0.0005914628020263737
2020-11-02,0.00014930595893904316,0.00018663244867380395,0.00018663244867380395,0.00018663244867380395
2020-11-03,0.0023087820164999075,0.0028859775206248844,0.0028859775206248844,0.0028859775206248844
2020-11-04,-0.0017248599515875345,-0.0021560749394844182,-0.0021560749394844182,-0.0021560749394844182
2020-11-05,0.0010329214800390953,0.0012911518500488691,0.0012911518500488691,0.0012911518500488691
2020-11-06,0.0005463982098044313,0.0006829977622555391,0.0006829977622555391,0.0006829977622555391
2020-11-09,0.004051589753133519,0.005064487191416898,0.005064487191416898,0.005064487191416898
2020-11-10,0.0016899360042336932,0.0021124200052921164,0.0021124200052921164,0.0021124200052921164
2020-11-11,-0.00019504441719253186,-0.00024380552149066482,-0.00024380552149066482,-0.00024380552149066482
2020-11-12,0.0006469140325012666,0.0008086425406265833,0.0008086425406265833,0.0008086425406265833
2020-11-13,-0.00022422427892597444,-0.00028028034865746807,-0.00028028034865746807,-0.00028028034865746807
2020-11-16,-0.00023136905983674167,-0.00028921132479592707,-0.00028921132479592707,-0.00028921132479592707
2020-11-17,-4.5419094243938134e-05,-5.677386780492267e-05,-5.677386780492267e-05,-5.677386780492267e-05
2020-11-18,0.00024713281383154036,0.00030891601728942543,0.00030891601728942543,0.00030891601728942543
2020-11-19,-0.00048624135085532005,-0.0006078016885691501,-0.0006078016885691501,-0.0006078016885691501
2020-11-20,0.0001493599117056208,0.000186699889632026,0.000186699889632026,0.000186699889632026
2020-11-23,0.00016940009581816143,0.0002117501197727018,0.0002117501197727018,0.0002117501197727018
2020-11-24,-0.000462852023185913,-0.0005785650289823913,-0.0005785650289823913,-0.0005785650289823913
2020-11-25,-0.00030139464858472696,-0.0003767433107309087,-0.0003767433107309087,-0.0003767433107309087
2020-11-27,-0.00026820369890352593,-0.00033525462362940745,-0.00033525462362940745,-0.00033525462362940745
2020-11-30,0.0004840670231361138,0.0006050837789201423,0.0006050837789201423,0.0006050837789201423
2020-12-01,-0.0009429495325239355,-0.0011786869156549195,-0.0011786869156549195,-0.0011786869156549195
2020-12-02,-0.0001367044641866654,-0.00017088058023333175,-0.00017088058023333175,-0.00017088058023333175
2020-12-03,0.0005241684268228624,0.000655210533528578,0.000655210533528578,0.000655210533528578
2020-12-04,0.0006500460038735104,0.000812557504841888,0.000812557504841888,0.000812557504841888
2020-12-07,0.0004109834915017384,0.0005137293643771731,0.0005137293643771731,0.0005137293643771731
2020-12-08,-0.00021256466017771444,-0.00026570582522214304,-0.00026570582522214304,-0.00026570582522214304
2020-12-09,-0.0009166124433520038,-0.0011457655541900046,-0.0011457655541900046,-0.0011457655541900046
2020-12-10,0.0009402482454982119,0.0011753103068727648,0.0011753103068727648,0.0011753103068727648
2020-12-11,-0.00027789713834673076,-0.00034737142293341346,-0.00034737142293341346,-0.00034737142293341346
2020-12-14,-0.0004922724572754596,-0.0006153405715943244,-0.0006153405715943244,-0.0006153405715943244
2020-12-15,-0.00017039266447277244,-0.00021299083059096556,-0.00021299083059096556,-0.00021299083059096556
2020-12-16,7.377158628938951e-05,9.221448286173689e-05,9.221448286173689e-05,9.221448286173689e-05
2020-12-17,-9.911233290042185e-05,-0.0001238904161255273,-0.0001238904161255273,-0.0001238904161255273
2020-12-18,0.0005103504974464972,0.0006379381218081215,0.0006379381218081215,0.0006379381218081215
2020-12-21,-0.00035899035278357005,-0.0004487379409794626,-0.0004487379409794626,-0.0004487379409794626
2020-12-22,-0.002022367726193506,-0.0025279596577418824,-0.0025279596577418824,-0.0025279596577418824
2020-12-23,-0.000538121160425626,-0.0006726514505320325,-0.0006726514505320325,-0.0006726514505320325
2020-12-24,-0.00036561299025749186,-0.0004570162378218648,-0.0004570162378218648,-0.0004570162378218648
2020-12-28,-0.00010945908137213002,-0.00013682385171516254,-0.00013682385171516254,-0.00013682385171516254
2020-12-29,0.001109289472041905,0.0013866118400523812,0.0013866118400523812,0.0013866118400523812
2020-12-30,-0.00018562139736777,-0.00023202674670971249,-0.00023202674670971249,-0.00023202674670971249
2020-12-31,-0.00019260151826762,-0.00024075189783452497,-0.00024075189783452497,-0.00024075189783452497
2021-01-04,0.00014749427264495552,0.0001843678408061944,0.0001843678408061944,0.0001843678408061944
2021-01-05,0.0,0.0,0.0,0.0
2021-01-06,0.0,0.0,0.0,0.0
2021-01-07,-0.0029835922536843498,-0.002016490267962874,-0.003226384428740598,-0.003729490317105437
2021-01-08,-0.0036008493417281047,-0.0024196164745595426,-0.003871386359295268,-0.004501061677160131
2021-01-11,-0.0046535707402421645,-0.003103453919495206,-0.0049655262711923295,-0.005816963425302706
2021-01-12,-0.002349720902412716,-0.00154946530811479,-0.002479144492983664,-0.0029371511280158955
2021-01-13,0.0014258461715078827,0.0009466915149973085,0.0015147064239956936,0.0017823077143848533
2021-01-14,-0.005045617122220039,-0.0033609176056419365,-0.005377468169027099,-0.006307021402775049
2021-01-15,0.007498968816572147,0.004930416358178137,0.00788866617308502,0.009373711020715183
2021-01-19,-0.004629794647481648,-0.0030021008661315954,-0.004803361385810552,-0.00578724330935206
2021-01-20,0.005436547480473167,0.003558186876924796,0.005693099003079674,0.006795684350591459
2021-01-21,0.001241624907522434,0.0008256938926835494,0.0013211102282936792,0.0015520311344030425
2021-01-22,0.0007736960229517108,0.0005146140480115374,0.0008233824768184598,0.0009671200286896385
2021-01-25,-0.000530632098081362,-0.0003533854283880119,-0.000565416685420819,-0.0006632901226017025
2021-01-26,0.0031244090457590544,0.0020986762697183994,0.003357882031549439,0.003905511307198818
2021-01-27,-0.0027939069464325674,-0.0018754599225256723,-0.0030007358760410752,-0.003492383683040709
2021-01-28,0.008108218327705056,0.0054610944742244675,0.008737751158759147,0.01013527290963132
2021-01-29,0.0011734968344584895,0.0007795321214780075,0.0012472513943648119,0.001466871043073112
2021-02-01,0.004679100619588863,0.003114175901956371,0.004982681443130193,0.005848875774486079
2021-02-02,0.0034903374486324264,0.0023153528432933693,0.003704564549269391,0.004362921810790533
2021-02-03,0.013917951939150408,0.010388553278976104,0.01662168524636177,0.01739743992393801
2021-02-04,0.0011625474977373133,0.0008141486898591176,0.0013026379037745883,0.0014531843721716415
2021-02-05,-0.003628127379970948,-0.002546643034848869,-0.004074628855758191,-0.004535159224963685
2021-02-08,-0.0028482584389831938,-0.0020815676337082867,-0.0033305082139332585,-0.003560323048728992
2021-02-09,0.001959009154974435,0.0014300504314627858,0.002288080690340457,0.002448761443718044
2021-02-10,-0.00015278412116419176,-0.00011157216657187875,-0.00017851546651500598,-0.0001909801514552397
2021-02-11,-0.0008501044142920384,-0.0008431274692334073,-0.0010626305178650479,-0.0010626305178650479
2021-02-12,-0.0003151645777032653,-0.0003214675519488703,-0.00039395572212908166,-0.00039395572212908166
2021-02-16,0.0,0.0,0.0,0.0
2021-02-17,-0.0009226668204585066,-0.0009424777529710358,-0.0011533335255731333,-0.0011533335255731333
2021-02-18,0.0004940842535669145,0.0005038690044912929,0.0006176053169586432,0.0006176053169586432
2021-02-19,-0.00025430843171493904,-0.00025951550489774605,-0.0003178855396436738,-0.0003178855396436738
2021-02-22,-0.0016351787775707705,-0.0016703061155114898,-0.0020439734719634632,-0.0020439734719634632
2021-02-23,-0.0016986497125135332,-0.0017494417086835804,-0.0021233121406419165,-0.0021233121406419165
2021-02-24,-0.0012138683109020544,-0.0012464777699281722,-0.001517335388627568,-0.001517335388627568
2021-02-25,-0.004154568964283245,-0.004255767783624416,-0.005193211205354056,-0.005193211205354056
2021-02-26,-0.001264961027133258,-0.0012734747808794346,-0.0015812012839165725,-0.0015812012839165725
2021-03-01,0.00020343144962881743,0.00020581774885580857,0.0002542893120360218,0.0002542893120360218
2021-03-02,0.0008114240768500306,0.0008215498710824695,0.0010142800960625383,0.0010142800960625383
2021-03-03,-0.0059315051736131275,-0.006012596317974552,-0.007414381467016409,-0.007414381467016409
2021-03-04,-0.005941608882657318,-0.0058630015642710965,-0.007427011103321647,-0.007427011103321647
2021-03-05,-0.005845334932972767,-0.005614593057298792,-0.00730666866621596,-0.00730666866621596
2021-03-08,-0.00638038352084213,-0.0059700555200296,-0.007975479401052662,-0.007975479401052662
2021-03-09,0.00696235561104293,0.006343741849068725,0.008702944513803662,0.008702944513803662
2021-03-10,0.0036687403359063125,0.0032673513646880098,0.004585925419882891,0.004585925419882891
2021-03-11,0.002764174375874806,0.002442241231672449,0.0034552179698435076,0.0034552179698435076
2021-03-12,0.0023941462229366962,0.002106420551280188,0.0029926827786708704,0.0029926827786708704
2021-03-15,0.0013394070565743565,0.0011749638647502265,0.0016742588207179455,0.0016742588207179455
2021-03-16,-0.00013648977977660757,-0.00011964535672638397,-0.00017061222472075947,-0.00017061222472075947
2021-03-17,0.0,0.0,0.0,0.0
2021-03-18,0.0,0.0,0.0,0.0
2021-03-19,-0.004532136394639562,-0.00397343256211617,-0.005665170493299453,-0.005665170493299453
2021-03-22,-0.000992703219933359,-0.0008586659740899963,-0.0012408790249166988,-0.0012408790249166988
2021-03-23,0.0021874778860424588,0.0018906805501832063,0.0027343473575530733,0.0027343473575530733
2021-03-24,-0.0003151645777032653,-0.0002717291837222782,-0.00039395572212908166,-0.00039395572212908166
2021-03-25,0.0,0.0,0.0,0.0
2021-03-26,0.0,0.0,0.0,0.0
2021-03-29,-0.004040641537420145,-0.003529327011220955,-0.005050801921775181,-0.005050801921775181
2021-03-30,0.0057629696446080845,0.004988280656461872,0.007203712055760106,0.007203712055760106
2021-03-31,-0.002339270999845045,-0.001998990505532481,-0.002924088749806306,-0.002924088749806306
2021-04-01,-0.0026253371573856,-0.002241082994668596,-0.003281671446732,-0.003281671446732
2021-04-05,-0.010759415383737796,-0.009149697231595559,-0.013449269229672246,-0.013449269229672246
2021-04-06,0.00040508165259993433,0.000324024094873402,0.0005063520657499179,0.0005063520657499179
2021-04-07,0.0,0.0,0.0,0.0
2021-04-08,6.990977346536612e-05,8.738721683170765e-05,8.738721683170765e-05,8.738721683170765e-05
2021-04-09,-0.000879537337784145,-0.0010994216722301812,-0.0010994216722301812,-0.0010994216722301812
2021-04-12,1.055770007069287e-05,1.3197125088366088e-05,1.3197125088366088e-05,1.3197125088366088e-05
2021-04-13,-0.0006286954695024773,-0.0007858693368780966,-0.0007858693368780966,-0.0007858693368780966
2021-04-14,0.00031845218594448414,0.00039806523243060516,0.00039806523243060516,0.00039806523243060516
2021-04-15,-5.839444625726052e-05,-7.299305782157565e-05,-7.299305782157565e-05,-7.299305782157565e-05
2021-04-16,-0.00031218245611743683,-0.00039022807014679604,-0.00039022807014679604,-0.00039022807014679604
2021-04-19,0.00011862210902707345,0.00014827763628384182,0.00014827763628384182,0.00014827763628384182
2021-04-20,0.0009991906438252271,0.001248988304781534,0.001248988304781534,0.001248988304781534
2021-04-21,-0.00026984554168926777,-0.0003373069271115847,-0.0003373069271115847,-0.0003373069271115847
2021-04-22,0.00026267191866574316,0.00032833989833217896,0.00032833989833217896,0.00032833989833217896
2021-04-23,-4.4370226162899115e-05,-5.54627827036239e-05,-5.54627827036239e-05,-5.54627827036239e-05
2021-04-26,-0.00021012655066481536,-0.0002626581883310192,-0.0002626581883310192,-0.0002626581883310192
2021-04-27,0.00031699061993593376,0.0003962382749199172,0.0003962382749199172,0.0003962382749199172
2021-04-28,0.00024744992982708155,0.0003093124122838519,0.0003093124122838519,0.0003093124122838519
2021-04-29,-0.0003471443830753286,-0.00043393047884416073,-0.00043393047884416073,-0.00043393047884416073
2021-04-30,0.000559264066555132,0.000699080083193915,0.000699080083193915,0.000699080083193915
2021-05-03,-0.0013639402094100276,-0.0017049252617625345,-0.0017049252617625345,-0.0017049252617625345
2021-05-04,0.00032784386524890976,0.0004098048315611372,0.0004098048315611372,0.0004098048315611372
2021-05-05,-0.0003910713207588009,-0.0004888391509485011,-0.0004888391509485011,-0.0004888391509485011
2021-05-06,-0.0014399759129302648,-0.001799969891162831,-0.001799969891162831,-0.001799969891162831
2021-05-07,-0.0026776677867486496,-0.0033470847334358123,-0.0033470847334358123,-0.0033470847334358123
2021-05-10,-0.0012789092388874514,-0.0015986365486093143,-0.0015986365486093143,-0.0015986365486093143
2021-05-11,0.002807777956861787,0.0035097224460772336,0.0035097224460772336,0.0035097224460772336
2021-05-12,-0.0013764954550587107,-0.0017206193188233883,-0.0017206193188233883,-0.0017206193188233883
2021-05-13,0.00015350522287639026,0.00019188152859548783,0.00019188152859548783,0.00019188152859548783
2021-05-14,-0.0006381045133501781,-0.0007976306416877226,-0.0007976306416877226,-0.0007976306416877226
2021-05-17,-0.0025229890281124857,-0.003153736285140607,-0.003153736285140607,-0.003153736285140607
2021-05-18,0.002760092826692692,0.0034501160333658652,0.0034501160333658652,0.0034501160333658652
2021-05-19,5.5527109274790645e-05,6.94088865934883e-05,6.94088865934883e-05,6.94088865934883e-05
2021-05-20,-0.00023908261556878136,-0.0002988532694609767,-0.0002988532694609767,-0.0002988532694609767
2021-05-21,3.3287080069035476e-05,4.1608850086294345e-05,4.1608850086294345e-05,4.1608850086294345e-05
2021-05-24,0.0001755729996156833,0.00021946624951960415,0.00021946624951960415,0.00021946624951960415
2021-05-25,0.0004495727036933936,0.0005619658796167421,0.0005619658796167421,0.0005619658796167421
2021-05-26,0.002042659440140298,0.0025533243001753725,0.0025533243001753725,0.0025533243001753725
2021-05-27,-0.0003895950788779096,-0.000486993848597387,-0.000486993848597387,-0.000486993848597387
2021-05-28,0.00012602647737816882,0.00015753309672271101,0.00015753309672271101,0.00015753309672271101
2021-06-01,0.001124766825111506,0.0014059585313893825,0.0014059585313893825,0.0014059585313893825
2021-06-02,0.00045157131466866374,0.0005644641433358297,0.0005644641433358297,0.0005644641433358297
2021-06-03,8.350795164747775e-05,0.00010438493955934719,0.00010438493955934719,0.00010438493955934719
2021-06-04,0.0002730871355698218,0.00034135891946227725,0.00034135891946227725,0.00034135891946227725
2021-06-07,-0.0012526679146780551,-0.001565834893347569,-0.001565834893347569,-0.001565834893347569
2021-06-08,0.00011099964696829689,0.00013874955871037112,0.00013874955871037112,0.00013874955871037112
2021-06-09,0.000713944049760508,0.000892430062200635,0.000892430062200635,0.000892430062200635
2021-06-10,0.00019074150287835552,0.0002384268785979444,0.0002384268785979444,0.0002384268785979444
2021-06-11,-9.660661842876084e-05,-0.00012075827303595105,-0.00012075827303595105,-0.00012075827303595105
2021-06-14,0.0004980556316574083,0.0006225695395717604,0.0006225695395717604,0.0006225695395717604
2021-06-15,-0.00029794994773997904,-0.0003724374346749738,-0.0003724374346749738,-0.0003724374346749738
2021-06-16,-0.00033452210667807015,-0.0004181526333475877,-0.0004181526333475877,-0.0004181526333475877
2021-06-17,0.0009456534730827116,0.0011820668413533896,0.0011820668413533896,0.0011820668413533896
2021-06-18,0.0008021263511221015,0.0010026579389026268,0.0010026579389026268,0.0010026579389026268
2021-06-21,-0.000928009766296314,-0.0011600122078703925,-0.0011600122078703925,-0.0011600122078703925
2021-06-22,0.00014273419389136465,0.0001784177423642058,0.0001784177423642058,0.0001784177423642058
2021-06-23,-0.0004998241911729825,-0.000624780238966228,-0.000624780238966228,-0.000624780238966228
2021-06-24,-0.00010972232518821222,-0.00013715290648526527,-0.00013715290648526527,-0.00013715290648526527
2021-06-25,-0.00024485810625238474,-0.0003060726328154809,-0.0003060726328154809,-0.0003060726328154809
2021-06-28,0.00032335423165820383,0.0004041927895727548,0.0004041927895727548,0.0004041927895727548
2021-06-29,-3.75386538703766e-05,-4.6923317337970745e-05,-4.6923317337970745e-05,-4.6923317337970745e-05
2021-06-30,0.00016680593688159405,0.00020850742110199255,0.00020850742110199255,0.00020850742110199255
2021-07-01,-0.0006851082530370291,-0.0008563853162962863,-0.0008563853162962863,-0.0008563853162962863
2021-07-02,-0.0004348490594086145,-0.0005435613242607681,-0.0005435613242607681,-0.0005435613242607681
2021-07-06,-0.0001715866786415405,-0.00021448334830192562,-0.00021448334830192562,-0.00021448334830192562
2021-07-07,0.0,0.0,0.0,0.0
2021-07-08,0.0,0.0,0.0,0.0
2021-07-09,0.0,0.0,0.0,0.0
2021-07-12,0.0,0.0,0.0,0.0
2021-07-13,0.0,0.0,0.0,0.0
2021-07-14,0.0,0.0,0.0,0.0
2021-07-15,0.0,0.0,0.0,0.0
2021-07-16,0.0,0.0,0.0,0.0
2021-07-19,0.0,0.0,0.0,0.0
2021-07-20,0.0,0.0,0.0,0.0
2021-07-21,0.0,0.0,0.0,0.0
2021-07-22,-0.00016848816306924,-0.00021061020383655,-0.00021061020383655,-0.00021061020383655
2021-07-23,-0.00015279740506645998,-0.00019099675633307497,-0.00019099675633307497,-0.00019099675633307497
2021-07-26,-7.585104911653499e-05,-9.481381139566874e-05,-9.481381139566874e-05,-9.481381139566874e-05
2021-07-27,0.000180944109015785,0.00022618013626973126,0.00022618013626973126,0.00022618013626973126
2021-07-28,-0.00300931291181058,-0.003761641139763225,-0.003761641139763225,-0.003761641139763225
2021-07-29,-0.00021389754893603503,-0.0002673719361700438,-0.0002673719361700438,-0.0002673719361700438
2021-07-30,0.0027617797767675854,0.0034522247209594816,0.0034522247209594816,0.0034522247209594816
2021-08-02,0.0022668569759277954,0.002833571219909744,0.002833571219909744,0.002833571219909744
2021-08-03,0.0013164453950884852,0.0016455567438606066,0.0016455567438606066,0.0016455567438606066
2021-08-04,0.002105330144332185,0.002631662680415231,0.002631662680415231,0.002631662680415231
2021-08-05,-0.004065232112083276,-0.005081540140104095,-0.005081540140104095,-0.005081540140104095
2021-08-06,0.0023836494456263456,0.002979561807032932,0.002979561807032932,0.002979561807032932
2021-08-09,-0.0012020080537997301,-0.0015025100672496627,-0.0015025100672496627,-0.0015025100672496627
2021-08-10,-0.00077175911891534,-0.0009646988986441751,-0.0009646988986441751,-0.0009646988986441751
2021-08-11,-0.0032334943722636907,-0.004041867965329613,-0.004041867965329613,-0.004041867965329613
2021-08-12,2.9422815709154984e-05,3.677851963644373e-05,3.677851963644373e-05,3.677851963644373e-05
2021-08-13,-0.000678934272456055,-0.0008486678405700687,-0.0008486678405700687,-0.0008486678405700687
2021-08-16,-0.00191714026686378,-0.002396425333579725,-0.002396425333579725,-0.002396425333579725
2021-08-17,-0.0024431449309373046,-0.0030539311636716307,-0.0030539311636716307,-0.0030539311636716307
2021-08-18,0.0009795813222265698,0.0012244766527832124,0.0012244766527832124,0.0012244766527832124
2021-08-19,-0.00040969860615929,-0.0005121232576991124,-0.0005121232576991124,-0.0005121232576991124
2021-08-20,9.081632547652001e-05,0.00011352040684565001,0.00011352040684565001,0.00011352040684565001
2021-08-23,-3.9714947377945e-05,-4.964368422243125e-05,-4.964368422243125e-05,-4.964368422243125e-05
2021-08-24,-0.00011386584922677998,-0.00014233231153347497,-0.00014233231153347497,-0.00014233231153347497
2021-08-25,-0.00023553273277558502,-0.00029441591596948127,-0.00029441591596948127,-0.00029441591596948127
2021-08-26,-0.0019264708766767798,-0.0024080885958459746,-0.0024080885958459746,-0.0024080885958459746
2021-08-27,-0.00020450358775220856,-0.0002556294846902607,-0.0002556294846902607,-0.0002556294846902607
2021-08-30,0.0005966864694403047,0.0007458580868003809,0.0007458580868003809,0.0007458580868003809
2021-08-31,0.00036088365161066006,0.0004511045645133251,0.0004511045645133251,0.0004511045645133251
2021-09-01,0.009792850539763283,0.012241063174704104,0.012241063174704104,0.012241063174704104
2021-09-02,0.0027090607181592,0.003386325897699,0.003386325897699,0.003386325897699
2021-09-03,0.00019645623080097001,0.0002455702885012125,0.0002455702885012125,0.0002455702885012125
2021-09-07,0.0027206432387078404,0.0034008040483848004,0.0034008040483848004,0.0034008040483848004
2021-09-08,-0.0039244934374173005,-0.004905616796771626,-0.004905616796771626,-0.004905616796771626
2021-09-09,0.0036908030172615306,0.004613503771576913,0.004613503771576913,0.004613503771576913
2021-09-10,-0.00030000000000000003,-0.000375,-0.000375,-0.000375
2021-09-13,0.0,0.0,0.0,0.0
2021-09-14,-0.0008826014166942902,-0.0011032517708678628,-0.0011032517708678628,-0.0011032517708678628
2021-09-15,-0.00061032532261373,-0.0007629066532671625,-0.0007629066532671625,-0.0007629066532671625
2021-09-16,0.0006167175151922701,0.0007708968939903376,0.0007708968939903376,0.0007708968939903376
2021-09-17,-0.0018218386885697703,-0.002277298360712213,-0.002277298360712213,-0.002277298360712213
2021-09-20,0.0008464167467492202,0.0010580209334365254,0.0010580209334365254,0.0010580209334365254
2021-09-21,0.0012289749702620752,0.001536218712827594,0.001536218712827594,0.001536218712827594
2021-09-22,0.00043784631522074505,0.0005473078940259313,0.0005473078940259313,0.0005473078940259313
2021-09-23,0.0017090707571610602,0.0021363384464513253,0.0021363384464513253,0.0021363384464513253
2021-09-24,7.586306972166158e-05,9.482883715207697e-05,9.482883715207697e-05,9.482883715207697e-05
2021-09-27,-0.00054910534015521,-0.0006863816751940125,-0.0006863816751940125,-0.0006863816751940125
2021-09-28,0.00017233670688440497,0.00021542088360550622,0.00021542088360550622,0.00021542088360550622
2021-09-29,-5.7934102253789994e-05,-7.24176278172375e-05,-7.24176278172375e-05,-7.24176278172375e-05
2021-09-30,-0.0027114025398266906,-0.003389253174783363,-0.003389253174783363,-0.003389253174783363
2021-10-01,-0.0010457144269036853,-0.0013071430336296067,-0.0013071430336296067,-0.0013071430336296067
2021-10-04,-0.00369070464516082,-0.004613380806451025,-0.004613380806451025,-0.004613380806451025
2021-10-05,0.0,0.0,0.0,0.0
2021-10-06,0.0014532336151436638,0.0018165420189295797,0.0018165420189295797,0.0018165420189295797
2021-10-07,-0.001458788608138741,-0.001823485760173426,-0.001823485760173426,-0.001823485760173426
2021-10-08,-0.0026480870290490005,-0.0033101087863112505,-0.0033101087863112505,-0.0033101087863112505
2021-10-11,0.0011693476821375054,0.0014616846026718818,0.0014616846026718818,0.0014616846026718818
2021-10-12,-0.000283774760774661,-0.0003547184509683263,-0.0003547184509683263,-0.0003547184509683263
2021-10-13,-0.0011798417393155732,-0.0014748021741444665,-0.0014748021741444665,-0.0014748021741444665
2021-10-14,-0.001443255335869701,-0.0018040691698371263,-0.0018040691698371263,-0.0018040691698371263
2021-10-15,-0.0012027371209029315,-0.0015034214011286644,-0.0015034214011286644,-0.0015034214011286644
2021-10-18,0.00025763676287973285,0.00032204595359966605,0.00032204595359966605,0.00032204595359966605
2021-10-19,-0.0031048170764824174,-0.0038810213456030216,-0.0038810213456030216,-0.0038810213456030216
2021-10-20,-0.001983150613654575,-0.0024789382670682186,-0.0024789382670682186,-0.0024789382670682186
2021-10-21,0.0014738251562329964,0.0018422814452912456,0.0018422814452912456,0.0018422814452912456
2021-10-22,-0.001038181428927492,-0.001297726786159365,-0.001297726786159365,-0.001297726786159365
2021-10-25,-0.0011729125081706043,-0.0014661406352132554,-0.0014661406352132554,-0.0014661406352132554
2021-10-26,-2.6052005628091282e-05,-3.2565007035114106e-05,-3.2565007035114106e-05,-3.2565007035114106e-05
2021-10-27,-0.0001356577692875067,-0.00016957221160938339,-0.00016957221160938339,-0.00016957221160938339
2021-10-28,-0.0010667325667163496,-0.001333415708395437,-0.001333415708395437,-0.001333415708395437
2021-10-29,-0.0020253894537338897,-0.002531736817167362,-0.002531736817167362,-0.002531736817167362
2021-11-01,0.00019142252352562583,0.0002392781544070323,0.0002392781544070323,0.0002392781544070323
2021-11-02,-0.0015206198713062758,-0.0019007748391328448,-0.0019007748391328448,-0.0019007748391328448
2021-11-03,-0.0001444640462119084,-0.0001805800577648855,-0.0001805800577648855,-0.0001805800577648855
2021-11-04,-0.0030975552857931787,-0.0038719441072414735,-0.0038719441072414735,-0.0038719441072414735
2021-11-05,-0.00028906212038734514,-0.00036132765048418143,-0.00036132765048418143,-0.00036132765048418143
2021-11-08,0.0015254520503218774,0.0019068150629023466,0.0019068150629023466,0.0019068150629023466
2021-11-09,-0.0022540267008286613,-0.0028175333760358267,-0.0028175333760358267,-0.0028175333760358267
2021-11-10,0.0003238402517152096,0.000404800314644012,0.000404800314644012,0.000404800314644012
2021-11-11,-0.0024468284191424263,-0.003058535523928033,-0.003058535523928033,-0.003058535523928033
2021-11-12,-0.0017988191789819485,-0.0022485239737274356,-0.0022485239737274356,-0.0022485239737274356
2021-11-15,-0.004629862528836242,-0.005787328161045303,-0.005787328161045303,-0.005787328161045303
2021-11-16,-0.004857037471058749,-0.006071296838823436,-0.006071296838823436,-0.006071296838823436
2021-11-17,-0.000802849201315136,-0.00100356150164392,-0.00100356150164392,-0.00100356150164392
2021-11-18,-0.0024760756306478546,-0.0030950945383098182,-0.0030950945383098182,-0.0030950945383098182
2021-11-19,-0.0017768117082011742,-0.0022210146352514676,-0.0022210146352514676,-0.0022210146352514676
2021-11-22,0.001276897375055742,0.0015961217188196777,0.0015961217188196777,0.0015961217188196777
2021-11-23,-0.0006516361224801735,-0.0008145451531002168,-0.0008145451531002168,-0.0008145451531002168
2021-11-24,-0.0012568996128982128,-0.001571124516122766,-0.001571124516122766,-0.001571124516122766
2021-11-26,0.00035152984268582433,0.0004394123033572804,0.0004394123033572804,0.0004394123033572804
2021-11-29,-0.004675027500511471,-0.0058437843756393385,-0.0058437843756393385,-0.0058437843756393385
2021-11-30,0.002418808288097545,0.0030235103601219315,0.0030235103601219315,0.0030235103601219315
2021-12-01,-0.0005065636787117964,-0.0006332045983897456,-0.0006332045983897456,-0.0006332045983897456
2021-12-02,-0.00038128158609044747,-0.00047660198261305933,-0.00047660198261305933,-0.00047660198261305933
2021-12-03,0.00022623677134890618,0.0002827959641861327,0.0002827959641861327,0.0002827959641861327
2021-12-06,-0.000971177177120746,-0.0012139714714009325,-0.0012139714714009325,-0.0012139714714009325
2021-12-07,-0.0007870278663527834,-0.0009837848329409793,-0.0009837848329409793,-0.0009837848329409793
2021-12-08,0.0016578996475011345,0.002072374559376418,0.002072374559376418,0.002072374559376418
2021-12-09,0.0030409843792317407,0.0038012304740396756,0.0038012304740396756,0.0038012304740396756
2021-12-10,-0.006422181252569037,-0.008027726565711296,-0.008027726565711296,-0.008027726565711296
2021-12-13,0.0030331089669733855,0.003791386208716732,0.003791386208716732,0.003791386208716732
2021-12-14,0.0031870970555471544,0.003983871319433943,0.003983871319433943,0.003983871319433943
2021-12-15,-0.0035145213286255097,-0.004393151660781887,-0.004393151660781887,-0.004393151660781887
2021-12-16,-0.0005723628785759516,-0.0007154535982199394,-0.0007154535982199394,-0.0007154535982199394
2021-12-17,0.0005773029071786719,0.00072162863397334,0.00072162863397334,0.00072162863397334
2021-12-20,-7.38747144904171e-05,-9.234339311302138e-05,-9.234339311302138e-05,-9.234339311302138e-05
2021-12-21,-4.1449075747104135e-05,-5.181134468388017e-05,-5.181134468388017e-05,-5.181134468388017e-05
2021-12-22,-0.0003950324652899208,-0.0004937905816124011,-0.0004937905816124011,-0.0004937905816124011
2021-12-23,-0.00022804339436236127,-0.00028505424295295157,-0.00028505424295295157,-0.00028505424295295157
2021-12-27,-0.0007777842973309092,-0.0009722303716636365,-0.0009722303716636365,-0.0009722303716636365
2021-12-28,0.00018202629584306446,0.0002275328698038306,0.0002275328698038306,0.0002275328698038306
2021-12-29,0.0005207142445348271,0.0006508928056685339,0.0006508928056685339,0.0006508928056685339
2021-12-30,-4.637454614258773e-05,-5.7968182678234666e-05,-5.7968182678234666e-05,-5.7968182678234666e-05
2021-12-31,0.00020202205962977423,0.00025252757453721777,0.00025252757453721777,0.00025252757453721777
2022-01-03,-0.001159424752984154,-0.0014492809412301926,-0.0014492809412301926,-0.0014492809412301926
2022-01-04,0.0,0.0,0.0,0.0
2022-01-05,0.0,0.0,0.0,0.0
2022-01-06,3.056654970362771e-05,3.820818712953464e-05,3.820818712953464e-05,3.820818712953464e-05
2022-01-07,-0.0039895611108988985,-0.004986951388623623,-0.004986951388623623,-0.004986951388623623
2022-01-10,-0.0037813166639393096,-0.004726645829924137,-0.004726645829924137,-0.004726645829924137
2022-01-11,-0.0011623043165632258,-0.0014528803957040322,-0.0014528803957040322,-0.0014528803957040322
2022-01-12,0.00027164891627748036,0.00033956114534685044,0.00033956114534685044,0.00033956114534685044
2022-01-13,-0.0005731461678066858,-0.0007164327097583573,-0.0007164327097583573,-0.0007164327097583573
2022-01-14,-0.0013199592861630751,-0.0016499491077038438,-0.0016499491077038438,-0.0016499491077038438
2022-01-18,-0.003722253129174247,-0.004652816411467808,-0.004652816411467808,-0.004652816411467808
2022-01-19,-0.0004970990369717902,-0.0006213737962147377,-0.0006213737962147377,-0.0006213737962147377
2022-01-20,0.0011245696850537353,0.001405712106317169,0.001405712106317169,0.001405712106317169
2022-01-21,0.00023795807318907516,0.00029744759148634395,0.00029744759148634395,0.00029744759148634395
2022-01-24,-0.0008432840972344318,-0.0010541051215430398,-0.0010541051215430398,-0.0010541051215430398
2022-01-25,0.003601179258380246,0.004501474072975307,0.004501474072975307,0.004501474072975307
2022-01-26,0.0001642375867908475,0.00020529698348855938,0.00020529698348855938,0.00020529698348855938
2022-01-27,0.0015018479525537938,0.0018773099406922422,0.0018773099406922422,0.0018773099406922422
2022-01-28,-0.0028423008639854425,-0.0035528760799818032,-0.0035528760799818032,-0.0035528760799818032
2022-01-31,0.000806000168698195,0.001007500210872744,0.001007500210872744,0.001007500210872744
2022-02-01,-0.0010310526218083591,-0.001288815777260449,-0.001288815777260449,-0.001288815777260449
2022-02-02,0.0007397120557989144,0.0009246400697486431,0.0009246400697486431,0.0009246400697486431
2022-02-03,-0.0034002308540148473,-0.0042502885675185596,-0.0042502885675185596,-0.0042502885675185596
2022-02-04,0.00047859409970097116,0.000598242624626214,0.000598242624626214,0.000598242624626214
2022-02-07,-0.0020025840522109686,-0.0025032300652637106,-0.0025032300652637106,-0.0025032300652637106
2022-02-08,-0.00039284658181223833,-0.0004910582272652979,-0.0004910582272652979,-0.0004910582272652979
2022-02-09,-1.7864169439739072e-06,-2.233021179967384e-06,-2.233021179967384e-06,-2.233021179967384e-06
2022-02-10,-0.001049554685510057,-0.0013119433568875712,-0.0013119433568875712,-0.0013119433568875712
2022-02-11,-0.0014098857293161886,-0.0017623571616452358,-0.0017623571616452358,-0.0017623571616452358
2022-02-14,1.8146978880999613e-05,2.2683723601249516e-05,2.2683723601249516e-05,2.2683723601249516e-05
2022-02-15,6.760561712272411e-05,8.450702140340514e-05,8.450702140340514e-05,8.450702140340514e-05
2022-02-16,-0.0006621845159596094,-0.0008277306449495117,-0.0008277306449495117,-0.0008277306449495117
2022-02-17,-0.0004026565998847695,-0.0005033207498559619,-0.0005033207498559619,-0.0005033207498559619
2022-02-18,-0.0013916360784121061,-0.0017395450980151328,-0.0017395450980151328,-0.0017395450980151328
2022-02-22,-0.0033323424553908317,-0.00416542806923854,-0.00416542806923854,-0.00416542806923854
2022-02-23,-0.0007632325224259251,-0.0009540406530324063,-0.0009540406530324063,-0.0009540406530324063
2022-02-24,-0.002320739272204213,-0.0029009240902552664,-0.0029009240902552664,-0.0029009240902552664
2022-02-25,0.004312341684175938,0.005390427105219923,0.005390427105219923,0.005390427105219923
2022-02-28,-0.0004549563914696301,-0.0005686954893370376,-0.0005686954893370376,-0.0005686954893370376
2022-03-01,0.0001801839333361229,0.00022522991667015362,0.00022522991667015362,0.00022522991667015362
2022-03-02,0.0005782301194507476,0.0007227876493134345,0.0007227876493134345,0.0007227876493134345
2022-03-03,0.0024015129674316554,0.003001891209289569,0.003001891209289569,0.003001891209289569
2022-03-04,0.0011569626968093807,0.0014462033710117258,0.0014462033710117258,0.0014462033710117258
2022-03-07,0.0036471008294875224,0.004558876036859403,0.004558876036859403,0.004558876036859403
2022-03-08,-0.003967459178679498,-0.004959323973349372,-0.004959323973349372,-0.004959323973349372
2022-03-09,-0.00014840664108054533,-0.00018550830135068166,-0.00018550830135068166,-0.00018550830135068166
2022-03-10,-0.00017811626145993592,-0.0002226453268249199,-0.0002226453268249199,-0.0002226453268249199
2022-03-11,0.0007599931534479205,0.0009499914418099007,0.0009499914418099007,0.0009499914418099007
2022-03-14,-0.0007344539877361617,-0.000918067484670202,-0.000918067484670202,-0.000918067484670202
2022-03-15,0.0010819282040904932,0.0013524102551131165,0.0013524102551131165,0.0013524102551131165
2022-03-16,-0.000285924130082581,-0.0003574051626032262,-0.0003574051626032262,-0.0003574051626032262
2022-03-17,-0.001047193217002618,-0.0013089915212532726,-0.0013089915212532726,-0.0013089915212532726
2022-03-18,4.892851342995789e-06,6.116064178744736e-06,6.116064178744736e-06,6.116064178744736e-06
2022-03-21,0.00015355959788417503,0.0001919494973552188,0.0001919494973552188,0.0001919494973552188
2022-03-22,-0.0009201073949105501,-0.0011501342436381877,-0.0011501342436381877,-0.0011501342436381877
2022-03-23,-0.00018017221779613004,-0.00022521527224516255,-0.00022521527224516255,-0.00022521527224516255
2022-03-24,0.0006645059333875201,0.0008306324167344001,0.0008306324167344001,0.0008306324167344001
2022-03-25,4.631667311173e-05,5.78958413896625e-05,5.78958413896625e-05,5.78958413896625e-05
2022-03-28,-0.0013632672570375998,-0.0017040840712969998,-0.0017040840712969998,-0.0017040840712969998
2022-03-29,0.00127224915380906,0.0015903114422613249,0.0015903114422613249,0.0015903114422613249
2022-03-30,-0.0019493855596141192,-0.002436731949517649,-0.002436731949517649,-0.002436731949517649
2022-03-31,-0.0009386000495761214,-0.0011732500619701517,-0.0011732500619701517,-0.0011732500619701517
2022-04-01,-0.0005662869373493939,-0.0007078586716867424,-0.0007078586716867424,-0.0007078586716867424
2022-04-04,-0.00013024642256655018,-0.00016280802820818773,-0.00016280802820818773,-0.00016280802820818773
2022-04-05,0.0,0.0,0.0,0.0
2022-04-06,-0.0054593781313508,-0.004460768580090569,-0.0068242226641885,-0.0068242226641885
2022-04-07,7.30041492268e-05,5.8713548759532015e-05,9.125518653350001e-05,9.125518653350001e-05
2022-04-08,-0.0047461814549696,-0.003959258274509188,-0.005932726818711999,-0.005932726818711999
2022-04-11,0.00165959062568395,0.0013716343218394581,0.0020744882821049377,0.0020744882821049377
2022-04-12,0.00049820336961,0.0004114645888805793,0.0006227542120124999,0.0006227542120124999
2022-04-13,-0.00792685414550765,-0.006549907825242839,-0.009908567681884563,-0.009908567681884563
2022-04-14,0.0043254928324867,0.0034518800442956974,0.005406866040608374,0.005406866040608374
2022-04-18,-0.00191776968727835,-0.0015184376039841599,-0.0023972121090979374,-0.0023972121090979374
2022-04-19,-0.0050029014914374,-0.003974171782436427,-0.0062536268642967505,-0.0062536268642967505
2022-04-20,-0.0053650608148662,-0.004290984679673465,-0.00670632601858275,-0.00670632601858275
2022-04-21,0.00730207800869485,0.005770785720312962,0.009127597510868562,0.009127597510868562
2022-04-22,0.0082455433169628,0.0063981065079278905,0.010236970412684622,0.0103069291462035
2022-04-25,-0.00119418876204805,-0.0009004182909843902,-0.0014406692655750243,-0.0014927359525600625
2022-04-26,0.00719001779389655,0.005423607678924718,0.008677772286279549,0.008987522242370687
2022-04-27,0.00123807799968425,0.0009163908608604854,0.0014662253773767766,0.0015475974996053126
2022-04-28,-0.00862896089759295,-0.006389655910300026,-0.010223449456480042,-0.010786201121991187
2022-04-29,0.00258074884019675,0.0018462282581820813,0.00295396521309133,0.0032259360502459376
2022-05-02,0.00618062945725505,0.004414187944532401,0.007062700711251841,0.007725786821568812
2022-05-03,0.002749801646511,0.0019595949996100547,0.0031353519993760877,0.0034372520581387503
2022-05-04,-0.0005,-0.00035729448051295936,-0.000571671168820735,-0.000625
2022-05-05,0.0,0.0,0.0,0.0
2022-05-06,0.0024266875941976,0.0017652154387285588,0.002824344701965694,0.0030333594927469997
2022-05-09,-0.0076841019344741,-0.005698336540836922,-0.009117338465339075,-0.009605127418092625
2022-05-10,9.48296361648e-05,6.83716550477893e-05,0.00010939464807646287,0.00011853704520599999
2022-05-11,-0.0012381837720478,-0.0008943484791364741,-0.0014309575666183584,-0.00154772971505975
2022-05-12,-0.00759009127285415,-0.005479375212855696,-0.008767000340569113,-0.009487614091067688
2022-05-13,0.00564272198594465,0.004028690197913599,0.006445904316661758,0.007053402482430813
2022-05-16,0.0009518164027812,0.0006742378146405912,0.0010787805034249457,0.0011897705034765
2022-05-17,0.0030475460668689,0.002163714259166065,0.003461942814665704,0.0038094325835861254
2022-05-18,-0.01308830015244835,-0.009278970432404785,-0.014846352691847656,-0.01636037519056044
2022-05-19,0.00608645620505855,0.004039182147798148,0.006462691436477036,0.007608070256323187
2022-05-20,0.00602390262779365,0.004039832315862089,0.006463731705379343,0.007529878284742062
2022-05-23,0.0074855963291869,0.004957355085569488,0.00793176813691118,0.009356995411483625
2022-05-24,0.00294854953742015,0.001935883830786036,0.0030974141292576577,0.0036856869217751875
2022-05-25,-0.00231717683022635,-0.0015230715868136866,-0.002436914538901898,-0.0028964710377829377
2022-05-26,0.0042729133146878,0.002803306969995766,0.004485291151993226,0.00534114164335975
2022-05-27,0.00403114962691915,0.00271004265371063,0.004336068245937008,0.005038937033648937
2022-05-31,-0.00490870276326595,-0.0032912064920024332,-0.005265930387203893,-0.0061358784540824374
2022-06-01,-0.0018151461798215,-0.0012052440035494078,-0.0019283904056790525,-0.002268932724776875
2022-06-02,-0.0009040768058863,-0.0006037333464827229,-0.0009659733543723565,-0.001130096007357875
2022-06-03,-0.0005,-0.0003337119213193306,-0.0005339390741109289,-0.000625
2022-06-06,0.0,0.0,0.0,0.0
2022-06-07,0.0,0.0,0.0,0.0
2022-06-08,0.0,0.0,0.0,0.0
2022-06-09,-0.00041734273880955,-0.00030154105671537134,-0.00048246569074459413,-0.0005216784235119376
2022-06-10,0.0018999967202783,0.0013728543105056819,0.0021965668968090906,0.0023749959003478752
2022-06-13,0.0032836854027371,0.0023696690303637,0.00379147044858192,0.004104606753421375
2022-06-14,-0.0005,-0.0003594083613151536,-0.0005750533781042458,-0.000625
2022-06-15,0.0,0.0,0.0,0.0
2022-06-16,0.0,0.0,0.0,0.0
2022-06-17,-0.00572443204414335,-0.004136084882404159,-0.006617735811846655,-0.007155540055179188
2022-06-21,0.01174691980212825,0.008383699283469612,0.01341391885355138,0.014683649752660313
2022-06-22,0.0018243284726582498,0.0012434628071091682,0.001989540491374669,0.002280410590822812
2022-06-23,0.00507175308042385,0.0034612922164755735,0.005538067546360918,0.006339691350529812
2022-06-24,-0.00592507200518345,-0.004020384141723431,-0.006432614626757489,-0.007406340006479313
2022-06-27,0.00354198641616985,0.002392013586407159,0.003827221738251454,0.004427483020212312
2022-06-28,0.0019175864093575001,0.0012905647623390954,0.0020649036197425523,0.0023969830116968753
2022-06-29,0.00455388856600645,0.0030653765250995965,0.004904602440159354,0.005692360707508062
2022-06-30,0.00367092805365785,0.0024944207987611378,0.00399107327801782,0.004588660067072313
2022-07-01,-0.0017252793288819498,-0.001172279191829887,-0.001875646706927819,-0.0021565991611024373
2022-07-05,-0.01427499296661805,-0.009765771201681055,-0.015625233922689687,-0.017843741208272562
2022-07-06,0.009635785577337049,0.0061264220702644985,0.009802275312423196,0.01204473197167131
2022-07-07,0.0,0.0,0.0,0.0
2022-07-08,0.0,0.0,0.0,0.0
2022-07-11,0.0,0.0,0.0,0.0
2022-07-12,0.0,0.0,0.0,0.0
2022-07-13,0.0,0.0,0.0,0.0
2022-07-14,0.0,0.0,0.0,0.0
2022-07-15,0.0,0.0,0.0,0.0
2022-07-18,0.0,0.0,0.0,0.0
2022-07-19,-0.006343745608690861,-0.006332824822260208,-0.007929682010863576,-0.007929682010863576
2022-07-20,-0.00248862415753065,-0.002390510674245035,-0.0031107801969133125,-0.0031107801969133125
2022-07-21,-0.00203216363244956,-0.0019384293952011784,-0.00254020454056195,-0.00254020454056195
2022-07-22,0.0010164073568313453,0.0009645829140973646,0.0012705091960391816,0.0012705091960391816
2022-07-25,0.0009183202914930602,0.0009114777377776636,0.0011479003643663252,0.0011479003643663252
2022-07-26,0.0016784692673620552,0.001878989297528487,0.002098086584202569,0.002098086584202569
2022-07-27,-0.0018759618689830801,-0.002096418105240714,-0.0023449523362288503,-0.0023449523362288503
2022-07-28,-0.004509494080508695,-0.005018121160701763,-0.005636867600635869,-0.005636867600635869
2022-07-29,-0.0007655400873246951,-0.0008358462448569032,-0.0009569251091558689,-0.0009569251091558689
2022-08-01,-8.504631644528507e-05,-9.286895956999773e-05,-0.00010630789555660634,-0.00010630789555660634
2022-08-02,0.000734935936689025,0.0008024771538516496,0.0009186699208612812,0.0009186699208612812
2022-08-03,-0.000813608374920995,-0.0009331768006295126,-0.0010170104686512437,-0.0010170104686512437
2022-08-04,-0.0011941114889364353,-0.0014354859766682155,-0.001492639361170544,-0.001492639361170544
2022-08-05,-3.438527051176474e-05,-4.2981588139705924e-05,-4.2981588139705924e-05,-4.2981588139705924e-05
2022-08-08,-0.0008144385100063703,-0.0010180481375079628,-0.0010180481375079628,-0.0010180481375079628
2022-08-09,-0.00026037783310537007,-0.0003254722913817126,-0.0003254722913817126,-0.0003254722913817126
2022-08-10,-0.004425654382011606,-0.005532067977514507,-0.005532067977514507,-0.005532067977514507
2022-08-11,0.00043549486922348006,0.0005443685865293501,0.0005443685865293501,0.0005443685865293501
2022-08-12,-0.0025329372168775193,-0.003166171521096899,-0.003166171521096899,-0.003166171521096899
2022-08-15,0.0011613672416302047,0.0014517090520377559,0.0014517090520377559,0.0014517090520377559
2022-08-16,0.00217036719508245,0.0027129589938530625,0.0027129589938530625,0.0027129589938530625
2022-08-17,0.00014351166105812022,0.00017938957632265026,0.00017938957632265026,0.00017938957632265026
2022-08-18,-0.0004118963782668301,-0.0005148704728335377,-0.0005148704728335377,-0.0005148704728335377
2022-08-19,0.0008313876506098501,0.0010392345632623127,0.0010392345632623127,0.0010392345632623127
2022-08-22,0.0013225279206154502,0.0016531599007693128,0.0016531599007693128,0.0016531599007693128
2022-08-23,0.0011208089221682101,0.0014010111527102626,0.0014010111527102626,0.0014010111527102626
2022-08-24,-0.00027858568798470006,-0.00034823210998087507,-0.00034823210998087507,-0.00034823210998087507
2022-08-25,-0.0005858670720738601,-0.0007323338400923252,-0.0007323338400923252,-0.0007323338400923252
2022-08-26,0.0019079707578230404,0.0023849634472788003,0.0023849634472788003,0.0023849634472788003
2022-08-29,-0.00030000000000000003,-0.000375,-0.000375,-0.000375
2022-08-30,0.0,0.0,0.0,0.0
2022-08-31,0.0,0.0,0.0,0.0
2022-09-01,-0.0019987548031399197,-0.0024984435039248996,-0.0024984435039248996,-0.0024984435039248996
2022-09-02,-0.00035,-0.0004375,-0.0004375,-0.0004375
2022-09-06,-0.000430968258989555,-0.0005387103237369438,-0.0005387103237369438,-0.0005387103237369438
2022-09-07,-0.0005769435125454699,-0.0007211793906818374,-0.0007211793906818374,-0.0007211793906818374
2022-09-08,0.00019967219329714998,0.0002495902416214375,0.0002495902416214375,0.0002495902416214375
2022-09-09,0.00015288262993381,0.0001911032874172625,0.0001911032874172625,0.0001911032874172625
2022-09-12,0.0008184718300793649,0.0010230897875992062,0.0010230897875992062,0.0010230897875992062
2022-09-13,-4.8316516136069996e-05,-6.0395645170087493e-05,-6.0395645170087493e-05,-6.0395645170087493e-05
2022-09-14,-0.000575204197488235,-0.0007190052468602938,-0.0007190052468602938,-0.0007190052468602938
2022-09-15,-0.00115104335167885,-0.0014388041895985625,-0.0014388041895985625,-0.0014388041895985625
2022-09-16,-0.00029898043985866,-0.000373725549823325,-0.000373725549823325,-0.000373725549823325
2022-09-19,7.4675358723315e-05,9.334419840414375e-05,9.334419840414375e-05,9.334419840414375e-05
2022-09-20,0.00025399298577446496,0.0003174912322180812,0.0003174912322180812,0.0003174912322180812
2022-09-21,0.00035788593128095503,0.00044735741410119377,0.00044735741410119377,0.00044735741410119377
2022-09-22,-0.00024093454735734998,-0.00030116818419668746,-0.00030116818419668746,-0.00030116818419668746
2022-09-23,0.00026644121747432,0.00033305152184289995,0.00033305152184289995,0.00033305152184289995
2022-09-26,-0.00044895390665776,-0.0005611923833222,-0.0005611923833222,-0.0005611923833222
2022-09-27,0.0005703238950605699,0.0007129048688257124,0.0007129048688257124,0.0007129048688257124
2022-09-28,-0.0013678242205466301,-0.0017097802756832876,-0.0017097802756832876,-0.0017097802756832876
2022-09-29,0.00042240734434129,0.0005280091804266125,0.0005280091804266125,0.0005280091804266125
2022-09-30,-0.00028076575383318,-0.000350957192291475,-0.000350957192291475,-0.000350957192291475
2022-10-03,-0.00035,-0.0004375,-0.0004375,-0.0004375
2022-10-04,0.0,0.0,0.0,0.0
2022-10-05,0.0,0.0,0.0,0.0
2022-10-06,0.0,0.0,0.0,0.0
2022-10-07,0.0,0.0,0.0,0.0
2022-10-10,0.0,0.0,0.0,0.0
2022-10-11,0.0,0.0,0.0,0.0
2022-10-12,0.0,0.0,0.0,0.0
2022-10-13,0.0,0.0,0.0,0.0
2022-10-14,0.0,0.0,0.0,0.0
2022-10-17,0.0,0.0,0.0,0.0
2022-10-18,0.0,0.0,0.0,0.0
2022-10-19,0.0,0.0,0.0,0.0
2022-10-20,0.0,0.0,0.0,0.0
2022-10-21,0.0,0.0,0.0,0.0
2022-10-24,-0.0023046825198853,-0.002880853149856625,-0.002880853149856625,-0.002880853149856625
2022-10-25,-0.00271935124633135,-0.0033991890579141873,-0.0033991890579141873,-0.0033991890579141873
2022-10-26,-0.0016130577616213,-0.002016322202026625,-0.002016322202026625,-0.002016322202026625
2022-10-27,-0.0015680157526877,-0.001960019690859625,-0.001960019690859625,-0.001960019690859625
2022-10-28,-0.0035806402319762,-0.0044758002899702495,-0.0044758002899702495,-0.0044758002899702495
2022-10-31,-0.00402196377661145,-0.0050274547207643135,-0.0050274547207643135,-0.0050274547207643135
2022-11-01,-0.00026089480752580004,-0.00032611850940725,-0.00032611850940725,-0.00032611850940725
2022-11-02,-0.0012064676239357001,-0.0015080845299196251,-0.0015080845299196251,-0.0015080845299196251
2022-11-03,-0.0017207492521287,-0.002150936565160875,-0.002150936565160875,-0.002150936565160875
2022-11-04,0.0004946995781938,0.0006183744727422501,0.0006183744727422501,0.0006183744727422501
2022-11-07,-0.000759993860787,-0.00094999232598375,-0.00094999232598375,-0.00094999232598375
2022-11-08,-0.0003774786451233,-0.00047184830640412497,-0.00047184830640412497,-0.00047184830640412497
2022-11-09,0.00051343377719095,0.0006417922214886876,0.0006417922214886876,0.0006417922214886876
2022-11-10,-0.001538185707422,-0.0019227321342775,-0.0019227321342775,-0.0019227321342775
2022-11-11,-0.00020011754818555,-0.0002501469352319375,-0.0002501469352319375,-0.0002501469352319375
2022-11-14,-0.0011077439469766,-0.00138467993372075,-0.00138467993372075,-0.00138467993372075
2022-11-15,-0.0010278025799604,-0.0012847532249505,-0.0012847532249505,-0.0012847532249505
2022-11-16,-0.0010988745179101498,-0.0013735931473876873,-0.0013735931473876873,-0.0013735931473876873
2022-11-17,0.0006065279787879,0.000758159973484875,0.000758159973484875,0.000758159973484875
2022-11-18,0.0024222477541,0.003027809692625,0.003027809692625,0.003027809692625
2022-11-21,0.0009093567824364,0.0011366959780455001,0.0011366959780455001,0.0011366959780455001
2022-11-22,-0.00235141315681235,-0.0029392664460154375,-0.0029392664460154375,-0.0029392664460154375
2022-11-23,-0.0009212448766637566,-0.0011515560958296957,-0.0011515560958296957,-0.0011515560958296957
2022-11-25,-0.0017248746559772,-0.0021560933199715002,-0.0021560933199715002,-0.0021560933199715002
2022-11-28,0.0008457635943067499,0.0010572044928834374,0.0010572044928834374,0.0010572044928834374
2022-11-29,0.00029515341791205,0.0003689417723900625,0.0003689417723900625,0.0003689417723900625
2022-11-30,-0.00010729498415215,-0.0001341187301901875,-0.0001341187301901875,-0.0001341187301901875
2022-12-01,-0.00054106370861075,-0.0006763296357634375,-0.0006763296357634375,-0.0006763296357634375
2022-12-02,0.00033507060462245,0.0004188382557780625,0.0004188382557780625,0.0004188382557780625
2022-12-05,0.00029339018510975,0.0003667377313871875,0.0003667377313871875,0.0003667377313871875
2022-12-06,-6.8716403092e-05,-8.5895503865e-05,-8.5895503865e-05,-8.5895503865e-05
2022-12-07,5.443793471345e-05,6.80474183918125e-05,6.80474183918125e-05,6.80474183918125e-05
2022-12-08,-0.0011770762149138,-0.0014713452686422501,-0.0014713452686422501,-0.0014713452686422501
2022-12-09,-0.0005,-0.000625,-0.000625,-0.000625
2022-12-12,0.0,0.0,0.0,0.0
2022-12-13,-0.00062443049483075,-0.0007805381185384374,-0.0007805381185384374,-0.0007805381185384374
2022-12-14,-9.889168756235e-05,-0.0001236146094529375,-0.0001236146094529375,-0.0001236146094529375
2022-12-15,0.0005368481158405,0.000671060144800625,0.000671060144800625,0.000671060144800625
2022-12-16,-0.0018779495835782,-0.00234743697947275,-0.00234743697947275,-0.00234743697947275
2022-12-19,-0.0047045678090628,-0.0058807097613285,-0.0058807097613285,-0.0058807097613285
2022-12-20,0.0031964932910650504,0.003995616613831313,0.003995616613831313,0.003995616613831313
2022-12-21,0.004133099500866,0.0051663743760825,0.0051663743760825,0.0051663743760825
2022-12-22,-0.0020503660590906,-0.00256295757386325,-0.00256295757386325,-0.00256295757386325
2022-12-23,-0.00105502050393615,-0.0013187756299201875,-0.0013187756299201875,-0.0013187756299201875
2022-12-27,-0.0046293030310971,-0.005786628788871375,-0.005786628788871375,-0.005786628788871375
2022-12-28,-0.00094160895713335,-0.0011770111964166875,-0.0011770111964166875,-0.0011770111964166875
2022-12-29,0.0008930764063377499,0.0011163455079221873,0.0011163455079221873,0.0011163455079221873
2022-12-30,-0.0005256885790853935,-0.0006571107238567419,-0.0006571107238567419,-0.0006571107238567419
2023-01-03,0.0005817844665295,0.0007272305831618751,0.0007272305831618751,0.0007272305831618751
2023-01-04,0.00017706028243265,0.0002213253530408125,0.0002213253530408125,0.0002213253530408125
2023-01-05,0.0,0.0,0.0,0.0
2023-01-06,0.001216092383084,0.0006313301783462112,0.0010101282853539379,0.0012626603566924224
2023-01-09,0.0030460923152363,0.0015811677195217285,0.0025298683512347655,0.003162335439043457
2023-01-10,0.0029800241088623,0.001544596493706126,0.0024713543899298014,0.003089192987412252
2023-01-11,0.0053754135626275,0.0028433295533973053,0.004549327285435689,0.005686659106794611
2023-01-12,0.0088239721860031,0.0046980976916263005,0.0075169563066020805,0.009396195383252601
2023-01-13,-0.0022479094951576,-0.0011808864175050044,-0.0018894182680080068,-0.002361772835010009
2023-01-17,0.00631963943917,0.003454886848679853,0.005527818957887763,0.006909773697359706
2023-01-18,-0.0110561141426067,-0.006015133905053229,-0.009624214248085166,-0.012030267810106458
2023-01-19,-0.018235527644936,-0.009681540876054636,-0.015490465401687416,-0.01936308175210927
2023-01-20,0.0021898133531693,0.0010814194816667904,0.0017302711706668643,0.0021628389633335807
2023-01-23,-0.0006708916376411,-0.0003310847268052368,-0.0005297355628883788,-0.0006621694536104736
2023-01-24,0.006492380368168,0.0032076561848225246,0.00513224989571604,0.006415312369645049
2023-01-25,0.0058613443628457,0.0029164596199799863,0.004666335391967978,0.005832919239959973
2023-01-26,0.0100853320071013,0.005016269220518837,0.00802603075283014,0.010032538441037674
2023-01-27,-0.0067246585716811,-0.0032852200492145102,-0.005256352078743216,-0.0065704400984290205
2023-01-30,-0.0045357000437722,-0.0021975317074992926,-0.003516050731998868,-0.004395063414998585
2023-01-31,0.005780614605155,0.002789049684705648,0.004462479495529036,0.005578099369411296
2023-02-01,0.006440987028861,0.003094050880810963,0.00495048140929754,0.006188101761621926
2023-02-02,0.0021446150954591,0.001023577939453894,0.0016377247031262303,0.002047155878907788
2023-02-03,-0.001,-0.0004843091053449205,-0.0007748945685518728,-0.000968618210689841
2023-02-06,0.0,0.0,0.0,0.0
2023-02-07,0.0,0.0,0.0,0.0
2023-02-08,0.0,0.0,0.0,0.0
2023-02-09,-0.0100460703726986,-0.004941042282172774,-0.007905667651476439,-0.009882084564345549
2023-02-10,-0.0004859889134119,-0.00023416951756829101,-0.0003746712281092656,-0.00046833903513658203
2023-02-13,-0.0194948037951962,-0.009404255102411897,-0.015046808163859036,-0.018808510204823794
2023-02-14,-0.0017022712678586,-0.0007907174601892537,-0.001265147936302806,-0.0015814349203785074
2023-02-15,0.0138319241416733,0.006424751685188349,0.010279602696301359,0.012849503370376698
2023-02-16,0.011470694875545,0.005238422890156788,0.00838147662425086,0.010476845780313576
2023-02-17,0.0054656660242037,0.0024958792041194504,0.00399340672659112,0.004991758408238901
2023-02-21,0.0033989237502,0.001545088762798125,0.002472142020477,0.00309017752559625
2023-02-22,0.0023696717017792,0.0010764502445681835,0.0017223203913090935,0.002152900489136367
2023-02-23,-0.0112702353912923,-0.005125976861734814,-0.008201562978775702,-0.010251953723469627
2023-02-24,0.0069142044509621,0.00313093631936299,0.005009498110980784,0.00626187263872598
2023-02-27,0.000576619168724,0.00025937827389799006,0.0004150052382367841,0.0005187565477959801
2023-02-28,0.0026550053801945,0.0011942982955498807,0.0019108772728798089,0.0023885965910997614
2023-03-01,0.0093012928273618,0.00419621840422951,0.006713949446767216,0.00839243680845902
2023-03-02,-0.0061700770760166,-0.00276846062727313,-0.004429537003637008,-0.00553692125454626
2023-03-03,-0.0043485959995788,-0.0019371833301567473,-0.0030994933282507955,-0.0038743666603134946
2023-03-06,0.0016119479068131,0.0007270693701948189,0.0011633109923117103,0.0014541387403896378
2023-03-07,0.0021274183386266,0.0009594507517916078,0.0015351212028665725,0.0019189015035832157
2023-03-08,0.0026114029024635,0.0011800525996686353,0.0018880841594698166,0.0023601051993372706
2023-03-09,-0.001,-0.0004518689251864022,-0.0007229902802982436,-0.0009037378503728045
2023-03-10,0.0,0.0,0.0,0.0
2023-03-13,0.0,0.0,0.0,0.0
2023-03-14,0.0,0.0,0.0,0.0
2023-03-15,0.0,0.0,0.0,0.0
2023-03-16,0.0,0.0,0.0,0.0
2023-03-17,0.0,0.0,0.0,0.0
2023-03-20,0.0,0.0,0.0,0.0
2023-03-21,0.0,0.0,0.0,0.0
2023-03-22,0.0,0.0,0.0,0.0
2023-03-23,0.0,0.0,0.0,0.0
2023-03-24,0.0,0.0,0.0,0.0
2023-03-27,0.0,0.0,0.0,0.0
2023-03-28,0.0,0.0,0.0,0.0
2023-03-29,0.0,0.0,0.0,0.0
2023-03-30,0.0,0.0,0.0,0.0
2023-03-31,-0.0010843142991326,-0.0005254803612846625,-0.0008407685780554599,-0.001050960722569325
2023-04-03,0.0045215827193036,0.0022073516394140774,0.0035317626230625242,0.004414703278828155
2023-04-04,0.0012925434335442,0.0006296002964464881,0.0010073604743143809,0.0012592005928929763
2023-04-05,0.0057107076717535,0.002788488487158194,0.00446158157945311,0.005576976974316388
2023-04-06,0.0,0.0,0.0,0.0
2023-04-10,-0.0043486687772784,-0.0038618603028421064,-0.005435835971598,-0.005435835971598
2023-04-11,0.00137681563996225,0.0012050146166567423,0.0017210195499528125,0.0017210195499528125
2023-04-12,0.00224973023905975,0.001975254382343239,0.0028121627988246874,0.0028121627988246874
2023-04-13,-0.0009893260410952,-0.0008706199046102655,-0.0012366575513689999,-0.0012366575513689999
2023-04-14,0.0041957767489155,0.0036885832591151526,0.005244720936144375,0.005244720936144375
2023-04-17,0.0121388110516672,0.010609259768959664,0.015173513814583999,0.015173513814583999
2023-04-18,0.0029332085566995997,0.00239305917567725,0.0036665106958744995,0.0036665106958744995
2023-04-19,0.0018624588768769,0.0015182903005596647,0.002328073596096125,0.002328073596096125
2023-04-20,-0.0027783412427768994,-0.0022758114645815403,-0.0034729265534711243,-0.0034729265534711243
2023-04-21,-0.0010919378000844,-0.0009000106475859363,-0.0013649222501055,-0.0013649222501055
2023-04-24,-0.00492582449271,-0.004101846380802571,-0.0061572806158875,-0.0061572806158875
2023-04-25,-0.00106973818356345,-0.0008732549844126336,-0.0013371727294543125,-0.0013371727294543125
2023-04-26,0.019057755076761,0.01580469042255127,0.02382219384595125,0.02382219384595125
2023-04-27,-0.00085551598123155,-0.0006162191369089274,-0.0009859506190542837,-0.0010693949765394374
2023-04-28,0.00259659145516915,0.0018704833162973057,0.002992773306075689,0.003245739318961437
2023-05-01,-0.00105708181644135,-0.0007682583537639469,-0.001229213366022315,-0.0013213522705516874
2023-05-02,0.00429515697867015,0.0031191382383407022,0.004990621181345124,0.005368946223337687
2023-05-03,-0.00103311276484115,-0.0007474116478807098,-0.0011958586366091356,-0.0012913909560514374
2023-05-04,0.0025535729419829,0.0018453596716650087,0.0029525754746640136,0.003191966177478625
2023-05-05,0.0020358645033806,0.0014717564388367532,0.002354810302138805,0.0025448306292257497
2023-05-08,-0.0069175975495507,-0.0050170770047244665,-0.008027323207559146,-0.008646996936938375
2023-05-09,-0.00029173918802335,-0.00020594653171537934,-0.00032951445074460694,-0.0003646739850291875
2023-05-10,-0.006403492380235,-0.004527145703809613,-0.00724343312609538,-0.00800436547529375
2023-05-11,-0.01286149813749235,-0.009582345835910817,-0.015331753337457309,-0.016076872671865437
2023-05-12,-0.0005,-0.0003484294165967795,-0.0005574870665548472,-0.000625
2023-05-15,0.0,0.0,0.0,0.0
2023-05-16,-0.00531456337518375,-0.0038253923050315134,-0.006120627688050422,-0.0066432042189796875
2023-05-17,-0.00227629704873665,-0.0016179122217282824,-0.002588659554765252,-0.0028453713109208127
2023-05-18,0.0026609908054877,0.001927978916093713,0.0030847662657499412,0.003326238506859625
2023-05-19,-0.0077633693158771985,-0.005613477577242903,-0.008981564123588645,-0.009704211644846498
2023-05-22,-0.00664823289035855,-0.004682220661259129,-0.007491553058014606,-0.008310291112948188
2023-05-23,0.0008370353901098,0.0005789393114976773,0.0009263028983962835,0.00104629423763725
2023-05-24,-0.0016669420437111998,-0.0011527284393378736,-0.0018443655029405977,-0.0020836775546389996
2023-05-25,0.011120236836701651,0.0076806155781510765,0.012288984925041723,0.013900296045877064
2023-05-26,0.0050070889055237,0.003310712961277307,0.00529714073804369,0.006258861131904625
2023-05-30,-3.8728547747900015e-05,-2.541368315430839e-05,-4.066189304689342e-05,-4.841068468487502e-05
2023-05-31,-0.00104500476800495,-0.0006857255145506986,-0.0010971608232811176,-0.0013062559600061875
2023-06-01,0.00150324299469105,0.0009858005863465774,0.0015772809381545236,0.0018790537433638124
2023-06-02,0.000237912299138,0.0001565400894063143,0.00025046414305010284,0.0002973903739225
2023-06-05,-0.0022548504242552,-0.0014837266454294355,-0.0023739626326870966,-0.002818563030319
2023-06-06,-0.0042534853839318,-0.002793619103323297,-0.004469790565317274,-0.00531685672991475
2023-06-07,0.0015890016688406,0.0010449393297445103,0.0016719029275912164,0.00198625208605075
2023-06-08,0.0021950063086048,0.0014461597731519691,0.0023138556370431505,0.002743757885756
2023-06-09,0.00100615023970835,0.0006670166271688006,0.001067226603470081,0.0012576877996354377
2023-06-12,0.00106477527487675,0.0007201221000868311,0.0011521953601389297,0.0013309690935959376
2023-06-13,-0.0005,-0.0003533554922603645,-0.0005653687876165832,-0.000625
2023-06-14,0.0,0.0,0.0,0.0
2023-06-15,0.0,0.0,0.0,0.0
2023-06-16,0.0,0.0,0.0,0.0
2023-06-20,0.0,0.0,0.0,0.0
2023-06-21,0.0,0.0,0.0,0.0
2023-06-22,0.0,0.0,0.0,0.0
2023-06-23,0.0,0.0,0.0,0.0
2023-06-26,0.0,0.0,0.0,0.0
2023-06-27,0.0,0.0,0.0,0.0
2023-06-28,0.0,0.0,0.0,0.0
2023-06-29,0.0,0.0,0.0,0.0
2023-06-30,0.0,0.0,0.0,0.0
2023-07-03,0.0,0.0,0.0,0.0
2023-07-05,0.0,0.0,0.0,0.0
2023-07-06,0.0,0.0,0.0,0.0
2023-07-07,0.0001641727261068,0.00011713322309103845,0.00018741315694566153,0.0002052159076335
2023-07-10,0.0,0.0,0.0,0.0
2023-07-11,-0.0004142166530059,-0.000517770816257375,-0.000517770816257375,-0.000517770816257375
2023-07-12,0.000295548366863,0.00036943545857875005,0.00036943545857875005,0.00036943545857875005
2023-07-13,0.00017086557242255,0.0002135819655281875,0.0002135819655281875,0.0002135819655281875
2023-07-14,-0.0005,-0.000625,-0.000625,-0.000625
2023-07-17,0.0,0.0,0.0,0.0
2023-07-18,0.0,0.0,0.0,0.0
2023-07-19,0.0,0.0,0.0,0.0
2023-07-20,0.0,0.0,0.0,0.0
2023-07-21,0.0,0.0,0.0,0.0
2023-07-24,0.0,0.0,0.0,0.0
2023-07-25,0.0,0.0,0.0,0.0
2023-07-26,0.0,0.0,0.0,0.0
2023-07-27,0.0,0.0,0.0,0.0
2023-07-28,-0.00344878574133835,-0.004310982176672937,-0.004310982176672937,-0.004310982176672937
2023-07-31,-0.0059493227584285,-0.007436653448035625,-0.007436653448035625,-0.007436653448035625
2023-08-01,0.00372053183728765,0.004650664796609562,0.004650664796609562,0.004650664796609562
2023-08-02,-0.00037661708673295,-0.0004707713584161875,-0.0004707713584161875,-0.0004707713584161875
2023-08-03,0.0015421840108402,0.0019277300135502502,0.0019277300135502502,0.0019277300135502502
2023-08-04,-0.0005546064085262,-0.00069325801065775,-0.00069325801065775,-0.00069325801065775
2023-08-07,-0.0002108392073133,-0.00026354900914162503,-0.00026354900914162503,-0.00026354900914162503
2023-08-08,0.0002354016194,0.00029425202425,0.00029425202425,0.00029425202425
2023-08-09,0.00011568440621275,0.0001446055077659375,0.0001446055077659375,0.0001446055077659375
2023-08-10,-0.00046586750036175,-0.0005823343754521875,-0.0005823343754521875,-0.0005823343754521875
2023-08-11,-0.00028707325789625,-0.0003588415723703125,-0.0003588415723703125,-0.0003588415723703125
2023-08-14,-1.8927757117745234e-05,-2.3659696397181544e-05,-2.3659696397181544e-05,-2.3659696397181544e-05
2023-08-15,-0.00018212654816305,-0.0002276581852038125,-0.0002276581852038125,-0.0002276581852038125
2023-08-16,-0.00015054224969935,-0.0001881778121241875,-0.0001881778121241875,-0.0001881778121241875
2023-08-17,-0.00028993181288265,-0.00036241476610331255,-0.00036241476610331255,-0.00036241476610331255
2023-08-18,9.93508696227e-05,0.000124188587028375,0.000124188587028375,0.000124188587028375
2023-08-21,-0.0001604130937627,-0.000200516367203375,-0.000200516367203375,-0.000200516367203375
2023-08-22,6.013263791165e-05,7.51657973895625e-05,7.51657973895625e-05,7.51657973895625e-05
2023-08-23,0.000222828057069,0.00027853507133625,0.00027853507133625,0.00027853507133625
2023-08-24,-7.524911331125e-05,-9.406139163906251e-05,-9.406139163906251e-05,-9.406139163906251e-05
2023-08-25,6.008914920045e-05,7.511143650056251e-05,7.511143650056251e-05,7.511143650056251e-05
2023-08-28,-0.0005,-0.000625,-0.000625,-0.000625
2023-08-29,0.0,0.0,0.0,0.0
2023-08-30,0.0,0.0,0.0,0.0
2023-08-31,0.0,0.0,0.0,0.0
2023-09-01,0.0,0.0,0.0,0.0
2023-09-05,0.0,0.0,0.0,0.0
2023-09-06,0.0,0.0,0.0,0.0
2023-09-07,0.0,0.0,0.0,0.0
2023-09-08,0.0,0.0,0.0,0.0
2023-09-11,0.0,0.0,0.0,0.0
2023-09-12,0.0,0.0,0.0,0.0
2023-09-13,0.0,0.0,0.0,0.0
2023-09-14,0.0,0.0,0.0,0.0
2023-09-15,0.0,0.0,0.0,0.0
2023-09-18,0.0,0.0,0.0,0.0
2023-09-19,0.0,0.0,0.0,0.0
2023-09-20,0.0,0.0,0.0,0.0
2023-09-21,-6.903226956625e-05,-8.62903369578125e-05,-8.62903369578125e-05,-8.62903369578125e-05
2023-09-22,0.00017702546447535,0.00022128183059418752,0.00022128183059418752,0.00022128183059418752
2023-09-25,6.24341171994e-05,7.804264649925e-05,7.804264649925e-05,7.804264649925e-05
2023-09-26,6.63514940551e-05,8.2939367568875e-05,8.2939367568875e-05,8.2939367568875e-05
2023-09-27,-8.907256229e-05,-0.0001113407028625,-0.0001113407028625,-0.0001113407028625
2023-09-28,0.00046993145446315,0.0005874143180789375,0.0005874143180789375,0.0005874143180789375
2023-09-29,-0.0005,-0.000625,-0.000625,-0.000625
2023-10-02,-0.001270339251884,-0.0015879240648550002,-0.0015879240648550002,-0.0015879240648550002
2023-10-03,-0.0018627375273316,-0.0023284219091645,-0.0023284219091645,-0.0023284219091645
2023-10-04,0.00026941053320095,0.0003367631665011875,0.0003367631665011875,0.0003367631665011875
2023-10-05,-0.00265446552520845,-0.0033180819065105624,-0.0033180819065105624,-0.0033180819065105624
2023-10-06,0.0,0.0,0.0,0.0
2023-10-09,-0.00118374836036655,-0.0014796854504581876,-0.0014796854504581876,-0.0014796854504581876
2023-10-10,0.00026956660622145,0.0003369582577768125,0.0003369582577768125,0.0003369582577768125
2023-10-11,0.0013093145829435,0.0016366432286793748,0.0016366432286793748,0.0016366432286793748
2023-10-12,-0.000635705104832,-0.0007946313810400001,-0.0007946313810400001,-0.0007946313810400001
2023-10-13,0.0003898618932242,0.00048732736653024996,0.00048732736653024996,0.00048732736653024996
2023-10-16,-0.00064100621280985,-0.0008012577660123125,-0.0008012577660123125,-0.0008012577660123125
2023-10-17,0.00109135472857305,0.0013641934107163126,0.0013641934107163126,0.0013641934107163126
2023-10-18,-0.0016146482643972164,-0.0020183103304965205,-0.0020183103304965205,-0.0020183103304965205
2023-10-19,-0.00133098708170665,-0.0016637338521333124,-0.0016637338521333124,-0.0016637338521333124
2023-10-20,-0.00144564840826675,-0.0018070605103334375,-0.0018070605103334375,-0.0018070605103334375
2023-10-23,-0.00020574326218585,-0.0002571790777323125,-0.0002571790777323125,-0.0002571790777323125
2023-10-24,0.0005878428016212,0.0007348035020264999,0.0007348035020264999,0.0007348035020264999
2023-10-25,-0.0006728287565820001,-0.0008410359457275001,-0.0008410359457275001,-0.0008410359457275001
2023-10-26,-2.9874981594100008e-05,-3.7343726992625006e-05,-3.7343726992625006e-05,-3.7343726992625006e-05
2023-10-27,-0.00040184555607125004,-0.0005023069450890626,-0.0005023069450890626,-0.0005023069450890626
2023-10-30,0.00053313502454775,0.0006664187806846875,0.0006664187806846875,0.0006664187806846875
2023-10-31,4.914474125382105e-05,6.143092656727631e-05,6.143092656727631e-05,6.143092656727631e-05
2023-11-01,-0.00050596520356135,-0.0006324565044516874,-0.0006324565044516874,-0.0006324565044516874
2023-11-02,0.0014415574507446,0.00180194681343075,0.00180194681343075,0.00180194681343075
2023-11-03,-0.00054021013771795,-0.0006752626721474375,-0.0006752626721474375,-0.0006752626721474375
2023-11-06,-0.00051019365793085,-0.0006377420724135625,-0.0006377420724135625,-0.0006377420724135625
2023-11-07,0.00083618276517065,0.0010452284564633125,0.0010452284564633125,0.0010452284564633125
2023-11-08,0.0010847043399204999,0.001355880424900625,0.001355880424900625,0.001355880424900625
2023-11-09,-0.00057160739783105,-0.0007145092472888126,-0.0007145092472888126,-0.0007145092472888126
2023-11-10,0.00044893074474130004,0.000561163430926625,0.000561163430926625,0.000561163430926625
2023-11-13,0.0007042209527215501,0.0008802761909019376,0.0008802761909019376,0.0008802761909019376
2023-11-14,-0.0006671471338381,-0.000833933917297625,-0.000833933917297625,-0.000833933917297625
2023-11-15,0.0003509280610589329,0.00043866007632366614,0.00043866007632366614,0.00043866007632366614
2023-11-16,-0.00127944208640695,-0.0015993026080086874,-0.0015993026080086874,-0.0015993026080086874
2023-11-17,0.00031103597231085,0.00038879496538856247,0.00038879496538856247,0.00038879496538856247
2023-11-20,0.00014229134021495,0.0001778641752686875,0.0001778641752686875,0.0001778641752686875
2023-11-21,-0.0005,-0.000625,-0.000625,-0.000625
2023-11-22,0.0,0.0,0.0,0.0
2023-11-24,0.0,0.0,0.0,0.0
2023-11-27,0.0,0.0,0.0,0.0
2023-11-28,0.0,0.0,0.0,0.0
2023-11-29,0.0,0.0,0.0,0.0
2023-11-30,0.0,0.0,0.0,0.0
2023-12-01,0.0,0.0,0.0,0.0
2023-12-04,0.0,0.0,0.0,0.0
2023-12-05,0.0,0.0,0.0,0.0
2023-12-06,-0.00044532370480465,-0.0005566546310058124,-0.0005566546310058124,-0.0005566546310058124
2023-12-07,-2.6847360715498213e-06,-3.355920089437277e-06,-3.355920089437277e-06,-3.355920089437277e-06
2023-12-08,0.00039109641422675,0.0004888705177834375,0.0004888705177834375,0.0004888705177834375
2023-12-11,8.852923810405e-05,0.0001106615476300625,0.0001106615476300625,0.0001106615476300625
2023-12-12,5.71716601204e-05,7.14645751505e-05,7.14645751505e-05,7.14645751505e-05
2023-12-13,-0.0003646903270667,-0.000455862908833375,-0.000455862908833375,-0.000455862908833375
2023-12-14,-0.00036913940537565,-0.0004614242567195625,-0.0004614242567195625,-0.0004614242567195625
2023-12-15,0.0002631088635878,0.00032888607948474997,0.00032888607948474997,0.00032888607948474997
2023-12-18,-7.804272169665e-05,-9.75534021208125e-05,-9.75534021208125e-05,-9.75534021208125e-05
2023-12-19,-1.134161238219189e-05,-1.4177015477739863e-05,-1.4177015477739863e-05,-1.4177015477739863e-05
2023-12-20,0.0017503438077045,0.002187929759630625,0.002187929759630625,0.002187929759630625
2023-12-21,-0.00114013789746315,-0.0014251723718289376,-0.0014251723718289376,-0.0014251723718289376
2023-12-22,-0.00012174501589155,-0.0001521812698644375,-0.0001521812698644375,-0.0001521812698644375
2023-12-26,-1.4427671974857242e-05,-1.8034589968571552e-05,-1.8034589968571552e-05,-1.8034589968571552e-05
2023-12-27,-0.00019685481265205,-0.0002460685158150625,-0.0002460685158150625,-0.0002460685158150625
2023-12-28,5.03093709847e-05,6.2886713730875e-05,6.2886713730875e-05,6.2886713730875e-05
2023-12-29,-0.0008511998561733,-0.001063999820216625,-0.001063999820216625,-0.001063999820216625
2024-01-02,0.00059743157096235,0.0007467894637029376,0.0007467894637029376,0.0007467894637029376
2024-01-03,-0.0004274184309979,-0.000534273038747375,-0.000534273038747375,-0.000534273038747375
2024-01-04,-0.0005,-0.000625,-0.000625,-0.000625
2024-01-05,0.0,0.0,0.0,0.0
2024-01-08,0.0,0.0,0.0,0.0
2024-01-09,0.0,0.0,0.0,0.0
2024-01-10,0.0,0.0,0.0,0.0
2024-01-11,0.0,0.0,0.0,0.0
2024-01-12,0.0,0.0,0.0,0.0
2024-01-16,-0.00101891958799089,-0.0012616965357241396,-0.0012736494849886126,-0.0012736494849886126
2024-01-17,0.00241641815816574,0.0030205226977071753,0.0030205226977071753,0.0030205226977071753
2024-01-18,-0.0043632907723190105,-0.005454113465398763,-0.005454113465398763,-0.005454113465398763
2024-01-19,-0.006508764896788896,-0.00813595612098612,-0.00813595612098612,-0.00813595612098612
2024-01-22,0.0026803125938060753,0.003350390742257594,0.003350390742257594,0.003350390742257594
2024-01-23,0.0046445614266786995,0.005805701783348374,0.005805701783348374,0.005805701783348374
2024-01-24,0.0011355095111585398,0.0014193868889481747,0.0014193868889481747,0.0014193868889481747
2024-01-25,-0.013459328786312941,-0.016824160982891176,-0.016824160982891176,-0.016824160982891176
2024-01-26,0.007757872810944717,0.008291765172335326,0.009697341013680895,0.009697341013680895
2024-01-29,-0.0002989475515979699,-0.0003033321529260713,-0.0003736844394974624,-0.0003736844394974624
2024-01-30,-0.00189378692785175,-0.0019239432095202432,-0.0023672336598146875,-0.0023672336598146875
2024-01-31,0.015402612328594247,0.015602446488535983,0.01925326541074281,0.01925326541074281
2024-02-01,-0.0013723751080927159,-0.0011953761797374569,-0.0017154688851158948,-0.0017154688851158948
2024-02-02,0.01066542091391277,0.009285203498541558,0.013331776142390964,0.013331776142390964
2024-02-05,-0.0049976138168699,-0.00413065649348376,-0.006247017271087375,-0.006247017271087375
2024-02-06,0.003725907334618051,0.003037087014394045,0.004657384168272563,0.004657384168272563
2024-02-07,0.0032592652323615,0.0026413705063213742,0.004074081540451875,0.004074081540451875
2024-02-08,0.00162338180425894,0.0013110258229641588,0.002029227255323675,0.002029227255323675
2024-02-09,0.00014067461992792977,0.00011446645334654546,0.0001758432749099122,0.0001758432749099122
2024-02-12,-0.0021634157045756796,-0.001764482124305029,-0.0027042696307195994,-0.0027042696307195994
2024-02-13,0.0006960083371006948,0.0005681595425165993,0.0008700104213758685,0.0008700104213758685
2024-02-14,-0.0009495273930293551,-0.0007752662626338365,-0.0011869092412866938,-0.0011869092412866938
2024-02-15,-0.0023994398532106447,-0.0019593148081849176,-0.0029992998165133057,-0.0029992998165133057
2024-02-16,-0.0028257283914060304,-0.0022984298732099248,-0.003532160489257538,-0.003532160489257538
2024-02-20,0.003323041879351755,0.0027704318649970964,0.004153802349189694,0.004153802349189694
2024-02-21,0.00127980903187969,0.001061821332179323,0.0015997612898496125,0.0015997612898496125
2024-02-22,-0.0015367860760140298,-0.0012748588054457349,-0.0019209825950175373,-0.0019209825950175373
2024-02-23,-0.0006022934182179599,-0.0004986615717199777,-0.0007528667727724498,-0.0007528667727724498
2024-02-26,-0.00984398285773176,-0.008146570326960832,-0.0123049785721647,-0.0123049785721647
2024-02-27,0.00263296139842881,0.0020658641146165543,0.0032912017480360126,0.0032912017480360126
2024-02-28,-0.003347620453802695,-0.002619258487397081,-0.004184525567253369,-0.004184525567253369
2024-02-29,0.0016817197891024652,0.00130768432893958,0.0020922949263033276,0.0021021497363780815
2024-03-01,-0.0050604904250872405,-0.003930978272057403,-0.006289565235291844,-0.006325613031359051
2024-03-04,-0.003725365946680292,-0.002856296218435054,-0.004570073949496086,-0.004656707433350365
2024-03-05,-0.006503124282731939,-0.004954066142961896,-0.007926505828739033,-0.008128905353414925
2024-03-06,-0.00848565444178848,-0.0063407101786092475,-0.010145136285774795,-0.010607068052235599
2024-03-07,0.007061911801904036,0.005122103130943702,0.008195365009509924,0.008827389752380045
2024-03-08,0.00542890590726584,0.003861803602671369,0.006178885764274191,0.0067861323840823
2024-03-11,0.01302657472852191,0.009158005593936765,0.014652808950298822,0.01628321841065239
2024-03-12,-0.0012889982069379602,-0.0008707982022216791,-0.0013932771235546865,-0.0016112477586724503
2024-03-13,0.0019029567386567151,0.0012875881621069226,0.0020601410593710763,0.002378695923320894
2024-03-14,0.00154579605186344,0.0010447452929163092,0.0016715924686660948,0.0019322450648293
2024-03-15,0.0009633484259173651,0.0006508790155098861,0.0010414064248158177,0.0012041855323967063
2024-03-18,-0.0015892895903094203,-0.0010740820629170928,-0.0017185313006673486,-0.0019866119878867755
2024-03-19,0.003690398363859015,0.002491368631097396,0.003986189809755833,0.004612997954823769
2024-03-20,0.0019187385435985149,0.0012897507582543995,0.0020636012132070392,0.0023984231794981436
2024-03-21,-0.004220373814878949,-0.002837451541373514,-0.004539922466197622,-0.0052754672685986865
2024-03-22,-0.004814740675710816,-0.0032196261205619543,-0.005151401792899126,-0.00601842584463852
2024-03-25,-0.0012919179070579906,-0.0008585372660051871,-0.0013736596256082995,-0.0016148973838224882
2024-03-26,0.0012804583794392408,0.000850514139350229,0.0013608226229603663,0.001600572974299051
2024-03-27,0.000690513213048445,0.0004587631187311918,0.000734020989969907,0.0008631415163105563
2024-03-28,0.00091461049746525,0.0006076152088215086,0.0009721843341144139,0.0011432631218315625
2024-04-01,-0.008931084347525004,-0.005942512175305174,-0.009508019480488275,-0.011163855434406254
2024-04-02,-0.016481885890388296,-0.010675034099036428,-0.01708005455845828,-0.02060235736298537
2024-04-03,0.00209675709639035,0.0012505152099389612,0.0020008243359023376,0.0025010304198779224
2024-04-04,0.0033757590776882646,0.002025216401565686,0.003240346242505097,0.004050432803131372
2024-04-05,0.00048136945085850997,0.00028771703304789883,0.0004603472528766381,0.0005754340660957977
2024-04-08,-0.00322655662084713,-0.0019287078648301044,-0.003085932583728167,-0.003857415729660209
2024-04-09,0.0,0.0,0.0,0.0
2024-04-10,0.0,0.0,0.0,0.0
2024-04-11,-0.000247946335788165,-0.00030993291973520625,-0.00030993291973520625,-0.00030993291973520625
2024-04-12,-0.0031365937719484895,-0.003920742214935612,-0.003920742214935612,-0.003920742214935612
2024-04-15,0.0057106632034605994,0.0071383290043257495,0.0071383290043257495,0.0071383290043257495
2024-04-16,0.0056615590052026595,0.007076948756503325,0.007076948756503325,0.007076948756503325
2024-04-17,0.0027170713372593348,0.0033963391715741685,0.0033963391715741685,0.0033963391715741685
2024-04-18,-0.0007144450596742551,-0.0008930563245928189,-0.0008930563245928189,-0.0008930563245928189
2024-04-19,-3.388112293480288e-05,-4.23514036685036e-05,-4.23514036685036e-05,-4.23514036685036e-05
2024-04-22,0.000195821566793475,0.00024477695849184377,0.00024477695849184377,0.00024477695849184377
2024-04-23,0.00029281119868343,0.00036601399835428747,0.00036601399835428747,0.00036601399835428747
2024-04-24,-0.00035,-0.0004375,-0.0004375,-0.0004375
2024-04-25,0.0,0.0,0.0,0.0
2024-04-26,0.0,0.0,0.0,0.0
2024-04-29,0.0,0.0,0.0,0.0
2024-04-30,0.00521825452261267,0.006522818153265837,0.006522818153265837,0.006522818153265837
2024-05-01,0.00223753990161793,0.0027969248770224123,0.0027969248770224123,0.0027969248770224123
2024-05-02,-0.00733753866566273,-0.009171923332078412,-0.009171923332078412,-0.009171923332078412
2024-05-03,-0.02005985719357235,-0.025074821491965438,-0.025074821491965438,-0.025074821491965438
2024-05-06,-0.00035,-0.00034655251862486405,-0.0004375,-0.0004375
2024-05-07,0.0,0.0,0.0,0.0
2024-05-08,-0.00097668108208146,-0.000967391205405357,-0.001220851352601825,-0.001220851352601825
2024-05-09,-0.0034389112694064796,-0.003404494875700572,-0.0042986390867581,-0.0042986390867581
2024-05-10,0.00240769891754238,0.0023642626339408436,0.003009623646927975,0.003009623646927975
2024-05-13,-0.006131341825643229,-0.005989476432533853,-0.007664177282054037,-0.007664177282054037
2024-05-14,-0.002131534837112975,-0.002029122982975749,-0.0026644185463912187,-0.0026644185463912187
2024-05-15,-0.004222979348014245,-0.004010596906897751,-0.005278724185017806,-0.005278724185017806
2024-05-16,-0.00022711344349508498,-0.00021341274134059255,-0.0002838918043688562,-0.0002838918043688562
2024-05-17,-5.7184445353104994e-05,-5.3739460272304545e-05,-7.148055669138124e-05,-7.148055669138124e-05
2024-05-20,-0.00214069155504092,-0.002011787400541992,-0.00267586444380115,-0.00267586444380115
2024-05-21,-0.0023884593937861646,-0.002240132154202706,-0.0029855742422327056,-0.0029855742422327056
2024-05-22,0.0026337643309730548,0.002463972575493483,0.0032922054137163185,0.0032922054137163185
2024-05-23,0.007320580124725314,0.006804713414573921,0.009150725155906644,0.009150725155906644
2024-05-24,-0.00575666838123426,-0.005145734083351332,-0.0071958354765428246,-0.0071958354765428246
2024-05-28,-1.7823208362173867e-05,-1.5643022657085185e-05,-2.2279010452717333e-05,-2.2279010452717333e-05
2024-05-29,-0.000553977128458215,-0.00048621717327441505,-0.0006924714105727688,-0.0006924714105727688
2024-05-30,-0.0018782013107469847,-0.0016486045797549011,-0.0023477516384337307,-0.0023477516384337307
2024-05-31,-0.001745418301289985,-0.0015302059744160019,-0.002181772876612481,-0.002181772876612481
2024-06-03,-0.003228596696464615,-0.0028279183432231778,-0.004035745870580768,-0.004035745870580768
2024-06-04,-0.0005562617986544849,-0.00048506310968986276,-0.0006953272483181062,-0.0006953272483181062
2024-06-05,-0.00035,-0.0003073827926999966,-0.0004375,-0.0004375
2024-06-06,0.0,0.0,0.0,0.0
2024-06-07,0.0,0.0,0.0,0.0
2024-06-10,0.0,0.0,0.0,0.0
2024-06-11,0.0,0.0,0.0,0.0
2024-06-12,-0.00996270423187228,-0.008937426681480244,-0.01245338028984035,-0.01245338028984035
2024-06-13,-0.000925974961950395,-0.0007897250932564111,-0.0011574687024379937,-0.0011574687024379937
2024-06-14,0.00023968861020279,0.00020453104484871343,0.0002996107627534875,0.0002996107627534875
2024-06-17,0.00019068149077785501,0.00016303126438554647,0.00023835186347231877,0.00023835186347231877
2024-06-18,-0.0001842567057436,-0.00015787935373571846,-0.0002303208821795,-0.0002303208821795
2024-06-20,-2.578443316035655e-05,-2.2236639275064778e-05,-3.2230541450445685e-05,-3.2230541450445685e-05
2024-06-21,-5.3026093064665e-05,-4.57208638174373e-05,-6.628261633083125e-05,-6.628261633083125e-05
2024-06-24,0.000193921539449505,0.0001672127532453435,0.00024240192431188126,0.00024240192431188126
2024-06-25,-4.021426853899e-05,-3.466916918608576e-05,-5.0267835673737497e-05,-5.0267835673737497e-05
2024-06-26,5.3361034109284996e-05,4.600464107273105e-05,6.670129263660624e-05,6.670129263660624e-05
2024-06-27,-0.00035,-0.00030173479420925203,-0.0004375,-0.0004375
2024-06-28,0.0,0.0,0.0,0.0
2024-07-01,0.0,0.0,0.0,0.0
2024-07-02,0.0,0.0,0.0,0.0
2024-07-03,0.0,0.0,0.0,0.0
2024-07-05,-0.0008528148505325399,-0.0007353729781627456,-0.0010660185631656749,-0.0010660185631656749
2024-07-08,-0.014112384838375066,-0.01217249754667484,-0.017640481047968833,-0.017640481047968833
2024-07-09,-0.0004286897552059,-0.0003362694326405557,-0.000535862194007375,-0.000535862194007375
2024-07-10,0.0,0.0,0.0,0.0
2024-07-11,0.0,0.0,0.0,0.0
2024-07-12,-0.0007034089127482,-0.0007705008849623875,-0.00087926114093525,-0.00087926114093525
2024-07-15,-0.0003752950774779,-0.00041079340686761616,-0.000469118846847375,-0.000469118846847375
2024-07-16,0.00025500565915335,0.0002884165562044455,0.0003187570739416875,0.0003187570739416875
2024-07-17,-0.00028018206557075,-0.00031765311501764785,-0.00035022758196343756,-0.00035022758196343756
2024-07-18,2.072965705606878e-05,2.41149525113043e-05,2.5912071320085978e-05,2.5912071320085978e-05
2024-07-19,0.00037425869855025,0.00043595213555117665,0.0004678233731878125,0.0004678233731878125
2024-07-22,-3.8758064047595736e-05,-4.5659214622080095e-05,-4.844758005949467e-05,-4.844758005949467e-05
2024-07-23,-0.0004586853063216,-0.00054086810421939,-0.000573356632902,-0.000573356632902
2024-07-24,-0.00062746128357095,-0.0007390885820802529,-0.0007843266044636874,-0.0007843266044636874
2024-07-25,0.00027708107381845,0.0003258768720061983,0.0003463513422730625,0.0003463513422730625
2024-07-26,-0.00070392309404735,-0.0008282089557681251,-0.0008799038675591875,-0.0008799038675591875
2024-07-29,9.97647614526e-05,0.00011728992180671086,0.00012470595181575002,0.00012470595181575002
2024-07-30,-0.0002567558912772,-0.00030182189911167424,-0.0003209448640965,-0.0003209448640965
2024-07-31,-0.00132645393286115,-0.001558301472049734,-0.0016580674160764377,-0.0016580674160764377
2024-08-01,-0.00041505344002515,-0.0004900528276029459,-0.0005188168000314375,-0.0005188168000314375
2024-08-02,-0.00152248827478495,-0.0018405133041031747,-0.0019031103434811875,-0.0019031103434811875
2024-08-05,0.0003305096691756,0.0003977605865678495,0.0004131370864695,0.0004131370864695
2024-08-06,0.0002782802948281,0.00033490854020772423,0.00034785036853512497,0.00034785036853512497
2024-08-07,0.00409349570245805,0.005079554249911599,0.005116869628072562,0.005116869628072562
2024-08-08,-0.00021948172426440002,-0.0002680421023217632,-0.00027435215533050004,-0.00027435215533050004
2024-08-09,-0.0001698765517644,-0.00020744302694931726,-0.0002123456897055,-0.0002123456897055
2024-08-12,-0.00053895257190645,-0.0006578735808158713,-0.0006736907148830625,-0.0006736907148830625
2024-08-13,-0.0007013536064724,-0.0008558169335729595,-0.0008766920080905,-0.0008766920080905
2024-08-14,0.000346854215722,0.0004226920406727978,0.0004335677696525,0.0004335677696525
2024-08-15,0.00121744884206485,0.001483666105184978,0.0015218110525810624,0.0015218110525810624
2024-08-16,-0.00025190586574315,-0.0003068009623054096,-0.0003148823321789375,-0.0003148823321789375
2024-08-19,0.00012498186661095,0.00015230567862087538,0.0001562273332636875,0.0001562273332636875
2024-08-20,-0.0004080851529383,-0.0004974509748462553,-0.000510106441172875,-0.000510106441172875
2024-08-21,-0.0006703318253522,-0.0008167584211074093,-0.00083791478169025,-0.00083791478169025
2024-08-22,-0.0005,-0.0006084252313155146,-0.000625,-0.000625
2024-08-23,0.0,0.0,0.0,0.0
2024-08-26,0.0,0.0,0.0,0.0
2024-08-27,0.0,0.0,0.0,0.0
2024-08-28,0.0,0.0,0.0,0.0
2024-08-29,0.0,0.0,0.0,0.0
2024-08-30,0.0,0.0,0.0,0.0
2024-09-03,0.0,0.0,0.0,0.0
2024-09-04,-0.0026701599073519,-0.003273503894008798,-0.003337699884189875,-0.003337699884189875
2024-09-05,0.0022418011579253,0.0027194054773609436,0.0028022514474066247,0.0028022514474066247
2024-09-06,-0.0005,-0.0006040006254728343,-0.000625,-0.000625
2024-09-09,0.0,0.0,0.0,0.0
2024-09-10,0.0,0.0,0.0,0.0
2024-09-11,-0.00177535649968255,-0.002143152190150271,-0.0022191956246031875,-0.0022191956246031875
2024-09-12,-0.00186432991887985,-0.0023304123985998125,-0.0023304123985998125,-0.0023304123985998125
2024-09-13,-0.002145070035787,-0.00268133754473375,-0.00268133754473375,-0.00268133754473375
2024-09-16,-0.008328093494393,-0.01041011686799125,-0.01041011686799125,-0.01041011686799125
2024-09-17,-0.0012564281312923,-0.001570535164115375,-0.001570535164115375,-0.001570535164115375
2024-09-18,0.0072922209247141,0.009115276155892625,0.009115276155892625,0.009115276155892625
2024-09-19,0.00676762685258275,0.008459533565728438,0.008459533565728438,0.008459533565728438
2024-09-20,0.0008213844504091,0.001026730563011375,0.001026730563011375,0.001026730563011375
2024-09-23,-0.00131062463379825,-0.0016382807922478125,-0.0016382807922478125,-0.0016382807922478125
2024-09-24,-0.0005,-0.000625,-0.000625,-0.000625
2024-09-25,0.0,0.0,0.0,0.0
2024-09-26,0.0,0.0,0.0,0.0
2024-09-27,0.0,0.0,0.0,0.0
2024-09-30,0.0,0.0,0.0,0.0
2024-10-01,0.0,0.0,0.0,0.0
2024-10-02,0.0,0.0,0.0,0.0
2024-10-03,0.0,0.0,0.0,0.0
2024-10-04,0.0,0.0,0.0,0.0
2024-10-07,0.0,0.0,0.0,0.0
2024-10-08,0.0,0.0,0.0,0.0
2024-10-09,-0.0005243626252778501,-0.0004868102476273195,-0.0006554532815973126,-0.0006554532815973126
2024-10-10,0.0009240898655886752,0.0008576712391988879,0.001155112331985844,0.001155112331985844
2024-10-11,-0.001423527768215173,-0.001329028494257121,-0.0017794097102689663,-0.0017794097102689663
2024-10-14,-0.0017067931129423207,-0.001588425160920984,-0.0021334913911779008,-0.0021334913911779008
2024-10-15,0.0038717874484385604,0.003605022883639349,0.0048397343105482,0.0048397343105482
2024-10-16,-0.00233515375433147,-0.002160761919460307,-0.0029189421929143376,-0.0029189421929143376
2024-10-17,0.0007891553678256,0.0007356912653442838,0.0009864442097819999,0.0009864442097819999
2024-10-18,0.002039431684646145,0.0019014347823299138,0.002549289605807681,0.002549289605807681
2024-10-21,0.0017620425672078902,0.00164053001581418,0.0022025532090098627,0.0022025532090098627
2024-10-22,0.00897089874808743,0.008363043015770415,0.011213623435109288,0.011213623435109288
2024-10-23,0.0012011841563608046,0.0010737606332703689,0.0015014801954510058,0.0015014801954510058
2024-10-24,0.00020404179730574505,0.00018385025942815552,0.00025505224663218134,0.00025505224663218134
2024-10-25,0.00109930904642083,0.0009950319952811738,0.0013741363080260376,0.0013741363080260376
2024-10-28,-0.0017113024596388349,-0.0015531382475494201,-0.0021391280745485437,-0.0021391280745485437
2024-10-29,-0.00039153817178003505,-0.0003539701213961736,-0.0004894227147250438,-0.0004894227147250438
2024-10-30,0.002097126243986515,0.0019245907459527177,0.0026214078049831436,0.0026214078049831436
2024-10-31,-0.01086225082428787,-0.010236339955974531,-0.013577813530359837,-0.013577813530359837
2024-11-01,0.002499700445180855,0.0021749272647074874,0.0031246255564760686,0.0031246255564760686
2024-11-04,6.247497954340999e-05,5.505451866203004e-05,7.80937244292625e-05,7.80937244292625e-05
2024-11-05,-0.00040651834041465493,-0.0003589427080219174,-0.0005081479255183187,-0.0005081479255183187
2024-11-06,0.0052579358447759844,0.004777186550451807,0.00657241980596998,0.00657241980596998
2024-11-07,-0.000554756466620965,-0.0004985178270969705,-0.0006934455832762062,-0.0006934455832762062
2024-11-08,-0.001243369348786845,-0.0011161009991065714,-0.0015542116859835562,-0.0015542116859835562
2024-11-11,-0.00152319527915471,-0.0013672347761012793,-0.0019039940989433873,-0.0019039940989433873
2024-11-12,0.0026422681214113798,0.0023706173214270735,0.003302835151764225,0.003302835151764225
2024-11-13,0.00212276438997294,0.0019246714963660227,0.002653455487466175,0.002653455487466175
2024-11-14,0.00148810238651025,0.0015984613458397009,0.0018601279831378125,0.0018601279831378125
2024-11-15,-0.0026118113012713047,-0.002810990712230589,-0.003264764126589131,-0.003264764126589131
2024-11-18,0.00038753009052149,0.00041653009183553296,0.00048441261315186254,0.00048441261315186254
2024-11-19,-0.00035,-0.0003806379066208206,-0.0004375,-0.0004375
2024-11-20,0.0,0.0,0.0,0.0
2024-11-21,0.0,0.0,0.0,0.0
2024-11-22,0.0,0.0,0.0,0.0
2024-11-25,0.0,0.0,0.0,0.0
2024-11-26,0.0,0.0,0.0,0.0
2024-11-27,0.0,0.0,0.0,0.0
2024-11-29,0.0,0.0,0.0,0.0
2024-12-02,0.0,0.0,0.0,0.0
2024-12-03,0.0,0.0,0.0,0.0
2024-12-04,0.0,0.0,0.0,0.0
2024-12-05,0.0,0.0,0.0,0.0
2024-12-06,0.001688232926328585,0.0020135060982543387,0.002110291157910731,0.002110291157910731
2024-12-09,-0.003072296544077495,-0.0036690373461879594,-0.0038403706800968686,-0.0038403706800968686
2024-12-10,0.0024622459865092598,0.003028906869997557,0.0030778074831365747,0.0030778074831365747
2024-12-11,-0.00168985839516473,-0.0021123229939559126,-0.0021123229939559126,-0.0021123229939559126
2024-12-12,-0.0005177969282317649,-0.0006472461602897062,-0.0006472461602897062,-0.0006472461602897062
2024-12-13,-0.0010403128451501099,-0.0013003910564376372,-0.0013003910564376372,-0.0013003910564376372
2024-12-16,-0.00229904627818117,-0.0028738078477264623,-0.0028738078477264623,-0.0028738078477264623
2024-12-17,-0.0026928359920352094,-0.0033660449900440115,-0.0033660449900440115,-0.0033660449900440115
2024-12-18,0.005804601942353234,0.007255752427941542,0.007255752427941542,0.007255752427941542
2024-12-19,0.0008691364462179348,0.0010504804561483482,0.0010864205577724186,0.0010864205577724186
2024-12-20,-0.0003920778941982697,-0.0004734359586855249,-0.0004900973677478371,-0.0004900973677478371
2024-12-23,0.00303126955915315,0.003659710530666005,0.0037890869489414377,0.0037890869489414377
2024-12-24,-0.0009093525469260748,-0.001086247476410098,-0.0011366906836575935,-0.0011366906836575935
2024-12-26,-8.1816348953815e-05,-9.798808835460648e-05,-0.00010227043619226876,-0.00010227043619226876
2024-12-27,0.0036182878923133946,0.004388605728577749,0.004522859865391743,0.004522859865391743
2024-12-30,0.001738077937878975,0.0020806150736873835,0.0021725974223487186,0.0021725974223487186
2024-12-31,0.00089941240459511,0.0010735210825267574,0.0011242655057438875,0.0011242655057438875
